<?xml version="1.0" encoding="utf-8"?>
<Dataset xsi:schemaLocation="http://fgd.gsi.go.jp/spec/2008/FGD_GMLSchema FGD_GMLSchema.xsd"
	xmlns:gml="http://www.opengis.net/gml/3.2"
	xmlns:xsi="http://www.w3.org/2001/XMLSchema-instance"
	xmlns:xlink="http://www.w3.org/1999/xlink"
	xmlns="http://fgd.gsi.go.jp/spec/2008/FGD_GMLSchema"
	gml:id="Dataset1">
  <gml:description>基盤地図情報メタデータ ID=fmdid:21-0701</gml:description>
  <gml:name>基盤地図情報ダウンロードデータ（GML版）</gml:name>
<GCP gml:id="K1_483155_1">
<fid>10-00100-0-2105-131037</fid>
<lfSpanFr gml:id="K1_483155_1-1">
<gml:timePosition>2021-05-19</gml:timePosition>
</lfSpanFr>
<devDate gml:id="K1_483155_1-2">
<gml:timePosition>2021-06-03</gml:timePosition>
</devDate>
<orgGILvl>KJ10</orgGILvl>
<vis>表示</vis>
<pos>
<gml:Point gml:id="K1_483155_1-g" srsName="fguuid:jgd2011.bl">
<gml:pos>32.428623361 131.669599500</gml:pos>
</gml:Point>
</pos>
<orgName>国土地理院</orgName>
<type>電子基準点</type>
<gcpClass>電子基準点</gcpClass>
<gcpCode>EL04831551301</gcpCode>
<name>Ｐ細島</name>
<B>116743.0441</B>
<L>474010.5582</L>
<alti>7.06</alti>
<altiAcc>2</altiAcc>
</GCP>
<GCP gml:id="K1_483155_2">
<fid>10-00100-0-2105-131038</fid>
<lfSpanFr gml:id="K1_483155_2-1">
<gml:timePosition>2021-05-19</gml:timePosition>
</lfSpanFr>
<devDate gml:id="K1_483155_2-2">
<gml:timePosition>2021-06-03</gml:timePosition>
</devDate>
<orgGILvl>KJ10</orgGILvl>
<vis>表示</vis>
<pos>
<gml:Point gml:id="K1_483155_2-g" srsName="fguuid:jgd2011.bl">
<gml:pos>32.445446278 131.632323278</gml:pos>
</gml:Point>
</pos>
<orgName>国土地理院</orgName>
<type>電子基準点</type>
<gcpClass>電子基準点</gcpClass>
<gcpCode>EL04831553003</gcpCode>
<name>日向</name>
<B>116803.6066</B>
<L>473876.3638</L>
<alti>40.638</alti>
<altiAcc>3</altiAcc>
</GCP>
<GCP gml:id="K1_483155_3">
<fid>10-00100-0-2105-132351</fid>
<lfSpanFr gml:id="K1_483155_3-1">
<gml:timePosition>2021-05-19</gml:timePosition>
</lfSpanFr>
<devDate gml:id="K1_483155_3-2">
<gml:timePosition>2021-06-03</gml:timePosition>
</devDate>
<orgGILvl>KJ10</orgGILvl>
<vis>表示</vis>
<pos>
<gml:Point gml:id="K1_483155_3-g" srsName="fguuid:jgd2011.bl">
<gml:pos>32.445451611 131.632325083</gml:pos>
</gml:Point>
</pos>
<orgName>国土地理院</orgName>
<type>電子基準点</type>
<gcpClass>電子基準点</gcpClass>
<gcpCode>EL14831553002</gcpCode>
<name>日向（付）</name>
<B>116803.6258</B>
<L>473876.3703</L>
<alti>35.626</alti>
<altiAcc>3</altiAcc>
</GCP>
<GCP gml:id="K1_483155_4">
<fid>10-00100-0-2105-133548</fid>
<lfSpanFr gml:id="K1_483155_4-1">
<gml:timePosition>2021-05-19</gml:timePosition>
</lfSpanFr>
<devDate gml:id="K1_483155_4-2">
<gml:timePosition>2021-06-03</gml:timePosition>
</devDate>
<orgGILvl>SJ10</orgGILvl>
<vis>表示</vis>
<pos>
<gml:Point gml:id="K1_483155_4-g" srsName="fguuid:jgd2011.bl">
<gml:pos>32.426245444 131.667256139</gml:pos>
</gml:Point>
</pos>
<orgName>国土地理院</orgName>
<type>水準点</type>
<gcpClass>基準水準点</gcpClass>
<gcpCode>L000000000037</gcpCode>
<name>基３７</name>
<B>116734.4836</B>
<L>474002.1221</L>
<alti>4.8259</alti>
<altiAcc>4</altiAcc>
</GCP>
<GCP gml:id="K1_483155_5">
<fid>10-00100-0-2105-136190</fid>
<lfSpanFr gml:id="K1_483155_5-1">
<gml:timePosition>2021-05-19</gml:timePosition>
</lfSpanFr>
<devDate gml:id="K1_483155_5-2">
<gml:timePosition>2021-06-03</gml:timePosition>
</devDate>
<orgGILvl>SJ11</orgGILvl>
<vis>表示</vis>
<pos>
<gml:Point gml:id="K1_483155_5-g" srsName="fguuid:jgd2011.bl">
<gml:pos>32.493526417 131.662618694</gml:pos>
</gml:Point>
</pos>
<orgName>国土地理院</orgName>
<type>水準点</type>
<gcpClass>一等水準点</gcpClass>
<gcpCode>L010000002713</gcpCode>
<name>２７１３</name>
<B>116976.6951</B>
<L>473985.4273</L>
<alti>2.2359</alti>
<altiAcc>4</altiAcc>
</GCP>
<GCP gml:id="K1_483155_6">
<fid>10-00100-0-2105-136191</fid>
<lfSpanFr gml:id="K1_483155_6-1">
<gml:timePosition>2021-05-19</gml:timePosition>
</lfSpanFr>
<devDate gml:id="K1_483155_6-2">
<gml:timePosition>2021-06-03</gml:timePosition>
</devDate>
<orgGILvl>SJ11</orgGILvl>
<vis>表示</vis>
<pos>
<gml:Point gml:id="K1_483155_6-g" srsName="fguuid:jgd2011.bl">
<gml:pos>32.477654306 131.652959111</gml:pos>
</gml:Point>
</pos>
<orgName>国土地理院</orgName>
<type>水準点</type>
<gcpClass>一等水準点</gcpClass>
<gcpCode>L010000002714</gcpCode>
<name>２７１４</name>
<B>116919.5555</B>
<L>473950.6528</L>
<alti>3.6271</alti>
<altiAcc>4</altiAcc>
</GCP>
<GCP gml:id="K1_483155_7">
<fid>10-00100-0-2105-136192</fid>
<lfSpanFr gml:id="K1_483155_7-1">
<gml:timePosition>2021-05-19</gml:timePosition>
</lfSpanFr>
<devDate gml:id="K1_483155_7-2">
<gml:timePosition>2021-06-03</gml:timePosition>
</devDate>
<orgGILvl>SJ11</orgGILvl>
<vis>表示</vis>
<pos>
<gml:Point gml:id="K1_483155_7-g" srsName="fguuid:jgd2011.bl">
<gml:pos>32.462766667 131.645715306</gml:pos>
</gml:Point>
</pos>
<orgName>国土地理院</orgName>
<type>水準点</type>
<gcpClass>一等水準点</gcpClass>
<gcpCode>L010000002715</gcpCode>
<name>２７１５</name>
<B>116865.96</B>
<L>473924.5751</L>
<alti>7.1334</alti>
<altiAcc>4</altiAcc>
</GCP>
<GCP gml:id="K1_483155_8">
<fid>10-00100-0-2105-136193</fid>
<lfSpanFr gml:id="K1_483155_8-1">
<gml:timePosition>2021-05-19</gml:timePosition>
</lfSpanFr>
<devDate gml:id="K1_483155_8-2">
<gml:timePosition>2021-06-03</gml:timePosition>
</devDate>
<orgGILvl>SJ11</orgGILvl>
<vis>表示</vis>
<pos>
<gml:Point gml:id="K1_483155_8-g" srsName="fguuid:jgd2011.bl">
<gml:pos>32.446067000 131.631991306</gml:pos>
</gml:Point>
</pos>
<orgName>国土地理院</orgName>
<type>水準点</type>
<gcpClass>一等水準点</gcpClass>
<gcpCode>L010000002716</gcpCode>
<name>２７１６</name>
<B>116805.8412</B>
<L>473875.1687</L>
<alti>4.1738</alti>
<altiAcc>4</altiAcc>
</GCP>
<GCP gml:id="K1_483155_9">
<fid>10-00100-0-2105-136194</fid>
<lfSpanFr gml:id="K1_483155_9-1">
<gml:timePosition>2021-05-19</gml:timePosition>
</lfSpanFr>
<devDate gml:id="K1_483155_9-2">
<gml:timePosition>2021-06-03</gml:timePosition>
</devDate>
<orgGILvl>SJ11</orgGILvl>
<vis>表示</vis>
<pos>
<gml:Point gml:id="K1_483155_9-g" srsName="fguuid:jgd2011.bl">
<gml:pos>32.431937833 131.627227583</gml:pos>
</gml:Point>
</pos>
<orgName>国土地理院</orgName>
<type>水準点</type>
<gcpClass>一等水準点</gcpClass>
<gcpCode>L010000002717</gcpCode>
<name>２７１７</name>
<B>116754.9762</B>
<L>473858.0193</L>
<alti>7.5407</alti>
<altiAcc>4</altiAcc>
</GCP>
<GCP gml:id="K1_483155_10">
<fid>10-00100-0-2105-148193</fid>
<lfSpanFr gml:id="K1_483155_10-1">
<gml:timePosition>2021-05-19</gml:timePosition>
</lfSpanFr>
<devDate gml:id="K1_483155_10-2">
<gml:timePosition>2021-06-03</gml:timePosition>
</devDate>
<orgGILvl>SJ11</orgGILvl>
<vis>表示</vis>
<pos>
<gml:Point gml:id="K1_483155_10-g" srsName="fguuid:jgd2011.bl">
<gml:pos>32.489881028 131.664113361</gml:pos>
</gml:Point>
</pos>
<orgName>国土地理院</orgName>
<type>水準点</type>
<gcpClass>一等水準点</gcpClass>
<gcpCode>L04000010-260</gcpCode>
<name>０１０－２６０</name>
<B>116963.5717</B>
<L>473990.8081</L>
<alti>2.6469</alti>
<altiAcc>4</altiAcc>
</GCP>
<GCP gml:id="K1_483155_11">
<fid>10-00100-0-2105-148194</fid>
<lfSpanFr gml:id="K1_483155_11-1">
<gml:timePosition>2021-05-19</gml:timePosition>
</lfSpanFr>
<devDate gml:id="K1_483155_11-2">
<gml:timePosition>2021-06-03</gml:timePosition>
</devDate>
<orgGILvl>SJ11</orgGILvl>
<vis>表示</vis>
<pos>
<gml:Point gml:id="K1_483155_11-g" srsName="fguuid:jgd2011.bl">
<gml:pos>32.429585694 131.630266444</gml:pos>
</gml:Point>
</pos>
<orgName>国土地理院</orgName>
<type>水準点</type>
<gcpClass>一等水準点</gcpClass>
<gcpCode>L04000010-268</gcpCode>
<name>０１０－２６８</name>
<B>116746.5085</B>
<L>473868.9592</L>
<alti>6.7351</alti>
<altiAcc>4</altiAcc>
</GCP>
<GCP gml:id="K1_483155_12">
<fid>10-00100-0-2105-149948</fid>
<lfSpanFr gml:id="K1_483155_12-1">
<gml:timePosition>2021-05-19</gml:timePosition>
</lfSpanFr>
<devDate gml:id="K1_483155_12-2">
<gml:timePosition>2021-06-03</gml:timePosition>
</devDate>
<orgGILvl>SJ11</orgGILvl>
<vis>表示</vis>
<pos>
<gml:Point gml:id="K1_483155_12-g" srsName="fguuid:jgd2011.bl">
<gml:pos>32.428610750 131.669897778</gml:pos>
</gml:Point>
</pos>
<orgName>国土地理院</orgName>
<type>水準点</type>
<gcpClass>一等水準点</gcpClass>
<gcpCode>L08000315-004</gcpCode>
<name>附４</name>
<B>116742.9987</B>
<L>474011.632</L>
<alti>4.6167</alti>
<altiAcc>4</altiAcc>
</GCP>
<GCP gml:id="K1_483155_13">
<fid>10-00100-0-2105-149949</fid>
<lfSpanFr gml:id="K1_483155_13-1">
<gml:timePosition>2021-05-19</gml:timePosition>
</lfSpanFr>
<devDate gml:id="K1_483155_13-2">
<gml:timePosition>2021-06-03</gml:timePosition>
</devDate>
<orgGILvl>SJ11</orgGILvl>
<vis>表示</vis>
<pos>
<gml:Point gml:id="K1_483155_13-g" srsName="fguuid:jgd2011.bl">
<gml:pos>32.425455028 131.655282639</gml:pos>
</gml:Point>
</pos>
<orgName>国土地理院</orgName>
<type>水準点</type>
<gcpClass>一等水準点</gcpClass>
<gcpCode>L080315-004-1</gcpCode>
<name>附４－１</name>
<B>116731.6381</B>
<L>473959.0175</L>
<alti>2.5645</alti>
<altiAcc>4</altiAcc>
</GCP>
<GCP gml:id="K1_483155_14">
<fid>10-00100-0-2105-149950</fid>
<lfSpanFr gml:id="K1_483155_14-1">
<gml:timePosition>2021-05-19</gml:timePosition>
</lfSpanFr>
<devDate gml:id="K1_483155_14-2">
<gml:timePosition>2021-06-03</gml:timePosition>
</devDate>
<orgGILvl>SJ11</orgGILvl>
<vis>表示</vis>
<pos>
<gml:Point gml:id="K1_483155_14-g" srsName="fguuid:jgd2011.bl">
<gml:pos>32.420401278 131.639841694</gml:pos>
</gml:Point>
</pos>
<orgName>国土地理院</orgName>
<type>水準点</type>
<gcpClass>一等水準点</gcpClass>
<gcpCode>L080315-004-2</gcpCode>
<name>附４－２</name>
<B>116713.4446</B>
<L>473903.4301</L>
<alti>3.4288</alti>
<altiAcc>4</altiAcc>
</GCP>
<GCP gml:id="K1_483155_15">
<fid>10-00100-0-2105-150339</fid>
<lfSpanFr gml:id="K1_483155_15-1">
<gml:timePosition>2021-05-19</gml:timePosition>
</lfSpanFr>
<devDate gml:id="K1_483155_15-2">
<gml:timePosition>2021-06-03</gml:timePosition>
</devDate>
<orgGILvl>SJ12</orgGILvl>
<vis>表示</vis>
<pos>
<gml:Point gml:id="K1_483155_15-g" srsName="fguuid:jgd2011.bl">
<gml:pos>32.445451611 131.632325083</gml:pos>
</gml:Point>
</pos>
<orgName>国土地理院</orgName>
<type>水準点</type>
<gcpClass>二等水準点</gcpClass>
<gcpCode>L0E000940094A</gcpCode>
<name>９４００９４Ａ</name>
<B>116803.6258</B>
<L>473876.3703</L>
<alti>35.626</alti>
<altiAcc>3</altiAcc>
</GCP>
<GCP gml:id="K1_483155_16">
<fid>10-00100-0-2105-151415</fid>
<lfSpanFr gml:id="K1_483155_16-1">
<gml:timePosition>2021-05-19</gml:timePosition>
</lfSpanFr>
<devDate gml:id="K1_483155_16-2">
<gml:timePosition>2021-06-03</gml:timePosition>
</devDate>
<orgGILvl>KJ11</orgGILvl>
<vis>表示</vis>
<pos>
<gml:Point gml:id="K1_483155_16-g" srsName="fguuid:jgd2011.bl">
<gml:pos>32.420101750 131.663942556</gml:pos>
</gml:Point>
</pos>
<orgName>国土地理院</orgName>
<type>三角点</type>
<gcpClass>一等三角点</gcpClass>
<gcpCode>TR14831550301</gcpCode>
<name>米山</name>
<B>116712.3663</B>
<L>473990.1932</L>
<alti>191.59</alti>
<altiAcc>2</altiAcc>
</GCP>
<GCP gml:id="K1_483155_17">
<fid>10-00100-0-2105-152562</fid>
<lfSpanFr gml:id="K1_483155_17-1">
<gml:timePosition>2021-05-19</gml:timePosition>
</lfSpanFr>
<devDate gml:id="K1_483155_17-2">
<gml:timePosition>2021-06-03</gml:timePosition>
</devDate>
<orgGILvl>KJ12</orgGILvl>
<vis>表示</vis>
<pos>
<gml:Point gml:id="K1_483155_17-g" srsName="fguuid:jgd2011.bl">
<gml:pos>32.489138444 131.706885139</gml:pos>
</gml:Point>
</pos>
<orgName>国土地理院</orgName>
<type>三角点</type>
<gcpClass>二等三角点</gcpClass>
<gcpCode>TR24831558601</gcpCode>
<name>遠見山</name>
<B>116960.8984</B>
<L>474144.7865</L>
<alti>307.92</alti>
<altiAcc>2</altiAcc>
</GCP>
<GCP gml:id="K1_483155_18">
<fid>10-00100-0-2105-158978</fid>
<lfSpanFr gml:id="K1_483155_18-1">
<gml:timePosition>2021-05-19</gml:timePosition>
</lfSpanFr>
<devDate gml:id="K1_483155_18-2">
<gml:timePosition>2021-06-03</gml:timePosition>
</devDate>
<orgGILvl>KJ13</orgGILvl>
<vis>表示</vis>
<pos>
<gml:Point gml:id="K1_483155_18-g" srsName="fguuid:jgd2011.bl">
<gml:pos>32.439175083 131.677417556</gml:pos>
</gml:Point>
</pos>
<orgName>国土地理院</orgName>
<type>三角点</type>
<gcpClass>三等三角点</gcpClass>
<gcpCode>TR34831552401</gcpCode>
<name>畑浦山</name>
<B>116781.0303</B>
<L>474038.7032</L>
<alti>97.43</alti>
<altiAcc>2</altiAcc>
</GCP>
<GCP gml:id="K1_483155_19">
<fid>10-00100-0-2105-158979</fid>
<lfSpanFr gml:id="K1_483155_19-1">
<gml:timePosition>2021-05-19</gml:timePosition>
</lfSpanFr>
<devDate gml:id="K1_483155_19-2">
<gml:timePosition>2021-06-03</gml:timePosition>
</devDate>
<orgGILvl>KJ13</orgGILvl>
<vis>表示</vis>
<pos>
<gml:Point gml:id="K1_483155_19-g" srsName="fguuid:jgd2011.bl">
<gml:pos>32.451982778 131.649058333</gml:pos>
</gml:Point>
</pos>
<orgName>国土地理院</orgName>
<type>三角点</type>
<gcpClass>三等三角点</gcpClass>
<gcpCode>TR34831554101</gcpCode>
<name>源氏山</name>
<B>116827.138</B>
<L>473936.61</L>
<alti>120.46</alti>
<altiAcc>2</altiAcc>
</GCP>
<GCP gml:id="K1_483155_20">
<fid>10-00100-0-2105-158980</fid>
<lfSpanFr gml:id="K1_483155_20-1">
<gml:timePosition>2021-05-19</gml:timePosition>
</lfSpanFr>
<devDate gml:id="K1_483155_20-2">
<gml:timePosition>2021-06-03</gml:timePosition>
</devDate>
<orgGILvl>KJ13</orgGILvl>
<vis>表示</vis>
<pos>
<gml:Point gml:id="K1_483155_20-g" srsName="fguuid:jgd2011.bl">
<gml:pos>32.465254667 131.668461389</gml:pos>
</gml:Point>
</pos>
<orgName>国土地理院</orgName>
<type>三角点</type>
<gcpClass>三等三角点</gcpClass>
<gcpCode>TR34831555301</gcpCode>
<name>乙島</name>
<B>116874.9168</B>
<L>474006.461</L>
<alti>79.33</alti>
<altiAcc>2</altiAcc>
</GCP>
<GCP gml:id="K1_483155_21">
<fid>10-00100-0-2105-158981</fid>
<lfSpanFr gml:id="K1_483155_21-1">
<gml:timePosition>2021-05-19</gml:timePosition>
</lfSpanFr>
<devDate gml:id="K1_483155_21-2">
<gml:timePosition>2021-06-03</gml:timePosition>
</devDate>
<orgGILvl>KJ13</orgGILvl>
<vis>表示</vis>
<pos>
<gml:Point gml:id="K1_483155_21-g" srsName="fguuid:jgd2011.bl">
<gml:pos>32.465311306 131.730834889</gml:pos>
</gml:Point>
</pos>
<orgName>国土地理院</orgName>
<type>三角点</type>
<gcpClass>三等三角点</gcpClass>
<gcpCode>TR34831555801</gcpCode>
<name>枇榔島</name>
<B>116875.1207</B>
<L>474231.0056</L>
<alti>75.25</alti>
<altiAcc>2</altiAcc>
</GCP>
<GCP gml:id="K1_483155_22">
<fid>10-00100-0-2105-158982</fid>
<lfSpanFr gml:id="K1_483155_22-1">
<gml:timePosition>2021-05-19</gml:timePosition>
</lfSpanFr>
<devDate gml:id="K1_483155_22-2">
<gml:timePosition>2021-06-03</gml:timePosition>
</devDate>
<orgGILvl>KJ13</orgGILvl>
<vis>表示</vis>
<pos>
<gml:Point gml:id="K1_483155_22-g" srsName="fguuid:jgd2011.bl">
<gml:pos>32.486843278 131.647307472</gml:pos>
</gml:Point>
</pos>
<orgName>国土地理院</orgName>
<type>三角点</type>
<gcpClass>三等三角点</gcpClass>
<gcpCode>TR34831558101</gcpCode>
<name>竹名</name>
<B>116952.6358</B>
<L>473930.3069</L>
<alti>66.15</alti>
<altiAcc>2</altiAcc>
</GCP>
<GCP gml:id="K1_483155_23">
<fid>10-00100-0-2105-158983</fid>
<lfSpanFr gml:id="K1_483155_23-1">
<gml:timePosition>2021-05-19</gml:timePosition>
</lfSpanFr>
<devDate gml:id="K1_483155_23-2">
<gml:timePosition>2021-06-03</gml:timePosition>
</devDate>
<orgGILvl>KJ13</orgGILvl>
<vis>表示</vis>
<pos>
<gml:Point gml:id="K1_483155_23-g" srsName="fguuid:jgd2011.bl">
<gml:pos>32.488328889 131.680873472</gml:pos>
</gml:Point>
</pos>
<orgName>国土地理院</orgName>
<type>三角点</type>
<gcpClass>三等三角点</gcpClass>
<gcpCode>TR34831558401</gcpCode>
<name>黒岩</name>
<B>116957.984</B>
<L>474051.1445</L>
<alti>95.77</alti>
<altiAcc>2</altiAcc>
</GCP>
<GCP gml:id="K1_483155_24">
<fid>10-00100-0-2105-194754</fid>
<lfSpanFr gml:id="K1_483155_24-1">
<gml:timePosition>2021-05-19</gml:timePosition>
</lfSpanFr>
<devDate gml:id="K1_483155_24-2">
<gml:timePosition>2021-06-03</gml:timePosition>
</devDate>
<orgGILvl>KJ14</orgGILvl>
<vis>表示</vis>
<pos>
<gml:Point gml:id="K1_483155_24-g" srsName="fguuid:jgd2011.bl">
<gml:pos>32.422588806 131.629320972</gml:pos>
</gml:Point>
</pos>
<orgName>国土地理院</orgName>
<type>三角点</type>
<gcpClass>四等三角点</gcpClass>
<gcpCode>TR44831550001</gcpCode>
<name>原町</name>
<B>116721.3197</B>
<L>473865.5555</L>
<alti>5.51</alti>
<altiAcc>2</altiAcc>
</GCP>
<GCP gml:id="K1_483155_25">
<fid>10-00100-0-2105-194755</fid>
<lfSpanFr gml:id="K1_483155_25-1">
<gml:timePosition>2021-05-19</gml:timePosition>
</lfSpanFr>
<devDate gml:id="K1_483155_25-2">
<gml:timePosition>2021-06-03</gml:timePosition>
</devDate>
<orgGILvl>KJ14</orgGILvl>
<vis>表示</vis>
<pos>
<gml:Point gml:id="K1_483155_25-g" srsName="fguuid:jgd2011.bl">
<gml:pos>32.424353389 131.645322056</gml:pos>
</gml:Point>
</pos>
<orgName>国土地理院</orgName>
<type>三角点</type>
<gcpClass>四等三角点</gcpClass>
<gcpCode>TR44831550101</gcpCode>
<name>曽根</name>
<B>116727.6722</B>
<L>473923.1594</L>
<alti>3.42</alti>
<altiAcc>2</altiAcc>
</GCP>
<GCP gml:id="K1_483155_26">
<fid>10-00100-0-2105-194756</fid>
<lfSpanFr gml:id="K1_483155_26-1">
<gml:timePosition>2021-05-19</gml:timePosition>
</lfSpanFr>
<devDate gml:id="K1_483155_26-2">
<gml:timePosition>2021-06-03</gml:timePosition>
</devDate>
<orgGILvl>KJ14</orgGILvl>
<vis>表示</vis>
<pos>
<gml:Point gml:id="K1_483155_26-g" srsName="fguuid:jgd2011.bl">
<gml:pos>32.423480000 131.684940722</gml:pos>
</gml:Point>
</pos>
<orgName>国土地理院</orgName>
<type>三角点</type>
<gcpClass>四等三角点</gcpClass>
<gcpCode>TR44831550401</gcpCode>
<name>戒の上</name>
<B>116724.528</B>
<L>474065.7866</L>
<alti>102.95</alti>
<altiAcc>2</altiAcc>
</GCP>
<GCP gml:id="K1_483155_27">
<fid>10-00100-0-2105-194757</fid>
<lfSpanFr gml:id="K1_483155_27-1">
<gml:timePosition>2021-05-19</gml:timePosition>
</lfSpanFr>
<devDate gml:id="K1_483155_27-2">
<gml:timePosition>2021-06-03</gml:timePosition>
</devDate>
<orgGILvl>KJ14</orgGILvl>
<vis>表示</vis>
<pos>
<gml:Point gml:id="K1_483155_27-g" srsName="fguuid:jgd2011.bl">
<gml:pos>32.436321417 131.635584361</gml:pos>
</gml:Point>
</pos>
<orgName>国土地理院</orgName>
<type>三角点</type>
<gcpClass>四等三角点</gcpClass>
<gcpCode>TR44831552001</gcpCode>
<name>亀崎</name>
<B>116770.7571</B>
<L>473888.1037</L>
<alti>19.43</alti>
<altiAcc>2</altiAcc>
</GCP>
<GCP gml:id="K1_483155_28">
<fid>10-00100-0-2105-194758</fid>
<lfSpanFr gml:id="K1_483155_28-1">
<gml:timePosition>2021-05-19</gml:timePosition>
</lfSpanFr>
<devDate gml:id="K1_483155_28-2">
<gml:timePosition>2021-06-03</gml:timePosition>
</devDate>
<orgGILvl>KJ14</orgGILvl>
<vis>表示</vis>
<pos>
<gml:Point gml:id="K1_483155_28-g" srsName="fguuid:jgd2011.bl">
<gml:pos>32.433551667 131.658037250</gml:pos>
</gml:Point>
</pos>
<orgName>国土地理院</orgName>
<type>三角点</type>
<gcpClass>四等三角点</gcpClass>
<gcpCode>TR44831552201</gcpCode>
<name>幡浦</name>
<B>116760.786</B>
<L>473968.9341</L>
<alti>108.34</alti>
<altiAcc>2</altiAcc>
</GCP>
<GCP gml:id="K1_483155_29">
<fid>10-00100-0-2105-194759</fid>
<lfSpanFr gml:id="K1_483155_29-1">
<gml:timePosition>2021-05-19</gml:timePosition>
</lfSpanFr>
<devDate gml:id="K1_483155_29-2">
<gml:timePosition>2021-06-03</gml:timePosition>
</devDate>
<orgGILvl>KJ14</orgGILvl>
<vis>表示</vis>
<pos>
<gml:Point gml:id="K1_483155_29-g" srsName="fguuid:jgd2011.bl">
<gml:pos>32.446364611 131.636484222</gml:pos>
</gml:Point>
</pos>
<orgName>国土地理院</orgName>
<type>三角点</type>
<gcpClass>四等三角点</gcpClass>
<gcpCode>TR44831553001</gcpCode>
<name>新田</name>
<B>116806.9126</B>
<L>473891.3432</L>
<alti>71.22</alti>
<altiAcc>2</altiAcc>
</GCP>
<GCP gml:id="K1_483155_30">
<fid>10-00100-0-2105-194760</fid>
<lfSpanFr gml:id="K1_483155_30-1">
<gml:timePosition>2021-05-19</gml:timePosition>
</lfSpanFr>
<devDate gml:id="K1_483155_30-2">
<gml:timePosition>2021-06-03</gml:timePosition>
</devDate>
<orgGILvl>KJ14</orgGILvl>
<vis>表示</vis>
<pos>
<gml:Point gml:id="K1_483155_30-g" srsName="fguuid:jgd2011.bl">
<gml:pos>32.448251361 131.664564889</gml:pos>
</gml:Point>
</pos>
<orgName>国土地理院</orgName>
<type>三角点</type>
<gcpClass>四等三角点</gcpClass>
<gcpCode>TR44831553301</gcpCode>
<name>竹島</name>
<B>116813.7049</B>
<L>473992.4336</L>
<alti>6.38</alti>
<altiAcc>2</altiAcc>
</GCP>
<GCP gml:id="K1_483155_31">
<fid>10-00100-0-2105-194761</fid>
<lfSpanFr gml:id="K1_483155_31-1">
<gml:timePosition>2021-05-19</gml:timePosition>
</lfSpanFr>
<devDate gml:id="K1_483155_31-2">
<gml:timePosition>2021-06-03</gml:timePosition>
</devDate>
<orgGILvl>KJ14</orgGILvl>
<vis>表示</vis>
<pos>
<gml:Point gml:id="K1_483155_31-g" srsName="fguuid:jgd2011.bl">
<gml:pos>32.469904167 131.632798194</gml:pos>
</gml:Point>
</pos>
<orgName>国土地理院</orgName>
<type>三角点</type>
<gcpClass>四等三角点</gcpClass>
<gcpCode>TR44831556001</gcpCode>
<name>城屋敷</name>
<B>116891.655</B>
<L>473878.0735</L>
<alti>29.18</alti>
<altiAcc>2</altiAcc>
</GCP>
<GCP gml:id="K1_483155_32">
<fid>10-00100-0-2105-194762</fid>
<lfSpanFr gml:id="K1_483155_32-1">
<gml:timePosition>2021-05-19</gml:timePosition>
</lfSpanFr>
<devDate gml:id="K1_483155_32-2">
<gml:timePosition>2021-06-03</gml:timePosition>
</devDate>
<orgGILvl>KJ14</orgGILvl>
<vis>表示</vis>
<pos>
<gml:Point gml:id="K1_483155_32-g" srsName="fguuid:jgd2011.bl">
<gml:pos>32.479215417 131.685561333</gml:pos>
</gml:Point>
</pos>
<orgName>国土地理院</orgName>
<type>三角点</type>
<gcpClass>四等三角点</gcpClass>
<gcpCode>TR44831557401</gcpCode>
<name>牧山</name>
<B>116925.1755</B>
<L>474068.0208</L>
<alti>135.25</alti>
<altiAcc>2</altiAcc>
</GCP>
<GCP gml:id="K1_483155_33">
<fid>10-00100-0-2105-194763</fid>
<lfSpanFr gml:id="K1_483155_33-1">
<gml:timePosition>2021-05-19</gml:timePosition>
</lfSpanFr>
<devDate gml:id="K1_483155_33-2">
<gml:timePosition>2021-06-03</gml:timePosition>
</devDate>
<orgGILvl>KJ14</orgGILvl>
<vis>表示</vis>
<pos>
<gml:Point gml:id="K1_483155_33-g" srsName="fguuid:jgd2011.bl">
<gml:pos>32.479911583 131.700343306</gml:pos>
</gml:Point>
</pos>
<orgName>国土地理院</orgName>
<type>三角点</type>
<gcpClass>四等三角点</gcpClass>
<gcpCode>TR44831557601</gcpCode>
<name>烏帽子</name>
<B>116927.6817</B>
<L>474121.2359</L>
<alti>260.12</alti>
<altiAcc>2</altiAcc>
</GCP>
<GCP gml:id="K1_483155_34">
<fid>10-00100-0-2105-194764</fid>
<lfSpanFr gml:id="K1_483155_34-1">
<gml:timePosition>2021-05-19</gml:timePosition>
</lfSpanFr>
<devDate gml:id="K1_483155_34-2">
<gml:timePosition>2021-06-03</gml:timePosition>
</devDate>
<orgGILvl>KJ14</orgGILvl>
<vis>表示</vis>
<pos>
<gml:Point gml:id="K1_483155_34-g" srsName="fguuid:jgd2011.bl">
<gml:pos>32.485583861 131.632620639</gml:pos>
</gml:Point>
</pos>
<orgName>国土地理院</orgName>
<type>三角点</type>
<gcpClass>四等三角点</gcpClass>
<gcpCode>TR44831558001</gcpCode>
<name>黒岩谷</name>
<B>116948.1019</B>
<L>473877.4343</L>
<alti>125.2</alti>
<altiAcc>2</altiAcc>
</GCP>
<GCP gml:id="K1_483155_35">
<fid>10-00100-0-2105-194765</fid>
<lfSpanFr gml:id="K1_483155_35-1">
<gml:timePosition>2021-05-19</gml:timePosition>
</lfSpanFr>
<devDate gml:id="K1_483155_35-2">
<gml:timePosition>2021-06-03</gml:timePosition>
</devDate>
<orgGILvl>KJ14</orgGILvl>
<vis>表示</vis>
<pos>
<gml:Point gml:id="K1_483155_35-g" srsName="fguuid:jgd2011.bl">
<gml:pos>32.499839194 131.667279722</gml:pos>
</gml:Point>
</pos>
<orgName>国土地理院</orgName>
<type>三角点</type>
<gcpClass>四等三角点</gcpClass>
<gcpCode>TR44831559301</gcpCode>
<name>船越</name>
<B>116999.4211</B>
<L>474002.207</L>
<alti>93.59</alti>
<altiAcc>2</altiAcc>
</GCP>
<GCP gml:id="K1_483155_36">
<fid>10-00100-0-2105-194766</fid>
<lfSpanFr gml:id="K1_483155_36-1">
<gml:timePosition>2021-05-19</gml:timePosition>
</lfSpanFr>
<devDate gml:id="K1_483155_36-2">
<gml:timePosition>2021-06-03</gml:timePosition>
</devDate>
<orgGILvl>KJ14</orgGILvl>
<vis>表示</vis>
<pos>
<gml:Point gml:id="K1_483155_36-g" srsName="fguuid:jgd2011.bl">
<gml:pos>32.495149583 131.693127028</gml:pos>
</gml:Point>
</pos>
<orgName>国土地理院</orgName>
<type>三角点</type>
<gcpClass>四等三角点</gcpClass>
<gcpCode>TR44831559501</gcpCode>
<name>鯛名</name>
<B>116982.5385</B>
<L>474095.2573</L>
<alti>185.79</alti>
<altiAcc>2</altiAcc>
</GCP>
<GCP gml:id="K1_483155_37">
<fid>10-00100-0-2105-194767</fid>
<lfSpanFr gml:id="K1_483155_37-1">
<gml:timePosition>2021-05-19</gml:timePosition>
</lfSpanFr>
<devDate gml:id="K1_483155_37-2">
<gml:timePosition>2021-06-03</gml:timePosition>
</devDate>
<orgGILvl>KJ14</orgGILvl>
<vis>表示</vis>
<pos>
<gml:Point gml:id="K1_483155_37-g" srsName="fguuid:jgd2011.bl">
<gml:pos>32.495335167 131.716253528</gml:pos>
</gml:Point>
</pos>
<orgName>国土地理院</orgName>
<type>三角点</type>
<gcpClass>四等三角点</gcpClass>
<gcpCode>TR44831559701</gcpCode>
<name>谷ノ山</name>
<B>116983.2066</B>
<L>474178.5127</L>
<alti>250.93</alti>
<altiAcc>2</altiAcc>
</GCP>
</Dataset>
