<?xml version="1.0" encoding="utf-8"?>
<Dataset xsi:schemaLocation="http://fgd.gsi.go.jp/spec/2008/FGD_GMLSchema FGD_GMLSchema.xsd"
	xmlns:gml="http://www.opengis.net/gml/3.2"
	xmlns:xsi="http://www.w3.org/2001/XMLSchema-instance"
	xmlns:xlink="http://www.w3.org/1999/xlink"
	xmlns="http://fgd.gsi.go.jp/spec/2008/FGD_GMLSchema"
	gml:id="Dataset1">
  <gml:description>基盤地図情報メタデータ ID=fmdid:21-0701</gml:description>
  <gml:name>基盤地図情報ダウンロードデータ（GML版）</gml:name>
<AdmPt gml:id="K6_4738811676_1">
<fid>47388-11676-i-1220</fid>
<lfSpanFr gml:id="K6_4738811676_1-1">
<gml:timePosition>2021-05-12</gml:timePosition>
</lfSpanFr>
<devDate gml:id="K6_4738811676_1-2">
<gml:timePosition>2021-06-03</gml:timePosition>
</devDate>
<orgGILvl>25000</orgGILvl>
<vis>非表示</vis>
<pos>
<gml:Point gml:id="K6_4738811676_1-g" srsName="fguuid:jgd2011.bl">
<gml:pos>32.438886524 131.633483554</gml:pos>
</gml:Point>
</pos>
<type>郡市・東京都の区</type>
<name>日向市</name>
<admCode>45206</admCode>
</AdmPt>
<AdmPt gml:id="K6_4738811691_1">
<fid>47388-11691-i-811</fid>
<lfSpanFr gml:id="K6_4738811691_1-1">
<gml:timePosition>2020-06-30</gml:timePosition>
</lfSpanFr>
<devDate gml:id="K6_4738811691_1-2">
<gml:timePosition>2021-06-03</gml:timePosition>
</devDate>
<orgGILvl>25000</orgGILvl>
<vis>非表示</vis>
<pos>
<gml:Point gml:id="K6_4738811691_1-g" srsName="fguuid:jgd2011.bl">
<gml:pos>32.478173562 131.640769178</gml:pos>
</gml:Point>
</pos>
<type>町村・指定都市の区</type>
<name>門川町</name>
<admCode>45421</admCode>
</AdmPt>
<AdmPt gml:id="K6_4740611697_1">
<fid>47406-11697-i-125</fid>
<lfSpanFr gml:id="K6_4740611697_1-1">
<gml:timePosition>2020-06-30</gml:timePosition>
</lfSpanFr>
<devDate gml:id="K6_4740611697_1-2">
<gml:timePosition>2021-06-03</gml:timePosition>
</devDate>
<orgGILvl>25000</orgGILvl>
<vis>非表示</vis>
<pos>
<gml:Point gml:id="K6_4740611697_1-g" srsName="fguuid:jgd2011.bl">
<gml:pos>32.494935015 131.686470868</gml:pos>
</gml:Point>
</pos>
<type>郡市・東京都の区</type>
<name>延岡市</name>
<admCode>45203</admCode>
</AdmPt>
</Dataset>
