<?xml version="1.0" encoding="utf-8"?>
<Dataset xsi:schemaLocation="http://fgd.gsi.go.jp/spec/2008/FGD_GMLSchema FGD_GMLSchema.xsd"
	xmlns:gml="http://www.opengis.net/gml/3.2"
	xmlns:xsi="http://www.w3.org/2001/XMLSchema-instance"
	xmlns:xlink="http://www.w3.org/1999/xlink"
	xmlns="http://fgd.gsi.go.jp/spec/2008/FGD_GMLSchema"
	gml:id="Dataset1">
  <gml:description>基盤地図情報メタデータ ID=fmdid:21-0701</gml:description>
  <gml:name>基盤地図情報ダウンロードデータ（GML版）</gml:name>
<ElevPt gml:id="K2_4738511682_1">
<fid>47385-11682-i-438</fid>
<lfSpanFr gml:id="K2_4738511682_1-1">
<gml:timePosition>2021-05-12</gml:timePosition>
</lfSpanFr>
<devDate gml:id="K2_4738511682_1-2">
<gml:timePosition>2021-06-03</gml:timePosition>
</devDate>
<orgGILvl>25000</orgGILvl>
<vis>表示</vis>
<pos>
<gml:Point gml:id="K2_4738511682_1-g" srsName="fguuid:jgd2011.bl">
<gml:pos>32.452533889 131.625143889</gml:pos>
</gml:Point>
</pos>
<type>標高点（測点）</type>
<alti>118</alti>
</ElevPt>
<ElevPt gml:id="K2_4738511688_1">
<fid>47385-11688-i-813</fid>
<lfSpanFr gml:id="K2_4738511688_1-1">
<gml:timePosition>2020-06-30</gml:timePosition>
</lfSpanFr>
<devDate gml:id="K2_4738511688_1-2">
<gml:timePosition>2021-06-03</gml:timePosition>
</devDate>
<orgGILvl>25000</orgGILvl>
<vis>表示</vis>
<pos>
<gml:Point gml:id="K2_4738511688_1-g" srsName="fguuid:jgd2011.bl">
<gml:pos>32.470029766 131.628573077</gml:pos>
</gml:Point>
</pos>
<type>標高点（測点）</type>
<alti>8</alti>
</ElevPt>
<ElevPt gml:id="K2_4738511691_1">
<fid>47385-11691-i-353</fid>
<lfSpanFr gml:id="K2_4738511691_1-1">
<gml:timePosition>2020-06-30</gml:timePosition>
</lfSpanFr>
<devDate gml:id="K2_4738511691_1-2">
<gml:timePosition>2021-06-03</gml:timePosition>
</devDate>
<orgGILvl>25000</orgGILvl>
<vis>表示</vis>
<pos>
<gml:Point gml:id="K2_4738511691_1-g" srsName="fguuid:jgd2011.bl">
<gml:pos>32.479938889 131.630656667</gml:pos>
</gml:Point>
</pos>
<type>標高点（測点）</type>
<alti>102</alti>
</ElevPt>
<ElevPt gml:id="K2_4738511697_1">
<fid>47385-11697-i-2</fid>
<lfSpanFr gml:id="K2_4738511697_1-1">
<gml:timePosition>2013-12-10</gml:timePosition>
</lfSpanFr>
<devDate gml:id="K2_4738511697_1-2">
<gml:timePosition>2021-06-03</gml:timePosition>
</devDate>
<orgGILvl>25000</orgGILvl>
<vis>表示</vis>
<pos>
<gml:Point gml:id="K2_4738511697_1-g" srsName="fguuid:jgd2011.bl">
<gml:pos>32.496778333 131.633317500</gml:pos>
</gml:Point>
</pos>
<type>標高点（測点）</type>
<alti>90</alti>
</ElevPt>
<ElevPt gml:id="K2_4738511697_2">
<fid>47385-11697-i-3</fid>
<lfSpanFr gml:id="K2_4738511697_2-1">
<gml:timePosition>2013-12-10</gml:timePosition>
</lfSpanFr>
<devDate gml:id="K2_4738511697_2-2">
<gml:timePosition>2021-06-03</gml:timePosition>
</devDate>
<orgGILvl>25000</orgGILvl>
<vis>表示</vis>
<pos>
<gml:Point gml:id="K2_4738511697_2-g" srsName="fguuid:jgd2011.bl">
<gml:pos>32.498825000 131.627086111</gml:pos>
</gml:Point>
</pos>
<type>標高点（測点）</type>
<alti>297</alti>
</ElevPt>
<ElevPt gml:id="K2_4738511697_3">
<fid>47385-11697-i-4</fid>
<lfSpanFr gml:id="K2_4738511697_3-1">
<gml:timePosition>2013-12-10</gml:timePosition>
</lfSpanFr>
<devDate gml:id="K2_4738511697_3-2">
<gml:timePosition>2021-06-03</gml:timePosition>
</devDate>
<orgGILvl>25000</orgGILvl>
<vis>表示</vis>
<pos>
<gml:Point gml:id="K2_4738511697_3-g" srsName="fguuid:jgd2011.bl">
<gml:pos>32.492961111 131.625460556</gml:pos>
</gml:Point>
</pos>
<type>標高点（測点）</type>
<alti>277</alti>
</ElevPt>
<ElevPt gml:id="K2_4738811670_1">
<fid>47388-11670-i-1548</fid>
<lfSpanFr gml:id="K2_4738811670_1-1">
<gml:timePosition>2021-05-12</gml:timePosition>
</lfSpanFr>
<devDate gml:id="K2_4738811670_1-2">
<gml:timePosition>2021-06-03</gml:timePosition>
</devDate>
<orgGILvl>25000</orgGILvl>
<vis>表示</vis>
<pos>
<gml:Point gml:id="K2_4738811670_1-g" srsName="fguuid:jgd2011.bl">
<gml:pos>32.419264722 131.637580278</gml:pos>
</gml:Point>
</pos>
<type>標高点（測点）</type>
<alti>4</alti>
</ElevPt>
<ElevPt gml:id="K2_4738811673_1">
<fid>47388-11673-i-1069</fid>
<lfSpanFr gml:id="K2_4738811673_1-1">
<gml:timePosition>2021-05-12</gml:timePosition>
</lfSpanFr>
<devDate gml:id="K2_4738811673_1-2">
<gml:timePosition>2021-06-03</gml:timePosition>
</devDate>
<orgGILvl>25000</orgGILvl>
<vis>表示</vis>
<pos>
<gml:Point gml:id="K2_4738811673_1-g" srsName="fguuid:jgd2011.bl">
<gml:pos>32.431354167 131.635039722</gml:pos>
</gml:Point>
</pos>
<type>標高点（測点）</type>
<alti>5</alti>
</ElevPt>
<ElevPt gml:id="K2_4738811673_2">
<fid>47388-11673-i-1070</fid>
<lfSpanFr gml:id="K2_4738811673_2-1">
<gml:timePosition>2021-05-12</gml:timePosition>
</lfSpanFr>
<devDate gml:id="K2_4738811673_2-2">
<gml:timePosition>2021-06-03</gml:timePosition>
</devDate>
<orgGILvl>25000</orgGILvl>
<vis>表示</vis>
<pos>
<gml:Point gml:id="K2_4738811673_2-g" srsName="fguuid:jgd2011.bl">
<gml:pos>32.426765194 131.641122694</gml:pos>
</gml:Point>
</pos>
<type>標高点（測点）</type>
<alti>5</alti>
</ElevPt>
<ElevPt gml:id="K2_4738811676_1">
<fid>47388-11676-i-1191</fid>
<lfSpanFr gml:id="K2_4738811676_1-1">
<gml:timePosition>2021-05-12</gml:timePosition>
</lfSpanFr>
<devDate gml:id="K2_4738811676_1-2">
<gml:timePosition>2021-06-03</gml:timePosition>
</devDate>
<orgGILvl>25000</orgGILvl>
<vis>表示</vis>
<pos>
<gml:Point gml:id="K2_4738811676_1-g" srsName="fguuid:jgd2011.bl">
<gml:pos>32.436867500 131.639071667</gml:pos>
</gml:Point>
</pos>
<type>標高点（測点）</type>
<alti>5</alti>
</ElevPt>
<ElevPt gml:id="K2_4738811676_2">
<fid>47388-11676-i-1221</fid>
<lfSpanFr gml:id="K2_4738811676_2-1">
<gml:timePosition>2021-05-12</gml:timePosition>
</lfSpanFr>
<devDate gml:id="K2_4738811676_2-2">
<gml:timePosition>2021-06-03</gml:timePosition>
</devDate>
<orgGILvl>25000</orgGILvl>
<vis>非表示</vis>
<pos>
<gml:Point gml:id="K2_4738811676_2-g" srsName="fguuid:jgd2011.bl">
<gml:pos>32.441620833 131.637580000</gml:pos>
</gml:Point>
</pos>
<type>標高点（測点）</type>
<alti>100</alti>
</ElevPt>
<ElevPt gml:id="K2_4738811688_1">
<fid>47388-11688-i-960</fid>
<lfSpanFr gml:id="K2_4738811688_1-1">
<gml:timePosition>2020-06-30</gml:timePosition>
</lfSpanFr>
<devDate gml:id="K2_4738811688_1-2">
<gml:timePosition>2021-06-03</gml:timePosition>
</devDate>
<orgGILvl>25000</orgGILvl>
<vis>表示</vis>
<pos>
<gml:Point gml:id="K2_4738811688_1-g" srsName="fguuid:jgd2011.bl">
<gml:pos>32.468755556 131.637560556</gml:pos>
</gml:Point>
</pos>
<type>標高点（測点）</type>
<alti>94</alti>
</ElevPt>
<ElevPt gml:id="K2_4738811691_1">
<fid>47388-11691-i-756</fid>
<lfSpanFr gml:id="K2_4738811691_1-1">
<gml:timePosition>2020-06-30</gml:timePosition>
</lfSpanFr>
<devDate gml:id="K2_4738811691_1-2">
<gml:timePosition>2021-06-03</gml:timePosition>
</devDate>
<orgGILvl>25000</orgGILvl>
<vis>表示</vis>
<pos>
<gml:Point gml:id="K2_4738811691_1-g" srsName="fguuid:jgd2011.bl">
<gml:pos>32.477204397 131.641571375</gml:pos>
</gml:Point>
</pos>
<type>標高点（測点）</type>
<alti>6</alti>
</ElevPt>
<ElevPt gml:id="K2_4738811691_2">
<fid>47388-11691-i-757</fid>
<lfSpanFr gml:id="K2_4738811691_2-1">
<gml:timePosition>2020-06-30</gml:timePosition>
</lfSpanFr>
<devDate gml:id="K2_4738811691_2-2">
<gml:timePosition>2021-06-03</gml:timePosition>
</devDate>
<orgGILvl>25000</orgGILvl>
<vis>表示</vis>
<pos>
<gml:Point gml:id="K2_4738811691_2-g" srsName="fguuid:jgd2011.bl">
<gml:pos>32.476011389 131.637726389</gml:pos>
</gml:Point>
</pos>
<type>標高点（測点）</type>
<alti>64</alti>
</ElevPt>
<ElevPt gml:id="K2_4739111673_1">
<fid>47391-11673-i-806</fid>
<lfSpanFr gml:id="K2_4739111673_1-1">
<gml:timePosition>2021-05-12</gml:timePosition>
</lfSpanFr>
<devDate gml:id="K2_4739111673_1-2">
<gml:timePosition>2021-06-03</gml:timePosition>
</devDate>
<orgGILvl>25000</orgGILvl>
<vis>表示</vis>
<pos>
<gml:Point gml:id="K2_4739111673_1-g" srsName="fguuid:jgd2011.bl">
<gml:pos>32.430464278 131.644434056</gml:pos>
</gml:Point>
</pos>
<type>標高点（測点）</type>
<alti>2</alti>
</ElevPt>
<ElevPt gml:id="K2_4739111676_1">
<fid>47391-11676-i-311</fid>
<lfSpanFr gml:id="K2_4739111676_1-1">
<gml:timePosition>2021-05-12</gml:timePosition>
</lfSpanFr>
<devDate gml:id="K2_4739111676_1-2">
<gml:timePosition>2021-06-03</gml:timePosition>
</devDate>
<orgGILvl>25000</orgGILvl>
<vis>表示</vis>
<pos>
<gml:Point gml:id="K2_4739111676_1-g" srsName="fguuid:jgd2011.bl">
<gml:pos>32.435954917 131.647017583</gml:pos>
</gml:Point>
</pos>
<type>標高点（測点）</type>
<alti>4</alti>
</ElevPt>
<ElevPt gml:id="K2_4739111688_1">
<fid>47391-11688-i-1582</fid>
<lfSpanFr gml:id="K2_4739111688_1-1">
<gml:timePosition>2020-06-30</gml:timePosition>
</lfSpanFr>
<devDate gml:id="K2_4739111688_1-2">
<gml:timePosition>2021-06-03</gml:timePosition>
</devDate>
<orgGILvl>25000</orgGILvl>
<vis>表示</vis>
<pos>
<gml:Point gml:id="K2_4739111688_1-g" srsName="fguuid:jgd2011.bl">
<gml:pos>32.468289501 131.647196684</gml:pos>
</gml:Point>
</pos>
<type>標高点（測点）</type>
<alti>4</alti>
</ElevPt>
<ElevPt gml:id="K2_4739111694_1">
<fid>47391-11694-i-741</fid>
<lfSpanFr gml:id="K2_4739111694_1-1">
<gml:timePosition>2020-06-30</gml:timePosition>
</lfSpanFr>
<devDate gml:id="K2_4739111694_1-2">
<gml:timePosition>2021-06-03</gml:timePosition>
</devDate>
<orgGILvl>25000</orgGILvl>
<vis>表示</vis>
<pos>
<gml:Point gml:id="K2_4739111694_1-g" srsName="fguuid:jgd2011.bl">
<gml:pos>32.489113611 131.644061944</gml:pos>
</gml:Point>
</pos>
<type>標高点（測点）</type>
<alti>48</alti>
</ElevPt>
<ElevPt gml:id="K2_4739111697_1">
<fid>47391-11697-i-779</fid>
<lfSpanFr gml:id="K2_4739111697_1-1">
<gml:timePosition>2020-06-30</gml:timePosition>
</lfSpanFr>
<devDate gml:id="K2_4739111697_1-2">
<gml:timePosition>2021-06-03</gml:timePosition>
</devDate>
<orgGILvl>25000</orgGILvl>
<vis>表示</vis>
<pos>
<gml:Point gml:id="K2_4739111697_1-g" srsName="fguuid:jgd2011.bl">
<gml:pos>32.496121667 131.645346944</gml:pos>
</gml:Point>
</pos>
<type>標高点（測点）</type>
<alti>39</alti>
</ElevPt>
<ElevPt gml:id="K2_4739411670_1">
<fid>47394-11670-i-1560</fid>
<lfSpanFr gml:id="K2_4739411670_1-1">
<gml:timePosition>2021-05-12</gml:timePosition>
</lfSpanFr>
<devDate gml:id="K2_4739411670_1-2">
<gml:timePosition>2021-06-03</gml:timePosition>
</devDate>
<orgGILvl>25000</orgGILvl>
<vis>表示</vis>
<pos>
<gml:Point gml:id="K2_4739411670_1-g" srsName="fguuid:jgd2011.bl">
<gml:pos>32.422391259 131.650099576</gml:pos>
</gml:Point>
</pos>
<type>標高点（測点）</type>
<alti>3</alti>
</ElevPt>
<ElevPt gml:id="K2_4739411697_1">
<fid>47394-11697-i-507</fid>
<lfSpanFr gml:id="K2_4739411697_1-1">
<gml:timePosition>2020-06-30</gml:timePosition>
</lfSpanFr>
<devDate gml:id="K2_4739411697_1-2">
<gml:timePosition>2021-06-03</gml:timePosition>
</devDate>
<orgGILvl>25000</orgGILvl>
<vis>表示</vis>
<pos>
<gml:Point gml:id="K2_4739411697_1-g" srsName="fguuid:jgd2011.bl">
<gml:pos>32.493708611 131.657507500</gml:pos>
</gml:Point>
</pos>
<type>標高点（測点）</type>
<alti>61</alti>
</ElevPt>
<ElevPt gml:id="K2_4739411697_2">
<fid>47394-11697-i-508</fid>
<lfSpanFr gml:id="K2_4739411697_2-1">
<gml:timePosition>2020-06-30</gml:timePosition>
</lfSpanFr>
<devDate gml:id="K2_4739411697_2-2">
<gml:timePosition>2021-06-03</gml:timePosition>
</devDate>
<orgGILvl>25000</orgGILvl>
<vis>表示</vis>
<pos>
<gml:Point gml:id="K2_4739411697_2-g" srsName="fguuid:jgd2011.bl">
<gml:pos>32.492871224 131.652235995</gml:pos>
</gml:Point>
</pos>
<type>標高点（測点）</type>
<alti>55</alti>
</ElevPt>
<ElevPt gml:id="K2_4739411697_3">
<fid>47394-11697-i-509</fid>
<lfSpanFr gml:id="K2_4739411697_3-1">
<gml:timePosition>2020-06-30</gml:timePosition>
</lfSpanFr>
<devDate gml:id="K2_4739411697_3-2">
<gml:timePosition>2021-06-03</gml:timePosition>
</devDate>
<orgGILvl>25000</orgGILvl>
<vis>表示</vis>
<pos>
<gml:Point gml:id="K2_4739411697_3-g" srsName="fguuid:jgd2011.bl">
<gml:pos>32.498054444 131.650943889</gml:pos>
</gml:Point>
</pos>
<type>標高点（測点）</type>
<alti>84</alti>
</ElevPt>
<ElevPt gml:id="K2_4739711676_1">
<fid>47397-11676-i-218</fid>
<lfSpanFr gml:id="K2_4739711676_1-1">
<gml:timePosition>2021-05-12</gml:timePosition>
</lfSpanFr>
<devDate gml:id="K2_4739711676_1-2">
<gml:timePosition>2021-06-03</gml:timePosition>
</devDate>
<orgGILvl>25000</orgGILvl>
<vis>表示</vis>
<pos>
<gml:Point gml:id="K2_4739711676_1-g" srsName="fguuid:jgd2011.bl">
<gml:pos>32.438648007 131.660696968</gml:pos>
</gml:Point>
</pos>
<type>標高点（測点）</type>
<alti>3</alti>
</ElevPt>
<ElevPt gml:id="K2_4739711679_1">
<fid>47397-11679-i-199</fid>
<lfSpanFr gml:id="K2_4739711679_1-1">
<gml:timePosition>2021-05-12</gml:timePosition>
</lfSpanFr>
<devDate gml:id="K2_4739711679_1-2">
<gml:timePosition>2021-06-03</gml:timePosition>
</devDate>
<orgGILvl>25000</orgGILvl>
<vis>表示</vis>
<pos>
<gml:Point gml:id="K2_4739711679_1-g" srsName="fguuid:jgd2011.bl">
<gml:pos>32.446083333 131.663122222</gml:pos>
</gml:Point>
</pos>
<type>標高点（測点）</type>
<alti>11</alti>
</ElevPt>
<ElevPt gml:id="K2_4740011670_1">
<fid>47400-11670-i-401</fid>
<lfSpanFr gml:id="K2_4740011670_1-1">
<gml:timePosition>2021-05-12</gml:timePosition>
</lfSpanFr>
<devDate gml:id="K2_4740011670_1-2">
<gml:timePosition>2021-06-03</gml:timePosition>
</devDate>
<orgGILvl>25000</orgGILvl>
<vis>表示</vis>
<pos>
<gml:Point gml:id="K2_4740011670_1-g" srsName="fguuid:jgd2011.bl">
<gml:pos>32.418410278 131.674207500</gml:pos>
</gml:Point>
</pos>
<type>標高点（測点）</type>
<alti>64</alti>
</ElevPt>
<ElevPt gml:id="K2_4740011670_2">
<fid>47400-11670-i-402</fid>
<lfSpanFr gml:id="K2_4740011670_2-1">
<gml:timePosition>2021-05-12</gml:timePosition>
</lfSpanFr>
<devDate gml:id="K2_4740011670_2-2">
<gml:timePosition>2021-06-03</gml:timePosition>
</devDate>
<orgGILvl>25000</orgGILvl>
<vis>表示</vis>
<pos>
<gml:Point gml:id="K2_4740011670_2-g" srsName="fguuid:jgd2011.bl">
<gml:pos>32.423265556 131.670656111</gml:pos>
</gml:Point>
</pos>
<type>標高点（測点）</type>
<alti>103</alti>
</ElevPt>
<ElevPt gml:id="K2_4740011676_1">
<fid>47400-11676-i-139</fid>
<lfSpanFr gml:id="K2_4740011676_1-1">
<gml:timePosition>2021-05-12</gml:timePosition>
</lfSpanFr>
<devDate gml:id="K2_4740011676_1-2">
<gml:timePosition>2021-06-03</gml:timePosition>
</devDate>
<orgGILvl>25000</orgGILvl>
<vis>表示</vis>
<pos>
<gml:Point gml:id="K2_4740011676_1-g" srsName="fguuid:jgd2011.bl">
<gml:pos>32.434608056 131.667454167</gml:pos>
</gml:Point>
</pos>
<type>標高点（測点）</type>
<alti>119</alti>
</ElevPt>
<ElevPt gml:id="K2_4740011691_1">
<fid>47400-11691-i-770</fid>
<lfSpanFr gml:id="K2_4740011691_1-1">
<gml:timePosition>2020-06-30</gml:timePosition>
</lfSpanFr>
<devDate gml:id="K2_4740011691_1-2">
<gml:timePosition>2021-06-03</gml:timePosition>
</devDate>
<orgGILvl>25000</orgGILvl>
<vis>表示</vis>
<pos>
<gml:Point gml:id="K2_4740011691_1-g" srsName="fguuid:jgd2011.bl">
<gml:pos>32.477594722 131.670870833</gml:pos>
</gml:Point>
</pos>
<type>標高点（測点）</type>
<alti>14</alti>
</ElevPt>
<ElevPt gml:id="K2_4740011697_1">
<fid>47400-11697-i-609</fid>
<lfSpanFr gml:id="K2_4740011697_1-1">
<gml:timePosition>2020-06-30</gml:timePosition>
</lfSpanFr>
<devDate gml:id="K2_4740011697_1-2">
<gml:timePosition>2021-06-03</gml:timePosition>
</devDate>
<orgGILvl>25000</orgGILvl>
<vis>表示</vis>
<pos>
<gml:Point gml:id="K2_4740011697_1-g" srsName="fguuid:jgd2011.bl">
<gml:pos>32.497034167 131.668664722</gml:pos>
</gml:Point>
</pos>
<type>標高点（測点）</type>
<alti>75</alti>
</ElevPt>
<ElevPt gml:id="K2_4740311670_1">
<fid>47403-11670-i-330</fid>
<lfSpanFr gml:id="K2_4740311670_1-1">
<gml:timePosition>2021-05-12</gml:timePosition>
</lfSpanFr>
<devDate gml:id="K2_4740311670_1-2">
<gml:timePosition>2021-06-03</gml:timePosition>
</devDate>
<orgGILvl>25000</orgGILvl>
<vis>表示</vis>
<pos>
<gml:Point gml:id="K2_4740311670_1-g" srsName="fguuid:jgd2011.bl">
<gml:pos>32.420652778 131.679831944</gml:pos>
</gml:Point>
</pos>
<type>標高点（測点）</type>
<alti>95</alti>
</ElevPt>
<ElevPt gml:id="K2_4740311679_1">
<fid>47403-11679-i-83</fid>
<lfSpanFr gml:id="K2_4740311679_1-1">
<gml:timePosition>2021-05-12</gml:timePosition>
</lfSpanFr>
<devDate gml:id="K2_4740311679_1-2">
<gml:timePosition>2021-06-03</gml:timePosition>
</devDate>
<orgGILvl>25000</orgGILvl>
<vis>表示</vis>
<pos>
<gml:Point gml:id="K2_4740311679_1-g" srsName="fguuid:jgd2011.bl">
<gml:pos>32.444845000 131.675948889</gml:pos>
</gml:Point>
</pos>
<type>標高点（測点）</type>
<alti>42</alti>
</ElevPt>
<ElevPt gml:id="K2_4740311688_1">
<fid>47403-11688-i-41</fid>
<lfSpanFr gml:id="K2_4740311688_1-1">
<gml:timePosition>2020-06-30</gml:timePosition>
</lfSpanFr>
<devDate gml:id="K2_4740311688_1-2">
<gml:timePosition>2021-06-03</gml:timePosition>
</devDate>
<orgGILvl>25000</orgGILvl>
<vis>表示</vis>
<pos>
<gml:Point gml:id="K2_4740311688_1-g" srsName="fguuid:jgd2011.bl">
<gml:pos>32.474720000 131.678674167</gml:pos>
</gml:Point>
</pos>
<type>標高点（測点）</type>
<alti>94</alti>
</ElevPt>
<ElevPt gml:id="K2_4740311691_1">
<fid>47403-11691-i-1026</fid>
<lfSpanFr gml:id="K2_4740311691_1-1">
<gml:timePosition>2020-06-30</gml:timePosition>
</lfSpanFr>
<devDate gml:id="K2_4740311691_1-2">
<gml:timePosition>2021-06-03</gml:timePosition>
</devDate>
<orgGILvl>25000</orgGILvl>
<vis>表示</vis>
<pos>
<gml:Point gml:id="K2_4740311691_1-g" srsName="fguuid:jgd2011.bl">
<gml:pos>32.483289542 131.681247666</gml:pos>
</gml:Point>
</pos>
<type>標高点（測点）</type>
<alti>5</alti>
</ElevPt>
<ElevPt gml:id="K2_4740311697_1">
<fid>47403-11697-i-323</fid>
<lfSpanFr gml:id="K2_4740311697_1-1">
<gml:timePosition>2020-06-30</gml:timePosition>
</lfSpanFr>
<devDate gml:id="K2_4740311697_1-2">
<gml:timePosition>2021-06-03</gml:timePosition>
</devDate>
<orgGILvl>25000</orgGILvl>
<vis>表示</vis>
<pos>
<gml:Point gml:id="K2_4740311697_1-g" srsName="fguuid:jgd2011.bl">
<gml:pos>32.495768889 131.678456944</gml:pos>
</gml:Point>
</pos>
<type>標高点（測点）</type>
<alti>74</alti>
</ElevPt>
<ElevPt gml:id="K2_4740611688_1">
<fid>47406-11688-i-461</fid>
<lfSpanFr gml:id="K2_4740611688_1-1">
<gml:timePosition>2020-06-30</gml:timePosition>
</lfSpanFr>
<devDate gml:id="K2_4740611688_1-2">
<gml:timePosition>2021-06-03</gml:timePosition>
</devDate>
<orgGILvl>25000</orgGILvl>
<vis>表示</vis>
<pos>
<gml:Point gml:id="K2_4740611688_1-g" srsName="fguuid:jgd2011.bl">
<gml:pos>32.470246389 131.688406111</gml:pos>
</gml:Point>
</pos>
<type>標高点（測点）</type>
<alti>64</alti>
</ElevPt>
<ElevPt gml:id="K2_4740611691_1">
<fid>47406-11691-i-652</fid>
<lfSpanFr gml:id="K2_4740611691_1-1">
<gml:timePosition>2020-06-30</gml:timePosition>
</lfSpanFr>
<devDate gml:id="K2_4740611691_1-2">
<gml:timePosition>2021-06-03</gml:timePosition>
</devDate>
<orgGILvl>25000</orgGILvl>
<vis>非表示</vis>
<pos>
<gml:Point gml:id="K2_4740611691_1-g" srsName="fguuid:jgd2011.bl">
<gml:pos>32.475840000 131.690168889</gml:pos>
</gml:Point>
</pos>
<type>標高点（測点）</type>
<alti>160</alti>
</ElevPt>
<ElevPt gml:id="K2_4740611694_1">
<fid>47406-11694-i-763</fid>
<lfSpanFr gml:id="K2_4740611694_1-1">
<gml:timePosition>2020-06-30</gml:timePosition>
</lfSpanFr>
<devDate gml:id="K2_4740611694_1-2">
<gml:timePosition>2021-06-03</gml:timePosition>
</devDate>
<orgGILvl>25000</orgGILvl>
<vis>表示</vis>
<pos>
<gml:Point gml:id="K2_4740611694_1-g" srsName="fguuid:jgd2011.bl">
<gml:pos>32.491581944 131.687236111</gml:pos>
</gml:Point>
</pos>
<type>標高点（測点）</type>
<alti>103</alti>
</ElevPt>
<ElevPt gml:id="K2_4740911670_1">
<fid>47409-11670-i-7</fid>
<lfSpanFr gml:id="K2_4740911670_1-1">
<gml:timePosition>2021-05-12</gml:timePosition>
</lfSpanFr>
<devDate gml:id="K2_4740911670_1-2">
<gml:timePosition>2021-06-03</gml:timePosition>
</devDate>
<orgGILvl>25000</orgGILvl>
<vis>表示</vis>
<pos>
<gml:Point gml:id="K2_4740911670_1-g" srsName="fguuid:jgd2011.bl">
<gml:pos>32.424919444 131.692160000</gml:pos>
</gml:Point>
</pos>
<type>標高点（測点）</type>
<alti>40</alti>
</ElevPt>
<ElevPt gml:id="K2_4740911688_1">
<fid>47409-11688-i-408</fid>
<lfSpanFr gml:id="K2_4740911688_1-1">
<gml:timePosition>2020-06-30</gml:timePosition>
</lfSpanFr>
<devDate gml:id="K2_4740911688_1-2">
<gml:timePosition>2021-06-03</gml:timePosition>
</devDate>
<orgGILvl>25000</orgGILvl>
<vis>表示</vis>
<pos>
<gml:Point gml:id="K2_4740911688_1-g" srsName="fguuid:jgd2011.bl">
<gml:pos>32.471875000 131.695870000</gml:pos>
</gml:Point>
</pos>
<type>標高点（測点）</type>
<alti>63</alti>
</ElevPt>
<ElevPt gml:id="K2_4740911694_1">
<fid>47409-11694-i-912</fid>
<lfSpanFr gml:id="K2_4740911694_1-1">
<gml:timePosition>2020-06-30</gml:timePosition>
</lfSpanFr>
<devDate gml:id="K2_4740911694_1-2">
<gml:timePosition>2021-06-03</gml:timePosition>
</devDate>
<orgGILvl>25000</orgGILvl>
<vis>表示</vis>
<pos>
<gml:Point gml:id="K2_4740911694_1-g" srsName="fguuid:jgd2011.bl">
<gml:pos>32.489841111 131.698481389</gml:pos>
</gml:Point>
</pos>
<type>標高点（測点）</type>
<alti>54</alti>
</ElevPt>
<ElevPt gml:id="K2_4740911694_2">
<fid>47409-11694-i-913</fid>
<lfSpanFr gml:id="K2_4740911694_2-1">
<gml:timePosition>2020-06-30</gml:timePosition>
</lfSpanFr>
<devDate gml:id="K2_4740911694_2-2">
<gml:timePosition>2021-06-03</gml:timePosition>
</devDate>
<orgGILvl>25000</orgGILvl>
<vis>表示</vis>
<pos>
<gml:Point gml:id="K2_4740911694_2-g" srsName="fguuid:jgd2011.bl">
<gml:pos>32.486868611 131.692010278</gml:pos>
</gml:Point>
</pos>
<type>標高点（測点）</type>
<alti>22</alti>
</ElevPt>
<ElevPt gml:id="K2_4741211688_1">
<fid>47412-11688-i-14</fid>
<lfSpanFr gml:id="K2_4741211688_1-1">
<gml:timePosition>2020-06-30</gml:timePosition>
</lfSpanFr>
<devDate gml:id="K2_4741211688_1-2">
<gml:timePosition>2021-06-03</gml:timePosition>
</devDate>
<orgGILvl>25000</orgGILvl>
<vis>表示</vis>
<pos>
<gml:Point gml:id="K2_4741211688_1-g" srsName="fguuid:jgd2011.bl">
<gml:pos>32.474170833 131.703881389</gml:pos>
</gml:Point>
</pos>
<type>標高点（測点）</type>
<alti>48</alti>
</ElevPt>
<ElevPt gml:id="K2_4741211697_1">
<fid>47412-11697-i-362</fid>
<lfSpanFr gml:id="K2_4741211697_1-1">
<gml:timePosition>2020-06-30</gml:timePosition>
</lfSpanFr>
<devDate gml:id="K2_4741211697_1-2">
<gml:timePosition>2021-06-03</gml:timePosition>
</devDate>
<orgGILvl>25000</orgGILvl>
<vis>表示</vis>
<pos>
<gml:Point gml:id="K2_4741211697_1-g" srsName="fguuid:jgd2011.bl">
<gml:pos>32.495794722 131.703505000</gml:pos>
</gml:Point>
</pos>
<type>標高点（測点）</type>
<alti>224</alti>
</ElevPt>
<ElevPt gml:id="K2_4741511691_1">
<fid>47415-11691-i-12</fid>
<lfSpanFr gml:id="K2_4741511691_1-1">
<gml:timePosition>2020-06-30</gml:timePosition>
</lfSpanFr>
<devDate gml:id="K2_4741511691_1-2">
<gml:timePosition>2021-06-03</gml:timePosition>
</devDate>
<orgGILvl>25000</orgGILvl>
<vis>表示</vis>
<pos>
<gml:Point gml:id="K2_4741511691_1-g" srsName="fguuid:jgd2011.bl">
<gml:pos>32.480320556 131.708506944</gml:pos>
</gml:Point>
</pos>
<type>標高点（測点）</type>
<alti>69</alti>
</ElevPt>
<ElevPt gml:id="K2_4741511694_1">
<fid>47415-11694-i-293</fid>
<lfSpanFr gml:id="K2_4741511694_1-1">
<gml:timePosition>2020-06-30</gml:timePosition>
</lfSpanFr>
<devDate gml:id="K2_4741511694_1-2">
<gml:timePosition>2021-06-03</gml:timePosition>
</devDate>
<orgGILvl>25000</orgGILvl>
<vis>表示</vis>
<pos>
<gml:Point gml:id="K2_4741511694_1-g" srsName="fguuid:jgd2011.bl">
<gml:pos>32.484113611 131.712768056</gml:pos>
</gml:Point>
</pos>
<type>標高点（測点）</type>
<alti>160</alti>
</ElevPt>
<ElevPt gml:id="K2_4741811688_1">
<fid>47418-11688-i-12</fid>
<lfSpanFr gml:id="K2_4741811688_1-1">
<gml:timePosition>2020-06-30</gml:timePosition>
</lfSpanFr>
<devDate gml:id="K2_4741811688_1-2">
<gml:timePosition>2021-06-03</gml:timePosition>
</devDate>
<orgGILvl>25000</orgGILvl>
<vis>表示</vis>
<pos>
<gml:Point gml:id="K2_4741811688_1-g" srsName="fguuid:jgd2011.bl">
<gml:pos>32.473958056 131.717608889</gml:pos>
</gml:Point>
</pos>
<type>標高点（測点）</type>
<alti>22</alti>
</ElevPt>
<ElevPt gml:id="K2_4741811694_1">
<fid>47418-11694-i-98</fid>
<lfSpanFr gml:id="K2_4741811694_1-1">
<gml:timePosition>2020-06-30</gml:timePosition>
</lfSpanFr>
<devDate gml:id="K2_4741811694_1-2">
<gml:timePosition>2021-06-03</gml:timePosition>
</devDate>
<orgGILvl>25000</orgGILvl>
<vis>表示</vis>
<pos>
<gml:Point gml:id="K2_4741811694_1-g" srsName="fguuid:jgd2011.bl">
<gml:pos>32.487498333 131.721108611</gml:pos>
</gml:Point>
</pos>
<type>標高点（測点）</type>
<alti>40</alti>
</ElevPt>
<ElevPt gml:id="K2_4741811697_1">
<fid>47418-11697-i-303</fid>
<lfSpanFr gml:id="K2_4741811697_1-1">
<gml:timePosition>2020-06-30</gml:timePosition>
</lfSpanFr>
<devDate gml:id="K2_4741811697_1-2">
<gml:timePosition>2021-06-03</gml:timePosition>
</devDate>
<orgGILvl>25000</orgGILvl>
<vis>表示</vis>
<pos>
<gml:Point gml:id="K2_4741811697_1-g" srsName="fguuid:jgd2011.bl">
<gml:pos>32.498238611 131.722206667</gml:pos>
</gml:Point>
</pos>
<type>標高点（測点）</type>
<alti>206</alti>
</ElevPt>
<ElevPt gml:id="K2_4742111697_1">
<fid>47421-11697-i-80</fid>
<lfSpanFr gml:id="K2_4742111697_1-1">
<gml:timePosition>2020-06-30</gml:timePosition>
</lfSpanFr>
<devDate gml:id="K2_4742111697_1-2">
<gml:timePosition>2021-06-03</gml:timePosition>
</devDate>
<orgGILvl>25000</orgGILvl>
<vis>表示</vis>
<pos>
<gml:Point gml:id="K2_4742111697_1-g" srsName="fguuid:jgd2011.bl">
<gml:pos>32.493344444 131.726278333</gml:pos>
</gml:Point>
</pos>
<type>標高点（測点）</type>
<alti>74</alti>
</ElevPt>
</Dataset>
