<?xml version="1.0" encoding="utf-8"?>
<Dataset xsi:schemaLocation="http://fgd.gsi.go.jp/spec/2008/FGD_GMLSchema FGD_GMLSchema.xsd"
	xmlns:gml="http://www.opengis.net/gml/3.2"
	xmlns:xsi="http://www.w3.org/2001/XMLSchema-instance"
	xmlns:xlink="http://www.w3.org/1999/xlink"
	xmlns="http://fgd.gsi.go.jp/spec/2008/FGD_GMLSchema"
	gml:id="Dataset1">
  <gml:description>基盤地図情報メタデータ ID=fmdid:21-0701</gml:description>
  <gml:name>基盤地図情報ダウンロードデータ（GML版）</gml:name>
<RailCL gml:id="K21_4738511670_1">
<fid>47385-11670-s-6563</fid>
<lfSpanFr gml:id="K21_4738511670_1-1">
<gml:timePosition>2021-05-12</gml:timePosition>
</lfSpanFr>
<devDate gml:id="K21_4738511670_1-2">
<gml:timePosition>2021-06-03</gml:timePosition>
</devDate>
<orgGILvl>2500</orgGILvl>
<vis>表示</vis>
<loc>
<gml:Curve gml:id="K21_4738511670_1-g" srsName="fguuid:jgd2011.bl">
<gml:segments>
<gml:LineStringSegment>
<gml:posList>
32.418344092 131.627754363
32.418353741 131.627754536
32.418519669 131.627756217
</gml:posList>
</gml:LineStringSegment>
</gml:segments>
</gml:Curve>
</loc>
<type>普通鉄道</type>
</RailCL>
<RailCL gml:id="K21_4738511670_2">
<fid>47385-11670-s-6564</fid>
<lfSpanFr gml:id="K21_4738511670_2-1">
<gml:timePosition>2021-05-12</gml:timePosition>
</lfSpanFr>
<devDate gml:id="K21_4738511670_2-2">
<gml:timePosition>2021-06-03</gml:timePosition>
</devDate>
<orgGILvl>2500</orgGILvl>
<vis>表示</vis>
<loc>
<gml:Curve gml:id="K21_4738511670_2-g" srsName="fguuid:jgd2011.bl">
<gml:segments>
<gml:LineStringSegment>
<gml:posList>
32.418671078 131.627757691
32.419277166 131.627763802
32.420632731 131.627794455
</gml:posList>
</gml:LineStringSegment>
</gml:segments>
</gml:Curve>
</loc>
<type>普通鉄道</type>
</RailCL>
<RailCL gml:id="K21_4738511670_3">
<fid>47385-11670-s-6565</fid>
<lfSpanFr gml:id="K21_4738511670_3-1">
<gml:timePosition>2021-05-12</gml:timePosition>
</lfSpanFr>
<devDate gml:id="K21_4738511670_3-2">
<gml:timePosition>2021-06-03</gml:timePosition>
</devDate>
<orgGILvl>2500</orgGILvl>
<vis>表示</vis>
<loc>
<gml:Curve gml:id="K21_4738511670_3-g" srsName="fguuid:jgd2011.bl">
<gml:segments>
<gml:LineStringSegment>
<gml:posList>
32.417136701 131.627741005
32.416779326 131.627737148
32.416666667 131.627735900
</gml:posList>
</gml:LineStringSegment>
</gml:segments>
</gml:Curve>
</loc>
<type>普通鉄道</type>
</RailCL>
<RailCL gml:id="K21_4738511670_4">
<fid>47385-11670-s-6566</fid>
<lfSpanFr gml:id="K21_4738511670_4-1">
<gml:timePosition>2021-05-12</gml:timePosition>
</lfSpanFr>
<devDate gml:id="K21_4738511670_4-2">
<gml:timePosition>2021-06-03</gml:timePosition>
</devDate>
<orgGILvl>2500</orgGILvl>
<vis>非表示</vis>
<loc>
<gml:Curve gml:id="K21_4738511670_4-g" srsName="fguuid:jgd2011.bl">
<gml:segments>
<gml:LineStringSegment>
<gml:posList>
32.418519669 131.627756217
32.418671078 131.627757691
</gml:posList>
</gml:LineStringSegment>
</gml:segments>
</gml:Curve>
</loc>
<type>普通鉄道</type>
</RailCL>
<RailCL gml:id="K21_4738511670_5">
<fid>47385-11670-s-6567</fid>
<lfSpanFr gml:id="K21_4738511670_5-1">
<gml:timePosition>2021-05-12</gml:timePosition>
</lfSpanFr>
<devDate gml:id="K21_4738511670_5-2">
<gml:timePosition>2021-06-03</gml:timePosition>
</devDate>
<orgGILvl>2500</orgGILvl>
<vis>表示</vis>
<loc>
<gml:Curve gml:id="K21_4738511670_5-g" srsName="fguuid:jgd2011.bl">
<gml:segments>
<gml:LineStringSegment>
<gml:posList>
32.424245737 131.627972169
32.424028739 131.627975875
</gml:posList>
</gml:LineStringSegment>
</gml:segments>
</gml:Curve>
</loc>
<type>普通鉄道</type>
</RailCL>
<RailCL gml:id="K21_4738511670_6">
<fid>47385-11670-s-6568</fid>
<lfSpanFr gml:id="K21_4738511670_6-1">
<gml:timePosition>2021-05-12</gml:timePosition>
</lfSpanFr>
<devDate gml:id="K21_4738511670_6-2">
<gml:timePosition>2021-06-03</gml:timePosition>
</devDate>
<orgGILvl>2500</orgGILvl>
<vis>表示</vis>
<loc>
<gml:Curve gml:id="K21_4738511670_6-g" srsName="fguuid:jgd2011.bl">
<gml:segments>
<gml:LineStringSegment>
<gml:posList>
32.420632731 131.627794455
32.422214063 131.627853148
32.423398750 131.627898038
32.423611000 131.627906101
</gml:posList>
</gml:LineStringSegment>
</gml:segments>
</gml:Curve>
</loc>
<type>普通鉄道</type>
</RailCL>
<RailCL gml:id="K21_4738511670_7">
<fid>47385-11670-s-6569</fid>
<lfSpanFr gml:id="K21_4738511670_7-1">
<gml:timePosition>2021-05-12</gml:timePosition>
</lfSpanFr>
<devDate gml:id="K21_4738511670_7-2">
<gml:timePosition>2021-06-03</gml:timePosition>
</devDate>
<orgGILvl>2500</orgGILvl>
<vis>表示</vis>
<loc>
<gml:Curve gml:id="K21_4738511670_7-g" srsName="fguuid:jgd2011.bl">
<gml:segments>
<gml:LineStringSegment>
<gml:posList>
32.424245737 131.627972169
32.423611000 131.627906101
</gml:posList>
</gml:LineStringSegment>
</gml:segments>
</gml:Curve>
</loc>
<type>普通鉄道</type>
</RailCL>
<RailCL gml:id="K21_4738511670_8">
<fid>47385-11670-s-6570</fid>
<lfSpanFr gml:id="K21_4738511670_8-1">
<gml:timePosition>2021-05-12</gml:timePosition>
</lfSpanFr>
<devDate gml:id="K21_4738511670_8-2">
<gml:timePosition>2021-06-03</gml:timePosition>
</devDate>
<orgGILvl>2500</orgGILvl>
<vis>表示</vis>
<loc>
<gml:Curve gml:id="K21_4738511670_8-g" srsName="fguuid:jgd2011.bl">
<gml:segments>
<gml:LineStringSegment>
<gml:posList>
32.417136701 131.627741005
32.417182692 131.627741536
32.418344092 131.627754363
</gml:posList>
</gml:LineStringSegment>
</gml:segments>
</gml:Curve>
</loc>
<type>普通鉄道</type>
</RailCL>
<RailCL gml:id="K21_4738511670_9">
<fid>47385-11670-s-6571</fid>
<lfSpanFr gml:id="K21_4738511670_9-1">
<gml:timePosition>2021-05-12</gml:timePosition>
</lfSpanFr>
<devDate gml:id="K21_4738511670_9-2">
<gml:timePosition>2021-06-03</gml:timePosition>
</devDate>
<orgGILvl>2500</orgGILvl>
<vis>表示</vis>
<loc>
<gml:Curve gml:id="K21_4738511670_9-g" srsName="fguuid:jgd2011.bl">
<gml:segments>
<gml:LineStringSegment>
<gml:posList>
32.423611000 131.627906101
32.423692509 131.627909217
32.425000000 131.627943728
</gml:posList>
</gml:LineStringSegment>
</gml:segments>
</gml:Curve>
</loc>
<type>普通鉄道</type>
</RailCL>
<RailCL gml:id="K21_4738511670_10">
<fid>47385-11670-s-6572</fid>
<lfSpanFr gml:id="K21_4738511670_10-1">
<gml:timePosition>2021-05-12</gml:timePosition>
</lfSpanFr>
<devDate gml:id="K21_4738511670_10-2">
<gml:timePosition>2021-06-03</gml:timePosition>
</devDate>
<orgGILvl>2500</orgGILvl>
<vis>表示</vis>
<loc>
<gml:Curve gml:id="K21_4738511670_10-g" srsName="fguuid:jgd2011.bl">
<gml:segments>
<gml:LineStringSegment>
<gml:posList>
32.425000000 131.628050861
32.424842775 131.628038827
32.424245737 131.627972169
</gml:posList>
</gml:LineStringSegment>
</gml:segments>
</gml:Curve>
</loc>
<type>普通鉄道</type>
</RailCL>
<RailCL gml:id="K21_4738511673_1">
<fid>47385-11673-s-6966</fid>
<lfSpanFr gml:id="K21_4738511673_1-1">
<gml:timePosition>2021-05-12</gml:timePosition>
</lfSpanFr>
<devDate gml:id="K21_4738511673_1-2">
<gml:timePosition>2021-06-03</gml:timePosition>
</devDate>
<orgGILvl>2500</orgGILvl>
<vis>表示</vis>
<loc>
<gml:Curve gml:id="K21_4738511673_1-g" srsName="fguuid:jgd2011.bl">
<gml:segments>
<gml:LineStringSegment>
<gml:posList>
32.433333333 131.627592651
32.433205140 131.627604335
</gml:posList>
</gml:LineStringSegment>
</gml:segments>
</gml:Curve>
</loc>
<type>普通鉄道</type>
</RailCL>
<RailCL gml:id="K21_4738511673_2">
<fid>47385-11673-s-6967</fid>
<lfSpanFr gml:id="K21_4738511673_2-1">
<gml:timePosition>2021-05-12</gml:timePosition>
</lfSpanFr>
<devDate gml:id="K21_4738511673_2-2">
<gml:timePosition>2021-06-03</gml:timePosition>
</devDate>
<orgGILvl>2500</orgGILvl>
<vis>表示</vis>
<loc>
<gml:Curve gml:id="K21_4738511673_2-g" srsName="fguuid:jgd2011.bl">
<gml:segments>
<gml:LineStringSegment>
<gml:posList>
32.427701073 131.627974740
32.427564033 131.627985381
32.427321921 131.627997632
32.426986864 131.628021574
32.426684387 131.628040531
32.426370908 131.628059306
32.426331362 131.628059458
</gml:posList>
</gml:LineStringSegment>
</gml:segments>
</gml:Curve>
</loc>
<type>普通鉄道</type>
</RailCL>
<RailCL gml:id="K21_4738511673_3">
<fid>47385-11673-s-6968</fid>
<lfSpanFr gml:id="K21_4738511673_3-1">
<gml:timePosition>2021-05-12</gml:timePosition>
</lfSpanFr>
<devDate gml:id="K21_4738511673_3-2">
<gml:timePosition>2021-06-03</gml:timePosition>
</devDate>
<orgGILvl>2500</orgGILvl>
<vis>表示</vis>
<loc>
<gml:Curve gml:id="K21_4738511673_3-g" srsName="fguuid:jgd2011.bl">
<gml:segments>
<gml:LineStringSegment>
<gml:posList>
32.427173464 131.627964810
32.427577460 131.627969311
32.427701073 131.627974740
</gml:posList>
</gml:LineStringSegment>
</gml:segments>
</gml:Curve>
</loc>
<type>普通鉄道</type>
</RailCL>
<RailCL gml:id="K21_4738511673_4">
<fid>47385-11673-s-6969</fid>
<lfSpanFr gml:id="K21_4738511673_4-1">
<gml:timePosition>2021-05-12</gml:timePosition>
</lfSpanFr>
<devDate gml:id="K21_4738511673_4-2">
<gml:timePosition>2021-06-03</gml:timePosition>
</devDate>
<orgGILvl>2500</orgGILvl>
<vis>表示</vis>
<loc>
<gml:Curve gml:id="K21_4738511673_4-g" srsName="fguuid:jgd2011.bl">
<gml:segments>
<gml:LineStringSegment>
<gml:posList>
32.427701073 131.627974740
32.428484762 131.627974323
32.428850047 131.627965264
32.429116249 131.627950627
32.430067999 131.627885659
32.430262766 131.627873186
32.430785561 131.627835763
32.431085696 131.627816150
32.431377011 131.627792967
32.431584334 131.627776326
32.431861775 131.627750176
32.432340898 131.627699369
32.432614762 131.627667239
32.432877078 131.627636198
32.433070256 131.627616693
32.433205140 131.627604335
</gml:posList>
</gml:LineStringSegment>
</gml:segments>
</gml:Curve>
</loc>
<type>普通鉄道</type>
</RailCL>
<RailCL gml:id="K21_4738511673_5">
<fid>47385-11673-s-6970</fid>
<lfSpanFr gml:id="K21_4738511673_5-1">
<gml:timePosition>2021-05-12</gml:timePosition>
</lfSpanFr>
<devDate gml:id="K21_4738511673_5-2">
<gml:timePosition>2021-06-03</gml:timePosition>
</devDate>
<orgGILvl>2500</orgGILvl>
<vis>表示</vis>
<loc>
<gml:Curve gml:id="K21_4738511673_5-g" srsName="fguuid:jgd2011.bl">
<gml:segments>
<gml:LineStringSegment>
<gml:posList>
32.425000000 131.627943728
32.425030735 131.627944540
32.425315648 131.627947544
</gml:posList>
</gml:LineStringSegment>
</gml:segments>
</gml:Curve>
</loc>
<type>普通鉄道</type>
</RailCL>
<RailCL gml:id="K21_4738511673_6">
<fid>47385-11673-s-6971</fid>
<lfSpanFr gml:id="K21_4738511673_6-1">
<gml:timePosition>2021-05-12</gml:timePosition>
</lfSpanFr>
<devDate gml:id="K21_4738511673_6-2">
<gml:timePosition>2021-06-03</gml:timePosition>
</devDate>
<orgGILvl>2500</orgGILvl>
<vis>非表示</vis>
<loc>
<gml:Curve gml:id="K21_4738511673_6-g" srsName="fguuid:jgd2011.bl">
<gml:segments>
<gml:LineStringSegment>
<gml:posList>
32.425315648 131.627947544
32.426331361 131.627958254
</gml:posList>
</gml:LineStringSegment>
</gml:segments>
</gml:Curve>
</loc>
<type>普通鉄道</type>
</RailCL>
<RailCL gml:id="K21_4738511673_7">
<fid>47385-11673-s-6972</fid>
<lfSpanFr gml:id="K21_4738511673_7-1">
<gml:timePosition>2021-05-12</gml:timePosition>
</lfSpanFr>
<devDate gml:id="K21_4738511673_7-2">
<gml:timePosition>2021-06-03</gml:timePosition>
</devDate>
<orgGILvl>2500</orgGILvl>
<vis>表示</vis>
<loc>
<gml:Curve gml:id="K21_4738511673_7-g" srsName="fguuid:jgd2011.bl">
<gml:segments>
<gml:LineStringSegment>
<gml:posList>
32.425311827 131.628063384
32.425305741 131.628063408
32.425064269 131.628055779
32.425000000 131.628050861
</gml:posList>
</gml:LineStringSegment>
</gml:segments>
</gml:Curve>
</loc>
<type>普通鉄道</type>
</RailCL>
<RailCL gml:id="K21_4738511673_8">
<fid>47385-11673-s-6973</fid>
<lfSpanFr gml:id="K21_4738511673_8-1">
<gml:timePosition>2021-05-12</gml:timePosition>
</lfSpanFr>
<devDate gml:id="K21_4738511673_8-2">
<gml:timePosition>2021-06-03</gml:timePosition>
</devDate>
<orgGILvl>2500</orgGILvl>
<vis>非表示</vis>
<loc>
<gml:Curve gml:id="K21_4738511673_8-g" srsName="fguuid:jgd2011.bl">
<gml:segments>
<gml:LineStringSegment>
<gml:posList>
32.426331362 131.628059458
32.425311827 131.628063384
</gml:posList>
</gml:LineStringSegment>
</gml:segments>
</gml:Curve>
</loc>
<type>普通鉄道</type>
</RailCL>
<RailCL gml:id="K21_4738511673_9">
<fid>47385-11673-s-6974</fid>
<lfSpanFr gml:id="K21_4738511673_9-1">
<gml:timePosition>2021-05-12</gml:timePosition>
</lfSpanFr>
<devDate gml:id="K21_4738511673_9-2">
<gml:timePosition>2021-06-03</gml:timePosition>
</devDate>
<orgGILvl>2500</orgGILvl>
<vis>表示</vis>
<loc>
<gml:Curve gml:id="K21_4738511673_9-g" srsName="fguuid:jgd2011.bl">
<gml:segments>
<gml:LineStringSegment>
<gml:posList>
32.426331361 131.627958254
32.426736721 131.627962528
32.427173464 131.627964810
</gml:posList>
</gml:LineStringSegment>
</gml:segments>
</gml:Curve>
</loc>
<type>普通鉄道</type>
</RailCL>
<RailCL gml:id="K21_4738511673_10">
<fid>47385-11673-s-6975</fid>
<lfSpanFr gml:id="K21_4738511673_10-1">
<gml:timePosition>2021-05-12</gml:timePosition>
</lfSpanFr>
<devDate gml:id="K21_4738511673_10-2">
<gml:timePosition>2021-06-03</gml:timePosition>
</devDate>
<orgGILvl>2500</orgGILvl>
<vis>表示</vis>
<loc>
<gml:Curve gml:id="K21_4738511673_10-g" srsName="fguuid:jgd2011.bl">
<gml:segments>
<gml:LineStringSegment>
<gml:posList>
32.427173464 131.627964810
32.427354046 131.627939479
32.427516319 131.627932522
</gml:posList>
</gml:LineStringSegment>
</gml:segments>
</gml:Curve>
</loc>
<type>普通鉄道</type>
</RailCL>
<RailCL gml:id="K21_4738511676_1">
<fid>47385-11676-s-7659</fid>
<lfSpanFr gml:id="K21_4738511676_1-1">
<gml:timePosition>2021-05-12</gml:timePosition>
</lfSpanFr>
<devDate gml:id="K21_4738511676_1-2">
<gml:timePosition>2021-06-03</gml:timePosition>
</devDate>
<orgGILvl>2500</orgGILvl>
<vis>表示</vis>
<loc>
<gml:Curve gml:id="K21_4738511676_1-g" srsName="fguuid:jgd2011.bl">
<gml:segments>
<gml:LineStringSegment>
<gml:posList>
32.441666667 131.628061236
32.441400530 131.627901041
32.441055805 131.627693400
32.440795234 131.627537390
32.440610657 131.627423489
32.440494575 131.627354517
32.440373267 131.627284657
32.440238721 131.627210878
32.440114031 131.627150141
32.439970416 131.627086615
32.439815604 131.627025883
32.439647688 131.626970803
32.439517102 131.626934911
32.439322959 131.626894644
32.439184913 131.626871888
32.439007343 131.626853963
32.438853441 131.626845879
32.438724843 131.626845627
32.438661976 131.626847532
32.438566898 131.626852723
32.438484167 131.626859488
32.438394299 131.626868650
32.438289975 131.626883348
32.438207202 131.626898514
32.438113774 131.626916478
32.437976086 131.626948491
32.437768498 131.627000546
32.437491014 131.627071470
32.437107412 131.627173137
32.436769790 131.627259384
32.436548050 131.627310062
32.436479533 131.627323838
32.436411101 131.627338571
32.436269665 131.627362582
32.435981156 131.627401951
32.435789505 131.627422636
32.435682243 131.627429550
32.435463821 131.627447816
32.435152952 131.627467782
32.434765664 131.627494769
32.434515068 131.627508665
32.434104312 131.627539529
32.433702871 131.627565567
32.433392715 131.627587238
32.433333333 131.627592651
</gml:posList>
</gml:LineStringSegment>
</gml:segments>
</gml:Curve>
</loc>
<type>普通鉄道</type>
</RailCL>
<RailCL gml:id="K21_4738511679_1">
<fid>47385-11679-s-4434</fid>
<lfSpanFr gml:id="K21_4738511679_1-1">
<gml:timePosition>2021-05-12</gml:timePosition>
</lfSpanFr>
<devDate gml:id="K21_4738511679_1-2">
<gml:timePosition>2021-06-03</gml:timePosition>
</devDate>
<orgGILvl>2500</orgGILvl>
<vis>表示</vis>
<loc>
<gml:Curve gml:id="K21_4738511679_1-g" srsName="fguuid:jgd2011.bl">
<gml:segments>
<gml:LineStringSegment>
<gml:posList>
32.447407003 131.633333333
32.447160987 131.632772799
32.447031889 131.632476869
32.446928024 131.632238334
32.446821692 131.632006270
32.446729730 131.631821741
32.446661645 131.631695343
32.446584924 131.631564736
32.446519250 131.631461008
32.446445761 131.631351057
32.446357370 131.631227708
32.446257822 131.631099070
32.446138949 131.630957536
32.446030326 131.630840322
32.445907302 131.630717158
32.445761958 131.630585225
32.445627236 131.630475062
32.445512598 131.630388117
32.445272899 131.630224899
32.444162746 131.629559389
32.443727558 131.629300164
32.443377078 131.629089919
32.443031184 131.628881942
32.442701203 131.628683967
32.442422118 131.628515593
32.442074161 131.628305159
32.441681866 131.628070385
32.441666667 131.628061236
</gml:posList>
</gml:LineStringSegment>
</gml:segments>
</gml:Curve>
</loc>
<type>普通鉄道</type>
</RailCL>
<RailCL gml:id="K21_4738811673_1">
<fid>47388-11673-s-4566</fid>
<lfSpanFr gml:id="K21_4738811673_1-1">
<gml:timePosition>2021-05-12</gml:timePosition>
</lfSpanFr>
<devDate gml:id="K21_4738811673_1-2">
<gml:timePosition>2021-06-03</gml:timePosition>
</devDate>
<orgGILvl>2500</orgGILvl>
<vis>表示</vis>
<loc>
<gml:Curve gml:id="K21_4738811673_1-g" srsName="fguuid:jgd2011.bl">
<gml:segments>
<gml:LineStringSegment>
<gml:posList>
32.432062237 131.638037995
32.432464237 131.637991272
</gml:posList>
</gml:LineStringSegment>
</gml:segments>
</gml:Curve>
</loc>
<type>索道</type>
</RailCL>
<RailCL gml:id="K21_4738811673_2">
<fid>47388-11673-s-4567</fid>
<lfSpanFr gml:id="K21_4738811673_2-1">
<gml:timePosition>2021-05-12</gml:timePosition>
</lfSpanFr>
<devDate gml:id="K21_4738811673_2-2">
<gml:timePosition>2021-06-03</gml:timePosition>
</devDate>
<orgGILvl>2500</orgGILvl>
<vis>表示</vis>
<loc>
<gml:Curve gml:id="K21_4738811673_2-g" srsName="fguuid:jgd2011.bl">
<gml:segments>
<gml:LineStringSegment>
<gml:posList>
32.432563588 131.637979424
32.432680997 131.637963237
</gml:posList>
</gml:LineStringSegment>
</gml:segments>
</gml:Curve>
</loc>
<type>索道</type>
</RailCL>
<RailCL gml:id="K21_4738811679_1">
<fid>47388-11679-s-3745</fid>
<lfSpanFr gml:id="K21_4738811679_1-1">
<gml:timePosition>2021-05-12</gml:timePosition>
</lfSpanFr>
<devDate gml:id="K21_4738811679_1-2">
<gml:timePosition>2021-06-03</gml:timePosition>
</devDate>
<orgGILvl>2500</orgGILvl>
<vis>表示</vis>
<loc>
<gml:Curve gml:id="K21_4738811679_1-g" srsName="fguuid:jgd2011.bl">
<gml:segments>
<gml:LineStringSegment>
<gml:posList>
32.449633834 131.638391845
32.449573124 131.638270701
32.449503289 131.638117053
32.449359094 131.637777607
32.449169665 131.637341484
32.448995903 131.636945570
32.448850683 131.636611970
32.448692596 131.636254457
32.448563566 131.635964792
32.448370927 131.635520039
32.448208487 131.635148886
32.448055919 131.634804923
32.447893469 131.634435581
32.447660747 131.633908447
32.447489634 131.633521604
32.447407003 131.633333333
</gml:posList>
</gml:LineStringSegment>
</gml:segments>
</gml:Curve>
</loc>
<type>普通鉄道</type>
</RailCL>
<RailCL gml:id="K21_4738811679_2">
<fid>47388-11679-s-3746</fid>
<lfSpanFr gml:id="K21_4738811679_2-1">
<gml:timePosition>2021-05-12</gml:timePosition>
</lfSpanFr>
<devDate gml:id="K21_4738811679_2-2">
<gml:timePosition>2021-06-03</gml:timePosition>
</devDate>
<orgGILvl>2500</orgGILvl>
<vis>表示</vis>
<loc>
<gml:Curve gml:id="K21_4738811679_2-g" srsName="fguuid:jgd2011.bl">
<gml:segments>
<gml:LineStringSegment>
<gml:posList>
32.449791938 131.638691188
32.449747960 131.638613981
32.449633834 131.638391845
</gml:posList>
</gml:LineStringSegment>
</gml:segments>
</gml:Curve>
</loc>
<type>普通鉄道</type>
</RailCL>
<RailCL gml:id="K21_4738811679_3">
<fid>47388-11679-s-3747</fid>
<lfSpanFr gml:id="K21_4738811679_3-1">
<gml:timePosition>2021-05-12</gml:timePosition>
</lfSpanFr>
<devDate gml:id="K21_4738811679_3-2">
<gml:timePosition>2021-06-03</gml:timePosition>
</devDate>
<orgGILvl>2500</orgGILvl>
<vis>表示</vis>
<loc>
<gml:Curve gml:id="K21_4738811679_3-g" srsName="fguuid:jgd2011.bl">
<gml:segments>
<gml:LineStringSegment>
<gml:posList>
32.443658700 131.640135989
32.443946750 131.639744101
</gml:posList>
</gml:LineStringSegment>
</gml:segments>
</gml:Curve>
</loc>
<type>索道</type>
</RailCL>
<RailCL gml:id="K21_4738811679_4">
<fid>47388-11679-s-3748</fid>
<lfSpanFr gml:id="K21_4738811679_4-1">
<gml:timePosition>2021-05-12</gml:timePosition>
</lfSpanFr>
<devDate gml:id="K21_4738811679_4-2">
<gml:timePosition>2021-06-03</gml:timePosition>
</devDate>
<orgGILvl>2500</orgGILvl>
<vis>表示</vis>
<loc>
<gml:Curve gml:id="K21_4738811679_4-g" srsName="fguuid:jgd2011.bl">
<gml:segments>
<gml:LineStringSegment>
<gml:posList>
32.450000000 131.639026440
32.449956581 131.638963882
32.449895995 131.638871667
32.449869971 131.638828408
32.449837704 131.638771492
32.449791938 131.638691188
</gml:posList>
</gml:LineStringSegment>
</gml:segments>
</gml:Curve>
</loc>
<type>普通鉄道</type>
</RailCL>
<RailCL gml:id="K21_4738811682_1">
<fid>47388-11682-s-2844</fid>
<lfSpanFr gml:id="K21_4738811682_1-1">
<gml:timePosition>2021-05-12</gml:timePosition>
</lfSpanFr>
<devDate gml:id="K21_4738811682_1-2">
<gml:timePosition>2021-06-03</gml:timePosition>
</devDate>
<orgGILvl>2500</orgGILvl>
<vis>表示</vis>
<loc>
<gml:Curve gml:id="K21_4738811682_1-g" srsName="fguuid:jgd2011.bl">
<gml:segments>
<gml:LineStringSegment>
<gml:posList>
32.453156549 131.641666667
32.453008701 131.641554699
32.452514964 131.641180957
32.452032738 131.640813150
32.451716244 131.640573833
32.451426596 131.640357468
32.451099953 131.640109892
32.450911653 131.639967741
32.450803234 131.639882951
32.450733096 131.639825127
32.450663323 131.639766243
32.450606309 131.639716703
32.450562772 131.639677149
32.450488737 131.639605152
32.450372457 131.639487762
32.450329321 131.639440127
32.450256761 131.639361973
32.450212731 131.639312737
32.450182796 131.639276045
32.450140061 131.639220543
32.450091694 131.639155217
32.450034917 131.639076749
32.450000000 131.639026440
</gml:posList>
</gml:LineStringSegment>
</gml:segments>
</gml:Curve>
</loc>
<type>普通鉄道</type>
</RailCL>
<RailCL gml:id="K21_4739111682_1">
<fid>47391-11682-s-3493</fid>
<lfSpanFr gml:id="K21_4739111682_1-1">
<gml:timePosition>2021-05-12</gml:timePosition>
</lfSpanFr>
<devDate gml:id="K21_4739111682_1-2">
<gml:timePosition>2021-06-03</gml:timePosition>
</devDate>
<orgGILvl>2500</orgGILvl>
<vis>表示</vis>
<loc>
<gml:Curve gml:id="K21_4739111682_1-g" srsName="fguuid:jgd2011.bl">
<gml:segments>
<gml:LineStringSegment>
<gml:posList>
32.457923761 131.644739734
32.458333333 131.644870111
</gml:posList>
</gml:LineStringSegment>
</gml:segments>
</gml:Curve>
</loc>
<type>普通鉄道</type>
</RailCL>
<RailCL gml:id="K21_4739111682_2">
<fid>47391-11682-s-3494</fid>
<lfSpanFr gml:id="K21_4739111682_2-1">
<gml:timePosition>2021-05-12</gml:timePosition>
</lfSpanFr>
<devDate gml:id="K21_4739111682_2-2">
<gml:timePosition>2021-06-03</gml:timePosition>
</devDate>
<orgGILvl>2500</orgGILvl>
<vis>表示</vis>
<loc>
<gml:Curve gml:id="K21_4739111682_2-g" srsName="fguuid:jgd2011.bl">
<gml:segments>
<gml:LineStringSegment>
<gml:posList>
32.457923761 131.644739734
32.457720998 131.644660519
32.457434621 131.644546794
32.457265431 131.644478046
32.457033083 131.644379811
32.456947962 131.644342508
32.456883273 131.644312903
32.456790704 131.644268103
32.456688699 131.644217065
32.456592548 131.644167559
32.456513584 131.644125195
32.456383825 131.644052156
32.456287169 131.643995413
32.456205099 131.643943455
32.456104433 131.643877324
32.455986612 131.643797669
32.455883180 131.643725775
32.455726025 131.643613506
32.455593679 131.643517156
32.455441575 131.643404817
32.455076924 131.643131103
32.454629556 131.642790432
32.453976668 131.642289507
32.453576276 131.641985554
32.453328965 131.641797241
32.453156549 131.641666667
</gml:posList>
</gml:LineStringSegment>
</gml:segments>
</gml:Curve>
</loc>
<type>普通鉄道</type>
</RailCL>
<RailCL gml:id="K21_4739111685_1">
<fid>47391-11685-s-6810</fid>
<lfSpanFr gml:id="K21_4739111685_1-1">
<gml:timePosition>2020-06-30</gml:timePosition>
</lfSpanFr>
<devDate gml:id="K21_4739111685_1-2">
<gml:timePosition>2021-06-03</gml:timePosition>
</devDate>
<orgGILvl>2500</orgGILvl>
<vis>表示</vis>
<loc>
<gml:Curve gml:id="K21_4739111685_1-g" srsName="fguuid:jgd2011.bl">
<gml:segments>
<gml:LineStringSegment>
<gml:posList>
32.458333333 131.644870111
32.458360388 131.644880201
</gml:posList>
</gml:LineStringSegment>
</gml:segments>
</gml:Curve>
</loc>
<type>普通鉄道</type>
</RailCL>
<RailCL gml:id="K21_4739111685_2">
<fid>47391-11685-s-7149</fid>
<lfSpanFr gml:id="K21_4739111685_2-1">
<gml:timePosition>2020-06-30</gml:timePosition>
</lfSpanFr>
<devDate gml:id="K21_4739111685_2-2">
<gml:timePosition>2021-06-03</gml:timePosition>
</devDate>
<orgGILvl>2500</orgGILvl>
<vis>表示</vis>
<loc>
<gml:Curve gml:id="K21_4739111685_2-g" srsName="fguuid:jgd2011.bl">
<gml:segments>
<gml:LineStringSegment>
<gml:posList>
32.464810911 131.644912553
32.464828542 131.644912456
32.464874746 131.644913572
32.464964636 131.644917702
32.465075409 131.644925917
32.465144635 131.644932633
32.465180874 131.644937104
32.465218929 131.644942630
32.465295464 131.644955451
32.465396443 131.644974500
32.465486965 131.644994399
32.465576767 131.645017506
32.465659044 131.645041229
32.465755756 131.645072800
32.465857877 131.645108218
32.465892728 131.645121433
32.465962105 131.645149522
32.466029285 131.645178861
32.466064264 131.645195131
32.466177266 131.645250743
32.466279364 131.645302840
32.466382512 131.645359541
32.466512524 131.645434188
32.466638984 131.645510214
32.466666667 131.645527158
</gml:posList>
</gml:LineStringSegment>
</gml:segments>
</gml:Curve>
</loc>
<type>普通鉄道</type>
</RailCL>
<RailCL gml:id="K21_4739111685_3">
<fid>47391-11685-s-7150</fid>
<lfSpanFr gml:id="K21_4739111685_3-1">
<gml:timePosition>2020-06-30</gml:timePosition>
</lfSpanFr>
<devDate gml:id="K21_4739111685_3-2">
<gml:timePosition>2021-06-03</gml:timePosition>
</devDate>
<orgGILvl>2500</orgGILvl>
<vis>表示</vis>
<loc>
<gml:Curve gml:id="K21_4739111685_3-g" srsName="fguuid:jgd2011.bl">
<gml:segments>
<gml:LineStringSegment>
<gml:posList>
32.458360388 131.644880201
32.458535680 131.644973141
32.458699782 131.645045928
32.458771371 131.645073488
32.458847106 131.645101641
32.459004744 131.645158172
32.459157485 131.645210881
32.459234084 131.645235860
32.459312499 131.645260150
32.459467677 131.645305613
32.459608448 131.645344909
32.459671734 131.645361476
32.459730306 131.645375775
32.459840699 131.645400346
32.459953388 131.645423743
32.460010912 131.645434779
32.460068829 131.645445032
32.460188195 131.645464019
32.460314213 131.645482118
32.460376803 131.645490234
32.460550639 131.645509439
32.460658208 131.645520067
32.460714069 131.645524731
32.460773641 131.645528783
32.460902543 131.645534915
32.460970538 131.645536953
32.461108542 131.645539193
32.461243896 131.645539211
32.461310690 131.645538156
32.461376938 131.645536278
32.461501383 131.645530581
32.461556763 131.645527072
32.461663889 131.645518529
32.461841439 131.645500967
32.461956422 131.645486746
32.462013351 131.645478558
32.462071232 131.645469450
32.462189159 131.645448996
32.462374966 131.645412941
32.462583482 131.645367731
32.462714909 131.645336937
32.462758847 131.645326039
</gml:posList>
</gml:LineStringSegment>
</gml:segments>
</gml:Curve>
</loc>
<type>普通鉄道</type>
</RailCL>
<RailCL gml:id="K21_4739111685_4">
<fid>47391-11685-s-7151</fid>
<lfSpanFr gml:id="K21_4739111685_4-1">
<gml:timePosition>2020-06-30</gml:timePosition>
</lfSpanFr>
<devDate gml:id="K21_4739111685_4-2">
<gml:timePosition>2021-06-03</gml:timePosition>
</devDate>
<orgGILvl>2500</orgGILvl>
<vis>表示</vis>
<loc>
<gml:Curve gml:id="K21_4739111685_4-g" srsName="fguuid:jgd2011.bl">
<gml:segments>
<gml:LineStringSegment>
<gml:posList>
32.463838954 131.645050285
32.464006367 131.645008301
32.464155227 131.644975503
32.464245619 131.644957361
32.464290677 131.644949651
32.464337887 131.644942765
32.464430805 131.644931471
32.464543499 131.644920360
32.464632555 131.644914878
32.464697836 131.644913407
</gml:posList>
</gml:LineStringSegment>
</gml:segments>
</gml:Curve>
</loc>
<type>普通鉄道</type>
</RailCL>
<RailCL gml:id="K21_4739111685_5">
<fid>47391-11685-s-7152</fid>
<lfSpanFr gml:id="K21_4739111685_5-1">
<gml:timePosition>2020-06-30</gml:timePosition>
</lfSpanFr>
<devDate gml:id="K21_4739111685_5-2">
<gml:timePosition>2021-06-03</gml:timePosition>
</devDate>
<orgGILvl>2500</orgGILvl>
<vis>表示</vis>
<loc>
<gml:Curve gml:id="K21_4739111685_5-g" srsName="fguuid:jgd2011.bl">
<gml:segments>
<gml:LineStringSegment>
<gml:posList>
32.464697836 131.644913407
32.464709390 131.644913149
32.464810911 131.644912553
</gml:posList>
</gml:LineStringSegment>
</gml:segments>
</gml:Curve>
</loc>
<type>普通鉄道</type>
</RailCL>
<RailCL gml:id="K21_4739111685_6">
<fid>47391-11685-s-7153</fid>
<lfSpanFr gml:id="K21_4739111685_6-1">
<gml:timePosition>2020-06-30</gml:timePosition>
</lfSpanFr>
<devDate gml:id="K21_4739111685_6-2">
<gml:timePosition>2021-06-03</gml:timePosition>
</devDate>
<orgGILvl>2500</orgGILvl>
<vis>表示</vis>
<loc>
<gml:Curve gml:id="K21_4739111685_6-g" srsName="fguuid:jgd2011.bl">
<gml:segments>
<gml:LineStringSegment>
<gml:posList>
32.462758847 131.645326039
32.462785087 131.645319535
32.463031538 131.645255979
32.463288096 131.645190910
32.463569196 131.645119973
32.463838954 131.645050285
</gml:posList>
</gml:LineStringSegment>
</gml:segments>
</gml:Curve>
</loc>
<type>普通鉄道</type>
</RailCL>
<RailCL gml:id="K21_4739111688_1">
<fid>47391-11688-s-8519</fid>
<lfSpanFr gml:id="K21_4739111688_1-1">
<gml:timePosition>2020-06-30</gml:timePosition>
</lfSpanFr>
<devDate gml:id="K21_4739111688_1-2">
<gml:timePosition>2021-06-03</gml:timePosition>
</devDate>
<orgGILvl>2500</orgGILvl>
<vis>表示</vis>
<loc>
<gml:Curve gml:id="K21_4739111688_1-g" srsName="fguuid:jgd2011.bl">
<gml:segments>
<gml:LineStringSegment>
<gml:posList>
32.466666667 131.645527158
32.466783282 131.645598537
32.466927617 131.645686595
32.467089182 131.645784467
32.467277150 131.645898326
32.467482376 131.646023339
32.467690177 131.646147276
32.467908244 131.646277818
32.468088624 131.646388858
32.468290920 131.646511799
32.468489070 131.646628872
32.468693834 131.646750704
32.468913556 131.646885219
32.469132481 131.647017015
32.469345614 131.647145559
32.469490669 131.647233786
32.469557469 131.647275561
32.469616728 131.647313995
32.469723014 131.647386382
32.469828092 131.647460452
32.469877067 131.647496100
32.469921354 131.647529513
32.470005134 131.647596133
32.470096392 131.647672498
32.470143668 131.647714113
32.470190548 131.647757299
32.470282605 131.647846787
32.470372628 131.647939048
32.470417399 131.647987049
32.470462826 131.648037427
32.470564852 131.648156073
32.470652952 131.648262501
32.470710842 131.648333841
32.470774059 131.648412773
32.470849848 131.648514369
32.470951900 131.648643441
32.471094384 131.648822547
32.471257278 131.649027578
32.471413019 131.649223994
32.471568796 131.649418645
32.471709191 131.649595324
32.471806478 131.649712651
32.471855848 131.649769496
32.471904385 131.649823334
32.471993692 131.649919508
32.472068735 131.650000000
</gml:posList>
</gml:LineStringSegment>
</gml:segments>
</gml:Curve>
</loc>
<type>普通鉄道</type>
</RailCL>
<RailCL gml:id="K21_4739411688_1">
<fid>47394-11688-s-7925</fid>
<lfSpanFr gml:id="K21_4739411688_1-1">
<gml:timePosition>2020-06-30</gml:timePosition>
</lfSpanFr>
<devDate gml:id="K21_4739411688_1-2">
<gml:timePosition>2021-06-03</gml:timePosition>
</devDate>
<orgGILvl>2500</orgGILvl>
<vis>表示</vis>
<loc>
<gml:Curve gml:id="K21_4739411688_1-g" srsName="fguuid:jgd2011.bl">
<gml:segments>
<gml:LineStringSegment>
<gml:posList>
32.472068735 131.650000000
32.472106524 131.650040533
32.472147268 131.650082635
32.472236034 131.650171657
32.472375435 131.650306448
32.472515061 131.650436103
32.472600034 131.650512311
32.472640711 131.650547806
32.472760016 131.650648464
32.472876229 131.650743429
32.473003137 131.650842206
32.473132899 131.650938206
32.473251198 131.651023899
32.473376845 131.651115242
32.473505908 131.651212035
32.473508134 131.651213698
</gml:posList>
</gml:LineStringSegment>
</gml:segments>
</gml:Curve>
</loc>
<type>普通鉄道</type>
</RailCL>
<RailCL gml:id="K21_4739411688_2">
<fid>47394-11688-s-7926</fid>
<lfSpanFr gml:id="K21_4739411688_2-1">
<gml:timePosition>2020-06-30</gml:timePosition>
</lfSpanFr>
<devDate gml:id="K21_4739411688_2-2">
<gml:timePosition>2021-06-03</gml:timePosition>
</devDate>
<orgGILvl>2500</orgGILvl>
<vis>非表示</vis>
<loc>
<gml:Curve gml:id="K21_4739411688_2-g" srsName="fguuid:jgd2011.bl">
<gml:segments>
<gml:LineStringSegment>
<gml:posList>
32.473508134 131.651213698
32.473594297 131.651278099
32.473608125 131.651288129
</gml:posList>
</gml:LineStringSegment>
</gml:segments>
</gml:Curve>
</loc>
<type>普通鉄道</type>
</RailCL>
<RailCL gml:id="K21_4739411688_3">
<fid>47394-11688-s-7927</fid>
<lfSpanFr gml:id="K21_4739411688_3-1">
<gml:timePosition>2020-06-30</gml:timePosition>
</lfSpanFr>
<devDate gml:id="K21_4739411688_3-2">
<gml:timePosition>2021-06-03</gml:timePosition>
</devDate>
<orgGILvl>2500</orgGILvl>
<vis>表示</vis>
<loc>
<gml:Curve gml:id="K21_4739411688_3-g" srsName="fguuid:jgd2011.bl">
<gml:segments>
<gml:LineStringSegment>
<gml:posList>
32.473608125 131.651288129
32.473637584 131.651309497
32.473766260 131.651399245
32.473920425 131.651510859
32.474095721 131.651639593
32.474282924 131.651776500
32.474474733 131.651915579
32.474660616 131.652051403
32.474854302 131.652191836
32.475000000 131.652297378
</gml:posList>
</gml:LineStringSegment>
</gml:segments>
</gml:Curve>
</loc>
<type>普通鉄道</type>
</RailCL>
<RailCL gml:id="K21_4739411691_1">
<fid>47394-11691-s-8263</fid>
<lfSpanFr gml:id="K21_4739411691_1-1">
<gml:timePosition>2020-06-30</gml:timePosition>
</lfSpanFr>
<devDate gml:id="K21_4739411691_1-2">
<gml:timePosition>2021-06-03</gml:timePosition>
</devDate>
<orgGILvl>2500</orgGILvl>
<vis>表示</vis>
<loc>
<gml:Curve gml:id="K21_4739411691_1-g" srsName="fguuid:jgd2011.bl">
<gml:segments>
<gml:LineStringSegment>
<gml:posList>
32.479223696 131.655310781
32.479115121 131.655232233
32.479064157 131.655196264
32.478988650 131.655145543
32.478912485 131.655098274
32.478862261 131.655069163
32.478726604 131.654994058
</gml:posList>
</gml:LineStringSegment>
</gml:segments>
</gml:Curve>
</loc>
<type>普通鉄道</type>
</RailCL>
<RailCL gml:id="K21_4739411691_2">
<fid>47394-11691-s-8264</fid>
<lfSpanFr gml:id="K21_4739411691_2-1">
<gml:timePosition>2020-06-30</gml:timePosition>
</lfSpanFr>
<devDate gml:id="K21_4739411691_2-2">
<gml:timePosition>2021-06-03</gml:timePosition>
</devDate>
<orgGILvl>2500</orgGILvl>
<vis>表示</vis>
<loc>
<gml:Curve gml:id="K21_4739411691_2-g" srsName="fguuid:jgd2011.bl">
<gml:segments>
<gml:LineStringSegment>
<gml:posList>
32.479295498 131.655420152
32.479013974 131.655205934
32.478832741 131.655071588
32.478726604 131.654994058
32.478643753 131.654933538
32.478401840 131.654755176
32.478150294 131.654570043
32.477876074 131.654371341
32.477627177 131.654189984
32.477359244 131.653994501
32.477135920 131.653832272
</gml:posList>
</gml:LineStringSegment>
</gml:segments>
</gml:Curve>
</loc>
<type>普通鉄道</type>
</RailCL>
<RailCL gml:id="K21_4739411691_3">
<fid>47394-11691-s-8265</fid>
<lfSpanFr gml:id="K21_4739411691_3-1">
<gml:timePosition>2020-06-30</gml:timePosition>
</lfSpanFr>
<devDate gml:id="K21_4739411691_3-2">
<gml:timePosition>2021-06-03</gml:timePosition>
</devDate>
<orgGILvl>2500</orgGILvl>
<vis>表示</vis>
<loc>
<gml:Curve gml:id="K21_4739411691_3-g" srsName="fguuid:jgd2011.bl">
<gml:segments>
<gml:LineStringSegment>
<gml:posList>
32.478889254 131.655152089
32.478583375 131.654977146
32.478361173 131.654849676
32.478252595 131.654785310
32.478202103 131.654753953
32.478148551 131.654719573
32.478036268 131.654644595
32.477980763 131.654606116
32.477867051 131.654525011
32.477679919 131.654388913
32.477502221 131.654259618
32.477397813 131.654182357
32.477348902 131.654145235
32.477301369 131.654108335
32.477209954 131.654034999
32.477165901 131.653998508
32.477076757 131.653922039
32.476916001 131.653777580
32.476742590 131.653619551
32.476600313 131.653487121
</gml:posList>
</gml:LineStringSegment>
</gml:segments>
</gml:Curve>
</loc>
<type>普通鉄道</type>
</RailCL>
<RailCL gml:id="K21_4739411691_4">
<fid>47394-11691-s-8266</fid>
<lfSpanFr gml:id="K21_4739411691_4-1">
<gml:timePosition>2020-06-30</gml:timePosition>
</lfSpanFr>
<devDate gml:id="K21_4739411691_4-2">
<gml:timePosition>2021-06-03</gml:timePosition>
</devDate>
<orgGILvl>2500</orgGILvl>
<vis>表示</vis>
<loc>
<gml:Curve gml:id="K21_4739411691_4-g" srsName="fguuid:jgd2011.bl">
<gml:segments>
<gml:LineStringSegment>
<gml:posList>
32.475936113 131.653037362
32.476016144 131.653097614
32.476120651 131.653175000
32.476156790 131.653200454
32.476219830 131.653241593
32.476269421 131.653271144
32.476301616 131.653288335
32.476369634 131.653319136
</gml:posList>
</gml:LineStringSegment>
</gml:segments>
</gml:Curve>
</loc>
<type>普通鉄道</type>
</RailCL>
<RailCL gml:id="K21_4739411691_5">
<fid>47394-11691-s-8267</fid>
<lfSpanFr gml:id="K21_4739411691_5-1">
<gml:timePosition>2020-06-30</gml:timePosition>
</lfSpanFr>
<devDate gml:id="K21_4739411691_5-2">
<gml:timePosition>2021-06-03</gml:timePosition>
</devDate>
<orgGILvl>2500</orgGILvl>
<vis>表示</vis>
<loc>
<gml:Curve gml:id="K21_4739411691_5-g" srsName="fguuid:jgd2011.bl">
<gml:segments>
<gml:LineStringSegment>
<gml:posList>
32.480977204 131.656661198
32.481039554 131.656709709
32.481146799 131.656796103
32.481266303 131.656895451
32.481332469 131.656952427
32.481401454 131.657013701
32.481536976 131.657138743
32.481598300 131.657197344
32.481708214 131.657306123
32.481861661 131.657464289
32.482027708 131.657634378
32.482189224 131.657798201
32.482370495 131.657986830
32.482598161 131.658224282
32.482702786 131.658333333
</gml:posList>
</gml:LineStringSegment>
</gml:segments>
</gml:Curve>
</loc>
<type>普通鉄道</type>
</RailCL>
<RailCL gml:id="K21_4739411691_6">
<fid>47394-11691-s-8268</fid>
<lfSpanFr gml:id="K21_4739411691_6-1">
<gml:timePosition>2020-06-30</gml:timePosition>
</lfSpanFr>
<devDate gml:id="K21_4739411691_6-2">
<gml:timePosition>2021-06-03</gml:timePosition>
</devDate>
<orgGILvl>2500</orgGILvl>
<vis>表示</vis>
<loc>
<gml:Curve gml:id="K21_4739411691_6-g" srsName="fguuid:jgd2011.bl">
<gml:segments>
<gml:LineStringSegment>
<gml:posList>
32.480335319 131.656187138
32.480977204 131.656661198
</gml:posList>
</gml:LineStringSegment>
</gml:segments>
</gml:Curve>
</loc>
<type>普通鉄道</type>
</RailCL>
<RailCL gml:id="K21_4739411691_7">
<fid>47394-11691-s-8269</fid>
<lfSpanFr gml:id="K21_4739411691_7-1">
<gml:timePosition>2020-06-30</gml:timePosition>
</lfSpanFr>
<devDate gml:id="K21_4739411691_7-2">
<gml:timePosition>2021-06-03</gml:timePosition>
</devDate>
<orgGILvl>2500</orgGILvl>
<vis>表示</vis>
<loc>
<gml:Curve gml:id="K21_4739411691_7-g" srsName="fguuid:jgd2011.bl">
<gml:segments>
<gml:LineStringSegment>
<gml:posList>
32.477119071 131.653865459
32.477165810 131.653899692
32.477380545 131.654057043
32.477679196 131.654274686
32.477998660 131.654508004
32.478239554 131.654683048
32.478459062 131.654841576
32.478690689 131.655010639
32.478836904 131.655115558
32.478889254 131.655152089
32.478910722 131.655166672
32.478987128 131.655217974
32.479131541 131.655312199
32.479244248 131.655385416
32.479295498 131.655420152
32.479348995 131.655458054
32.479471217 131.655548256
32.479690469 131.655712340
32.479897286 131.655865801
32.480140179 131.656044357
32.480335319 131.656187138
</gml:posList>
</gml:LineStringSegment>
</gml:segments>
</gml:Curve>
</loc>
<type>普通鉄道</type>
</RailCL>
<RailCL gml:id="K21_4739411691_8">
<fid>47394-11691-s-8270</fid>
<lfSpanFr gml:id="K21_4739411691_8-1">
<gml:timePosition>2020-06-30</gml:timePosition>
</lfSpanFr>
<devDate gml:id="K21_4739411691_8-2">
<gml:timePosition>2021-06-03</gml:timePosition>
</devDate>
<orgGILvl>2500</orgGILvl>
<vis>非表示</vis>
<loc>
<gml:Curve gml:id="K21_4739411691_8-g" srsName="fguuid:jgd2011.bl">
<gml:segments>
<gml:LineStringSegment>
<gml:posList>
32.477103999 131.653854419
32.477119071 131.653865459
</gml:posList>
</gml:LineStringSegment>
</gml:segments>
</gml:Curve>
</loc>
<type>普通鉄道</type>
</RailCL>
<RailCL gml:id="K21_4739411691_9">
<fid>47394-11691-s-8271</fid>
<lfSpanFr gml:id="K21_4739411691_9-1">
<gml:timePosition>2020-06-30</gml:timePosition>
</lfSpanFr>
<devDate gml:id="K21_4739411691_9-2">
<gml:timePosition>2021-06-03</gml:timePosition>
</devDate>
<orgGILvl>2500</orgGILvl>
<vis>表示</vis>
<loc>
<gml:Curve gml:id="K21_4739411691_9-g" srsName="fguuid:jgd2011.bl">
<gml:segments>
<gml:LineStringSegment>
<gml:posList>
32.477120806 131.653821293
32.477092322 131.653800601
32.476835891 131.653612916
32.476585922 131.653431099
32.476363446 131.653270759
32.476141046 131.653111474
32.475913393 131.652949321
32.475713514 131.652813755
</gml:posList>
</gml:LineStringSegment>
</gml:segments>
</gml:Curve>
</loc>
<type>普通鉄道</type>
</RailCL>
<RailCL gml:id="K21_4739411691_10">
<fid>47394-11691-s-8272</fid>
<lfSpanFr gml:id="K21_4739411691_10-1">
<gml:timePosition>2020-06-30</gml:timePosition>
</lfSpanFr>
<devDate gml:id="K21_4739411691_10-2">
<gml:timePosition>2021-06-03</gml:timePosition>
</devDate>
<orgGILvl>2500</orgGILvl>
<vis>非表示</vis>
<loc>
<gml:Curve gml:id="K21_4739411691_10-g" srsName="fguuid:jgd2011.bl">
<gml:segments>
<gml:LineStringSegment>
<gml:posList>
32.477135920 131.653832272
32.477120806 131.653821293
</gml:posList>
</gml:LineStringSegment>
</gml:segments>
</gml:Curve>
</loc>
<type>普通鉄道</type>
</RailCL>
<RailCL gml:id="K21_4739411691_11">
<fid>47394-11691-s-8273</fid>
<lfSpanFr gml:id="K21_4739411691_11-1">
<gml:timePosition>2020-06-30</gml:timePosition>
</lfSpanFr>
<devDate gml:id="K21_4739411691_11-2">
<gml:timePosition>2021-06-03</gml:timePosition>
</devDate>
<orgGILvl>2500</orgGILvl>
<vis>表示</vis>
<loc>
<gml:Curve gml:id="K21_4739411691_11-g" srsName="fguuid:jgd2011.bl">
<gml:segments>
<gml:LineStringSegment>
<gml:posList>
32.475000000 131.652297378
32.475053111 131.652335851
32.475265467 131.652489613
32.475462629 131.652631127
32.475655563 131.652770271
32.475713514 131.652813755
32.475822957 131.652899368
32.475989977 131.653034273
32.476044638 131.653077446
32.476150064 131.653158361
32.476302402 131.653270829
32.476369634 131.653319136
32.476477580 131.653397548
32.476600313 131.653487121
32.476699343 131.653559714
32.476922443 131.653721443
32.477103999 131.653854419
</gml:posList>
</gml:LineStringSegment>
</gml:segments>
</gml:Curve>
</loc>
<type>普通鉄道</type>
</RailCL>
<RailCL gml:id="K21_4739711691_1">
<fid>47397-11691-s-817</fid>
<lfSpanFr gml:id="K21_4739711691_1-1">
<gml:timePosition>2020-06-30</gml:timePosition>
</lfSpanFr>
<devDate gml:id="K21_4739711691_1-2">
<gml:timePosition>2021-06-03</gml:timePosition>
</devDate>
<orgGILvl>2500</orgGILvl>
<vis>表示</vis>
<loc>
<gml:Curve gml:id="K21_4739711691_1-g" srsName="fguuid:jgd2011.bl">
<gml:segments>
<gml:LineStringSegment>
<gml:posList>
32.482702786 131.658333333
32.482864486 131.658501874
32.483128648 131.658775589
32.483333333 131.658987339
</gml:posList>
</gml:LineStringSegment>
</gml:segments>
</gml:Curve>
</loc>
<type>普通鉄道</type>
</RailCL>
<RailCL gml:id="K21_4739711694_1">
<fid>47397-11694-s-7429</fid>
<lfSpanFr gml:id="K21_4739711694_1-1">
<gml:timePosition>2020-06-30</gml:timePosition>
</lfSpanFr>
<devDate gml:id="K21_4739711694_1-2">
<gml:timePosition>2021-06-03</gml:timePosition>
</devDate>
<orgGILvl>2500</orgGILvl>
<vis>表示</vis>
<loc>
<gml:Curve gml:id="K21_4739711694_1-g" srsName="fguuid:jgd2011.bl">
<gml:segments>
<gml:LineStringSegment>
<gml:posList>
32.484703527 131.660406582
32.484808482 131.660514482
32.485049462 131.660748682
32.485236385 131.660906147
32.485419036 131.661059378
32.485534179 131.661145383
32.485723632 131.661286227
32.486036201 131.661502569
32.486437876 131.661782757
32.486788602 131.662024217
32.487032758 131.662183958
32.487092379 131.662219592
32.487183573 131.662272376
32.487314578 131.662342901
32.487440241 131.662400385
32.487569072 131.662455605
32.487720636 131.662511172
32.487868385 131.662558359
32.488023659 131.662597791
32.488163404 131.662623554
32.488303168 131.662647477
32.488434780 131.662664328
32.488552743 131.662673555
32.488657418 131.662678419
32.488938923 131.662689729
32.489355014 131.662696174
32.489754246 131.662703293
32.490328328 131.662717748
32.490985570 131.662731643
32.491313023 131.662737640
32.491666667 131.662745313
</gml:posList>
</gml:LineStringSegment>
</gml:segments>
</gml:Curve>
</loc>
<type>普通鉄道</type>
</RailCL>
<RailCL gml:id="K21_4739711694_2">
<fid>47397-11694-s-7430</fid>
<lfSpanFr gml:id="K21_4739711694_2-1">
<gml:timePosition>2020-06-30</gml:timePosition>
</lfSpanFr>
<devDate gml:id="K21_4739711694_2-2">
<gml:timePosition>2021-06-03</gml:timePosition>
</devDate>
<orgGILvl>2500</orgGILvl>
<vis>表示</vis>
<loc>
<gml:Curve gml:id="K21_4739711694_2-g" srsName="fguuid:jgd2011.bl">
<gml:segments>
<gml:LineStringSegment>
<gml:posList>
32.484621767 131.660322547
32.484703527 131.660406582
</gml:posList>
</gml:LineStringSegment>
</gml:segments>
</gml:Curve>
</loc>
<type>普通鉄道</type>
</RailCL>
<RailCL gml:id="K21_4739711694_3">
<fid>47397-11694-s-7431</fid>
<lfSpanFr gml:id="K21_4739711694_3-1">
<gml:timePosition>2020-06-30</gml:timePosition>
</lfSpanFr>
<devDate gml:id="K21_4739711694_3-2">
<gml:timePosition>2021-06-03</gml:timePosition>
</devDate>
<orgGILvl>2500</orgGILvl>
<vis>表示</vis>
<loc>
<gml:Curve gml:id="K21_4739711694_3-g" srsName="fguuid:jgd2011.bl">
<gml:segments>
<gml:LineStringSegment>
<gml:posList>
32.483333333 131.658987339
32.483344491 131.658998882
32.483509934 131.659170367
32.483682098 131.659349764
32.483824320 131.659498343
32.483913125 131.659590716
32.484003674 131.659680591
32.484241477 131.659927596
32.484616520 131.660317146
32.484621767 131.660322547
</gml:posList>
</gml:LineStringSegment>
</gml:segments>
</gml:Curve>
</loc>
<type>普通鉄道</type>
</RailCL>
<RailCL gml:id="K21_4739711697_1">
<fid>47397-11697-s-4104</fid>
<lfSpanFr gml:id="K21_4739711697_1-1">
<gml:timePosition>2020-06-30</gml:timePosition>
</lfSpanFr>
<devDate gml:id="K21_4739711697_1-2">
<gml:timePosition>2021-06-03</gml:timePosition>
</devDate>
<orgGILvl>2500</orgGILvl>
<vis>表示</vis>
<loc>
<gml:Curve gml:id="K21_4739711697_1-g" srsName="fguuid:jgd2011.bl">
<gml:segments>
<gml:LineStringSegment>
<gml:posList>
32.498177453 131.660619669
32.498578663 131.660882149
</gml:posList>
</gml:LineStringSegment>
</gml:segments>
</gml:Curve>
</loc>
<type>索道</type>
</RailCL>
<RailCL gml:id="K21_4739711697_2">
<fid>47397-11697-s-4105</fid>
<lfSpanFr gml:id="K21_4739711697_2-1">
<gml:timePosition>2020-06-30</gml:timePosition>
</lfSpanFr>
<devDate gml:id="K21_4739711697_2-2">
<gml:timePosition>2021-06-03</gml:timePosition>
</devDate>
<orgGILvl>2500</orgGILvl>
<vis>表示</vis>
<loc>
<gml:Curve gml:id="K21_4739711697_2-g" srsName="fguuid:jgd2011.bl">
<gml:segments>
<gml:LineStringSegment>
<gml:posList>
32.491907618 131.662752779
32.491998858 131.662755682
32.492477282 131.662765415
32.492863199 131.662770011
32.492945986 131.662768054
32.493044488 131.662763562
32.493174394 131.662756789
32.493297683 131.662746201
32.493444942 131.662730436
32.493545914 131.662715801
32.493602895 131.662706503
32.493678741 131.662693801
32.493759316 131.662678845
32.493881194 131.662653434
32.494071967 131.662605011
32.494188454 131.662570718
32.494377004 131.662511159
32.494691600 131.662403575
32.494937354 131.662314352
32.494940137 131.662313362
</gml:posList>
</gml:LineStringSegment>
</gml:segments>
</gml:Curve>
</loc>
<type>普通鉄道</type>
</RailCL>
<RailCL gml:id="K21_4739711697_3">
<fid>47397-11697-s-4106</fid>
<lfSpanFr gml:id="K21_4739711697_3-1">
<gml:timePosition>2020-06-30</gml:timePosition>
</lfSpanFr>
<devDate gml:id="K21_4739711697_3-2">
<gml:timePosition>2021-06-03</gml:timePosition>
</devDate>
<orgGILvl>2500</orgGILvl>
<vis>表示</vis>
<loc>
<gml:Curve gml:id="K21_4739711697_3-g" srsName="fguuid:jgd2011.bl">
<gml:segments>
<gml:LineStringSegment>
<gml:posList>
32.491666667 131.662745313
32.491687135 131.662745757
32.491871939 131.662751645
</gml:posList>
</gml:LineStringSegment>
</gml:segments>
</gml:Curve>
</loc>
<type>普通鉄道</type>
</RailCL>
<RailCL gml:id="K21_4739711697_4">
<fid>47397-11697-s-4107</fid>
<lfSpanFr gml:id="K21_4739711697_4-1">
<gml:timePosition>2020-06-30</gml:timePosition>
</lfSpanFr>
<devDate gml:id="K21_4739711697_4-2">
<gml:timePosition>2021-06-03</gml:timePosition>
</devDate>
<orgGILvl>2500</orgGILvl>
<vis>表示</vis>
<loc>
<gml:Curve gml:id="K21_4739711697_4-g" srsName="fguuid:jgd2011.bl">
<gml:segments>
<gml:LineStringSegment>
<gml:posList>
32.494940137 131.662313362
32.495143903 131.662241069
</gml:posList>
</gml:LineStringSegment>
</gml:segments>
</gml:Curve>
</loc>
<type>普通鉄道</type>
</RailCL>
<RailCL gml:id="K21_4739711697_5">
<fid>47397-11697-s-4108</fid>
<lfSpanFr gml:id="K21_4739711697_5-1">
<gml:timePosition>2020-06-30</gml:timePosition>
</lfSpanFr>
<devDate gml:id="K21_4739711697_5-2">
<gml:timePosition>2021-06-03</gml:timePosition>
</devDate>
<orgGILvl>2500</orgGILvl>
<vis>表示</vis>
<loc>
<gml:Curve gml:id="K21_4739711697_5-g" srsName="fguuid:jgd2011.bl">
<gml:segments>
<gml:LineStringSegment>
<gml:posList>
32.491871939 131.662751645
32.491907618 131.662752779
</gml:posList>
</gml:LineStringSegment>
</gml:segments>
</gml:Curve>
</loc>
<type>普通鉄道</type>
</RailCL>
<RailCL gml:id="K21_4739711697_6">
<fid>47397-11697-s-4109</fid>
<lfSpanFr gml:id="K21_4739711697_6-1">
<gml:timePosition>2020-06-30</gml:timePosition>
</lfSpanFr>
<devDate gml:id="K21_4739711697_6-2">
<gml:timePosition>2021-06-03</gml:timePosition>
</devDate>
<orgGILvl>2500</orgGILvl>
<vis>非表示</vis>
<loc>
<gml:Curve gml:id="K21_4739711697_6-g" srsName="fguuid:jgd2011.bl">
<gml:segments>
<gml:LineStringSegment>
<gml:posList>
32.498403844 131.662132133
32.498599116 131.662179769
</gml:posList>
</gml:LineStringSegment>
</gml:segments>
</gml:Curve>
</loc>
<type>普通鉄道</type>
</RailCL>
<RailCL gml:id="K21_4739711697_7">
<fid>47397-11697-s-4110</fid>
<lfSpanFr gml:id="K21_4739711697_7-1">
<gml:timePosition>2020-06-30</gml:timePosition>
</lfSpanFr>
<devDate gml:id="K21_4739711697_7-2">
<gml:timePosition>2021-06-03</gml:timePosition>
</devDate>
<orgGILvl>2500</orgGILvl>
<vis>表示</vis>
<loc>
<gml:Curve gml:id="K21_4739711697_7-g" srsName="fguuid:jgd2011.bl">
<gml:segments>
<gml:LineStringSegment>
<gml:posList>
32.498599116 131.662179769
32.498708208 131.662206382
32.499287742 131.662344873
32.499765624 131.662461061
32.500000000 131.662524249
</gml:posList>
</gml:LineStringSegment>
</gml:segments>
</gml:Curve>
</loc>
<type>普通鉄道</type>
</RailCL>
<RailCL gml:id="K21_4739711697_8">
<fid>47397-11697-s-4111</fid>
<lfSpanFr gml:id="K21_4739711697_8-1">
<gml:timePosition>2020-06-30</gml:timePosition>
</lfSpanFr>
<devDate gml:id="K21_4739711697_8-2">
<gml:timePosition>2021-06-03</gml:timePosition>
</devDate>
<orgGILvl>2500</orgGILvl>
<vis>表示</vis>
<loc>
<gml:Curve gml:id="K21_4739711697_8-g" srsName="fguuid:jgd2011.bl">
<gml:segments>
<gml:LineStringSegment>
<gml:posList>
32.495143903 131.662241069
32.495347299 131.662168902
32.495596862 131.662089453
32.495751083 131.662047880
32.495948890 131.662002805
32.496152877 131.661965704
32.496361490 131.661935606
32.496580595 131.661914938
32.496791339 131.661904776
32.496970978 131.661905251
32.497148994 131.661910791
32.497337504 131.661922078
32.497417853 131.661931159
32.497514788 131.661943308
32.497675405 131.661968289
32.497757905 131.661983324
32.497804962 131.661991905
32.498023552 131.662039967
32.498298598 131.662106458
32.498403844 131.662132133
</gml:posList>
</gml:LineStringSegment>
</gml:segments>
</gml:Curve>
</loc>
<type>普通鉄道</type>
</RailCL>
</Dataset>
