<?xml version="1.0" encoding="utf-8"?>
<Dataset xsi:schemaLocation="http://fgd.gsi.go.jp/spec/2008/FGD_GMLSchema FGD_GMLSchema.xsd"
	xmlns:gml="http://www.opengis.net/gml/3.2"
	xmlns:xsi="http://www.w3.org/2001/XMLSchema-instance"
	xmlns:xlink="http://www.w3.org/1999/xlink"
	xmlns="http://fgd.gsi.go.jp/spec/2008/FGD_GMLSchema"
	gml:id="Dataset1">
  <gml:description>基盤地図情報メタデータ ID=fmdid:21-0701</gml:description>
  <gml:name>基盤地図情報ダウンロードデータ（GML版）</gml:name>
<RailCL gml:id="K21_4735211721_1">
<fid>47352-11721-s-2299</fid>
<lfSpanFr gml:id="K21_4735211721_1-1">
<gml:timePosition>2020-06-30</gml:timePosition>
</lfSpanFr>
<devDate gml:id="K21_4735211721_1-2">
<gml:timePosition>2021-06-03</gml:timePosition>
</devDate>
<orgGILvl>2500</orgGILvl>
<vis>表示</vis>
<loc>
<gml:Curve gml:id="K21_4735211721_1-g" srsName="fguuid:jgd2011.bl">
<gml:segments>
<gml:LineStringSegment>
<gml:posList>
32.561601448 131.535077367
32.561705066 131.535596230
</gml:posList>
</gml:LineStringSegment>
</gml:segments>
</gml:Curve>
</loc>
<type>索道</type>
</RailCL>
</Dataset>
