<?xml version="1.0" encoding="utf-8"?>
<Dataset xsi:schemaLocation="http://fgd.gsi.go.jp/spec/2008/FGD_GMLSchema FGD_GMLSchema.xsd"
	xmlns:gml="http://www.opengis.net/gml/3.2"
	xmlns:xsi="http://www.w3.org/2001/XMLSchema-instance"
	xmlns:xlink="http://www.w3.org/1999/xlink"
	xmlns="http://fgd.gsi.go.jp/spec/2008/FGD_GMLSchema"
	gml:id="Dataset1">
  <gml:description>基盤地図情報メタデータ ID=fmdid:21-0701</gml:description>
  <gml:name>基盤地図情報ダウンロードデータ（GML版）</gml:name>
<AdmPt gml:id="K6_4734311709_1">
<fid>47343-11709-i-140</fid>
<lfSpanFr gml:id="K6_4734311709_1-1">
<gml:timePosition>2020-11-25</gml:timePosition>
</lfSpanFr>
<devDate gml:id="K6_4734311709_1-2">
<gml:timePosition>2021-06-03</gml:timePosition>
</devDate>
<orgGILvl>25000</orgGILvl>
<vis>非表示</vis>
<pos>
<gml:Point gml:id="K6_4734311709_1-g" srsName="fguuid:jgd2011.bl">
<gml:pos>32.529628584 131.514187626</gml:pos>
</gml:Point>
</pos>
<type>町村・指定都市の区</type>
<name>美郷町</name>
<admCode>45431</admCode>
</AdmPt>
<AdmPt gml:id="K6_4736411706_1">
<fid>47364-11706-i-11</fid>
<lfSpanFr gml:id="K6_4736411706_1-1">
<gml:timePosition>2015-04-16</gml:timePosition>
</lfSpanFr>
<devDate gml:id="K6_4736411706_1-2">
<gml:timePosition>2021-06-03</gml:timePosition>
</devDate>
<orgGILvl>25000</orgGILvl>
<vis>非表示</vis>
<pos>
<gml:Point gml:id="K6_4736411706_1-g" srsName="fguuid:jgd2011.bl">
<gml:pos>32.524940072 131.572040112</gml:pos>
</gml:Point>
</pos>
<type>町村・指定都市の区</type>
<name>門川町</name>
<admCode>45421</admCode>
</AdmPt>
<AdmPt gml:id="K6_4737611712_1">
<fid>47376-11712-i-9</fid>
<lfSpanFr gml:id="K6_4737611712_1-1">
<gml:timePosition>2015-04-16</gml:timePosition>
</lfSpanFr>
<devDate gml:id="K6_4737611712_1-2">
<gml:timePosition>2021-06-03</gml:timePosition>
</devDate>
<orgGILvl>25000</orgGILvl>
<vis>非表示</vis>
<pos>
<gml:Point gml:id="K6_4737611712_1-g" srsName="fguuid:jgd2011.bl">
<gml:pos>32.537125911 131.603229869</gml:pos>
</gml:Point>
</pos>
<type>郡市・東京都の区</type>
<name>延岡市</name>
<admCode>45203</admCode>
</AdmPt>
</Dataset>
