<?xml version="1.0" encoding="utf-8"?>
<Dataset xsi:schemaLocation="http://fgd.gsi.go.jp/spec/2008/FGD_GMLSchema FGD_GMLSchema.xsd"
	xmlns:gml="http://www.opengis.net/gml/3.2"
	xmlns:xsi="http://www.w3.org/2001/XMLSchema-instance"
	xmlns:xlink="http://www.w3.org/1999/xlink"
	xmlns="http://fgd.gsi.go.jp/spec/2008/FGD_GMLSchema"
	gml:id="Dataset1">
  <gml:description>基盤地図情報メタデータ ID=fmdid:21-0701</gml:description>
  <gml:name>基盤地図情報ダウンロードデータ（GML版）</gml:name>
<GCP gml:id="K1_483164_1">
<fid>10-00100-0-2105-131040</fid>
<lfSpanFr gml:id="K1_483164_1-1">
<gml:timePosition>2021-05-19</gml:timePosition>
</lfSpanFr>
<devDate gml:id="K1_483164_1-2">
<gml:timePosition>2021-06-03</gml:timePosition>
</devDate>
<orgGILvl>KJ10</orgGILvl>
<vis>表示</vis>
<pos>
<gml:Point gml:id="K1_483164_1-g" srsName="fguuid:jgd2011.bl">
<gml:pos>32.557049806 131.530674722</gml:pos>
</gml:Point>
</pos>
<orgName>国土地理院</orgName>
<type>電子基準点</type>
<gcpClass>電子基準点</gcpClass>
<gcpCode>EL04831646202</gcpCode>
<name>北方</name>
<B>117205.3793</B>
<L>473510.429</L>
<alti>93.813</alti>
<altiAcc>3</altiAcc>
</GCP>
<GCP gml:id="K1_483164_2">
<fid>10-00100-0-2105-132353</fid>
<lfSpanFr gml:id="K1_483164_2-1">
<gml:timePosition>2021-05-19</gml:timePosition>
</lfSpanFr>
<devDate gml:id="K1_483164_2-2">
<gml:timePosition>2021-06-03</gml:timePosition>
</devDate>
<orgGILvl>KJ10</orgGILvl>
<vis>表示</vis>
<pos>
<gml:Point gml:id="K1_483164_2-g" srsName="fguuid:jgd2011.bl">
<gml:pos>32.557055417 131.530674167</gml:pos>
</gml:Point>
</pos>
<orgName>国土地理院</orgName>
<type>電子基準点</type>
<gcpClass>電子基準点</gcpClass>
<gcpCode>EL14831646201</gcpCode>
<name>北方（付）</name>
<B>117205.3995</B>
<L>473510.427</L>
<alti>88.761</alti>
<altiAcc>3</altiAcc>
</GCP>
<GCP gml:id="K1_483164_3">
<fid>10-00100-0-2105-136114</fid>
<lfSpanFr gml:id="K1_483164_3-1">
<gml:timePosition>2021-05-19</gml:timePosition>
</lfSpanFr>
<devDate gml:id="K1_483164_3-2">
<gml:timePosition>2021-06-03</gml:timePosition>
</devDate>
<orgGILvl>SJ11</orgGILvl>
<vis>表示</vis>
<pos>
<gml:Point gml:id="K1_483164_3-g" srsName="fguuid:jgd2011.bl">
<gml:pos>32.578988889 131.618525000</gml:pos>
</gml:Point>
</pos>
<orgName>国土地理院</orgName>
<type>水準点</type>
<gcpClass>一等水準点</gcpClass>
<gcpCode>L010000002638</gcpCode>
<name>２６３８</name>
<B>117284.36</B>
<L>473826.69</L>
<alti>11.5996</alti>
<altiAcc>4</altiAcc>
</GCP>
<GCP gml:id="K1_483164_4">
<fid>10-00100-0-2105-136115</fid>
<lfSpanFr gml:id="K1_483164_4-1">
<gml:timePosition>2021-05-19</gml:timePosition>
</lfSpanFr>
<devDate gml:id="K1_483164_4-2">
<gml:timePosition>2021-06-03</gml:timePosition>
</devDate>
<orgGILvl>SJ11</orgGILvl>
<vis>表示</vis>
<pos>
<gml:Point gml:id="K1_483164_4-g" srsName="fguuid:jgd2011.bl">
<gml:pos>32.578055556 131.597550000</gml:pos>
</gml:Point>
</pos>
<orgName>国土地理院</orgName>
<type>水準点</type>
<gcpClass>一等水準点</gcpClass>
<gcpCode>L010000002639</gcpCode>
<name>２６３９</name>
<B>117281</B>
<L>473751.18</L>
<alti>18.9994</alti>
<altiAcc>4</altiAcc>
</GCP>
<GCP gml:id="K1_483164_5">
<fid>10-00100-0-2105-136116</fid>
<lfSpanFr gml:id="K1_483164_5-1">
<gml:timePosition>2021-05-19</gml:timePosition>
</lfSpanFr>
<devDate gml:id="K1_483164_5-2">
<gml:timePosition>2021-06-03</gml:timePosition>
</devDate>
<orgGILvl>SJ11</orgGILvl>
<vis>表示</vis>
<pos>
<gml:Point gml:id="K1_483164_5-g" srsName="fguuid:jgd2011.bl">
<gml:pos>32.570516667 131.584808333</gml:pos>
</gml:Point>
</pos>
<orgName>国土地理院</orgName>
<type>水準点</type>
<gcpClass>一等水準点</gcpClass>
<gcpCode>L010000002640</gcpCode>
<name>２６４０</name>
<B>117253.86</B>
<L>473705.31</L>
<alti>40.174</alti>
<altiAcc>4</altiAcc>
</GCP>
<GCP gml:id="K1_483164_6">
<fid>10-00100-0-2105-136117</fid>
<lfSpanFr gml:id="K1_483164_6-1">
<gml:timePosition>2021-05-19</gml:timePosition>
</lfSpanFr>
<devDate gml:id="K1_483164_6-2">
<gml:timePosition>2021-06-03</gml:timePosition>
</devDate>
<orgGILvl>SJ11</orgGILvl>
<vis>表示</vis>
<pos>
<gml:Point gml:id="K1_483164_6-g" srsName="fguuid:jgd2011.bl">
<gml:pos>32.565105556 131.567408333</gml:pos>
</gml:Point>
</pos>
<orgName>国土地理院</orgName>
<type>水準点</type>
<gcpClass>一等水準点</gcpClass>
<gcpCode>L010000002641</gcpCode>
<name>２６４１</name>
<B>117234.38</B>
<L>473642.67</L>
<alti>16.3729</alti>
<altiAcc>4</altiAcc>
</GCP>
<GCP gml:id="K1_483164_7">
<fid>10-00100-0-2105-136118</fid>
<lfSpanFr gml:id="K1_483164_7-1">
<gml:timePosition>2021-05-19</gml:timePosition>
</lfSpanFr>
<devDate gml:id="K1_483164_7-2">
<gml:timePosition>2021-06-03</gml:timePosition>
</devDate>
<orgGILvl>SJ11</orgGILvl>
<vis>表示</vis>
<pos>
<gml:Point gml:id="K1_483164_7-g" srsName="fguuid:jgd2011.bl">
<gml:pos>32.564997222 131.548961111</gml:pos>
</gml:Point>
</pos>
<orgName>国土地理院</orgName>
<type>水準点</type>
<gcpClass>一等水準点</gcpClass>
<gcpCode>L010000002642</gcpCode>
<name>２６４２</name>
<B>117233.99</B>
<L>473576.26</L>
<alti>21.0613</alti>
<altiAcc>4</altiAcc>
</GCP>
<GCP gml:id="K1_483164_8">
<fid>10-00100-0-2105-136119</fid>
<lfSpanFr gml:id="K1_483164_8-1">
<gml:timePosition>2021-05-19</gml:timePosition>
</lfSpanFr>
<devDate gml:id="K1_483164_8-2">
<gml:timePosition>2021-06-03</gml:timePosition>
</devDate>
<orgGILvl>SJ11</orgGILvl>
<vis>表示</vis>
<pos>
<gml:Point gml:id="K1_483164_8-g" srsName="fguuid:jgd2011.bl">
<gml:pos>32.574972222 131.532183333</gml:pos>
</gml:Point>
</pos>
<orgName>国土地理院</orgName>
<type>水準点</type>
<gcpClass>一等水準点</gcpClass>
<gcpCode>L010000002643</gcpCode>
<name>２６４３</name>
<B>117269.9</B>
<L>473515.86</L>
<alti>53.114</alti>
<altiAcc>4</altiAcc>
</GCP>
<GCP gml:id="K1_483164_9">
<fid>10-00100-0-2105-136120</fid>
<lfSpanFr gml:id="K1_483164_9-1">
<gml:timePosition>2021-05-19</gml:timePosition>
</lfSpanFr>
<devDate gml:id="K1_483164_9-2">
<gml:timePosition>2021-06-03</gml:timePosition>
</devDate>
<orgGILvl>SJ11</orgGILvl>
<vis>表示</vis>
<pos>
<gml:Point gml:id="K1_483164_9-g" srsName="fguuid:jgd2011.bl">
<gml:pos>32.581016667 131.518005556</gml:pos>
</gml:Point>
</pos>
<orgName>国土地理院</orgName>
<type>水準点</type>
<gcpClass>一等水準点</gcpClass>
<gcpCode>L010000002644</gcpCode>
<name>２６４４</name>
<B>117291.66</B>
<L>473464.82</L>
<alti>93.0339</alti>
<altiAcc>4</altiAcc>
</GCP>
<GCP gml:id="K1_483164_10">
<fid>10-00100-0-2105-150769</fid>
<lfSpanFr gml:id="K1_483164_10-1">
<gml:timePosition>2021-05-19</gml:timePosition>
</lfSpanFr>
<devDate gml:id="K1_483164_10-2">
<gml:timePosition>2021-06-03</gml:timePosition>
</devDate>
<orgGILvl>SJ12</orgGILvl>
<vis>表示</vis>
<pos>
<gml:Point gml:id="K1_483164_10-g" srsName="fguuid:jgd2011.bl">
<gml:pos>32.557055417 131.530674167</gml:pos>
</gml:Point>
</pos>
<orgName>国土地理院</orgName>
<type>水準点</type>
<gcpClass>二等水準点</gcpClass>
<gcpCode>L0E000960711A</gcpCode>
<name>９６０７１１Ａ</name>
<B>117205.3995</B>
<L>473510.427</L>
<alti>88.761</alti>
<altiAcc>3</altiAcc>
</GCP>
<GCP gml:id="K1_483164_11">
<fid>10-00100-0-2105-151227</fid>
<lfSpanFr gml:id="K1_483164_11-1">
<gml:timePosition>2021-05-19</gml:timePosition>
</lfSpanFr>
<devDate gml:id="K1_483164_11-2">
<gml:timePosition>2021-06-03</gml:timePosition>
</devDate>
<orgGILvl>SJ13</orgGILvl>
<vis>表示</vis>
<pos>
<gml:Point gml:id="K1_483164_11-g" srsName="fguuid:jgd2011.bl">
<gml:pos>32.557055417 131.530674167</gml:pos>
</gml:Point>
</pos>
<orgName>国土地理院</orgName>
<type>水準点</type>
<gcpClass>三等水準点</gcpClass>
<gcpCode>L0F000960711A</gcpCode>
<name>９６０７１１Ａ</name>
<B>117205.3995</B>
<L>473510.427</L>
<alti>88.792</alti>
<altiAcc>3</altiAcc>
</GCP>
<GCP gml:id="K1_483164_12">
<fid>10-00100-0-2105-152568</fid>
<lfSpanFr gml:id="K1_483164_12-1">
<gml:timePosition>2021-05-19</gml:timePosition>
</lfSpanFr>
<devDate gml:id="K1_483164_12-2">
<gml:timePosition>2021-06-03</gml:timePosition>
</devDate>
<orgGILvl>KJ12</orgGILvl>
<vis>表示</vis>
<pos>
<gml:Point gml:id="K1_483164_12-g" srsName="fguuid:jgd2011.bl">
<gml:pos>32.544041333 131.564903583</gml:pos>
</gml:Point>
</pos>
<orgName>国土地理院</orgName>
<type>三角点</type>
<gcpClass>二等三角点</gcpClass>
<gcpCode>TR24831645501</gcpCode>
<name>烏帽子岳</name>
<B>117158.5488</B>
<L>473633.6529</L>
<alti>362.2</alti>
<altiAcc>2</altiAcc>
</GCP>
<GCP gml:id="K1_483164_13">
<fid>10-00100-0-2105-159024</fid>
<lfSpanFr gml:id="K1_483164_13-1">
<gml:timePosition>2021-05-19</gml:timePosition>
</lfSpanFr>
<devDate gml:id="K1_483164_13-2">
<gml:timePosition>2021-06-03</gml:timePosition>
</devDate>
<orgGILvl>KJ13</orgGILvl>
<vis>表示</vis>
<pos>
<gml:Point gml:id="K1_483164_13-g" srsName="fguuid:jgd2011.bl">
<gml:pos>32.514872028 131.572702944</gml:pos>
</gml:Point>
</pos>
<orgName>国土地理院</orgName>
<type>三角点</type>
<gcpClass>三等三角点</gcpClass>
<gcpCode>TR34831641501</gcpCode>
<name>下庭谷</name>
<B>117053.5393</B>
<L>473661.7306</L>
<alti>463.36</alti>
<altiAcc>2</altiAcc>
</GCP>
<GCP gml:id="K1_483164_14">
<fid>10-00100-0-2105-159025</fid>
<lfSpanFr gml:id="K1_483164_14-1">
<gml:timePosition>2021-05-19</gml:timePosition>
</lfSpanFr>
<devDate gml:id="K1_483164_14-2">
<gml:timePosition>2021-06-03</gml:timePosition>
</devDate>
<orgGILvl>KJ13</orgGILvl>
<vis>表示</vis>
<pos>
<gml:Point gml:id="K1_483164_14-g" srsName="fguuid:jgd2011.bl">
<gml:pos>32.517471694 131.501643472</gml:pos>
</gml:Point>
</pos>
<orgName>国土地理院</orgName>
<type>三角点</type>
<gcpClass>三等三角点</gcpClass>
<gcpCode>TR34831642001</gcpCode>
<name>依力</name>
<B>117062.8981</B>
<L>473405.9165</L>
<alti>264.22</alti>
<altiAcc>2</altiAcc>
</GCP>
<GCP gml:id="K1_483164_15">
<fid>10-00100-0-2105-159026</fid>
<lfSpanFr gml:id="K1_483164_15-1">
<gml:timePosition>2021-05-19</gml:timePosition>
</lfSpanFr>
<devDate gml:id="K1_483164_15-2">
<gml:timePosition>2021-06-03</gml:timePosition>
</devDate>
<orgGILvl>KJ13</orgGILvl>
<vis>表示</vis>
<pos>
<gml:Point gml:id="K1_483164_15-g" srsName="fguuid:jgd2011.bl">
<gml:pos>32.522923111 131.581924528</gml:pos>
</gml:Point>
</pos>
<orgName>国土地理院</orgName>
<type>三角点</type>
<gcpClass>三等三角点</gcpClass>
<gcpCode>TR34831642601</gcpCode>
<name>茶屋ノ本</name>
<B>117082.5232</B>
<L>473694.9283</L>
<alti>437.25</alti>
<altiAcc>2</altiAcc>
</GCP>
<GCP gml:id="K1_483164_16">
<fid>10-00100-0-2105-159027</fid>
<lfSpanFr gml:id="K1_483164_16-1">
<gml:timePosition>2021-05-19</gml:timePosition>
</lfSpanFr>
<devDate gml:id="K1_483164_16-2">
<gml:timePosition>2021-06-03</gml:timePosition>
</devDate>
<orgGILvl>KJ13</orgGILvl>
<vis>表示</vis>
<pos>
<gml:Point gml:id="K1_483164_16-g" srsName="fguuid:jgd2011.bl">
<gml:pos>32.517568778 131.619350139</gml:pos>
</gml:Point>
</pos>
<orgName>国土地理院</orgName>
<type>三角点</type>
<gcpClass>三等三角点</gcpClass>
<gcpCode>TR34831642901</gcpCode>
<name>黒原</name>
<B>117063.2476</B>
<L>473829.6605</L>
<alti>351.74</alti>
<altiAcc>2</altiAcc>
</GCP>
<GCP gml:id="K1_483164_17">
<fid>10-00100-0-2105-159028</fid>
<lfSpanFr gml:id="K1_483164_17-1">
<gml:timePosition>2021-05-19</gml:timePosition>
</lfSpanFr>
<devDate gml:id="K1_483164_17-2">
<gml:timePosition>2021-06-03</gml:timePosition>
</devDate>
<orgGILvl>KJ13</orgGILvl>
<vis>表示</vis>
<pos>
<gml:Point gml:id="K1_483164_17-g" srsName="fguuid:jgd2011.bl">
<gml:pos>32.532641500 131.524830278</gml:pos>
</gml:Point>
</pos>
<orgName>国土地理院</orgName>
<type>三角点</type>
<gcpClass>三等三角点</gcpClass>
<gcpCode>TR34831643101</gcpCode>
<name>頓谷</name>
<B>117117.5094</B>
<L>473489.389</L>
<alti>236.6</alti>
<altiAcc>2</altiAcc>
</GCP>
<GCP gml:id="K1_483164_18">
<fid>10-00100-0-2105-159029</fid>
<lfSpanFr gml:id="K1_483164_18-1">
<gml:timePosition>2021-05-19</gml:timePosition>
</lfSpanFr>
<devDate gml:id="K1_483164_18-2">
<gml:timePosition>2021-06-03</gml:timePosition>
</devDate>
<orgGILvl>KJ13</orgGILvl>
<vis>表示</vis>
<pos>
<gml:Point gml:id="K1_483164_18-g" srsName="fguuid:jgd2011.bl">
<gml:pos>32.538996222 131.621926583</gml:pos>
</gml:Point>
</pos>
<orgName>国土地理院</orgName>
<type>三角点</type>
<gcpClass>三等三角点</gcpClass>
<gcpCode>TR34831644901</gcpCode>
<name>大谷</name>
<B>117140.3864</B>
<L>473838.9357</L>
<alti>350.51</alti>
<altiAcc>2</altiAcc>
</GCP>
<GCP gml:id="K1_483164_19">
<fid>10-00100-0-2105-159030</fid>
<lfSpanFr gml:id="K1_483164_19-1">
<gml:timePosition>2021-05-19</gml:timePosition>
</lfSpanFr>
<devDate gml:id="K1_483164_19-2">
<gml:timePosition>2021-06-03</gml:timePosition>
</devDate>
<orgGILvl>KJ13</orgGILvl>
<vis>表示</vis>
<pos>
<gml:Point gml:id="K1_483164_19-g" srsName="fguuid:jgd2011.bl">
<gml:pos>32.550990917 131.513031694</gml:pos>
</gml:Point>
</pos>
<orgName>国土地理院</orgName>
<type>三角点</type>
<gcpClass>三等三角点</gcpClass>
<gcpCode>TR34831646101</gcpCode>
<name>古畑</name>
<B>117183.5673</B>
<L>473446.9141</L>
<alti>267.61</alti>
<altiAcc>2</altiAcc>
</GCP>
<GCP gml:id="K1_483164_20">
<fid>10-00100-0-2105-159031</fid>
<lfSpanFr gml:id="K1_483164_20-1">
<gml:timePosition>2021-05-19</gml:timePosition>
</lfSpanFr>
<devDate gml:id="K1_483164_20-2">
<gml:timePosition>2021-06-03</gml:timePosition>
</devDate>
<orgGILvl>KJ13</orgGILvl>
<vis>表示</vis>
<pos>
<gml:Point gml:id="K1_483164_20-g" srsName="fguuid:jgd2011.bl">
<gml:pos>32.558011778 131.600485361</gml:pos>
</gml:Point>
</pos>
<orgName>国土地理院</orgName>
<type>三角点</type>
<gcpClass>三等三角点</gcpClass>
<gcpCode>TR34831646801</gcpCode>
<name>高取山</name>
<B>117208.8424</B>
<L>473761.7473</L>
<alti>264.91</alti>
<altiAcc>2</altiAcc>
</GCP>
<GCP gml:id="K1_483164_21">
<fid>10-00100-0-2105-159032</fid>
<lfSpanFr gml:id="K1_483164_21-1">
<gml:timePosition>2021-05-19</gml:timePosition>
</lfSpanFr>
<devDate gml:id="K1_483164_21-2">
<gml:timePosition>2021-06-03</gml:timePosition>
</devDate>
<orgGILvl>KJ13</orgGILvl>
<vis>表示</vis>
<pos>
<gml:Point gml:id="K1_483164_21-g" srsName="fguuid:jgd2011.bl">
<gml:pos>32.573512583 131.518979389</gml:pos>
</gml:Point>
</pos>
<orgName>国土地理院</orgName>
<type>三角点</type>
<gcpClass>三等三角点</gcpClass>
<gcpCode>TR34831648101</gcpCode>
<name>広篠</name>
<B>117264.6453</B>
<L>473468.3258</L>
<alti>192.01</alti>
<altiAcc>2</altiAcc>
</GCP>
<GCP gml:id="K1_483164_22">
<fid>10-00100-0-2105-159033</fid>
<lfSpanFr gml:id="K1_483164_22-1">
<gml:timePosition>2021-05-19</gml:timePosition>
</lfSpanFr>
<devDate gml:id="K1_483164_22-2">
<gml:timePosition>2021-06-03</gml:timePosition>
</devDate>
<orgGILvl>KJ13</orgGILvl>
<vis>表示</vis>
<pos>
<gml:Point gml:id="K1_483164_22-g" srsName="fguuid:jgd2011.bl">
<gml:pos>32.568933917 131.554632417</gml:pos>
</gml:Point>
</pos>
<orgName>国土地理院</orgName>
<type>三角点</type>
<gcpClass>三等三角点</gcpClass>
<gcpCode>TR34831648401</gcpCode>
<name>黒仁田</name>
<B>117248.1621</B>
<L>473596.6767</L>
<alti>110.21</alti>
<altiAcc>2</altiAcc>
</GCP>
<GCP gml:id="K1_483164_23">
<fid>10-00100-0-2105-159034</fid>
<lfSpanFr gml:id="K1_483164_23-1">
<gml:timePosition>2021-05-19</gml:timePosition>
</lfSpanFr>
<devDate gml:id="K1_483164_23-2">
<gml:timePosition>2021-06-03</gml:timePosition>
</devDate>
<orgGILvl>KJ13</orgGILvl>
<vis>表示</vis>
<pos>
<gml:Point gml:id="K1_483164_23-g" srsName="fguuid:jgd2011.bl">
<gml:pos>32.573559389 131.590142694</gml:pos>
</gml:Point>
</pos>
<orgName>国土地理院</orgName>
<type>三角点</type>
<gcpClass>三等三角点</gcpClass>
<gcpCode>TR34831648701</gcpCode>
<name>赤水越</name>
<B>117264.8138</B>
<L>473724.5137</L>
<alti>102.69</alti>
<altiAcc>2</altiAcc>
</GCP>
<GCP gml:id="K1_483164_24">
<fid>10-00100-0-2105-194871</fid>
<lfSpanFr gml:id="K1_483164_24-1">
<gml:timePosition>2021-05-19</gml:timePosition>
</lfSpanFr>
<devDate gml:id="K1_483164_24-2">
<gml:timePosition>2021-06-03</gml:timePosition>
</devDate>
<orgGILvl>KJ14</orgGILvl>
<vis>表示</vis>
<pos>
<gml:Point gml:id="K1_483164_24-g" srsName="fguuid:jgd2011.bl">
<gml:pos>32.503585972 131.511473806</gml:pos>
</gml:Point>
</pos>
<orgName>国土地理院</orgName>
<type>三角点</type>
<gcpClass>四等三角点</gcpClass>
<gcpCode>TR44831640001</gcpCode>
<name>尾平</name>
<B>117012.9095</B>
<L>473441.3057</L>
<alti>313.6</alti>
<altiAcc>2</altiAcc>
</GCP>
<GCP gml:id="K1_483164_25">
<fid>10-00100-0-2105-194872</fid>
<lfSpanFr gml:id="K1_483164_25-1">
<gml:timePosition>2021-05-19</gml:timePosition>
</lfSpanFr>
<devDate gml:id="K1_483164_25-2">
<gml:timePosition>2021-06-03</gml:timePosition>
</devDate>
<orgGILvl>KJ14</orgGILvl>
<vis>表示</vis>
<pos>
<gml:Point gml:id="K1_483164_25-g" srsName="fguuid:jgd2011.bl">
<gml:pos>32.500360472 131.545470944</gml:pos>
</gml:Point>
</pos>
<orgName>国土地理院</orgName>
<type>三角点</type>
<gcpClass>四等三角点</gcpClass>
<gcpCode>TR44831640301</gcpCode>
<name>安者</name>
<B>117001.2977</B>
<L>473563.6954</L>
<alti>538.72</alti>
<altiAcc>2</altiAcc>
</GCP>
<GCP gml:id="K1_483164_26">
<fid>10-00100-0-2105-194873</fid>
<lfSpanFr gml:id="K1_483164_26-1">
<gml:timePosition>2021-05-19</gml:timePosition>
</lfSpanFr>
<devDate gml:id="K1_483164_26-2">
<gml:timePosition>2021-06-03</gml:timePosition>
</devDate>
<orgGILvl>KJ14</orgGILvl>
<vis>表示</vis>
<pos>
<gml:Point gml:id="K1_483164_26-g" srsName="fguuid:jgd2011.bl">
<gml:pos>32.504210694 131.604211222</gml:pos>
</gml:Point>
</pos>
<orgName>国土地理院</orgName>
<type>三角点</type>
<gcpClass>四等三角点</gcpClass>
<gcpCode>TR44831640801</gcpCode>
<name>津々良</name>
<B>117015.1585</B>
<L>473775.1604</L>
<alti>326.33</alti>
<altiAcc>2</altiAcc>
</GCP>
<GCP gml:id="K1_483164_27">
<fid>10-00100-0-2105-194874</fid>
<lfSpanFr gml:id="K1_483164_27-1">
<gml:timePosition>2021-05-19</gml:timePosition>
</lfSpanFr>
<devDate gml:id="K1_483164_27-2">
<gml:timePosition>2021-06-03</gml:timePosition>
</devDate>
<orgGILvl>KJ14</orgGILvl>
<vis>表示</vis>
<pos>
<gml:Point gml:id="K1_483164_27-g" srsName="fguuid:jgd2011.bl">
<gml:pos>32.503099250 131.615048750</gml:pos>
</gml:Point>
</pos>
<orgName>国土地理院</orgName>
<type>三角点</type>
<gcpClass>四等三角点</gcpClass>
<gcpCode>TR44831640901</gcpCode>
<name>二子山</name>
<B>117011.1573</B>
<L>473814.1755</L>
<alti>398.17</alti>
<altiAcc>2</altiAcc>
</GCP>
<GCP gml:id="K1_483164_28">
<fid>10-00100-0-2105-194875</fid>
<lfSpanFr gml:id="K1_483164_28-1">
<gml:timePosition>2021-05-19</gml:timePosition>
</lfSpanFr>
<devDate gml:id="K1_483164_28-2">
<gml:timePosition>2021-06-03</gml:timePosition>
</devDate>
<orgGILvl>KJ14</orgGILvl>
<vis>表示</vis>
<pos>
<gml:Point gml:id="K1_483164_28-g" srsName="fguuid:jgd2011.bl">
<gml:pos>32.509972500 131.521935694</gml:pos>
</gml:Point>
</pos>
<orgName>国土地理院</orgName>
<type>三角点</type>
<gcpClass>四等三角点</gcpClass>
<gcpCode>TR44831641101</gcpCode>
<name>尾平東</name>
<B>117035.901</B>
<L>473478.9685</L>
<alti>415.23</alti>
<altiAcc>2</altiAcc>
</GCP>
<GCP gml:id="K1_483164_29">
<fid>10-00100-0-2105-194876</fid>
<lfSpanFr gml:id="K1_483164_29-1">
<gml:timePosition>2021-05-19</gml:timePosition>
</lfSpanFr>
<devDate gml:id="K1_483164_29-2">
<gml:timePosition>2021-06-03</gml:timePosition>
</devDate>
<orgGILvl>KJ14</orgGILvl>
<vis>表示</vis>
<pos>
<gml:Point gml:id="K1_483164_29-g" srsName="fguuid:jgd2011.bl">
<gml:pos>32.512372750 131.557962639</gml:pos>
</gml:Point>
</pos>
<orgName>国土地理院</orgName>
<type>三角点</type>
<gcpClass>四等三角点</gcpClass>
<gcpCode>TR44831641401</gcpCode>
<name>庭谷</name>
<B>117044.5419</B>
<L>473608.6655</L>
<alti>203.88</alti>
<altiAcc>2</altiAcc>
</GCP>
<GCP gml:id="K1_483164_30">
<fid>10-00100-0-2105-194877</fid>
<lfSpanFr gml:id="K1_483164_30-1">
<gml:timePosition>2021-05-19</gml:timePosition>
</lfSpanFr>
<devDate gml:id="K1_483164_30-2">
<gml:timePosition>2021-06-03</gml:timePosition>
</devDate>
<orgGILvl>KJ14</orgGILvl>
<vis>表示</vis>
<pos>
<gml:Point gml:id="K1_483164_30-g" srsName="fguuid:jgd2011.bl">
<gml:pos>32.509128472 131.591289056</gml:pos>
</gml:Point>
</pos>
<orgName>国土地理院</orgName>
<type>三角点</type>
<gcpClass>四等三角点</gcpClass>
<gcpCode>TR44831641701</gcpCode>
<name>長平野</name>
<B>117032.8625</B>
<L>473728.6406</L>
<alti>216.16</alti>
<altiAcc>2</altiAcc>
</GCP>
<GCP gml:id="K1_483164_31">
<fid>10-00100-0-2105-194878</fid>
<lfSpanFr gml:id="K1_483164_31-1">
<gml:timePosition>2021-05-19</gml:timePosition>
</lfSpanFr>
<devDate gml:id="K1_483164_31-2">
<gml:timePosition>2021-06-03</gml:timePosition>
</devDate>
<orgGILvl>KJ14</orgGILvl>
<vis>表示</vis>
<pos>
<gml:Point gml:id="K1_483164_31-g" srsName="fguuid:jgd2011.bl">
<gml:pos>32.521135972 131.514825167</gml:pos>
</gml:Point>
</pos>
<orgName>国土地理院</orgName>
<type>三角点</type>
<gcpClass>四等三角点</gcpClass>
<gcpCode>TR44831642101</gcpCode>
<name>板原</name>
<B>117076.0895</B>
<L>473453.3706</L>
<alti>178.99</alti>
<altiAcc>2</altiAcc>
</GCP>
<GCP gml:id="K1_483164_32">
<fid>10-00100-0-2105-194879</fid>
<lfSpanFr gml:id="K1_483164_32-1">
<gml:timePosition>2021-05-19</gml:timePosition>
</lfSpanFr>
<devDate gml:id="K1_483164_32-2">
<gml:timePosition>2021-06-03</gml:timePosition>
</devDate>
<orgGILvl>KJ14</orgGILvl>
<vis>表示</vis>
<pos>
<gml:Point gml:id="K1_483164_32-g" srsName="fguuid:jgd2011.bl">
<gml:pos>32.516886556 131.540704083</gml:pos>
</gml:Point>
</pos>
<orgName>国土地理院</orgName>
<type>三角点</type>
<gcpClass>四等三角点</gcpClass>
<gcpCode>TR44831642301</gcpCode>
<name>五十鈴</name>
<B>117060.7916</B>
<L>473546.5347</L>
<alti>282.4</alti>
<altiAcc>2</altiAcc>
</GCP>
<GCP gml:id="K1_483164_33">
<fid>10-00100-0-2105-194880</fid>
<lfSpanFr gml:id="K1_483164_33-1">
<gml:timePosition>2021-05-19</gml:timePosition>
</lfSpanFr>
<devDate gml:id="K1_483164_33-2">
<gml:timePosition>2021-06-03</gml:timePosition>
</devDate>
<orgGILvl>KJ14</orgGILvl>
<vis>表示</vis>
<pos>
<gml:Point gml:id="K1_483164_33-g" srsName="fguuid:jgd2011.bl">
<gml:pos>32.517188083 131.603780167</gml:pos>
</gml:Point>
</pos>
<orgName>国土地理院</orgName>
<type>三角点</type>
<gcpClass>四等三角点</gcpClass>
<gcpCode>TR44831642801</gcpCode>
<name>津々良東</name>
<B>117061.8771</B>
<L>473773.6086</L>
<alti>236.58</alti>
<altiAcc>2</altiAcc>
</GCP>
<GCP gml:id="K1_483164_34">
<fid>10-00100-0-2105-194881</fid>
<lfSpanFr gml:id="K1_483164_34-1">
<gml:timePosition>2021-05-19</gml:timePosition>
</lfSpanFr>
<devDate gml:id="K1_483164_34-2">
<gml:timePosition>2021-06-03</gml:timePosition>
</devDate>
<orgGILvl>KJ14</orgGILvl>
<vis>表示</vis>
<pos>
<gml:Point gml:id="K1_483164_34-g" srsName="fguuid:jgd2011.bl">
<gml:pos>32.529144639 131.508375389</gml:pos>
</gml:Point>
</pos>
<orgName>国土地理院</orgName>
<type>三角点</type>
<gcpClass>四等三角点</gcpClass>
<gcpCode>TR44831643001</gcpCode>
<name>玉桂</name>
<B>117104.9207</B>
<L>473430.1514</L>
<alti>194.57</alti>
<altiAcc>2</altiAcc>
</GCP>
<GCP gml:id="K1_483164_35">
<fid>10-00100-0-2105-194882</fid>
<lfSpanFr gml:id="K1_483164_35-1">
<gml:timePosition>2021-05-19</gml:timePosition>
</lfSpanFr>
<devDate gml:id="K1_483164_35-2">
<gml:timePosition>2021-06-03</gml:timePosition>
</devDate>
<orgGILvl>KJ14</orgGILvl>
<vis>表示</vis>
<pos>
<gml:Point gml:id="K1_483164_35-g" srsName="fguuid:jgd2011.bl">
<gml:pos>32.528168250 131.546528083</gml:pos>
</gml:Point>
</pos>
<orgName>国土地理院</orgName>
<type>三角点</type>
<gcpClass>四等三角点</gcpClass>
<gcpCode>TR44831643301</gcpCode>
<name>中山谷</name>
<B>117101.4057</B>
<L>473567.5011</L>
<alti>260.04</alti>
<altiAcc>2</altiAcc>
</GCP>
<GCP gml:id="K1_483164_36">
<fid>10-00100-0-2105-194883</fid>
<lfSpanFr gml:id="K1_483164_36-1">
<gml:timePosition>2021-05-19</gml:timePosition>
</lfSpanFr>
<devDate gml:id="K1_483164_36-2">
<gml:timePosition>2021-06-03</gml:timePosition>
</devDate>
<orgGILvl>KJ14</orgGILvl>
<vis>表示</vis>
<pos>
<gml:Point gml:id="K1_483164_36-g" srsName="fguuid:jgd2011.bl">
<gml:pos>32.529803583 131.565824444</gml:pos>
</gml:Point>
</pos>
<orgName>国土地理院</orgName>
<type>三角点</type>
<gcpClass>四等三角点</gcpClass>
<gcpCode>TR44831643501</gcpCode>
<name>上庭谷</name>
<B>117107.2929</B>
<L>473636.968</L>
<alti>381.77</alti>
<altiAcc>2</altiAcc>
</GCP>
<GCP gml:id="K1_483164_37">
<fid>10-00100-0-2105-194884</fid>
<lfSpanFr gml:id="K1_483164_37-1">
<gml:timePosition>2021-05-19</gml:timePosition>
</lfSpanFr>
<devDate gml:id="K1_483164_37-2">
<gml:timePosition>2021-06-03</gml:timePosition>
</devDate>
<orgGILvl>KJ14</orgGILvl>
<vis>表示</vis>
<pos>
<gml:Point gml:id="K1_483164_37-g" srsName="fguuid:jgd2011.bl">
<gml:pos>32.526336333 131.595850500</gml:pos>
</gml:Point>
</pos>
<orgName>国土地理院</orgName>
<type>三角点</type>
<gcpClass>四等三角点</gcpClass>
<gcpCode>TR44831643701</gcpCode>
<name>津々良北</name>
<B>117094.8108</B>
<L>473745.0618</L>
<alti>278.58</alti>
<altiAcc>2</altiAcc>
</GCP>
<GCP gml:id="K1_483164_38">
<fid>10-00100-0-2105-194885</fid>
<lfSpanFr gml:id="K1_483164_38-1">
<gml:timePosition>2021-05-19</gml:timePosition>
</lfSpanFr>
<devDate gml:id="K1_483164_38-2">
<gml:timePosition>2021-06-03</gml:timePosition>
</devDate>
<orgGILvl>KJ14</orgGILvl>
<vis>表示</vis>
<pos>
<gml:Point gml:id="K1_483164_38-g" srsName="fguuid:jgd2011.bl">
<gml:pos>32.527149056 131.614209583</gml:pos>
</gml:Point>
</pos>
<orgName>国土地理院</orgName>
<type>三角点</type>
<gcpClass>四等三角点</gcpClass>
<gcpCode>TR44831643901</gcpCode>
<name>上迫</name>
<B>117097.7366</B>
<L>473811.1545</L>
<alti>200.29</alti>
<altiAcc>2</altiAcc>
</GCP>
<GCP gml:id="K1_483164_39">
<fid>10-00100-0-2105-194886</fid>
<lfSpanFr gml:id="K1_483164_39-1">
<gml:timePosition>2021-05-19</gml:timePosition>
</lfSpanFr>
<devDate gml:id="K1_483164_39-2">
<gml:timePosition>2021-06-03</gml:timePosition>
</devDate>
<orgGILvl>KJ14</orgGILvl>
<vis>表示</vis>
<pos>
<gml:Point gml:id="K1_483164_39-g" srsName="fguuid:jgd2011.bl">
<gml:pos>32.537919056 131.540753194</gml:pos>
</gml:Point>
</pos>
<orgName>国土地理院</orgName>
<type>三角点</type>
<gcpClass>四等三角点</gcpClass>
<gcpCode>TR44831644301</gcpCode>
<name>松瀬</name>
<B>117136.5086</B>
<L>473546.7115</L>
<alti>219.32</alti>
<altiAcc>2</altiAcc>
</GCP>
<GCP gml:id="K1_483164_40">
<fid>10-00100-0-2105-194887</fid>
<lfSpanFr gml:id="K1_483164_40-1">
<gml:timePosition>2021-05-19</gml:timePosition>
</lfSpanFr>
<devDate gml:id="K1_483164_40-2">
<gml:timePosition>2021-06-03</gml:timePosition>
</devDate>
<orgGILvl>KJ14</orgGILvl>
<vis>表示</vis>
<pos>
<gml:Point gml:id="K1_483164_40-g" srsName="fguuid:jgd2011.bl">
<gml:pos>32.535883139 131.580018556</gml:pos>
</gml:Point>
</pos>
<orgName>国土地理院</orgName>
<type>三角点</type>
<gcpClass>四等三角点</gcpClass>
<gcpCode>TR44831644601</gcpCode>
<name>赤沢</name>
<B>117129.1793</B>
<L>473688.0668</L>
<alti>293.45</alti>
<altiAcc>2</altiAcc>
</GCP>
<GCP gml:id="K1_483164_41">
<fid>10-00100-0-2105-194888</fid>
<lfSpanFr gml:id="K1_483164_41-1">
<gml:timePosition>2021-05-19</gml:timePosition>
</lfSpanFr>
<devDate gml:id="K1_483164_41-2">
<gml:timePosition>2021-06-03</gml:timePosition>
</devDate>
<orgGILvl>KJ14</orgGILvl>
<vis>表示</vis>
<pos>
<gml:Point gml:id="K1_483164_41-g" srsName="fguuid:jgd2011.bl">
<gml:pos>32.541677750 131.504703083</gml:pos>
</gml:Point>
</pos>
<orgName>国土地理院</orgName>
<type>三角点</type>
<gcpClass>四等三角点</gcpClass>
<gcpCode>TR44831645001</gcpCode>
<name>江良</name>
<B>117150.0399</B>
<L>473416.9311</L>
<alti>269.39</alti>
<altiAcc>2</altiAcc>
</GCP>
<GCP gml:id="K1_483164_42">
<fid>10-00100-0-2105-194889</fid>
<lfSpanFr gml:id="K1_483164_42-1">
<gml:timePosition>2021-05-19</gml:timePosition>
</lfSpanFr>
<devDate gml:id="K1_483164_42-2">
<gml:timePosition>2021-06-03</gml:timePosition>
</devDate>
<orgGILvl>KJ14</orgGILvl>
<vis>表示</vis>
<pos>
<gml:Point gml:id="K1_483164_42-g" srsName="fguuid:jgd2011.bl">
<gml:pos>32.542300667 131.521323056</gml:pos>
</gml:Point>
</pos>
<orgName>国土地理院</orgName>
<type>三角点</type>
<gcpClass>四等三角点</gcpClass>
<gcpCode>TR44831645101</gcpCode>
<name>菅ノ谷</name>
<B>117152.2824</B>
<L>473476.763</L>
<alti>186.83</alti>
<altiAcc>2</altiAcc>
</GCP>
<GCP gml:id="K1_483164_43">
<fid>10-00100-0-2105-194890</fid>
<lfSpanFr gml:id="K1_483164_43-1">
<gml:timePosition>2021-05-19</gml:timePosition>
</lfSpanFr>
<devDate gml:id="K1_483164_43-2">
<gml:timePosition>2021-06-03</gml:timePosition>
</devDate>
<orgGILvl>KJ14</orgGILvl>
<vis>表示</vis>
<pos>
<gml:Point gml:id="K1_483164_43-g" srsName="fguuid:jgd2011.bl">
<gml:pos>32.553144222 131.533286111</gml:pos>
</gml:Point>
</pos>
<orgName>国土地理院</orgName>
<type>三角点</type>
<gcpClass>四等三角点</gcpClass>
<gcpCode>TR44831646203</gcpCode>
<name>笠下黒原</name>
<B>117191.3192</B>
<L>473519.83</L>
<alti>127.8</alti>
<altiAcc>2</altiAcc>
</GCP>
<GCP gml:id="K1_483164_44">
<fid>10-00100-0-2105-194891</fid>
<lfSpanFr gml:id="K1_483164_44-1">
<gml:timePosition>2021-05-19</gml:timePosition>
</lfSpanFr>
<devDate gml:id="K1_483164_44-2">
<gml:timePosition>2021-06-03</gml:timePosition>
</devDate>
<orgGILvl>KJ14</orgGILvl>
<vis>表示</vis>
<pos>
<gml:Point gml:id="K1_483164_44-g" srsName="fguuid:jgd2011.bl">
<gml:pos>32.550912139 131.548974556</gml:pos>
</gml:Point>
</pos>
<orgName>国土地理院</orgName>
<type>三角点</type>
<gcpClass>四等三角点</gcpClass>
<gcpCode>TR44831646301</gcpCode>
<name>伊原</name>
<B>117183.2837</B>
<L>473576.3084</L>
<alti>129.82</alti>
<altiAcc>2</altiAcc>
</GCP>
<GCP gml:id="K1_483164_45">
<fid>10-00100-0-2105-194892</fid>
<lfSpanFr gml:id="K1_483164_45-1">
<gml:timePosition>2021-05-19</gml:timePosition>
</lfSpanFr>
<devDate gml:id="K1_483164_45-2">
<gml:timePosition>2021-06-03</gml:timePosition>
</devDate>
<orgGILvl>KJ14</orgGILvl>
<vis>表示</vis>
<pos>
<gml:Point gml:id="K1_483164_45-g" srsName="fguuid:jgd2011.bl">
<gml:pos>32.553951139 131.621742000</gml:pos>
</gml:Point>
</pos>
<orgName>国土地理院</orgName>
<type>三角点</type>
<gcpClass>四等三角点</gcpClass>
<gcpCode>TR44831646901</gcpCode>
<name>下三輪</name>
<B>117194.2241</B>
<L>473838.2712</L>
<alti>188.35</alti>
<altiAcc>2</altiAcc>
</GCP>
<GCP gml:id="K1_483164_46">
<fid>10-00100-0-2105-194893</fid>
<lfSpanFr gml:id="K1_483164_46-1">
<gml:timePosition>2021-05-19</gml:timePosition>
</lfSpanFr>
<devDate gml:id="K1_483164_46-2">
<gml:timePosition>2021-06-03</gml:timePosition>
</devDate>
<orgGILvl>KJ14</orgGILvl>
<vis>表示</vis>
<pos>
<gml:Point gml:id="K1_483164_46-g" srsName="fguuid:jgd2011.bl">
<gml:pos>32.563065750 131.521741750</gml:pos>
</gml:Point>
</pos>
<orgName>国土地理院</orgName>
<type>三角点</type>
<gcpClass>四等三角点</gcpClass>
<gcpCode>TR44831647101</gcpCode>
<name>川水流</name>
<B>117227.0367</B>
<L>473478.2703</L>
<alti>75.97</alti>
<altiAcc>2</altiAcc>
</GCP>
<GCP gml:id="K1_483164_47">
<fid>10-00100-0-2105-194894</fid>
<lfSpanFr gml:id="K1_483164_47-1">
<gml:timePosition>2021-05-19</gml:timePosition>
</lfSpanFr>
<devDate gml:id="K1_483164_47-2">
<gml:timePosition>2021-06-03</gml:timePosition>
</devDate>
<orgGILvl>KJ14</orgGILvl>
<vis>表示</vis>
<pos>
<gml:Point gml:id="K1_483164_47-g" srsName="fguuid:jgd2011.bl">
<gml:pos>32.569063222 131.538151389</gml:pos>
</gml:Point>
</pos>
<orgName>国土地理院</orgName>
<type>三角点</type>
<gcpClass>四等三角点</gcpClass>
<gcpCode>TR44831648301</gcpCode>
<name>荒平公園</name>
<B>117248.6276</B>
<L>473537.345</L>
<alti>142.92</alti>
<altiAcc>2</altiAcc>
</GCP>
<GCP gml:id="K1_483164_48">
<fid>10-00100-0-2105-194895</fid>
<lfSpanFr gml:id="K1_483164_48-1">
<gml:timePosition>2021-05-19</gml:timePosition>
</lfSpanFr>
<devDate gml:id="K1_483164_48-2">
<gml:timePosition>2021-06-03</gml:timePosition>
</devDate>
<orgGILvl>KJ14</orgGILvl>
<vis>表示</vis>
<pos>
<gml:Point gml:id="K1_483164_48-g" srsName="fguuid:jgd2011.bl">
<gml:pos>32.570057250 131.571069056</gml:pos>
</gml:Point>
</pos>
<orgName>国土地理院</orgName>
<type>三角点</type>
<gcpClass>四等三角点</gcpClass>
<gcpCode>TR44831648501</gcpCode>
<name>古江</name>
<B>117252.2061</B>
<L>473655.8486</L>
<alti>99.72</alti>
<altiAcc>2</altiAcc>
</GCP>
<GCP gml:id="K1_483164_49">
<fid>10-00100-0-2105-194896</fid>
<lfSpanFr gml:id="K1_483164_49-1">
<gml:timePosition>2021-05-19</gml:timePosition>
</lfSpanFr>
<devDate gml:id="K1_483164_49-2">
<gml:timePosition>2021-06-03</gml:timePosition>
</devDate>
<orgGILvl>KJ14</orgGILvl>
<vis>表示</vis>
<pos>
<gml:Point gml:id="K1_483164_49-g" srsName="fguuid:jgd2011.bl">
<gml:pos>32.572737000 131.613088056</gml:pos>
</gml:Point>
</pos>
<orgName>国土地理院</orgName>
<type>三角点</type>
<gcpClass>四等三角点</gcpClass>
<gcpCode>TR44831648901</gcpCode>
<name>天下</name>
<B>117261.8532</B>
<L>473807.117</L>
<alti>41.98</alti>
<altiAcc>2</altiAcc>
</GCP>
<GCP gml:id="K1_483164_50">
<fid>10-00100-0-2105-194897</fid>
<lfSpanFr gml:id="K1_483164_50-1">
<gml:timePosition>2021-05-19</gml:timePosition>
</lfSpanFr>
<devDate gml:id="K1_483164_50-2">
<gml:timePosition>2021-06-03</gml:timePosition>
</devDate>
<orgGILvl>KJ14</orgGILvl>
<vis>表示</vis>
<pos>
<gml:Point gml:id="K1_483164_50-g" srsName="fguuid:jgd2011.bl">
<gml:pos>32.581812167 131.541772306</gml:pos>
</gml:Point>
</pos>
<orgName>国土地理院</orgName>
<type>三角点</type>
<gcpClass>四等三角点</gcpClass>
<gcpCode>TR44831649301</gcpCode>
<name>曽木</name>
<B>117294.5238</B>
<L>473550.3803</L>
<alti>95.6</alti>
<altiAcc>2</altiAcc>
</GCP>
<GCP gml:id="K1_483164_51">
<fid>10-00100-0-2105-194898</fid>
<lfSpanFr gml:id="K1_483164_51-1">
<gml:timePosition>2021-05-19</gml:timePosition>
</lfSpanFr>
<devDate gml:id="K1_483164_51-2">
<gml:timePosition>2021-06-03</gml:timePosition>
</devDate>
<orgGILvl>KJ14</orgGILvl>
<vis>表示</vis>
<pos>
<gml:Point gml:id="K1_483164_51-g" srsName="fguuid:jgd2011.bl">
<gml:pos>32.580951944 131.558257639</gml:pos>
</gml:Point>
</pos>
<orgName>国土地理院</orgName>
<type>三角点</type>
<gcpClass>四等三角点</gcpClass>
<gcpCode>TR44831649401</gcpCode>
<name>荒谷</name>
<B>117291.427</B>
<L>473609.7275</L>
<alti>149.48</alti>
<altiAcc>2</altiAcc>
</GCP>
<GCP gml:id="K1_483164_52">
<fid>10-00100-0-2105-194899</fid>
<lfSpanFr gml:id="K1_483164_52-1">
<gml:timePosition>2021-05-19</gml:timePosition>
</lfSpanFr>
<devDate gml:id="K1_483164_52-2">
<gml:timePosition>2021-06-03</gml:timePosition>
</devDate>
<orgGILvl>KJ14</orgGILvl>
<vis>表示</vis>
<pos>
<gml:Point gml:id="K1_483164_52-g" srsName="fguuid:jgd2011.bl">
<gml:pos>32.581340417 131.594569583</gml:pos>
</gml:Point>
</pos>
<orgName>国土地理院</orgName>
<type>三角点</type>
<gcpClass>四等三角点</gcpClass>
<gcpCode>TR44831649701</gcpCode>
<name>舞野</name>
<B>117292.8255</B>
<L>473740.4505</L>
<alti>23.57</alti>
<altiAcc>2</altiAcc>
</GCP>
</Dataset>
