<?xml version="1.0" encoding="utf-8"?>
<Dataset xsi:schemaLocation="http://fgd.gsi.go.jp/spec/2008/FGD_GMLSchema FGD_GMLSchema.xsd"
	xmlns:gml="http://www.opengis.net/gml/3.2"
	xmlns:xsi="http://www.w3.org/2001/XMLSchema-instance"
	xmlns:xlink="http://www.w3.org/1999/xlink"
	xmlns="http://fgd.gsi.go.jp/spec/2008/FGD_GMLSchema"
	gml:id="Dataset1">
  <gml:description>基盤地図情報メタデータ ID=fmdid:21-0701</gml:description>
  <gml:name>基盤地図情報ダウンロードデータ（GML版）</gml:name>
<ElevPt gml:id="K2_4734011700_1">
<fid>47340-11700-i-114</fid>
<lfSpanFr gml:id="K2_4734011700_1-1">
<gml:timePosition>2020-11-25</gml:timePosition>
</lfSpanFr>
<devDate gml:id="K2_4734011700_1-2">
<gml:timePosition>2021-06-03</gml:timePosition>
</devDate>
<orgGILvl>25000</orgGILvl>
<vis>表示</vis>
<pos>
<gml:Point gml:id="K2_4734011700_1-g" srsName="fguuid:jgd2011.bl">
<gml:pos>32.504878056 131.501095278</gml:pos>
</gml:Point>
</pos>
<type>標高点（測点）</type>
<alti>133</alti>
</ElevPt>
<ElevPt gml:id="K2_4734011706_1">
<fid>47340-11706-i-16</fid>
<lfSpanFr gml:id="K2_4734011706_1-1">
<gml:timePosition>2013-12-10</gml:timePosition>
</lfSpanFr>
<devDate gml:id="K2_4734011706_1-2">
<gml:timePosition>2021-06-03</gml:timePosition>
</devDate>
<orgGILvl>25000</orgGILvl>
<vis>表示</vis>
<pos>
<gml:Point gml:id="K2_4734011706_1-g" srsName="fguuid:jgd2011.bl">
<gml:pos>32.522268056 131.505549167</gml:pos>
</gml:Point>
</pos>
<type>標高点（測点）</type>
<alti>168</alti>
</ElevPt>
<ElevPt gml:id="K2_4734011712_1">
<fid>47340-11712-i-28</fid>
<lfSpanFr gml:id="K2_4734011712_1-1">
<gml:timePosition>2020-11-25</gml:timePosition>
</lfSpanFr>
<devDate gml:id="K2_4734011712_1-2">
<gml:timePosition>2021-06-03</gml:timePosition>
</devDate>
<orgGILvl>25000</orgGILvl>
<vis>表示</vis>
<pos>
<gml:Point gml:id="K2_4734011712_1-g" srsName="fguuid:jgd2011.bl">
<gml:pos>32.536166667 131.501746111</gml:pos>
</gml:Point>
</pos>
<type>標高点（測点）</type>
<alti>87</alti>
</ElevPt>
<ElevPt gml:id="K2_4734011718_1">
<fid>47340-11718-i-5</fid>
<lfSpanFr gml:id="K2_4734011718_1-1">
<gml:timePosition>2013-12-10</gml:timePosition>
</lfSpanFr>
<devDate gml:id="K2_4734011718_1-2">
<gml:timePosition>2021-06-03</gml:timePosition>
</devDate>
<orgGILvl>25000</orgGILvl>
<vis>表示</vis>
<pos>
<gml:Point gml:id="K2_4734011718_1-g" srsName="fguuid:jgd2011.bl">
<gml:pos>32.551570278 131.500409167</gml:pos>
</gml:Point>
</pos>
<type>標高点（測点）</type>
<alti>242</alti>
</ElevPt>
<ElevPt gml:id="K2_4734011721_1">
<fid>47340-11721-i-2</fid>
<lfSpanFr gml:id="K2_4734011721_1-1">
<gml:timePosition>2013-12-10</gml:timePosition>
</lfSpanFr>
<devDate gml:id="K2_4734011721_1-2">
<gml:timePosition>2021-06-03</gml:timePosition>
</devDate>
<orgGILvl>25000</orgGILvl>
<vis>表示</vis>
<pos>
<gml:Point gml:id="K2_4734011721_1-g" srsName="fguuid:jgd2011.bl">
<gml:pos>32.561120278 131.507015278</gml:pos>
</gml:Point>
</pos>
<type>標高点（測点）</type>
<alti>326</alti>
</ElevPt>
<ElevPt gml:id="K2_4734011724_1">
<fid>47340-11724-i-2</fid>
<lfSpanFr gml:id="K2_4734011724_1-1">
<gml:timePosition>2013-12-10</gml:timePosition>
</lfSpanFr>
<devDate gml:id="K2_4734011724_1-2">
<gml:timePosition>2021-06-03</gml:timePosition>
</devDate>
<orgGILvl>25000</orgGILvl>
<vis>表示</vis>
<pos>
<gml:Point gml:id="K2_4734011724_1-g" srsName="fguuid:jgd2011.bl">
<gml:pos>32.574774167 131.508170556</gml:pos>
</gml:Point>
</pos>
<type>標高点（測点）</type>
<alti>117</alti>
</ElevPt>
<ElevPt gml:id="K2_4734011724_2">
<fid>47340-11724-i-3</fid>
<lfSpanFr gml:id="K2_4734011724_2-1">
<gml:timePosition>2013-12-10</gml:timePosition>
</lfSpanFr>
<devDate gml:id="K2_4734011724_2-2">
<gml:timePosition>2021-06-03</gml:timePosition>
</devDate>
<orgGILvl>25000</orgGILvl>
<vis>表示</vis>
<pos>
<gml:Point gml:id="K2_4734011724_2-g" srsName="fguuid:jgd2011.bl">
<gml:pos>32.568274722 131.500144167</gml:pos>
</gml:Point>
</pos>
<type>標高点（測点）</type>
<alti>155</alti>
</ElevPt>
<ElevPt gml:id="K2_4734011724_3">
<fid>47340-11724-i-4</fid>
<lfSpanFr gml:id="K2_4734011724_3-1">
<gml:timePosition>2013-12-10</gml:timePosition>
</lfSpanFr>
<devDate gml:id="K2_4734011724_3-2">
<gml:timePosition>2021-06-03</gml:timePosition>
</devDate>
<orgGILvl>25000</orgGILvl>
<vis>表示</vis>
<pos>
<gml:Point gml:id="K2_4734011724_3-g" srsName="fguuid:jgd2011.bl">
<gml:pos>32.574383611 131.502052222</gml:pos>
</gml:Point>
</pos>
<type>標高点（測点）</type>
<alti>170</alti>
</ElevPt>
<ElevPt gml:id="K2_4734011727_1">
<fid>47340-11727-i-333</fid>
<lfSpanFr gml:id="K2_4734011727_1-1">
<gml:timePosition>2013-12-10</gml:timePosition>
</lfSpanFr>
<devDate gml:id="K2_4734011727_1-2">
<gml:timePosition>2021-06-03</gml:timePosition>
</devDate>
<orgGILvl>25000</orgGILvl>
<vis>表示</vis>
<pos>
<gml:Point gml:id="K2_4734011727_1-g" srsName="fguuid:jgd2011.bl">
<gml:pos>32.580163889 131.507278611</gml:pos>
</gml:Point>
</pos>
<type>標高点（測点）</type>
<alti>34</alti>
</ElevPt>
<ElevPt gml:id="K2_4734311703_1">
<fid>47343-11703-i-77</fid>
<lfSpanFr gml:id="K2_4734311703_1-1">
<gml:timePosition>2020-11-25</gml:timePosition>
</lfSpanFr>
<devDate gml:id="K2_4734311703_1-2">
<gml:timePosition>2021-06-03</gml:timePosition>
</devDate>
<orgGILvl>25000</orgGILvl>
<vis>表示</vis>
<pos>
<gml:Point gml:id="K2_4734311703_1-g" srsName="fguuid:jgd2011.bl">
<gml:pos>32.512042222 131.510967778</gml:pos>
</gml:Point>
</pos>
<type>標高点（測点）</type>
<alti>134</alti>
</ElevPt>
<ElevPt gml:id="K2_4734311712_1">
<fid>47343-11712-i-20</fid>
<lfSpanFr gml:id="K2_4734311712_1-1">
<gml:timePosition>2020-11-25</gml:timePosition>
</lfSpanFr>
<devDate gml:id="K2_4734311712_1-2">
<gml:timePosition>2021-06-03</gml:timePosition>
</devDate>
<orgGILvl>25000</orgGILvl>
<vis>表示</vis>
<pos>
<gml:Point gml:id="K2_4734311712_1-g" srsName="fguuid:jgd2011.bl">
<gml:pos>32.534808889 131.511328889</gml:pos>
</gml:Point>
</pos>
<type>標高点（測点）</type>
<alti>231</alti>
</ElevPt>
<ElevPt gml:id="K2_4734311715_1">
<fid>47343-11715-i-5</fid>
<lfSpanFr gml:id="K2_4734311715_1-1">
<gml:timePosition>2013-12-10</gml:timePosition>
</lfSpanFr>
<devDate gml:id="K2_4734311715_1-2">
<gml:timePosition>2021-06-03</gml:timePosition>
</devDate>
<orgGILvl>25000</orgGILvl>
<vis>表示</vis>
<pos>
<gml:Point gml:id="K2_4734311715_1-g" srsName="fguuid:jgd2011.bl">
<gml:pos>32.544042500 131.513330833</gml:pos>
</gml:Point>
</pos>
<type>標高点（測点）</type>
<alti>201</alti>
</ElevPt>
<ElevPt gml:id="K2_4734311724_1">
<fid>47343-11724-i-233</fid>
<lfSpanFr gml:id="K2_4734311724_1-1">
<gml:timePosition>2013-12-10</gml:timePosition>
</lfSpanFr>
<devDate gml:id="K2_4734311724_1-2">
<gml:timePosition>2021-06-03</gml:timePosition>
</devDate>
<orgGILvl>25000</orgGILvl>
<vis>表示</vis>
<pos>
<gml:Point gml:id="K2_4734311724_1-g" srsName="fguuid:jgd2011.bl">
<gml:pos>32.569221389 131.510456111</gml:pos>
</gml:Point>
</pos>
<type>標高点（測点）</type>
<alti>111</alti>
</ElevPt>
<ElevPt gml:id="K2_4734611700_1">
<fid>47346-11700-i-4</fid>
<lfSpanFr gml:id="K2_4734611700_1-1">
<gml:timePosition>2013-12-10</gml:timePosition>
</lfSpanFr>
<devDate gml:id="K2_4734611700_1-2">
<gml:timePosition>2021-06-03</gml:timePosition>
</devDate>
<orgGILvl>25000</orgGILvl>
<vis>表示</vis>
<pos>
<gml:Point gml:id="K2_4734611700_1-g" srsName="fguuid:jgd2011.bl">
<gml:pos>32.500580833 131.517551667</gml:pos>
</gml:Point>
</pos>
<type>標高点（測点）</type>
<alti>285</alti>
</ElevPt>
<ElevPt gml:id="K2_4734611703_1">
<fid>47346-11703-i-3</fid>
<lfSpanFr gml:id="K2_4734611703_1-1">
<gml:timePosition>2013-12-10</gml:timePosition>
</lfSpanFr>
<devDate gml:id="K2_4734611703_1-2">
<gml:timePosition>2021-06-03</gml:timePosition>
</devDate>
<orgGILvl>25000</orgGILvl>
<vis>表示</vis>
<pos>
<gml:Point gml:id="K2_4734611703_1-g" srsName="fguuid:jgd2011.bl">
<gml:pos>32.515636111 131.524903889</gml:pos>
</gml:Point>
</pos>
<type>標高点（測点）</type>
<alti>370</alti>
</ElevPt>
<ElevPt gml:id="K2_4734611715_1">
<fid>47346-11715-i-7</fid>
<lfSpanFr gml:id="K2_4734611715_1-1">
<gml:timePosition>2013-12-10</gml:timePosition>
</lfSpanFr>
<devDate gml:id="K2_4734611715_1-2">
<gml:timePosition>2021-06-03</gml:timePosition>
</devDate>
<orgGILvl>25000</orgGILvl>
<vis>表示</vis>
<pos>
<gml:Point gml:id="K2_4734611715_1-g" srsName="fguuid:jgd2011.bl">
<gml:pos>32.549323056 131.521942500</gml:pos>
</gml:Point>
</pos>
<type>標高点（測点）</type>
<alti>81</alti>
</ElevPt>
<ElevPt gml:id="K2_4734611718_1">
<fid>47346-11718-i-261</fid>
<lfSpanFr gml:id="K2_4734611718_1-1">
<gml:timePosition>2020-11-25</gml:timePosition>
</lfSpanFr>
<devDate gml:id="K2_4734611718_1-2">
<gml:timePosition>2021-06-03</gml:timePosition>
</devDate>
<orgGILvl>25000</orgGILvl>
<vis>表示</vis>
<pos>
<gml:Point gml:id="K2_4734611718_1-g" srsName="fguuid:jgd2011.bl">
<gml:pos>32.555265833 131.519232222</gml:pos>
</gml:Point>
</pos>
<type>標高点（測点）</type>
<alti>187</alti>
</ElevPt>
<ElevPt gml:id="K2_4734611721_1">
<fid>47346-11721-i-582</fid>
<lfSpanFr gml:id="K2_4734611721_1-1">
<gml:timePosition>2020-11-25</gml:timePosition>
</lfSpanFr>
<devDate gml:id="K2_4734611721_1-2">
<gml:timePosition>2021-06-03</gml:timePosition>
</devDate>
<orgGILvl>25000</orgGILvl>
<vis>表示</vis>
<pos>
<gml:Point gml:id="K2_4734611721_1-g" srsName="fguuid:jgd2011.bl">
<gml:pos>32.566284444 131.524002500</gml:pos>
</gml:Point>
</pos>
<type>標高点（測点）</type>
<alti>80</alti>
</ElevPt>
<ElevPt gml:id="K2_4734611727_1">
<fid>47346-11727-i-1</fid>
<lfSpanFr gml:id="K2_4734611727_1-1">
<gml:timePosition>2013-12-10</gml:timePosition>
</lfSpanFr>
<devDate gml:id="K2_4734611727_1-2">
<gml:timePosition>2021-06-03</gml:timePosition>
</devDate>
<orgGILvl>25000</orgGILvl>
<vis>表示</vis>
<pos>
<gml:Point gml:id="K2_4734611727_1-g" srsName="fguuid:jgd2011.bl">
<gml:pos>32.580421667 131.524359444</gml:pos>
</gml:Point>
</pos>
<type>標高点（測点）</type>
<alti>184</alti>
</ElevPt>
<ElevPt gml:id="K2_4734911700_1">
<fid>47349-11700-i-4</fid>
<lfSpanFr gml:id="K2_4734911700_1-1">
<gml:timePosition>2013-12-10</gml:timePosition>
</lfSpanFr>
<devDate gml:id="K2_4734911700_1-2">
<gml:timePosition>2021-06-03</gml:timePosition>
</devDate>
<orgGILvl>25000</orgGILvl>
<vis>表示</vis>
<pos>
<gml:Point gml:id="K2_4734911700_1-g" srsName="fguuid:jgd2011.bl">
<gml:pos>32.501586111 131.530105278</gml:pos>
</gml:Point>
</pos>
<type>標高点（測点）</type>
<alti>561</alti>
</ElevPt>
<ElevPt gml:id="K2_4734911706_1">
<fid>47349-11706-i-28</fid>
<lfSpanFr gml:id="K2_4734911706_1-1">
<gml:timePosition>2020-11-25</gml:timePosition>
</lfSpanFr>
<devDate gml:id="K2_4734911706_1-2">
<gml:timePosition>2021-06-03</gml:timePosition>
</devDate>
<orgGILvl>25000</orgGILvl>
<vis>表示</vis>
<pos>
<gml:Point gml:id="K2_4734911706_1-g" srsName="fguuid:jgd2011.bl">
<gml:pos>32.523224444 131.532184167</gml:pos>
</gml:Point>
</pos>
<type>標高点（測点）</type>
<alti>219</alti>
</ElevPt>
<ElevPt gml:id="K2_4734911709_1">
<fid>47349-11709-i-4</fid>
<lfSpanFr gml:id="K2_4734911709_1-1">
<gml:timePosition>2013-12-10</gml:timePosition>
</lfSpanFr>
<devDate gml:id="K2_4734911709_1-2">
<gml:timePosition>2021-06-03</gml:timePosition>
</devDate>
<orgGILvl>25000</orgGILvl>
<vis>表示</vis>
<pos>
<gml:Point gml:id="K2_4734911709_1-g" srsName="fguuid:jgd2011.bl">
<gml:pos>32.528812222 131.529089722</gml:pos>
</gml:Point>
</pos>
<type>標高点（測点）</type>
<alti>186</alti>
</ElevPt>
<ElevPt gml:id="K2_4734911721_1">
<fid>47349-11721-i-5</fid>
<lfSpanFr gml:id="K2_4734911721_1-1">
<gml:timePosition>2013-12-10</gml:timePosition>
</lfSpanFr>
<devDate gml:id="K2_4734911721_1-2">
<gml:timePosition>2021-06-03</gml:timePosition>
</devDate>
<orgGILvl>25000</orgGILvl>
<vis>表示</vis>
<pos>
<gml:Point gml:id="K2_4734911721_1-g" srsName="fguuid:jgd2011.bl">
<gml:pos>32.559075278 131.529481944</gml:pos>
</gml:Point>
</pos>
<type>標高点（測点）</type>
<alti>109</alti>
</ElevPt>
<ElevPt gml:id="K2_4734911724_1">
<fid>47349-11724-i-330</fid>
<lfSpanFr gml:id="K2_4734911724_1-1">
<gml:timePosition>2020-11-25</gml:timePosition>
</lfSpanFr>
<devDate gml:id="K2_4734911724_1-2">
<gml:timePosition>2021-06-03</gml:timePosition>
</devDate>
<orgGILvl>25000</orgGILvl>
<vis>表示</vis>
<pos>
<gml:Point gml:id="K2_4734911724_1-g" srsName="fguuid:jgd2011.bl">
<gml:pos>32.571194722 131.529452500</gml:pos>
</gml:Point>
</pos>
<type>標高点（測点）</type>
<alti>76</alti>
</ElevPt>
<ElevPt gml:id="K2_4735211700_1">
<fid>47352-11700-i-6</fid>
<lfSpanFr gml:id="K2_4735211700_1-1">
<gml:timePosition>2013-12-10</gml:timePosition>
</lfSpanFr>
<devDate gml:id="K2_4735211700_1-2">
<gml:timePosition>2021-06-03</gml:timePosition>
</devDate>
<orgGILvl>25000</orgGILvl>
<vis>表示</vis>
<pos>
<gml:Point gml:id="K2_4735211700_1-g" srsName="fguuid:jgd2011.bl">
<gml:pos>32.506892222 131.534733611</gml:pos>
</gml:Point>
</pos>
<type>標高点（測点）</type>
<alti>385</alti>
</ElevPt>
<ElevPt gml:id="K2_4735211703_1">
<fid>47352-11703-i-1</fid>
<lfSpanFr gml:id="K2_4735211703_1-1">
<gml:timePosition>2013-12-10</gml:timePosition>
</lfSpanFr>
<devDate gml:id="K2_4735211703_1-2">
<gml:timePosition>2021-06-03</gml:timePosition>
</devDate>
<orgGILvl>25000</orgGILvl>
<vis>表示</vis>
<pos>
<gml:Point gml:id="K2_4735211703_1-g" srsName="fguuid:jgd2011.bl">
<gml:pos>32.512683889 131.540469444</gml:pos>
</gml:Point>
</pos>
<type>標高点（測点）</type>
<alti>316</alti>
</ElevPt>
<ElevPt gml:id="K2_4735211706_1">
<fid>47352-11706-i-4</fid>
<lfSpanFr gml:id="K2_4735211706_1-1">
<gml:timePosition>2013-12-10</gml:timePosition>
</lfSpanFr>
<devDate gml:id="K2_4735211706_1-2">
<gml:timePosition>2021-06-03</gml:timePosition>
</devDate>
<orgGILvl>25000</orgGILvl>
<vis>表示</vis>
<pos>
<gml:Point gml:id="K2_4735211706_1-g" srsName="fguuid:jgd2011.bl">
<gml:pos>32.522277222 131.539826389</gml:pos>
</gml:Point>
</pos>
<type>標高点（測点）</type>
<alti>206</alti>
</ElevPt>
<ElevPt gml:id="K2_4735211709_1">
<fid>47352-11709-i-143</fid>
<lfSpanFr gml:id="K2_4735211709_1-1">
<gml:timePosition>2020-11-25</gml:timePosition>
</lfSpanFr>
<devDate gml:id="K2_4735211709_1-2">
<gml:timePosition>2021-06-03</gml:timePosition>
</devDate>
<orgGILvl>25000</orgGILvl>
<vis>表示</vis>
<pos>
<gml:Point gml:id="K2_4735211709_1-g" srsName="fguuid:jgd2011.bl">
<gml:pos>32.529501111 131.539068333</gml:pos>
</gml:Point>
</pos>
<type>標高点（測点）</type>
<alti>70</alti>
</ElevPt>
<ElevPt gml:id="K2_4735211712_1">
<fid>47352-11712-i-6</fid>
<lfSpanFr gml:id="K2_4735211712_1-1">
<gml:timePosition>2013-12-10</gml:timePosition>
</lfSpanFr>
<devDate gml:id="K2_4735211712_1-2">
<gml:timePosition>2021-06-03</gml:timePosition>
</devDate>
<orgGILvl>25000</orgGILvl>
<vis>表示</vis>
<pos>
<gml:Point gml:id="K2_4735211712_1-g" srsName="fguuid:jgd2011.bl">
<gml:pos>32.536926111 131.533395833</gml:pos>
</gml:Point>
</pos>
<type>標高点（測点）</type>
<alti>190</alti>
</ElevPt>
<ElevPt gml:id="K2_4735211715_1">
<fid>47352-11715-i-4</fid>
<lfSpanFr gml:id="K2_4735211715_1-1">
<gml:timePosition>2013-12-10</gml:timePosition>
</lfSpanFr>
<devDate gml:id="K2_4735211715_1-2">
<gml:timePosition>2021-06-03</gml:timePosition>
</devDate>
<orgGILvl>25000</orgGILvl>
<vis>表示</vis>
<pos>
<gml:Point gml:id="K2_4735211715_1-g" srsName="fguuid:jgd2011.bl">
<gml:pos>32.546600000 131.537567222</gml:pos>
</gml:Point>
</pos>
<type>標高点（測点）</type>
<alti>137</alti>
</ElevPt>
<ElevPt gml:id="K2_4735211724_1">
<fid>47352-11724-i-255</fid>
<lfSpanFr gml:id="K2_4735211724_1-1">
<gml:timePosition>2020-06-30</gml:timePosition>
</lfSpanFr>
<devDate gml:id="K2_4735211724_1-2">
<gml:timePosition>2021-06-03</gml:timePosition>
</devDate>
<orgGILvl>25000</orgGILvl>
<vis>表示</vis>
<pos>
<gml:Point gml:id="K2_4735211724_1-g" srsName="fguuid:jgd2011.bl">
<gml:pos>32.566958056 131.539318889</gml:pos>
</gml:Point>
</pos>
<type>標高点（測点）</type>
<alti>143</alti>
</ElevPt>
<ElevPt gml:id="K2_4735211727_1">
<fid>47352-11727-i-119</fid>
<lfSpanFr gml:id="K2_4735211727_1-1">
<gml:timePosition>2020-06-30</gml:timePosition>
</lfSpanFr>
<devDate gml:id="K2_4735211727_1-2">
<gml:timePosition>2021-06-03</gml:timePosition>
</devDate>
<orgGILvl>25000</orgGILvl>
<vis>表示</vis>
<pos>
<gml:Point gml:id="K2_4735211727_1-g" srsName="fguuid:jgd2011.bl">
<gml:pos>32.576281257 131.539960386</gml:pos>
</gml:Point>
</pos>
<type>標高点（測点）</type>
<alti>22</alti>
</ElevPt>
<ElevPt gml:id="K2_4735511700_1">
<fid>47355-11700-i-14</fid>
<lfSpanFr gml:id="K2_4735511700_1-1">
<gml:timePosition>2013-12-10</gml:timePosition>
</lfSpanFr>
<devDate gml:id="K2_4735511700_1-2">
<gml:timePosition>2021-06-03</gml:timePosition>
</devDate>
<orgGILvl>25000</orgGILvl>
<vis>表示</vis>
<pos>
<gml:Point gml:id="K2_4735511700_1-g" srsName="fguuid:jgd2011.bl">
<gml:pos>32.505021944 131.544011944</gml:pos>
</gml:Point>
</pos>
<type>標高点（測点）</type>
<alti>441</alti>
</ElevPt>
<ElevPt gml:id="K2_4735511706_1">
<fid>47355-11706-i-61</fid>
<lfSpanFr gml:id="K2_4735511706_1-1">
<gml:timePosition>2013-12-10</gml:timePosition>
</lfSpanFr>
<devDate gml:id="K2_4735511706_1-2">
<gml:timePosition>2021-06-03</gml:timePosition>
</devDate>
<orgGILvl>25000</orgGILvl>
<vis>表示</vis>
<pos>
<gml:Point gml:id="K2_4735511706_1-g" srsName="fguuid:jgd2011.bl">
<gml:pos>32.523490833 131.549711389</gml:pos>
</gml:Point>
</pos>
<type>標高点（測点）</type>
<alti>189</alti>
</ElevPt>
<ElevPt gml:id="K2_4735511712_1">
<fid>47355-11712-i-7</fid>
<lfSpanFr gml:id="K2_4735511712_1-1">
<gml:timePosition>2013-12-10</gml:timePosition>
</lfSpanFr>
<devDate gml:id="K2_4735511712_1-2">
<gml:timePosition>2021-06-03</gml:timePosition>
</devDate>
<orgGILvl>25000</orgGILvl>
<vis>表示</vis>
<pos>
<gml:Point gml:id="K2_4735511712_1-g" srsName="fguuid:jgd2011.bl">
<gml:pos>32.536990278 131.549851667</gml:pos>
</gml:Point>
</pos>
<type>標高点（測点）</type>
<alti>293</alti>
</ElevPt>
<ElevPt gml:id="K2_4735511715_1">
<fid>47355-11715-i-8</fid>
<lfSpanFr gml:id="K2_4735511715_1-1">
<gml:timePosition>2013-12-10</gml:timePosition>
</lfSpanFr>
<devDate gml:id="K2_4735511715_1-2">
<gml:timePosition>2021-06-03</gml:timePosition>
</devDate>
<orgGILvl>25000</orgGILvl>
<vis>表示</vis>
<pos>
<gml:Point gml:id="K2_4735511715_1-g" srsName="fguuid:jgd2011.bl">
<gml:pos>32.545348333 131.548500000</gml:pos>
</gml:Point>
</pos>
<type>標高点（測点）</type>
<alti>55</alti>
</ElevPt>
<ElevPt gml:id="K2_4735511718_1">
<fid>47355-11718-i-248</fid>
<lfSpanFr gml:id="K2_4735511718_1-1">
<gml:timePosition>2020-06-30</gml:timePosition>
</lfSpanFr>
<devDate gml:id="K2_4735511718_1-2">
<gml:timePosition>2021-06-03</gml:timePosition>
</devDate>
<orgGILvl>25000</orgGILvl>
<vis>表示</vis>
<pos>
<gml:Point gml:id="K2_4735511718_1-g" srsName="fguuid:jgd2011.bl">
<gml:pos>32.555222500 131.544351667</gml:pos>
</gml:Point>
</pos>
<type>標高点（測点）</type>
<alti>86</alti>
</ElevPt>
<ElevPt gml:id="K2_4735811700_1">
<fid>47358-11700-i-5</fid>
<lfSpanFr gml:id="K2_4735811700_1-1">
<gml:timePosition>2013-12-10</gml:timePosition>
</lfSpanFr>
<devDate gml:id="K2_4735811700_1-2">
<gml:timePosition>2021-06-03</gml:timePosition>
</devDate>
<orgGILvl>25000</orgGILvl>
<vis>表示</vis>
<pos>
<gml:Point gml:id="K2_4735811700_1-g" srsName="fguuid:jgd2011.bl">
<gml:pos>32.500470556 131.552188611</gml:pos>
</gml:Point>
</pos>
<type>標高点（測点）</type>
<alti>464</alti>
</ElevPt>
<ElevPt gml:id="K2_4735811700_2">
<fid>47358-11700-i-6</fid>
<lfSpanFr gml:id="K2_4735811700_2-1">
<gml:timePosition>2013-12-10</gml:timePosition>
</lfSpanFr>
<devDate gml:id="K2_4735811700_2-2">
<gml:timePosition>2021-06-03</gml:timePosition>
</devDate>
<orgGILvl>25000</orgGILvl>
<vis>表示</vis>
<pos>
<gml:Point gml:id="K2_4735811700_2-g" srsName="fguuid:jgd2011.bl">
<gml:pos>32.504593056 131.557662778</gml:pos>
</gml:Point>
</pos>
<type>標高点（測点）</type>
<alti>207</alti>
</ElevPt>
<ElevPt gml:id="K2_4735811703_1">
<fid>47358-11703-i-62</fid>
<lfSpanFr gml:id="K2_4735811703_1-1">
<gml:timePosition>2013-12-10</gml:timePosition>
</lfSpanFr>
<devDate gml:id="K2_4735811703_1-2">
<gml:timePosition>2021-06-03</gml:timePosition>
</devDate>
<orgGILvl>25000</orgGILvl>
<vis>表示</vis>
<pos>
<gml:Point gml:id="K2_4735811703_1-g" srsName="fguuid:jgd2011.bl">
<gml:pos>32.513943611 131.550781667</gml:pos>
</gml:Point>
</pos>
<type>標高点（測点）</type>
<alti>228</alti>
</ElevPt>
<ElevPt gml:id="K2_4735811709_1">
<fid>47358-11709-i-3</fid>
<lfSpanFr gml:id="K2_4735811709_1-1">
<gml:timePosition>2013-12-10</gml:timePosition>
</lfSpanFr>
<devDate gml:id="K2_4735811709_1-2">
<gml:timePosition>2021-06-03</gml:timePosition>
</devDate>
<orgGILvl>25000</orgGILvl>
<vis>表示</vis>
<pos>
<gml:Point gml:id="K2_4735811709_1-g" srsName="fguuid:jgd2011.bl">
<gml:pos>32.532763889 131.550152500</gml:pos>
</gml:Point>
</pos>
<type>標高点（測点）</type>
<alti>291</alti>
</ElevPt>
<ElevPt gml:id="K2_4735811715_1">
<fid>47358-11715-i-241</fid>
<lfSpanFr gml:id="K2_4735811715_1-1">
<gml:timePosition>2021-04-02</gml:timePosition>
</lfSpanFr>
<devDate gml:id="K2_4735811715_1-2">
<gml:timePosition>2021-06-03</gml:timePosition>
</devDate>
<orgGILvl>25000</orgGILvl>
<vis>表示</vis>
<pos>
<gml:Point gml:id="K2_4735811715_1-g" srsName="fguuid:jgd2011.bl">
<gml:pos>32.547614167 131.558248889</gml:pos>
</gml:Point>
</pos>
<type>標高点（測点）</type>
<alti>90</alti>
</ElevPt>
<ElevPt gml:id="K2_4735811718_1">
<fid>47358-11718-i-86</fid>
<lfSpanFr gml:id="K2_4735811718_1-1">
<gml:timePosition>2020-06-30</gml:timePosition>
</lfSpanFr>
<devDate gml:id="K2_4735811718_1-2">
<gml:timePosition>2021-06-03</gml:timePosition>
</devDate>
<orgGILvl>25000</orgGILvl>
<vis>表示</vis>
<pos>
<gml:Point gml:id="K2_4735811718_1-g" srsName="fguuid:jgd2011.bl">
<gml:pos>32.551761389 131.551268333</gml:pos>
</gml:Point>
</pos>
<type>標高点（測点）</type>
<alti>142</alti>
</ElevPt>
<ElevPt gml:id="K2_4735811721_1">
<fid>47358-11721-i-304</fid>
<lfSpanFr gml:id="K2_4735811721_1-1">
<gml:timePosition>2020-06-30</gml:timePosition>
</lfSpanFr>
<devDate gml:id="K2_4735811721_1-2">
<gml:timePosition>2021-06-03</gml:timePosition>
</devDate>
<orgGILvl>25000</orgGILvl>
<vis>表示</vis>
<pos>
<gml:Point gml:id="K2_4735811721_1-g" srsName="fguuid:jgd2011.bl">
<gml:pos>32.561040000 131.551333056</gml:pos>
</gml:Point>
</pos>
<type>標高点（測点）</type>
<alti>81</alti>
</ElevPt>
<ElevPt gml:id="K2_4735811724_1">
<fid>47358-11724-i-385</fid>
<lfSpanFr gml:id="K2_4735811724_1-1">
<gml:timePosition>2020-06-30</gml:timePosition>
</lfSpanFr>
<devDate gml:id="K2_4735811724_1-2">
<gml:timePosition>2021-06-03</gml:timePosition>
</devDate>
<orgGILvl>25000</orgGILvl>
<vis>表示</vis>
<pos>
<gml:Point gml:id="K2_4735811724_1-g" srsName="fguuid:jgd2011.bl">
<gml:pos>32.572071944 131.551113611</gml:pos>
</gml:Point>
</pos>
<type>標高点（測点）</type>
<alti>118</alti>
</ElevPt>
<ElevPt gml:id="K2_4735811727_1">
<fid>47358-11727-i-236</fid>
<lfSpanFr gml:id="K2_4735811727_1-1">
<gml:timePosition>2020-06-30</gml:timePosition>
</lfSpanFr>
<devDate gml:id="K2_4735811727_1-2">
<gml:timePosition>2021-06-03</gml:timePosition>
</devDate>
<orgGILvl>25000</orgGILvl>
<vis>表示</vis>
<pos>
<gml:Point gml:id="K2_4735811727_1-g" srsName="fguuid:jgd2011.bl">
<gml:pos>32.583323333 131.550778333</gml:pos>
</gml:Point>
</pos>
<type>標高点（測点）</type>
<alti>176</alti>
</ElevPt>
<ElevPt gml:id="K2_4736111700_1">
<fid>47361-11700-i-199</fid>
<lfSpanFr gml:id="K2_4736111700_1-1">
<gml:timePosition>2020-11-25</gml:timePosition>
</lfSpanFr>
<devDate gml:id="K2_4736111700_1-2">
<gml:timePosition>2021-06-03</gml:timePosition>
</devDate>
<orgGILvl>25000</orgGILvl>
<vis>表示</vis>
<pos>
<gml:Point gml:id="K2_4736111700_1-g" srsName="fguuid:jgd2011.bl">
<gml:pos>32.508014722 131.562555556</gml:pos>
</gml:Point>
</pos>
<type>標高点（測点）</type>
<alti>28</alti>
</ElevPt>
<ElevPt gml:id="K2_4736111706_1">
<fid>47361-11706-i-21</fid>
<lfSpanFr gml:id="K2_4736111706_1-1">
<gml:timePosition>2020-11-25</gml:timePosition>
</lfSpanFr>
<devDate gml:id="K2_4736111706_1-2">
<gml:timePosition>2021-06-03</gml:timePosition>
</devDate>
<orgGILvl>25000</orgGILvl>
<vis>表示</vis>
<pos>
<gml:Point gml:id="K2_4736111706_1-g" srsName="fguuid:jgd2011.bl">
<gml:pos>32.520102500 131.560191944</gml:pos>
</gml:Point>
</pos>
<type>標高点（測点）</type>
<alti>366</alti>
</ElevPt>
<ElevPt gml:id="K2_4736111721_1">
<fid>47361-11721-i-345</fid>
<lfSpanFr gml:id="K2_4736111721_1-1">
<gml:timePosition>2020-06-30</gml:timePosition>
</lfSpanFr>
<devDate gml:id="K2_4736111721_1-2">
<gml:timePosition>2021-06-03</gml:timePosition>
</devDate>
<orgGILvl>25000</orgGILvl>
<vis>表示</vis>
<pos>
<gml:Point gml:id="K2_4736111721_1-g" srsName="fguuid:jgd2011.bl">
<gml:pos>32.559143056 131.565649444</gml:pos>
</gml:Point>
</pos>
<type>標高点（測点）</type>
<alti>104</alti>
</ElevPt>
<ElevPt gml:id="K2_4736111724_1">
<fid>47361-11724-i-299</fid>
<lfSpanFr gml:id="K2_4736111724_1-1">
<gml:timePosition>2020-06-30</gml:timePosition>
</lfSpanFr>
<devDate gml:id="K2_4736111724_1-2">
<gml:timePosition>2021-06-03</gml:timePosition>
</devDate>
<orgGILvl>25000</orgGILvl>
<vis>表示</vis>
<pos>
<gml:Point gml:id="K2_4736111724_1-g" srsName="fguuid:jgd2011.bl">
<gml:pos>32.571793949 131.559041064</gml:pos>
</gml:Point>
</pos>
<type>標高点（測点）</type>
<alti>39</alti>
</ElevPt>
<ElevPt gml:id="K2_4736111727_1">
<fid>47361-11727-i-35</fid>
<lfSpanFr gml:id="K2_4736111727_1-1">
<gml:timePosition>2020-06-30</gml:timePosition>
</lfSpanFr>
<devDate gml:id="K2_4736111727_1-2">
<gml:timePosition>2021-06-03</gml:timePosition>
</devDate>
<orgGILvl>25000</orgGILvl>
<vis>表示</vis>
<pos>
<gml:Point gml:id="K2_4736111727_1-g" srsName="fguuid:jgd2011.bl">
<gml:pos>32.576550278 131.562406944</gml:pos>
</gml:Point>
</pos>
<type>標高点（測点）</type>
<alti>188</alti>
</ElevPt>
<ElevPt gml:id="K2_4736411703_1">
<fid>47364-11703-i-1</fid>
<lfSpanFr gml:id="K2_4736411703_1-1">
<gml:timePosition>2013-12-10</gml:timePosition>
</lfSpanFr>
<devDate gml:id="K2_4736411703_1-2">
<gml:timePosition>2021-06-03</gml:timePosition>
</devDate>
<orgGILvl>25000</orgGILvl>
<vis>表示</vis>
<pos>
<gml:Point gml:id="K2_4736411703_1-g" srsName="fguuid:jgd2011.bl">
<gml:pos>32.510142500 131.568186667</gml:pos>
</gml:Point>
</pos>
<type>標高点（測点）</type>
<alti>309</alti>
</ElevPt>
<ElevPt gml:id="K2_4736411706_1">
<fid>47364-11706-i-2</fid>
<lfSpanFr gml:id="K2_4736411706_1-1">
<gml:timePosition>2013-12-10</gml:timePosition>
</lfSpanFr>
<devDate gml:id="K2_4736411706_1-2">
<gml:timePosition>2021-06-03</gml:timePosition>
</devDate>
<orgGILvl>25000</orgGILvl>
<vis>表示</vis>
<pos>
<gml:Point gml:id="K2_4736411706_1-g" srsName="fguuid:jgd2011.bl">
<gml:pos>32.524955556 131.571091667</gml:pos>
</gml:Point>
</pos>
<type>標高点（測点）</type>
<alti>88</alti>
</ElevPt>
<ElevPt gml:id="K2_4736411712_1">
<fid>47364-11712-i-4</fid>
<lfSpanFr gml:id="K2_4736411712_1-1">
<gml:timePosition>2013-12-10</gml:timePosition>
</lfSpanFr>
<devDate gml:id="K2_4736411712_1-2">
<gml:timePosition>2021-06-03</gml:timePosition>
</devDate>
<orgGILvl>25000</orgGILvl>
<vis>表示</vis>
<pos>
<gml:Point gml:id="K2_4736411712_1-g" srsName="fguuid:jgd2011.bl">
<gml:pos>32.537442500 131.567343611</gml:pos>
</gml:Point>
</pos>
<type>標高点（測点）</type>
<alti>303</alti>
</ElevPt>
<ElevPt gml:id="K2_4736411718_1">
<fid>47364-11718-i-25</fid>
<lfSpanFr gml:id="K2_4736411718_1-1">
<gml:timePosition>2020-06-30</gml:timePosition>
</lfSpanFr>
<devDate gml:id="K2_4736411718_1-2">
<gml:timePosition>2021-06-03</gml:timePosition>
</devDate>
<orgGILvl>25000</orgGILvl>
<vis>表示</vis>
<pos>
<gml:Point gml:id="K2_4736411718_1-g" srsName="fguuid:jgd2011.bl">
<gml:pos>32.551466667 131.567979722</gml:pos>
</gml:Point>
</pos>
<type>標高点（測点）</type>
<alti>172</alti>
</ElevPt>
<ElevPt gml:id="K2_4736411727_1">
<fid>47364-11727-i-216</fid>
<lfSpanFr gml:id="K2_4736411727_1-1">
<gml:timePosition>2020-06-30</gml:timePosition>
</lfSpanFr>
<devDate gml:id="K2_4736411727_1-2">
<gml:timePosition>2021-06-03</gml:timePosition>
</devDate>
<orgGILvl>25000</orgGILvl>
<vis>表示</vis>
<pos>
<gml:Point gml:id="K2_4736411727_1-g" srsName="fguuid:jgd2011.bl">
<gml:pos>32.576748638 131.574341743</gml:pos>
</gml:Point>
</pos>
<type>標高点（測点）</type>
<alti>17</alti>
</ElevPt>
<ElevPt gml:id="K2_4736411727_2">
<fid>47364-11727-i-217</fid>
<lfSpanFr gml:id="K2_4736411727_2-1">
<gml:timePosition>2020-06-30</gml:timePosition>
</lfSpanFr>
<devDate gml:id="K2_4736411727_2-2">
<gml:timePosition>2021-06-03</gml:timePosition>
</devDate>
<orgGILvl>25000</orgGILvl>
<vis>表示</vis>
<pos>
<gml:Point gml:id="K2_4736411727_2-g" srsName="fguuid:jgd2011.bl">
<gml:pos>32.580980498 131.572556565</gml:pos>
</gml:Point>
</pos>
<type>標高点（測点）</type>
<alti>20</alti>
</ElevPt>
<ElevPt gml:id="K2_4736711700_1">
<fid>47367-11700-i-4</fid>
<lfSpanFr gml:id="K2_4736711700_1-1">
<gml:timePosition>2013-12-10</gml:timePosition>
</lfSpanFr>
<devDate gml:id="K2_4736711700_1-2">
<gml:timePosition>2021-06-03</gml:timePosition>
</devDate>
<orgGILvl>25000</orgGILvl>
<vis>表示</vis>
<pos>
<gml:Point gml:id="K2_4736711700_1-g" srsName="fguuid:jgd2011.bl">
<gml:pos>32.507583056 131.581631389</gml:pos>
</gml:Point>
</pos>
<type>標高点（測点）</type>
<alti>361</alti>
</ElevPt>
<ElevPt gml:id="K2_4736711709_1">
<fid>47367-11709-i-4</fid>
<lfSpanFr gml:id="K2_4736711709_1-1">
<gml:timePosition>2013-12-10</gml:timePosition>
</lfSpanFr>
<devDate gml:id="K2_4736711709_1-2">
<gml:timePosition>2021-06-03</gml:timePosition>
</devDate>
<orgGILvl>25000</orgGILvl>
<vis>表示</vis>
<pos>
<gml:Point gml:id="K2_4736711709_1-g" srsName="fguuid:jgd2011.bl">
<gml:pos>32.531445556 131.578130278</gml:pos>
</gml:Point>
</pos>
<type>標高点（測点）</type>
<alti>261</alti>
</ElevPt>
<ElevPt gml:id="K2_4736711712_1">
<fid>47367-11712-i-4</fid>
<lfSpanFr gml:id="K2_4736711712_1-1">
<gml:timePosition>2013-12-10</gml:timePosition>
</lfSpanFr>
<devDate gml:id="K2_4736711712_1-2">
<gml:timePosition>2021-06-03</gml:timePosition>
</devDate>
<orgGILvl>25000</orgGILvl>
<vis>表示</vis>
<pos>
<gml:Point gml:id="K2_4736711712_1-g" srsName="fguuid:jgd2011.bl">
<gml:pos>32.539861389 131.576108056</gml:pos>
</gml:Point>
</pos>
<type>標高点（測点）</type>
<alti>273</alti>
</ElevPt>
<ElevPt gml:id="K2_4736711715_1">
<fid>47367-11715-i-8</fid>
<lfSpanFr gml:id="K2_4736711715_1-1">
<gml:timePosition>2013-12-10</gml:timePosition>
</lfSpanFr>
<devDate gml:id="K2_4736711715_1-2">
<gml:timePosition>2021-06-03</gml:timePosition>
</devDate>
<orgGILvl>25000</orgGILvl>
<vis>表示</vis>
<pos>
<gml:Point gml:id="K2_4736711715_1-g" srsName="fguuid:jgd2011.bl">
<gml:pos>32.545089444 131.578266111</gml:pos>
</gml:Point>
</pos>
<type>標高点（測点）</type>
<alti>336</alti>
</ElevPt>
<ElevPt gml:id="K2_4736711718_1">
<fid>47367-11718-i-7</fid>
<lfSpanFr gml:id="K2_4736711718_1-1">
<gml:timePosition>2020-06-30</gml:timePosition>
</lfSpanFr>
<devDate gml:id="K2_4736711718_1-2">
<gml:timePosition>2021-06-03</gml:timePosition>
</devDate>
<orgGILvl>25000</orgGILvl>
<vis>表示</vis>
<pos>
<gml:Point gml:id="K2_4736711718_1-g" srsName="fguuid:jgd2011.bl">
<gml:pos>32.554359444 131.575441667</gml:pos>
</gml:Point>
</pos>
<type>標高点（測点）</type>
<alti>149</alti>
</ElevPt>
<ElevPt gml:id="K2_4736711721_1">
<fid>47367-11721-i-283</fid>
<lfSpanFr gml:id="K2_4736711721_1-1">
<gml:timePosition>2020-06-30</gml:timePosition>
</lfSpanFr>
<devDate gml:id="K2_4736711721_1-2">
<gml:timePosition>2021-06-03</gml:timePosition>
</devDate>
<orgGILvl>25000</orgGILvl>
<vis>表示</vis>
<pos>
<gml:Point gml:id="K2_4736711721_1-g" srsName="fguuid:jgd2011.bl">
<gml:pos>32.560227222 131.577194722</gml:pos>
</gml:Point>
</pos>
<type>標高点（測点）</type>
<alti>129</alti>
</ElevPt>
<ElevPt gml:id="K2_4736711724_1">
<fid>47367-11724-i-410</fid>
<lfSpanFr gml:id="K2_4736711724_1-1">
<gml:timePosition>2020-06-30</gml:timePosition>
</lfSpanFr>
<devDate gml:id="K2_4736711724_1-2">
<gml:timePosition>2021-06-03</gml:timePosition>
</devDate>
<orgGILvl>25000</orgGILvl>
<vis>表示</vis>
<pos>
<gml:Point gml:id="K2_4736711724_1-g" srsName="fguuid:jgd2011.bl">
<gml:pos>32.567564382 131.581415613</gml:pos>
</gml:Point>
</pos>
<type>標高点（測点）</type>
<alti>16</alti>
</ElevPt>
<ElevPt gml:id="K2_4737011703_1">
<fid>47370-11703-i-9</fid>
<lfSpanFr gml:id="K2_4737011703_1-1">
<gml:timePosition>2013-12-10</gml:timePosition>
</lfSpanFr>
<devDate gml:id="K2_4737011703_1-2">
<gml:timePosition>2021-06-03</gml:timePosition>
</devDate>
<orgGILvl>25000</orgGILvl>
<vis>表示</vis>
<pos>
<gml:Point gml:id="K2_4737011703_1-g" srsName="fguuid:jgd2011.bl">
<gml:pos>32.512603889 131.583781389</gml:pos>
</gml:Point>
</pos>
<type>標高点（測点）</type>
<alti>416</alti>
</ElevPt>
<ElevPt gml:id="K2_4737011709_1">
<fid>47370-11709-i-11</fid>
<lfSpanFr gml:id="K2_4737011709_1-1">
<gml:timePosition>2013-12-10</gml:timePosition>
</lfSpanFr>
<devDate gml:id="K2_4737011709_1-2">
<gml:timePosition>2021-06-03</gml:timePosition>
</devDate>
<orgGILvl>25000</orgGILvl>
<vis>表示</vis>
<pos>
<gml:Point gml:id="K2_4737011709_1-g" srsName="fguuid:jgd2011.bl">
<gml:pos>32.527905833 131.589972778</gml:pos>
</gml:Point>
</pos>
<type>標高点（測点）</type>
<alti>365</alti>
</ElevPt>
<ElevPt gml:id="K2_4737011712_1">
<fid>47370-11712-i-3</fid>
<lfSpanFr gml:id="K2_4737011712_1-1">
<gml:timePosition>2013-12-10</gml:timePosition>
</lfSpanFr>
<devDate gml:id="K2_4737011712_1-2">
<gml:timePosition>2021-06-03</gml:timePosition>
</devDate>
<orgGILvl>25000</orgGILvl>
<vis>表示</vis>
<pos>
<gml:Point gml:id="K2_4737011712_1-g" srsName="fguuid:jgd2011.bl">
<gml:pos>32.540247222 131.589186667</gml:pos>
</gml:Point>
</pos>
<type>標高点（測点）</type>
<alti>325</alti>
</ElevPt>
<ElevPt gml:id="K2_4737011712_2">
<fid>47370-11712-i-4</fid>
<lfSpanFr gml:id="K2_4737011712_2-1">
<gml:timePosition>2013-12-10</gml:timePosition>
</lfSpanFr>
<devDate gml:id="K2_4737011712_2-2">
<gml:timePosition>2021-06-03</gml:timePosition>
</devDate>
<orgGILvl>25000</orgGILvl>
<vis>表示</vis>
<pos>
<gml:Point gml:id="K2_4737011712_2-g" srsName="fguuid:jgd2011.bl">
<gml:pos>32.533353611 131.586602778</gml:pos>
</gml:Point>
</pos>
<type>標高点（測点）</type>
<alti>313</alti>
</ElevPt>
<ElevPt gml:id="K2_4737011718_1">
<fid>47370-11718-i-17</fid>
<lfSpanFr gml:id="K2_4737011718_1-1">
<gml:timePosition>2020-06-30</gml:timePosition>
</lfSpanFr>
<devDate gml:id="K2_4737011718_1-2">
<gml:timePosition>2021-06-03</gml:timePosition>
</devDate>
<orgGILvl>25000</orgGILvl>
<vis>表示</vis>
<pos>
<gml:Point gml:id="K2_4737011718_1-g" srsName="fguuid:jgd2011.bl">
<gml:pos>32.551303333 131.586194722</gml:pos>
</gml:Point>
</pos>
<type>標高点（測点）</type>
<alti>278</alti>
</ElevPt>
<ElevPt gml:id="K2_4737011721_1">
<fid>47370-11721-i-222</fid>
<lfSpanFr gml:id="K2_4737011721_1-1">
<gml:timePosition>2020-06-30</gml:timePosition>
</lfSpanFr>
<devDate gml:id="K2_4737011721_1-2">
<gml:timePosition>2021-06-03</gml:timePosition>
</devDate>
<orgGILvl>25000</orgGILvl>
<vis>表示</vis>
<pos>
<gml:Point gml:id="K2_4737011721_1-g" srsName="fguuid:jgd2011.bl">
<gml:pos>32.558783056 131.585248889</gml:pos>
</gml:Point>
</pos>
<type>標高点（測点）</type>
<alti>144</alti>
</ElevPt>
<ElevPt gml:id="K2_4737011727_1">
<fid>47370-11727-i-181</fid>
<lfSpanFr gml:id="K2_4737011727_1-1">
<gml:timePosition>2020-06-30</gml:timePosition>
</lfSpanFr>
<devDate gml:id="K2_4737011727_1-2">
<gml:timePosition>2021-06-03</gml:timePosition>
</devDate>
<orgGILvl>25000</orgGILvl>
<vis>表示</vis>
<pos>
<gml:Point gml:id="K2_4737011727_1-g" srsName="fguuid:jgd2011.bl">
<gml:pos>32.577423056 131.586807222</gml:pos>
</gml:Point>
</pos>
<type>標高点（測点）</type>
<alti>150</alti>
</ElevPt>
<ElevPt gml:id="K2_4737311700_1">
<fid>47373-11700-i-22</fid>
<lfSpanFr gml:id="K2_4737311700_1-1">
<gml:timePosition>2020-11-25</gml:timePosition>
</lfSpanFr>
<devDate gml:id="K2_4737311700_1-2">
<gml:timePosition>2021-06-03</gml:timePosition>
</devDate>
<orgGILvl>25000</orgGILvl>
<vis>表示</vis>
<pos>
<gml:Point gml:id="K2_4737311700_1-g" srsName="fguuid:jgd2011.bl">
<gml:pos>32.500829722 131.596116667</gml:pos>
</gml:Point>
</pos>
<type>標高点（測点）</type>
<alti>116</alti>
</ElevPt>
<ElevPt gml:id="K2_4737311706_1">
<fid>47373-11706-i-2</fid>
<lfSpanFr gml:id="K2_4737311706_1-1">
<gml:timePosition>2013-12-10</gml:timePosition>
</lfSpanFr>
<devDate gml:id="K2_4737311706_1-2">
<gml:timePosition>2021-06-03</gml:timePosition>
</devDate>
<orgGILvl>25000</orgGILvl>
<vis>表示</vis>
<pos>
<gml:Point gml:id="K2_4737311706_1-g" srsName="fguuid:jgd2011.bl">
<gml:pos>32.519861944 131.594747500</gml:pos>
</gml:Point>
</pos>
<type>標高点（測点）</type>
<alti>213</alti>
</ElevPt>
<ElevPt gml:id="K2_4737311712_1">
<fid>47373-11712-i-3</fid>
<lfSpanFr gml:id="K2_4737311712_1-1">
<gml:timePosition>2013-12-10</gml:timePosition>
</lfSpanFr>
<devDate gml:id="K2_4737311712_1-2">
<gml:timePosition>2021-06-03</gml:timePosition>
</devDate>
<orgGILvl>25000</orgGILvl>
<vis>表示</vis>
<pos>
<gml:Point gml:id="K2_4737311712_1-g" srsName="fguuid:jgd2011.bl">
<gml:pos>32.538115278 131.599125833</gml:pos>
</gml:Point>
</pos>
<type>標高点（測点）</type>
<alti>221</alti>
</ElevPt>
<ElevPt gml:id="K2_4737311715_1">
<fid>47373-11715-i-1</fid>
<lfSpanFr gml:id="K2_4737311715_1-1">
<gml:timePosition>2013-12-10</gml:timePosition>
</lfSpanFr>
<devDate gml:id="K2_4737311715_1-2">
<gml:timePosition>2021-06-03</gml:timePosition>
</devDate>
<orgGILvl>25000</orgGILvl>
<vis>表示</vis>
<pos>
<gml:Point gml:id="K2_4737311715_1-g" srsName="fguuid:jgd2011.bl">
<gml:pos>32.548693889 131.592933611</gml:pos>
</gml:Point>
</pos>
<type>標高点（測点）</type>
<alti>251</alti>
</ElevPt>
<ElevPt gml:id="K2_4737311715_2">
<fid>47373-11715-i-2</fid>
<lfSpanFr gml:id="K2_4737311715_2-1">
<gml:timePosition>2013-12-10</gml:timePosition>
</lfSpanFr>
<devDate gml:id="K2_4737311715_2-2">
<gml:timePosition>2021-06-03</gml:timePosition>
</devDate>
<orgGILvl>25000</orgGILvl>
<vis>表示</vis>
<pos>
<gml:Point gml:id="K2_4737311715_2-g" srsName="fguuid:jgd2011.bl">
<gml:pos>32.542376389 131.595543333</gml:pos>
</gml:Point>
</pos>
<type>標高点（測点）</type>
<alti>232</alti>
</ElevPt>
<ElevPt gml:id="K2_4737311718_1">
<fid>47373-11718-i-21</fid>
<lfSpanFr gml:id="K2_4737311718_1-1">
<gml:timePosition>2020-06-30</gml:timePosition>
</lfSpanFr>
<devDate gml:id="K2_4737311718_1-2">
<gml:timePosition>2021-06-03</gml:timePosition>
</devDate>
<orgGILvl>25000</orgGILvl>
<vis>表示</vis>
<pos>
<gml:Point gml:id="K2_4737311718_1-g" srsName="fguuid:jgd2011.bl">
<gml:pos>32.555878889 131.593095556</gml:pos>
</gml:Point>
</pos>
<type>標高点（測点）</type>
<alti>242</alti>
</ElevPt>
<ElevPt gml:id="K2_4737311724_1">
<fid>47373-11724-i-432</fid>
<lfSpanFr gml:id="K2_4737311724_1-1">
<gml:timePosition>2020-06-30</gml:timePosition>
</lfSpanFr>
<devDate gml:id="K2_4737311724_1-2">
<gml:timePosition>2021-06-03</gml:timePosition>
</devDate>
<orgGILvl>25000</orgGILvl>
<vis>表示</vis>
<pos>
<gml:Point gml:id="K2_4737311724_1-g" srsName="fguuid:jgd2011.bl">
<gml:pos>32.569584444 131.593185556</gml:pos>
</gml:Point>
</pos>
<type>標高点（測点）</type>
<alti>53</alti>
</ElevPt>
<ElevPt gml:id="K2_4737311727_1">
<fid>47373-11727-i-536</fid>
<lfSpanFr gml:id="K2_4737311727_1-1">
<gml:timePosition>2020-06-30</gml:timePosition>
</lfSpanFr>
<devDate gml:id="K2_4737311727_1-2">
<gml:timePosition>2021-06-03</gml:timePosition>
</devDate>
<orgGILvl>25000</orgGILvl>
<vis>表示</vis>
<pos>
<gml:Point gml:id="K2_4737311727_1-g" srsName="fguuid:jgd2011.bl">
<gml:pos>32.583138389 131.592917000</gml:pos>
</gml:Point>
</pos>
<type>標高点（測点）</type>
<alti>26</alti>
</ElevPt>
<ElevPt gml:id="K2_4737611703_1">
<fid>47376-11703-i-1</fid>
<lfSpanFr gml:id="K2_4737611703_1-1">
<gml:timePosition>2013-12-10</gml:timePosition>
</lfSpanFr>
<devDate gml:id="K2_4737611703_1-2">
<gml:timePosition>2021-06-03</gml:timePosition>
</devDate>
<orgGILvl>25000</orgGILvl>
<vis>表示</vis>
<pos>
<gml:Point gml:id="K2_4737611703_1-g" srsName="fguuid:jgd2011.bl">
<gml:pos>32.511545278 131.607105556</gml:pos>
</gml:Point>
</pos>
<type>標高点（測点）</type>
<alti>221</alti>
</ElevPt>
<ElevPt gml:id="K2_4737611706_1">
<fid>47376-11706-i-3</fid>
<lfSpanFr gml:id="K2_4737611706_1-1">
<gml:timePosition>2013-12-10</gml:timePosition>
</lfSpanFr>
<devDate gml:id="K2_4737611706_1-2">
<gml:timePosition>2021-06-03</gml:timePosition>
</devDate>
<orgGILvl>25000</orgGILvl>
<vis>表示</vis>
<pos>
<gml:Point gml:id="K2_4737611706_1-g" srsName="fguuid:jgd2011.bl">
<gml:pos>32.521673056 131.602096111</gml:pos>
</gml:Point>
</pos>
<type>標高点（測点）</type>
<alti>195</alti>
</ElevPt>
<ElevPt gml:id="K2_4737611709_1">
<fid>47376-11709-i-5</fid>
<lfSpanFr gml:id="K2_4737611709_1-1">
<gml:timePosition>2013-12-10</gml:timePosition>
</lfSpanFr>
<devDate gml:id="K2_4737611709_1-2">
<gml:timePosition>2021-06-03</gml:timePosition>
</devDate>
<orgGILvl>25000</orgGILvl>
<vis>表示</vis>
<pos>
<gml:Point gml:id="K2_4737611709_1-g" srsName="fguuid:jgd2011.bl">
<gml:pos>32.530655833 131.601537222</gml:pos>
</gml:Point>
</pos>
<type>標高点（測点）</type>
<alti>328</alti>
</ElevPt>
<ElevPt gml:id="K2_4737611715_1">
<fid>47376-11715-i-39</fid>
<lfSpanFr gml:id="K2_4737611715_1-1">
<gml:timePosition>2020-06-30</gml:timePosition>
</lfSpanFr>
<devDate gml:id="K2_4737611715_1-2">
<gml:timePosition>2021-06-03</gml:timePosition>
</devDate>
<orgGILvl>25000</orgGILvl>
<vis>表示</vis>
<pos>
<gml:Point gml:id="K2_4737611715_1-g" srsName="fguuid:jgd2011.bl">
<gml:pos>32.542605000 131.604235556</gml:pos>
</gml:Point>
</pos>
<type>標高点（測点）</type>
<alti>186</alti>
</ElevPt>
<ElevPt gml:id="K2_4737611718_1">
<fid>47376-11718-i-53</fid>
<lfSpanFr gml:id="K2_4737611718_1-1">
<gml:timePosition>2020-06-30</gml:timePosition>
</lfSpanFr>
<devDate gml:id="K2_4737611718_1-2">
<gml:timePosition>2021-06-03</gml:timePosition>
</devDate>
<orgGILvl>25000</orgGILvl>
<vis>表示</vis>
<pos>
<gml:Point gml:id="K2_4737611718_1-g" srsName="fguuid:jgd2011.bl">
<gml:pos>32.551309444 131.604014444</gml:pos>
</gml:Point>
</pos>
<type>標高点（測点）</type>
<alti>134</alti>
</ElevPt>
<ElevPt gml:id="K2_4737611721_1">
<fid>47376-11721-i-455</fid>
<lfSpanFr gml:id="K2_4737611721_1-1">
<gml:timePosition>2020-06-30</gml:timePosition>
</lfSpanFr>
<devDate gml:id="K2_4737611721_1-2">
<gml:timePosition>2021-06-03</gml:timePosition>
</devDate>
<orgGILvl>25000</orgGILvl>
<vis>表示</vis>
<pos>
<gml:Point gml:id="K2_4737611721_1-g" srsName="fguuid:jgd2011.bl">
<gml:pos>32.562250724 131.604649916</gml:pos>
</gml:Point>
</pos>
<type>標高点（測点）</type>
<alti>14</alti>
</ElevPt>
<ElevPt gml:id="K2_4737611724_1">
<fid>47376-11724-i-460</fid>
<lfSpanFr gml:id="K2_4737611724_1-1">
<gml:timePosition>2020-06-30</gml:timePosition>
</lfSpanFr>
<devDate gml:id="K2_4737611724_1-2">
<gml:timePosition>2021-06-03</gml:timePosition>
</devDate>
<orgGILvl>25000</orgGILvl>
<vis>表示</vis>
<pos>
<gml:Point gml:id="K2_4737611724_1-g" srsName="fguuid:jgd2011.bl">
<gml:pos>32.570601667 131.604558611</gml:pos>
</gml:Point>
</pos>
<type>標高点（測点）</type>
<alti>116</alti>
</ElevPt>
<ElevPt gml:id="K2_4737611727_1">
<fid>47376-11727-i-391</fid>
<lfSpanFr gml:id="K2_4737611727_1-1">
<gml:timePosition>2020-06-30</gml:timePosition>
</lfSpanFr>
<devDate gml:id="K2_4737611727_1-2">
<gml:timePosition>2021-06-03</gml:timePosition>
</devDate>
<orgGILvl>25000</orgGILvl>
<vis>表示</vis>
<pos>
<gml:Point gml:id="K2_4737611727_1-g" srsName="fguuid:jgd2011.bl">
<gml:pos>32.581519444 131.607224444</gml:pos>
</gml:Point>
</pos>
<type>標高点（測点）</type>
<alti>103</alti>
</ElevPt>
<ElevPt gml:id="K2_4737911700_1">
<fid>47379-11700-i-1</fid>
<lfSpanFr gml:id="K2_4737911700_1-1">
<gml:timePosition>2013-12-10</gml:timePosition>
</lfSpanFr>
<devDate gml:id="K2_4737911700_1-2">
<gml:timePosition>2021-06-03</gml:timePosition>
</devDate>
<orgGILvl>25000</orgGILvl>
<vis>表示</vis>
<pos>
<gml:Point gml:id="K2_4737911700_1-g" srsName="fguuid:jgd2011.bl">
<gml:pos>32.500141667 131.616127500</gml:pos>
</gml:Point>
</pos>
<type>標高点（測点）</type>
<alti>305</alti>
</ElevPt>
<ElevPt gml:id="K2_4737911703_1">
<fid>47379-11703-i-4</fid>
<lfSpanFr gml:id="K2_4737911703_1-1">
<gml:timePosition>2013-12-10</gml:timePosition>
</lfSpanFr>
<devDate gml:id="K2_4737911703_1-2">
<gml:timePosition>2021-06-03</gml:timePosition>
</devDate>
<orgGILvl>25000</orgGILvl>
<vis>表示</vis>
<pos>
<gml:Point gml:id="K2_4737911703_1-g" srsName="fguuid:jgd2011.bl">
<gml:pos>32.516263333 131.613591389</gml:pos>
</gml:Point>
</pos>
<type>標高点（測点）</type>
<alti>354</alti>
</ElevPt>
<ElevPt gml:id="K2_4737911712_1">
<fid>47379-11712-i-4</fid>
<lfSpanFr gml:id="K2_4737911712_1-1">
<gml:timePosition>2013-12-10</gml:timePosition>
</lfSpanFr>
<devDate gml:id="K2_4737911712_1-2">
<gml:timePosition>2021-06-03</gml:timePosition>
</devDate>
<orgGILvl>25000</orgGILvl>
<vis>表示</vis>
<pos>
<gml:Point gml:id="K2_4737911712_1-g" srsName="fguuid:jgd2011.bl">
<gml:pos>32.535523056 131.609222500</gml:pos>
</gml:Point>
</pos>
<type>標高点（測点）</type>
<alti>239</alti>
</ElevPt>
<ElevPt gml:id="K2_4737911715_1">
<fid>47379-11715-i-30</fid>
<lfSpanFr gml:id="K2_4737911715_1-1">
<gml:timePosition>2020-06-30</gml:timePosition>
</lfSpanFr>
<devDate gml:id="K2_4737911715_1-2">
<gml:timePosition>2021-06-03</gml:timePosition>
</devDate>
<orgGILvl>25000</orgGILvl>
<vis>表示</vis>
<pos>
<gml:Point gml:id="K2_4737911715_1-g" srsName="fguuid:jgd2011.bl">
<gml:pos>32.542635556 131.612870556</gml:pos>
</gml:Point>
</pos>
<type>標高点（測点）</type>
<alti>310</alti>
</ElevPt>
<ElevPt gml:id="K2_4737911718_1">
<fid>47379-11718-i-144</fid>
<lfSpanFr gml:id="K2_4737911718_1-1">
<gml:timePosition>2020-06-30</gml:timePosition>
</lfSpanFr>
<devDate gml:id="K2_4737911718_1-2">
<gml:timePosition>2021-06-03</gml:timePosition>
</devDate>
<orgGILvl>25000</orgGILvl>
<vis>表示</vis>
<pos>
<gml:Point gml:id="K2_4737911718_1-g" srsName="fguuid:jgd2011.bl">
<gml:pos>32.554980556 131.613099444</gml:pos>
</gml:Point>
</pos>
<type>標高点（測点）</type>
<alti>149</alti>
</ElevPt>
<ElevPt gml:id="K2_4737911721_1">
<fid>47379-11721-i-632</fid>
<lfSpanFr gml:id="K2_4737911721_1-1">
<gml:timePosition>2020-06-30</gml:timePosition>
</lfSpanFr>
<devDate gml:id="K2_4737911721_1-2">
<gml:timePosition>2021-06-03</gml:timePosition>
</devDate>
<orgGILvl>25000</orgGILvl>
<vis>表示</vis>
<pos>
<gml:Point gml:id="K2_4737911721_1-g" srsName="fguuid:jgd2011.bl">
<gml:pos>32.561062592 131.616194096</gml:pos>
</gml:Point>
</pos>
<type>標高点（測点）</type>
<alti>11</alti>
</ElevPt>
<ElevPt gml:id="K2_4738211700_1">
<fid>47382-11700-i-1</fid>
<lfSpanFr gml:id="K2_4738211700_1-1">
<gml:timePosition>2013-12-10</gml:timePosition>
</lfSpanFr>
<devDate gml:id="K2_4738211700_1-2">
<gml:timePosition>2021-06-03</gml:timePosition>
</devDate>
<orgGILvl>25000</orgGILvl>
<vis>表示</vis>
<pos>
<gml:Point gml:id="K2_4738211700_1-g" srsName="fguuid:jgd2011.bl">
<gml:pos>32.508077500 131.620501944</gml:pos>
</gml:Point>
</pos>
<type>標高点（測点）</type>
<alti>306</alti>
</ElevPt>
<ElevPt gml:id="K2_4738211709_1">
<fid>47382-11709-i-6</fid>
<lfSpanFr gml:id="K2_4738211709_1-1">
<gml:timePosition>2013-12-10</gml:timePosition>
</lfSpanFr>
<devDate gml:id="K2_4738211709_1-2">
<gml:timePosition>2021-06-03</gml:timePosition>
</devDate>
<orgGILvl>25000</orgGILvl>
<vis>表示</vis>
<pos>
<gml:Point gml:id="K2_4738211709_1-g" srsName="fguuid:jgd2011.bl">
<gml:pos>32.530716111 131.621195556</gml:pos>
</gml:Point>
</pos>
<type>標高点（測点）</type>
<alti>133</alti>
</ElevPt>
<ElevPt gml:id="K2_4738211721_1">
<fid>47382-11721-i-887</fid>
<lfSpanFr gml:id="K2_4738211721_1-1">
<gml:timePosition>2020-06-30</gml:timePosition>
</lfSpanFr>
<devDate gml:id="K2_4738211721_1-2">
<gml:timePosition>2021-06-03</gml:timePosition>
</devDate>
<orgGILvl>25000</orgGILvl>
<vis>表示</vis>
<pos>
<gml:Point gml:id="K2_4738211721_1-g" srsName="fguuid:jgd2011.bl">
<gml:pos>32.559417778 131.624397222</gml:pos>
</gml:Point>
</pos>
<type>標高点（測点）</type>
<alti>144</alti>
</ElevPt>
<ElevPt gml:id="K2_4738211724_1">
<fid>47382-11724-i-672</fid>
<lfSpanFr gml:id="K2_4738211724_1-1">
<gml:timePosition>2020-06-30</gml:timePosition>
</lfSpanFr>
<devDate gml:id="K2_4738211724_1-2">
<gml:timePosition>2021-06-03</gml:timePosition>
</devDate>
<orgGILvl>25000</orgGILvl>
<vis>表示</vis>
<pos>
<gml:Point gml:id="K2_4738211724_1-g" srsName="fguuid:jgd2011.bl">
<gml:pos>32.572162879 131.617834904</gml:pos>
</gml:Point>
</pos>
<type>標高点（測点）</type>
<alti>40</alti>
</ElevPt>
<ElevPt gml:id="K2_4738211727_1">
<fid>47382-11727-i-722</fid>
<lfSpanFr gml:id="K2_4738211727_1-1">
<gml:timePosition>2020-06-30</gml:timePosition>
</lfSpanFr>
<devDate gml:id="K2_4738211727_1-2">
<gml:timePosition>2021-06-03</gml:timePosition>
</devDate>
<orgGILvl>25000</orgGILvl>
<vis>表示</vis>
<pos>
<gml:Point gml:id="K2_4738211727_1-g" srsName="fguuid:jgd2011.bl">
<gml:pos>32.582161944 131.623671944</gml:pos>
</gml:Point>
</pos>
<type>標高点（測点）</type>
<alti>66</alti>
</ElevPt>
</Dataset>
