<?xml version="1.0" encoding="utf-8"?>
<Dataset xsi:schemaLocation="http://fgd.gsi.go.jp/spec/2008/FGD_GMLSchema FGD_GMLSchema.xsd"
	xmlns:gml="http://www.opengis.net/gml/3.2"
	xmlns:xsi="http://www.w3.org/2001/XMLSchema-instance"
	xmlns:xlink="http://www.w3.org/1999/xlink"
	xmlns="http://fgd.gsi.go.jp/spec/2008/FGD_GMLSchema"
	gml:id="Dataset1">
  <gml:description>基盤地図情報メタデータ ID=fmdid:21-0701</gml:description>
  <gml:name>基盤地図情報ダウンロードデータ（GML版）</gml:name>
<CommPt gml:id="K8_4700712117_1">
<fid>47007-12117-i-889</fid>
<lfSpanFr gml:id="K8_4700712117_1-1">
<gml:timePosition>2020-10-29</gml:timePosition>
</lfSpanFr>
<devDate gml:id="K8_4700712117_1-2">
<gml:timePosition>2021-07-01</gml:timePosition>
</devDate>
<orgGILvl>2500</orgGILvl>
<vis>表示</vis>
<pos>
<gml:Point gml:id="K8_4700712117_1-g" srsName="fguuid:jgd2011.bl">
<gml:pos>33.664999985 130.575615336</gml:pos>
</gml:Point>
</pos>
<type>大字・町・丁目</type>
<name>緑山畑</name>
<admCode>40226</admCode>
</CommPt>
<CommPt gml:id="K8_4701312117_1">
<fid>47013-12117-i-685</fid>
<lfSpanFr gml:id="K8_4701312117_1-1">
<gml:timePosition>2020-10-29</gml:timePosition>
</lfSpanFr>
<devDate gml:id="K8_4701312117_1-2">
<gml:timePosition>2021-07-01</gml:timePosition>
</devDate>
<orgGILvl>2500</orgGILvl>
<vis>表示</vis>
<pos>
<gml:Point gml:id="K8_4701312117_1-g" srsName="fguuid:jgd2011.bl">
<gml:pos>33.660046482 130.594803756</gml:pos>
</gml:Point>
</pos>
<type>大字・町・丁目</type>
<name>三ヶ畑</name>
<admCode>40226</admCode>
</CommPt>
</Dataset>
