<?xml version="1.0" encoding="utf-8"?>
<Dataset xsi:schemaLocation="http://fgd.gsi.go.jp/spec/2008/FGD_GMLSchema FGD_GMLSchema.xsd"
	xmlns:gml="http://www.opengis.net/gml/3.2"
	xmlns:xsi="http://www.w3.org/2001/XMLSchema-instance"
	xmlns:xlink="http://www.w3.org/1999/xlink"
	xmlns="http://fgd.gsi.go.jp/spec/2008/FGD_GMLSchema"
	gml:id="Dataset1">
  <gml:description>基盤地図情報メタデータ ID=fmdid:21-0701</gml:description>
  <gml:name>基盤地図情報ダウンロードデータ（GML版）</gml:name>
<AdmPt gml:id="K6_4698012105_1">
<fid>46980-12105-i-1887</fid>
<lfSpanFr gml:id="K6_4698012105_1-1">
<gml:timePosition>2020-10-29</gml:timePosition>
</lfSpanFr>
<devDate gml:id="K6_4698012105_1-2">
<gml:timePosition>2021-07-01</gml:timePosition>
</devDate>
<orgGILvl>25000</orgGILvl>
<vis>非表示</vis>
<pos>
<gml:Point gml:id="K6_4698012105_1-g" srsName="fguuid:jgd2011.bl">
<gml:pos>33.625810184 130.500006458</gml:pos>
</gml:Point>
</pos>
<type>町村・指定都市の区</type>
<name>粕屋町</name>
<admCode>40349</admCode>
</AdmPt>
<AdmPt gml:id="K6_4698312093_1">
<fid>46983-12093-i-1904</fid>
<lfSpanFr gml:id="K6_4698312093_1-1">
<gml:timePosition>2016-06-06</gml:timePosition>
</lfSpanFr>
<devDate gml:id="K6_4698312093_1-2">
<gml:timePosition>2021-07-01</gml:timePosition>
</devDate>
<orgGILvl>25000</orgGILvl>
<vis>非表示</vis>
<pos>
<gml:Point gml:id="K6_4698312093_1-g" srsName="fguuid:jgd2011.bl">
<gml:pos>33.598844488 130.516075942</gml:pos>
</gml:Point>
</pos>
<type>町村・指定都市の区</type>
<name>須恵町</name>
<admCode>40344</admCode>
</AdmPt>
<AdmPt gml:id="K6_4698612114_1">
<fid>46986-12114-i-321</fid>
<lfSpanFr gml:id="K6_4698612114_1-1">
<gml:timePosition>2020-10-29</gml:timePosition>
</lfSpanFr>
<devDate gml:id="K6_4698612114_1-2">
<gml:timePosition>2021-07-01</gml:timePosition>
</devDate>
<orgGILvl>25000</orgGILvl>
<vis>非表示</vis>
<pos>
<gml:Point gml:id="K6_4698612114_1-g" srsName="fguuid:jgd2011.bl">
<gml:pos>33.650545157 130.524059603</gml:pos>
</gml:Point>
</pos>
<type>町村・指定都市の区</type>
<name>久山町</name>
<admCode>40348</admCode>
</AdmPt>
<AdmPt gml:id="K6_4699512105_1">
<fid>46995-12105-i-33</fid>
<lfSpanFr gml:id="K6_4699512105_1-1">
<gml:timePosition>2020-10-29</gml:timePosition>
</lfSpanFr>
<devDate gml:id="K6_4699512105_1-2">
<gml:timePosition>2021-07-01</gml:timePosition>
</devDate>
<orgGILvl>25000</orgGILvl>
<vis>非表示</vis>
<pos>
<gml:Point gml:id="K6_4699512105_1-g" srsName="fguuid:jgd2011.bl">
<gml:pos>33.629995142 130.543103261</gml:pos>
</gml:Point>
</pos>
<type>町村・指定都市の区</type>
<name>篠栗町</name>
<admCode>40342</admCode>
</AdmPt>
<AdmPt gml:id="K6_4700112090_1">
<fid>47001-12090-i-30</fid>
<lfSpanFr gml:id="K6_4700112090_1-1">
<gml:timePosition>2015-05-08</gml:timePosition>
</lfSpanFr>
<devDate gml:id="K6_4700112090_1-2">
<gml:timePosition>2021-07-01</gml:timePosition>
</devDate>
<orgGILvl>25000</orgGILvl>
<vis>非表示</vis>
<pos>
<gml:Point gml:id="K6_4700112090_1-g" srsName="fguuid:jgd2011.bl">
<gml:pos>33.588380399 130.559114256</gml:pos>
</gml:Point>
</pos>
<type>町村・指定都市の区</type>
<name>宇美町</name>
<admCode>40341</admCode>
</AdmPt>
<AdmPt gml:id="K6_4701012114_1">
<fid>47010-12114-i-370</fid>
<lfSpanFr gml:id="K6_4701012114_1-1">
<gml:timePosition>2020-10-29</gml:timePosition>
</lfSpanFr>
<devDate gml:id="K6_4701012114_1-2">
<gml:timePosition>2021-07-01</gml:timePosition>
</devDate>
<orgGILvl>25000</orgGILvl>
<vis>非表示</vis>
<pos>
<gml:Point gml:id="K6_4701012114_1-g" srsName="fguuid:jgd2011.bl">
<gml:pos>33.652451580 130.585626601</gml:pos>
</gml:Point>
</pos>
<type>郡市・東京都の区</type>
<name>宮若市</name>
<admCode>40226</admCode>
</AdmPt>
<AdmPt gml:id="K6_4701612105_1">
<fid>47016-12105-i-949</fid>
<lfSpanFr gml:id="K6_4701612105_1-1">
<gml:timePosition>2020-10-29</gml:timePosition>
</lfSpanFr>
<devDate gml:id="K6_4701612105_1-2">
<gml:timePosition>2021-07-01</gml:timePosition>
</devDate>
<orgGILvl>25000</orgGILvl>
<vis>非表示</vis>
<pos>
<gml:Point gml:id="K6_4701612105_1-g" srsName="fguuid:jgd2011.bl">
<gml:pos>33.626230974 130.606178598</gml:pos>
</gml:Point>
</pos>
<type>郡市・東京都の区</type>
<name>飯塚市</name>
<admCode>40205</admCode>
</AdmPt>
</Dataset>
