<?xml version="1.0" encoding="utf-8"?>
<Dataset xsi:schemaLocation="http://fgd.gsi.go.jp/spec/2008/FGD_GMLSchema FGD_GMLSchema.xsd"
	xmlns:gml="http://www.opengis.net/gml/3.2"
	xmlns:xsi="http://www.w3.org/2001/XMLSchema-instance"
	xmlns:xlink="http://www.w3.org/1999/xlink"
	xmlns="http://fgd.gsi.go.jp/spec/2008/FGD_GMLSchema"
	gml:id="Dataset1">
  <gml:description>基盤地図情報メタデータ ID=fmdid:21-0701</gml:description>
  <gml:name>基盤地図情報ダウンロードデータ（GML版）</gml:name>
<WStrL gml:id="K27_4698012105_1">
<fid>46980-12105-s-8070</fid>
<lfSpanFr gml:id="K27_4698012105_1-1">
<gml:timePosition>2020-10-29</gml:timePosition>
</lfSpanFr>
<devDate gml:id="K27_4698012105_1-2">
<gml:timePosition>2021-07-01</gml:timePosition>
</devDate>
<orgGILvl>2500</orgGILvl>
<vis>表示</vis>
<loc>
<gml:Curve gml:id="K27_4698012105_1-g" srsName="fguuid:jgd2011.bl">
<gml:segments>
<gml:LineStringSegment>
<gml:posList>
33.626101985 130.501847205
33.626240689 130.501854383
33.626262063 130.501855445
33.626400497 130.501862517
33.626421870 130.501863579
33.626525946 130.501869339
</gml:posList>
</gml:LineStringSegment>
</gml:segments>
</gml:Curve>
</loc>
<type>せき</type>
</WStrL>
<WStrL gml:id="K27_4698012105_2">
<fid>46980-12105-s-8071</fid>
<lfSpanFr gml:id="K27_4698012105_2-1">
<gml:timePosition>2020-10-29</gml:timePosition>
</lfSpanFr>
<devDate gml:id="K27_4698012105_2-2">
<gml:timePosition>2021-07-01</gml:timePosition>
</devDate>
<orgGILvl>2500</orgGILvl>
<vis>表示</vis>
<loc>
<gml:Curve gml:id="K27_4698012105_2-g" srsName="fguuid:jgd2011.bl">
<gml:segments>
<gml:LineStringSegment>
<gml:posList>
33.627095976 130.506615322
33.627156064 130.506647315
33.627157932 130.506685891
33.627548609 130.506682608
</gml:posList>
</gml:LineStringSegment>
</gml:segments>
</gml:Curve>
</loc>
<type>せき</type>
</WStrL>
<WStrL gml:id="K27_4698012105_3">
<fid>46980-12105-s-8072</fid>
<lfSpanFr gml:id="K27_4698012105_3-1">
<gml:timePosition>2020-10-29</gml:timePosition>
</lfSpanFr>
<devDate gml:id="K27_4698012105_3-2">
<gml:timePosition>2021-07-01</gml:timePosition>
</devDate>
<orgGILvl>2500</orgGILvl>
<vis>表示</vis>
<loc>
<gml:Curve gml:id="K27_4698012105_3-g" srsName="fguuid:jgd2011.bl">
<gml:segments>
<gml:LineStringSegment>
<gml:posList>
33.626564605 130.504697079
33.626953470 130.504484504
</gml:posList>
</gml:LineStringSegment>
</gml:segments>
</gml:Curve>
</loc>
<type>せき</type>
</WStrL>
<WStrL gml:id="K27_4698312099_1">
<fid>46983-12099-s-2551</fid>
<lfSpanFr gml:id="K27_4698312099_1-1">
<gml:timePosition>2020-10-29</gml:timePosition>
</lfSpanFr>
<devDate gml:id="K27_4698312099_1-2">
<gml:timePosition>2021-07-01</gml:timePosition>
</devDate>
<orgGILvl>2500</orgGILvl>
<vis>表示</vis>
<loc>
<gml:Curve gml:id="K27_4698312099_1-g" srsName="fguuid:jgd2011.bl">
<gml:segments>
<gml:LineStringSegment>
<gml:posList>
33.610689964 130.509004486
33.610734819 130.509310387
</gml:posList>
</gml:LineStringSegment>
</gml:segments>
</gml:Curve>
</loc>
<type>砂防ダム</type>
</WStrL>
<WStrL gml:id="K27_4698312105_1">
<fid>46983-12105-s-3953</fid>
<lfSpanFr gml:id="K27_4698312105_1-1">
<gml:timePosition>2020-10-29</gml:timePosition>
</lfSpanFr>
<devDate gml:id="K27_4698312105_1-2">
<gml:timePosition>2021-07-01</gml:timePosition>
</devDate>
<orgGILvl>2500</orgGILvl>
<vis>表示</vis>
<loc>
<gml:Curve gml:id="K27_4698312105_1-g" srsName="fguuid:jgd2011.bl">
<gml:segments>
<gml:LineStringSegment>
<gml:posList>
33.627562297 130.515090961
33.627695047 130.515074373
33.627724607 130.515070651
33.627763864 130.515065753
33.627898732 130.515048873
</gml:posList>
</gml:LineStringSegment>
</gml:segments>
</gml:Curve>
</loc>
<type>せき</type>
</WStrL>
<WStrL gml:id="K27_4698312105_2">
<fid>46983-12105-s-3954</fid>
<lfSpanFr gml:id="K27_4698312105_2-1">
<gml:timePosition>2020-10-29</gml:timePosition>
</lfSpanFr>
<devDate gml:id="K27_4698312105_2-2">
<gml:timePosition>2021-07-01</gml:timePosition>
</devDate>
<orgGILvl>2500</orgGILvl>
<vis>表示</vis>
<loc>
<gml:Curve gml:id="K27_4698312105_2-g" srsName="fguuid:jgd2011.bl">
<gml:segments>
<gml:LineStringSegment>
<gml:posList>
33.626602253 130.511596952
33.626740163 130.511517384
33.626752938 130.511509983
33.626893996 130.511428349
33.626906681 130.511421164
33.627050978 130.511337680
</gml:posList>
</gml:LineStringSegment>
</gml:segments>
</gml:Curve>
</loc>
<type>せき</type>
</WStrL>
<WStrL gml:id="K27_4698612096_1">
<fid>46986-12096-s-1163</fid>
<lfSpanFr gml:id="K27_4698612096_1-1">
<gml:timePosition>2020-10-29</gml:timePosition>
</lfSpanFr>
<devDate gml:id="K27_4698612096_1-2">
<gml:timePosition>2021-07-01</gml:timePosition>
</devDate>
<orgGILvl>2500</orgGILvl>
<vis>表示</vis>
<loc>
<gml:Curve gml:id="K27_4698612096_1-g" srsName="fguuid:jgd2011.bl">
<gml:segments>
<gml:LineStringSegment>
<gml:posList>
33.604227223 130.519509526
33.604273920 130.519576722
33.604362688 130.519704243
</gml:posList>
</gml:LineStringSegment>
</gml:segments>
</gml:Curve>
</loc>
<type>砂防ダム</type>
</WStrL>
<WStrL gml:id="K27_4698612096_2">
<fid>46986-12096-s-1164</fid>
<lfSpanFr gml:id="K27_4698612096_2-1">
<gml:timePosition>2020-10-29</gml:timePosition>
</lfSpanFr>
<devDate gml:id="K27_4698612096_2-2">
<gml:timePosition>2021-07-01</gml:timePosition>
</devDate>
<orgGILvl>2500</orgGILvl>
<vis>表示</vis>
<loc>
<gml:Curve gml:id="K27_4698612096_2-g" srsName="fguuid:jgd2011.bl">
<gml:segments>
<gml:LineStringSegment>
<gml:posList>
33.602521116 130.517454658
33.602633526 130.517516852
33.602788043 130.517602194
</gml:posList>
</gml:LineStringSegment>
</gml:segments>
</gml:Curve>
</loc>
<type>砂防ダム</type>
</WStrL>
<WStrL gml:id="K27_4698612105_1">
<fid>46986-12105-s-5755</fid>
<lfSpanFr gml:id="K27_4698612105_1-1">
<gml:timePosition>2020-10-29</gml:timePosition>
</lfSpanFr>
<devDate gml:id="K27_4698612105_1-2">
<gml:timePosition>2021-07-01</gml:timePosition>
</devDate>
<orgGILvl>2500</orgGILvl>
<vis>表示</vis>
<loc>
<gml:Curve gml:id="K27_4698612105_1-g" srsName="fguuid:jgd2011.bl">
<gml:segments>
<gml:LineStringSegment>
<gml:posList>
33.628052568 130.518793962
33.628208539 130.518766472
33.628230092 130.518762612
33.628378476 130.518736425
</gml:posList>
</gml:LineStringSegment>
</gml:segments>
</gml:Curve>
</loc>
<type>せき</type>
</WStrL>
<WStrL gml:id="K27_4698912096_1">
<fid>46989-12096-s-2076</fid>
<lfSpanFr gml:id="K27_4698912096_1-1">
<gml:timePosition>2020-10-29</gml:timePosition>
</lfSpanFr>
<devDate gml:id="K27_4698912096_1-2">
<gml:timePosition>2021-07-01</gml:timePosition>
</devDate>
<orgGILvl>2500</orgGILvl>
<vis>表示</vis>
<loc>
<gml:Curve gml:id="K27_4698912096_1-g" srsName="fguuid:jgd2011.bl">
<gml:segments>
<gml:LineStringSegment>
<gml:posList>
33.608209718 130.527495517
33.608266502 130.527442836
33.608332990 130.527381158
33.608333333 130.527381346
</gml:posList>
</gml:LineStringSegment>
</gml:segments>
</gml:Curve>
</loc>
<type>砂防ダム</type>
</WStrL>
<WStrL gml:id="K27_4698912096_2">
<fid>46989-12096-s-2077</fid>
<lfSpanFr gml:id="K27_4698912096_2-1">
<gml:timePosition>2020-10-29</gml:timePosition>
</lfSpanFr>
<devDate gml:id="K27_4698912096_2-2">
<gml:timePosition>2021-07-01</gml:timePosition>
</devDate>
<orgGILvl>2500</orgGILvl>
<vis>表示</vis>
<loc>
<gml:Curve gml:id="K27_4698912096_2-g" srsName="fguuid:jgd2011.bl">
<gml:segments>
<gml:LineStringSegment>
<gml:posList>
33.604683898 130.526850329
33.604515124 130.527138204
</gml:posList>
</gml:LineStringSegment>
</gml:segments>
</gml:Curve>
</loc>
<type>砂防ダム</type>
</WStrL>
<WStrL gml:id="K27_4698912096_3">
<fid>46989-12096-s-2078</fid>
<lfSpanFr gml:id="K27_4698912096_3-1">
<gml:timePosition>2020-10-29</gml:timePosition>
</lfSpanFr>
<devDate gml:id="K27_4698912096_3-2">
<gml:timePosition>2021-07-01</gml:timePosition>
</devDate>
<orgGILvl>2500</orgGILvl>
<vis>表示</vis>
<loc>
<gml:Curve gml:id="K27_4698912096_3-g" srsName="fguuid:jgd2011.bl">
<gml:segments>
<gml:LineStringSegment>
<gml:posList>
33.603537356 130.527091065
33.603592849 130.527196038
33.603605111 130.527219354
33.603657970 130.527319384
</gml:posList>
</gml:LineStringSegment>
</gml:segments>
</gml:Curve>
</loc>
<type>砂防ダム</type>
</WStrL>
<WStrL gml:id="K27_4698912096_4">
<fid>46989-12096-s-2079</fid>
<lfSpanFr gml:id="K27_4698912096_4-1">
<gml:timePosition>2020-10-29</gml:timePosition>
</lfSpanFr>
<devDate gml:id="K27_4698912096_4-2">
<gml:timePosition>2021-07-01</gml:timePosition>
</devDate>
<orgGILvl>2500</orgGILvl>
<vis>表示</vis>
<loc>
<gml:Curve gml:id="K27_4698912096_4-g" srsName="fguuid:jgd2011.bl">
<gml:segments>
<gml:LineStringSegment>
<gml:posList>
33.605584240 130.531691776
33.605840538 130.531512698
33.606071783 130.531670929
</gml:posList>
</gml:LineStringSegment>
</gml:segments>
</gml:Curve>
</loc>
<type>砂防ダム</type>
</WStrL>
<WStrL gml:id="K27_4698912096_5">
<fid>46989-12096-s-2080</fid>
<lfSpanFr gml:id="K27_4698912096_5-1">
<gml:timePosition>2020-10-29</gml:timePosition>
</lfSpanFr>
<devDate gml:id="K27_4698912096_5-2">
<gml:timePosition>2021-07-01</gml:timePosition>
</devDate>
<orgGILvl>2500</orgGILvl>
<vis>表示</vis>
<loc>
<gml:Curve gml:id="K27_4698912096_5-g" srsName="fguuid:jgd2011.bl">
<gml:segments>
<gml:LineStringSegment>
<gml:posList>
33.605205214 130.531177133
33.605268848 130.531337561
33.605319816 130.531486744
33.605288091 130.531609327
</gml:posList>
</gml:LineStringSegment>
</gml:segments>
</gml:Curve>
</loc>
<type>砂防ダム</type>
</WStrL>
<WStrL gml:id="K27_4698912096_6">
<fid>46989-12096-s-2081</fid>
<lfSpanFr gml:id="K27_4698912096_6-1">
<gml:timePosition>2020-10-29</gml:timePosition>
</lfSpanFr>
<devDate gml:id="K27_4698912096_6-2">
<gml:timePosition>2021-07-01</gml:timePosition>
</devDate>
<orgGILvl>2500</orgGILvl>
<vis>表示</vis>
<loc>
<gml:Curve gml:id="K27_4698912096_6-g" srsName="fguuid:jgd2011.bl">
<gml:segments>
<gml:LineStringSegment>
<gml:posList>
33.605600746 130.533196296
33.605694934 130.533333333
</gml:posList>
</gml:LineStringSegment>
</gml:segments>
</gml:Curve>
</loc>
<type>砂防ダム</type>
</WStrL>
<WStrL gml:id="K27_4698912096_7">
<fid>46989-12096-s-2082</fid>
<lfSpanFr gml:id="K27_4698912096_7-1">
<gml:timePosition>2020-10-29</gml:timePosition>
</lfSpanFr>
<devDate gml:id="K27_4698912096_7-2">
<gml:timePosition>2021-07-01</gml:timePosition>
</devDate>
<orgGILvl>2500</orgGILvl>
<vis>表示</vis>
<loc>
<gml:Curve gml:id="K27_4698912096_7-g" srsName="fguuid:jgd2011.bl">
<gml:segments>
<gml:LineStringSegment>
<gml:posList>
33.603859977 130.532167137
33.603666821 130.532305459
</gml:posList>
</gml:LineStringSegment>
</gml:segments>
</gml:Curve>
</loc>
<type>砂防ダム</type>
</WStrL>
<WStrL gml:id="K27_4698912099_1">
<fid>46989-12099-s-2568</fid>
<lfSpanFr gml:id="K27_4698912099_1-1">
<gml:timePosition>2020-10-29</gml:timePosition>
</lfSpanFr>
<devDate gml:id="K27_4698912099_1-2">
<gml:timePosition>2021-07-01</gml:timePosition>
</devDate>
<orgGILvl>2500</orgGILvl>
<vis>表示</vis>
<loc>
<gml:Curve gml:id="K27_4698912099_1-g" srsName="fguuid:jgd2011.bl">
<gml:segments>
<gml:LineStringSegment>
<gml:posList>
33.608333333 130.527381346
33.608523459 130.527485293
</gml:posList>
</gml:LineStringSegment>
</gml:segments>
</gml:Curve>
</loc>
<type>砂防ダム</type>
</WStrL>
<WStrL gml:id="K27_4698912105_1">
<fid>46989-12105-s-3804</fid>
<lfSpanFr gml:id="K27_4698912105_1-1">
<gml:timePosition>2020-10-29</gml:timePosition>
</lfSpanFr>
<devDate gml:id="K27_4698912105_1-2">
<gml:timePosition>2021-07-01</gml:timePosition>
</devDate>
<orgGILvl>2500</orgGILvl>
<vis>表示</vis>
<loc>
<gml:Curve gml:id="K27_4698912105_1-g" srsName="fguuid:jgd2011.bl">
<gml:segments>
<gml:LineStringSegment>
<gml:posList>
33.626522471 130.525122211
33.626683434 130.525173387
33.626811176 130.525214075
</gml:posList>
</gml:LineStringSegment>
</gml:segments>
</gml:Curve>
</loc>
<type>せき</type>
</WStrL>
<WStrL gml:id="K27_4698912105_2">
<fid>46989-12105-s-3805</fid>
<lfSpanFr gml:id="K27_4698912105_2-1">
<gml:timePosition>2020-10-29</gml:timePosition>
</lfSpanFr>
<devDate gml:id="K27_4698912105_2-2">
<gml:timePosition>2021-07-01</gml:timePosition>
</devDate>
<orgGILvl>2500</orgGILvl>
<vis>表示</vis>
<loc>
<gml:Curve gml:id="K27_4698912105_2-g" srsName="fguuid:jgd2011.bl">
<gml:segments>
<gml:LineStringSegment>
<gml:posList>
33.625555648 130.531085473
33.625679459 130.531136537
33.625695715 130.531143239
33.625817992 130.531193773
</gml:posList>
</gml:LineStringSegment>
</gml:segments>
</gml:Curve>
</loc>
<type>せき</type>
</WStrL>
<WStrL gml:id="K27_4698912105_3">
<fid>46989-12105-s-3806</fid>
<lfSpanFr gml:id="K27_4698912105_3-1">
<gml:timePosition>2020-10-29</gml:timePosition>
</lfSpanFr>
<devDate gml:id="K27_4698912105_3-2">
<gml:timePosition>2021-07-01</gml:timePosition>
</devDate>
<orgGILvl>2500</orgGILvl>
<vis>表示</vis>
<loc>
<gml:Curve gml:id="K27_4698912105_3-g" srsName="fguuid:jgd2011.bl">
<gml:segments>
<gml:LineStringSegment>
<gml:posList>
33.625807395 130.529140249
33.625935638 130.529147107
33.625959258 130.529148379
33.626077048 130.529154744
</gml:posList>
</gml:LineStringSegment>
</gml:segments>
</gml:Curve>
</loc>
<type>せき</type>
</WStrL>
<WStrL gml:id="K27_4698912105_4">
<fid>46989-12105-s-3809</fid>
<lfSpanFr gml:id="K27_4698912105_4-1">
<gml:timePosition>2020-10-29</gml:timePosition>
</lfSpanFr>
<devDate gml:id="K27_4698912105_4-2">
<gml:timePosition>2021-07-01</gml:timePosition>
</devDate>
<orgGILvl>2500</orgGILvl>
<vis>表示</vis>
<loc>
<gml:Curve gml:id="K27_4698912105_4-g" srsName="fguuid:jgd2011.bl">
<gml:segments>
<gml:LineStringSegment>
<gml:posList>
33.625993058 130.530186139
33.625978349 130.530325365
33.625959491 130.530488111
33.625946410 130.530581414
33.625922221 130.530717351
33.625906179 130.530790837
33.625855918 130.530780763
33.625872847 130.530703391
33.625896596 130.530570151
33.625909324 130.530479006
33.625928006 130.530317447
33.625943761 130.530168730
33.625993058 130.530186139
</gml:posList>
</gml:LineStringSegment>
</gml:segments>
</gml:Curve>
</loc>
<type>透過水制</type>
</WStrL>
<WStrL gml:id="K27_4699212096_1">
<fid>46992-12096-s-1271</fid>
<lfSpanFr gml:id="K27_4699212096_1-1">
<gml:timePosition>2020-10-29</gml:timePosition>
</lfSpanFr>
<devDate gml:id="K27_4699212096_1-2">
<gml:timePosition>2021-07-01</gml:timePosition>
</devDate>
<orgGILvl>2500</orgGILvl>
<vis>表示</vis>
<loc>
<gml:Curve gml:id="K27_4699212096_1-g" srsName="fguuid:jgd2011.bl">
<gml:segments>
<gml:LineStringSegment>
<gml:posList>
33.605694934 130.533333333
33.605804922 130.533493360
</gml:posList>
</gml:LineStringSegment>
</gml:segments>
</gml:Curve>
</loc>
<type>砂防ダム</type>
</WStrL>
<WStrL gml:id="K27_4699212096_2">
<fid>46992-12096-s-1272</fid>
<lfSpanFr gml:id="K27_4699212096_2-1">
<gml:timePosition>2020-10-29</gml:timePosition>
</lfSpanFr>
<devDate gml:id="K27_4699212096_2-2">
<gml:timePosition>2021-07-01</gml:timePosition>
</devDate>
<orgGILvl>2500</orgGILvl>
<vis>表示</vis>
<loc>
<gml:Curve gml:id="K27_4699212096_2-g" srsName="fguuid:jgd2011.bl">
<gml:segments>
<gml:LineStringSegment>
<gml:posList>
33.603067031 130.537968464
33.603373052 130.538063703
</gml:posList>
</gml:LineStringSegment>
</gml:segments>
</gml:Curve>
</loc>
<type>砂防ダム</type>
</WStrL>
<WStrL gml:id="K27_4699212096_3">
<fid>46992-12096-s-1273</fid>
<lfSpanFr gml:id="K27_4699212096_3-1">
<gml:timePosition>2020-10-29</gml:timePosition>
</lfSpanFr>
<devDate gml:id="K27_4699212096_3-2">
<gml:timePosition>2021-07-01</gml:timePosition>
</devDate>
<orgGILvl>2500</orgGILvl>
<vis>表示</vis>
<loc>
<gml:Curve gml:id="K27_4699212096_3-g" srsName="fguuid:jgd2011.bl">
<gml:segments>
<gml:LineStringSegment>
<gml:posList>
33.601202613 130.534230919
33.601387403 130.534408578
</gml:posList>
</gml:LineStringSegment>
</gml:segments>
</gml:Curve>
</loc>
<type>砂防ダム</type>
</WStrL>
<WStrL gml:id="K27_4699212099_1">
<fid>46992-12099-s-1415</fid>
<lfSpanFr gml:id="K27_4699212099_1-1">
<gml:timePosition>2020-10-29</gml:timePosition>
</lfSpanFr>
<devDate gml:id="K27_4699212099_1-2">
<gml:timePosition>2021-07-01</gml:timePosition>
</devDate>
<orgGILvl>2500</orgGILvl>
<vis>表示</vis>
<loc>
<gml:Curve gml:id="K27_4699212099_1-g" srsName="fguuid:jgd2011.bl">
<gml:segments>
<gml:LineStringSegment>
<gml:posList>
33.615764275 130.534496604
33.615789990 130.534836802
</gml:posList>
</gml:LineStringSegment>
</gml:segments>
</gml:Curve>
</loc>
<type>砂防ダム</type>
</WStrL>
<WStrL gml:id="K27_4699212102_1">
<fid>46992-12102-s-3641</fid>
<lfSpanFr gml:id="K27_4699212102_1-1">
<gml:timePosition>2020-10-29</gml:timePosition>
</lfSpanFr>
<devDate gml:id="K27_4699212102_1-2">
<gml:timePosition>2021-07-01</gml:timePosition>
</devDate>
<orgGILvl>2500</orgGILvl>
<vis>表示</vis>
<loc>
<gml:Curve gml:id="K27_4699212102_1-g" srsName="fguuid:jgd2011.bl">
<gml:segments>
<gml:LineStringSegment>
<gml:posList>
33.622710260 130.535817261
33.622958594 130.535941491
</gml:posList>
</gml:LineStringSegment>
</gml:segments>
</gml:Curve>
</loc>
<type>せき</type>
</WStrL>
<WStrL gml:id="K27_4699212105_1">
<fid>46992-12105-s-2568</fid>
<lfSpanFr gml:id="K27_4699212105_1-1">
<gml:timePosition>2020-10-29</gml:timePosition>
</lfSpanFr>
<devDate gml:id="K27_4699212105_1-2">
<gml:timePosition>2021-07-01</gml:timePosition>
</devDate>
<orgGILvl>2500</orgGILvl>
<vis>表示</vis>
<loc>
<gml:Curve gml:id="K27_4699212105_1-g" srsName="fguuid:jgd2011.bl">
<gml:segments>
<gml:LineStringSegment>
<gml:posList>
33.625290170 130.539597979
33.625502168 130.539578313
</gml:posList>
</gml:LineStringSegment>
</gml:segments>
</gml:Curve>
</loc>
<type>砂防ダム</type>
</WStrL>
<WStrL gml:id="K27_4699212105_2">
<fid>46992-12105-s-2569</fid>
<lfSpanFr gml:id="K27_4699212105_2-1">
<gml:timePosition>2020-10-29</gml:timePosition>
</lfSpanFr>
<devDate gml:id="K27_4699212105_2-2">
<gml:timePosition>2021-07-01</gml:timePosition>
</devDate>
<orgGILvl>2500</orgGILvl>
<vis>表示</vis>
<loc>
<gml:Curve gml:id="K27_4699212105_2-g" srsName="fguuid:jgd2011.bl">
<gml:segments>
<gml:LineStringSegment>
<gml:posList>
33.631320026 130.541386887
33.631529136 130.541293511
</gml:posList>
</gml:LineStringSegment>
</gml:segments>
</gml:Curve>
</loc>
<type>砂防ダム</type>
</WStrL>
<WStrL gml:id="K27_4699512096_1">
<fid>46995-12096-s-987</fid>
<lfSpanFr gml:id="K27_4699512096_1-1">
<gml:timePosition>2020-10-29</gml:timePosition>
</lfSpanFr>
<devDate gml:id="K27_4699512096_1-2">
<gml:timePosition>2021-07-01</gml:timePosition>
</devDate>
<orgGILvl>2500</orgGILvl>
<vis>表示</vis>
<loc>
<gml:Curve gml:id="K27_4699512096_1-g" srsName="fguuid:jgd2011.bl">
<gml:segments>
<gml:LineStringSegment>
<gml:posList>
33.608333333 130.544474739
33.608224877 130.544616804
</gml:posList>
</gml:LineStringSegment>
</gml:segments>
</gml:Curve>
</loc>
<type>砂防ダム</type>
</WStrL>
<WStrL gml:id="K27_4699512096_2">
<fid>46995-12096-s-988</fid>
<lfSpanFr gml:id="K27_4699512096_2-1">
<gml:timePosition>2020-10-29</gml:timePosition>
</lfSpanFr>
<devDate gml:id="K27_4699512096_2-2">
<gml:timePosition>2021-07-01</gml:timePosition>
</devDate>
<orgGILvl>2500</orgGILvl>
<vis>表示</vis>
<loc>
<gml:Curve gml:id="K27_4699512096_2-g" srsName="fguuid:jgd2011.bl">
<gml:segments>
<gml:LineStringSegment>
<gml:posList>
33.607366234 130.546683074
33.607279108 130.547021032
</gml:posList>
</gml:LineStringSegment>
</gml:segments>
</gml:Curve>
</loc>
<type>砂防ダム</type>
</WStrL>
<WStrL gml:id="K27_4699512096_3">
<fid>46995-12096-s-989</fid>
<lfSpanFr gml:id="K27_4699512096_3-1">
<gml:timePosition>2020-10-29</gml:timePosition>
</lfSpanFr>
<devDate gml:id="K27_4699512096_3-2">
<gml:timePosition>2021-07-01</gml:timePosition>
</devDate>
<orgGILvl>2500</orgGILvl>
<vis>表示</vis>
<loc>
<gml:Curve gml:id="K27_4699512096_3-g" srsName="fguuid:jgd2011.bl">
<gml:segments>
<gml:LineStringSegment>
<gml:posList>
33.606393248 130.546093989
33.606262276 130.546301571
</gml:posList>
</gml:LineStringSegment>
</gml:segments>
</gml:Curve>
</loc>
<type>砂防ダム</type>
</WStrL>
<WStrL gml:id="K27_4699512096_4">
<fid>46995-12096-s-990</fid>
<lfSpanFr gml:id="K27_4699512096_4-1">
<gml:timePosition>2020-10-29</gml:timePosition>
</lfSpanFr>
<devDate gml:id="K27_4699512096_4-2">
<gml:timePosition>2021-07-01</gml:timePosition>
</devDate>
<orgGILvl>2500</orgGILvl>
<vis>表示</vis>
<loc>
<gml:Curve gml:id="K27_4699512096_4-g" srsName="fguuid:jgd2011.bl">
<gml:segments>
<gml:LineStringSegment>
<gml:posList>
33.607320651 130.548420067
33.607351346 130.548677882
</gml:posList>
</gml:LineStringSegment>
</gml:segments>
</gml:Curve>
</loc>
<type>砂防ダム</type>
</WStrL>
<WStrL gml:id="K27_4699512096_5">
<fid>46995-12096-s-991</fid>
<lfSpanFr gml:id="K27_4699512096_5-1">
<gml:timePosition>2020-10-29</gml:timePosition>
</lfSpanFr>
<devDate gml:id="K27_4699512096_5-2">
<gml:timePosition>2021-07-01</gml:timePosition>
</devDate>
<orgGILvl>2500</orgGILvl>
<vis>表示</vis>
<loc>
<gml:Curve gml:id="K27_4699512096_5-g" srsName="fguuid:jgd2011.bl">
<gml:segments>
<gml:LineStringSegment>
<gml:posList>
33.605431424 130.548405994
33.605415013 130.548603383
33.605351501 130.548692828
</gml:posList>
</gml:LineStringSegment>
</gml:segments>
</gml:Curve>
</loc>
<type>砂防ダム</type>
</WStrL>
<WStrL gml:id="K27_4699512096_6">
<fid>46995-12096-s-992</fid>
<lfSpanFr gml:id="K27_4699512096_6-1">
<gml:timePosition>2020-10-29</gml:timePosition>
</lfSpanFr>
<devDate gml:id="K27_4699512096_6-2">
<gml:timePosition>2021-07-01</gml:timePosition>
</devDate>
<orgGILvl>2500</orgGILvl>
<vis>表示</vis>
<loc>
<gml:Curve gml:id="K27_4699512096_6-g" srsName="fguuid:jgd2011.bl">
<gml:segments>
<gml:LineStringSegment>
<gml:posList>
33.603789525 130.548021573
33.603755701 130.548314626
</gml:posList>
</gml:LineStringSegment>
</gml:segments>
</gml:Curve>
</loc>
<type>砂防ダム</type>
</WStrL>
<WStrL gml:id="K27_4699512096_7">
<fid>46995-12096-s-993</fid>
<lfSpanFr gml:id="K27_4699512096_7-1">
<gml:timePosition>2020-10-29</gml:timePosition>
</lfSpanFr>
<devDate gml:id="K27_4699512096_7-2">
<gml:timePosition>2021-07-01</gml:timePosition>
</devDate>
<orgGILvl>2500</orgGILvl>
<vis>表示</vis>
<loc>
<gml:Curve gml:id="K27_4699512096_7-g" srsName="fguuid:jgd2011.bl">
<gml:segments>
<gml:LineStringSegment>
<gml:posList>
33.602571619 130.548064886
33.602532774 130.548316477
</gml:posList>
</gml:LineStringSegment>
</gml:segments>
</gml:Curve>
</loc>
<type>砂防ダム</type>
</WStrL>
<WStrL gml:id="K27_4699512096_8">
<fid>46995-12096-s-994</fid>
<lfSpanFr gml:id="K27_4699512096_8-1">
<gml:timePosition>2020-10-29</gml:timePosition>
</lfSpanFr>
<devDate gml:id="K27_4699512096_8-2">
<gml:timePosition>2021-07-01</gml:timePosition>
</devDate>
<orgGILvl>2500</orgGILvl>
<vis>表示</vis>
<loc>
<gml:Curve gml:id="K27_4699512096_8-g" srsName="fguuid:jgd2011.bl">
<gml:segments>
<gml:LineStringSegment>
<gml:posList>
33.600789831 130.546807676
33.600615296 130.546962888
</gml:posList>
</gml:LineStringSegment>
</gml:segments>
</gml:Curve>
</loc>
<type>砂防ダム</type>
</WStrL>
<WStrL gml:id="K27_4699512099_1">
<fid>46995-12099-s-2111</fid>
<lfSpanFr gml:id="K27_4699512099_1-1">
<gml:timePosition>2020-10-29</gml:timePosition>
</lfSpanFr>
<devDate gml:id="K27_4699512099_1-2">
<gml:timePosition>2021-07-01</gml:timePosition>
</devDate>
<orgGILvl>2500</orgGILvl>
<vis>表示</vis>
<loc>
<gml:Curve gml:id="K27_4699512099_1-g" srsName="fguuid:jgd2011.bl">
<gml:segments>
<gml:LineStringSegment>
<gml:posList>
33.609740387 130.542048515
33.609849273 130.542282646
</gml:posList>
</gml:LineStringSegment>
</gml:segments>
</gml:Curve>
</loc>
<type>砂防ダム</type>
</WStrL>
<WStrL gml:id="K27_4699512099_2">
<fid>46995-12099-s-2112</fid>
<lfSpanFr gml:id="K27_4699512099_2-1">
<gml:timePosition>2020-10-29</gml:timePosition>
</lfSpanFr>
<devDate gml:id="K27_4699512099_2-2">
<gml:timePosition>2021-07-01</gml:timePosition>
</devDate>
<orgGILvl>2500</orgGILvl>
<vis>表示</vis>
<loc>
<gml:Curve gml:id="K27_4699512099_2-g" srsName="fguuid:jgd2011.bl">
<gml:segments>
<gml:LineStringSegment>
<gml:posList>
33.608361991 130.544437201
33.608333333 130.544474739
</gml:posList>
</gml:LineStringSegment>
</gml:segments>
</gml:Curve>
</loc>
<type>砂防ダム</type>
</WStrL>
<WStrL gml:id="K27_4699512099_3">
<fid>46995-12099-s-2113</fid>
<lfSpanFr gml:id="K27_4699512099_3-1">
<gml:timePosition>2020-10-29</gml:timePosition>
</lfSpanFr>
<devDate gml:id="K27_4699512099_3-2">
<gml:timePosition>2021-07-01</gml:timePosition>
</devDate>
<orgGILvl>2500</orgGILvl>
<vis>表示</vis>
<loc>
<gml:Curve gml:id="K27_4699512099_3-g" srsName="fguuid:jgd2011.bl">
<gml:segments>
<gml:LineStringSegment>
<gml:posList>
33.609227537 130.545206591
33.609011292 130.545395985
</gml:posList>
</gml:LineStringSegment>
</gml:segments>
</gml:Curve>
</loc>
<type>砂防ダム</type>
</WStrL>
<WStrL gml:id="K27_4699512099_4">
<fid>46995-12099-s-2114</fid>
<lfSpanFr gml:id="K27_4699512099_4-1">
<gml:timePosition>2020-10-29</gml:timePosition>
</lfSpanFr>
<devDate gml:id="K27_4699512099_4-2">
<gml:timePosition>2021-07-01</gml:timePosition>
</devDate>
<orgGILvl>2500</orgGILvl>
<vis>表示</vis>
<loc>
<gml:Curve gml:id="K27_4699512099_4-g" srsName="fguuid:jgd2011.bl">
<gml:segments>
<gml:LineStringSegment>
<gml:posList>
33.610745039 130.547861886
33.610777647 130.547976268
33.610792535 130.548028456
33.610816100 130.548111095
</gml:posList>
</gml:LineStringSegment>
</gml:segments>
</gml:Curve>
</loc>
<type>砂防ダム</type>
</WStrL>
<WStrL gml:id="K27_4699512099_5">
<fid>46995-12099-s-2115</fid>
<lfSpanFr gml:id="K27_4699512099_5-1">
<gml:timePosition>2020-10-29</gml:timePosition>
</lfSpanFr>
<devDate gml:id="K27_4699512099_5-2">
<gml:timePosition>2021-07-01</gml:timePosition>
</devDate>
<orgGILvl>2500</orgGILvl>
<vis>表示</vis>
<loc>
<gml:Curve gml:id="K27_4699512099_5-g" srsName="fguuid:jgd2011.bl">
<gml:segments>
<gml:LineStringSegment>
<gml:posList>
33.612633563 130.547634770
33.612528808 130.547837378
</gml:posList>
</gml:LineStringSegment>
</gml:segments>
</gml:Curve>
</loc>
<type>砂防ダム</type>
</WStrL>
<WStrL gml:id="K27_4699512102_1">
<fid>46995-12102-s-2581</fid>
<lfSpanFr gml:id="K27_4699512102_1-1">
<gml:timePosition>2020-10-29</gml:timePosition>
</lfSpanFr>
<devDate gml:id="K27_4699512102_1-2">
<gml:timePosition>2021-07-01</gml:timePosition>
</devDate>
<orgGILvl>2500</orgGILvl>
<vis>表示</vis>
<loc>
<gml:Curve gml:id="K27_4699512102_1-g" srsName="fguuid:jgd2011.bl">
<gml:segments>
<gml:LineStringSegment>
<gml:posList>
33.622438834 130.547095088
33.622476281 130.546807340
</gml:posList>
</gml:LineStringSegment>
</gml:segments>
</gml:Curve>
</loc>
<type>せき</type>
</WStrL>
<WStrL gml:id="K27_4699812096_1">
<fid>46998-12096-s-1521</fid>
<lfSpanFr gml:id="K27_4699812096_1-1">
<gml:timePosition>2020-10-29</gml:timePosition>
</lfSpanFr>
<devDate gml:id="K27_4699812096_1-2">
<gml:timePosition>2021-07-01</gml:timePosition>
</devDate>
<orgGILvl>2500</orgGILvl>
<vis>表示</vis>
<loc>
<gml:Curve gml:id="K27_4699812096_1-g" srsName="fguuid:jgd2011.bl">
<gml:segments>
<gml:LineStringSegment>
<gml:posList>
33.607916630 130.557874292
33.607969222 130.557956999
33.607941231 130.558021690
33.607937564 130.558030114
33.607870955 130.558188214
</gml:posList>
</gml:LineStringSegment>
</gml:segments>
</gml:Curve>
</loc>
<type>砂防ダム</type>
</WStrL>
<WStrL gml:id="K27_4699812099_1">
<fid>46998-12099-s-1348</fid>
<lfSpanFr gml:id="K27_4699812099_1-1">
<gml:timePosition>2020-10-29</gml:timePosition>
</lfSpanFr>
<devDate gml:id="K27_4699812099_1-2">
<gml:timePosition>2021-07-01</gml:timePosition>
</devDate>
<orgGILvl>2500</orgGILvl>
<vis>表示</vis>
<loc>
<gml:Curve gml:id="K27_4699812099_1-g" srsName="fguuid:jgd2011.bl">
<gml:segments>
<gml:LineStringSegment>
<gml:posList>
33.609065229 130.552896967
33.609098735 130.553161563
</gml:posList>
</gml:LineStringSegment>
</gml:segments>
</gml:Curve>
</loc>
<type>砂防ダム</type>
</WStrL>
<WStrL gml:id="K27_4699812099_2">
<fid>46998-12099-s-1349</fid>
<lfSpanFr gml:id="K27_4699812099_2-1">
<gml:timePosition>2020-10-29</gml:timePosition>
</lfSpanFr>
<devDate gml:id="K27_4699812099_2-2">
<gml:timePosition>2021-07-01</gml:timePosition>
</devDate>
<orgGILvl>2500</orgGILvl>
<vis>表示</vis>
<loc>
<gml:Curve gml:id="K27_4699812099_2-g" srsName="fguuid:jgd2011.bl">
<gml:segments>
<gml:LineStringSegment>
<gml:posList>
33.616604645 130.557797386
33.616666667 130.557796973
</gml:posList>
</gml:LineStringSegment>
</gml:segments>
</gml:Curve>
</loc>
<type>砂防ダム</type>
</WStrL>
<WStrL gml:id="K27_4699812102_1">
<fid>46998-12102-s-5441</fid>
<lfSpanFr gml:id="K27_4699812102_1-1">
<gml:timePosition>2020-10-29</gml:timePosition>
</lfSpanFr>
<devDate gml:id="K27_4699812102_1-2">
<gml:timePosition>2021-07-01</gml:timePosition>
</devDate>
<orgGILvl>2500</orgGILvl>
<vis>表示</vis>
<loc>
<gml:Curve gml:id="K27_4699812102_1-g" srsName="fguuid:jgd2011.bl">
<gml:segments>
<gml:LineStringSegment>
<gml:posList>
33.616666667 130.557796973
33.616818416 130.557795961
</gml:posList>
</gml:LineStringSegment>
</gml:segments>
</gml:Curve>
</loc>
<type>砂防ダム</type>
</WStrL>
<WStrL gml:id="K27_4699812102_2">
<fid>46998-12102-s-5452</fid>
<lfSpanFr gml:id="K27_4699812102_2-1">
<gml:timePosition>2020-10-29</gml:timePosition>
</lfSpanFr>
<devDate gml:id="K27_4699812102_2-2">
<gml:timePosition>2021-07-01</gml:timePosition>
</devDate>
<orgGILvl>2500</orgGILvl>
<vis>表示</vis>
<loc>
<gml:Curve gml:id="K27_4699812102_2-g" srsName="fguuid:jgd2011.bl">
<gml:segments>
<gml:LineStringSegment>
<gml:posList>
33.621954808 130.550502845
33.622165761 130.550641537
</gml:posList>
</gml:LineStringSegment>
</gml:segments>
</gml:Curve>
</loc>
<type>せき</type>
</WStrL>
<WStrL gml:id="K27_4699812105_1">
<fid>46998-12105-s-4449</fid>
<lfSpanFr gml:id="K27_4699812105_1-1">
<gml:timePosition>2020-10-29</gml:timePosition>
</lfSpanFr>
<devDate gml:id="K27_4699812105_1-2">
<gml:timePosition>2021-07-01</gml:timePosition>
</devDate>
<orgGILvl>2500</orgGILvl>
<vis>表示</vis>
<loc>
<gml:Curve gml:id="K27_4699812105_1-g" srsName="fguuid:jgd2011.bl">
<gml:segments>
<gml:LineStringSegment>
<gml:posList>
33.625752728 130.551699228
33.625815721 130.551704948
33.625813251 130.551804433
33.625797626 130.552444740
33.625786481 130.552890768
33.625780778 130.553121591
33.625776043 130.553308294
33.625775491 130.553330285
33.625774708 130.553363270
33.625770243 130.553550079
33.625769779 130.553571315
33.625756865 130.554115681
33.625747938 130.554490809
33.625752658 130.554599537
33.625753666 130.554629064
33.625754137 130.554634774
33.625754879 130.554640482
33.625755801 130.554646190
33.625756994 130.554651789
33.625758456 130.554657386
33.625760099 130.554662767
33.625762013 130.554668469
33.625764016 130.554673848
33.625811360 130.554800895
33.625821716 130.554822398
33.625763438 130.554863871
33.625610249 130.554689729
33.625542443 130.554414264
33.625338230 130.553617947
33.625350125 130.553141599
33.625473151 130.552429281
33.625565753 130.552130569
33.625564350 130.551992185
33.625620701 130.551991462
33.625621715 130.551922692
33.625668538 130.551905312
33.625667917 130.551833317
33.625717282 130.551820666
33.625719996 130.551748546
33.625750204 130.551699241
33.625752728 130.551699228
</gml:posList>
</gml:LineStringSegment>
</gml:segments>
</gml:Curve>
</loc>
<type>ダム</type>
</WStrL>
<WStrL gml:id="K27_4699812108_1">
<fid>46998-12108-s-2528</fid>
<lfSpanFr gml:id="K27_4699812108_1-1">
<gml:timePosition>2020-10-29</gml:timePosition>
</lfSpanFr>
<devDate gml:id="K27_4699812108_1-2">
<gml:timePosition>2021-07-01</gml:timePosition>
</devDate>
<orgGILvl>2500</orgGILvl>
<vis>表示</vis>
<loc>
<gml:Curve gml:id="K27_4699812108_1-g" srsName="fguuid:jgd2011.bl">
<gml:segments>
<gml:LineStringSegment>
<gml:posList>
33.641420455 130.555157281
33.641371608 130.554838116
</gml:posList>
</gml:LineStringSegment>
</gml:segments>
</gml:Curve>
</loc>
<type>砂防ダム</type>
</WStrL>
<WStrL gml:id="K27_4699812108_2">
<fid>46998-12108-s-2529</fid>
<lfSpanFr gml:id="K27_4699812108_2-1">
<gml:timePosition>2020-10-29</gml:timePosition>
</lfSpanFr>
<devDate gml:id="K27_4699812108_2-2">
<gml:timePosition>2021-07-01</gml:timePosition>
</devDate>
<orgGILvl>2500</orgGILvl>
<vis>表示</vis>
<loc>
<gml:Curve gml:id="K27_4699812108_2-g" srsName="fguuid:jgd2011.bl">
<gml:segments>
<gml:LineStringSegment>
<gml:posList>
33.640260549 130.555105465
33.640642161 130.554787647
</gml:posList>
</gml:LineStringSegment>
</gml:segments>
</gml:Curve>
</loc>
<type>砂防ダム</type>
</WStrL>
<WStrL gml:id="K27_4699812108_3">
<fid>46998-12108-s-2530</fid>
<lfSpanFr gml:id="K27_4699812108_3-1">
<gml:timePosition>2020-10-29</gml:timePosition>
</lfSpanFr>
<devDate gml:id="K27_4699812108_3-2">
<gml:timePosition>2021-07-01</gml:timePosition>
</devDate>
<orgGILvl>2500</orgGILvl>
<vis>表示</vis>
<loc>
<gml:Curve gml:id="K27_4699812108_3-g" srsName="fguuid:jgd2011.bl">
<gml:segments>
<gml:LineStringSegment>
<gml:posList>
33.640276595 130.553029366
33.640279916 130.552701098
</gml:posList>
</gml:LineStringSegment>
</gml:segments>
</gml:Curve>
</loc>
<type>砂防ダム</type>
</WStrL>
<WStrL gml:id="K27_4699812108_4">
<fid>46998-12108-s-2531</fid>
<lfSpanFr gml:id="K27_4699812108_4-1">
<gml:timePosition>2020-10-29</gml:timePosition>
</lfSpanFr>
<devDate gml:id="K27_4699812108_4-2">
<gml:timePosition>2021-07-01</gml:timePosition>
</devDate>
<orgGILvl>2500</orgGILvl>
<vis>表示</vis>
<loc>
<gml:Curve gml:id="K27_4699812108_4-g" srsName="fguuid:jgd2011.bl">
<gml:segments>
<gml:LineStringSegment>
<gml:posList>
33.635230614 130.557718816
33.635232097 130.557679571
33.635235300 130.557592026
33.635239479 130.557474833
33.635242846 130.557382652
</gml:posList>
</gml:LineStringSegment>
</gml:segments>
</gml:Curve>
</loc>
<type>砂防ダム</type>
</WStrL>
<WStrL gml:id="K27_4699812111_1">
<fid>46998-12111-s-2515</fid>
<lfSpanFr gml:id="K27_4699812111_1-1">
<gml:timePosition>2020-10-29</gml:timePosition>
</lfSpanFr>
<devDate gml:id="K27_4699812111_1-2">
<gml:timePosition>2021-07-01</gml:timePosition>
</devDate>
<orgGILvl>2500</orgGILvl>
<vis>表示</vis>
<loc>
<gml:Curve gml:id="K27_4699812111_1-g" srsName="fguuid:jgd2011.bl">
<gml:segments>
<gml:LineStringSegment>
<gml:posList>
33.644176126 130.550447768
33.644011737 130.550294785
</gml:posList>
</gml:LineStringSegment>
</gml:segments>
</gml:Curve>
</loc>
<type>砂防ダム</type>
</WStrL>
<WStrL gml:id="K27_4699812114_1">
<fid>46998-12114-s-2320</fid>
<lfSpanFr gml:id="K27_4699812114_1-1">
<gml:timePosition>2020-10-29</gml:timePosition>
</lfSpanFr>
<devDate gml:id="K27_4699812114_1-2">
<gml:timePosition>2021-07-01</gml:timePosition>
</devDate>
<orgGILvl>2500</orgGILvl>
<vis>表示</vis>
<loc>
<gml:Curve gml:id="K27_4699812114_1-g" srsName="fguuid:jgd2011.bl">
<gml:segments>
<gml:LineStringSegment>
<gml:posList>
33.653421771 130.553234092
33.653412485 130.552960071
33.653408953 130.552731518
33.653439175 130.552686078
33.653355253 130.552393467
33.653275623 130.552091131
</gml:posList>
</gml:LineStringSegment>
</gml:segments>
</gml:Curve>
</loc>
<type>砂防ダム</type>
</WStrL>
<WStrL gml:id="K27_4700112096_1">
<fid>47001-12096-s-853</fid>
<lfSpanFr gml:id="K27_4700112096_1-1">
<gml:timePosition>2020-10-29</gml:timePosition>
</lfSpanFr>
<devDate gml:id="K27_4700112096_1-2">
<gml:timePosition>2021-07-01</gml:timePosition>
</devDate>
<orgGILvl>2500</orgGILvl>
<vis>表示</vis>
<loc>
<gml:Curve gml:id="K27_4700112096_1-g" srsName="fguuid:jgd2011.bl">
<gml:segments>
<gml:LineStringSegment>
<gml:posList>
33.608333333 130.558639341
33.608304888 130.558631805
</gml:posList>
</gml:LineStringSegment>
</gml:segments>
</gml:Curve>
</loc>
<type>砂防ダム</type>
</WStrL>
<WStrL gml:id="K27_4700112099_1">
<fid>47001-12099-s-1349</fid>
<lfSpanFr gml:id="K27_4700112099_1-1">
<gml:timePosition>2020-10-29</gml:timePosition>
</lfSpanFr>
<devDate gml:id="K27_4700112099_1-2">
<gml:timePosition>2021-07-01</gml:timePosition>
</devDate>
<orgGILvl>2500</orgGILvl>
<vis>表示</vis>
<loc>
<gml:Curve gml:id="K27_4700112099_1-g" srsName="fguuid:jgd2011.bl">
<gml:segments>
<gml:LineStringSegment>
<gml:posList>
33.615168246 130.558947181
33.615255444 130.559176716
</gml:posList>
</gml:LineStringSegment>
</gml:segments>
</gml:Curve>
</loc>
<type>砂防ダム</type>
</WStrL>
<WStrL gml:id="K27_4700112099_2">
<fid>47001-12099-s-1350</fid>
<lfSpanFr gml:id="K27_4700112099_2-1">
<gml:timePosition>2020-10-29</gml:timePosition>
</lfSpanFr>
<devDate gml:id="K27_4700112099_2-2">
<gml:timePosition>2021-07-01</gml:timePosition>
</devDate>
<orgGILvl>2500</orgGILvl>
<vis>表示</vis>
<loc>
<gml:Curve gml:id="K27_4700112099_2-g" srsName="fguuid:jgd2011.bl">
<gml:segments>
<gml:LineStringSegment>
<gml:posList>
33.615707176 130.563319344
33.615879978 130.563509980
</gml:posList>
</gml:LineStringSegment>
</gml:segments>
</gml:Curve>
</loc>
<type>砂防ダム</type>
</WStrL>
<WStrL gml:id="K27_4700112099_3">
<fid>47001-12099-s-1351</fid>
<lfSpanFr gml:id="K27_4700112099_3-1">
<gml:timePosition>2020-10-29</gml:timePosition>
</lfSpanFr>
<devDate gml:id="K27_4700112099_3-2">
<gml:timePosition>2021-07-01</gml:timePosition>
</devDate>
<orgGILvl>2500</orgGILvl>
<vis>表示</vis>
<loc>
<gml:Curve gml:id="K27_4700112099_3-g" srsName="fguuid:jgd2011.bl">
<gml:segments>
<gml:LineStringSegment>
<gml:posList>
33.612287281 130.565071074
33.612315903 130.565133542
33.612338982 130.565183645
33.612339527 130.565184828
33.612363736 130.565248934
33.612362324 130.565257455
33.612353050 130.565312462
33.612335094 130.565334536
</gml:posList>
</gml:LineStringSegment>
</gml:segments>
</gml:Curve>
</loc>
<type>砂防ダム</type>
</WStrL>
<WStrL gml:id="K27_4700112099_4">
<fid>47001-12099-s-1352</fid>
<lfSpanFr gml:id="K27_4700112099_4-1">
<gml:timePosition>2020-10-29</gml:timePosition>
</lfSpanFr>
<devDate gml:id="K27_4700112099_4-2">
<gml:timePosition>2021-07-01</gml:timePosition>
</devDate>
<orgGILvl>2500</orgGILvl>
<vis>表示</vis>
<loc>
<gml:Curve gml:id="K27_4700112099_4-g" srsName="fguuid:jgd2011.bl">
<gml:segments>
<gml:LineStringSegment>
<gml:posList>
33.608540667 130.558503446
33.608466620 130.558573653
33.608384310 130.558652845
33.608333333 130.558639341
</gml:posList>
</gml:LineStringSegment>
</gml:segments>
</gml:Curve>
</loc>
<type>砂防ダム</type>
</WStrL>
<WStrL gml:id="K27_4700112105_1">
<fid>47001-12105-s-1398</fid>
<lfSpanFr gml:id="K27_4700112105_1-1">
<gml:timePosition>2020-10-29</gml:timePosition>
</lfSpanFr>
<devDate gml:id="K27_4700112105_1-2">
<gml:timePosition>2021-07-01</gml:timePosition>
</devDate>
<orgGILvl>2500</orgGILvl>
<vis>表示</vis>
<loc>
<gml:Curve gml:id="K27_4700112105_1-g" srsName="fguuid:jgd2011.bl">
<gml:segments>
<gml:LineStringSegment>
<gml:posList>
33.627687971 130.561990603
33.627458812 130.561799368
</gml:posList>
</gml:LineStringSegment>
</gml:segments>
</gml:Curve>
</loc>
<type>砂防ダム</type>
</WStrL>
<WStrL gml:id="K27_4700112105_2">
<fid>47001-12105-s-1399</fid>
<lfSpanFr gml:id="K27_4700112105_2-1">
<gml:timePosition>2020-10-29</gml:timePosition>
</lfSpanFr>
<devDate gml:id="K27_4700112105_2-2">
<gml:timePosition>2021-07-01</gml:timePosition>
</devDate>
<orgGILvl>2500</orgGILvl>
<vis>表示</vis>
<loc>
<gml:Curve gml:id="K27_4700112105_2-g" srsName="fguuid:jgd2011.bl">
<gml:segments>
<gml:LineStringSegment>
<gml:posList>
33.627885288 130.564680991
33.628120764 130.564874898
</gml:posList>
</gml:LineStringSegment>
</gml:segments>
</gml:Curve>
</loc>
<type>砂防ダム</type>
</WStrL>
<WStrL gml:id="K27_4700112105_3">
<fid>47001-12105-s-1400</fid>
<lfSpanFr gml:id="K27_4700112105_3-1">
<gml:timePosition>2020-10-29</gml:timePosition>
</lfSpanFr>
<devDate gml:id="K27_4700112105_3-2">
<gml:timePosition>2021-07-01</gml:timePosition>
</devDate>
<orgGILvl>2500</orgGILvl>
<vis>表示</vis>
<loc>
<gml:Curve gml:id="K27_4700112105_3-g" srsName="fguuid:jgd2011.bl">
<gml:segments>
<gml:LineStringSegment>
<gml:posList>
33.627514996 130.565456530
33.627713434 130.565579486
</gml:posList>
</gml:LineStringSegment>
</gml:segments>
</gml:Curve>
</loc>
<type>砂防ダム</type>
</WStrL>
<WStrL gml:id="K27_4700112105_4">
<fid>47001-12105-s-1401</fid>
<lfSpanFr gml:id="K27_4700112105_4-1">
<gml:timePosition>2020-10-29</gml:timePosition>
</lfSpanFr>
<devDate gml:id="K27_4700112105_4-2">
<gml:timePosition>2021-07-01</gml:timePosition>
</devDate>
<orgGILvl>2500</orgGILvl>
<vis>表示</vis>
<loc>
<gml:Curve gml:id="K27_4700112105_4-g" srsName="fguuid:jgd2011.bl">
<gml:segments>
<gml:LineStringSegment>
<gml:posList>
33.627322344 130.565825580
33.627522426 130.565980648
</gml:posList>
</gml:LineStringSegment>
</gml:segments>
</gml:Curve>
</loc>
<type>砂防ダム</type>
</WStrL>
<WStrL gml:id="K27_4700112105_5">
<fid>47001-12105-s-1402</fid>
<lfSpanFr gml:id="K27_4700112105_5-1">
<gml:timePosition>2020-10-29</gml:timePosition>
</lfSpanFr>
<devDate gml:id="K27_4700112105_5-2">
<gml:timePosition>2021-07-01</gml:timePosition>
</devDate>
<orgGILvl>2500</orgGILvl>
<vis>表示</vis>
<loc>
<gml:Curve gml:id="K27_4700112105_5-g" srsName="fguuid:jgd2011.bl">
<gml:segments>
<gml:LineStringSegment>
<gml:posList>
33.626537014 130.563526086
33.626774826 130.563666083
</gml:posList>
</gml:LineStringSegment>
</gml:segments>
</gml:Curve>
</loc>
<type>砂防ダム</type>
</WStrL>
<WStrL gml:id="K27_4700112105_6">
<fid>47001-12105-s-1403</fid>
<lfSpanFr gml:id="K27_4700112105_6-1">
<gml:timePosition>2020-10-29</gml:timePosition>
</lfSpanFr>
<devDate gml:id="K27_4700112105_6-2">
<gml:timePosition>2021-07-01</gml:timePosition>
</devDate>
<orgGILvl>2500</orgGILvl>
<vis>表示</vis>
<loc>
<gml:Curve gml:id="K27_4700112105_6-g" srsName="fguuid:jgd2011.bl">
<gml:segments>
<gml:LineStringSegment>
<gml:posList>
33.626371750 130.563861801
33.626582319 130.564049253
</gml:posList>
</gml:LineStringSegment>
</gml:segments>
</gml:Curve>
</loc>
<type>砂防ダム</type>
</WStrL>
<WStrL gml:id="K27_4700112105_7">
<fid>47001-12105-s-1404</fid>
<lfSpanFr gml:id="K27_4700112105_7-1">
<gml:timePosition>2020-10-29</gml:timePosition>
</lfSpanFr>
<devDate gml:id="K27_4700112105_7-2">
<gml:timePosition>2021-07-01</gml:timePosition>
</devDate>
<orgGILvl>2500</orgGILvl>
<vis>表示</vis>
<loc>
<gml:Curve gml:id="K27_4700112105_7-g" srsName="fguuid:jgd2011.bl">
<gml:segments>
<gml:LineStringSegment>
<gml:posList>
33.626349835 130.559712486
33.626152358 130.559557205
</gml:posList>
</gml:LineStringSegment>
</gml:segments>
</gml:Curve>
</loc>
<type>砂防ダム</type>
</WStrL>
<WStrL gml:id="K27_4700112111_1">
<fid>47001-12111-s-633</fid>
<lfSpanFr gml:id="K27_4700112111_1-1">
<gml:timePosition>2020-10-29</gml:timePosition>
</lfSpanFr>
<devDate gml:id="K27_4700112111_1-2">
<gml:timePosition>2021-07-01</gml:timePosition>
</devDate>
<orgGILvl>2500</orgGILvl>
<vis>表示</vis>
<loc>
<gml:Curve gml:id="K27_4700112111_1-g" srsName="fguuid:jgd2011.bl">
<gml:segments>
<gml:LineStringSegment>
<gml:posList>
33.649914724 130.560977282
33.650000000 130.561052097
</gml:posList>
</gml:LineStringSegment>
</gml:segments>
</gml:Curve>
</loc>
<type>砂防ダム</type>
</WStrL>
<WStrL gml:id="K27_4700112111_2">
<fid>47001-12111-s-634</fid>
<lfSpanFr gml:id="K27_4700112111_2-1">
<gml:timePosition>2020-10-29</gml:timePosition>
</lfSpanFr>
<devDate gml:id="K27_4700112111_2-2">
<gml:timePosition>2021-07-01</gml:timePosition>
</devDate>
<orgGILvl>2500</orgGILvl>
<vis>表示</vis>
<loc>
<gml:Curve gml:id="K27_4700112111_2-g" srsName="fguuid:jgd2011.bl">
<gml:segments>
<gml:LineStringSegment>
<gml:posList>
33.649086279 130.564010121
33.649290400 130.564133399
</gml:posList>
</gml:LineStringSegment>
</gml:segments>
</gml:Curve>
</loc>
<type>砂防ダム</type>
</WStrL>
<WStrL gml:id="K27_4700112111_3">
<fid>47001-12111-s-635</fid>
<lfSpanFr gml:id="K27_4700112111_3-1">
<gml:timePosition>2020-10-29</gml:timePosition>
</lfSpanFr>
<devDate gml:id="K27_4700112111_3-2">
<gml:timePosition>2021-07-01</gml:timePosition>
</devDate>
<orgGILvl>2500</orgGILvl>
<vis>表示</vis>
<loc>
<gml:Curve gml:id="K27_4700112111_3-g" srsName="fguuid:jgd2011.bl">
<gml:segments>
<gml:LineStringSegment>
<gml:posList>
33.648936178 130.563021280
33.649052354 130.563237178
</gml:posList>
</gml:LineStringSegment>
</gml:segments>
</gml:Curve>
</loc>
<type>砂防ダム</type>
</WStrL>
<WStrL gml:id="K27_4700112114_1">
<fid>47001-12114-s-1233</fid>
<lfSpanFr gml:id="K27_4700112114_1-1">
<gml:timePosition>2020-10-29</gml:timePosition>
</lfSpanFr>
<devDate gml:id="K27_4700112114_1-2">
<gml:timePosition>2021-07-01</gml:timePosition>
</devDate>
<orgGILvl>2500</orgGILvl>
<vis>表示</vis>
<loc>
<gml:Curve gml:id="K27_4700112114_1-g" srsName="fguuid:jgd2011.bl">
<gml:segments>
<gml:LineStringSegment>
<gml:posList>
33.650079713 130.561760672
33.650149271 130.561670296
33.650325099 130.561671346
</gml:posList>
</gml:LineStringSegment>
</gml:segments>
</gml:Curve>
</loc>
<type>砂防ダム</type>
</WStrL>
<WStrL gml:id="K27_4700112114_2">
<fid>47001-12114-s-1234</fid>
<lfSpanFr gml:id="K27_4700112114_2-1">
<gml:timePosition>2020-10-29</gml:timePosition>
</lfSpanFr>
<devDate gml:id="K27_4700112114_2-2">
<gml:timePosition>2021-07-01</gml:timePosition>
</devDate>
<orgGILvl>2500</orgGILvl>
<vis>表示</vis>
<loc>
<gml:Curve gml:id="K27_4700112114_2-g" srsName="fguuid:jgd2011.bl">
<gml:segments>
<gml:LineStringSegment>
<gml:posList>
33.650000000 130.561052097
33.650184621 130.561214070
</gml:posList>
</gml:LineStringSegment>
</gml:segments>
</gml:Curve>
</loc>
<type>砂防ダム</type>
</WStrL>
<WStrL gml:id="K27_4700412099_1">
<fid>47004-12099-s-1478</fid>
<lfSpanFr gml:id="K27_4700412099_1-1">
<gml:timePosition>2020-10-29</gml:timePosition>
</lfSpanFr>
<devDate gml:id="K27_4700412099_1-2">
<gml:timePosition>2021-07-01</gml:timePosition>
</devDate>
<orgGILvl>2500</orgGILvl>
<vis>表示</vis>
<loc>
<gml:Curve gml:id="K27_4700412099_1-g" srsName="fguuid:jgd2011.bl">
<gml:segments>
<gml:LineStringSegment>
<gml:posList>
33.610608483 130.569717208
33.610656139 130.569860728
33.610542082 130.570043522
</gml:posList>
</gml:LineStringSegment>
</gml:segments>
</gml:Curve>
</loc>
<type>砂防ダム</type>
</WStrL>
<WStrL gml:id="K27_4700412099_2">
<fid>47004-12099-s-1479</fid>
<lfSpanFr gml:id="K27_4700412099_2-1">
<gml:timePosition>2020-10-29</gml:timePosition>
</lfSpanFr>
<devDate gml:id="K27_4700412099_2-2">
<gml:timePosition>2021-07-01</gml:timePosition>
</devDate>
<orgGILvl>2500</orgGILvl>
<vis>表示</vis>
<loc>
<gml:Curve gml:id="K27_4700412099_2-g" srsName="fguuid:jgd2011.bl">
<gml:segments>
<gml:LineStringSegment>
<gml:posList>
33.611373790 130.570201578
33.611435518 130.570762401
</gml:posList>
</gml:LineStringSegment>
</gml:segments>
</gml:Curve>
</loc>
<type>砂防ダム</type>
</WStrL>
<WStrL gml:id="K27_4700412099_3">
<fid>47004-12099-s-1480</fid>
<lfSpanFr gml:id="K27_4700412099_3-1">
<gml:timePosition>2020-10-29</gml:timePosition>
</lfSpanFr>
<devDate gml:id="K27_4700412099_3-2">
<gml:timePosition>2021-07-01</gml:timePosition>
</devDate>
<orgGILvl>2500</orgGILvl>
<vis>表示</vis>
<loc>
<gml:Curve gml:id="K27_4700412099_3-g" srsName="fguuid:jgd2011.bl">
<gml:segments>
<gml:LineStringSegment>
<gml:posList>
33.609523846 130.573303852
33.609402112 130.573379777
33.609361359 130.573406487
33.609255385 130.573477054
</gml:posList>
</gml:LineStringSegment>
</gml:segments>
</gml:Curve>
</loc>
<type>砂防ダム</type>
</WStrL>
<WStrL gml:id="K27_4700412102_1">
<fid>47004-12102-s-3776</fid>
<lfSpanFr gml:id="K27_4700412102_1-1">
<gml:timePosition>2020-10-29</gml:timePosition>
</lfSpanFr>
<devDate gml:id="K27_4700412102_1-2">
<gml:timePosition>2021-07-01</gml:timePosition>
</devDate>
<orgGILvl>2500</orgGILvl>
<vis>表示</vis>
<loc>
<gml:Curve gml:id="K27_4700412102_1-g" srsName="fguuid:jgd2011.bl">
<gml:segments>
<gml:LineStringSegment>
<gml:posList>
33.618976216 130.570491042
33.619195749 130.570458482
</gml:posList>
</gml:LineStringSegment>
</gml:segments>
</gml:Curve>
</loc>
<type>せき</type>
</WStrL>
<WStrL gml:id="K27_4700412105_1">
<fid>47004-12105-s-1023</fid>
<lfSpanFr gml:id="K27_4700412105_1-1">
<gml:timePosition>2020-10-29</gml:timePosition>
</lfSpanFr>
<devDate gml:id="K27_4700412105_1-2">
<gml:timePosition>2021-07-01</gml:timePosition>
</devDate>
<orgGILvl>2500</orgGILvl>
<vis>表示</vis>
<loc>
<gml:Curve gml:id="K27_4700412105_1-g" srsName="fguuid:jgd2011.bl">
<gml:segments>
<gml:LineStringSegment>
<gml:posList>
33.631460293 130.567402365
33.631477399 130.567163203
</gml:posList>
</gml:LineStringSegment>
</gml:segments>
</gml:Curve>
</loc>
<type>砂防ダム</type>
</WStrL>
<WStrL gml:id="K27_4700412105_2">
<fid>47004-12105-s-1024</fid>
<lfSpanFr gml:id="K27_4700412105_2-1">
<gml:timePosition>2020-10-29</gml:timePosition>
</lfSpanFr>
<devDate gml:id="K27_4700412105_2-2">
<gml:timePosition>2021-07-01</gml:timePosition>
</devDate>
<orgGILvl>2500</orgGILvl>
<vis>表示</vis>
<loc>
<gml:Curve gml:id="K27_4700412105_2-g" srsName="fguuid:jgd2011.bl">
<gml:segments>
<gml:LineStringSegment>
<gml:posList>
33.633054456 130.568233227
33.633149360 130.567937513
</gml:posList>
</gml:LineStringSegment>
</gml:segments>
</gml:Curve>
</loc>
<type>砂防ダム</type>
</WStrL>
<WStrL gml:id="K27_4700412105_3">
<fid>47004-12105-s-1025</fid>
<lfSpanFr gml:id="K27_4700412105_3-1">
<gml:timePosition>2020-10-29</gml:timePosition>
</lfSpanFr>
<devDate gml:id="K27_4700412105_3-2">
<gml:timePosition>2021-07-01</gml:timePosition>
</devDate>
<orgGILvl>2500</orgGILvl>
<vis>表示</vis>
<loc>
<gml:Curve gml:id="K27_4700412105_3-g" srsName="fguuid:jgd2011.bl">
<gml:segments>
<gml:LineStringSegment>
<gml:posList>
33.629270877 130.568850535
33.629355210 130.568780916
</gml:posList>
</gml:LineStringSegment>
</gml:segments>
</gml:Curve>
</loc>
<type>砂防ダム</type>
</WStrL>
<WStrL gml:id="K27_4700412105_4">
<fid>47004-12105-s-1026</fid>
<lfSpanFr gml:id="K27_4700412105_4-1">
<gml:timePosition>2020-10-29</gml:timePosition>
</lfSpanFr>
<devDate gml:id="K27_4700412105_4-2">
<gml:timePosition>2021-07-01</gml:timePosition>
</devDate>
<orgGILvl>2500</orgGILvl>
<vis>表示</vis>
<loc>
<gml:Curve gml:id="K27_4700412105_4-g" srsName="fguuid:jgd2011.bl">
<gml:segments>
<gml:LineStringSegment>
<gml:posList>
33.627559739 130.568062209
33.627775743 130.568155228
</gml:posList>
</gml:LineStringSegment>
</gml:segments>
</gml:Curve>
</loc>
<type>砂防ダム</type>
</WStrL>
<WStrL gml:id="K27_4700412105_5">
<fid>47004-12105-s-1027</fid>
<lfSpanFr gml:id="K27_4700412105_5-1">
<gml:timePosition>2020-10-29</gml:timePosition>
</lfSpanFr>
<devDate gml:id="K27_4700412105_5-2">
<gml:timePosition>2021-07-01</gml:timePosition>
</devDate>
<orgGILvl>2500</orgGILvl>
<vis>表示</vis>
<loc>
<gml:Curve gml:id="K27_4700412105_5-g" srsName="fguuid:jgd2011.bl">
<gml:segments>
<gml:LineStringSegment>
<gml:posList>
33.627101244 130.568734482
33.627228251 130.568860711
</gml:posList>
</gml:LineStringSegment>
</gml:segments>
</gml:Curve>
</loc>
<type>砂防ダム</type>
</WStrL>
<WStrL gml:id="K27_4700412105_6">
<fid>47004-12105-s-1028</fid>
<lfSpanFr gml:id="K27_4700412105_6-1">
<gml:timePosition>2020-10-29</gml:timePosition>
</lfSpanFr>
<devDate gml:id="K27_4700412105_6-2">
<gml:timePosition>2021-07-01</gml:timePosition>
</devDate>
<orgGILvl>2500</orgGILvl>
<vis>表示</vis>
<loc>
<gml:Curve gml:id="K27_4700412105_6-g" srsName="fguuid:jgd2011.bl">
<gml:segments>
<gml:LineStringSegment>
<gml:posList>
33.630767818 130.567300409
33.630862027 130.566987028
</gml:posList>
</gml:LineStringSegment>
</gml:segments>
</gml:Curve>
</loc>
<type>砂防ダム</type>
</WStrL>
<WStrL gml:id="K27_4700412105_7">
<fid>47004-12105-s-1029</fid>
<lfSpanFr gml:id="K27_4700412105_7-1">
<gml:timePosition>2020-10-29</gml:timePosition>
</lfSpanFr>
<devDate gml:id="K27_4700412105_7-2">
<gml:timePosition>2021-07-01</gml:timePosition>
</devDate>
<orgGILvl>2500</orgGILvl>
<vis>表示</vis>
<loc>
<gml:Curve gml:id="K27_4700412105_7-g" srsName="fguuid:jgd2011.bl">
<gml:segments>
<gml:LineStringSegment>
<gml:posList>
33.631979614 130.567649302
33.632058750 130.567357119
</gml:posList>
</gml:LineStringSegment>
</gml:segments>
</gml:Curve>
</loc>
<type>砂防ダム</type>
</WStrL>
<WStrL gml:id="K27_4700412105_8">
<fid>47004-12105-s-1030</fid>
<lfSpanFr gml:id="K27_4700412105_8-1">
<gml:timePosition>2020-10-29</gml:timePosition>
</lfSpanFr>
<devDate gml:id="K27_4700412105_8-2">
<gml:timePosition>2021-07-01</gml:timePosition>
</devDate>
<orgGILvl>2500</orgGILvl>
<vis>表示</vis>
<loc>
<gml:Curve gml:id="K27_4700412105_8-g" srsName="fguuid:jgd2011.bl">
<gml:segments>
<gml:LineStringSegment>
<gml:posList>
33.632451308 130.567865114
33.632560616 130.567588731
</gml:posList>
</gml:LineStringSegment>
</gml:segments>
</gml:Curve>
</loc>
<type>砂防ダム</type>
</WStrL>
<WStrL gml:id="K27_4700412105_9">
<fid>47004-12105-s-1031</fid>
<lfSpanFr gml:id="K27_4700412105_9-1">
<gml:timePosition>2020-10-29</gml:timePosition>
</lfSpanFr>
<devDate gml:id="K27_4700412105_9-2">
<gml:timePosition>2021-07-01</gml:timePosition>
</devDate>
<orgGILvl>2500</orgGILvl>
<vis>表示</vis>
<loc>
<gml:Curve gml:id="K27_4700412105_9-g" srsName="fguuid:jgd2011.bl">
<gml:segments>
<gml:LineStringSegment>
<gml:posList>
33.630120475 130.570549132
33.630300228 130.570408008
</gml:posList>
</gml:LineStringSegment>
</gml:segments>
</gml:Curve>
</loc>
<type>砂防ダム</type>
</WStrL>
<WStrL gml:id="K27_4700412105_10">
<fid>47004-12105-s-1032</fid>
<lfSpanFr gml:id="K27_4700412105_10-1">
<gml:timePosition>2020-10-29</gml:timePosition>
</lfSpanFr>
<devDate gml:id="K27_4700412105_10-2">
<gml:timePosition>2021-07-01</gml:timePosition>
</devDate>
<orgGILvl>2500</orgGILvl>
<vis>表示</vis>
<loc>
<gml:Curve gml:id="K27_4700412105_10-g" srsName="fguuid:jgd2011.bl">
<gml:segments>
<gml:LineStringSegment>
<gml:posList>
33.629777243 130.570143076
33.629958841 130.570014123
</gml:posList>
</gml:LineStringSegment>
</gml:segments>
</gml:Curve>
</loc>
<type>砂防ダム</type>
</WStrL>
<WStrL gml:id="K27_4700412105_11">
<fid>47004-12105-s-1033</fid>
<lfSpanFr gml:id="K27_4700412105_11-1">
<gml:timePosition>2020-10-29</gml:timePosition>
</lfSpanFr>
<devDate gml:id="K27_4700412105_11-2">
<gml:timePosition>2021-07-01</gml:timePosition>
</devDate>
<orgGILvl>2500</orgGILvl>
<vis>表示</vis>
<loc>
<gml:Curve gml:id="K27_4700412105_11-g" srsName="fguuid:jgd2011.bl">
<gml:segments>
<gml:LineStringSegment>
<gml:posList>
33.629188251 130.568918745
33.629270877 130.568850535
</gml:posList>
</gml:LineStringSegment>
</gml:segments>
</gml:Curve>
</loc>
<type>砂防ダム</type>
</WStrL>
<WStrL gml:id="K27_4700412105_12">
<fid>47004-12105-s-1034</fid>
<lfSpanFr gml:id="K27_4700412105_12-1">
<gml:timePosition>2020-10-29</gml:timePosition>
</lfSpanFr>
<devDate gml:id="K27_4700412105_12-2">
<gml:timePosition>2021-07-01</gml:timePosition>
</devDate>
<orgGILvl>2500</orgGILvl>
<vis>表示</vis>
<loc>
<gml:Curve gml:id="K27_4700412105_12-g" srsName="fguuid:jgd2011.bl">
<gml:segments>
<gml:LineStringSegment>
<gml:posList>
33.628676979 130.570829101
33.628908828 130.570838191
</gml:posList>
</gml:LineStringSegment>
</gml:segments>
</gml:Curve>
</loc>
<type>砂防ダム</type>
</WStrL>
<WStrL gml:id="K27_4700412105_13">
<fid>47004-12105-s-1035</fid>
<lfSpanFr gml:id="K27_4700412105_13-1">
<gml:timePosition>2020-10-29</gml:timePosition>
</lfSpanFr>
<devDate gml:id="K27_4700412105_13-2">
<gml:timePosition>2021-07-01</gml:timePosition>
</devDate>
<orgGILvl>2500</orgGILvl>
<vis>表示</vis>
<loc>
<gml:Curve gml:id="K27_4700412105_13-g" srsName="fguuid:jgd2011.bl">
<gml:segments>
<gml:LineStringSegment>
<gml:posList>
33.627228251 130.568860711
33.627303467 130.568935462
</gml:posList>
</gml:LineStringSegment>
</gml:segments>
</gml:Curve>
</loc>
<type>砂防ダム</type>
</WStrL>
<WStrL gml:id="K27_4700412108_1">
<fid>47004-12108-s-840</fid>
<lfSpanFr gml:id="K27_4700412108_1-1">
<gml:timePosition>2020-10-29</gml:timePosition>
</lfSpanFr>
<devDate gml:id="K27_4700412108_1-2">
<gml:timePosition>2021-07-01</gml:timePosition>
</devDate>
<orgGILvl>2500</orgGILvl>
<vis>表示</vis>
<loc>
<gml:Curve gml:id="K27_4700412108_1-g" srsName="fguuid:jgd2011.bl">
<gml:segments>
<gml:LineStringSegment>
<gml:posList>
33.633591014 130.568485262
33.633677676 130.568204355
</gml:posList>
</gml:LineStringSegment>
</gml:segments>
</gml:Curve>
</loc>
<type>砂防ダム</type>
</WStrL>
<WStrL gml:id="K27_4700712099_1">
<fid>47007-12099-s-2857</fid>
<lfSpanFr gml:id="K27_4700712099_1-1">
<gml:timePosition>2020-10-29</gml:timePosition>
</lfSpanFr>
<devDate gml:id="K27_4700712099_1-2">
<gml:timePosition>2021-07-01</gml:timePosition>
</devDate>
<orgGILvl>2500</orgGILvl>
<vis>表示</vis>
<loc>
<gml:Curve gml:id="K27_4700712099_1-g" srsName="fguuid:jgd2011.bl">
<gml:segments>
<gml:LineStringSegment>
<gml:posList>
33.614834938 130.577030078
33.614923543 130.577021562
33.614971589 130.577070793
33.614985796 130.577085488
33.615061906 130.577167236
</gml:posList>
</gml:LineStringSegment>
</gml:segments>
</gml:Curve>
</loc>
<type>砂防ダム</type>
</WStrL>
<WStrL gml:id="K27_4700712105_1">
<fid>47007-12105-s-1167</fid>
<lfSpanFr gml:id="K27_4700712105_1-1">
<gml:timePosition>2020-10-29</gml:timePosition>
</lfSpanFr>
<devDate gml:id="K27_4700712105_1-2">
<gml:timePosition>2021-07-01</gml:timePosition>
</devDate>
<orgGILvl>2500</orgGILvl>
<vis>表示</vis>
<loc>
<gml:Curve gml:id="K27_4700712105_1-g" srsName="fguuid:jgd2011.bl">
<gml:segments>
<gml:LineStringSegment>
<gml:posList>
33.627176883 130.578327743
33.627036229 130.578144333
</gml:posList>
</gml:LineStringSegment>
</gml:segments>
</gml:Curve>
</loc>
<type>砂防ダム</type>
</WStrL>
<WStrL gml:id="K27_4700712105_2">
<fid>47007-12105-s-1168</fid>
<lfSpanFr gml:id="K27_4700712105_2-1">
<gml:timePosition>2020-10-29</gml:timePosition>
</lfSpanFr>
<devDate gml:id="K27_4700712105_2-2">
<gml:timePosition>2021-07-01</gml:timePosition>
</devDate>
<orgGILvl>2500</orgGILvl>
<vis>表示</vis>
<loc>
<gml:Curve gml:id="K27_4700712105_2-g" srsName="fguuid:jgd2011.bl">
<gml:segments>
<gml:LineStringSegment>
<gml:posList>
33.626252338 130.579393908
33.626063819 130.579240588
</gml:posList>
</gml:LineStringSegment>
</gml:segments>
</gml:Curve>
</loc>
<type>砂防ダム</type>
</WStrL>
<WStrL gml:id="K27_4700712105_3">
<fid>47007-12105-s-1169</fid>
<lfSpanFr gml:id="K27_4700712105_3-1">
<gml:timePosition>2020-10-29</gml:timePosition>
</lfSpanFr>
<devDate gml:id="K27_4700712105_3-2">
<gml:timePosition>2021-07-01</gml:timePosition>
</devDate>
<orgGILvl>2500</orgGILvl>
<vis>表示</vis>
<loc>
<gml:Curve gml:id="K27_4700712105_3-g" srsName="fguuid:jgd2011.bl">
<gml:segments>
<gml:LineStringSegment>
<gml:posList>
33.626170072 130.579994011
33.626194292 130.579718401
</gml:posList>
</gml:LineStringSegment>
</gml:segments>
</gml:Curve>
</loc>
<type>砂防ダム</type>
</WStrL>
</Dataset>
