<?xml version="1.0" encoding="utf-8"?>
<Dataset xsi:schemaLocation="http://fgd.gsi.go.jp/spec/2008/FGD_GMLSchema FGD_GMLSchema.xsd"
	xmlns:gml="http://www.opengis.net/gml/3.2"
	xmlns:xsi="http://www.w3.org/2001/XMLSchema-instance"
	xmlns:xlink="http://www.w3.org/1999/xlink"
	xmlns="http://fgd.gsi.go.jp/spec/2008/FGD_GMLSchema"
	gml:id="Dataset1">
  <gml:description>基盤地図情報メタデータ ID=fmdid:21-0701</gml:description>
  <gml:name>基盤地図情報ダウンロードデータ（GML版）</gml:name>
<ElevPt gml:id="K2_4698012102_1">
<fid>46980-12102-i-1015</fid>
<lfSpanFr gml:id="K2_4698012102_1-1">
<gml:timePosition>2020-10-29</gml:timePosition>
</lfSpanFr>
<devDate gml:id="K2_4698012102_1-2">
<gml:timePosition>2021-07-01</gml:timePosition>
</devDate>
<orgGILvl>25000</orgGILvl>
<vis>表示</vis>
<pos>
<gml:Point gml:id="K2_4698012102_1-g" srsName="fguuid:jgd2011.bl">
<gml:pos>33.616913056 130.500359444</gml:pos>
</gml:Point>
</pos>
<type>標高点（測点）</type>
<alti>58</alti>
</ElevPt>
<ElevPt gml:id="K2_4698012105_1">
<fid>46980-12105-i-1496</fid>
<lfSpanFr gml:id="K2_4698012105_1-1">
<gml:timePosition>2020-10-29</gml:timePosition>
</lfSpanFr>
<devDate gml:id="K2_4698012105_1-2">
<gml:timePosition>2021-07-01</gml:timePosition>
</devDate>
<orgGILvl>25000</orgGILvl>
<vis>表示</vis>
<pos>
<gml:Point gml:id="K2_4698012105_1-g" srsName="fguuid:jgd2011.bl">
<gml:pos>33.631560278 130.504433889</gml:pos>
</gml:Point>
</pos>
<type>標高点（測点）</type>
<alti>62</alti>
</ElevPt>
<ElevPt gml:id="K2_4698012108_1">
<fid>46980-12108-i-816</fid>
<lfSpanFr gml:id="K2_4698012108_1-1">
<gml:timePosition>2020-10-29</gml:timePosition>
</lfSpanFr>
<devDate gml:id="K2_4698012108_1-2">
<gml:timePosition>2021-07-01</gml:timePosition>
</devDate>
<orgGILvl>25000</orgGILvl>
<vis>表示</vis>
<pos>
<gml:Point gml:id="K2_4698012108_1-g" srsName="fguuid:jgd2011.bl">
<gml:pos>33.637048611 130.500959167</gml:pos>
</gml:Point>
</pos>
<type>標高点（測点）</type>
<alti>31</alti>
</ElevPt>
<ElevPt gml:id="K2_4698012117_1">
<fid>46980-12117-i-1106</fid>
<lfSpanFr gml:id="K2_4698012117_1-1">
<gml:timePosition>2020-10-29</gml:timePosition>
</lfSpanFr>
<devDate gml:id="K2_4698012117_1-2">
<gml:timePosition>2021-07-01</gml:timePosition>
</devDate>
<orgGILvl>25000</orgGILvl>
<vis>表示</vis>
<pos>
<gml:Point gml:id="K2_4698012117_1-g" srsName="fguuid:jgd2011.bl">
<gml:pos>33.661160444 130.500665972</gml:pos>
</gml:Point>
</pos>
<type>標高点（測点）</type>
<alti>45</alti>
</ElevPt>
<ElevPt gml:id="K2_4698312096_1">
<fid>46983-12096-i-497</fid>
<lfSpanFr gml:id="K2_4698312096_1-1">
<gml:timePosition>2020-10-29</gml:timePosition>
</lfSpanFr>
<devDate gml:id="K2_4698312096_1-2">
<gml:timePosition>2021-07-01</gml:timePosition>
</devDate>
<orgGILvl>25000</orgGILvl>
<vis>表示</vis>
<pos>
<gml:Point gml:id="K2_4698312096_1-g" srsName="fguuid:jgd2011.bl">
<gml:pos>33.604611389 130.516408333</gml:pos>
</gml:Point>
</pos>
<type>標高点（測点）</type>
<alti>185</alti>
</ElevPt>
<ElevPt gml:id="K2_4698312111_1">
<fid>46983-12111-i-2021</fid>
<lfSpanFr gml:id="K2_4698312111_1-1">
<gml:timePosition>2020-10-29</gml:timePosition>
</lfSpanFr>
<devDate gml:id="K2_4698312111_1-2">
<gml:timePosition>2021-07-01</gml:timePosition>
</devDate>
<orgGILvl>25000</orgGILvl>
<vis>表示</vis>
<pos>
<gml:Point gml:id="K2_4698312111_1-g" srsName="fguuid:jgd2011.bl">
<gml:pos>33.647791389 130.515117222</gml:pos>
</gml:Point>
</pos>
<type>標高点（測点）</type>
<alti>54</alti>
</ElevPt>
<ElevPt gml:id="K2_4698312117_1">
<fid>46983-12117-i-281</fid>
<lfSpanFr gml:id="K2_4698312117_1-1">
<gml:timePosition>2014-06-04</gml:timePosition>
</lfSpanFr>
<devDate gml:id="K2_4698312117_1-2">
<gml:timePosition>2021-07-01</gml:timePosition>
</devDate>
<orgGILvl>25000</orgGILvl>
<vis>表示</vis>
<pos>
<gml:Point gml:id="K2_4698312117_1-g" srsName="fguuid:jgd2011.bl">
<gml:pos>33.660566667 130.511177778</gml:pos>
</gml:Point>
</pos>
<type>標高点（測点）</type>
<alti>102</alti>
</ElevPt>
<ElevPt gml:id="K2_4698312117_2">
<fid>46983-12117-i-282</fid>
<lfSpanFr gml:id="K2_4698312117_2-1">
<gml:timePosition>2014-06-04</gml:timePosition>
</lfSpanFr>
<devDate gml:id="K2_4698312117_2-2">
<gml:timePosition>2021-07-01</gml:timePosition>
</devDate>
<orgGILvl>25000</orgGILvl>
<vis>表示</vis>
<pos>
<gml:Point gml:id="K2_4698312117_2-g" srsName="fguuid:jgd2011.bl">
<gml:pos>33.664895833 130.514943611</gml:pos>
</gml:Point>
</pos>
<type>標高点（測点）</type>
<alti>182</alti>
</ElevPt>
<ElevPt gml:id="K2_4698612090_1">
<fid>46986-12090-i-1548</fid>
<lfSpanFr gml:id="K2_4698612090_1-1">
<gml:timePosition>2020-10-29</gml:timePosition>
</lfSpanFr>
<devDate gml:id="K2_4698612090_1-2">
<gml:timePosition>2021-07-01</gml:timePosition>
</devDate>
<orgGILvl>25000</orgGILvl>
<vis>表示</vis>
<pos>
<gml:Point gml:id="K2_4698612090_1-g" srsName="fguuid:jgd2011.bl">
<gml:pos>33.584337898 130.522536031</gml:pos>
</gml:Point>
</pos>
<type>標高点（測点）</type>
<alti>49</alti>
</ElevPt>
<ElevPt gml:id="K2_4698612105_1">
<fid>46986-12105-i-1318</fid>
<lfSpanFr gml:id="K2_4698612105_1-1">
<gml:timePosition>2020-10-29</gml:timePosition>
</lfSpanFr>
<devDate gml:id="K2_4698612105_1-2">
<gml:timePosition>2021-07-01</gml:timePosition>
</devDate>
<orgGILvl>25000</orgGILvl>
<vis>表示</vis>
<pos>
<gml:Point gml:id="K2_4698612105_1-g" srsName="fguuid:jgd2011.bl">
<gml:pos>33.631778899 130.516890152</gml:pos>
</gml:Point>
</pos>
<type>標高点（測点）</type>
<alti>57</alti>
</ElevPt>
<ElevPt gml:id="K2_4698612108_1">
<fid>46986-12108-i-795</fid>
<lfSpanFr gml:id="K2_4698612108_1-1">
<gml:timePosition>2020-10-29</gml:timePosition>
</lfSpanFr>
<devDate gml:id="K2_4698612108_1-2">
<gml:timePosition>2021-07-01</gml:timePosition>
</devDate>
<orgGILvl>25000</orgGILvl>
<vis>表示</vis>
<pos>
<gml:Point gml:id="K2_4698612108_1-g" srsName="fguuid:jgd2011.bl">
<gml:pos>33.633594444 130.519575000</gml:pos>
</gml:Point>
</pos>
<type>標高点（測点）</type>
<alti>118</alti>
</ElevPt>
<ElevPt gml:id="K2_4698612108_2">
<fid>46986-12108-i-796</fid>
<lfSpanFr gml:id="K2_4698612108_2-1">
<gml:timePosition>2020-10-29</gml:timePosition>
</lfSpanFr>
<devDate gml:id="K2_4698612108_2-2">
<gml:timePosition>2021-07-01</gml:timePosition>
</devDate>
<orgGILvl>25000</orgGILvl>
<vis>表示</vis>
<pos>
<gml:Point gml:id="K2_4698612108_2-g" srsName="fguuid:jgd2011.bl">
<gml:pos>33.639593611 130.524636944</gml:pos>
</gml:Point>
</pos>
<type>標高点（測点）</type>
<alti>113</alti>
</ElevPt>
<ElevPt gml:id="K2_4698612111_1">
<fid>46986-12111-i-293</fid>
<lfSpanFr gml:id="K2_4698612111_1-1">
<gml:timePosition>2014-06-04</gml:timePosition>
</lfSpanFr>
<devDate gml:id="K2_4698612111_1-2">
<gml:timePosition>2021-07-01</gml:timePosition>
</devDate>
<orgGILvl>25000</orgGILvl>
<vis>表示</vis>
<pos>
<gml:Point gml:id="K2_4698612111_1-g" srsName="fguuid:jgd2011.bl">
<gml:pos>33.647374444 130.522059444</gml:pos>
</gml:Point>
</pos>
<type>標高点（測点）</type>
<alti>117</alti>
</ElevPt>
<ElevPt gml:id="K2_4698612114_1">
<fid>46986-12114-i-276</fid>
<lfSpanFr gml:id="K2_4698612114_1-1">
<gml:timePosition>2020-10-29</gml:timePosition>
</lfSpanFr>
<devDate gml:id="K2_4698612114_1-2">
<gml:timePosition>2021-07-01</gml:timePosition>
</devDate>
<orgGILvl>25000</orgGILvl>
<vis>表示</vis>
<pos>
<gml:Point gml:id="K2_4698612114_1-g" srsName="fguuid:jgd2011.bl">
<gml:pos>33.654320000 130.516873611</gml:pos>
</gml:Point>
</pos>
<type>標高点（測点）</type>
<alti>101</alti>
</ElevPt>
<ElevPt gml:id="K2_4698912090_1">
<fid>46989-12090-i-414</fid>
<lfSpanFr gml:id="K2_4698912090_1-1">
<gml:timePosition>2020-10-29</gml:timePosition>
</lfSpanFr>
<devDate gml:id="K2_4698912090_1-2">
<gml:timePosition>2021-07-01</gml:timePosition>
</devDate>
<orgGILvl>25000</orgGILvl>
<vis>表示</vis>
<pos>
<gml:Point gml:id="K2_4698912090_1-g" srsName="fguuid:jgd2011.bl">
<gml:pos>33.589869444 130.527086389</gml:pos>
</gml:Point>
</pos>
<type>標高点（測点）</type>
<alti>144</alti>
</ElevPt>
<ElevPt gml:id="K2_4698912099_1">
<fid>46989-12099-i-352</fid>
<lfSpanFr gml:id="K2_4698912099_1-1">
<gml:timePosition>2020-10-29</gml:timePosition>
</lfSpanFr>
<devDate gml:id="K2_4698912099_1-2">
<gml:timePosition>2021-07-01</gml:timePosition>
</devDate>
<orgGILvl>25000</orgGILvl>
<vis>表示</vis>
<pos>
<gml:Point gml:id="K2_4698912099_1-g" srsName="fguuid:jgd2011.bl">
<gml:pos>33.608751111 130.531130833</gml:pos>
</gml:Point>
</pos>
<type>標高点（測点）</type>
<alti>237</alti>
</ElevPt>
<ElevPt gml:id="K2_4698912099_2">
<fid>46989-12099-i-353</fid>
<lfSpanFr gml:id="K2_4698912099_2-1">
<gml:timePosition>2020-10-29</gml:timePosition>
</lfSpanFr>
<devDate gml:id="K2_4698912099_2-2">
<gml:timePosition>2021-07-01</gml:timePosition>
</devDate>
<orgGILvl>25000</orgGILvl>
<vis>表示</vis>
<pos>
<gml:Point gml:id="K2_4698912099_2-g" srsName="fguuid:jgd2011.bl">
<gml:pos>33.612699472 130.526428528</gml:pos>
</gml:Point>
</pos>
<type>標高点（測点）</type>
<alti>68</alti>
</ElevPt>
<ElevPt gml:id="K2_4698912102_1">
<fid>46989-12102-i-1334</fid>
<lfSpanFr gml:id="K2_4698912102_1-1">
<gml:timePosition>2020-10-29</gml:timePosition>
</lfSpanFr>
<devDate gml:id="K2_4698912102_1-2">
<gml:timePosition>2021-07-01</gml:timePosition>
</devDate>
<orgGILvl>25000</orgGILvl>
<vis>表示</vis>
<pos>
<gml:Point gml:id="K2_4698912102_1-g" srsName="fguuid:jgd2011.bl">
<gml:pos>33.623871528 130.528689528</gml:pos>
</gml:Point>
</pos>
<type>標高点（測点）</type>
<alti>44</alti>
</ElevPt>
<ElevPt gml:id="K2_4699212108_1">
<fid>46992-12108-i-48</fid>
<lfSpanFr gml:id="K2_4699212108_1-1">
<gml:timePosition>2020-10-29</gml:timePosition>
</lfSpanFr>
<devDate gml:id="K2_4699212108_1-2">
<gml:timePosition>2021-07-01</gml:timePosition>
</devDate>
<orgGILvl>25000</orgGILvl>
<vis>表示</vis>
<pos>
<gml:Point gml:id="K2_4699212108_1-g" srsName="fguuid:jgd2011.bl">
<gml:pos>33.633574167 130.535930556</gml:pos>
</gml:Point>
</pos>
<type>標高点（測点）</type>
<alti>163</alti>
</ElevPt>
<ElevPt gml:id="K2_4699212108_2">
<fid>46992-12108-i-49</fid>
<lfSpanFr gml:id="K2_4699212108_2-1">
<gml:timePosition>2020-10-29</gml:timePosition>
</lfSpanFr>
<devDate gml:id="K2_4699212108_2-2">
<gml:timePosition>2021-07-01</gml:timePosition>
</devDate>
<orgGILvl>25000</orgGILvl>
<vis>表示</vis>
<pos>
<gml:Point gml:id="K2_4699212108_2-g" srsName="fguuid:jgd2011.bl">
<gml:pos>33.638181111 130.534809444</gml:pos>
</gml:Point>
</pos>
<type>標高点（測点）</type>
<alti>244</alti>
</ElevPt>
<ElevPt gml:id="K2_4699212114_1">
<fid>46992-12114-i-13</fid>
<lfSpanFr gml:id="K2_4699212114_1-1">
<gml:timePosition>2014-06-04</gml:timePosition>
</lfSpanFr>
<devDate gml:id="K2_4699212114_1-2">
<gml:timePosition>2021-07-01</gml:timePosition>
</devDate>
<orgGILvl>25000</orgGILvl>
<vis>表示</vis>
<pos>
<gml:Point gml:id="K2_4699212114_1-g" srsName="fguuid:jgd2011.bl">
<gml:pos>33.650356667 130.533676389</gml:pos>
</gml:Point>
</pos>
<type>標高点（測点）</type>
<alti>313</alti>
</ElevPt>
<ElevPt gml:id="K2_4699512093_1">
<fid>46995-12093-i-157</fid>
<lfSpanFr gml:id="K2_4699512093_1-1">
<gml:timePosition>2020-10-29</gml:timePosition>
</lfSpanFr>
<devDate gml:id="K2_4699512093_1-2">
<gml:timePosition>2021-07-01</gml:timePosition>
</devDate>
<orgGILvl>25000</orgGILvl>
<vis>表示</vis>
<pos>
<gml:Point gml:id="K2_4699512093_1-g" srsName="fguuid:jgd2011.bl">
<gml:pos>33.591957222 130.544531111</gml:pos>
</gml:Point>
</pos>
<type>標高点（測点）</type>
<alti>438</alti>
</ElevPt>
<ElevPt gml:id="K2_4699512093_2">
<fid>46995-12093-i-177</fid>
<lfSpanFr gml:id="K2_4699512093_2-1">
<gml:timePosition>2020-10-29</gml:timePosition>
</lfSpanFr>
<devDate gml:id="K2_4699512093_2-2">
<gml:timePosition>2021-07-01</gml:timePosition>
</devDate>
<orgGILvl>25000</orgGILvl>
<pos>
<gml:Point gml:id="K2_4699512093_2-g" srsName="fguuid:jgd2011.bl">
<gml:pos>33.597871361 130.544602889</gml:pos>
</gml:Point>
</pos>
<type>標高点（測点）</type>
<alti>681</alti>
</ElevPt>
<ElevPt gml:id="K2_4699512102_1">
<fid>46995-12102-i-237</fid>
<lfSpanFr gml:id="K2_4699512102_1-1">
<gml:timePosition>2020-10-29</gml:timePosition>
</lfSpanFr>
<devDate gml:id="K2_4699512102_1-2">
<gml:timePosition>2021-07-01</gml:timePosition>
</devDate>
<orgGILvl>25000</orgGILvl>
<vis>表示</vis>
<pos>
<gml:Point gml:id="K2_4699512102_1-g" srsName="fguuid:jgd2011.bl">
<gml:pos>33.616683611 130.545969167</gml:pos>
</gml:Point>
</pos>
<type>標高点（測点）</type>
<alti>228</alti>
</ElevPt>
<ElevPt gml:id="K2_4699512105_1">
<fid>46995-12105-i-24</fid>
<lfSpanFr gml:id="K2_4699512105_1-1">
<gml:timePosition>2020-10-29</gml:timePosition>
</lfSpanFr>
<devDate gml:id="K2_4699512105_1-2">
<gml:timePosition>2021-07-01</gml:timePosition>
</devDate>
<orgGILvl>25000</orgGILvl>
<vis>表示</vis>
<pos>
<gml:Point gml:id="K2_4699512105_1-g" srsName="fguuid:jgd2011.bl">
<gml:pos>33.631892222 130.547842778</gml:pos>
</gml:Point>
</pos>
<type>標高点（測点）</type>
<alti>356</alti>
</ElevPt>
<ElevPt gml:id="K2_4699512111_1">
<fid>46995-12111-i-44</fid>
<lfSpanFr gml:id="K2_4699512111_1-1">
<gml:timePosition>2020-10-29</gml:timePosition>
</lfSpanFr>
<devDate gml:id="K2_4699512111_1-2">
<gml:timePosition>2021-07-01</gml:timePosition>
</devDate>
<orgGILvl>25000</orgGILvl>
<vis>表示</vis>
<pos>
<gml:Point gml:id="K2_4699512111_1-g" srsName="fguuid:jgd2011.bl">
<gml:pos>33.646085833 130.545279444</gml:pos>
</gml:Point>
</pos>
<type>標高点（測点）</type>
<alti>418</alti>
</ElevPt>
<ElevPt gml:id="K2_4699512114_1">
<fid>46995-12114-i-30</fid>
<lfSpanFr gml:id="K2_4699512114_1-1">
<gml:timePosition>2020-10-29</gml:timePosition>
</lfSpanFr>
<devDate gml:id="K2_4699512114_1-2">
<gml:timePosition>2021-07-01</gml:timePosition>
</devDate>
<orgGILvl>25000</orgGILvl>
<vis>表示</vis>
<pos>
<gml:Point gml:id="K2_4699512114_1-g" srsName="fguuid:jgd2011.bl">
<gml:pos>33.652935556 130.545670000</gml:pos>
</gml:Point>
</pos>
<type>標高点（測点）</type>
<alti>517</alti>
</ElevPt>
<ElevPt gml:id="K2_4699512117_1">
<fid>46995-12117-i-12</fid>
<lfSpanFr gml:id="K2_4699512117_1-1">
<gml:timePosition>2014-06-04</gml:timePosition>
</lfSpanFr>
<devDate gml:id="K2_4699512117_1-2">
<gml:timePosition>2021-07-01</gml:timePosition>
</devDate>
<orgGILvl>25000</orgGILvl>
<vis>表示</vis>
<pos>
<gml:Point gml:id="K2_4699512117_1-g" srsName="fguuid:jgd2011.bl">
<gml:pos>33.659396667 130.544521667</gml:pos>
</gml:Point>
</pos>
<type>標高点（測点）</type>
<alti>473</alti>
</ElevPt>
<ElevPt gml:id="K2_4699812096_1">
<fid>46998-12096-i-112</fid>
<lfSpanFr gml:id="K2_4699812096_1-1">
<gml:timePosition>2020-10-29</gml:timePosition>
</lfSpanFr>
<devDate gml:id="K2_4699812096_1-2">
<gml:timePosition>2021-07-01</gml:timePosition>
</devDate>
<orgGILvl>25000</orgGILvl>
<vis>表示</vis>
<pos>
<gml:Point gml:id="K2_4699812096_1-g" srsName="fguuid:jgd2011.bl">
<gml:pos>33.606278333 130.556173056</gml:pos>
</gml:Point>
</pos>
<type>標高点（測点）</type>
<alti>437</alti>
</ElevPt>
<ElevPt gml:id="K2_4699812099_1">
<fid>46998-12099-i-158</fid>
<lfSpanFr gml:id="K2_4699812099_1-1">
<gml:timePosition>2020-10-29</gml:timePosition>
</lfSpanFr>
<devDate gml:id="K2_4699812099_1-2">
<gml:timePosition>2021-07-01</gml:timePosition>
</devDate>
<orgGILvl>25000</orgGILvl>
<vis>表示</vis>
<pos>
<gml:Point gml:id="K2_4699812099_1-g" srsName="fguuid:jgd2011.bl">
<gml:pos>33.615371944 130.553728056</gml:pos>
</gml:Point>
</pos>
<type>標高点（測点）</type>
<alti>208</alti>
</ElevPt>
<ElevPt gml:id="K2_4699812108_1">
<fid>46998-12108-i-143</fid>
<lfSpanFr gml:id="K2_4699812108_1-1">
<gml:timePosition>2020-10-29</gml:timePosition>
</lfSpanFr>
<devDate gml:id="K2_4699812108_1-2">
<gml:timePosition>2021-07-01</gml:timePosition>
</devDate>
<orgGILvl>25000</orgGILvl>
<vis>表示</vis>
<pos>
<gml:Point gml:id="K2_4699812108_1-g" srsName="fguuid:jgd2011.bl">
<gml:pos>33.635200000 130.554745556</gml:pos>
</gml:Point>
</pos>
<type>標高点（測点）</type>
<alti>283</alti>
</ElevPt>
<ElevPt gml:id="K2_4699812108_2">
<fid>46998-12108-i-144</fid>
<lfSpanFr gml:id="K2_4699812108_2-1">
<gml:timePosition>2020-10-29</gml:timePosition>
</lfSpanFr>
<devDate gml:id="K2_4699812108_2-2">
<gml:timePosition>2021-07-01</gml:timePosition>
</devDate>
<orgGILvl>25000</orgGILvl>
<vis>表示</vis>
<pos>
<gml:Point gml:id="K2_4699812108_2-g" srsName="fguuid:jgd2011.bl">
<gml:pos>33.641276389 130.557008333</gml:pos>
</gml:Point>
</pos>
<type>標高点（測点）</type>
<alti>385</alti>
</ElevPt>
<ElevPt gml:id="K2_4699812114_1">
<fid>46998-12114-i-263</fid>
<lfSpanFr gml:id="K2_4699812114_1-1">
<gml:timePosition>2020-10-29</gml:timePosition>
</lfSpanFr>
<devDate gml:id="K2_4699812114_1-2">
<gml:timePosition>2021-07-01</gml:timePosition>
</devDate>
<orgGILvl>25000</orgGILvl>
<vis>表示</vis>
<pos>
<gml:Point gml:id="K2_4699812114_1-g" srsName="fguuid:jgd2011.bl">
<gml:pos>33.650075000 130.552326111</gml:pos>
</gml:Point>
</pos>
<type>標高点（測点）</type>
<alti>353</alti>
</ElevPt>
<ElevPt gml:id="K2_4699812114_2">
<fid>46998-12114-i-264</fid>
<lfSpanFr gml:id="K2_4699812114_2-1">
<gml:timePosition>2020-10-29</gml:timePosition>
</lfSpanFr>
<devDate gml:id="K2_4699812114_2-2">
<gml:timePosition>2021-07-01</gml:timePosition>
</devDate>
<orgGILvl>25000</orgGILvl>
<vis>表示</vis>
<pos>
<gml:Point gml:id="K2_4699812114_2-g" srsName="fguuid:jgd2011.bl">
<gml:pos>33.654925000 130.554606667</gml:pos>
</gml:Point>
</pos>
<type>標高点（測点）</type>
<alti>459</alti>
</ElevPt>
<ElevPt gml:id="K2_4700112102_1">
<fid>47001-12102-i-139</fid>
<lfSpanFr gml:id="K2_4700112102_1-1">
<gml:timePosition>2020-10-29</gml:timePosition>
</lfSpanFr>
<devDate gml:id="K2_4700112102_1-2">
<gml:timePosition>2021-07-01</gml:timePosition>
</devDate>
<orgGILvl>25000</orgGILvl>
<vis>表示</vis>
<pos>
<gml:Point gml:id="K2_4700112102_1-g" srsName="fguuid:jgd2011.bl">
<gml:pos>33.623623889 130.565326389</gml:pos>
</gml:Point>
</pos>
<type>標高点（測点）</type>
<alti>268</alti>
</ElevPt>
<ElevPt gml:id="K2_4700112108_1">
<fid>47001-12108-i-19</fid>
<lfSpanFr gml:id="K2_4700112108_1-1">
<gml:timePosition>2020-10-29</gml:timePosition>
</lfSpanFr>
<devDate gml:id="K2_4700112108_1-2">
<gml:timePosition>2021-07-01</gml:timePosition>
</devDate>
<orgGILvl>25000</orgGILvl>
<vis>表示</vis>
<pos>
<gml:Point gml:id="K2_4700112108_1-g" srsName="fguuid:jgd2011.bl">
<gml:pos>33.636061389 130.563700278</gml:pos>
</gml:Point>
</pos>
<type>標高点（測点）</type>
<alti>512</alti>
</ElevPt>
<ElevPt gml:id="K2_4700112117_1">
<fid>47001-12117-i-97</fid>
<lfSpanFr gml:id="K2_4700112117_1-1">
<gml:timePosition>2020-10-29</gml:timePosition>
</lfSpanFr>
<devDate gml:id="K2_4700112117_1-2">
<gml:timePosition>2021-07-01</gml:timePosition>
</devDate>
<orgGILvl>25000</orgGILvl>
<vis>表示</vis>
<pos>
<gml:Point gml:id="K2_4700112117_1-g" srsName="fguuid:jgd2011.bl">
<gml:pos>33.665335556 130.562917778</gml:pos>
</gml:Point>
</pos>
<type>標高点（測点）</type>
<alti>574</alti>
</ElevPt>
<ElevPt gml:id="K2_4700412090_1">
<fid>47004-12090-i-112</fid>
<lfSpanFr gml:id="K2_4700412090_1-1">
<gml:timePosition>2014-06-04</gml:timePosition>
</lfSpanFr>
<devDate gml:id="K2_4700412090_1-2">
<gml:timePosition>2021-07-01</gml:timePosition>
</devDate>
<orgGILvl>25000</orgGILvl>
<vis>表示</vis>
<pos>
<gml:Point gml:id="K2_4700412090_1-g" srsName="fguuid:jgd2011.bl">
<gml:pos>33.584725278 130.567043889</gml:pos>
</gml:Point>
</pos>
<type>標高点（測点）</type>
<alti>741</alti>
</ElevPt>
<ElevPt gml:id="K2_4700412093_1">
<fid>47004-12093-i-3</fid>
<lfSpanFr gml:id="K2_4700412093_1-1">
<gml:timePosition>2013-12-10</gml:timePosition>
</lfSpanFr>
<devDate gml:id="K2_4700412093_1-2">
<gml:timePosition>2021-07-01</gml:timePosition>
</devDate>
<orgGILvl>25000</orgGILvl>
<vis>表示</vis>
<pos>
<gml:Point gml:id="K2_4700412093_1-g" srsName="fguuid:jgd2011.bl">
<gml:pos>33.597614167 130.571020000</gml:pos>
</gml:Point>
</pos>
<type>標高点（測点）</type>
<alti>398</alti>
</ElevPt>
<ElevPt gml:id="K2_4700412099_1">
<fid>47004-12099-i-61</fid>
<lfSpanFr gml:id="K2_4700412099_1-1">
<gml:timePosition>2020-10-29</gml:timePosition>
</lfSpanFr>
<devDate gml:id="K2_4700412099_1-2">
<gml:timePosition>2021-07-01</gml:timePosition>
</devDate>
<orgGILvl>25000</orgGILvl>
<vis>表示</vis>
<pos>
<gml:Point gml:id="K2_4700412099_1-g" srsName="fguuid:jgd2011.bl">
<gml:pos>33.613078889 130.566966944</gml:pos>
</gml:Point>
</pos>
<type>標高点（測点）</type>
<alti>347</alti>
</ElevPt>
<ElevPt gml:id="K2_4700412099_2">
<fid>47004-12099-i-62</fid>
<lfSpanFr gml:id="K2_4700412099_2-1">
<gml:timePosition>2020-10-29</gml:timePosition>
</lfSpanFr>
<devDate gml:id="K2_4700412099_2-2">
<gml:timePosition>2021-07-01</gml:timePosition>
</devDate>
<orgGILvl>25000</orgGILvl>
<vis>表示</vis>
<pos>
<gml:Point gml:id="K2_4700412099_2-g" srsName="fguuid:jgd2011.bl">
<gml:pos>33.615395944 130.573978017</gml:pos>
</gml:Point>
</pos>
<type>標高点（測点）</type>
<alti>153</alti>
</ElevPt>
<ElevPt gml:id="K2_4700412108_1">
<fid>47004-12108-i-46</fid>
<lfSpanFr gml:id="K2_4700412108_1-1">
<gml:timePosition>2020-10-29</gml:timePosition>
</lfSpanFr>
<devDate gml:id="K2_4700412108_1-2">
<gml:timePosition>2021-07-01</gml:timePosition>
</devDate>
<orgGILvl>25000</orgGILvl>
<vis>表示</vis>
<pos>
<gml:Point gml:id="K2_4700412108_1-g" srsName="fguuid:jgd2011.bl">
<gml:pos>33.638418056 130.574664167</gml:pos>
</gml:Point>
</pos>
<type>標高点（測点）</type>
<alti>614</alti>
</ElevPt>
<ElevPt gml:id="K2_4700412111_1">
<fid>47004-12111-i-252</fid>
<lfSpanFr gml:id="K2_4700412111_1-1">
<gml:timePosition>2020-10-29</gml:timePosition>
</lfSpanFr>
<devDate gml:id="K2_4700412111_1-2">
<gml:timePosition>2021-07-01</gml:timePosition>
</devDate>
<orgGILvl>25000</orgGILvl>
<vis>表示</vis>
<pos>
<gml:Point gml:id="K2_4700412111_1-g" srsName="fguuid:jgd2011.bl">
<gml:pos>33.644262222 130.568927500</gml:pos>
</gml:Point>
</pos>
<type>標高点（測点）</type>
<alti>667</alti>
</ElevPt>
<ElevPt gml:id="K2_4700412117_1">
<fid>47004-12117-i-229</fid>
<lfSpanFr gml:id="K2_4700412117_1-1">
<gml:timePosition>2020-10-29</gml:timePosition>
</lfSpanFr>
<devDate gml:id="K2_4700412117_1-2">
<gml:timePosition>2021-07-01</gml:timePosition>
</devDate>
<orgGILvl>25000</orgGILvl>
<vis>表示</vis>
<pos>
<gml:Point gml:id="K2_4700412117_1-g" srsName="fguuid:jgd2011.bl">
<gml:pos>33.658874444 130.567012222</gml:pos>
</gml:Point>
</pos>
<type>標高点（測点）</type>
<alti>465</alti>
</ElevPt>
<ElevPt gml:id="K2_4700412117_2">
<fid>47004-12117-i-358</fid>
<lfSpanFr gml:id="K2_4700412117_2-1">
<gml:timePosition>2020-10-29</gml:timePosition>
</lfSpanFr>
<devDate gml:id="K2_4700412117_2-2">
<gml:timePosition>2021-07-01</gml:timePosition>
</devDate>
<orgGILvl>25000</orgGILvl>
<vis>非表示</vis>
<pos>
<gml:Point gml:id="K2_4700412117_2-g" srsName="fguuid:jgd2011.bl">
<gml:pos>33.658491944 130.574235000</gml:pos>
</gml:Point>
</pos>
<type>標高点（測点）</type>
<alti>603</alti>
</ElevPt>
<ElevPt gml:id="K2_4700712090_1">
<fid>47007-12090-i-90</fid>
<lfSpanFr gml:id="K2_4700712090_1-1">
<gml:timePosition>2014-06-04</gml:timePosition>
</lfSpanFr>
<devDate gml:id="K2_4700712090_1-2">
<gml:timePosition>2021-07-01</gml:timePosition>
</devDate>
<orgGILvl>25000</orgGILvl>
<vis>表示</vis>
<pos>
<gml:Point gml:id="K2_4700712090_1-g" srsName="fguuid:jgd2011.bl">
<gml:pos>33.589244167 130.576411944</gml:pos>
</gml:Point>
</pos>
<type>標高点（測点）</type>
<alti>426</alti>
</ElevPt>
<ElevPt gml:id="K2_4700712093_1">
<fid>47007-12093-i-326</fid>
<lfSpanFr gml:id="K2_4700712093_1-1">
<gml:timePosition>2020-10-29</gml:timePosition>
</lfSpanFr>
<devDate gml:id="K2_4700712093_1-2">
<gml:timePosition>2021-07-01</gml:timePosition>
</devDate>
<orgGILvl>25000</orgGILvl>
<vis>表示</vis>
<pos>
<gml:Point gml:id="K2_4700712093_1-g" srsName="fguuid:jgd2011.bl">
<gml:pos>33.596565000 130.581194444</gml:pos>
</gml:Point>
</pos>
<type>標高点（測点）</type>
<alti>309</alti>
</ElevPt>
<ElevPt gml:id="K2_4700712096_1">
<fid>47007-12096-i-312</fid>
<lfSpanFr gml:id="K2_4700712096_1-1">
<gml:timePosition>2020-10-29</gml:timePosition>
</lfSpanFr>
<devDate gml:id="K2_4700712096_1-2">
<gml:timePosition>2021-07-01</gml:timePosition>
</devDate>
<orgGILvl>25000</orgGILvl>
<vis>表示</vis>
<pos>
<gml:Point gml:id="K2_4700712096_1-g" srsName="fguuid:jgd2011.bl">
<gml:pos>33.604732222 130.580475278</gml:pos>
</gml:Point>
</pos>
<type>標高点（測点）</type>
<alti>358</alti>
</ElevPt>
<ElevPt gml:id="K2_4700712099_1">
<fid>47007-12099-i-175</fid>
<lfSpanFr gml:id="K2_4700712099_1-1">
<gml:timePosition>2020-10-29</gml:timePosition>
</lfSpanFr>
<devDate gml:id="K2_4700712099_1-2">
<gml:timePosition>2021-07-01</gml:timePosition>
</devDate>
<orgGILvl>25000</orgGILvl>
<vis>表示</vis>
<pos>
<gml:Point gml:id="K2_4700712099_1-g" srsName="fguuid:jgd2011.bl">
<gml:pos>33.614338611 130.579513889</gml:pos>
</gml:Point>
</pos>
<type>標高点（測点）</type>
<alti>285</alti>
</ElevPt>
<ElevPt gml:id="K2_4700712102_1">
<fid>47007-12102-i-164</fid>
<lfSpanFr gml:id="K2_4700712102_1-1">
<gml:timePosition>2020-10-29</gml:timePosition>
</lfSpanFr>
<devDate gml:id="K2_4700712102_1-2">
<gml:timePosition>2021-07-01</gml:timePosition>
</devDate>
<orgGILvl>25000</orgGILvl>
<vis>表示</vis>
<pos>
<gml:Point gml:id="K2_4700712102_1-g" srsName="fguuid:jgd2011.bl">
<gml:pos>33.622496389 130.580340833</gml:pos>
</gml:Point>
</pos>
<type>標高点（測点）</type>
<alti>318</alti>
</ElevPt>
<ElevPt gml:id="K2_4700712105_1">
<fid>47007-12105-i-57</fid>
<lfSpanFr gml:id="K2_4700712105_1-1">
<gml:timePosition>2020-10-29</gml:timePosition>
</lfSpanFr>
<devDate gml:id="K2_4700712105_1-2">
<gml:timePosition>2021-07-01</gml:timePosition>
</devDate>
<orgGILvl>25000</orgGILvl>
<vis>表示</vis>
<pos>
<gml:Point gml:id="K2_4700712105_1-g" srsName="fguuid:jgd2011.bl">
<gml:pos>33.632220278 130.577075278</gml:pos>
</gml:Point>
</pos>
<type>標高点（測点）</type>
<alti>548</alti>
</ElevPt>
<ElevPt gml:id="K2_4700712111_1">
<fid>47007-12111-i-173</fid>
<lfSpanFr gml:id="K2_4700712111_1-1">
<gml:timePosition>2014-06-04</gml:timePosition>
</lfSpanFr>
<devDate gml:id="K2_4700712111_1-2">
<gml:timePosition>2021-07-01</gml:timePosition>
</devDate>
<orgGILvl>25000</orgGILvl>
<vis>表示</vis>
<pos>
<gml:Point gml:id="K2_4700712111_1-g" srsName="fguuid:jgd2011.bl">
<gml:pos>33.648703056 130.576847222</gml:pos>
</gml:Point>
</pos>
<type>標高点（測点）</type>
<alti>464</alti>
</ElevPt>
<ElevPt gml:id="K2_4700712117_1">
<fid>47007-12117-i-882</fid>
<lfSpanFr gml:id="K2_4700712117_1-1">
<gml:timePosition>2020-10-29</gml:timePosition>
</lfSpanFr>
<devDate gml:id="K2_4700712117_1-2">
<gml:timePosition>2021-07-01</gml:timePosition>
</devDate>
<orgGILvl>25000</orgGILvl>
<vis>表示</vis>
<pos>
<gml:Point gml:id="K2_4700712117_1-g" srsName="fguuid:jgd2011.bl">
<gml:pos>33.660368056 130.581480556</gml:pos>
</gml:Point>
</pos>
<type>標高点（測点）</type>
<alti>682</alti>
</ElevPt>
<ElevPt gml:id="K2_4701012090_1">
<fid>47010-12090-i-130</fid>
<lfSpanFr gml:id="K2_4701012090_1-1">
<gml:timePosition>2014-06-04</gml:timePosition>
</lfSpanFr>
<devDate gml:id="K2_4701012090_1-2">
<gml:timePosition>2021-07-01</gml:timePosition>
</devDate>
<orgGILvl>25000</orgGILvl>
<vis>表示</vis>
<pos>
<gml:Point gml:id="K2_4701012090_1-g" srsName="fguuid:jgd2011.bl">
<gml:pos>33.583484167 130.589475000</gml:pos>
</gml:Point>
</pos>
<type>標高点（測点）</type>
<alti>457</alti>
</ElevPt>
<ElevPt gml:id="K2_4701012093_1">
<fid>47010-12093-i-283</fid>
<lfSpanFr gml:id="K2_4701012093_1-1">
<gml:timePosition>2020-10-29</gml:timePosition>
</lfSpanFr>
<devDate gml:id="K2_4701012093_1-2">
<gml:timePosition>2021-07-01</gml:timePosition>
</devDate>
<orgGILvl>25000</orgGILvl>
<vis>表示</vis>
<pos>
<gml:Point gml:id="K2_4701012093_1-g" srsName="fguuid:jgd2011.bl">
<gml:pos>33.595870000 130.589173056</gml:pos>
</gml:Point>
</pos>
<type>標高点（測点）</type>
<alti>311</alti>
</ElevPt>
<ElevPt gml:id="K2_4701012114_1">
<fid>47010-12114-i-226</fid>
<lfSpanFr gml:id="K2_4701012114_1-1">
<gml:timePosition>2020-10-29</gml:timePosition>
</lfSpanFr>
<devDate gml:id="K2_4701012114_1-2">
<gml:timePosition>2021-07-01</gml:timePosition>
</devDate>
<orgGILvl>25000</orgGILvl>
<vis>表示</vis>
<pos>
<gml:Point gml:id="K2_4701012114_1-g" srsName="fguuid:jgd2011.bl">
<gml:pos>33.652178889 130.583962222</gml:pos>
</gml:Point>
</pos>
<type>標高点（測点）</type>
<alti>419</alti>
</ElevPt>
<ElevPt gml:id="K2_4701012117_1">
<fid>47010-12117-i-178</fid>
<lfSpanFr gml:id="K2_4701012117_1-1">
<gml:timePosition>2014-06-04</gml:timePosition>
</lfSpanFr>
<devDate gml:id="K2_4701012117_1-2">
<gml:timePosition>2021-07-01</gml:timePosition>
</devDate>
<orgGILvl>25000</orgGILvl>
<vis>表示</vis>
<pos>
<gml:Point gml:id="K2_4701012117_1-g" srsName="fguuid:jgd2011.bl">
<gml:pos>33.662902778 130.590337500</gml:pos>
</gml:Point>
</pos>
<type>標高点（測点）</type>
<alti>336</alti>
</ElevPt>
<ElevPt gml:id="K2_4701312093_1">
<fid>47013-12093-i-272</fid>
<lfSpanFr gml:id="K2_4701312093_1-1">
<gml:timePosition>2020-10-29</gml:timePosition>
</lfSpanFr>
<devDate gml:id="K2_4701312093_1-2">
<gml:timePosition>2021-07-01</gml:timePosition>
</devDate>
<orgGILvl>25000</orgGILvl>
<vis>表示</vis>
<pos>
<gml:Point gml:id="K2_4701312093_1-g" srsName="fguuid:jgd2011.bl">
<gml:pos>33.593723611 130.598567500</gml:pos>
</gml:Point>
</pos>
<type>標高点（測点）</type>
<alti>316</alti>
</ElevPt>
<ElevPt gml:id="K2_4701312096_1">
<fid>47013-12096-i-191</fid>
<lfSpanFr gml:id="K2_4701312096_1-1">
<gml:timePosition>2020-10-29</gml:timePosition>
</lfSpanFr>
<devDate gml:id="K2_4701312096_1-2">
<gml:timePosition>2021-07-01</gml:timePosition>
</devDate>
<orgGILvl>25000</orgGILvl>
<vis>表示</vis>
<pos>
<gml:Point gml:id="K2_4701312096_1-g" srsName="fguuid:jgd2011.bl">
<gml:pos>33.601284444 130.596291111</gml:pos>
</gml:Point>
</pos>
<type>標高点（測点）</type>
<alti>278</alti>
</ElevPt>
<ElevPt gml:id="K2_4701312099_1">
<fid>47013-12099-i-185</fid>
<lfSpanFr gml:id="K2_4701312099_1-1">
<gml:timePosition>2020-10-29</gml:timePosition>
</lfSpanFr>
<devDate gml:id="K2_4701312099_1-2">
<gml:timePosition>2021-07-01</gml:timePosition>
</devDate>
<orgGILvl>25000</orgGILvl>
<vis>表示</vis>
<pos>
<gml:Point gml:id="K2_4701312099_1-g" srsName="fguuid:jgd2011.bl">
<gml:pos>33.610941944 130.594187778</gml:pos>
</gml:Point>
</pos>
<type>標高点（測点）</type>
<alti>408</alti>
</ElevPt>
<ElevPt gml:id="K2_4701312105_1">
<fid>47013-12105-i-275</fid>
<lfSpanFr gml:id="K2_4701312105_1-1">
<gml:timePosition>2020-10-29</gml:timePosition>
</lfSpanFr>
<devDate gml:id="K2_4701312105_1-2">
<gml:timePosition>2021-07-01</gml:timePosition>
</devDate>
<orgGILvl>25000</orgGILvl>
<vis>表示</vis>
<pos>
<gml:Point gml:id="K2_4701312105_1-g" srsName="fguuid:jgd2011.bl">
<gml:pos>33.625947222 130.592107222</gml:pos>
</gml:Point>
</pos>
<type>標高点（測点）</type>
<alti>348</alti>
</ElevPt>
<ElevPt gml:id="K2_4701312108_1">
<fid>47013-12108-i-57</fid>
<lfSpanFr gml:id="K2_4701312108_1-1">
<gml:timePosition>2014-06-04</gml:timePosition>
</lfSpanFr>
<devDate gml:id="K2_4701312108_1-2">
<gml:timePosition>2021-07-01</gml:timePosition>
</devDate>
<orgGILvl>25000</orgGILvl>
<vis>表示</vis>
<pos>
<gml:Point gml:id="K2_4701312108_1-g" srsName="fguuid:jgd2011.bl">
<gml:pos>33.633520278 130.593455000</gml:pos>
</gml:Point>
</pos>
<type>標高点（測点）</type>
<alti>440</alti>
</ElevPt>
<ElevPt gml:id="K2_4701312111_1">
<fid>47013-12111-i-60</fid>
<lfSpanFr gml:id="K2_4701312111_1-1">
<gml:timePosition>2014-06-04</gml:timePosition>
</lfSpanFr>
<devDate gml:id="K2_4701312111_1-2">
<gml:timePosition>2021-07-01</gml:timePosition>
</devDate>
<orgGILvl>25000</orgGILvl>
<vis>表示</vis>
<pos>
<gml:Point gml:id="K2_4701312111_1-g" srsName="fguuid:jgd2011.bl">
<gml:pos>33.643201667 130.598448889</gml:pos>
</gml:Point>
</pos>
<type>標高点（測点）</type>
<alti>421</alti>
</ElevPt>
<ElevPt gml:id="K2_4701312117_1">
<fid>47013-12117-i-652</fid>
<lfSpanFr gml:id="K2_4701312117_1-1">
<gml:timePosition>2020-10-29</gml:timePosition>
</lfSpanFr>
<devDate gml:id="K2_4701312117_1-2">
<gml:timePosition>2021-07-01</gml:timePosition>
</devDate>
<orgGILvl>25000</orgGILvl>
<vis>表示</vis>
<pos>
<gml:Point gml:id="K2_4701312117_1-g" srsName="fguuid:jgd2011.bl">
<gml:pos>33.663090000 130.599147778</gml:pos>
</gml:Point>
</pos>
<type>標高点（測点）</type>
<alti>327</alti>
</ElevPt>
<ElevPt gml:id="K2_4701612090_1">
<fid>47016-12090-i-417</fid>
<lfSpanFr gml:id="K2_4701612090_1-1">
<gml:timePosition>2020-10-29</gml:timePosition>
</lfSpanFr>
<devDate gml:id="K2_4701612090_1-2">
<gml:timePosition>2021-07-01</gml:timePosition>
</devDate>
<orgGILvl>25000</orgGILvl>
<vis>表示</vis>
<pos>
<gml:Point gml:id="K2_4701612090_1-g" srsName="fguuid:jgd2011.bl">
<gml:pos>33.589190278 130.602195278</gml:pos>
</gml:Point>
</pos>
<type>標高点（測点）</type>
<alti>221</alti>
</ElevPt>
<ElevPt gml:id="K2_4701612096_1">
<fid>47016-12096-i-322</fid>
<lfSpanFr gml:id="K2_4701612096_1-1">
<gml:timePosition>2020-10-29</gml:timePosition>
</lfSpanFr>
<devDate gml:id="K2_4701612096_1-2">
<gml:timePosition>2021-07-01</gml:timePosition>
</devDate>
<orgGILvl>25000</orgGILvl>
<vis>表示</vis>
<pos>
<gml:Point gml:id="K2_4701612096_1-g" srsName="fguuid:jgd2011.bl">
<gml:pos>33.604326944 130.603767500</gml:pos>
</gml:Point>
</pos>
<type>標高点（測点）</type>
<alti>325</alti>
</ElevPt>
<ElevPt gml:id="K2_4701612099_1">
<fid>47016-12099-i-247</fid>
<lfSpanFr gml:id="K2_4701612099_1-1">
<gml:timePosition>2020-10-29</gml:timePosition>
</lfSpanFr>
<devDate gml:id="K2_4701612099_1-2">
<gml:timePosition>2021-07-01</gml:timePosition>
</devDate>
<orgGILvl>25000</orgGILvl>
<vis>表示</vis>
<pos>
<gml:Point gml:id="K2_4701612099_1-g" srsName="fguuid:jgd2011.bl">
<gml:pos>33.616235000 130.602750556</gml:pos>
</gml:Point>
</pos>
<type>標高点（測点）</type>
<alti>389</alti>
</ElevPt>
<ElevPt gml:id="K2_4701612099_2">
<fid>47016-12099-i-248</fid>
<lfSpanFr gml:id="K2_4701612099_2-1">
<gml:timePosition>2020-10-29</gml:timePosition>
</lfSpanFr>
<devDate gml:id="K2_4701612099_2-2">
<gml:timePosition>2021-07-01</gml:timePosition>
</devDate>
<orgGILvl>25000</orgGILvl>
<vis>表示</vis>
<pos>
<gml:Point gml:id="K2_4701612099_2-g" srsName="fguuid:jgd2011.bl">
<gml:pos>33.609888195 130.606921471</gml:pos>
</gml:Point>
</pos>
<type>標高点（測点）</type>
<alti>325</alti>
</ElevPt>
<ElevPt gml:id="K2_4701612105_1">
<fid>47016-12105-i-839</fid>
<lfSpanFr gml:id="K2_4701612105_1-1">
<gml:timePosition>2020-10-29</gml:timePosition>
</lfSpanFr>
<devDate gml:id="K2_4701612105_1-2">
<gml:timePosition>2021-07-01</gml:timePosition>
</devDate>
<orgGILvl>25000</orgGILvl>
<vis>表示</vis>
<pos>
<gml:Point gml:id="K2_4701612105_1-g" srsName="fguuid:jgd2011.bl">
<gml:pos>33.627741111 130.600520833</gml:pos>
</gml:Point>
</pos>
<type>標高点（測点）</type>
<alti>302</alti>
</ElevPt>
<ElevPt gml:id="K2_4701612111_1">
<fid>47016-12111-i-146</fid>
<lfSpanFr gml:id="K2_4701612111_1-1">
<gml:timePosition>2020-10-29</gml:timePosition>
</lfSpanFr>
<devDate gml:id="K2_4701612111_1-2">
<gml:timePosition>2021-07-01</gml:timePosition>
</devDate>
<orgGILvl>25000</orgGILvl>
<vis>表示</vis>
<pos>
<gml:Point gml:id="K2_4701612111_1-g" srsName="fguuid:jgd2011.bl">
<gml:pos>33.647399167 130.602811111</gml:pos>
</gml:Point>
</pos>
<type>標高点（測点）</type>
<alti>397</alti>
</ElevPt>
<ElevPt gml:id="K2_4701912090_1">
<fid>47019-12090-i-3</fid>
<lfSpanFr gml:id="K2_4701912090_1-1">
<gml:timePosition>2013-12-10</gml:timePosition>
</lfSpanFr>
<devDate gml:id="K2_4701912090_1-2">
<gml:timePosition>2021-07-01</gml:timePosition>
</devDate>
<orgGILvl>25000</orgGILvl>
<vis>表示</vis>
<pos>
<gml:Point gml:id="K2_4701912090_1-g" srsName="fguuid:jgd2011.bl">
<gml:pos>33.584991944 130.611458611</gml:pos>
</gml:Point>
</pos>
<type>標高点（測点）</type>
<alti>155</alti>
</ElevPt>
<ElevPt gml:id="K2_4701912093_1">
<fid>47019-12093-i-447</fid>
<lfSpanFr gml:id="K2_4701912093_1-1">
<gml:timePosition>2020-10-29</gml:timePosition>
</lfSpanFr>
<devDate gml:id="K2_4701912093_1-2">
<gml:timePosition>2021-07-01</gml:timePosition>
</devDate>
<orgGILvl>25000</orgGILvl>
<vis>表示</vis>
<pos>
<gml:Point gml:id="K2_4701912093_1-g" srsName="fguuid:jgd2011.bl">
<gml:pos>33.596933056 130.610544167</gml:pos>
</gml:Point>
</pos>
<type>標高点（測点）</type>
<alti>176</alti>
</ElevPt>
<ElevPt gml:id="K2_4701912102_1">
<fid>47019-12102-i-74</fid>
<lfSpanFr gml:id="K2_4701912102_1-1">
<gml:timePosition>2014-06-04</gml:timePosition>
</lfSpanFr>
<devDate gml:id="K2_4701912102_1-2">
<gml:timePosition>2021-07-01</gml:timePosition>
</devDate>
<orgGILvl>25000</orgGILvl>
<vis>表示</vis>
<pos>
<gml:Point gml:id="K2_4701912102_1-g" srsName="fguuid:jgd2011.bl">
<gml:pos>33.622929167 130.609113889</gml:pos>
</gml:Point>
</pos>
<type>標高点（測点）</type>
<alti>357</alti>
</ElevPt>
<ElevPt gml:id="K2_4701912111_1">
<fid>47019-12111-i-531</fid>
<lfSpanFr gml:id="K2_4701912111_1-1">
<gml:timePosition>2020-10-29</gml:timePosition>
</lfSpanFr>
<devDate gml:id="K2_4701912111_1-2">
<gml:timePosition>2021-07-01</gml:timePosition>
</devDate>
<orgGILvl>25000</orgGILvl>
<vis>表示</vis>
<pos>
<gml:Point gml:id="K2_4701912111_1-g" srsName="fguuid:jgd2011.bl">
<gml:pos>33.646645556 130.612143889</gml:pos>
</gml:Point>
</pos>
<type>標高点（測点）</type>
<alti>359</alti>
</ElevPt>
<ElevPt gml:id="K2_4701912114_1">
<fid>47019-12114-i-325</fid>
<lfSpanFr gml:id="K2_4701912114_1-1">
<gml:timePosition>2020-10-29</gml:timePosition>
</lfSpanFr>
<devDate gml:id="K2_4701912114_1-2">
<gml:timePosition>2021-07-01</gml:timePosition>
</devDate>
<orgGILvl>25000</orgGILvl>
<vis>表示</vis>
<pos>
<gml:Point gml:id="K2_4701912114_1-g" srsName="fguuid:jgd2011.bl">
<gml:pos>33.652045833 130.614391667</gml:pos>
</gml:Point>
</pos>
<type>標高点（測点）</type>
<alti>382</alti>
</ElevPt>
<ElevPt gml:id="K2_4701912117_1">
<fid>47019-12117-i-328</fid>
<lfSpanFr gml:id="K2_4701912117_1-1">
<gml:timePosition>2020-10-29</gml:timePosition>
</lfSpanFr>
<devDate gml:id="K2_4701912117_1-2">
<gml:timePosition>2021-07-01</gml:timePosition>
</devDate>
<orgGILvl>25000</orgGILvl>
<vis>表示</vis>
<pos>
<gml:Point gml:id="K2_4701912117_1-g" srsName="fguuid:jgd2011.bl">
<gml:pos>33.660249722 130.609227222</gml:pos>
</gml:Point>
</pos>
<type>標高点（測点）</type>
<alti>377</alti>
</ElevPt>
<ElevPt gml:id="K2_4702212090_1">
<fid>47022-12090-i-491</fid>
<lfSpanFr gml:id="K2_4702212090_1-1">
<gml:timePosition>2020-10-29</gml:timePosition>
</lfSpanFr>
<devDate gml:id="K2_4702212090_1-2">
<gml:timePosition>2021-07-01</gml:timePosition>
</devDate>
<orgGILvl>25000</orgGILvl>
<vis>表示</vis>
<pos>
<gml:Point gml:id="K2_4702212090_1-g" srsName="fguuid:jgd2011.bl">
<gml:pos>33.589246667 130.619288333</gml:pos>
</gml:Point>
</pos>
<type>標高点（測点）</type>
<alti>89</alti>
</ElevPt>
<ElevPt gml:id="K2_4702212093_1">
<fid>47022-12093-i-244</fid>
<lfSpanFr gml:id="K2_4702212093_1-1">
<gml:timePosition>2020-10-29</gml:timePosition>
</lfSpanFr>
<devDate gml:id="K2_4702212093_1-2">
<gml:timePosition>2021-07-01</gml:timePosition>
</devDate>
<orgGILvl>25000</orgGILvl>
<vis>表示</vis>
<pos>
<gml:Point gml:id="K2_4702212093_1-g" srsName="fguuid:jgd2011.bl">
<gml:pos>33.593984722 130.620133889</gml:pos>
</gml:Point>
</pos>
<type>標高点（測点）</type>
<alti>147</alti>
</ElevPt>
<ElevPt gml:id="K2_4702212096_1">
<fid>47022-12096-i-9</fid>
<lfSpanFr gml:id="K2_4702212096_1-1">
<gml:timePosition>2013-12-10</gml:timePosition>
</lfSpanFr>
<devDate gml:id="K2_4702212096_1-2">
<gml:timePosition>2021-07-01</gml:timePosition>
</devDate>
<orgGILvl>25000</orgGILvl>
<vis>表示</vis>
<pos>
<gml:Point gml:id="K2_4702212096_1-g" srsName="fguuid:jgd2011.bl">
<gml:pos>33.601717778 130.623522222</gml:pos>
</gml:Point>
</pos>
<type>標高点（測点）</type>
<alti>134</alti>
</ElevPt>
<ElevPt gml:id="K2_4702212102_1">
<fid>47022-12102-i-49</fid>
<lfSpanFr gml:id="K2_4702212102_1-1">
<gml:timePosition>2014-06-04</gml:timePosition>
</lfSpanFr>
<devDate gml:id="K2_4702212102_1-2">
<gml:timePosition>2021-07-01</gml:timePosition>
</devDate>
<orgGILvl>25000</orgGILvl>
<vis>表示</vis>
<pos>
<gml:Point gml:id="K2_4702212102_1-g" srsName="fguuid:jgd2011.bl">
<gml:pos>33.622490000 130.623641667</gml:pos>
</gml:Point>
</pos>
<type>標高点（測点）</type>
<alti>412</alti>
</ElevPt>
<ElevPt gml:id="K2_4702212105_1">
<fid>47022-12105-i-92</fid>
<lfSpanFr gml:id="K2_4702212105_1-1">
<gml:timePosition>2014-06-04</gml:timePosition>
</lfSpanFr>
<devDate gml:id="K2_4702212105_1-2">
<gml:timePosition>2021-07-01</gml:timePosition>
</devDate>
<orgGILvl>25000</orgGILvl>
<vis>表示</vis>
<pos>
<gml:Point gml:id="K2_4702212105_1-g" srsName="fguuid:jgd2011.bl">
<gml:pos>33.625060000 130.618069444</gml:pos>
</gml:Point>
</pos>
<type>標高点（測点）</type>
<alti>526</alti>
</ElevPt>
<ElevPt gml:id="K2_4702212105_2">
<fid>47022-12105-i-93</fid>
<lfSpanFr gml:id="K2_4702212105_2-1">
<gml:timePosition>2014-06-04</gml:timePosition>
</lfSpanFr>
<devDate gml:id="K2_4702212105_2-2">
<gml:timePosition>2021-07-01</gml:timePosition>
</devDate>
<orgGILvl>25000</orgGILvl>
<vis>表示</vis>
<pos>
<gml:Point gml:id="K2_4702212105_2-g" srsName="fguuid:jgd2011.bl">
<gml:pos>33.632557778 130.619880833</gml:pos>
</gml:Point>
</pos>
<type>標高点（測点）</type>
<alti>356</alti>
</ElevPt>
<ElevPt gml:id="K2_4702212117_1">
<fid>47022-12117-i-151</fid>
<lfSpanFr gml:id="K2_4702212117_1-1">
<gml:timePosition>2014-06-04</gml:timePosition>
</lfSpanFr>
<devDate gml:id="K2_4702212117_1-2">
<gml:timePosition>2021-07-01</gml:timePosition>
</devDate>
<orgGILvl>25000</orgGILvl>
<vis>表示</vis>
<pos>
<gml:Point gml:id="K2_4702212117_1-g" srsName="fguuid:jgd2011.bl">
<gml:pos>33.660067778 130.619447500</gml:pos>
</gml:Point>
</pos>
<type>標高点（測点）</type>
<alti>306</alti>
</ElevPt>
</Dataset>
