<?xml version="1.0" encoding="utf-8"?>
<Dataset xsi:schemaLocation="http://fgd.gsi.go.jp/spec/2008/FGD_GMLSchema FGD_GMLSchema.xsd"
	xmlns:gml="http://www.opengis.net/gml/3.2"
	xmlns:xsi="http://www.w3.org/2001/XMLSchema-instance"
	xmlns:xlink="http://www.w3.org/1999/xlink"
	xmlns="http://fgd.gsi.go.jp/spec/2008/FGD_GMLSchema"
	gml:id="Dataset1">
  <gml:description>基盤地図情報メタデータ ID=fmdid:21-0701</gml:description>
  <gml:name>基盤地図情報ダウンロードデータ（GML版）</gml:name>
<GCP gml:id="K1_503034_1">
<fid>10-00100-0-2106-146248</fid>
<lfSpanFr gml:id="K1_503034_1-1">
<gml:timePosition>2021-06-08</gml:timePosition>
</lfSpanFr>
<devDate gml:id="K1_503034_1-2">
<gml:timePosition>2021-07-01</gml:timePosition>
</devDate>
<orgGILvl>SJ12</orgGILvl>
<vis>表示</vis>
<pos>
<gml:Point gml:id="K1_503034_1-g" srsName="fguuid:jgd2011.bl">
<gml:pos>33.624195194 130.530737306</gml:pos>
</gml:Point>
</pos>
<orgName>国土地理院</orgName>
<type>水準点</type>
<gcpClass>二等水準点</gcpClass>
<gcpCode>L02000201-091</gcpCode>
<name>２０１－０９１</name>
<B>121047.1027</B>
<L>469910.6543</L>
<alti>44.416</alti>
<altiAcc>3</altiAcc>
</GCP>
<GCP gml:id="K1_503034_2">
<fid>10-00100-0-2106-146249</fid>
<lfSpanFr gml:id="K1_503034_2-1">
<gml:timePosition>2021-06-08</gml:timePosition>
</lfSpanFr>
<devDate gml:id="K1_503034_2-2">
<gml:timePosition>2021-07-01</gml:timePosition>
</devDate>
<orgGILvl>SJ12</orgGILvl>
<vis>表示</vis>
<pos>
<gml:Point gml:id="K1_503034_2-g" srsName="fguuid:jgd2011.bl">
<gml:pos>33.619080556 130.571283333</gml:pos>
</gml:Point>
</pos>
<orgName>国土地理院</orgName>
<type>水準点</type>
<gcpClass>二等水準点</gcpClass>
<gcpCode>L02000201-095</gcpCode>
<name>２０１－０９５</name>
<B>121028.69</B>
<L>470056.62</L>
<alti>105.691</alti>
<altiAcc>3</altiAcc>
</GCP>
<GCP gml:id="K1_503034_3">
<fid>10-00100-0-2106-146250</fid>
<lfSpanFr gml:id="K1_503034_3-1">
<gml:timePosition>2021-06-08</gml:timePosition>
</lfSpanFr>
<devDate gml:id="K1_503034_3-2">
<gml:timePosition>2021-07-01</gml:timePosition>
</devDate>
<orgGILvl>SJ12</orgGILvl>
<vis>表示</vis>
<pos>
<gml:Point gml:id="K1_503034_3-g" srsName="fguuid:jgd2011.bl">
<gml:pos>33.634858333 130.616891667</gml:pos>
</gml:Point>
</pos>
<orgName>国土地理院</orgName>
<type>水準点</type>
<gcpClass>二等水準点</gcpClass>
<gcpCode>L02000201-102</gcpCode>
<name>２０１－１０２</name>
<B>121085.49</B>
<L>470220.81</L>
<alti>237.627</alti>
<altiAcc>3</altiAcc>
</GCP>
<GCP gml:id="K1_503034_4">
<fid>10-00100-0-2106-151481</fid>
<lfSpanFr gml:id="K1_503034_4-1">
<gml:timePosition>2021-06-08</gml:timePosition>
</lfSpanFr>
<devDate gml:id="K1_503034_4-2">
<gml:timePosition>2021-07-01</gml:timePosition>
</devDate>
<orgGILvl>KJ11</orgGILvl>
<vis>表示</vis>
<pos>
<gml:Point gml:id="K1_503034_4-g" srsName="fguuid:jgd2011.bl">
<gml:pos>33.587014500 130.566239944</gml:pos>
</gml:Point>
</pos>
<orgName>国土地理院</orgName>
<type>三角点</type>
<gcpClass>一等三角点</gcpClass>
<gcpCode>TR15030340501</gcpCode>
<name>鬼岩谷</name>
<B>120913.2522</B>
<L>470038.4638</L>
<alti>773.77</alti>
<altiAcc>2</altiAcc>
</GCP>
<GCP gml:id="K1_503034_5">
<fid>10-00100-0-2106-152886</fid>
<lfSpanFr gml:id="K1_503034_5-1">
<gml:timePosition>2021-06-08</gml:timePosition>
</lfSpanFr>
<devDate gml:id="K1_503034_5-2">
<gml:timePosition>2021-07-01</gml:timePosition>
</devDate>
<orgGILvl>KJ12</orgGILvl>
<vis>表示</vis>
<pos>
<gml:Point gml:id="K1_503034_5-g" srsName="fguuid:jgd2011.bl">
<gml:pos>33.650815528 130.568598722</gml:pos>
</gml:Point>
</pos>
<orgName>国土地理院</orgName>
<type>三角点</type>
<gcpClass>二等三角点</gcpClass>
<gcpCode>TR25030348501</gcpCode>
<name>鉾立山</name>
<B>121142.9359</B>
<L>470046.9554</L>
<alti>663.09</alti>
<altiAcc>2</altiAcc>
</GCP>
<GCP gml:id="K1_503034_6">
<fid>10-00100-0-2106-161118</fid>
<lfSpanFr gml:id="K1_503034_6-1">
<gml:timePosition>2021-06-08</gml:timePosition>
</lfSpanFr>
<devDate gml:id="K1_503034_6-2">
<gml:timePosition>2021-07-01</gml:timePosition>
</devDate>
<orgGILvl>KJ13</orgGILvl>
<vis>表示</vis>
<pos>
<gml:Point gml:id="K1_503034_6-g" srsName="fguuid:jgd2011.bl">
<gml:pos>33.589975306 130.592243306</gml:pos>
</gml:Point>
</pos>
<orgName>国土地理院</orgName>
<type>三角点</type>
<gcpClass>三等三角点</gcpClass>
<gcpCode>TR35030340701</gcpCode>
<name>馬立</name>
<B>120923.9111</B>
<L>470132.0759</L>
<alti>389.01</alti>
<altiAcc>2</altiAcc>
</GCP>
<GCP gml:id="K1_503034_7">
<fid>10-00100-0-2106-161119</fid>
<lfSpanFr gml:id="K1_503034_7-1">
<gml:timePosition>2021-06-08</gml:timePosition>
</lfSpanFr>
<devDate gml:id="K1_503034_7-2">
<gml:timePosition>2021-07-01</gml:timePosition>
</devDate>
<orgGILvl>KJ13</orgGILvl>
<vis>表示</vis>
<pos>
<gml:Point gml:id="K1_503034_7-g" srsName="fguuid:jgd2011.bl">
<gml:pos>33.600955528 130.525275250</gml:pos>
</gml:Point>
</pos>
<orgName>国土地理院</orgName>
<type>三角点</type>
<gcpClass>三等三角点</gcpClass>
<gcpCode>TR35030342201</gcpCode>
<name>竹城</name>
<B>120963.4399</B>
<L>469890.9909</L>
<alti>381.31</alti>
<altiAcc>2</altiAcc>
</GCP>
<GCP gml:id="K1_503034_8">
<fid>10-00100-0-2106-161120</fid>
<lfSpanFr gml:id="K1_503034_8-1">
<gml:timePosition>2021-06-08</gml:timePosition>
</lfSpanFr>
<devDate gml:id="K1_503034_8-2">
<gml:timePosition>2021-07-01</gml:timePosition>
</devDate>
<orgGILvl>KJ13</orgGILvl>
<vis>表示</vis>
<pos>
<gml:Point gml:id="K1_503034_8-g" srsName="fguuid:jgd2011.bl">
<gml:pos>33.605714222 130.589799722</gml:pos>
</gml:Point>
</pos>
<orgName>国土地理院</orgName>
<type>三角点</type>
<gcpClass>三等三角点</gcpClass>
<gcpCode>TR35030342701</gcpCode>
<name>四月谷</name>
<B>120980.5712</B>
<L>470123.279</L>
<alti>461.12</alti>
<altiAcc>2</altiAcc>
</GCP>
<GCP gml:id="K1_503034_9">
<fid>10-00100-0-2106-161121</fid>
<lfSpanFr gml:id="K1_503034_9-1">
<gml:timePosition>2021-06-08</gml:timePosition>
</lfSpanFr>
<devDate gml:id="K1_503034_9-2">
<gml:timePosition>2021-07-01</gml:timePosition>
</devDate>
<orgGILvl>KJ13</orgGILvl>
<vis>表示</vis>
<pos>
<gml:Point gml:id="K1_503034_9-g" srsName="fguuid:jgd2011.bl">
<gml:pos>33.615550167 130.612716722</gml:pos>
</gml:Point>
</pos>
<orgName>国土地理院</orgName>
<type>三角点</type>
<gcpClass>三等三角点</gcpClass>
<gcpCode>TR35030343901</gcpCode>
<name>竜王山</name>
<B>121015.9806</B>
<L>470205.7802</L>
<alti>615.49</alti>
<altiAcc>2</altiAcc>
</GCP>
<GCP gml:id="K1_503034_10">
<fid>10-00100-0-2106-161122</fid>
<lfSpanFr gml:id="K1_503034_10-1">
<gml:timePosition>2021-06-08</gml:timePosition>
</lfSpanFr>
<devDate gml:id="K1_503034_10-2">
<gml:timePosition>2021-07-01</gml:timePosition>
</devDate>
<orgGILvl>KJ13</orgGILvl>
<vis>表示</vis>
<pos>
<gml:Point gml:id="K1_503034_10-g" srsName="fguuid:jgd2011.bl">
<gml:pos>33.623778583 130.543300611</gml:pos>
</gml:Point>
</pos>
<orgName>国土地理院</orgName>
<type>三角点</type>
<gcpClass>三等三角点</gcpClass>
<gcpCode>TR35030344301</gcpCode>
<name>釜ヶ谷</name>
<B>121045.6029</B>
<L>469955.8822</L>
<alti>159.5</alti>
<altiAcc>2</altiAcc>
</GCP>
<GCP gml:id="K1_503034_11">
<fid>10-00100-0-2106-161123</fid>
<lfSpanFr gml:id="K1_503034_11-1">
<gml:timePosition>2021-06-08</gml:timePosition>
</lfSpanFr>
<devDate gml:id="K1_503034_11-2">
<gml:timePosition>2021-07-01</gml:timePosition>
</devDate>
<orgGILvl>KJ13</orgGILvl>
<vis>表示</vis>
<pos>
<gml:Point gml:id="K1_503034_11-g" srsName="fguuid:jgd2011.bl">
<gml:pos>33.627525639 130.572150333</gml:pos>
</gml:Point>
</pos>
<orgName>国土地理院</orgName>
<type>三角点</type>
<gcpClass>三等三角点</gcpClass>
<gcpCode>TR35030345501</gcpCode>
<name>桃ノ木</name>
<B>121059.0923</B>
<L>470059.7412</L>
<alti>409.44</alti>
<altiAcc>2</altiAcc>
</GCP>
<GCP gml:id="K1_503034_12">
<fid>10-00100-0-2106-161124</fid>
<lfSpanFr gml:id="K1_503034_12-1">
<gml:timePosition>2021-06-08</gml:timePosition>
</lfSpanFr>
<devDate gml:id="K1_503034_12-2">
<gml:timePosition>2021-07-01</gml:timePosition>
</devDate>
<orgGILvl>KJ13</orgGILvl>
<vis>表示</vis>
<pos>
<gml:Point gml:id="K1_503034_12-g" srsName="fguuid:jgd2011.bl">
<gml:pos>33.636957917 130.511526139</gml:pos>
</gml:Point>
</pos>
<orgName>国土地理院</orgName>
<type>三角点</type>
<gcpClass>三等三角点</gcpClass>
<gcpCode>TR35030346002</gcpCode>
<name>松元</name>
<B>121093.0485</B>
<L>469841.4941</L>
<alti>83.92</alti>
<altiAcc>2</altiAcc>
</GCP>
<GCP gml:id="K1_503034_13">
<fid>10-00100-0-2106-161125</fid>
<lfSpanFr gml:id="K1_503034_13-1">
<gml:timePosition>2021-06-08</gml:timePosition>
</lfSpanFr>
<devDate gml:id="K1_503034_13-2">
<gml:timePosition>2021-07-01</gml:timePosition>
</devDate>
<orgGILvl>KJ13</orgGILvl>
<vis>表示</vis>
<pos>
<gml:Point gml:id="K1_503034_13-g" srsName="fguuid:jgd2011.bl">
<gml:pos>33.634428139 130.599368667</gml:pos>
</gml:Point>
</pos>
<orgName>国土地理院</orgName>
<type>三角点</type>
<gcpClass>三等三角点</gcpClass>
<gcpCode>TR35030346701</gcpCode>
<name>高次</name>
<B>121083.9413</B>
<L>470157.7272</L>
<alti>512.2</alti>
<altiAcc>2</altiAcc>
</GCP>
<GCP gml:id="K1_503034_14">
<fid>10-00100-0-2106-161126</fid>
<lfSpanFr gml:id="K1_503034_14-1">
<gml:timePosition>2021-06-08</gml:timePosition>
</lfSpanFr>
<devDate gml:id="K1_503034_14-2">
<gml:timePosition>2021-07-01</gml:timePosition>
</devDate>
<orgGILvl>KJ13</orgGILvl>
<vis>表示</vis>
<pos>
<gml:Point gml:id="K1_503034_14-g" srsName="fguuid:jgd2011.bl">
<gml:pos>33.643377694 130.538392444</gml:pos>
</gml:Point>
</pos>
<orgName>国土地理院</orgName>
<type>三角点</type>
<gcpClass>三等三角点</gcpClass>
<gcpCode>TR35030347302</gcpCode>
<name>三本松</name>
<B>121116.1597</B>
<L>469938.2128</L>
<alti>384.72</alti>
<altiAcc>2</altiAcc>
</GCP>
<GCP gml:id="K1_503034_15">
<fid>10-00100-0-2106-161127</fid>
<lfSpanFr gml:id="K1_503034_15-1">
<gml:timePosition>2021-06-08</gml:timePosition>
</lfSpanFr>
<devDate gml:id="K1_503034_15-2">
<gml:timePosition>2021-07-01</gml:timePosition>
</devDate>
<orgGILvl>KJ13</orgGILvl>
<vis>表示</vis>
<pos>
<gml:Point gml:id="K1_503034_15-g" srsName="fguuid:jgd2011.bl">
<gml:pos>33.654431167 130.592684528</gml:pos>
</gml:Point>
</pos>
<orgName>国土地理院</orgName>
<type>三角点</type>
<gcpClass>三等三角点</gcpClass>
<gcpCode>TR35030348701</gcpCode>
<name>長牟田</name>
<B>121155.9522</B>
<L>470133.6643</L>
<alti>414.7</alti>
<altiAcc>2</altiAcc>
</GCP>
<GCP gml:id="K1_503034_16">
<fid>10-00100-0-2106-161128</fid>
<lfSpanFr gml:id="K1_503034_16-1">
<gml:timePosition>2021-06-08</gml:timePosition>
</lfSpanFr>
<devDate gml:id="K1_503034_16-2">
<gml:timePosition>2021-07-01</gml:timePosition>
</devDate>
<orgGILvl>KJ13</orgGILvl>
<vis>表示</vis>
<pos>
<gml:Point gml:id="K1_503034_16-g" srsName="fguuid:jgd2011.bl">
<gml:pos>33.651035111 130.618892750</gml:pos>
</gml:Point>
</pos>
<orgName>国土地理院</orgName>
<type>三角点</type>
<gcpClass>三等三角点</gcpClass>
<gcpCode>TR35030348901</gcpCode>
<name>突虫峠</name>
<B>121143.7264</B>
<L>470228.0139</L>
<alti>392.51</alti>
<altiAcc>2</altiAcc>
</GCP>
<GCP gml:id="K1_503034_17">
<fid>10-00100-0-2106-161129</fid>
<lfSpanFr gml:id="K1_503034_17-1">
<gml:timePosition>2021-06-08</gml:timePosition>
</lfSpanFr>
<devDate gml:id="K1_503034_17-2">
<gml:timePosition>2021-07-01</gml:timePosition>
</devDate>
<orgGILvl>KJ13</orgGILvl>
<vis>表示</vis>
<pos>
<gml:Point gml:id="K1_503034_17-g" srsName="fguuid:jgd2011.bl">
<gml:pos>33.663704306 130.522220556</gml:pos>
</gml:Point>
</pos>
<orgName>国土地理院</orgName>
<type>三角点</type>
<gcpClass>三等三角点</gcpClass>
<gcpCode>TR35030349101</gcpCode>
<name>花ノ木原</name>
<B>121189.3355</B>
<L>469879.994</L>
<alti>288.75</alti>
<altiAcc>2</altiAcc>
</GCP>
<GCP gml:id="K1_503034_18">
<fid>10-00100-0-2106-200790</fid>
<lfSpanFr gml:id="K1_503034_18-1">
<gml:timePosition>2021-06-08</gml:timePosition>
</lfSpanFr>
<devDate gml:id="K1_503034_18-2">
<gml:timePosition>2021-07-01</gml:timePosition>
</devDate>
<orgGILvl>KJ14</orgGILvl>
<vis>表示</vis>
<pos>
<gml:Point gml:id="K1_503034_18-g" srsName="fguuid:jgd2011.bl">
<gml:pos>33.589167028 130.500850611</gml:pos>
</gml:Point>
</pos>
<orgName>国土地理院</orgName>
<type>三角点</type>
<gcpClass>四等三角点</gcpClass>
<gcpCode>TR45030340001</gcpCode>
<name>旅石</name>
<B>120921.0013</B>
<L>469803.0622</L>
<alti>28.89</alti>
<altiAcc>2</altiAcc>
</GCP>
<GCP gml:id="K1_503034_19">
<fid>10-00100-0-2106-200791</fid>
<lfSpanFr gml:id="K1_503034_19-1">
<gml:timePosition>2021-06-08</gml:timePosition>
</lfSpanFr>
<devDate gml:id="K1_503034_19-2">
<gml:timePosition>2021-07-01</gml:timePosition>
</devDate>
<orgGILvl>KJ14</orgGILvl>
<vis>表示</vis>
<pos>
<gml:Point gml:id="K1_503034_19-g" srsName="fguuid:jgd2011.bl">
<gml:pos>33.588412083 130.526390333</gml:pos>
</gml:Point>
</pos>
<orgName>国土地理院</orgName>
<type>三角点</type>
<gcpClass>四等三角点</gcpClass>
<gcpCode>TR45030340201</gcpCode>
<name>梅ケ浦</name>
<B>120918.2835</B>
<L>469895.0052</L>
<alti>117.72</alti>
<altiAcc>2</altiAcc>
</GCP>
<GCP gml:id="K1_503034_20">
<fid>10-00100-0-2106-200792</fid>
<lfSpanFr gml:id="K1_503034_20-1">
<gml:timePosition>2021-06-08</gml:timePosition>
</lfSpanFr>
<devDate gml:id="K1_503034_20-2">
<gml:timePosition>2021-07-01</gml:timePosition>
</devDate>
<orgGILvl>KJ14</orgGILvl>
<vis>表示</vis>
<pos>
<gml:Point gml:id="K1_503034_20-g" srsName="fguuid:jgd2011.bl">
<gml:pos>33.585601444 130.550970944</gml:pos>
</gml:Point>
</pos>
<orgName>国土地理院</orgName>
<type>三角点</type>
<gcpClass>四等三角点</gcpClass>
<gcpCode>TR45030340401</gcpCode>
<name>中将谷</name>
<B>120908.1652</B>
<L>469983.4954</L>
<alti>357.87</alti>
<altiAcc>2</altiAcc>
</GCP>
<GCP gml:id="K1_503034_21">
<fid>10-00100-0-2106-200793</fid>
<lfSpanFr gml:id="K1_503034_21-1">
<gml:timePosition>2021-06-08</gml:timePosition>
</lfSpanFr>
<devDate gml:id="K1_503034_21-2">
<gml:timePosition>2021-07-01</gml:timePosition>
</devDate>
<orgGILvl>KJ14</orgGILvl>
<vis>表示</vis>
<pos>
<gml:Point gml:id="K1_503034_21-g" srsName="fguuid:jgd2011.bl">
<gml:pos>33.596064944 130.541246861</gml:pos>
</gml:Point>
</pos>
<orgName>国土地理院</orgName>
<type>三角点</type>
<gcpClass>四等三角点</gcpClass>
<gcpCode>TR45030341301</gcpCode>
<name>新狩倉</name>
<B>120945.8338</B>
<L>469948.4887</L>
<alti>655.61</alti>
<altiAcc>2</altiAcc>
</GCP>
<GCP gml:id="K1_503034_22">
<fid>10-00100-0-2106-200794</fid>
<lfSpanFr gml:id="K1_503034_22-1">
<gml:timePosition>2021-06-08</gml:timePosition>
</lfSpanFr>
<devDate gml:id="K1_503034_22-2">
<gml:timePosition>2021-07-01</gml:timePosition>
</devDate>
<orgGILvl>KJ14</orgGILvl>
<vis>表示</vis>
<pos>
<gml:Point gml:id="K1_503034_22-g" srsName="fguuid:jgd2011.bl">
<gml:pos>33.598703000 130.554873167</gml:pos>
</gml:Point>
</pos>
<orgName>国土地理院</orgName>
<type>三角点</type>
<gcpClass>四等三角点</gcpClass>
<gcpCode>TR45030341401</gcpCode>
<name>鮎帰</name>
<B>120955.3308</B>
<L>469997.5434</L>
<alti>621.2</alti>
<altiAcc>2</altiAcc>
</GCP>
<GCP gml:id="K1_503034_23">
<fid>10-00100-0-2106-200795</fid>
<lfSpanFr gml:id="K1_503034_23-1">
<gml:timePosition>2021-06-08</gml:timePosition>
</lfSpanFr>
<devDate gml:id="K1_503034_23-2">
<gml:timePosition>2021-07-01</gml:timePosition>
</devDate>
<orgGILvl>KJ14</orgGILvl>
<vis>表示</vis>
<pos>
<gml:Point gml:id="K1_503034_23-g" srsName="fguuid:jgd2011.bl">
<gml:pos>33.605235944 130.542238444</gml:pos>
</gml:Point>
</pos>
<orgName>国土地理院</orgName>
<type>三角点</type>
<gcpClass>四等三角点</gcpClass>
<gcpCode>TR45030342301</gcpCode>
<name>米ノ山</name>
<B>120978.8494</B>
<L>469952.0584</L>
<alti>593.6</alti>
<altiAcc>2</altiAcc>
</GCP>
<GCP gml:id="K1_503034_24">
<fid>10-00100-0-2106-200796</fid>
<lfSpanFr gml:id="K1_503034_24-1">
<gml:timePosition>2021-06-08</gml:timePosition>
</lfSpanFr>
<devDate gml:id="K1_503034_24-2">
<gml:timePosition>2021-07-01</gml:timePosition>
</devDate>
<orgGILvl>KJ14</orgGILvl>
<vis>表示</vis>
<pos>
<gml:Point gml:id="K1_503034_24-g" srsName="fguuid:jgd2011.bl">
<gml:pos>33.607867306 130.568001000</gml:pos>
</gml:Point>
</pos>
<orgName>国土地理院</orgName>
<type>三角点</type>
<gcpClass>四等三角点</gcpClass>
<gcpCode>TR45030342501</gcpCode>
<name>猪毛谷</name>
<B>120988.3223</B>
<L>470044.8036</L>
<alti>461.16</alti>
<altiAcc>2</altiAcc>
</GCP>
<GCP gml:id="K1_503034_25">
<fid>10-00100-0-2106-200797</fid>
<lfSpanFr gml:id="K1_503034_25-1">
<gml:timePosition>2021-06-08</gml:timePosition>
</lfSpanFr>
<devDate gml:id="K1_503034_25-2">
<gml:timePosition>2021-07-01</gml:timePosition>
</devDate>
<orgGILvl>KJ14</orgGILvl>
<vis>表示</vis>
<pos>
<gml:Point gml:id="K1_503034_25-g" srsName="fguuid:jgd2011.bl">
<gml:pos>33.606489028 130.619382667</gml:pos>
</gml:Point>
</pos>
<orgName>国土地理院</orgName>
<type>三角点</type>
<gcpClass>四等三角点</gcpClass>
<gcpCode>TR45030342901</gcpCode>
<name>唐子山</name>
<B>120983.3605</B>
<L>470229.7776</L>
<alti>345.47</alti>
<altiAcc>2</altiAcc>
</GCP>
<GCP gml:id="K1_503034_26">
<fid>10-00100-0-2106-200798</fid>
<lfSpanFr gml:id="K1_503034_26-1">
<gml:timePosition>2021-06-08</gml:timePosition>
</lfSpanFr>
<devDate gml:id="K1_503034_26-2">
<gml:timePosition>2021-07-01</gml:timePosition>
</devDate>
<orgGILvl>KJ14</orgGILvl>
<vis>表示</vis>
<pos>
<gml:Point gml:id="K1_503034_26-g" srsName="fguuid:jgd2011.bl">
<gml:pos>33.610196306 130.507351750</gml:pos>
</gml:Point>
</pos>
<orgName>国土地理院</orgName>
<type>三角点</type>
<gcpClass>四等三角点</gcpClass>
<gcpCode>TR45030343001</gcpCode>
<name>乙犬山</name>
<B>120996.7067</B>
<L>469826.4663</L>
<alti>185.75</alti>
<altiAcc>2</altiAcc>
</GCP>
<GCP gml:id="K1_503034_27">
<fid>10-00100-0-2106-200799</fid>
<lfSpanFr gml:id="K1_503034_27-1">
<gml:timePosition>2021-06-08</gml:timePosition>
</lfSpanFr>
<devDate gml:id="K1_503034_27-2">
<gml:timePosition>2021-07-01</gml:timePosition>
</devDate>
<orgGILvl>KJ14</orgGILvl>
<vis>表示</vis>
<pos>
<gml:Point gml:id="K1_503034_27-g" srsName="fguuid:jgd2011.bl">
<gml:pos>33.613346472 130.530294694</gml:pos>
</gml:Point>
</pos>
<orgName>国土地理院</orgName>
<type>三角点</type>
<gcpClass>四等三角点</gcpClass>
<gcpCode>TR45030343201</gcpCode>
<name>浦山</name>
<B>121008.0473</B>
<L>469909.0609</L>
<alti>199.72</alti>
<altiAcc>2</altiAcc>
</GCP>
<GCP gml:id="K1_503034_28">
<fid>10-00100-0-2106-200800</fid>
<lfSpanFr gml:id="K1_503034_28-1">
<gml:timePosition>2021-06-08</gml:timePosition>
</lfSpanFr>
<devDate gml:id="K1_503034_28-2">
<gml:timePosition>2021-07-01</gml:timePosition>
</devDate>
<orgGILvl>KJ14</orgGILvl>
<vis>表示</vis>
<pos>
<gml:Point gml:id="K1_503034_28-g" srsName="fguuid:jgd2011.bl">
<gml:pos>33.624493111 130.520582417</gml:pos>
</gml:Point>
</pos>
<orgName>国土地理院</orgName>
<type>三角点</type>
<gcpClass>四等三角点</gcpClass>
<gcpCode>TR45030344101</gcpCode>
<name>篠栗病院</name>
<B>121048.1752</B>
<L>469874.0967</L>
<alti>50.74</alti>
<altiAcc>2</altiAcc>
</GCP>
<GCP gml:id="K1_503034_29">
<fid>10-00100-0-2106-200801</fid>
<lfSpanFr gml:id="K1_503034_29-1">
<gml:timePosition>2021-06-08</gml:timePosition>
</lfSpanFr>
<devDate gml:id="K1_503034_29-2">
<gml:timePosition>2021-07-01</gml:timePosition>
</devDate>
<orgGILvl>KJ14</orgGILvl>
<vis>表示</vis>
<pos>
<gml:Point gml:id="K1_503034_29-g" srsName="fguuid:jgd2011.bl">
<gml:pos>33.617452889 130.553643417</gml:pos>
</gml:Point>
</pos>
<orgName>国土地理院</orgName>
<type>三角点</type>
<gcpClass>四等三角点</gcpClass>
<gcpCode>TR45030344401</gcpCode>
<name>二股松</name>
<B>121022.8304</B>
<L>469993.1163</L>
<alti>173.9</alti>
<altiAcc>2</altiAcc>
</GCP>
<GCP gml:id="K1_503034_30">
<fid>10-00100-0-2106-200802</fid>
<lfSpanFr gml:id="K1_503034_30-1">
<gml:timePosition>2021-06-08</gml:timePosition>
</lfSpanFr>
<devDate gml:id="K1_503034_30-2">
<gml:timePosition>2021-07-01</gml:timePosition>
</devDate>
<orgGILvl>KJ14</orgGILvl>
<vis>表示</vis>
<pos>
<gml:Point gml:id="K1_503034_30-g" srsName="fguuid:jgd2011.bl">
<gml:pos>33.619984417 130.592197250</gml:pos>
</gml:Point>
</pos>
<orgName>国土地理院</orgName>
<type>三角点</type>
<gcpClass>四等三角点</gcpClass>
<gcpCode>TR45030344701</gcpCode>
<name>日物田</name>
<B>121031.9439</B>
<L>470131.9101</L>
<alti>410.58</alti>
<altiAcc>2</altiAcc>
</GCP>
<GCP gml:id="K1_503034_31">
<fid>10-00100-0-2106-200803</fid>
<lfSpanFr gml:id="K1_503034_31-1">
<gml:timePosition>2021-06-08</gml:timePosition>
</lfSpanFr>
<devDate gml:id="K1_503034_31-2">
<gml:timePosition>2021-07-01</gml:timePosition>
</devDate>
<orgGILvl>KJ14</orgGILvl>
<vis>表示</vis>
<pos>
<gml:Point gml:id="K1_503034_31-g" srsName="fguuid:jgd2011.bl">
<gml:pos>33.624761944 130.620925472</gml:pos>
</gml:Point>
</pos>
<orgName>国土地理院</orgName>
<type>三角点</type>
<gcpClass>四等三角点</gcpClass>
<gcpCode>TR45030344901</gcpCode>
<name>竜王</name>
<B>121049.143</B>
<L>470235.3317</L>
<alti>514.43</alti>
<altiAcc>2</altiAcc>
</GCP>
<GCP gml:id="K1_503034_32">
<fid>10-00100-0-2106-200804</fid>
<lfSpanFr gml:id="K1_503034_32-1">
<gml:timePosition>2021-06-08</gml:timePosition>
</lfSpanFr>
<devDate gml:id="K1_503034_32-2">
<gml:timePosition>2021-07-01</gml:timePosition>
</devDate>
<orgGILvl>KJ14</orgGILvl>
<vis>表示</vis>
<pos>
<gml:Point gml:id="K1_503034_32-g" srsName="fguuid:jgd2011.bl">
<gml:pos>33.626181833 130.504660361</gml:pos>
</gml:Point>
</pos>
<orgName>国土地理院</orgName>
<type>三角点</type>
<gcpClass>四等三角点</gcpClass>
<gcpCode>TR45030345001</gcpCode>
<name>作出</name>
<B>121054.2546</B>
<L>469816.7773</L>
<alti>30.49</alti>
<altiAcc>2</altiAcc>
</GCP>
<GCP gml:id="K1_503034_33">
<fid>10-00100-0-2106-200805</fid>
<lfSpanFr gml:id="K1_503034_33-1">
<gml:timePosition>2021-06-08</gml:timePosition>
</lfSpanFr>
<devDate gml:id="K1_503034_33-2">
<gml:timePosition>2021-07-01</gml:timePosition>
</devDate>
<orgGILvl>KJ14</orgGILvl>
<vis>表示</vis>
<pos>
<gml:Point gml:id="K1_503034_33-g" srsName="fguuid:jgd2011.bl">
<gml:pos>33.632673722 130.528095361</gml:pos>
</gml:Point>
</pos>
<orgName>国土地理院</orgName>
<type>三角点</type>
<gcpClass>四等三角点</gcpClass>
<gcpCode>TR45030345201</gcpCode>
<name>生ケ谷</name>
<B>121077.6254</B>
<L>469901.1433</L>
<alti>112.99</alti>
<altiAcc>2</altiAcc>
</GCP>
<GCP gml:id="K1_503034_34">
<fid>10-00100-0-2106-200806</fid>
<lfSpanFr gml:id="K1_503034_34-1">
<gml:timePosition>2021-06-08</gml:timePosition>
</lfSpanFr>
<devDate gml:id="K1_503034_34-2">
<gml:timePosition>2021-07-01</gml:timePosition>
</devDate>
<orgGILvl>KJ14</orgGILvl>
<vis>表示</vis>
<pos>
<gml:Point gml:id="K1_503034_34-g" srsName="fguuid:jgd2011.bl">
<gml:pos>33.637819556 130.500721417</gml:pos>
</gml:Point>
</pos>
<orgName>国土地理院</orgName>
<type>三角点</type>
<gcpClass>四等三角点</gcpClass>
<gcpCode>TR45030346001</gcpCode>
<name>木寄</name>
<B>121096.1504</B>
<L>469802.5971</L>
<alti>26.45</alti>
<altiAcc>2</altiAcc>
</GCP>
<GCP gml:id="K1_503034_35">
<fid>10-00100-0-2106-200807</fid>
<lfSpanFr gml:id="K1_503034_35-1">
<gml:timePosition>2021-06-08</gml:timePosition>
</lfSpanFr>
<devDate gml:id="K1_503034_35-2">
<gml:timePosition>2021-07-01</gml:timePosition>
</devDate>
<orgGILvl>KJ14</orgGILvl>
<vis>表示</vis>
<pos>
<gml:Point gml:id="K1_503034_35-g" srsName="fguuid:jgd2011.bl">
<gml:pos>33.638753361 130.545816750</gml:pos>
</gml:Point>
</pos>
<orgName>国土地理院</orgName>
<type>三角点</type>
<gcpClass>四等三角点</gcpClass>
<gcpCode>TR45030346301</gcpCode>
<name>陣ヶ田尾</name>
<B>121099.5121</B>
<L>469964.9403</L>
<alti>376.02</alti>
<altiAcc>2</altiAcc>
</GCP>
<GCP gml:id="K1_503034_36">
<fid>10-00100-0-2106-200809</fid>
<lfSpanFr gml:id="K1_503034_36-1">
<gml:timePosition>2021-06-08</gml:timePosition>
</lfSpanFr>
<devDate gml:id="K1_503034_36-2">
<gml:timePosition>2021-07-01</gml:timePosition>
</devDate>
<orgGILvl>KJ14</orgGILvl>
<vis>表示</vis>
<pos>
<gml:Point gml:id="K1_503034_36-g" srsName="fguuid:jgd2011.bl">
<gml:pos>33.647618139 130.507972639</gml:pos>
</gml:Point>
</pos>
<orgName>国土地理院</orgName>
<type>三角点</type>
<gcpClass>四等三角点</gcpClass>
<gcpCode>TR45030347001</gcpCode>
<name>久原</name>
<B>121131.4253</B>
<L>469828.7015</L>
<alti>41.7</alti>
<altiAcc>2</altiAcc>
</GCP>
<GCP gml:id="K1_503034_37">
<fid>10-00100-0-2106-200810</fid>
<lfSpanFr gml:id="K1_503034_37-1">
<gml:timePosition>2021-06-08</gml:timePosition>
</lfSpanFr>
<devDate gml:id="K1_503034_37-2">
<gml:timePosition>2021-07-01</gml:timePosition>
</devDate>
<orgGILvl>KJ14</orgGILvl>
<vis>表示</vis>
<pos>
<gml:Point gml:id="K1_503034_37-g" srsName="fguuid:jgd2011.bl">
<gml:pos>33.649554389 130.516332361</gml:pos>
</gml:Point>
</pos>
<orgName>国土地理院</orgName>
<type>三角点</type>
<gcpClass>四等三角点</gcpClass>
<gcpCode>TR45030347101</gcpCode>
<name>池上</name>
<B>121138.3958</B>
<L>469858.7965</L>
<alti>60.65</alti>
<altiAcc>2</altiAcc>
</GCP>
<GCP gml:id="K1_503034_38">
<fid>10-00100-0-2106-200811</fid>
<lfSpanFr gml:id="K1_503034_38-1">
<gml:timePosition>2021-06-08</gml:timePosition>
</lfSpanFr>
<devDate gml:id="K1_503034_38-2">
<gml:timePosition>2021-07-01</gml:timePosition>
</devDate>
<orgGILvl>KJ14</orgGILvl>
<vis>表示</vis>
<pos>
<gml:Point gml:id="K1_503034_38-g" srsName="fguuid:jgd2011.bl">
<gml:pos>33.644256667 130.524932667</gml:pos>
</gml:Point>
</pos>
<orgName>国土地理院</orgName>
<type>三角点</type>
<gcpClass>四等三角点</gcpClass>
<gcpCode>TR45030347102</gcpCode>
<name>穴口</name>
<B>121119.324</B>
<L>469889.7576</L>
<alti>103.88</alti>
<altiAcc>2</altiAcc>
</GCP>
<GCP gml:id="K1_503034_39">
<fid>10-00100-0-2106-200812</fid>
<lfSpanFr gml:id="K1_503034_39-1">
<gml:timePosition>2021-06-08</gml:timePosition>
</lfSpanFr>
<devDate gml:id="K1_503034_39-2">
<gml:timePosition>2021-07-01</gml:timePosition>
</devDate>
<orgGILvl>KJ14</orgGILvl>
<vis>表示</vis>
<pos>
<gml:Point gml:id="K1_503034_39-g" srsName="fguuid:jgd2011.bl">
<gml:pos>33.647994028 130.547940889</gml:pos>
</gml:Point>
</pos>
<orgName>国土地理院</orgName>
<type>三角点</type>
<gcpClass>四等三角点</gcpClass>
<gcpCode>TR45030347301</gcpCode>
<name>中ノ浦</name>
<B>121132.7785</B>
<L>469972.5872</L>
<alti>408.66</alti>
<altiAcc>2</altiAcc>
</GCP>
<GCP gml:id="K1_503034_40">
<fid>10-00100-0-2106-200813</fid>
<lfSpanFr gml:id="K1_503034_40-1">
<gml:timePosition>2021-06-08</gml:timePosition>
</lfSpanFr>
<devDate gml:id="K1_503034_40-2">
<gml:timePosition>2021-07-01</gml:timePosition>
</devDate>
<orgGILvl>KJ14</orgGILvl>
<vis>表示</vis>
<pos>
<gml:Point gml:id="K1_503034_40-g" srsName="fguuid:jgd2011.bl">
<gml:pos>33.642562444 130.584414722</gml:pos>
</gml:Point>
</pos>
<orgName>国土地理院</orgName>
<type>三角点</type>
<gcpClass>四等三角点</gcpClass>
<gcpCode>TR45030347601</gcpCode>
<name>小谷</name>
<B>121113.2248</B>
<L>470103.893</L>
<alti>531.2</alti>
<altiAcc>2</altiAcc>
</GCP>
<GCP gml:id="K1_503034_41">
<fid>10-00100-0-2106-200814</fid>
<lfSpanFr gml:id="K1_503034_41-1">
<gml:timePosition>2021-06-08</gml:timePosition>
</lfSpanFr>
<devDate gml:id="K1_503034_41-2">
<gml:timePosition>2021-07-01</gml:timePosition>
</devDate>
<orgGILvl>KJ14</orgGILvl>
<vis>表示</vis>
<pos>
<gml:Point gml:id="K1_503034_41-g" srsName="fguuid:jgd2011.bl">
<gml:pos>33.645448500 130.602061222</gml:pos>
</gml:Point>
</pos>
<orgName>国土地理院</orgName>
<type>三角点</type>
<gcpClass>四等三角点</gcpClass>
<gcpCode>TR45030347801</gcpCode>
<name>長谷</name>
<B>121123.6146</B>
<L>470167.4204</L>
<alti>394.53</alti>
<altiAcc>2</altiAcc>
</GCP>
<GCP gml:id="K1_503034_42">
<fid>10-00100-0-2106-200815</fid>
<lfSpanFr gml:id="K1_503034_42-1">
<gml:timePosition>2021-06-08</gml:timePosition>
</lfSpanFr>
<devDate gml:id="K1_503034_42-2">
<gml:timePosition>2021-07-01</gml:timePosition>
</devDate>
<orgGILvl>KJ14</orgGILvl>
<vis>表示</vis>
<pos>
<gml:Point gml:id="K1_503034_42-g" srsName="fguuid:jgd2011.bl">
<gml:pos>33.656532083 130.526958667</gml:pos>
</gml:Point>
</pos>
<orgName>国土地理院</orgName>
<type>三角点</type>
<gcpClass>四等三角点</gcpClass>
<gcpCode>TR45030348201</gcpCode>
<name>山ノ神</name>
<B>121163.5155</B>
<L>469897.0512</L>
<alti>312.48</alti>
<altiAcc>2</altiAcc>
</GCP>
<GCP gml:id="K1_503034_43">
<fid>10-00100-0-2106-200816</fid>
<lfSpanFr gml:id="K1_503034_43-1">
<gml:timePosition>2021-06-08</gml:timePosition>
</lfSpanFr>
<devDate gml:id="K1_503034_43-2">
<gml:timePosition>2021-07-01</gml:timePosition>
</devDate>
<orgGILvl>KJ14</orgGILvl>
<vis>表示</vis>
<pos>
<gml:Point gml:id="K1_503034_43-g" srsName="fguuid:jgd2011.bl">
<gml:pos>33.663255861 130.536562750</gml:pos>
</gml:Point>
</pos>
<orgName>国土地理院</orgName>
<type>三角点</type>
<gcpClass>四等三角点</gcpClass>
<gcpCode>TR45030349201</gcpCode>
<name>扇谷</name>
<B>121187.7211</B>
<L>469931.6259</L>
<alti>459.02</alti>
<altiAcc>2</altiAcc>
</GCP>
<GCP gml:id="K1_503034_44">
<fid>10-00100-0-2106-200817</fid>
<lfSpanFr gml:id="K1_503034_44-1">
<gml:timePosition>2021-06-08</gml:timePosition>
</lfSpanFr>
<devDate gml:id="K1_503034_44-2">
<gml:timePosition>2021-07-01</gml:timePosition>
</devDate>
<orgGILvl>KJ14</orgGILvl>
<vis>表示</vis>
<pos>
<gml:Point gml:id="K1_503034_44-g" srsName="fguuid:jgd2011.bl">
<gml:pos>33.658707250 130.554161694</gml:pos>
</gml:Point>
</pos>
<orgName>国土地理院</orgName>
<type>三角点</type>
<gcpClass>四等三角点</gcpClass>
<gcpCode>TR45030349401</gcpCode>
<name>三ツ頭山</name>
<B>121171.3461</B>
<L>469994.9821</L>
<alti>553.12</alti>
<altiAcc>2</altiAcc>
</GCP>
<GCP gml:id="K1_503034_45">
<fid>10-00100-0-2106-200818</fid>
<lfSpanFr gml:id="K1_503034_45-1">
<gml:timePosition>2021-06-08</gml:timePosition>
</lfSpanFr>
<devDate gml:id="K1_503034_45-2">
<gml:timePosition>2021-07-01</gml:timePosition>
</devDate>
<orgGILvl>KJ14</orgGILvl>
<vis>表示</vis>
<pos>
<gml:Point gml:id="K1_503034_45-g" srsName="fguuid:jgd2011.bl">
<gml:pos>33.664628694 130.567324056</gml:pos>
</gml:Point>
</pos>
<orgName>国土地理院</orgName>
<type>三角点</type>
<gcpClass>四等三角点</gcpClass>
<gcpCode>TR45030349501</gcpCode>
<name>猫峠</name>
<B>121192.6633</B>
<L>470042.3666</L>
<alti>522.35</alti>
<altiAcc>2</altiAcc>
</GCP>
</Dataset>
