latitude,longitude,elevation,time
33.59180100222866,130.3558093231794,5.265224456787109,2026-02-28T13:54:36+00:00
33.59180431291419,130.3557339416516,5.318264007568359,2026-02-28T13:54:42+00:00
33.5917677260414,130.3556685338994,4.590053711086512,2026-02-28T13:54:48+00:00
33.59163350751551,130.3555932118024,4.661830995231867,2026-02-28T13:55:03+00:00
33.591546419443,130.3555303080078,6.951775841968967,2026-02-28T13:55:08+00:00
33.59154216344625,130.3555210257429,7.238362697108321,2026-02-28T13:55:14+00:00
33.59153782877008,130.3554903190424,7.412651582621038,2026-02-28T13:55:30+00:00
33.59154141360742,130.355460702005,7.288851084320503,2026-02-28T13:55:35+00:00
33.59149645371965,130.3554123132872,7.028024905154942,2026-02-28T13:55:40+00:00
33.59149265636953,130.3554093028941,7.057143127019863,2026-02-28T13:55:40+00:00
33.59145124945689,130.3553495194177,6.891316464350909,2026-02-28T13:55:46+00:00
33.59144382910562,130.3552762999821,6.833492460872987,2026-02-28T13:55:52+00:00
33.59144256293919,130.3552159374662,7.158556250888717,2026-02-28T13:55:57+00:00
33.59141735934291,130.3550914620848,7.583969957813776,2026-02-28T13:56:03+00:00
33.59144821120729,130.3549548848922,7.678130859277965,2026-02-28T13:56:08+00:00
33.59140551015448,130.3548278183522,7.673468598124174,2026-02-28T13:56:15+00:00
33.59123956900567,130.3547541205721,7.564793527126312,2026-02-28T13:56:28+00:00
33.59126994502978,130.3548911251802,7.499619525418174,2026-02-28T13:56:33+00:00
33.59127199277853,130.3549458694447,7.13240717845499,2026-02-28T13:56:38+00:00
33.59122691491039,130.354968722533,7.09861801882823,2026-02-28T13:56:44+00:00
33.59117395658393,130.3549128886206,6.975382092408836,2026-02-28T13:56:59.995000+00:00
33.59116972009744,130.3548558869157,7.053054604274594,2026-02-28T13:57:05.500000+00:00
33.59115745760829,130.3548003546964,7.067177752159568,2026-02-28T13:57:10.500000+00:00
33.5911417884444,130.3547404199261,6.787239962910057,2026-02-28T13:57:15.500000+00:00
33.59113050913865,130.3546816548124,6.669805801945467,2026-02-28T13:57:20.500000+00:00
33.59111169431952,130.3546326169788,6.99390923208419,2026-02-28T13:57:25.500000+00:00
33.59108608549901,130.3545742927982,7.074031126735506,2026-02-28T13:57:30.500000+00:00
33.59106546575669,130.3545146994682,7.068788508383182,2026-02-28T13:57:35.500000+00:00
33.59104901882675,130.3544518511834,7.217888005154661,2026-02-28T13:57:40.500000+00:00
33.59104462932076,130.3543860496668,6.926665966992402,2026-02-28T13:57:45.500000+00:00
33.59104983980993,130.3543252345213,6.52956300000187,2026-02-28T13:57:50.500000+00:00
33.5910408512951,130.3542619797625,6.835274784548718,2026-02-28T13:57:55.500000+00:00
33.5910293584531,130.3541930928814,7.182628277029584,2026-02-28T13:58:01+00:00
33.59100331852881,130.3541304272171,7.117616175127019,2026-02-28T13:58:06+00:00
33.59098363224256,130.3540694684305,7.221655791263781,2026-02-28T13:58:11+00:00
33.59096968379735,130.3540078229568,7.143705712709796,2026-02-28T13:58:16+00:00
33.59095048399568,130.3539479394094,7.079184562542741,2026-02-28T13:58:21+00:00
33.59093517044532,130.353882469081,7.108450645021574,2026-02-28T13:58:26+00:00
33.59095681173576,130.3538201879584,6.720628524829284,2026-02-28T13:58:31+00:00
33.5909779037215,130.3537530328472,6.673250739279134,2026-02-28T13:58:36+00:00
33.59099848185519,130.35369146489,6.754544389672329,2026-02-28T13:58:41+00:00
33.59103016800209,130.3536353498753,6.359072076963662,2026-02-28T13:58:46+00:00
33.59108284814116,130.353608911878,6.149779990076822,2026-02-28T13:58:51.500000+00:00
33.59113697954586,130.3535978724457,6.123788299031854,2026-02-28T13:58:57+00:00
33.59118740103714,130.353589262897,6.42115806002144,2026-02-28T13:59:02+00:00
33.5912357400407,130.3535862967886,6.848120013867073,2026-02-28T13:59:07+00:00
33.59127940664355,130.353586307191,7.371604640738655,2026-02-28T13:59:12+00:00
33.59132364609773,130.3535840123794,7.631834357732355,2026-02-28T13:59:17+00:00
33.59136868645329,130.353581683368,7.290144097841193,2026-02-28T13:59:22+00:00
33.59141717253542,130.3535760822393,7.220839432972712,2026-02-28T13:59:27+00:00
33.59146105685707,130.3535714085733,7.173903783680826,2026-02-28T13:59:32+00:00
33.59150307940357,130.3535749359251,7.11752975012981,2026-02-28T13:59:37+00:00
33.59154543215415,130.3535775855759,7.000555988680535,2026-02-28T13:59:42+00:00
33.59159771579351,130.3535695388506,7.176463816477451,2026-02-28T13:59:47+00:00
33.59164778397054,130.3535563342716,7.002778991583692,2026-02-28T13:59:52+00:00
33.59170406241982,130.3535464915425,6.601526363563883,2026-02-28T13:59:57+00:00
33.5917567154167,130.3535158991678,6.99577989986389,2026-02-28T14:00:01.999000+00:00
33.59180276380455,130.3534820285351,7.453899560695112,2026-02-28T14:00:06.999000+00:00
33.59183501375507,130.3534395326357,7.267331636226251,2026-02-28T14:00:11.999000+00:00
33.59185261255576,130.3533944631336,7.195218118356313,2026-02-28T14:00:16.999000+00:00
33.59186508095337,130.3533465303536,7.453938295775729,2026-02-28T14:00:21.999000+00:00
33.59187836496812,130.3533009899429,7.504238243861693,2026-02-28T14:00:26.999000+00:00
33.59186780448712,130.353257684378,7.334932749917529,2026-02-28T14:00:31.999000+00:00
33.59186638790779,130.3532018952357,7.052380557237864,2026-02-28T14:00:36.999000+00:00
33.59185608301838,130.3531486453334,6.928484301161778,2026-02-28T14:00:41.999000+00:00
33.5918413983199,130.3530982350661,7.303211547686038,2026-02-28T14:00:46.999000+00:00
33.59182841235641,130.3530384036013,7.338771155619109,2026-02-28T14:00:51.999000+00:00
33.59181868464118,130.3529776391937,6.360712239291694,2026-02-28T14:00:57.500000+00:00
33.59181679302731,130.3529071754879,6.342786927620162,2026-02-28T14:01:03.500000+00:00
33.59180744797919,130.3528521829967,5.841346366890967,2026-02-28T14:01:08.500000+00:00
33.59180093200204,130.352784924152,5.895656212977326,2026-02-28T14:01:14+00:00
33.59179648093214,130.352723482481,5.500767617477961,2026-02-28T14:01:19+00:00
33.59180229082572,130.3526561302583,5.209000303382073,2026-02-28T14:01:24+00:00
33.59180466580138,130.3525945619842,5.863062358886169,2026-02-28T14:01:29+00:00
33.59180003316969,130.352540957903,6.028409955895912,2026-02-28T14:01:34+00:00
33.59179560081417,130.3524835729922,6.054526416184909,2026-02-28T14:01:39+00:00
33.59178676395742,130.3524289808509,5.641265183848311,2026-02-28T14:01:44+00:00
33.59178000160522,130.3523766942047,5.613730129985683,2026-02-28T14:01:49+00:00
33.59176888410581,130.3523208246338,5.153214240184269,2026-02-28T14:01:54+00:00
33.59175134672938,130.3522575453529,5.051495658127104,2026-02-28T14:01:59+00:00
33.5917284542983,130.352201793488,4.581672968410333,2026-02-28T14:02:04+00:00
33.59171557338738,130.3521512489625,3.663645815439881,2026-02-28T14:02:09+00:00
33.59171405631318,130.3520922906445,3.922506481333846,2026-02-28T14:02:13.999000+00:00
33.59170206608344,130.3520397290214,3.810433738598824,2026-02-28T14:02:18.999000+00:00
33.59168543221273,130.351986077176,3.890864608634616,2026-02-28T14:02:23.999000+00:00
33.59168237730253,130.3519306468554,3.791145516372786,2026-02-28T14:02:28.999000+00:00
33.59167861856105,130.3518801059125,4.006846766049136,2026-02-28T14:02:33.999000+00:00
33.59168119544666,130.3518271665571,4.101032619924133,2026-02-28T14:02:38.999000+00:00
33.59167571668022,130.3517766283117,4.109306624714403,2026-02-28T14:02:43.999000+00:00
33.59166714816992,130.3517247540159,4.191736843046026,2026-02-28T14:02:48.999000+00:00
33.59166300082182,130.3516725399474,4.345190050267309,2026-02-28T14:02:53.999000+00:00
33.59165511607578,130.3516244437658,4.308032927616767,2026-02-28T14:02:58.999000+00:00
33.5916473853928,130.3515714945123,4.330517953263385,2026-02-28T14:03:04+00:00
33.59165068473349,130.3515181958982,4.366133740911496,2026-02-28T14:03:09+00:00
33.59164408257037,130.3514741353165,4.352025672070416,2026-02-28T14:03:14+00:00
33.59163333112085,130.3514217406334,4.617853938510982,2026-02-28T14:03:19+00:00
33.59162689989858,130.3513771944574,4.791531574724142,2026-02-28T14:03:24+00:00
33.59162032565226,130.3513330200064,4.844373384468343,2026-02-28T14:03:29+00:00
33.59161403128211,130.3512868432612,5.200341268907452,2026-02-28T14:03:34+00:00
33.59160328694404,130.3512322626204,4.881348747552847,2026-02-28T14:03:39+00:00
33.59159415803,130.3511684706917,4.782906358085116,2026-02-28T14:03:44+00:00
33.59158918645129,130.3511030570739,4.783096706879294,2026-02-28T14:03:49+00:00
33.59158493028765,130.3510404755933,4.695597801467979,2026-02-28T14:03:54.166000+00:00
33.59156845956435,130.3509018126623,4.632975256070495,2026-02-28T14:04:06+00:00
33.59155786697554,130.3508471248745,4.461468230973454,2026-02-28T14:04:11+00:00
33.59154600327241,130.3507886033196,4.280252018835473,2026-02-28T14:04:15.999000+00:00
33.59153950816994,130.3507332187898,4.396545063088571,2026-02-28T14:04:20.999000+00:00
33.59152807182892,130.3506784082465,4.484738657261119,2026-02-28T14:04:25.999000+00:00
33.59152280429377,130.3506221285489,4.392869025337661,2026-02-28T14:04:30.999000+00:00
33.59152280415503,130.3505693639089,4.375524406698648,2026-02-28T14:04:35.999000+00:00
33.59151676702464,130.3505153855372,4.495981512569277,2026-02-28T14:04:40.999000+00:00
33.59150879325419,130.3504612836164,4.375574315323334,2026-02-28T14:04:45.999000+00:00
33.59150478819333,130.3504076214292,4.137175187171263,2026-02-28T14:04:50.999000+00:00
33.59149260335587,130.3503467877578,3.732218716646925,2026-02-28T14:04:55.999000+00:00
33.59148462634504,130.3502812051368,3.744433829352657,2026-02-28T14:05:00.999000+00:00
33.59147368249489,130.3502149505213,3.963946510056088,2026-02-28T14:05:06.499000+00:00
33.59146658202513,130.3501495290072,4.299125755430457,2026-02-28T14:05:11.500000+00:00
33.5914568402338,130.3500950165027,3.81571653232645,2026-02-28T14:05:16.500000+00:00
33.59145241275788,130.3500368031128,3.550400608232473,2026-02-28T14:05:21.500000+00:00
33.59144255753635,130.3499771123134,3.811828222072086,2026-02-28T14:05:27+00:00
33.59143412828656,130.349920673129,3.604573104374393,2026-02-28T14:05:32+00:00
33.59142392257073,130.3498601174708,3.769665593077843,2026-02-28T14:05:37+00:00
33.59141817394961,130.3497962597183,4.140546540157096,2026-02-28T14:05:42+00:00
33.59142006869018,130.3497352777109,4.106162883113806,2026-02-28T14:05:47+00:00
33.59141526949537,130.3496768977896,4.367747949643715,2026-02-28T14:05:52+00:00
33.59140280614905,130.349618762054,4.566547795785497,2026-02-28T14:05:57+00:00
33.59139518410731,130.3495619874953,4.31592948766997,2026-02-28T14:06:02+00:00
33.59139783896301,130.3495082158796,3.932846309344626,2026-02-28T14:06:07+00:00
33.59139171467201,130.3494540881778,4.123077929318368,2026-02-28T14:06:12+00:00
33.5913861275215,130.3494034654148,4.607688148714065,2026-02-28T14:06:16.999000+00:00
33.59137696932696,130.3493564254982,4.834454733057136,2026-02-28T14:06:21.999000+00:00
33.59137086132049,130.3493087306446,5.145870364991906,2026-02-28T14:06:26.999000+00:00
33.59136628024168,130.349258747978,5.290667613870684,2026-02-28T14:06:31.999000+00:00
33.59135576229342,130.3492052633616,5.069928313801921,2026-02-28T14:06:36.999000+00:00
33.59134906204073,130.349151404102,5.278801677944187,2026-02-28T14:06:41.999000+00:00
33.59134061502791,130.349080466652,5.135294743587769,2026-02-28T14:06:46.999000+00:00
33.59132514157439,130.3490212043497,4.885550328356987,2026-02-28T14:06:51.999000+00:00
33.59131679825059,130.3489547702345,4.606964470067384,2026-02-28T14:06:56.999000+00:00
33.59130730680516,130.3488966632828,4.538424774095139,2026-02-28T14:07:01.999000+00:00
33.59129156344157,130.3488325910743,4.851711265292531,2026-02-28T14:07:06.999000+00:00
33.59127109269447,130.3487758797166,4.09171866258298,2026-02-28T14:07:12.499000+00:00
33.59124943604069,130.3487273137865,4.111027183244791,2026-02-28T14:07:17.499000+00:00
33.59122701048208,130.3486813569644,3.919895220081477,2026-02-28T14:07:22.499000+00:00
33.59120292323865,130.3486383791908,3.89067698463051,2026-02-28T14:07:27.499000+00:00
33.59118283605526,130.3485923770804,4.062671482793534,2026-02-28T14:07:32.500000+00:00
33.59115466255901,130.3485495778627,4.060317747321312,2026-02-28T14:07:37.500000+00:00
33.59111510936872,130.3485143197185,4.275122986188255,2026-02-28T14:07:42.500000+00:00
33.5910690499816,130.3484754479741,4.270259449178274,2026-02-28T14:07:48+00:00
33.5910283667902,130.3484292474699,4.220164410911991,2026-02-28T14:07:53+00:00
33.59097621996608,130.3484005529238,4.134673498554888,2026-02-28T14:07:58+00:00
33.59092703638853,130.3483745674201,4.024750556275086,2026-02-28T14:08:03+00:00
33.59087725860011,130.3483552405825,4.024338424607438,2026-02-28T14:08:07.999000+00:00
33.59082471185171,130.3483476400808,4.013633808293351,2026-02-28T14:08:12.999000+00:00
33.59077343688075,130.348350463226,4.03243964594935,2026-02-28T14:08:17.999000+00:00
33.59072006946698,130.3483422489933,3.984093803694517,2026-02-28T14:08:22.999000+00:00
33.59066220547657,130.3482978117884,3.789709388927985,2026-02-28T14:08:27.999000+00:00
33.59061358924814,130.348200547305,3.807635342808608,2026-02-28T14:08:32.999000+00:00
33.5905637002968,130.3481768614517,4.255684155409525,2026-02-28T14:08:37.999000+00:00
33.59051265780456,130.3481688257603,4.167937655237925,2026-02-28T14:08:42.999000+00:00
33.59046277822504,130.3481578579958,4.051648294564617,2026-02-28T14:08:47.999000+00:00
33.59040734595211,130.348152163834,3.842329438310217,2026-02-28T14:08:52.999000+00:00
33.59035637843944,130.3481560200201,3.862473676103128,2026-02-28T14:08:57.999000+00:00
33.59030947223555,130.3481595777951,4.229647755417757,2026-02-28T14:09:02.999000+00:00
33.59026372307648,130.3481569376299,4.085622412889428,2026-02-28T14:09:07.999000+00:00
33.59022036212492,130.3481538634107,3.750066625017948,2026-02-28T14:09:12.999000+00:00
33.59017050385975,130.3481424388477,3.472856568741506,2026-02-28T14:09:18.499000+00:00
33.59010212008295,130.3481333003026,3.482695076272036,2026-02-28T14:09:25.999000+00:00
33.58992730929365,130.3481143281923,3.926883879117668,2026-02-28T14:09:44.999000+00:00
33.58987414723504,130.348110202355,4.174851115979556,2026-02-28T14:09:50.499000+00:00
33.58982592874953,130.3481011549566,4.393538766555352,2026-02-28T14:09:55.500000+00:00
33.58977837913309,130.3480998722424,4.36283270655374,2026-02-28T14:10:00.500000+00:00
33.58972685266007,130.3480929166402,4.423668781330876,2026-02-28T14:10:06+00:00
33.58968100154942,130.3480852485817,4.608096975299834,2026-02-28T14:10:10.999000+00:00
33.58962809038793,130.3480774796888,4.911779099933392,2026-02-28T14:10:15.999000+00:00
33.58957843556704,130.3480759214297,5.260375969507607,2026-02-28T14:10:20.999000+00:00
33.58953155200285,130.3480673677622,5.027270523749194,2026-02-28T14:10:25.999000+00:00
33.58948470123777,130.3480590510264,5.316991345737597,2026-02-28T14:10:30.999000+00:00
33.58943910167105,130.3480597830309,5.496958694093032,2026-02-28T14:10:35.999000+00:00
33.58938795314987,130.3480656042545,5.771832832247819,2026-02-28T14:10:40.999000+00:00
33.58933877286464,130.3480522773299,6.30037176910418,2026-02-28T14:10:45.999000+00:00
33.58929366800682,130.3480511421109,6.627079535687029,2026-02-28T14:10:50.999000+00:00
33.58924735749387,130.3480343352093,6.657688047861805,2026-02-28T14:10:55.999000+00:00
33.5892249802336,130.3479874369328,6.580629106123501,2026-02-28T14:11:00.999000+00:00
33.5892178785649,130.3479252368772,6.818672504446707,2026-02-28T14:11:05.999000+00:00
33.58922425739494,130.347862233603,7.214461610499547,2026-02-28T14:11:10.999000+00:00
33.58922607303231,130.3478002006699,7.11064871975869,2026-02-28T14:11:15.999000+00:00
33.58922251795236,130.3477369962494,6.950355951259381,2026-02-28T14:11:20.999000+00:00
33.58921208206407,130.3476706294198,7.028733287635075,2026-02-28T14:11:26.499000+00:00
33.58922908104812,130.3476260193994,6.575030132449742,2026-02-28T14:11:31.499000+00:00
33.58923201080741,130.3475699675514,6.368240858744701,2026-02-28T14:11:36.499000+00:00
33.58923889603778,130.3475139673177,6.343750735350118,2026-02-28T14:11:41.500000+00:00
33.58923470393441,130.3474586939637,6.49300831419898,2026-02-28T14:11:46.500000+00:00
33.58923968764428,130.3473991262922,6.686120029411032,2026-02-28T14:11:51.500000+00:00
33.58924549303099,130.3473392036532,6.153890098689886,2026-02-28T14:11:56.500000+00:00
33.58925699943141,130.3472766533323,6.006617555828431,2026-02-28T14:12:01.500000+00:00
33.58926151525255,130.3472169829966,6.194414557985004,2026-02-28T14:12:06.500000+00:00
33.58927344261259,130.3471590088619,6.232070981802508,2026-02-28T14:12:11.500000+00:00
33.58930190162057,130.3470923836939,5.83840118123024,2026-02-28T14:12:17+00:00
33.58933544522849,130.3470383221189,5.206615680452241,2026-02-28T14:12:22+00:00
33.58936942001485,130.346977006755,4.215131447402107,2026-02-28T14:12:27+00:00
33.58941203452725,130.3469338521501,3.844965552998272,2026-02-28T14:12:32+00:00
33.58944153334808,130.3468887998357,3.670728889626945,2026-02-28T14:12:37+00:00
33.58944996729222,130.3468299097176,3.784837202914861,2026-02-28T14:12:42+00:00
33.58948093627355,130.3467887816563,3.8348092965223,2026-02-28T14:12:47+00:00
33.58951747307445,130.3467565065561,3.855190363816674,2026-02-28T14:12:52+00:00
33.5895312496466,130.3467079854446,4.64824250900671,2026-02-28T14:12:57+00:00
33.58952294033945,130.3466599298677,4.658011301207513,2026-02-28T14:13:02+00:00
33.58951720297647,130.3466130555832,4.910985566555879,2026-02-28T14:13:07+00:00
33.58953028489905,130.3465595333567,5.330746797168625,2026-02-28T14:13:12+00:00
33.58954288327799,130.3465061272016,6.080273723533173,2026-02-28T14:13:17+00:00
33.58955269939526,130.3464536477101,6.123057144045875,2026-02-28T14:13:22+00:00
33.58956039913432,130.3464079625457,5.725460689956484,2026-02-28T14:13:27+00:00
33.58955254564273,130.3463555880084,5.151417252523268,2026-02-28T14:13:32.500000+00:00
33.58956133044829,130.3463101953764,4.913023520970746,2026-02-28T14:13:37.500000+00:00
33.58956264561382,130.3462621134275,4.73597133445608,2026-02-28T14:13:42.500000+00:00
33.58956749404182,130.3462116223549,4.726424783864489,2026-02-28T14:13:47.500000+00:00
33.58957231909645,130.3461578830414,4.960229598580379,2026-02-28T14:13:52.500000+00:00
33.58957786192534,130.346110068151,4.981856473930094,2026-02-28T14:13:57.500000+00:00
33.58957797526889,130.346058385408,4.940913855977846,2026-02-28T14:14:02.500000+00:00
33.5895913396763,130.3460055111972,4.840209832856077,2026-02-28T14:14:08+00:00
33.58959611262976,130.3459524136181,4.676252583802859,2026-02-28T14:14:13+00:00
33.58958735516224,130.3459093376359,4.587934188990602,2026-02-28T14:14:18+00:00
33.5895952851286,130.3458592604458,4.203775284491993,2026-02-28T14:14:23+00:00
33.58960590567432,130.3458064228565,4.076116456999251,2026-02-28T14:14:28+00:00
33.58961015718577,130.345756011932,4.131396402082809,2026-02-28T14:14:33+00:00
33.58961530827023,130.3457100666686,4.430895082116132,2026-02-28T14:14:38+00:00
33.58962356109312,130.3456639286912,4.529586868529229,2026-02-28T14:14:43+00:00
33.58963616928695,130.345625340569,4.282263781002928,2026-02-28T14:14:48+00:00
33.58965686571917,130.3455812349253,4.388798300076459,2026-02-28T14:14:53+00:00
33.58966416704604,130.3455540418862,4.595144938427351,2026-02-28T14:14:58+00:00
33.58966655289063,130.3455493613327,4.572435234119989,2026-02-28T14:15:03+00:00
33.58968773531647,130.3454739052728,4.801454801112413,2026-02-28T14:15:19+00:00
33.58971038760756,130.345397066629,5.208616995388216,2026-02-28T14:15:26.759000+00:00
33.58975820992179,130.3452539640196,5.633001019246876,2026-02-28T14:15:43.001000+00:00
33.58976934606059,130.3452206298198,5.611099963312444,2026-02-28T14:15:48.050000+00:00
33.58980836046083,130.345166845421,5.405918111518518,2026-02-28T14:15:53.036000+00:00
33.58988262477722,130.3451397358138,5.18030086084096,2026-02-28T14:15:58.014000+00:00
33.58995147524202,130.3451386745541,4.741114140000769,2026-02-28T14:16:03.022000+00:00
33.58999591602408,130.3451132532163,4.398876450967915,2026-02-28T14:16:08.022000+00:00
33.59004802911884,130.3450969224497,5.1119679678646,2026-02-28T14:16:13.014000+00:00
33.59009828340226,130.3450901470423,6.144363837508763,2026-02-28T14:16:18.014000+00:00
33.59015047816958,130.3450876911709,6.55469136362341,2026-02-28T14:16:23.014000+00:00
33.59018822145313,130.3450906191315,6.521998534229824,2026-02-28T14:16:28.008000+00:00
33.59022633754743,130.3451109679551,6.460162254687607,2026-02-28T14:16:33.005000+00:00
33.59026710451388,130.3451259609737,6.62892168847544,2026-02-28T14:16:38.006000+00:00
33.5903077360534,130.3451339402893,6.769599883596845,2026-02-28T14:16:43.002000+00:00
33.59034337688349,130.3451426785898,6.425691178467965,2026-02-28T14:16:48+00:00
33.5903808896892,130.3451567646649,6.065848130109551,2026-02-28T14:16:53.007000+00:00
33.59041992678938,130.3451711483809,5.816485640805765,2026-02-28T14:16:58.003000+00:00
33.59045859648664,130.345180670605,5.661223660115328,2026-02-28T14:17:02.998000+00:00
33.59049876841711,130.3451879739802,5.387157231380458,2026-02-28T14:17:08.008000+00:00
33.59053674939887,130.3452044342909,5.268787049709299,2026-02-28T14:17:13.001000+00:00
33.59057723875286,130.3452114972099,5.192685668337121,2026-02-28T14:17:18.005000+00:00
33.590617770509,130.3452260828414,5.218208256212839,2026-02-28T14:17:23+00:00
33.59066387003026,130.3452374961302,5.156409151555522,2026-02-28T14:17:28.001000+00:00
33.59070699203654,130.3452465426605,4.994575764243574,2026-02-28T14:17:33.007000+00:00
33.59074640742534,130.3452580128168,4.652872425751187,2026-02-28T14:17:38.003000+00:00
33.59078700903029,130.3452692010107,4.789172130215145,2026-02-28T14:17:43.501000+00:00
33.59083428999051,130.3452751033651,4.845999191596654,2026-02-28T14:17:49.004000+00:00
33.59087372301769,130.3452875340367,4.926264866986554,2026-02-28T14:17:53.999000+00:00
33.5909147095611,130.3452930856343,4.964526637188301,2026-02-28T14:17:59+00:00
33.59095594095891,130.3453001968845,4.988189952111373,2026-02-28T14:18:04.007000+00:00
33.59099563405039,130.3453125914315,5.189694409519545,2026-02-28T14:18:09.001000+00:00
33.59103526546306,130.3453183928891,5.187493764123387,2026-02-28T14:18:14.003000+00:00
33.59107578053232,130.3453270566482,5.239064501795223,2026-02-28T14:18:18.999000+00:00
33.59111551554444,130.3453396015449,5.21019370789257,2026-02-28T14:18:24.005000+00:00
33.591157437733,130.3453457468715,5.332830195072833,2026-02-28T14:18:28.998000+00:00
33.59119828495312,130.3453535299614,5.170506615838557,2026-02-28T14:18:34.002000+00:00
33.59123883064871,130.3453674531861,5.299353558919056,2026-02-28T14:18:39.004000+00:00
33.59128530663115,130.3453749775607,5.170027107368314,2026-02-28T14:18:43.994000+00:00
33.59132617517516,130.3453878647264,5.087748299534463,2026-02-28T14:18:49.006000+00:00
33.59137007097495,130.3453956282671,5.113471783545912,2026-02-28T14:18:54.003000+00:00
33.59141506764146,130.3454066862309,5.015279750393791,2026-02-28T14:18:59.006000+00:00
33.59145443383205,130.3454146116855,4.975873478276646,2026-02-28T14:19:03.999000+00:00
33.5914937422672,130.3454219876672,5.00050817959997,2026-02-28T14:19:08.999000+00:00
33.59153347849259,130.3454351718384,5.133444487747767,2026-02-28T14:19:14.003000+00:00
33.59157296006462,130.3454407529665,5.255282054137115,2026-02-28T14:19:19.003000+00:00
33.59161385656649,130.3454474544495,5.321974057422117,2026-02-28T14:19:24.003000+00:00
33.59165614093568,130.3454571408414,5.51625972018397,2026-02-28T14:19:29.005000+00:00
33.591696713773,130.3454658049208,5.512988931734523,2026-02-28T14:19:34.002000+00:00
33.59173324799917,130.3454765261215,5.318185024188369,2026-02-28T14:19:39.001000+00:00
33.59185858007035,130.3455128923466,5.260305953212082,2026-02-28T14:19:55.001000+00:00
33.59190108276784,130.3455156778378,5.105310730511986,2026-02-28T14:20:00.002000+00:00
33.59194180867648,130.3455250396476,4.883172732280016,2026-02-28T14:20:04.999000+00:00
33.59198414106343,130.3455298905886,4.820494904348329,2026-02-28T14:20:10.001000+00:00
33.59202932713372,130.3455375656992,4.880143277024685,2026-02-28T14:20:15+00:00
33.59206997271185,130.345552259268,5.219673838761561,2026-02-28T14:20:20.001000+00:00
33.59211421039959,130.3455632076151,4.922882633231525,2026-02-28T14:20:25+00:00
33.59215500092817,130.3455701285542,4.84059477360436,2026-02-28T14:20:30.001000+00:00
33.59219874883944,130.3455816541319,4.715578181702641,2026-02-28T14:20:34.999000+00:00
33.59223936298797,130.3455908461668,4.725032983176089,2026-02-28T14:20:40+00:00
33.59228416816076,130.3455991249794,4.697984794898182,2026-02-28T14:20:44.998000+00:00
33.59232939991006,130.3456113770187,4.386358638403952,2026-02-28T14:20:50.004000+00:00
33.59236860146595,130.345618083008,4.353278670106053,2026-02-28T14:20:54.999000+00:00
33.59240694795344,130.3456325420271,4.166174667011341,2026-02-28T14:21:00+00:00
33.59244804371351,130.3456409230359,4.130982839920759,2026-02-28T14:21:05.004000+00:00
33.59248916599029,130.3456528285391,3.905076874364164,2026-02-28T14:21:10.001000+00:00
33.59253014473367,130.3456627247483,3.813042396195766,2026-02-28T14:21:15+00:00
33.5925730417867,130.3456685878916,3.810417132528318,2026-02-28T14:21:20.001000+00:00
33.59261309646811,130.3456737369238,3.864580681562345,2026-02-28T14:21:25.002000+00:00
33.59265299577447,130.3456817767401,3.899164531958845,2026-02-28T14:21:29.998000+00:00
33.59269397731303,130.3456872317254,3.809176897965338,2026-02-28T14:21:35+00:00
33.59273419094161,130.3457040124389,3.736457807806951,2026-02-28T14:21:39.999000+00:00
33.59277757895974,130.3457152971381,3.738639264659439,2026-02-28T14:21:45+00:00
33.5928220113035,130.3457212052021,3.713652396702768,2026-02-28T14:21:50.495000+00:00
33.5928627371631,130.3457300271556,4.030054763643655,2026-02-28T14:21:55.499000+00:00
33.5929094753529,130.3457402312268,4.070495683308724,2026-02-28T14:22:00.999000+00:00
33.59295112775548,130.3457475364251,3.677951106734723,2026-02-28T14:22:06+00:00
33.59299546131906,130.3457594029952,3.12854250446451,2026-02-28T14:22:11.001000+00:00
33.59303965679251,130.3457682221363,3.535848442586315,2026-02-28T14:22:16.002000+00:00
33.59308273472559,130.3457778908511,3.516633485463506,2026-02-28T14:22:21.002000+00:00
33.59312655718485,130.3457879513177,3.65068081167169,2026-02-28T14:22:25.999000+00:00
33.59317114503668,130.3457961324089,3.606964078814368,2026-02-28T14:22:31.003000+00:00
33.59321353743159,130.3458102754621,3.346389077945661,2026-02-28T14:22:36+00:00
33.59325564379065,130.3458181724301,3.28853283101356,2026-02-28T14:22:41.001000+00:00
33.59329729319556,130.3458245021928,3.33373789450265,2026-02-28T14:22:46+00:00
33.59333738630965,130.3458395763628,3.173750082558937,2026-02-28T14:22:51.001000+00:00
33.59337814492438,130.3458432637325,3.109291652457032,2026-02-28T14:22:56+00:00
33.59341874334246,130.3458544686051,3.088523663847109,2026-02-28T14:23:01+00:00
33.59346184119843,130.3458619499995,3.096247329010219,2026-02-28T14:23:05.998000+00:00
33.59350223482781,130.3458714032832,3.383326692610391,2026-02-28T14:23:11.002000+00:00
33.59354308177797,130.3458849186187,3.467719480274601,2026-02-28T14:23:16+00:00
33.59356483773648,130.3458880953469,3.482969128968664,2026-02-28T14:23:20.998000+00:00
33.59357375309343,130.3458905081545,3.30511792489589,2026-02-28T14:23:25.995000+00:00
33.59361273567632,130.3459044665828,3.23483445161748,2026-02-28T14:23:30.997000+00:00
33.59366048168601,130.3459096336595,3.931121649432008,2026-02-28T14:23:35.999000+00:00
33.59370741899925,130.3459185425961,4.108540995132848,2026-02-28T14:23:41.002000+00:00
33.59374619193959,130.3459205775763,4.162273387228208,2026-02-28T14:23:46.001000+00:00
33.59379377570495,130.3459296628733,4.23317152315999,2026-02-28T14:23:50.998000+00:00
33.5938333783403,130.3459492950716,3.616164314309936,2026-02-28T14:23:55.998000+00:00
33.5938745587102,130.3459584790934,3.346245512419185,2026-02-28T14:24:01.501000+00:00
33.59391678907791,130.345962333677,3.595721776597213,2026-02-28T14:24:07.003000+00:00
33.59396342796234,130.3459740960761,3.66062879464725,2026-02-28T14:24:12.500000+00:00
33.5940068668579,130.3459834151509,3.583506852648057,2026-02-28T14:24:18+00:00
33.59420187591105,130.346034747672,3.188630130141973,2026-02-28T14:24:43+00:00
33.59424675647172,130.3460437890566,2.770649498175082,2026-02-28T14:24:48.004000+00:00
33.59428986620462,130.3460496820518,2.52732434783277,2026-02-28T14:24:53+00:00
33.59433105778643,130.3460826953539,2.287239750999118,2026-02-28T14:24:58.004000+00:00
33.59434475553526,130.3461371489413,2.129911113201045,2026-02-28T14:25:03.002000+00:00
33.59434848966845,130.3461915704483,2.223880012578201,2026-02-28T14:25:07.999000+00:00
33.59434734870796,130.3462443973382,2.353955537972154,2026-02-28T14:25:13.003000+00:00
33.59434933098606,130.3462962311738,2.96418122155983,2026-02-28T14:25:17.996000+00:00
33.59434893361423,130.3463481101641,3.491518476617135,2026-02-28T14:25:22.999000+00:00
33.59434641335639,130.3463981963185,3.611998233785708,2026-02-28T14:25:28+00:00
33.59434861466202,130.3464491711593,3.844098921139901,2026-02-28T14:25:32.998000+00:00
33.59434167830698,130.3464947164685,4.088046457280077,2026-02-28T14:25:37.999000+00:00
33.59433951083636,130.3465412471367,4.112101462912018,2026-02-28T14:25:42.996000+00:00
33.59433666204672,130.3465923854794,4.32583064204707,2026-02-28T14:25:47.997000+00:00
33.5943357545809,130.3466397503102,4.392924234685061,2026-02-28T14:25:53.001000+00:00
33.5943387164804,130.34668834913,4.58851900540929,2026-02-28T14:25:57.998000+00:00
33.5943387187119,130.3467362344866,4.855557883849198,2026-02-28T14:26:02.995000+00:00
33.59433696368853,130.3467892133825,4.731512110843323,2026-02-28T14:26:08.500000+00:00
33.59433266434964,130.3468426947245,4.86277715718722,2026-02-28T14:26:14+00:00
33.59433092834225,130.3468854820422,5.132478616890099,2026-02-28T14:26:18.997000+00:00
33.59432776622599,130.3469313611046,5.088473882174914,2026-02-28T14:26:23.998000+00:00
33.59432763832929,130.3469776334032,4.818964244749165,2026-02-28T14:26:29.001000+00:00
33.59432313803553,130.3470401927896,4.955770488541257,2026-02-28T14:26:34+00:00
33.59431936927542,130.3470946532782,5.019038223001854,2026-02-28T14:26:38.999000+00:00
33.59432008284839,130.3471451174616,4.959571429086092,2026-02-28T14:26:44.004000+00:00
33.59431770100475,130.3471955077659,4.678000394146198,2026-02-28T14:26:49.005000+00:00
33.59431585266429,130.3472465716302,4.195719143046478,2026-02-28T14:26:53.997000+00:00
33.59431577664579,130.3473029951288,4.467561424963602,2026-02-28T14:26:59.001000+00:00
33.59431896411225,130.3473546059951,4.533154080534006,2026-02-28T14:27:04.001000+00:00
33.59431927043224,130.3474053952445,4.479605297666144,2026-02-28T14:27:09+00:00
33.59431840534088,130.3474544173883,4.50778120692526,2026-02-28T14:27:13.999000+00:00
33.59431659558312,130.3475054656543,4.43577956167149,2026-02-28T14:27:19+00:00
33.59431028748544,130.3475575321312,4.017082582228366,2026-02-28T14:27:24.002000+00:00
33.59431171719165,130.3476093961389,4.079762799904393,2026-02-28T14:27:28.998000+00:00
33.59431310711983,130.3476581563684,3.999268153828678,2026-02-28T14:27:34.005000+00:00
33.5943110563166,130.3477101104426,3.935126761114336,2026-02-28T14:27:39.002000+00:00
33.59431237816018,130.347761197379,3.701318397451077,2026-02-28T14:27:43.998000+00:00
33.59431137863047,130.3478142780153,3.596406088211331,2026-02-28T14:27:49+00:00
33.59431169835083,130.3478689594241,3.73088311937768,2026-02-28T14:27:53.999000+00:00
33.59431641923933,130.3479202494185,3.88770447549238,2026-02-28T14:27:58.997000+00:00
33.59431946348165,130.3479657760978,3.760116103270585,2026-02-28T14:28:03.998000+00:00
33.5943145467686,130.3480128085602,3.656577077177927,2026-02-28T14:28:09.002000+00:00
33.5943145026584,130.3480671599055,3.46534611876461,2026-02-28T14:28:14.499000+00:00
33.59431553166487,130.3481152399875,3.449760210498156,2026-02-28T14:28:19.501000+00:00
33.59431552805103,130.3481710555882,3.303525235750685,2026-02-28T14:28:24.997000+00:00
33.59431500879412,130.3482179582703,3.153115048739919,2026-02-28T14:28:30.002000+00:00
33.59431728326923,130.3482659307578,3.122203898445848,2026-02-28T14:28:35.001000+00:00
33.5943173470075,130.3483144269579,2.824395367473893,2026-02-28T14:28:39.995000+00:00
33.59432175715966,130.3483628727153,2.610134724386246,2026-02-28T14:28:44.992000+00:00
33.59432343877786,130.3484130346293,2.651351499728751,2026-02-28T14:28:50+00:00
33.59432504272316,130.3484580585662,2.639972187338291,2026-02-28T14:28:54.998000+00:00
33.59432355563532,130.3485059981612,2.684188225706678,2026-02-28T14:29:00.001000+00:00
33.59432527897497,130.3485570806816,2.669260546029234,2026-02-28T14:29:04.997000+00:00
33.59433208630479,130.3486059706526,2.859794984388994,2026-02-28T14:29:10.003000+00:00
33.59432999121957,130.3486587187766,2.932220076466189,2026-02-28T14:29:15+00:00
33.59433222129616,130.3487149589724,2.939257040873508,2026-02-28T14:29:19.999000+00:00
33.59433737112579,130.3487635862294,3.145487852381692,2026-02-28T14:29:25.003000+00:00
33.59433827507593,130.3488145879084,2.962262834000486,2026-02-28T14:29:29.999000+00:00
33.59433120738067,130.348861435148,2.916739021641389,2026-02-28T14:29:34.998000+00:00
33.59433409102208,130.3489060708168,2.90779839872274,2026-02-28T14:29:40.003000+00:00
33.59433335783342,130.3489530742885,2.82593257543993,2026-02-28T14:29:45.002000+00:00
33.59433293982221,130.3490022747636,2.690673749096902,2026-02-28T14:29:50.005000+00:00
33.59433357679588,130.3490512075821,2.562966126921739,2026-02-28T14:29:55.002000+00:00
33.5943375134022,130.3490993219376,2.629328822197237,2026-02-28T14:30:00.001000+00:00
33.59433908592216,130.3491462875178,2.395531641983346,2026-02-28T14:30:05.003000+00:00
33.59433651839598,130.3491949296128,2.433860023838854,2026-02-28T14:30:10+00:00
33.59433870008085,130.3492456713252,2.278022658164484,2026-02-28T14:30:15.002000+00:00
33.59434016078698,130.3492980839984,2.261644680211909,2026-02-28T14:30:20.498000+00:00
33.59434208504827,130.3493536832242,2.002239935581725,2026-02-28T14:30:25.501000+00:00
33.59434443501215,130.3494091740831,2.321891565482189,2026-02-28T14:30:30.499000+00:00
33.59434594432674,130.34945903671,2.604317111772656,2026-02-28T14:30:35.998000+00:00
33.59434618550448,130.3495029268208,2.484448782018744,2026-02-28T14:30:41.001000+00:00
33.59435215010947,130.3495497556674,2.222791832669254,2026-02-28T14:30:45.994000+00:00
33.59435644606858,130.3495975076696,2.529694563290577,2026-02-28T14:30:50.997000+00:00
33.59436788105207,130.3496398021971,2.591867949537161,2026-02-28T14:30:55.997000+00:00
33.5943816738804,130.3496814830427,3.125701944179672,2026-02-28T14:31:00.993000+00:00
33.59437803856769,130.3497242285682,2.890716463122215,2026-02-28T14:31:05.989000+00:00
33.59436991540286,130.3497774213865,2.535316749096697,2026-02-28T14:31:11.004000+00:00
33.59437929960389,130.3498464047371,2.573160505837079,2026-02-28T14:31:16.928000+00:00
33.59438043276295,130.3499020438222,2.564769329213767,2026-02-28T14:31:21.939000+00:00
33.59438127781394,130.349967046902,2.654220847899176,2026-02-28T14:31:27.598000+00:00
33.59438431600026,130.3500311842337,2.542188503992287,2026-02-28T14:31:33.206000+00:00
33.59438891917682,130.3501021735381,2.993470142381705,2026-02-28T14:31:38.969000+00:00
33.59439422160953,130.3501615876705,3.036492515184481,2026-02-28T14:31:43.975000+00:00
33.59439991248336,130.3502166686717,3.288452209227134,2026-02-28T14:31:48.980000+00:00
33.59440324782904,130.3502706534753,3.411874590752465,2026-02-28T14:31:53.984000+00:00
33.5944030861013,130.350324668923,3.470655053092759,2026-02-28T14:31:58.987000+00:00
33.59440999446974,130.3503798933074,3.381510588483101,2026-02-28T14:32:03.990000+00:00
33.59441685813785,130.3504333850272,3.211628186064436,2026-02-28T14:32:08.992000+00:00
33.5944256559597,130.3504861712877,3.291405521257809,2026-02-28T14:32:13.993000+00:00
33.59442976735912,130.3505389956074,3.213268320684565,2026-02-28T14:32:18.995000+00:00
33.59443517957104,130.3505976204457,2.99992731593298,2026-02-28T14:32:24.497000+00:00
33.59444074165942,130.3506458517637,3.329636282420328,2026-02-28T14:32:29.498000+00:00
33.59444333503045,130.3506925782545,3.313870071093659,2026-02-28T14:32:34.499000+00:00
33.59445092421558,130.3507477010428,3.048892379952634,2026-02-28T14:32:39.999000+00:00
33.59446068329351,130.3508074245707,3.532709875087835,2026-02-28T14:32:44.999000+00:00
33.59447102527582,130.3508665036251,4.149484441202749,2026-02-28T14:32:49.999000+00:00
33.59448158430184,130.3509231940823,4.510705073526997,2026-02-28T14:32:54.999000+00:00
33.59448796672247,130.3509803805431,4.814702872040781,2026-02-28T14:32:59.999000+00:00
33.59449467746899,130.351035461451,5.064730734243301,2026-02-28T14:33:04.999000+00:00
33.59449163138433,130.3510906159941,4.7654566400625,2026-02-28T14:33:09.999000+00:00
33.59450031263366,130.3511475682119,4.561998499229131,2026-02-28T14:33:14.999000+00:00
33.59450802772346,130.3512017422392,4.353576705562018,2026-02-28T14:33:19.999000+00:00
33.59451094646795,130.3512497328699,4.170064882486801,2026-02-28T14:33:24.999000+00:00
33.59451192658609,130.3513006282474,4.114160546421829,2026-02-28T14:33:29.999000+00:00
33.5945131678322,130.3513502892126,3.941238166103474,2026-02-28T14:33:34.999000+00:00
33.59452479163561,130.351398799488,3.719683718207222,2026-02-28T14:33:39.999000+00:00
33.59452540837599,130.3514463942045,3.225164759188343,2026-02-28T14:33:44.999000+00:00
33.59453817941048,130.3514964790802,3.461375903341184,2026-02-28T14:33:49.999000+00:00
33.59454453934944,130.3515509712287,3.421497563583491,2026-02-28T14:33:54.999000+00:00
33.5945471768539,130.35160493609,3.416782065099464,2026-02-28T14:33:59.999000+00:00
33.59455238724941,130.3516544875975,3.687325869860963,2026-02-28T14:34:04.999000+00:00
33.5945593965521,130.3517072898614,4.188328536854403,2026-02-28T14:34:09.999000+00:00
33.59456620311123,130.3517597734997,4.359424016351076,2026-02-28T14:34:14.999000+00:00
33.5945703776616,130.3518112767349,4.854220282848412,2026-02-28T14:34:19.999000+00:00
33.59457542962559,130.3518616620483,4.596657769621319,2026-02-28T14:34:24.999000+00:00
33.59457908972503,130.3519124324087,4.404288193174863,2026-02-28T14:34:30.499000+00:00
33.59458460602557,130.3519682873795,4.19170936309391,2026-02-28T14:34:36.500000+00:00
33.59458709867527,130.3520233388421,3.96166186107522,2026-02-28T14:34:42.500000+00:00
33.59458947037894,130.3520812574585,3.79492482066013,2026-02-28T14:34:48+00:00
33.59459421719411,130.3521313294303,3.720159553074109,2026-02-28T14:34:53+00:00
33.59459803623581,130.3521846337388,3.516084535542095,2026-02-28T14:34:58+00:00
33.59460787332537,130.3522356105056,3.48047856732137,2026-02-28T14:35:03+00:00
33.59461254936782,130.3522861150458,3.502091577939686,2026-02-28T14:35:08+00:00
33.59461927099996,130.352335672266,3.521693512465224,2026-02-28T14:35:13+00:00
33.59462960958798,130.3523844550754,3.531848035817633,2026-02-28T14:35:18+00:00
33.59463478878725,130.3524403482155,3.493262240009798,2026-02-28T14:35:23+00:00
33.59463705770678,130.3524965059397,3.440812367909466,2026-02-28T14:35:28+00:00
33.59464242616681,130.352548928353,3.966074399378129,2026-02-28T14:35:33+00:00
33.59464979036343,130.3525971826759,3.77135429915112,2026-02-28T14:35:38+00:00
33.59465933387168,130.352644436933,3.9938155939978,2026-02-28T14:35:42.999000+00:00
33.59467089593417,130.3526858309322,4.022232073578919,2026-02-28T14:35:47.999000+00:00
33.59467882536072,130.3527308343361,4.084988533856624,2026-02-28T14:35:52.999000+00:00
33.59468604027033,130.3527795540624,4.310092196275027,2026-02-28T14:35:57.999000+00:00
33.59468864097466,130.3528259136765,3.746004943538146,2026-02-28T14:36:02.999000+00:00
33.59469773768991,130.3528711635794,3.534377152246002,2026-02-28T14:36:07.999000+00:00
33.59470775368099,130.3529186920527,3.364070215278358,2026-02-28T14:36:12.999000+00:00
33.59470694285675,130.352960337865,3.473873498858253,2026-02-28T14:36:17.999000+00:00
33.59471992791779,130.3530093467049,3.647081595698227,2026-02-28T14:36:22.999000+00:00
33.59472542764361,130.3530551547211,3.599031920014472,2026-02-28T14:36:27.999000+00:00
33.59473668208687,130.3530998227952,3.625055240350751,2026-02-28T14:36:32.999000+00:00
33.59474648376459,130.3531515961804,3.5418985072346,2026-02-28T14:36:38.500000+00:00
33.59475482359927,130.3531949665688,3.478336198933156,2026-02-28T14:36:43.500000+00:00
33.59476000555804,130.3532413010617,3.492656221072832,2026-02-28T14:36:48.500000+00:00
33.59476743842891,130.3532912593125,3.483604629499351,2026-02-28T14:36:54+00:00
33.59477629908764,130.3533389154391,3.435299742062466,2026-02-28T14:36:59+00:00
33.59479596067582,130.353410607559,3.564311754679705,2026-02-28T14:37:06.500000+00:00
33.59484109655195,130.3536020609233,4.044360759668052,2026-02-28T14:37:25+00:00
33.59484191212113,130.353646928785,4.12999979046514,2026-02-28T14:37:30+00:00
33.59485834707196,130.3536974988809,4.18925589088572,2026-02-28T14:37:35+00:00
33.59486699042726,130.3537394256415,4.062790938643771,2026-02-28T14:37:40+00:00
33.59487720067018,130.3537858136941,4.008852605689609,2026-02-28T14:37:44.999000+00:00
33.59488475396277,130.3538347678561,4.034453769435144,2026-02-28T14:37:49.999000+00:00
33.59489409189327,130.3538585746103,4.162251901796877,2026-02-28T14:37:54.999000+00:00
33.59489554742169,130.3538570643075,4.080631338061177,2026-02-28T14:37:59.999000+00:00
33.59489716256782,130.3538656068764,4.192206600454463,2026-02-28T14:38:06.666000+00:00
33.59490626103428,130.3539176829705,4.503572138957679,2026-02-28T14:38:30.999000+00:00
33.5949032945011,130.3539693919392,4.008346600213364,2026-02-28T14:38:35.999000+00:00
33.59490852115483,130.3540278685045,3.960821854525891,2026-02-28T14:38:40.999000+00:00
33.59493020760174,130.3540834628128,4.298295347038331,2026-02-28T14:38:46.500000+00:00
33.59494203493038,130.354126669883,4.357746106960681,2026-02-28T14:38:51.500000+00:00
33.59495584406558,130.3541752681742,4.51650240334236,2026-02-28T14:38:57+00:00
33.59496427991171,130.3542185568624,4.402902537638363,2026-02-28T14:39:02+00:00
33.59497426604023,130.3542658617625,4.339185976076619,2026-02-28T14:39:07+00:00
33.59498446032149,130.3543080021933,4.307042367940997,2026-02-28T14:39:12+00:00
33.59498644538952,130.3543177085331,4.363437029525458,2026-02-28T14:39:17+00:00
33.59498684586929,130.3543175785942,4.359197543002676,2026-02-28T14:39:22+00:00
33.59499385997633,130.3543570212979,4.284470143108082,2026-02-28T14:39:31.333000+00:00
33.59502277827274,130.354554141841,4.32379721198231,2026-02-28T14:40:18.999000+00:00
33.59502741462409,130.3545543485124,3.923322934093524,2026-02-28T14:40:30.999000+00:00
33.595029888858,130.3545550272478,3.441535174846649,2026-02-28T14:40:57+00:00
33.59504068369875,130.3546495509829,3.424415491867678,2026-02-28T14:41:54.227000+00:00
33.59505572992817,130.3547455098364,3.36735131410392,2026-02-28T14:42:25.287000+00:00
33.59509403620474,130.3549886175178,3.360932842828333,2026-02-28T14:43:41+00:00
33.5951121875428,130.355041503626,3.089678957253627,2026-02-28T14:43:46.006000+00:00
33.59512702121359,130.3551012260238,3.169340624490387,2026-02-28T14:43:51.004000+00:00
33.59512547656506,130.3551629350537,3.411618769440247,2026-02-28T14:43:56.003000+00:00
33.59513943358328,130.3552225556186,3.983896752257352,2026-02-28T14:44:01+00:00
33.59515490604712,130.3552792294763,4.177199108874323,2026-02-28T14:44:06.003000+00:00
33.59517076612209,130.3553344287653,4.361115858008953,2026-02-28T14:44:10.997000+00:00
33.59518179087804,130.355394365027,4.332802051698454,2026-02-28T14:44:16.003000+00:00
33.59519730456421,130.3554580822805,4.13108085457645,2026-02-28T14:44:21.002000+00:00
33.59521386553844,130.3555146683183,4.457866087419522,2026-02-28T14:44:25.998000+00:00
33.59522799515997,130.3555696463368,4.56487825361157,2026-02-28T14:44:30.998000+00:00
33.59524300334207,130.3556260356994,4.397938217435847,2026-02-28T14:44:36.003000+00:00
33.59526116542793,130.3556834669566,4.391116499034075,2026-02-28T14:44:40.998000+00:00
33.59527490567643,130.3557410791592,4.163415930387528,2026-02-28T14:44:46.004000+00:00
33.59528385416416,130.3557984350135,4.01644199807688,2026-02-28T14:44:51.003000+00:00
33.59530259785003,130.3558507428727,3.845802682927842,2026-02-28T14:44:56+00:00
33.59531584293017,130.3559144868917,3.668022705857961,2026-02-28T14:45:01.500000+00:00
33.59532490491091,130.3559716550442,3.669692455589231,2026-02-28T14:45:06.501000+00:00
33.59534991407678,130.3560324252666,3.515868303624057,2026-02-28T14:45:12.499000+00:00
33.59536154516677,130.3560910576766,3.678475143169712,2026-02-28T14:45:18.001000+00:00
33.59537703209548,130.356145618984,4.053713891188277,2026-02-28T14:45:22.999000+00:00
33.59538329041858,130.3561995114704,4.37275875919985,2026-02-28T14:45:27.997000+00:00
33.59537179779938,130.356229250847,4.754113154890998,2026-02-28T14:45:32.997000+00:00
33.59536016276844,130.3562558769341,5.557508328180206,2026-02-28T14:45:37.999000+00:00
33.59534853280427,130.356285474013,5.935707635643094,2026-02-28T14:45:43.001000+00:00
33.59534584616748,130.3563126765163,6.371621512708728,2026-02-28T14:45:47.998000+00:00
33.59534119567554,130.356346369409,6.605417047993479,2026-02-28T14:45:52.999000+00:00
33.59533217889844,130.3563913730842,6.537559757546005,2026-02-28T14:45:57.996000+00:00
33.59529566199797,130.3564193969703,6.386294249982338,2026-02-28T14:46:03.001000+00:00
33.59525395659657,130.3564327308893,6.628039836311023,2026-02-28T14:46:07.998000+00:00
33.59521606943527,130.3564535761861,6.353774231669808,2026-02-28T14:46:12.998000+00:00
33.59517902528494,130.3564697289251,6.056252826274888,2026-02-28T14:46:18+00:00
33.59515189985783,130.3564659993514,6.723639484257959,2026-02-28T14:46:22.999000+00:00
33.59513520634806,130.3564396654197,7.715854001500047,2026-02-28T14:46:27.996000+00:00
33.59511743922069,130.3564046209151,8.328164446405076,2026-02-28T14:46:32.999000+00:00
33.59509513076059,130.3563595178183,8.866797796241856,2026-02-28T14:46:37.997000+00:00
33.59503095697362,130.356375955638,8.783431306318382,2026-02-28T14:46:50.577000+00:00
33.59460424377563,130.3565626170938,6.903862179256976,2026-02-28T14:48:11+00:00
33.59456282360012,130.3565953512436,7.114376387234143,2026-02-28T14:48:16.017000+00:00
33.59452067469683,130.3566026940863,6.482025679255634,2026-02-28T14:48:21.022000+00:00
33.59447396638179,130.3566188421676,6.341382169209062,2026-02-28T14:48:26.012000+00:00
33.59443005842697,130.3566536504516,6.91343079492596,2026-02-28T14:48:31.014000+00:00
33.59437786445864,130.3566746954689,6.333364029472744,2026-02-28T14:48:35.970000+00:00
33.59432257868353,130.3567098844442,5.905454870349172,2026-02-28T14:48:40.934000+00:00
33.59426191216333,130.3567498741028,6.208097181615617,2026-02-28T14:48:45.945000+00:00
33.5941874048493,130.3567705083658,5.873006593324952,2026-02-28T14:48:51.703000+00:00
33.59412959785714,130.3568050870372,5.62571382832997,2026-02-28T14:48:56.964000+00:00
33.59407471635404,130.3568337013054,5.142024698942262,2026-02-28T14:49:01.971000+00:00
33.5940324467124,130.3568677215836,5.311051520144622,2026-02-28T14:49:06.977000+00:00
33.59399339589161,130.3569165488952,5.578036107747262,2026-02-28T14:49:12.488000+00:00
33.59393817874857,130.3569405270246,5.356192942492425,2026-02-28T14:49:17.987000+00:00
33.59388605853949,130.3569729767728,5.312067555306393,2026-02-28T14:49:22.990000+00:00
33.59383917107203,130.3569994972933,4.900777871165579,2026-02-28T14:49:27.992000+00:00
33.59379094599593,130.3570250079875,4.928868701687358,2026-02-28T14:49:32.994000+00:00
33.59373980092303,130.3570487133752,4.663083888653941,2026-02-28T14:49:37.995000+00:00
33.59368926943197,130.3570712662116,4.743349222426317,2026-02-28T14:49:42.996000+00:00
33.59364311365206,130.3571007452501,4.865859202609267,2026-02-28T14:49:47.997000+00:00
33.59359665690134,130.3571210493292,4.589499749691414,2026-02-28T14:49:52.997000+00:00
33.59354880933004,130.357148257792,5.232830763843297,2026-02-28T14:49:57.998000+00:00
33.59350344971197,130.3571779153604,5.342149441690917,2026-02-28T14:50:02.998000+00:00
33.59345937661573,130.3572071834331,5.679197479991591,2026-02-28T14:50:07.999000+00:00
33.59341404627972,130.3572350987234,5.610241111124446,2026-02-28T14:50:12.999000+00:00
33.59336745574818,130.3572615391835,5.627391047892046,2026-02-28T14:50:17.999000+00:00
33.59332071526158,130.3572884800362,5.577553183578526,2026-02-28T14:50:22.999000+00:00
33.59327089060049,130.3573020433408,5.613504318249126,2026-02-28T14:50:27.999000+00:00
33.59322528309619,130.3573130649204,5.87215679539096,2026-02-28T14:50:32.999000+00:00
33.59317796934089,130.3573175629143,5.610370035581818,2026-02-28T14:50:37.999000+00:00
33.59314300037629,130.3572764030662,5.676919552830793,2026-02-28T14:50:42.999000+00:00
33.59312657370219,130.3572287509846,5.455431846049978,2026-02-28T14:50:47.999000+00:00
33.59311389247782,130.3572020440843,5.173997449607294,2026-02-28T14:50:52.999000+00:00
33.59309873902541,130.3571398926177,5.004151977810237,2026-02-28T14:50:57.999000+00:00
33.59307890001547,130.3570905769865,4.777426121151315,2026-02-28T14:51:02.999000+00:00
33.5930619266496,130.3570382017244,4.891291906601317,2026-02-28T14:51:07.999000+00:00
33.5930399860701,130.356983458707,4.827462125210508,2026-02-28T14:51:12.999000+00:00
33.59301815463543,130.3569248742334,4.729461855870795,2026-02-28T14:51:18.499000+00:00
33.59299998570322,130.3568733222593,4.743884494721105,2026-02-28T14:51:23.500000+00:00
33.59298302948339,130.3568207802511,4.75165953284881,2026-02-28T14:51:28.500000+00:00
33.59296209514641,130.3567669846451,4.820489430238511,2026-02-28T14:51:33.500000+00:00
33.5929407842297,130.3567096402232,4.782018330705131,2026-02-28T14:51:39+00:00
33.59292777136414,130.3566567998199,4.833591124298196,2026-02-28T14:51:44+00:00
33.59291203147204,130.3566032455286,5.03358051473777,2026-02-28T14:51:49+00:00
33.59289220850333,130.3565520341498,4.920190600073544,2026-02-28T14:51:54+00:00
33.59287000654795,130.3565017415699,4.777824800708702,2026-02-28T14:51:59+00:00
33.59284269984915,130.3564607915356,4.808659555041885,2026-02-28T14:52:04+00:00
33.59282681576325,130.3564068431476,4.545532060337828,2026-02-28T14:52:09+00:00
33.5928250373177,130.3563498993605,4.513427189390896,2026-02-28T14:52:14+00:00
33.59280326344403,130.3562999975615,4.532968560685836,2026-02-28T14:52:18.999000+00:00
33.59278171869745,130.3562469515301,4.70965793070106,2026-02-28T14:52:23.999000+00:00
33.59276807004841,130.356193139078,4.836691461882066,2026-02-28T14:52:28.999000+00:00
33.59275317008354,130.3561439607554,4.855058252925628,2026-02-28T14:52:33.999000+00:00
33.59273432913418,130.3560939774468,5.007262852118001,2026-02-28T14:52:38.999000+00:00
33.59272459763059,130.3560384172273,5.221993485201733,2026-02-28T14:52:43.999000+00:00
33.59270522681493,130.3559869623413,5.370216736670349,2026-02-28T14:52:48.999000+00:00
33.59268312365198,130.3559376285483,5.332573989377033,2026-02-28T14:52:53.999000+00:00
33.59265628578855,130.3558940651609,5.034251641650269,2026-02-28T14:52:58.999000+00:00
33.59262823622461,130.3558689751445,4.74034218708127,2026-02-28T14:53:03.999000+00:00
33.59262684597429,130.355867761556,4.759374157234144,2026-02-28T14:53:08.999000+00:00
33.59262653117285,130.3558666868725,4.704445946166278,2026-02-28T14:53:13.999000+00:00
33.5926189892997,130.3558628746866,4.682200032299898,2026-02-28T14:53:18.999000+00:00
33.59261217097936,130.3558595885997,4.724201882249567,2026-02-28T14:53:24.499000+00:00
33.59261095604879,130.3558634417629,4.810036169766898,2026-02-28T14:53:31+00:00
33.59261290947749,130.35587296005,4.962280524894595,2026-02-28T14:53:42+00:00
33.59259558895285,130.3558672304921,4.793558079877735,2026-02-28T14:53:47+00:00
33.59254546719943,130.355859043741,4.542904086962792,2026-02-28T14:53:52+00:00
33.59249385501057,130.3558459321882,4.510976816304598,2026-02-28T14:53:57.166000+00:00
33.59232859757741,130.3557950613852,5.176609697751701,2026-02-28T14:54:14+00:00
33.59228701411067,130.3558081780959,4.859508724463415,2026-02-28T14:54:19+00:00
33.59224804165255,130.3558235834635,4.554947119744489,2026-02-28T14:54:24+00:00
33.59220743224441,130.3558454548522,4.741938139304569,2026-02-28T14:54:28.999000+00:00
33.59216633107425,130.3558772428325,5.108398905238621,2026-02-28T14:54:33.999000+00:00
33.59212384422277,130.3559002915799,5.262320833601929,2026-02-28T14:54:38.999000+00:00
33.59208265255645,130.3559203524052,4.964491060503028,2026-02-28T14:54:43.999000+00:00
33.592039975472,130.3559440784372,4.797076643872237,2026-02-28T14:54:48.999000+00:00
33.59199575253945,130.3559724709148,5.015485379431909,2026-02-28T14:54:53.999000+00:00
33.59195072271125,130.3560015523292,5.262865642456203,2026-02-28T14:54:58.999000+00:00
33.59190629192507,130.356032958072,4.994568596315803,2026-02-28T14:55:03.999000+00:00
33.59186091417678,130.3560456090305,5.498357040077914,2026-02-28T14:55:08.999000+00:00
33.59183033639474,130.3560221123532,5.758968606964944,2026-02-28T14:55:13.999000+00:00
33.59181565416866,130.3559888526692,5.67790908226002,2026-02-28T14:55:18.999000+00:00
33.59177220230295,130.355960581825,5.131879020661811,2026-02-28T14:55:23.999000+00:00
33.59172884516919,130.3559110551459,4.847851883024645,2026-02-28T14:55:28.999000+00:00
33.5917133254218,130.3558400770835,4.835794030827325,2026-02-28T14:55:34.500000+00:00
33.59169601305376,130.3557943839841,5.101666345423739,2026-02-28T14:55:39.500000+00:00
33.59167614064121,130.3557463387729,5.130374393541928,2026-02-28T14:55:44.500000+00:00
33.59163882258327,130.3557066242121,5.371847064674623,2026-02-28T14:55:50+00:00
33.59163449155469,130.3556566099344,6.198243818877228,2026-02-28T14:55:55+00:00
33.59161460284075,130.3556245436768,6.796632038468629,2026-02-28T14:56:00+00:00
33.59159565356921,130.3555945806919,7.178969277476604,2026-02-28T14:56:05+00:00
33.59161962411381,130.3555774489102,7.432174876698744,2026-02-28T14:56:10+00:00
33.59160670866692,130.3555941852133,7.492646450730585,2026-02-28T14:56:15+00:00
33.59155139773036,130.3556207480601,11.0267220203662,2026-02-28T14:56:26.818000+00:00
33.59168891591224,130.3557048249032,27.40118871536106,2026-02-28T14:57:03.999000+00:00
