latitude,longitude,elevation,time
33.592608575464375,130.35124777757255,5.863600185140967,2025-07-26T06:10:32+00:00
33.59253735639867,130.35133384128437,6.3899570582434535,2025-07-26T06:10:35+00:00
33.59255209307394,130.35145259107475,5.434868217896212,2025-07-26T06:10:45+00:00
33.59252156009744,130.35134931790742,5.802687036591473,2025-07-26T06:10:46+00:00
33.592579859123546,130.35153729816435,9.528943190332964,2025-07-26T06:10:48+00:00
33.59262016169298,130.3516612467669,3.5319200995658377,2025-07-26T06:10:48+00:00
33.59265858697103,130.35176733907244,6.041024048722421,2025-07-26T06:10:49+00:00
33.592683455503256,130.35180835977354,5.79665194164628,2025-07-26T06:10:51+00:00
33.59272134205018,130.3517056006274,6.5895884074270725,2025-07-26T06:11:00+00:00
33.59279638454857,130.35163490434456,7.277149259112775,2025-07-26T06:11:09+00:00
33.59287017745986,130.3515586766481,7.38490255177021,2025-07-26T06:11:18+00:00
33.59295251798957,130.35150506699398,6.648464295081794,2025-07-26T06:11:27+00:00
33.59303997039854,130.35145231898838,7.1098104538396,2025-07-26T06:11:35+00:00
33.59307547741608,130.35134728835288,8.974585658870637,2025-07-26T06:11:53+00:00
33.59315717633608,130.3512866609746,7.8323789201676846,2025-07-26T06:12:02+00:00
33.59323818978825,130.3512300648668,7.180184168741107,2025-07-26T06:12:14+00:00
33.59332945130043,130.35121541441282,7.770277675241232,2025-07-26T06:12:24+00:00
33.59342415547126,130.35118037221915,8.046775153838098,2025-07-26T06:12:34+00:00
33.59351510545039,130.35113746510288,7.873547670431435,2025-07-26T06:12:44+00:00
33.59360778750962,130.3511272959589,7.673226568847895,2025-07-26T06:12:53+00:00
33.593703455903125,130.35115197781784,6.739007911644876,2025-07-26T06:13:03+00:00
33.59374398522521,130.3512525471669,6.473346959799528,2025-07-26T06:13:10+00:00
33.59383582764403,130.3512669433622,2.914882658980787,2025-07-26T06:13:32+00:00
33.59392482308187,130.35124079646002,5.0641434993594885,2025-07-26T06:13:48+00:00
33.59402151659081,130.35124343918503,8.337453159503639,2025-07-26T06:13:56+00:00
33.59411910883514,130.3512350730126,6.5392380598932505,2025-07-26T06:14:05+00:00
33.59421495343556,130.35121201557408,6.889575274661183,2025-07-26T06:14:14+00:00
33.5942937974747,130.35114527585083,7.975651334039867,2025-07-26T06:14:25+00:00
33.59435752481266,130.3510688285684,8.374963702633977,2025-07-26T06:14:34+00:00
33.5944085605197,130.3509674101981,7.827725011855364,2025-07-26T06:14:45+00:00
33.5944226205514,130.35086010546252,8.31469151750207,2025-07-26T06:14:56+00:00
33.594400522234736,130.3507478978902,8.774110739119351,2025-07-26T06:15:07+00:00
33.59444385623691,130.35064787529413,5.392832178622484,2025-07-26T06:15:39+00:00
33.594463799140016,130.3505353189898,6.247622140683234,2025-07-26T06:15:47+00:00
33.59446313347084,130.35041632957922,6.4966113967821,2025-07-26T06:15:56+00:00
33.59444592569176,130.35030320579637,5.995309615507722,2025-07-26T06:16:05+00:00
33.594440459186615,130.35019211159894,5.265975282527506,2025-07-26T06:16:14+00:00
33.594435856156394,130.3500749880937,4.618555384688079,2025-07-26T06:16:23+00:00
33.59442560451643,130.34995720540655,4.501325591467321,2025-07-26T06:16:33+00:00
33.59441255158615,130.34984698766215,4.330746388994157,2025-07-26T06:16:42+00:00
33.59441499271675,130.34972964294798,4.320145924575627,2025-07-26T06:16:52+00:00
33.59437520702844,130.3496281916568,4.636363578028977,2025-07-26T06:17:01+00:00
33.594360000570006,130.3495177665772,3.9969198433682323,2025-07-26T06:17:10+00:00
33.59430313583137,130.34943305960854,4.683170140720904,2025-07-26T06:17:21+00:00
33.59421640958598,130.3493944373249,6.467575305141509,2025-07-26T06:17:31+00:00
33.59417018185848,130.34929878297723,6.113220405764878,2025-07-26T06:17:41+00:00
33.59415436630362,130.3491817354656,6.486849222332239,2025-07-26T06:17:53+00:00
33.59413982220539,130.34907532184835,6.492185388691723,2025-07-26T06:18:03+00:00
33.59412268887959,130.34896404162274,5.301569423638284,2025-07-26T06:18:12+00:00
33.59411610246638,130.34885545226712,5.629506956785917,2025-07-26T06:18:20+00:00
33.59413192014219,130.34874625740545,6.149717872962356,2025-07-26T06:18:28+00:00
33.594160327753535,130.34863616604193,6.496600705198944,2025-07-26T06:18:36+00:00
33.594147773596816,130.34852330552184,6.685545086860657,2025-07-26T06:18:46+00:00
33.59416867225191,130.34840825915478,5.971141348592937,2025-07-26T06:18:55+00:00
33.594188765995476,130.34829627601033,6.212553307414055,2025-07-26T06:19:04+00:00
33.59417815946628,130.348180545201,6.073268100619316,2025-07-26T06:19:15+00:00
33.59416122790958,130.34807328416457,5.330083066597581,2025-07-26T06:19:24+00:00
33.59415991496955,130.34795576379602,4.84902661293745,2025-07-26T06:19:33+00:00
33.59417704574776,130.3478375013086,5.195029056631029,2025-07-26T06:19:43+00:00
33.59413285551554,130.34773603700546,6.4473227467387915,2025-07-26T06:19:54+00:00
33.594132634573995,130.34761785441086,7.198688582517207,2025-07-26T06:20:03+00:00
33.5940980495711,130.3475040026965,7.742979738861322,2025-07-26T06:20:12+00:00
33.594064758592914,130.3473893938844,8.654880062676966,2025-07-26T06:20:22+00:00
33.5940686433866,130.34727000479128,8.846867810934782,2025-07-26T06:20:32+00:00
33.59410634358762,130.3471684742244,8.53050590120256,2025-07-26T06:20:41+00:00
33.59411317771652,130.34705352207905,8.70453084167093,2025-07-26T06:20:53+00:00
33.59407364023308,130.3469508808993,9.360772047191858,2025-07-26T06:21:05+00:00
33.59405301964998,130.3468437545972,9.18261220306158,2025-07-26T06:21:15+00:00
33.59407362586222,130.3467337244654,9.240863553248346,2025-07-26T06:21:24+00:00
33.594107001656454,130.34661315105114,9.83501655422151,2025-07-26T06:21:34+00:00
33.59415626917593,130.34650994864978,8.48890858516097,2025-07-26T06:21:43+00:00
33.59413558651401,130.34639385332727,7.345510316081345,2025-07-26T06:21:55+00:00
33.594066205369394,130.34631205633588,6.607222180813551,2025-07-26T06:22:10+00:00
33.5940309089445,130.3461999785078,5.33524130936712,2025-07-26T06:22:23+00:00
33.594016559885524,130.34608985193594,4.487907508388162,2025-07-26T06:22:34+00:00
33.593952207426,130.3460116560691,3.8001026017591357,2025-07-26T06:22:45+00:00
33.59385400487381,130.34599200884975,5.356952360831201,2025-07-26T06:22:53+00:00
33.5937640533625,130.34596966146657,5.866978144273162,2025-07-26T06:23:00+00:00
33.593670789095384,130.34593482903924,5.925482222810388,2025-07-26T06:23:08+00:00
33.59357311895552,130.34589566040856,7.28982103895396,2025-07-26T06:23:17+00:00
33.59348299247158,130.3458614066528,6.084001538343728,2025-07-26T06:23:24+00:00
33.59338595058504,130.34583407686446,5.292046680115163,2025-07-26T06:23:32+00:00
33.59329258781028,130.34580716452007,4.509924566373229,2025-07-26T06:23:40+00:00
33.59319895435463,130.3457898121955,4.651902589946985,2025-07-26T06:23:48+00:00
33.59310553746565,130.34576203300648,5.083994970656931,2025-07-26T06:23:57+00:00
33.59301366132701,130.34573411095417,4.842568088322878,2025-07-26T06:24:05+00:00
33.5929197077473,130.3457188611187,5.171483580954373,2025-07-26T06:24:14+00:00
33.59282069517809,130.34571750574435,4.902100499719381,2025-07-26T06:24:23+00:00
33.59272892180438,130.34571156283562,4.491048007272184,2025-07-26T06:24:31+00:00
33.592634179136844,130.34570752995626,3.8969883490353823,2025-07-26T06:24:39+00:00
33.592533393357066,130.34570546930485,3.904703031294048,2025-07-26T06:24:48+00:00
33.59243544940861,130.3456921613243,4.308309173211455,2025-07-26T06:24:56+00:00
33.5923446347286,130.34566815090307,4.455537187866867,2025-07-26T06:25:05+00:00
33.59225059217843,130.34563772287908,4.725904467515647,2025-07-26T06:25:13+00:00
33.59215134883612,130.3456295558216,5.228320736438036,2025-07-26T06:25:22+00:00
33.59205640785931,130.3456054722305,5.066324517130852,2025-07-26T06:25:31+00:00
33.591960628459155,130.34559417285544,5.097744367085397,2025-07-26T06:25:41+00:00
33.59186945469762,130.34558179186192,4.800549349747598,2025-07-26T06:25:48+00:00
33.59177778932434,130.34554784537508,5.426951639354229,2025-07-26T06:25:57+00:00
33.59168346084455,130.3455217710599,6.30667489208281,2025-07-26T06:26:05+00:00
33.59159290876429,130.34549242035771,6.092812062241137,2025-07-26T06:26:13+00:00
33.591503065021065,130.34546939076006,5.422637647949159,2025-07-26T06:26:22+00:00
33.591401607745354,130.34545109854318,5.903953629545867,2025-07-26T06:26:30+00:00
33.59130503028374,130.34543294126982,7.5485178073868155,2025-07-26T06:26:39+00:00
33.59121240791183,130.34540369820934,7.004453524015844,2025-07-26T06:26:48+00:00
33.59112413196242,130.34538150575864,7.36186711024493,2025-07-26T06:26:56+00:00
33.59103273808362,130.34535383075882,7.383273700252175,2025-07-26T06:27:05+00:00
33.590937745171615,130.34533673049387,6.622003243304789,2025-07-26T06:27:14+00:00
33.59084997397683,130.34530892229924,6.9600347727537155,2025-07-26T06:27:22+00:00
33.59075283004973,130.34530196706035,5.853526886552572,2025-07-26T06:27:31+00:00
33.590658008270786,130.34528227813772,5.575770799070597,2025-07-26T06:27:40+00:00
33.59056470693878,130.34527146650328,6.327761336229742,2025-07-26T06:27:51+00:00
33.59046390604965,130.3452992465722,5.138506509363651,2025-07-26T06:28:08+00:00
33.5903671917507,130.34529724359143,5.977863886393607,2025-07-26T06:28:16+00:00
33.59026598456239,130.34527920483836,6.400259597226977,2025-07-26T06:28:26+00:00
33.59017452195224,130.34524102588682,7.833206587471068,2025-07-26T06:28:35+00:00
33.59009050819944,130.34518492308194,7.4081888208165765,2025-07-26T06:28:43+00:00
33.59000801059221,130.34513097961232,6.263199447654188,2025-07-26T06:28:53+00:00
33.589917305633705,130.34510596128615,4.6986549608409405,2025-07-26T06:29:02+00:00
33.589814493665614,130.34507371032907,5.251358761452138,2025-07-26T06:29:09+00:00
33.589720578674985,130.3450745166366,5.80210542306304,2025-07-26T06:29:16+00:00
33.589624506465746,130.34506443443775,5.545104551129043,2025-07-26T06:29:23+00:00
33.58953275869935,130.34505676115467,5.32038258947432,2025-07-26T06:29:31+00:00
33.589437859657934,130.34504058777782,5.904491152614355,2025-07-26T06:29:41+00:00
33.589342946438926,130.34499182693693,5.381203092634678,2025-07-26T06:29:51+00:00
33.58925258631167,130.34493868667147,5.1124629164114594,2025-07-26T06:30:03+00:00
33.58915600159244,130.34492788425175,5.352200614288449,2025-07-26T06:30:12+00:00
33.58906527461652,130.34490958234844,5.355506804771721,2025-07-26T06:30:23+00:00
33.58896435818356,130.3448863209777,5.420684629119933,2025-07-26T06:30:31+00:00
33.58886486407971,130.34486444914694,6.579381546936929,2025-07-26T06:30:39+00:00
33.58877383830549,130.34484903561986,5.459216416813433,2025-07-26T06:30:48+00:00
33.588691014125864,130.34480590702594,7.070936896838248,2025-07-26T06:30:57+00:00
33.5885986870348,130.3447881861072,6.111435533501208,2025-07-26T06:31:06+00:00
33.58849603705735,130.34479123976973,5.4672424821183085,2025-07-26T06:31:14+00:00
33.58839783343976,130.34478261772287,5.652709206566215,2025-07-26T06:31:23+00:00
33.58830868439073,130.34474903031642,6.814163983799517,2025-07-26T06:31:32+00:00
33.58821552136177,130.34475453862277,8.226880609057844,2025-07-26T06:31:41+00:00
33.58812025230796,130.34473547621656,8.030847310088575,2025-07-26T06:31:50+00:00
33.58802529733876,130.34471301530596,7.597231136634946,2025-07-26T06:31:58+00:00
33.587930433275965,130.34469709142206,5.8018251452594995,2025-07-26T06:32:09+00:00
33.587844816769234,130.344654634082,5.096701142378151,2025-07-26T06:32:20+00:00
33.58773469828408,130.34469103673518,4.951729025691748,2025-07-26T06:32:26+00:00
33.58763893453355,130.3446706795436,5.085277775302529,2025-07-26T06:32:32+00:00
33.58753927213516,130.34466807173848,5.214690214022994,2025-07-26T06:32:42+00:00
33.58744608227158,130.34465587095832,3.4176158821210265,2025-07-26T06:32:53+00:00
33.58735785262556,130.34462008762966,3.8673484520986676,2025-07-26T06:33:03+00:00
33.58728017550036,130.34454567906047,3.6978768557310104,2025-07-26T06:33:11+00:00
33.587193612317634,130.34449800306422,4.539446352049708,2025-07-26T06:33:18+00:00
33.587102393622835,130.34446991205044,4.826549610123038,2025-07-26T06:33:26+00:00
33.58700796399237,130.34443865825648,3.4157408345490694,2025-07-26T06:33:34+00:00
33.586918164853124,130.34438297633366,3.494875223375857,2025-07-26T06:33:44+00:00
33.586855295441744,130.34430334053374,5.131144201382995,2025-07-26T06:33:53+00:00
33.586761862835054,130.34427300208455,4.748852104879916,2025-07-26T06:34:01+00:00
33.58666937535082,130.34423997690035,4.685155052691698,2025-07-26T06:34:09+00:00
33.58658402237542,130.3441863796161,4.009580299258232,2025-07-26T06:34:18+00:00
33.58648892439852,130.344160987955,3.836295329965651,2025-07-26T06:34:27+00:00
33.586390683563884,130.34412555463092,3.6630917554721236,2025-07-26T06:34:36+00:00
33.58629728754193,130.344086821151,3.5180038306862116,2025-07-26T06:34:45+00:00
33.58621380805383,130.34404492456517,3.7983558708801866,2025-07-26T06:34:53+00:00
33.586126421246306,130.34401598130472,2.6192347882315516,2025-07-26T06:35:01+00:00
33.58603479623423,130.343979292488,2.0447916947305202,2025-07-26T06:35:10+00:00
33.58594420765691,130.3439275384666,1.7432321654632688,2025-07-26T06:35:21+00:00
33.58585528379234,130.34388672425746,2.2904634531587362,2025-07-26T06:35:29+00:00
33.58576292294457,130.34385692632065,1.912198930978775,2025-07-26T06:35:38+00:00
33.585668477770525,130.3438085192483,2.1311872778460383,2025-07-26T06:35:47+00:00
33.585577367468346,130.34376946494595,2.161142892204225,2025-07-26T06:35:56+00:00
33.585495408395936,130.34370405414484,2.7673101369291544,2025-07-26T06:36:05+00:00
33.585409518942186,130.34366957160606,2.6665765969082713,2025-07-26T06:36:13+00:00
33.58531337236784,130.34365360180647,1.9216161500662565,2025-07-26T06:36:22+00:00
33.58522209690316,130.343655542733,1.6399499364197254,2025-07-26T06:36:30+00:00
33.58512507726795,130.34363362255345,2.066137418150902,2025-07-26T06:36:38+00:00
33.58503386983463,130.3436263349378,2.896849051117897,2025-07-26T06:36:47+00:00
33.584942914787966,130.34360552751326,3.668013349175453,2025-07-26T06:36:55+00:00
33.58484907969617,130.34359167819687,3.1849396768957376,2025-07-26T06:37:04+00:00
33.584758717908144,130.34358248554184,3.4550170386210084,2025-07-26T06:37:13+00:00
33.584662099385625,130.34357836376543,3.1693842075765133,2025-07-26T06:37:21+00:00
33.58456161086168,130.34358753654962,3.435954984277487,2025-07-26T06:37:30+00:00
33.5844690557789,130.34358830012292,3.698411513119936,2025-07-26T06:37:38+00:00
33.58437373688487,130.34358883415788,3.6487858798354864,2025-07-26T06:37:47+00:00
33.58427615083872,130.34357286808404,3.7470074417069554,2025-07-26T06:37:56+00:00
33.58418515912821,130.34357464966916,3.9794583301991224,2025-07-26T06:38:05+00:00
33.58409249640948,130.34358235817928,4.682282019406557,2025-07-26T06:38:14+00:00
33.58400116812767,130.34358958965245,4.162303847260773,2025-07-26T06:38:23+00:00
33.58390629517265,130.34359931187325,3.5679519791156054,2025-07-26T06:38:32+00:00
33.583809284291014,130.34361974498944,3.8155735302716494,2025-07-26T06:38:40+00:00
33.583719415242456,130.34357977542825,5.032927551306784,2025-07-26T06:38:52+00:00
33.58368450961864,130.34346910284876,6.074412127956748,2025-07-26T06:39:00+00:00
33.5836546448274,130.3433653749483,4.958409054204822,2025-07-26T06:39:08+00:00
33.583616587317685,130.3432550001467,4.239505996927619,2025-07-26T06:39:17+00:00
33.58359422295678,130.3431404801821,4.27313111256808,2025-07-26T06:39:25+00:00
33.58356139295424,130.3430292037389,4.5744164399802685,2025-07-26T06:39:32+00:00
33.5835729478912,130.34291588488247,4.167454715818167,2025-07-26T06:39:42+00:00
33.58359352012152,130.34281035800075,4.698615318164229,2025-07-26T06:39:50+00:00
33.58355337908634,130.34270734062568,5.306713175959885,2025-07-26T06:39:58+00:00
33.583498118391425,130.3426136039532,4.89503257907927,2025-07-26T06:40:06+00:00
33.583461407546324,130.3425052521699,5.374083238653839,2025-07-26T06:40:14+00:00
33.58342327175675,130.34240257963035,4.182982159778476,2025-07-26T06:40:23+00:00
33.58332645550261,130.3424081632891,4.849032111465931,2025-07-26T06:40:31+00:00
33.58322923017708,130.3424390643496,5.26146471966058,2025-07-26T06:40:39+00:00
33.58313550776213,130.34246939144697,5.396977284923196,2025-07-26T06:40:47+00:00
33.58304665580868,130.34250334876978,4.651063086465001,2025-07-26T06:40:55+00:00
33.58295921886628,130.3425416759154,4.980595541186631,2025-07-26T06:41:03+00:00
33.58286385775595,130.34257013269493,5.2107489835470915,2025-07-26T06:41:12+00:00
33.58277729612153,130.34261691789192,5.8294044602662325,2025-07-26T06:41:20+00:00
33.582688499376786,130.34266570779866,6.140659585595131,2025-07-26T06:41:29+00:00
33.582613702460506,130.3425926163972,6.129605161957443,2025-07-26T06:41:39+00:00
33.58253615993065,130.34252282557003,5.438466222956777,2025-07-26T06:41:49+00:00
33.582479320109414,130.3424261495365,5.177872008644044,2025-07-26T06:41:57+00:00
33.5824454264491,130.34232310613535,4.949716594070196,2025-07-26T06:42:04+00:00
33.582405838262346,130.34221524212506,4.814814084209502,2025-07-26T06:42:12+00:00
33.58236231091183,130.34211002683608,4.851665896363556,2025-07-26T06:42:21+00:00
33.58232001744241,130.34200015696368,4.564935649745166,2025-07-26T06:42:30+00:00
33.58228798737732,130.3418960498978,4.415875431150198,2025-07-26T06:42:39+00:00
33.58223485609191,130.34179998530882,5.25847112480551,2025-07-26T06:42:47+00:00
33.58218741980734,130.34170308430114,5.43774716835469,2025-07-26T06:42:56+00:00
33.58213447449103,130.34160655895764,4.907118313014507,2025-07-26T06:43:05+00:00
33.58207272089596,130.34151968689963,5.025466600432992,2025-07-26T06:43:13+00:00
33.582007552318906,130.34143656336548,5.2014695182442665,2025-07-26T06:43:21+00:00
33.5819577600067,130.34134339425805,5.042361677624285,2025-07-26T06:43:29+00:00
33.581910978108574,130.34124622615434,5.315860136412084,2025-07-26T06:43:37+00:00
33.58185647283607,130.34115367949502,5.607958756387234,2025-07-26T06:43:45+00:00
33.581797115270334,130.3410589579424,5.315398749895394,2025-07-26T06:43:54+00:00
33.581748348035156,130.34096494251256,5.0936290845274925,2025-07-26T06:44:02+00:00
33.58169612045463,130.34087558537033,5.374138182029128,2025-07-26T06:44:10+00:00
33.58163417529595,130.3407930795891,5.284828671254218,2025-07-26T06:44:19+00:00
33.581556713828626,130.34072537374064,4.977624613791704,2025-07-26T06:44:28+00:00
33.58145531183776,130.34073075841414,6.126843602396548,2025-07-26T06:44:37+00:00
33.58136237872928,130.34072467156508,5.910927359946072,2025-07-26T06:44:47+00:00
33.5812622317727,130.3407018321667,6.347876952029765,2025-07-26T06:44:57+00:00
33.58115929293563,130.34070115621236,7.349549523554742,2025-07-26T06:45:07+00:00
33.581064382116544,130.3407052738404,7.499892042949796,2025-07-26T06:45:15+00:00
33.58097296988427,130.34071124359392,6.794919515028596,2025-07-26T06:45:24+00:00
33.58087452074833,130.3407154092566,6.349015527404845,2025-07-26T06:45:34+00:00
33.580786107303105,130.34068223389468,5.479276645928621,2025-07-26T06:45:44+00:00
33.58069280214287,130.34065233149394,5.427345003001392,2025-07-26T06:46:34+00:00
33.5806040278661,130.3406200565715,3.7469716323539615,2025-07-26T06:46:45+00:00
33.58050678955654,130.34064714436818,5.066589103080332,2025-07-26T06:46:53+00:00
33.58041584933964,130.34063346121633,5.652216464281082,2025-07-26T06:47:00+00:00
33.58032820441192,130.34060582963247,5.711996308527887,2025-07-26T06:47:07+00:00
33.58023448997866,130.3405646139468,5.585206480696797,2025-07-26T06:47:15+00:00
33.5801407951057,130.3405201127176,6.176406692713499,2025-07-26T06:47:24+00:00
33.58004618145564,130.34049286059496,5.542582429014146,2025-07-26T06:47:31+00:00
33.57994725547842,130.34047843941707,5.56787208840251,2025-07-26T06:47:39+00:00
33.57986334063216,130.34043901382654,5.487442524172366,2025-07-26T06:47:46+00:00
33.57977205207943,130.34038489738606,4.93074344098568,2025-07-26T06:47:53+00:00
33.57968519512059,130.34034200281485,5.203262138180435,2025-07-26T06:48:01+00:00
33.57960414334195,130.34027085681424,5.779197879135609,2025-07-26T06:48:09+00:00
33.579513572973404,130.34021858921037,6.203818393871188,2025-07-26T06:48:17+00:00
33.57942027003612,130.3401666296123,5.902924977242947,2025-07-26T06:48:26+00:00
33.57933783923729,130.34010511867942,6.039160404354334,2025-07-26T06:48:34+00:00
33.579254095448945,130.3400382907892,6.373905955813825,2025-07-26T06:48:42+00:00
33.57916247736805,130.34000527792546,6.230615288950503,2025-07-26T06:48:49+00:00
33.579084498730225,130.33994859399454,6.08741198386997,2025-07-26T06:48:57+00:00
33.57899372202686,130.33989002733608,5.913286715745926,2025-07-26T06:49:05+00:00
33.578902370896856,130.3398296415858,6.601438822224736,2025-07-26T06:49:14+00:00
33.57882185067726,130.339762788489,5.899628785438836,2025-07-26T06:49:22+00:00
33.57874825760239,130.33969651794249,5.661860921420157,2025-07-26T06:49:30+00:00
33.578667824259256,130.33964097086175,6.233745696954429,2025-07-26T06:49:38+00:00
33.57858459764377,130.33957212460493,5.909484473057091,2025-07-26T06:49:48+00:00
33.57850259891672,130.33951483889632,6.663003209978342,2025-07-26T06:49:56+00:00
33.578406799077406,130.33947042329,5.926799824461341,2025-07-26T06:50:05+00:00
33.57832645124679,130.33941991081755,6.014745018444955,2025-07-26T06:50:12+00:00
33.57823772068391,130.33937855660773,5.909090336412191,2025-07-26T06:50:20+00:00
33.5781450043109,130.3393581686699,5.959348816424608,2025-07-26T06:50:28+00:00
33.57805180293633,130.33931953124764,5.775303507223725,2025-07-26T06:50:37+00:00
33.57796162033186,130.33931386278,6.365026927553117,2025-07-26T06:50:45+00:00
33.57786312959356,130.33929519825395,5.756230095401406,2025-07-26T06:50:53+00:00
33.577772144729984,130.3392403024311,4.904750783927739,2025-07-26T06:51:02+00:00
33.57768201483794,130.33921377897045,5.43170337472111,2025-07-26T06:51:10+00:00
33.577602869109334,130.3391615759121,5.874164865352213,2025-07-26T06:51:18+00:00
33.57751147595114,130.33913178566155,5.935902307741344,2025-07-26T06:51:26+00:00
33.57742173486694,130.33908919336335,6.290074100717902,2025-07-26T06:51:34+00:00
33.577330260889156,130.3390530515224,6.2254335870966315,2025-07-26T06:51:43+00:00
33.577244951293906,130.33900234030165,6.025369145907462,2025-07-26T06:51:52+00:00
33.577184705480455,130.33890531249878,5.197692198678851,2025-07-26T06:52:00+00:00
33.57709444273163,130.33888358174002,4.714405211620033,2025-07-26T06:52:10+00:00
33.57700293731369,130.33885569423944,4.374451472423971,2025-07-26T06:52:20+00:00
33.57691666562466,130.33881106381094,4.584429883398116,2025-07-26T06:52:28+00:00
33.576825264592586,130.3388005984184,5.258905026130378,2025-07-26T06:52:35+00:00
33.576724695412345,130.33879090871972,5.581690945662558,2025-07-26T06:52:43+00:00
33.57663114813047,130.33876689553566,4.870567723177373,2025-07-26T06:52:51+00:00
33.57654210236532,130.33873956810555,5.654635085724294,2025-07-26T06:52:58+00:00
33.57645218260207,130.3387023276535,6.204280840232968,2025-07-26T06:53:07+00:00
33.57636135434732,130.3386941161685,5.99371466320008,2025-07-26T06:53:14+00:00
33.57626879445627,130.33865803985853,5.954622033052146,2025-07-26T06:53:22+00:00
33.57617973567558,130.33863376314685,6.264482780359685,2025-07-26T06:53:30+00:00
33.576083145245754,130.3386044413942,6.001426896080375,2025-07-26T06:53:39+00:00
33.57599091334484,130.3385797439612,6.807975776493549,2025-07-26T06:53:48+00:00
33.5758943373551,130.33855860655854,6.408505642786622,2025-07-26T06:53:57+00:00
33.57580022768614,130.33852784487354,6.0595379350706935,2025-07-26T06:54:06+00:00
33.57571259003135,130.3385005865974,6.9737927922979,2025-07-26T06:54:14+00:00
33.57562146767996,130.33846520150422,6.490204970352352,2025-07-26T06:54:23+00:00
33.57552632549132,130.33843222320627,5.953185242600739,2025-07-26T06:54:32+00:00
33.57543184595908,130.33838455268204,5.121169307269156,2025-07-26T06:54:41+00:00
33.575330749392855,130.33835543477204,5.511746882461011,2025-07-26T06:54:50+00:00
33.57524477260111,130.3383218346452,5.289397591724992,2025-07-26T06:54:58+00:00
33.575151883306205,130.33828366987197,5.556658901274204,2025-07-26T06:55:07+00:00
33.57505452349808,130.33826908530577,5.995611253194511,2025-07-26T06:55:16+00:00
33.57496302446923,130.33822298949028,5.19630425889045,2025-07-26T06:55:25+00:00
33.57486857767437,130.33819410628436,6.157336114905775,2025-07-26T06:55:35+00:00
33.57476835284046,130.33817257757607,5.801645964384079,2025-07-26T06:55:43+00:00
33.57467254056681,130.33815175380528,6.290979265235364,2025-07-26T06:56:08+00:00
33.574585755386934,130.33812080044947,6.092242268845439,2025-07-26T06:56:15+00:00
33.57450000123106,130.33808738012206,5.829750932753086,2025-07-26T06:56:23+00:00
33.57440238728554,130.33806206531838,5.830342467874289,2025-07-26T06:56:32+00:00
33.574312770488916,130.33804312077297,6.8697630213573575,2025-07-26T06:56:39+00:00
33.574225471088994,130.3380042233962,5.301597403362393,2025-07-26T06:56:47+00:00
33.57413543330215,130.3379666115224,6.135520865209401,2025-07-26T06:56:55+00:00
33.574050613933636,130.33792464679453,5.279490342363715,2025-07-26T06:57:03+00:00
33.57394860431529,130.33791238851944,5.7971754260361195,2025-07-26T06:57:12+00:00
33.57385274360878,130.33788180064263,6.1586101818829775,2025-07-26T06:57:20+00:00
33.5737639447319,130.33785743001056,5.713504917919636,2025-07-26T06:57:28+00:00
33.57366884925816,130.3378488762774,6.68620132189244,2025-07-26T06:57:37+00:00
33.57357334424792,130.3378310997625,6.388658255338669,2025-07-26T06:57:45+00:00
33.573483418967804,130.33780407205654,6.166581513360143,2025-07-26T06:57:53+00:00
33.57339362044386,130.3377936350324,6.045871606096625,2025-07-26T06:58:01+00:00
33.5733040353871,130.33776858917733,6.208414413034916,2025-07-26T06:58:10+00:00
33.57320955240155,130.3377549296027,5.127680312842131,2025-07-26T06:58:18+00:00
33.573110595387256,130.3377474629282,6.088061168789864,2025-07-26T06:58:27+00:00
33.57301822656639,130.33772410623374,5.375860955566168,2025-07-26T06:58:44+00:00
33.57292594798775,130.33769593408232,5.537054913118482,2025-07-26T06:58:53+00:00
33.57283411436654,130.33768599727986,5.224481067620218,2025-07-26T06:59:01+00:00
33.572745175440474,130.3376562659893,5.558347538113594,2025-07-26T06:59:10+00:00
33.57265413653916,130.33764685969007,6.1484577199444175,2025-07-26T06:59:18+00:00
33.57255830149028,130.33763776617764,6.4346667136996984,2025-07-26T06:59:26+00:00
33.572464735299526,130.33762506231363,6.614511772990227,2025-07-26T06:59:35+00:00
33.57236945616847,130.33760612098524,6.6814737329259515,2025-07-26T06:59:45+00:00
33.57227072501262,130.33758489470463,7.291510067880154,2025-07-26T06:59:55+00:00
33.57218146679746,130.33756416680862,8.039511013776064,2025-07-26T07:00:04+00:00
33.572082389373584,130.33754925995956,8.742579113692045,2025-07-26T07:00:13+00:00
33.571991307915596,130.337529336723,8.45442047715187,2025-07-26T07:00:22+00:00
33.571901719973354,130.33750863717705,8.193501758389175,2025-07-26T07:00:30+00:00
33.57180486894326,130.33748532149357,8.629921845160425,2025-07-26T07:00:38+00:00
33.57170807750139,130.33747751260208,8.983346404507756,2025-07-26T07:00:48+00:00
33.57161430267246,130.33744058932294,9.173232214525342,2025-07-26T07:00:57+00:00
33.57152586769299,130.3374118446739,8.730352804996073,2025-07-26T07:01:05+00:00
33.57144076905596,130.33736663259364,9.302828312851489,2025-07-26T07:01:13+00:00
33.571354497340835,130.33730976231104,9.296688727103174,2025-07-26T07:01:21+00:00
33.57126340730398,130.3372646190015,9.10388505924493,2025-07-26T07:01:30+00:00
33.571184783572726,130.33720798766163,8.700821042992175,2025-07-26T07:01:38+00:00
33.571094771219066,130.33716687031432,9.136642687954009,2025-07-26T07:01:46+00:00
33.57101503542352,130.3371127775367,8.499384145252407,2025-07-26T07:01:54+00:00
33.57093284493596,130.33706105598864,9.02218823786825,2025-07-26T07:02:02+00:00
33.570854668900225,130.3369967698164,8.75064627546817,2025-07-26T07:02:11+00:00
33.57076817691651,130.33694099704275,8.070539708249271,2025-07-26T07:02:20+00:00
33.570684877638165,130.33688328766004,8.189443529583514,2025-07-26T07:02:29+00:00
33.57060741560376,130.33681286152958,8.735050043091178,2025-07-26T07:02:38+00:00
33.57053315123615,130.3367342119695,9.967689061537385,2025-07-26T07:02:59+00:00
33.57045489119009,130.3366591432991,9.866416831500828,2025-07-26T07:03:07+00:00
33.57040155008229,130.33656685159156,9.90440895408392,2025-07-26T07:03:15+00:00
33.5703433219869,130.3364787364885,9.512136665172875,2025-07-26T07:03:23+00:00
33.57027435700826,130.33640927084318,9.674143144860864,2025-07-26T07:03:31+00:00
33.57020828576889,130.3363223091286,9.311407375149429,2025-07-26T07:03:39+00:00
33.57013804700214,130.3362542429245,9.958597055636346,2025-07-26T07:03:47+00:00
33.57005685116472,130.33618798424055,13.569972546771169,2025-07-26T07:03:58+00:00
33.56999547210655,130.33609710530828,13.759326314553618,2025-07-26T07:04:06+00:00
33.56990939072645,130.33603009308914,13.273571108467877,2025-07-26T07:04:14+00:00
33.56984180950078,130.33595760712285,13.951175752095878,2025-07-26T07:04:22+00:00
33.56977913645051,130.33586636687545,13.73727561533451,2025-07-26T07:04:31+00:00
33.56972010652672,130.33578068827953,13.624940097332,2025-07-26T07:04:39+00:00
33.569672293513754,130.3356801222951,11.317573104985058,2025-07-26T07:04:46+00:00
33.569617861132606,130.33559115250645,10.427826478146017,2025-07-26T07:05:08+00:00
33.56955839959176,130.3354976011471,9.796242292039096,2025-07-26T07:05:16+00:00
33.569497963789026,130.33541733430332,9.874647883698344,2025-07-26T07:05:23+00:00
33.56944735372649,130.33532633512505,10.067049557343125,2025-07-26T07:05:30+00:00
33.569396073487304,130.3352313272517,10.446735084056854,2025-07-26T07:05:37+00:00
33.56935502354837,130.33513482149561,10.35317706130445,2025-07-26T07:05:44+00:00
33.56930405172603,130.33503710788233,10.782589906826615,2025-07-26T07:05:52+00:00
33.5692543917515,130.33493284327088,11.02941130939871,2025-07-26T07:06:00+00:00
33.56920091144631,130.33484431855405,10.544419320300221,2025-07-26T07:06:08+00:00
33.56915305378136,130.33474982426998,11.189851014874876,2025-07-26T07:06:16+00:00
33.569095668454565,130.33465367401539,11.395883935503662,2025-07-26T07:06:23+00:00
33.56904423981542,130.33455522408414,11.052209050394595,2025-07-26T07:06:31+00:00
33.568993931674335,130.33445529822856,11.066611433401704,2025-07-26T07:06:40+00:00
33.56894451812396,130.3343570549697,12.635774322785437,2025-07-26T07:06:49+00:00
33.568897342353196,130.33425710537904,12.56836793385446,2025-07-26T07:06:57+00:00
33.56883970567767,130.3341697722631,14.265667996369302,2025-07-26T07:07:05+00:00
33.56879732784356,130.33406873537183,15.348773024044931,2025-07-26T07:07:13+00:00
33.568763956510026,130.33396475270294,14.213940473273396,2025-07-26T07:07:20+00:00
33.5687135155678,130.33386825199221,15.273025690577924,2025-07-26T07:07:28+00:00
33.56866055883262,130.33377837079323,16.28047313261777,2025-07-26T07:07:37+00:00
33.56862356792971,130.33367295870485,14.745756616815925,2025-07-26T07:07:45+00:00
33.5685817238821,130.33357198226335,14.695292229764163,2025-07-26T07:07:54+00:00
33.56852281590188,130.33348389788677,14.368266798555851,2025-07-26T07:08:02+00:00
33.568449836252576,130.33341812217213,15.46975854691118,2025-07-26T07:08:11+00:00
33.568385731001335,130.33333809723635,19.363148875534534,2025-07-26T07:08:21+00:00
33.56833470637613,130.333222167553,17.835006764158607,2025-07-26T07:08:29+00:00
33.568334225611686,130.33310915954135,15.512296272441745,2025-07-26T07:08:35+00:00
33.56835172080173,130.3329989496576,13.244767150841653,2025-07-26T07:08:41+00:00
33.56835881046104,130.33289126034842,12.571767089888453,2025-07-26T07:08:48+00:00
33.56837113925502,130.33276710390828,11.495802242308855,2025-07-26T07:08:55+00:00
33.568364096464244,130.33265492917855,12.160377069376409,2025-07-26T07:09:02+00:00
33.56835001687899,130.33253803630643,13.251225483603776,2025-07-26T07:09:10+00:00
33.56835379037541,130.33242874185618,11.22564438637346,2025-07-26T07:09:17+00:00
33.56836726647394,130.33231457564128,11.191244547255337,2025-07-26T07:09:25+00:00
33.56837580707517,130.33220473903847,11.683214539662004,2025-07-26T07:09:34+00:00
33.56839303200985,130.33209510979708,12.232962675392628,2025-07-26T07:09:44+00:00
33.56842395926041,130.3319777646634,12.540425132960081,2025-07-26T07:09:53+00:00
33.568420071257584,130.33186011793578,12.515367447398603,2025-07-26T07:10:01+00:00
33.568387890323415,130.33174428867522,11.912783598527312,2025-07-26T07:10:10+00:00
33.5683763228469,130.33163201442574,11.547903811559081,2025-07-26T07:10:18+00:00
33.568357544578674,130.331525736774,14.212368920445442,2025-07-26T07:10:27+00:00
33.56834231902728,130.33141170289113,18.08435821533203,2025-07-26T07:10:39+00:00
33.56834316446728,130.33129469631004,15.987105123698711,2025-07-26T07:10:46+00:00
33.56835963143967,130.3311706709816,13.35139548778534,2025-07-26T07:10:53+00:00
33.56835264019169,130.33106092558367,14.606519989669323,2025-07-26T07:11:02+00:00
33.56835002289366,130.33095307983757,13.362103002145886,2025-07-26T07:11:08+00:00
33.56834506369031,130.3308399281974,13.090294458903372,2025-07-26T07:11:16+00:00
33.56828816491787,130.3307468981632,14.086444829590619,2025-07-26T07:11:27+00:00
33.568213487997404,130.33067182614727,11.180055432021618,2025-07-26T07:11:35+00:00
33.568173823764425,130.3305639537606,10.026752518489957,2025-07-26T07:11:43+00:00
33.56816997415249,130.33044830288694,9.09635927528143,2025-07-26T07:11:51+00:00
33.56816102264211,130.3303368627106,8.627371248789132,2025-07-26T07:11:59+00:00
33.56815975471174,130.330227160321,10.107902025803924,2025-07-26T07:12:08+00:00
33.56816517241139,130.33011696844892,9.80718274321407,2025-07-26T07:12:16+00:00
33.568161858862965,130.33000882484598,8.775476520881057,2025-07-26T07:12:24+00:00
33.56815132616138,130.32988583036138,8.337085464037955,2025-07-26T07:12:32+00:00
33.56813979172558,130.32977111797405,8.561470751650631,2025-07-26T07:12:40+00:00
33.568145196830244,130.32965744265957,10.355225421488285,2025-07-26T07:12:49+00:00
33.568140086990994,130.32954286811747,11.161150952801108,2025-07-26T07:12:58+00:00
33.568134113928366,130.32942027645382,9.610411565750837,2025-07-26T07:13:06+00:00
33.56814239893949,130.3293006681439,8.13141623325646,2025-07-26T07:13:12+00:00
33.568144654977004,130.32918168389244,9.439872056245804,2025-07-26T07:13:19+00:00
33.56810020058986,130.32908464681051,16.611824575811625,2025-07-26T07:13:31+00:00
33.568096538275526,130.3289700372779,22.36435314361006,2025-07-26T07:13:41+00:00
33.568076423453064,130.32886348200472,24.510091514326632,2025-07-26T07:13:49+00:00
33.56805137941237,130.32875965963294,19.34845502115786,2025-07-26T07:13:58+00:00
33.56795874292111,130.3287505242546,9.500477126799524,2025-07-26T07:14:09+00:00
33.567867024727164,130.3287484478677,9.352173073217273,2025-07-26T07:14:17+00:00
33.567770094377714,130.3287519073274,7.57903715223074,2025-07-26T07:14:30+00:00
33.56767569320603,130.3287680677072,7.165050440467894,2025-07-26T07:14:39+00:00
33.567584088151335,130.32877003705974,8.277335715480149,2025-07-26T07:14:47+00:00
33.56748633384214,130.32876690571223,8.61781030613929,2025-07-26T07:15:46+00:00
33.56738684975775,130.32876616609747,7.759094353765249,2025-07-26T07:15:55+00:00
33.567297750837085,130.3287387779824,8.292710099369287,2025-07-26T07:16:02+00:00
33.567207307029534,130.3287455956992,8.85992019623518,2025-07-26T07:16:10+00:00
33.567112365498666,130.32871657458793,9.00098710693419,2025-07-26T07:16:19+00:00
33.56701936053633,130.3287026732253,9.321832134388387,2025-07-26T07:17:05+00:00
33.56710700001454,130.3286759249563,0.9969139248132706,2025-07-26T07:17:08+00:00
33.566980738199646,130.32871412308018,10.226722889579833,2025-07-26T07:17:14+00:00
33.566891185330725,130.32874179296945,9.495921432040632,2025-07-26T07:17:17+00:00
33.56713342687663,130.328667859574,9.555901368148625,2025-07-26T07:17:20+00:00
33.56703303226063,130.32869850051102,10.017951667308807,2025-07-26T07:17:29+00:00
33.56712727494675,130.32866973718924,15.414272322319448,2025-07-26T07:17:41+00:00
33.56696327346832,130.32872985143888,11.574572588317096,2025-07-26T07:17:46+00:00
33.56693339084754,130.32874967791435,10.474194273352623,2025-07-26T07:17:49+00:00
33.56693085957102,130.3287279137474,10.30432161130011,2025-07-26T07:18:03+00:00
33.56675648259438,130.32885788726642,10.218592052347958,2025-07-26T07:18:11+00:00
33.56671268093601,130.3289986697389,8.195143559016287,2025-07-26T07:18:14+00:00
33.566774901354535,130.3291833771097,8.903737875632942,2025-07-26T07:18:15+00:00
33.5669475300684,130.3287274810132,9.270700053311884,2025-07-26T07:18:17+00:00
33.56696022324909,130.32866445355495,9.304075778461993,2025-07-26T07:19:31+00:00
33.56652143397686,130.32898885739598,9.199803777729805,2025-07-26T07:19:48+00:00
33.56681969872704,130.3286668830923,9.199803777729805,2025-07-26T07:19:54+00:00
33.56691782361115,130.32864072595916,9.874933926388621,2025-07-26T07:19:59+00:00
33.56695300506898,130.32854093584461,8.518356920219958,2025-07-26T07:20:13+00:00
33.56701927440441,130.3285432050067,14.285160134546459,2025-07-26T07:20:17+00:00
33.56692940334806,130.3285181031988,8.618563566356897,2025-07-26T07:20:27+00:00
33.566874861845,130.3286090134381,8.80915799178183,2025-07-26T07:20:36+00:00
33.566821114129084,130.3286986005886,9.823651461862028,2025-07-26T07:20:47+00:00
33.56676428706822,130.32879332046352,7.590654756873846,2025-07-26T07:20:59+00:00
33.566708145516216,130.32888689768325,8.25014884211123,2025-07-26T07:21:07+00:00
33.56665264765108,130.32897940202207,7.771724618040025,2025-07-26T07:21:17+00:00
33.566557448024376,130.32902505573853,8.112931952811778,2025-07-26T07:21:27+00:00
33.566493830275114,130.32911829359645,7.9156030947342515,2025-07-26T07:21:31+00:00
33.566392846792226,130.32913280206927,7.13886409252882,2025-07-26T07:21:45+00:00
33.56629765218455,130.32913530769474,7.715119154192507,2025-07-26T07:21:54+00:00
33.56620619911745,130.32912811372222,7.296577326953411,2025-07-26T07:22:02+00:00
33.566113719522136,130.3291268816849,9.076286983676255,2025-07-26T07:22:11+00:00
33.56602752097593,130.3291627649177,9.635294422507286,2025-07-26T07:22:18+00:00
33.565940460270305,130.3291916425659,11.612669107504189,2025-07-26T07:22:24+00:00
33.56586122865232,130.32913676276962,11.026848853565753,2025-07-26T07:22:30+00:00
33.565782595702004,130.32906651374176,8.198596684262156,2025-07-26T07:22:39+00:00
33.5656860073733,130.329038290231,8.726174840703607,2025-07-26T07:22:48+00:00
33.565600457631504,130.32899164325778,9.107461306266487,2025-07-26T07:22:56+00:00
33.56551468208782,130.32894792254598,8.605244539678097,2025-07-26T07:23:07+00:00
33.56543882296661,130.32888835592064,8.100105391815305,2025-07-26T07:23:15+00:00
33.56535246710448,130.32884403065813,8.97267066128552,2025-07-26T07:23:24+00:00
33.56527531631946,130.3287690196302,8.635338323190808,2025-07-26T07:23:33+00:00
33.565282797223176,130.32865569224435,8.657727600075305,2025-07-26T07:23:41+00:00
33.56527787808936,130.32854555018153,8.925445678643882,2025-07-26T07:23:49+00:00
33.56527678401297,130.32843654629224,9.312797609716654,2025-07-26T07:23:57+00:00
33.56523001775025,130.32833131687883,10.10095764696598,2025-07-26T07:24:07+00:00
33.56523045082924,130.32821107839845,9.751461135223508,2025-07-26T07:24:16+00:00
33.56522425193727,130.32809271955844,9.488050929270685,2025-07-26T07:24:25+00:00
33.5652196317365,130.32796549195365,10.495206040330231,2025-07-26T07:24:34+00:00
33.5652017859363,130.327850812397,10.206087705679238,2025-07-26T07:24:43+00:00
33.56519049578631,130.32773954287973,9.645659669302404,2025-07-26T07:24:51+00:00
33.56520640453218,130.3276201783441,10.132150635123253,2025-07-26T07:24:59+00:00
33.56518241430251,130.32750782464558,10.66747470293194,2025-07-26T07:25:08+00:00
33.56515796625376,130.32740217791337,10.408393032848835,2025-07-26T07:25:17+00:00
33.56509549719249,130.32731131816473,10.330698589794338,2025-07-26T07:25:25+00:00
33.56501559461837,130.3272438862083,10.841897469945252,2025-07-26T07:25:33+00:00
33.56495448240565,130.3271500217514,10.121920677833259,2025-07-26T07:25:42+00:00
33.56487608913997,130.32708802512138,10.134235515259206,2025-07-26T07:25:50+00:00
33.56481540144804,130.32700757236952,9.265289660543203,2025-07-26T07:25:59+00:00
33.5647255783147,130.32698353000976,8.930013629607856,2025-07-26T07:26:08+00:00
33.56463697010914,130.32695484919554,9.25265333428979,2025-07-26T07:26:16+00:00
33.56453667728073,130.3269508170754,10.242210930213332,2025-07-26T07:26:24+00:00
33.56444330931566,130.3269383198306,9.27717175707221,2025-07-26T07:26:31+00:00
33.56435555100794,130.32691048879653,9.938541970215738,2025-07-26T07:26:38+00:00
33.56426111671518,130.32687818524155,9.563487897627056,2025-07-26T07:26:47+00:00
33.564161658116326,130.32688413034518,9.63812539819628,2025-07-26T07:26:55+00:00
33.564069287909,130.32688468642047,9.36236604489386,2025-07-26T07:27:03+00:00
33.56398132447652,130.32685857178888,9.65622836817056,2025-07-26T07:27:11+00:00
33.56388582968862,130.3268324838947,9.956571407616138,2025-07-26T07:27:20+00:00
33.56379454110738,130.32682061935665,10.39621022157371,2025-07-26T07:27:29+00:00
33.56369604238097,130.3268185878223,10.807740244083107,2025-07-26T07:27:37+00:00
33.56359225127814,130.32681807482254,10.590896824374795,2025-07-26T07:27:45+00:00
33.563497281742755,130.32680384693126,10.33238232228905,2025-07-26T07:27:53+00:00
33.5634045040955,130.32680605762224,10.380502965301275,2025-07-26T07:28:00+00:00
33.56331280652027,130.3268114728166,9.635910673998296,2025-07-26T07:28:08+00:00
33.56321108512535,130.32681793865893,9.902620555832982,2025-07-26T07:28:16+00:00
33.563120182061915,130.32681301031724,10.617362517863512,2025-07-26T07:28:23+00:00
33.56302933690407,130.32679480339507,10.447878218255937,2025-07-26T07:28:30+00:00
33.562939159295134,130.32678179209032,10.742087215185165,2025-07-26T07:28:39+00:00
33.56284283845338,130.32677360287707,11.0352433193475,2025-07-26T07:28:49+00:00
33.56275059087548,130.3267771756083,11.1555239520967,2025-07-26T07:28:56+00:00
33.562652806616185,130.3267607677336,10.270900746807456,2025-07-26T07:29:03+00:00
33.56256045072806,130.32676311696355,10.881703524850309,2025-07-26T07:29:10+00:00
33.562460684880186,130.32674735289848,11.578383100219071,2025-07-26T07:29:18+00:00
33.56237001623287,130.32675130166564,12.3331961883232,2025-07-26T07:29:26+00:00
33.56227622077215,130.32675831202616,11.47951284982264,2025-07-26T07:29:34+00:00
33.562181792363226,130.32673233405336,11.601162497885525,2025-07-26T07:29:42+00:00
33.56208545905816,130.32673190058458,12.06228915695101,2025-07-26T07:29:50+00:00
33.561982178059424,130.32671942704013,12.420318761840463,2025-07-26T07:29:59+00:00
33.56188818637016,130.32672007027594,11.564527662470937,2025-07-26T07:30:07+00:00
33.56179976675563,130.3266963520231,10.617104509845376,2025-07-26T07:30:30+00:00
33.56170511492521,130.32670217747486,11.262419743463397,2025-07-26T07:30:37+00:00
33.56161300054754,130.32671496526393,10.973558965139091,2025-07-26T07:30:44+00:00
33.561519026512286,130.32672365534617,11.871060565114021,2025-07-26T07:30:52+00:00
33.5614209732192,130.32672713040844,12.15013172570616,2025-07-26T07:31:00+00:00
33.561322396095946,130.32672015701223,11.88343689776957,2025-07-26T07:31:12+00:00
33.561224632675554,130.32669957790802,11.921294189989567,2025-07-26T07:31:20+00:00
33.561128596458786,130.3267023212277,13.091496902517974,2025-07-26T07:31:30+00:00
33.56102327017326,130.3267007223677,13.311234323307872,2025-07-26T07:31:37+00:00
33.56093279603643,130.32668868857192,12.11086000315845,2025-07-26T07:31:45+00:00
33.56084057308599,130.3266833505543,13.212210837751627,2025-07-26T07:31:52+00:00
33.56074532671309,130.32670745570223,12.806227105669677,2025-07-26T07:32:01+00:00
33.560654605153864,130.32670433271744,12.586777178570628,2025-07-26T07:32:10+00:00
33.56056306184909,130.3266993477007,12.05897653941065,2025-07-26T07:32:18+00:00
33.56046707434049,130.32670704762046,12.004144635051489,2025-07-26T07:32:26+00:00
33.56037090117481,130.32669226776346,11.61051700823009,2025-07-26T07:32:35+00:00
33.56027105617527,130.32668499699605,11.729824896901846,2025-07-26T07:32:44+00:00
33.56017888876629,130.32668801779647,11.171976855956018,2025-07-26T07:32:52+00:00
33.560087765978736,130.32673241748267,11.766625944525003,2025-07-26T07:33:01+00:00
33.55999420449438,130.32674658405747,12.414748774841428,2025-07-26T07:33:09+00:00
33.55991370352005,130.3268043720873,11.580583569593728,2025-07-26T07:33:17+00:00
33.5598351381417,130.32688171931943,10.992438113316894,2025-07-26T07:33:26+00:00
33.55976078155453,130.32695012716985,11.195951817557216,2025-07-26T07:33:34+00:00
33.55966685215439,130.32695735026468,11.2237754072994,2025-07-26T07:33:42+00:00
33.559568861656125,130.32697023027205,11.87305270228535,2025-07-26T07:33:51+00:00
33.55947621335839,130.32696254232695,12.340479059144855,2025-07-26T07:34:01+00:00
33.5593895511207,130.32699818947543,14.441406914964318,2025-07-26T07:34:09+00:00
33.55929123837921,130.32700713161822,15.478828671388328,2025-07-26T07:34:18+00:00
33.55919625643822,130.32700746154543,15.188122067600489,2025-07-26T07:34:29+00:00
33.5591060004403,130.32698382203856,13.027857426553965,2025-07-26T07:34:41+00:00
33.55901413569287,130.32702587069147,10.561289926990867,2025-07-26T07:35:39+00:00
33.558930893592425,130.32707678183175,10.779525875113904,2025-07-26T07:35:51+00:00
33.55905816545379,130.32705638824777,11.087829723022878,2025-07-26T07:36:02+00:00
33.55891990041093,130.32701521564783,10.1799534317106,2025-07-26T07:36:06+00:00
33.55891282476202,130.32713270751307,10.21104568708688,2025-07-26T07:37:21+00:00
33.559058946588685,130.32743532222725,23.046230330131948,2025-07-26T07:38:34+00:00
33.55894319250588,130.32724513684428,22.976772324182093,2025-07-26T07:38:35+00:00
33.55894116013901,130.3270819443722,10.091897412203252,2025-07-26T07:38:36+00:00
33.55907699520021,130.32707742439248,10.137687228620052,2025-07-26T07:38:38+00:00
33.55905412495212,130.3272002141596,10.19687862880528,2025-07-26T07:39:04+00:00
33.559019360263996,130.3270358231997,10.379666993394494,2025-07-26T07:39:14+00:00
33.55906105267091,130.32713222813166,10.341414969414473,2025-07-26T07:40:27+00:00
33.559048255073556,130.3270769171244,10.02674268744886,2025-07-26T07:45:08+00:00
33.558984012374324,130.32690281991876,13.927272809669375,2025-07-26T07:46:50+00:00
33.559081207714286,130.32707616474454,10.163191359490156,2025-07-26T07:46:51+00:00
33.55889909732693,130.32711369064407,10.072073532268405,2025-07-26T07:47:02+00:00
33.55889088943009,130.32690835197485,12.340663923881948,2025-07-26T07:47:40+00:00
33.558906446683594,130.32712879062316,10.029325206764042,2025-07-26T07:47:43+00:00
33.5588975337212,130.32700993468023,10.194079115055501,2025-07-26T07:47:51+00:00
33.5589445623682,130.32695742914746,9.977533620782197,2025-07-26T07:48:06+00:00
33.55887084078985,130.32706376753913,10.03850116301328,2025-07-26T07:48:26+00:00
33.55883557771716,130.3271795906635,10.382314512506127,2025-07-26T07:48:45+00:00
33.558963513641956,130.3270797372809,10.280074827373028,2025-07-26T07:49:20+00:00
33.5590767414826,130.3270647855941,10.46727392822504,2025-07-26T07:49:22+00:00
33.55911578522486,130.32696214751877,10.78481649979949,2025-07-26T07:49:27+00:00
33.55904944404536,130.32707538091216,10.272153521887958,2025-07-26T07:49:46+00:00
33.55909504657508,130.32697429902578,10.169730392284691,2025-07-26T07:52:09+00:00
33.558941485979545,130.3270447673247,10.20228396076709,2025-07-26T07:52:37+00:00
33.55896862689287,130.32715912756439,10.410476092249155,2025-07-26T07:52:47+00:00
33.55896204349039,130.32704963582586,10.316968966275454,2025-07-26T07:53:04+00:00
33.55907801058273,130.32699927057953,10.738666414283216,2025-07-26T07:53:58+00:00
33.55894306776729,130.32701754625904,10.723397958092391,2025-07-26T07:54:02+00:00
33.558998462255325,130.32710481975556,11.904863821342587,2025-07-26T07:54:18+00:00
33.55909132929407,130.32713564614718,11.512609464116395,2025-07-26T07:54:35+00:00
33.559161230038676,130.327219377749,11.888899365440011,2025-07-26T07:54:50+00:00
33.55914646699979,130.32732750736568,11.871804913505912,2025-07-26T07:54:59+00:00
33.5591254899844,130.32743807468833,13.689763495698571,2025-07-26T07:55:36+00:00
33.5592216642238,130.3274514917871,10.45541337504983,2025-07-26T07:56:08+00:00
33.559224763218786,130.32756228978198,10.836216170340776,2025-07-26T07:56:15+00:00
33.55922956774309,130.32767310256077,11.44164963066578,2025-07-26T07:56:22+00:00
33.55927716546399,130.32776848674402,10.666990300640464,2025-07-26T07:56:30+00:00
33.55931805254202,130.32787705349423,11.093421159312129,2025-07-26T07:56:38+00:00
33.55934435678249,130.32798810227473,9.963071794249117,2025-07-26T07:56:46+00:00
33.559378213069614,130.32810432962322,10.414970661513507,2025-07-26T07:56:54+00:00
33.55940170126273,130.32822026763262,10.209513152949512,2025-07-26T07:57:01+00:00
33.55943550596678,130.32833611378445,9.483717702329159,2025-07-26T07:57:09+00:00
33.55947547152152,130.32844815431002,10.884020512923598,2025-07-26T07:57:17+00:00
33.55948592988003,130.3285603984754,8.779895377345383,2025-07-26T07:57:24+00:00
33.5595211646032,130.32868814035186,9.788209641352296,2025-07-26T07:57:32+00:00
33.55953074947701,130.32881032616075,9.803428553044796,2025-07-26T07:57:41+00:00
33.55955143478409,130.3289260464326,10.281195464543998,2025-07-26T07:57:48+00:00
33.559579565340776,130.32903151559807,10.383315997198224,2025-07-26T07:57:55+00:00
33.55960259803991,130.3291472627304,9.09355550352484,2025-07-26T07:58:02+00:00
33.559615879139734,130.3292635015298,12.29557490721345,2025-07-26T07:58:09+00:00
33.55963630805646,130.32938480265375,12.49458335340023,2025-07-26T07:58:18+00:00
33.559649569871084,130.3294932632328,10.993467661552131,2025-07-26T07:58:23+00:00
33.5596708199887,130.3296057000811,11.521821058355272,2025-07-26T07:58:30+00:00
33.559684008243984,130.3297227296997,10.609585317783058,2025-07-26T07:58:38+00:00
33.559700166514006,130.32983028568955,10.573255115188658,2025-07-26T07:58:45+00:00
33.5597078440529,130.3299465973771,11.483779999427497,2025-07-26T07:58:52+00:00
33.5597190740042,130.33006816726856,12.20768209733069,2025-07-26T07:58:59+00:00
33.55977532132731,130.33015494416463,12.4803122067824,2025-07-26T07:59:08+00:00
33.55980283273271,130.3302598457683,12.970981173217297,2025-07-26T07:59:14+00:00
33.55982325120083,130.33037474748363,13.603912346996367,2025-07-26T07:59:22+00:00
33.559829609592356,130.33048237409918,12.671446395106614,2025-07-26T07:59:30+00:00
33.559862128989415,130.33059321902994,13.506211388856173,2025-07-26T07:59:39+00:00
33.55985792940802,130.33070449203979,11.759317979216576,2025-07-26T07:59:44+00:00
33.55989472141775,130.33082286535134,12.01627033483237,2025-07-26T07:59:52+00:00
33.55990449342324,130.33094758125006,12.522703898139298,2025-07-26T07:59:59+00:00
33.55991205953188,130.33105661987565,11.622258910909295,2025-07-26T08:00:05+00:00
33.5599005310008,130.33117746523774,11.586986782029271,2025-07-26T08:00:12+00:00
33.55991014161883,130.33129626979584,12.42923353612423,2025-07-26T08:00:19+00:00
33.5599427275122,130.33140738787927,11.309501938521862,2025-07-26T08:00:27+00:00
33.5599688424845,130.33152259725918,10.89687854796648,2025-07-26T08:00:35+00:00
33.55999158486409,130.3316270271495,11.146156978793442,2025-07-26T08:00:42+00:00
33.56001444402998,130.33173461697365,10.639175965450704,2025-07-26T08:00:51+00:00
33.56002856772304,130.33185136358082,10.126844071783125,2025-07-26T08:01:11+00:00
33.56005059129694,130.33197859567596,9.571412591263652,2025-07-26T08:01:20+00:00
33.56007886611817,130.33208976749694,10.5004792958498,2025-07-26T08:01:27+00:00
33.56009734827439,130.33220487343146,10.877456392161548,2025-07-26T08:01:34+00:00
33.560108684236965,130.3323223939115,10.600125572644174,2025-07-26T08:01:42+00:00
33.56011415806683,130.332433773112,10.267526905052364,2025-07-26T08:01:49+00:00
33.560135035850735,130.33254834883667,10.57433985453099,2025-07-26T08:01:57+00:00
33.56016474278313,130.33266031740183,9.985128059983253,2025-07-26T08:02:07+00:00
33.560237881368614,130.33273179077608,9.917092645540833,2025-07-26T08:02:22+00:00
33.56017510476557,130.332819741904,11.107448035851121,2025-07-26T08:02:37+00:00
33.56020535002944,130.33293702484613,11.039627701044083,2025-07-26T08:02:44+00:00
33.56021813427644,130.3330522195632,10.693629677407444,2025-07-26T08:02:51+00:00
33.56022800886887,130.3331677986162,10.666647291742265,2025-07-26T08:02:58+00:00
33.56026305125926,130.3332731233408,9.602540074847639,2025-07-26T08:03:06+00:00
33.56026222229263,130.3333877047189,11.523107718676329,2025-07-26T08:03:13+00:00
33.56027758367839,130.33349839206122,11.018320492468774,2025-07-26T08:03:20+00:00
33.560288912233204,130.33360875043584,11.015914795920253,2025-07-26T08:03:27+00:00
33.56030848603959,130.3337257517283,10.11852596141398,2025-07-26T08:03:35+00:00
33.56031016063951,130.33384940599825,11.612160394899547,2025-07-26T08:03:43+00:00
33.56033393964832,130.33396494470318,11.628012128174305,2025-07-26T08:03:50+00:00
33.560349454804545,130.3340838144491,9.80562671739608,2025-07-26T08:03:58+00:00
33.56033269535522,130.33419308572513,12.178075052797794,2025-07-26T08:04:08+00:00
33.56034814078839,130.33431473912862,12.682627600617707,2025-07-26T08:04:15+00:00
33.56036502418967,130.33443739780654,12.61564704310149,2025-07-26T08:04:22+00:00
33.560385228414596,130.33455379661646,12.750610709190369,2025-07-26T08:04:29+00:00
33.56037919270614,130.33467354860215,12.25827785488218,2025-07-26T08:04:38+00:00
33.56039984044623,130.33479235714563,13.316195761784911,2025-07-26T08:04:46+00:00
33.560415696317115,130.33490381015207,12.893805604428053,2025-07-26T08:04:53+00:00
33.56043348692099,130.33501196598274,13.266515624709427,2025-07-26T08:05:00+00:00
33.56045792788207,130.3351171112025,14.726920327171683,2025-07-26T08:05:07+00:00
33.56050008888083,130.3352230977354,13.963488265872002,2025-07-26T08:05:14+00:00
33.5605447220349,130.33531684275522,12.755291399545968,2025-07-26T08:05:21+00:00
33.56060430856728,130.3354114561573,12.09243430942297,2025-07-26T08:05:29+00:00
33.56064217456644,130.33551673680117,12.79300607740879,2025-07-26T08:05:36+00:00
33.56067684987307,130.33562424795986,10.52931323647499,2025-07-26T08:05:44+00:00
33.560687494811866,130.3357333771923,12.17361728195101,2025-07-26T08:05:51+00:00
33.560705879382894,130.33584070303715,11.004386585205793,2025-07-26T08:05:58+00:00
33.5607214202156,130.33596056778276,10.501342604868114,2025-07-26T08:06:05+00:00
33.56071987121028,130.33607599061276,12.591166518628597,2025-07-26T08:06:12+00:00
33.560724908867655,130.33618630176608,12.486917580477893,2025-07-26T08:06:18+00:00
33.560726361310685,130.33629896416758,10.633629097603261,2025-07-26T08:06:25+00:00
33.56073235813423,130.33641609746482,10.276201230473816,2025-07-26T08:06:33+00:00
33.56072959426456,130.33653816514823,10.8381533222273,2025-07-26T08:06:42+00:00
33.56072404265196,130.33664883103046,10.455795590765774,2025-07-26T08:06:50+00:00
33.56071287061984,130.3367688883925,10.902631328441203,2025-07-26T08:06:58+00:00
33.56070372184534,130.3368780786404,11.175279775634408,2025-07-26T08:07:06+00:00
33.560701470364634,130.3369939446341,10.724150694906712,2025-07-26T08:07:13+00:00
33.560686267365654,130.33711551730613,10.634038366377354,2025-07-26T08:07:21+00:00
33.56071442885004,130.337229221655,10.032572097145021,2025-07-26T08:07:30+00:00
33.56078303725223,130.33734369042435,10.45589294936508,2025-07-26T08:07:38+00:00
33.56085294285363,130.33741818731545,10.718116539530456,2025-07-26T08:07:41+00:00
33.56093288710312,130.33749144084763,10.10081557650119,2025-07-26T08:07:45+00:00
33.561001060511316,130.33756334631948,10.32375988829881,2025-07-26T08:07:48+00:00
33.56107965443434,130.33762025717414,10.75823025777936,2025-07-26T08:07:52+00:00
33.561143882810455,130.3376961808978,9.984855371527374,2025-07-26T08:08:00+00:00
33.561235848754556,130.33769444599378,8.431406122632325,2025-07-26T08:08:50+00:00
33.56133024857332,130.33768476517102,8.673830864019692,2025-07-26T08:08:55+00:00
33.561241483274415,130.33777340491088,8.507392629981041,2025-07-26T08:11:27+00:00
33.56123864362038,130.33763692347588,8.22841368149966,2025-07-26T08:11:37+00:00
33.56105704924631,130.33752125479802,8.954892788082361,2025-07-26T08:12:35+00:00
33.561104380768946,130.33762553311806,9.648507337085903,2025-07-26T08:12:41+00:00
33.56118540973935,130.33770366020747,9.23101372178644,2025-07-26T08:12:44+00:00
33.5610793122483,130.33773313873616,8.485843168571591,2025-07-26T08:13:02+00:00
33.5611302837007,130.33782379380006,8.314606009982526,2025-07-26T08:13:58+00:00
