<?xml version="1.0" encoding="utf-8"?>
<Dataset xsi:schemaLocation="http://fgd.gsi.go.jp/spec/2008/FGD_GMLSchema FGD_GMLSchema.xsd"
	xmlns:gml="http://www.opengis.net/gml/3.2"
	xmlns:xsi="http://www.w3.org/2001/XMLSchema-instance"
	xmlns:xlink="http://www.w3.org/1999/xlink"
	xmlns="http://fgd.gsi.go.jp/spec/2008/FGD_GMLSchema"
	gml:id="Dataset1">
  <gml:description>基盤地図情報メタデータ ID=fmdid:21-0701</gml:description>
  <gml:name>基盤地図情報ダウンロードデータ（GML版）</gml:name>
<GCP gml:id="K1_503021_1">
<fid>10-00100-0-2106-136649</fid>
<lfSpanFr gml:id="K1_503021_1-1">
<gml:timePosition>2021-06-08</gml:timePosition>
</lfSpanFr>
<devDate gml:id="K1_503021_1-2">
<gml:timePosition>2021-07-01</gml:timePosition>
</devDate>
<orgGILvl>SJ11</orgGILvl>
<vis>表示</vis>
<pos>
<gml:Point gml:id="K1_503021_1-g" srsName="fguuid:jgd2011.bl">
<gml:pos>33.570245667 130.234559361</gml:pos>
</gml:Point>
</pos>
<orgName>国土地理院</orgName>
<type>水準点</type>
<gcpClass>一等水準点</gcpClass>
<gcpCode>L010000003201</gcpCode>
<name>３２０１</name>
<B>120852.8844</B>
<L>468844.4137</L>
<alti>8.0055</alti>
<altiAcc>4</altiAcc>
</GCP>
<GCP gml:id="K1_503021_2">
<fid>10-00100-0-2106-136650</fid>
<lfSpanFr gml:id="K1_503021_2-1">
<gml:timePosition>2021-06-08</gml:timePosition>
</lfSpanFr>
<devDate gml:id="K1_503021_2-2">
<gml:timePosition>2021-07-01</gml:timePosition>
</devDate>
<orgGILvl>SJ11</orgGILvl>
<vis>表示</vis>
<pos>
<gml:Point gml:id="K1_503021_2-g" srsName="fguuid:jgd2011.bl">
<gml:pos>33.562625361 130.213560917</gml:pos>
</gml:Point>
</pos>
<orgName>国土地理院</orgName>
<type>水準点</type>
<gcpClass>一等水準点</gcpClass>
<gcpCode>L010000003202</gcpCode>
<name>３２０２</name>
<B>120825.4513</B>
<L>468768.8193</L>
<alti>6.2682</alti>
<altiAcc>4</altiAcc>
</GCP>
<GCP gml:id="K1_503021_3">
<fid>10-00100-0-2106-136651</fid>
<lfSpanFr gml:id="K1_503021_3-1">
<gml:timePosition>2021-06-08</gml:timePosition>
</lfSpanFr>
<devDate gml:id="K1_503021_3-2">
<gml:timePosition>2021-07-01</gml:timePosition>
</devDate>
<orgGILvl>SJ11</orgGILvl>
<vis>表示</vis>
<pos>
<gml:Point gml:id="K1_503021_3-g" srsName="fguuid:jgd2011.bl">
<gml:pos>33.556631750 130.192145639</gml:pos>
</gml:Point>
</pos>
<orgName>国土地理院</orgName>
<type>水準点</type>
<gcpClass>一等水準点</gcpClass>
<gcpCode>L010000003203</gcpCode>
<name>３２０３</name>
<B>120803.8743</B>
<L>468691.7243</L>
<alti>5.7025</alti>
<altiAcc>4</altiAcc>
</GCP>
<GCP gml:id="K1_503021_4">
<fid>10-00100-0-2106-136652</fid>
<lfSpanFr gml:id="K1_503021_4-1">
<gml:timePosition>2021-06-08</gml:timePosition>
</lfSpanFr>
<devDate gml:id="K1_503021_4-2">
<gml:timePosition>2021-07-01</gml:timePosition>
</devDate>
<orgGILvl>SJ11</orgGILvl>
<vis>表示</vis>
<pos>
<gml:Point gml:id="K1_503021_4-g" srsName="fguuid:jgd2011.bl">
<gml:pos>33.547838806 130.181546194</gml:pos>
</gml:Point>
</pos>
<orgName>国土地理院</orgName>
<type>水準点</type>
<gcpClass>一等水準点</gcpClass>
<gcpCode>L010000003204</gcpCode>
<name>３２０４</name>
<B>120772.2197</B>
<L>468653.5663</L>
<alti>2.8595</alti>
<altiAcc>4</altiAcc>
</GCP>
<GCP gml:id="K1_503021_5">
<fid>10-00100-0-2106-136653</fid>
<lfSpanFr gml:id="K1_503021_5-1">
<gml:timePosition>2021-06-08</gml:timePosition>
</lfSpanFr>
<devDate gml:id="K1_503021_5-2">
<gml:timePosition>2021-07-01</gml:timePosition>
</devDate>
<orgGILvl>SJ11</orgGILvl>
<vis>表示</vis>
<pos>
<gml:Point gml:id="K1_503021_5-g" srsName="fguuid:jgd2011.bl">
<gml:pos>33.537314611 130.163911111</gml:pos>
</gml:Point>
</pos>
<orgName>国土地理院</orgName>
<type>水準点</type>
<gcpClass>一等水準点</gcpClass>
<gcpCode>L010000003205</gcpCode>
<name>３２０５</name>
<B>120734.3326</B>
<L>468590.08</L>
<alti>4.3015</alti>
<altiAcc>4</altiAcc>
</GCP>
<GCP gml:id="K1_503021_6">
<fid>10-00100-0-2106-136654</fid>
<lfSpanFr gml:id="K1_503021_6-1">
<gml:timePosition>2021-06-08</gml:timePosition>
</lfSpanFr>
<devDate gml:id="K1_503021_6-2">
<gml:timePosition>2021-07-01</gml:timePosition>
</devDate>
<orgGILvl>SJ11</orgGILvl>
<vis>表示</vis>
<pos>
<gml:Point gml:id="K1_503021_6-g" srsName="fguuid:jgd2011.bl">
<gml:pos>33.528799944 130.147732194</gml:pos>
</gml:Point>
</pos>
<orgName>国土地理院</orgName>
<type>水準点</type>
<gcpClass>一等水準点</gcpClass>
<gcpCode>L010000003206</gcpCode>
<name>３２０６</name>
<B>120703.6798</B>
<L>468531.8359</L>
<alti>2.6543</alti>
<altiAcc>4</altiAcc>
</GCP>
<GCP gml:id="K1_503021_7">
<fid>10-00100-0-2106-136655</fid>
<lfSpanFr gml:id="K1_503021_7-1">
<gml:timePosition>2021-06-08</gml:timePosition>
</lfSpanFr>
<devDate gml:id="K1_503021_7-2">
<gml:timePosition>2021-07-01</gml:timePosition>
</devDate>
<orgGILvl>SJ11</orgGILvl>
<vis>表示</vis>
<pos>
<gml:Point gml:id="K1_503021_7-g" srsName="fguuid:jgd2011.bl">
<gml:pos>33.515796472 130.137245889</gml:pos>
</gml:Point>
</pos>
<orgName>国土地理院</orgName>
<type>水準点</type>
<gcpClass>一等水準点</gcpClass>
<gcpCode>L010000003207</gcpCode>
<name>３２０７</name>
<B>120656.8673</B>
<L>468494.0852</L>
<alti>4.4931</alti>
<altiAcc>4</altiAcc>
</GCP>
<GCP gml:id="K1_503021_8">
<fid>10-00100-0-2106-152874</fid>
<lfSpanFr gml:id="K1_503021_8-1">
<gml:timePosition>2021-06-08</gml:timePosition>
</lfSpanFr>
<devDate gml:id="K1_503021_8-2">
<gml:timePosition>2021-07-01</gml:timePosition>
</devDate>
<orgGILvl>KJ12</orgGILvl>
<vis>表示</vis>
<pos>
<gml:Point gml:id="K1_503021_8-g" srsName="fguuid:jgd2011.bl">
<gml:pos>33.524388944 130.207929389</gml:pos>
</gml:Point>
</pos>
<orgName>国土地理院</orgName>
<type>三角点</type>
<gcpClass>二等三角点</gcpClass>
<gcpCode>TR25030212601</gcpCode>
<name>天拝山</name>
<B>120687.8002</B>
<L>468748.5458</L>
<alti>142.89</alti>
<altiAcc>2</altiAcc>
</GCP>
<GCP gml:id="K1_503021_9">
<fid>10-00100-0-2106-152875</fid>
<lfSpanFr gml:id="K1_503021_9-1">
<gml:timePosition>2021-06-08</gml:timePosition>
</lfSpanFr>
<devDate gml:id="K1_503021_9-2">
<gml:timePosition>2021-07-01</gml:timePosition>
</devDate>
<orgGILvl>KJ12</orgGILvl>
<vis>表示</vis>
<pos>
<gml:Point gml:id="K1_503021_9-g" srsName="fguuid:jgd2011.bl">
<gml:pos>33.527927528 130.140298917</gml:pos>
</gml:Point>
</pos>
<orgName>国土地理院</orgName>
<type>三角点</type>
<gcpClass>二等三角点</gcpClass>
<gcpCode>TR25030213101</gcpCode>
<name>松末</name>
<B>120700.5391</B>
<L>468505.0761</L>
<alti>117.97</alti>
<altiAcc>2</altiAcc>
</GCP>
<GCP gml:id="K1_503021_10">
<fid>10-00100-0-2106-161035</fid>
<lfSpanFr gml:id="K1_503021_10-1">
<gml:timePosition>2021-06-08</gml:timePosition>
</lfSpanFr>
<devDate gml:id="K1_503021_10-2">
<gml:timePosition>2021-07-01</gml:timePosition>
</devDate>
<orgGILvl>KJ13</orgGILvl>
<vis>表示</vis>
<pos>
<gml:Point gml:id="K1_503021_10-g" srsName="fguuid:jgd2011.bl">
<gml:pos>33.500220694 130.217711778</gml:pos>
</gml:Point>
</pos>
<orgName>国土地理院</orgName>
<type>三角点</type>
<gcpClass>三等三角点</gcpClass>
<gcpCode>TR35030210701</gcpCode>
<name>不動山</name>
<B>120600.7945</B>
<L>468783.7624</L>
<alti>418.38</alti>
<altiAcc>2</altiAcc>
</GCP>
<GCP gml:id="K1_503021_11">
<fid>10-00100-0-2106-161036</fid>
<lfSpanFr gml:id="K1_503021_11-1">
<gml:timePosition>2021-06-08</gml:timePosition>
</lfSpanFr>
<devDate gml:id="K1_503021_11-2">
<gml:timePosition>2021-07-01</gml:timePosition>
</devDate>
<orgGILvl>KJ13</orgGILvl>
<vis>表示</vis>
<pos>
<gml:Point gml:id="K1_503021_11-g" srsName="fguuid:jgd2011.bl">
<gml:pos>33.504044750 130.236282444</gml:pos>
</gml:Point>
</pos>
<orgName>国土地理院</orgName>
<type>三角点</type>
<gcpClass>三等三角点</gcpClass>
<gcpCode>TR35030210801</gcpCode>
<name>井ノ浦山</name>
<B>120614.5611</B>
<L>468850.6168</L>
<alti>448.17</alti>
<altiAcc>2</altiAcc>
</GCP>
<GCP gml:id="K1_503021_12">
<fid>10-00100-0-2106-161037</fid>
<lfSpanFr gml:id="K1_503021_12-1">
<gml:timePosition>2021-06-08</gml:timePosition>
</lfSpanFr>
<devDate gml:id="K1_503021_12-2">
<gml:timePosition>2021-07-01</gml:timePosition>
</devDate>
<orgGILvl>KJ13</orgGILvl>
<vis>表示</vis>
<pos>
<gml:Point gml:id="K1_503021_12-g" srsName="fguuid:jgd2011.bl">
<gml:pos>33.512093722 130.154730167</gml:pos>
</gml:Point>
</pos>
<orgName>国土地理院</orgName>
<type>三角点</type>
<gcpClass>三等三角点</gcpClass>
<gcpCode>TR35030211201</gcpCode>
<name>徳正寺</name>
<B>120643.5374</B>
<L>468557.0286</L>
<alti>47.89</alti>
<altiAcc>2</altiAcc>
</GCP>
<GCP gml:id="K1_503021_13">
<fid>10-00100-0-2106-161038</fid>
<lfSpanFr gml:id="K1_503021_13-1">
<gml:timePosition>2021-06-08</gml:timePosition>
</lfSpanFr>
<devDate gml:id="K1_503021_13-2">
<gml:timePosition>2021-07-01</gml:timePosition>
</devDate>
<orgGILvl>KJ13</orgGILvl>
<vis>表示</vis>
<pos>
<gml:Point gml:id="K1_503021_13-g" srsName="fguuid:jgd2011.bl">
<gml:pos>33.517833639 130.180337056</gml:pos>
</gml:Point>
</pos>
<orgName>国土地理院</orgName>
<type>三角点</type>
<gcpClass>三等三角点</gcpClass>
<gcpCode>TR35030212401</gcpCode>
<name>瀬戸</name>
<B>120664.2011</B>
<L>468649.2134</L>
<alti>84.59</alti>
<altiAcc>2</altiAcc>
</GCP>
<GCP gml:id="K1_503021_14">
<fid>10-00100-0-2106-161039</fid>
<lfSpanFr gml:id="K1_503021_14-1">
<gml:timePosition>2021-06-08</gml:timePosition>
</lfSpanFr>
<devDate gml:id="K1_503021_14-2">
<gml:timePosition>2021-07-01</gml:timePosition>
</devDate>
<orgGILvl>KJ13</orgGILvl>
<vis>表示</vis>
<pos>
<gml:Point gml:id="K1_503021_14-g" srsName="fguuid:jgd2011.bl">
<gml:pos>33.541420528 130.183116222</gml:pos>
</gml:Point>
</pos>
<orgName>国土地理院</orgName>
<type>三角点</type>
<gcpClass>三等三角点</gcpClass>
<gcpCode>TR35030214401</gcpCode>
<name>宮地岳</name>
<B>120749.1139</B>
<L>468659.2184</L>
<alti>118.07</alti>
<altiAcc>2</altiAcc>
</GCP>
<GCP gml:id="K1_503021_15">
<fid>10-00100-0-2106-161040</fid>
<lfSpanFr gml:id="K1_503021_15-1">
<gml:timePosition>2021-06-08</gml:timePosition>
</lfSpanFr>
<devDate gml:id="K1_503021_15-2">
<gml:timePosition>2021-07-01</gml:timePosition>
</devDate>
<orgGILvl>KJ13</orgGILvl>
<vis>表示</vis>
<pos>
<gml:Point gml:id="K1_503021_15-g" srsName="fguuid:jgd2011.bl">
<gml:pos>33.547053333 130.230617389</gml:pos>
</gml:Point>
</pos>
<orgName>国土地理院</orgName>
<type>三角点</type>
<gcpClass>三等三角点</gcpClass>
<gcpCode>TR35030215801</gcpCode>
<name>井田</name>
<B>120769.392</B>
<L>468830.2226</L>
<alti>44.52</alti>
<altiAcc>2</altiAcc>
</GCP>
<GCP gml:id="K1_503021_16">
<fid>10-00100-0-2106-161041</fid>
<lfSpanFr gml:id="K1_503021_16-1">
<gml:timePosition>2021-06-08</gml:timePosition>
</lfSpanFr>
<devDate gml:id="K1_503021_16-2">
<gml:timePosition>2021-07-01</gml:timePosition>
</devDate>
<orgGILvl>KJ13</orgGILvl>
<vis>表示</vis>
<pos>
<gml:Point gml:id="K1_503021_16-g" srsName="fguuid:jgd2011.bl">
<gml:pos>33.553154306 130.199875389</gml:pos>
</gml:Point>
</pos>
<orgName>国土地理院</orgName>
<type>三角点</type>
<gcpClass>三等三角点</gcpClass>
<gcpCode>TR35030216501</gcpCode>
<name>笹山</name>
<B>120791.3555</B>
<L>468719.5514</L>
<alti>74.16</alti>
<altiAcc>2</altiAcc>
</GCP>
<GCP gml:id="K1_503021_17">
<fid>10-00100-0-2106-161042</fid>
<lfSpanFr gml:id="K1_503021_17-1">
<gml:timePosition>2021-06-08</gml:timePosition>
</lfSpanFr>
<devDate gml:id="K1_503021_17-2">
<gml:timePosition>2021-07-01</gml:timePosition>
</devDate>
<orgGILvl>KJ13</orgGILvl>
<vis>表示</vis>
<pos>
<gml:Point gml:id="K1_503021_17-g" srsName="fguuid:jgd2011.bl">
<gml:pos>33.565631944 130.229677111</gml:pos>
</gml:Point>
</pos>
<orgName>国土地理院</orgName>
<type>三角点</type>
<gcpClass>三等三角点</gcpClass>
<gcpCode>TR35030217801</gcpCode>
<name>志登</name>
<B>120836.275</B>
<L>468826.8376</L>
<alti>29.39</alti>
<altiAcc>2</altiAcc>
</GCP>
<GCP gml:id="K1_503021_18">
<fid>10-00100-0-2106-161043</fid>
<lfSpanFr gml:id="K1_503021_18-1">
<gml:timePosition>2021-06-08</gml:timePosition>
</lfSpanFr>
<devDate gml:id="K1_503021_18-2">
<gml:timePosition>2021-07-01</gml:timePosition>
</devDate>
<orgGILvl>KJ13</orgGILvl>
<vis>表示</vis>
<pos>
<gml:Point gml:id="K1_503021_18-g" srsName="fguuid:jgd2011.bl">
<gml:pos>33.572283472 130.161050556</gml:pos>
</gml:Point>
</pos>
<orgName>国土地理院</orgName>
<type>三角点</type>
<gcpClass>三等三角点</gcpClass>
<gcpCode>TR35030218201</gcpCode>
<name>経塚</name>
<B>120860.2205</B>
<L>468579.782</L>
<alti>365.01</alti>
<altiAcc>2</altiAcc>
</GCP>
<GCP gml:id="K1_503021_19">
<fid>10-00100-0-2106-161044</fid>
<lfSpanFr gml:id="K1_503021_19-1">
<gml:timePosition>2021-06-08</gml:timePosition>
</lfSpanFr>
<devDate gml:id="K1_503021_19-2">
<gml:timePosition>2021-07-01</gml:timePosition>
</devDate>
<orgGILvl>KJ13</orgGILvl>
<vis>表示</vis>
<pos>
<gml:Point gml:id="K1_503021_19-g" srsName="fguuid:jgd2011.bl">
<gml:pos>33.578376639 130.135290806</gml:pos>
</gml:Point>
</pos>
<orgName>国土地理院</orgName>
<type>三角点</type>
<gcpClass>三等三角点</gcpClass>
<gcpCode>TR35030219001</gcpCode>
<name>竹越</name>
<B>120882.1559</B>
<L>468487.0469</L>
<alti>162.94</alti>
<altiAcc>2</altiAcc>
</GCP>
<GCP gml:id="K1_503021_20">
<fid>10-00100-0-2106-161045</fid>
<lfSpanFr gml:id="K1_503021_20-1">
<gml:timePosition>2021-06-08</gml:timePosition>
</lfSpanFr>
<devDate gml:id="K1_503021_20-2">
<gml:timePosition>2021-07-01</gml:timePosition>
</devDate>
<orgGILvl>KJ13</orgGILvl>
<vis>表示</vis>
<pos>
<gml:Point gml:id="K1_503021_20-g" srsName="fguuid:jgd2011.bl">
<gml:pos>33.580682611 130.242090472</gml:pos>
</gml:Point>
</pos>
<orgName>国土地理院</orgName>
<type>三角点</type>
<gcpClass>三等三角点</gcpClass>
<gcpCode>TR35030219901</gcpCode>
<name>中牟田</name>
<B>120890.4574</B>
<L>468871.5257</L>
<alti>3.77</alti>
<altiAcc>2</altiAcc>
</GCP>
<GCP gml:id="K1_503021_21">
<fid>10-00100-0-2106-200597</fid>
<lfSpanFr gml:id="K1_503021_21-1">
<gml:timePosition>2021-06-08</gml:timePosition>
</lfSpanFr>
<devDate gml:id="K1_503021_21-2">
<gml:timePosition>2021-07-01</gml:timePosition>
</devDate>
<orgGILvl>KJ14</orgGILvl>
<vis>表示</vis>
<pos>
<gml:Point gml:id="K1_503021_21-g" srsName="fguuid:jgd2011.bl">
<gml:pos>33.507440222 130.144301333</gml:pos>
</gml:Point>
</pos>
<orgName>国土地理院</orgName>
<type>三角点</type>
<gcpClass>四等三角点</gcpClass>
<gcpCode>TR45030210101</gcpCode>
<name>古野</name>
<B>120626.7848</B>
<L>468519.4848</L>
<alti>148.74</alti>
<altiAcc>2</altiAcc>
</GCP>
<GCP gml:id="K1_503021_22">
<fid>10-00100-0-2106-200598</fid>
<lfSpanFr gml:id="K1_503021_22-1">
<gml:timePosition>2021-06-08</gml:timePosition>
</lfSpanFr>
<devDate gml:id="K1_503021_22-2">
<gml:timePosition>2021-07-01</gml:timePosition>
</devDate>
<orgGILvl>KJ14</orgGILvl>
<vis>表示</vis>
<pos>
<gml:Point gml:id="K1_503021_22-g" srsName="fguuid:jgd2011.bl">
<gml:pos>33.501005722 130.163009778</gml:pos>
</gml:Point>
</pos>
<orgName>国土地理院</orgName>
<type>三角点</type>
<gcpClass>四等三角点</gcpClass>
<gcpCode>TR45030210301</gcpCode>
<name>満吉</name>
<B>120603.6206</B>
<L>468586.8352</L>
<alti>319.15</alti>
<altiAcc>2</altiAcc>
</GCP>
<GCP gml:id="K1_503021_23">
<fid>10-00100-0-2106-200599</fid>
<lfSpanFr gml:id="K1_503021_23-1">
<gml:timePosition>2021-06-08</gml:timePosition>
</lfSpanFr>
<devDate gml:id="K1_503021_23-2">
<gml:timePosition>2021-07-01</gml:timePosition>
</devDate>
<orgGILvl>KJ14</orgGILvl>
<vis>表示</vis>
<pos>
<gml:Point gml:id="K1_503021_23-g" srsName="fguuid:jgd2011.bl">
<gml:pos>33.503315556 130.181040694</gml:pos>
</gml:Point>
</pos>
<orgName>国土地理院</orgName>
<type>三角点</type>
<gcpClass>四等三角点</gcpClass>
<gcpCode>TR45030210401</gcpCode>
<name>川付</name>
<B>120611.936</B>
<L>468651.7465</L>
<alti>241.82</alti>
<altiAcc>2</altiAcc>
</GCP>
<GCP gml:id="K1_503021_24">
<fid>10-00100-0-2106-200600</fid>
<lfSpanFr gml:id="K1_503021_24-1">
<gml:timePosition>2021-06-08</gml:timePosition>
</lfSpanFr>
<devDate gml:id="K1_503021_24-2">
<gml:timePosition>2021-07-01</gml:timePosition>
</devDate>
<orgGILvl>KJ14</orgGILvl>
<vis>表示</vis>
<pos>
<gml:Point gml:id="K1_503021_24-g" srsName="fguuid:jgd2011.bl">
<gml:pos>33.501437278 130.202171417</gml:pos>
</gml:Point>
</pos>
<orgName>国土地理院</orgName>
<type>三角点</type>
<gcpClass>四等三角点</gcpClass>
<gcpCode>TR45030210601</gcpCode>
<name>長野</name>
<B>120605.1742</B>
<L>468727.8171</L>
<alti>106.16</alti>
<altiAcc>2</altiAcc>
</GCP>
<GCP gml:id="K1_503021_25">
<fid>10-00100-0-2106-200601</fid>
<lfSpanFr gml:id="K1_503021_25-1">
<gml:timePosition>2021-06-08</gml:timePosition>
</lfSpanFr>
<devDate gml:id="K1_503021_25-2">
<gml:timePosition>2021-07-01</gml:timePosition>
</devDate>
<orgGILvl>KJ14</orgGILvl>
<vis>表示</vis>
<pos>
<gml:Point gml:id="K1_503021_25-g" srsName="fguuid:jgd2011.bl">
<gml:pos>33.510510472 130.129547000</gml:pos>
</gml:Point>
</pos>
<orgName>国土地理院</orgName>
<type>三角点</type>
<gcpClass>四等三角点</gcpClass>
<gcpCode>TR45030211001</gcpCode>
<name>萩ノ原</name>
<B>120637.8377</B>
<L>468466.3692</L>
<alti>46.39</alti>
<altiAcc>2</altiAcc>
</GCP>
<GCP gml:id="K1_503021_26">
<fid>10-00100-0-2106-200602</fid>
<lfSpanFr gml:id="K1_503021_26-1">
<gml:timePosition>2021-06-08</gml:timePosition>
</lfSpanFr>
<devDate gml:id="K1_503021_26-2">
<gml:timePosition>2021-07-01</gml:timePosition>
</devDate>
<orgGILvl>KJ14</orgGILvl>
<vis>表示</vis>
<pos>
<gml:Point gml:id="K1_503021_26-g" srsName="fguuid:jgd2011.bl">
<gml:pos>33.513576444 130.169932639</gml:pos>
</gml:Point>
</pos>
<orgName>国土地理院</orgName>
<type>三角点</type>
<gcpClass>四等三角点</gcpClass>
<gcpCode>TR45030211301</gcpCode>
<name>西原</name>
<B>120648.8752</B>
<L>468611.7575</L>
<alti>19.71</alti>
<altiAcc>2</altiAcc>
</GCP>
<GCP gml:id="K1_503021_27">
<fid>10-00100-0-2106-200603</fid>
<lfSpanFr gml:id="K1_503021_27-1">
<gml:timePosition>2021-06-08</gml:timePosition>
</lfSpanFr>
<devDate gml:id="K1_503021_27-2">
<gml:timePosition>2021-07-01</gml:timePosition>
</devDate>
<orgGILvl>KJ14</orgGILvl>
<vis>表示</vis>
<pos>
<gml:Point gml:id="K1_503021_27-g" srsName="fguuid:jgd2011.bl">
<gml:pos>33.515821389 130.200310694</gml:pos>
</gml:Point>
</pos>
<orgName>国土地理院</orgName>
<type>三角点</type>
<gcpClass>四等三角点</gcpClass>
<gcpCode>TR45030211601</gcpCode>
<name>日明</name>
<B>120656.957</B>
<L>468721.1185</L>
<alti>89.39</alti>
<altiAcc>2</altiAcc>
</GCP>
<GCP gml:id="K1_503021_28">
<fid>10-00100-0-2106-200604</fid>
<lfSpanFr gml:id="K1_503021_28-1">
<gml:timePosition>2021-06-08</gml:timePosition>
</lfSpanFr>
<devDate gml:id="K1_503021_28-2">
<gml:timePosition>2021-07-01</gml:timePosition>
</devDate>
<orgGILvl>KJ14</orgGILvl>
<vis>表示</vis>
<pos>
<gml:Point gml:id="K1_503021_28-g" srsName="fguuid:jgd2011.bl">
<gml:pos>33.509319944 130.222068389</gml:pos>
</gml:Point>
</pos>
<orgName>国土地理院</orgName>
<type>三角点</type>
<gcpClass>四等三角点</gcpClass>
<gcpCode>TR45030211701</gcpCode>
<name>阿島</name>
<B>120633.5518</B>
<L>468799.4462</L>
<alti>158.4</alti>
<altiAcc>2</altiAcc>
</GCP>
<GCP gml:id="K1_503021_29">
<fid>10-00100-0-2106-200605</fid>
<lfSpanFr gml:id="K1_503021_29-1">
<gml:timePosition>2021-06-08</gml:timePosition>
</lfSpanFr>
<devDate gml:id="K1_503021_29-2">
<gml:timePosition>2021-07-01</gml:timePosition>
</devDate>
<orgGILvl>KJ14</orgGILvl>
<vis>表示</vis>
<pos>
<gml:Point gml:id="K1_503021_29-g" srsName="fguuid:jgd2011.bl">
<gml:pos>33.521929917 130.220784389</gml:pos>
</gml:Point>
</pos>
<orgName>国土地理院</orgName>
<type>三角点</type>
<gcpClass>四等三角点</gcpClass>
<gcpCode>TR45030212701</gcpCode>
<name>三坂</name>
<B>120678.9477</B>
<L>468794.8238</L>
<alti>86.82</alti>
<altiAcc>2</altiAcc>
</GCP>
<GCP gml:id="K1_503021_30">
<fid>10-00100-0-2106-200606</fid>
<lfSpanFr gml:id="K1_503021_30-1">
<gml:timePosition>2021-06-08</gml:timePosition>
</lfSpanFr>
<devDate gml:id="K1_503021_30-2">
<gml:timePosition>2021-07-01</gml:timePosition>
</devDate>
<orgGILvl>KJ14</orgGILvl>
<vis>表示</vis>
<pos>
<gml:Point gml:id="K1_503021_30-g" srsName="fguuid:jgd2011.bl">
<gml:pos>33.518066667 130.243666111</gml:pos>
</gml:Point>
</pos>
<orgName>国土地理院</orgName>
<type>三角点</type>
<gcpClass>四等三角点</gcpClass>
<gcpCode>TR45030212901</gcpCode>
<name>瑞梅寺</name>
<B>120665.04</B>
<L>468877.198</L>
<alti>131.54</alti>
<altiAcc>2</altiAcc>
</GCP>
<GCP gml:id="K1_503021_31">
<fid>10-00100-0-2106-200607</fid>
<lfSpanFr gml:id="K1_503021_31-1">
<gml:timePosition>2021-06-08</gml:timePosition>
</lfSpanFr>
<devDate gml:id="K1_503021_31-2">
<gml:timePosition>2021-07-01</gml:timePosition>
</devDate>
<orgGILvl>KJ14</orgGILvl>
<vis>表示</vis>
<pos>
<gml:Point gml:id="K1_503021_31-g" srsName="fguuid:jgd2011.bl">
<gml:pos>33.525166111 130.126470000</gml:pos>
</gml:Point>
</pos>
<orgName>国土地理院</orgName>
<type>三角点</type>
<gcpClass>四等三角点</gcpClass>
<gcpCode>TR45030213001</gcpCode>
<name>大崎</name>
<B>120690.598</B>
<L>468455.292</L>
<alti>57.1</alti>
<altiAcc>2</altiAcc>
</GCP>
<GCP gml:id="K1_503021_32">
<fid>10-00100-0-2106-200608</fid>
<lfSpanFr gml:id="K1_503021_32-1">
<gml:timePosition>2021-06-08</gml:timePosition>
</lfSpanFr>
<devDate gml:id="K1_503021_32-2">
<gml:timePosition>2021-07-01</gml:timePosition>
</devDate>
<orgGILvl>KJ14</orgGILvl>
<vis>表示</vis>
<pos>
<gml:Point gml:id="K1_503021_32-g" srsName="fguuid:jgd2011.bl">
<gml:pos>33.525960444 130.158668333</gml:pos>
</gml:Point>
</pos>
<orgName>国土地理院</orgName>
<type>三角点</type>
<gcpClass>四等三角点</gcpClass>
<gcpCode>TR45030213201</gcpCode>
<name>大曲</name>
<B>120693.4576</B>
<L>468571.206</L>
<alti>3.23</alti>
<altiAcc>2</altiAcc>
</GCP>
<GCP gml:id="K1_503021_33">
<fid>10-00100-0-2106-200609</fid>
<lfSpanFr gml:id="K1_503021_33-1">
<gml:timePosition>2021-06-08</gml:timePosition>
</lfSpanFr>
<devDate gml:id="K1_503021_33-2">
<gml:timePosition>2021-07-01</gml:timePosition>
</devDate>
<orgGILvl>KJ14</orgGILvl>
<vis>表示</vis>
<pos>
<gml:Point gml:id="K1_503021_33-g" srsName="fguuid:jgd2011.bl">
<gml:pos>33.530152972 130.173059972</gml:pos>
</gml:Point>
</pos>
<orgName>国土地理院</orgName>
<type>三角点</type>
<gcpClass>四等三角点</gcpClass>
<gcpCode>TR45030213301</gcpCode>
<name>武</name>
<B>120708.5507</B>
<L>468623.0159</L>
<alti>75.61</alti>
<altiAcc>2</altiAcc>
</GCP>
<GCP gml:id="K1_503021_34">
<fid>10-00100-0-2106-200610</fid>
<lfSpanFr gml:id="K1_503021_34-1">
<gml:timePosition>2021-06-08</gml:timePosition>
</lfSpanFr>
<devDate gml:id="K1_503021_34-2">
<gml:timePosition>2021-07-01</gml:timePosition>
</devDate>
<orgGILvl>KJ14</orgGILvl>
<vis>表示</vis>
<pos>
<gml:Point gml:id="K1_503021_34-g" srsName="fguuid:jgd2011.bl">
<gml:pos>33.537219944 130.199441167</gml:pos>
</gml:Point>
</pos>
<orgName>国土地理院</orgName>
<type>三角点</type>
<gcpClass>四等三角点</gcpClass>
<gcpCode>TR45030214501</gcpCode>
<name>真方</name>
<B>120733.9918</B>
<L>468717.9882</L>
<alti>58.95</alti>
<altiAcc>2</altiAcc>
</GCP>
<GCP gml:id="K1_503021_35">
<fid>10-00100-0-2106-200611</fid>
<lfSpanFr gml:id="K1_503021_35-1">
<gml:timePosition>2021-06-08</gml:timePosition>
</lfSpanFr>
<devDate gml:id="K1_503021_35-2">
<gml:timePosition>2021-07-01</gml:timePosition>
</devDate>
<orgGILvl>KJ14</orgGILvl>
<vis>表示</vis>
<pos>
<gml:Point gml:id="K1_503021_35-g" srsName="fguuid:jgd2011.bl">
<gml:pos>33.539144083 130.220217389</gml:pos>
</gml:Point>
</pos>
<orgName>国土地理院</orgName>
<type>三角点</type>
<gcpClass>四等三角点</gcpClass>
<gcpCode>TR45030214701</gcpCode>
<name>榎町</name>
<B>120740.9187</B>
<L>468792.7826</L>
<alti>37.12</alti>
<altiAcc>2</altiAcc>
</GCP>
<GCP gml:id="K1_503021_36">
<fid>10-00100-0-2106-200612</fid>
<lfSpanFr gml:id="K1_503021_36-1">
<gml:timePosition>2021-06-08</gml:timePosition>
</lfSpanFr>
<devDate gml:id="K1_503021_36-2">
<gml:timePosition>2021-07-01</gml:timePosition>
</devDate>
<orgGILvl>KJ14</orgGILvl>
<vis>表示</vis>
<pos>
<gml:Point gml:id="K1_503021_36-g" srsName="fguuid:jgd2011.bl">
<gml:pos>33.535978667 130.231739750</gml:pos>
</gml:Point>
</pos>
<orgName>国土地理院</orgName>
<type>三角点</type>
<gcpClass>四等三角点</gcpClass>
<gcpCode>TR45030214801</gcpCode>
<name>原際</name>
<B>120729.5232</B>
<L>468834.2631</L>
<alti>61.91</alti>
<altiAcc>2</altiAcc>
</GCP>
<GCP gml:id="K1_503021_37">
<fid>10-00100-0-2106-200613</fid>
<lfSpanFr gml:id="K1_503021_37-1">
<gml:timePosition>2021-06-08</gml:timePosition>
</lfSpanFr>
<devDate gml:id="K1_503021_37-2">
<gml:timePosition>2021-07-01</gml:timePosition>
</devDate>
<orgGILvl>KJ14</orgGILvl>
<vis>表示</vis>
<pos>
<gml:Point gml:id="K1_503021_37-g" srsName="fguuid:jgd2011.bl">
<gml:pos>33.540013194 130.244141250</gml:pos>
</gml:Point>
</pos>
<orgName>国土地理院</orgName>
<type>三角点</type>
<gcpClass>四等三角点</gcpClass>
<gcpCode>TR45030214901</gcpCode>
<name>三雲</name>
<B>120744.0475</B>
<L>468878.9085</L>
<alti>43.42</alti>
<altiAcc>2</altiAcc>
</GCP>
<GCP gml:id="K1_503021_38">
<fid>10-00100-0-2106-200614</fid>
<lfSpanFr gml:id="K1_503021_38-1">
<gml:timePosition>2021-06-08</gml:timePosition>
</lfSpanFr>
<devDate gml:id="K1_503021_38-2">
<gml:timePosition>2021-07-01</gml:timePosition>
</devDate>
<orgGILvl>KJ14</orgGILvl>
<vis>表示</vis>
<pos>
<gml:Point gml:id="K1_503021_38-g" srsName="fguuid:jgd2011.bl">
<gml:pos>33.542109639 130.159096500</gml:pos>
</gml:Point>
</pos>
<orgName>国土地理院</orgName>
<type>三角点</type>
<gcpClass>四等三角点</gcpClass>
<gcpCode>TR45030215201</gcpCode>
<name>城山</name>
<B>120751.5947</B>
<L>468572.7474</L>
<alti>123.3</alti>
<altiAcc>2</altiAcc>
</GCP>
<GCP gml:id="K1_503021_39">
<fid>10-00100-0-2106-200615</fid>
<lfSpanFr gml:id="K1_503021_39-1">
<gml:timePosition>2021-06-08</gml:timePosition>
</lfSpanFr>
<devDate gml:id="K1_503021_39-2">
<gml:timePosition>2021-07-01</gml:timePosition>
</devDate>
<orgGILvl>KJ14</orgGILvl>
<vis>表示</vis>
<pos>
<gml:Point gml:id="K1_503021_39-g" srsName="fguuid:jgd2011.bl">
<gml:pos>33.558989944 130.246188611</gml:pos>
</gml:Point>
</pos>
<orgName>国土地理院</orgName>
<type>三角点</type>
<gcpClass>四等三角点</gcpClass>
<gcpCode>TR45030217901</gcpCode>
<name>高来寺</name>
<B>120812.3638</B>
<L>468886.279</L>
<alti>36.64</alti>
<altiAcc>2</altiAcc>
</GCP>
<GCP gml:id="K1_503021_40">
<fid>10-00100-0-2106-200616</fid>
<lfSpanFr gml:id="K1_503021_40-1">
<gml:timePosition>2021-06-08</gml:timePosition>
</lfSpanFr>
<devDate gml:id="K1_503021_40-2">
<gml:timePosition>2021-07-01</gml:timePosition>
</devDate>
<orgGILvl>KJ14</orgGILvl>
<vis>表示</vis>
<pos>
<gml:Point gml:id="K1_503021_40-g" srsName="fguuid:jgd2011.bl">
<gml:pos>33.567775750 130.182528500</gml:pos>
</gml:Point>
</pos>
<orgName>国土地理院</orgName>
<type>三角点</type>
<gcpClass>四等三角点</gcpClass>
<gcpCode>TR45030218401</gcpCode>
<name>大石</name>
<B>120843.9927</B>
<L>468657.1026</L>
<alti>70.46</alti>
<altiAcc>2</altiAcc>
</GCP>
<GCP gml:id="K1_503021_41">
<fid>10-00100-0-2106-200617</fid>
<lfSpanFr gml:id="K1_503021_41-1">
<gml:timePosition>2021-06-08</gml:timePosition>
</lfSpanFr>
<devDate gml:id="K1_503021_41-2">
<gml:timePosition>2021-07-01</gml:timePosition>
</devDate>
<orgGILvl>KJ14</orgGILvl>
<vis>表示</vis>
<pos>
<gml:Point gml:id="K1_503021_41-g" srsName="fguuid:jgd2011.bl">
<gml:pos>33.570323111 130.201609694</gml:pos>
</gml:Point>
</pos>
<orgName>国土地理院</orgName>
<type>三角点</type>
<gcpClass>四等三角点</gcpClass>
<gcpCode>TR45030218601</gcpCode>
<name>本村</name>
<B>120853.1632</B>
<L>468725.7949</L>
<alti>3.05</alti>
<altiAcc>2</altiAcc>
</GCP>
<GCP gml:id="K1_503021_42">
<fid>10-00100-0-2106-200618</fid>
<lfSpanFr gml:id="K1_503021_42-1">
<gml:timePosition>2021-06-08</gml:timePosition>
</lfSpanFr>
<devDate gml:id="K1_503021_42-2">
<gml:timePosition>2021-07-01</gml:timePosition>
</devDate>
<orgGILvl>KJ14</orgGILvl>
<vis>表示</vis>
<pos>
<gml:Point gml:id="K1_503021_42-g" srsName="fguuid:jgd2011.bl">
<gml:pos>33.575529472 130.169814333</gml:pos>
</gml:Point>
</pos>
<orgName>国土地理院</orgName>
<type>三角点</type>
<gcpClass>四等三角点</gcpClass>
<gcpCode>TR45030219301</gcpCode>
<name>水上</name>
<B>120871.9061</B>
<L>468611.3316</L>
<alti>168.43</alti>
<altiAcc>2</altiAcc>
</GCP>
<GCP gml:id="K1_503021_43">
<fid>10-00100-0-2106-200619</fid>
<lfSpanFr gml:id="K1_503021_43-1">
<gml:timePosition>2021-06-08</gml:timePosition>
</lfSpanFr>
<devDate gml:id="K1_503021_43-2">
<gml:timePosition>2021-07-01</gml:timePosition>
</devDate>
<orgGILvl>KJ14</orgGILvl>
<vis>表示</vis>
<pos>
<gml:Point gml:id="K1_503021_43-g" srsName="fguuid:jgd2011.bl">
<gml:pos>33.575242139 130.219658444</gml:pos>
</gml:Point>
</pos>
<orgName>国土地理院</orgName>
<type>三角点</type>
<gcpClass>四等三角点</gcpClass>
<gcpCode>TR45030219701</gcpCode>
<name>サソオリ</name>
<B>120870.8717</B>
<L>468790.7704</L>
<alti>3.81</alti>
<altiAcc>2</altiAcc>
</GCP>
<GCP gml:id="K1_503021_44">
<fid>10-00100-0-2106-200620</fid>
<lfSpanFr gml:id="K1_503021_44-1">
<gml:timePosition>2021-06-08</gml:timePosition>
</lfSpanFr>
<devDate gml:id="K1_503021_44-2">
<gml:timePosition>2021-07-01</gml:timePosition>
</devDate>
<orgGILvl>KJ14</orgGILvl>
<vis>表示</vis>
<pos>
<gml:Point gml:id="K1_503021_44-g" srsName="fguuid:jgd2011.bl">
<gml:pos>33.581473778 130.233046028</gml:pos>
</gml:Point>
</pos>
<orgName>国土地理院</orgName>
<type>三角点</type>
<gcpClass>四等三角点</gcpClass>
<gcpCode>TR45030219801</gcpCode>
<name>太郎丸</name>
<B>120893.3056</B>
<L>468838.9657</L>
<alti>5.39</alti>
<altiAcc>2</altiAcc>
</GCP>
</Dataset>
