<?xml version="1.0" encoding="utf-8"?>
<Dataset xsi:schemaLocation="http://fgd.gsi.go.jp/spec/2008/FGD_GMLSchema FGD_GMLSchema.xsd"
	xmlns:gml="http://www.opengis.net/gml/3.2"
	xmlns:xsi="http://www.w3.org/2001/XMLSchema-instance"
	xmlns:xlink="http://www.w3.org/1999/xlink"
	xmlns="http://fgd.gsi.go.jp/spec/2008/FGD_GMLSchema"
	gml:id="Dataset1">
  <gml:description>基盤地図情報メタデータ ID=fmdid:21-0701</gml:description>
  <gml:name>基盤地図情報ダウンロードデータ（GML版）</gml:name>
<SBAPt gml:id="K11_4688412084_1">
<fid>46884-12084-i-3621</fid>
<lfSpanFr gml:id="K11_4688412084_1-1">
<gml:timePosition>2021-02-26</gml:timePosition>
</lfSpanFr>
<devDate gml:id="K11_4688412084_1-2">
<gml:timePosition>2021-07-01</gml:timePosition>
</devDate>
<orgGILvl>2500</orgGILvl>
<vis>表示</vis>
<pos>
<gml:Point gml:id="K11_4688412084_1-g" srsName="fguuid:jgd2011.bl">
<gml:pos>33.572202151 130.240966477</gml:pos>
</gml:Point>
</pos>
<sbaNo>16</sbaNo>
</SBAPt>
<SBAPt gml:id="K11_4688412084_2">
<fid>46884-12084-i-3622</fid>
<lfSpanFr gml:id="K11_4688412084_2-1">
<gml:timePosition>2021-02-26</gml:timePosition>
</lfSpanFr>
<devDate gml:id="K11_4688412084_2-2">
<gml:timePosition>2021-07-01</gml:timePosition>
</devDate>
<orgGILvl>2500</orgGILvl>
<vis>表示</vis>
<pos>
<gml:Point gml:id="K11_4688412084_2-g" srsName="fguuid:jgd2011.bl">
<gml:pos>33.571569999 130.241408178</gml:pos>
</gml:Point>
</pos>
<sbaNo>17</sbaNo>
</SBAPt>
<SBAPt gml:id="K11_4688412084_3">
<fid>46884-12084-i-3623</fid>
<lfSpanFr gml:id="K11_4688412084_3-1">
<gml:timePosition>2021-02-26</gml:timePosition>
</lfSpanFr>
<devDate gml:id="K11_4688412084_3-2">
<gml:timePosition>2021-07-01</gml:timePosition>
</devDate>
<orgGILvl>2500</orgGILvl>
<vis>表示</vis>
<pos>
<gml:Point gml:id="K11_4688412084_3-g" srsName="fguuid:jgd2011.bl">
<gml:pos>33.572504906 130.240859310</gml:pos>
</gml:Point>
</pos>
<sbaNo>15</sbaNo>
</SBAPt>
<SBAPt gml:id="K11_4688412084_4">
<fid>46884-12084-i-3624</fid>
<lfSpanFr gml:id="K11_4688412084_4-1">
<gml:timePosition>2021-02-26</gml:timePosition>
</lfSpanFr>
<devDate gml:id="K11_4688412084_4-2">
<gml:timePosition>2021-07-01</gml:timePosition>
</devDate>
<orgGILvl>2500</orgGILvl>
<vis>表示</vis>
<pos>
<gml:Point gml:id="K11_4688412084_4-g" srsName="fguuid:jgd2011.bl">
<gml:pos>33.572802816 130.240734765</gml:pos>
</gml:Point>
</pos>
<sbaNo>14</sbaNo>
</SBAPt>
<SBAPt gml:id="K11_4688412084_5">
<fid>46884-12084-i-3625</fid>
<lfSpanFr gml:id="K11_4688412084_5-1">
<gml:timePosition>2021-02-26</gml:timePosition>
</lfSpanFr>
<devDate gml:id="K11_4688412084_5-2">
<gml:timePosition>2021-07-01</gml:timePosition>
</devDate>
<orgGILvl>2500</orgGILvl>
<vis>表示</vis>
<pos>
<gml:Point gml:id="K11_4688412084_5-g" srsName="fguuid:jgd2011.bl">
<gml:pos>33.573606328 130.241010647</gml:pos>
</gml:Point>
</pos>
<sbaNo>5</sbaNo>
</SBAPt>
<SBAPt gml:id="K11_4688412084_6">
<fid>46884-12084-i-3626</fid>
<lfSpanFr gml:id="K11_4688412084_6-1">
<gml:timePosition>2021-02-26</gml:timePosition>
</lfSpanFr>
<devDate gml:id="K11_4688412084_6-2">
<gml:timePosition>2021-07-01</gml:timePosition>
</devDate>
<orgGILvl>2500</orgGILvl>
<vis>表示</vis>
<pos>
<gml:Point gml:id="K11_4688412084_6-g" srsName="fguuid:jgd2011.bl">
<gml:pos>33.574514593 130.240603703</gml:pos>
</gml:Point>
</pos>
<sbaNo>6</sbaNo>
</SBAPt>
<SBAPt gml:id="K11_4688412084_7">
<fid>46884-12084-i-3627</fid>
<lfSpanFr gml:id="K11_4688412084_7-1">
<gml:timePosition>2021-02-26</gml:timePosition>
</lfSpanFr>
<devDate gml:id="K11_4688412084_7-2">
<gml:timePosition>2021-07-01</gml:timePosition>
</devDate>
<orgGILvl>2500</orgGILvl>
<vis>表示</vis>
<pos>
<gml:Point gml:id="K11_4688412084_7-g" srsName="fguuid:jgd2011.bl">
<gml:pos>33.574563033 130.241474071</gml:pos>
</gml:Point>
</pos>
<sbaNo>7</sbaNo>
</SBAPt>
<SBAPt gml:id="K11_4688412084_8">
<fid>46884-12084-i-3628</fid>
<lfSpanFr gml:id="K11_4688412084_8-1">
<gml:timePosition>2021-02-26</gml:timePosition>
</lfSpanFr>
<devDate gml:id="K11_4688412084_8-2">
<gml:timePosition>2021-07-01</gml:timePosition>
</devDate>
<orgGILvl>2500</orgGILvl>
<vis>表示</vis>
<pos>
<gml:Point gml:id="K11_4688412084_8-g" srsName="fguuid:jgd2011.bl">
<gml:pos>33.574999000 130.241322011</gml:pos>
</gml:Point>
</pos>
<sbaNo>8</sbaNo>
</SBAPt>
<SBAPt gml:id="K11_4688412084_9">
<fid>46884-12084-i-3629</fid>
<lfSpanFr gml:id="K11_4688412084_9-1">
<gml:timePosition>2021-02-26</gml:timePosition>
</lfSpanFr>
<devDate gml:id="K11_4688412084_9-2">
<gml:timePosition>2021-07-01</gml:timePosition>
</devDate>
<orgGILvl>2500</orgGILvl>
<vis>表示</vis>
<pos>
<gml:Point gml:id="K11_4688412084_9-g" srsName="fguuid:jgd2011.bl">
<gml:pos>33.573741962 130.241488553</gml:pos>
</gml:Point>
</pos>
<sbaNo>4</sbaNo>
</SBAPt>
<SBAPt gml:id="K11_4688412087_1">
<fid>46884-12087-i-3834</fid>
<lfSpanFr gml:id="K11_4688412087_1-1">
<gml:timePosition>2021-02-26</gml:timePosition>
</lfSpanFr>
<devDate gml:id="K11_4688412087_1-2">
<gml:timePosition>2021-07-01</gml:timePosition>
</devDate>
<orgGILvl>2500</orgGILvl>
<vis>表示</vis>
<pos>
<gml:Point gml:id="K11_4688412087_1-g" srsName="fguuid:jgd2011.bl">
<gml:pos>33.581028000 130.241430000</gml:pos>
</gml:Point>
</pos>
<sbaNo>5</sbaNo>
</SBAPt>
<SBAPt gml:id="K11_4688412087_2">
<fid>46884-12087-i-3835</fid>
<lfSpanFr gml:id="K11_4688412087_2-1">
<gml:timePosition>2021-02-26</gml:timePosition>
</lfSpanFr>
<devDate gml:id="K11_4688412087_2-2">
<gml:timePosition>2021-07-01</gml:timePosition>
</devDate>
<orgGILvl>2500</orgGILvl>
<vis>表示</vis>
<pos>
<gml:Point gml:id="K11_4688412087_2-g" srsName="fguuid:jgd2011.bl">
<gml:pos>33.581307655 130.241240368</gml:pos>
</gml:Point>
</pos>
<sbaNo>6</sbaNo>
</SBAPt>
<SBAPt gml:id="K11_4688412087_3">
<fid>46884-12087-i-3836</fid>
<lfSpanFr gml:id="K11_4688412087_3-1">
<gml:timePosition>2021-02-26</gml:timePosition>
</lfSpanFr>
<devDate gml:id="K11_4688412087_3-2">
<gml:timePosition>2021-07-01</gml:timePosition>
</devDate>
<orgGILvl>2500</orgGILvl>
<vis>表示</vis>
<pos>
<gml:Point gml:id="K11_4688412087_3-g" srsName="fguuid:jgd2011.bl">
<gml:pos>33.581417858 130.239701655</gml:pos>
</gml:Point>
</pos>
<sbaNo>6</sbaNo>
</SBAPt>
<SBAPt gml:id="K11_4688412087_4">
<fid>46884-12087-i-3837</fid>
<lfSpanFr gml:id="K11_4688412087_4-1">
<gml:timePosition>2021-02-26</gml:timePosition>
</lfSpanFr>
<devDate gml:id="K11_4688412087_4-2">
<gml:timePosition>2021-07-01</gml:timePosition>
</devDate>
<orgGILvl>2500</orgGILvl>
<vis>表示</vis>
<pos>
<gml:Point gml:id="K11_4688412087_4-g" srsName="fguuid:jgd2011.bl">
<gml:pos>33.580998845 130.239015208</gml:pos>
</gml:Point>
</pos>
<sbaNo>7</sbaNo>
</SBAPt>
<SBAPt gml:id="K11_4688412087_5">
<fid>46884-12087-i-3838</fid>
<lfSpanFr gml:id="K11_4688412087_5-1">
<gml:timePosition>2021-02-26</gml:timePosition>
</lfSpanFr>
<devDate gml:id="K11_4688412087_5-2">
<gml:timePosition>2021-07-01</gml:timePosition>
</devDate>
<orgGILvl>2500</orgGILvl>
<vis>表示</vis>
<pos>
<gml:Point gml:id="K11_4688412087_5-g" srsName="fguuid:jgd2011.bl">
<gml:pos>33.581317343 130.238868216</gml:pos>
</gml:Point>
</pos>
<sbaNo>8</sbaNo>
</SBAPt>
<SBAPt gml:id="K11_4688412087_6">
<fid>46884-12087-i-3839</fid>
<lfSpanFr gml:id="K11_4688412087_6-1">
<gml:timePosition>2021-02-26</gml:timePosition>
</lfSpanFr>
<devDate gml:id="K11_4688412087_6-2">
<gml:timePosition>2021-07-01</gml:timePosition>
</devDate>
<orgGILvl>2500</orgGILvl>
<vis>表示</vis>
<pos>
<gml:Point gml:id="K11_4688412087_6-g" srsName="fguuid:jgd2011.bl">
<gml:pos>33.581560758 130.238548888</gml:pos>
</gml:Point>
</pos>
<sbaNo>9</sbaNo>
</SBAPt>
<SBAPt gml:id="K11_4688412087_7">
<fid>46884-12087-i-3840</fid>
<lfSpanFr gml:id="K11_4688412087_7-1">
<gml:timePosition>2021-02-26</gml:timePosition>
</lfSpanFr>
<devDate gml:id="K11_4688412087_7-2">
<gml:timePosition>2021-07-01</gml:timePosition>
</devDate>
<orgGILvl>2500</orgGILvl>
<vis>表示</vis>
<pos>
<gml:Point gml:id="K11_4688412087_7-g" srsName="fguuid:jgd2011.bl">
<gml:pos>33.581073928 130.238066637</gml:pos>
</gml:Point>
</pos>
<sbaNo>10</sbaNo>
</SBAPt>
<SBAPt gml:id="K11_4688412087_8">
<fid>46884-12087-i-3841</fid>
<lfSpanFr gml:id="K11_4688412087_8-1">
<gml:timePosition>2021-02-26</gml:timePosition>
</lfSpanFr>
<devDate gml:id="K11_4688412087_8-2">
<gml:timePosition>2021-07-01</gml:timePosition>
</devDate>
<orgGILvl>2500</orgGILvl>
<vis>表示</vis>
<pos>
<gml:Point gml:id="K11_4688412087_8-g" srsName="fguuid:jgd2011.bl">
<gml:pos>33.580677000 130.239128000</gml:pos>
</gml:Point>
</pos>
<sbaNo>5</sbaNo>
</SBAPt>
<SBAPt gml:id="K11_4688412087_9">
<fid>46884-12087-i-3842</fid>
<lfSpanFr gml:id="K11_4688412087_9-1">
<gml:timePosition>2021-02-26</gml:timePosition>
</lfSpanFr>
<devDate gml:id="K11_4688412087_9-2">
<gml:timePosition>2021-07-01</gml:timePosition>
</devDate>
<orgGILvl>2500</orgGILvl>
<vis>表示</vis>
<pos>
<gml:Point gml:id="K11_4688412087_9-g" srsName="fguuid:jgd2011.bl">
<gml:pos>33.580664603 130.240046327</gml:pos>
</gml:Point>
</pos>
<sbaNo>1</sbaNo>
</SBAPt>
<SBAPt gml:id="K11_4688412087_10">
<fid>46884-12087-i-3843</fid>
<lfSpanFr gml:id="K11_4688412087_10-1">
<gml:timePosition>2021-02-26</gml:timePosition>
</lfSpanFr>
<devDate gml:id="K11_4688412087_10-2">
<gml:timePosition>2021-07-01</gml:timePosition>
</devDate>
<orgGILvl>2500</orgGILvl>
<vis>表示</vis>
<pos>
<gml:Point gml:id="K11_4688412087_10-g" srsName="fguuid:jgd2011.bl">
<gml:pos>33.580105113 130.239388844</gml:pos>
</gml:Point>
</pos>
<sbaNo>2</sbaNo>
</SBAPt>
<SBAPt gml:id="K11_4688412087_11">
<fid>46884-12087-i-3844</fid>
<lfSpanFr gml:id="K11_4688412087_11-1">
<gml:timePosition>2021-02-26</gml:timePosition>
</lfSpanFr>
<devDate gml:id="K11_4688412087_11-2">
<gml:timePosition>2021-07-01</gml:timePosition>
</devDate>
<orgGILvl>2500</orgGILvl>
<vis>表示</vis>
<pos>
<gml:Point gml:id="K11_4688412087_11-g" srsName="fguuid:jgd2011.bl">
<gml:pos>33.580131755 130.238257800</gml:pos>
</gml:Point>
</pos>
<sbaNo>3</sbaNo>
</SBAPt>
<SBAPt gml:id="K11_4688412087_12">
<fid>46884-12087-i-3845</fid>
<lfSpanFr gml:id="K11_4688412087_12-1">
<gml:timePosition>2021-02-26</gml:timePosition>
</lfSpanFr>
<devDate gml:id="K11_4688412087_12-2">
<gml:timePosition>2021-07-01</gml:timePosition>
</devDate>
<orgGILvl>2500</orgGILvl>
<vis>表示</vis>
<pos>
<gml:Point gml:id="K11_4688412087_12-g" srsName="fguuid:jgd2011.bl">
<gml:pos>33.580361848 130.239281677</gml:pos>
</gml:Point>
</pos>
<sbaNo>4</sbaNo>
</SBAPt>
<SBAPt gml:id="K11_4688412087_13">
<fid>46884-12087-i-3846</fid>
<lfSpanFr gml:id="K11_4688412087_13-1">
<gml:timePosition>2021-02-26</gml:timePosition>
</lfSpanFr>
<devDate gml:id="K11_4688412087_13-2">
<gml:timePosition>2021-07-01</gml:timePosition>
</devDate>
<orgGILvl>2500</orgGILvl>
<vis>表示</vis>
<pos>
<gml:Point gml:id="K11_4688412087_13-g" srsName="fguuid:jgd2011.bl">
<gml:pos>33.580853000 130.240551000</gml:pos>
</gml:Point>
</pos>
<sbaNo>1</sbaNo>
</SBAPt>
<SBAPt gml:id="K11_4688412087_14">
<fid>46884-12087-i-3847</fid>
<lfSpanFr gml:id="K11_4688412087_14-1">
<gml:timePosition>2021-02-26</gml:timePosition>
</lfSpanFr>
<devDate gml:id="K11_4688412087_14-2">
<gml:timePosition>2021-07-01</gml:timePosition>
</devDate>
<orgGILvl>2500</orgGILvl>
<vis>表示</vis>
<pos>
<gml:Point gml:id="K11_4688412087_14-g" srsName="fguuid:jgd2011.bl">
<gml:pos>33.580767541 130.241544490</gml:pos>
</gml:Point>
</pos>
<sbaNo>2</sbaNo>
</SBAPt>
<SBAPt gml:id="K11_4688412087_15">
<fid>46884-12087-i-3848</fid>
<lfSpanFr gml:id="K11_4688412087_15-1">
<gml:timePosition>2021-02-26</gml:timePosition>
</lfSpanFr>
<devDate gml:id="K11_4688412087_15-2">
<gml:timePosition>2021-07-01</gml:timePosition>
</devDate>
<orgGILvl>2500</orgGILvl>
<vis>表示</vis>
<pos>
<gml:Point gml:id="K11_4688412087_15-g" srsName="fguuid:jgd2011.bl">
<gml:pos>33.581318447 130.235663607</gml:pos>
</gml:Point>
</pos>
<sbaNo>18</sbaNo>
</SBAPt>
<SBAPt gml:id="K11_4688412087_16">
<fid>46884-12087-i-3849</fid>
<lfSpanFr gml:id="K11_4688412087_16-1">
<gml:timePosition>2021-02-26</gml:timePosition>
</lfSpanFr>
<devDate gml:id="K11_4688412087_16-2">
<gml:timePosition>2021-07-01</gml:timePosition>
</devDate>
<orgGILvl>2500</orgGILvl>
<vis>表示</vis>
<pos>
<gml:Point gml:id="K11_4688412087_16-g" srsName="fguuid:jgd2011.bl">
<gml:pos>33.582057276 130.236182529</gml:pos>
</gml:Point>
</pos>
<sbaNo>19</sbaNo>
</SBAPt>
<SBAPt gml:id="K11_4688412087_17">
<fid>46884-12087-i-3850</fid>
<lfSpanFr gml:id="K11_4688412087_17-1">
<gml:timePosition>2021-02-26</gml:timePosition>
</lfSpanFr>
<devDate gml:id="K11_4688412087_17-2">
<gml:timePosition>2021-07-01</gml:timePosition>
</devDate>
<orgGILvl>2500</orgGILvl>
<vis>表示</vis>
<pos>
<gml:Point gml:id="K11_4688412087_17-g" srsName="fguuid:jgd2011.bl">
<gml:pos>33.582339443 130.236823357</gml:pos>
</gml:Point>
</pos>
<sbaNo>20</sbaNo>
</SBAPt>
<SBAPt gml:id="K11_4688412087_18">
<fid>46884-12087-i-3851</fid>
<lfSpanFr gml:id="K11_4688412087_18-1">
<gml:timePosition>2021-02-26</gml:timePosition>
</lfSpanFr>
<devDate gml:id="K11_4688412087_18-2">
<gml:timePosition>2021-07-01</gml:timePosition>
</devDate>
<orgGILvl>2500</orgGILvl>
<vis>表示</vis>
<pos>
<gml:Point gml:id="K11_4688412087_18-g" srsName="fguuid:jgd2011.bl">
<gml:pos>33.582452068 130.237381638</gml:pos>
</gml:Point>
</pos>
<sbaNo>21</sbaNo>
</SBAPt>
<SBAPt gml:id="K11_4688412087_19">
<fid>46884-12087-i-3852</fid>
<lfSpanFr gml:id="K11_4688412087_19-1">
<gml:timePosition>2021-02-26</gml:timePosition>
</lfSpanFr>
<devDate gml:id="K11_4688412087_19-2">
<gml:timePosition>2021-07-01</gml:timePosition>
</devDate>
<orgGILvl>2500</orgGILvl>
<vis>表示</vis>
<pos>
<gml:Point gml:id="K11_4688412087_19-g" srsName="fguuid:jgd2011.bl">
<gml:pos>33.581989000 130.237372000</gml:pos>
</gml:Point>
</pos>
<sbaNo>22</sbaNo>
</SBAPt>
<SBAPt gml:id="K11_4688412087_20">
<fid>46884-12087-i-3853</fid>
<lfSpanFr gml:id="K11_4688412087_20-1">
<gml:timePosition>2021-02-26</gml:timePosition>
</lfSpanFr>
<devDate gml:id="K11_4688412087_20-2">
<gml:timePosition>2021-07-01</gml:timePosition>
</devDate>
<orgGILvl>2500</orgGILvl>
<vis>表示</vis>
<pos>
<gml:Point gml:id="K11_4688412087_20-g" srsName="fguuid:jgd2011.bl">
<gml:pos>33.581735145 130.236294040</gml:pos>
</gml:Point>
</pos>
<sbaNo>17</sbaNo>
</SBAPt>
<SBAPt gml:id="K11_4688412087_21">
<fid>46884-12087-i-3854</fid>
<lfSpanFr gml:id="K11_4688412087_21-1">
<gml:timePosition>2021-02-26</gml:timePosition>
</lfSpanFr>
<devDate gml:id="K11_4688412087_21-2">
<gml:timePosition>2021-07-01</gml:timePosition>
</devDate>
<orgGILvl>2500</orgGILvl>
<vis>表示</vis>
<pos>
<gml:Point gml:id="K11_4688412087_21-g" srsName="fguuid:jgd2011.bl">
<gml:pos>33.580882587 130.237545285</gml:pos>
</gml:Point>
</pos>
<sbaNo>12</sbaNo>
</SBAPt>
<SBAPt gml:id="K11_4688412087_22">
<fid>46884-12087-i-3855</fid>
<lfSpanFr gml:id="K11_4688412087_22-1">
<gml:timePosition>2021-02-26</gml:timePosition>
</lfSpanFr>
<devDate gml:id="K11_4688412087_22-2">
<gml:timePosition>2021-07-01</gml:timePosition>
</devDate>
<orgGILvl>2500</orgGILvl>
<vis>表示</vis>
<pos>
<gml:Point gml:id="K11_4688412087_22-g" srsName="fguuid:jgd2011.bl">
<gml:pos>33.581187764 130.237420740</gml:pos>
</gml:Point>
</pos>
<sbaNo>13</sbaNo>
</SBAPt>
<SBAPt gml:id="K11_4688412087_23">
<fid>46884-12087-i-3856</fid>
<lfSpanFr gml:id="K11_4688412087_23-1">
<gml:timePosition>2021-02-26</gml:timePosition>
</lfSpanFr>
<devDate gml:id="K11_4688412087_23-2">
<gml:timePosition>2021-07-01</gml:timePosition>
</devDate>
<orgGILvl>2500</orgGILvl>
<vis>表示</vis>
<pos>
<gml:Point gml:id="K11_4688412087_23-g" srsName="fguuid:jgd2011.bl">
<gml:pos>33.581543804 130.237433774</gml:pos>
</gml:Point>
</pos>
<sbaNo>14</sbaNo>
</SBAPt>
<SBAPt gml:id="K11_4688412087_24">
<fid>46884-12087-i-3857</fid>
<lfSpanFr gml:id="K11_4688412087_24-1">
<gml:timePosition>2021-02-26</gml:timePosition>
</lfSpanFr>
<devDate gml:id="K11_4688412087_24-2">
<gml:timePosition>2021-07-01</gml:timePosition>
</devDate>
<orgGILvl>2500</orgGILvl>
<vis>表示</vis>
<pos>
<gml:Point gml:id="K11_4688412087_24-g" srsName="fguuid:jgd2011.bl">
<gml:pos>33.581093305 130.236227423</gml:pos>
</gml:Point>
</pos>
<sbaNo>15</sbaNo>
</SBAPt>
<SBAPt gml:id="K11_4688412087_25">
<fid>46884-12087-i-3858</fid>
<lfSpanFr gml:id="K11_4688412087_25-1">
<gml:timePosition>2021-02-26</gml:timePosition>
</lfSpanFr>
<devDate gml:id="K11_4688412087_25-2">
<gml:timePosition>2021-07-01</gml:timePosition>
</devDate>
<orgGILvl>2500</orgGILvl>
<vis>表示</vis>
<pos>
<gml:Point gml:id="K11_4688412087_25-g" srsName="fguuid:jgd2011.bl">
<gml:pos>33.581431179 130.236371519</gml:pos>
</gml:Point>
</pos>
<sbaNo>16</sbaNo>
</SBAPt>
<SBAPt gml:id="K11_4688412087_26">
<fid>46884-12087-i-3859</fid>
<lfSpanFr gml:id="K11_4688412087_26-1">
<gml:timePosition>2021-02-26</gml:timePosition>
</lfSpanFr>
<devDate gml:id="K11_4688412087_26-2">
<gml:timePosition>2021-07-01</gml:timePosition>
</devDate>
<orgGILvl>2500</orgGILvl>
<vis>表示</vis>
<pos>
<gml:Point gml:id="K11_4688412087_26-g" srsName="fguuid:jgd2011.bl">
<gml:pos>33.581957972 130.238887767</gml:pos>
</gml:Point>
</pos>
<sbaNo>23</sbaNo>
</SBAPt>
<SBAPt gml:id="K11_4688412087_27">
<fid>46884-12087-i-3860</fid>
<lfSpanFr gml:id="K11_4688412087_27-1">
<gml:timePosition>2021-02-26</gml:timePosition>
</lfSpanFr>
<devDate gml:id="K11_4688412087_27-2">
<gml:timePosition>2021-07-01</gml:timePosition>
</devDate>
<orgGILvl>2500</orgGILvl>
<vis>表示</vis>
<pos>
<gml:Point gml:id="K11_4688412087_27-g" srsName="fguuid:jgd2011.bl">
<gml:pos>33.582431481 130.238617677</gml:pos>
</gml:Point>
</pos>
<sbaNo>24</sbaNo>
</SBAPt>
<SBAPt gml:id="K11_4688412087_28">
<fid>46884-12087-i-3861</fid>
<lfSpanFr gml:id="K11_4688412087_28-1">
<gml:timePosition>2021-02-26</gml:timePosition>
</lfSpanFr>
<devDate gml:id="K11_4688412087_28-2">
<gml:timePosition>2021-07-01</gml:timePosition>
</devDate>
<orgGILvl>2500</orgGILvl>
<vis>表示</vis>
<pos>
<gml:Point gml:id="K11_4688412087_28-g" srsName="fguuid:jgd2011.bl">
<gml:pos>33.581784796 130.241098444</gml:pos>
</gml:Point>
</pos>
<sbaNo>10</sbaNo>
</SBAPt>
<SBAPt gml:id="K11_4688412087_29">
<fid>46884-12087-i-3862</fid>
<lfSpanFr gml:id="K11_4688412087_29-1">
<gml:timePosition>2021-02-26</gml:timePosition>
</lfSpanFr>
<devDate gml:id="K11_4688412087_29-2">
<gml:timePosition>2021-07-01</gml:timePosition>
</devDate>
<orgGILvl>2500</orgGILvl>
<vis>表示</vis>
<pos>
<gml:Point gml:id="K11_4688412087_29-g" srsName="fguuid:jgd2011.bl">
<gml:pos>33.582160213 130.240960865</gml:pos>
</gml:Point>
</pos>
<sbaNo>11</sbaNo>
</SBAPt>
<SBAPt gml:id="K11_4688412087_30">
<fid>46884-12087-i-3863</fid>
<lfSpanFr gml:id="K11_4688412087_30-1">
<gml:timePosition>2021-02-26</gml:timePosition>
</lfSpanFr>
<devDate gml:id="K11_4688412087_30-2">
<gml:timePosition>2021-07-01</gml:timePosition>
</devDate>
<orgGILvl>2500</orgGILvl>
<vis>表示</vis>
<pos>
<gml:Point gml:id="K11_4688412087_30-g" srsName="fguuid:jgd2011.bl">
<gml:pos>33.582482344 130.240818941</gml:pos>
</gml:Point>
</pos>
<sbaNo>12</sbaNo>
</SBAPt>
<SBAPt gml:id="K11_4688412087_31">
<fid>46884-12087-i-3864</fid>
<lfSpanFr gml:id="K11_4688412087_31-1">
<gml:timePosition>2021-02-26</gml:timePosition>
</lfSpanFr>
<devDate gml:id="K11_4688412087_31-2">
<gml:timePosition>2021-07-01</gml:timePosition>
</devDate>
<orgGILvl>2500</orgGILvl>
<vis>表示</vis>
<pos>
<gml:Point gml:id="K11_4688412087_31-g" srsName="fguuid:jgd2011.bl">
<gml:pos>33.581809000 130.240118000</gml:pos>
</gml:Point>
</pos>
<sbaNo>13</sbaNo>
</SBAPt>
<SBAPt gml:id="K11_4688412087_32">
<fid>46884-12087-i-3865</fid>
<lfSpanFr gml:id="K11_4688412087_32-1">
<gml:timePosition>2021-02-26</gml:timePosition>
</lfSpanFr>
<devDate gml:id="K11_4688412087_32-2">
<gml:timePosition>2021-07-01</gml:timePosition>
</devDate>
<orgGILvl>2500</orgGILvl>
<vis>表示</vis>
<pos>
<gml:Point gml:id="K11_4688412087_32-g" srsName="fguuid:jgd2011.bl">
<gml:pos>33.575880623 130.240679010</gml:pos>
</gml:Point>
</pos>
<sbaNo>12</sbaNo>
</SBAPt>
<SBAPt gml:id="K11_4688412087_33">
<fid>46884-12087-i-3866</fid>
<lfSpanFr gml:id="K11_4688412087_33-1">
<gml:timePosition>2021-02-26</gml:timePosition>
</lfSpanFr>
<devDate gml:id="K11_4688412087_33-2">
<gml:timePosition>2021-07-01</gml:timePosition>
</devDate>
<orgGILvl>2500</orgGILvl>
<vis>表示</vis>
<pos>
<gml:Point gml:id="K11_4688412087_33-g" srsName="fguuid:jgd2011.bl">
<gml:pos>33.575962972 130.241307529</gml:pos>
</gml:Point>
</pos>
<sbaNo>13</sbaNo>
</SBAPt>
<SBAPt gml:id="K11_4688412087_34">
<fid>46884-12087-i-3867</fid>
<lfSpanFr gml:id="K11_4688412087_34-1">
<gml:timePosition>2021-02-26</gml:timePosition>
</lfSpanFr>
<devDate gml:id="K11_4688412087_34-2">
<gml:timePosition>2021-07-01</gml:timePosition>
</devDate>
<orgGILvl>2500</orgGILvl>
<vis>表示</vis>
<pos>
<gml:Point gml:id="K11_4688412087_34-g" srsName="fguuid:jgd2011.bl">
<gml:pos>33.575488252 130.241022233</gml:pos>
</gml:Point>
</pos>
<sbaNo>14</sbaNo>
</SBAPt>
<SBAPt gml:id="K11_4688412087_35">
<fid>46884-12087-i-3868</fid>
<lfSpanFr gml:id="K11_4688412087_35-1">
<gml:timePosition>2021-02-26</gml:timePosition>
</lfSpanFr>
<devDate gml:id="K11_4688412087_35-2">
<gml:timePosition>2021-07-01</gml:timePosition>
</devDate>
<orgGILvl>2500</orgGILvl>
<vis>表示</vis>
<pos>
<gml:Point gml:id="K11_4688412087_35-g" srsName="fguuid:jgd2011.bl">
<gml:pos>33.575464032 130.240217033</gml:pos>
</gml:Point>
</pos>
<sbaNo>15</sbaNo>
</SBAPt>
<SBAPt gml:id="K11_4688412087_36">
<fid>46884-12087-i-3869</fid>
<lfSpanFr gml:id="K11_4688412087_36-1">
<gml:timePosition>2021-02-26</gml:timePosition>
</lfSpanFr>
<devDate gml:id="K11_4688412087_36-2">
<gml:timePosition>2021-07-01</gml:timePosition>
</devDate>
<orgGILvl>2500</orgGILvl>
<vis>表示</vis>
<pos>
<gml:Point gml:id="K11_4688412087_36-g" srsName="fguuid:jgd2011.bl">
<gml:pos>33.577646289 130.240373439</gml:pos>
</gml:Point>
</pos>
<sbaNo>22</sbaNo>
</SBAPt>
<SBAPt gml:id="K11_4688412087_37">
<fid>46884-12087-i-3870</fid>
<lfSpanFr gml:id="K11_4688412087_37-1">
<gml:timePosition>2021-02-26</gml:timePosition>
</lfSpanFr>
<devDate gml:id="K11_4688412087_37-2">
<gml:timePosition>2021-07-01</gml:timePosition>
</devDate>
<orgGILvl>2500</orgGILvl>
<vis>表示</vis>
<pos>
<gml:Point gml:id="K11_4688412087_37-g" srsName="fguuid:jgd2011.bl">
<gml:pos>33.577992640 130.240211241</gml:pos>
</gml:Point>
</pos>
<sbaNo>23</sbaNo>
</SBAPt>
<SBAPt gml:id="K11_4688412087_38">
<fid>46884-12087-i-3871</fid>
<lfSpanFr gml:id="K11_4688412087_38-1">
<gml:timePosition>2021-02-26</gml:timePosition>
</lfSpanFr>
<devDate gml:id="K11_4688412087_38-2">
<gml:timePosition>2021-07-01</gml:timePosition>
</devDate>
<orgGILvl>2500</orgGILvl>
<vis>表示</vis>
<pos>
<gml:Point gml:id="K11_4688412087_38-g" srsName="fguuid:jgd2011.bl">
<gml:pos>33.578331726 130.240051938</gml:pos>
</gml:Point>
</pos>
<sbaNo>24</sbaNo>
</SBAPt>
<SBAPt gml:id="K11_4688412087_39">
<fid>46884-12087-i-3872</fid>
<lfSpanFr gml:id="K11_4688412087_39-1">
<gml:timePosition>2021-02-26</gml:timePosition>
</lfSpanFr>
<devDate gml:id="K11_4688412087_39-2">
<gml:timePosition>2021-07-01</gml:timePosition>
</devDate>
<orgGILvl>2500</orgGILvl>
<vis>表示</vis>
<pos>
<gml:Point gml:id="K11_4688412087_39-g" srsName="fguuid:jgd2011.bl">
<gml:pos>33.578665967 130.239952013</gml:pos>
</gml:Point>
</pos>
<sbaNo>25</sbaNo>
</SBAPt>
<SBAPt gml:id="K11_4688412087_40">
<fid>46884-12087-i-3873</fid>
<lfSpanFr gml:id="K11_4688412087_40-1">
<gml:timePosition>2021-02-26</gml:timePosition>
</lfSpanFr>
<devDate gml:id="K11_4688412087_40-2">
<gml:timePosition>2021-07-01</gml:timePosition>
</devDate>
<orgGILvl>2500</orgGILvl>
<vis>表示</vis>
<pos>
<gml:Point gml:id="K11_4688412087_40-g" srsName="fguuid:jgd2011.bl">
<gml:pos>33.579491883 130.240571843</gml:pos>
</gml:Point>
</pos>
<sbaNo>26</sbaNo>
</SBAPt>
<SBAPt gml:id="K11_4688412087_41">
<fid>46884-12087-i-3874</fid>
<lfSpanFr gml:id="K11_4688412087_41-1">
<gml:timePosition>2021-02-26</gml:timePosition>
</lfSpanFr>
<devDate gml:id="K11_4688412087_41-2">
<gml:timePosition>2021-07-01</gml:timePosition>
</devDate>
<orgGILvl>2500</orgGILvl>
<vis>表示</vis>
<pos>
<gml:Point gml:id="K11_4688412087_41-g" srsName="fguuid:jgd2011.bl">
<gml:pos>33.577517921 130.239393008</gml:pos>
</gml:Point>
</pos>
<sbaNo>21</sbaNo>
</SBAPt>
<SBAPt gml:id="K11_4688412087_42">
<fid>46884-12087-i-3875</fid>
<lfSpanFr gml:id="K11_4688412087_42-1">
<gml:timePosition>2021-02-26</gml:timePosition>
</lfSpanFr>
<devDate gml:id="K11_4688412087_42-2">
<gml:timePosition>2021-07-01</gml:timePosition>
</devDate>
<orgGILvl>2500</orgGILvl>
<vis>表示</vis>
<pos>
<gml:Point gml:id="K11_4688412087_42-g" srsName="fguuid:jgd2011.bl">
<gml:pos>33.576401361 130.239844846</gml:pos>
</gml:Point>
</pos>
<sbaNo>16</sbaNo>
</SBAPt>
<SBAPt gml:id="K11_4688412087_43">
<fid>46884-12087-i-3876</fid>
<lfSpanFr gml:id="K11_4688412087_43-1">
<gml:timePosition>2021-02-26</gml:timePosition>
</lfSpanFr>
<devDate gml:id="K11_4688412087_43-2">
<gml:timePosition>2021-07-01</gml:timePosition>
</devDate>
<orgGILvl>2500</orgGILvl>
<vis>表示</vis>
<pos>
<gml:Point gml:id="K11_4688412087_43-g" srsName="fguuid:jgd2011.bl">
<gml:pos>33.576558794 130.240471916</gml:pos>
</gml:Point>
</pos>
<sbaNo>17</sbaNo>
</SBAPt>
<SBAPt gml:id="K11_4688412087_44">
<fid>46884-12087-i-3877</fid>
<lfSpanFr gml:id="K11_4688412087_44-1">
<gml:timePosition>2021-02-26</gml:timePosition>
</lfSpanFr>
<devDate gml:id="K11_4688412087_44-2">
<gml:timePosition>2021-07-01</gml:timePosition>
</devDate>
<orgGILvl>2500</orgGILvl>
<vis>表示</vis>
<pos>
<gml:Point gml:id="K11_4688412087_44-g" srsName="fguuid:jgd2011.bl">
<gml:pos>33.576798575 130.241313321</gml:pos>
</gml:Point>
</pos>
<sbaNo>18</sbaNo>
</SBAPt>
<SBAPt gml:id="K11_4688412087_45">
<fid>46884-12087-i-3878</fid>
<lfSpanFr gml:id="K11_4688412087_45-1">
<gml:timePosition>2021-02-26</gml:timePosition>
</lfSpanFr>
<devDate gml:id="K11_4688412087_45-2">
<gml:timePosition>2021-07-01</gml:timePosition>
</devDate>
<orgGILvl>2500</orgGILvl>
<vis>表示</vis>
<pos>
<gml:Point gml:id="K11_4688412087_45-g" srsName="fguuid:jgd2011.bl">
<gml:pos>33.578099211 130.241185879</gml:pos>
</gml:Point>
</pos>
<sbaNo>19</sbaNo>
</SBAPt>
<SBAPt gml:id="K11_4688412087_46">
<fid>46884-12087-i-3879</fid>
<lfSpanFr gml:id="K11_4688412087_46-1">
<gml:timePosition>2021-02-26</gml:timePosition>
</lfSpanFr>
<devDate gml:id="K11_4688412087_46-2">
<gml:timePosition>2021-07-01</gml:timePosition>
</devDate>
<orgGILvl>2500</orgGILvl>
<vis>表示</vis>
<pos>
<gml:Point gml:id="K11_4688412087_46-g" srsName="fguuid:jgd2011.bl">
<gml:pos>33.577299937 130.240529844</gml:pos>
</gml:Point>
</pos>
<sbaNo>20</sbaNo>
</SBAPt>
<SBAPt gml:id="K11_4688412087_47">
<fid>46884-12087-i-3880</fid>
<lfSpanFr gml:id="K11_4688412087_47-1">
<gml:timePosition>2021-02-26</gml:timePosition>
</lfSpanFr>
<devDate gml:id="K11_4688412087_47-2">
<gml:timePosition>2021-07-01</gml:timePosition>
</devDate>
<orgGILvl>2500</orgGILvl>
<vis>表示</vis>
<pos>
<gml:Point gml:id="K11_4688412087_47-g" srsName="fguuid:jgd2011.bl">
<gml:pos>33.578932391 130.239826020</gml:pos>
</gml:Point>
</pos>
<sbaNo>27</sbaNo>
</SBAPt>
<SBAPt gml:id="K11_4688412087_48">
<fid>46884-12087-i-3881</fid>
<lfSpanFr gml:id="K11_4688412087_48-1">
<gml:timePosition>2021-02-26</gml:timePosition>
</lfSpanFr>
<devDate gml:id="K11_4688412087_48-2">
<gml:timePosition>2021-07-01</gml:timePosition>
</devDate>
<orgGILvl>2500</orgGILvl>
<vis>表示</vis>
<pos>
<gml:Point gml:id="K11_4688412087_48-g" srsName="fguuid:jgd2011.bl">
<gml:pos>33.579971446 130.241555171</gml:pos>
</gml:Point>
</pos>
<sbaNo>18</sbaNo>
</SBAPt>
<SBAPt gml:id="K11_4688412087_49">
<fid>46884-12087-i-3882</fid>
<lfSpanFr gml:id="K11_4688412087_49-1">
<gml:timePosition>2021-02-26</gml:timePosition>
</lfSpanFr>
<devDate gml:id="K11_4688412087_49-2">
<gml:timePosition>2021-07-01</gml:timePosition>
</devDate>
<orgGILvl>2500</orgGILvl>
<vis>表示</vis>
<pos>
<gml:Point gml:id="K11_4688412087_49-g" srsName="fguuid:jgd2011.bl">
<gml:pos>33.579629939 130.241110573</gml:pos>
</gml:Point>
</pos>
<sbaNo>16</sbaNo>
</SBAPt>
<SBAPt gml:id="K11_4688412087_50">
<fid>46884-12087-i-3883</fid>
<lfSpanFr gml:id="K11_4688412087_50-1">
<gml:timePosition>2021-02-26</gml:timePosition>
</lfSpanFr>
<devDate gml:id="K11_4688412087_50-2">
<gml:timePosition>2021-07-01</gml:timePosition>
</devDate>
<orgGILvl>2500</orgGILvl>
<vis>表示</vis>
<pos>
<gml:Point gml:id="K11_4688412087_50-g" srsName="fguuid:jgd2011.bl">
<gml:pos>33.579218000 130.239711000</gml:pos>
</gml:Point>
</pos>
<sbaNo>28</sbaNo>
</SBAPt>
<SBAPt gml:id="K11_4688412087_51">
<fid>46884-12087-i-3884</fid>
<lfSpanFr gml:id="K11_4688412087_51-1">
<gml:timePosition>2021-02-26</gml:timePosition>
</lfSpanFr>
<devDate gml:id="K11_4688412087_51-2">
<gml:timePosition>2021-07-01</gml:timePosition>
</devDate>
<orgGILvl>2500</orgGILvl>
<vis>表示</vis>
<pos>
<gml:Point gml:id="K11_4688412087_51-g" srsName="fguuid:jgd2011.bl">
<gml:pos>33.579491883 130.239594308</gml:pos>
</gml:Point>
</pos>
<sbaNo>29</sbaNo>
</SBAPt>
<SBAPt gml:id="K11_4688412087_52">
<fid>46884-12087-i-3885</fid>
<lfSpanFr gml:id="K11_4688412087_52-1">
<gml:timePosition>2021-02-26</gml:timePosition>
</lfSpanFr>
<devDate gml:id="K11_4688412087_52-2">
<gml:timePosition>2021-07-01</gml:timePosition>
</devDate>
<orgGILvl>2500</orgGILvl>
<vis>表示</vis>
<pos>
<gml:Point gml:id="K11_4688412087_52-g" srsName="fguuid:jgd2011.bl">
<gml:pos>33.579775261 130.239503071</gml:pos>
</gml:Point>
</pos>
<sbaNo>30</sbaNo>
</SBAPt>
<SBAPt gml:id="K11_4688412087_53">
<fid>46884-12087-i-3886</fid>
<lfSpanFr gml:id="K11_4688412087_53-1">
<gml:timePosition>2021-02-26</gml:timePosition>
</lfSpanFr>
<devDate gml:id="K11_4688412087_53-2">
<gml:timePosition>2021-07-01</gml:timePosition>
</devDate>
<orgGILvl>2500</orgGILvl>
<vis>表示</vis>
<pos>
<gml:Point gml:id="K11_4688412087_53-g" srsName="fguuid:jgd2011.bl">
<gml:pos>33.578963878 130.238777523</gml:pos>
</gml:Point>
</pos>
<sbaNo>31</sbaNo>
</SBAPt>
<SBAPt gml:id="K11_4688412087_54">
<fid>46884-12087-i-3887</fid>
<lfSpanFr gml:id="K11_4688412087_54-1">
<gml:timePosition>2021-02-26</gml:timePosition>
</lfSpanFr>
<devDate gml:id="K11_4688412087_54-2">
<gml:timePosition>2021-07-01</gml:timePosition>
</devDate>
<orgGILvl>2500</orgGILvl>
<vis>表示</vis>
<pos>
<gml:Point gml:id="K11_4688412087_54-g" srsName="fguuid:jgd2011.bl">
<gml:pos>33.580574989 130.237678520</gml:pos>
</gml:Point>
</pos>
<sbaNo>11</sbaNo>
</SBAPt>
<SBAPt gml:id="K11_4688712084_1">
<fid>46887-12084-i-5738</fid>
<lfSpanFr gml:id="K11_4688712084_1-1">
<gml:timePosition>2021-02-26</gml:timePosition>
</lfSpanFr>
<devDate gml:id="K11_4688712084_1-2">
<gml:timePosition>2021-07-01</gml:timePosition>
</devDate>
<orgGILvl>2500</orgGILvl>
<vis>表示</vis>
<pos>
<gml:Point gml:id="K11_4688712084_1-g" srsName="fguuid:jgd2011.bl">
<gml:pos>33.571214565 130.246236478</gml:pos>
</gml:Point>
</pos>
<sbaNo>1</sbaNo>
</SBAPt>
<SBAPt gml:id="K11_4688712084_2">
<fid>46887-12084-i-5739</fid>
<lfSpanFr gml:id="K11_4688712084_2-1">
<gml:timePosition>2021-02-26</gml:timePosition>
</lfSpanFr>
<devDate gml:id="K11_4688712084_2-2">
<gml:timePosition>2021-07-01</gml:timePosition>
</devDate>
<orgGILvl>2500</orgGILvl>
<vis>表示</vis>
<pos>
<gml:Point gml:id="K11_4688712084_2-g" srsName="fguuid:jgd2011.bl">
<gml:pos>33.571682018 130.247645576</gml:pos>
</gml:Point>
</pos>
<sbaNo>2</sbaNo>
</SBAPt>
<SBAPt gml:id="K11_4688712084_3">
<fid>46887-12084-i-5740</fid>
<lfSpanFr gml:id="K11_4688712084_3-1">
<gml:timePosition>2021-02-26</gml:timePosition>
</lfSpanFr>
<devDate gml:id="K11_4688712084_3-2">
<gml:timePosition>2021-07-01</gml:timePosition>
</devDate>
<orgGILvl>2500</orgGILvl>
<vis>表示</vis>
<pos>
<gml:Point gml:id="K11_4688712084_3-g" srsName="fguuid:jgd2011.bl">
<gml:pos>33.571766789 130.246976508</gml:pos>
</gml:Point>
</pos>
<sbaNo>3</sbaNo>
</SBAPt>
<SBAPt gml:id="K11_4688712084_4">
<fid>46887-12084-i-5741</fid>
<lfSpanFr gml:id="K11_4688712084_4-1">
<gml:timePosition>2021-02-26</gml:timePosition>
</lfSpanFr>
<devDate gml:id="K11_4688712084_4-2">
<gml:timePosition>2021-07-01</gml:timePosition>
</devDate>
<orgGILvl>2500</orgGILvl>
<vis>表示</vis>
<pos>
<gml:Point gml:id="K11_4688712084_4-g" srsName="fguuid:jgd2011.bl">
<gml:pos>33.571867910 130.242546464</gml:pos>
</gml:Point>
</pos>
<sbaNo>18</sbaNo>
</SBAPt>
<SBAPt gml:id="K11_4688712084_5">
<fid>46887-12084-i-5742</fid>
<lfSpanFr gml:id="K11_4688712084_5-1">
<gml:timePosition>2021-02-26</gml:timePosition>
</lfSpanFr>
<devDate gml:id="K11_4688712084_5-2">
<gml:timePosition>2021-07-01</gml:timePosition>
</devDate>
<orgGILvl>2500</orgGILvl>
<vis>表示</vis>
<pos>
<gml:Point gml:id="K11_4688712084_5-g" srsName="fguuid:jgd2011.bl">
<gml:pos>33.572141601 130.243017128</gml:pos>
</gml:Point>
</pos>
<sbaNo>19</sbaNo>
</SBAPt>
<SBAPt gml:id="K11_4688712084_6">
<fid>46887-12084-i-5743</fid>
<lfSpanFr gml:id="K11_4688712084_6-1">
<gml:timePosition>2021-02-26</gml:timePosition>
</lfSpanFr>
<devDate gml:id="K11_4688712084_6-2">
<gml:timePosition>2021-07-01</gml:timePosition>
</devDate>
<orgGILvl>2500</orgGILvl>
<vis>表示</vis>
<pos>
<gml:Point gml:id="K11_4688712084_6-g" srsName="fguuid:jgd2011.bl">
<gml:pos>33.571034729 130.242820173</gml:pos>
</gml:Point>
</pos>
<sbaNo>20</sbaNo>
</SBAPt>
<SBAPt gml:id="K11_4688712084_7">
<fid>46887-12084-i-5744</fid>
<lfSpanFr gml:id="K11_4688712084_7-1">
<gml:timePosition>2021-02-26</gml:timePosition>
</lfSpanFr>
<devDate gml:id="K11_4688712084_7-2">
<gml:timePosition>2021-07-01</gml:timePosition>
</devDate>
<orgGILvl>2500</orgGILvl>
<vis>表示</vis>
<pos>
<gml:Point gml:id="K11_4688712084_7-g" srsName="fguuid:jgd2011.bl">
<gml:pos>33.574226976 130.243865774</gml:pos>
</gml:Point>
</pos>
<sbaNo>10</sbaNo>
</SBAPt>
<SBAPt gml:id="K11_4688712084_8">
<fid>46887-12084-i-5745</fid>
<lfSpanFr gml:id="K11_4688712084_8-1">
<gml:timePosition>2021-02-26</gml:timePosition>
</lfSpanFr>
<devDate gml:id="K11_4688712084_8-2">
<gml:timePosition>2021-07-01</gml:timePosition>
</devDate>
<orgGILvl>2500</orgGILvl>
<vis>表示</vis>
<pos>
<gml:Point gml:id="K11_4688712084_8-g" srsName="fguuid:jgd2011.bl">
<gml:pos>33.573263004 130.243432763</gml:pos>
</gml:Point>
</pos>
<sbaNo>11</sbaNo>
</SBAPt>
<SBAPt gml:id="K11_4688712084_9">
<fid>46887-12084-i-5746</fid>
<lfSpanFr gml:id="K11_4688712084_9-1">
<gml:timePosition>2021-02-26</gml:timePosition>
</lfSpanFr>
<devDate gml:id="K11_4688712084_9-2">
<gml:timePosition>2021-07-01</gml:timePosition>
</devDate>
<orgGILvl>2500</orgGILvl>
<vis>表示</vis>
<pos>
<gml:Point gml:id="K11_4688712084_9-g" srsName="fguuid:jgd2011.bl">
<gml:pos>33.573117682 130.242802795</gml:pos>
</gml:Point>
</pos>
<sbaNo>12</sbaNo>
</SBAPt>
<SBAPt gml:id="K11_4688712084_10">
<fid>46887-12084-i-5747</fid>
<lfSpanFr gml:id="K11_4688712084_10-1">
<gml:timePosition>2021-02-26</gml:timePosition>
</lfSpanFr>
<devDate gml:id="K11_4688712084_10-2">
<gml:timePosition>2021-07-01</gml:timePosition>
</devDate>
<orgGILvl>2500</orgGILvl>
<vis>表示</vis>
<pos>
<gml:Point gml:id="K11_4688712084_10-g" srsName="fguuid:jgd2011.bl">
<gml:pos>33.572829460 130.241946909</gml:pos>
</gml:Point>
</pos>
<sbaNo>13</sbaNo>
</SBAPt>
<SBAPt gml:id="K11_4688712084_11">
<fid>46887-12084-i-5748</fid>
<lfSpanFr gml:id="K11_4688712084_11-1">
<gml:timePosition>2021-02-26</gml:timePosition>
</lfSpanFr>
<devDate gml:id="K11_4688712084_11-2">
<gml:timePosition>2021-07-01</gml:timePosition>
</devDate>
<orgGILvl>2500</orgGILvl>
<vis>表示</vis>
<pos>
<gml:Point gml:id="K11_4688712084_11-g" srsName="fguuid:jgd2011.bl">
<gml:pos>33.573911505 130.249009057</gml:pos>
</gml:Point>
</pos>
<sbaNo>6</sbaNo>
</SBAPt>
<SBAPt gml:id="K11_4688712084_12">
<fid>46887-12084-i-5749</fid>
<lfSpanFr gml:id="K11_4688712084_12-1">
<gml:timePosition>2021-02-26</gml:timePosition>
</lfSpanFr>
<devDate gml:id="K11_4688712084_12-2">
<gml:timePosition>2021-07-01</gml:timePosition>
</devDate>
<orgGILvl>2500</orgGILvl>
<vis>表示</vis>
<pos>
<gml:Point gml:id="K11_4688712084_12-g" srsName="fguuid:jgd2011.bl">
<gml:pos>33.574773751 130.249001816</gml:pos>
</gml:Point>
</pos>
<sbaNo>7</sbaNo>
</SBAPt>
<SBAPt gml:id="K11_4688712084_13">
<fid>46887-12084-i-5750</fid>
<lfSpanFr gml:id="K11_4688712084_13-1">
<gml:timePosition>2021-02-26</gml:timePosition>
</lfSpanFr>
<devDate gml:id="K11_4688712084_13-2">
<gml:timePosition>2021-07-01</gml:timePosition>
</devDate>
<orgGILvl>2500</orgGILvl>
<vis>表示</vis>
<pos>
<gml:Point gml:id="K11_4688712084_13-g" srsName="fguuid:jgd2011.bl">
<gml:pos>33.573235756 130.249061192</gml:pos>
</gml:Point>
</pos>
<sbaNo>4</sbaNo>
</SBAPt>
<SBAPt gml:id="K11_4688712084_14">
<fid>46887-12084-i-5751</fid>
<lfSpanFr gml:id="K11_4688712084_14-1">
<gml:timePosition>2021-02-26</gml:timePosition>
</lfSpanFr>
<devDate gml:id="K11_4688712084_14-2">
<gml:timePosition>2021-07-01</gml:timePosition>
</devDate>
<orgGILvl>2500</orgGILvl>
<vis>表示</vis>
<pos>
<gml:Point gml:id="K11_4688712084_14-g" srsName="fguuid:jgd2011.bl">
<gml:pos>33.570111932 130.242978751</gml:pos>
</gml:Point>
</pos>
<sbaNo>21</sbaNo>
</SBAPt>
<SBAPt gml:id="K11_4688712084_15">
<fid>46887-12084-i-5752</fid>
<lfSpanFr gml:id="K11_4688712084_15-1">
<gml:timePosition>2021-02-26</gml:timePosition>
</lfSpanFr>
<devDate gml:id="K11_4688712084_15-2">
<gml:timePosition>2021-07-01</gml:timePosition>
</devDate>
<orgGILvl>2500</orgGILvl>
<vis>表示</vis>
<pos>
<gml:Point gml:id="K11_4688712084_15-g" srsName="fguuid:jgd2011.bl">
<gml:pos>33.570138574 130.242038869</gml:pos>
</gml:Point>
</pos>
<sbaNo>22</sbaNo>
</SBAPt>
<SBAPt gml:id="K11_4688712084_16">
<fid>46887-12084-i-5753</fid>
<lfSpanFr gml:id="K11_4688712084_16-1">
<gml:timePosition>2021-02-26</gml:timePosition>
</lfSpanFr>
<devDate gml:id="K11_4688712084_16-2">
<gml:timePosition>2021-07-01</gml:timePosition>
</devDate>
<orgGILvl>2500</orgGILvl>
<vis>表示</vis>
<pos>
<gml:Point gml:id="K11_4688712084_16-g" srsName="fguuid:jgd2011.bl">
<gml:pos>33.572334758 130.249107535</gml:pos>
</gml:Point>
</pos>
<sbaNo>1</sbaNo>
</SBAPt>
<SBAPt gml:id="K11_4688712084_17">
<fid>46887-12084-i-5754</fid>
<lfSpanFr gml:id="K11_4688712084_17-1">
<gml:timePosition>2021-02-26</gml:timePosition>
</lfSpanFr>
<devDate gml:id="K11_4688712084_17-2">
<gml:timePosition>2021-07-01</gml:timePosition>
</devDate>
<orgGILvl>2500</orgGILvl>
<vis>表示</vis>
<pos>
<gml:Point gml:id="K11_4688712084_17-g" srsName="fguuid:jgd2011.bl">
<gml:pos>33.572700486 130.248820791</gml:pos>
</gml:Point>
</pos>
<sbaNo>2</sbaNo>
</SBAPt>
<SBAPt gml:id="K11_4688712084_18">
<fid>46887-12084-i-5755</fid>
<lfSpanFr gml:id="K11_4688712084_18-1">
<gml:timePosition>2021-02-26</gml:timePosition>
</lfSpanFr>
<devDate gml:id="K11_4688712084_18-2">
<gml:timePosition>2021-07-01</gml:timePosition>
</devDate>
<orgGILvl>2500</orgGILvl>
<vis>表示</vis>
<pos>
<gml:Point gml:id="K11_4688712084_18-g" srsName="fguuid:jgd2011.bl">
<gml:pos>33.572647200 130.248153171</gml:pos>
</gml:Point>
</pos>
<sbaNo>3</sbaNo>
</SBAPt>
<SBAPt gml:id="K11_4688712084_19">
<fid>46887-12084-i-5756</fid>
<lfSpanFr gml:id="K11_4688712084_19-1">
<gml:timePosition>2021-02-26</gml:timePosition>
</lfSpanFr>
<devDate gml:id="K11_4688712084_19-2">
<gml:timePosition>2021-07-01</gml:timePosition>
</devDate>
<orgGILvl>2500</orgGILvl>
<vis>表示</vis>
<pos>
<gml:Point gml:id="K11_4688712084_19-g" srsName="fguuid:jgd2011.bl">
<gml:pos>33.572064701 130.247202427</gml:pos>
</gml:Point>
</pos>
<sbaNo>4</sbaNo>
</SBAPt>
<SBAPt gml:id="K11_4688712084_20">
<fid>46887-12084-i-5757</fid>
<lfSpanFr gml:id="K11_4688712084_20-1">
<gml:timePosition>2021-02-26</gml:timePosition>
</lfSpanFr>
<devDate gml:id="K11_4688712084_20-2">
<gml:timePosition>2021-07-01</gml:timePosition>
</devDate>
<orgGILvl>2500</orgGILvl>
<vis>表示</vis>
<pos>
<gml:Point gml:id="K11_4688712084_20-g" srsName="fguuid:jgd2011.bl">
<gml:pos>33.574673236 130.248084381</gml:pos>
</gml:Point>
</pos>
<sbaNo>11</sbaNo>
</SBAPt>
<SBAPt gml:id="K11_4688712084_21">
<fid>46887-12084-i-5758</fid>
<lfSpanFr gml:id="K11_4688712084_21-1">
<gml:timePosition>2021-02-26</gml:timePosition>
</lfSpanFr>
<devDate gml:id="K11_4688712084_21-2">
<gml:timePosition>2021-07-01</gml:timePosition>
</devDate>
<orgGILvl>2500</orgGILvl>
<vis>表示</vis>
<pos>
<gml:Point gml:id="K11_4688712084_21-g" srsName="fguuid:jgd2011.bl">
<gml:pos>33.574416501 130.247325524</gml:pos>
</gml:Point>
</pos>
<sbaNo>12</sbaNo>
</SBAPt>
<SBAPt gml:id="K11_4688712084_22">
<fid>46887-12084-i-5759</fid>
<lfSpanFr gml:id="K11_4688712084_22-1">
<gml:timePosition>2021-02-26</gml:timePosition>
</lfSpanFr>
<devDate gml:id="K11_4688712084_22-2">
<gml:timePosition>2021-07-01</gml:timePosition>
</devDate>
<orgGILvl>2500</orgGILvl>
<vis>表示</vis>
<pos>
<gml:Point gml:id="K11_4688712084_22-g" srsName="fguuid:jgd2011.bl">
<gml:pos>33.574135543 130.246266890</gml:pos>
</gml:Point>
</pos>
<sbaNo>13</sbaNo>
</SBAPt>
<SBAPt gml:id="K11_4688712084_23">
<fid>46887-12084-i-5760</fid>
<lfSpanFr gml:id="K11_4688712084_23-1">
<gml:timePosition>2021-02-26</gml:timePosition>
</lfSpanFr>
<devDate gml:id="K11_4688712084_23-2">
<gml:timePosition>2021-07-01</gml:timePosition>
</devDate>
<orgGILvl>2500</orgGILvl>
<vis>表示</vis>
<pos>
<gml:Point gml:id="K11_4688712084_23-g" srsName="fguuid:jgd2011.bl">
<gml:pos>33.573789192 130.245147432</gml:pos>
</gml:Point>
</pos>
<sbaNo>14</sbaNo>
</SBAPt>
<SBAPt gml:id="K11_4688712084_24">
<fid>46887-12084-i-5761</fid>
<lfSpanFr gml:id="K11_4688712084_24-1">
<gml:timePosition>2021-02-26</gml:timePosition>
</lfSpanFr>
<devDate gml:id="K11_4688712084_24-2">
<gml:timePosition>2021-07-01</gml:timePosition>
</devDate>
<orgGILvl>2500</orgGILvl>
<vis>表示</vis>
<pos>
<gml:Point gml:id="K11_4688712084_24-g" srsName="fguuid:jgd2011.bl">
<gml:pos>33.574733000 130.244984000</gml:pos>
</gml:Point>
</pos>
<sbaNo>15</sbaNo>
</SBAPt>
<SBAPt gml:id="K11_4688712084_25">
<fid>46887-12084-i-5762</fid>
<lfSpanFr gml:id="K11_4688712084_25-1">
<gml:timePosition>2021-02-26</gml:timePosition>
</lfSpanFr>
<devDate gml:id="K11_4688712084_25-2">
<gml:timePosition>2021-07-01</gml:timePosition>
</devDate>
<orgGILvl>2500</orgGILvl>
<vis>表示</vis>
<pos>
<gml:Point gml:id="K11_4688712084_25-g" srsName="fguuid:jgd2011.bl">
<gml:pos>33.573506000 130.247641000</gml:pos>
</gml:Point>
</pos>
<sbaNo>10</sbaNo>
</SBAPt>
<SBAPt gml:id="K11_4688712084_26">
<fid>46887-12084-i-5763</fid>
<lfSpanFr gml:id="K11_4688712084_26-1">
<gml:timePosition>2021-02-26</gml:timePosition>
</lfSpanFr>
<devDate gml:id="K11_4688712084_26-2">
<gml:timePosition>2021-07-01</gml:timePosition>
</devDate>
<orgGILvl>2500</orgGILvl>
<vis>表示</vis>
<pos>
<gml:Point gml:id="K11_4688712084_26-g" srsName="fguuid:jgd2011.bl">
<gml:pos>33.573031094 130.248033694</gml:pos>
</gml:Point>
</pos>
<sbaNo>5</sbaNo>
</SBAPt>
<SBAPt gml:id="K11_4688712084_27">
<fid>46887-12084-i-5764</fid>
<lfSpanFr gml:id="K11_4688712084_27-1">
<gml:timePosition>2021-02-26</gml:timePosition>
</lfSpanFr>
<devDate gml:id="K11_4688712084_27-2">
<gml:timePosition>2021-07-01</gml:timePosition>
</devDate>
<orgGILvl>2500</orgGILvl>
<vis>表示</vis>
<pos>
<gml:Point gml:id="K11_4688712084_27-g" srsName="fguuid:jgd2011.bl">
<gml:pos>33.572488557 130.246920029</gml:pos>
</gml:Point>
</pos>
<sbaNo>6</sbaNo>
</SBAPt>
<SBAPt gml:id="K11_4688712084_28">
<fid>46887-12084-i-5765</fid>
<lfSpanFr gml:id="K11_4688712084_28-1">
<gml:timePosition>2021-02-26</gml:timePosition>
</lfSpanFr>
<devDate gml:id="K11_4688712084_28-2">
<gml:timePosition>2021-07-01</gml:timePosition>
</devDate>
<orgGILvl>2500</orgGILvl>
<vis>表示</vis>
<pos>
<gml:Point gml:id="K11_4688712084_28-g" srsName="fguuid:jgd2011.bl">
<gml:pos>33.572086499 130.245841119</gml:pos>
</gml:Point>
</pos>
<sbaNo>7</sbaNo>
</SBAPt>
<SBAPt gml:id="K11_4688712084_29">
<fid>46887-12084-i-5766</fid>
<lfSpanFr gml:id="K11_4688712084_29-1">
<gml:timePosition>2021-02-26</gml:timePosition>
</lfSpanFr>
<devDate gml:id="K11_4688712084_29-2">
<gml:timePosition>2021-07-01</gml:timePosition>
</devDate>
<orgGILvl>2500</orgGILvl>
<vis>表示</vis>
<pos>
<gml:Point gml:id="K11_4688712084_29-g" srsName="fguuid:jgd2011.bl">
<gml:pos>33.572868818 130.245657198</gml:pos>
</gml:Point>
</pos>
<sbaNo>8</sbaNo>
</SBAPt>
<SBAPt gml:id="K11_4688712084_30">
<fid>46887-12084-i-5767</fid>
<lfSpanFr gml:id="K11_4688712084_30-1">
<gml:timePosition>2021-02-26</gml:timePosition>
</lfSpanFr>
<devDate gml:id="K11_4688712084_30-2">
<gml:timePosition>2021-07-01</gml:timePosition>
</devDate>
<orgGILvl>2500</orgGILvl>
<vis>表示</vis>
<pos>
<gml:Point gml:id="K11_4688712084_30-g" srsName="fguuid:jgd2011.bl">
<gml:pos>33.573140000 130.246493000</gml:pos>
</gml:Point>
</pos>
<sbaNo>9</sbaNo>
</SBAPt>
<SBAPt gml:id="K11_4688712084_31">
<fid>46887-12084-i-5768</fid>
<lfSpanFr gml:id="K11_4688712084_31-1">
<gml:timePosition>2021-02-26</gml:timePosition>
</lfSpanFr>
<devDate gml:id="K11_4688712084_31-2">
<gml:timePosition>2021-07-01</gml:timePosition>
</devDate>
<orgGILvl>2500</orgGILvl>
<vis>表示</vis>
<pos>
<gml:Point gml:id="K11_4688712084_31-g" srsName="fguuid:jgd2011.bl">
<gml:pos>33.573483410 130.244208997</gml:pos>
</gml:Point>
</pos>
<sbaNo>9</sbaNo>
</SBAPt>
<SBAPt gml:id="K11_4688712084_32">
<fid>46887-12084-i-5769</fid>
<lfSpanFr gml:id="K11_4688712084_32-1">
<gml:timePosition>2021-02-26</gml:timePosition>
</lfSpanFr>
<devDate gml:id="K11_4688712084_32-2">
<gml:timePosition>2021-07-01</gml:timePosition>
</devDate>
<orgGILvl>2500</orgGILvl>
<vis>表示</vis>
<pos>
<gml:Point gml:id="K11_4688712084_32-g" srsName="fguuid:jgd2011.bl">
<gml:pos>33.571010508 130.243509517</gml:pos>
</gml:Point>
</pos>
<sbaNo>4</sbaNo>
</SBAPt>
<SBAPt gml:id="K11_4688712084_33">
<fid>46887-12084-i-5770</fid>
<lfSpanFr gml:id="K11_4688712084_33-1">
<gml:timePosition>2021-02-26</gml:timePosition>
</lfSpanFr>
<devDate gml:id="K11_4688712084_33-2">
<gml:timePosition>2021-07-01</gml:timePosition>
</devDate>
<orgGILvl>2500</orgGILvl>
<vis>表示</vis>
<pos>
<gml:Point gml:id="K11_4688712084_33-g" srsName="fguuid:jgd2011.bl">
<gml:pos>33.572216683 130.243689094</gml:pos>
</gml:Point>
</pos>
<sbaNo>5</sbaNo>
</SBAPt>
<SBAPt gml:id="K11_4688712084_34">
<fid>46887-12084-i-5771</fid>
<lfSpanFr gml:id="K11_4688712084_34-1">
<gml:timePosition>2021-02-26</gml:timePosition>
</lfSpanFr>
<devDate gml:id="K11_4688712084_34-2">
<gml:timePosition>2021-07-01</gml:timePosition>
</devDate>
<orgGILvl>2500</orgGILvl>
<vis>表示</vis>
<pos>
<gml:Point gml:id="K11_4688712084_34-g" srsName="fguuid:jgd2011.bl">
<gml:pos>33.571461007 130.244052591</gml:pos>
</gml:Point>
</pos>
<sbaNo>6</sbaNo>
</SBAPt>
<SBAPt gml:id="K11_4688712084_35">
<fid>46887-12084-i-5772</fid>
<lfSpanFr gml:id="K11_4688712084_35-1">
<gml:timePosition>2021-02-26</gml:timePosition>
</lfSpanFr>
<devDate gml:id="K11_4688712084_35-2">
<gml:timePosition>2021-07-01</gml:timePosition>
</devDate>
<orgGILvl>2500</orgGILvl>
<vis>表示</vis>
<pos>
<gml:Point gml:id="K11_4688712084_35-g" srsName="fguuid:jgd2011.bl">
<gml:pos>33.571562733 130.244723109</gml:pos>
</gml:Point>
</pos>
<sbaNo>7</sbaNo>
</SBAPt>
<SBAPt gml:id="K11_4688712084_36">
<fid>46887-12084-i-5773</fid>
<lfSpanFr gml:id="K11_4688712084_36-1">
<gml:timePosition>2021-02-26</gml:timePosition>
</lfSpanFr>
<devDate gml:id="K11_4688712084_36-2">
<gml:timePosition>2021-07-01</gml:timePosition>
</devDate>
<orgGILvl>2500</orgGILvl>
<vis>表示</vis>
<pos>
<gml:Point gml:id="K11_4688712084_36-g" srsName="fguuid:jgd2011.bl">
<gml:pos>33.572538815 130.244600011</gml:pos>
</gml:Point>
</pos>
<sbaNo>8</sbaNo>
</SBAPt>
<SBAPt gml:id="K11_4688712084_37">
<fid>46887-12084-i-5774</fid>
<lfSpanFr gml:id="K11_4688712084_37-1">
<gml:timePosition>2021-02-26</gml:timePosition>
</lfSpanFr>
<devDate gml:id="K11_4688712084_37-2">
<gml:timePosition>2021-07-01</gml:timePosition>
</devDate>
<orgGILvl>2500</orgGILvl>
<vis>表示</vis>
<pos>
<gml:Point gml:id="K11_4688712084_37-g" srsName="fguuid:jgd2011.bl">
<gml:pos>33.569944811 130.243542825</gml:pos>
</gml:Point>
</pos>
<sbaNo>3</sbaNo>
</SBAPt>
<SBAPt gml:id="K11_4688712084_38">
<fid>46887-12084-i-5775</fid>
<lfSpanFr gml:id="K11_4688712084_38-1">
<gml:timePosition>2021-02-26</gml:timePosition>
</lfSpanFr>
<devDate gml:id="K11_4688712084_38-2">
<gml:timePosition>2021-07-01</gml:timePosition>
</devDate>
<orgGILvl>2500</orgGILvl>
<vis>表示</vis>
<pos>
<gml:Point gml:id="K11_4688712084_38-g" srsName="fguuid:jgd2011.bl">
<gml:pos>33.570954801 130.245623889</gml:pos>
</gml:Point>
</pos>
<sbaNo>1</sbaNo>
</SBAPt>
<SBAPt gml:id="K11_4688712084_39">
<fid>46887-12084-i-5776</fid>
<lfSpanFr gml:id="K11_4688712084_39-1">
<gml:timePosition>2021-02-26</gml:timePosition>
</lfSpanFr>
<devDate gml:id="K11_4688712084_39-2">
<gml:timePosition>2021-07-01</gml:timePosition>
</devDate>
<orgGILvl>2500</orgGILvl>
<vis>表示</vis>
<pos>
<gml:Point gml:id="K11_4688712084_39-g" srsName="fguuid:jgd2011.bl">
<gml:pos>33.570533366 130.244710075</gml:pos>
</gml:Point>
</pos>
<sbaNo>2</sbaNo>
</SBAPt>
<SBAPt gml:id="K11_4688712084_40">
<fid>46887-12084-i-5777</fid>
<lfSpanFr gml:id="K11_4688712084_40-1">
<gml:timePosition>2021-02-26</gml:timePosition>
</lfSpanFr>
<devDate gml:id="K11_4688712084_40-2">
<gml:timePosition>2021-07-01</gml:timePosition>
</devDate>
<orgGILvl>2500</orgGILvl>
<vis>表示</vis>
<pos>
<gml:Point gml:id="K11_4688712084_40-g" srsName="fguuid:jgd2011.bl">
<gml:pos>33.574238481 130.242816553</gml:pos>
</gml:Point>
</pos>
<sbaNo>1</sbaNo>
</SBAPt>
<SBAPt gml:id="K11_4688712084_41">
<fid>46887-12084-i-5778</fid>
<lfSpanFr gml:id="K11_4688712084_41-1">
<gml:timePosition>2021-02-26</gml:timePosition>
</lfSpanFr>
<devDate gml:id="K11_4688712084_41-2">
<gml:timePosition>2021-07-01</gml:timePosition>
</devDate>
<orgGILvl>2500</orgGILvl>
<vis>表示</vis>
<pos>
<gml:Point gml:id="K11_4688712084_41-g" srsName="fguuid:jgd2011.bl">
<gml:pos>33.574107690 130.242303890</gml:pos>
</gml:Point>
</pos>
<sbaNo>2</sbaNo>
</SBAPt>
<SBAPt gml:id="K11_4688712084_42">
<fid>46887-12084-i-5779</fid>
<lfSpanFr gml:id="K11_4688712084_42-1">
<gml:timePosition>2021-02-26</gml:timePosition>
</lfSpanFr>
<devDate gml:id="K11_4688712084_42-2">
<gml:timePosition>2021-07-01</gml:timePosition>
</devDate>
<orgGILvl>2500</orgGILvl>
<vis>表示</vis>
<pos>
<gml:Point gml:id="K11_4688712084_42-g" srsName="fguuid:jgd2011.bl">
<gml:pos>33.573850954 130.241865085</gml:pos>
</gml:Point>
</pos>
<sbaNo>3</sbaNo>
</SBAPt>
<SBAPt gml:id="K11_4688712084_43">
<fid>46887-12084-i-5780</fid>
<lfSpanFr gml:id="K11_4688712084_43-1">
<gml:timePosition>2021-02-26</gml:timePosition>
</lfSpanFr>
<devDate gml:id="K11_4688712084_43-2">
<gml:timePosition>2021-07-01</gml:timePosition>
</devDate>
<orgGILvl>2500</orgGILvl>
<vis>表示</vis>
<pos>
<gml:Point gml:id="K11_4688712084_43-g" srsName="fguuid:jgd2011.bl">
<gml:pos>33.574781017 130.243624649</gml:pos>
</gml:Point>
</pos>
<sbaNo>1</sbaNo>
</SBAPt>
<SBAPt gml:id="K11_4688712087_1">
<fid>46887-12087-i-7519</fid>
<lfSpanFr gml:id="K11_4688712087_1-1">
<gml:timePosition>2021-02-26</gml:timePosition>
</lfSpanFr>
<devDate gml:id="K11_4688712087_1-2">
<gml:timePosition>2021-07-01</gml:timePosition>
</devDate>
<orgGILvl>2500</orgGILvl>
<vis>表示</vis>
<pos>
<gml:Point gml:id="K11_4688712087_1-g" srsName="fguuid:jgd2011.bl">
<gml:pos>33.583113285 130.244642191</gml:pos>
</gml:Point>
</pos>
<sbaNo>16</sbaNo>
</SBAPt>
<SBAPt gml:id="K11_4688712087_2">
<fid>46887-12087-i-7520</fid>
<lfSpanFr gml:id="K11_4688712087_2-1">
<gml:timePosition>2021-02-26</gml:timePosition>
</lfSpanFr>
<devDate gml:id="K11_4688712087_2-2">
<gml:timePosition>2021-07-01</gml:timePosition>
</devDate>
<orgGILvl>2500</orgGILvl>
<vis>表示</vis>
<pos>
<gml:Point gml:id="K11_4688712087_2-g" srsName="fguuid:jgd2011.bl">
<gml:pos>33.581879000 130.244939000</gml:pos>
</gml:Point>
</pos>
<sbaNo>13</sbaNo>
</SBAPt>
<SBAPt gml:id="K11_4688712087_3">
<fid>46887-12087-i-7521</fid>
<lfSpanFr gml:id="K11_4688712087_3-1">
<gml:timePosition>2021-02-26</gml:timePosition>
</lfSpanFr>
<devDate gml:id="K11_4688712087_3-2">
<gml:timePosition>2021-07-01</gml:timePosition>
</devDate>
<orgGILvl>2500</orgGILvl>
<vis>表示</vis>
<pos>
<gml:Point gml:id="K11_4688712087_3-g" srsName="fguuid:jgd2011.bl">
<gml:pos>33.582195000 130.244778000</gml:pos>
</gml:Point>
</pos>
<sbaNo>14</sbaNo>
</SBAPt>
<SBAPt gml:id="K11_4688712087_4">
<fid>46887-12087-i-7522</fid>
<lfSpanFr gml:id="K11_4688712087_4-1">
<gml:timePosition>2021-02-26</gml:timePosition>
</lfSpanFr>
<devDate gml:id="K11_4688712087_4-2">
<gml:timePosition>2021-07-01</gml:timePosition>
</devDate>
<orgGILvl>2500</orgGILvl>
<vis>表示</vis>
<pos>
<gml:Point gml:id="K11_4688712087_4-g" srsName="fguuid:jgd2011.bl">
<gml:pos>33.579884102 130.247442647</gml:pos>
</gml:Point>
</pos>
<sbaNo>11</sbaNo>
</SBAPt>
<SBAPt gml:id="K11_4688712087_5">
<fid>46887-12087-i-7523</fid>
<lfSpanFr gml:id="K11_4688712087_5-1">
<gml:timePosition>2021-02-26</gml:timePosition>
</lfSpanFr>
<devDate gml:id="K11_4688712087_5-2">
<gml:timePosition>2021-07-01</gml:timePosition>
</devDate>
<orgGILvl>2500</orgGILvl>
<vis>表示</vis>
<pos>
<gml:Point gml:id="K11_4688712087_5-g" srsName="fguuid:jgd2011.bl">
<gml:pos>33.577411200 130.246614277</gml:pos>
</gml:Point>
</pos>
<sbaNo>12</sbaNo>
</SBAPt>
<SBAPt gml:id="K11_4688712087_6">
<fid>46887-12087-i-7524</fid>
<lfSpanFr gml:id="K11_4688712087_6-1">
<gml:timePosition>2021-02-26</gml:timePosition>
</lfSpanFr>
<devDate gml:id="K11_4688712087_6-2">
<gml:timePosition>2021-07-01</gml:timePosition>
</devDate>
<orgGILvl>2500</orgGILvl>
<vis>表示</vis>
<pos>
<gml:Point gml:id="K11_4688712087_6-g" srsName="fguuid:jgd2011.bl">
<gml:pos>33.577355493 130.247487542</gml:pos>
</gml:Point>
</pos>
<sbaNo>13</sbaNo>
</SBAPt>
<SBAPt gml:id="K11_4688712087_7">
<fid>46887-12087-i-7525</fid>
<lfSpanFr gml:id="K11_4688712087_7-1">
<gml:timePosition>2021-02-26</gml:timePosition>
</lfSpanFr>
<devDate gml:id="K11_4688712087_7-2">
<gml:timePosition>2021-07-01</gml:timePosition>
</devDate>
<orgGILvl>2500</orgGILvl>
<vis>表示</vis>
<pos>
<gml:Point gml:id="K11_4688712087_7-g" srsName="fguuid:jgd2011.bl">
<gml:pos>33.577658248 130.247334032</gml:pos>
</gml:Point>
</pos>
<sbaNo>14</sbaNo>
</SBAPt>
<SBAPt gml:id="K11_4688712087_8">
<fid>46887-12087-i-7526</fid>
<lfSpanFr gml:id="K11_4688712087_8-1">
<gml:timePosition>2021-02-26</gml:timePosition>
</lfSpanFr>
<devDate gml:id="K11_4688712087_8-2">
<gml:timePosition>2021-07-01</gml:timePosition>
</devDate>
<orgGILvl>2500</orgGILvl>
<vis>表示</vis>
<pos>
<gml:Point gml:id="K11_4688712087_8-g" srsName="fguuid:jgd2011.bl">
<gml:pos>33.577956158 130.247183419</gml:pos>
</gml:Point>
</pos>
<sbaNo>15</sbaNo>
</SBAPt>
<SBAPt gml:id="K11_4688712087_9">
<fid>46887-12087-i-7527</fid>
<lfSpanFr gml:id="K11_4688712087_9-1">
<gml:timePosition>2021-02-26</gml:timePosition>
</lfSpanFr>
<devDate gml:id="K11_4688712087_9-2">
<gml:timePosition>2021-07-01</gml:timePosition>
</devDate>
<orgGILvl>2500</orgGILvl>
<vis>表示</vis>
<pos>
<gml:Point gml:id="K11_4688712087_9-g" srsName="fguuid:jgd2011.bl">
<gml:pos>33.578774808 130.247604846</gml:pos>
</gml:Point>
</pos>
<sbaNo>10</sbaNo>
</SBAPt>
<SBAPt gml:id="K11_4688712087_10">
<fid>46887-12087-i-7528</fid>
<lfSpanFr gml:id="K11_4688712087_10-1">
<gml:timePosition>2021-02-26</gml:timePosition>
</lfSpanFr>
<devDate gml:id="K11_4688712087_10-2">
<gml:timePosition>2021-07-01</gml:timePosition>
</devDate>
<orgGILvl>2500</orgGILvl>
<vis>表示</vis>
<pos>
<gml:Point gml:id="K11_4688712087_10-g" srsName="fguuid:jgd2011.bl">
<gml:pos>33.576745139 130.249118215</gml:pos>
</gml:Point>
</pos>
<sbaNo>3</sbaNo>
</SBAPt>
<SBAPt gml:id="K11_4688712087_11">
<fid>46887-12087-i-7529</fid>
<lfSpanFr gml:id="K11_4688712087_11-1">
<gml:timePosition>2021-02-26</gml:timePosition>
</lfSpanFr>
<devDate gml:id="K11_4688712087_11-2">
<gml:timePosition>2021-07-01</gml:timePosition>
</devDate>
<orgGILvl>2500</orgGILvl>
<vis>表示</vis>
<pos>
<gml:Point gml:id="K11_4688712087_11-g" srsName="fguuid:jgd2011.bl">
<gml:pos>33.581400000 130.242685000</gml:pos>
</gml:Point>
</pos>
<sbaNo>4</sbaNo>
</SBAPt>
<SBAPt gml:id="K11_4688712087_12">
<fid>46887-12087-i-7530</fid>
<lfSpanFr gml:id="K11_4688712087_12-1">
<gml:timePosition>2021-02-26</gml:timePosition>
</lfSpanFr>
<devDate gml:id="K11_4688712087_12-2">
<gml:timePosition>2021-07-01</gml:timePosition>
</devDate>
<orgGILvl>2500</orgGILvl>
<vis>表示</vis>
<pos>
<gml:Point gml:id="K11_4688712087_12-g" srsName="fguuid:jgd2011.bl">
<gml:pos>33.576825067 130.249394822</gml:pos>
</gml:Point>
</pos>
<sbaNo>4</sbaNo>
</SBAPt>
<SBAPt gml:id="K11_4688712087_13">
<fid>46887-12087-i-7531</fid>
<lfSpanFr gml:id="K11_4688712087_13-1">
<gml:timePosition>2021-02-26</gml:timePosition>
</lfSpanFr>
<devDate gml:id="K11_4688712087_13-2">
<gml:timePosition>2021-07-01</gml:timePosition>
</devDate>
<orgGILvl>2500</orgGILvl>
<vis>表示</vis>
<pos>
<gml:Point gml:id="K11_4688712087_13-g" srsName="fguuid:jgd2011.bl">
<gml:pos>33.577997333 130.248565003</gml:pos>
</gml:Point>
</pos>
<sbaNo>5</sbaNo>
</SBAPt>
<SBAPt gml:id="K11_4688712087_14">
<fid>46887-12087-i-7532</fid>
<lfSpanFr gml:id="K11_4688712087_14-1">
<gml:timePosition>2021-02-26</gml:timePosition>
</lfSpanFr>
<devDate gml:id="K11_4688712087_14-2">
<gml:timePosition>2021-07-01</gml:timePosition>
</devDate>
<orgGILvl>2500</orgGILvl>
<vis>表示</vis>
<pos>
<gml:Point gml:id="K11_4688712087_14-g" srsName="fguuid:jgd2011.bl">
<gml:pos>33.578862001 130.248230468</gml:pos>
</gml:Point>
</pos>
<sbaNo>6</sbaNo>
</SBAPt>
<SBAPt gml:id="K11_4688712087_15">
<fid>46887-12087-i-7533</fid>
<lfSpanFr gml:id="K11_4688712087_15-1">
<gml:timePosition>2021-02-26</gml:timePosition>
</lfSpanFr>
<devDate gml:id="K11_4688712087_15-2">
<gml:timePosition>2021-07-01</gml:timePosition>
</devDate>
<orgGILvl>2500</orgGILvl>
<vis>表示</vis>
<pos>
<gml:Point gml:id="K11_4688712087_15-g" srsName="fguuid:jgd2011.bl">
<gml:pos>33.577883498 130.248017583</gml:pos>
</gml:Point>
</pos>
<sbaNo>7</sbaNo>
</SBAPt>
<SBAPt gml:id="K11_4688712087_16">
<fid>46887-12087-i-7534</fid>
<lfSpanFr gml:id="K11_4688712087_16-1">
<gml:timePosition>2021-02-26</gml:timePosition>
</lfSpanFr>
<devDate gml:id="K11_4688712087_16-2">
<gml:timePosition>2021-07-01</gml:timePosition>
</devDate>
<orgGILvl>2500</orgGILvl>
<vis>表示</vis>
<pos>
<gml:Point gml:id="K11_4688712087_16-g" srsName="fguuid:jgd2011.bl">
<gml:pos>33.579525640 130.246398495</gml:pos>
</gml:Point>
</pos>
<sbaNo>22</sbaNo>
</SBAPt>
<SBAPt gml:id="K11_4688712087_17">
<fid>46887-12087-i-7535</fid>
<lfSpanFr gml:id="K11_4688712087_17-1">
<gml:timePosition>2021-02-26</gml:timePosition>
</lfSpanFr>
<devDate gml:id="K11_4688712087_17-2">
<gml:timePosition>2021-07-01</gml:timePosition>
</devDate>
<orgGILvl>2500</orgGILvl>
<vis>表示</vis>
<pos>
<gml:Point gml:id="K11_4688712087_17-g" srsName="fguuid:jgd2011.bl">
<gml:pos>33.580007625 130.246533178</gml:pos>
</gml:Point>
</pos>
<sbaNo>23</sbaNo>
</SBAPt>
<SBAPt gml:id="K11_4688712087_18">
<fid>46887-12087-i-7536</fid>
<lfSpanFr gml:id="K11_4688712087_18-1">
<gml:timePosition>2021-02-26</gml:timePosition>
</lfSpanFr>
<devDate gml:id="K11_4688712087_18-2">
<gml:timePosition>2021-07-01</gml:timePosition>
</devDate>
<orgGILvl>2500</orgGILvl>
<vis>表示</vis>
<pos>
<gml:Point gml:id="K11_4688712087_18-g" srsName="fguuid:jgd2011.bl">
<gml:pos>33.580257095 130.246153749</gml:pos>
</gml:Point>
</pos>
<sbaNo>24</sbaNo>
</SBAPt>
<SBAPt gml:id="K11_4688712087_19">
<fid>46887-12087-i-7537</fid>
<lfSpanFr gml:id="K11_4688712087_19-1">
<gml:timePosition>2021-02-26</gml:timePosition>
</lfSpanFr>
<devDate gml:id="K11_4688712087_19-2">
<gml:timePosition>2021-07-01</gml:timePosition>
</devDate>
<orgGILvl>2500</orgGILvl>
<vis>表示</vis>
<pos>
<gml:Point gml:id="K11_4688712087_19-g" srsName="fguuid:jgd2011.bl">
<gml:pos>33.580155370 130.245305104</gml:pos>
</gml:Point>
</pos>
<sbaNo>25</sbaNo>
</SBAPt>
<SBAPt gml:id="K11_4688712087_20">
<fid>46887-12087-i-7538</fid>
<lfSpanFr gml:id="K11_4688712087_20-1">
<gml:timePosition>2021-02-26</gml:timePosition>
</lfSpanFr>
<devDate gml:id="K11_4688712087_20-2">
<gml:timePosition>2021-07-01</gml:timePosition>
</devDate>
<orgGILvl>2500</orgGILvl>
<vis>表示</vis>
<pos>
<gml:Point gml:id="K11_4688712087_20-g" srsName="fguuid:jgd2011.bl">
<gml:pos>33.580460547 130.245809078</gml:pos>
</gml:Point>
</pos>
<sbaNo>26</sbaNo>
</SBAPt>
<SBAPt gml:id="K11_4688712087_21">
<fid>46887-12087-i-7539</fid>
<lfSpanFr gml:id="K11_4688712087_21-1">
<gml:timePosition>2021-02-26</gml:timePosition>
</lfSpanFr>
<devDate gml:id="K11_4688712087_21-2">
<gml:timePosition>2021-07-01</gml:timePosition>
</devDate>
<orgGILvl>2500</orgGILvl>
<vis>表示</vis>
<pos>
<gml:Point gml:id="K11_4688712087_21-g" srsName="fguuid:jgd2011.bl">
<gml:pos>33.579208353 130.245730875</gml:pos>
</gml:Point>
</pos>
<sbaNo>21</sbaNo>
</SBAPt>
<SBAPt gml:id="K11_4688712087_22">
<fid>46887-12087-i-7540</fid>
<lfSpanFr gml:id="K11_4688712087_22-1">
<gml:timePosition>2021-02-26</gml:timePosition>
</lfSpanFr>
<devDate gml:id="K11_4688712087_22-2">
<gml:timePosition>2021-07-01</gml:timePosition>
</devDate>
<orgGILvl>2500</orgGILvl>
<vis>表示</vis>
<pos>
<gml:Point gml:id="K11_4688712087_22-g" srsName="fguuid:jgd2011.bl">
<gml:pos>33.578254070 130.247045841</gml:pos>
</gml:Point>
</pos>
<sbaNo>16</sbaNo>
</SBAPt>
<SBAPt gml:id="K11_4688712087_23">
<fid>46887-12087-i-7541</fid>
<lfSpanFr gml:id="K11_4688712087_23-1">
<gml:timePosition>2021-02-26</gml:timePosition>
</lfSpanFr>
<devDate gml:id="K11_4688712087_23-2">
<gml:timePosition>2021-07-01</gml:timePosition>
</devDate>
<orgGILvl>2500</orgGILvl>
<vis>表示</vis>
<pos>
<gml:Point gml:id="K11_4688712087_23-g" srsName="fguuid:jgd2011.bl">
<gml:pos>33.578302511 130.246202988</gml:pos>
</gml:Point>
</pos>
<sbaNo>17</sbaNo>
</SBAPt>
<SBAPt gml:id="K11_4688712087_24">
<fid>46887-12087-i-7542</fid>
<lfSpanFr gml:id="K11_4688712087_24-1">
<gml:timePosition>2021-02-26</gml:timePosition>
</lfSpanFr>
<devDate gml:id="K11_4688712087_24-2">
<gml:timePosition>2021-07-01</gml:timePosition>
</devDate>
<orgGILvl>2500</orgGILvl>
<vis>表示</vis>
<pos>
<gml:Point gml:id="K11_4688712087_24-g" srsName="fguuid:jgd2011.bl">
<gml:pos>33.578535026 130.246885091</gml:pos>
</gml:Point>
</pos>
<sbaNo>18</sbaNo>
</SBAPt>
<SBAPt gml:id="K11_4688712087_25">
<fid>46887-12087-i-7543</fid>
<lfSpanFr gml:id="K11_4688712087_25-1">
<gml:timePosition>2021-02-26</gml:timePosition>
</lfSpanFr>
<devDate gml:id="K11_4688712087_25-2">
<gml:timePosition>2021-07-01</gml:timePosition>
</devDate>
<orgGILvl>2500</orgGILvl>
<vis>表示</vis>
<pos>
<gml:Point gml:id="K11_4688712087_25-g" srsName="fguuid:jgd2011.bl">
<gml:pos>33.578840203 130.246731581</gml:pos>
</gml:Point>
</pos>
<sbaNo>19</sbaNo>
</SBAPt>
<SBAPt gml:id="K11_4688712087_26">
<fid>46887-12087-i-7544</fid>
<lfSpanFr gml:id="K11_4688712087_26-1">
<gml:timePosition>2021-02-26</gml:timePosition>
</lfSpanFr>
<devDate gml:id="K11_4688712087_26-2">
<gml:timePosition>2021-07-01</gml:timePosition>
</devDate>
<orgGILvl>2500</orgGILvl>
<vis>表示</vis>
<pos>
<gml:Point gml:id="K11_4688712087_26-g" srsName="fguuid:jgd2011.bl">
<gml:pos>33.579169600 130.246570831</gml:pos>
</gml:Point>
</pos>
<sbaNo>20</sbaNo>
</SBAPt>
<SBAPt gml:id="K11_4688712087_27">
<fid>46887-12087-i-7545</fid>
<lfSpanFr gml:id="K11_4688712087_27-1">
<gml:timePosition>2021-02-26</gml:timePosition>
</lfSpanFr>
<devDate gml:id="K11_4688712087_27-2">
<gml:timePosition>2021-07-01</gml:timePosition>
</devDate>
<orgGILvl>2500</orgGILvl>
<vis>表示</vis>
<pos>
<gml:Point gml:id="K11_4688712087_27-g" srsName="fguuid:jgd2011.bl">
<gml:pos>33.581760577 130.242608917</gml:pos>
</gml:Point>
</pos>
<sbaNo>7</sbaNo>
</SBAPt>
<SBAPt gml:id="K11_4688712087_28">
<fid>46887-12087-i-7546</fid>
<lfSpanFr gml:id="K11_4688712087_28-1">
<gml:timePosition>2021-02-26</gml:timePosition>
</lfSpanFr>
<devDate gml:id="K11_4688712087_28-2">
<gml:timePosition>2021-07-01</gml:timePosition>
</devDate>
<orgGILvl>2500</orgGILvl>
<vis>表示</vis>
<pos>
<gml:Point gml:id="K11_4688712087_28-g" srsName="fguuid:jgd2011.bl">
<gml:pos>33.582298269 130.242681327</gml:pos>
</gml:Point>
</pos>
<sbaNo>8</sbaNo>
</SBAPt>
<SBAPt gml:id="K11_4688712087_29">
<fid>46887-12087-i-7547</fid>
<lfSpanFr gml:id="K11_4688712087_29-1">
<gml:timePosition>2021-02-26</gml:timePosition>
</lfSpanFr>
<devDate gml:id="K11_4688712087_29-2">
<gml:timePosition>2021-07-01</gml:timePosition>
</devDate>
<orgGILvl>2500</orgGILvl>
<vis>表示</vis>
<pos>
<gml:Point gml:id="K11_4688712087_29-g" srsName="fguuid:jgd2011.bl">
<gml:pos>33.581142000 130.242724000</gml:pos>
</gml:Point>
</pos>
<sbaNo>3</sbaNo>
</SBAPt>
<SBAPt gml:id="K11_4688712087_30">
<fid>46887-12087-i-7548</fid>
<lfSpanFr gml:id="K11_4688712087_30-1">
<gml:timePosition>2021-02-26</gml:timePosition>
</lfSpanFr>
<devDate gml:id="K11_4688712087_30-2">
<gml:timePosition>2021-07-01</gml:timePosition>
</devDate>
<orgGILvl>2500</orgGILvl>
<vis>表示</vis>
<pos>
<gml:Point gml:id="K11_4688712087_30-g" srsName="fguuid:jgd2011.bl">
<gml:pos>33.577050467 130.249818601</gml:pos>
</gml:Point>
</pos>
<sbaNo>15</sbaNo>
</SBAPt>
<SBAPt gml:id="K11_4688712087_31">
<fid>46887-12087-i-7549</fid>
<lfSpanFr gml:id="K11_4688712087_31-1">
<gml:timePosition>2021-02-26</gml:timePosition>
</lfSpanFr>
<devDate gml:id="K11_4688712087_31-2">
<gml:timePosition>2021-07-01</gml:timePosition>
</devDate>
<orgGILvl>2500</orgGILvl>
<vis>表示</vis>
<pos>
<gml:Point gml:id="K11_4688712087_31-g" srsName="fguuid:jgd2011.bl">
<gml:pos>33.575154011 130.249959076</gml:pos>
</gml:Point>
</pos>
<sbaNo>10</sbaNo>
</SBAPt>
<SBAPt gml:id="K11_4688712087_32">
<fid>46887-12087-i-7550</fid>
<lfSpanFr gml:id="K11_4688712087_32-1">
<gml:timePosition>2021-02-26</gml:timePosition>
</lfSpanFr>
<devDate gml:id="K11_4688712087_32-2">
<gml:timePosition>2021-07-01</gml:timePosition>
</devDate>
<orgGILvl>2500</orgGILvl>
<vis>表示</vis>
<pos>
<gml:Point gml:id="K11_4688712087_32-g" srsName="fguuid:jgd2011.bl">
<gml:pos>33.575394000 130.248960000</gml:pos>
</gml:Point>
</pos>
<sbaNo>8</sbaNo>
</SBAPt>
<SBAPt gml:id="K11_4688712087_33">
<fid>46887-12087-i-7551</fid>
<lfSpanFr gml:id="K11_4688712087_33-1">
<gml:timePosition>2021-02-26</gml:timePosition>
</lfSpanFr>
<devDate gml:id="K11_4688712087_33-2">
<gml:timePosition>2021-07-01</gml:timePosition>
</devDate>
<orgGILvl>2500</orgGILvl>
<vis>表示</vis>
<pos>
<gml:Point gml:id="K11_4688712087_33-g" srsName="fguuid:jgd2011.bl">
<gml:pos>33.575741000 130.249864000</gml:pos>
</gml:Point>
</pos>
<sbaNo>9</sbaNo>
</SBAPt>
<SBAPt gml:id="K11_4688712087_34">
<fid>46887-12087-i-7552</fid>
<lfSpanFr gml:id="K11_4688712087_34-1">
<gml:timePosition>2021-02-26</gml:timePosition>
</lfSpanFr>
<devDate gml:id="K11_4688712087_34-2">
<gml:timePosition>2021-07-01</gml:timePosition>
</devDate>
<orgGILvl>2500</orgGILvl>
<vis>表示</vis>
<pos>
<gml:Point gml:id="K11_4688712087_34-g" srsName="fguuid:jgd2011.bl">
<gml:pos>33.575020799 130.246078624</gml:pos>
</gml:Point>
</pos>
<sbaNo>16</sbaNo>
</SBAPt>
<SBAPt gml:id="K11_4688712087_35">
<fid>46887-12087-i-7553</fid>
<lfSpanFr gml:id="K11_4688712087_35-1">
<gml:timePosition>2021-02-26</gml:timePosition>
</lfSpanFr>
<devDate gml:id="K11_4688712087_35-2">
<gml:timePosition>2021-07-01</gml:timePosition>
</devDate>
<orgGILvl>2500</orgGILvl>
<vis>表示</vis>
<pos>
<gml:Point gml:id="K11_4688712087_35-g" srsName="fguuid:jgd2011.bl">
<gml:pos>33.575267847 130.246886719</gml:pos>
</gml:Point>
</pos>
<sbaNo>17</sbaNo>
</SBAPt>
<SBAPt gml:id="K11_4688712087_36">
<fid>46887-12087-i-7554</fid>
<lfSpanFr gml:id="K11_4688712087_36-1">
<gml:timePosition>2021-02-26</gml:timePosition>
</lfSpanFr>
<devDate gml:id="K11_4688712087_36-2">
<gml:timePosition>2021-07-01</gml:timePosition>
</devDate>
<orgGILvl>2500</orgGILvl>
<vis>表示</vis>
<pos>
<gml:Point gml:id="K11_4688712087_36-g" srsName="fguuid:jgd2011.bl">
<gml:pos>33.575519739 130.247638336</gml:pos>
</gml:Point>
</pos>
<sbaNo>18</sbaNo>
</SBAPt>
<SBAPt gml:id="K11_4688712087_37">
<fid>46887-12087-i-7555</fid>
<lfSpanFr gml:id="K11_4688712087_37-1">
<gml:timePosition>2021-02-26</gml:timePosition>
</lfSpanFr>
<devDate gml:id="K11_4688712087_37-2">
<gml:timePosition>2021-07-01</gml:timePosition>
</devDate>
<orgGILvl>2500</orgGILvl>
<vis>表示</vis>
<pos>
<gml:Point gml:id="K11_4688712087_37-g" srsName="fguuid:jgd2011.bl">
<gml:pos>33.575761943 130.248188652</gml:pos>
</gml:Point>
</pos>
<sbaNo>19</sbaNo>
</SBAPt>
<SBAPt gml:id="K11_4688712087_38">
<fid>46887-12087-i-7556</fid>
<lfSpanFr gml:id="K11_4688712087_38-1">
<gml:timePosition>2021-02-26</gml:timePosition>
</lfSpanFr>
<devDate gml:id="K11_4688712087_38-2">
<gml:timePosition>2021-07-01</gml:timePosition>
</devDate>
<orgGILvl>2500</orgGILvl>
<vis>表示</vis>
<pos>
<gml:Point gml:id="K11_4688712087_38-g" srsName="fguuid:jgd2011.bl">
<gml:pos>33.576142203 130.248830205</gml:pos>
</gml:Point>
</pos>
<sbaNo>20</sbaNo>
</SBAPt>
<SBAPt gml:id="K11_4688712087_39">
<fid>46887-12087-i-7557</fid>
<lfSpanFr gml:id="K11_4688712087_39-1">
<gml:timePosition>2021-02-26</gml:timePosition>
</lfSpanFr>
<devDate gml:id="K11_4688712087_39-2">
<gml:timePosition>2021-07-01</gml:timePosition>
</devDate>
<orgGILvl>2500</orgGILvl>
<vis>表示</vis>
<pos>
<gml:Point gml:id="K11_4688712087_39-g" srsName="fguuid:jgd2011.bl">
<gml:pos>33.583065000 130.244041000</gml:pos>
</gml:Point>
</pos>
<sbaNo>18</sbaNo>
</SBAPt>
<SBAPt gml:id="K11_4688712087_40">
<fid>46887-12087-i-7558</fid>
<lfSpanFr gml:id="K11_4688712087_40-1">
<gml:timePosition>2021-02-26</gml:timePosition>
</lfSpanFr>
<devDate gml:id="K11_4688712087_40-2">
<gml:timePosition>2021-07-01</gml:timePosition>
</devDate>
<orgGILvl>2500</orgGILvl>
<vis>表示</vis>
<pos>
<gml:Point gml:id="K11_4688712087_40-g" srsName="fguuid:jgd2011.bl">
<gml:pos>33.580495061 130.243576315</gml:pos>
</gml:Point>
</pos>
<sbaNo>5</sbaNo>
</SBAPt>
<SBAPt gml:id="K11_4688712087_41">
<fid>46887-12087-i-7559</fid>
<lfSpanFr gml:id="K11_4688712087_41-1">
<gml:timePosition>2021-02-26</gml:timePosition>
</lfSpanFr>
<devDate gml:id="K11_4688712087_41-2">
<gml:timePosition>2021-07-01</gml:timePosition>
</devDate>
<orgGILvl>2500</orgGILvl>
<vis>表示</vis>
<pos>
<gml:Point gml:id="K11_4688712087_41-g" srsName="fguuid:jgd2011.bl">
<gml:pos>33.580800238 130.243464804</gml:pos>
</gml:Point>
</pos>
<sbaNo>6</sbaNo>
</SBAPt>
<SBAPt gml:id="K11_4688712087_42">
<fid>46887-12087-i-7560</fid>
<lfSpanFr gml:id="K11_4688712087_42-1">
<gml:timePosition>2021-02-26</gml:timePosition>
</lfSpanFr>
<devDate gml:id="K11_4688712087_42-2">
<gml:timePosition>2021-07-01</gml:timePosition>
</devDate>
<orgGILvl>2500</orgGILvl>
<vis>表示</vis>
<pos>
<gml:Point gml:id="K11_4688712087_42-g" srsName="fguuid:jgd2011.bl">
<gml:pos>33.580553190 130.242621951</gml:pos>
</gml:Point>
</pos>
<sbaNo>7</sbaNo>
</SBAPt>
<SBAPt gml:id="K11_4688712087_43">
<fid>46887-12087-i-7561</fid>
<lfSpanFr gml:id="K11_4688712087_43-1">
<gml:timePosition>2021-02-26</gml:timePosition>
</lfSpanFr>
<devDate gml:id="K11_4688712087_43-2">
<gml:timePosition>2021-07-01</gml:timePosition>
</devDate>
<orgGILvl>2500</orgGILvl>
<vis>表示</vis>
<pos>
<gml:Point gml:id="K11_4688712087_43-g" srsName="fguuid:jgd2011.bl">
<gml:pos>33.581018221 130.243193990</gml:pos>
</gml:Point>
</pos>
<sbaNo>8</sbaNo>
</SBAPt>
<SBAPt gml:id="K11_4688712087_44">
<fid>46887-12087-i-7562</fid>
<lfSpanFr gml:id="K11_4688712087_44-1">
<gml:timePosition>2021-02-26</gml:timePosition>
</lfSpanFr>
<devDate gml:id="K11_4688712087_44-2">
<gml:timePosition>2021-07-01</gml:timePosition>
</devDate>
<orgGILvl>2500</orgGILvl>
<vis>表示</vis>
<pos>
<gml:Point gml:id="K11_4688712087_44-g" srsName="fguuid:jgd2011.bl">
<gml:pos>33.581420279 130.243670448</gml:pos>
</gml:Point>
</pos>
<sbaNo>9</sbaNo>
</SBAPt>
<SBAPt gml:id="K11_4688712087_45">
<fid>46887-12087-i-7563</fid>
<lfSpanFr gml:id="K11_4688712087_45-1">
<gml:timePosition>2021-02-26</gml:timePosition>
</lfSpanFr>
<devDate gml:id="K11_4688712087_45-2">
<gml:timePosition>2021-07-01</gml:timePosition>
</devDate>
<orgGILvl>2500</orgGILvl>
<vis>表示</vis>
<pos>
<gml:Point gml:id="K11_4688712087_45-g" srsName="fguuid:jgd2011.bl">
<gml:pos>33.580185040 130.243721135</gml:pos>
</gml:Point>
</pos>
<sbaNo>4</sbaNo>
</SBAPt>
<SBAPt gml:id="K11_4688712087_46">
<fid>46887-12087-i-7564</fid>
<lfSpanFr gml:id="K11_4688712087_46-1">
<gml:timePosition>2021-02-26</gml:timePosition>
</lfSpanFr>
<devDate gml:id="K11_4688712087_46-2">
<gml:timePosition>2021-07-01</gml:timePosition>
</devDate>
<orgGILvl>2500</orgGILvl>
<vis>表示</vis>
<pos>
<gml:Point gml:id="K11_4688712087_46-g" srsName="fguuid:jgd2011.bl">
<gml:pos>33.582779044 130.243505353</gml:pos>
</gml:Point>
</pos>
<sbaNo>19</sbaNo>
</SBAPt>
<SBAPt gml:id="K11_4688712087_47">
<fid>46887-12087-i-7565</fid>
<lfSpanFr gml:id="K11_4688712087_47-1">
<gml:timePosition>2021-02-26</gml:timePosition>
</lfSpanFr>
<devDate gml:id="K11_4688712087_47-2">
<gml:timePosition>2021-07-01</gml:timePosition>
</devDate>
<orgGILvl>2500</orgGILvl>
<vis>表示</vis>
<pos>
<gml:Point gml:id="K11_4688712087_47-g" srsName="fguuid:jgd2011.bl">
<gml:pos>33.580611319 130.244523438</gml:pos>
</gml:Point>
</pos>
<sbaNo>1</sbaNo>
</SBAPt>
<SBAPt gml:id="K11_4688712087_48">
<fid>46887-12087-i-7566</fid>
<lfSpanFr gml:id="K11_4688712087_48-1">
<gml:timePosition>2021-02-26</gml:timePosition>
</lfSpanFr>
<devDate gml:id="K11_4688712087_48-2">
<gml:timePosition>2021-07-01</gml:timePosition>
</devDate>
<orgGILvl>2500</orgGILvl>
<vis>表示</vis>
<pos>
<gml:Point gml:id="K11_4688712087_48-g" srsName="fguuid:jgd2011.bl">
<gml:pos>33.579870175 130.243845680</gml:pos>
</gml:Point>
</pos>
<sbaNo>2</sbaNo>
</SBAPt>
<SBAPt gml:id="K11_4688712087_49">
<fid>46887-12087-i-7567</fid>
<lfSpanFr gml:id="K11_4688712087_49-1">
<gml:timePosition>2021-02-26</gml:timePosition>
</lfSpanFr>
<devDate gml:id="K11_4688712087_49-2">
<gml:timePosition>2021-07-01</gml:timePosition>
</devDate>
<orgGILvl>2500</orgGILvl>
<vis>表示</vis>
<pos>
<gml:Point gml:id="K11_4688712087_49-g" srsName="fguuid:jgd2011.bl">
<gml:pos>33.579853221 130.242927522</gml:pos>
</gml:Point>
</pos>
<sbaNo>3</sbaNo>
</SBAPt>
<SBAPt gml:id="K11_4688712087_50">
<fid>46887-12087-i-7568</fid>
<lfSpanFr gml:id="K11_4688712087_50-1">
<gml:timePosition>2021-02-26</gml:timePosition>
</lfSpanFr>
<devDate gml:id="K11_4688712087_50-2">
<gml:timePosition>2021-07-01</gml:timePosition>
</devDate>
<orgGILvl>2500</orgGILvl>
<vis>表示</vis>
<pos>
<gml:Point gml:id="K11_4688712087_50-g" srsName="fguuid:jgd2011.bl">
<gml:pos>33.582334599 130.241842820</gml:pos>
</gml:Point>
</pos>
<sbaNo>9</sbaNo>
</SBAPt>
<SBAPt gml:id="K11_4688712087_51">
<fid>46887-12087-i-7569</fid>
<lfSpanFr gml:id="K11_4688712087_51-1">
<gml:timePosition>2021-02-26</gml:timePosition>
</lfSpanFr>
<devDate gml:id="K11_4688712087_51-2">
<gml:timePosition>2021-07-01</gml:timePosition>
</devDate>
<orgGILvl>2500</orgGILvl>
<vis>表示</vis>
<pos>
<gml:Point gml:id="K11_4688712087_51-g" srsName="fguuid:jgd2011.bl">
<gml:pos>33.582788732 130.244742116</gml:pos>
</gml:Point>
</pos>
<sbaNo>15</sbaNo>
</SBAPt>
<SBAPt gml:id="K11_4688712087_52">
<fid>46887-12087-i-7570</fid>
<lfSpanFr gml:id="K11_4688712087_52-1">
<gml:timePosition>2021-02-26</gml:timePosition>
</lfSpanFr>
<devDate gml:id="K11_4688712087_52-2">
<gml:timePosition>2021-07-01</gml:timePosition>
</devDate>
<orgGILvl>2500</orgGILvl>
<vis>表示</vis>
<pos>
<gml:Point gml:id="K11_4688712087_52-g" srsName="fguuid:jgd2011.bl">
<gml:pos>33.581795696 130.243978914</gml:pos>
</gml:Point>
</pos>
<sbaNo>10</sbaNo>
</SBAPt>
<SBAPt gml:id="K11_4688712087_53">
<fid>46887-12087-i-7571</fid>
<lfSpanFr gml:id="K11_4688712087_53-1">
<gml:timePosition>2021-02-26</gml:timePosition>
</lfSpanFr>
<devDate gml:id="K11_4688712087_53-2">
<gml:timePosition>2021-07-01</gml:timePosition>
</devDate>
<orgGILvl>2500</orgGILvl>
<vis>表示</vis>
<pos>
<gml:Point gml:id="K11_4688712087_53-g" srsName="fguuid:jgd2011.bl">
<gml:pos>33.576239000 130.241898000</gml:pos>
</gml:Point>
</pos>
<sbaNo>11</sbaNo>
</SBAPt>
<SBAPt gml:id="K11_4688712087_54">
<fid>46887-12087-i-7572</fid>
<lfSpanFr gml:id="K11_4688712087_54-1">
<gml:timePosition>2021-02-26</gml:timePosition>
</lfSpanFr>
<devDate gml:id="K11_4688712087_54-2">
<gml:timePosition>2021-07-01</gml:timePosition>
</devDate>
<orgGILvl>2500</orgGILvl>
<vis>表示</vis>
<pos>
<gml:Point gml:id="K11_4688712087_54-g" srsName="fguuid:jgd2011.bl">
<gml:pos>33.575691704 130.241870878</gml:pos>
</gml:Point>
</pos>
<sbaNo>10</sbaNo>
</SBAPt>
<SBAPt gml:id="K11_4688712087_55">
<fid>46887-12087-i-7573</fid>
<lfSpanFr gml:id="K11_4688712087_55-1">
<gml:timePosition>2021-02-26</gml:timePosition>
</lfSpanFr>
<devDate gml:id="K11_4688712087_55-2">
<gml:timePosition>2021-07-01</gml:timePosition>
</devDate>
<orgGILvl>2500</orgGILvl>
<vis>表示</vis>
<pos>
<gml:Point gml:id="K11_4688712087_55-g" srsName="fguuid:jgd2011.bl">
<gml:pos>33.575117680 130.242306786</gml:pos>
</gml:Point>
</pos>
<sbaNo>9</sbaNo>
</SBAPt>
<SBAPt gml:id="K11_4688712087_56">
<fid>46887-12087-i-7574</fid>
<lfSpanFr gml:id="K11_4688712087_56-1">
<gml:timePosition>2021-02-26</gml:timePosition>
</lfSpanFr>
<devDate gml:id="K11_4688712087_56-2">
<gml:timePosition>2021-07-01</gml:timePosition>
</devDate>
<orgGILvl>2500</orgGILvl>
<vis>表示</vis>
<pos>
<gml:Point gml:id="K11_4688712087_56-g" srsName="fguuid:jgd2011.bl">
<gml:pos>33.581354884 130.245095477</gml:pos>
</gml:Point>
</pos>
<sbaNo>11</sbaNo>
</SBAPt>
<SBAPt gml:id="K11_4688712087_57">
<fid>46887-12087-i-7575</fid>
<lfSpanFr gml:id="K11_4688712087_57-1">
<gml:timePosition>2021-02-26</gml:timePosition>
</lfSpanFr>
<devDate gml:id="K11_4688712087_57-2">
<gml:timePosition>2021-07-01</gml:timePosition>
</devDate>
<orgGILvl>2500</orgGILvl>
<vis>表示</vis>
<pos>
<gml:Point gml:id="K11_4688712087_57-g" srsName="fguuid:jgd2011.bl">
<gml:pos>33.576268149 130.242943994</gml:pos>
</gml:Point>
</pos>
<sbaNo>6</sbaNo>
</SBAPt>
<SBAPt gml:id="K11_4688712087_58">
<fid>46887-12087-i-7576</fid>
<lfSpanFr gml:id="K11_4688712087_58-1">
<gml:timePosition>2021-02-26</gml:timePosition>
</lfSpanFr>
<devDate gml:id="K11_4688712087_58-2">
<gml:timePosition>2021-07-01</gml:timePosition>
</devDate>
<orgGILvl>2500</orgGILvl>
<vis>表示</vis>
<pos>
<gml:Point gml:id="K11_4688712087_58-g" srsName="fguuid:jgd2011.bl">
<gml:pos>33.576965000 130.242657000</gml:pos>
</gml:Point>
</pos>
<sbaNo>7</sbaNo>
</SBAPt>
<SBAPt gml:id="K11_4688712087_59">
<fid>46887-12087-i-7577</fid>
<lfSpanFr gml:id="K11_4688712087_59-1">
<gml:timePosition>2021-02-26</gml:timePosition>
</lfSpanFr>
<devDate gml:id="K11_4688712087_59-2">
<gml:timePosition>2021-07-01</gml:timePosition>
</devDate>
<orgGILvl>2500</orgGILvl>
<vis>表示</vis>
<pos>
<gml:Point gml:id="K11_4688712087_59-g" srsName="fguuid:jgd2011.bl">
<gml:pos>33.577481000 130.243561000</gml:pos>
</gml:Point>
</pos>
<sbaNo>8</sbaNo>
</SBAPt>
<SBAPt gml:id="K11_4688712087_60">
<fid>46887-12087-i-7578</fid>
<lfSpanFr gml:id="K11_4688712087_60-1">
<gml:timePosition>2021-02-26</gml:timePosition>
</lfSpanFr>
<devDate gml:id="K11_4688712087_60-2">
<gml:timePosition>2021-07-01</gml:timePosition>
</devDate>
<orgGILvl>2500</orgGILvl>
<vis>表示</vis>
<pos>
<gml:Point gml:id="K11_4688712087_60-g" srsName="fguuid:jgd2011.bl">
<gml:pos>33.577389553 130.242479122</gml:pos>
</gml:Point>
</pos>
<sbaNo>9</sbaNo>
</SBAPt>
<SBAPt gml:id="K11_4688712087_61">
<fid>46887-12087-i-7579</fid>
<lfSpanFr gml:id="K11_4688712087_61-1">
<gml:timePosition>2021-02-26</gml:timePosition>
</lfSpanFr>
<devDate gml:id="K11_4688712087_61-2">
<gml:timePosition>2021-07-01</gml:timePosition>
</devDate>
<orgGILvl>2500</orgGILvl>
<vis>表示</vis>
<pos>
<gml:Point gml:id="K11_4688712087_61-g" srsName="fguuid:jgd2011.bl">
<gml:pos>33.578297818 130.241684060</gml:pos>
</gml:Point>
</pos>
<sbaNo>10</sbaNo>
</SBAPt>
<SBAPt gml:id="K11_4688712087_62">
<fid>46887-12087-i-7580</fid>
<lfSpanFr gml:id="K11_4688712087_62-1">
<gml:timePosition>2021-02-26</gml:timePosition>
</lfSpanFr>
<devDate gml:id="K11_4688712087_62-2">
<gml:timePosition>2021-07-01</gml:timePosition>
</devDate>
<orgGILvl>2500</orgGILvl>
<vis>表示</vis>
<pos>
<gml:Point gml:id="K11_4688712087_62-g" srsName="fguuid:jgd2011.bl">
<gml:pos>33.576546683 130.243996836</gml:pos>
</gml:Point>
</pos>
<sbaNo>5</sbaNo>
</SBAPt>
<SBAPt gml:id="K11_4688712087_63">
<fid>46887-12087-i-7581</fid>
<lfSpanFr gml:id="K11_4688712087_63-1">
<gml:timePosition>2021-02-26</gml:timePosition>
</lfSpanFr>
<devDate gml:id="K11_4688712087_63-2">
<gml:timePosition>2021-07-01</gml:timePosition>
</devDate>
<orgGILvl>2500</orgGILvl>
<vis>表示</vis>
<pos>
<gml:Point gml:id="K11_4688712087_63-g" srsName="fguuid:jgd2011.bl">
<gml:pos>33.579247105 130.243318174</gml:pos>
</gml:Point>
</pos>
<sbaNo>19</sbaNo>
</SBAPt>
<SBAPt gml:id="K11_4688712087_64">
<fid>46887-12087-i-7582</fid>
<lfSpanFr gml:id="K11_4688712087_64-1">
<gml:timePosition>2021-02-26</gml:timePosition>
</lfSpanFr>
<devDate gml:id="K11_4688712087_64-2">
<gml:timePosition>2021-07-01</gml:timePosition>
</devDate>
<orgGILvl>2500</orgGILvl>
<vis>表示</vis>
<pos>
<gml:Point gml:id="K11_4688712087_64-g" srsName="fguuid:jgd2011.bl">
<gml:pos>33.575459188 130.243353835</gml:pos>
</gml:Point>
</pos>
<sbaNo>2</sbaNo>
</SBAPt>
<SBAPt gml:id="K11_4688712087_65">
<fid>46887-12087-i-7583</fid>
<lfSpanFr gml:id="K11_4688712087_65-1">
<gml:timePosition>2021-02-26</gml:timePosition>
</lfSpanFr>
<devDate gml:id="K11_4688712087_65-2">
<gml:timePosition>2021-07-01</gml:timePosition>
</devDate>
<orgGILvl>2500</orgGILvl>
<vis>表示</vis>
<pos>
<gml:Point gml:id="K11_4688712087_65-g" srsName="fguuid:jgd2011.bl">
<gml:pos>33.575553647 130.244296613</gml:pos>
</gml:Point>
</pos>
<sbaNo>3</sbaNo>
</SBAPt>
<SBAPt gml:id="K11_4688712087_66">
<fid>46887-12087-i-7584</fid>
<lfSpanFr gml:id="K11_4688712087_66-1">
<gml:timePosition>2021-02-26</gml:timePosition>
</lfSpanFr>
<devDate gml:id="K11_4688712087_66-2">
<gml:timePosition>2021-07-01</gml:timePosition>
</devDate>
<orgGILvl>2500</orgGILvl>
<vis>表示</vis>
<pos>
<gml:Point gml:id="K11_4688712087_66-g" srsName="fguuid:jgd2011.bl">
<gml:pos>33.575711080 130.244922236</gml:pos>
</gml:Point>
</pos>
<sbaNo>4</sbaNo>
</SBAPt>
<SBAPt gml:id="K11_4688712087_67">
<fid>46887-12087-i-7585</fid>
<lfSpanFr gml:id="K11_4688712087_67-1">
<gml:timePosition>2021-02-26</gml:timePosition>
</lfSpanFr>
<devDate gml:id="K11_4688712087_67-2">
<gml:timePosition>2021-07-01</gml:timePosition>
</devDate>
<orgGILvl>2500</orgGILvl>
<vis>表示</vis>
<pos>
<gml:Point gml:id="K11_4688712087_67-g" srsName="fguuid:jgd2011.bl">
<gml:pos>33.579755885 130.242054800</gml:pos>
</gml:Point>
</pos>
<sbaNo>17</sbaNo>
</SBAPt>
<SBAPt gml:id="K11_4688712087_68">
<fid>46887-12087-i-7586</fid>
<lfSpanFr gml:id="K11_4688712087_68-1">
<gml:timePosition>2021-02-26</gml:timePosition>
</lfSpanFr>
<devDate gml:id="K11_4688712087_68-2">
<gml:timePosition>2021-07-01</gml:timePosition>
</devDate>
<orgGILvl>2500</orgGILvl>
<vis>表示</vis>
<pos>
<gml:Point gml:id="K11_4688712087_68-g" srsName="fguuid:jgd2011.bl">
<gml:pos>33.580397725 130.242033077</gml:pos>
</gml:Point>
</pos>
<sbaNo>19</sbaNo>
</SBAPt>
<SBAPt gml:id="K11_4688712087_69">
<fid>46887-12087-i-7587</fid>
<lfSpanFr gml:id="K11_4688712087_69-1">
<gml:timePosition>2021-02-26</gml:timePosition>
</lfSpanFr>
<devDate gml:id="K11_4688712087_69-2">
<gml:timePosition>2021-07-01</gml:timePosition>
</devDate>
<orgGILvl>2500</orgGILvl>
<vis>表示</vis>
<pos>
<gml:Point gml:id="K11_4688712087_69-g" srsName="fguuid:jgd2011.bl">
<gml:pos>33.576454495 130.247099424</gml:pos>
</gml:Point>
</pos>
<sbaNo>1</sbaNo>
</SBAPt>
<SBAPt gml:id="K11_4688712087_70">
<fid>46887-12087-i-7588</fid>
<lfSpanFr gml:id="K11_4688712087_70-1">
<gml:timePosition>2021-02-26</gml:timePosition>
</lfSpanFr>
<devDate gml:id="K11_4688712087_70-2">
<gml:timePosition>2021-07-01</gml:timePosition>
</devDate>
<orgGILvl>2500</orgGILvl>
<vis>表示</vis>
<pos>
<gml:Point gml:id="K11_4688712087_70-g" srsName="fguuid:jgd2011.bl">
<gml:pos>33.576822645 130.248042203</gml:pos>
</gml:Point>
</pos>
<sbaNo>2</sbaNo>
</SBAPt>
<SBAPt gml:id="K11_4688712087_71">
<fid>46887-12087-i-7589</fid>
<lfSpanFr gml:id="K11_4688712087_71-1">
<gml:timePosition>2021-02-26</gml:timePosition>
</lfSpanFr>
<devDate gml:id="K11_4688712087_71-2">
<gml:timePosition>2021-07-01</gml:timePosition>
</devDate>
<orgGILvl>2500</orgGILvl>
<vis>表示</vis>
<pos>
<gml:Point gml:id="K11_4688712087_71-g" srsName="fguuid:jgd2011.bl">
<gml:pos>33.578026549 130.242831035</gml:pos>
</gml:Point>
</pos>
<sbaNo>11</sbaNo>
</SBAPt>
<SBAPt gml:id="K11_4688712087_72">
<fid>46887-12087-i-7590</fid>
<lfSpanFr gml:id="K11_4688712087_72-1">
<gml:timePosition>2021-02-26</gml:timePosition>
</lfSpanFr>
<devDate gml:id="K11_4688712087_72-2">
<gml:timePosition>2021-07-01</gml:timePosition>
</devDate>
<orgGILvl>2500</orgGILvl>
<vis>表示</vis>
<pos>
<gml:Point gml:id="K11_4688712087_72-g" srsName="fguuid:jgd2011.bl">
<gml:pos>33.578353525 130.242663044</gml:pos>
</gml:Point>
</pos>
<sbaNo>12</sbaNo>
</SBAPt>
<SBAPt gml:id="K11_4688712087_73">
<fid>46887-12087-i-7591</fid>
<lfSpanFr gml:id="K11_4688712087_73-1">
<gml:timePosition>2021-02-26</gml:timePosition>
</lfSpanFr>
<devDate gml:id="K11_4688712087_73-2">
<gml:timePosition>2021-07-01</gml:timePosition>
</devDate>
<orgGILvl>2500</orgGILvl>
<vis>表示</vis>
<pos>
<gml:Point gml:id="K11_4688712087_73-g" srsName="fguuid:jgd2011.bl">
<gml:pos>33.578697454 130.242490708</gml:pos>
</gml:Point>
</pos>
<sbaNo>13</sbaNo>
</SBAPt>
<SBAPt gml:id="K11_4688712087_74">
<fid>46887-12087-i-7592</fid>
<lfSpanFr gml:id="K11_4688712087_74-1">
<gml:timePosition>2021-02-26</gml:timePosition>
</lfSpanFr>
<devDate gml:id="K11_4688712087_74-2">
<gml:timePosition>2021-07-01</gml:timePosition>
</devDate>
<orgGILvl>2500</orgGILvl>
<vis>表示</vis>
<pos>
<gml:Point gml:id="K11_4688712087_74-g" srsName="fguuid:jgd2011.bl">
<gml:pos>33.579031695 130.242345888</gml:pos>
</gml:Point>
</pos>
<sbaNo>14</sbaNo>
</SBAPt>
<SBAPt gml:id="K11_4688712087_75">
<fid>46887-12087-i-7593</fid>
<lfSpanFr gml:id="K11_4688712087_75-1">
<gml:timePosition>2021-02-26</gml:timePosition>
</lfSpanFr>
<devDate gml:id="K11_4688712087_75-2">
<gml:timePosition>2021-07-01</gml:timePosition>
</devDate>
<orgGILvl>2500</orgGILvl>
<vis>表示</vis>
<pos>
<gml:Point gml:id="K11_4688712087_75-g" srsName="fguuid:jgd2011.bl">
<gml:pos>33.579384000 130.242198000</gml:pos>
</gml:Point>
</pos>
<sbaNo>15</sbaNo>
</SBAPt>
<SBAPt gml:id="K11_4688712087_76">
<fid>46887-12087-i-7594</fid>
<lfSpanFr gml:id="K11_4688712087_76-1">
<gml:timePosition>2021-02-26</gml:timePosition>
</lfSpanFr>
<devDate gml:id="K11_4688712087_76-2">
<gml:timePosition>2021-07-01</gml:timePosition>
</devDate>
<orgGILvl>2500</orgGILvl>
<vis>表示</vis>
<pos>
<gml:Point gml:id="K11_4688712087_76-g" srsName="fguuid:jgd2011.bl">
<gml:pos>33.576226823 130.246585313</gml:pos>
</gml:Point>
</pos>
<sbaNo>3</sbaNo>
</SBAPt>
<SBAPt gml:id="K11_4688712087_77">
<fid>46887-12087-i-7595</fid>
<lfSpanFr gml:id="K11_4688712087_77-1">
<gml:timePosition>2021-02-26</gml:timePosition>
</lfSpanFr>
<devDate gml:id="K11_4688712087_77-2">
<gml:timePosition>2021-07-01</gml:timePosition>
</devDate>
<orgGILvl>2500</orgGILvl>
<vis>表示</vis>
<pos>
<gml:Point gml:id="K11_4688712087_77-g" srsName="fguuid:jgd2011.bl">
<gml:pos>33.577185950 130.246130578</gml:pos>
</gml:Point>
</pos>
<sbaNo>4</sbaNo>
</SBAPt>
<SBAPt gml:id="K11_4688712087_78">
<fid>46887-12087-i-7596</fid>
<lfSpanFr gml:id="K11_4688712087_78-1">
<gml:timePosition>2021-02-26</gml:timePosition>
</lfSpanFr>
<devDate gml:id="K11_4688712087_78-2">
<gml:timePosition>2021-07-01</gml:timePosition>
</devDate>
<orgGILvl>2500</orgGILvl>
<vis>表示</vis>
<pos>
<gml:Point gml:id="K11_4688712087_78-g" srsName="fguuid:jgd2011.bl">
<gml:pos>33.577076959 130.245707704</gml:pos>
</gml:Point>
</pos>
<sbaNo>5</sbaNo>
</SBAPt>
<SBAPt gml:id="K11_4688712087_79">
<fid>46887-12087-i-7597</fid>
<lfSpanFr gml:id="K11_4688712087_79-1">
<gml:timePosition>2021-02-26</gml:timePosition>
</lfSpanFr>
<devDate gml:id="K11_4688712087_79-2">
<gml:timePosition>2021-07-01</gml:timePosition>
</devDate>
<orgGILvl>2500</orgGILvl>
<vis>表示</vis>
<pos>
<gml:Point gml:id="K11_4688712087_79-g" srsName="fguuid:jgd2011.bl">
<gml:pos>33.576958000 130.245355000</gml:pos>
</gml:Point>
</pos>
<sbaNo>6</sbaNo>
</SBAPt>
<SBAPt gml:id="K11_4688712087_80">
<fid>46887-12087-i-7598</fid>
<lfSpanFr gml:id="K11_4688712087_80-1">
<gml:timePosition>2021-02-26</gml:timePosition>
</lfSpanFr>
<devDate gml:id="K11_4688712087_80-2">
<gml:timePosition>2021-07-01</gml:timePosition>
</devDate>
<orgGILvl>2500</orgGILvl>
<vis>表示</vis>
<pos>
<gml:Point gml:id="K11_4688712087_80-g" srsName="fguuid:jgd2011.bl">
<gml:pos>33.576775000 130.244798000</gml:pos>
</gml:Point>
</pos>
<sbaNo>7</sbaNo>
</SBAPt>
<SBAPt gml:id="K11_4688712087_81">
<fid>46887-12087-i-7599</fid>
<lfSpanFr gml:id="K11_4688712087_81-1">
<gml:timePosition>2021-02-26</gml:timePosition>
</lfSpanFr>
<devDate gml:id="K11_4688712087_81-2">
<gml:timePosition>2021-07-01</gml:timePosition>
</devDate>
<orgGILvl>2500</orgGILvl>
<vis>表示</vis>
<pos>
<gml:Point gml:id="K11_4688712087_81-g" srsName="fguuid:jgd2011.bl">
<gml:pos>33.576033060 130.246037893</gml:pos>
</gml:Point>
</pos>
<sbaNo>2</sbaNo>
</SBAPt>
<SBAPt gml:id="K11_4688712087_82">
<fid>46887-12087-i-7600</fid>
<lfSpanFr gml:id="K11_4688712087_82-1">
<gml:timePosition>2021-02-26</gml:timePosition>
</lfSpanFr>
<devDate gml:id="K11_4688712087_82-2">
<gml:timePosition>2021-07-01</gml:timePosition>
</devDate>
<orgGILvl>2500</orgGILvl>
<vis>表示</vis>
<pos>
<gml:Point gml:id="K11_4688712087_82-g" srsName="fguuid:jgd2011.bl">
<gml:pos>33.575890311 130.245495724</gml:pos>
</gml:Point>
</pos>
<sbaNo>1</sbaNo>
</SBAPt>
<SBAPt gml:id="K11_4688712087_83">
<fid>46887-12087-i-7601</fid>
<lfSpanFr gml:id="K11_4688712087_83-1">
<gml:timePosition>2021-02-26</gml:timePosition>
</lfSpanFr>
<devDate gml:id="K11_4688712087_83-2">
<gml:timePosition>2021-07-01</gml:timePosition>
</devDate>
<orgGILvl>2500</orgGILvl>
<vis>表示</vis>
<pos>
<gml:Point gml:id="K11_4688712087_83-g" srsName="fguuid:jgd2011.bl">
<gml:pos>33.578612531 130.243613606</gml:pos>
</gml:Point>
</pos>
<sbaNo>14</sbaNo>
</SBAPt>
<SBAPt gml:id="K11_4688712087_84">
<fid>46887-12087-i-7602</fid>
<lfSpanFr gml:id="K11_4688712087_84-1">
<gml:timePosition>2021-02-26</gml:timePosition>
</lfSpanFr>
<devDate gml:id="K11_4688712087_84-2">
<gml:timePosition>2021-07-01</gml:timePosition>
</devDate>
<orgGILvl>2500</orgGILvl>
<vis>表示</vis>
<pos>
<gml:Point gml:id="K11_4688712087_84-g" srsName="fguuid:jgd2011.bl">
<gml:pos>33.578893488 130.244877885</gml:pos>
</gml:Point>
</pos>
<sbaNo>15</sbaNo>
</SBAPt>
<SBAPt gml:id="K11_4688712087_85">
<fid>46887-12087-i-7603</fid>
<lfSpanFr gml:id="K11_4688712087_85-1">
<gml:timePosition>2021-02-26</gml:timePosition>
</lfSpanFr>
<devDate gml:id="K11_4688712087_85-2">
<gml:timePosition>2021-07-01</gml:timePosition>
</devDate>
<orgGILvl>2500</orgGILvl>
<vis>表示</vis>
<pos>
<gml:Point gml:id="K11_4688712087_85-g" srsName="fguuid:jgd2011.bl">
<gml:pos>33.578767542 130.244541903</gml:pos>
</gml:Point>
</pos>
<sbaNo>16</sbaNo>
</SBAPt>
<SBAPt gml:id="K11_4688712087_86">
<fid>46887-12087-i-7604</fid>
<lfSpanFr gml:id="K11_4688712087_86-1">
<gml:timePosition>2021-02-26</gml:timePosition>
</lfSpanFr>
<devDate gml:id="K11_4688712087_86-2">
<gml:timePosition>2021-07-01</gml:timePosition>
</devDate>
<orgGILvl>2500</orgGILvl>
<vis>表示</vis>
<pos>
<gml:Point gml:id="K11_4688712087_86-g" srsName="fguuid:jgd2011.bl">
<gml:pos>33.579276170 130.244276881</gml:pos>
</gml:Point>
</pos>
<sbaNo>17</sbaNo>
</SBAPt>
<SBAPt gml:id="K11_4688712087_87">
<fid>46887-12087-i-7605</fid>
<lfSpanFr gml:id="K11_4688712087_87-1">
<gml:timePosition>2021-02-26</gml:timePosition>
</lfSpanFr>
<devDate gml:id="K11_4688712087_87-2">
<gml:timePosition>2021-07-01</gml:timePosition>
</devDate>
<orgGILvl>2500</orgGILvl>
<vis>表示</vis>
<pos>
<gml:Point gml:id="K11_4688712087_87-g" srsName="fguuid:jgd2011.bl">
<gml:pos>33.579576503 130.244152336</gml:pos>
</gml:Point>
</pos>
<sbaNo>18</sbaNo>
</SBAPt>
<SBAPt gml:id="K11_4688712087_88">
<fid>46887-12087-i-7606</fid>
<lfSpanFr gml:id="K11_4688712087_88-1">
<gml:timePosition>2021-02-26</gml:timePosition>
</lfSpanFr>
<devDate gml:id="K11_4688712087_88-2">
<gml:timePosition>2021-07-01</gml:timePosition>
</devDate>
<orgGILvl>2500</orgGILvl>
<vis>表示</vis>
<pos>
<gml:Point gml:id="K11_4688712087_88-g" srsName="fguuid:jgd2011.bl">
<gml:pos>33.578653706 130.244176956</gml:pos>
</gml:Point>
</pos>
<sbaNo>13</sbaNo>
</SBAPt>
<SBAPt gml:id="K11_4688712087_89">
<fid>46887-12087-i-7607</fid>
<lfSpanFr gml:id="K11_4688712087_89-1">
<gml:timePosition>2021-02-26</gml:timePosition>
</lfSpanFr>
<devDate gml:id="K11_4688712087_89-2">
<gml:timePosition>2021-07-01</gml:timePosition>
</devDate>
<orgGILvl>2500</orgGILvl>
<vis>表示</vis>
<pos>
<gml:Point gml:id="K11_4688712087_89-g" srsName="fguuid:jgd2011.bl">
<gml:pos>33.577733332 130.244366670</gml:pos>
</gml:Point>
</pos>
<sbaNo>8</sbaNo>
</SBAPt>
<SBAPt gml:id="K11_4688712087_90">
<fid>46887-12087-i-7608</fid>
<lfSpanFr gml:id="K11_4688712087_90-1">
<gml:timePosition>2021-02-26</gml:timePosition>
</lfSpanFr>
<devDate gml:id="K11_4688712087_90-2">
<gml:timePosition>2021-07-01</gml:timePosition>
</devDate>
<orgGILvl>2500</orgGILvl>
<vis>表示</vis>
<pos>
<gml:Point gml:id="K11_4688712087_90-g" srsName="fguuid:jgd2011.bl">
<gml:pos>33.577914984 130.244932916</gml:pos>
</gml:Point>
</pos>
<sbaNo>9</sbaNo>
</SBAPt>
<SBAPt gml:id="K11_4688712087_91">
<fid>46887-12087-i-7609</fid>
<lfSpanFr gml:id="K11_4688712087_91-1">
<gml:timePosition>2021-02-26</gml:timePosition>
</lfSpanFr>
<devDate gml:id="K11_4688712087_91-2">
<gml:timePosition>2021-07-01</gml:timePosition>
</devDate>
<orgGILvl>2500</orgGILvl>
<vis>表示</vis>
<pos>
<gml:Point gml:id="K11_4688712087_91-g" srsName="fguuid:jgd2011.bl">
<gml:pos>33.578016710 130.245318138</gml:pos>
</gml:Point>
</pos>
<sbaNo>10</sbaNo>
</SBAPt>
<SBAPt gml:id="K11_4688712087_92">
<fid>46887-12087-i-7610</fid>
<lfSpanFr gml:id="K11_4688712087_92-1">
<gml:timePosition>2021-02-26</gml:timePosition>
</lfSpanFr>
<devDate gml:id="K11_4688712087_92-2">
<gml:timePosition>2021-07-01</gml:timePosition>
</devDate>
<orgGILvl>2500</orgGILvl>
<vis>表示</vis>
<pos>
<gml:Point gml:id="K11_4688712087_92-g" srsName="fguuid:jgd2011.bl">
<gml:pos>33.578140233 130.245677291</gml:pos>
</gml:Point>
</pos>
<sbaNo>11</sbaNo>
</SBAPt>
<SBAPt gml:id="K11_4688712087_93">
<fid>46887-12087-i-7611</fid>
<lfSpanFr gml:id="K11_4688712087_93-1">
<gml:timePosition>2021-02-26</gml:timePosition>
</lfSpanFr>
<devDate gml:id="K11_4688712087_93-2">
<gml:timePosition>2021-07-01</gml:timePosition>
</devDate>
<orgGILvl>2500</orgGILvl>
<vis>表示</vis>
<pos>
<gml:Point gml:id="K11_4688712087_93-g" srsName="fguuid:jgd2011.bl">
<gml:pos>33.579341565 130.245100908</gml:pos>
</gml:Point>
</pos>
<sbaNo>12</sbaNo>
</SBAPt>
<SBAPt gml:id="K11_4688712087_94">
<fid>46887-12087-i-7612</fid>
<lfSpanFr gml:id="K11_4688712087_94-1">
<gml:timePosition>2021-02-26</gml:timePosition>
</lfSpanFr>
<devDate gml:id="K11_4688712087_94-2">
<gml:timePosition>2021-07-01</gml:timePosition>
</devDate>
<orgGILvl>2500</orgGILvl>
<vis>表示</vis>
<pos>
<gml:Point gml:id="K11_4688712087_94-g" srsName="fguuid:jgd2011.bl">
<gml:pos>33.581614043 130.245025964</gml:pos>
</gml:Point>
</pos>
<sbaNo>12</sbaNo>
</SBAPt>
<SBAPt gml:id="K11_4688712087_95">
<fid>46887-12087-i-7613</fid>
<lfSpanFr gml:id="K11_4688712087_95-1">
<gml:timePosition>2021-02-26</gml:timePosition>
</lfSpanFr>
<devDate gml:id="K11_4688712087_95-2">
<gml:timePosition>2021-07-01</gml:timePosition>
</devDate>
<orgGILvl>2500</orgGILvl>
<vis>表示</vis>
<pos>
<gml:Point gml:id="K11_4688712087_95-g" srsName="fguuid:jgd2011.bl">
<gml:pos>33.580891670 130.245405030</gml:pos>
</gml:Point>
</pos>
<sbaNo>27</sbaNo>
</SBAPt>
<SBAPt gml:id="K11_4688712087_96">
<fid>46887-12087-i-7614</fid>
<lfSpanFr gml:id="K11_4688712087_96-1">
<gml:timePosition>2021-02-26</gml:timePosition>
</lfSpanFr>
<devDate gml:id="K11_4688712087_96-2">
<gml:timePosition>2021-07-01</gml:timePosition>
</devDate>
<orgGILvl>2500</orgGILvl>
<vis>表示</vis>
<pos>
<gml:Point gml:id="K11_4688712087_96-g" srsName="fguuid:jgd2011.bl">
<gml:pos>33.580869872 130.244985052</gml:pos>
</gml:Point>
</pos>
<sbaNo>28</sbaNo>
</SBAPt>
</Dataset>
