<?xml version="1.0" encoding="utf-8"?>
<Dataset xsi:schemaLocation="http://fgd.gsi.go.jp/spec/2008/FGD_GMLSchema FGD_GMLSchema.xsd"
	xmlns:gml="http://www.opengis.net/gml/3.2"
	xmlns:xsi="http://www.w3.org/2001/XMLSchema-instance"
	xmlns:xlink="http://www.w3.org/1999/xlink"
	xmlns="http://fgd.gsi.go.jp/spec/2008/FGD_GMLSchema"
	gml:id="Dataset1">
  <gml:description>基盤地図情報メタデータ ID=fmdid:21-0701</gml:description>
  <gml:name>基盤地図情報ダウンロードデータ（GML版）</gml:name>
<ElevPt gml:id="K2_4684512060_1">
<fid>46845-12060-i-177</fid>
<lfSpanFr gml:id="K2_4684512060_1-1">
<gml:timePosition>2021-02-26</gml:timePosition>
</lfSpanFr>
<devDate gml:id="K2_4684512060_1-2">
<gml:timePosition>2021-07-01</gml:timePosition>
</devDate>
<orgGILvl>25000</orgGILvl>
<vis>表示</vis>
<pos>
<gml:Point gml:id="K2_4684512060_1-g" srsName="fguuid:jgd2011.bl">
<gml:pos>33.501075000 130.126558333</gml:pos>
</gml:Point>
</pos>
<type>標高点（測点）</type>
<alti>186</alti>
</ElevPt>
<ElevPt gml:id="K2_4684512084_1">
<fid>46845-12084-i-1436</fid>
<lfSpanFr gml:id="K2_4684512084_1-1">
<gml:timePosition>2021-02-26</gml:timePosition>
</lfSpanFr>
<devDate gml:id="K2_4684512084_1-2">
<gml:timePosition>2021-07-01</gml:timePosition>
</devDate>
<orgGILvl>25000</orgGILvl>
<vis>表示</vis>
<pos>
<gml:Point gml:id="K2_4684512084_1-g" srsName="fguuid:jgd2011.bl">
<gml:pos>33.568484167 130.130743333</gml:pos>
</gml:Point>
</pos>
<type>標高点（測点）</type>
<alti>12</alti>
</ElevPt>
<ElevPt gml:id="K2_4684512087_1">
<fid>46845-12087-i-219</fid>
<lfSpanFr gml:id="K2_4684512087_1-1">
<gml:timePosition>2021-02-26</gml:timePosition>
</lfSpanFr>
<devDate gml:id="K2_4684512087_1-2">
<gml:timePosition>2021-07-01</gml:timePosition>
</devDate>
<orgGILvl>25000</orgGILvl>
<vis>表示</vis>
<pos>
<gml:Point gml:id="K2_4684512087_1-g" srsName="fguuid:jgd2011.bl">
<gml:pos>33.576116389 130.125018056</gml:pos>
</gml:Point>
</pos>
<type>標高点（測点）</type>
<alti>39</alti>
</ElevPt>
<ElevPt gml:id="K2_4684812066_1">
<fid>46848-12066-i-749</fid>
<lfSpanFr gml:id="K2_4684812066_1-1">
<gml:timePosition>2021-02-26</gml:timePosition>
</lfSpanFr>
<devDate gml:id="K2_4684812066_1-2">
<gml:timePosition>2021-07-01</gml:timePosition>
</devDate>
<orgGILvl>25000</orgGILvl>
<vis>表示</vis>
<pos>
<gml:Point gml:id="K2_4684812066_1-g" srsName="fguuid:jgd2011.bl">
<gml:pos>33.519243391 130.134750499</gml:pos>
</gml:Point>
</pos>
<type>標高点（測点）</type>
<alti>12</alti>
</ElevPt>
<ElevPt gml:id="K2_4684812078_1">
<fid>46848-12078-i-421</fid>
<lfSpanFr gml:id="K2_4684812078_1-1">
<gml:timePosition>2021-02-26</gml:timePosition>
</lfSpanFr>
<devDate gml:id="K2_4684812078_1-2">
<gml:timePosition>2021-07-01</gml:timePosition>
</devDate>
<orgGILvl>25000</orgGILvl>
<vis>表示</vis>
<pos>
<gml:Point gml:id="K2_4684812078_1-g" srsName="fguuid:jgd2011.bl">
<gml:pos>33.558182778 130.137788889</gml:pos>
</gml:Point>
</pos>
<type>標高点（測点）</type>
<alti>39</alti>
</ElevPt>
<ElevPt gml:id="K2_4684812084_1">
<fid>46848-12084-i-510</fid>
<lfSpanFr gml:id="K2_4684812084_1-1">
<gml:timePosition>2021-02-26</gml:timePosition>
</lfSpanFr>
<devDate gml:id="K2_4684812084_1-2">
<gml:timePosition>2021-07-01</gml:timePosition>
</devDate>
<orgGILvl>25000</orgGILvl>
<vis>表示</vis>
<pos>
<gml:Point gml:id="K2_4684812084_1-g" srsName="fguuid:jgd2011.bl">
<gml:pos>33.571596667 130.137426944</gml:pos>
</gml:Point>
</pos>
<type>標高点（測点）</type>
<alti>21</alti>
</ElevPt>
<ElevPt gml:id="K2_4685112078_1">
<fid>46851-12078-i-455</fid>
<lfSpanFr gml:id="K2_4685112078_1-1">
<gml:timePosition>2021-02-26</gml:timePosition>
</lfSpanFr>
<devDate gml:id="K2_4685112078_1-2">
<gml:timePosition>2021-07-01</gml:timePosition>
</devDate>
<orgGILvl>25000</orgGILvl>
<vis>表示</vis>
<pos>
<gml:Point gml:id="K2_4685112078_1-g" srsName="fguuid:jgd2011.bl">
<gml:pos>33.556810833 130.145336667</gml:pos>
</gml:Point>
</pos>
<type>標高点（測点）</type>
<alti>64</alti>
</ElevPt>
<ElevPt gml:id="K2_4685112084_1">
<fid>46851-12084-i-341</fid>
<lfSpanFr gml:id="K2_4685112084_1-1">
<gml:timePosition>2021-02-26</gml:timePosition>
</lfSpanFr>
<devDate gml:id="K2_4685112084_1-2">
<gml:timePosition>2021-07-01</gml:timePosition>
</devDate>
<orgGILvl>25000</orgGILvl>
<vis>表示</vis>
<pos>
<gml:Point gml:id="K2_4685112084_1-g" srsName="fguuid:jgd2011.bl">
<gml:pos>33.572626111 130.149730000</gml:pos>
</gml:Point>
</pos>
<type>標高点（測点）</type>
<alti>84</alti>
</ElevPt>
<ElevPt gml:id="K2_4685112087_1">
<fid>46851-12087-i-438</fid>
<lfSpanFr gml:id="K2_4685112087_1-1">
<gml:timePosition>2021-02-26</gml:timePosition>
</lfSpanFr>
<devDate gml:id="K2_4685112087_1-2">
<gml:timePosition>2021-07-01</gml:timePosition>
</devDate>
<orgGILvl>25000</orgGILvl>
<vis>表示</vis>
<pos>
<gml:Point gml:id="K2_4685112087_1-g" srsName="fguuid:jgd2011.bl">
<gml:pos>33.578724444 130.147298333</gml:pos>
</gml:Point>
</pos>
<type>標高点（測点）</type>
<alti>43</alti>
</ElevPt>
<ElevPt gml:id="K2_4685412060_1">
<fid>46854-12060-i-138</fid>
<lfSpanFr gml:id="K2_4685412060_1-1">
<gml:timePosition>2021-02-26</gml:timePosition>
</lfSpanFr>
<devDate gml:id="K2_4685412060_1-2">
<gml:timePosition>2021-07-01</gml:timePosition>
</devDate>
<orgGILvl>25000</orgGILvl>
<vis>表示</vis>
<pos>
<gml:Point gml:id="K2_4685412060_1-g" srsName="fguuid:jgd2011.bl">
<gml:pos>33.505951944 130.156865278</gml:pos>
</gml:Point>
</pos>
<type>標高点（測点）</type>
<alti>181</alti>
</ElevPt>
<ElevPt gml:id="K2_4685412066_1">
<fid>46854-12066-i-323</fid>
<lfSpanFr gml:id="K2_4685412066_1-1">
<gml:timePosition>2021-02-26</gml:timePosition>
</lfSpanFr>
<devDate gml:id="K2_4685412066_1-2">
<gml:timePosition>2021-07-01</gml:timePosition>
</devDate>
<orgGILvl>25000</orgGILvl>
<vis>表示</vis>
<pos>
<gml:Point gml:id="K2_4685412066_1-g" srsName="fguuid:jgd2011.bl">
<gml:pos>33.520902347 130.153267153</gml:pos>
</gml:Point>
</pos>
<type>標高点（測点）</type>
<alti>8</alti>
</ElevPt>
<ElevPt gml:id="K2_4685412072_1">
<fid>46854-12072-i-315</fid>
<lfSpanFr gml:id="K2_4685412072_1-1">
<gml:timePosition>2021-02-26</gml:timePosition>
</lfSpanFr>
<devDate gml:id="K2_4685412072_1-2">
<gml:timePosition>2021-07-01</gml:timePosition>
</devDate>
<orgGILvl>25000</orgGILvl>
<vis>表示</vis>
<pos>
<gml:Point gml:id="K2_4685412072_1-g" srsName="fguuid:jgd2011.bl">
<gml:pos>33.533640556 130.154921389</gml:pos>
</gml:Point>
</pos>
<type>標高点（測点）</type>
<alti>2</alti>
</ElevPt>
<ElevPt gml:id="K2_4685412081_1">
<fid>46854-12081-i-601</fid>
<lfSpanFr gml:id="K2_4685412081_1-1">
<gml:timePosition>2021-02-26</gml:timePosition>
</lfSpanFr>
<devDate gml:id="K2_4685412081_1-2">
<gml:timePosition>2021-07-01</gml:timePosition>
</devDate>
<orgGILvl>25000</orgGILvl>
<vis>表示</vis>
<pos>
<gml:Point gml:id="K2_4685412081_1-g" srsName="fguuid:jgd2011.bl">
<gml:pos>33.562567778 130.152265556</gml:pos>
</gml:Point>
</pos>
<type>標高点（測点）</type>
<alti>4</alti>
</ElevPt>
<ElevPt gml:id="K2_4685712066_1">
<fid>46857-12066-i-292</fid>
<lfSpanFr gml:id="K2_4685712066_1-1">
<gml:timePosition>2021-02-26</gml:timePosition>
</lfSpanFr>
<devDate gml:id="K2_4685712066_1-2">
<gml:timePosition>2021-07-01</gml:timePosition>
</devDate>
<orgGILvl>25000</orgGILvl>
<vis>表示</vis>
<pos>
<gml:Point gml:id="K2_4685712066_1-g" srsName="fguuid:jgd2011.bl">
<gml:pos>33.517261944 130.161668889</gml:pos>
</gml:Point>
</pos>
<type>標高点（測点）</type>
<alti>35</alti>
</ElevPt>
<ElevPt gml:id="K2_4685712078_1">
<fid>46857-12078-i-1510</fid>
<lfSpanFr gml:id="K2_4685712078_1-1">
<gml:timePosition>2021-02-26</gml:timePosition>
</lfSpanFr>
<devDate gml:id="K2_4685712078_1-2">
<gml:timePosition>2021-07-01</gml:timePosition>
</devDate>
<orgGILvl>25000</orgGILvl>
<vis>表示</vis>
<pos>
<gml:Point gml:id="K2_4685712078_1-g" srsName="fguuid:jgd2011.bl">
<gml:pos>33.554928286 130.165307171</gml:pos>
</gml:Point>
</pos>
<type>標高点（測点）</type>
<alti>4</alti>
</ElevPt>
<ElevPt gml:id="K2_4685712087_1">
<fid>46857-12087-i-297</fid>
<lfSpanFr gml:id="K2_4685712087_1-1">
<gml:timePosition>2021-02-26</gml:timePosition>
</lfSpanFr>
<devDate gml:id="K2_4685712087_1-2">
<gml:timePosition>2021-07-01</gml:timePosition>
</devDate>
<orgGILvl>25000</orgGILvl>
<vis>表示</vis>
<pos>
<gml:Point gml:id="K2_4685712087_1-g" srsName="fguuid:jgd2011.bl">
<gml:pos>33.577531389 130.160021944</gml:pos>
</gml:Point>
</pos>
<type>標高点（測点）</type>
<alti>177</alti>
</ElevPt>
<ElevPt gml:id="K2_4686012060_1">
<fid>46860-12060-i-187</fid>
<lfSpanFr gml:id="K2_4686012060_1-1">
<gml:timePosition>2021-02-26</gml:timePosition>
</lfSpanFr>
<devDate gml:id="K2_4686012060_1-2">
<gml:timePosition>2021-07-01</gml:timePosition>
</devDate>
<orgGILvl>25000</orgGILvl>
<vis>表示</vis>
<pos>
<gml:Point gml:id="K2_4686012060_1-g" srsName="fguuid:jgd2011.bl">
<gml:pos>33.507708271 130.167514051</gml:pos>
</gml:Point>
</pos>
<type>標高点（測点）</type>
<alti>49</alti>
</ElevPt>
<ElevPt gml:id="K2_4686012069_1">
<fid>46860-12069-i-495</fid>
<lfSpanFr gml:id="K2_4686012069_1-1">
<gml:timePosition>2021-02-26</gml:timePosition>
</lfSpanFr>
<devDate gml:id="K2_4686012069_1-2">
<gml:timePosition>2021-07-01</gml:timePosition>
</devDate>
<orgGILvl>25000</orgGILvl>
<vis>表示</vis>
<pos>
<gml:Point gml:id="K2_4686012069_1-g" srsName="fguuid:jgd2011.bl">
<gml:pos>33.525770556 130.169300000</gml:pos>
</gml:Point>
</pos>
<type>標高点（測点）</type>
<alti>56</alti>
</ElevPt>
<ElevPt gml:id="K2_4686012072_1">
<fid>46860-12072-i-1743</fid>
<lfSpanFr gml:id="K2_4686012072_1-1">
<gml:timePosition>2021-02-26</gml:timePosition>
</lfSpanFr>
<devDate gml:id="K2_4686012072_1-2">
<gml:timePosition>2021-07-01</gml:timePosition>
</devDate>
<orgGILvl>25000</orgGILvl>
<vis>表示</vis>
<pos>
<gml:Point gml:id="K2_4686012072_1-g" srsName="fguuid:jgd2011.bl">
<gml:pos>33.539415519 130.174845264</gml:pos>
</gml:Point>
</pos>
<type>標高点（測点）</type>
<alti>4</alti>
</ElevPt>
<ElevPt gml:id="K2_4686012075_1">
<fid>46860-12075-i-1135</fid>
<lfSpanFr gml:id="K2_4686012075_1-1">
<gml:timePosition>2021-02-26</gml:timePosition>
</lfSpanFr>
<devDate gml:id="K2_4686012075_1-2">
<gml:timePosition>2021-07-01</gml:timePosition>
</devDate>
<orgGILvl>25000</orgGILvl>
<vis>表示</vis>
<pos>
<gml:Point gml:id="K2_4686012075_1-g" srsName="fguuid:jgd2011.bl">
<gml:pos>33.542385833 130.168352500</gml:pos>
</gml:Point>
</pos>
<type>標高点（測点）</type>
<alti>58</alti>
</ElevPt>
<ElevPt gml:id="K2_4686012081_1">
<fid>46860-12081-i-486</fid>
<lfSpanFr gml:id="K2_4686012081_1-1">
<gml:timePosition>2021-02-26</gml:timePosition>
</lfSpanFr>
<devDate gml:id="K2_4686012081_1-2">
<gml:timePosition>2021-07-01</gml:timePosition>
</devDate>
<orgGILvl>25000</orgGILvl>
<vis>表示</vis>
<pos>
<gml:Point gml:id="K2_4686012081_1-g" srsName="fguuid:jgd2011.bl">
<gml:pos>33.562444167 130.171818611</gml:pos>
</gml:Point>
</pos>
<type>標高点（測点）</type>
<alti>30</alti>
</ElevPt>
<ElevPt gml:id="K2_4686312069_1">
<fid>46863-12069-i-1441</fid>
<lfSpanFr gml:id="K2_4686312069_1-1">
<gml:timePosition>2021-02-26</gml:timePosition>
</lfSpanFr>
<devDate gml:id="K2_4686312069_1-2">
<gml:timePosition>2021-07-01</gml:timePosition>
</devDate>
<orgGILvl>25000</orgGILvl>
<vis>表示</vis>
<pos>
<gml:Point gml:id="K2_4686312069_1-g" srsName="fguuid:jgd2011.bl">
<gml:pos>33.526853333 130.181266111</gml:pos>
</gml:Point>
</pos>
<type>標高点（測点）</type>
<alti>36</alti>
</ElevPt>
<ElevPt gml:id="K2_4686312069_2">
<fid>46863-12069-i-1442</fid>
<lfSpanFr gml:id="K2_4686312069_2-1">
<gml:timePosition>2021-02-26</gml:timePosition>
</lfSpanFr>
<devDate gml:id="K2_4686312069_2-2">
<gml:timePosition>2021-07-01</gml:timePosition>
</devDate>
<orgGILvl>25000</orgGILvl>
<vis>表示</vis>
<pos>
<gml:Point gml:id="K2_4686312069_2-g" srsName="fguuid:jgd2011.bl">
<gml:pos>33.532401037 130.182675394</gml:pos>
</gml:Point>
</pos>
<type>標高点（測点）</type>
<alti>11</alti>
</ElevPt>
<ElevPt gml:id="K2_4686312078_1">
<fid>46863-12078-i-1053</fid>
<lfSpanFr gml:id="K2_4686312078_1-1">
<gml:timePosition>2021-02-26</gml:timePosition>
</lfSpanFr>
<devDate gml:id="K2_4686312078_1-2">
<gml:timePosition>2021-07-01</gml:timePosition>
</devDate>
<orgGILvl>25000</orgGILvl>
<vis>表示</vis>
<pos>
<gml:Point gml:id="K2_4686312078_1-g" srsName="fguuid:jgd2011.bl">
<gml:pos>33.552546034 130.177503250</gml:pos>
</gml:Point>
</pos>
<type>標高点（測点）</type>
<alti>3</alti>
</ElevPt>
<ElevPt gml:id="K2_4686312081_1">
<fid>46863-12081-i-434</fid>
<lfSpanFr gml:id="K2_4686312081_1-1">
<gml:timePosition>2021-02-26</gml:timePosition>
</lfSpanFr>
<devDate gml:id="K2_4686312081_1-2">
<gml:timePosition>2021-07-01</gml:timePosition>
</devDate>
<orgGILvl>25000</orgGILvl>
<vis>表示</vis>
<pos>
<gml:Point gml:id="K2_4686312081_1-g" srsName="fguuid:jgd2011.bl">
<gml:pos>33.559920556 130.182867222</gml:pos>
</gml:Point>
</pos>
<type>標高点（測点）</type>
<alti>2</alti>
</ElevPt>
<ElevPt gml:id="K2_4686312087_1">
<fid>46863-12087-i-1048</fid>
<lfSpanFr gml:id="K2_4686312087_1-1">
<gml:timePosition>2021-02-26</gml:timePosition>
</lfSpanFr>
<devDate gml:id="K2_4686312087_1-2">
<gml:timePosition>2021-07-01</gml:timePosition>
</devDate>
<orgGILvl>25000</orgGILvl>
<vis>表示</vis>
<pos>
<gml:Point gml:id="K2_4686312087_1-g" srsName="fguuid:jgd2011.bl">
<gml:pos>33.575838056 130.180196111</gml:pos>
</gml:Point>
</pos>
<type>標高点（測点）</type>
<alti>28</alti>
</ElevPt>
<ElevPt gml:id="K2_4686612063_1">
<fid>46866-12063-i-740</fid>
<lfSpanFr gml:id="K2_4686612063_1-1">
<gml:timePosition>2021-02-26</gml:timePosition>
</lfSpanFr>
<devDate gml:id="K2_4686612063_1-2">
<gml:timePosition>2021-07-01</gml:timePosition>
</devDate>
<orgGILvl>25000</orgGILvl>
<vis>表示</vis>
<pos>
<gml:Point gml:id="K2_4686612063_1-g" srsName="fguuid:jgd2011.bl">
<gml:pos>33.513444722 130.189673333</gml:pos>
</gml:Point>
</pos>
<type>標高点（測点）</type>
<alti>108</alti>
</ElevPt>
<ElevPt gml:id="K2_4686612066_1">
<fid>46866-12066-i-662</fid>
<lfSpanFr gml:id="K2_4686612066_1-1">
<gml:timePosition>2021-02-26</gml:timePosition>
</lfSpanFr>
<devDate gml:id="K2_4686612066_1-2">
<gml:timePosition>2021-07-01</gml:timePosition>
</devDate>
<orgGILvl>25000</orgGILvl>
<vis>表示</vis>
<pos>
<gml:Point gml:id="K2_4686612066_1-g" srsName="fguuid:jgd2011.bl">
<gml:pos>33.519792467 130.191627255</gml:pos>
</gml:Point>
</pos>
<type>標高点（測点）</type>
<alti>22</alti>
</ElevPt>
<ElevPt gml:id="K2_4686612069_1">
<fid>46866-12069-i-1610</fid>
<lfSpanFr gml:id="K2_4686612069_1-1">
<gml:timePosition>2021-02-26</gml:timePosition>
</lfSpanFr>
<devDate gml:id="K2_4686612069_1-2">
<gml:timePosition>2021-07-01</gml:timePosition>
</devDate>
<orgGILvl>25000</orgGILvl>
<vis>表示</vis>
<pos>
<gml:Point gml:id="K2_4686612069_1-g" srsName="fguuid:jgd2011.bl">
<gml:pos>33.526178333 130.191147222</gml:pos>
</gml:Point>
</pos>
<type>標高点（測点）</type>
<alti>15</alti>
</ElevPt>
<ElevPt gml:id="K2_4686612075_1">
<fid>46866-12075-i-988</fid>
<lfSpanFr gml:id="K2_4686612075_1-1">
<gml:timePosition>2021-02-26</gml:timePosition>
</lfSpanFr>
<devDate gml:id="K2_4686612075_1-2">
<gml:timePosition>2021-07-01</gml:timePosition>
</devDate>
<orgGILvl>25000</orgGILvl>
<vis>表示</vis>
<pos>
<gml:Point gml:id="K2_4686612075_1-g" srsName="fguuid:jgd2011.bl">
<gml:pos>33.549433949 130.186920720</gml:pos>
</gml:Point>
</pos>
<type>標高点（測点）</type>
<alti>17</alti>
</ElevPt>
<ElevPt gml:id="K2_4686912060_1">
<fid>46869-12060-i-917</fid>
<lfSpanFr gml:id="K2_4686912060_1-1">
<gml:timePosition>2021-02-26</gml:timePosition>
</lfSpanFr>
<devDate gml:id="K2_4686912060_1-2">
<gml:timePosition>2021-07-01</gml:timePosition>
</devDate>
<orgGILvl>25000</orgGILvl>
<vis>表示</vis>
<pos>
<gml:Point gml:id="K2_4686912060_1-g" srsName="fguuid:jgd2011.bl">
<gml:pos>33.506066667 130.192832222</gml:pos>
</gml:Point>
</pos>
<type>標高点（測点）</type>
<alti>67</alti>
</ElevPt>
<ElevPt gml:id="K2_4686912075_1">
<fid>46869-12075-i-1219</fid>
<lfSpanFr gml:id="K2_4686912075_1-1">
<gml:timePosition>2021-02-26</gml:timePosition>
</lfSpanFr>
<devDate gml:id="K2_4686912075_1-2">
<gml:timePosition>2021-07-01</gml:timePosition>
</devDate>
<orgGILvl>25000</orgGILvl>
<vis>表示</vis>
<pos>
<gml:Point gml:id="K2_4686912075_1-g" srsName="fguuid:jgd2011.bl">
<gml:pos>33.548546550 130.194368249</gml:pos>
</gml:Point>
</pos>
<type>標高点（測点）</type>
<alti>26</alti>
</ElevPt>
<ElevPt gml:id="K2_4686912081_1">
<fid>46869-12081-i-1576</fid>
<lfSpanFr gml:id="K2_4686912081_1-1">
<gml:timePosition>2021-02-26</gml:timePosition>
</lfSpanFr>
<devDate gml:id="K2_4686912081_1-2">
<gml:timePosition>2021-07-01</gml:timePosition>
</devDate>
<orgGILvl>25000</orgGILvl>
<vis>表示</vis>
<pos>
<gml:Point gml:id="K2_4686912081_1-g" srsName="fguuid:jgd2011.bl">
<gml:pos>33.561717749 130.199568347</gml:pos>
</gml:Point>
</pos>
<type>標高点（測点）</type>
<alti>10</alti>
</ElevPt>
<ElevPt gml:id="K2_4686912087_1">
<fid>46869-12087-i-986</fid>
<lfSpanFr gml:id="K2_4686912087_1-1">
<gml:timePosition>2021-02-26</gml:timePosition>
</lfSpanFr>
<devDate gml:id="K2_4686912087_1-2">
<gml:timePosition>2021-07-01</gml:timePosition>
</devDate>
<orgGILvl>25000</orgGILvl>
<vis>表示</vis>
<pos>
<gml:Point gml:id="K2_4686912087_1-g" srsName="fguuid:jgd2011.bl">
<gml:pos>33.575414492 130.194519639</gml:pos>
</gml:Point>
</pos>
<type>標高点（測点）</type>
<alti>2</alti>
</ElevPt>
<ElevPt gml:id="K2_4687212060_1">
<fid>46872-12060-i-689</fid>
<lfSpanFr gml:id="K2_4687212060_1-1">
<gml:timePosition>2021-02-26</gml:timePosition>
</lfSpanFr>
<devDate gml:id="K2_4687212060_1-2">
<gml:timePosition>2021-07-01</gml:timePosition>
</devDate>
<orgGILvl>25000</orgGILvl>
<vis>表示</vis>
<pos>
<gml:Point gml:id="K2_4687212060_1-g" srsName="fguuid:jgd2011.bl">
<gml:pos>33.503736389 130.207472778</gml:pos>
</gml:Point>
</pos>
<type>標高点（測点）</type>
<alti>135</alti>
</ElevPt>
<ElevPt gml:id="K2_4687212063_1">
<fid>46872-12063-i-661</fid>
<lfSpanFr gml:id="K2_4687212063_1-1">
<gml:timePosition>2021-02-26</gml:timePosition>
</lfSpanFr>
<devDate gml:id="K2_4687212063_1-2">
<gml:timePosition>2021-07-01</gml:timePosition>
</devDate>
<orgGILvl>25000</orgGILvl>
<vis>表示</vis>
<pos>
<gml:Point gml:id="K2_4687212063_1-g" srsName="fguuid:jgd2011.bl">
<gml:pos>33.512374444 130.207650556</gml:pos>
</gml:Point>
</pos>
<type>標高点（測点）</type>
<alti>76</alti>
</ElevPt>
<ElevPt gml:id="K2_4687212075_1">
<fid>46872-12075-i-1355</fid>
<lfSpanFr gml:id="K2_4687212075_1-1">
<gml:timePosition>2021-02-26</gml:timePosition>
</lfSpanFr>
<devDate gml:id="K2_4687212075_1-2">
<gml:timePosition>2021-07-01</gml:timePosition>
</devDate>
<orgGILvl>25000</orgGILvl>
<vis>表示</vis>
<pos>
<gml:Point gml:id="K2_4687212075_1-g" srsName="fguuid:jgd2011.bl">
<gml:pos>33.548309142 130.201867492</gml:pos>
</gml:Point>
</pos>
<type>標高点（測点）</type>
<alti>11</alti>
</ElevPt>
<ElevPt gml:id="K2_4687212078_1">
<fid>46872-12078-i-1669</fid>
<lfSpanFr gml:id="K2_4687212078_1-1">
<gml:timePosition>2021-02-26</gml:timePosition>
</lfSpanFr>
<devDate gml:id="K2_4687212078_1-2">
<gml:timePosition>2021-07-01</gml:timePosition>
</devDate>
<orgGILvl>25000</orgGILvl>
<vis>表示</vis>
<pos>
<gml:Point gml:id="K2_4687212078_1-g" srsName="fguuid:jgd2011.bl">
<gml:pos>33.551573877 130.201274714</gml:pos>
</gml:Point>
</pos>
<type>標高点（測点）</type>
<alti>34</alti>
</ElevPt>
<ElevPt gml:id="K2_4687512078_1">
<fid>46875-12078-i-1742</fid>
<lfSpanFr gml:id="K2_4687512078_1-1">
<gml:timePosition>2021-02-26</gml:timePosition>
</lfSpanFr>
<devDate gml:id="K2_4687512078_1-2">
<gml:timePosition>2021-07-01</gml:timePosition>
</devDate>
<orgGILvl>25000</orgGILvl>
<vis>表示</vis>
<pos>
<gml:Point gml:id="K2_4687512078_1-g" srsName="fguuid:jgd2011.bl">
<gml:pos>33.550287129 130.210814214</gml:pos>
</gml:Point>
</pos>
<type>標高点（測点）</type>
<alti>22</alti>
</ElevPt>
<ElevPt gml:id="K2_4687512081_1">
<fid>46875-12081-i-1691</fid>
<lfSpanFr gml:id="K2_4687512081_1-1">
<gml:timePosition>2021-02-26</gml:timePosition>
</lfSpanFr>
<devDate gml:id="K2_4687512081_1-2">
<gml:timePosition>2021-07-01</gml:timePosition>
</devDate>
<orgGILvl>25000</orgGILvl>
<vis>表示</vis>
<pos>
<gml:Point gml:id="K2_4687512081_1-g" srsName="fguuid:jgd2011.bl">
<gml:pos>33.561144321 130.208968823</gml:pos>
</gml:Point>
</pos>
<type>標高点（測点）</type>
<alti>6</alti>
</ElevPt>
<ElevPt gml:id="K2_4687512084_1">
<fid>46875-12084-i-1083</fid>
<lfSpanFr gml:id="K2_4687512084_1-1">
<gml:timePosition>2021-02-26</gml:timePosition>
</lfSpanFr>
<devDate gml:id="K2_4687512084_1-2">
<gml:timePosition>2021-07-01</gml:timePosition>
</devDate>
<orgGILvl>25000</orgGILvl>
<vis>表示</vis>
<pos>
<gml:Point gml:id="K2_4687512084_1-g" srsName="fguuid:jgd2011.bl">
<gml:pos>33.570406944 130.211624167</gml:pos>
</gml:Point>
</pos>
<type>標高点（測点）</type>
<alti>4</alti>
</ElevPt>
<ElevPt gml:id="K2_4687812069_1">
<fid>46878-12069-i-1067</fid>
<lfSpanFr gml:id="K2_4687812069_1-1">
<gml:timePosition>2021-02-26</gml:timePosition>
</lfSpanFr>
<devDate gml:id="K2_4687812069_1-2">
<gml:timePosition>2021-07-01</gml:timePosition>
</devDate>
<orgGILvl>25000</orgGILvl>
<vis>表示</vis>
<pos>
<gml:Point gml:id="K2_4687812069_1-g" srsName="fguuid:jgd2011.bl">
<gml:pos>33.532895833 130.218074167</gml:pos>
</gml:Point>
</pos>
<type>標高点（測点）</type>
<alti>61</alti>
</ElevPt>
<ElevPt gml:id="K2_4687812081_1">
<fid>46878-12081-i-1413</fid>
<lfSpanFr gml:id="K2_4687812081_1-1">
<gml:timePosition>2021-02-26</gml:timePosition>
</lfSpanFr>
<devDate gml:id="K2_4687812081_1-2">
<gml:timePosition>2021-07-01</gml:timePosition>
</devDate>
<orgGILvl>25000</orgGILvl>
<vis>表示</vis>
<pos>
<gml:Point gml:id="K2_4687812081_1-g" srsName="fguuid:jgd2011.bl">
<gml:pos>33.565902778 130.224152028</gml:pos>
</gml:Point>
</pos>
<type>標高点（測点）</type>
<alti>7</alti>
</ElevPt>
<ElevPt gml:id="K2_4687812084_1">
<fid>46878-12084-i-1172</fid>
<lfSpanFr gml:id="K2_4687812084_1-1">
<gml:timePosition>2021-02-26</gml:timePosition>
</lfSpanFr>
<devDate gml:id="K2_4687812084_1-2">
<gml:timePosition>2021-07-01</gml:timePosition>
</devDate>
<orgGILvl>25000</orgGILvl>
<vis>表示</vis>
<pos>
<gml:Point gml:id="K2_4687812084_1-g" srsName="fguuid:jgd2011.bl">
<gml:pos>33.573441583 130.221431194</gml:pos>
</gml:Point>
</pos>
<type>標高点（測点）</type>
<alti>4</alti>
</ElevPt>
<ElevPt gml:id="K2_4687812087_1">
<fid>46878-12087-i-729</fid>
<lfSpanFr gml:id="K2_4687812087_1-1">
<gml:timePosition>2021-02-26</gml:timePosition>
</lfSpanFr>
<devDate gml:id="K2_4687812087_1-2">
<gml:timePosition>2021-07-01</gml:timePosition>
</devDate>
<orgGILvl>25000</orgGILvl>
<vis>表示</vis>
<pos>
<gml:Point gml:id="K2_4687812087_1-g" srsName="fguuid:jgd2011.bl">
<gml:pos>33.580624746 130.219327850</gml:pos>
</gml:Point>
</pos>
<type>標高点（測点）</type>
<alti>3</alti>
</ElevPt>
<ElevPt gml:id="K2_4688112078_1">
<fid>46881-12078-i-1056</fid>
<lfSpanFr gml:id="K2_4688112078_1-1">
<gml:timePosition>2021-02-26</gml:timePosition>
</lfSpanFr>
<devDate gml:id="K2_4688112078_1-2">
<gml:timePosition>2021-07-01</gml:timePosition>
</devDate>
<orgGILvl>25000</orgGILvl>
<vis>表示</vis>
<pos>
<gml:Point gml:id="K2_4688112078_1-g" srsName="fguuid:jgd2011.bl">
<gml:pos>33.557267222 130.232457222</gml:pos>
</gml:Point>
</pos>
<type>標高点（測点）</type>
<alti>14</alti>
</ElevPt>
<ElevPt gml:id="K2_4688412060_1">
<fid>46884-12060-i-102</fid>
<lfSpanFr gml:id="K2_4688412060_1-1">
<gml:timePosition>2021-02-26</gml:timePosition>
</lfSpanFr>
<devDate gml:id="K2_4688412060_1-2">
<gml:timePosition>2021-07-01</gml:timePosition>
</devDate>
<orgGILvl>25000</orgGILvl>
<vis>表示</vis>
<pos>
<gml:Point gml:id="K2_4688412060_1-g" srsName="fguuid:jgd2011.bl">
<gml:pos>33.501199167 130.237153889</gml:pos>
</gml:Point>
</pos>
<type>標高点（測点）</type>
<alti>465</alti>
</ElevPt>
<ElevPt gml:id="K2_4688412063_1">
<fid>46884-12063-i-328</fid>
<lfSpanFr gml:id="K2_4688412063_1-1">
<gml:timePosition>2021-02-26</gml:timePosition>
</lfSpanFr>
<devDate gml:id="K2_4688412063_1-2">
<gml:timePosition>2021-07-01</gml:timePosition>
</devDate>
<orgGILvl>25000</orgGILvl>
<vis>表示</vis>
<pos>
<gml:Point gml:id="K2_4688412063_1-g" srsName="fguuid:jgd2011.bl">
<gml:pos>33.511910278 130.235792778</gml:pos>
</gml:Point>
</pos>
<type>標高点（測点）</type>
<alti>252</alti>
</ElevPt>
<ElevPt gml:id="K2_4688412081_1">
<fid>46884-12081-i-1709</fid>
<lfSpanFr gml:id="K2_4688412081_1-1">
<gml:timePosition>2021-02-26</gml:timePosition>
</lfSpanFr>
<devDate gml:id="K2_4688412081_1-2">
<gml:timePosition>2021-07-01</gml:timePosition>
</devDate>
<orgGILvl>25000</orgGILvl>
<vis>表示</vis>
<pos>
<gml:Point gml:id="K2_4688412081_1-g" srsName="fguuid:jgd2011.bl">
<gml:pos>33.566233333 130.233394444</gml:pos>
</gml:Point>
</pos>
<type>標高点（測点）</type>
<alti>10</alti>
</ElevPt>
<ElevPt gml:id="K2_4688712060_1">
<fid>46887-12060-i-185</fid>
<lfSpanFr gml:id="K2_4688712060_1-1">
<gml:timePosition>2021-02-26</gml:timePosition>
</lfSpanFr>
<devDate gml:id="K2_4688712060_1-2">
<gml:timePosition>2021-07-01</gml:timePosition>
</devDate>
<orgGILvl>25000</orgGILvl>
<vis>表示</vis>
<pos>
<gml:Point gml:id="K2_4688712060_1-g" srsName="fguuid:jgd2011.bl">
<gml:pos>33.508036723 130.248392961</gml:pos>
</gml:Point>
</pos>
<type>標高点（測点）</type>
<alti>129</alti>
</ElevPt>
<ElevPt gml:id="K2_4688712069_1">
<fid>46887-12069-i-1454</fid>
<lfSpanFr gml:id="K2_4688712069_1-1">
<gml:timePosition>2021-02-26</gml:timePosition>
</lfSpanFr>
<devDate gml:id="K2_4688712069_1-2">
<gml:timePosition>2021-07-01</gml:timePosition>
</devDate>
<orgGILvl>25000</orgGILvl>
<vis>表示</vis>
<pos>
<gml:Point gml:id="K2_4688712069_1-g" srsName="fguuid:jgd2011.bl">
<gml:pos>33.533135000 130.243051766</gml:pos>
</gml:Point>
</pos>
<type>標高点（測点）</type>
<alti>51</alti>
</ElevPt>
<ElevPt gml:id="K2_4688712075_1">
<fid>46887-12075-i-1319</fid>
<lfSpanFr gml:id="K2_4688712075_1-1">
<gml:timePosition>2021-02-26</gml:timePosition>
</lfSpanFr>
<devDate gml:id="K2_4688712075_1-2">
<gml:timePosition>2021-07-01</gml:timePosition>
</devDate>
<orgGILvl>25000</orgGILvl>
<vis>表示</vis>
<pos>
<gml:Point gml:id="K2_4688712075_1-g" srsName="fguuid:jgd2011.bl">
<gml:pos>33.544239726 130.249986669</gml:pos>
</gml:Point>
</pos>
<type>標高点（測点）</type>
<alti>31</alti>
</ElevPt>
</Dataset>
