<?xml version="1.0" encoding="utf-8"?>
<Dataset xsi:schemaLocation="http://fgd.gsi.go.jp/spec/2008/FGD_GMLSchema FGD_GMLSchema.xsd"
	xmlns:gml="http://www.opengis.net/gml/3.2"
	xmlns:xsi="http://www.w3.org/2001/XMLSchema-instance"
	xmlns:xlink="http://www.w3.org/1999/xlink"
	xmlns="http://fgd.gsi.go.jp/spec/2008/FGD_GMLSchema"
	gml:id="Dataset1">
  <gml:description>基盤地図情報メタデータ ID=fmdid:21-0701</gml:description>
  <gml:name>基盤地図情報ダウンロードデータ（GML版）</gml:name>
<AdmPt gml:id="K6_4687212075_1">
<fid>46872-12075-i-1568</fid>
<lfSpanFr gml:id="K6_4687212075_1-1">
<gml:timePosition>2021-02-26</gml:timePosition>
</lfSpanFr>
<devDate gml:id="K6_4687212075_1-2">
<gml:timePosition>2021-07-01</gml:timePosition>
</devDate>
<orgGILvl>25000</orgGILvl>
<vis>非表示</vis>
<pos>
<gml:Point gml:id="K6_4687212075_1-g" srsName="fguuid:jgd2011.bl">
<gml:pos>33.544930250 130.204602328</gml:pos>
</gml:Point>
</pos>
<type>郡市・東京都の区</type>
<name>糸島市</name>
<admCode>40230</admCode>
</AdmPt>
<AdmPt gml:id="K6_4688712084_1">
<fid>46887-12084-i-5781</fid>
<lfSpanFr gml:id="K6_4688712084_1-1">
<gml:timePosition>2021-02-26</gml:timePosition>
</lfSpanFr>
<devDate gml:id="K6_4688712084_1-2">
<gml:timePosition>2021-07-01</gml:timePosition>
</devDate>
<orgGILvl>25000</orgGILvl>
<vis>非表示</vis>
<pos>
<gml:Point gml:id="K6_4688712084_1-g" srsName="fguuid:jgd2011.bl">
<gml:pos>33.567231705 130.244368088</gml:pos>
</gml:Point>
</pos>
<type>町村・指定都市の区</type>
<name>福岡市西区</name>
<admCode>40135</admCode>
</AdmPt>
</Dataset>
