<?xml version="1.0" encoding="utf-8"?>
<Dataset xsi:schemaLocation="http://fgd.gsi.go.jp/spec/2008/FGD_GMLSchema FGD_GMLSchema.xsd"
	xmlns:gml="http://www.opengis.net/gml/3.2"
	xmlns:xsi="http://www.w3.org/2001/XMLSchema-instance"
	xmlns:xlink="http://www.w3.org/1999/xlink"
	xmlns="http://fgd.gsi.go.jp/spec/2008/FGD_GMLSchema"
	gml:id="Dataset1">
  <gml:description>基盤地図情報メタデータ ID=fmdid:21-0401</gml:description>
  <gml:name>基盤地図情報ダウンロードデータ（GML版）</gml:name>
<ElevPt gml:id="K2_4729511700_1">
<fid>47295-11700-i-4</fid>
<lfSpanFr gml:id="K2_4729511700_1-1">
<gml:timePosition>2013-12-10</gml:timePosition>
</lfSpanFr>
<devDate gml:id="K2_4729511700_1-2">
<gml:timePosition>2021-03-09</gml:timePosition>
</devDate>
<orgGILvl>25000</orgGILvl>
<vis>表示</vis>
<pos>
<gml:Point gml:id="K2_4729511700_1-g" srsName="fguuid:jgd2011.bl">
<gml:pos>32.506700000 131.378399722</gml:pos>
</gml:Point>
</pos>
<type>標高点（測点）</type>
<alti>475</alti>
</ElevPt>
<ElevPt gml:id="K2_4729511706_1">
<fid>47295-11706-i-63</fid>
<lfSpanFr gml:id="K2_4729511706_1-1">
<gml:timePosition>2020-12-11</gml:timePosition>
</lfSpanFr>
<devDate gml:id="K2_4729511706_1-2">
<gml:timePosition>2021-03-09</gml:timePosition>
</devDate>
<orgGILvl>25000</orgGILvl>
<vis>表示</vis>
<pos>
<gml:Point gml:id="K2_4729511706_1-g" srsName="fguuid:jgd2011.bl">
<gml:pos>32.522995556 131.381715278</gml:pos>
</gml:Point>
</pos>
<type>標高点（測点）</type>
<alti>353</alti>
</ElevPt>
<ElevPt gml:id="K2_4729511706_2">
<fid>47295-11706-i-64</fid>
<lfSpanFr gml:id="K2_4729511706_2-1">
<gml:timePosition>2020-12-11</gml:timePosition>
</lfSpanFr>
<devDate gml:id="K2_4729511706_2-2">
<gml:timePosition>2021-03-09</gml:timePosition>
</devDate>
<orgGILvl>25000</orgGILvl>
<vis>表示</vis>
<pos>
<gml:Point gml:id="K2_4729511706_2-g" srsName="fguuid:jgd2011.bl">
<gml:pos>32.518013889 131.377013333</gml:pos>
</gml:Point>
</pos>
<type>標高点（測点）</type>
<alti>384</alti>
</ElevPt>
<ElevPt gml:id="K2_4729511712_1">
<fid>47295-11712-i-6</fid>
<lfSpanFr gml:id="K2_4729511712_1-1">
<gml:timePosition>2013-12-10</gml:timePosition>
</lfSpanFr>
<devDate gml:id="K2_4729511712_1-2">
<gml:timePosition>2021-03-09</gml:timePosition>
</devDate>
<orgGILvl>25000</orgGILvl>
<vis>表示</vis>
<pos>
<gml:Point gml:id="K2_4729511712_1-g" srsName="fguuid:jgd2011.bl">
<gml:pos>32.541149722 131.375897778</gml:pos>
</gml:Point>
</pos>
<type>標高点（測点）</type>
<alti>881</alti>
</ElevPt>
<ElevPt gml:id="K2_4729511718_1">
<fid>47295-11718-i-6</fid>
<lfSpanFr gml:id="K2_4729511718_1-1">
<gml:timePosition>2013-12-10</gml:timePosition>
</lfSpanFr>
<devDate gml:id="K2_4729511718_1-2">
<gml:timePosition>2021-03-09</gml:timePosition>
</devDate>
<orgGILvl>25000</orgGILvl>
<vis>表示</vis>
<pos>
<gml:Point gml:id="K2_4729511718_1-g" srsName="fguuid:jgd2011.bl">
<gml:pos>32.558273333 131.375642778</gml:pos>
</gml:Point>
</pos>
<type>標高点（測点）</type>
<alti>833</alti>
</ElevPt>
<ElevPt gml:id="K2_4729511721_1">
<fid>47295-11721-i-26</fid>
<lfSpanFr gml:id="K2_4729511721_1-1">
<gml:timePosition>2013-12-10</gml:timePosition>
</lfSpanFr>
<devDate gml:id="K2_4729511721_1-2">
<gml:timePosition>2021-03-09</gml:timePosition>
</devDate>
<orgGILvl>25000</orgGILvl>
<vis>表示</vis>
<pos>
<gml:Point gml:id="K2_4729511721_1-g" srsName="fguuid:jgd2011.bl">
<gml:pos>32.561083056 131.381341944</gml:pos>
</gml:Point>
</pos>
<type>標高点（測点）</type>
<alti>1026</alti>
</ElevPt>
<ElevPt gml:id="K2_4729511727_1">
<fid>47295-11727-i-75</fid>
<lfSpanFr gml:id="K2_4729511727_1-1">
<gml:timePosition>2020-12-11</gml:timePosition>
</lfSpanFr>
<devDate gml:id="K2_4729511727_1-2">
<gml:timePosition>2021-03-09</gml:timePosition>
</devDate>
<orgGILvl>25000</orgGILvl>
<vis>表示</vis>
<pos>
<gml:Point gml:id="K2_4729511727_1-g" srsName="fguuid:jgd2011.bl">
<gml:pos>32.579129444 131.375881111</gml:pos>
</gml:Point>
</pos>
<type>標高点（測点）</type>
<alti>734</alti>
</ElevPt>
<ElevPt gml:id="K2_4729811715_1">
<fid>47298-11715-i-13</fid>
<lfSpanFr gml:id="K2_4729811715_1-1">
<gml:timePosition>2020-12-11</gml:timePosition>
</lfSpanFr>
<devDate gml:id="K2_4729811715_1-2">
<gml:timePosition>2021-03-09</gml:timePosition>
</devDate>
<orgGILvl>25000</orgGILvl>
<vis>表示</vis>
<pos>
<gml:Point gml:id="K2_4729811715_1-g" srsName="fguuid:jgd2011.bl">
<gml:pos>32.547499722 131.385557778</gml:pos>
</gml:Point>
</pos>
<type>標高点（測点）</type>
<alti>671</alti>
</ElevPt>
<ElevPt gml:id="K2_4729811721_1">
<fid>47298-11721-i-7</fid>
<lfSpanFr gml:id="K2_4729811721_1-1">
<gml:timePosition>2013-12-10</gml:timePosition>
</lfSpanFr>
<devDate gml:id="K2_4729811721_1-2">
<gml:timePosition>2021-03-09</gml:timePosition>
</devDate>
<orgGILvl>25000</orgGILvl>
<vis>表示</vis>
<pos>
<gml:Point gml:id="K2_4729811721_1-g" srsName="fguuid:jgd2011.bl">
<gml:pos>32.564815278 131.386458333</gml:pos>
</gml:Point>
</pos>
<type>標高点（測点）</type>
<alti>903</alti>
</ElevPt>
<ElevPt gml:id="K2_4729811727_1">
<fid>47298-11727-i-9</fid>
<lfSpanFr gml:id="K2_4729811727_1-1">
<gml:timePosition>2013-12-10</gml:timePosition>
</lfSpanFr>
<devDate gml:id="K2_4729811727_1-2">
<gml:timePosition>2021-03-09</gml:timePosition>
</devDate>
<orgGILvl>25000</orgGILvl>
<vis>表示</vis>
<pos>
<gml:Point gml:id="K2_4729811727_1-g" srsName="fguuid:jgd2011.bl">
<gml:pos>32.577231944 131.387350833</gml:pos>
</gml:Point>
</pos>
<type>標高点（測点）</type>
<alti>545</alti>
</ElevPt>
<ElevPt gml:id="K2_4730111709_1">
<fid>47301-11709-i-12</fid>
<lfSpanFr gml:id="K2_4730111709_1-1">
<gml:timePosition>2013-12-10</gml:timePosition>
</lfSpanFr>
<devDate gml:id="K2_4730111709_1-2">
<gml:timePosition>2021-03-09</gml:timePosition>
</devDate>
<orgGILvl>25000</orgGILvl>
<vis>表示</vis>
<pos>
<gml:Point gml:id="K2_4730111709_1-g" srsName="fguuid:jgd2011.bl">
<gml:pos>32.525481667 131.397236944</gml:pos>
</gml:Point>
</pos>
<type>標高点（測点）</type>
<alti>711</alti>
</ElevPt>
<ElevPt gml:id="K2_4730111709_2">
<fid>47301-11709-i-13</fid>
<lfSpanFr gml:id="K2_4730111709_2-1">
<gml:timePosition>2013-12-10</gml:timePosition>
</lfSpanFr>
<devDate gml:id="K2_4730111709_2-2">
<gml:timePosition>2021-03-09</gml:timePosition>
</devDate>
<orgGILvl>25000</orgGILvl>
<vis>表示</vis>
<pos>
<gml:Point gml:id="K2_4730111709_2-g" srsName="fguuid:jgd2011.bl">
<gml:pos>32.531051944 131.393460833</gml:pos>
</gml:Point>
</pos>
<type>標高点（測点）</type>
<alti>756</alti>
</ElevPt>
<ElevPt gml:id="K2_4730111712_1">
<fid>47301-11712-i-3</fid>
<lfSpanFr gml:id="K2_4730111712_1-1">
<gml:timePosition>2013-12-10</gml:timePosition>
</lfSpanFr>
<devDate gml:id="K2_4730111712_1-2">
<gml:timePosition>2021-03-09</gml:timePosition>
</devDate>
<orgGILvl>25000</orgGILvl>
<vis>表示</vis>
<pos>
<gml:Point gml:id="K2_4730111712_1-g" srsName="fguuid:jgd2011.bl">
<gml:pos>32.535207222 131.398585278</gml:pos>
</gml:Point>
</pos>
<type>標高点（測点）</type>
<alti>492</alti>
</ElevPt>
<ElevPt gml:id="K2_4730111715_1">
<fid>47301-11715-i-14</fid>
<lfSpanFr gml:id="K2_4730111715_1-1">
<gml:timePosition>2020-12-11</gml:timePosition>
</lfSpanFr>
<devDate gml:id="K2_4730111715_1-2">
<gml:timePosition>2021-03-09</gml:timePosition>
</devDate>
<orgGILvl>25000</orgGILvl>
<vis>表示</vis>
<pos>
<gml:Point gml:id="K2_4730111715_1-g" srsName="fguuid:jgd2011.bl">
<gml:pos>32.546459444 131.393848889</gml:pos>
</gml:Point>
</pos>
<type>標高点（測点）</type>
<alti>777</alti>
</ElevPt>
<ElevPt gml:id="K2_4730111727_1">
<fid>47301-11727-i-29</fid>
<lfSpanFr gml:id="K2_4730111727_1-1">
<gml:timePosition>2020-12-11</gml:timePosition>
</lfSpanFr>
<devDate gml:id="K2_4730111727_1-2">
<gml:timePosition>2021-03-09</gml:timePosition>
</devDate>
<orgGILvl>25000</orgGILvl>
<vis>表示</vis>
<pos>
<gml:Point gml:id="K2_4730111727_1-g" srsName="fguuid:jgd2011.bl">
<gml:pos>32.575877500 131.397471389</gml:pos>
</gml:Point>
</pos>
<type>標高点（測点）</type>
<alti>805</alti>
</ElevPt>
<ElevPt gml:id="K2_4730411700_1">
<fid>47304-11700-i-32</fid>
<lfSpanFr gml:id="K2_4730411700_1-1">
<gml:timePosition>2020-12-11</gml:timePosition>
</lfSpanFr>
<devDate gml:id="K2_4730411700_1-2">
<gml:timePosition>2021-03-09</gml:timePosition>
</devDate>
<orgGILvl>25000</orgGILvl>
<vis>表示</vis>
<pos>
<gml:Point gml:id="K2_4730411700_1-g" srsName="fguuid:jgd2011.bl">
<gml:pos>32.500261944 131.402845833</gml:pos>
</gml:Point>
</pos>
<type>標高点（測点）</type>
<alti>603</alti>
</ElevPt>
<ElevPt gml:id="K2_4730411706_1">
<fid>47304-11706-i-1</fid>
<lfSpanFr gml:id="K2_4730411706_1-1">
<gml:timePosition>2013-12-10</gml:timePosition>
</lfSpanFr>
<devDate gml:id="K2_4730411706_1-2">
<gml:timePosition>2021-03-09</gml:timePosition>
</devDate>
<orgGILvl>25000</orgGILvl>
<vis>表示</vis>
<pos>
<gml:Point gml:id="K2_4730411706_1-g" srsName="fguuid:jgd2011.bl">
<gml:pos>32.520430833 131.404723333</gml:pos>
</gml:Point>
</pos>
<type>標高点（測点）</type>
<alti>600</alti>
</ElevPt>
<ElevPt gml:id="K2_4730411709_1">
<fid>47304-11709-i-1</fid>
<lfSpanFr gml:id="K2_4730411709_1-1">
<gml:timePosition>2013-12-10</gml:timePosition>
</lfSpanFr>
<devDate gml:id="K2_4730411709_1-2">
<gml:timePosition>2021-03-09</gml:timePosition>
</devDate>
<orgGILvl>25000</orgGILvl>
<vis>表示</vis>
<pos>
<gml:Point gml:id="K2_4730411709_1-g" srsName="fguuid:jgd2011.bl">
<gml:pos>32.531309722 131.403897778</gml:pos>
</gml:Point>
</pos>
<type>標高点（測点）</type>
<alti>502</alti>
</ElevPt>
<ElevPt gml:id="K2_4730411718_1">
<fid>47304-11718-i-1</fid>
<lfSpanFr gml:id="K2_4730411718_1-1">
<gml:timePosition>2013-12-10</gml:timePosition>
</lfSpanFr>
<devDate gml:id="K2_4730411718_1-2">
<gml:timePosition>2021-03-09</gml:timePosition>
</devDate>
<orgGILvl>25000</orgGILvl>
<vis>表示</vis>
<pos>
<gml:Point gml:id="K2_4730411718_1-g" srsName="fguuid:jgd2011.bl">
<gml:pos>32.555067222 131.407502222</gml:pos>
</gml:Point>
</pos>
<type>標高点（測点）</type>
<alti>850</alti>
</ElevPt>
<ElevPt gml:id="K2_4730411718_2">
<fid>47304-11718-i-2</fid>
<lfSpanFr gml:id="K2_4730411718_2-1">
<gml:timePosition>2013-12-10</gml:timePosition>
</lfSpanFr>
<devDate gml:id="K2_4730411718_2-2">
<gml:timePosition>2021-03-09</gml:timePosition>
</devDate>
<orgGILvl>25000</orgGILvl>
<vis>表示</vis>
<pos>
<gml:Point gml:id="K2_4730411718_2-g" srsName="fguuid:jgd2011.bl">
<gml:pos>32.557721389 131.400829444</gml:pos>
</gml:Point>
</pos>
<type>標高点（測点）</type>
<alti>715</alti>
</ElevPt>
<ElevPt gml:id="K2_4730411721_1">
<fid>47304-11721-i-6</fid>
<lfSpanFr gml:id="K2_4730411721_1-1">
<gml:timePosition>2013-12-10</gml:timePosition>
</lfSpanFr>
<devDate gml:id="K2_4730411721_1-2">
<gml:timePosition>2021-03-09</gml:timePosition>
</devDate>
<orgGILvl>25000</orgGILvl>
<vis>表示</vis>
<pos>
<gml:Point gml:id="K2_4730411721_1-g" srsName="fguuid:jgd2011.bl">
<gml:pos>32.563915278 131.406230000</gml:pos>
</gml:Point>
</pos>
<type>標高点（測点）</type>
<alti>866</alti>
</ElevPt>
<ElevPt gml:id="K2_4730411727_1">
<fid>47304-11727-i-57</fid>
<lfSpanFr gml:id="K2_4730411727_1-1">
<gml:timePosition>2020-12-11</gml:timePosition>
</lfSpanFr>
<devDate gml:id="K2_4730411727_1-2">
<gml:timePosition>2021-03-09</gml:timePosition>
</devDate>
<orgGILvl>25000</orgGILvl>
<vis>表示</vis>
<pos>
<gml:Point gml:id="K2_4730411727_1-g" srsName="fguuid:jgd2011.bl">
<gml:pos>32.583193333 131.408324167</gml:pos>
</gml:Point>
</pos>
<type>標高点（測点）</type>
<alti>473</alti>
</ElevPt>
<ElevPt gml:id="K2_4730411727_2">
<fid>47304-11727-i-58</fid>
<lfSpanFr gml:id="K2_4730411727_2-1">
<gml:timePosition>2020-12-11</gml:timePosition>
</lfSpanFr>
<devDate gml:id="K2_4730411727_2-2">
<gml:timePosition>2021-03-09</gml:timePosition>
</devDate>
<orgGILvl>25000</orgGILvl>
<vis>表示</vis>
<pos>
<gml:Point gml:id="K2_4730411727_2-g" srsName="fguuid:jgd2011.bl">
<gml:pos>32.576911389 131.404727222</gml:pos>
</gml:Point>
</pos>
<type>標高点（測点）</type>
<alti>409</alti>
</ElevPt>
<ElevPt gml:id="K2_4730711700_1">
<fid>47307-11700-i-11</fid>
<lfSpanFr gml:id="K2_4730711700_1-1">
<gml:timePosition>2020-12-11</gml:timePosition>
</lfSpanFr>
<devDate gml:id="K2_4730711700_1-2">
<gml:timePosition>2021-03-09</gml:timePosition>
</devDate>
<orgGILvl>25000</orgGILvl>
<vis>表示</vis>
<pos>
<gml:Point gml:id="K2_4730711700_1-g" srsName="fguuid:jgd2011.bl">
<gml:pos>32.507516667 131.414946667</gml:pos>
</gml:Point>
</pos>
<type>標高点（測点）</type>
<alti>556</alti>
</ElevPt>
<ElevPt gml:id="K2_4730711712_1">
<fid>47307-11712-i-3</fid>
<lfSpanFr gml:id="K2_4730711712_1-1">
<gml:timePosition>2013-12-10</gml:timePosition>
</lfSpanFr>
<devDate gml:id="K2_4730711712_1-2">
<gml:timePosition>2021-03-09</gml:timePosition>
</devDate>
<orgGILvl>25000</orgGILvl>
<vis>表示</vis>
<pos>
<gml:Point gml:id="K2_4730711712_1-g" srsName="fguuid:jgd2011.bl">
<gml:pos>32.536726667 131.410219167</gml:pos>
</gml:Point>
</pos>
<type>標高点（測点）</type>
<alti>444</alti>
</ElevPt>
<ElevPt gml:id="K2_4730711724_1">
<fid>47307-11724-i-2</fid>
<lfSpanFr gml:id="K2_4730711724_1-1">
<gml:timePosition>2013-12-10</gml:timePosition>
</lfSpanFr>
<devDate gml:id="K2_4730711724_1-2">
<gml:timePosition>2021-03-09</gml:timePosition>
</devDate>
<orgGILvl>25000</orgGILvl>
<vis>表示</vis>
<pos>
<gml:Point gml:id="K2_4730711724_1-g" srsName="fguuid:jgd2011.bl">
<gml:pos>32.572259167 131.411672500</gml:pos>
</gml:Point>
</pos>
<type>標高点（測点）</type>
<alti>695</alti>
</ElevPt>
<ElevPt gml:id="K2_4731011700_1">
<fid>47310-11700-i-6</fid>
<lfSpanFr gml:id="K2_4731011700_1-1">
<gml:timePosition>2013-12-10</gml:timePosition>
</lfSpanFr>
<devDate gml:id="K2_4731011700_1-2">
<gml:timePosition>2021-03-09</gml:timePosition>
</devDate>
<orgGILvl>25000</orgGILvl>
<vis>表示</vis>
<pos>
<gml:Point gml:id="K2_4731011700_1-g" srsName="fguuid:jgd2011.bl">
<gml:pos>32.501675000 131.418817222</gml:pos>
</gml:Point>
</pos>
<type>標高点（測点）</type>
<alti>591</alti>
</ElevPt>
<ElevPt gml:id="K2_4731011703_1">
<fid>47310-11703-i-31</fid>
<lfSpanFr gml:id="K2_4731011703_1-1">
<gml:timePosition>2020-12-11</gml:timePosition>
</lfSpanFr>
<devDate gml:id="K2_4731011703_1-2">
<gml:timePosition>2021-03-09</gml:timePosition>
</devDate>
<orgGILvl>25000</orgGILvl>
<vis>表示</vis>
<pos>
<gml:Point gml:id="K2_4731011703_1-g" srsName="fguuid:jgd2011.bl">
<gml:pos>32.516259444 131.424763056</gml:pos>
</gml:Point>
</pos>
<type>標高点（測点）</type>
<alti>312</alti>
</ElevPt>
<ElevPt gml:id="K2_4731011706_1">
<fid>47310-11706-i-36</fid>
<lfSpanFr gml:id="K2_4731011706_1-1">
<gml:timePosition>2020-12-11</gml:timePosition>
</lfSpanFr>
<devDate gml:id="K2_4731011706_1-2">
<gml:timePosition>2021-03-09</gml:timePosition>
</devDate>
<orgGILvl>25000</orgGILvl>
<vis>表示</vis>
<pos>
<gml:Point gml:id="K2_4731011706_1-g" srsName="fguuid:jgd2011.bl">
<gml:pos>32.523086111 131.424618333</gml:pos>
</gml:Point>
</pos>
<type>標高点（測点）</type>
<alti>272</alti>
</ElevPt>
<ElevPt gml:id="K2_4731011709_1">
<fid>47310-11709-i-28</fid>
<lfSpanFr gml:id="K2_4731011709_1-1">
<gml:timePosition>2020-12-11</gml:timePosition>
</lfSpanFr>
<devDate gml:id="K2_4731011709_1-2">
<gml:timePosition>2021-03-09</gml:timePosition>
</devDate>
<orgGILvl>25000</orgGILvl>
<vis>表示</vis>
<pos>
<gml:Point gml:id="K2_4731011709_1-g" srsName="fguuid:jgd2011.bl">
<gml:pos>32.529401667 131.422146111</gml:pos>
</gml:Point>
</pos>
<type>標高点（測点）</type>
<alti>455</alti>
</ElevPt>
<ElevPt gml:id="K2_4731011712_1">
<fid>47310-11712-i-1</fid>
<lfSpanFr gml:id="K2_4731011712_1-1">
<gml:timePosition>2013-12-10</gml:timePosition>
</lfSpanFr>
<devDate gml:id="K2_4731011712_1-2">
<gml:timePosition>2021-03-09</gml:timePosition>
</devDate>
<orgGILvl>25000</orgGILvl>
<vis>表示</vis>
<pos>
<gml:Point gml:id="K2_4731011712_1-g" srsName="fguuid:jgd2011.bl">
<gml:pos>32.536819167 131.418333333</gml:pos>
</gml:Point>
</pos>
<type>標高点（測点）</type>
<alti>516</alti>
</ElevPt>
<ElevPt gml:id="K2_4731011715_1">
<fid>47310-11715-i-35</fid>
<lfSpanFr gml:id="K2_4731011715_1-1">
<gml:timePosition>2020-12-11</gml:timePosition>
</lfSpanFr>
<devDate gml:id="K2_4731011715_1-2">
<gml:timePosition>2021-03-09</gml:timePosition>
</devDate>
<orgGILvl>25000</orgGILvl>
<vis>表示</vis>
<pos>
<gml:Point gml:id="K2_4731011715_1-g" srsName="fguuid:jgd2011.bl">
<gml:pos>32.549335000 131.423867500</gml:pos>
</gml:Point>
</pos>
<type>標高点（測点）</type>
<alti>500</alti>
</ElevPt>
<ElevPt gml:id="K2_4731011721_1">
<fid>47310-11721-i-8</fid>
<lfSpanFr gml:id="K2_4731011721_1-1">
<gml:timePosition>2013-12-10</gml:timePosition>
</lfSpanFr>
<devDate gml:id="K2_4731011721_1-2">
<gml:timePosition>2021-03-09</gml:timePosition>
</devDate>
<orgGILvl>25000</orgGILvl>
<vis>表示</vis>
<pos>
<gml:Point gml:id="K2_4731011721_1-g" srsName="fguuid:jgd2011.bl">
<gml:pos>32.566598333 131.417460833</gml:pos>
</gml:Point>
</pos>
<type>標高点（測点）</type>
<alti>933</alti>
</ElevPt>
<ElevPt gml:id="K2_4731011727_1">
<fid>47310-11727-i-1</fid>
<lfSpanFr gml:id="K2_4731011727_1-1">
<gml:timePosition>2013-12-10</gml:timePosition>
</lfSpanFr>
<devDate gml:id="K2_4731011727_1-2">
<gml:timePosition>2021-03-09</gml:timePosition>
</devDate>
<orgGILvl>25000</orgGILvl>
<vis>表示</vis>
<pos>
<gml:Point gml:id="K2_4731011727_1-g" srsName="fguuid:jgd2011.bl">
<gml:pos>32.579542778 131.421341944</gml:pos>
</gml:Point>
</pos>
<type>標高点（測点）</type>
<alti>781</alti>
</ElevPt>
<ElevPt gml:id="K2_4731011727_2">
<fid>47310-11727-i-2</fid>
<lfSpanFr gml:id="K2_4731011727_2-1">
<gml:timePosition>2013-12-10</gml:timePosition>
</lfSpanFr>
<devDate gml:id="K2_4731011727_2-2">
<gml:timePosition>2021-03-09</gml:timePosition>
</devDate>
<orgGILvl>25000</orgGILvl>
<vis>表示</vis>
<pos>
<gml:Point gml:id="K2_4731011727_2-g" srsName="fguuid:jgd2011.bl">
<gml:pos>32.575975556 131.424409722</gml:pos>
</gml:Point>
</pos>
<type>標高点（測点）</type>
<alti>848</alti>
</ElevPt>
<ElevPt gml:id="K2_4731311700_1">
<fid>47313-11700-i-1</fid>
<lfSpanFr gml:id="K2_4731311700_1-1">
<gml:timePosition>2013-12-10</gml:timePosition>
</lfSpanFr>
<devDate gml:id="K2_4731311700_1-2">
<gml:timePosition>2021-03-09</gml:timePosition>
</devDate>
<orgGILvl>25000</orgGILvl>
<vis>表示</vis>
<pos>
<gml:Point gml:id="K2_4731311700_1-g" srsName="fguuid:jgd2011.bl">
<gml:pos>32.505322222 131.432913889</gml:pos>
</gml:Point>
</pos>
<type>標高点（測点）</type>
<alti>275</alti>
</ElevPt>
<ElevPt gml:id="K2_4731311712_1">
<fid>47313-11712-i-54</fid>
<lfSpanFr gml:id="K2_4731311712_1-1">
<gml:timePosition>2020-12-11</gml:timePosition>
</lfSpanFr>
<devDate gml:id="K2_4731311712_1-2">
<gml:timePosition>2021-03-09</gml:timePosition>
</devDate>
<orgGILvl>25000</orgGILvl>
<vis>表示</vis>
<pos>
<gml:Point gml:id="K2_4731311712_1-g" srsName="fguuid:jgd2011.bl">
<gml:pos>32.537091667 131.429223333</gml:pos>
</gml:Point>
</pos>
<type>標高点（測点）</type>
<alti>442</alti>
</ElevPt>
<ElevPt gml:id="K2_4731311721_1">
<fid>47313-11721-i-10</fid>
<lfSpanFr gml:id="K2_4731311721_1-1">
<gml:timePosition>2013-12-10</gml:timePosition>
</lfSpanFr>
<devDate gml:id="K2_4731311721_1-2">
<gml:timePosition>2021-03-09</gml:timePosition>
</devDate>
<orgGILvl>25000</orgGILvl>
<vis>表示</vis>
<pos>
<gml:Point gml:id="K2_4731311721_1-g" srsName="fguuid:jgd2011.bl">
<gml:pos>32.564910278 131.432093056</gml:pos>
</gml:Point>
</pos>
<type>標高点（測点）</type>
<alti>763</alti>
</ElevPt>
<ElevPt gml:id="K2_4731311727_1">
<fid>47313-11727-i-1</fid>
<lfSpanFr gml:id="K2_4731311727_1-1">
<gml:timePosition>2013-12-10</gml:timePosition>
</lfSpanFr>
<devDate gml:id="K2_4731311727_1-2">
<gml:timePosition>2021-03-09</gml:timePosition>
</devDate>
<orgGILvl>25000</orgGILvl>
<vis>表示</vis>
<pos>
<gml:Point gml:id="K2_4731311727_1-g" srsName="fguuid:jgd2011.bl">
<gml:pos>32.582925833 131.430378333</gml:pos>
</gml:Point>
</pos>
<type>標高点（測点）</type>
<alti>688</alti>
</ElevPt>
<ElevPt gml:id="K2_4731611706_1">
<fid>47316-11706-i-19</fid>
<lfSpanFr gml:id="K2_4731611706_1-1">
<gml:timePosition>2020-12-11</gml:timePosition>
</lfSpanFr>
<devDate gml:id="K2_4731611706_1-2">
<gml:timePosition>2021-03-09</gml:timePosition>
</devDate>
<orgGILvl>25000</orgGILvl>
<vis>表示</vis>
<pos>
<gml:Point gml:id="K2_4731611706_1-g" srsName="fguuid:jgd2011.bl">
<gml:pos>32.518693889 131.438644444</gml:pos>
</gml:Point>
</pos>
<type>標高点（測点）</type>
<alti>433</alti>
</ElevPt>
<ElevPt gml:id="K2_4731611709_1">
<fid>47316-11709-i-30</fid>
<lfSpanFr gml:id="K2_4731611709_1-1">
<gml:timePosition>2020-12-11</gml:timePosition>
</lfSpanFr>
<devDate gml:id="K2_4731611709_1-2">
<gml:timePosition>2021-03-09</gml:timePosition>
</devDate>
<orgGILvl>25000</orgGILvl>
<vis>表示</vis>
<pos>
<gml:Point gml:id="K2_4731611709_1-g" srsName="fguuid:jgd2011.bl">
<gml:pos>32.529441667 131.440573889</gml:pos>
</gml:Point>
</pos>
<type>標高点（測点）</type>
<alti>520</alti>
</ElevPt>
<ElevPt gml:id="K2_4731611718_1">
<fid>47316-11718-i-10</fid>
<lfSpanFr gml:id="K2_4731611718_1-1">
<gml:timePosition>2013-12-10</gml:timePosition>
</lfSpanFr>
<devDate gml:id="K2_4731611718_1-2">
<gml:timePosition>2021-03-09</gml:timePosition>
</devDate>
<orgGILvl>25000</orgGILvl>
<vis>表示</vis>
<pos>
<gml:Point gml:id="K2_4731611718_1-g" srsName="fguuid:jgd2011.bl">
<gml:pos>32.555602500 131.438932778</gml:pos>
</gml:Point>
</pos>
<type>標高点（測点）</type>
<alti>845</alti>
</ElevPt>
<ElevPt gml:id="K2_4731611724_1">
<fid>47316-11724-i-5</fid>
<lfSpanFr gml:id="K2_4731611724_1-1">
<gml:timePosition>2013-12-10</gml:timePosition>
</lfSpanFr>
<devDate gml:id="K2_4731611724_1-2">
<gml:timePosition>2021-03-09</gml:timePosition>
</devDate>
<orgGILvl>25000</orgGILvl>
<vis>表示</vis>
<pos>
<gml:Point gml:id="K2_4731611724_1-g" srsName="fguuid:jgd2011.bl">
<gml:pos>32.567331944 131.437056389</gml:pos>
</gml:Point>
</pos>
<type>標高点（測点）</type>
<alti>747</alti>
</ElevPt>
<ElevPt gml:id="K2_4731611724_2">
<fid>47316-11724-i-6</fid>
<lfSpanFr gml:id="K2_4731611724_2-1">
<gml:timePosition>2013-12-10</gml:timePosition>
</lfSpanFr>
<devDate gml:id="K2_4731611724_2-2">
<gml:timePosition>2021-03-09</gml:timePosition>
</devDate>
<orgGILvl>25000</orgGILvl>
<vis>表示</vis>
<pos>
<gml:Point gml:id="K2_4731611724_2-g" srsName="fguuid:jgd2011.bl">
<gml:pos>32.570958889 131.435776111</gml:pos>
</gml:Point>
</pos>
<type>標高点（測点）</type>
<alti>663</alti>
</ElevPt>
<ElevPt gml:id="K2_4731611727_1">
<fid>47316-11727-i-3</fid>
<lfSpanFr gml:id="K2_4731611727_1-1">
<gml:timePosition>2013-12-10</gml:timePosition>
</lfSpanFr>
<devDate gml:id="K2_4731611727_1-2">
<gml:timePosition>2021-03-09</gml:timePosition>
</devDate>
<orgGILvl>25000</orgGILvl>
<vis>表示</vis>
<pos>
<gml:Point gml:id="K2_4731611727_1-g" srsName="fguuid:jgd2011.bl">
<gml:pos>32.578176667 131.435311111</gml:pos>
</gml:Point>
</pos>
<type>標高点（測点）</type>
<alti>724</alti>
</ElevPt>
<ElevPt gml:id="K2_4731911700_1">
<fid>47319-11700-i-100</fid>
<lfSpanFr gml:id="K2_4731911700_1-1">
<gml:timePosition>2020-12-11</gml:timePosition>
</lfSpanFr>
<devDate gml:id="K2_4731911700_1-2">
<gml:timePosition>2021-03-09</gml:timePosition>
</devDate>
<orgGILvl>25000</orgGILvl>
<vis>表示</vis>
<pos>
<gml:Point gml:id="K2_4731911700_1-g" srsName="fguuid:jgd2011.bl">
<gml:pos>32.500446667 131.443557500</gml:pos>
</gml:Point>
</pos>
<type>標高点（測点）</type>
<alti>141</alti>
</ElevPt>
<ElevPt gml:id="K2_4731911703_1">
<fid>47319-11703-i-4</fid>
<lfSpanFr gml:id="K2_4731911703_1-1">
<gml:timePosition>2013-12-10</gml:timePosition>
</lfSpanFr>
<devDate gml:id="K2_4731911703_1-2">
<gml:timePosition>2021-03-09</gml:timePosition>
</devDate>
<orgGILvl>25000</orgGILvl>
<vis>表示</vis>
<pos>
<gml:Point gml:id="K2_4731911703_1-g" srsName="fguuid:jgd2011.bl">
<gml:pos>32.510840000 131.448237778</gml:pos>
</gml:Point>
</pos>
<type>標高点（測点）</type>
<alti>307</alti>
</ElevPt>
<ElevPt gml:id="K2_4731911712_1">
<fid>47319-11712-i-37</fid>
<lfSpanFr gml:id="K2_4731911712_1-1">
<gml:timePosition>2020-12-11</gml:timePosition>
</lfSpanFr>
<devDate gml:id="K2_4731911712_1-2">
<gml:timePosition>2021-03-09</gml:timePosition>
</devDate>
<orgGILvl>25000</orgGILvl>
<vis>表示</vis>
<pos>
<gml:Point gml:id="K2_4731911712_1-g" srsName="fguuid:jgd2011.bl">
<gml:pos>32.540056389 131.446672500</gml:pos>
</gml:Point>
</pos>
<type>標高点（測点）</type>
<alti>460</alti>
</ElevPt>
<ElevPt gml:id="K2_4731911718_1">
<fid>47319-11718-i-17</fid>
<lfSpanFr gml:id="K2_4731911718_1-1">
<gml:timePosition>2013-12-10</gml:timePosition>
</lfSpanFr>
<devDate gml:id="K2_4731911718_1-2">
<gml:timePosition>2021-03-09</gml:timePosition>
</devDate>
<orgGILvl>25000</orgGILvl>
<vis>表示</vis>
<pos>
<gml:Point gml:id="K2_4731911718_1-g" srsName="fguuid:jgd2011.bl">
<gml:pos>32.551331111 131.448924167</gml:pos>
</gml:Point>
</pos>
<type>標高点（測点）</type>
<alti>429</alti>
</ElevPt>
<ElevPt gml:id="K2_4731911721_1">
<fid>47319-11721-i-6</fid>
<lfSpanFr gml:id="K2_4731911721_1-1">
<gml:timePosition>2013-12-10</gml:timePosition>
</lfSpanFr>
<devDate gml:id="K2_4731911721_1-2">
<gml:timePosition>2021-03-09</gml:timePosition>
</devDate>
<orgGILvl>25000</orgGILvl>
<vis>表示</vis>
<pos>
<gml:Point gml:id="K2_4731911721_1-g" srsName="fguuid:jgd2011.bl">
<gml:pos>32.565077222 131.443830833</gml:pos>
</gml:Point>
</pos>
<type>標高点（測点）</type>
<alti>653</alti>
</ElevPt>
<ElevPt gml:id="K2_4731911727_1">
<fid>47319-11727-i-64</fid>
<lfSpanFr gml:id="K2_4731911727_1-1">
<gml:timePosition>2020-12-11</gml:timePosition>
</lfSpanFr>
<devDate gml:id="K2_4731911727_1-2">
<gml:timePosition>2021-03-09</gml:timePosition>
</devDate>
<orgGILvl>25000</orgGILvl>
<vis>表示</vis>
<pos>
<gml:Point gml:id="K2_4731911727_1-g" srsName="fguuid:jgd2011.bl">
<gml:pos>32.577040556 131.443318611</gml:pos>
</gml:Point>
</pos>
<type>標高点（測点）</type>
<alti>459</alti>
</ElevPt>
<ElevPt gml:id="K2_4732211709_1">
<fid>47322-11709-i-2</fid>
<lfSpanFr gml:id="K2_4732211709_1-1">
<gml:timePosition>2013-12-10</gml:timePosition>
</lfSpanFr>
<devDate gml:id="K2_4732211709_1-2">
<gml:timePosition>2021-03-09</gml:timePosition>
</devDate>
<orgGILvl>25000</orgGILvl>
<vis>表示</vis>
<pos>
<gml:Point gml:id="K2_4732211709_1-g" srsName="fguuid:jgd2011.bl">
<gml:pos>32.526160556 131.457573889</gml:pos>
</gml:Point>
</pos>
<type>標高点（測点）</type>
<alti>283</alti>
</ElevPt>
<ElevPt gml:id="K2_4732211718_1">
<fid>47322-11718-i-12</fid>
<lfSpanFr gml:id="K2_4732211718_1-1">
<gml:timePosition>2013-12-10</gml:timePosition>
</lfSpanFr>
<devDate gml:id="K2_4732211718_1-2">
<gml:timePosition>2021-03-09</gml:timePosition>
</devDate>
<orgGILvl>25000</orgGILvl>
<vis>表示</vis>
<pos>
<gml:Point gml:id="K2_4732211718_1-g" srsName="fguuid:jgd2011.bl">
<gml:pos>32.557980833 131.451720556</gml:pos>
</gml:Point>
</pos>
<type>標高点（測点）</type>
<alti>830</alti>
</ElevPt>
<ElevPt gml:id="K2_4732211721_1">
<fid>47322-11721-i-5</fid>
<lfSpanFr gml:id="K2_4732211721_1-1">
<gml:timePosition>2013-12-10</gml:timePosition>
</lfSpanFr>
<devDate gml:id="K2_4732211721_1-2">
<gml:timePosition>2021-03-09</gml:timePosition>
</devDate>
<orgGILvl>25000</orgGILvl>
<vis>表示</vis>
<pos>
<gml:Point gml:id="K2_4732211721_1-g" srsName="fguuid:jgd2011.bl">
<gml:pos>32.566016944 131.451000000</gml:pos>
</gml:Point>
</pos>
<type>標高点（測点）</type>
<alti>577</alti>
</ElevPt>
<ElevPt gml:id="K2_4732211727_1">
<fid>47322-11727-i-129</fid>
<lfSpanFr gml:id="K2_4732211727_1-1">
<gml:timePosition>2020-12-11</gml:timePosition>
</lfSpanFr>
<devDate gml:id="K2_4732211727_1-2">
<gml:timePosition>2021-03-09</gml:timePosition>
</devDate>
<orgGILvl>25000</orgGILvl>
<vis>表示</vis>
<pos>
<gml:Point gml:id="K2_4732211727_1-g" srsName="fguuid:jgd2011.bl">
<gml:pos>32.576870833 131.453852222</gml:pos>
</gml:Point>
</pos>
<type>標高点（測点）</type>
<alti>444</alti>
</ElevPt>
<ElevPt gml:id="K2_4732511703_1">
<fid>47325-11703-i-2</fid>
<lfSpanFr gml:id="K2_4732511703_1-1">
<gml:timePosition>2013-12-10</gml:timePosition>
</lfSpanFr>
<devDate gml:id="K2_4732511703_1-2">
<gml:timePosition>2021-03-09</gml:timePosition>
</devDate>
<orgGILvl>25000</orgGILvl>
<vis>表示</vis>
<pos>
<gml:Point gml:id="K2_4732511703_1-g" srsName="fguuid:jgd2011.bl">
<gml:pos>32.514416944 131.460181944</gml:pos>
</gml:Point>
</pos>
<type>標高点（測点）</type>
<alti>215</alti>
</ElevPt>
<ElevPt gml:id="K2_4732511706_1">
<fid>47325-11706-i-4</fid>
<lfSpanFr gml:id="K2_4732511706_1-1">
<gml:timePosition>2013-12-10</gml:timePosition>
</lfSpanFr>
<devDate gml:id="K2_4732511706_1-2">
<gml:timePosition>2021-03-09</gml:timePosition>
</devDate>
<orgGILvl>25000</orgGILvl>
<vis>表示</vis>
<pos>
<gml:Point gml:id="K2_4732511706_1-g" srsName="fguuid:jgd2011.bl">
<gml:pos>32.520200556 131.465906667</gml:pos>
</gml:Point>
</pos>
<type>標高点（測点）</type>
<alti>227</alti>
</ElevPt>
<ElevPt gml:id="K2_4732511712_1">
<fid>47325-11712-i-6</fid>
<lfSpanFr gml:id="K2_4732511712_1-1">
<gml:timePosition>2013-12-10</gml:timePosition>
</lfSpanFr>
<devDate gml:id="K2_4732511712_1-2">
<gml:timePosition>2021-03-09</gml:timePosition>
</devDate>
<orgGILvl>25000</orgGILvl>
<vis>表示</vis>
<pos>
<gml:Point gml:id="K2_4732511712_1-g" srsName="fguuid:jgd2011.bl">
<gml:pos>32.539118333 131.459973333</gml:pos>
</gml:Point>
</pos>
<type>標高点（測点）</type>
<alti>303</alti>
</ElevPt>
<ElevPt gml:id="K2_4732511715_1">
<fid>47325-11715-i-10</fid>
<lfSpanFr gml:id="K2_4732511715_1-1">
<gml:timePosition>2013-12-10</gml:timePosition>
</lfSpanFr>
<devDate gml:id="K2_4732511715_1-2">
<gml:timePosition>2021-03-09</gml:timePosition>
</devDate>
<orgGILvl>25000</orgGILvl>
<vis>表示</vis>
<pos>
<gml:Point gml:id="K2_4732511715_1-g" srsName="fguuid:jgd2011.bl">
<gml:pos>32.542222778 131.466267778</gml:pos>
</gml:Point>
</pos>
<type>標高点（測点）</type>
<alti>338</alti>
</ElevPt>
<ElevPt gml:id="K2_4732511718_1">
<fid>47325-11718-i-13</fid>
<lfSpanFr gml:id="K2_4732511718_1-1">
<gml:timePosition>2013-12-10</gml:timePosition>
</lfSpanFr>
<devDate gml:id="K2_4732511718_1-2">
<gml:timePosition>2021-03-09</gml:timePosition>
</devDate>
<orgGILvl>25000</orgGILvl>
<vis>表示</vis>
<pos>
<gml:Point gml:id="K2_4732511718_1-g" srsName="fguuid:jgd2011.bl">
<gml:pos>32.551541111 131.462195000</gml:pos>
</gml:Point>
</pos>
<type>標高点（測点）</type>
<alti>618</alti>
</ElevPt>
<ElevPt gml:id="K2_4732511724_1">
<fid>47325-11724-i-3</fid>
<lfSpanFr gml:id="K2_4732511724_1-1">
<gml:timePosition>2013-12-10</gml:timePosition>
</lfSpanFr>
<devDate gml:id="K2_4732511724_1-2">
<gml:timePosition>2021-03-09</gml:timePosition>
</devDate>
<orgGILvl>25000</orgGILvl>
<vis>表示</vis>
<pos>
<gml:Point gml:id="K2_4732511724_1-g" srsName="fguuid:jgd2011.bl">
<gml:pos>32.570207778 131.461426944</gml:pos>
</gml:Point>
</pos>
<type>標高点（測点）</type>
<alti>771</alti>
</ElevPt>
<ElevPt gml:id="K2_4732511724_2">
<fid>47325-11724-i-4</fid>
<lfSpanFr gml:id="K2_4732511724_2-1">
<gml:timePosition>2013-12-10</gml:timePosition>
</lfSpanFr>
<devDate gml:id="K2_4732511724_2-2">
<gml:timePosition>2021-03-09</gml:timePosition>
</devDate>
<orgGILvl>25000</orgGILvl>
<vis>表示</vis>
<pos>
<gml:Point gml:id="K2_4732511724_2-g" srsName="fguuid:jgd2011.bl">
<gml:pos>32.574127222 131.460205556</gml:pos>
</gml:Point>
</pos>
<type>標高点（測点）</type>
<alti>682</alti>
</ElevPt>
<ElevPt gml:id="K2_4732511727_1">
<fid>47325-11727-i-2</fid>
<lfSpanFr gml:id="K2_4732511727_1-1">
<gml:timePosition>2013-12-10</gml:timePosition>
</lfSpanFr>
<devDate gml:id="K2_4732511727_1-2">
<gml:timePosition>2021-03-09</gml:timePosition>
</devDate>
<orgGILvl>25000</orgGILvl>
<vis>表示</vis>
<pos>
<gml:Point gml:id="K2_4732511727_1-g" srsName="fguuid:jgd2011.bl">
<gml:pos>32.581562500 131.459413889</gml:pos>
</gml:Point>
</pos>
<type>標高点（測点）</type>
<alti>438</alti>
</ElevPt>
<ElevPt gml:id="K2_4732811703_1">
<fid>47328-11703-i-36</fid>
<lfSpanFr gml:id="K2_4732811703_1-1">
<gml:timePosition>2020-12-11</gml:timePosition>
</lfSpanFr>
<devDate gml:id="K2_4732811703_1-2">
<gml:timePosition>2021-03-09</gml:timePosition>
</devDate>
<orgGILvl>25000</orgGILvl>
<vis>表示</vis>
<pos>
<gml:Point gml:id="K2_4732811703_1-g" srsName="fguuid:jgd2011.bl">
<gml:pos>32.512096944 131.469068056</gml:pos>
</gml:Point>
</pos>
<type>標高点（測点）</type>
<alti>199</alti>
</ElevPt>
<ElevPt gml:id="K2_4732811718_1">
<fid>47328-11718-i-1</fid>
<lfSpanFr gml:id="K2_4732811718_1-1">
<gml:timePosition>2013-12-10</gml:timePosition>
</lfSpanFr>
<devDate gml:id="K2_4732811718_1-2">
<gml:timePosition>2021-03-09</gml:timePosition>
</devDate>
<orgGILvl>25000</orgGILvl>
<vis>表示</vis>
<pos>
<gml:Point gml:id="K2_4732811718_1-g" srsName="fguuid:jgd2011.bl">
<gml:pos>32.555889167 131.469453889</gml:pos>
</gml:Point>
</pos>
<type>標高点（測点）</type>
<alti>647</alti>
</ElevPt>
<ElevPt gml:id="K2_4732811721_1">
<fid>47328-11721-i-12</fid>
<lfSpanFr gml:id="K2_4732811721_1-1">
<gml:timePosition>2013-12-10</gml:timePosition>
</lfSpanFr>
<devDate gml:id="K2_4732811721_1-2">
<gml:timePosition>2021-03-09</gml:timePosition>
</devDate>
<orgGILvl>25000</orgGILvl>
<vis>表示</vis>
<pos>
<gml:Point gml:id="K2_4732811721_1-g" srsName="fguuid:jgd2011.bl">
<gml:pos>32.560926111 131.472535556</gml:pos>
</gml:Point>
</pos>
<type>標高点（測点）</type>
<alti>586</alti>
</ElevPt>
<ElevPt gml:id="K2_4732811724_1">
<fid>47328-11724-i-8</fid>
<lfSpanFr gml:id="K2_4732811724_1-1">
<gml:timePosition>2013-12-10</gml:timePosition>
</lfSpanFr>
<devDate gml:id="K2_4732811724_1-2">
<gml:timePosition>2021-03-09</gml:timePosition>
</devDate>
<orgGILvl>25000</orgGILvl>
<vis>表示</vis>
<pos>
<gml:Point gml:id="K2_4732811724_1-g" srsName="fguuid:jgd2011.bl">
<gml:pos>32.571150556 131.471264722</gml:pos>
</gml:Point>
</pos>
<type>標高点（測点）</type>
<alti>803</alti>
</ElevPt>
<ElevPt gml:id="K2_4733111703_1">
<fid>47331-11703-i-20</fid>
<lfSpanFr gml:id="K2_4733111703_1-1">
<gml:timePosition>2020-12-11</gml:timePosition>
</lfSpanFr>
<devDate gml:id="K2_4733111703_1-2">
<gml:timePosition>2021-03-09</gml:timePosition>
</devDate>
<orgGILvl>25000</orgGILvl>
<vis>表示</vis>
<pos>
<gml:Point gml:id="K2_4733111703_1-g" srsName="fguuid:jgd2011.bl">
<gml:pos>32.510376111 131.482090556</gml:pos>
</gml:Point>
</pos>
<type>標高点（測点）</type>
<alti>238</alti>
</ElevPt>
<ElevPt gml:id="K2_4733111706_1">
<fid>47331-11706-i-29</fid>
<lfSpanFr gml:id="K2_4733111706_1-1">
<gml:timePosition>2020-12-11</gml:timePosition>
</lfSpanFr>
<devDate gml:id="K2_4733111706_1-2">
<gml:timePosition>2021-03-09</gml:timePosition>
</devDate>
<orgGILvl>25000</orgGILvl>
<vis>表示</vis>
<pos>
<gml:Point gml:id="K2_4733111706_1-g" srsName="fguuid:jgd2011.bl">
<gml:pos>32.521893611 131.479149444</gml:pos>
</gml:Point>
</pos>
<type>標高点（測点）</type>
<alti>192</alti>
</ElevPt>
<ElevPt gml:id="K2_4733111709_1">
<fid>47331-11709-i-2</fid>
<lfSpanFr gml:id="K2_4733111709_1-1">
<gml:timePosition>2013-12-10</gml:timePosition>
</lfSpanFr>
<devDate gml:id="K2_4733111709_1-2">
<gml:timePosition>2021-03-09</gml:timePosition>
</devDate>
<orgGILvl>25000</orgGILvl>
<vis>表示</vis>
<pos>
<gml:Point gml:id="K2_4733111709_1-g" srsName="fguuid:jgd2011.bl">
<gml:pos>32.529037500 131.479334722</gml:pos>
</gml:Point>
</pos>
<type>標高点（測点）</type>
<alti>247</alti>
</ElevPt>
<ElevPt gml:id="K2_4733111712_1">
<fid>47331-11712-i-1</fid>
<lfSpanFr gml:id="K2_4733111712_1-1">
<gml:timePosition>2013-12-10</gml:timePosition>
</lfSpanFr>
<devDate gml:id="K2_4733111712_1-2">
<gml:timePosition>2021-03-09</gml:timePosition>
</devDate>
<orgGILvl>25000</orgGILvl>
<vis>表示</vis>
<pos>
<gml:Point gml:id="K2_4733111712_1-g" srsName="fguuid:jgd2011.bl">
<gml:pos>32.536124722 131.479931944</gml:pos>
</gml:Point>
</pos>
<type>標高点（測点）</type>
<alti>210</alti>
</ElevPt>
<ElevPt gml:id="K2_4733111715_1">
<fid>47331-11715-i-27</fid>
<lfSpanFr gml:id="K2_4733111715_1-1">
<gml:timePosition>2020-12-11</gml:timePosition>
</lfSpanFr>
<devDate gml:id="K2_4733111715_1-2">
<gml:timePosition>2021-03-09</gml:timePosition>
</devDate>
<orgGILvl>25000</orgGILvl>
<vis>表示</vis>
<pos>
<gml:Point gml:id="K2_4733111715_1-g" srsName="fguuid:jgd2011.bl">
<gml:pos>32.547822500 131.475686667</gml:pos>
</gml:Point>
</pos>
<type>標高点（測点）</type>
<alti>524</alti>
</ElevPt>
<ElevPt gml:id="K2_4733111715_2">
<fid>47331-11715-i-28</fid>
<lfSpanFr gml:id="K2_4733111715_2-1">
<gml:timePosition>2020-12-11</gml:timePosition>
</lfSpanFr>
<devDate gml:id="K2_4733111715_2-2">
<gml:timePosition>2021-03-09</gml:timePosition>
</devDate>
<orgGILvl>25000</orgGILvl>
<vis>表示</vis>
<pos>
<gml:Point gml:id="K2_4733111715_2-g" srsName="fguuid:jgd2011.bl">
<gml:pos>32.549559722 131.482632222</gml:pos>
</gml:Point>
</pos>
<type>標高点（測点）</type>
<alti>313</alti>
</ElevPt>
<ElevPt gml:id="K2_4733111721_1">
<fid>47331-11721-i-10</fid>
<lfSpanFr gml:id="K2_4733111721_1-1">
<gml:timePosition>2013-12-10</gml:timePosition>
</lfSpanFr>
<devDate gml:id="K2_4733111721_1-2">
<gml:timePosition>2021-03-09</gml:timePosition>
</devDate>
<orgGILvl>25000</orgGILvl>
<vis>表示</vis>
<pos>
<gml:Point gml:id="K2_4733111721_1-g" srsName="fguuid:jgd2011.bl">
<gml:pos>32.559346667 131.480371944</gml:pos>
</gml:Point>
</pos>
<type>標高点（測点）</type>
<alti>361</alti>
</ElevPt>
<ElevPt gml:id="K2_4733111724_1">
<fid>47331-11724-i-20</fid>
<lfSpanFr gml:id="K2_4733111724_1-1">
<gml:timePosition>2013-12-10</gml:timePosition>
</lfSpanFr>
<devDate gml:id="K2_4733111724_1-2">
<gml:timePosition>2021-03-09</gml:timePosition>
</devDate>
<orgGILvl>25000</orgGILvl>
<vis>表示</vis>
<pos>
<gml:Point gml:id="K2_4733111724_1-g" srsName="fguuid:jgd2011.bl">
<gml:pos>32.566774167 131.479315556</gml:pos>
</gml:Point>
</pos>
<type>標高点（測点）</type>
<alti>614</alti>
</ElevPt>
<ElevPt gml:id="K2_4733111727_1">
<fid>47331-11727-i-2</fid>
<lfSpanFr gml:id="K2_4733111727_1-1">
<gml:timePosition>2013-12-10</gml:timePosition>
</lfSpanFr>
<devDate gml:id="K2_4733111727_1-2">
<gml:timePosition>2021-03-09</gml:timePosition>
</devDate>
<orgGILvl>25000</orgGILvl>
<vis>表示</vis>
<pos>
<gml:Point gml:id="K2_4733111727_1-g" srsName="fguuid:jgd2011.bl">
<gml:pos>32.575083333 131.483002500</gml:pos>
</gml:Point>
</pos>
<type>標高点（測点）</type>
<alti>441</alti>
</ElevPt>
<ElevPt gml:id="K2_4733411700_1">
<fid>47334-11700-i-63</fid>
<lfSpanFr gml:id="K2_4733411700_1-1">
<gml:timePosition>2020-12-11</gml:timePosition>
</lfSpanFr>
<devDate gml:id="K2_4733411700_1-2">
<gml:timePosition>2021-03-09</gml:timePosition>
</devDate>
<orgGILvl>25000</orgGILvl>
<vis>表示</vis>
<pos>
<gml:Point gml:id="K2_4733411700_1-g" srsName="fguuid:jgd2011.bl">
<gml:pos>32.500345833 131.488243333</gml:pos>
</gml:Point>
</pos>
<type>標高点（測点）</type>
<alti>109</alti>
</ElevPt>
<ElevPt gml:id="K2_4733411706_1">
<fid>47334-11706-i-2</fid>
<lfSpanFr gml:id="K2_4733411706_1-1">
<gml:timePosition>2013-12-10</gml:timePosition>
</lfSpanFr>
<devDate gml:id="K2_4733411706_1-2">
<gml:timePosition>2021-03-09</gml:timePosition>
</devDate>
<orgGILvl>25000</orgGILvl>
<vis>表示</vis>
<pos>
<gml:Point gml:id="K2_4733411706_1-g" srsName="fguuid:jgd2011.bl">
<gml:pos>32.516722500 131.491484167</gml:pos>
</gml:Point>
</pos>
<type>標高点（測点）</type>
<alti>283</alti>
</ElevPt>
<ElevPt gml:id="K2_4733411712_1">
<fid>47334-11712-i-1</fid>
<lfSpanFr gml:id="K2_4733411712_1-1">
<gml:timePosition>2013-12-10</gml:timePosition>
</lfSpanFr>
<devDate gml:id="K2_4733411712_1-2">
<gml:timePosition>2021-03-09</gml:timePosition>
</devDate>
<orgGILvl>25000</orgGILvl>
<vis>表示</vis>
<pos>
<gml:Point gml:id="K2_4733411712_1-g" srsName="fguuid:jgd2011.bl">
<gml:pos>32.541002778 131.490772222</gml:pos>
</gml:Point>
</pos>
<type>標高点（測点）</type>
<alti>190</alti>
</ElevPt>
<ElevPt gml:id="K2_4733411712_2">
<fid>47334-11712-i-2</fid>
<lfSpanFr gml:id="K2_4733411712_2-1">
<gml:timePosition>2013-12-10</gml:timePosition>
</lfSpanFr>
<devDate gml:id="K2_4733411712_2-2">
<gml:timePosition>2021-03-09</gml:timePosition>
</devDate>
<orgGILvl>25000</orgGILvl>
<vis>表示</vis>
<pos>
<gml:Point gml:id="K2_4733411712_2-g" srsName="fguuid:jgd2011.bl">
<gml:pos>32.540964722 131.483661944</gml:pos>
</gml:Point>
</pos>
<type>標高点（測点）</type>
<alti>210</alti>
</ElevPt>
<ElevPt gml:id="K2_4733411724_1">
<fid>47334-11724-i-5</fid>
<lfSpanFr gml:id="K2_4733411724_1-1">
<gml:timePosition>2013-12-10</gml:timePosition>
</lfSpanFr>
<devDate gml:id="K2_4733411724_1-2">
<gml:timePosition>2021-03-09</gml:timePosition>
</devDate>
<orgGILvl>25000</orgGILvl>
<vis>表示</vis>
<pos>
<gml:Point gml:id="K2_4733411724_1-g" srsName="fguuid:jgd2011.bl">
<gml:pos>32.572842222 131.491492500</gml:pos>
</gml:Point>
</pos>
<type>標高点（測点）</type>
<alti>463</alti>
</ElevPt>
<ElevPt gml:id="K2_4733411727_1">
<fid>47334-11727-i-41</fid>
<lfSpanFr gml:id="K2_4733411727_1-1">
<gml:timePosition>2020-12-11</gml:timePosition>
</lfSpanFr>
<devDate gml:id="K2_4733411727_1-2">
<gml:timePosition>2021-03-09</gml:timePosition>
</devDate>
<orgGILvl>25000</orgGILvl>
<vis>表示</vis>
<pos>
<gml:Point gml:id="K2_4733411727_1-g" srsName="fguuid:jgd2011.bl">
<gml:pos>32.580237778 131.490738889</gml:pos>
</gml:Point>
</pos>
<type>標高点（測点）</type>
<alti>276</alti>
</ElevPt>
<ElevPt gml:id="K2_4733411727_2">
<fid>47334-11727-i-42</fid>
<lfSpanFr gml:id="K2_4733411727_2-1">
<gml:timePosition>2020-12-11</gml:timePosition>
</lfSpanFr>
<devDate gml:id="K2_4733411727_2-2">
<gml:timePosition>2021-03-09</gml:timePosition>
</devDate>
<orgGILvl>25000</orgGILvl>
<vis>表示</vis>
<pos>
<gml:Point gml:id="K2_4733411727_2-g" srsName="fguuid:jgd2011.bl">
<gml:pos>32.581977778 131.485851111</gml:pos>
</gml:Point>
</pos>
<type>標高点（測点）</type>
<alti>217</alti>
</ElevPt>
<ElevPt gml:id="K2_4733711709_1">
<fid>47337-11709-i-5</fid>
<lfSpanFr gml:id="K2_4733711709_1-1">
<gml:timePosition>2013-12-10</gml:timePosition>
</lfSpanFr>
<devDate gml:id="K2_4733711709_1-2">
<gml:timePosition>2021-03-09</gml:timePosition>
</devDate>
<orgGILvl>25000</orgGILvl>
<vis>表示</vis>
<pos>
<gml:Point gml:id="K2_4733711709_1-g" srsName="fguuid:jgd2011.bl">
<gml:pos>32.529201389 131.499421111</gml:pos>
</gml:Point>
</pos>
<type>標高点（測点）</type>
<alti>224</alti>
</ElevPt>
<ElevPt gml:id="K2_4733711715_1">
<fid>47337-11715-i-42</fid>
<lfSpanFr gml:id="K2_4733711715_1-1">
<gml:timePosition>2017-09-19</gml:timePosition>
</lfSpanFr>
<devDate gml:id="K2_4733711715_1-2">
<gml:timePosition>2021-03-09</gml:timePosition>
</devDate>
<orgGILvl>25000</orgGILvl>
<vis>表示</vis>
<pos>
<gml:Point gml:id="K2_4733711715_1-g" srsName="fguuid:jgd2011.bl">
<gml:pos>32.546775529 131.493500772</gml:pos>
</gml:Point>
</pos>
<type>標高点（測点）</type>
<alti>199</alti>
</ElevPt>
<ElevPt gml:id="K2_4733711721_1">
<fid>47337-11721-i-32</fid>
<lfSpanFr gml:id="K2_4733711721_1-1">
<gml:timePosition>2020-12-11</gml:timePosition>
</lfSpanFr>
<devDate gml:id="K2_4733711721_1-2">
<gml:timePosition>2021-03-09</gml:timePosition>
</devDate>
<orgGILvl>25000</orgGILvl>
<vis>表示</vis>
<pos>
<gml:Point gml:id="K2_4733711721_1-g" srsName="fguuid:jgd2011.bl">
<gml:pos>32.564937778 131.494738056</gml:pos>
</gml:Point>
</pos>
<type>標高点（測点）</type>
<alti>287</alti>
</ElevPt>
</Dataset>
