<?xml version="1.0" encoding="utf-8"?>
<Dataset xsi:schemaLocation="http://fgd.gsi.go.jp/spec/2008/FGD_GMLSchema FGD_GMLSchema.xsd"
	xmlns:gml="http://www.opengis.net/gml/3.2"
	xmlns:xsi="http://www.w3.org/2001/XMLSchema-instance"
	xmlns:xlink="http://www.w3.org/1999/xlink"
	xmlns="http://fgd.gsi.go.jp/spec/2008/FGD_GMLSchema"
	gml:id="Dataset1">
  <gml:description>基盤地図情報メタデータ ID=fmdid:21-0401</gml:description>
  <gml:name>基盤地図情報ダウンロードデータ（GML版）</gml:name>
<GCP gml:id="K1_483163_1">
<fid>10-00100-0-2002-282470</fid>
<lfSpanFr gml:id="K1_483163_1-1">
<gml:timePosition>2021-02-22</gml:timePosition>
</lfSpanFr>
<devDate gml:id="K1_483163_1-2">
<gml:timePosition>2021-03-09</gml:timePosition>
</devDate>
<orgGILvl>KJ11</orgGILvl>
<vis>表示</vis>
<pos>
<gml:Point gml:id="K1_483163_1-g" srsName="fguuid:jgd2011.bl">
<gml:pos>32.560647139 131.463207361</gml:pos>
</gml:Point>
</pos>
<orgName>国土地理院</orgName>
<type>三角点</type>
<gcpClass>一等三角点</gcpClass>
<gcpCode>TR14831637701</gcpCode>
<name>速日岳</name>
<B>117218.3297</B>
<L>473267.5465</L>
<alti>868.03</alti>
<altiAcc>2</altiAcc>
</GCP>
<GCP gml:id="K1_483163_2">
<fid>10-00100-0-2002-290067</fid>
<lfSpanFr gml:id="K1_483163_2-1">
<gml:timePosition>2021-02-22</gml:timePosition>
</lfSpanFr>
<devDate gml:id="K1_483163_2-2">
<gml:timePosition>2021-03-09</gml:timePosition>
</devDate>
<orgGILvl>KJ13</orgGILvl>
<vis>表示</vis>
<pos>
<gml:Point gml:id="K1_483163_2-g" srsName="fguuid:jgd2011.bl">
<gml:pos>32.502766417 131.381133139</gml:pos>
</gml:Point>
</pos>
<orgName>国土地理院</orgName>
<type>三角点</type>
<gcpClass>三等三角点</gcpClass>
<gcpCode>TR34831630001</gcpCode>
<name>竹ノ本</name>
<B>117009.9591</B>
<L>472972.0793</L>
<alti>617.93</alti>
<altiAcc>2</altiAcc>
</GCP>
<GCP gml:id="K1_483163_3">
<fid>10-00100-0-2002-290068</fid>
<lfSpanFr gml:id="K1_483163_3-1">
<gml:timePosition>2021-02-22</gml:timePosition>
</lfSpanFr>
<devDate gml:id="K1_483163_3-2">
<gml:timePosition>2021-03-09</gml:timePosition>
</devDate>
<orgGILvl>KJ13</orgGILvl>
<vis>表示</vis>
<pos>
<gml:Point gml:id="K1_483163_3-g" srsName="fguuid:jgd2011.bl">
<gml:pos>32.516095278 131.397316861</gml:pos>
</gml:Point>
</pos>
<orgName>国土地理院</orgName>
<type>三角点</type>
<gcpClass>三等三角点</gcpClass>
<gcpCode>TR34831631101</gcpCode>
<name>清川</name>
<B>117057.943</B>
<L>473030.3407</L>
<alti>824.94</alti>
<altiAcc>2</altiAcc>
</GCP>
<GCP gml:id="K1_483163_4">
<fid>10-00100-0-2002-290069</fid>
<lfSpanFr gml:id="K1_483163_4-1">
<gml:timePosition>2021-02-22</gml:timePosition>
</lfSpanFr>
<devDate gml:id="K1_483163_4-2">
<gml:timePosition>2021-03-09</gml:timePosition>
</devDate>
<orgGILvl>KJ13</orgGILvl>
<vis>表示</vis>
<pos>
<gml:Point gml:id="K1_483163_4-g" srsName="fguuid:jgd2011.bl">
<gml:pos>32.508766306 131.461206694</gml:pos>
</gml:Point>
</pos>
<orgName>国土地理院</orgName>
<type>三角点</type>
<gcpClass>三等三角点</gcpClass>
<gcpCode>TR34831631601</gcpCode>
<name>飛松</name>
<B>117031.5587</B>
<L>473260.3441</L>
<alti>249.02</alti>
<altiAcc>2</altiAcc>
</GCP>
<GCP gml:id="K1_483163_5">
<fid>10-00100-0-2002-290070</fid>
<lfSpanFr gml:id="K1_483163_5-1">
<gml:timePosition>2021-02-22</gml:timePosition>
</lfSpanFr>
<devDate gml:id="K1_483163_5-2">
<gml:timePosition>2021-03-09</gml:timePosition>
</devDate>
<orgGILvl>KJ13</orgGILvl>
<vis>表示</vis>
<pos>
<gml:Point gml:id="K1_483163_5-g" srsName="fguuid:jgd2011.bl">
<gml:pos>32.524864083 131.438467028</gml:pos>
</gml:Point>
</pos>
<orgName>国土地理院</orgName>
<type>三角点</type>
<gcpClass>三等三角点</gcpClass>
<gcpCode>TR34831632501</gcpCode>
<name>八重</name>
<B>117089.5107</B>
<L>473178.4813</L>
<alti>524.79</alti>
<altiAcc>2</altiAcc>
</GCP>
<GCP gml:id="K1_483163_6">
<fid>10-00100-0-2002-290071</fid>
<lfSpanFr gml:id="K1_483163_6-1">
<gml:timePosition>2021-02-22</gml:timePosition>
</lfSpanFr>
<devDate gml:id="K1_483163_6-2">
<gml:timePosition>2021-03-09</gml:timePosition>
</devDate>
<orgGILvl>KJ13</orgGILvl>
<vis>表示</vis>
<pos>
<gml:Point gml:id="K1_483163_6-g" srsName="fguuid:jgd2011.bl">
<gml:pos>32.526174528 131.469150778</gml:pos>
</gml:Point>
</pos>
<orgName>国土地理院</orgName>
<type>三角点</type>
<gcpClass>三等三角点</gcpClass>
<gcpCode>TR34831633701</gcpCode>
<name>高松山</name>
<B>117094.2283</B>
<L>473288.9428</L>
<alti>313.15</alti>
<altiAcc>2</altiAcc>
</GCP>
<GCP gml:id="K1_483163_7">
<fid>10-00100-0-2002-290072</fid>
<lfSpanFr gml:id="K1_483163_7-1">
<gml:timePosition>2021-02-22</gml:timePosition>
</lfSpanFr>
<devDate gml:id="K1_483163_7-2">
<gml:timePosition>2021-03-09</gml:timePosition>
</devDate>
<orgGILvl>KJ13</orgGILvl>
<vis>表示</vis>
<pos>
<gml:Point gml:id="K1_483163_7-g" srsName="fguuid:jgd2011.bl">
<gml:pos>32.545505806 131.475683833</gml:pos>
</gml:Point>
</pos>
<orgName>国土地理院</orgName>
<type>三角点</type>
<gcpClass>三等三角点</gcpClass>
<gcpCode>TR34831635801</gcpCode>
<name>高平</name>
<B>117163.8209</B>
<L>473312.4618</L>
<alti>466.77</alti>
<altiAcc>2</altiAcc>
</GCP>
<GCP gml:id="K1_483163_8">
<fid>10-00100-0-2002-290073</fid>
<lfSpanFr gml:id="K1_483163_8-1">
<gml:timePosition>2021-02-22</gml:timePosition>
</lfSpanFr>
<devDate gml:id="K1_483163_8-2">
<gml:timePosition>2021-03-09</gml:timePosition>
</devDate>
<orgGILvl>KJ13</orgGILvl>
<vis>表示</vis>
<pos>
<gml:Point gml:id="K1_483163_8-g" srsName="fguuid:jgd2011.bl">
<gml:pos>32.550597944 131.390518028</gml:pos>
</gml:Point>
</pos>
<orgName>国土地理院</orgName>
<type>三角点</type>
<gcpClass>三等三角点</gcpClass>
<gcpCode>TR34831636101</gcpCode>
<name>喜和田</name>
<B>117182.1526</B>
<L>473005.8649</L>
<alti>830.97</alti>
<altiAcc>2</altiAcc>
</GCP>
<GCP gml:id="K1_483163_9">
<fid>10-00100-0-2002-290074</fid>
<lfSpanFr gml:id="K1_483163_9-1">
<gml:timePosition>2021-02-22</gml:timePosition>
</lfSpanFr>
<devDate gml:id="K1_483163_9-2">
<gml:timePosition>2021-03-09</gml:timePosition>
</devDate>
<orgGILvl>KJ13</orgGILvl>
<vis>表示</vis>
<pos>
<gml:Point gml:id="K1_483163_9-g" srsName="fguuid:jgd2011.bl">
<gml:pos>32.560581889 131.413313139</gml:pos>
</gml:Point>
</pos>
<orgName>国土地理院</orgName>
<type>三角点</type>
<gcpClass>三等三角点</gcpClass>
<gcpCode>TR34831637301</gcpCode>
<name>崘出</name>
<B>117218.0948</B>
<L>473087.9273</L>
<alti>946.76</alti>
<altiAcc>2</altiAcc>
</GCP>
<GCP gml:id="K1_483163_10">
<fid>10-00100-0-2002-290075</fid>
<lfSpanFr gml:id="K1_483163_10-1">
<gml:timePosition>2021-02-22</gml:timePosition>
</lfSpanFr>
<devDate gml:id="K1_483163_10-2">
<gml:timePosition>2021-03-09</gml:timePosition>
</devDate>
<orgGILvl>KJ13</orgGILvl>
<vis>表示</vis>
<pos>
<gml:Point gml:id="K1_483163_10-g" srsName="fguuid:jgd2011.bl">
<gml:pos>32.559177000 131.442109056</gml:pos>
</gml:Point>
</pos>
<orgName>国土地理院</orgName>
<type>三角点</type>
<gcpClass>三等三角点</gcpClass>
<gcpCode>TR34831637501</gcpCode>
<name>武田ノ内</name>
<B>117213.0372</B>
<L>473191.5926</L>
<alti>877.56</alti>
<altiAcc>2</altiAcc>
</GCP>
<GCP gml:id="K1_483163_11">
<fid>10-00100-0-2002-290076</fid>
<lfSpanFr gml:id="K1_483163_11-1">
<gml:timePosition>2021-02-22</gml:timePosition>
</lfSpanFr>
<devDate gml:id="K1_483163_11-2">
<gml:timePosition>2021-03-09</gml:timePosition>
</devDate>
<orgGILvl>KJ13</orgGILvl>
<vis>表示</vis>
<pos>
<gml:Point gml:id="K1_483163_11-g" srsName="fguuid:jgd2011.bl">
<gml:pos>32.583155389 131.472946500</gml:pos>
</gml:Point>
</pos>
<orgName>国土地理院</orgName>
<type>三角点</type>
<gcpClass>三等三角点</gcpClass>
<gcpCode>TR34831639701</gcpCode>
<name>速日</name>
<B>117299.3594</B>
<L>473302.6074</L>
<alti>653.26</alti>
<altiAcc>2</altiAcc>
</GCP>
<GCP gml:id="K1_483163_12">
<fid>10-00100-0-2002-325893</fid>
<lfSpanFr gml:id="K1_483163_12-1">
<gml:timePosition>2021-02-22</gml:timePosition>
</lfSpanFr>
<devDate gml:id="K1_483163_12-2">
<gml:timePosition>2021-03-09</gml:timePosition>
</devDate>
<orgGILvl>KJ14</orgGILvl>
<vis>表示</vis>
<pos>
<gml:Point gml:id="K1_483163_12-g" srsName="fguuid:jgd2011.bl">
<gml:pos>32.506164833 131.400573639</gml:pos>
</gml:Point>
</pos>
<orgName>国土地理院</orgName>
<type>三角点</type>
<gcpClass>四等三角点</gcpClass>
<gcpCode>TR44831630201</gcpCode>
<name>黒原</name>
<B>117022.1934</B>
<L>473042.0651</L>
<alti>832.96</alti>
<altiAcc>2</altiAcc>
</GCP>
<GCP gml:id="K1_483163_13">
<fid>10-00100-0-2002-325894</fid>
<lfSpanFr gml:id="K1_483163_13-1">
<gml:timePosition>2021-02-22</gml:timePosition>
</lfSpanFr>
<devDate gml:id="K1_483163_13-2">
<gml:timePosition>2021-03-09</gml:timePosition>
</devDate>
<orgGILvl>KJ14</orgGILvl>
<vis>表示</vis>
<pos>
<gml:Point gml:id="K1_483163_13-g" srsName="fguuid:jgd2011.bl">
<gml:pos>32.505495500 131.423642917</gml:pos>
</gml:Point>
</pos>
<orgName>国土地理院</orgName>
<type>三角点</type>
<gcpClass>四等三角点</gcpClass>
<gcpCode>TR44831630301</gcpCode>
<name>田の上</name>
<B>117019.7838</B>
<L>473125.1145</L>
<alti>531.41</alti>
<altiAcc>2</altiAcc>
</GCP>
<GCP gml:id="K1_483163_14">
<fid>10-00100-0-2002-325895</fid>
<lfSpanFr gml:id="K1_483163_14-1">
<gml:timePosition>2021-02-22</gml:timePosition>
</lfSpanFr>
<devDate gml:id="K1_483163_14-2">
<gml:timePosition>2021-03-09</gml:timePosition>
</devDate>
<orgGILvl>KJ14</orgGILvl>
<vis>表示</vis>
<pos>
<gml:Point gml:id="K1_483163_14-g" srsName="fguuid:jgd2011.bl">
<gml:pos>32.503501556 131.448030556</gml:pos>
</gml:Point>
</pos>
<orgName>国土地理院</orgName>
<type>三角点</type>
<gcpClass>四等三角点</gcpClass>
<gcpCode>TR44831630501</gcpCode>
<name>羽子場</name>
<B>117012.6056</B>
<L>473212.91</L>
<alti>242.75</alti>
<altiAcc>2</altiAcc>
</GCP>
<GCP gml:id="K1_483163_15">
<fid>10-00100-0-2002-325896</fid>
<lfSpanFr gml:id="K1_483163_15-1">
<gml:timePosition>2021-02-22</gml:timePosition>
</lfSpanFr>
<devDate gml:id="K1_483163_15-2">
<gml:timePosition>2021-03-09</gml:timePosition>
</devDate>
<orgGILvl>KJ14</orgGILvl>
<vis>表示</vis>
<pos>
<gml:Point gml:id="K1_483163_15-g" srsName="fguuid:jgd2011.bl">
<gml:pos>32.503478972 131.476923000</gml:pos>
</gml:Point>
</pos>
<orgName>国土地理院</orgName>
<type>三角点</type>
<gcpClass>四等三角点</gcpClass>
<gcpCode>TR44831630801</gcpCode>
<name>黒原</name>
<B>117012.5243</B>
<L>473316.9228</L>
<alti>186.14</alti>
<altiAcc>2</altiAcc>
</GCP>
<GCP gml:id="K1_483163_16">
<fid>10-00100-0-2002-325897</fid>
<lfSpanFr gml:id="K1_483163_16-1">
<gml:timePosition>2021-02-22</gml:timePosition>
</lfSpanFr>
<devDate gml:id="K1_483163_16-2">
<gml:timePosition>2021-03-09</gml:timePosition>
</devDate>
<orgGILvl>KJ14</orgGILvl>
<vis>表示</vis>
<pos>
<gml:Point gml:id="K1_483163_16-g" srsName="fguuid:jgd2011.bl">
<gml:pos>32.514462167 131.387503667</gml:pos>
</gml:Point>
</pos>
<orgName>国土地理院</orgName>
<type>三角点</type>
<gcpClass>四等三角点</gcpClass>
<gcpCode>TR44831631102</gcpCode>
<name>内ノ口</name>
<B>117052.0638</B>
<L>472995.0132</L>
<alti>608.41</alti>
<altiAcc>2</altiAcc>
</GCP>
<GCP gml:id="K1_483163_17">
<fid>10-00100-0-2002-325898</fid>
<lfSpanFr gml:id="K1_483163_17-1">
<gml:timePosition>2021-02-22</gml:timePosition>
</lfSpanFr>
<devDate gml:id="K1_483163_17-2">
<gml:timePosition>2021-03-09</gml:timePosition>
</devDate>
<orgGILvl>KJ14</orgGILvl>
<vis>表示</vis>
<pos>
<gml:Point gml:id="K1_483163_17-g" srsName="fguuid:jgd2011.bl">
<gml:pos>32.513681111 131.440562472</gml:pos>
</gml:Point>
</pos>
<orgName>国土地理院</orgName>
<type>三角点</type>
<gcpClass>四等三角点</gcpClass>
<gcpCode>TR44831631501</gcpCode>
<name>小田</name>
<B>117049.252</B>
<L>473186.0249</L>
<alti>362.31</alti>
<altiAcc>2</altiAcc>
</GCP>
<GCP gml:id="K1_483163_18">
<fid>10-00100-0-2002-325899</fid>
<lfSpanFr gml:id="K1_483163_18-1">
<gml:timePosition>2021-02-22</gml:timePosition>
</lfSpanFr>
<devDate gml:id="K1_483163_18-2">
<gml:timePosition>2021-03-09</gml:timePosition>
</devDate>
<orgGILvl>KJ14</orgGILvl>
<vis>表示</vis>
<pos>
<gml:Point gml:id="K1_483163_18-g" srsName="fguuid:jgd2011.bl">
<gml:pos>32.515122000 131.474046917</gml:pos>
</gml:Point>
</pos>
<orgName>国土地理院</orgName>
<type>三角点</type>
<gcpClass>四等三角点</gcpClass>
<gcpCode>TR44831631701</gcpCode>
<name>奥梠</name>
<B>117054.4392</B>
<L>473306.5689</L>
<alti>220.34</alti>
<altiAcc>2</altiAcc>
</GCP>
<GCP gml:id="K1_483163_19">
<fid>10-00100-0-2002-325900</fid>
<lfSpanFr gml:id="K1_483163_19-1">
<gml:timePosition>2021-02-22</gml:timePosition>
</lfSpanFr>
<devDate gml:id="K1_483163_19-2">
<gml:timePosition>2021-03-09</gml:timePosition>
</devDate>
<orgGILvl>KJ14</orgGILvl>
<vis>表示</vis>
<pos>
<gml:Point gml:id="K1_483163_19-g" srsName="fguuid:jgd2011.bl">
<gml:pos>32.510836806 131.492273417</gml:pos>
</gml:Point>
</pos>
<orgName>国土地理院</orgName>
<type>三角点</type>
<gcpClass>四等三角点</gcpClass>
<gcpCode>TR44831631901</gcpCode>
<name>寺川内</name>
<B>117039.0125</B>
<L>473372.1843</L>
<alti>266.24</alti>
<altiAcc>2</altiAcc>
</GCP>
<GCP gml:id="K1_483163_20">
<fid>10-00100-0-2002-325901</fid>
<lfSpanFr gml:id="K1_483163_20-1">
<gml:timePosition>2021-02-22</gml:timePosition>
</lfSpanFr>
<devDate gml:id="K1_483163_20-2">
<gml:timePosition>2021-03-09</gml:timePosition>
</devDate>
<orgGILvl>KJ14</orgGILvl>
<vis>表示</vis>
<pos>
<gml:Point gml:id="K1_483163_20-g" srsName="fguuid:jgd2011.bl">
<gml:pos>32.517592250 131.415727306</gml:pos>
</gml:Point>
</pos>
<orgName>国土地理院</orgName>
<type>三角点</type>
<gcpClass>四等三角点</gcpClass>
<gcpCode>TR44831632301</gcpCode>
<name>小原</name>
<B>117063.3321</B>
<L>473096.6183</L>
<alti>582.55</alti>
<altiAcc>2</altiAcc>
</GCP>
<GCP gml:id="K1_483163_21">
<fid>10-00100-0-2002-325902</fid>
<lfSpanFr gml:id="K1_483163_21-1">
<gml:timePosition>2021-02-22</gml:timePosition>
</lfSpanFr>
<devDate gml:id="K1_483163_21-2">
<gml:timePosition>2021-03-09</gml:timePosition>
</devDate>
<orgGILvl>KJ14</orgGILvl>
<vis>表示</vis>
<pos>
<gml:Point gml:id="K1_483163_21-g" srsName="fguuid:jgd2011.bl">
<gml:pos>32.519568333 131.452336944</gml:pos>
</gml:Point>
</pos>
<orgName>国土地理院</orgName>
<type>三角点</type>
<gcpClass>四等三角点</gcpClass>
<gcpCode>TR44831632601</gcpCode>
<name>広野</name>
<B>117070.446</B>
<L>473228.413</L>
<alti>326.13</alti>
<altiAcc>2</altiAcc>
</GCP>
<GCP gml:id="K1_483163_22">
<fid>10-00100-0-2002-325903</fid>
<lfSpanFr gml:id="K1_483163_22-1">
<gml:timePosition>2021-02-22</gml:timePosition>
</lfSpanFr>
<devDate gml:id="K1_483163_22-2">
<gml:timePosition>2021-03-09</gml:timePosition>
</devDate>
<orgGILvl>KJ14</orgGILvl>
<vis>表示</vis>
<pos>
<gml:Point gml:id="K1_483163_22-g" srsName="fguuid:jgd2011.bl">
<gml:pos>32.523430306 131.489125972</gml:pos>
</gml:Point>
</pos>
<orgName>国土地理院</orgName>
<type>三角点</type>
<gcpClass>四等三角点</gcpClass>
<gcpCode>TR44831632901</gcpCode>
<name>宇瀬田</name>
<B>117084.3491</B>
<L>473360.8535</L>
<alti>323.78</alti>
<altiAcc>2</altiAcc>
</GCP>
<GCP gml:id="K1_483163_23">
<fid>10-00100-0-2002-325904</fid>
<lfSpanFr gml:id="K1_483163_23-1">
<gml:timePosition>2021-02-22</gml:timePosition>
</lfSpanFr>
<devDate gml:id="K1_483163_23-2">
<gml:timePosition>2021-03-09</gml:timePosition>
</devDate>
<orgGILvl>KJ14</orgGILvl>
<vis>表示</vis>
<pos>
<gml:Point gml:id="K1_483163_23-g" srsName="fguuid:jgd2011.bl">
<gml:pos>32.528691667 131.395569528</gml:pos>
</gml:Point>
</pos>
<orgName>国土地理院</orgName>
<type>三角点</type>
<gcpClass>四等三角点</gcpClass>
<gcpCode>TR44831633101</gcpCode>
<name>宇納間</name>
<B>117103.29</B>
<L>473024.0503</L>
<alti>723.46</alti>
<altiAcc>2</altiAcc>
</GCP>
<GCP gml:id="K1_483163_24">
<fid>10-00100-0-2002-325905</fid>
<lfSpanFr gml:id="K1_483163_24-1">
<gml:timePosition>2021-02-22</gml:timePosition>
</lfSpanFr>
<devDate gml:id="K1_483163_24-2">
<gml:timePosition>2021-03-09</gml:timePosition>
</devDate>
<orgGILvl>KJ14</orgGILvl>
<vis>表示</vis>
<pos>
<gml:Point gml:id="K1_483163_24-g" srsName="fguuid:jgd2011.bl">
<gml:pos>32.526283833 131.412743917</gml:pos>
</gml:Point>
</pos>
<orgName>国土地理院</orgName>
<type>三角点</type>
<gcpClass>四等三角点</gcpClass>
<gcpCode>TR44831633301</gcpCode>
<name>松ケ下</name>
<B>117094.6218</B>
<L>473085.8781</L>
<alti>430.2</alti>
<altiAcc>2</altiAcc>
</GCP>
<GCP gml:id="K1_483163_25">
<fid>10-00100-0-2002-325906</fid>
<lfSpanFr gml:id="K1_483163_25-1">
<gml:timePosition>2021-02-22</gml:timePosition>
</lfSpanFr>
<devDate gml:id="K1_483163_25-2">
<gml:timePosition>2021-03-09</gml:timePosition>
</devDate>
<orgGILvl>KJ14</orgGILvl>
<vis>表示</vis>
<pos>
<gml:Point gml:id="K1_483163_25-g" srsName="fguuid:jgd2011.bl">
<gml:pos>32.532476556 131.445002306</gml:pos>
</gml:Point>
</pos>
<orgName>国土地理院</orgName>
<type>三角点</type>
<gcpClass>四等三角点</gcpClass>
<gcpCode>TR44831633501</gcpCode>
<name>小八重</name>
<B>117116.9156</B>
<L>473202.0083</L>
<alti>527.76</alti>
<altiAcc>2</altiAcc>
</GCP>
<GCP gml:id="K1_483163_26">
<fid>10-00100-0-2002-325907</fid>
<lfSpanFr gml:id="K1_483163_26-1">
<gml:timePosition>2021-02-22</gml:timePosition>
</lfSpanFr>
<devDate gml:id="K1_483163_26-2">
<gml:timePosition>2021-03-09</gml:timePosition>
</devDate>
<orgGILvl>KJ14</orgGILvl>
<vis>表示</vis>
<pos>
<gml:Point gml:id="K1_483163_26-g" srsName="fguuid:jgd2011.bl">
<gml:pos>32.530626306 131.456356722</gml:pos>
</gml:Point>
</pos>
<orgName>国土地理院</orgName>
<type>三角点</type>
<gcpClass>四等三角点</gcpClass>
<gcpCode>TR44831633601</gcpCode>
<name>前内</name>
<B>117110.2547</B>
<L>473242.8842</L>
<alti>356.85</alti>
<altiAcc>2</altiAcc>
</GCP>
<GCP gml:id="K1_483163_27">
<fid>10-00100-0-2002-325908</fid>
<lfSpanFr gml:id="K1_483163_27-1">
<gml:timePosition>2021-02-22</gml:timePosition>
</lfSpanFr>
<devDate gml:id="K1_483163_27-2">
<gml:timePosition>2021-03-09</gml:timePosition>
</devDate>
<orgGILvl>KJ14</orgGILvl>
<vis>表示</vis>
<pos>
<gml:Point gml:id="K1_483163_27-g" srsName="fguuid:jgd2011.bl">
<gml:pos>32.534204389 131.386109278</gml:pos>
</gml:Point>
</pos>
<orgName>国土地理院</orgName>
<type>三角点</type>
<gcpClass>四等三角点</gcpClass>
<gcpCode>TR44831634001</gcpCode>
<name>小払</name>
<B>117123.1358</B>
<L>472989.9934</L>
<alti>737.88</alti>
<altiAcc>2</altiAcc>
</GCP>
<GCP gml:id="K1_483163_28">
<fid>10-00100-0-2002-325909</fid>
<lfSpanFr gml:id="K1_483163_28-1">
<gml:timePosition>2021-02-22</gml:timePosition>
</lfSpanFr>
<devDate gml:id="K1_483163_28-2">
<gml:timePosition>2021-03-09</gml:timePosition>
</devDate>
<orgGILvl>KJ14</orgGILvl>
<vis>表示</vis>
<pos>
<gml:Point gml:id="K1_483163_28-g" srsName="fguuid:jgd2011.bl">
<gml:pos>32.540387278 131.401843750</gml:pos>
</gml:Point>
</pos>
<orgName>国土地理院</orgName>
<type>三角点</type>
<gcpClass>四等三角点</gcpClass>
<gcpCode>TR44831634201</gcpCode>
<name>中崎</name>
<B>117145.3942</B>
<L>473046.6375</L>
<alti>494.27</alti>
<altiAcc>2</altiAcc>
</GCP>
<GCP gml:id="K1_483163_29">
<fid>10-00100-0-2002-325910</fid>
<lfSpanFr gml:id="K1_483163_29-1">
<gml:timePosition>2021-02-22</gml:timePosition>
</lfSpanFr>
<devDate gml:id="K1_483163_29-2">
<gml:timePosition>2021-03-09</gml:timePosition>
</devDate>
<orgGILvl>KJ14</orgGILvl>
<vis>表示</vis>
<pos>
<gml:Point gml:id="K1_483163_29-g" srsName="fguuid:jgd2011.bl">
<gml:pos>32.533874556 131.419191833</gml:pos>
</gml:Point>
</pos>
<orgName>国土地理院</orgName>
<type>三角点</type>
<gcpClass>四等三角点</gcpClass>
<gcpCode>TR44831634301</gcpCode>
<name>七郎ケ平</name>
<B>117121.9484</B>
<L>473109.0906</L>
<alti>505.95</alti>
<altiAcc>2</altiAcc>
</GCP>
<GCP gml:id="K1_483163_30">
<fid>10-00100-0-2002-325911</fid>
<lfSpanFr gml:id="K1_483163_30-1">
<gml:timePosition>2021-02-22</gml:timePosition>
</lfSpanFr>
<devDate gml:id="K1_483163_30-2">
<gml:timePosition>2021-03-09</gml:timePosition>
</devDate>
<orgGILvl>KJ14</orgGILvl>
<vis>表示</vis>
<pos>
<gml:Point gml:id="K1_483163_30-g" srsName="fguuid:jgd2011.bl">
<gml:pos>32.537738944 131.469277556</gml:pos>
</gml:Point>
</pos>
<orgName>国土地理院</orgName>
<type>三角点</type>
<gcpClass>四等三角点</gcpClass>
<gcpCode>TR44831634701</gcpCode>
<name>桃野尾</name>
<B>117135.8602</B>
<L>473289.3992</L>
<alti>272.08</alti>
<altiAcc>2</altiAcc>
</GCP>
<GCP gml:id="K1_483163_31">
<fid>10-00100-0-2002-325912</fid>
<lfSpanFr gml:id="K1_483163_31-1">
<gml:timePosition>2021-02-22</gml:timePosition>
</lfSpanFr>
<devDate gml:id="K1_483163_31-2">
<gml:timePosition>2021-03-09</gml:timePosition>
</devDate>
<orgGILvl>KJ14</orgGILvl>
<vis>表示</vis>
<pos>
<gml:Point gml:id="K1_483163_31-g" srsName="fguuid:jgd2011.bl">
<gml:pos>32.535842222 131.489011167</gml:pos>
</gml:Point>
</pos>
<orgName>国土地理院</orgName>
<type>三角点</type>
<gcpClass>四等三角点</gcpClass>
<gcpCode>TR44831634901</gcpCode>
<name>谷久</name>
<B>117129.032</B>
<L>473360.4402</L>
<alti>165.45</alti>
<altiAcc>2</altiAcc>
</GCP>
<GCP gml:id="K1_483163_32">
<fid>10-00100-0-2002-325913</fid>
<lfSpanFr gml:id="K1_483163_32-1">
<gml:timePosition>2021-02-22</gml:timePosition>
</lfSpanFr>
<devDate gml:id="K1_483163_32-2">
<gml:timePosition>2021-03-09</gml:timePosition>
</devDate>
<orgGILvl>KJ14</orgGILvl>
<vis>表示</vis>
<pos>
<gml:Point gml:id="K1_483163_32-g" srsName="fguuid:jgd2011.bl">
<gml:pos>32.543589528 131.429867972</gml:pos>
</gml:Point>
</pos>
<orgName>国土地理院</orgName>
<type>三角点</type>
<gcpClass>四等三角点</gcpClass>
<gcpCode>TR44831635401</gcpCode>
<name>尾戸</name>
<B>117156.9223</B>
<L>473147.5247</L>
<alti>581.69</alti>
<altiAcc>2</altiAcc>
</GCP>
<GCP gml:id="K1_483163_33">
<fid>10-00100-0-2002-325914</fid>
<lfSpanFr gml:id="K1_483163_33-1">
<gml:timePosition>2021-02-22</gml:timePosition>
</lfSpanFr>
<devDate gml:id="K1_483163_33-2">
<gml:timePosition>2021-03-09</gml:timePosition>
</devDate>
<orgGILvl>KJ14</orgGILvl>
<vis>表示</vis>
<pos>
<gml:Point gml:id="K1_483163_33-g" srsName="fguuid:jgd2011.bl">
<gml:pos>32.547100833 131.442519639</gml:pos>
</gml:Point>
</pos>
<orgName>国土地理院</orgName>
<type>三角点</type>
<gcpClass>四等三角点</gcpClass>
<gcpCode>TR44831635501</gcpCode>
<name>躑躅谷</name>
<B>117169.563</B>
<L>473193.0707</L>
<alti>472.78</alti>
<altiAcc>2</altiAcc>
</GCP>
<GCP gml:id="K1_483163_34">
<fid>10-00100-0-2002-325915</fid>
<lfSpanFr gml:id="K1_483163_34-1">
<gml:timePosition>2021-02-22</gml:timePosition>
</lfSpanFr>
<devDate gml:id="K1_483163_34-2">
<gml:timePosition>2021-03-09</gml:timePosition>
</devDate>
<orgGILvl>KJ14</orgGILvl>
<vis>表示</vis>
<pos>
<gml:Point gml:id="K1_483163_34-g" srsName="fguuid:jgd2011.bl">
<gml:pos>32.545460250 131.454461556</gml:pos>
</gml:Point>
</pos>
<orgName>国土地理院</orgName>
<type>三角点</type>
<gcpClass>四等三角点</gcpClass>
<gcpCode>TR44831635601</gcpCode>
<name>竹見野</name>
<B>117163.6569</B>
<L>473236.0616</L>
<alti>579.85</alti>
<altiAcc>2</altiAcc>
</GCP>
<GCP gml:id="K1_483163_35">
<fid>10-00100-0-2002-325916</fid>
<lfSpanFr gml:id="K1_483163_35-1">
<gml:timePosition>2021-02-22</gml:timePosition>
</lfSpanFr>
<devDate gml:id="K1_483163_35-2">
<gml:timePosition>2021-03-09</gml:timePosition>
</devDate>
<orgGILvl>KJ14</orgGILvl>
<vis>表示</vis>
<pos>
<gml:Point gml:id="K1_483163_35-g" srsName="fguuid:jgd2011.bl">
<gml:pos>32.548115139 131.464176917</gml:pos>
</gml:Point>
</pos>
<orgName>国土地理院</orgName>
<type>三角点</type>
<gcpClass>四等三角点</gcpClass>
<gcpCode>TR44831635701</gcpCode>
<name>穂場</name>
<B>117173.2145</B>
<L>473271.0369</L>
<alti>504.67</alti>
<altiAcc>2</altiAcc>
</GCP>
<GCP gml:id="K1_483163_36">
<fid>10-00100-0-2002-325918</fid>
<lfSpanFr gml:id="K1_483163_36-1">
<gml:timePosition>2021-02-22</gml:timePosition>
</lfSpanFr>
<devDate gml:id="K1_483163_36-2">
<gml:timePosition>2021-03-09</gml:timePosition>
</devDate>
<orgGILvl>KJ14</orgGILvl>
<vis>表示</vis>
<pos>
<gml:Point gml:id="K1_483163_36-g" srsName="fguuid:jgd2011.bl">
<gml:pos>32.550542639 131.410856500</gml:pos>
</gml:Point>
</pos>
<orgName>国土地理院</orgName>
<type>三角点</type>
<gcpClass>四等三角点</gcpClass>
<gcpCode>TR44831636201</gcpCode>
<name>橋野谷</name>
<B>117181.9535</B>
<L>473079.0834</L>
<alti>859.16</alti>
<altiAcc>2</altiAcc>
</GCP>
<GCP gml:id="K1_483163_37">
<fid>10-00100-0-2002-325919</fid>
<lfSpanFr gml:id="K1_483163_37-1">
<gml:timePosition>2021-02-22</gml:timePosition>
</lfSpanFr>
<devDate gml:id="K1_483163_37-2">
<gml:timePosition>2021-03-09</gml:timePosition>
</devDate>
<orgGILvl>KJ14</orgGILvl>
<vis>表示</vis>
<pos>
<gml:Point gml:id="K1_483163_37-g" srsName="fguuid:jgd2011.bl">
<gml:pos>32.555731861 131.430481389</gml:pos>
</gml:Point>
</pos>
<orgName>国土地理院</orgName>
<type>三角点</type>
<gcpClass>四等三角点</gcpClass>
<gcpCode>TR44831636401</gcpCode>
<name>高塚</name>
<B>117200.6347</B>
<L>473149.733</L>
<alti>886.97</alti>
<altiAcc>2</altiAcc>
</GCP>
<GCP gml:id="K1_483163_38">
<fid>10-00100-0-2002-325920</fid>
<lfSpanFr gml:id="K1_483163_38-1">
<gml:timePosition>2021-02-22</gml:timePosition>
</lfSpanFr>
<devDate gml:id="K1_483163_38-2">
<gml:timePosition>2021-03-09</gml:timePosition>
</devDate>
<orgGILvl>KJ14</orgGILvl>
<vis>表示</vis>
<pos>
<gml:Point gml:id="K1_483163_38-g" srsName="fguuid:jgd2011.bl">
<gml:pos>32.555127722 131.482314389</gml:pos>
</gml:Point>
</pos>
<orgName>国土地理院</orgName>
<type>三角点</type>
<gcpClass>四等三角点</gcpClass>
<gcpCode>TR44831636801</gcpCode>
<name>中迫谷</name>
<B>117198.4598</B>
<L>473336.3318</L>
<alti>273.68</alti>
<altiAcc>2</altiAcc>
</GCP>
<GCP gml:id="K1_483163_39">
<fid>10-00100-0-2002-325921</fid>
<lfSpanFr gml:id="K1_483163_39-1">
<gml:timePosition>2021-02-22</gml:timePosition>
</lfSpanFr>
<devDate gml:id="K1_483163_39-2">
<gml:timePosition>2021-03-09</gml:timePosition>
</devDate>
<orgGILvl>KJ14</orgGILvl>
<vis>表示</vis>
<pos>
<gml:Point gml:id="K1_483163_39-g" srsName="fguuid:jgd2011.bl">
<gml:pos>32.564580194 131.485755000</gml:pos>
</gml:Point>
</pos>
<orgName>国土地理院</orgName>
<type>三角点</type>
<gcpClass>四等三角点</gcpClass>
<gcpCode>TR44831637801</gcpCode>
<name>井手谷</name>
<B>117232.4887</B>
<L>473348.718</L>
<alti>576.07</alti>
<altiAcc>2</altiAcc>
</GCP>
<GCP gml:id="K1_483163_40">
<fid>10-00100-0-2002-325922</fid>
<lfSpanFr gml:id="K1_483163_40-1">
<gml:timePosition>2021-02-22</gml:timePosition>
</lfSpanFr>
<devDate gml:id="K1_483163_40-2">
<gml:timePosition>2021-03-09</gml:timePosition>
</devDate>
<orgGILvl>KJ14</orgGILvl>
<vis>表示</vis>
<pos>
<gml:Point gml:id="K1_483163_40-g" srsName="fguuid:jgd2011.bl">
<gml:pos>32.558742722 131.495662917</gml:pos>
</gml:Point>
</pos>
<orgName>国土地理院</orgName>
<type>三角点</type>
<gcpClass>四等三角点</gcpClass>
<gcpCode>TR44831637901</gcpCode>
<name>高畑</name>
<B>117211.4738</B>
<L>473384.3865</L>
<alti>427.87</alti>
<altiAcc>2</altiAcc>
</GCP>
<GCP gml:id="K1_483163_41">
<fid>10-00100-0-2002-325923</fid>
<lfSpanFr gml:id="K1_483163_41-1">
<gml:timePosition>2021-02-22</gml:timePosition>
</lfSpanFr>
<devDate gml:id="K1_483163_41-2">
<gml:timePosition>2021-03-09</gml:timePosition>
</devDate>
<orgGILvl>KJ14</orgGILvl>
<vis>表示</vis>
<pos>
<gml:Point gml:id="K1_483163_41-g" srsName="fguuid:jgd2011.bl">
<gml:pos>32.568710000 131.396489667</gml:pos>
</gml:Point>
</pos>
<orgName>国土地理院</orgName>
<type>三角点</type>
<gcpClass>四等三角点</gcpClass>
<gcpCode>TR44831638101</gcpCode>
<name>中小屋</name>
<B>117247.356</B>
<L>473027.3628</L>
<alti>901.94</alti>
<altiAcc>2</altiAcc>
</GCP>
<GCP gml:id="K1_483163_42">
<fid>10-00100-0-2002-325924</fid>
<lfSpanFr gml:id="K1_483163_42-1">
<gml:timePosition>2021-02-22</gml:timePosition>
</lfSpanFr>
<devDate gml:id="K1_483163_42-2">
<gml:timePosition>2021-03-09</gml:timePosition>
</devDate>
<orgGILvl>KJ14</orgGILvl>
<vis>表示</vis>
<pos>
<gml:Point gml:id="K1_483163_42-g" srsName="fguuid:jgd2011.bl">
<gml:pos>32.573150167 131.420643861</gml:pos>
</gml:Point>
</pos>
<orgName>国土地理院</orgName>
<type>三角点</type>
<gcpClass>四等三角点</gcpClass>
<gcpCode>TR44831638301</gcpCode>
<name>石峠</name>
<B>117263.3406</B>
<L>473114.3179</L>
<alti>924.34</alti>
<altiAcc>2</altiAcc>
</GCP>
<GCP gml:id="K1_483163_43">
<fid>10-00100-0-2002-325925</fid>
<lfSpanFr gml:id="K1_483163_43-1">
<gml:timePosition>2021-02-22</gml:timePosition>
</lfSpanFr>
<devDate gml:id="K1_483163_43-2">
<gml:timePosition>2021-03-09</gml:timePosition>
</devDate>
<orgGILvl>KJ14</orgGILvl>
<vis>表示</vis>
<pos>
<gml:Point gml:id="K1_483163_43-g" srsName="fguuid:jgd2011.bl">
<gml:pos>32.571314667 131.440180333</gml:pos>
</gml:Point>
</pos>
<orgName>国土地理院</orgName>
<type>三角点</type>
<gcpClass>四等三角点</gcpClass>
<gcpCode>TR44831638501</gcpCode>
<name>田谷</name>
<B>117256.7328</B>
<L>473184.6492</L>
<alti>684.4</alti>
<altiAcc>2</altiAcc>
</GCP>
<GCP gml:id="K1_483163_44">
<fid>10-00100-0-2002-325926</fid>
<lfSpanFr gml:id="K1_483163_44-1">
<gml:timePosition>2021-02-22</gml:timePosition>
</lfSpanFr>
<devDate gml:id="K1_483163_44-2">
<gml:timePosition>2021-03-09</gml:timePosition>
</devDate>
<orgGILvl>KJ14</orgGILvl>
<vis>表示</vis>
<pos>
<gml:Point gml:id="K1_483163_44-g" srsName="fguuid:jgd2011.bl">
<gml:pos>32.575381722 131.384762139</gml:pos>
</gml:Point>
</pos>
<orgName>国土地理院</orgName>
<type>三角点</type>
<gcpClass>四等三角点</gcpClass>
<gcpCode>TR44831639001</gcpCode>
<name>樅木尾</name>
<B>117271.3742</B>
<L>472985.1437</L>
<alti>693.9</alti>
<altiAcc>2</altiAcc>
</GCP>
<GCP gml:id="K1_483163_45">
<fid>10-00100-0-2002-325927</fid>
<lfSpanFr gml:id="K1_483163_45-1">
<gml:timePosition>2021-02-22</gml:timePosition>
</lfSpanFr>
<devDate gml:id="K1_483163_45-2">
<gml:timePosition>2021-03-09</gml:timePosition>
</devDate>
<orgGILvl>KJ14</orgGILvl>
<vis>表示</vis>
<pos>
<gml:Point gml:id="K1_483163_45-g" srsName="fguuid:jgd2011.bl">
<gml:pos>32.578778722 131.457905861</gml:pos>
</gml:Point>
</pos>
<orgName>国土地理院</orgName>
<type>三角点</type>
<gcpClass>四等三角点</gcpClass>
<gcpCode>TR44831639601</gcpCode>
<name>楠八重</name>
<B>117283.6034</B>
<L>473248.4611</L>
<alti>499.54</alti>
<altiAcc>2</altiAcc>
</GCP>
<GCP gml:id="K1_483163_46">
<fid>10-00100-0-2002-325928</fid>
<lfSpanFr gml:id="K1_483163_46-1">
<gml:timePosition>2021-02-22</gml:timePosition>
</lfSpanFr>
<devDate gml:id="K1_483163_46-2">
<gml:timePosition>2021-03-09</gml:timePosition>
</devDate>
<orgGILvl>KJ14</orgGILvl>
<vis>表示</vis>
<pos>
<gml:Point gml:id="K1_483163_46-g" srsName="fguuid:jgd2011.bl">
<gml:pos>32.582710361 131.486876806</gml:pos>
</gml:Point>
</pos>
<orgName>国土地理院</orgName>
<type>三角点</type>
<gcpClass>四等三角点</gcpClass>
<gcpCode>TR44831639801</gcpCode>
<name>離島</name>
<B>117297.7573</B>
<L>473352.7565</L>
<alti>173.85</alti>
<altiAcc>2</altiAcc>
</GCP>
</Dataset>
