<?xml version="1.0" encoding="utf-8"?>
<Dataset xsi:schemaLocation="http://fgd.gsi.go.jp/spec/2008/FGD_GMLSchema FGD_GMLSchema.xsd"
	xmlns:gml="http://www.opengis.net/gml/3.2"
	xmlns:xsi="http://www.w3.org/2001/XMLSchema-instance"
	xmlns:xlink="http://www.w3.org/1999/xlink"
	xmlns="http://fgd.gsi.go.jp/spec/2008/FGD_GMLSchema"
	gml:id="Dataset1">
  <gml:description>基盤地図情報メタデータ ID=fmdid:21-0401</gml:description>
  <gml:name>基盤地図情報ダウンロードデータ（GML版）</gml:name>
<AdmPt gml:id="K6_4729811706_1">
<fid>47298-11706-i-43</fid>
<lfSpanFr gml:id="K6_4729811706_1-1">
<gml:timePosition>2014-11-19</gml:timePosition>
</lfSpanFr>
<devDate gml:id="K6_4729811706_1-2">
<gml:timePosition>2021-03-09</gml:timePosition>
</devDate>
<orgGILvl>25000</orgGILvl>
<vis>非表示</vis>
<pos>
<gml:Point gml:id="K6_4729811706_1-g" srsName="fguuid:jgd2011.bl">
<gml:pos>32.521088931 131.386301986</gml:pos>
</gml:Point>
</pos>
<type>町村・指定都市の区</type>
<name>諸塚村</name>
<admCode>45429</admCode>
</AdmPt>
<AdmPt gml:id="K6_4730411724_1">
<fid>47304-11724-i-32</fid>
<lfSpanFr gml:id="K6_4730411724_1-1">
<gml:timePosition>2014-11-19</gml:timePosition>
</lfSpanFr>
<devDate gml:id="K6_4730411724_1-2">
<gml:timePosition>2021-03-09</gml:timePosition>
</devDate>
<orgGILvl>25000</orgGILvl>
<vis>非表示</vis>
<pos>
<gml:Point gml:id="K6_4730411724_1-g" srsName="fguuid:jgd2011.bl">
<gml:pos>32.571573639 131.407545112</gml:pos>
</gml:Point>
</pos>
<type>町村・指定都市の区</type>
<name>日之影町</name>
<admCode>45442</admCode>
</AdmPt>
<AdmPt gml:id="K6_4731911712_1">
<fid>47319-11712-i-61</fid>
<lfSpanFr gml:id="K6_4731911712_1-1">
<gml:timePosition>2020-12-11</gml:timePosition>
</lfSpanFr>
<devDate gml:id="K6_4731911712_1-2">
<gml:timePosition>2021-03-09</gml:timePosition>
</devDate>
<orgGILvl>25000</orgGILvl>
<vis>非表示</vis>
<pos>
<gml:Point gml:id="K6_4731911712_1-g" srsName="fguuid:jgd2011.bl">
<gml:pos>32.534537164 131.442858741</gml:pos>
</gml:Point>
</pos>
<type>町村・指定都市の区</type>
<name>美郷町</name>
<admCode>45431</admCode>
</AdmPt>
<AdmPt gml:id="K6_4732811724_1">
<fid>47328-11724-i-55</fid>
<lfSpanFr gml:id="K6_4732811724_1-1">
<gml:timePosition>2014-11-19</gml:timePosition>
</lfSpanFr>
<devDate gml:id="K6_4732811724_1-2">
<gml:timePosition>2021-03-09</gml:timePosition>
</devDate>
<orgGILvl>25000</orgGILvl>
<vis>非表示</vis>
<pos>
<gml:Point gml:id="K6_4732811724_1-g" srsName="fguuid:jgd2011.bl">
<gml:pos>32.569889742 131.470257767</gml:pos>
</gml:Point>
</pos>
<type>郡市・東京都の区</type>
<name>延岡市</name>
<admCode>45203</admCode>
</AdmPt>
</Dataset>
