<?xml version="1.0" encoding="utf-8"?>
<Dataset xsi:schemaLocation="http://fgd.gsi.go.jp/spec/2008/FGD_GMLSchema FGD_GMLSchema.xsd"
	xmlns:gml="http://www.opengis.net/gml/3.2"
	xmlns:xsi="http://www.w3.org/2001/XMLSchema-instance"
	xmlns:xlink="http://www.w3.org/1999/xlink"
	xmlns="http://fgd.gsi.go.jp/spec/2008/FGD_GMLSchema"
	gml:id="Dataset1">
  <gml:description>基盤地図情報メタデータ ID=fmdid:20-0701</gml:description>
  <gml:name>基盤地図情報ダウンロードデータ（GML版）</gml:name>
<ElevPt gml:id="K2_4729511763_1">
<fid>47295-11763-i-2</fid>
<lfSpanFr gml:id="K2_4729511763_1-1">
<gml:timePosition>2013-12-10</gml:timePosition>
</lfSpanFr>
<devDate gml:id="K2_4729511763_1-2">
<gml:timePosition>2020-06-26</gml:timePosition>
</devDate>
<orgGILvl>25000</orgGILvl>
<vis>表示</vis>
<pos>
<gml:Point gml:id="K2_4729511763_1-g" srsName="fguuid:jgd2011.bl">
<gml:pos>32.683284444 131.380672778</gml:pos>
</gml:Point>
</pos>
<type>標高点（測点）</type>
<alti>485</alti>
</ElevPt>
<ElevPt gml:id="K2_4729511766_1">
<fid>47295-11766-i-2</fid>
<lfSpanFr gml:id="K2_4729511766_1-1">
<gml:timePosition>2013-12-10</gml:timePosition>
</lfSpanFr>
<devDate gml:id="K2_4729511766_1-2">
<gml:timePosition>2020-06-26</gml:timePosition>
</devDate>
<orgGILvl>25000</orgGILvl>
<vis>表示</vis>
<pos>
<gml:Point gml:id="K2_4729511766_1-g" srsName="fguuid:jgd2011.bl">
<gml:pos>32.690056944 131.377856667</gml:pos>
</gml:Point>
</pos>
<type>標高点（測点）</type>
<alti>487</alti>
</ElevPt>
<ElevPt gml:id="K2_4729511772_1">
<fid>47295-11772-i-4</fid>
<lfSpanFr gml:id="K2_4729511772_1-1">
<gml:timePosition>2013-12-10</gml:timePosition>
</lfSpanFr>
<devDate gml:id="K2_4729511772_1-2">
<gml:timePosition>2020-06-26</gml:timePosition>
</devDate>
<orgGILvl>25000</orgGILvl>
<vis>表示</vis>
<pos>
<gml:Point gml:id="K2_4729511772_1-g" srsName="fguuid:jgd2011.bl">
<gml:pos>32.708263056 131.375083333</gml:pos>
</gml:Point>
</pos>
<type>標高点（測点）</type>
<alti>626</alti>
</ElevPt>
<ElevPt gml:id="K2_4729511787_1">
<fid>47295-11787-i-10</fid>
<lfSpanFr gml:id="K2_4729511787_1-1">
<gml:timePosition>2013-12-10</gml:timePosition>
</lfSpanFr>
<devDate gml:id="K2_4729511787_1-2">
<gml:timePosition>2020-06-26</gml:timePosition>
</devDate>
<orgGILvl>25000</orgGILvl>
<vis>表示</vis>
<pos>
<gml:Point gml:id="K2_4729511787_1-g" srsName="fguuid:jgd2011.bl">
<gml:pos>32.744147778 131.382001389</gml:pos>
</gml:Point>
</pos>
<type>標高点（測点）</type>
<alti>608</alti>
</ElevPt>
<ElevPt gml:id="K2_4729511787_2">
<fid>47295-11787-i-90</fid>
<lfSpanFr gml:id="K2_4729511787_2-1">
<gml:timePosition>2018-12-27</gml:timePosition>
</lfSpanFr>
<devDate gml:id="K2_4729511787_2-2">
<gml:timePosition>2020-06-26</gml:timePosition>
</devDate>
<orgGILvl>25000</orgGILvl>
<vis>非表示</vis>
<pos>
<gml:Point gml:id="K2_4729511787_2-g" srsName="fguuid:jgd2011.bl">
<gml:pos>32.749996111 131.376292778</gml:pos>
</gml:Point>
</pos>
<type>標高点（測点）</type>
<alti>488</alti>
</ElevPt>
<ElevPt gml:id="K2_4729811760_1">
<fid>47298-11760-i-2</fid>
<lfSpanFr gml:id="K2_4729811760_1-1">
<gml:timePosition>2013-12-10</gml:timePosition>
</lfSpanFr>
<devDate gml:id="K2_4729811760_1-2">
<gml:timePosition>2020-06-26</gml:timePosition>
</devDate>
<orgGILvl>25000</orgGILvl>
<vis>表示</vis>
<pos>
<gml:Point gml:id="K2_4729811760_1-g" srsName="fguuid:jgd2011.bl">
<gml:pos>32.667324167 131.384071667</gml:pos>
</gml:Point>
</pos>
<type>標高点（測点）</type>
<alti>443</alti>
</ElevPt>
<ElevPt gml:id="K2_4729811763_1">
<fid>47298-11763-i-2</fid>
<lfSpanFr gml:id="K2_4729811763_1-1">
<gml:timePosition>2013-12-10</gml:timePosition>
</lfSpanFr>
<devDate gml:id="K2_4729811763_1-2">
<gml:timePosition>2020-06-26</gml:timePosition>
</devDate>
<orgGILvl>25000</orgGILvl>
<vis>表示</vis>
<pos>
<gml:Point gml:id="K2_4729811763_1-g" srsName="fguuid:jgd2011.bl">
<gml:pos>32.677587222 131.388740833</gml:pos>
</gml:Point>
</pos>
<type>標高点（測点）</type>
<alti>701</alti>
</ElevPt>
<ElevPt gml:id="K2_4729811766_1">
<fid>47298-11766-i-5</fid>
<lfSpanFr gml:id="K2_4729811766_1-1">
<gml:timePosition>2013-12-10</gml:timePosition>
</lfSpanFr>
<devDate gml:id="K2_4729811766_1-2">
<gml:timePosition>2020-06-26</gml:timePosition>
</devDate>
<orgGILvl>25000</orgGILvl>
<vis>表示</vis>
<pos>
<gml:Point gml:id="K2_4729811766_1-g" srsName="fguuid:jgd2011.bl">
<gml:pos>32.688980000 131.387378056</gml:pos>
</gml:Point>
</pos>
<type>標高点（測点）</type>
<alti>690</alti>
</ElevPt>
<ElevPt gml:id="K2_4729811772_1">
<fid>47298-11772-i-7</fid>
<lfSpanFr gml:id="K2_4729811772_1-1">
<gml:timePosition>2013-12-10</gml:timePosition>
</lfSpanFr>
<devDate gml:id="K2_4729811772_1-2">
<gml:timePosition>2020-06-26</gml:timePosition>
</devDate>
<orgGILvl>25000</orgGILvl>
<vis>表示</vis>
<pos>
<gml:Point gml:id="K2_4729811772_1-g" srsName="fguuid:jgd2011.bl">
<gml:pos>32.702087222 131.390464722</gml:pos>
</gml:Point>
</pos>
<type>標高点（測点）</type>
<alti>775</alti>
</ElevPt>
<ElevPt gml:id="K2_4729811772_2">
<fid>47298-11772-i-18</fid>
<lfSpanFr gml:id="K2_4729811772_2-1">
<gml:timePosition>2020-06-10</gml:timePosition>
</lfSpanFr>
<devDate gml:id="K2_4729811772_2-2">
<gml:timePosition>2020-06-26</gml:timePosition>
</devDate>
<orgGILvl>25000</orgGILvl>
<pos>
<gml:Point gml:id="K2_4729811772_2-g" srsName="fguuid:jgd2011.bl">
<gml:pos>32.703693889 131.385317500</gml:pos>
</gml:Point>
</pos>
<type>標高点（測点）</type>
<alti>752</alti>
</ElevPt>
<ElevPt gml:id="K2_4729811778_1">
<fid>47298-11778-i-9</fid>
<lfSpanFr gml:id="K2_4729811778_1-1">
<gml:timePosition>2013-12-10</gml:timePosition>
</lfSpanFr>
<devDate gml:id="K2_4729811778_1-2">
<gml:timePosition>2020-06-26</gml:timePosition>
</devDate>
<orgGILvl>25000</orgGILvl>
<vis>表示</vis>
<pos>
<gml:Point gml:id="K2_4729811778_1-g" srsName="fguuid:jgd2011.bl">
<gml:pos>32.722476667 131.383743889</gml:pos>
</gml:Point>
</pos>
<type>標高点（測点）</type>
<alti>952</alti>
</ElevPt>
<ElevPt gml:id="K2_4729811778_2">
<fid>47298-11778-i-10</fid>
<lfSpanFr gml:id="K2_4729811778_2-1">
<gml:timePosition>2013-12-10</gml:timePosition>
</lfSpanFr>
<devDate gml:id="K2_4729811778_2-2">
<gml:timePosition>2020-06-26</gml:timePosition>
</devDate>
<orgGILvl>25000</orgGILvl>
<vis>表示</vis>
<pos>
<gml:Point gml:id="K2_4729811778_2-g" srsName="fguuid:jgd2011.bl">
<gml:pos>32.720876389 131.391461389</gml:pos>
</gml:Point>
</pos>
<type>標高点（測点）</type>
<alti>745</alti>
</ElevPt>
<ElevPt gml:id="K2_4729811781_1">
<fid>47298-11781-i-13</fid>
<lfSpanFr gml:id="K2_4729811781_1-1">
<gml:timePosition>2013-12-10</gml:timePosition>
</lfSpanFr>
<devDate gml:id="K2_4729811781_1-2">
<gml:timePosition>2020-06-26</gml:timePosition>
</devDate>
<orgGILvl>25000</orgGILvl>
<vis>表示</vis>
<pos>
<gml:Point gml:id="K2_4729811781_1-g" srsName="fguuid:jgd2011.bl">
<gml:pos>32.731371111 131.385265556</gml:pos>
</gml:Point>
</pos>
<type>標高点（測点）</type>
<alti>898</alti>
</ElevPt>
<ElevPt gml:id="K2_4729811784_1">
<fid>47298-11784-i-7</fid>
<lfSpanFr gml:id="K2_4729811784_1-1">
<gml:timePosition>2013-12-10</gml:timePosition>
</lfSpanFr>
<devDate gml:id="K2_4729811784_1-2">
<gml:timePosition>2020-06-26</gml:timePosition>
</devDate>
<orgGILvl>25000</orgGILvl>
<vis>表示</vis>
<pos>
<gml:Point gml:id="K2_4729811784_1-g" srsName="fguuid:jgd2011.bl">
<gml:pos>32.737199722 131.386950000</gml:pos>
</gml:Point>
</pos>
<type>標高点（測点）</type>
<alti>904</alti>
</ElevPt>
<ElevPt gml:id="K2_4730111763_1">
<fid>47301-11763-i-3</fid>
<lfSpanFr gml:id="K2_4730111763_1-1">
<gml:timePosition>2013-12-10</gml:timePosition>
</lfSpanFr>
<devDate gml:id="K2_4730111763_1-2">
<gml:timePosition>2020-06-26</gml:timePosition>
</devDate>
<orgGILvl>25000</orgGILvl>
<vis>表示</vis>
<pos>
<gml:Point gml:id="K2_4730111763_1-g" srsName="fguuid:jgd2011.bl">
<gml:pos>32.677207222 131.399805833</gml:pos>
</gml:Point>
</pos>
<type>標高点（測点）</type>
<alti>406</alti>
</ElevPt>
<ElevPt gml:id="K2_4730111766_1">
<fid>47301-11766-i-3</fid>
<lfSpanFr gml:id="K2_4730111766_1-1">
<gml:timePosition>2013-12-10</gml:timePosition>
</lfSpanFr>
<devDate gml:id="K2_4730111766_1-2">
<gml:timePosition>2020-06-26</gml:timePosition>
</devDate>
<orgGILvl>25000</orgGILvl>
<vis>表示</vis>
<pos>
<gml:Point gml:id="K2_4730111766_1-g" srsName="fguuid:jgd2011.bl">
<gml:pos>32.686579444 131.398016389</gml:pos>
</gml:Point>
</pos>
<type>標高点（測点）</type>
<alti>404</alti>
</ElevPt>
<ElevPt gml:id="K2_4730111769_1">
<fid>47301-11769-i-11</fid>
<lfSpanFr gml:id="K2_4730111769_1-1">
<gml:timePosition>2013-12-10</gml:timePosition>
</lfSpanFr>
<devDate gml:id="K2_4730111769_1-2">
<gml:timePosition>2020-06-26</gml:timePosition>
</devDate>
<orgGILvl>25000</orgGILvl>
<vis>表示</vis>
<pos>
<gml:Point gml:id="K2_4730111769_1-g" srsName="fguuid:jgd2011.bl">
<gml:pos>32.692447222 131.393943056</gml:pos>
</gml:Point>
</pos>
<type>標高点（測点）</type>
<alti>522</alti>
</ElevPt>
<ElevPt gml:id="K2_4730111772_1">
<fid>47301-11772-i-6</fid>
<lfSpanFr gml:id="K2_4730111772_1-1">
<gml:timePosition>2013-12-10</gml:timePosition>
</lfSpanFr>
<devDate gml:id="K2_4730111772_1-2">
<gml:timePosition>2020-06-26</gml:timePosition>
</devDate>
<orgGILvl>25000</orgGILvl>
<vis>表示</vis>
<pos>
<gml:Point gml:id="K2_4730111772_1-g" srsName="fguuid:jgd2011.bl">
<gml:pos>32.708136389 131.392840556</gml:pos>
</gml:Point>
</pos>
<type>標高点（測点）</type>
<alti>582</alti>
</ElevPt>
<ElevPt gml:id="K2_4730111787_1">
<fid>47301-11787-i-4</fid>
<lfSpanFr gml:id="K2_4730111787_1-1">
<gml:timePosition>2013-12-10</gml:timePosition>
</lfSpanFr>
<devDate gml:id="K2_4730111787_1-2">
<gml:timePosition>2020-06-26</gml:timePosition>
</devDate>
<orgGILvl>25000</orgGILvl>
<vis>表示</vis>
<pos>
<gml:Point gml:id="K2_4730111787_1-g" srsName="fguuid:jgd2011.bl">
<gml:pos>32.747631111 131.393239167</gml:pos>
</gml:Point>
</pos>
<type>標高点（測点）</type>
<alti>948</alti>
</ElevPt>
<ElevPt gml:id="K2_4730111787_2">
<fid>47301-11787-i-5</fid>
<lfSpanFr gml:id="K2_4730111787_2-1">
<gml:timePosition>2013-12-10</gml:timePosition>
</lfSpanFr>
<devDate gml:id="K2_4730111787_2-2">
<gml:timePosition>2020-06-26</gml:timePosition>
</devDate>
<orgGILvl>25000</orgGILvl>
<vis>表示</vis>
<pos>
<gml:Point gml:id="K2_4730111787_2-g" srsName="fguuid:jgd2011.bl">
<gml:pos>32.745766667 131.399637500</gml:pos>
</gml:Point>
</pos>
<type>標高点（測点）</type>
<alti>1168</alti>
</ElevPt>
<ElevPt gml:id="K2_4730411760_1">
<fid>47304-11760-i-6</fid>
<lfSpanFr gml:id="K2_4730411760_1-1">
<gml:timePosition>2013-12-10</gml:timePosition>
</lfSpanFr>
<devDate gml:id="K2_4730411760_1-2">
<gml:timePosition>2020-06-26</gml:timePosition>
</devDate>
<orgGILvl>25000</orgGILvl>
<vis>表示</vis>
<pos>
<gml:Point gml:id="K2_4730411760_1-g" srsName="fguuid:jgd2011.bl">
<gml:pos>32.668302778 131.403968889</gml:pos>
</gml:Point>
</pos>
<type>標高点（測点）</type>
<alti>286</alti>
</ElevPt>
<ElevPt gml:id="K2_4730411766_1">
<fid>47304-11766-i-8</fid>
<lfSpanFr gml:id="K2_4730411766_1-1">
<gml:timePosition>2013-12-10</gml:timePosition>
</lfSpanFr>
<devDate gml:id="K2_4730411766_1-2">
<gml:timePosition>2020-06-26</gml:timePosition>
</devDate>
<orgGILvl>25000</orgGILvl>
<vis>表示</vis>
<pos>
<gml:Point gml:id="K2_4730411766_1-g" srsName="fguuid:jgd2011.bl">
<gml:pos>32.684075556 131.406868056</gml:pos>
</gml:Point>
</pos>
<type>標高点（測点）</type>
<alti>342</alti>
</ElevPt>
<ElevPt gml:id="K2_4730411766_2">
<fid>47304-11766-i-9</fid>
<lfSpanFr gml:id="K2_4730411766_2-1">
<gml:timePosition>2013-12-10</gml:timePosition>
</lfSpanFr>
<devDate gml:id="K2_4730411766_2-2">
<gml:timePosition>2020-06-26</gml:timePosition>
</devDate>
<orgGILvl>25000</orgGILvl>
<vis>表示</vis>
<pos>
<gml:Point gml:id="K2_4730411766_2-g" srsName="fguuid:jgd2011.bl">
<gml:pos>32.691281667 131.407381667</gml:pos>
</gml:Point>
</pos>
<type>標高点（測点）</type>
<alti>311</alti>
</ElevPt>
<ElevPt gml:id="K2_4730411772_1">
<fid>47304-11772-i-10</fid>
<lfSpanFr gml:id="K2_4730411772_1-1">
<gml:timePosition>2013-12-10</gml:timePosition>
</lfSpanFr>
<devDate gml:id="K2_4730411772_1-2">
<gml:timePosition>2020-06-26</gml:timePosition>
</devDate>
<orgGILvl>25000</orgGILvl>
<vis>表示</vis>
<pos>
<gml:Point gml:id="K2_4730411772_1-g" srsName="fguuid:jgd2011.bl">
<gml:pos>32.701187222 131.403146944</gml:pos>
</gml:Point>
</pos>
<type>標高点（測点）</type>
<alti>194</alti>
</ElevPt>
<ElevPt gml:id="K2_4730411778_1">
<fid>47304-11778-i-15</fid>
<lfSpanFr gml:id="K2_4730411778_1-1">
<gml:timePosition>2013-12-10</gml:timePosition>
</lfSpanFr>
<devDate gml:id="K2_4730411778_1-2">
<gml:timePosition>2020-06-26</gml:timePosition>
</devDate>
<orgGILvl>25000</orgGILvl>
<vis>表示</vis>
<pos>
<gml:Point gml:id="K2_4730411778_1-g" srsName="fguuid:jgd2011.bl">
<gml:pos>32.718482500 131.402329444</gml:pos>
</gml:Point>
</pos>
<type>標高点（測点）</type>
<alti>228</alti>
</ElevPt>
<ElevPt gml:id="K2_4730411781_1">
<fid>47304-11781-i-14</fid>
<lfSpanFr gml:id="K2_4730411781_1-1">
<gml:timePosition>2013-12-10</gml:timePosition>
</lfSpanFr>
<devDate gml:id="K2_4730411781_1-2">
<gml:timePosition>2020-06-26</gml:timePosition>
</devDate>
<orgGILvl>25000</orgGILvl>
<vis>表示</vis>
<pos>
<gml:Point gml:id="K2_4730411781_1-g" srsName="fguuid:jgd2011.bl">
<gml:pos>32.729204444 131.405135556</gml:pos>
</gml:Point>
</pos>
<type>標高点（測点）</type>
<alti>702</alti>
</ElevPt>
<ElevPt gml:id="K2_4730711763_1">
<fid>47307-11763-i-4</fid>
<lfSpanFr gml:id="K2_4730711763_1-1">
<gml:timePosition>2013-12-10</gml:timePosition>
</lfSpanFr>
<devDate gml:id="K2_4730711763_1-2">
<gml:timePosition>2020-06-26</gml:timePosition>
</devDate>
<orgGILvl>25000</orgGILvl>
<vis>表示</vis>
<pos>
<gml:Point gml:id="K2_4730711763_1-g" srsName="fguuid:jgd2011.bl">
<gml:pos>32.676341389 131.410948333</gml:pos>
</gml:Point>
</pos>
<type>標高点（測点）</type>
<alti>334</alti>
</ElevPt>
<ElevPt gml:id="K2_4730711766_1">
<fid>47307-11766-i-3</fid>
<lfSpanFr gml:id="K2_4730711766_1-1">
<gml:timePosition>2013-12-10</gml:timePosition>
</lfSpanFr>
<devDate gml:id="K2_4730711766_1-2">
<gml:timePosition>2020-06-26</gml:timePosition>
</devDate>
<orgGILvl>25000</orgGILvl>
<vis>表示</vis>
<pos>
<gml:Point gml:id="K2_4730711766_1-g" srsName="fguuid:jgd2011.bl">
<gml:pos>32.687186111 131.414926389</gml:pos>
</gml:Point>
</pos>
<type>標高点（測点）</type>
<alti>510</alti>
</ElevPt>
<ElevPt gml:id="K2_4730711772_1">
<fid>47307-11772-i-1</fid>
<lfSpanFr gml:id="K2_4730711772_1-1">
<gml:timePosition>2013-12-10</gml:timePosition>
</lfSpanFr>
<devDate gml:id="K2_4730711772_1-2">
<gml:timePosition>2020-06-26</gml:timePosition>
</devDate>
<orgGILvl>25000</orgGILvl>
<vis>表示</vis>
<pos>
<gml:Point gml:id="K2_4730711772_1-g" srsName="fguuid:jgd2011.bl">
<gml:pos>32.703497778 131.410327222</gml:pos>
</gml:Point>
</pos>
<type>標高点（測点）</type>
<alti>666</alti>
</ElevPt>
<ElevPt gml:id="K2_4730711775_1">
<fid>47307-11775-i-5</fid>
<lfSpanFr gml:id="K2_4730711775_1-1">
<gml:timePosition>2013-12-10</gml:timePosition>
</lfSpanFr>
<devDate gml:id="K2_4730711775_1-2">
<gml:timePosition>2020-06-26</gml:timePosition>
</devDate>
<orgGILvl>25000</orgGILvl>
<vis>表示</vis>
<pos>
<gml:Point gml:id="K2_4730711775_1-g" srsName="fguuid:jgd2011.bl">
<gml:pos>32.712808611 131.411228611</gml:pos>
</gml:Point>
</pos>
<type>標高点（測点）</type>
<alti>596</alti>
</ElevPt>
<ElevPt gml:id="K2_4730711778_1">
<fid>47307-11778-i-7</fid>
<lfSpanFr gml:id="K2_4730711778_1-1">
<gml:timePosition>2013-12-10</gml:timePosition>
</lfSpanFr>
<devDate gml:id="K2_4730711778_1-2">
<gml:timePosition>2020-06-26</gml:timePosition>
</devDate>
<orgGILvl>25000</orgGILvl>
<vis>表示</vis>
<pos>
<gml:Point gml:id="K2_4730711778_1-g" srsName="fguuid:jgd2011.bl">
<gml:pos>32.723951389 131.416429167</gml:pos>
</gml:Point>
</pos>
<type>標高点（測点）</type>
<alti>532</alti>
</ElevPt>
<ElevPt gml:id="K2_4730711784_1">
<fid>47307-11784-i-20</fid>
<lfSpanFr gml:id="K2_4730711784_1-1">
<gml:timePosition>2013-12-10</gml:timePosition>
</lfSpanFr>
<devDate gml:id="K2_4730711784_1-2">
<gml:timePosition>2020-06-26</gml:timePosition>
</devDate>
<orgGILvl>25000</orgGILvl>
<vis>表示</vis>
<pos>
<gml:Point gml:id="K2_4730711784_1-g" srsName="fguuid:jgd2011.bl">
<gml:pos>32.734165556 131.412335833</gml:pos>
</gml:Point>
</pos>
<type>標高点（測点）</type>
<alti>276</alti>
</ElevPt>
<ElevPt gml:id="K2_4730711784_2">
<fid>47307-11784-i-21</fid>
<lfSpanFr gml:id="K2_4730711784_2-1">
<gml:timePosition>2013-12-10</gml:timePosition>
</lfSpanFr>
<devDate gml:id="K2_4730711784_2-2">
<gml:timePosition>2020-06-26</gml:timePosition>
</devDate>
<orgGILvl>25000</orgGILvl>
<vis>表示</vis>
<pos>
<gml:Point gml:id="K2_4730711784_2-g" srsName="fguuid:jgd2011.bl">
<gml:pos>32.739974444 131.414242500</gml:pos>
</gml:Point>
</pos>
<type>標高点（測点）</type>
<alti>325</alti>
</ElevPt>
<ElevPt gml:id="K2_4731011763_1">
<fid>47310-11763-i-2</fid>
<lfSpanFr gml:id="K2_4731011763_1-1">
<gml:timePosition>2013-12-10</gml:timePosition>
</lfSpanFr>
<devDate gml:id="K2_4731011763_1-2">
<gml:timePosition>2020-06-26</gml:timePosition>
</devDate>
<orgGILvl>25000</orgGILvl>
<vis>表示</vis>
<pos>
<gml:Point gml:id="K2_4731011763_1-g" srsName="fguuid:jgd2011.bl">
<gml:pos>32.679314444 131.423314167</gml:pos>
</gml:Point>
</pos>
<type>標高点（測点）</type>
<alti>676</alti>
</ElevPt>
<ElevPt gml:id="K2_4731011766_1">
<fid>47310-11766-i-1</fid>
<lfSpanFr gml:id="K2_4731011766_1-1">
<gml:timePosition>2013-12-10</gml:timePosition>
</lfSpanFr>
<devDate gml:id="K2_4731011766_1-2">
<gml:timePosition>2020-06-26</gml:timePosition>
</devDate>
<orgGILvl>25000</orgGILvl>
<vis>表示</vis>
<pos>
<gml:Point gml:id="K2_4731011766_1-g" srsName="fguuid:jgd2011.bl">
<gml:pos>32.691370000 131.417735556</gml:pos>
</gml:Point>
</pos>
<type>標高点（測点）</type>
<alti>368</alti>
</ElevPt>
<ElevPt gml:id="K2_4731011772_1">
<fid>47310-11772-i-1</fid>
<lfSpanFr gml:id="K2_4731011772_1-1">
<gml:timePosition>2013-12-10</gml:timePosition>
</lfSpanFr>
<devDate gml:id="K2_4731011772_1-2">
<gml:timePosition>2020-06-26</gml:timePosition>
</devDate>
<orgGILvl>25000</orgGILvl>
<vis>表示</vis>
<pos>
<gml:Point gml:id="K2_4731011772_1-g" srsName="fguuid:jgd2011.bl">
<gml:pos>32.703621944 131.418916389</gml:pos>
</gml:Point>
</pos>
<type>標高点（測点）</type>
<alti>991</alti>
</ElevPt>
<ElevPt gml:id="K2_4731011778_1">
<fid>47310-11778-i-1</fid>
<lfSpanFr gml:id="K2_4731011778_1-1">
<gml:timePosition>2013-12-10</gml:timePosition>
</lfSpanFr>
<devDate gml:id="K2_4731011778_1-2">
<gml:timePosition>2020-06-26</gml:timePosition>
</devDate>
<orgGILvl>25000</orgGILvl>
<vis>表示</vis>
<pos>
<gml:Point gml:id="K2_4731011778_1-g" srsName="fguuid:jgd2011.bl">
<gml:pos>32.717277778 131.424325833</gml:pos>
</gml:Point>
</pos>
<type>標高点（測点）</type>
<alti>882</alti>
</ElevPt>
<ElevPt gml:id="K2_4731011781_1">
<fid>47310-11781-i-1</fid>
<lfSpanFr gml:id="K2_4731011781_1-1">
<gml:timePosition>2013-12-10</gml:timePosition>
</lfSpanFr>
<devDate gml:id="K2_4731011781_1-2">
<gml:timePosition>2020-06-26</gml:timePosition>
</devDate>
<orgGILvl>25000</orgGILvl>
<vis>表示</vis>
<pos>
<gml:Point gml:id="K2_4731011781_1-g" srsName="fguuid:jgd2011.bl">
<gml:pos>32.726729444 131.423465556</gml:pos>
</gml:Point>
</pos>
<type>標高点（測点）</type>
<alti>547</alti>
</ElevPt>
<ElevPt gml:id="K2_4731011784_1">
<fid>47310-11784-i-1</fid>
<lfSpanFr gml:id="K2_4731011784_1-1">
<gml:timePosition>2013-12-10</gml:timePosition>
</lfSpanFr>
<devDate gml:id="K2_4731011784_1-2">
<gml:timePosition>2020-06-26</gml:timePosition>
</devDate>
<orgGILvl>25000</orgGILvl>
<vis>表示</vis>
<pos>
<gml:Point gml:id="K2_4731011784_1-g" srsName="fguuid:jgd2011.bl">
<gml:pos>32.738776944 131.423769444</gml:pos>
</gml:Point>
</pos>
<type>標高点（測点）</type>
<alti>659</alti>
</ElevPt>
<ElevPt gml:id="K2_4731311760_1">
<fid>47313-11760-i-1</fid>
<lfSpanFr gml:id="K2_4731311760_1-1">
<gml:timePosition>2013-12-10</gml:timePosition>
</lfSpanFr>
<devDate gml:id="K2_4731311760_1-2">
<gml:timePosition>2020-06-26</gml:timePosition>
</devDate>
<orgGILvl>25000</orgGILvl>
<vis>表示</vis>
<pos>
<gml:Point gml:id="K2_4731311760_1-g" srsName="fguuid:jgd2011.bl">
<gml:pos>32.671493333 131.426457778</gml:pos>
</gml:Point>
</pos>
<type>標高点（測点）</type>
<alti>719</alti>
</ElevPt>
<ElevPt gml:id="K2_4731311763_1">
<fid>47313-11763-i-6</fid>
<lfSpanFr gml:id="K2_4731311763_1-1">
<gml:timePosition>2013-12-10</gml:timePosition>
</lfSpanFr>
<devDate gml:id="K2_4731311763_1-2">
<gml:timePosition>2020-06-26</gml:timePosition>
</devDate>
<orgGILvl>25000</orgGILvl>
<vis>表示</vis>
<pos>
<gml:Point gml:id="K2_4731311763_1-g" srsName="fguuid:jgd2011.bl">
<gml:pos>32.682504444 131.432841389</gml:pos>
</gml:Point>
</pos>
<type>標高点（測点）</type>
<alti>816</alti>
</ElevPt>
<ElevPt gml:id="K2_4731311766_1">
<fid>47313-11766-i-5</fid>
<lfSpanFr gml:id="K2_4731311766_1-1">
<gml:timePosition>2013-12-10</gml:timePosition>
</lfSpanFr>
<devDate gml:id="K2_4731311766_1-2">
<gml:timePosition>2020-06-26</gml:timePosition>
</devDate>
<orgGILvl>25000</orgGILvl>
<vis>表示</vis>
<pos>
<gml:Point gml:id="K2_4731311766_1-g" srsName="fguuid:jgd2011.bl">
<gml:pos>32.687965000 131.425628333</gml:pos>
</gml:Point>
</pos>
<type>標高点（測点）</type>
<alti>704</alti>
</ElevPt>
<ElevPt gml:id="K2_4731311769_1">
<fid>47313-11769-i-1</fid>
<lfSpanFr gml:id="K2_4731311769_1-1">
<gml:timePosition>2013-12-10</gml:timePosition>
</lfSpanFr>
<devDate gml:id="K2_4731311769_1-2">
<gml:timePosition>2020-06-26</gml:timePosition>
</devDate>
<orgGILvl>25000</orgGILvl>
<vis>表示</vis>
<pos>
<gml:Point gml:id="K2_4731311769_1-g" srsName="fguuid:jgd2011.bl">
<gml:pos>32.697401944 131.426596667</gml:pos>
</gml:Point>
</pos>
<type>標高点（測点）</type>
<alti>719</alti>
</ElevPt>
<ElevPt gml:id="K2_4731311772_1">
<fid>47313-11772-i-1</fid>
<lfSpanFr gml:id="K2_4731311772_1-1">
<gml:timePosition>2013-12-10</gml:timePosition>
</lfSpanFr>
<devDate gml:id="K2_4731311772_1-2">
<gml:timePosition>2020-06-26</gml:timePosition>
</devDate>
<orgGILvl>25000</orgGILvl>
<vis>表示</vis>
<pos>
<gml:Point gml:id="K2_4731311772_1-g" srsName="fguuid:jgd2011.bl">
<gml:pos>32.707565556 131.429909722</gml:pos>
</gml:Point>
</pos>
<type>標高点（測点）</type>
<alti>1131</alti>
</ElevPt>
<ElevPt gml:id="K2_4731311781_1">
<fid>47313-11781-i-7</fid>
<lfSpanFr gml:id="K2_4731311781_1-1">
<gml:timePosition>2013-12-10</gml:timePosition>
</lfSpanFr>
<devDate gml:id="K2_4731311781_1-2">
<gml:timePosition>2020-06-26</gml:timePosition>
</devDate>
<orgGILvl>25000</orgGILvl>
<vis>表示</vis>
<pos>
<gml:Point gml:id="K2_4731311781_1-g" srsName="fguuid:jgd2011.bl">
<gml:pos>32.725134722 131.427856944</gml:pos>
</gml:Point>
</pos>
<type>標高点（測点）</type>
<alti>420</alti>
</ElevPt>
<ElevPt gml:id="K2_4731311787_1">
<fid>47313-11787-i-1</fid>
<lfSpanFr gml:id="K2_4731311787_1-1">
<gml:timePosition>2013-12-10</gml:timePosition>
</lfSpanFr>
<devDate gml:id="K2_4731311787_1-2">
<gml:timePosition>2020-06-26</gml:timePosition>
</devDate>
<orgGILvl>25000</orgGILvl>
<vis>表示</vis>
<pos>
<gml:Point gml:id="K2_4731311787_1-g" srsName="fguuid:jgd2011.bl">
<gml:pos>32.742269722 131.430630833</gml:pos>
</gml:Point>
</pos>
<type>標高点（測点）</type>
<alti>776</alti>
</ElevPt>
<ElevPt gml:id="K2_4731611766_1">
<fid>47316-11766-i-1</fid>
<lfSpanFr gml:id="K2_4731611766_1-1">
<gml:timePosition>2013-12-10</gml:timePosition>
</lfSpanFr>
<devDate gml:id="K2_4731611766_1-2">
<gml:timePosition>2020-06-26</gml:timePosition>
</devDate>
<orgGILvl>25000</orgGILvl>
<vis>表示</vis>
<pos>
<gml:Point gml:id="K2_4731611766_1-g" srsName="fguuid:jgd2011.bl">
<gml:pos>32.686782222 131.435633333</gml:pos>
</gml:Point>
</pos>
<type>標高点（測点）</type>
<alti>949</alti>
</ElevPt>
<ElevPt gml:id="K2_4731611772_1">
<fid>47316-11772-i-1</fid>
<lfSpanFr gml:id="K2_4731611772_1-1">
<gml:timePosition>2013-12-10</gml:timePosition>
</lfSpanFr>
<devDate gml:id="K2_4731611772_1-2">
<gml:timePosition>2020-06-26</gml:timePosition>
</devDate>
<orgGILvl>25000</orgGILvl>
<vis>表示</vis>
<pos>
<gml:Point gml:id="K2_4731611772_1-g" srsName="fguuid:jgd2011.bl">
<gml:pos>32.702035278 131.437079722</gml:pos>
</gml:Point>
</pos>
<type>標高点（測点）</type>
<alti>1228</alti>
</ElevPt>
<ElevPt gml:id="K2_4731611778_1">
<fid>47316-11778-i-6</fid>
<lfSpanFr gml:id="K2_4731611778_1-1">
<gml:timePosition>2013-12-10</gml:timePosition>
</lfSpanFr>
<devDate gml:id="K2_4731611778_1-2">
<gml:timePosition>2020-06-26</gml:timePosition>
</devDate>
<orgGILvl>25000</orgGILvl>
<vis>表示</vis>
<pos>
<gml:Point gml:id="K2_4731611778_1-g" srsName="fguuid:jgd2011.bl">
<gml:pos>32.717283056 131.434897222</gml:pos>
</gml:Point>
</pos>
<type>標高点（測点）</type>
<alti>1004</alti>
</ElevPt>
<ElevPt gml:id="K2_4731911760_1">
<fid>47319-11760-i-7</fid>
<lfSpanFr gml:id="K2_4731911760_1-1">
<gml:timePosition>2013-12-10</gml:timePosition>
</lfSpanFr>
<devDate gml:id="K2_4731911760_1-2">
<gml:timePosition>2020-06-26</gml:timePosition>
</devDate>
<orgGILvl>25000</orgGILvl>
<vis>表示</vis>
<pos>
<gml:Point gml:id="K2_4731911760_1-g" srsName="fguuid:jgd2011.bl">
<gml:pos>32.668211667 131.445021389</gml:pos>
</gml:Point>
</pos>
<type>標高点（測点）</type>
<alti>397</alti>
</ElevPt>
<ElevPt gml:id="K2_4731911766_1">
<fid>47319-11766-i-2</fid>
<lfSpanFr gml:id="K2_4731911766_1-1">
<gml:timePosition>2013-12-10</gml:timePosition>
</lfSpanFr>
<devDate gml:id="K2_4731911766_1-2">
<gml:timePosition>2020-06-26</gml:timePosition>
</devDate>
<orgGILvl>25000</orgGILvl>
<vis>表示</vis>
<pos>
<gml:Point gml:id="K2_4731911766_1-g" srsName="fguuid:jgd2011.bl">
<gml:pos>32.684402222 131.441916944</gml:pos>
</gml:Point>
</pos>
<type>標高点（測点）</type>
<alti>764</alti>
</ElevPt>
<ElevPt gml:id="K2_4731911766_2">
<fid>47319-11766-i-3</fid>
<lfSpanFr gml:id="K2_4731911766_2-1">
<gml:timePosition>2013-12-10</gml:timePosition>
</lfSpanFr>
<devDate gml:id="K2_4731911766_2-2">
<gml:timePosition>2020-06-26</gml:timePosition>
</devDate>
<orgGILvl>25000</orgGILvl>
<vis>表示</vis>
<pos>
<gml:Point gml:id="K2_4731911766_2-g" srsName="fguuid:jgd2011.bl">
<gml:pos>32.688926944 131.445436667</gml:pos>
</gml:Point>
</pos>
<type>標高点（測点）</type>
<alti>812</alti>
</ElevPt>
<ElevPt gml:id="K2_4731911769_1">
<fid>47319-11769-i-1</fid>
<lfSpanFr gml:id="K2_4731911769_1-1">
<gml:timePosition>2013-12-10</gml:timePosition>
</lfSpanFr>
<devDate gml:id="K2_4731911769_1-2">
<gml:timePosition>2020-06-26</gml:timePosition>
</devDate>
<orgGILvl>25000</orgGILvl>
<vis>表示</vis>
<pos>
<gml:Point gml:id="K2_4731911769_1-g" srsName="fguuid:jgd2011.bl">
<gml:pos>32.698083889 131.444153333</gml:pos>
</gml:Point>
</pos>
<type>標高点（測点）</type>
<alti>784</alti>
</ElevPt>
<ElevPt gml:id="K2_4731911775_1">
<fid>47319-11775-i-2</fid>
<lfSpanFr gml:id="K2_4731911775_1-1">
<gml:timePosition>2013-12-10</gml:timePosition>
</lfSpanFr>
<devDate gml:id="K2_4731911775_1-2">
<gml:timePosition>2020-06-26</gml:timePosition>
</devDate>
<orgGILvl>25000</orgGILvl>
<vis>表示</vis>
<pos>
<gml:Point gml:id="K2_4731911775_1-g" srsName="fguuid:jgd2011.bl">
<gml:pos>32.714304722 131.444939722</gml:pos>
</gml:Point>
</pos>
<type>標高点（測点）</type>
<alti>1288</alti>
</ElevPt>
<ElevPt gml:id="K2_4731911778_1">
<fid>47319-11778-i-5</fid>
<lfSpanFr gml:id="K2_4731911778_1-1">
<gml:timePosition>2013-12-10</gml:timePosition>
</lfSpanFr>
<devDate gml:id="K2_4731911778_1-2">
<gml:timePosition>2020-06-26</gml:timePosition>
</devDate>
<orgGILvl>25000</orgGILvl>
<vis>表示</vis>
<pos>
<gml:Point gml:id="K2_4731911778_1-g" srsName="fguuid:jgd2011.bl">
<gml:pos>32.721913056 131.447769167</gml:pos>
</gml:Point>
</pos>
<type>標高点（測点）</type>
<alti>1266</alti>
</ElevPt>
<ElevPt gml:id="K2_4731911784_1">
<fid>47319-11784-i-1</fid>
<lfSpanFr gml:id="K2_4731911784_1-1">
<gml:timePosition>2013-12-10</gml:timePosition>
</lfSpanFr>
<devDate gml:id="K2_4731911784_1-2">
<gml:timePosition>2020-06-26</gml:timePosition>
</devDate>
<orgGILvl>25000</orgGILvl>
<vis>表示</vis>
<pos>
<gml:Point gml:id="K2_4731911784_1-g" srsName="fguuid:jgd2011.bl">
<gml:pos>32.740210278 131.449537222</gml:pos>
</gml:Point>
</pos>
<type>標高点（測点）</type>
<alti>1348</alti>
</ElevPt>
<ElevPt gml:id="K2_4731911787_1">
<fid>47319-11787-i-1</fid>
<lfSpanFr gml:id="K2_4731911787_1-1">
<gml:timePosition>2013-12-10</gml:timePosition>
</lfSpanFr>
<devDate gml:id="K2_4731911787_1-2">
<gml:timePosition>2020-06-26</gml:timePosition>
</devDate>
<orgGILvl>25000</orgGILvl>
<vis>表示</vis>
<pos>
<gml:Point gml:id="K2_4731911787_1-g" srsName="fguuid:jgd2011.bl">
<gml:pos>32.742116389 131.444600833</gml:pos>
</gml:Point>
</pos>
<type>標高点（測点）</type>
<alti>1366</alti>
</ElevPt>
<ElevPt gml:id="K2_4732211760_1">
<fid>47322-11760-i-3</fid>
<lfSpanFr gml:id="K2_4732211760_1-1">
<gml:timePosition>2013-12-10</gml:timePosition>
</lfSpanFr>
<devDate gml:id="K2_4732211760_1-2">
<gml:timePosition>2020-06-26</gml:timePosition>
</devDate>
<orgGILvl>25000</orgGILvl>
<vis>表示</vis>
<pos>
<gml:Point gml:id="K2_4732211760_1-g" srsName="fguuid:jgd2011.bl">
<gml:pos>32.673367222 131.457271944</gml:pos>
</gml:Point>
</pos>
<type>標高点（測点）</type>
<alti>662</alti>
</ElevPt>
<ElevPt gml:id="K2_4732211763_1">
<fid>47322-11763-i-7</fid>
<lfSpanFr gml:id="K2_4732211763_1-1">
<gml:timePosition>2013-12-10</gml:timePosition>
</lfSpanFr>
<devDate gml:id="K2_4732211763_1-2">
<gml:timePosition>2020-06-26</gml:timePosition>
</devDate>
<orgGILvl>25000</orgGILvl>
<vis>表示</vis>
<pos>
<gml:Point gml:id="K2_4732211763_1-g" srsName="fguuid:jgd2011.bl">
<gml:pos>32.679847778 131.455838333</gml:pos>
</gml:Point>
</pos>
<type>標高点（測点）</type>
<alti>708</alti>
</ElevPt>
<ElevPt gml:id="K2_4732211766_1">
<fid>47322-11766-i-9</fid>
<lfSpanFr gml:id="K2_4732211766_1-1">
<gml:timePosition>2013-12-10</gml:timePosition>
</lfSpanFr>
<devDate gml:id="K2_4732211766_1-2">
<gml:timePosition>2020-06-26</gml:timePosition>
</devDate>
<orgGILvl>25000</orgGILvl>
<vis>表示</vis>
<pos>
<gml:Point gml:id="K2_4732211766_1-g" srsName="fguuid:jgd2011.bl">
<gml:pos>32.683823528 131.453309194</gml:pos>
</gml:Point>
</pos>
<type>標高点（測点）</type>
<alti>374</alti>
</ElevPt>
<ElevPt gml:id="K2_4732211769_1">
<fid>47322-11769-i-5</fid>
<lfSpanFr gml:id="K2_4732211769_1-1">
<gml:timePosition>2013-12-10</gml:timePosition>
</lfSpanFr>
<devDate gml:id="K2_4732211769_1-2">
<gml:timePosition>2020-06-26</gml:timePosition>
</devDate>
<orgGILvl>25000</orgGILvl>
<vis>表示</vis>
<pos>
<gml:Point gml:id="K2_4732211769_1-g" srsName="fguuid:jgd2011.bl">
<gml:pos>32.692957778 131.453444167</gml:pos>
</gml:Point>
</pos>
<type>標高点（測点）</type>
<alti>396</alti>
</ElevPt>
<ElevPt gml:id="K2_4732211772_1">
<fid>47322-11772-i-1</fid>
<lfSpanFr gml:id="K2_4732211772_1-1">
<gml:timePosition>2013-12-10</gml:timePosition>
</lfSpanFr>
<devDate gml:id="K2_4732211772_1-2">
<gml:timePosition>2020-06-26</gml:timePosition>
</devDate>
<orgGILvl>25000</orgGILvl>
<vis>表示</vis>
<pos>
<gml:Point gml:id="K2_4732211772_1-g" srsName="fguuid:jgd2011.bl">
<gml:pos>32.705082778 131.457772222</gml:pos>
</gml:Point>
</pos>
<type>標高点（測点）</type>
<alti>884</alti>
</ElevPt>
<ElevPt gml:id="K2_4732211775_1">
<fid>47322-11775-i-1</fid>
<lfSpanFr gml:id="K2_4732211775_1-1">
<gml:timePosition>2013-12-10</gml:timePosition>
</lfSpanFr>
<devDate gml:id="K2_4732211775_1-2">
<gml:timePosition>2020-06-26</gml:timePosition>
</devDate>
<orgGILvl>25000</orgGILvl>
<vis>表示</vis>
<pos>
<gml:Point gml:id="K2_4732211775_1-g" srsName="fguuid:jgd2011.bl">
<gml:pos>32.716176111 131.455164167</gml:pos>
</gml:Point>
</pos>
<type>標高点（測点）</type>
<alti>874</alti>
</ElevPt>
<ElevPt gml:id="K2_4732211784_1">
<fid>47322-11784-i-4</fid>
<lfSpanFr gml:id="K2_4732211784_1-1">
<gml:timePosition>2013-12-10</gml:timePosition>
</lfSpanFr>
<devDate gml:id="K2_4732211784_1-2">
<gml:timePosition>2020-06-26</gml:timePosition>
</devDate>
<orgGILvl>25000</orgGILvl>
<vis>表示</vis>
<pos>
<gml:Point gml:id="K2_4732211784_1-g" srsName="fguuid:jgd2011.bl">
<gml:pos>32.733468056 131.456930833</gml:pos>
</gml:Point>
</pos>
<type>標高点（測点）</type>
<alti>1411</alti>
</ElevPt>
<ElevPt gml:id="K2_4732511766_1">
<fid>47325-11766-i-1</fid>
<lfSpanFr gml:id="K2_4732511766_1-1">
<gml:timePosition>2013-12-10</gml:timePosition>
</lfSpanFr>
<devDate gml:id="K2_4732511766_1-2">
<gml:timePosition>2020-06-26</gml:timePosition>
</devDate>
<orgGILvl>25000</orgGILvl>
<vis>表示</vis>
<pos>
<gml:Point gml:id="K2_4732511766_1-g" srsName="fguuid:jgd2011.bl">
<gml:pos>32.686551944 131.465124444</gml:pos>
</gml:Point>
</pos>
<type>標高点（測点）</type>
<alti>1014</alti>
</ElevPt>
<ElevPt gml:id="K2_4732511775_1">
<fid>47325-11775-i-2</fid>
<lfSpanFr gml:id="K2_4732511775_1-1">
<gml:timePosition>2013-12-10</gml:timePosition>
</lfSpanFr>
<devDate gml:id="K2_4732511775_1-2">
<gml:timePosition>2020-06-26</gml:timePosition>
</devDate>
<orgGILvl>25000</orgGILvl>
<vis>表示</vis>
<pos>
<gml:Point gml:id="K2_4732511775_1-g" srsName="fguuid:jgd2011.bl">
<gml:pos>32.712176389 131.466408889</gml:pos>
</gml:Point>
</pos>
<type>標高点（測点）</type>
<alti>593</alti>
</ElevPt>
<ElevPt gml:id="K2_4732511787_1">
<fid>47325-11787-i-1</fid>
<lfSpanFr gml:id="K2_4732511787_1-1">
<gml:timePosition>2013-12-10</gml:timePosition>
</lfSpanFr>
<devDate gml:id="K2_4732511787_1-2">
<gml:timePosition>2020-06-26</gml:timePosition>
</devDate>
<orgGILvl>25000</orgGILvl>
<vis>表示</vis>
<pos>
<gml:Point gml:id="K2_4732511787_1-g" srsName="fguuid:jgd2011.bl">
<gml:pos>32.742196111 131.466109722</gml:pos>
</gml:Point>
</pos>
<type>標高点（測点）</type>
<alti>1476</alti>
</ElevPt>
<ElevPt gml:id="K2_4732511787_2">
<fid>47325-11787-i-2</fid>
<lfSpanFr gml:id="K2_4732511787_2-1">
<gml:timePosition>2013-12-10</gml:timePosition>
</lfSpanFr>
<devDate gml:id="K2_4732511787_2-2">
<gml:timePosition>2020-06-26</gml:timePosition>
</devDate>
<orgGILvl>25000</orgGILvl>
<vis>表示</vis>
<pos>
<gml:Point gml:id="K2_4732511787_2-g" srsName="fguuid:jgd2011.bl">
<gml:pos>32.747771111 131.465669444</gml:pos>
</gml:Point>
</pos>
<type>標高点（測点）</type>
<alti>1382</alti>
</ElevPt>
<ElevPt gml:id="K2_4732811763_1">
<fid>47328-11763-i-1</fid>
<lfSpanFr gml:id="K2_4732811763_1-1">
<gml:timePosition>2013-12-10</gml:timePosition>
</lfSpanFr>
<devDate gml:id="K2_4732811763_1-2">
<gml:timePosition>2020-06-26</gml:timePosition>
</devDate>
<orgGILvl>25000</orgGILvl>
<vis>表示</vis>
<pos>
<gml:Point gml:id="K2_4732811763_1-g" srsName="fguuid:jgd2011.bl">
<gml:pos>32.675219167 131.474812222</gml:pos>
</gml:Point>
</pos>
<type>標高点（測点）</type>
<alti>924</alti>
</ElevPt>
<ElevPt gml:id="K2_4732811763_2">
<fid>47328-11763-i-2</fid>
<lfSpanFr gml:id="K2_4732811763_2-1">
<gml:timePosition>2013-12-10</gml:timePosition>
</lfSpanFr>
<devDate gml:id="K2_4732811763_2-2">
<gml:timePosition>2020-06-26</gml:timePosition>
</devDate>
<orgGILvl>25000</orgGILvl>
<vis>表示</vis>
<pos>
<gml:Point gml:id="K2_4732811763_2-g" srsName="fguuid:jgd2011.bl">
<gml:pos>32.680509722 131.467901667</gml:pos>
</gml:Point>
</pos>
<type>標高点（測点）</type>
<alti>1014</alti>
</ElevPt>
<ElevPt gml:id="K2_4732811769_1">
<fid>47328-11769-i-7</fid>
<lfSpanFr gml:id="K2_4732811769_1-1">
<gml:timePosition>2013-12-10</gml:timePosition>
</lfSpanFr>
<devDate gml:id="K2_4732811769_1-2">
<gml:timePosition>2020-06-26</gml:timePosition>
</devDate>
<orgGILvl>25000</orgGILvl>
<vis>表示</vis>
<pos>
<gml:Point gml:id="K2_4732811769_1-g" srsName="fguuid:jgd2011.bl">
<gml:pos>32.694431389 131.471398333</gml:pos>
</gml:Point>
</pos>
<type>標高点（測点）</type>
<alti>698</alti>
</ElevPt>
<ElevPt gml:id="K2_4732811769_2">
<fid>47328-11769-i-8</fid>
<lfSpanFr gml:id="K2_4732811769_2-1">
<gml:timePosition>2013-12-10</gml:timePosition>
</lfSpanFr>
<devDate gml:id="K2_4732811769_2-2">
<gml:timePosition>2020-06-26</gml:timePosition>
</devDate>
<orgGILvl>25000</orgGILvl>
<vis>表示</vis>
<pos>
<gml:Point gml:id="K2_4732811769_2-g" srsName="fguuid:jgd2011.bl">
<gml:pos>32.698055833 131.469300556</gml:pos>
</gml:Point>
</pos>
<type>標高点（測点）</type>
<alti>584</alti>
</ElevPt>
<ElevPt gml:id="K2_4732811772_1">
<fid>47328-11772-i-8</fid>
<lfSpanFr gml:id="K2_4732811772_1-1">
<gml:timePosition>2013-12-10</gml:timePosition>
</lfSpanFr>
<devDate gml:id="K2_4732811772_1-2">
<gml:timePosition>2020-06-26</gml:timePosition>
</devDate>
<orgGILvl>25000</orgGILvl>
<vis>表示</vis>
<pos>
<gml:Point gml:id="K2_4732811772_1-g" srsName="fguuid:jgd2011.bl">
<gml:pos>32.707123333 131.472490278</gml:pos>
</gml:Point>
</pos>
<type>標高点（測点）</type>
<alti>583</alti>
</ElevPt>
<ElevPt gml:id="K2_4732811781_1">
<fid>47328-11781-i-16</fid>
<lfSpanFr gml:id="K2_4732811781_1-1">
<gml:timePosition>2013-12-10</gml:timePosition>
</lfSpanFr>
<devDate gml:id="K2_4732811781_1-2">
<gml:timePosition>2020-06-26</gml:timePosition>
</devDate>
<orgGILvl>25000</orgGILvl>
<vis>表示</vis>
<pos>
<gml:Point gml:id="K2_4732811781_1-g" srsName="fguuid:jgd2011.bl">
<gml:pos>32.728765833 131.471807222</gml:pos>
</gml:Point>
</pos>
<type>標高点（測点）</type>
<alti>872</alti>
</ElevPt>
<ElevPt gml:id="K2_4732811784_1">
<fid>47328-11784-i-1</fid>
<lfSpanFr gml:id="K2_4732811784_1-1">
<gml:timePosition>2013-12-10</gml:timePosition>
</lfSpanFr>
<devDate gml:id="K2_4732811784_1-2">
<gml:timePosition>2020-06-26</gml:timePosition>
</devDate>
<orgGILvl>25000</orgGILvl>
<vis>表示</vis>
<pos>
<gml:Point gml:id="K2_4732811784_1-g" srsName="fguuid:jgd2011.bl">
<gml:pos>32.733755000 131.466893611</gml:pos>
</gml:Point>
</pos>
<type>標高点（測点）</type>
<alti>1165</alti>
</ElevPt>
<ElevPt gml:id="K2_4733111763_1">
<fid>47331-11763-i-1</fid>
<lfSpanFr gml:id="K2_4733111763_1-1">
<gml:timePosition>2013-12-10</gml:timePosition>
</lfSpanFr>
<devDate gml:id="K2_4733111763_1-2">
<gml:timePosition>2020-06-26</gml:timePosition>
</devDate>
<orgGILvl>25000</orgGILvl>
<vis>表示</vis>
<pos>
<gml:Point gml:id="K2_4733111763_1-g" srsName="fguuid:jgd2011.bl">
<gml:pos>32.683108056 131.476226944</gml:pos>
</gml:Point>
</pos>
<type>標高点（測点）</type>
<alti>1278</alti>
</ElevPt>
<ElevPt gml:id="K2_4733111766_1">
<fid>47331-11766-i-5</fid>
<lfSpanFr gml:id="K2_4733111766_1-1">
<gml:timePosition>2013-12-10</gml:timePosition>
</lfSpanFr>
<devDate gml:id="K2_4733111766_1-2">
<gml:timePosition>2020-06-26</gml:timePosition>
</devDate>
<orgGILvl>25000</orgGILvl>
<vis>表示</vis>
<pos>
<gml:Point gml:id="K2_4733111766_1-g" srsName="fguuid:jgd2011.bl">
<gml:pos>32.690192222 131.476160833</gml:pos>
</gml:Point>
</pos>
<type>標高点（測点）</type>
<alti>816</alti>
</ElevPt>
<ElevPt gml:id="K2_4733111772_1">
<fid>47331-11772-i-8</fid>
<lfSpanFr gml:id="K2_4733111772_1-1">
<gml:timePosition>2013-12-10</gml:timePosition>
</lfSpanFr>
<devDate gml:id="K2_4733111772_1-2">
<gml:timePosition>2020-06-26</gml:timePosition>
</devDate>
<orgGILvl>25000</orgGILvl>
<vis>表示</vis>
<pos>
<gml:Point gml:id="K2_4733111772_1-g" srsName="fguuid:jgd2011.bl">
<gml:pos>32.700577222 131.476986111</gml:pos>
</gml:Point>
</pos>
<type>標高点（測点）</type>
<alti>587</alti>
</ElevPt>
<ElevPt gml:id="K2_4733111775_1">
<fid>47331-11775-i-6</fid>
<lfSpanFr gml:id="K2_4733111775_1-1">
<gml:timePosition>2013-12-10</gml:timePosition>
</lfSpanFr>
<devDate gml:id="K2_4733111775_1-2">
<gml:timePosition>2020-06-26</gml:timePosition>
</devDate>
<orgGILvl>25000</orgGILvl>
<vis>表示</vis>
<pos>
<gml:Point gml:id="K2_4733111775_1-g" srsName="fguuid:jgd2011.bl">
<gml:pos>32.710494722 131.480128889</gml:pos>
</gml:Point>
</pos>
<type>標高点（測点）</type>
<alti>673</alti>
</ElevPt>
<ElevPt gml:id="K2_4733111778_1">
<fid>47331-11778-i-5</fid>
<lfSpanFr gml:id="K2_4733111778_1-1">
<gml:timePosition>2013-12-10</gml:timePosition>
</lfSpanFr>
<devDate gml:id="K2_4733111778_1-2">
<gml:timePosition>2020-06-26</gml:timePosition>
</devDate>
<orgGILvl>25000</orgGILvl>
<vis>表示</vis>
<pos>
<gml:Point gml:id="K2_4733111778_1-g" srsName="fguuid:jgd2011.bl">
<gml:pos>32.723056944 131.482920556</gml:pos>
</gml:Point>
</pos>
<type>標高点（測点）</type>
<alti>1088</alti>
</ElevPt>
<ElevPt gml:id="K2_4733111778_2">
<fid>47331-11778-i-6</fid>
<lfSpanFr gml:id="K2_4733111778_2-1">
<gml:timePosition>2013-12-10</gml:timePosition>
</lfSpanFr>
<devDate gml:id="K2_4733111778_2-2">
<gml:timePosition>2020-06-26</gml:timePosition>
</devDate>
<orgGILvl>25000</orgGILvl>
<vis>表示</vis>
<pos>
<gml:Point gml:id="K2_4733111778_2-g" srsName="fguuid:jgd2011.bl">
<gml:pos>32.722775833 131.478345278</gml:pos>
</gml:Point>
</pos>
<type>標高点（測点）</type>
<alti>895</alti>
</ElevPt>
<ElevPt gml:id="K2_4733111781_1">
<fid>47331-11781-i-12</fid>
<lfSpanFr gml:id="K2_4733111781_1-1">
<gml:timePosition>2013-12-10</gml:timePosition>
</lfSpanFr>
<devDate gml:id="K2_4733111781_1-2">
<gml:timePosition>2020-06-26</gml:timePosition>
</devDate>
<orgGILvl>25000</orgGILvl>
<vis>表示</vis>
<pos>
<gml:Point gml:id="K2_4733111781_1-g" srsName="fguuid:jgd2011.bl">
<gml:pos>32.731701667 131.481861667</gml:pos>
</gml:Point>
</pos>
<type>標高点（測点）</type>
<alti>919</alti>
</ElevPt>
<ElevPt gml:id="K2_4733111784_1">
<fid>47331-11784-i-6</fid>
<lfSpanFr gml:id="K2_4733111784_1-1">
<gml:timePosition>2013-12-10</gml:timePosition>
</lfSpanFr>
<devDate gml:id="K2_4733111784_1-2">
<gml:timePosition>2020-06-26</gml:timePosition>
</devDate>
<orgGILvl>25000</orgGILvl>
<vis>表示</vis>
<pos>
<gml:Point gml:id="K2_4733111784_1-g" srsName="fguuid:jgd2011.bl">
<gml:pos>32.738199722 131.481316389</gml:pos>
</gml:Point>
</pos>
<type>標高点（測点）</type>
<alti>1336</alti>
</ElevPt>
<ElevPt gml:id="K2_4733111787_1">
<fid>47331-11787-i-2</fid>
<lfSpanFr gml:id="K2_4733111787_1-1">
<gml:timePosition>2013-12-10</gml:timePosition>
</lfSpanFr>
<devDate gml:id="K2_4733111787_1-2">
<gml:timePosition>2020-06-26</gml:timePosition>
</devDate>
<orgGILvl>25000</orgGILvl>
<vis>表示</vis>
<pos>
<gml:Point gml:id="K2_4733111787_1-g" srsName="fguuid:jgd2011.bl">
<gml:pos>32.743245833 131.478269444</gml:pos>
</gml:Point>
</pos>
<type>標高点（測点）</type>
<alti>1162</alti>
</ElevPt>
<ElevPt gml:id="K2_4733111787_2">
<fid>47331-11787-i-3</fid>
<lfSpanFr gml:id="K2_4733111787_2-1">
<gml:timePosition>2013-12-10</gml:timePosition>
</lfSpanFr>
<devDate gml:id="K2_4733111787_2-2">
<gml:timePosition>2020-06-26</gml:timePosition>
</devDate>
<orgGILvl>25000</orgGILvl>
<vis>表示</vis>
<pos>
<gml:Point gml:id="K2_4733111787_2-g" srsName="fguuid:jgd2011.bl">
<gml:pos>32.746388889 131.475196944</gml:pos>
</gml:Point>
</pos>
<type>標高点（測点）</type>
<alti>1187</alti>
</ElevPt>
<ElevPt gml:id="K2_4733411760_1">
<fid>47334-11760-i-3</fid>
<lfSpanFr gml:id="K2_4733411760_1-1">
<gml:timePosition>2013-12-10</gml:timePosition>
</lfSpanFr>
<devDate gml:id="K2_4733411760_1-2">
<gml:timePosition>2020-06-26</gml:timePosition>
</devDate>
<orgGILvl>25000</orgGILvl>
<vis>表示</vis>
<pos>
<gml:Point gml:id="K2_4733411760_1-g" srsName="fguuid:jgd2011.bl">
<gml:pos>32.667366389 131.489947778</gml:pos>
</gml:Point>
</pos>
<type>標高点（測点）</type>
<alti>900</alti>
</ElevPt>
<ElevPt gml:id="K2_4733411760_2">
<fid>47334-11760-i-4</fid>
<lfSpanFr gml:id="K2_4733411760_2-1">
<gml:timePosition>2013-12-10</gml:timePosition>
</lfSpanFr>
<devDate gml:id="K2_4733411760_2-2">
<gml:timePosition>2020-06-26</gml:timePosition>
</devDate>
<orgGILvl>25000</orgGILvl>
<vis>表示</vis>
<pos>
<gml:Point gml:id="K2_4733411760_2-g" srsName="fguuid:jgd2011.bl">
<gml:pos>32.672873889 131.483772778</gml:pos>
</gml:Point>
</pos>
<type>標高点（測点）</type>
<alti>826</alti>
</ElevPt>
<ElevPt gml:id="K2_4733411766_1">
<fid>47334-11766-i-2</fid>
<lfSpanFr gml:id="K2_4733411766_1-1">
<gml:timePosition>2013-12-10</gml:timePosition>
</lfSpanFr>
<devDate gml:id="K2_4733411766_1-2">
<gml:timePosition>2020-06-26</gml:timePosition>
</devDate>
<orgGILvl>25000</orgGILvl>
<vis>表示</vis>
<pos>
<gml:Point gml:id="K2_4733411766_1-g" srsName="fguuid:jgd2011.bl">
<gml:pos>32.685948889 131.485064167</gml:pos>
</gml:Point>
</pos>
<type>標高点（測点）</type>
<alti>1252</alti>
</ElevPt>
<ElevPt gml:id="K2_4733411769_1">
<fid>47334-11769-i-2</fid>
<lfSpanFr gml:id="K2_4733411769_1-1">
<gml:timePosition>2013-12-10</gml:timePosition>
</lfSpanFr>
<devDate gml:id="K2_4733411769_1-2">
<gml:timePosition>2020-06-26</gml:timePosition>
</devDate>
<orgGILvl>25000</orgGILvl>
<vis>表示</vis>
<pos>
<gml:Point gml:id="K2_4733411769_1-g" srsName="fguuid:jgd2011.bl">
<gml:pos>32.696818611 131.490048611</gml:pos>
</gml:Point>
</pos>
<type>標高点（測点）</type>
<alti>887</alti>
</ElevPt>
<ElevPt gml:id="K2_4733411775_1">
<fid>47334-11775-i-3</fid>
<lfSpanFr gml:id="K2_4733411775_1-1">
<gml:timePosition>2013-12-10</gml:timePosition>
</lfSpanFr>
<devDate gml:id="K2_4733411775_1-2">
<gml:timePosition>2020-06-26</gml:timePosition>
</devDate>
<orgGILvl>25000</orgGILvl>
<vis>表示</vis>
<pos>
<gml:Point gml:id="K2_4733411775_1-g" srsName="fguuid:jgd2011.bl">
<gml:pos>32.709481944 131.485420000</gml:pos>
</gml:Point>
</pos>
<type>標高点（測点）</type>
<alti>667</alti>
</ElevPt>
<ElevPt gml:id="K2_4733411781_1">
<fid>47334-11781-i-9</fid>
<lfSpanFr gml:id="K2_4733411781_1-1">
<gml:timePosition>2013-12-10</gml:timePosition>
</lfSpanFr>
<devDate gml:id="K2_4733411781_1-2">
<gml:timePosition>2020-06-26</gml:timePosition>
</devDate>
<orgGILvl>25000</orgGILvl>
<vis>表示</vis>
<pos>
<gml:Point gml:id="K2_4733411781_1-g" srsName="fguuid:jgd2011.bl">
<gml:pos>32.732601389 131.491618889</gml:pos>
</gml:Point>
</pos>
<type>標高点（測点）</type>
<alti>1234</alti>
</ElevPt>
<ElevPt gml:id="K2_4733411784_1">
<fid>47334-11784-i-5</fid>
<lfSpanFr gml:id="K2_4733411784_1-1">
<gml:timePosition>2013-12-10</gml:timePosition>
</lfSpanFr>
<devDate gml:id="K2_4733411784_1-2">
<gml:timePosition>2020-06-26</gml:timePosition>
</devDate>
<orgGILvl>25000</orgGILvl>
<vis>表示</vis>
<pos>
<gml:Point gml:id="K2_4733411784_1-g" srsName="fguuid:jgd2011.bl">
<gml:pos>32.741494444 131.491299167</gml:pos>
</gml:Point>
</pos>
<type>標高点（測点）</type>
<alti>1357</alti>
</ElevPt>
<ElevPt gml:id="K2_4733411787_1">
<fid>47334-11787-i-6</fid>
<lfSpanFr gml:id="K2_4733411787_1-1">
<gml:timePosition>2013-12-10</gml:timePosition>
</lfSpanFr>
<devDate gml:id="K2_4733411787_1-2">
<gml:timePosition>2020-06-26</gml:timePosition>
</devDate>
<orgGILvl>25000</orgGILvl>
<vis>表示</vis>
<pos>
<gml:Point gml:id="K2_4733411787_1-g" srsName="fguuid:jgd2011.bl">
<gml:pos>32.748493611 131.490353611</gml:pos>
</gml:Point>
</pos>
<type>標高点（測点）</type>
<alti>1457</alti>
</ElevPt>
<ElevPt gml:id="K2_4733711763_1">
<fid>47337-11763-i-1</fid>
<lfSpanFr gml:id="K2_4733711763_1-1">
<gml:timePosition>2013-12-10</gml:timePosition>
</lfSpanFr>
<devDate gml:id="K2_4733711763_1-2">
<gml:timePosition>2020-06-26</gml:timePosition>
</devDate>
<orgGILvl>25000</orgGILvl>
<vis>表示</vis>
<pos>
<gml:Point gml:id="K2_4733711763_1-g" srsName="fguuid:jgd2011.bl">
<gml:pos>32.682756111 131.494781389</gml:pos>
</gml:Point>
</pos>
<type>標高点（測点）</type>
<alti>1164</alti>
</ElevPt>
<ElevPt gml:id="K2_4733711763_2">
<fid>47337-11763-i-2</fid>
<lfSpanFr gml:id="K2_4733711763_2-1">
<gml:timePosition>2013-12-10</gml:timePosition>
</lfSpanFr>
<devDate gml:id="K2_4733711763_2-2">
<gml:timePosition>2020-06-26</gml:timePosition>
</devDate>
<orgGILvl>25000</orgGILvl>
<vis>表示</vis>
<pos>
<gml:Point gml:id="K2_4733711763_2-g" srsName="fguuid:jgd2011.bl">
<gml:pos>32.677164722 131.497739722</gml:pos>
</gml:Point>
</pos>
<type>標高点（測点）</type>
<alti>1189</alti>
</ElevPt>
<ElevPt gml:id="K2_4733711772_1">
<fid>47337-11772-i-3</fid>
<lfSpanFr gml:id="K2_4733711772_1-1">
<gml:timePosition>2013-12-10</gml:timePosition>
</lfSpanFr>
<devDate gml:id="K2_4733711772_1-2">
<gml:timePosition>2020-06-26</gml:timePosition>
</devDate>
<orgGILvl>25000</orgGILvl>
<vis>表示</vis>
<pos>
<gml:Point gml:id="K2_4733711772_1-g" srsName="fguuid:jgd2011.bl">
<gml:pos>32.700102778 131.496894444</gml:pos>
</gml:Point>
</pos>
<type>標高点（測点）</type>
<alti>786</alti>
</ElevPt>
<ElevPt gml:id="K2_4733711772_2">
<fid>47337-11772-i-4</fid>
<lfSpanFr gml:id="K2_4733711772_2-1">
<gml:timePosition>2013-12-10</gml:timePosition>
</lfSpanFr>
<devDate gml:id="K2_4733711772_2-2">
<gml:timePosition>2020-06-26</gml:timePosition>
</devDate>
<orgGILvl>25000</orgGILvl>
<vis>表示</vis>
<pos>
<gml:Point gml:id="K2_4733711772_2-g" srsName="fguuid:jgd2011.bl">
<gml:pos>32.706353889 131.497131667</gml:pos>
</gml:Point>
</pos>
<type>標高点（測点）</type>
<alti>726</alti>
</ElevPt>
<ElevPt gml:id="K2_4733711775_1">
<fid>47337-11775-i-6</fid>
<lfSpanFr gml:id="K2_4733711775_1-1">
<gml:timePosition>2013-12-10</gml:timePosition>
</lfSpanFr>
<devDate gml:id="K2_4733711775_1-2">
<gml:timePosition>2020-06-26</gml:timePosition>
</devDate>
<orgGILvl>25000</orgGILvl>
<vis>表示</vis>
<pos>
<gml:Point gml:id="K2_4733711775_1-g" srsName="fguuid:jgd2011.bl">
<gml:pos>32.714062222 131.499966111</gml:pos>
</gml:Point>
</pos>
<type>標高点（測点）</type>
<alti>835</alti>
</ElevPt>
<ElevPt gml:id="K2_4733711778_1">
<fid>47337-11778-i-7</fid>
<lfSpanFr gml:id="K2_4733711778_1-1">
<gml:timePosition>2013-12-10</gml:timePosition>
</lfSpanFr>
<devDate gml:id="K2_4733711778_1-2">
<gml:timePosition>2020-06-26</gml:timePosition>
</devDate>
<orgGILvl>25000</orgGILvl>
<vis>表示</vis>
<pos>
<gml:Point gml:id="K2_4733711778_1-g" srsName="fguuid:jgd2011.bl">
<gml:pos>32.722175000 131.496612500</gml:pos>
</gml:Point>
</pos>
<type>標高点（測点）</type>
<alti>1136</alti>
</ElevPt>
<ElevPt gml:id="K2_4733711787_1">
<fid>47337-11787-i-3</fid>
<lfSpanFr gml:id="K2_4733711787_1-1">
<gml:timePosition>2013-12-10</gml:timePosition>
</lfSpanFr>
<devDate gml:id="K2_4733711787_1-2">
<gml:timePosition>2020-06-26</gml:timePosition>
</devDate>
<orgGILvl>25000</orgGILvl>
<vis>表示</vis>
<pos>
<gml:Point gml:id="K2_4733711787_1-g" srsName="fguuid:jgd2011.bl">
<gml:pos>32.744228889 131.499765556</gml:pos>
</gml:Point>
</pos>
<type>標高点（測点）</type>
<alti>1444</alti>
</ElevPt>
</Dataset>
