<?xml version="1.0" encoding="utf-8"?>
<Dataset xsi:schemaLocation="http://fgd.gsi.go.jp/spec/2008/FGD_GMLSchema FGD_GMLSchema.xsd"
	xmlns:gml="http://www.opengis.net/gml/3.2"
	xmlns:xsi="http://www.w3.org/2001/XMLSchema-instance"
	xmlns:xlink="http://www.w3.org/1999/xlink"
	xmlns="http://fgd.gsi.go.jp/spec/2008/FGD_GMLSchema"
	gml:id="Dataset1">
  <gml:description>基盤地図情報メタデータ ID=fmdid:20-0701</gml:description>
  <gml:name>基盤地図情報ダウンロードデータ（GML版）</gml:name>
<GCP gml:id="K1_493103_1">
<fid>10-00100-0-2006-21805</fid>
<lfSpanFr gml:id="K1_493103_1-1">
<gml:timePosition>2020-06-15</gml:timePosition>
</lfSpanFr>
<devDate gml:id="K1_493103_1-2">
<gml:timePosition>2020-06-26</gml:timePosition>
</devDate>
<orgGILvl>KJ12</orgGILvl>
<vis>表示</vis>
<pos>
<gml:Point gml:id="K1_493103_1-g" srsName="fguuid:jgd2011.bl">
<gml:pos>32.696197444 131.387911639</gml:pos>
</gml:Point>
</pos>
<orgName>国土地理院</orgName>
<type>三角点</type>
<gcpClass>二等三角点</gcpClass>
<gcpCode>TR24931033101</gcpCode>
<name>戸川岳</name>
<B>117706.3108</B>
<L>472996.4819</L>
<alti>954.75</alti>
<altiAcc>2</altiAcc>
</GCP>
<GCP gml:id="K1_493103_2">
<fid>10-00100-0-2006-21806</fid>
<lfSpanFr gml:id="K1_493103_2-1">
<gml:timePosition>2020-06-15</gml:timePosition>
</lfSpanFr>
<devDate gml:id="K1_493103_2-2">
<gml:timePosition>2020-06-26</gml:timePosition>
</devDate>
<orgGILvl>KJ12</orgGILvl>
<vis>表示</vis>
<pos>
<gml:Point gml:id="K1_493103_2-g" srsName="fguuid:jgd2011.bl">
<gml:pos>32.737231083 131.459318611</gml:pos>
</gml:Point>
</pos>
<orgName>国土地理院</orgName>
<type>三角点</type>
<gcpClass>二等三角点</gcpClass>
<gcpCode>TR24931038601</gcpCode>
<name>高磨</name>
<B>117854.0319</B>
<L>473253.547</L>
<alti>1544.07</alti>
<altiAcc>2</altiAcc>
</GCP>
<GCP gml:id="K1_493103_3">
<fid>10-00100-0-2006-28995</fid>
<lfSpanFr gml:id="K1_493103_3-1">
<gml:timePosition>2020-06-15</gml:timePosition>
</lfSpanFr>
<devDate gml:id="K1_493103_3-2">
<gml:timePosition>2020-06-26</gml:timePosition>
</devDate>
<orgGILvl>KJ13</orgGILvl>
<vis>表示</vis>
<pos>
<gml:Point gml:id="K1_493103_3-g" srsName="fguuid:jgd2011.bl">
<gml:pos>32.672237167 131.381604306</gml:pos>
</gml:Point>
</pos>
<orgName>国土地理院</orgName>
<type>三角点</type>
<gcpClass>三等三角点</gcpClass>
<gcpCode>TR34931030001</gcpCode>
<name>宮水</name>
<B>117620.0538</B>
<L>472973.7755</L>
<alti>570.36</alti>
<altiAcc>2</altiAcc>
</GCP>
<GCP gml:id="K1_493103_4">
<fid>10-00100-0-2006-28996</fid>
<lfSpanFr gml:id="K1_493103_4-1">
<gml:timePosition>2020-06-15</gml:timePosition>
</lfSpanFr>
<devDate gml:id="K1_493103_4-2">
<gml:timePosition>2020-06-26</gml:timePosition>
</devDate>
<orgGILvl>KJ13</orgGILvl>
<vis>表示</vis>
<pos>
<gml:Point gml:id="K1_493103_4-g" srsName="fguuid:jgd2011.bl">
<gml:pos>32.679234361 131.430824278</gml:pos>
</gml:Point>
</pos>
<orgName>国土地理院</orgName>
<type>三角点</type>
<gcpClass>三等三角点</gcpClass>
<gcpCode>TR34931031401</gcpCode>
<name>中川</name>
<B>117645.2437</B>
<L>473150.9674</L>
<alti>832.54</alti>
<altiAcc>2</altiAcc>
</GCP>
<GCP gml:id="K1_493103_5">
<fid>10-00100-0-2006-28997</fid>
<lfSpanFr gml:id="K1_493103_5-1">
<gml:timePosition>2020-06-15</gml:timePosition>
</lfSpanFr>
<devDate gml:id="K1_493103_5-2">
<gml:timePosition>2020-06-26</gml:timePosition>
</devDate>
<orgGILvl>KJ13</orgGILvl>
<vis>表示</vis>
<pos>
<gml:Point gml:id="K1_493103_5-g" srsName="fguuid:jgd2011.bl">
<gml:pos>32.684614528 131.472184194</gml:pos>
</gml:Point>
</pos>
<orgName>国土地理院</orgName>
<type>三角点</type>
<gcpClass>三等三角点</gcpClass>
<gcpCode>TR34931032701</gcpCode>
<name>天塔野</name>
<B>117664.6123</B>
<L>473299.8631</L>
<alti>1191.49</alti>
<altiAcc>2</altiAcc>
</GCP>
<GCP gml:id="K1_493103_6">
<fid>10-00100-0-2006-28998</fid>
<lfSpanFr gml:id="K1_493103_6-1">
<gml:timePosition>2020-06-15</gml:timePosition>
</lfSpanFr>
<devDate gml:id="K1_493103_6-2">
<gml:timePosition>2020-06-26</gml:timePosition>
</devDate>
<orgGILvl>KJ13</orgGILvl>
<vis>表示</vis>
<pos>
<gml:Point gml:id="K1_493103_6-g" srsName="fguuid:jgd2011.bl">
<gml:pos>32.688584139 131.494785389</gml:pos>
</gml:Point>
</pos>
<orgName>国土地理院</orgName>
<type>三角点</type>
<gcpClass>三等三角点</gcpClass>
<gcpCode>TR34931032901</gcpCode>
<name>中ノ薮</name>
<B>117678.9029</B>
<L>473381.2274</L>
<alti>1420.33</alti>
<altiAcc>2</altiAcc>
</GCP>
<GCP gml:id="K1_493103_7">
<fid>10-00100-0-2006-28999</fid>
<lfSpanFr gml:id="K1_493103_7-1">
<gml:timePosition>2020-06-15</gml:timePosition>
</lfSpanFr>
<devDate gml:id="K1_493103_7-2">
<gml:timePosition>2020-06-26</gml:timePosition>
</devDate>
<orgGILvl>KJ13</orgGILvl>
<vis>表示</vis>
<pos>
<gml:Point gml:id="K1_493103_7-g" srsName="fguuid:jgd2011.bl">
<gml:pos>32.715910611 131.380113361</gml:pos>
</gml:Point>
</pos>
<orgName>国土地理院</orgName>
<type>三角点</type>
<gcpClass>三等三角点</gcpClass>
<gcpCode>TR34931035001</gcpCode>
<name>俵石</name>
<B>117777.2782</B>
<L>472968.4081</L>
<alti>959.37</alti>
<altiAcc>2</altiAcc>
</GCP>
<GCP gml:id="K1_493103_8">
<fid>10-00100-0-2006-29000</fid>
<lfSpanFr gml:id="K1_493103_8-1">
<gml:timePosition>2020-06-15</gml:timePosition>
</lfSpanFr>
<devDate gml:id="K1_493103_8-2">
<gml:timePosition>2020-06-26</gml:timePosition>
</devDate>
<orgGILvl>KJ13</orgGILvl>
<vis>表示</vis>
<pos>
<gml:Point gml:id="K1_493103_8-g" srsName="fguuid:jgd2011.bl">
<gml:pos>32.708913639 131.444957444</gml:pos>
</gml:Point>
</pos>
<orgName>国土地理院</orgName>
<type>三角点</type>
<gcpClass>三等三角点</gcpClass>
<gcpCode>TR34931035501</gcpCode>
<name>鐘山</name>
<B>117752.0891</B>
<L>473201.8468</L>
<alti>1395.69</alti>
<altiAcc>2</altiAcc>
</GCP>
<GCP gml:id="K1_493103_9">
<fid>10-00100-0-2006-29001</fid>
<lfSpanFr gml:id="K1_493103_9-1">
<gml:timePosition>2020-06-15</gml:timePosition>
</lfSpanFr>
<devDate gml:id="K1_493103_9-2">
<gml:timePosition>2020-06-26</gml:timePosition>
</devDate>
<orgGILvl>KJ13</orgGILvl>
<vis>表示</vis>
<pos>
<gml:Point gml:id="K1_493103_9-g" srsName="fguuid:jgd2011.bl">
<gml:pos>32.717664528 131.415214889</gml:pos>
</gml:Point>
</pos>
<orgName>国土地理院</orgName>
<type>三角点</type>
<gcpClass>三等三角点</gcpClass>
<gcpCode>TR34931036301</gcpCode>
<name>長迫</name>
<B>117783.5923</B>
<L>473094.7736</L>
<alti>839.85</alti>
<altiAcc>2</altiAcc>
</GCP>
<GCP gml:id="K1_493103_10">
<fid>10-00100-0-2006-29002</fid>
<lfSpanFr gml:id="K1_493103_10-1">
<gml:timePosition>2020-06-15</gml:timePosition>
</lfSpanFr>
<devDate gml:id="K1_493103_10-2">
<gml:timePosition>2020-06-26</gml:timePosition>
</devDate>
<orgGILvl>KJ13</orgGILvl>
<vis>表示</vis>
<pos>
<gml:Point gml:id="K1_493103_10-g" srsName="fguuid:jgd2011.bl">
<gml:pos>32.725335472 131.494348583</gml:pos>
</gml:Point>
</pos>
<orgName>国土地理院</orgName>
<type>三角点</type>
<gcpClass>三等三角点</gcpClass>
<gcpCode>TR34931037901</gcpCode>
<name>地蔵岳</name>
<B>117811.2077</B>
<L>473379.6549</L>
<alti>1388.09</alti>
<altiAcc>2</altiAcc>
</GCP>
<GCP gml:id="K1_493103_11">
<fid>10-00100-0-2006-66608</fid>
<lfSpanFr gml:id="K1_493103_11-1">
<gml:timePosition>2020-06-15</gml:timePosition>
</lfSpanFr>
<devDate gml:id="K1_493103_11-2">
<gml:timePosition>2020-06-26</gml:timePosition>
</devDate>
<orgGILvl>KJ14</orgGILvl>
<vis>表示</vis>
<pos>
<gml:Point gml:id="K1_493103_11-g" srsName="fguuid:jgd2011.bl">
<gml:pos>32.668420472 131.413323417</gml:pos>
</gml:Point>
</pos>
<orgName>国土地理院</orgName>
<type>三角点</type>
<gcpClass>四等三角点</gcpClass>
<gcpCode>TR44931030301</gcpCode>
<name>竹原</name>
<B>117606.3137</B>
<L>473087.9643</L>
<alti>409.12</alti>
<altiAcc>2</altiAcc>
</GCP>
<GCP gml:id="K1_493103_12">
<fid>10-00100-0-2006-66609</fid>
<lfSpanFr gml:id="K1_493103_12-1">
<gml:timePosition>2020-06-15</gml:timePosition>
</lfSpanFr>
<devDate gml:id="K1_493103_12-2">
<gml:timePosition>2020-06-26</gml:timePosition>
</devDate>
<orgGILvl>KJ14</orgGILvl>
<vis>表示</vis>
<pos>
<gml:Point gml:id="K1_493103_12-g" srsName="fguuid:jgd2011.bl">
<gml:pos>32.674230806 131.443702556</gml:pos>
</gml:Point>
</pos>
<orgName>国土地理院</orgName>
<type>三角点</type>
<gcpClass>四等三角点</gcpClass>
<gcpCode>TR44931030501</gcpCode>
<name>西畑</name>
<B>117627.2309</B>
<L>473197.3292</L>
<alti>536.19</alti>
<altiAcc>2</altiAcc>
</GCP>
<GCP gml:id="K1_493103_13">
<fid>10-00100-0-2006-66610</fid>
<lfSpanFr gml:id="K1_493103_13-1">
<gml:timePosition>2020-06-15</gml:timePosition>
</lfSpanFr>
<devDate gml:id="K1_493103_13-2">
<gml:timePosition>2020-06-26</gml:timePosition>
</devDate>
<orgGILvl>KJ14</orgGILvl>
<vis>表示</vis>
<pos>
<gml:Point gml:id="K1_493103_13-g" srsName="fguuid:jgd2011.bl">
<gml:pos>32.676964139 131.403068972</gml:pos>
</gml:Point>
</pos>
<orgName>国土地理院</orgName>
<type>三角点</type>
<gcpClass>四等三角点</gcpClass>
<gcpCode>TR44931031201</gcpCode>
<name>平清水</name>
<B>117637.0709</B>
<L>473051.0483</L>
<alti>275.86</alti>
<altiAcc>2</altiAcc>
</GCP>
<GCP gml:id="K1_493103_14">
<fid>10-00100-0-2006-66611</fid>
<lfSpanFr gml:id="K1_493103_14-1">
<gml:timePosition>2020-06-15</gml:timePosition>
</lfSpanFr>
<devDate gml:id="K1_493103_14-2">
<gml:timePosition>2020-06-26</gml:timePosition>
</devDate>
<orgGILvl>KJ14</orgGILvl>
<vis>表示</vis>
<pos>
<gml:Point gml:id="K1_493103_14-g" srsName="fguuid:jgd2011.bl">
<gml:pos>32.685037000 131.388232694</gml:pos>
</gml:Point>
</pos>
<orgName>国土地理院</orgName>
<type>三角点</type>
<gcpClass>四等三角点</gcpClass>
<gcpCode>TR44931032101</gcpCode>
<name>萱野</name>
<B>117666.1332</B>
<L>472997.6377</L>
<alti>701.35</alti>
<altiAcc>2</altiAcc>
</GCP>
<GCP gml:id="K1_493103_15">
<fid>10-00100-0-2006-66612</fid>
<lfSpanFr gml:id="K1_493103_15-1">
<gml:timePosition>2020-06-15</gml:timePosition>
</lfSpanFr>
<devDate gml:id="K1_493103_15-2">
<gml:timePosition>2020-06-26</gml:timePosition>
</devDate>
<orgGILvl>KJ14</orgGILvl>
<vis>表示</vis>
<pos>
<gml:Point gml:id="K1_493103_15-g" srsName="fguuid:jgd2011.bl">
<gml:pos>32.685029306 131.412708056</gml:pos>
</gml:Point>
</pos>
<orgName>国土地理院</orgName>
<type>三角点</type>
<gcpClass>四等三角点</gcpClass>
<gcpCode>TR44931032301</gcpCode>
<name>大菅</name>
<B>117666.1055</B>
<L>473085.749</L>
<alti>423.88</alti>
<altiAcc>2</altiAcc>
</GCP>
<GCP gml:id="K1_493103_16">
<fid>10-00100-0-2006-66613</fid>
<lfSpanFr gml:id="K1_493103_16-1">
<gml:timePosition>2020-06-15</gml:timePosition>
</lfSpanFr>
<devDate gml:id="K1_493103_16-2">
<gml:timePosition>2020-06-26</gml:timePosition>
</devDate>
<orgGILvl>KJ14</orgGILvl>
<vis>表示</vis>
<pos>
<gml:Point gml:id="K1_493103_16-g" srsName="fguuid:jgd2011.bl">
<gml:pos>32.696803750 131.408789444</gml:pos>
</gml:Point>
</pos>
<orgName>国土地理院</orgName>
<type>三角点</type>
<gcpClass>四等三角点</gcpClass>
<gcpCode>TR44931033201</gcpCode>
<name>松の内</name>
<B>117708.4935</B>
<L>473071.642</L>
<alti>486.02</alti>
<altiAcc>2</altiAcc>
</GCP>
<GCP gml:id="K1_493103_17">
<fid>10-00100-0-2006-66614</fid>
<lfSpanFr gml:id="K1_493103_17-1">
<gml:timePosition>2020-06-15</gml:timePosition>
</lfSpanFr>
<devDate gml:id="K1_493103_17-2">
<gml:timePosition>2020-06-26</gml:timePosition>
</devDate>
<orgGILvl>KJ14</orgGILvl>
<vis>表示</vis>
<pos>
<gml:Point gml:id="K1_493103_17-g" srsName="fguuid:jgd2011.bl">
<gml:pos>32.692076694 131.436697472</gml:pos>
</gml:Point>
</pos>
<orgName>国土地理院</orgName>
<type>三角点</type>
<gcpClass>四等三角点</gcpClass>
<gcpCode>TR44931033401</gcpCode>
<name>滝川</name>
<B>117691.4761</B>
<L>473172.1109</L>
<alti>1095.62</alti>
<altiAcc>2</altiAcc>
</GCP>
<GCP gml:id="K1_493103_18">
<fid>10-00100-0-2006-66615</fid>
<lfSpanFr gml:id="K1_493103_18-1">
<gml:timePosition>2020-06-15</gml:timePosition>
</lfSpanFr>
<devDate gml:id="K1_493103_18-2">
<gml:timePosition>2020-06-26</gml:timePosition>
</devDate>
<orgGILvl>KJ14</orgGILvl>
<vis>表示</vis>
<pos>
<gml:Point gml:id="K1_493103_18-g" srsName="fguuid:jgd2011.bl">
<gml:pos>32.699694500 131.454949472</gml:pos>
</gml:Point>
</pos>
<orgName>国土地理院</orgName>
<type>三角点</type>
<gcpClass>四等三角点</gcpClass>
<gcpCode>TR44931033601</gcpCode>
<name>下中園</name>
<B>117718.9002</B>
<L>473237.8181</L>
<alti>826.78</alti>
<altiAcc>2</altiAcc>
</GCP>
<GCP gml:id="K1_493103_19">
<fid>10-00100-0-2006-66616</fid>
<lfSpanFr gml:id="K1_493103_19-1">
<gml:timePosition>2020-06-15</gml:timePosition>
</lfSpanFr>
<devDate gml:id="K1_493103_19-2">
<gml:timePosition>2020-06-26</gml:timePosition>
</devDate>
<orgGILvl>KJ14</orgGILvl>
<vis>表示</vis>
<pos>
<gml:Point gml:id="K1_493103_19-g" srsName="fguuid:jgd2011.bl">
<gml:pos>32.694164750 131.480107167</gml:pos>
</gml:Point>
</pos>
<orgName>国土地理院</orgName>
<type>三角点</type>
<gcpClass>四等三角点</gcpClass>
<gcpCode>TR44931033801</gcpCode>
<name>村山</name>
<B>117698.9931</B>
<L>473328.3858</L>
<alti>895.99</alti>
<altiAcc>2</altiAcc>
</GCP>
<GCP gml:id="K1_493103_20">
<fid>10-00100-0-2006-66617</fid>
<lfSpanFr gml:id="K1_493103_20-1">
<gml:timePosition>2020-06-15</gml:timePosition>
</lfSpanFr>
<devDate gml:id="K1_493103_20-2">
<gml:timePosition>2020-06-26</gml:timePosition>
</devDate>
<orgGILvl>KJ14</orgGILvl>
<vis>表示</vis>
<pos>
<gml:Point gml:id="K1_493103_20-g" srsName="fguuid:jgd2011.bl">
<gml:pos>32.706097528 131.426313528</gml:pos>
</gml:Point>
</pos>
<orgName>国土地理院</orgName>
<type>三角点</type>
<gcpClass>四等三角点</gcpClass>
<gcpCode>TR44931034401</gcpCode>
<name>平崎</name>
<B>117741.9511</B>
<L>473134.7287</L>
<alti>1110.96</alti>
<altiAcc>2</altiAcc>
</GCP>
<GCP gml:id="K1_493103_21">
<fid>10-00100-0-2006-66618</fid>
<lfSpanFr gml:id="K1_493103_21-1">
<gml:timePosition>2020-06-15</gml:timePosition>
</lfSpanFr>
<devDate gml:id="K1_493103_21-2">
<gml:timePosition>2020-06-26</gml:timePosition>
</devDate>
<orgGILvl>KJ14</orgGILvl>
<vis>表示</vis>
<pos>
<gml:Point gml:id="K1_493103_21-g" srsName="fguuid:jgd2011.bl">
<gml:pos>32.704689722 131.470231222</gml:pos>
</gml:Point>
</pos>
<orgName>国土地理院</orgName>
<type>三角点</type>
<gcpClass>四等三角点</gcpClass>
<gcpCode>TR44931034701</gcpCode>
<name>中畑</name>
<B>117736.883</B>
<L>473292.8324</L>
<alti>488.22</alti>
<altiAcc>2</altiAcc>
</GCP>
<GCP gml:id="K1_493103_22">
<fid>10-00100-0-2006-66619</fid>
<lfSpanFr gml:id="K1_493103_22-1">
<gml:timePosition>2020-06-15</gml:timePosition>
</lfSpanFr>
<devDate gml:id="K1_493103_22-2">
<gml:timePosition>2020-06-26</gml:timePosition>
</devDate>
<orgGILvl>KJ14</orgGILvl>
<vis>表示</vis>
<pos>
<gml:Point gml:id="K1_493103_22-g" srsName="fguuid:jgd2011.bl">
<gml:pos>32.702862806 131.488207944</gml:pos>
</gml:Point>
</pos>
<orgName>国土地理院</orgName>
<type>三角点</type>
<gcpClass>四等三角点</gcpClass>
<gcpCode>TR44931034901</gcpCode>
<name>高畑</name>
<B>117730.3061</B>
<L>473357.5486</L>
<alti>703.85</alti>
<altiAcc>2</altiAcc>
</GCP>
<GCP gml:id="K1_493103_23">
<fid>10-00100-0-2006-66620</fid>
<lfSpanFr gml:id="K1_493103_23-1">
<gml:timePosition>2020-06-15</gml:timePosition>
</lfSpanFr>
<devDate gml:id="K1_493103_23-2">
<gml:timePosition>2020-06-26</gml:timePosition>
</devDate>
<orgGILvl>KJ14</orgGILvl>
<vis>表示</vis>
<pos>
<gml:Point gml:id="K1_493103_23-g" srsName="fguuid:jgd2011.bl">
<gml:pos>32.711394444 131.404641556</gml:pos>
</gml:Point>
</pos>
<orgName>国土地理院</orgName>
<type>三角点</type>
<gcpClass>四等三角点</gcpClass>
<gcpCode>TR44931035201</gcpCode>
<name>杉ヶ越</name>
<B>117761.02</B>
<L>473056.7096</L>
<alti>445.26</alti>
<altiAcc>2</altiAcc>
</GCP>
<GCP gml:id="K1_493103_24">
<fid>10-00100-0-2006-66621</fid>
<lfSpanFr gml:id="K1_493103_24-1">
<gml:timePosition>2020-06-15</gml:timePosition>
</lfSpanFr>
<devDate gml:id="K1_493103_24-2">
<gml:timePosition>2020-06-26</gml:timePosition>
</devDate>
<orgGILvl>KJ14</orgGILvl>
<vis>表示</vis>
<pos>
<gml:Point gml:id="K1_493103_24-g" srsName="fguuid:jgd2011.bl">
<gml:pos>32.715277944 131.481030528</gml:pos>
</gml:Point>
</pos>
<orgName>国土地理院</orgName>
<type>三角点</type>
<gcpClass>四等三角点</gcpClass>
<gcpCode>TR44931035801</gcpCode>
<name>杉原</name>
<B>117775.0006</B>
<L>473331.7099</L>
<alti>863.49</alti>
<altiAcc>2</altiAcc>
</GCP>
<GCP gml:id="K1_493103_25">
<fid>10-00100-0-2006-66622</fid>
<lfSpanFr gml:id="K1_493103_25-1">
<gml:timePosition>2020-06-15</gml:timePosition>
</lfSpanFr>
<devDate gml:id="K1_493103_25-2">
<gml:timePosition>2020-06-26</gml:timePosition>
</devDate>
<orgGILvl>KJ14</orgGILvl>
<vis>表示</vis>
<pos>
<gml:Point gml:id="K1_493103_25-g" srsName="fguuid:jgd2011.bl">
<gml:pos>32.722005167 131.465373944</gml:pos>
</gml:Point>
</pos>
<orgName>国土地理院</orgName>
<type>三角点</type>
<gcpClass>四等三角点</gcpClass>
<gcpCode>TR44931036701</gcpCode>
<name>黒仁田</name>
<B>117799.2186</B>
<L>473275.3462</L>
<alti>728.5</alti>
<altiAcc>2</altiAcc>
</GCP>
<GCP gml:id="K1_493103_26">
<fid>10-00100-0-2006-66623</fid>
<lfSpanFr gml:id="K1_493103_26-1">
<gml:timePosition>2020-06-15</gml:timePosition>
</lfSpanFr>
<devDate gml:id="K1_493103_26-2">
<gml:timePosition>2020-06-26</gml:timePosition>
</devDate>
<orgGILvl>KJ14</orgGILvl>
<vis>表示</vis>
<pos>
<gml:Point gml:id="K1_493103_26-g" srsName="fguuid:jgd2011.bl">
<gml:pos>32.729795528 131.391486083</gml:pos>
</gml:Point>
</pos>
<orgName>国土地理院</orgName>
<type>三角点</type>
<gcpClass>四等三角点</gcpClass>
<gcpCode>TR44931037101</gcpCode>
<name>赤水</name>
<B>117827.2639</B>
<L>473009.3499</L>
<alti>1123.99</alti>
<altiAcc>2</altiAcc>
</GCP>
<GCP gml:id="K1_493103_27">
<fid>10-00100-0-2006-66624</fid>
<lfSpanFr gml:id="K1_493103_27-1">
<gml:timePosition>2020-06-15</gml:timePosition>
</lfSpanFr>
<devDate gml:id="K1_493103_27-2">
<gml:timePosition>2020-06-26</gml:timePosition>
</devDate>
<orgGILvl>KJ14</orgGILvl>
<vis>表示</vis>
<pos>
<gml:Point gml:id="K1_493103_27-g" srsName="fguuid:jgd2011.bl">
<gml:pos>32.728984250 131.410623833</gml:pos>
</gml:Point>
</pos>
<orgName>国土地理院</orgName>
<type>三角点</type>
<gcpClass>四等三角点</gcpClass>
<gcpCode>TR44931037201</gcpCode>
<name>若松</name>
<B>117824.3433</B>
<L>473078.2458</L>
<alti>418.22</alti>
<altiAcc>2</altiAcc>
</GCP>
<GCP gml:id="K1_493103_28">
<fid>10-00100-0-2006-66625</fid>
<lfSpanFr gml:id="K1_493103_28-1">
<gml:timePosition>2020-06-15</gml:timePosition>
</lfSpanFr>
<devDate gml:id="K1_493103_28-2">
<gml:timePosition>2020-06-26</gml:timePosition>
</devDate>
<orgGILvl>KJ14</orgGILvl>
<vis>表示</vis>
<pos>
<gml:Point gml:id="K1_493103_28-g" srsName="fguuid:jgd2011.bl">
<gml:pos>32.727067028 131.453032667</gml:pos>
</gml:Point>
</pos>
<orgName>国土地理院</orgName>
<type>三角点</type>
<gcpClass>四等三角点</gcpClass>
<gcpCode>TR44931037601</gcpCode>
<name>千軒平</name>
<B>117817.4413</B>
<L>473230.9176</L>
<alti>1358.67</alti>
<altiAcc>2</altiAcc>
</GCP>
<GCP gml:id="K1_493103_29">
<fid>10-00100-0-2006-66626</fid>
<lfSpanFr gml:id="K1_493103_29-1">
<gml:timePosition>2020-06-15</gml:timePosition>
</lfSpanFr>
<devDate gml:id="K1_493103_29-2">
<gml:timePosition>2020-06-26</gml:timePosition>
</devDate>
<orgGILvl>KJ14</orgGILvl>
<vis>表示</vis>
<pos>
<gml:Point gml:id="K1_493103_29-g" srsName="fguuid:jgd2011.bl">
<gml:pos>32.736324861 131.377718333</gml:pos>
</gml:Point>
</pos>
<orgName>国土地理院</orgName>
<type>三角点</type>
<gcpClass>四等三角点</gcpClass>
<gcpCode>TR44931038001</gcpCode>
<name>大猿渡</name>
<B>117850.7695</B>
<L>472959.786</L>
<alti>714.43</alti>
<altiAcc>2</altiAcc>
</GCP>
<GCP gml:id="K1_493103_30">
<fid>10-00100-0-2006-66627</fid>
<lfSpanFr gml:id="K1_493103_30-1">
<gml:timePosition>2020-06-15</gml:timePosition>
</lfSpanFr>
<devDate gml:id="K1_493103_30-2">
<gml:timePosition>2020-06-26</gml:timePosition>
</devDate>
<orgGILvl>KJ14</orgGILvl>
<vis>表示</vis>
<pos>
<gml:Point gml:id="K1_493103_30-g" srsName="fguuid:jgd2011.bl">
<gml:pos>32.738376389 131.399971667</gml:pos>
</gml:Point>
</pos>
<orgName>国土地理院</orgName>
<type>三角点</type>
<gcpClass>四等三角点</gcpClass>
<gcpCode>TR44931038101</gcpCode>
<name>渡内</name>
<B>117858.155</B>
<L>473039.898</L>
<alti>1079.93</alti>
<altiAcc>2</altiAcc>
</GCP>
<GCP gml:id="K1_493103_31">
<fid>10-00100-0-2006-66628</fid>
<lfSpanFr gml:id="K1_493103_31-1">
<gml:timePosition>2020-06-15</gml:timePosition>
</lfSpanFr>
<devDate gml:id="K1_493103_31-2">
<gml:timePosition>2020-06-26</gml:timePosition>
</devDate>
<orgGILvl>KJ14</orgGILvl>
<vis>表示</vis>
<pos>
<gml:Point gml:id="K1_493103_31-g" srsName="fguuid:jgd2011.bl">
<gml:pos>32.734575583 131.429195500</gml:pos>
</gml:Point>
</pos>
<orgName>国土地理院</orgName>
<type>三角点</type>
<gcpClass>四等三角点</gcpClass>
<gcpCode>TR44931038401</gcpCode>
<name>押ケ八重</name>
<B>117844.4721</B>
<L>473145.1038</L>
<alti>969.3</alti>
<altiAcc>2</altiAcc>
</GCP>
<GCP gml:id="K1_493103_32">
<fid>10-00100-0-2006-66629</fid>
<lfSpanFr gml:id="K1_493103_32-1">
<gml:timePosition>2020-06-15</gml:timePosition>
</lfSpanFr>
<devDate gml:id="K1_493103_32-2">
<gml:timePosition>2020-06-26</gml:timePosition>
</devDate>
<orgGILvl>KJ14</orgGILvl>
<vis>表示</vis>
<pos>
<gml:Point gml:id="K1_493103_32-g" srsName="fguuid:jgd2011.bl">
<gml:pos>32.747660806 131.387501056</gml:pos>
</gml:Point>
</pos>
<orgName>国土地理院</orgName>
<type>三角点</type>
<gcpClass>四等三角点</gcpClass>
<gcpCode>TR44931039101</gcpCode>
<name>本谷平</name>
<B>117891.5789</B>
<L>472995.0038</L>
<alti>907.21</alti>
<altiAcc>2</altiAcc>
</GCP>
</Dataset>
