<?xml version="1.0" encoding="utf-8"?>
<Dataset xsi:schemaLocation="http://fgd.gsi.go.jp/spec/2008/FGD_GMLSchema FGD_GMLSchema.xsd"
	xmlns:gml="http://www.opengis.net/gml/3.2"
	xmlns:xsi="http://www.w3.org/2001/XMLSchema-instance"
	xmlns:xlink="http://www.w3.org/1999/xlink"
	xmlns="http://fgd.gsi.go.jp/spec/2008/FGD_GMLSchema"
	gml:id="Dataset1">
  <gml:description>基盤地図情報メタデータ ID=fmdid:20-0701</gml:description>
  <gml:name>基盤地図情報ダウンロードデータ（GML版）</gml:name>
<AdmPt gml:id="K6_4729811781_1">
<fid>47298-11781-i-26</fid>
<lfSpanFr gml:id="K6_4729811781_1-1">
<gml:timePosition>2018-12-27</gml:timePosition>
</lfSpanFr>
<devDate gml:id="K6_4729811781_1-2">
<gml:timePosition>2020-06-26</gml:timePosition>
</devDate>
<orgGILvl>25000</orgGILvl>
<vis>非表示</vis>
<pos>
<gml:Point gml:id="K6_4729811781_1-g" srsName="fguuid:jgd2011.bl">
<gml:pos>32.732734971 131.384726656</gml:pos>
</gml:Point>
</pos>
<type>町村・指定都市の区</type>
<name>高千穂町</name>
<admCode>45441</admCode>
</AdmPt>
<AdmPt gml:id="K6_4731311775_1">
<fid>47313-11775-i-10</fid>
<lfSpanFr gml:id="K6_4731311775_1-1">
<gml:timePosition>2018-12-27</gml:timePosition>
</lfSpanFr>
<devDate gml:id="K6_4731311775_1-2">
<gml:timePosition>2020-06-26</gml:timePosition>
</devDate>
<orgGILvl>25000</orgGILvl>
<vis>非表示</vis>
<pos>
<gml:Point gml:id="K6_4731311775_1-g" srsName="fguuid:jgd2011.bl">
<gml:pos>32.708792745 131.426786919</gml:pos>
</gml:Point>
</pos>
<type>町村・指定都市の区</type>
<name>日之影町</name>
<admCode>45442</admCode>
</AdmPt>
<AdmPt gml:id="K6_4733411775_1">
<fid>47334-11775-i-32</fid>
<lfSpanFr gml:id="K6_4733411775_1-1">
<gml:timePosition>2018-12-27</gml:timePosition>
</lfSpanFr>
<devDate gml:id="K6_4733411775_1-2">
<gml:timePosition>2020-06-26</gml:timePosition>
</devDate>
<orgGILvl>25000</orgGILvl>
<vis>非表示</vis>
<pos>
<gml:Point gml:id="K6_4733411775_1-g" srsName="fguuid:jgd2011.bl">
<gml:pos>32.708609647 131.489263373</gml:pos>
</gml:Point>
</pos>
<type>郡市・東京都の区</type>
<name>延岡市</name>
<admCode>45203</admCode>
</AdmPt>
</Dataset>
