<?xml version="1.0" encoding="utf-8"?>
<Dataset xsi:schemaLocation="http://fgd.gsi.go.jp/spec/2008/FGD_GMLSchema FGD_GMLSchema.xsd"
	xmlns:gml="http://www.opengis.net/gml/3.2"
	xmlns:xsi="http://www.w3.org/2001/XMLSchema-instance"
	xmlns:xlink="http://www.w3.org/1999/xlink"
	xmlns="http://fgd.gsi.go.jp/spec/2008/FGD_GMLSchema"
	gml:id="Dataset1">
  <gml:description>基盤地図情報メタデータ ID=fmdid:21-0701</gml:description>
  <gml:name>基盤地図情報ダウンロードデータ（GML版）</gml:name>
<ElevPt gml:id="K2_4738511730_1">
<fid>47385-11730-i-549</fid>
<lfSpanFr gml:id="K2_4738511730_1-1">
<gml:timePosition>2020-06-30</gml:timePosition>
</lfSpanFr>
<devDate gml:id="K2_4738511730_1-2">
<gml:timePosition>2021-06-03</gml:timePosition>
</devDate>
<orgGILvl>25000</orgGILvl>
<vis>表示</vis>
<pos>
<gml:Point gml:id="K2_4738511730_1-g" srsName="fguuid:jgd2011.bl">
<gml:pos>32.588713611 131.629525833</gml:pos>
</gml:Point>
</pos>
<type>標高点（測点）</type>
<alti>59</alti>
</ElevPt>
<ElevPt gml:id="K2_4738511733_1">
<fid>47385-11733-i-55</fid>
<lfSpanFr gml:id="K2_4738511733_1-1">
<gml:timePosition>2020-06-30</gml:timePosition>
</lfSpanFr>
<devDate gml:id="K2_4738511733_1-2">
<gml:timePosition>2021-06-03</gml:timePosition>
</devDate>
<orgGILvl>25000</orgGILvl>
<vis>表示</vis>
<pos>
<gml:Point gml:id="K2_4738511733_1-g" srsName="fguuid:jgd2011.bl">
<gml:pos>32.596293889 131.632090000</gml:pos>
</gml:Point>
</pos>
<type>標高点（測点）</type>
<alti>251</alti>
</ElevPt>
<ElevPt gml:id="K2_4738511745_1">
<fid>47385-11745-i-202</fid>
<lfSpanFr gml:id="K2_4738511745_1-1">
<gml:timePosition>2021-04-02</gml:timePosition>
</lfSpanFr>
<devDate gml:id="K2_4738511745_1-2">
<gml:timePosition>2021-06-03</gml:timePosition>
</devDate>
<orgGILvl>25000</orgGILvl>
<vis>表示</vis>
<pos>
<gml:Point gml:id="K2_4738511745_1-g" srsName="fguuid:jgd2011.bl">
<gml:pos>32.627043333 131.627688889</gml:pos>
</gml:Point>
</pos>
<type>標高点（測点）</type>
<alti>114</alti>
</ElevPt>
<ElevPt gml:id="K2_4738511748_1">
<fid>47385-11748-i-362</fid>
<lfSpanFr gml:id="K2_4738511748_1-1">
<gml:timePosition>2021-04-02</gml:timePosition>
</lfSpanFr>
<devDate gml:id="K2_4738511748_1-2">
<gml:timePosition>2021-06-03</gml:timePosition>
</devDate>
<orgGILvl>25000</orgGILvl>
<vis>非表示</vis>
<pos>
<gml:Point gml:id="K2_4738511748_1-g" srsName="fguuid:jgd2011.bl">
<gml:pos>32.637211667 131.626340278</gml:pos>
</gml:Point>
</pos>
<type>標高点（測点）</type>
<alti>23</alti>
</ElevPt>
<ElevPt gml:id="K2_4738511754_1">
<fid>47385-11754-i-11</fid>
<lfSpanFr gml:id="K2_4738511754_1-1">
<gml:timePosition>2014-12-25</gml:timePosition>
</lfSpanFr>
<devDate gml:id="K2_4738511754_1-2">
<gml:timePosition>2021-06-03</gml:timePosition>
</devDate>
<orgGILvl>25000</orgGILvl>
<vis>表示</vis>
<pos>
<gml:Point gml:id="K2_4738511754_1-g" srsName="fguuid:jgd2011.bl">
<gml:pos>32.651758056 131.632772778</gml:pos>
</gml:Point>
</pos>
<type>標高点（測点）</type>
<alti>359</alti>
</ElevPt>
<ElevPt gml:id="K2_4738511754_2">
<fid>47385-11754-i-12</fid>
<lfSpanFr gml:id="K2_4738511754_2-1">
<gml:timePosition>2014-12-25</gml:timePosition>
</lfSpanFr>
<devDate gml:id="K2_4738511754_2-2">
<gml:timePosition>2021-06-03</gml:timePosition>
</devDate>
<orgGILvl>25000</orgGILvl>
<vis>表示</vis>
<pos>
<gml:Point gml:id="K2_4738511754_2-g" srsName="fguuid:jgd2011.bl">
<gml:pos>32.656456111 131.630749722</gml:pos>
</gml:Point>
</pos>
<type>標高点（測点）</type>
<alti>319</alti>
</ElevPt>
<ElevPt gml:id="K2_4738811736_1">
<fid>47388-11736-i-69</fid>
<lfSpanFr gml:id="K2_4738811736_1-1">
<gml:timePosition>2020-06-30</gml:timePosition>
</lfSpanFr>
<devDate gml:id="K2_4738811736_1-2">
<gml:timePosition>2021-06-03</gml:timePosition>
</devDate>
<orgGILvl>25000</orgGILvl>
<vis>表示</vis>
<pos>
<gml:Point gml:id="K2_4738811736_1-g" srsName="fguuid:jgd2011.bl">
<gml:pos>32.601958056 131.635675833</gml:pos>
</gml:Point>
</pos>
<type>標高点（測点）</type>
<alti>233</alti>
</ElevPt>
<ElevPt gml:id="K2_4738811739_1">
<fid>47388-11739-i-130</fid>
<lfSpanFr gml:id="K2_4738811739_1-1">
<gml:timePosition>2020-06-30</gml:timePosition>
</lfSpanFr>
<devDate gml:id="K2_4738811739_1-2">
<gml:timePosition>2021-06-03</gml:timePosition>
</devDate>
<orgGILvl>25000</orgGILvl>
<vis>表示</vis>
<pos>
<gml:Point gml:id="K2_4738811739_1-g" srsName="fguuid:jgd2011.bl">
<gml:pos>32.615383056 131.638597500</gml:pos>
</gml:Point>
</pos>
<type>標高点（測点）</type>
<alti>181</alti>
</ElevPt>
<ElevPt gml:id="K2_4738811739_2">
<fid>47388-11739-i-131</fid>
<lfSpanFr gml:id="K2_4738811739_2-1">
<gml:timePosition>2020-06-30</gml:timePosition>
</lfSpanFr>
<devDate gml:id="K2_4738811739_2-2">
<gml:timePosition>2021-06-03</gml:timePosition>
</devDate>
<orgGILvl>25000</orgGILvl>
<vis>表示</vis>
<pos>
<gml:Point gml:id="K2_4738811739_2-g" srsName="fguuid:jgd2011.bl">
<gml:pos>32.609084076 131.636592346</gml:pos>
</gml:Point>
</pos>
<type>標高点（測点）</type>
<alti>16</alti>
</ElevPt>
<ElevPt gml:id="K2_4738811745_1">
<fid>47388-11745-i-29</fid>
<lfSpanFr gml:id="K2_4738811745_1-1">
<gml:timePosition>2021-04-02</gml:timePosition>
</lfSpanFr>
<devDate gml:id="K2_4738811745_1-2">
<gml:timePosition>2021-06-03</gml:timePosition>
</devDate>
<orgGILvl>25000</orgGILvl>
<vis>表示</vis>
<pos>
<gml:Point gml:id="K2_4738811745_1-g" srsName="fguuid:jgd2011.bl">
<gml:pos>32.630967778 131.640498056</gml:pos>
</gml:Point>
</pos>
<type>標高点（測点）</type>
<alti>222</alti>
</ElevPt>
<ElevPt gml:id="K2_4738811745_2">
<fid>47388-11745-i-30</fid>
<lfSpanFr gml:id="K2_4738811745_2-1">
<gml:timePosition>2021-04-02</gml:timePosition>
</lfSpanFr>
<devDate gml:id="K2_4738811745_2-2">
<gml:timePosition>2021-06-03</gml:timePosition>
</devDate>
<orgGILvl>25000</orgGILvl>
<vis>表示</vis>
<pos>
<gml:Point gml:id="K2_4738811745_2-g" srsName="fguuid:jgd2011.bl">
<gml:pos>32.632093333 131.633519167</gml:pos>
</gml:Point>
</pos>
<type>標高点（測点）</type>
<alti>179</alti>
</ElevPt>
<ElevPt gml:id="K2_4738811748_1">
<fid>47388-11748-i-18</fid>
<lfSpanFr gml:id="K2_4738811748_1-1">
<gml:timePosition>2014-12-25</gml:timePosition>
</lfSpanFr>
<devDate gml:id="K2_4738811748_1-2">
<gml:timePosition>2021-06-03</gml:timePosition>
</devDate>
<orgGILvl>25000</orgGILvl>
<vis>表示</vis>
<pos>
<gml:Point gml:id="K2_4738811748_1-g" srsName="fguuid:jgd2011.bl">
<gml:pos>32.641518333 131.635998333</gml:pos>
</gml:Point>
</pos>
<type>標高点（測点）</type>
<alti>275</alti>
</ElevPt>
<ElevPt gml:id="K2_4739111733_1">
<fid>47391-11733-i-84</fid>
<lfSpanFr gml:id="K2_4739111733_1-1">
<gml:timePosition>2020-06-30</gml:timePosition>
</lfSpanFr>
<devDate gml:id="K2_4739111733_1-2">
<gml:timePosition>2021-06-03</gml:timePosition>
</devDate>
<orgGILvl>25000</orgGILvl>
<vis>表示</vis>
<pos>
<gml:Point gml:id="K2_4739111733_1-g" srsName="fguuid:jgd2011.bl">
<gml:pos>32.594684722 131.646028889</gml:pos>
</gml:Point>
</pos>
<type>標高点（測点）</type>
<alti>198</alti>
</ElevPt>
<ElevPt gml:id="K2_4739111733_2">
<fid>47391-11733-i-85</fid>
<lfSpanFr gml:id="K2_4739111733_2-1">
<gml:timePosition>2020-06-30</gml:timePosition>
</lfSpanFr>
<devDate gml:id="K2_4739111733_2-2">
<gml:timePosition>2021-06-03</gml:timePosition>
</devDate>
<orgGILvl>25000</orgGILvl>
<vis>表示</vis>
<pos>
<gml:Point gml:id="K2_4739111733_2-g" srsName="fguuid:jgd2011.bl">
<gml:pos>32.599938333 131.643140278</gml:pos>
</gml:Point>
</pos>
<type>標高点（測点）</type>
<alti>129</alti>
</ElevPt>
<ElevPt gml:id="K2_4739111736_1">
<fid>47391-11736-i-502</fid>
<lfSpanFr gml:id="K2_4739111736_1-1">
<gml:timePosition>2020-06-30</gml:timePosition>
</lfSpanFr>
<devDate gml:id="K2_4739111736_1-2">
<gml:timePosition>2021-06-03</gml:timePosition>
</devDate>
<orgGILvl>25000</orgGILvl>
<vis>表示</vis>
<pos>
<gml:Point gml:id="K2_4739111736_1-g" srsName="fguuid:jgd2011.bl">
<gml:pos>32.607643667 131.646666583</gml:pos>
</gml:Point>
</pos>
<type>標高点（測点）</type>
<alti>11</alti>
</ElevPt>
<ElevPt gml:id="K2_4739111742_1">
<fid>47391-11742-i-30</fid>
<lfSpanFr gml:id="K2_4739111742_1-1">
<gml:timePosition>2020-06-30</gml:timePosition>
</lfSpanFr>
<devDate gml:id="K2_4739111742_1-2">
<gml:timePosition>2021-06-03</gml:timePosition>
</devDate>
<orgGILvl>25000</orgGILvl>
<vis>表示</vis>
<pos>
<gml:Point gml:id="K2_4739111742_1-g" srsName="fguuid:jgd2011.bl">
<gml:pos>32.622547678 131.644137863</gml:pos>
</gml:Point>
</pos>
<type>標高点（測点）</type>
<alti>249</alti>
</ElevPt>
<ElevPt gml:id="K2_4739111745_1">
<fid>47391-11745-i-9</fid>
<lfSpanFr gml:id="K2_4739111745_1-1">
<gml:timePosition>2014-12-25</gml:timePosition>
</lfSpanFr>
<devDate gml:id="K2_4739111745_1-2">
<gml:timePosition>2021-06-03</gml:timePosition>
</devDate>
<orgGILvl>25000</orgGILvl>
<vis>表示</vis>
<pos>
<gml:Point gml:id="K2_4739111745_1-g" srsName="fguuid:jgd2011.bl">
<gml:pos>32.626349167 131.648486944</gml:pos>
</gml:Point>
</pos>
<type>標高点（測点）</type>
<alti>263</alti>
</ElevPt>
<ElevPt gml:id="K2_4739111748_1">
<fid>47391-11748-i-13</fid>
<lfSpanFr gml:id="K2_4739111748_1-1">
<gml:timePosition>2014-12-25</gml:timePosition>
</lfSpanFr>
<devDate gml:id="K2_4739111748_1-2">
<gml:timePosition>2021-06-03</gml:timePosition>
</devDate>
<orgGILvl>25000</orgGILvl>
<vis>表示</vis>
<pos>
<gml:Point gml:id="K2_4739111748_1-g" srsName="fguuid:jgd2011.bl">
<gml:pos>32.640586111 131.641697778</gml:pos>
</gml:Point>
</pos>
<type>標高点（測点）</type>
<alti>225</alti>
</ElevPt>
<ElevPt gml:id="K2_4739111751_1">
<fid>47391-11751-i-14</fid>
<lfSpanFr gml:id="K2_4739111751_1-1">
<gml:timePosition>2014-12-25</gml:timePosition>
</lfSpanFr>
<devDate gml:id="K2_4739111751_1-2">
<gml:timePosition>2021-06-03</gml:timePosition>
</devDate>
<orgGILvl>25000</orgGILvl>
<vis>表示</vis>
<pos>
<gml:Point gml:id="K2_4739111751_1-g" srsName="fguuid:jgd2011.bl">
<gml:pos>32.649642778 131.642672500</gml:pos>
</gml:Point>
</pos>
<type>標高点（測点）</type>
<alti>574</alti>
</ElevPt>
<ElevPt gml:id="K2_4739111757_1">
<fid>47391-11757-i-8</fid>
<lfSpanFr gml:id="K2_4739111757_1-1">
<gml:timePosition>2014-12-25</gml:timePosition>
</lfSpanFr>
<devDate gml:id="K2_4739111757_1-2">
<gml:timePosition>2021-06-03</gml:timePosition>
</devDate>
<orgGILvl>25000</orgGILvl>
<vis>表示</vis>
<pos>
<gml:Point gml:id="K2_4739111757_1-g" srsName="fguuid:jgd2011.bl">
<gml:pos>32.660723333 131.648089722</gml:pos>
</gml:Point>
</pos>
<type>標高点（測点）</type>
<alti>562</alti>
</ElevPt>
<ElevPt gml:id="K2_4739411733_1">
<fid>47394-11733-i-178</fid>
<lfSpanFr gml:id="K2_4739411733_1-1">
<gml:timePosition>2020-06-30</gml:timePosition>
</lfSpanFr>
<devDate gml:id="K2_4739411733_1-2">
<gml:timePosition>2021-06-03</gml:timePosition>
</devDate>
<orgGILvl>25000</orgGILvl>
<vis>表示</vis>
<pos>
<gml:Point gml:id="K2_4739411733_1-g" srsName="fguuid:jgd2011.bl">
<gml:pos>32.595244167 131.655095833</gml:pos>
</gml:Point>
</pos>
<type>標高点（測点）</type>
<alti>172</alti>
</ElevPt>
<ElevPt gml:id="K2_4739411736_1">
<fid>47394-11736-i-757</fid>
<lfSpanFr gml:id="K2_4739411736_1-1">
<gml:timePosition>2020-06-30</gml:timePosition>
</lfSpanFr>
<devDate gml:id="K2_4739411736_1-2">
<gml:timePosition>2021-06-03</gml:timePosition>
</devDate>
<orgGILvl>25000</orgGILvl>
<vis>表示</vis>
<pos>
<gml:Point gml:id="K2_4739411736_1-g" srsName="fguuid:jgd2011.bl">
<gml:pos>32.603240556 131.652496389</gml:pos>
</gml:Point>
</pos>
<type>標高点（測点）</type>
<alti>61</alti>
</ElevPt>
<ElevPt gml:id="K2_4739411739_1">
<fid>47394-11739-i-189</fid>
<lfSpanFr gml:id="K2_4739411739_1-1">
<gml:timePosition>2020-06-30</gml:timePosition>
</lfSpanFr>
<devDate gml:id="K2_4739411739_1-2">
<gml:timePosition>2021-06-03</gml:timePosition>
</devDate>
<orgGILvl>25000</orgGILvl>
<vis>表示</vis>
<pos>
<gml:Point gml:id="K2_4739411739_1-g" srsName="fguuid:jgd2011.bl">
<gml:pos>32.608675136 131.658113844</gml:pos>
</gml:Point>
</pos>
<type>標高点（測点）</type>
<alti>8</alti>
</ElevPt>
<ElevPt gml:id="K2_4739411742_1">
<fid>47394-11742-i-81</fid>
<lfSpanFr gml:id="K2_4739411742_1-1">
<gml:timePosition>2020-06-30</gml:timePosition>
</lfSpanFr>
<devDate gml:id="K2_4739411742_1-2">
<gml:timePosition>2021-06-03</gml:timePosition>
</devDate>
<orgGILvl>25000</orgGILvl>
<vis>表示</vis>
<pos>
<gml:Point gml:id="K2_4739411742_1-g" srsName="fguuid:jgd2011.bl">
<gml:pos>32.623846111 131.654410556</gml:pos>
</gml:Point>
</pos>
<type>標高点（測点）</type>
<alti>362</alti>
</ElevPt>
<ElevPt gml:id="K2_4739411751_1">
<fid>47394-11751-i-37</fid>
<lfSpanFr gml:id="K2_4739411751_1-1">
<gml:timePosition>2014-12-25</gml:timePosition>
</lfSpanFr>
<devDate gml:id="K2_4739411751_1-2">
<gml:timePosition>2021-06-03</gml:timePosition>
</devDate>
<orgGILvl>25000</orgGILvl>
<vis>表示</vis>
<pos>
<gml:Point gml:id="K2_4739411751_1-g" srsName="fguuid:jgd2011.bl">
<gml:pos>32.644765556 131.652405556</gml:pos>
</gml:Point>
</pos>
<type>標高点（測点）</type>
<alti>253</alti>
</ElevPt>
<ElevPt gml:id="K2_4739411757_1">
<fid>47394-11757-i-4</fid>
<lfSpanFr gml:id="K2_4739411757_1-1">
<gml:timePosition>2014-12-25</gml:timePosition>
</lfSpanFr>
<devDate gml:id="K2_4739411757_1-2">
<gml:timePosition>2021-06-03</gml:timePosition>
</devDate>
<orgGILvl>25000</orgGILvl>
<vis>表示</vis>
<pos>
<gml:Point gml:id="K2_4739411757_1-g" srsName="fguuid:jgd2011.bl">
<gml:pos>32.661822500 131.658019722</gml:pos>
</gml:Point>
</pos>
<type>標高点（測点）</type>
<alti>508</alti>
</ElevPt>
<ElevPt gml:id="K2_4739711736_1">
<fid>47397-11736-i-754</fid>
<lfSpanFr gml:id="K2_4739711736_1-1">
<gml:timePosition>2020-06-30</gml:timePosition>
</lfSpanFr>
<devDate gml:id="K2_4739711736_1-2">
<gml:timePosition>2021-06-03</gml:timePosition>
</devDate>
<orgGILvl>25000</orgGILvl>
<vis>表示</vis>
<pos>
<gml:Point gml:id="K2_4739711736_1-g" srsName="fguuid:jgd2011.bl">
<gml:pos>32.603059444 131.663432778</gml:pos>
</gml:Point>
</pos>
<type>標高点（測点）</type>
<alti>14</alti>
</ElevPt>
<ElevPt gml:id="K2_4739711739_1">
<fid>47397-11739-i-195</fid>
<lfSpanFr gml:id="K2_4739711739_1-1">
<gml:timePosition>2020-06-30</gml:timePosition>
</lfSpanFr>
<devDate gml:id="K2_4739711739_1-2">
<gml:timePosition>2021-06-03</gml:timePosition>
</devDate>
<orgGILvl>25000</orgGILvl>
<vis>表示</vis>
<pos>
<gml:Point gml:id="K2_4739711739_1-g" srsName="fguuid:jgd2011.bl">
<gml:pos>32.614104444 131.660899167</gml:pos>
</gml:Point>
</pos>
<type>標高点（測点）</type>
<alti>252</alti>
</ElevPt>
<ElevPt gml:id="K2_4739711748_1">
<fid>47397-11748-i-10</fid>
<lfSpanFr gml:id="K2_4739711748_1-1">
<gml:timePosition>2014-12-25</gml:timePosition>
</lfSpanFr>
<devDate gml:id="K2_4739711748_1-2">
<gml:timePosition>2021-06-03</gml:timePosition>
</devDate>
<orgGILvl>25000</orgGILvl>
<vis>表示</vis>
<pos>
<gml:Point gml:id="K2_4739711748_1-g" srsName="fguuid:jgd2011.bl">
<gml:pos>32.637297222 131.662201389</gml:pos>
</gml:Point>
</pos>
<type>標高点（測点）</type>
<alti>33</alti>
</ElevPt>
<ElevPt gml:id="K2_4739711751_1">
<fid>47397-11751-i-11</fid>
<lfSpanFr gml:id="K2_4739711751_1-1">
<gml:timePosition>2014-12-25</gml:timePosition>
</lfSpanFr>
<devDate gml:id="K2_4739711751_1-2">
<gml:timePosition>2021-06-03</gml:timePosition>
</devDate>
<orgGILvl>25000</orgGILvl>
<vis>表示</vis>
<pos>
<gml:Point gml:id="K2_4739711751_1-g" srsName="fguuid:jgd2011.bl">
<gml:pos>32.649865833 131.664807778</gml:pos>
</gml:Point>
</pos>
<type>標高点（測点）</type>
<alti>355</alti>
</ElevPt>
<ElevPt gml:id="K2_4739711757_1">
<fid>47397-11757-i-4</fid>
<lfSpanFr gml:id="K2_4739711757_1-1">
<gml:timePosition>2014-12-25</gml:timePosition>
</lfSpanFr>
<devDate gml:id="K2_4739711757_1-2">
<gml:timePosition>2021-06-03</gml:timePosition>
</devDate>
<orgGILvl>25000</orgGILvl>
<vis>表示</vis>
<pos>
<gml:Point gml:id="K2_4739711757_1-g" srsName="fguuid:jgd2011.bl">
<gml:pos>32.666621111 131.659767500</gml:pos>
</gml:Point>
</pos>
<type>標高点（測点）</type>
<alti>436</alti>
</ElevPt>
<ElevPt gml:id="K2_4740011733_1">
<fid>47400-11733-i-784</fid>
<lfSpanFr gml:id="K2_4740011733_1-1">
<gml:timePosition>2020-06-30</gml:timePosition>
</lfSpanFr>
<devDate gml:id="K2_4740011733_1-2">
<gml:timePosition>2021-06-03</gml:timePosition>
</devDate>
<orgGILvl>25000</orgGILvl>
<vis>表示</vis>
<pos>
<gml:Point gml:id="K2_4740011733_1-g" srsName="fguuid:jgd2011.bl">
<gml:pos>32.593245917 131.671351000</gml:pos>
</gml:Point>
</pos>
<type>標高点（測点）</type>
<alti>5</alti>
</ElevPt>
<ElevPt gml:id="K2_4740011733_2">
<fid>47400-11733-i-785</fid>
<lfSpanFr gml:id="K2_4740011733_2-1">
<gml:timePosition>2020-06-30</gml:timePosition>
</lfSpanFr>
<devDate gml:id="K2_4740011733_2-2">
<gml:timePosition>2021-06-03</gml:timePosition>
</devDate>
<orgGILvl>25000</orgGILvl>
<vis>表示</vis>
<pos>
<gml:Point gml:id="K2_4740011733_2-g" srsName="fguuid:jgd2011.bl">
<gml:pos>32.598699750 131.668354139</gml:pos>
</gml:Point>
</pos>
<type>標高点（測点）</type>
<alti>64</alti>
</ElevPt>
<ElevPt gml:id="K2_4740011745_1">
<fid>47400-11745-i-135</fid>
<lfSpanFr gml:id="K2_4740011745_1-1">
<gml:timePosition>2020-06-30</gml:timePosition>
</lfSpanFr>
<devDate gml:id="K2_4740011745_1-2">
<gml:timePosition>2021-06-03</gml:timePosition>
</devDate>
<orgGILvl>25000</orgGILvl>
<vis>表示</vis>
<pos>
<gml:Point gml:id="K2_4740011745_1-g" srsName="fguuid:jgd2011.bl">
<gml:pos>32.633302222 131.674342778</gml:pos>
</gml:Point>
</pos>
<type>標高点（測点）</type>
<alti>206</alti>
</ElevPt>
<ElevPt gml:id="K2_4740311739_1">
<fid>47403-11739-i-563</fid>
<lfSpanFr gml:id="K2_4740311739_1-1">
<gml:timePosition>2020-06-30</gml:timePosition>
</lfSpanFr>
<devDate gml:id="K2_4740311739_1-2">
<gml:timePosition>2021-06-03</gml:timePosition>
</devDate>
<orgGILvl>25000</orgGILvl>
<vis>表示</vis>
<pos>
<gml:Point gml:id="K2_4740311739_1-g" srsName="fguuid:jgd2011.bl">
<gml:pos>32.614607693 131.677039208</gml:pos>
</gml:Point>
</pos>
<type>標高点（測点）</type>
<alti>5</alti>
</ElevPt>
<ElevPt gml:id="K2_4740611748_1">
<fid>47406-11748-i-224</fid>
<lfSpanFr gml:id="K2_4740611748_1-1">
<gml:timePosition>2020-06-30</gml:timePosition>
</lfSpanFr>
<devDate gml:id="K2_4740611748_1-2">
<gml:timePosition>2021-06-03</gml:timePosition>
</devDate>
<orgGILvl>25000</orgGILvl>
<vis>表示</vis>
<pos>
<gml:Point gml:id="K2_4740611748_1-g" srsName="fguuid:jgd2011.bl">
<gml:pos>32.636859444 131.683871111</gml:pos>
</gml:Point>
</pos>
<type>標高点（測点）</type>
<alti>151</alti>
</ElevPt>
<ElevPt gml:id="K2_4740911736_1">
<fid>47409-11736-i-333</fid>
<lfSpanFr gml:id="K2_4740911736_1-1">
<gml:timePosition>2020-06-30</gml:timePosition>
</lfSpanFr>
<devDate gml:id="K2_4740911736_1-2">
<gml:timePosition>2021-06-03</gml:timePosition>
</devDate>
<orgGILvl>25000</orgGILvl>
<vis>表示</vis>
<pos>
<gml:Point gml:id="K2_4740911736_1-g" srsName="fguuid:jgd2011.bl">
<gml:pos>32.602858611 131.697953333</gml:pos>
</gml:Point>
</pos>
<type>標高点（測点）</type>
<alti>2</alti>
</ElevPt>
<ElevPt gml:id="K2_4740911739_1">
<fid>47409-11739-i-394</fid>
<lfSpanFr gml:id="K2_4740911739_1-1">
<gml:timePosition>2020-06-30</gml:timePosition>
</lfSpanFr>
<devDate gml:id="K2_4740911739_1-2">
<gml:timePosition>2021-06-03</gml:timePosition>
</devDate>
<orgGILvl>25000</orgGILvl>
<vis>表示</vis>
<pos>
<gml:Point gml:id="K2_4740911739_1-g" srsName="fguuid:jgd2011.bl">
<gml:pos>32.609740999 131.698912669</gml:pos>
</gml:Point>
</pos>
<type>標高点（測点）</type>
<alti>2</alti>
</ElevPt>
<ElevPt gml:id="K2_4741211730_1">
<fid>47412-11730-i-584</fid>
<lfSpanFr gml:id="K2_4741211730_1-1">
<gml:timePosition>2020-06-30</gml:timePosition>
</lfSpanFr>
<devDate gml:id="K2_4741211730_1-2">
<gml:timePosition>2021-06-03</gml:timePosition>
</devDate>
<orgGILvl>25000</orgGILvl>
<vis>表示</vis>
<pos>
<gml:Point gml:id="K2_4741211730_1-g" srsName="fguuid:jgd2011.bl">
<gml:pos>32.584004857 131.703554835</gml:pos>
</gml:Point>
</pos>
<type>標高点（測点）</type>
<alti>10</alti>
</ElevPt>
<ElevPt gml:id="K2_4741211751_1">
<fid>47412-11751-i-62</fid>
<lfSpanFr gml:id="K2_4741211751_1-1">
<gml:timePosition>2020-06-30</gml:timePosition>
</lfSpanFr>
<devDate gml:id="K2_4741211751_1-2">
<gml:timePosition>2021-06-03</gml:timePosition>
</devDate>
<orgGILvl>25000</orgGILvl>
<vis>表示</vis>
<pos>
<gml:Point gml:id="K2_4741211751_1-g" srsName="fguuid:jgd2011.bl">
<gml:pos>32.646247222 131.707420556</gml:pos>
</gml:Point>
</pos>
<type>標高点（測点）</type>
<alti>228</alti>
</ElevPt>
<ElevPt gml:id="K2_4741511733_1">
<fid>47415-11733-i-209</fid>
<lfSpanFr gml:id="K2_4741511733_1-1">
<gml:timePosition>2020-06-30</gml:timePosition>
</lfSpanFr>
<devDate gml:id="K2_4741511733_1-2">
<gml:timePosition>2021-06-03</gml:timePosition>
</devDate>
<orgGILvl>25000</orgGILvl>
<vis>表示</vis>
<pos>
<gml:Point gml:id="K2_4741511733_1-g" srsName="fguuid:jgd2011.bl">
<gml:pos>32.599926667 131.715366111</gml:pos>
</gml:Point>
</pos>
<type>標高点（測点）</type>
<alti>237</alti>
</ElevPt>
<ElevPt gml:id="K2_4742111745_1">
<fid>47421-11745-i-99</fid>
<lfSpanFr gml:id="K2_4742111745_1-1">
<gml:timePosition>2020-06-30</gml:timePosition>
</lfSpanFr>
<devDate gml:id="K2_4742111745_1-2">
<gml:timePosition>2021-06-03</gml:timePosition>
</devDate>
<orgGILvl>25000</orgGILvl>
<vis>表示</vis>
<pos>
<gml:Point gml:id="K2_4742111745_1-g" srsName="fguuid:jgd2011.bl">
<gml:pos>32.632351389 131.730875000</gml:pos>
</gml:Point>
</pos>
<type>標高点（測点）</type>
<alti>256</alti>
</ElevPt>
<ElevPt gml:id="K2_4742111748_1">
<fid>47421-11748-i-10</fid>
<lfSpanFr gml:id="K2_4742111748_1-1">
<gml:timePosition>2020-06-30</gml:timePosition>
</lfSpanFr>
<devDate gml:id="K2_4742111748_1-2">
<gml:timePosition>2021-06-03</gml:timePosition>
</devDate>
<orgGILvl>25000</orgGILvl>
<vis>表示</vis>
<pos>
<gml:Point gml:id="K2_4742111748_1-g" srsName="fguuid:jgd2011.bl">
<gml:pos>32.637503889 131.728150000</gml:pos>
</gml:Point>
</pos>
<type>標高点（測点）</type>
<alti>237</alti>
</ElevPt>
<ElevPt gml:id="K2_4742411733_1">
<fid>47424-11733-i-25</fid>
<lfSpanFr gml:id="K2_4742411733_1-1">
<gml:timePosition>2020-06-30</gml:timePosition>
</lfSpanFr>
<devDate gml:id="K2_4742411733_1-2">
<gml:timePosition>2021-06-03</gml:timePosition>
</devDate>
<orgGILvl>25000</orgGILvl>
<vis>表示</vis>
<pos>
<gml:Point gml:id="K2_4742411733_1-g" srsName="fguuid:jgd2011.bl">
<gml:pos>32.594077500 131.741178056</gml:pos>
</gml:Point>
</pos>
<type>標高点（測点）</type>
<alti>142</alti>
</ElevPt>
<ElevPt gml:id="K2_4742411754_1">
<fid>47424-11754-i-22</fid>
<lfSpanFr gml:id="K2_4742411754_1-1">
<gml:timePosition>2020-06-30</gml:timePosition>
</lfSpanFr>
<devDate gml:id="K2_4742411754_1-2">
<gml:timePosition>2021-06-03</gml:timePosition>
</devDate>
<orgGILvl>25000</orgGILvl>
<vis>表示</vis>
<pos>
<gml:Point gml:id="K2_4742411754_1-g" srsName="fguuid:jgd2011.bl">
<gml:pos>32.655295000 131.737194167</gml:pos>
</gml:Point>
</pos>
<type>標高点（測点）</type>
<alti>191</alti>
</ElevPt>
<ElevPt gml:id="K2_4742711736_1">
<fid>47427-11736-i-150</fid>
<lfSpanFr gml:id="K2_4742711736_1-1">
<gml:timePosition>2020-06-30</gml:timePosition>
</lfSpanFr>
<devDate gml:id="K2_4742711736_1-2">
<gml:timePosition>2021-06-03</gml:timePosition>
</devDate>
<orgGILvl>25000</orgGILvl>
<vis>表示</vis>
<pos>
<gml:Point gml:id="K2_4742711736_1-g" srsName="fguuid:jgd2011.bl">
<gml:pos>32.607082222 131.748636667</gml:pos>
</gml:Point>
</pos>
<type>標高点（測点）</type>
<alti>138</alti>
</ElevPt>
<ElevPt gml:id="K2_4742711745_1">
<fid>47427-11745-i-50</fid>
<lfSpanFr gml:id="K2_4742711745_1-1">
<gml:timePosition>2020-06-30</gml:timePosition>
</lfSpanFr>
<devDate gml:id="K2_4742711745_1-2">
<gml:timePosition>2021-06-03</gml:timePosition>
</devDate>
<orgGILvl>25000</orgGILvl>
<vis>表示</vis>
<pos>
<gml:Point gml:id="K2_4742711745_1-g" srsName="fguuid:jgd2011.bl">
<gml:pos>32.626314722 131.749177222</gml:pos>
</gml:Point>
</pos>
<type>標高点（測点）</type>
<alti>180</alti>
</ElevPt>
<ElevPt gml:id="K2_4742711745_2">
<fid>47427-11745-i-64</fid>
<lfSpanFr gml:id="K2_4742711745_2-1">
<gml:timePosition>2020-06-30</gml:timePosition>
</lfSpanFr>
<devDate gml:id="K2_4742711745_2-2">
<gml:timePosition>2021-06-03</gml:timePosition>
</devDate>
<orgGILvl>25000</orgGILvl>
<vis>非表示</vis>
<pos>
<gml:Point gml:id="K2_4742711745_2-g" srsName="fguuid:jgd2011.bl">
<gml:pos>32.626332778 131.744007778</gml:pos>
</gml:Point>
</pos>
<type>標高点（測点）</type>
<alti>168</alti>
</ElevPt>
<ElevPt gml:id="K2_4742711754_1">
<fid>47427-11754-i-13</fid>
<lfSpanFr gml:id="K2_4742711754_1-1">
<gml:timePosition>2020-06-30</gml:timePosition>
</lfSpanFr>
<devDate gml:id="K2_4742711754_1-2">
<gml:timePosition>2021-06-03</gml:timePosition>
</devDate>
<orgGILvl>25000</orgGILvl>
<vis>表示</vis>
<pos>
<gml:Point gml:id="K2_4742711754_1-g" srsName="fguuid:jgd2011.bl">
<gml:pos>32.657611111 131.746147222</gml:pos>
</gml:Point>
</pos>
<type>標高点（測点）</type>
<alti>253</alti>
</ElevPt>
<ElevPt gml:id="K2_4742711757_1">
<fid>47427-11757-i-8</fid>
<lfSpanFr gml:id="K2_4742711757_1-1">
<gml:timePosition>2020-06-30</gml:timePosition>
</lfSpanFr>
<devDate gml:id="K2_4742711757_1-2">
<gml:timePosition>2021-06-03</gml:timePosition>
</devDate>
<orgGILvl>25000</orgGILvl>
<vis>表示</vis>
<pos>
<gml:Point gml:id="K2_4742711757_1-g" srsName="fguuid:jgd2011.bl">
<gml:pos>32.666054722 131.745635556</gml:pos>
</gml:Point>
</pos>
<type>標高点（測点）</type>
<alti>214</alti>
</ElevPt>
<ElevPt gml:id="K2_4742711757_2">
<fid>47427-11757-i-9</fid>
<lfSpanFr gml:id="K2_4742711757_2-1">
<gml:timePosition>2020-06-30</gml:timePosition>
</lfSpanFr>
<devDate gml:id="K2_4742711757_2-2">
<gml:timePosition>2021-06-03</gml:timePosition>
</devDate>
<orgGILvl>25000</orgGILvl>
<vis>表示</vis>
<pos>
<gml:Point gml:id="K2_4742711757_2-g" srsName="fguuid:jgd2011.bl">
<gml:pos>32.665544722 131.749323889</gml:pos>
</gml:Point>
</pos>
<type>標高点（測点）</type>
<alti>222</alti>
</ElevPt>
</Dataset>
