<?xml version="1.0" encoding="utf-8"?>
<Dataset xsi:schemaLocation="http://fgd.gsi.go.jp/spec/2008/FGD_GMLSchema FGD_GMLSchema.xsd"
	xmlns:gml="http://www.opengis.net/gml/3.2"
	xmlns:xsi="http://www.w3.org/2001/XMLSchema-instance"
	xmlns:xlink="http://www.w3.org/1999/xlink"
	xmlns="http://fgd.gsi.go.jp/spec/2008/FGD_GMLSchema"
	gml:id="Dataset1">
  <gml:description>基盤地図情報メタデータ ID=fmdid:21-0701</gml:description>
  <gml:name>基盤地図情報ダウンロードデータ（GML版）</gml:name>
<GCP gml:id="K1_483175_1">
<fid>10-00100-0-2105-136060</fid>
<lfSpanFr gml:id="K1_483175_1-1">
<gml:timePosition>2021-05-19</gml:timePosition>
</lfSpanFr>
<devDate gml:id="K1_483175_1-2">
<gml:timePosition>2021-06-03</gml:timePosition>
</devDate>
<orgGILvl>SJ11</orgGILvl>
<vis>表示</vis>
<pos>
<gml:Point gml:id="K1_483175_1-g" srsName="fguuid:jgd2011.bl">
<gml:pos>32.604035639 131.678492944</gml:pos>
</gml:Point>
</pos>
<orgName>国土地理院</orgName>
<type>水準点</type>
<gcpClass>一等水準点</gcpClass>
<gcpCode>L010000002581</gcpCode>
<name>２５８１</name>
<B>117374.5283</B>
<L>474042.5746</L>
<alti>9.207</alti>
<altiAcc>4</altiAcc>
</GCP>
<GCP gml:id="K1_483175_2">
<fid>10-00100-0-2105-136061</fid>
<lfSpanFr gml:id="K1_483175_2-1">
<gml:timePosition>2021-05-19</gml:timePosition>
</lfSpanFr>
<devDate gml:id="K1_483175_2-2">
<gml:timePosition>2021-06-03</gml:timePosition>
</devDate>
<orgGILvl>SJ11</orgGILvl>
<vis>表示</vis>
<pos>
<gml:Point gml:id="K1_483175_2-g" srsName="fguuid:jgd2011.bl">
<gml:pos>32.616305000 131.682237389</gml:pos>
</gml:Point>
</pos>
<orgName>国土地理院</orgName>
<type>水準点</type>
<gcpClass>一等水準点</gcpClass>
<gcpCode>L010000002582</gcpCode>
<name>２５８２</name>
<B>117418.698</B>
<L>474056.0546</L>
<alti>14.1292</alti>
<altiAcc>4</altiAcc>
</GCP>
<GCP gml:id="K1_483175_3">
<fid>10-00100-0-2105-136062</fid>
<lfSpanFr gml:id="K1_483175_3-1">
<gml:timePosition>2021-05-19</gml:timePosition>
</lfSpanFr>
<devDate gml:id="K1_483175_3-2">
<gml:timePosition>2021-06-03</gml:timePosition>
</devDate>
<orgGILvl>SJ11</orgGILvl>
<vis>表示</vis>
<pos>
<gml:Point gml:id="K1_483175_3-g" srsName="fguuid:jgd2011.bl">
<gml:pos>32.633785528 131.690360472</gml:pos>
</gml:Point>
</pos>
<orgName>国土地理院</orgName>
<type>水準点</type>
<gcpClass>一等水準点</gcpClass>
<gcpCode>L010000002583</gcpCode>
<name>２５８３</name>
<B>117481.6279</B>
<L>474085.2977</L>
<alti>7.2464</alti>
<altiAcc>4</altiAcc>
</GCP>
<GCP gml:id="K1_483175_4">
<fid>10-00100-0-2105-136063</fid>
<lfSpanFr gml:id="K1_483175_4-1">
<gml:timePosition>2021-05-19</gml:timePosition>
</lfSpanFr>
<devDate gml:id="K1_483175_4-2">
<gml:timePosition>2021-06-03</gml:timePosition>
</devDate>
<orgGILvl>SJ11</orgGILvl>
<vis>表示</vis>
<pos>
<gml:Point gml:id="K1_483175_4-g" srsName="fguuid:jgd2011.bl">
<gml:pos>32.643567917 131.688342306</gml:pos>
</gml:Point>
</pos>
<orgName>国土地理院</orgName>
<type>水準点</type>
<gcpClass>一等水準点</gcpClass>
<gcpCode>L010000002584</gcpCode>
<name>２５８４</name>
<B>117516.8445</B>
<L>474078.0323</L>
<alti>5.9086</alti>
<altiAcc>4</altiAcc>
</GCP>
<GCP gml:id="K1_483175_5">
<fid>10-00100-0-2105-136064</fid>
<lfSpanFr gml:id="K1_483175_5-1">
<gml:timePosition>2021-05-19</gml:timePosition>
</lfSpanFr>
<devDate gml:id="K1_483175_5-2">
<gml:timePosition>2021-06-03</gml:timePosition>
</devDate>
<orgGILvl>SJ11</orgGILvl>
<vis>表示</vis>
<pos>
<gml:Point gml:id="K1_483175_5-g" srsName="fguuid:jgd2011.bl">
<gml:pos>32.659615083 131.692287556</gml:pos>
</gml:Point>
</pos>
<orgName>国土地理院</orgName>
<type>水準点</type>
<gcpClass>一等水準点</gcpClass>
<gcpCode>L010000002585</gcpCode>
<name>２５８５</name>
<B>117574.6143</B>
<L>474092.2352</L>
<alti>10.6481</alti>
<altiAcc>4</altiAcc>
</GCP>
<GCP gml:id="K1_483175_6">
<fid>10-00100-0-2105-136113</fid>
<lfSpanFr gml:id="K1_483175_6-1">
<gml:timePosition>2021-05-19</gml:timePosition>
</lfSpanFr>
<devDate gml:id="K1_483175_6-2">
<gml:timePosition>2021-06-03</gml:timePosition>
</devDate>
<orgGILvl>SJ11</orgGILvl>
<vis>表示</vis>
<pos>
<gml:Point gml:id="K1_483175_6-g" srsName="fguuid:jgd2011.bl">
<gml:pos>32.583855556 131.633933333</gml:pos>
</gml:Point>
</pos>
<orgName>国土地理院</orgName>
<type>水準点</type>
<gcpClass>一等水準点</gcpClass>
<gcpCode>L010000002637</gcpCode>
<name>２６３７</name>
<B>117301.88</B>
<L>473882.16</L>
<alti>9.6961</alti>
<altiAcc>4</altiAcc>
</GCP>
<GCP gml:id="K1_483175_7">
<fid>10-00100-0-2105-148187</fid>
<lfSpanFr gml:id="K1_483175_7-1">
<gml:timePosition>2021-05-19</gml:timePosition>
</lfSpanFr>
<devDate gml:id="K1_483175_7-2">
<gml:timePosition>2021-06-03</gml:timePosition>
</devDate>
<orgGILvl>SJ11</orgGILvl>
<vis>表示</vis>
<pos>
<gml:Point gml:id="K1_483175_7-g" srsName="fguuid:jgd2011.bl">
<gml:pos>32.647457861 131.690008250</gml:pos>
</gml:Point>
</pos>
<orgName>国土地理院</orgName>
<type>水準点</type>
<gcpClass>一等水準点</gcpClass>
<gcpCode>L04000010-240</gcpCode>
<name>０１０－２４０</name>
<B>117530.8483</B>
<L>474084.0297</L>
<alti>10.6611</alti>
<altiAcc>4</altiAcc>
</GCP>
<GCP gml:id="K1_483175_8">
<fid>10-00100-0-2105-152578</fid>
<lfSpanFr gml:id="K1_483175_8-1">
<gml:timePosition>2021-05-19</gml:timePosition>
</lfSpanFr>
<devDate gml:id="K1_483175_8-2">
<gml:timePosition>2021-06-03</gml:timePosition>
</devDate>
<orgGILvl>KJ12</orgGILvl>
<vis>表示</vis>
<pos>
<gml:Point gml:id="K1_483175_8-g" srsName="fguuid:jgd2011.bl">
<gml:pos>32.628495806 131.723223556</gml:pos>
</gml:Point>
</pos>
<orgName>国土地理院</orgName>
<type>三角点</type>
<gcpClass>二等三角点</gcpClass>
<gcpCode>TR24831755701</gcpCode>
<name>川島</name>
<B>117462.5849</B>
<L>474203.6048</L>
<alti>290.18</alti>
<altiAcc>2</altiAcc>
</GCP>
<GCP gml:id="K1_483175_9">
<fid>10-00100-0-2105-152579</fid>
<lfSpanFr gml:id="K1_483175_9-1">
<gml:timePosition>2021-05-19</gml:timePosition>
</lfSpanFr>
<devDate gml:id="K1_483175_9-2">
<gml:timePosition>2021-06-03</gml:timePosition>
</devDate>
<orgGILvl>KJ12</orgGILvl>
<vis>表示</vis>
<pos>
<gml:Point gml:id="K1_483175_9-g" srsName="fguuid:jgd2011.bl">
<gml:pos>32.656130833 131.656014806</gml:pos>
</gml:Point>
</pos>
<orgName>国土地理院</orgName>
<type>三角点</type>
<gcpClass>二等三角点</gcpClass>
<gcpCode>TR24831758201</gcpCode>
<name>可愛山</name>
<B>117562.071</B>
<L>473961.6533</L>
<alti>727.79</alti>
<altiAcc>2</altiAcc>
</GCP>
<GCP gml:id="K1_483175_10">
<fid>10-00100-0-2105-159087</fid>
<lfSpanFr gml:id="K1_483175_10-1">
<gml:timePosition>2021-05-19</gml:timePosition>
</lfSpanFr>
<devDate gml:id="K1_483175_10-2">
<gml:timePosition>2021-06-03</gml:timePosition>
</devDate>
<orgGILvl>KJ13</orgGILvl>
<vis>表示</vis>
<pos>
<gml:Point gml:id="K1_483175_10-g" srsName="fguuid:jgd2011.bl">
<gml:pos>32.593660222 131.724019611</gml:pos>
</gml:Point>
</pos>
<orgName>国土地理院</orgName>
<type>三角点</type>
<gcpClass>三等三角点</gcpClass>
<gcpCode>TR34831751701</gcpCode>
<name>東海山</name>
<B>117337.1768</B>
<L>474206.4706</L>
<alti>258.56</alti>
<altiAcc>2</altiAcc>
</GCP>
<GCP gml:id="K1_483175_11">
<fid>10-00100-0-2105-159088</fid>
<lfSpanFr gml:id="K1_483175_11-1">
<gml:timePosition>2021-05-19</gml:timePosition>
</lfSpanFr>
<devDate gml:id="K1_483175_11-2">
<gml:timePosition>2021-06-03</gml:timePosition>
</devDate>
<orgGILvl>KJ13</orgGILvl>
<vis>表示</vis>
<pos>
<gml:Point gml:id="K1_483175_11-g" srsName="fguuid:jgd2011.bl">
<gml:pos>32.614041528 131.648131861</gml:pos>
</gml:Point>
</pos>
<orgName>国土地理院</orgName>
<type>三角点</type>
<gcpClass>三等三角点</gcpClass>
<gcpCode>TR34831753101</gcpCode>
<name>尾久保</name>
<B>117410.5495</B>
<L>473933.2747</L>
<alti>321.24</alti>
<altiAcc>2</altiAcc>
</GCP>
<GCP gml:id="K1_483175_12">
<fid>10-00100-0-2105-159089</fid>
<lfSpanFr gml:id="K1_483175_12-1">
<gml:timePosition>2021-05-19</gml:timePosition>
</lfSpanFr>
<devDate gml:id="K1_483175_12-2">
<gml:timePosition>2021-06-03</gml:timePosition>
</devDate>
<orgGILvl>KJ13</orgGILvl>
<vis>表示</vis>
<pos>
<gml:Point gml:id="K1_483175_12-g" srsName="fguuid:jgd2011.bl">
<gml:pos>32.613589417 131.685896306</gml:pos>
</gml:Point>
</pos>
<orgName>国土地理院</orgName>
<type>三角点</type>
<gcpClass>三等三角点</gcpClass>
<gcpCode>TR34831753401</gcpCode>
<name>妙見山</name>
<B>117408.9219</B>
<L>474069.2267</L>
<alti>91.84</alti>
<altiAcc>2</altiAcc>
</GCP>
<GCP gml:id="K1_483175_13">
<fid>10-00100-0-2105-159090</fid>
<lfSpanFr gml:id="K1_483175_13-1">
<gml:timePosition>2021-05-19</gml:timePosition>
</lfSpanFr>
<devDate gml:id="K1_483175_13-2">
<gml:timePosition>2021-06-03</gml:timePosition>
</devDate>
<orgGILvl>KJ13</orgGILvl>
<vis>表示</vis>
<pos>
<gml:Point gml:id="K1_483175_13-g" srsName="fguuid:jgd2011.bl">
<gml:pos>32.640734778 131.675458694</gml:pos>
</gml:Point>
</pos>
<orgName>国土地理院</orgName>
<type>三角点</type>
<gcpClass>三等三角点</gcpClass>
<gcpCode>TR34831756401</gcpCode>
<name>小橋山</name>
<B>117506.6452</B>
<L>474031.6513</L>
<alti>297.72</alti>
<altiAcc>2</altiAcc>
</GCP>
<GCP gml:id="K1_483175_14">
<fid>10-00100-0-2105-159091</fid>
<lfSpanFr gml:id="K1_483175_14-1">
<gml:timePosition>2021-05-19</gml:timePosition>
</lfSpanFr>
<devDate gml:id="K1_483175_14-2">
<gml:timePosition>2021-06-03</gml:timePosition>
</devDate>
<orgGILvl>KJ13</orgGILvl>
<vis>表示</vis>
<pos>
<gml:Point gml:id="K1_483175_14-g" srsName="fguuid:jgd2011.bl">
<gml:pos>32.644901306 131.631105917</gml:pos>
</gml:Point>
</pos>
<orgName>国土地理院</orgName>
<type>三角点</type>
<gcpClass>三等三角点</gcpClass>
<gcpCode>TR34831757001</gcpCode>
<name>葛ヶ内</name>
<B>117521.6447</B>
<L>473871.9813</L>
<alti>465.93</alti>
<altiAcc>2</altiAcc>
</GCP>
<GCP gml:id="K1_483175_15">
<fid>10-00100-0-2105-159092</fid>
<lfSpanFr gml:id="K1_483175_15-1">
<gml:timePosition>2021-05-19</gml:timePosition>
</lfSpanFr>
<devDate gml:id="K1_483175_15-2">
<gml:timePosition>2021-06-03</gml:timePosition>
</devDate>
<orgGILvl>KJ13</orgGILvl>
<vis>表示</vis>
<pos>
<gml:Point gml:id="K1_483175_15-g" srsName="fguuid:jgd2011.bl">
<gml:pos>32.653101778 131.728586500</gml:pos>
</gml:Point>
</pos>
<orgName>国土地理院</orgName>
<type>三角点</type>
<gcpClass>三等三角点</gcpClass>
<gcpCode>TR34831758801</gcpCode>
<name>野鶴</name>
<B>117551.1664</B>
<L>474222.9114</L>
<alti>194.23</alti>
<altiAcc>2</altiAcc>
</GCP>
<GCP gml:id="K1_483175_16">
<fid>10-00100-0-2105-159093</fid>
<lfSpanFr gml:id="K1_483175_16-1">
<gml:timePosition>2021-05-19</gml:timePosition>
</lfSpanFr>
<devDate gml:id="K1_483175_16-2">
<gml:timePosition>2021-06-03</gml:timePosition>
</devDate>
<orgGILvl>KJ13</orgGILvl>
<vis>表示</vis>
<pos>
<gml:Point gml:id="K1_483175_16-g" srsName="fguuid:jgd2011.bl">
<gml:pos>32.664521083 131.704575778</gml:pos>
</gml:Point>
</pos>
<orgName>国土地理院</orgName>
<type>三角点</type>
<gcpClass>三等三角点</gcpClass>
<gcpCode>TR34831759601</gcpCode>
<name>上迫</name>
<B>117592.2759</B>
<L>474136.4728</L>
<alti>75.29</alti>
<altiAcc>2</altiAcc>
</GCP>
<GCP gml:id="K1_483175_17">
<fid>10-00100-0-2105-195035</fid>
<lfSpanFr gml:id="K1_483175_17-1">
<gml:timePosition>2021-05-19</gml:timePosition>
</lfSpanFr>
<devDate gml:id="K1_483175_17-2">
<gml:timePosition>2021-06-03</gml:timePosition>
</devDate>
<orgGILvl>KJ14</orgGILvl>
<vis>表示</vis>
<pos>
<gml:Point gml:id="K1_483175_17-g" srsName="fguuid:jgd2011.bl">
<gml:pos>32.585516361 131.640711611</gml:pos>
</gml:Point>
</pos>
<orgName>国土地理院</orgName>
<type>三角点</type>
<gcpClass>四等三角点</gcpClass>
<gcpCode>TR44831750101</gcpCode>
<name>松山</name>
<B>117307.8589</B>
<L>473906.5618</L>
<alti>6.81</alti>
<altiAcc>2</altiAcc>
</GCP>
<GCP gml:id="K1_483175_18">
<fid>10-00100-0-2105-195036</fid>
<lfSpanFr gml:id="K1_483175_18-1">
<gml:timePosition>2021-05-19</gml:timePosition>
</lfSpanFr>
<devDate gml:id="K1_483175_18-2">
<gml:timePosition>2021-06-03</gml:timePosition>
</devDate>
<orgGILvl>KJ14</orgGILvl>
<vis>表示</vis>
<pos>
<gml:Point gml:id="K1_483175_18-g" srsName="fguuid:jgd2011.bl">
<gml:pos>32.588790167 131.685606389</gml:pos>
</gml:Point>
</pos>
<orgName>国土地理院</orgName>
<type>三角点</type>
<gcpClass>四等三角点</gcpClass>
<gcpCode>TR44831750401</gcpCode>
<name>昭和</name>
<B>117319.6446</B>
<L>474068.183</L>
<alti>6.34</alti>
<altiAcc>2</altiAcc>
</GCP>
<GCP gml:id="K1_483175_19">
<fid>10-00100-0-2105-195037</fid>
<lfSpanFr gml:id="K1_483175_19-1">
<gml:timePosition>2021-05-19</gml:timePosition>
</lfSpanFr>
<devDate gml:id="K1_483175_19-2">
<gml:timePosition>2021-06-03</gml:timePosition>
</devDate>
<orgGILvl>KJ14</orgGILvl>
<vis>表示</vis>
<pos>
<gml:Point gml:id="K1_483175_19-g" srsName="fguuid:jgd2011.bl">
<gml:pos>32.587548500 131.706990750</gml:pos>
</gml:Point>
</pos>
<orgName>国土地理院</orgName>
<type>三角点</type>
<gcpClass>四等三角点</gcpClass>
<gcpCode>TR44831750601</gcpCode>
<name>方財</name>
<B>117315.1746</B>
<L>474145.1667</L>
<alti>18.81</alti>
<altiAcc>2</altiAcc>
</GCP>
<GCP gml:id="K1_483175_20">
<fid>10-00100-0-2105-195038</fid>
<lfSpanFr gml:id="K1_483175_20-1">
<gml:timePosition>2021-05-19</gml:timePosition>
</lfSpanFr>
<devDate gml:id="K1_483175_20-2">
<gml:timePosition>2021-06-03</gml:timePosition>
</devDate>
<orgGILvl>KJ14</orgGILvl>
<vis>表示</vis>
<pos>
<gml:Point gml:id="K1_483175_20-g" srsName="fguuid:jgd2011.bl">
<gml:pos>32.592419194 131.667023333</gml:pos>
</gml:Point>
</pos>
<orgName>国土地理院</orgName>
<type>三角点</type>
<gcpClass>四等三角点</gcpClass>
<gcpCode>TR44831751302</gcpCode>
<name>あさひ台</name>
<B>117332.7091</B>
<L>474001.284</L>
<alti>41.09</alti>
<altiAcc>2</altiAcc>
</GCP>
<GCP gml:id="K1_483175_21">
<fid>10-00100-0-2105-195039</fid>
<lfSpanFr gml:id="K1_483175_21-1">
<gml:timePosition>2021-05-19</gml:timePosition>
</lfSpanFr>
<devDate gml:id="K1_483175_21-2">
<gml:timePosition>2021-06-03</gml:timePosition>
</devDate>
<orgGILvl>KJ14</orgGILvl>
<vis>表示</vis>
<pos>
<gml:Point gml:id="K1_483175_21-g" srsName="fguuid:jgd2011.bl">
<gml:pos>32.601518000 131.626454861</gml:pos>
</gml:Point>
</pos>
<orgName>国土地理院</orgName>
<type>三角点</type>
<gcpClass>四等三角点</gcpClass>
<gcpCode>TR44831752001</gcpCode>
<name>高平山</name>
<B>117365.4648</B>
<L>473855.2375</L>
<alti>406.69</alti>
<altiAcc>2</altiAcc>
</GCP>
<GCP gml:id="K1_483175_22">
<fid>10-00100-0-2105-195040</fid>
<lfSpanFr gml:id="K1_483175_22-1">
<gml:timePosition>2021-05-19</gml:timePosition>
</lfSpanFr>
<devDate gml:id="K1_483175_22-2">
<gml:timePosition>2021-06-03</gml:timePosition>
</devDate>
<orgGILvl>KJ14</orgGILvl>
<vis>表示</vis>
<pos>
<gml:Point gml:id="K1_483175_22-g" srsName="fguuid:jgd2011.bl">
<gml:pos>32.600038306 131.650076806</gml:pos>
</gml:Point>
</pos>
<orgName>国土地理院</orgName>
<type>三角点</type>
<gcpClass>四等三角点</gcpClass>
<gcpCode>TR44831752201</gcpCode>
<name>柚木</name>
<B>117360.1379</B>
<L>473940.2765</L>
<alti>138.94</alti>
<altiAcc>2</altiAcc>
</GCP>
<GCP gml:id="K1_483175_23">
<fid>10-00100-0-2105-195041</fid>
<lfSpanFr gml:id="K1_483175_23-1">
<gml:timePosition>2021-05-19</gml:timePosition>
</lfSpanFr>
<devDate gml:id="K1_483175_23-2">
<gml:timePosition>2021-06-03</gml:timePosition>
</devDate>
<orgGILvl>KJ14</orgGILvl>
<vis>表示</vis>
<pos>
<gml:Point gml:id="K1_483175_23-g" srsName="fguuid:jgd2011.bl">
<gml:pos>32.608065611 131.678631083</gml:pos>
</gml:Point>
</pos>
<orgName>国土地理院</orgName>
<type>三角点</type>
<gcpClass>四等三角点</gcpClass>
<gcpCode>TR44831752402</gcpCode>
<name>稲葉崎</name>
<B>117389.0362</B>
<L>474043.0719</L>
<alti>23.33</alti>
<altiAcc>2</altiAcc>
</GCP>
<GCP gml:id="K1_483175_24">
<fid>10-00100-0-2105-195042</fid>
<lfSpanFr gml:id="K1_483175_24-1">
<gml:timePosition>2021-05-19</gml:timePosition>
</lfSpanFr>
<devDate gml:id="K1_483175_24-2">
<gml:timePosition>2021-06-03</gml:timePosition>
</devDate>
<orgGILvl>KJ14</orgGILvl>
<vis>表示</vis>
<pos>
<gml:Point gml:id="K1_483175_24-g" srsName="fguuid:jgd2011.bl">
<gml:pos>32.600331250 131.697944889</gml:pos>
</gml:Point>
</pos>
<orgName>国土地理院</orgName>
<type>三角点</type>
<gcpClass>四等三角点</gcpClass>
<gcpCode>TR44831752501</gcpCode>
<name>大武島</name>
<B>117361.1925</B>
<L>474112.6016</L>
<alti>4.25</alti>
<altiAcc>2</altiAcc>
</GCP>
<GCP gml:id="K1_483175_25">
<fid>10-00100-0-2105-195043</fid>
<lfSpanFr gml:id="K1_483175_25-1">
<gml:timePosition>2021-05-19</gml:timePosition>
</lfSpanFr>
<devDate gml:id="K1_483175_25-2">
<gml:timePosition>2021-06-03</gml:timePosition>
</devDate>
<orgGILvl>KJ14</orgGILvl>
<vis>表示</vis>
<pos>
<gml:Point gml:id="K1_483175_25-g" srsName="fguuid:jgd2011.bl">
<gml:pos>32.604308639 131.711562806</gml:pos>
</gml:Point>
</pos>
<orgName>国土地理院</orgName>
<type>三角点</type>
<gcpClass>四等三角点</gcpClass>
<gcpCode>TR44831752601</gcpCode>
<name>水尻</name>
<B>117375.5111</B>
<L>474161.6261</L>
<alti>202.12</alti>
<altiAcc>2</altiAcc>
</GCP>
<GCP gml:id="K1_483175_26">
<fid>10-00100-0-2105-195044</fid>
<lfSpanFr gml:id="K1_483175_26-1">
<gml:timePosition>2021-05-19</gml:timePosition>
</lfSpanFr>
<devDate gml:id="K1_483175_26-2">
<gml:timePosition>2021-06-03</gml:timePosition>
</devDate>
<orgGILvl>KJ14</orgGILvl>
<vis>表示</vis>
<pos>
<gml:Point gml:id="K1_483175_26-g" srsName="fguuid:jgd2011.bl">
<gml:pos>32.609776361 131.666343000</gml:pos>
</gml:Point>
</pos>
<orgName>国土地理院</orgName>
<type>三角点</type>
<gcpClass>四等三角点</gcpClass>
<gcpCode>TR44831753301</gcpCode>
<name>夏田山</name>
<B>117395.1949</B>
<L>473998.8348</L>
<alti>137.32</alti>
<altiAcc>2</altiAcc>
</GCP>
<GCP gml:id="K1_483175_27">
<fid>10-00100-0-2105-195045</fid>
<lfSpanFr gml:id="K1_483175_27-1">
<gml:timePosition>2021-05-19</gml:timePosition>
</lfSpanFr>
<devDate gml:id="K1_483175_27-2">
<gml:timePosition>2021-06-03</gml:timePosition>
</devDate>
<orgGILvl>KJ14</orgGILvl>
<vis>表示</vis>
<pos>
<gml:Point gml:id="K1_483175_27-g" srsName="fguuid:jgd2011.bl">
<gml:pos>32.613980500 131.725379694</gml:pos>
</gml:Point>
</pos>
<orgName>国土地理院</orgName>
<type>三角点</type>
<gcpClass>四等三角点</gcpClass>
<gcpCode>TR44831753801</gcpCode>
<name>追内</name>
<B>117410.3298</B>
<L>474211.3669</L>
<alti>123.2</alti>
<altiAcc>2</altiAcc>
</GCP>
<GCP gml:id="K1_483175_28">
<fid>10-00100-0-2105-195046</fid>
<lfSpanFr gml:id="K1_483175_28-1">
<gml:timePosition>2021-05-19</gml:timePosition>
</lfSpanFr>
<devDate gml:id="K1_483175_28-2">
<gml:timePosition>2021-06-03</gml:timePosition>
</devDate>
<orgGILvl>KJ14</orgGILvl>
<vis>表示</vis>
<pos>
<gml:Point gml:id="K1_483175_28-g" srsName="fguuid:jgd2011.bl">
<gml:pos>32.609592333 131.743460306</gml:pos>
</gml:Point>
</pos>
<orgName>国土地理院</orgName>
<type>三角点</type>
<gcpClass>四等三角点</gcpClass>
<gcpCode>TR44831753901</gcpCode>
<name>神戸山</name>
<B>117394.5324</B>
<L>474276.4571</L>
<alti>209.7</alti>
<altiAcc>2</altiAcc>
</GCP>
<GCP gml:id="K1_483175_29">
<fid>10-00100-0-2105-195047</fid>
<lfSpanFr gml:id="K1_483175_29-1">
<gml:timePosition>2021-05-19</gml:timePosition>
</lfSpanFr>
<devDate gml:id="K1_483175_29-2">
<gml:timePosition>2021-06-03</gml:timePosition>
</devDate>
<orgGILvl>KJ14</orgGILvl>
<vis>表示</vis>
<pos>
<gml:Point gml:id="K1_483175_29-g" srsName="fguuid:jgd2011.bl">
<gml:pos>32.616927333 131.625221194</gml:pos>
</gml:Point>
</pos>
<orgName>国土地理院</orgName>
<type>三角点</type>
<gcpClass>四等三角点</gcpClass>
<gcpCode>TR44831754001</gcpCode>
<name>狩瀬</name>
<B>117420.9384</B>
<L>473850.7963</L>
<alti>93.07</alti>
<altiAcc>2</altiAcc>
</GCP>
<GCP gml:id="K1_483175_30">
<fid>10-00100-0-2105-195048</fid>
<lfSpanFr gml:id="K1_483175_30-1">
<gml:timePosition>2021-05-19</gml:timePosition>
</lfSpanFr>
<devDate gml:id="K1_483175_30-2">
<gml:timePosition>2021-06-03</gml:timePosition>
</devDate>
<orgGILvl>KJ14</orgGILvl>
<vis>表示</vis>
<pos>
<gml:Point gml:id="K1_483175_30-g" srsName="fguuid:jgd2011.bl">
<gml:pos>32.623970722 131.668414139</gml:pos>
</gml:Point>
</pos>
<orgName>国土地理院</orgName>
<type>三角点</type>
<gcpClass>四等三角点</gcpClass>
<gcpCode>TR44831754301</gcpCode>
<name>小梓</name>
<B>117446.2946</B>
<L>474006.2909</L>
<alti>280.54</alti>
<altiAcc>2</altiAcc>
</GCP>
<GCP gml:id="K1_483175_31">
<fid>10-00100-0-2105-195049</fid>
<lfSpanFr gml:id="K1_483175_31-1">
<gml:timePosition>2021-05-19</gml:timePosition>
</lfSpanFr>
<devDate gml:id="K1_483175_31-2">
<gml:timePosition>2021-06-03</gml:timePosition>
</devDate>
<orgGILvl>KJ14</orgGILvl>
<vis>表示</vis>
<pos>
<gml:Point gml:id="K1_483175_31-g" srsName="fguuid:jgd2011.bl">
<gml:pos>32.616940972 131.707991222</gml:pos>
</gml:Point>
</pos>
<orgName>国土地理院</orgName>
<type>三角点</type>
<gcpClass>四等三角点</gcpClass>
<gcpCode>TR44831754601</gcpCode>
<name>逢瀬</name>
<B>117420.9875</B>
<L>474148.7684</L>
<alti>121.05</alti>
<altiAcc>2</altiAcc>
</GCP>
<GCP gml:id="K1_483175_32">
<fid>10-00100-0-2105-195050</fid>
<lfSpanFr gml:id="K1_483175_32-1">
<gml:timePosition>2021-05-19</gml:timePosition>
</lfSpanFr>
<devDate gml:id="K1_483175_32-2">
<gml:timePosition>2021-06-03</gml:timePosition>
</devDate>
<orgGILvl>KJ14</orgGILvl>
<vis>表示</vis>
<pos>
<gml:Point gml:id="K1_483175_32-g" srsName="fguuid:jgd2011.bl">
<gml:pos>32.623735611 131.734930389</gml:pos>
</gml:Point>
</pos>
<orgName>国土地理院</orgName>
<type>三角点</type>
<gcpClass>四等三角点</gcpClass>
<gcpCode>TR44831754801</gcpCode>
<name>石伸</name>
<B>117445.4482</B>
<L>474245.7494</L>
<alti>257.11</alti>
<altiAcc>2</altiAcc>
</GCP>
<GCP gml:id="K1_483175_33">
<fid>10-00100-0-2105-195051</fid>
<lfSpanFr gml:id="K1_483175_33-1">
<gml:timePosition>2021-05-19</gml:timePosition>
</lfSpanFr>
<devDate gml:id="K1_483175_33-2">
<gml:timePosition>2021-06-03</gml:timePosition>
</devDate>
<orgGILvl>KJ14</orgGILvl>
<vis>表示</vis>
<pos>
<gml:Point gml:id="K1_483175_33-g" srsName="fguuid:jgd2011.bl">
<gml:pos>32.621182000 131.745232417</gml:pos>
</gml:Point>
</pos>
<orgName>国土地理院</orgName>
<type>三角点</type>
<gcpClass>四等三角点</gcpClass>
<gcpCode>TR44831754901</gcpCode>
<name>山の神</name>
<B>117436.2552</B>
<L>474282.8367</L>
<alti>222.23</alti>
<altiAcc>2</altiAcc>
</GCP>
<GCP gml:id="K1_483175_34">
<fid>10-00100-0-2105-195052</fid>
<lfSpanFr gml:id="K1_483175_34-1">
<gml:timePosition>2021-05-19</gml:timePosition>
</lfSpanFr>
<devDate gml:id="K1_483175_34-2">
<gml:timePosition>2021-06-03</gml:timePosition>
</devDate>
<orgGILvl>KJ14</orgGILvl>
<vis>表示</vis>
<pos>
<gml:Point gml:id="K1_483175_34-g" srsName="fguuid:jgd2011.bl">
<gml:pos>32.625259278 131.635342194</gml:pos>
</gml:Point>
</pos>
<orgName>国土地理院</orgName>
<type>三角点</type>
<gcpClass>四等三角点</gcpClass>
<gcpCode>TR44831755001</gcpCode>
<name>向水流</name>
<B>117450.9334</B>
<L>473887.2319</L>
<alti>236.21</alti>
<altiAcc>2</altiAcc>
</GCP>
<GCP gml:id="K1_483175_35">
<fid>10-00100-0-2105-195053</fid>
<lfSpanFr gml:id="K1_483175_35-1">
<gml:timePosition>2021-05-19</gml:timePosition>
</lfSpanFr>
<devDate gml:id="K1_483175_35-2">
<gml:timePosition>2021-06-03</gml:timePosition>
</devDate>
<orgGILvl>KJ14</orgGILvl>
<vis>表示</vis>
<pos>
<gml:Point gml:id="K1_483175_35-g" srsName="fguuid:jgd2011.bl">
<gml:pos>32.628558528 131.657751250</gml:pos>
</gml:Point>
</pos>
<orgName>国土地理院</orgName>
<type>三角点</type>
<gcpClass>四等三角点</gcpClass>
<gcpCode>TR44831755201</gcpCode>
<name>長尾山</name>
<B>117462.8107</B>
<L>473967.9045</L>
<alti>382.2</alti>
<altiAcc>2</altiAcc>
</GCP>
<GCP gml:id="K1_483175_36">
<fid>10-00100-0-2105-195054</fid>
<lfSpanFr gml:id="K1_483175_36-1">
<gml:timePosition>2021-05-19</gml:timePosition>
</lfSpanFr>
<devDate gml:id="K1_483175_36-2">
<gml:timePosition>2021-06-03</gml:timePosition>
</devDate>
<orgGILvl>KJ14</orgGILvl>
<vis>表示</vis>
<pos>
<gml:Point gml:id="K1_483175_36-g" srsName="fguuid:jgd2011.bl">
<gml:pos>32.626234889 131.684807917</gml:pos>
</gml:Point>
</pos>
<orgName>国土地理院</orgName>
<type>三角点</type>
<gcpClass>四等三角点</gcpClass>
<gcpCode>TR44831755401</gcpCode>
<name>田上山</name>
<B>117454.4456</B>
<L>474065.3085</L>
<alti>74.64</alti>
<altiAcc>2</altiAcc>
</GCP>
<GCP gml:id="K1_483175_37">
<fid>10-00100-0-2105-195055</fid>
<lfSpanFr gml:id="K1_483175_37-1">
<gml:timePosition>2021-05-19</gml:timePosition>
</lfSpanFr>
<devDate gml:id="K1_483175_37-2">
<gml:timePosition>2021-06-03</gml:timePosition>
</devDate>
<orgGILvl>KJ14</orgGILvl>
<vis>表示</vis>
<pos>
<gml:Point gml:id="K1_483175_37-g" srsName="fguuid:jgd2011.bl">
<gml:pos>32.626988972 131.700657306</gml:pos>
</gml:Point>
</pos>
<orgName>国土地理院</orgName>
<type>三角点</type>
<gcpClass>四等三角点</gcpClass>
<gcpCode>TR44831755601</gcpCode>
<name>十郎</name>
<B>117457.1603</B>
<L>474122.3663</L>
<alti>119.97</alti>
<altiAcc>2</altiAcc>
</GCP>
<GCP gml:id="K1_483175_38">
<fid>10-00100-0-2105-195056</fid>
<lfSpanFr gml:id="K1_483175_38-1">
<gml:timePosition>2021-05-19</gml:timePosition>
</lfSpanFr>
<devDate gml:id="K1_483175_38-2">
<gml:timePosition>2021-06-03</gml:timePosition>
</devDate>
<orgGILvl>KJ14</orgGILvl>
<vis>表示</vis>
<pos>
<gml:Point gml:id="K1_483175_38-g" srsName="fguuid:jgd2011.bl">
<gml:pos>32.631755611 131.748837750</gml:pos>
</gml:Point>
</pos>
<orgName>国土地理院</orgName>
<type>三角点</type>
<gcpClass>四等三角点</gcpClass>
<gcpCode>TR44831755902</gcpCode>
<name>甫場</name>
<B>117474.3202</B>
<L>474295.8159</L>
<alti>175.79</alti>
<altiAcc>2</altiAcc>
</GCP>
<GCP gml:id="K1_483175_39">
<fid>10-00100-0-2105-195057</fid>
<lfSpanFr gml:id="K1_483175_39-1">
<gml:timePosition>2021-05-19</gml:timePosition>
</lfSpanFr>
<devDate gml:id="K1_483175_39-2">
<gml:timePosition>2021-06-03</gml:timePosition>
</devDate>
<orgGILvl>KJ14</orgGILvl>
<vis>表示</vis>
<pos>
<gml:Point gml:id="K1_483175_39-g" srsName="fguuid:jgd2011.bl">
<gml:pos>32.640301917 131.649119306</gml:pos>
</gml:Point>
</pos>
<orgName>国土地理院</orgName>
<type>三角点</type>
<gcpClass>四等三角点</gcpClass>
<gcpCode>TR44831756101</gcpCode>
<name>大峡山</name>
<B>117505.0869</B>
<L>473936.8295</L>
<alti>309.41</alti>
<altiAcc>2</altiAcc>
</GCP>
<GCP gml:id="K1_483175_40">
<fid>10-00100-0-2105-195058</fid>
<lfSpanFr gml:id="K1_483175_40-1">
<gml:timePosition>2021-05-19</gml:timePosition>
</lfSpanFr>
<devDate gml:id="K1_483175_40-2">
<gml:timePosition>2021-06-03</gml:timePosition>
</devDate>
<orgGILvl>KJ14</orgGILvl>
<vis>表示</vis>
<pos>
<gml:Point gml:id="K1_483175_40-g" srsName="fguuid:jgd2011.bl">
<gml:pos>32.636060556 131.691002194</gml:pos>
</gml:Point>
</pos>
<orgName>国土地理院</orgName>
<type>三角点</type>
<gcpClass>四等三角点</gcpClass>
<gcpCode>TR44831756501</gcpCode>
<name>三足</name>
<B>117489.818</B>
<L>474087.6079</L>
<alti>60.21</alti>
<altiAcc>2</altiAcc>
</GCP>
<GCP gml:id="K1_483175_41">
<fid>10-00100-0-2105-195059</fid>
<lfSpanFr gml:id="K1_483175_41-1">
<gml:timePosition>2021-05-19</gml:timePosition>
</lfSpanFr>
<devDate gml:id="K1_483175_41-2">
<gml:timePosition>2021-06-03</gml:timePosition>
</devDate>
<orgGILvl>KJ14</orgGILvl>
<vis>表示</vis>
<pos>
<gml:Point gml:id="K1_483175_41-g" srsName="fguuid:jgd2011.bl">
<gml:pos>32.636495083 131.711691333</gml:pos>
</gml:Point>
</pos>
<orgName>国土地理院</orgName>
<type>三角点</type>
<gcpClass>四等三角点</gcpClass>
<gcpCode>TR44831756601</gcpCode>
<name>長井</name>
<B>117491.3823</B>
<L>474162.0888</L>
<alti>324.46</alti>
<altiAcc>2</altiAcc>
</GCP>
<GCP gml:id="K1_483175_42">
<fid>10-00100-0-2105-195060</fid>
<lfSpanFr gml:id="K1_483175_42-1">
<gml:timePosition>2021-05-19</gml:timePosition>
</lfSpanFr>
<devDate gml:id="K1_483175_42-2">
<gml:timePosition>2021-06-03</gml:timePosition>
</devDate>
<orgGILvl>KJ14</orgGILvl>
<vis>表示</vis>
<pos>
<gml:Point gml:id="K1_483175_42-g" srsName="fguuid:jgd2011.bl">
<gml:pos>32.639743972 131.737215389</gml:pos>
</gml:Point>
</pos>
<orgName>国土地理院</orgName>
<type>三角点</type>
<gcpClass>四等三角点</gcpClass>
<gcpCode>TR44831756801</gcpCode>
<name>折川内</name>
<B>117503.0783</B>
<L>474253.9754</L>
<alti>175.29</alti>
<altiAcc>2</altiAcc>
</GCP>
<GCP gml:id="K1_483175_43">
<fid>10-00100-0-2105-195061</fid>
<lfSpanFr gml:id="K1_483175_43-1">
<gml:timePosition>2021-05-19</gml:timePosition>
</lfSpanFr>
<devDate gml:id="K1_483175_43-2">
<gml:timePosition>2021-06-03</gml:timePosition>
</devDate>
<orgGILvl>KJ14</orgGILvl>
<vis>表示</vis>
<pos>
<gml:Point gml:id="K1_483175_43-g" srsName="fguuid:jgd2011.bl">
<gml:pos>32.639550972 131.727486972</gml:pos>
</gml:Point>
</pos>
<orgName>国土地理院</orgName>
<type>三角点</type>
<gcpClass>四等三角点</gcpClass>
<gcpCode>TR44831756802</gcpCode>
<name>長谷</name>
<B>117502.3835</B>
<L>474218.9531</L>
<alti>229.3</alti>
<altiAcc>2</altiAcc>
</GCP>
<GCP gml:id="K1_483175_44">
<fid>10-00100-0-2105-195062</fid>
<lfSpanFr gml:id="K1_483175_44-1">
<gml:timePosition>2021-05-19</gml:timePosition>
</lfSpanFr>
<devDate gml:id="K1_483175_44-2">
<gml:timePosition>2021-06-03</gml:timePosition>
</devDate>
<orgGILvl>KJ14</orgGILvl>
<vis>表示</vis>
<pos>
<gml:Point gml:id="K1_483175_44-g" srsName="fguuid:jgd2011.bl">
<gml:pos>32.643786583 131.666112722</gml:pos>
</gml:Point>
</pos>
<orgName>国土地理院</orgName>
<type>三角点</type>
<gcpClass>四等三角点</gcpClass>
<gcpCode>TR44831757301</gcpCode>
<name>差木野</name>
<B>117517.6317</B>
<L>473998.0058</L>
<alti>366.69</alti>
<altiAcc>2</altiAcc>
</GCP>
<GCP gml:id="K1_483175_45">
<fid>10-00100-0-2105-195063</fid>
<lfSpanFr gml:id="K1_483175_45-1">
<gml:timePosition>2021-05-19</gml:timePosition>
</lfSpanFr>
<devDate gml:id="K1_483175_45-2">
<gml:timePosition>2021-06-03</gml:timePosition>
</devDate>
<orgGILvl>KJ14</orgGILvl>
<vis>表示</vis>
<pos>
<gml:Point gml:id="K1_483175_45-g" srsName="fguuid:jgd2011.bl">
<gml:pos>32.649275861 131.679676028</gml:pos>
</gml:Point>
</pos>
<orgName>国土地理院</orgName>
<type>三角点</type>
<gcpClass>四等三角点</gcpClass>
<gcpCode>TR44831757401</gcpCode>
<name>俵野</name>
<B>117537.3931</B>
<L>474046.8337</L>
<alti>197.17</alti>
<altiAcc>2</altiAcc>
</GCP>
<GCP gml:id="K1_483175_46">
<fid>10-00100-0-2105-195064</fid>
<lfSpanFr gml:id="K1_483175_46-1">
<gml:timePosition>2021-05-19</gml:timePosition>
</lfSpanFr>
<devDate gml:id="K1_483175_46-2">
<gml:timePosition>2021-06-03</gml:timePosition>
</devDate>
<orgGILvl>KJ14</orgGILvl>
<vis>表示</vis>
<pos>
<gml:Point gml:id="K1_483175_46-g" srsName="fguuid:jgd2011.bl">
<gml:pos>32.649044750 131.744537139</gml:pos>
</gml:Point>
</pos>
<orgName>国土地理院</orgName>
<type>三角点</type>
<gcpClass>四等三角点</gcpClass>
<gcpCode>TR44831757901</gcpCode>
<name>浦城</name>
<B>117536.5611</B>
<L>474280.3337</L>
<alti>80.48</alti>
<altiAcc>2</altiAcc>
</GCP>
<GCP gml:id="K1_483175_47">
<fid>10-00100-0-2105-195065</fid>
<lfSpanFr gml:id="K1_483175_47-1">
<gml:timePosition>2021-05-19</gml:timePosition>
</lfSpanFr>
<devDate gml:id="K1_483175_47-2">
<gml:timePosition>2021-06-03</gml:timePosition>
</devDate>
<orgGILvl>KJ14</orgGILvl>
<vis>表示</vis>
<pos>
<gml:Point gml:id="K1_483175_47-g" srsName="fguuid:jgd2011.bl">
<gml:pos>32.651655806 131.703733167</gml:pos>
</gml:Point>
</pos>
<orgName>国土地理院</orgName>
<type>三角点</type>
<gcpClass>四等三角点</gcpClass>
<gcpCode>TR44831758601</gcpCode>
<name>小平方</name>
<B>117545.9609</B>
<L>474133.4394</L>
<alti>205.29</alti>
<altiAcc>2</altiAcc>
</GCP>
<GCP gml:id="K1_483175_48">
<fid>10-00100-0-2105-195066</fid>
<lfSpanFr gml:id="K1_483175_48-1">
<gml:timePosition>2021-05-19</gml:timePosition>
</lfSpanFr>
<devDate gml:id="K1_483175_48-2">
<gml:timePosition>2021-06-03</gml:timePosition>
</devDate>
<orgGILvl>KJ14</orgGILvl>
<vis>表示</vis>
<pos>
<gml:Point gml:id="K1_483175_48-g" srsName="fguuid:jgd2011.bl">
<gml:pos>32.654939083 131.715359306</gml:pos>
</gml:Point>
</pos>
<orgName>国土地理院</orgName>
<type>三角点</type>
<gcpClass>四等三角点</gcpClass>
<gcpCode>TR44831758701</gcpCode>
<name>柿ノ尻</name>
<B>117557.7807</B>
<L>474175.2935</L>
<alti>120.01</alti>
<altiAcc>2</altiAcc>
</GCP>
<GCP gml:id="K1_483175_49">
<fid>10-00100-0-2105-195067</fid>
<lfSpanFr gml:id="K1_483175_49-1">
<gml:timePosition>2021-05-19</gml:timePosition>
</lfSpanFr>
<devDate gml:id="K1_483175_49-2">
<gml:timePosition>2021-06-03</gml:timePosition>
</devDate>
<orgGILvl>KJ14</orgGILvl>
<vis>表示</vis>
<pos>
<gml:Point gml:id="K1_483175_49-g" srsName="fguuid:jgd2011.bl">
<gml:pos>32.661783833 131.635671556</gml:pos>
</gml:Point>
</pos>
<orgName>国土地理院</orgName>
<type>三角点</type>
<gcpClass>四等三角点</gcpClass>
<gcpCode>TR44831759001</gcpCode>
<name>小中尾</name>
<B>117582.4218</B>
<L>473888.4176</L>
<alti>441.02</alti>
<altiAcc>2</altiAcc>
</GCP>
<GCP gml:id="K1_483175_50">
<fid>10-00100-0-2105-195068</fid>
<lfSpanFr gml:id="K1_483175_50-1">
<gml:timePosition>2021-05-19</gml:timePosition>
</lfSpanFr>
<devDate gml:id="K1_483175_50-2">
<gml:timePosition>2021-06-03</gml:timePosition>
</devDate>
<orgGILvl>KJ14</orgGILvl>
<vis>表示</vis>
<pos>
<gml:Point gml:id="K1_483175_50-g" srsName="fguuid:jgd2011.bl">
<gml:pos>32.659203389 131.670457694</gml:pos>
</gml:Point>
</pos>
<orgName>国土地理院</orgName>
<type>三角点</type>
<gcpClass>四等三角点</gcpClass>
<gcpCode>TR44831759301</gcpCode>
<name>二本杉</name>
<B>117573.1322</B>
<L>474013.6477</L>
<alti>585.5</alti>
<altiAcc>2</altiAcc>
</GCP>
<GCP gml:id="K1_483175_51">
<fid>10-00100-0-2105-195069</fid>
<lfSpanFr gml:id="K1_483175_51-1">
<gml:timePosition>2021-05-19</gml:timePosition>
</lfSpanFr>
<devDate gml:id="K1_483175_51-2">
<gml:timePosition>2021-06-03</gml:timePosition>
</devDate>
<orgGILvl>KJ14</orgGILvl>
<vis>表示</vis>
<pos>
<gml:Point gml:id="K1_483175_51-g" srsName="fguuid:jgd2011.bl">
<gml:pos>32.663981694 131.691273167</gml:pos>
</gml:Point>
</pos>
<orgName>国土地理院</orgName>
<type>三角点</type>
<gcpClass>四等三角点</gcpClass>
<gcpCode>TR44831759501</gcpCode>
<name>狐窪</name>
<B>117590.3341</B>
<L>474088.5834</L>
<alti>201.86</alti>
<altiAcc>2</altiAcc>
</GCP>
<GCP gml:id="K1_483175_52">
<fid>10-00100-0-2105-195070</fid>
<lfSpanFr gml:id="K1_483175_52-1">
<gml:timePosition>2021-05-19</gml:timePosition>
</lfSpanFr>
<devDate gml:id="K1_483175_52-2">
<gml:timePosition>2021-06-03</gml:timePosition>
</devDate>
<orgGILvl>KJ14</orgGILvl>
<vis>表示</vis>
<pos>
<gml:Point gml:id="K1_483175_52-g" srsName="fguuid:jgd2011.bl">
<gml:pos>32.666247250 131.728614556</gml:pos>
</gml:Point>
</pos>
<orgName>国土地理院</orgName>
<type>三角点</type>
<gcpClass>四等三角点</gcpClass>
<gcpCode>TR44831759801</gcpCode>
<name>広野山</name>
<B>117598.4901</B>
<L>474223.0124</L>
<alti>211.28</alti>
<altiAcc>2</altiAcc>
</GCP>
</Dataset>
