<?xml version="1.0" encoding="utf-8"?>
<Dataset xsi:schemaLocation="http://fgd.gsi.go.jp/spec/2008/FGD_GMLSchema FGD_GMLSchema.xsd"
	xmlns:gml="http://www.opengis.net/gml/3.2"
	xmlns:xsi="http://www.w3.org/2001/XMLSchema-instance"
	xmlns:xlink="http://www.w3.org/1999/xlink"
	xmlns="http://fgd.gsi.go.jp/spec/2008/FGD_GMLSchema"
	gml:id="Dataset1">
  <gml:description>基盤地図情報メタデータ ID=fmdid:21-0701</gml:description>
  <gml:name>基盤地図情報ダウンロードデータ（GML版）</gml:name>
<WStrA gml:id="K28_4698012120_1">
<fid>20210701-46983-12126-s-1171</fid>
<lfSpanFr gml:id="K28_4698012120_1-1">
<gml:timePosition>2021-07-01</gml:timePosition>
</lfSpanFr>
<devDate gml:id="K28_4698012120_1-2">
<gml:timePosition>2021-07-01</gml:timePosition>
</devDate>
<orgGILvl>2500</orgGILvl>
<vis>表示</vis>
<area>
<gml:Surface gml:id="K28_4698012120_1-g" srsName="fguuid:jgd2011.bl">
<gml:patches>
<gml:PolygonPatch>
<gml:exterior>
<gml:Ring>
<gml:curveMember>
<gml:Curve gml:id="K28_4698012120_1-3">
<gml:segments>
<gml:LineStringSegment>
<gml:posList>
33.688116637 130.515825547
33.688122559 130.515914811
33.6881219 130.515939924
33.688124839 130.51596299
33.688127178 130.515982197
33.688130253 130.516005359
33.688136168 130.51602144
33.688150878 130.51609385
33.688141511 130.516020461
33.688155774 130.516017857
33.688165141 130.516091246
33.688164685 130.516016232
33.688151076 130.515909603
33.6881309 130.515822943
33.688142165 130.515911228
33.688127902 130.515913832
33.688116637 130.515825547
</gml:posList>
</gml:LineStringSegment>
</gml:segments>
</gml:Curve>
</gml:curveMember>
</gml:Ring>
</gml:exterior>
</gml:PolygonPatch>
</gml:patches>
</gml:Surface>
</area>
<type>砂防ダム</type>
</WStrA>
<WStrA gml:id="K28_4698012120_2">
<fid>20210701-46980-12123-s-1152</fid>
<lfSpanFr gml:id="K28_4698012120_2-1">
<gml:timePosition>2021-07-01</gml:timePosition>
</lfSpanFr>
<devDate gml:id="K28_4698012120_2-2">
<gml:timePosition>2021-07-01</gml:timePosition>
</devDate>
<orgGILvl>2500</orgGILvl>
<vis>表示</vis>
<area>
<gml:Surface gml:id="K28_4698012120_2-g" srsName="fguuid:jgd2011.bl">
<gml:patches>
<gml:PolygonPatch>
<gml:exterior>
<gml:Ring>
<gml:curveMember>
<gml:Curve gml:id="K28_4698012120_2-3">
<gml:segments>
<gml:LineStringSegment>
<gml:posList>
33.681057706 130.503166152
33.680980051 130.503220955
33.680973178 130.503207017
33.681050834 130.503152214
33.681012859 130.503161934
33.680949724 130.503206494
33.680910397 130.503234244
33.680895532 130.503261831
33.680934355 130.50323443
33.680941228 130.503248357
33.680902404 130.503275758
33.680928269 130.503270476
33.681030722 130.503198155
33.681057706 130.503166152
</gml:posList>
</gml:LineStringSegment>
</gml:segments>
</gml:Curve>
</gml:curveMember>
</gml:Ring>
</gml:exterior>
</gml:PolygonPatch>
</gml:patches>
</gml:Surface>
</area>
<type>砂防ダム</type>
</WStrA>
<WStrA gml:id="K28_4698012120_3">
<fid>20210701-46980-12123-s-1150</fid>
<lfSpanFr gml:id="K28_4698012120_3-1">
<gml:timePosition>2021-07-01</gml:timePosition>
</lfSpanFr>
<devDate gml:id="K28_4698012120_3-2">
<gml:timePosition>2021-07-01</gml:timePosition>
</devDate>
<orgGILvl>2500</orgGILvl>
<vis>表示</vis>
<area>
<gml:Surface gml:id="K28_4698012120_3-g" srsName="fguuid:jgd2011.bl">
<gml:patches>
<gml:PolygonPatch>
<gml:exterior>
<gml:Ring>
<gml:curveMember>
<gml:Curve gml:id="K28_4698012120_3-3">
<gml:segments>
<gml:LineStringSegment>
<gml:posList>
33.682550101 130.506980414
33.682445713 130.507049669
33.682495374 130.507024256
33.682565824 130.506977715
33.682617488 130.506943576
33.682676179 130.506896777
33.682573752 130.506964727
33.682566997 130.506950712
33.682669613 130.506882632
33.682604465 130.506911219
33.682548716 130.506947517
33.682493336 130.506983564
33.682439147 130.507035524
33.682543337 130.506966411
33.682550101 130.506980414
</gml:posList>
</gml:LineStringSegment>
</gml:segments>
</gml:Curve>
</gml:curveMember>
</gml:Ring>
</gml:exterior>
</gml:PolygonPatch>
</gml:patches>
</gml:Surface>
</area>
<type>砂防ダム</type>
</WStrA>
<WStrA gml:id="K28_4698012120_4">
<fid>20210701-46980-12123-s-1149</fid>
<lfSpanFr gml:id="K28_4698012120_4-1">
<gml:timePosition>2021-07-01</gml:timePosition>
</lfSpanFr>
<devDate gml:id="K28_4698012120_4-2">
<gml:timePosition>2021-07-01</gml:timePosition>
</devDate>
<orgGILvl>2500</orgGILvl>
<vis>表示</vis>
<area>
<gml:Surface gml:id="K28_4698012120_4-g" srsName="fguuid:jgd2011.bl">
<gml:patches>
<gml:PolygonPatch>
<gml:exterior>
<gml:Ring>
<gml:curveMember>
<gml:Curve gml:id="K28_4698012120_4-3">
<gml:segments>
<gml:LineStringSegment>
<gml:posList>
33.682803546 130.50750707
33.682699158 130.507576324
33.682748819 130.507550911
33.682813541 130.507508145
33.682870934 130.507470231
33.682929625 130.507423433
33.682827197 130.507491372
33.682820442 130.507477357
33.682923059 130.507409288
33.682857911 130.507437874
33.682792135 130.507480689
33.682746782 130.507510219
33.682692592 130.507562168
33.682796782 130.507493055
33.682803546 130.50750707
</gml:posList>
</gml:LineStringSegment>
</gml:segments>
</gml:Curve>
</gml:curveMember>
</gml:Ring>
</gml:exterior>
</gml:PolygonPatch>
</gml:patches>
</gml:Surface>
</area>
<type>砂防ダム</type>
</WStrA>
<WStrA gml:id="K28_4698012120_5">
<fid>20210701-46980-12123-s-1148</fid>
<lfSpanFr gml:id="K28_4698012120_5-1">
<gml:timePosition>2021-07-01</gml:timePosition>
</lfSpanFr>
<devDate gml:id="K28_4698012120_5-2">
<gml:timePosition>2021-07-01</gml:timePosition>
</devDate>
<orgGILvl>2500</orgGILvl>
<vis>表示</vis>
<area>
<gml:Surface gml:id="K28_4698012120_5-g" srsName="fguuid:jgd2011.bl">
<gml:patches>
<gml:PolygonPatch>
<gml:exterior>
<gml:Ring>
<gml:curveMember>
<gml:Curve gml:id="K28_4698012120_5-3">
<gml:segments>
<gml:LineStringSegment>
<gml:posList>
33.677634695 130.506549993
33.677634154 130.506534164
33.677430555 130.506544106
33.677431096 130.506559935
33.677634695 130.506549993
</gml:posList>
</gml:LineStringSegment>
</gml:segments>
</gml:Curve>
</gml:curveMember>
</gml:Ring>
</gml:exterior>
</gml:PolygonPatch>
</gml:patches>
</gml:Surface>
</area>
<type>砂防ダム</type>
</WStrA>
<WStrA gml:id="K28_4698012120_6">
<fid>20210701-46980-12123-s-1151</fid>
<lfSpanFr gml:id="K28_4698012120_6-1">
<gml:timePosition>2021-07-01</gml:timePosition>
</lfSpanFr>
<devDate gml:id="K28_4698012120_6-2">
<gml:timePosition>2021-07-01</gml:timePosition>
</devDate>
<orgGILvl>2500</orgGILvl>
<vis>表示</vis>
<area>
<gml:Surface gml:id="K28_4698012120_6-g" srsName="fguuid:jgd2011.bl">
<gml:patches>
<gml:PolygonPatch>
<gml:exterior>
<gml:Ring>
<gml:curveMember>
<gml:Curve gml:id="K28_4698012120_6-3">
<gml:segments>
<gml:LineStringSegment>
<gml:posList>
33.677349766 130.505769952
33.677533475 130.505721869
33.677465011 130.505721603
33.677435564 130.505728468
33.677401206 130.505736473
33.677349766 130.505769952
</gml:posList>
</gml:LineStringSegment>
</gml:segments>
</gml:Curve>
</gml:curveMember>
</gml:Ring>
</gml:exterior>
</gml:PolygonPatch>
</gml:patches>
</gml:Surface>
</area>
<type>砂防ダム</type>
</WStrA>
<WStrA gml:id="K28_4698012120_7">
<fid>20210701-46983-12126-s-1076</fid>
<lfSpanFr gml:id="K28_4698012120_7-1">
<gml:timePosition>2021-07-01</gml:timePosition>
</lfSpanFr>
<devDate gml:id="K28_4698012120_7-2">
<gml:timePosition>2021-07-01</gml:timePosition>
</devDate>
<orgGILvl>2500</orgGILvl>
<vis>表示</vis>
<area>
<gml:Surface gml:id="K28_4698012120_7-g" srsName="fguuid:jgd2011.bl">
<gml:patches>
<gml:PolygonPatch>
<gml:exterior>
<gml:Ring>
<gml:curveMember>
<gml:Curve gml:id="K28_4698012120_7-3">
<gml:segments>
<gml:LineStringSegment>
<gml:posList>
33.688686599 130.509138482
33.688642552 130.509172385
33.68864973 130.50918615
33.688672741 130.509168007
33.688693413 130.509151602
33.688686599 130.509138482
</gml:posList>
</gml:LineStringSegment>
</gml:segments>
</gml:Curve>
</gml:curveMember>
</gml:Ring>
</gml:exterior>
</gml:PolygonPatch>
</gml:patches>
</gml:Surface>
</area>
<type>せき</type>
</WStrA>
<WStrA gml:id="K28_4698012120_8">
<fid>20210701-46980-12129-s-1599</fid>
<lfSpanFr gml:id="K28_4698012120_8-1">
<gml:timePosition>2021-07-01</gml:timePosition>
</lfSpanFr>
<devDate gml:id="K28_4698012120_8-2">
<gml:timePosition>2021-07-01</gml:timePosition>
</devDate>
<orgGILvl>2500</orgGILvl>
<vis>表示</vis>
<area>
<gml:Surface gml:id="K28_4698012120_8-g" srsName="fguuid:jgd2011.bl">
<gml:patches>
<gml:PolygonPatch>
<gml:exterior>
<gml:Ring>
<gml:curveMember>
<gml:Curve gml:id="K28_4698012120_8-3">
<gml:segments>
<gml:LineStringSegment>
<gml:posList>
33.692718286 130.507447099
33.692705305 130.507448036
33.692705532 130.50750488
33.692718875 130.507504588
33.692718286 130.507447099
</gml:posList>
</gml:LineStringSegment>
</gml:segments>
</gml:Curve>
</gml:curveMember>
</gml:Ring>
</gml:exterior>
</gml:PolygonPatch>
</gml:patches>
</gml:Surface>
</area>
<type>せき</type>
</WStrA>
<WStrA gml:id="K28_4698012120_9">
<fid>20210701-46980-12129-s-1600</fid>
<lfSpanFr gml:id="K28_4698012120_9-1">
<gml:timePosition>2021-07-01</gml:timePosition>
</lfSpanFr>
<devDate gml:id="K28_4698012120_9-2">
<gml:timePosition>2021-07-01</gml:timePosition>
</devDate>
<orgGILvl>2500</orgGILvl>
<vis>表示</vis>
<area>
<gml:Surface gml:id="K28_4698012120_9-g" srsName="fguuid:jgd2011.bl">
<gml:patches>
<gml:PolygonPatch>
<gml:exterior>
<gml:Ring>
<gml:curveMember>
<gml:Curve gml:id="K28_4698012120_9-3">
<gml:segments>
<gml:LineStringSegment>
<gml:posList>
33.692097843 130.508122419
33.692093307 130.508138086
33.692111643 130.508146287
33.692129437 130.508154059
33.692133973 130.508138393
33.692114553 130.508129875
33.692097843 130.508122419
</gml:posList>
</gml:LineStringSegment>
</gml:segments>
</gml:Curve>
</gml:curveMember>
</gml:Ring>
</gml:exterior>
</gml:PolygonPatch>
</gml:patches>
</gml:Surface>
</area>
<type>せき</type>
</WStrA>
</Dataset>
