<?xml version="1.0" encoding="utf-8"?>
<Dataset xsi:schemaLocation="http://fgd.gsi.go.jp/spec/2008/FGD_GMLSchema FGD_GMLSchema.xsd"
	xmlns:gml="http://www.opengis.net/gml/3.2"
	xmlns:xsi="http://www.w3.org/2001/XMLSchema-instance"
	xmlns:xlink="http://www.w3.org/1999/xlink"
	xmlns="http://fgd.gsi.go.jp/spec/2008/FGD_GMLSchema"
	gml:id="Dataset1">
  <gml:description>基盤地図情報メタデータ ID=fmdid:21-0701</gml:description>
  <gml:name>基盤地図情報ダウンロードデータ（GML版）</gml:name>
<ElevPt gml:id="K2_4698012120_1">
<fid>46980-12120-i-1460</fid>
<lfSpanFr gml:id="K2_4698012120_1-1">
<gml:timePosition>2020-10-29</gml:timePosition>
</lfSpanFr>
<devDate gml:id="K2_4698012120_1-2">
<gml:timePosition>2021-07-01</gml:timePosition>
</devDate>
<orgGILvl>25000</orgGILvl>
<vis>表示</vis>
<pos>
<gml:Point gml:id="K2_4698012120_1-g" srsName="fguuid:jgd2011.bl">
<gml:pos>33.671974944 130.501661861</gml:pos>
</gml:Point>
</pos>
<type>標高点（測点）</type>
<alti>128</alti>
</ElevPt>
<ElevPt gml:id="K2_4698012120_2">
<fid>46980-12120-i-1461</fid>
<lfSpanFr gml:id="K2_4698012120_2-1">
<gml:timePosition>2020-10-29</gml:timePosition>
</lfSpanFr>
<devDate gml:id="K2_4698012120_2-2">
<gml:timePosition>2021-07-01</gml:timePosition>
</devDate>
<orgGILvl>25000</orgGILvl>
<vis>表示</vis>
<pos>
<gml:Point gml:id="K2_4698012120_2-g" srsName="fguuid:jgd2011.bl">
<gml:pos>33.667580000 130.505297222</gml:pos>
</gml:Point>
</pos>
<type>標高点（測点）</type>
<alti>52</alti>
</ElevPt>
<ElevPt gml:id="K2_4698012123_1">
<fid>46980-12123-i-423</fid>
<lfSpanFr gml:id="K2_4698012123_1-1">
<gml:timePosition>2018-08-06</gml:timePosition>
</lfSpanFr>
<devDate gml:id="K2_4698012123_1-2">
<gml:timePosition>2021-07-01</gml:timePosition>
</devDate>
<orgGILvl>25000</orgGILvl>
<vis>表示</vis>
<pos>
<gml:Point gml:id="K2_4698012123_1-g" srsName="fguuid:jgd2011.bl">
<gml:pos>33.682530278 130.502944167</gml:pos>
</gml:Point>
</pos>
<type>標高点（測点）</type>
<alti>166</alti>
</ElevPt>
<ElevPt gml:id="K2_4698012123_2">
<fid>46980-12123-i-458</fid>
<lfSpanFr gml:id="K2_4698012123_2-1">
<gml:timePosition>2018-08-06</gml:timePosition>
</lfSpanFr>
<devDate gml:id="K2_4698012123_2-2">
<gml:timePosition>2021-07-01</gml:timePosition>
</devDate>
<orgGILvl>25000</orgGILvl>
<vis>表示</vis>
<pos>
<gml:Point gml:id="K2_4698012123_2-g" srsName="fguuid:jgd2011.bl">
<gml:pos>33.676819722 130.500467222</gml:pos>
</gml:Point>
</pos>
<type>標高点（測点）</type>
<alti>86</alti>
</ElevPt>
<ElevPt gml:id="K2_4698012126_1">
<fid>46980-12126-i-270</fid>
<lfSpanFr gml:id="K2_4698012126_1-1">
<gml:timePosition>2018-08-06</gml:timePosition>
</lfSpanFr>
<devDate gml:id="K2_4698012126_1-2">
<gml:timePosition>2021-07-01</gml:timePosition>
</devDate>
<orgGILvl>25000</orgGILvl>
<vis>表示</vis>
<pos>
<gml:Point gml:id="K2_4698012126_1-g" srsName="fguuid:jgd2011.bl">
<gml:pos>33.688563056 130.505943611</gml:pos>
</gml:Point>
</pos>
<type>標高点（測点）</type>
<alti>244</alti>
</ElevPt>
<ElevPt gml:id="K2_4698012129_1">
<fid>46980-12129-i-155</fid>
<lfSpanFr gml:id="K2_4698012129_1-1">
<gml:timePosition>2018-08-06</gml:timePosition>
</lfSpanFr>
<devDate gml:id="K2_4698012129_1-2">
<gml:timePosition>2021-07-01</gml:timePosition>
</devDate>
<orgGILvl>25000</orgGILvl>
<vis>表示</vis>
<pos>
<gml:Point gml:id="K2_4698012129_1-g" srsName="fguuid:jgd2011.bl">
<gml:pos>33.697178611 130.500242778</gml:pos>
</gml:Point>
</pos>
<type>標高点（測点）</type>
<alti>185</alti>
</ElevPt>
<ElevPt gml:id="K2_4698012138_1">
<fid>46980-12138-i-137</fid>
<lfSpanFr gml:id="K2_4698012138_1-1">
<gml:timePosition>2014-06-04</gml:timePosition>
</lfSpanFr>
<devDate gml:id="K2_4698012138_1-2">
<gml:timePosition>2021-07-01</gml:timePosition>
</devDate>
<orgGILvl>25000</orgGILvl>
<vis>表示</vis>
<pos>
<gml:Point gml:id="K2_4698012138_1-g" srsName="fguuid:jgd2011.bl">
<gml:pos>33.716710833 130.501291111</gml:pos>
</gml:Point>
</pos>
<type>標高点（測点）</type>
<alti>53</alti>
</ElevPt>
<ElevPt gml:id="K2_4698012138_2">
<fid>46980-12138-i-138</fid>
<lfSpanFr gml:id="K2_4698012138_2-1">
<gml:timePosition>2014-06-04</gml:timePosition>
</lfSpanFr>
<devDate gml:id="K2_4698012138_2-2">
<gml:timePosition>2021-07-01</gml:timePosition>
</devDate>
<orgGILvl>25000</orgGILvl>
<vis>表示</vis>
<pos>
<gml:Point gml:id="K2_4698012138_2-g" srsName="fguuid:jgd2011.bl">
<gml:pos>33.719817778 130.506661389</gml:pos>
</gml:Point>
</pos>
<type>標高点（測点）</type>
<alti>75</alti>
</ElevPt>
<ElevPt gml:id="K2_4698012147_1">
<fid>46980-12147-i-1069</fid>
<lfSpanFr gml:id="K2_4698012147_1-1">
<gml:timePosition>2021-06-15</gml:timePosition>
</lfSpanFr>
<devDate gml:id="K2_4698012147_1-2">
<gml:timePosition>2021-07-01</gml:timePosition>
</devDate>
<orgGILvl>25000</orgGILvl>
<vis>表示</vis>
<pos>
<gml:Point gml:id="K2_4698012147_1-g" srsName="fguuid:jgd2011.bl">
<gml:pos>33.747971667 130.503302500</gml:pos>
</gml:Point>
</pos>
<type>標高点（測点）</type>
<alti>55</alti>
</ElevPt>
<ElevPt gml:id="K2_4698312126_1">
<fid>46983-12126-i-202</fid>
<lfSpanFr gml:id="K2_4698312126_1-1">
<gml:timePosition>2018-08-06</gml:timePosition>
</lfSpanFr>
<devDate gml:id="K2_4698312126_1-2">
<gml:timePosition>2021-07-01</gml:timePosition>
</devDate>
<orgGILvl>25000</orgGILvl>
<vis>表示</vis>
<pos>
<gml:Point gml:id="K2_4698312126_1-g" srsName="fguuid:jgd2011.bl">
<gml:pos>33.686410278 130.514606111</gml:pos>
</gml:Point>
</pos>
<type>標高点（測点）</type>
<alti>251</alti>
</ElevPt>
<ElevPt gml:id="K2_4698312129_1">
<fid>46983-12129-i-15</fid>
<lfSpanFr gml:id="K2_4698312129_1-1">
<gml:timePosition>2014-06-04</gml:timePosition>
</lfSpanFr>
<devDate gml:id="K2_4698312129_1-2">
<gml:timePosition>2021-07-01</gml:timePosition>
</devDate>
<orgGILvl>25000</orgGILvl>
<vis>表示</vis>
<pos>
<gml:Point gml:id="K2_4698312129_1-g" srsName="fguuid:jgd2011.bl">
<gml:pos>33.696605000 130.513167222</gml:pos>
</gml:Point>
</pos>
<type>標高点（測点）</type>
<alti>274</alti>
</ElevPt>
<ElevPt gml:id="K2_4698312135_1">
<fid>46983-12135-i-131</fid>
<lfSpanFr gml:id="K2_4698312135_1-1">
<gml:timePosition>2015-03-05</gml:timePosition>
</lfSpanFr>
<devDate gml:id="K2_4698312135_1-2">
<gml:timePosition>2021-07-01</gml:timePosition>
</devDate>
<orgGILvl>25000</orgGILvl>
<vis>表示</vis>
<pos>
<gml:Point gml:id="K2_4698312135_1-g" srsName="fguuid:jgd2011.bl">
<gml:pos>33.715590833 130.513618056</gml:pos>
</gml:Point>
</pos>
<type>標高点（測点）</type>
<alti>178</alti>
</ElevPt>
<ElevPt gml:id="K2_4698312138_1">
<fid>46983-12138-i-1653</fid>
<lfSpanFr gml:id="K2_4698312138_1-1">
<gml:timePosition>2021-06-15</gml:timePosition>
</lfSpanFr>
<devDate gml:id="K2_4698312138_1-2">
<gml:timePosition>2021-07-01</gml:timePosition>
</devDate>
<orgGILvl>25000</orgGILvl>
<vis>表示</vis>
<pos>
<gml:Point gml:id="K2_4698312138_1-g" srsName="fguuid:jgd2011.bl">
<gml:pos>33.722423889 130.510055833</gml:pos>
</gml:Point>
</pos>
<type>標高点（測点）</type>
<alti>78</alti>
</ElevPt>
<ElevPt gml:id="K2_4698312144_1">
<fid>46983-12144-i-731</fid>
<lfSpanFr gml:id="K2_4698312144_1-1">
<gml:timePosition>2021-06-15</gml:timePosition>
</lfSpanFr>
<devDate gml:id="K2_4698312144_1-2">
<gml:timePosition>2021-07-01</gml:timePosition>
</devDate>
<orgGILvl>25000</orgGILvl>
<vis>非表示</vis>
<pos>
<gml:Point gml:id="K2_4698312144_1-g" srsName="fguuid:jgd2011.bl">
<gml:pos>33.735326731 130.509962093</gml:pos>
</gml:Point>
</pos>
<type>標高点（測点）</type>
<alti>74</alti>
</ElevPt>
<ElevPt gml:id="K2_4698612120_1">
<fid>46986-12120-i-115</fid>
<lfSpanFr gml:id="K2_4698612120_1-1">
<gml:timePosition>2014-06-04</gml:timePosition>
</lfSpanFr>
<devDate gml:id="K2_4698612120_1-2">
<gml:timePosition>2021-07-01</gml:timePosition>
</devDate>
<orgGILvl>25000</orgGILvl>
<vis>表示</vis>
<pos>
<gml:Point gml:id="K2_4698612120_1-g" srsName="fguuid:jgd2011.bl">
<gml:pos>33.668022500 130.524368611</gml:pos>
</gml:Point>
</pos>
<type>標高点（測点）</type>
<alti>324</alti>
</ElevPt>
<ElevPt gml:id="K2_4698612129_1">
<fid>46986-12129-i-14</fid>
<lfSpanFr gml:id="K2_4698612129_1-1">
<gml:timePosition>2014-06-04</gml:timePosition>
</lfSpanFr>
<devDate gml:id="K2_4698612129_1-2">
<gml:timePosition>2021-07-01</gml:timePosition>
</devDate>
<orgGILvl>25000</orgGILvl>
<vis>表示</vis>
<pos>
<gml:Point gml:id="K2_4698612129_1-g" srsName="fguuid:jgd2011.bl">
<gml:pos>33.693675833 130.518668611</gml:pos>
</gml:Point>
</pos>
<type>標高点（測点）</type>
<alti>382</alti>
</ElevPt>
<ElevPt gml:id="K2_4698612138_1">
<fid>46986-12138-i-363</fid>
<lfSpanFr gml:id="K2_4698612138_1-1">
<gml:timePosition>2015-03-05</gml:timePosition>
</lfSpanFr>
<devDate gml:id="K2_4698612138_1-2">
<gml:timePosition>2021-07-01</gml:timePosition>
</devDate>
<orgGILvl>25000</orgGILvl>
<vis>表示</vis>
<pos>
<gml:Point gml:id="K2_4698612138_1-g" srsName="fguuid:jgd2011.bl">
<gml:pos>33.721517500 130.519971111</gml:pos>
</gml:Point>
</pos>
<type>標高点（測点）</type>
<alti>214</alti>
</ElevPt>
<ElevPt gml:id="K2_4698912123_1">
<fid>46989-12123-i-96</fid>
<lfSpanFr gml:id="K2_4698912123_1-1">
<gml:timePosition>2020-10-29</gml:timePosition>
</lfSpanFr>
<devDate gml:id="K2_4698912123_1-2">
<gml:timePosition>2021-07-01</gml:timePosition>
</devDate>
<orgGILvl>25000</orgGILvl>
<vis>表示</vis>
<pos>
<gml:Point gml:id="K2_4698912123_1-g" srsName="fguuid:jgd2011.bl">
<gml:pos>33.680847778 130.529519167</gml:pos>
</gml:Point>
</pos>
<type>標高点（測点）</type>
<alti>308</alti>
</ElevPt>
<ElevPt gml:id="K2_4698912123_2">
<fid>46989-12123-i-97</fid>
<lfSpanFr gml:id="K2_4698912123_2-1">
<gml:timePosition>2020-10-29</gml:timePosition>
</lfSpanFr>
<devDate gml:id="K2_4698912123_2-2">
<gml:timePosition>2021-07-01</gml:timePosition>
</devDate>
<orgGILvl>25000</orgGILvl>
<vis>表示</vis>
<pos>
<gml:Point gml:id="K2_4698912123_2-g" srsName="fguuid:jgd2011.bl">
<gml:pos>33.675405972 130.525511917</gml:pos>
</gml:Point>
</pos>
<type>標高点（測点）</type>
<alti>91</alti>
</ElevPt>
<ElevPt gml:id="K2_4698912129_1">
<fid>46989-12129-i-53</fid>
<lfSpanFr gml:id="K2_4698912129_1-1">
<gml:timePosition>2014-06-04</gml:timePosition>
</lfSpanFr>
<devDate gml:id="K2_4698912129_1-2">
<gml:timePosition>2021-07-01</gml:timePosition>
</devDate>
<orgGILvl>25000</orgGILvl>
<vis>表示</vis>
<pos>
<gml:Point gml:id="K2_4698912129_1-g" srsName="fguuid:jgd2011.bl">
<gml:pos>33.696867778 130.531485833</gml:pos>
</gml:Point>
</pos>
<type>標高点（測点）</type>
<alti>359</alti>
</ElevPt>
<ElevPt gml:id="K2_4698912132_1">
<fid>46989-12132-i-31</fid>
<lfSpanFr gml:id="K2_4698912132_1-1">
<gml:timePosition>2014-06-04</gml:timePosition>
</lfSpanFr>
<devDate gml:id="K2_4698912132_1-2">
<gml:timePosition>2021-07-01</gml:timePosition>
</devDate>
<orgGILvl>25000</orgGILvl>
<vis>表示</vis>
<pos>
<gml:Point gml:id="K2_4698912132_1-g" srsName="fguuid:jgd2011.bl">
<gml:pos>33.708153611 130.531025000</gml:pos>
</gml:Point>
</pos>
<type>標高点（測点）</type>
<alti>476</alti>
</ElevPt>
<ElevPt gml:id="K2_4698912132_2">
<fid>46989-12132-i-32</fid>
<lfSpanFr gml:id="K2_4698912132_2-1">
<gml:timePosition>2014-06-04</gml:timePosition>
</lfSpanFr>
<devDate gml:id="K2_4698912132_2-2">
<gml:timePosition>2021-07-01</gml:timePosition>
</devDate>
<orgGILvl>25000</orgGILvl>
<vis>表示</vis>
<pos>
<gml:Point gml:id="K2_4698912132_2-g" srsName="fguuid:jgd2011.bl">
<gml:pos>33.702778889 130.527910556</gml:pos>
</gml:Point>
</pos>
<type>標高点（測点）</type>
<alti>408</alti>
</ElevPt>
<ElevPt gml:id="K2_4698912138_1">
<fid>46989-12138-i-120</fid>
<lfSpanFr gml:id="K2_4698912138_1-1">
<gml:timePosition>2015-03-05</gml:timePosition>
</lfSpanFr>
<devDate gml:id="K2_4698912138_1-2">
<gml:timePosition>2021-07-01</gml:timePosition>
</devDate>
<orgGILvl>25000</orgGILvl>
<vis>表示</vis>
<pos>
<gml:Point gml:id="K2_4698912138_1-g" srsName="fguuid:jgd2011.bl">
<gml:pos>33.720629722 130.528241111</gml:pos>
</gml:Point>
</pos>
<type>標高点（測点）</type>
<alti>188</alti>
</ElevPt>
<ElevPt gml:id="K2_4698912141_1">
<fid>46989-12141-i-868</fid>
<lfSpanFr gml:id="K2_4698912141_1-1">
<gml:timePosition>2021-06-15</gml:timePosition>
</lfSpanFr>
<devDate gml:id="K2_4698912141_1-2">
<gml:timePosition>2021-07-01</gml:timePosition>
</devDate>
<orgGILvl>25000</orgGILvl>
<vis>表示</vis>
<pos>
<gml:Point gml:id="K2_4698912141_1-g" srsName="fguuid:jgd2011.bl">
<gml:pos>33.725702222 130.531954444</gml:pos>
</gml:Point>
</pos>
<type>標高点（測点）</type>
<alti>259</alti>
</ElevPt>
<ElevPt gml:id="K2_4698912144_1">
<fid>46989-12144-i-2142</fid>
<lfSpanFr gml:id="K2_4698912144_1-1">
<gml:timePosition>2021-06-15</gml:timePosition>
</lfSpanFr>
<devDate gml:id="K2_4698912144_1-2">
<gml:timePosition>2021-07-01</gml:timePosition>
</devDate>
<orgGILvl>25000</orgGILvl>
<vis>表示</vis>
<pos>
<gml:Point gml:id="K2_4698912144_1-g" srsName="fguuid:jgd2011.bl">
<gml:pos>33.739821247 130.530220953</gml:pos>
</gml:Point>
</pos>
<type>標高点（測点）</type>
<alti>123</alti>
</ElevPt>
<ElevPt gml:id="K2_4699212120_1">
<fid>46992-12120-i-13</fid>
<lfSpanFr gml:id="K2_4699212120_1-1">
<gml:timePosition>2014-06-04</gml:timePosition>
</lfSpanFr>
<devDate gml:id="K2_4699212120_1-2">
<gml:timePosition>2021-07-01</gml:timePosition>
</devDate>
<orgGILvl>25000</orgGILvl>
<vis>表示</vis>
<pos>
<gml:Point gml:id="K2_4699212120_1-g" srsName="fguuid:jgd2011.bl">
<gml:pos>33.673693056 130.536574722</gml:pos>
</gml:Point>
</pos>
<type>標高点（測点）</type>
<alti>403</alti>
</ElevPt>
<ElevPt gml:id="K2_4699212123_1">
<fid>46992-12123-i-37</fid>
<lfSpanFr gml:id="K2_4699212123_1-1">
<gml:timePosition>2016-10-07</gml:timePosition>
</lfSpanFr>
<devDate gml:id="K2_4699212123_1-2">
<gml:timePosition>2021-07-01</gml:timePosition>
</devDate>
<orgGILvl>25000</orgGILvl>
<vis>非表示</vis>
<pos>
<gml:Point gml:id="K2_4699212123_1-g" srsName="fguuid:jgd2011.bl">
<gml:pos>33.679541111 130.540984167</gml:pos>
</gml:Point>
</pos>
<type>標高点（測点）</type>
<alti>472</alti>
</ElevPt>
<ElevPt gml:id="K2_4699212126_1">
<fid>46992-12126-i-24</fid>
<lfSpanFr gml:id="K2_4699212126_1-1">
<gml:timePosition>2014-06-04</gml:timePosition>
</lfSpanFr>
<devDate gml:id="K2_4699212126_1-2">
<gml:timePosition>2021-07-01</gml:timePosition>
</devDate>
<orgGILvl>25000</orgGILvl>
<vis>表示</vis>
<pos>
<gml:Point gml:id="K2_4699212126_1-g" srsName="fguuid:jgd2011.bl">
<gml:pos>33.691219167 130.534093333</gml:pos>
</gml:Point>
</pos>
<type>標高点（測点）</type>
<alti>467</alti>
</ElevPt>
<ElevPt gml:id="K2_4699212132_1">
<fid>46992-12132-i-16</fid>
<lfSpanFr gml:id="K2_4699212132_1-1">
<gml:timePosition>2014-06-04</gml:timePosition>
</lfSpanFr>
<devDate gml:id="K2_4699212132_1-2">
<gml:timePosition>2021-07-01</gml:timePosition>
</devDate>
<orgGILvl>25000</orgGILvl>
<vis>表示</vis>
<pos>
<gml:Point gml:id="K2_4699212132_1-g" srsName="fguuid:jgd2011.bl">
<gml:pos>33.703139444 130.536116111</gml:pos>
</gml:Point>
</pos>
<type>標高点（測点）</type>
<alti>437</alti>
</ElevPt>
<ElevPt gml:id="K2_4699212135_1">
<fid>46992-12135-i-33</fid>
<lfSpanFr gml:id="K2_4699212135_1-1">
<gml:timePosition>2014-06-04</gml:timePosition>
</lfSpanFr>
<devDate gml:id="K2_4699212135_1-2">
<gml:timePosition>2021-07-01</gml:timePosition>
</devDate>
<orgGILvl>25000</orgGILvl>
<vis>表示</vis>
<pos>
<gml:Point gml:id="K2_4699212135_1-g" srsName="fguuid:jgd2011.bl">
<gml:pos>33.715587222 130.535331111</gml:pos>
</gml:Point>
</pos>
<type>標高点（測点）</type>
<alti>324</alti>
</ElevPt>
<ElevPt gml:id="K2_4699212144_1">
<fid>46992-12144-i-998</fid>
<lfSpanFr gml:id="K2_4699212144_1-1">
<gml:timePosition>2021-06-15</gml:timePosition>
</lfSpanFr>
<devDate gml:id="K2_4699212144_1-2">
<gml:timePosition>2021-07-01</gml:timePosition>
</devDate>
<orgGILvl>25000</orgGILvl>
<vis>表示</vis>
<pos>
<gml:Point gml:id="K2_4699212144_1-g" srsName="fguuid:jgd2011.bl">
<gml:pos>33.737747500 130.540994722</gml:pos>
</gml:Point>
</pos>
<type>標高点（測点）</type>
<alti>335</alti>
</ElevPt>
<ElevPt gml:id="K2_4699512120_1">
<fid>46995-12120-i-33</fid>
<lfSpanFr gml:id="K2_4699512120_1-1">
<gml:timePosition>2014-06-04</gml:timePosition>
</lfSpanFr>
<devDate gml:id="K2_4699512120_1-2">
<gml:timePosition>2021-07-01</gml:timePosition>
</devDate>
<orgGILvl>25000</orgGILvl>
<vis>表示</vis>
<pos>
<gml:Point gml:id="K2_4699512120_1-g" srsName="fguuid:jgd2011.bl">
<gml:pos>33.668082222 130.543812222</gml:pos>
</gml:Point>
</pos>
<type>標高点（測点）</type>
<alti>467</alti>
</ElevPt>
<ElevPt gml:id="K2_4699512126_1">
<fid>46995-12126-i-196</fid>
<lfSpanFr gml:id="K2_4699512126_1-1">
<gml:timePosition>2020-10-29</gml:timePosition>
</lfSpanFr>
<devDate gml:id="K2_4699512126_1-2">
<gml:timePosition>2021-07-01</gml:timePosition>
</devDate>
<orgGILvl>25000</orgGILvl>
<vis>表示</vis>
<pos>
<gml:Point gml:id="K2_4699512126_1-g" srsName="fguuid:jgd2011.bl">
<gml:pos>33.683985000 130.541870833</gml:pos>
</gml:Point>
</pos>
<type>標高点（測点）</type>
<alti>457</alti>
</ElevPt>
<ElevPt gml:id="K2_4699512129_1">
<fid>46995-12129-i-166</fid>
<lfSpanFr gml:id="K2_4699512129_1-1">
<gml:timePosition>2014-06-04</gml:timePosition>
</lfSpanFr>
<devDate gml:id="K2_4699512129_1-2">
<gml:timePosition>2021-07-01</gml:timePosition>
</devDate>
<orgGILvl>25000</orgGILvl>
<vis>表示</vis>
<pos>
<gml:Point gml:id="K2_4699512129_1-g" srsName="fguuid:jgd2011.bl">
<gml:pos>33.693823333 130.544881111</gml:pos>
</gml:Point>
</pos>
<type>標高点（測点）</type>
<alti>528</alti>
</ElevPt>
<ElevPt gml:id="K2_4699512132_1">
<fid>46995-12132-i-121</fid>
<lfSpanFr gml:id="K2_4699512132_1-1">
<gml:timePosition>2014-06-04</gml:timePosition>
</lfSpanFr>
<devDate gml:id="K2_4699512132_1-2">
<gml:timePosition>2021-07-01</gml:timePosition>
</devDate>
<orgGILvl>25000</orgGILvl>
<vis>表示</vis>
<pos>
<gml:Point gml:id="K2_4699512132_1-g" srsName="fguuid:jgd2011.bl">
<gml:pos>33.707478333 130.543304722</gml:pos>
</gml:Point>
</pos>
<type>標高点（測点）</type>
<alti>560</alti>
</ElevPt>
<ElevPt gml:id="K2_4699512135_1">
<fid>46995-12135-i-75</fid>
<lfSpanFr gml:id="K2_4699512135_1-1">
<gml:timePosition>2014-06-04</gml:timePosition>
</lfSpanFr>
<devDate gml:id="K2_4699512135_1-2">
<gml:timePosition>2021-07-01</gml:timePosition>
</devDate>
<orgGILvl>25000</orgGILvl>
<vis>表示</vis>
<pos>
<gml:Point gml:id="K2_4699512135_1-g" srsName="fguuid:jgd2011.bl">
<gml:pos>33.714365556 130.547525278</gml:pos>
</gml:Point>
</pos>
<type>標高点（測点）</type>
<alti>529</alti>
</ElevPt>
<ElevPt gml:id="K2_4699512138_1">
<fid>46995-12138-i-27</fid>
<lfSpanFr gml:id="K2_4699512138_1-1">
<gml:timePosition>2014-06-04</gml:timePosition>
</lfSpanFr>
<devDate gml:id="K2_4699512138_1-2">
<gml:timePosition>2021-07-01</gml:timePosition>
</devDate>
<orgGILvl>25000</orgGILvl>
<vis>表示</vis>
<pos>
<gml:Point gml:id="K2_4699512138_1-g" srsName="fguuid:jgd2011.bl">
<gml:pos>33.722905556 130.542832500</gml:pos>
</gml:Point>
</pos>
<type>標高点（測点）</type>
<alti>377</alti>
</ElevPt>
<ElevPt gml:id="K2_4699512141_1">
<fid>46995-12141-i-71</fid>
<lfSpanFr gml:id="K2_4699512141_1-1">
<gml:timePosition>2016-06-06</gml:timePosition>
</lfSpanFr>
<devDate gml:id="K2_4699512141_1-2">
<gml:timePosition>2021-07-01</gml:timePosition>
</devDate>
<orgGILvl>25000</orgGILvl>
<vis>表示</vis>
<pos>
<gml:Point gml:id="K2_4699512141_1-g" srsName="fguuid:jgd2011.bl">
<gml:pos>33.730601944 130.547750833</gml:pos>
</gml:Point>
</pos>
<type>標高点（測点）</type>
<alti>514</alti>
</ElevPt>
<ElevPt gml:id="K2_4699512147_1">
<fid>46995-12147-i-467</fid>
<lfSpanFr gml:id="K2_4699512147_1-1">
<gml:timePosition>2016-06-06</gml:timePosition>
</lfSpanFr>
<devDate gml:id="K2_4699512147_1-2">
<gml:timePosition>2021-07-01</gml:timePosition>
</devDate>
<orgGILvl>25000</orgGILvl>
<vis>表示</vis>
<pos>
<gml:Point gml:id="K2_4699512147_1-g" srsName="fguuid:jgd2011.bl">
<gml:pos>33.744142778 130.548326667</gml:pos>
</gml:Point>
</pos>
<type>標高点（測点）</type>
<alti>278</alti>
</ElevPt>
<ElevPt gml:id="K2_4699812123_1">
<fid>46998-12123-i-153</fid>
<lfSpanFr gml:id="K2_4699812123_1-1">
<gml:timePosition>2014-06-04</gml:timePosition>
</lfSpanFr>
<devDate gml:id="K2_4699812123_1-2">
<gml:timePosition>2021-07-01</gml:timePosition>
</devDate>
<orgGILvl>25000</orgGILvl>
<vis>表示</vis>
<pos>
<gml:Point gml:id="K2_4699812123_1-g" srsName="fguuid:jgd2011.bl">
<gml:pos>33.676414444 130.556734722</gml:pos>
</gml:Point>
</pos>
<type>標高点（測点）</type>
<alti>501</alti>
</ElevPt>
<ElevPt gml:id="K2_4699812126_1">
<fid>46998-12126-i-170</fid>
<lfSpanFr gml:id="K2_4699812126_1-1">
<gml:timePosition>2014-06-04</gml:timePosition>
</lfSpanFr>
<devDate gml:id="K2_4699812126_1-2">
<gml:timePosition>2021-07-01</gml:timePosition>
</devDate>
<orgGILvl>25000</orgGILvl>
<vis>表示</vis>
<pos>
<gml:Point gml:id="K2_4699812126_1-g" srsName="fguuid:jgd2011.bl">
<gml:pos>33.685793333 130.555697222</gml:pos>
</gml:Point>
</pos>
<type>標高点（測点）</type>
<alti>380</alti>
</ElevPt>
<ElevPt gml:id="K2_4699812129_1">
<fid>46998-12129-i-2</fid>
<lfSpanFr gml:id="K2_4699812129_1-1">
<gml:timePosition>2013-12-10</gml:timePosition>
</lfSpanFr>
<devDate gml:id="K2_4699812129_1-2">
<gml:timePosition>2021-07-01</gml:timePosition>
</devDate>
<orgGILvl>25000</orgGILvl>
<vis>表示</vis>
<pos>
<gml:Point gml:id="K2_4699812129_1-g" srsName="fguuid:jgd2011.bl">
<gml:pos>33.695271389 130.554790556</gml:pos>
</gml:Point>
</pos>
<type>標高点（測点）</type>
<alti>378</alti>
</ElevPt>
<ElevPt gml:id="K2_4699812129_2">
<fid>46998-12129-i-197</fid>
<lfSpanFr gml:id="K2_4699812129_2-1">
<gml:timePosition>2018-08-06</gml:timePosition>
</lfSpanFr>
<devDate gml:id="K2_4699812129_2-2">
<gml:timePosition>2021-07-01</gml:timePosition>
</devDate>
<orgGILvl>25000</orgGILvl>
<vis>表示</vis>
<pos>
<gml:Point gml:id="K2_4699812129_2-g" srsName="fguuid:jgd2011.bl">
<gml:pos>33.691954053 130.557188619</gml:pos>
</gml:Point>
</pos>
<type>標高点（測点）</type>
<alti>251</alti>
</ElevPt>
<ElevPt gml:id="K2_4699812135_1">
<fid>46998-12135-i-168</fid>
<lfSpanFr gml:id="K2_4699812135_1-1">
<gml:timePosition>2014-06-04</gml:timePosition>
</lfSpanFr>
<devDate gml:id="K2_4699812135_1-2">
<gml:timePosition>2021-07-01</gml:timePosition>
</devDate>
<orgGILvl>25000</orgGILvl>
<vis>表示</vis>
<pos>
<gml:Point gml:id="K2_4699812135_1-g" srsName="fguuid:jgd2011.bl">
<gml:pos>33.709089167 130.552697778</gml:pos>
</gml:Point>
</pos>
<type>標高点（測点）</type>
<alti>321</alti>
</ElevPt>
<ElevPt gml:id="K2_4699812135_2">
<fid>46998-12135-i-169</fid>
<lfSpanFr gml:id="K2_4699812135_2-1">
<gml:timePosition>2014-06-04</gml:timePosition>
</lfSpanFr>
<devDate gml:id="K2_4699812135_2-2">
<gml:timePosition>2021-07-01</gml:timePosition>
</devDate>
<orgGILvl>25000</orgGILvl>
<vis>表示</vis>
<pos>
<gml:Point gml:id="K2_4699812135_2-g" srsName="fguuid:jgd2011.bl">
<gml:pos>33.713483889 130.555285000</gml:pos>
</gml:Point>
</pos>
<type>標高点（測点）</type>
<alti>469</alti>
</ElevPt>
<ElevPt gml:id="K2_4700112120_1">
<fid>47001-12120-i-188</fid>
<lfSpanFr gml:id="K2_4700112120_1-1">
<gml:timePosition>2014-06-04</gml:timePosition>
</lfSpanFr>
<devDate gml:id="K2_4700112120_1-2">
<gml:timePosition>2021-07-01</gml:timePosition>
</devDate>
<orgGILvl>25000</orgGILvl>
<vis>表示</vis>
<pos>
<gml:Point gml:id="K2_4700112120_1-g" srsName="fguuid:jgd2011.bl">
<gml:pos>33.674246389 130.564645833</gml:pos>
</gml:Point>
</pos>
<type>標高点（測点）</type>
<alti>624</alti>
</ElevPt>
<ElevPt gml:id="K2_4700112132_1">
<fid>47001-12132-i-2</fid>
<lfSpanFr gml:id="K2_4700112132_1-1">
<gml:timePosition>2013-12-10</gml:timePosition>
</lfSpanFr>
<devDate gml:id="K2_4700112132_1-2">
<gml:timePosition>2021-07-01</gml:timePosition>
</devDate>
<orgGILvl>25000</orgGILvl>
<vis>表示</vis>
<pos>
<gml:Point gml:id="K2_4700112132_1-g" srsName="fguuid:jgd2011.bl">
<gml:pos>33.706158611 130.563580833</gml:pos>
</gml:Point>
</pos>
<type>標高点（測点）</type>
<alti>616</alti>
</ElevPt>
<ElevPt gml:id="K2_4700112141_1">
<fid>47001-12141-i-145</fid>
<lfSpanFr gml:id="K2_4700112141_1-1">
<gml:timePosition>2014-06-04</gml:timePosition>
</lfSpanFr>
<devDate gml:id="K2_4700112141_1-2">
<gml:timePosition>2021-07-01</gml:timePosition>
</devDate>
<orgGILvl>25000</orgGILvl>
<vis>表示</vis>
<pos>
<gml:Point gml:id="K2_4700112141_1-g" srsName="fguuid:jgd2011.bl">
<gml:pos>33.730390556 130.559946111</gml:pos>
</gml:Point>
</pos>
<type>標高点（測点）</type>
<alti>537</alti>
</ElevPt>
<ElevPt gml:id="K2_4700112144_1">
<fid>47001-12144-i-215</fid>
<lfSpanFr gml:id="K2_4700112144_1-1">
<gml:timePosition>2014-06-04</gml:timePosition>
</lfSpanFr>
<devDate gml:id="K2_4700112144_1-2">
<gml:timePosition>2021-07-01</gml:timePosition>
</devDate>
<orgGILvl>25000</orgGILvl>
<vis>表示</vis>
<pos>
<gml:Point gml:id="K2_4700112144_1-g" srsName="fguuid:jgd2011.bl">
<gml:pos>33.735652222 130.561270833</gml:pos>
</gml:Point>
</pos>
<type>標高点（測点）</type>
<alti>364</alti>
</ElevPt>
<ElevPt gml:id="K2_4700112147_1">
<fid>47001-12147-i-751</fid>
<lfSpanFr gml:id="K2_4700112147_1-1">
<gml:timePosition>2021-06-15</gml:timePosition>
</lfSpanFr>
<devDate gml:id="K2_4700112147_1-2">
<gml:timePosition>2021-07-01</gml:timePosition>
</devDate>
<orgGILvl>25000</orgGILvl>
<vis>表示</vis>
<pos>
<gml:Point gml:id="K2_4700112147_1-g" srsName="fguuid:jgd2011.bl">
<gml:pos>33.748259167 130.561925000</gml:pos>
</gml:Point>
</pos>
<type>標高点（測点）</type>
<alti>229</alti>
</ElevPt>
<ElevPt gml:id="K2_4700412123_1">
<fid>47004-12123-i-237</fid>
<lfSpanFr gml:id="K2_4700412123_1-1">
<gml:timePosition>2014-06-04</gml:timePosition>
</lfSpanFr>
<devDate gml:id="K2_4700412123_1-2">
<gml:timePosition>2021-07-01</gml:timePosition>
</devDate>
<orgGILvl>25000</orgGILvl>
<vis>表示</vis>
<pos>
<gml:Point gml:id="K2_4700412123_1-g" srsName="fguuid:jgd2011.bl">
<gml:pos>33.682571111 130.567370278</gml:pos>
</gml:Point>
</pos>
<type>標高点（測点）</type>
<alti>320</alti>
</ElevPt>
<ElevPt gml:id="K2_4700412123_2">
<fid>47004-12123-i-238</fid>
<lfSpanFr gml:id="K2_4700412123_2-1">
<gml:timePosition>2014-06-04</gml:timePosition>
</lfSpanFr>
<devDate gml:id="K2_4700412123_2-2">
<gml:timePosition>2021-07-01</gml:timePosition>
</devDate>
<orgGILvl>25000</orgGILvl>
<vis>表示</vis>
<pos>
<gml:Point gml:id="K2_4700412123_2-g" srsName="fguuid:jgd2011.bl">
<gml:pos>33.677645833 130.574590833</gml:pos>
</gml:Point>
</pos>
<type>標高点（測点）</type>
<alti>248</alti>
</ElevPt>
<ElevPt gml:id="K2_4700412129_1">
<fid>47004-12129-i-208</fid>
<lfSpanFr gml:id="K2_4700412129_1-1">
<gml:timePosition>2014-06-04</gml:timePosition>
</lfSpanFr>
<devDate gml:id="K2_4700412129_1-2">
<gml:timePosition>2021-07-01</gml:timePosition>
</devDate>
<orgGILvl>25000</orgGILvl>
<vis>表示</vis>
<pos>
<gml:Point gml:id="K2_4700412129_1-g" srsName="fguuid:jgd2011.bl">
<gml:pos>33.692461944 130.570280278</gml:pos>
</gml:Point>
</pos>
<type>標高点（測点）</type>
<alti>282</alti>
</ElevPt>
<ElevPt gml:id="K2_4700412138_1">
<fid>47004-12138-i-145</fid>
<lfSpanFr gml:id="K2_4700412138_1-1">
<gml:timePosition>2014-06-04</gml:timePosition>
</lfSpanFr>
<devDate gml:id="K2_4700412138_1-2">
<gml:timePosition>2021-07-01</gml:timePosition>
</devDate>
<orgGILvl>25000</orgGILvl>
<vis>表示</vis>
<pos>
<gml:Point gml:id="K2_4700412138_1-g" srsName="fguuid:jgd2011.bl">
<gml:pos>33.719579444 130.571539722</gml:pos>
</gml:Point>
</pos>
<type>標高点（測点）</type>
<alti>326</alti>
</ElevPt>
<ElevPt gml:id="K2_4700412141_1">
<fid>47004-12141-i-2050</fid>
<lfSpanFr gml:id="K2_4700412141_1-1">
<gml:timePosition>2021-06-15</gml:timePosition>
</lfSpanFr>
<devDate gml:id="K2_4700412141_1-2">
<gml:timePosition>2021-07-01</gml:timePosition>
</devDate>
<orgGILvl>25000</orgGILvl>
<vis>表示</vis>
<pos>
<gml:Point gml:id="K2_4700412141_1-g" srsName="fguuid:jgd2011.bl">
<gml:pos>33.725409722 130.571188889</gml:pos>
</gml:Point>
</pos>
<type>標高点（測点）</type>
<alti>302</alti>
</ElevPt>
<ElevPt gml:id="K2_4700412144_1">
<fid>47004-12144-i-2791</fid>
<lfSpanFr gml:id="K2_4700412144_1-1">
<gml:timePosition>2021-06-15</gml:timePosition>
</lfSpanFr>
<devDate gml:id="K2_4700412144_1-2">
<gml:timePosition>2021-07-01</gml:timePosition>
</devDate>
<orgGILvl>25000</orgGILvl>
<vis>表示</vis>
<pos>
<gml:Point gml:id="K2_4700412144_1-g" srsName="fguuid:jgd2011.bl">
<gml:pos>33.739602778 130.569113611</gml:pos>
</gml:Point>
</pos>
<type>標高点（測点）</type>
<alti>208</alti>
</ElevPt>
<ElevPt gml:id="K2_4700412144_2">
<fid>47004-12144-i-2792</fid>
<lfSpanFr gml:id="K2_4700412144_2-1">
<gml:timePosition>2021-06-15</gml:timePosition>
</lfSpanFr>
<devDate gml:id="K2_4700412144_2-2">
<gml:timePosition>2021-07-01</gml:timePosition>
</devDate>
<orgGILvl>25000</orgGILvl>
<vis>表示</vis>
<pos>
<gml:Point gml:id="K2_4700412144_2-g" srsName="fguuid:jgd2011.bl">
<gml:pos>33.736010556 130.574558889</gml:pos>
</gml:Point>
</pos>
<type>標高点（測点）</type>
<alti>265</alti>
</ElevPt>
<ElevPt gml:id="K2_4700712120_1">
<fid>47007-12120-i-944</fid>
<lfSpanFr gml:id="K2_4700712120_1-1">
<gml:timePosition>2020-10-29</gml:timePosition>
</lfSpanFr>
<devDate gml:id="K2_4700712120_1-2">
<gml:timePosition>2021-07-01</gml:timePosition>
</devDate>
<orgGILvl>25000</orgGILvl>
<vis>表示</vis>
<pos>
<gml:Point gml:id="K2_4700712120_1-g" srsName="fguuid:jgd2011.bl">
<gml:pos>33.672040000 130.578569722</gml:pos>
</gml:Point>
</pos>
<type>標高点（測点）</type>
<alti>485</alti>
</ElevPt>
<ElevPt gml:id="K2_4700712126_1">
<fid>47007-12126-i-1258</fid>
<lfSpanFr gml:id="K2_4700712126_1-1">
<gml:timePosition>2020-10-29</gml:timePosition>
</lfSpanFr>
<devDate gml:id="K2_4700712126_1-2">
<gml:timePosition>2021-07-01</gml:timePosition>
</devDate>
<orgGILvl>25000</orgGILvl>
<vis>表示</vis>
<pos>
<gml:Point gml:id="K2_4700712126_1-g" srsName="fguuid:jgd2011.bl">
<gml:pos>33.686497222 130.582611944</gml:pos>
</gml:Point>
</pos>
<type>標高点（測点）</type>
<alti>195</alti>
</ElevPt>
<ElevPt gml:id="K2_4700712132_1">
<fid>47007-12132-i-807</fid>
<lfSpanFr gml:id="K2_4700712132_1-1">
<gml:timePosition>2020-10-29</gml:timePosition>
</lfSpanFr>
<devDate gml:id="K2_4700712132_1-2">
<gml:timePosition>2021-07-01</gml:timePosition>
</devDate>
<orgGILvl>25000</orgGILvl>
<vis>表示</vis>
<pos>
<gml:Point gml:id="K2_4700712132_1-g" srsName="fguuid:jgd2011.bl">
<gml:pos>33.703745278 130.577839722</gml:pos>
</gml:Point>
</pos>
<type>標高点（測点）</type>
<alti>303</alti>
</ElevPt>
<ElevPt gml:id="K2_4700712135_1">
<fid>47007-12135-i-3628</fid>
<lfSpanFr gml:id="K2_4700712135_1-1">
<gml:timePosition>2021-06-15</gml:timePosition>
</lfSpanFr>
<devDate gml:id="K2_4700712135_1-2">
<gml:timePosition>2021-07-01</gml:timePosition>
</devDate>
<orgGILvl>25000</orgGILvl>
<vis>表示</vis>
<pos>
<gml:Point gml:id="K2_4700712135_1-g" srsName="fguuid:jgd2011.bl">
<gml:pos>33.712819944 130.576228417</gml:pos>
</gml:Point>
</pos>
<type>標高点（測点）</type>
<alti>191</alti>
</ElevPt>
<ElevPt gml:id="K2_4700712138_1">
<fid>47007-12138-i-2679</fid>
<lfSpanFr gml:id="K2_4700712138_1-1">
<gml:timePosition>2021-06-15</gml:timePosition>
</lfSpanFr>
<devDate gml:id="K2_4700712138_1-2">
<gml:timePosition>2021-07-01</gml:timePosition>
</devDate>
<orgGILvl>25000</orgGILvl>
<vis>表示</vis>
<pos>
<gml:Point gml:id="K2_4700712138_1-g" srsName="fguuid:jgd2011.bl">
<gml:pos>33.720980833 130.581317500</gml:pos>
</gml:Point>
</pos>
<type>標高点（測点）</type>
<alti>175</alti>
</ElevPt>
<ElevPt gml:id="K2_4700712141_1">
<fid>47007-12141-i-137</fid>
<lfSpanFr gml:id="K2_4700712141_1-1">
<gml:timePosition>2014-06-04</gml:timePosition>
</lfSpanFr>
<devDate gml:id="K2_4700712141_1-2">
<gml:timePosition>2021-07-01</gml:timePosition>
</devDate>
<orgGILvl>25000</orgGILvl>
<vis>表示</vis>
<pos>
<gml:Point gml:id="K2_4700712141_1-g" srsName="fguuid:jgd2011.bl">
<gml:pos>33.732942222 130.581857778</gml:pos>
</gml:Point>
</pos>
<type>標高点（測点）</type>
<alti>333</alti>
</ElevPt>
<ElevPt gml:id="K2_4700712147_1">
<fid>47007-12147-i-727</fid>
<lfSpanFr gml:id="K2_4700712147_1-1">
<gml:timePosition>2021-06-15</gml:timePosition>
</lfSpanFr>
<devDate gml:id="K2_4700712147_1-2">
<gml:timePosition>2021-07-01</gml:timePosition>
</devDate>
<orgGILvl>25000</orgGILvl>
<vis>表示</vis>
<pos>
<gml:Point gml:id="K2_4700712147_1-g" srsName="fguuid:jgd2011.bl">
<gml:pos>33.742046944 130.578270278</gml:pos>
</gml:Point>
</pos>
<type>標高点（測点）</type>
<alti>212</alti>
</ElevPt>
<ElevPt gml:id="K2_4701012120_1">
<fid>47010-12120-i-420</fid>
<lfSpanFr gml:id="K2_4701012120_1-1">
<gml:timePosition>2020-10-29</gml:timePosition>
</lfSpanFr>
<devDate gml:id="K2_4701012120_1-2">
<gml:timePosition>2021-07-01</gml:timePosition>
</devDate>
<orgGILvl>25000</orgGILvl>
<vis>表示</vis>
<pos>
<gml:Point gml:id="K2_4701012120_1-g" srsName="fguuid:jgd2011.bl">
<gml:pos>33.672292778 130.590798333</gml:pos>
</gml:Point>
</pos>
<type>標高点（測点）</type>
<alti>460</alti>
</ElevPt>
<ElevPt gml:id="K2_4701012123_1">
<fid>47010-12123-i-246</fid>
<lfSpanFr gml:id="K2_4701012123_1-1">
<gml:timePosition>2014-06-04</gml:timePosition>
</lfSpanFr>
<devDate gml:id="K2_4701012123_1-2">
<gml:timePosition>2021-07-01</gml:timePosition>
</devDate>
<orgGILvl>25000</orgGILvl>
<vis>表示</vis>
<pos>
<gml:Point gml:id="K2_4701012123_1-g" srsName="fguuid:jgd2011.bl">
<gml:pos>33.683153056 130.590672222</gml:pos>
</gml:Point>
</pos>
<type>標高点（測点）</type>
<alti>171</alti>
</ElevPt>
<ElevPt gml:id="K2_4701012126_1">
<fid>47010-12126-i-1122</fid>
<lfSpanFr gml:id="K2_4701012126_1-1">
<gml:timePosition>2020-10-29</gml:timePosition>
</lfSpanFr>
<devDate gml:id="K2_4701012126_1-2">
<gml:timePosition>2021-07-01</gml:timePosition>
</devDate>
<orgGILvl>25000</orgGILvl>
<vis>表示</vis>
<pos>
<gml:Point gml:id="K2_4701012126_1-g" srsName="fguuid:jgd2011.bl">
<gml:pos>33.690001667 130.589435556</gml:pos>
</gml:Point>
</pos>
<type>標高点（測点）</type>
<alti>144</alti>
</ElevPt>
<ElevPt gml:id="K2_4701012132_1">
<fid>47010-12132-i-1623</fid>
<lfSpanFr gml:id="K2_4701012132_1-1">
<gml:timePosition>2020-10-29</gml:timePosition>
</lfSpanFr>
<devDate gml:id="K2_4701012132_1-2">
<gml:timePosition>2021-07-01</gml:timePosition>
</devDate>
<orgGILvl>25000</orgGILvl>
<vis>表示</vis>
<pos>
<gml:Point gml:id="K2_4701012132_1-g" srsName="fguuid:jgd2011.bl">
<gml:pos>33.704124917 130.589417472</gml:pos>
</gml:Point>
</pos>
<type>標高点（測点）</type>
<alti>98</alti>
</ElevPt>
<ElevPt gml:id="K2_4701012135_1">
<fid>47010-12135-i-2</fid>
<lfSpanFr gml:id="K2_4701012135_1-1">
<gml:timePosition>2013-12-10</gml:timePosition>
</lfSpanFr>
<devDate gml:id="K2_4701012135_1-2">
<gml:timePosition>2021-07-01</gml:timePosition>
</devDate>
<orgGILvl>25000</orgGILvl>
<vis>表示</vis>
<pos>
<gml:Point gml:id="K2_4701012135_1-g" srsName="fguuid:jgd2011.bl">
<gml:pos>33.712192500 130.584515000</gml:pos>
</gml:Point>
</pos>
<type>標高点（測点）</type>
<alti>110</alti>
</ElevPt>
<ElevPt gml:id="K2_4701012141_1">
<fid>47010-12141-i-2165</fid>
<lfSpanFr gml:id="K2_4701012141_1-1">
<gml:timePosition>2021-06-15</gml:timePosition>
</lfSpanFr>
<devDate gml:id="K2_4701012141_1-2">
<gml:timePosition>2021-07-01</gml:timePosition>
</devDate>
<orgGILvl>25000</orgGILvl>
<vis>表示</vis>
<pos>
<gml:Point gml:id="K2_4701012141_1-g" srsName="fguuid:jgd2011.bl">
<gml:pos>33.727581944 130.588391111</gml:pos>
</gml:Point>
</pos>
<type>標高点（測点）</type>
<alti>100</alti>
</ElevPt>
<ElevPt gml:id="K2_4701312123_1">
<fid>47013-12123-i-301</fid>
<lfSpanFr gml:id="K2_4701312123_1-1">
<gml:timePosition>2014-09-01</gml:timePosition>
</lfSpanFr>
<devDate gml:id="K2_4701312123_1-2">
<gml:timePosition>2021-07-01</gml:timePosition>
</devDate>
<orgGILvl>25000</orgGILvl>
<vis>表示</vis>
<pos>
<gml:Point gml:id="K2_4701312123_1-g" srsName="fguuid:jgd2011.bl">
<gml:pos>33.677341389 130.596483889</gml:pos>
</gml:Point>
</pos>
<type>標高点（測点）</type>
<alti>371</alti>
</ElevPt>
<ElevPt gml:id="K2_4701312126_1">
<fid>47013-12126-i-932</fid>
<lfSpanFr gml:id="K2_4701312126_1-1">
<gml:timePosition>2020-10-29</gml:timePosition>
</lfSpanFr>
<devDate gml:id="K2_4701312126_1-2">
<gml:timePosition>2021-07-01</gml:timePosition>
</devDate>
<orgGILvl>25000</orgGILvl>
<vis>表示</vis>
<pos>
<gml:Point gml:id="K2_4701312126_1-g" srsName="fguuid:jgd2011.bl">
<gml:pos>33.686639444 130.596294167</gml:pos>
</gml:Point>
</pos>
<type>標高点（測点）</type>
<alti>244</alti>
</ElevPt>
<ElevPt gml:id="K2_4701312129_1">
<fid>47013-12129-i-1328</fid>
<lfSpanFr gml:id="K2_4701312129_1-1">
<gml:timePosition>2020-10-29</gml:timePosition>
</lfSpanFr>
<devDate gml:id="K2_4701312129_1-2">
<gml:timePosition>2021-07-01</gml:timePosition>
</devDate>
<orgGILvl>25000</orgGILvl>
<vis>表示</vis>
<pos>
<gml:Point gml:id="K2_4701312129_1-g" srsName="fguuid:jgd2011.bl">
<gml:pos>33.696707778 130.597974722</gml:pos>
</gml:Point>
</pos>
<type>標高点（測点）</type>
<alti>109</alti>
</ElevPt>
<ElevPt gml:id="K2_4701312135_1">
<fid>47013-12135-i-2899</fid>
<lfSpanFr gml:id="K2_4701312135_1-1">
<gml:timePosition>2021-06-15</gml:timePosition>
</lfSpanFr>
<devDate gml:id="K2_4701312135_1-2">
<gml:timePosition>2021-07-01</gml:timePosition>
</devDate>
<orgGILvl>25000</orgGILvl>
<vis>表示</vis>
<pos>
<gml:Point gml:id="K2_4701312135_1-g" srsName="fguuid:jgd2011.bl">
<gml:pos>33.711302750 130.595968972</gml:pos>
</gml:Point>
</pos>
<type>標高点（測点）</type>
<alti>69</alti>
</ElevPt>
<ElevPt gml:id="K2_4701312144_1">
<fid>47013-12144-i-236</fid>
<lfSpanFr gml:id="K2_4701312144_1-1">
<gml:timePosition>2014-06-04</gml:timePosition>
</lfSpanFr>
<devDate gml:id="K2_4701312144_1-2">
<gml:timePosition>2021-07-01</gml:timePosition>
</devDate>
<orgGILvl>25000</orgGILvl>
<vis>表示</vis>
<pos>
<gml:Point gml:id="K2_4701312144_1-g" srsName="fguuid:jgd2011.bl">
<gml:pos>33.733828333 130.592664167</gml:pos>
</gml:Point>
</pos>
<type>標高点（測点）</type>
<alti>174</alti>
</ElevPt>
<ElevPt gml:id="K2_4701312144_2">
<fid>47013-12144-i-237</fid>
<lfSpanFr gml:id="K2_4701312144_2-1">
<gml:timePosition>2014-06-04</gml:timePosition>
</lfSpanFr>
<devDate gml:id="K2_4701312144_2-2">
<gml:timePosition>2021-07-01</gml:timePosition>
</devDate>
<orgGILvl>25000</orgGILvl>
<vis>表示</vis>
<pos>
<gml:Point gml:id="K2_4701312144_2-g" srsName="fguuid:jgd2011.bl">
<gml:pos>33.740230000 130.598478056</gml:pos>
</gml:Point>
</pos>
<type>標高点（測点）</type>
<alti>122</alti>
</ElevPt>
<ElevPt gml:id="K2_4701612120_1">
<fid>47016-12120-i-907</fid>
<lfSpanFr gml:id="K2_4701612120_1-1">
<gml:timePosition>2020-10-29</gml:timePosition>
</lfSpanFr>
<devDate gml:id="K2_4701612120_1-2">
<gml:timePosition>2021-07-01</gml:timePosition>
</devDate>
<orgGILvl>25000</orgGILvl>
<vis>表示</vis>
<pos>
<gml:Point gml:id="K2_4701612120_1-g" srsName="fguuid:jgd2011.bl">
<gml:pos>33.673953333 130.608301389</gml:pos>
</gml:Point>
</pos>
<type>標高点（測点）</type>
<alti>249</alti>
</ElevPt>
<ElevPt gml:id="K2_4701612123_1">
<fid>47016-12123-i-217</fid>
<lfSpanFr gml:id="K2_4701612123_1-1">
<gml:timePosition>2014-06-04</gml:timePosition>
</lfSpanFr>
<devDate gml:id="K2_4701612123_1-2">
<gml:timePosition>2021-07-01</gml:timePosition>
</devDate>
<orgGILvl>25000</orgGILvl>
<vis>表示</vis>
<pos>
<gml:Point gml:id="K2_4701612123_1-g" srsName="fguuid:jgd2011.bl">
<gml:pos>33.681154722 130.604782500</gml:pos>
</gml:Point>
</pos>
<type>標高点（測点）</type>
<alti>349</alti>
</ElevPt>
<ElevPt gml:id="K2_4701612132_1">
<fid>47016-12132-i-1358</fid>
<lfSpanFr gml:id="K2_4701612132_1-1">
<gml:timePosition>2020-10-29</gml:timePosition>
</lfSpanFr>
<devDate gml:id="K2_4701612132_1-2">
<gml:timePosition>2021-07-01</gml:timePosition>
</devDate>
<orgGILvl>25000</orgGILvl>
<vis>表示</vis>
<pos>
<gml:Point gml:id="K2_4701612132_1-g" srsName="fguuid:jgd2011.bl">
<gml:pos>33.700641389 130.600213889</gml:pos>
</gml:Point>
</pos>
<type>標高点（測点）</type>
<alti>101</alti>
</ElevPt>
<ElevPt gml:id="K2_4701612138_1">
<fid>47016-12138-i-2735</fid>
<lfSpanFr gml:id="K2_4701612138_1-1">
<gml:timePosition>2021-06-15</gml:timePosition>
</lfSpanFr>
<devDate gml:id="K2_4701612138_1-2">
<gml:timePosition>2021-07-01</gml:timePosition>
</devDate>
<orgGILvl>25000</orgGILvl>
<vis>表示</vis>
<pos>
<gml:Point gml:id="K2_4701612138_1-g" srsName="fguuid:jgd2011.bl">
<gml:pos>33.724480278 130.602800556</gml:pos>
</gml:Point>
</pos>
<type>標高点（測点）</type>
<alti>76</alti>
</ElevPt>
<ElevPt gml:id="K2_4701612138_2">
<fid>47016-12138-i-2736</fid>
<lfSpanFr gml:id="K2_4701612138_2-1">
<gml:timePosition>2021-06-15</gml:timePosition>
</lfSpanFr>
<devDate gml:id="K2_4701612138_2-2">
<gml:timePosition>2021-07-01</gml:timePosition>
</devDate>
<orgGILvl>25000</orgGILvl>
<vis>表示</vis>
<pos>
<gml:Point gml:id="K2_4701612138_2-g" srsName="fguuid:jgd2011.bl">
<gml:pos>33.716695833 130.600067222</gml:pos>
</gml:Point>
</pos>
<type>標高点（測点）</type>
<alti>46</alti>
</ElevPt>
<ElevPt gml:id="K2_4701612138_3">
<fid>47016-12138-i-2737</fid>
<lfSpanFr gml:id="K2_4701612138_3-1">
<gml:timePosition>2021-06-15</gml:timePosition>
</lfSpanFr>
<devDate gml:id="K2_4701612138_3-2">
<gml:timePosition>2021-07-01</gml:timePosition>
</devDate>
<orgGILvl>25000</orgGILvl>
<vis>表示</vis>
<pos>
<gml:Point gml:id="K2_4701612138_3-g" srsName="fguuid:jgd2011.bl">
<gml:pos>33.720380833 130.605286667</gml:pos>
</gml:Point>
</pos>
<type>標高点（測点）</type>
<alti>72</alti>
</ElevPt>
<ElevPt gml:id="K2_4701612141_1">
<fid>47016-12141-i-2447</fid>
<lfSpanFr gml:id="K2_4701612141_1-1">
<gml:timePosition>2021-06-15</gml:timePosition>
</lfSpanFr>
<devDate gml:id="K2_4701612141_1-2">
<gml:timePosition>2021-07-01</gml:timePosition>
</devDate>
<orgGILvl>25000</orgGILvl>
<vis>表示</vis>
<pos>
<gml:Point gml:id="K2_4701612141_1-g" srsName="fguuid:jgd2011.bl">
<gml:pos>33.729267500 130.605937500</gml:pos>
</gml:Point>
</pos>
<type>標高点（測点）</type>
<alti>42</alti>
</ElevPt>
<ElevPt gml:id="K2_4701612144_1">
<fid>47016-12144-i-2633</fid>
<lfSpanFr gml:id="K2_4701612144_1-1">
<gml:timePosition>2021-06-15</gml:timePosition>
</lfSpanFr>
<devDate gml:id="K2_4701612144_1-2">
<gml:timePosition>2021-07-01</gml:timePosition>
</devDate>
<orgGILvl>25000</orgGILvl>
<vis>表示</vis>
<pos>
<gml:Point gml:id="K2_4701612144_1-g" srsName="fguuid:jgd2011.bl">
<gml:pos>33.737206944 130.602308889</gml:pos>
</gml:Point>
</pos>
<type>標高点（測点）</type>
<alti>81</alti>
</ElevPt>
<ElevPt gml:id="K2_4701912120_1">
<fid>47019-12120-i-489</fid>
<lfSpanFr gml:id="K2_4701912120_1-1">
<gml:timePosition>2020-10-29</gml:timePosition>
</lfSpanFr>
<devDate gml:id="K2_4701912120_1-2">
<gml:timePosition>2021-07-01</gml:timePosition>
</devDate>
<orgGILvl>25000</orgGILvl>
<vis>表示</vis>
<pos>
<gml:Point gml:id="K2_4701912120_1-g" srsName="fguuid:jgd2011.bl">
<gml:pos>33.668463056 130.616497500</gml:pos>
</gml:Point>
</pos>
<type>標高点（測点）</type>
<alti>352</alti>
</ElevPt>
<ElevPt gml:id="K2_4701912123_1">
<fid>47019-12123-i-199</fid>
<lfSpanFr gml:id="K2_4701912123_1-1">
<gml:timePosition>2020-10-29</gml:timePosition>
</lfSpanFr>
<devDate gml:id="K2_4701912123_1-2">
<gml:timePosition>2021-07-01</gml:timePosition>
</devDate>
<orgGILvl>25000</orgGILvl>
<vis>表示</vis>
<pos>
<gml:Point gml:id="K2_4701912123_1-g" srsName="fguuid:jgd2011.bl">
<gml:pos>33.679585000 130.615352222</gml:pos>
</gml:Point>
</pos>
<type>標高点（測点）</type>
<alti>231</alti>
</ElevPt>
<ElevPt gml:id="K2_4701912129_1">
<fid>47019-12129-i-146</fid>
<lfSpanFr gml:id="K2_4701912129_1-1">
<gml:timePosition>2014-06-04</gml:timePosition>
</lfSpanFr>
<devDate gml:id="K2_4701912129_1-2">
<gml:timePosition>2021-07-01</gml:timePosition>
</devDate>
<orgGILvl>25000</orgGILvl>
<vis>表示</vis>
<pos>
<gml:Point gml:id="K2_4701912129_1-g" srsName="fguuid:jgd2011.bl">
<gml:pos>33.693602222 130.609150278</gml:pos>
</gml:Point>
</pos>
<type>標高点（測点）</type>
<alti>344</alti>
</ElevPt>
<ElevPt gml:id="K2_4701912132_1">
<fid>47019-12132-i-1117</fid>
<lfSpanFr gml:id="K2_4701912132_1-1">
<gml:timePosition>2020-10-29</gml:timePosition>
</lfSpanFr>
<devDate gml:id="K2_4701912132_1-2">
<gml:timePosition>2021-07-01</gml:timePosition>
</devDate>
<orgGILvl>25000</orgGILvl>
<vis>表示</vis>
<pos>
<gml:Point gml:id="K2_4701912132_1-g" srsName="fguuid:jgd2011.bl">
<gml:pos>33.706002778 130.609613889</gml:pos>
</gml:Point>
</pos>
<type>標高点（測点）</type>
<alti>86</alti>
</ElevPt>
<ElevPt gml:id="K2_4701912135_1">
<fid>47019-12135-i-2835</fid>
<lfSpanFr gml:id="K2_4701912135_1-1">
<gml:timePosition>2021-06-15</gml:timePosition>
</lfSpanFr>
<devDate gml:id="K2_4701912135_1-2">
<gml:timePosition>2021-07-01</gml:timePosition>
</devDate>
<orgGILvl>25000</orgGILvl>
<vis>表示</vis>
<pos>
<gml:Point gml:id="K2_4701912135_1-g" srsName="fguuid:jgd2011.bl">
<gml:pos>33.711523611 130.611000000</gml:pos>
</gml:Point>
</pos>
<type>標高点（測点）</type>
<alti>41</alti>
</ElevPt>
<ElevPt gml:id="K2_4701912135_2">
<fid>47019-12135-i-2836</fid>
<lfSpanFr gml:id="K2_4701912135_2-1">
<gml:timePosition>2021-06-15</gml:timePosition>
</lfSpanFr>
<devDate gml:id="K2_4701912135_2-2">
<gml:timePosition>2021-07-01</gml:timePosition>
</devDate>
<orgGILvl>25000</orgGILvl>
<vis>表示</vis>
<pos>
<gml:Point gml:id="K2_4701912135_2-g" srsName="fguuid:jgd2011.bl">
<gml:pos>33.715969444 130.609179722</gml:pos>
</gml:Point>
</pos>
<type>標高点（測点）</type>
<alti>31</alti>
</ElevPt>
<ElevPt gml:id="K2_4702212120_1">
<fid>47022-12120-i-5</fid>
<lfSpanFr gml:id="K2_4702212120_1-1">
<gml:timePosition>2013-12-10</gml:timePosition>
</lfSpanFr>
<devDate gml:id="K2_4702212120_1-2">
<gml:timePosition>2021-07-01</gml:timePosition>
</devDate>
<orgGILvl>25000</orgGILvl>
<vis>表示</vis>
<pos>
<gml:Point gml:id="K2_4702212120_1-g" srsName="fguuid:jgd2011.bl">
<gml:pos>33.673222500 130.618625556</gml:pos>
</gml:Point>
</pos>
<type>標高点（測点）</type>
<alti>445</alti>
</ElevPt>
<ElevPt gml:id="K2_4702212126_1">
<fid>47022-12126-i-138</fid>
<lfSpanFr gml:id="K2_4702212126_1-1">
<gml:timePosition>2014-06-04</gml:timePosition>
</lfSpanFr>
<devDate gml:id="K2_4702212126_1-2">
<gml:timePosition>2021-07-01</gml:timePosition>
</devDate>
<orgGILvl>25000</orgGILvl>
<vis>表示</vis>
<pos>
<gml:Point gml:id="K2_4702212126_1-g" srsName="fguuid:jgd2011.bl">
<gml:pos>33.691275000 130.619555833</gml:pos>
</gml:Point>
</pos>
<type>標高点（測点）</type>
<alti>159</alti>
</ElevPt>
<ElevPt gml:id="K2_4702212129_1">
<fid>47022-12129-i-377</fid>
<lfSpanFr gml:id="K2_4702212129_1-1">
<gml:timePosition>2020-10-29</gml:timePosition>
</lfSpanFr>
<devDate gml:id="K2_4702212129_1-2">
<gml:timePosition>2021-07-01</gml:timePosition>
</devDate>
<orgGILvl>25000</orgGILvl>
<vis>表示</vis>
<pos>
<gml:Point gml:id="K2_4702212129_1-g" srsName="fguuid:jgd2011.bl">
<gml:pos>33.698174444 130.619286667</gml:pos>
</gml:Point>
</pos>
<type>標高点（測点）</type>
<alti>196</alti>
</ElevPt>
<ElevPt gml:id="K2_4702212135_1">
<fid>47022-12135-i-2781</fid>
<lfSpanFr gml:id="K2_4702212135_1-1">
<gml:timePosition>2021-06-15</gml:timePosition>
</lfSpanFr>
<devDate gml:id="K2_4702212135_1-2">
<gml:timePosition>2021-07-01</gml:timePosition>
</devDate>
<orgGILvl>25000</orgGILvl>
<vis>表示</vis>
<pos>
<gml:Point gml:id="K2_4702212135_1-g" srsName="fguuid:jgd2011.bl">
<gml:pos>33.708527222 130.617469722</gml:pos>
</gml:Point>
</pos>
<type>標高点（測点）</type>
<alti>80</alti>
</ElevPt>
<ElevPt gml:id="K2_4702212138_1">
<fid>47022-12138-i-2305</fid>
<lfSpanFr gml:id="K2_4702212138_1-1">
<gml:timePosition>2021-06-15</gml:timePosition>
</lfSpanFr>
<devDate gml:id="K2_4702212138_1-2">
<gml:timePosition>2021-07-01</gml:timePosition>
</devDate>
<orgGILvl>25000</orgGILvl>
<vis>表示</vis>
<pos>
<gml:Point gml:id="K2_4702212138_1-g" srsName="fguuid:jgd2011.bl">
<gml:pos>33.718933889 130.620548333</gml:pos>
</gml:Point>
</pos>
<type>標高点（測点）</type>
<alti>32</alti>
</ElevPt>
<ElevPt gml:id="K2_4702212141_1">
<fid>47022-12141-i-2614</fid>
<lfSpanFr gml:id="K2_4702212141_1-1">
<gml:timePosition>2021-06-15</gml:timePosition>
</lfSpanFr>
<devDate gml:id="K2_4702212141_1-2">
<gml:timePosition>2021-07-01</gml:timePosition>
</devDate>
<orgGILvl>25000</orgGILvl>
<vis>表示</vis>
<pos>
<gml:Point gml:id="K2_4702212141_1-g" srsName="fguuid:jgd2011.bl">
<gml:pos>33.726620000 130.624131667</gml:pos>
</gml:Point>
</pos>
<type>標高点（測点）</type>
<alti>24</alti>
</ElevPt>
<ElevPt gml:id="K2_4702212141_2">
<fid>47022-12141-i-3074</fid>
<lfSpanFr gml:id="K2_4702212141_2-1">
<gml:timePosition>2021-06-15</gml:timePosition>
</lfSpanFr>
<devDate gml:id="K2_4702212141_2-2">
<gml:timePosition>2021-07-01</gml:timePosition>
</devDate>
<orgGILvl>25000</orgGILvl>
<pos>
<gml:Point gml:id="K2_4702212141_2-g" srsName="fguuid:jgd2011.bl">
<gml:pos>33.732592778 130.624659722</gml:pos>
</gml:Point>
</pos>
<type>標高点（測点）</type>
<alti>24</alti>
</ElevPt>
<ElevPt gml:id="K2_4702212144_1">
<fid>47022-12144-i-2363</fid>
<lfSpanFr gml:id="K2_4702212144_1-1">
<gml:timePosition>2021-06-15</gml:timePosition>
</lfSpanFr>
<devDate gml:id="K2_4702212144_1-2">
<gml:timePosition>2021-07-01</gml:timePosition>
</devDate>
<orgGILvl>25000</orgGILvl>
<vis>表示</vis>
<pos>
<gml:Point gml:id="K2_4702212144_1-g" srsName="fguuid:jgd2011.bl">
<gml:pos>33.738471389 130.619396389</gml:pos>
</gml:Point>
</pos>
<type>標高点（測点）</type>
<alti>31</alti>
</ElevPt>
<ElevPt gml:id="K2_4702212147_1">
<fid>47022-12147-i-843</fid>
<lfSpanFr gml:id="K2_4702212147_1-1">
<gml:timePosition>2015-03-05</gml:timePosition>
</lfSpanFr>
<devDate gml:id="K2_4702212147_1-2">
<gml:timePosition>2021-07-01</gml:timePosition>
</devDate>
<orgGILvl>25000</orgGILvl>
<vis>表示</vis>
<pos>
<gml:Point gml:id="K2_4702212147_1-g" srsName="fguuid:jgd2011.bl">
<gml:pos>33.749715000 130.618471389</gml:pos>
</gml:Point>
</pos>
<type>標高点（測点）</type>
<alti>52</alti>
</ElevPt>
</Dataset>
