<?xml version="1.0" encoding="utf-8"?>
<Dataset xsi:schemaLocation="http://fgd.gsi.go.jp/spec/2008/FGD_GMLSchema FGD_GMLSchema.xsd"
	xmlns:gml="http://www.opengis.net/gml/3.2"
	xmlns:xsi="http://www.w3.org/2001/XMLSchema-instance"
	xmlns:xlink="http://www.w3.org/1999/xlink"
	xmlns="http://fgd.gsi.go.jp/spec/2008/FGD_GMLSchema"
	gml:id="Dataset1">
  <gml:description>基盤地図情報メタデータ ID=fmdid:21-0701</gml:description>
  <gml:name>基盤地図情報ダウンロードデータ（GML版）</gml:name>
<GCP gml:id="K1_503044_1">
<fid>10-00100-0-2106-151482</fid>
<lfSpanFr gml:id="K1_503044_1-1">
<gml:timePosition>2021-06-08</gml:timePosition>
</lfSpanFr>
<devDate gml:id="K1_503044_1-2">
<gml:timePosition>2021-07-01</gml:timePosition>
</devDate>
<orgGILvl>KJ11</orgGILvl>
<vis>表示</vis>
<pos>
<gml:Point gml:id="K1_503044_1-g" srsName="fguuid:jgd2011.bl">
<gml:pos>33.720391389 130.559233667</gml:pos>
</gml:Point>
</pos>
<orgName>国土地理院</orgName>
<type>三角点</type>
<gcpClass>一等三角点</gcpClass>
<gcpCode>TR15030446401</gcpCode>
<name>鮎返山</name>
<B>121393.409</B>
<L>470013.2412</L>
<alti>644.54</alti>
<altiAcc>2</altiAcc>
</GCP>
<GCP gml:id="K1_503044_2">
<fid>10-00100-0-2106-161164</fid>
<lfSpanFr gml:id="K1_503044_2-1">
<gml:timePosition>2021-06-08</gml:timePosition>
</lfSpanFr>
<devDate gml:id="K1_503044_2-2">
<gml:timePosition>2021-07-01</gml:timePosition>
</devDate>
<orgGILvl>KJ13</orgGILvl>
<vis>表示</vis>
<pos>
<gml:Point gml:id="K1_503044_2-g" srsName="fguuid:jgd2011.bl">
<gml:pos>33.677130722 130.511523889</gml:pos>
</gml:Point>
</pos>
<orgName>国土地理院</orgName>
<type>三角点</type>
<gcpClass>三等三角点</gcpClass>
<gcpCode>TR35030441001</gcpCode>
<name>遠見ヶ岳</name>
<B>121237.6706</B>
<L>469841.486</L>
<alti>322.78</alti>
<altiAcc>2</altiAcc>
</GCP>
<GCP gml:id="K1_503044_3">
<fid>10-00100-0-2106-161165</fid>
<lfSpanFr gml:id="K1_503044_3-1">
<gml:timePosition>2021-06-08</gml:timePosition>
</lfSpanFr>
<devDate gml:id="K1_503044_3-2">
<gml:timePosition>2021-07-01</gml:timePosition>
</devDate>
<orgGILvl>KJ13</orgGILvl>
<vis>表示</vis>
<pos>
<gml:Point gml:id="K1_503044_3-g" srsName="fguuid:jgd2011.bl">
<gml:pos>33.676669583 130.581779861</gml:pos>
</gml:Point>
</pos>
<orgName>国土地理院</orgName>
<type>三角点</type>
<gcpClass>三等三角点</gcpClass>
<gcpCode>TR35030441601</gcpCode>
<name>比井ノ城</name>
<B>121236.0105</B>
<L>470094.4075</L>
<alti>508.77</alti>
<altiAcc>2</altiAcc>
</GCP>
<GCP gml:id="K1_503044_4">
<fid>10-00100-0-2106-161166</fid>
<lfSpanFr gml:id="K1_503044_4-1">
<gml:timePosition>2021-06-08</gml:timePosition>
</lfSpanFr>
<devDate gml:id="K1_503044_4-2">
<gml:timePosition>2021-07-01</gml:timePosition>
</devDate>
<orgGILvl>KJ13</orgGILvl>
<vis>表示</vis>
<pos>
<gml:Point gml:id="K1_503044_4-g" srsName="fguuid:jgd2011.bl">
<gml:pos>33.687240833 130.549239528</gml:pos>
</gml:Point>
</pos>
<orgName>国土地理院</orgName>
<type>三角点</type>
<gcpClass>三等三角点</gcpClass>
<gcpCode>TR35030442301</gcpCode>
<name>熊ヶ城</name>
<B>121274.067</B>
<L>469977.2623</L>
<alti>583.56</alti>
<altiAcc>2</altiAcc>
</GCP>
<GCP gml:id="K1_503044_5">
<fid>10-00100-0-2106-161167</fid>
<lfSpanFr gml:id="K1_503044_5-1">
<gml:timePosition>2021-06-08</gml:timePosition>
</lfSpanFr>
<devDate gml:id="K1_503044_5-2">
<gml:timePosition>2021-07-01</gml:timePosition>
</devDate>
<orgGILvl>KJ13</orgGILvl>
<vis>表示</vis>
<pos>
<gml:Point gml:id="K1_503044_5-g" srsName="fguuid:jgd2011.bl">
<gml:pos>33.689574500 130.605289833</gml:pos>
</gml:Point>
</pos>
<orgName>国土地理院</orgName>
<type>三角点</type>
<gcpClass>三等三角点</gcpClass>
<gcpCode>TR35030442801</gcpCode>
<name>千把焼</name>
<B>121282.4682</B>
<L>470179.0434</L>
<alti>384.18</alti>
<altiAcc>2</altiAcc>
</GCP>
<GCP gml:id="K1_503044_6">
<fid>10-00100-0-2106-161168</fid>
<lfSpanFr gml:id="K1_503044_6-1">
<gml:timePosition>2021-06-08</gml:timePosition>
</lfSpanFr>
<devDate gml:id="K1_503044_6-2">
<gml:timePosition>2021-07-01</gml:timePosition>
</devDate>
<orgGILvl>KJ13</orgGILvl>
<vis>表示</vis>
<pos>
<gml:Point gml:id="K1_503044_6-g" srsName="fguuid:jgd2011.bl">
<gml:pos>33.696817444 130.570936250</gml:pos>
</gml:Point>
</pos>
<orgName>国土地理院</orgName>
<type>三角点</type>
<gcpClass>三等三角点</gcpClass>
<gcpCode>TR35030443501</gcpCode>
<name>高城小屋</name>
<B>121308.5428</B>
<L>470055.3705</L>
<alti>451.95</alti>
<altiAcc>2</altiAcc>
</GCP>
<GCP gml:id="K1_503044_7">
<fid>10-00100-0-2106-161169</fid>
<lfSpanFr gml:id="K1_503044_7-1">
<gml:timePosition>2021-06-08</gml:timePosition>
</lfSpanFr>
<devDate gml:id="K1_503044_7-2">
<gml:timePosition>2021-07-01</gml:timePosition>
</devDate>
<orgGILvl>KJ13</orgGILvl>
<vis>表示</vis>
<pos>
<gml:Point gml:id="K1_503044_7-g" srsName="fguuid:jgd2011.bl">
<gml:pos>33.700941833 130.520127028</gml:pos>
</gml:Point>
</pos>
<orgName>国土地理院</orgName>
<type>三角点</type>
<gcpClass>三等三角点</gcpClass>
<gcpCode>TR35030444101</gcpCode>
<name>大目配</name>
<B>121323.3906</B>
<L>469872.4573</L>
<alti>409.57</alti>
<altiAcc>2</altiAcc>
</GCP>
<GCP gml:id="K1_503044_8">
<fid>10-00100-0-2106-161170</fid>
<lfSpanFr gml:id="K1_503044_8-1">
<gml:timePosition>2021-06-08</gml:timePosition>
</lfSpanFr>
<devDate gml:id="K1_503044_8-2">
<gml:timePosition>2021-07-01</gml:timePosition>
</devDate>
<orgGILvl>KJ13</orgGILvl>
<vis>表示</vis>
<pos>
<gml:Point gml:id="K1_503044_8-g" srsName="fguuid:jgd2011.bl">
<gml:pos>33.702998639 130.620681444</gml:pos>
</gml:Point>
</pos>
<orgName>国土地理院</orgName>
<type>三角点</type>
<gcpClass>三等三角点</gcpClass>
<gcpCode>TR35030444901</gcpCode>
<name>小藤ヶ熊</name>
<B>121330.7951</B>
<L>470234.4532</L>
<alti>248.86</alti>
<altiAcc>2</altiAcc>
</GCP>
<GCP gml:id="K1_503044_9">
<fid>10-00100-0-2106-161171</fid>
<lfSpanFr gml:id="K1_503044_9-1">
<gml:timePosition>2021-06-08</gml:timePosition>
</lfSpanFr>
<devDate gml:id="K1_503044_9-2">
<gml:timePosition>2021-07-01</gml:timePosition>
</devDate>
<orgGILvl>KJ13</orgGILvl>
<vis>表示</vis>
<pos>
<gml:Point gml:id="K1_503044_9-g" srsName="fguuid:jgd2011.bl">
<gml:pos>33.719090333 130.592653444</gml:pos>
</gml:Point>
</pos>
<orgName>国土地理院</orgName>
<type>三角点</type>
<gcpClass>三等三角点</gcpClass>
<gcpCode>TR35030446701</gcpCode>
<name>神屋根</name>
<B>121388.7252</B>
<L>470133.5524</L>
<alti>114.9</alti>
<altiAcc>2</altiAcc>
</GCP>
<GCP gml:id="K1_503044_10">
<fid>10-00100-0-2106-161172</fid>
<lfSpanFr gml:id="K1_503044_10-1">
<gml:timePosition>2021-06-08</gml:timePosition>
</lfSpanFr>
<devDate gml:id="K1_503044_10-2">
<gml:timePosition>2021-07-01</gml:timePosition>
</devDate>
<orgGILvl>KJ13</orgGILvl>
<vis>表示</vis>
<pos>
<gml:Point gml:id="K1_503044_10-g" srsName="fguuid:jgd2011.bl">
<gml:pos>33.730660444 130.533862806</gml:pos>
</gml:Point>
</pos>
<orgName>国土地理院</orgName>
<type>三角点</type>
<gcpClass>三等三角点</gcpClass>
<gcpCode>TR35030447201</gcpCode>
<name>城ノ山</name>
<B>121430.3776</B>
<L>469921.9061</L>
<alti>291.18</alti>
<altiAcc>2</altiAcc>
</GCP>
<GCP gml:id="K1_503044_11">
<fid>10-00100-0-2106-161173</fid>
<lfSpanFr gml:id="K1_503044_11-1">
<gml:timePosition>2021-06-08</gml:timePosition>
</lfSpanFr>
<devDate gml:id="K1_503044_11-2">
<gml:timePosition>2021-07-01</gml:timePosition>
</devDate>
<orgGILvl>KJ13</orgGILvl>
<vis>表示</vis>
<pos>
<gml:Point gml:id="K1_503044_11-g" srsName="fguuid:jgd2011.bl">
<gml:pos>33.738147417 130.590070944</gml:pos>
</gml:Point>
</pos>
<orgName>国土地理院</orgName>
<type>三角点</type>
<gcpClass>三等三角点</gcpClass>
<gcpCode>TR35030448701</gcpCode>
<name>天ノ坊</name>
<B>121457.3307</B>
<L>470124.2554</L>
<alti>266.47</alti>
<altiAcc>2</altiAcc>
</GCP>
<GCP gml:id="K1_503044_12">
<fid>10-00100-0-2106-161174</fid>
<lfSpanFr gml:id="K1_503044_12-1">
<gml:timePosition>2021-06-08</gml:timePosition>
</lfSpanFr>
<devDate gml:id="K1_503044_12-2">
<gml:timePosition>2021-07-01</gml:timePosition>
</devDate>
<orgGILvl>KJ13</orgGILvl>
<vis>表示</vis>
<pos>
<gml:Point gml:id="K1_503044_12-g" srsName="fguuid:jgd2011.bl">
<gml:pos>33.746793694 130.553351194</gml:pos>
</gml:Point>
</pos>
<orgName>国土地理院</orgName>
<type>三角点</type>
<gcpClass>三等三角点</gcpClass>
<gcpCode>TR35030449401</gcpCode>
<name>小越</name>
<B>121488.4573</B>
<L>469992.0643</L>
<alti>268.38</alti>
<altiAcc>2</altiAcc>
</GCP>
<GCP gml:id="K1_503044_13">
<fid>10-00100-0-2106-200941</fid>
<lfSpanFr gml:id="K1_503044_13-1">
<gml:timePosition>2021-06-08</gml:timePosition>
</lfSpanFr>
<devDate gml:id="K1_503044_13-2">
<gml:timePosition>2021-07-01</gml:timePosition>
</devDate>
<orgGILvl>KJ14</orgGILvl>
<vis>表示</vis>
<pos>
<gml:Point gml:id="K1_503044_13-g" srsName="fguuid:jgd2011.bl">
<gml:pos>33.667757583 130.552831083</gml:pos>
</gml:Point>
</pos>
<orgName>国土地理院</orgName>
<type>三角点</type>
<gcpClass>四等三角点</gcpClass>
<gcpCode>TR45030440401</gcpCode>
<name>柳ヶ原</name>
<B>121203.9273</B>
<L>469990.1919</L>
<alti>471.67</alti>
<altiAcc>2</altiAcc>
</GCP>
<GCP gml:id="K1_503044_14">
<fid>10-00100-0-2106-200942</fid>
<lfSpanFr gml:id="K1_503044_14-1">
<gml:timePosition>2021-06-08</gml:timePosition>
</lfSpanFr>
<devDate gml:id="K1_503044_14-2">
<gml:timePosition>2021-07-01</gml:timePosition>
</devDate>
<orgGILvl>KJ14</orgGILvl>
<vis>表示</vis>
<pos>
<gml:Point gml:id="K1_503044_14-g" srsName="fguuid:jgd2011.bl">
<gml:pos>33.676645528 130.541536750</gml:pos>
</gml:Point>
</pos>
<orgName>国土地理院</orgName>
<type>三角点</type>
<gcpClass>四等三角点</gcpClass>
<gcpCode>TR45030441301</gcpCode>
<name>犬鳴隧道</name>
<B>121235.9239</B>
<L>469949.5323</L>
<alti>452.78</alti>
<altiAcc>2</altiAcc>
</GCP>
<GCP gml:id="K1_503044_15">
<fid>10-00100-0-2106-200943</fid>
<lfSpanFr gml:id="K1_503044_15-1">
<gml:timePosition>2021-06-08</gml:timePosition>
</lfSpanFr>
<devDate gml:id="K1_503044_15-2">
<gml:timePosition>2021-07-01</gml:timePosition>
</devDate>
<orgGILvl>KJ14</orgGILvl>
<vis>表示</vis>
<pos>
<gml:Point gml:id="K1_503044_15-g" srsName="fguuid:jgd2011.bl">
<gml:pos>33.689158056 130.512125778</gml:pos>
</gml:Point>
</pos>
<orgName>国土地理院</orgName>
<type>三角点</type>
<gcpClass>四等三角点</gcpClass>
<gcpCode>TR45030442001</gcpCode>
<name>河内</name>
<B>121280.969</B>
<L>469843.6528</L>
<alti>262.96</alti>
<altiAcc>2</altiAcc>
</GCP>
<GCP gml:id="K1_503044_16">
<fid>10-00100-0-2106-200944</fid>
<lfSpanFr gml:id="K1_503044_16-1">
<gml:timePosition>2021-06-08</gml:timePosition>
</lfSpanFr>
<devDate gml:id="K1_503044_16-2">
<gml:timePosition>2021-07-01</gml:timePosition>
</devDate>
<orgGILvl>KJ14</orgGILvl>
<vis>表示</vis>
<pos>
<gml:Point gml:id="K1_503044_16-g" srsName="fguuid:jgd2011.bl">
<gml:pos>33.684921667 130.524507417</gml:pos>
</gml:Point>
</pos>
<orgName>国土地理院</orgName>
<type>三角点</type>
<gcpClass>四等三角点</gcpClass>
<gcpCode>TR45030442101</gcpCode>
<name>臼木</name>
<B>121265.718</B>
<L>469888.2267</L>
<alti>351.5</alti>
<altiAcc>2</altiAcc>
</GCP>
<GCP gml:id="K1_503044_17">
<fid>10-00100-0-2106-200945</fid>
<lfSpanFr gml:id="K1_503044_17-1">
<gml:timePosition>2021-06-08</gml:timePosition>
</lfSpanFr>
<devDate gml:id="K1_503044_17-2">
<gml:timePosition>2021-07-01</gml:timePosition>
</devDate>
<orgGILvl>KJ14</orgGILvl>
<vis>表示</vis>
<pos>
<gml:Point gml:id="K1_503044_17-g" srsName="fguuid:jgd2011.bl">
<gml:pos>33.699252667 130.541326944</gml:pos>
</gml:Point>
</pos>
<orgName>国土地理院</orgName>
<type>三角点</type>
<gcpClass>四等三角点</gcpClass>
<gcpCode>TR45030443301</gcpCode>
<name>猪野</name>
<B>121317.3096</B>
<L>469948.777</L>
<alti>492.71</alti>
<altiAcc>2</altiAcc>
</GCP>
<GCP gml:id="K1_503044_18">
<fid>10-00100-0-2106-200946</fid>
<lfSpanFr gml:id="K1_503044_18-1">
<gml:timePosition>2021-06-08</gml:timePosition>
</lfSpanFr>
<devDate gml:id="K1_503044_18-2">
<gml:timePosition>2021-07-01</gml:timePosition>
</devDate>
<orgGILvl>KJ14</orgGILvl>
<vis>表示</vis>
<pos>
<gml:Point gml:id="K1_503044_18-g" srsName="fguuid:jgd2011.bl">
<gml:pos>33.704376389 130.504967889</gml:pos>
</gml:Point>
</pos>
<orgName>国土地理院</orgName>
<type>三角点</type>
<gcpClass>四等三角点</gcpClass>
<gcpCode>TR45030444001</gcpCode>
<name>谷山</name>
<B>121335.755</B>
<L>469817.8844</L>
<alti>89.52</alti>
<altiAcc>2</altiAcc>
</GCP>
<GCP gml:id="K1_503044_19">
<fid>10-00100-0-2106-200947</fid>
<lfSpanFr gml:id="K1_503044_19-1">
<gml:timePosition>2021-06-08</gml:timePosition>
</lfSpanFr>
<devDate gml:id="K1_503044_19-2">
<gml:timePosition>2021-07-01</gml:timePosition>
</devDate>
<orgGILvl>KJ14</orgGILvl>
<vis>表示</vis>
<pos>
<gml:Point gml:id="K1_503044_19-g" srsName="fguuid:jgd2011.bl">
<gml:pos>33.710831889 130.513889750</gml:pos>
</gml:Point>
</pos>
<orgName>国土地理院</orgName>
<type>三角点</type>
<gcpClass>四等三角点</gcpClass>
<gcpCode>TR45030445101</gcpCode>
<name>山ノ口</name>
<B>121358.9948</B>
<L>469850.0031</L>
<alti>251.99</alti>
<altiAcc>2</altiAcc>
</GCP>
<GCP gml:id="K1_503044_20">
<fid>10-00100-0-2106-200948</fid>
<lfSpanFr gml:id="K1_503044_20-1">
<gml:timePosition>2021-06-08</gml:timePosition>
</lfSpanFr>
<devDate gml:id="K1_503044_20-2">
<gml:timePosition>2021-07-01</gml:timePosition>
</devDate>
<orgGILvl>KJ14</orgGILvl>
<vis>表示</vis>
<pos>
<gml:Point gml:id="K1_503044_20-g" srsName="fguuid:jgd2011.bl">
<gml:pos>33.710277306 130.536410028</gml:pos>
</gml:Point>
</pos>
<orgName>国土地理院</orgName>
<type>三角点</type>
<gcpClass>四等三角点</gcpClass>
<gcpCode>TR45030445201</gcpCode>
<name>久山</name>
<B>121356.9983</B>
<L>469931.0761</L>
<alti>510.72</alti>
<altiAcc>2</altiAcc>
</GCP>
<GCP gml:id="K1_503044_21">
<fid>10-00100-0-2106-200949</fid>
<lfSpanFr gml:id="K1_503044_21-1">
<gml:timePosition>2021-06-08</gml:timePosition>
</lfSpanFr>
<devDate gml:id="K1_503044_21-2">
<gml:timePosition>2021-07-01</gml:timePosition>
</devDate>
<orgGILvl>KJ14</orgGILvl>
<vis>表示</vis>
<pos>
<gml:Point gml:id="K1_503044_21-g" srsName="fguuid:jgd2011.bl">
<gml:pos>33.732715806 130.610607306</gml:pos>
</gml:Point>
</pos>
<orgName>国土地理院</orgName>
<type>三角点</type>
<gcpClass>四等三角点</gcpClass>
<gcpCode>TR45030447801</gcpCode>
<name>切立</name>
<B>121437.7769</B>
<L>470198.1863</L>
<alti>38.53</alti>
<altiAcc>2</altiAcc>
</GCP>
<GCP gml:id="K1_503044_22">
<fid>10-00100-0-2106-200950</fid>
<lfSpanFr gml:id="K1_503044_22-1">
<gml:timePosition>2021-06-08</gml:timePosition>
</lfSpanFr>
<devDate gml:id="K1_503044_22-2">
<gml:timePosition>2021-07-01</gml:timePosition>
</devDate>
<orgGILvl>KJ14</orgGILvl>
<vis>表示</vis>
<pos>
<gml:Point gml:id="K1_503044_22-g" srsName="fguuid:jgd2011.bl">
<gml:pos>33.741327167 130.601331778</gml:pos>
</gml:Point>
</pos>
<orgName>国土地理院</orgName>
<type>三角点</type>
<gcpClass>四等三角点</gcpClass>
<gcpCode>TR45030448802</gcpCode>
<name>沼口</name>
<B>121468.7778</B>
<L>470164.7944</L>
<alti>81.22</alti>
<altiAcc>2</altiAcc>
</GCP>
<GCP gml:id="K1_503044_23">
<fid>10-00100-0-2106-200951</fid>
<lfSpanFr gml:id="K1_503044_23-1">
<gml:timePosition>2021-06-08</gml:timePosition>
</lfSpanFr>
<devDate gml:id="K1_503044_23-2">
<gml:timePosition>2021-07-01</gml:timePosition>
</devDate>
<orgGILvl>KJ14</orgGILvl>
<vis>表示</vis>
<pos>
<gml:Point gml:id="K1_503044_23-g" srsName="fguuid:jgd2011.bl">
<gml:pos>33.739601000 130.616122500</gml:pos>
</gml:Point>
</pos>
<orgName>国土地理院</orgName>
<type>三角点</type>
<gcpClass>四等三角点</gcpClass>
<gcpCode>TR45030448901</gcpCode>
<name>釘</name>
<B>121462.5636</B>
<L>470218.041</L>
<alti>36.43</alti>
<altiAcc>2</altiAcc>
</GCP>
<GCP gml:id="K1_503044_24">
<fid>10-00100-0-2106-200952</fid>
<lfSpanFr gml:id="K1_503044_24-1">
<gml:timePosition>2021-06-08</gml:timePosition>
</lfSpanFr>
<devDate gml:id="K1_503044_24-2">
<gml:timePosition>2021-07-01</gml:timePosition>
</devDate>
<orgGILvl>KJ14</orgGILvl>
<vis>表示</vis>
<pos>
<gml:Point gml:id="K1_503044_24-g" srsName="fguuid:jgd2011.bl">
<gml:pos>33.742809250 130.519166028</gml:pos>
</gml:Point>
</pos>
<orgName>国土地理院</orgName>
<type>三角点</type>
<gcpClass>四等三角点</gcpClass>
<gcpCode>TR45030449101</gcpCode>
<name>飯盛山</name>
<B>121474.1133</B>
<L>469868.9977</L>
<alti>157.08</alti>
<altiAcc>2</altiAcc>
</GCP>
<GCP gml:id="K1_503044_25">
<fid>10-00100-0-2106-200953</fid>
<lfSpanFr gml:id="K1_503044_25-1">
<gml:timePosition>2021-06-08</gml:timePosition>
</lfSpanFr>
<devDate gml:id="K1_503044_25-2">
<gml:timePosition>2021-07-01</gml:timePosition>
</devDate>
<orgGILvl>KJ14</orgGILvl>
<vis>表示</vis>
<pos>
<gml:Point gml:id="K1_503044_25-g" srsName="fguuid:jgd2011.bl">
<gml:pos>33.747855667 130.533915222</gml:pos>
</gml:Point>
</pos>
<orgName>国土地理院</orgName>
<type>三角点</type>
<gcpClass>四等三角点</gcpClass>
<gcpCode>TR45030449201</gcpCode>
<name>節句田</name>
<B>121492.2804</B>
<L>469922.0948</L>
<alti>110.46</alti>
<altiAcc>2</altiAcc>
</GCP>
</Dataset>
