<?xml version="1.0" encoding="utf-8"?>
<Dataset xsi:schemaLocation="http://fgd.gsi.go.jp/spec/2008/FGD_GMLSchema FGD_GMLSchema.xsd"
	xmlns:gml="http://www.opengis.net/gml/3.2"
	xmlns:xsi="http://www.w3.org/2001/XMLSchema-instance"
	xmlns:xlink="http://www.w3.org/1999/xlink"
	xmlns="http://fgd.gsi.go.jp/spec/2008/FGD_GMLSchema"
	gml:id="Dataset1">
  <gml:description>基盤地図情報メタデータ ID=fmdid:21-0701</gml:description>
  <gml:name>基盤地図情報ダウンロードデータ（GML版）</gml:name>
<AdmPt gml:id="K6_4698012126_1">
<fid>46980-12126-i-367</fid>
<lfSpanFr gml:id="K6_4698012126_1-1">
<gml:timePosition>2018-08-06</gml:timePosition>
</lfSpanFr>
<devDate gml:id="K6_4698012126_1-2">
<gml:timePosition>2021-07-01</gml:timePosition>
</devDate>
<orgGILvl>25000</orgGILvl>
<vis>非表示</vis>
<pos>
<gml:Point gml:id="K6_4698012126_1-g" srsName="fguuid:jgd2011.bl">
<gml:pos>33.689713639 130.502552859</gml:pos>
</gml:Point>
</pos>
<type>町村・指定都市の区</type>
<name>新宮町</name>
<admCode>40345</admCode>
</AdmPt>
<AdmPt gml:id="K6_4698612135_1">
<fid>46986-12135-i-535</fid>
<lfSpanFr gml:id="K6_4698612135_1-1">
<gml:timePosition>2021-06-15</gml:timePosition>
</lfSpanFr>
<devDate gml:id="K6_4698612135_1-2">
<gml:timePosition>2021-07-01</gml:timePosition>
</devDate>
<orgGILvl>25000</orgGILvl>
<vis>非表示</vis>
<pos>
<gml:Point gml:id="K6_4698612135_1-g" srsName="fguuid:jgd2011.bl">
<gml:pos>33.716175616 130.523624219</gml:pos>
</gml:Point>
</pos>
<type>郡市・東京都の区</type>
<name>古賀市</name>
<admCode>40223</admCode>
</AdmPt>
<AdmPt gml:id="K6_4698912126_1">
<fid>46989-12126-i-71</fid>
<lfSpanFr gml:id="K6_4698912126_1-1">
<gml:timePosition>2015-03-05</gml:timePosition>
</lfSpanFr>
<devDate gml:id="K6_4698912126_1-2">
<gml:timePosition>2021-07-01</gml:timePosition>
</devDate>
<orgGILvl>25000</orgGILvl>
<vis>非表示</vis>
<pos>
<gml:Point gml:id="K6_4698912126_1-g" srsName="fguuid:jgd2011.bl">
<gml:pos>33.688989770 130.528646749</gml:pos>
</gml:Point>
</pos>
<type>町村・指定都市の区</type>
<name>久山町</name>
<admCode>40348</admCode>
</AdmPt>
<AdmPt gml:id="K6_4699212144_1">
<fid>46992-12144-i-1029</fid>
<lfSpanFr gml:id="K6_4699212144_1-1">
<gml:timePosition>2021-06-15</gml:timePosition>
</lfSpanFr>
<devDate gml:id="K6_4699212144_1-2">
<gml:timePosition>2021-07-01</gml:timePosition>
</devDate>
<orgGILvl>25000</orgGILvl>
<vis>非表示</vis>
<pos>
<gml:Point gml:id="K6_4699212144_1-g" srsName="fguuid:jgd2011.bl">
<gml:pos>33.740338968 130.535959391</gml:pos>
</gml:Point>
</pos>
<type>郡市・東京都の区</type>
<name>福津市</name>
<admCode>40224</admCode>
</AdmPt>
<AdmPt gml:id="K6_4701012135_1">
<fid>47010-12135-i-436</fid>
<lfSpanFr gml:id="K6_4701012135_1-1">
<gml:timePosition>2015-03-05</gml:timePosition>
</lfSpanFr>
<devDate gml:id="K6_4701012135_1-2">
<gml:timePosition>2021-07-01</gml:timePosition>
</devDate>
<orgGILvl>25000</orgGILvl>
<vis>非表示</vis>
<pos>
<gml:Point gml:id="K6_4701012135_1-g" srsName="fguuid:jgd2011.bl">
<gml:pos>33.708335000 130.584747728</gml:pos>
</gml:Point>
</pos>
<type>郡市・東京都の区</type>
<name>宮若市</name>
<admCode>40226</admCode>
</AdmPt>
<AdmPt gml:id="K6_4702212120_1">
<fid>47022-12120-i-144</fid>
<lfSpanFr gml:id="K6_4702212120_1-1">
<gml:timePosition>2015-03-05</gml:timePosition>
</lfSpanFr>
<devDate gml:id="K6_4702212120_1-2">
<gml:timePosition>2021-07-01</gml:timePosition>
</devDate>
<orgGILvl>25000</orgGILvl>
<vis>非表示</vis>
<pos>
<gml:Point gml:id="K6_4702212120_1-g" srsName="fguuid:jgd2011.bl">
<gml:pos>33.667586304 130.622961981</gml:pos>
</gml:Point>
</pos>
<type>郡市・東京都の区</type>
<name>飯塚市</name>
<admCode>40205</admCode>
</AdmPt>
</Dataset>
