<?xml version="1.0" encoding="utf-8"?>
<Dataset xsi:schemaLocation="http://fgd.gsi.go.jp/spec/2008/FGD_GMLSchema FGD_GMLSchema.xsd"
	xmlns:gml="http://www.opengis.net/gml/3.2"
	xmlns:xsi="http://www.w3.org/2001/XMLSchema-instance"
	xmlns:xlink="http://www.w3.org/1999/xlink"
	xmlns="http://fgd.gsi.go.jp/spec/2008/FGD_GMLSchema"
	gml:id="Dataset1">
  <gml:description>基盤地図情報メタデータ ID=fmdid:21-0701</gml:description>
  <gml:name>基盤地図情報ダウンロードデータ（GML版）</gml:name>
<CommPt gml:id="K8_4699812129_1">
<fid>46998-12129-i-20</fid>
<lfSpanFr gml:id="K8_4699812129_1-1">
<gml:timePosition>2013-12-10</gml:timePosition>
</lfSpanFr>
<devDate gml:id="K8_4699812129_1-2">
<gml:timePosition>2021-07-01</gml:timePosition>
</devDate>
<orgGILvl>2500</orgGILvl>
<vis>表示</vis>
<pos>
<gml:Point gml:id="K8_4699812129_1-g" srsName="fguuid:jgd2011.bl">
<gml:pos>33.695833287 130.554818311</gml:pos>
</gml:Point>
</pos>
<type>大字・町・丁目</type>
<name>犬鳴</name>
<admCode>40226</admCode>
</CommPt>
<CommPt gml:id="K8_4700412126_1">
<fid>47004-12126-i-701</fid>
<lfSpanFr gml:id="K8_4700412126_1-1">
<gml:timePosition>2020-10-29</gml:timePosition>
</lfSpanFr>
<devDate gml:id="K8_4700412126_1-2">
<gml:timePosition>2021-07-01</gml:timePosition>
</devDate>
<orgGILvl>2500</orgGILvl>
<vis>表示</vis>
<pos>
<gml:Point gml:id="K8_4700412126_1-g" srsName="fguuid:jgd2011.bl">
<gml:pos>33.683670903 130.574554628</gml:pos>
</gml:Point>
</pos>
<type>大字・町・丁目</type>
<name>脇田</name>
<admCode>40226</admCode>
</CommPt>
<CommPt gml:id="K8_4700412138_1">
<fid>47004-12138-i-153</fid>
<lfSpanFr gml:id="K8_4700412138_1-1">
<gml:timePosition>2014-06-04</gml:timePosition>
</lfSpanFr>
<devDate gml:id="K8_4700412138_1-2">
<gml:timePosition>2021-07-01</gml:timePosition>
</devDate>
<orgGILvl>2500</orgGILvl>
<vis>表示</vis>
<pos>
<gml:Point gml:id="K8_4700412138_1-g" srsName="fguuid:jgd2011.bl">
<gml:pos>33.717054404 130.574459802</gml:pos>
</gml:Point>
</pos>
<type>大字・町・丁目</type>
<name>黒丸</name>
<admCode>40226</admCode>
</CommPt>
<CommPt gml:id="K8_4700712132_1">
<fid>47007-12132-i-853</fid>
<lfSpanFr gml:id="K8_4700712132_1-1">
<gml:timePosition>2020-10-29</gml:timePosition>
</lfSpanFr>
<devDate gml:id="K8_4700712132_1-2">
<gml:timePosition>2021-07-01</gml:timePosition>
</devDate>
<orgGILvl>2500</orgGILvl>
<vis>表示</vis>
<pos>
<gml:Point gml:id="K8_4700712132_1-g" srsName="fguuid:jgd2011.bl">
<gml:pos>33.704728018 130.579411036</gml:pos>
</gml:Point>
</pos>
<type>大字・町・丁目</type>
<name>乙野</name>
<admCode>40226</admCode>
</CommPt>
<CommPt gml:id="K8_4700712147_1">
<fid>47007-12147-i-741</fid>
<lfSpanFr gml:id="K8_4700712147_1-1">
<gml:timePosition>2021-06-15</gml:timePosition>
</lfSpanFr>
<devDate gml:id="K8_4700712147_1-2">
<gml:timePosition>2021-07-01</gml:timePosition>
</devDate>
<orgGILvl>2500</orgGILvl>
<vis>表示</vis>
<pos>
<gml:Point gml:id="K8_4700712147_1-g" srsName="fguuid:jgd2011.bl">
<gml:pos>33.743826654 130.578283837</gml:pos>
</gml:Point>
</pos>
<type>大字・町・丁目</type>
<name>山口</name>
<admCode>40226</admCode>
</CommPt>
<CommPt gml:id="K8_4701012141_1">
<fid>47010-12141-i-2266</fid>
<lfSpanFr gml:id="K8_4701012141_1-1">
<gml:timePosition>2021-06-15</gml:timePosition>
</lfSpanFr>
<devDate gml:id="K8_4701012141_1-2">
<gml:timePosition>2021-07-01</gml:timePosition>
</devDate>
<orgGILvl>2500</orgGILvl>
<vis>表示</vis>
<pos>
<gml:Point gml:id="K8_4701012141_1-g" srsName="fguuid:jgd2011.bl">
<gml:pos>33.729150394 130.587712699</gml:pos>
</gml:Point>
</pos>
<type>大字・町・丁目</type>
<name>宮永</name>
<admCode>40226</admCode>
</CommPt>
<CommPt gml:id="K8_4701312126_1">
<fid>47013-12126-i-1019</fid>
<lfSpanFr gml:id="K8_4701312126_1-1">
<gml:timePosition>2020-10-29</gml:timePosition>
</lfSpanFr>
<devDate gml:id="K8_4701312126_1-2">
<gml:timePosition>2021-07-01</gml:timePosition>
</devDate>
<orgGILvl>2500</orgGILvl>
<vis>表示</vis>
<pos>
<gml:Point gml:id="K8_4701312126_1-g" srsName="fguuid:jgd2011.bl">
<gml:pos>33.687238612 130.596115480</gml:pos>
</gml:Point>
</pos>
<type>大字・町・丁目</type>
<name>湯原</name>
<admCode>40226</admCode>
</CommPt>
<CommPt gml:id="K8_4701612135_1">
<fid>47016-12135-i-2644</fid>
<lfSpanFr gml:id="K8_4701612135_1-1">
<gml:timePosition>2021-06-15</gml:timePosition>
</lfSpanFr>
<devDate gml:id="K8_4701612135_1-2">
<gml:timePosition>2021-07-01</gml:timePosition>
</devDate>
<orgGILvl>2500</orgGILvl>
<vis>表示</vis>
<pos>
<gml:Point gml:id="K8_4701612135_1-g" srsName="fguuid:jgd2011.bl">
<gml:pos>33.714303188 130.600465416</gml:pos>
</gml:Point>
</pos>
<type>大字・町・丁目</type>
<name>小伏</name>
<admCode>40226</admCode>
</CommPt>
<CommPt gml:id="K8_4701612141_1">
<fid>47016-12141-i-2610</fid>
<lfSpanFr gml:id="K8_4701612141_1-1">
<gml:timePosition>2021-06-15</gml:timePosition>
</lfSpanFr>
<devDate gml:id="K8_4701612141_1-2">
<gml:timePosition>2021-07-01</gml:timePosition>
</devDate>
<orgGILvl>2500</orgGILvl>
<vis>表示</vis>
<pos>
<gml:Point gml:id="K8_4701612141_1-g" srsName="fguuid:jgd2011.bl">
<gml:pos>33.726144765 130.600674358</gml:pos>
</gml:Point>
</pos>
<type>大字・町・丁目</type>
<name>稲光</name>
<admCode>40226</admCode>
</CommPt>
<CommPt gml:id="K8_4701612144_1">
<fid>47016-12144-i-2800</fid>
<lfSpanFr gml:id="K8_4701612144_1-1">
<gml:timePosition>2021-06-15</gml:timePosition>
</lfSpanFr>
<devDate gml:id="K8_4701612144_1-2">
<gml:timePosition>2021-07-01</gml:timePosition>
</devDate>
<orgGILvl>2500</orgGILvl>
<vis>表示</vis>
<pos>
<gml:Point gml:id="K8_4701612144_1-g" srsName="fguuid:jgd2011.bl">
<gml:pos>33.733644049 130.601734586</gml:pos>
</gml:Point>
</pos>
<type>大字・町・丁目</type>
<name>平</name>
<admCode>40226</admCode>
</CommPt>
<CommPt gml:id="K8_4701612147_1">
<fid>47016-12147-i-2814</fid>
<lfSpanFr gml:id="K8_4701612147_1-1">
<gml:timePosition>2021-06-15</gml:timePosition>
</lfSpanFr>
<devDate gml:id="K8_4701612147_1-2">
<gml:timePosition>2021-07-01</gml:timePosition>
</devDate>
<orgGILvl>2500</orgGILvl>
<vis>表示</vis>
<pos>
<gml:Point gml:id="K8_4701612147_1-g" srsName="fguuid:jgd2011.bl">
<gml:pos>33.741962250 130.606619303</gml:pos>
</gml:Point>
</pos>
<type>大字・町・丁目</type>
<name>沼口</name>
<admCode>40226</admCode>
</CommPt>
<CommPt gml:id="K8_4701912141_1">
<fid>47019-12141-i-3357</fid>
<lfSpanFr gml:id="K8_4701912141_1-1">
<gml:timePosition>2021-06-15</gml:timePosition>
</lfSpanFr>
<devDate gml:id="K8_4701912141_1-2">
<gml:timePosition>2021-07-01</gml:timePosition>
</devDate>
<orgGILvl>2500</orgGILvl>
<vis>表示</vis>
<pos>
<gml:Point gml:id="K8_4701912141_1-g" srsName="fguuid:jgd2011.bl">
<gml:pos>33.726076297 130.613021808</gml:pos>
</gml:Point>
</pos>
<type>大字・町・丁目</type>
<name>高野</name>
<admCode>40226</admCode>
</CommPt>
<CommPt gml:id="K8_4701912141_2">
<fid>47019-12141-i-3358</fid>
<lfSpanFr gml:id="K8_4701912141_2-1">
<gml:timePosition>2021-06-15</gml:timePosition>
</lfSpanFr>
<devDate gml:id="K8_4701912141_2-2">
<gml:timePosition>2021-07-01</gml:timePosition>
</devDate>
<orgGILvl>2500</orgGILvl>
<vis>表示</vis>
<pos>
<gml:Point gml:id="K8_4701912141_2-g" srsName="fguuid:jgd2011.bl">
<gml:pos>33.732477252 130.615896667</gml:pos>
</gml:Point>
</pos>
<type>大字・町・丁目</type>
<name>竹原</name>
<admCode>40226</admCode>
</CommPt>
<CommPt gml:id="K8_4702212129_1">
<fid>47022-12129-i-406</fid>
<lfSpanFr gml:id="K8_4702212129_1-1">
<gml:timePosition>2020-10-29</gml:timePosition>
</lfSpanFr>
<devDate gml:id="K8_4702212129_1-2">
<gml:timePosition>2021-07-01</gml:timePosition>
</devDate>
<orgGILvl>2500</orgGILvl>
<vis>表示</vis>
<pos>
<gml:Point gml:id="K8_4702212129_1-g" srsName="fguuid:jgd2011.bl">
<gml:pos>33.692503766 130.617137221</gml:pos>
</gml:Point>
</pos>
<type>大字・町・丁目</type>
<name>下</name>
<admCode>40226</admCode>
</CommPt>
<CommPt gml:id="K8_4702212144_1">
<fid>47022-12144-i-2545</fid>
<lfSpanFr gml:id="K8_4702212144_1-1">
<gml:timePosition>2021-06-15</gml:timePosition>
</lfSpanFr>
<devDate gml:id="K8_4702212144_1-2">
<gml:timePosition>2021-07-01</gml:timePosition>
</devDate>
<orgGILvl>2500</orgGILvl>
<vis>表示</vis>
<pos>
<gml:Point gml:id="K8_4702212144_1-g" srsName="fguuid:jgd2011.bl">
<gml:pos>33.740901027 130.621285494</gml:pos>
</gml:Point>
</pos>
<type>大字・町・丁目</type>
<name>水原</name>
<admCode>40226</admCode>
</CommPt>
</Dataset>
