<?xml version="1.0" encoding="utf-8"?>
<Dataset xsi:schemaLocation="http://fgd.gsi.go.jp/spec/2008/FGD_GMLSchema FGD_GMLSchema.xsd"
	xmlns:gml="http://www.opengis.net/gml/3.2"
	xmlns:xsi="http://www.w3.org/2001/XMLSchema-instance"
	xmlns:xlink="http://www.w3.org/1999/xlink"
	xmlns="http://fgd.gsi.go.jp/spec/2008/FGD_GMLSchema"
	gml:id="Dataset1">
  <gml:description>基盤地図情報メタデータ ID=fmdid:21-0701</gml:description>
  <gml:name>基盤地図情報ダウンロードデータ（GML版）</gml:name>
<ElevPt gml:id="K2_4689012090_1">
<fid>46890-12090-i-916</fid>
<lfSpanFr gml:id="K2_4689012090_1-1">
<gml:timePosition>2020-10-29</gml:timePosition>
</lfSpanFr>
<devDate gml:id="K2_4689012090_1-2">
<gml:timePosition>2021-06-03</gml:timePosition>
</devDate>
<orgGILvl>25000</orgGILvl>
<vis>表示</vis>
<pos>
<gml:Point gml:id="K2_4689012090_1-g" srsName="fguuid:jgd2011.bl">
<gml:pos>33.589858611 130.254889167</gml:pos>
</gml:Point>
</pos>
<type>標高点（測点）</type>
<alti>1</alti>
</ElevPt>
<ElevPt gml:id="K2_4689012090_2">
<fid>46890-12090-i-917</fid>
<lfSpanFr gml:id="K2_4689012090_2-1">
<gml:timePosition>2020-10-29</gml:timePosition>
</lfSpanFr>
<devDate gml:id="K2_4689012090_2-2">
<gml:timePosition>2021-06-03</gml:timePosition>
</devDate>
<orgGILvl>25000</orgGILvl>
<vis>表示</vis>
<pos>
<gml:Point gml:id="K2_4689012090_2-g" srsName="fguuid:jgd2011.bl">
<gml:pos>33.584408949 130.251635188</gml:pos>
</gml:Point>
</pos>
<type>標高点（測点）</type>
<alti>2</alti>
</ElevPt>
<ElevPt gml:id="K2_4689012090_3">
<fid>46890-12090-i-918</fid>
<lfSpanFr gml:id="K2_4689012090_3-1">
<gml:timePosition>2020-10-29</gml:timePosition>
</lfSpanFr>
<devDate gml:id="K2_4689012090_3-2">
<gml:timePosition>2021-06-03</gml:timePosition>
</devDate>
<orgGILvl>25000</orgGILvl>
<vis>表示</vis>
<pos>
<gml:Point gml:id="K2_4689012090_3-g" srsName="fguuid:jgd2011.bl">
<gml:pos>33.587161872 130.254285524</gml:pos>
</gml:Point>
</pos>
<type>標高点（測点）</type>
<alti>1</alti>
</ElevPt>
<ElevPt gml:id="K2_4689012096_1">
<fid>46890-12096-i-1594</fid>
<lfSpanFr gml:id="K2_4689012096_1-1">
<gml:timePosition>2020-10-29</gml:timePosition>
</lfSpanFr>
<devDate gml:id="K2_4689012096_1-2">
<gml:timePosition>2021-06-03</gml:timePosition>
</devDate>
<orgGILvl>25000</orgGILvl>
<vis>表示</vis>
<pos>
<gml:Point gml:id="K2_4689012096_1-g" srsName="fguuid:jgd2011.bl">
<gml:pos>33.605031394 130.254562645</gml:pos>
</gml:Point>
</pos>
<type>標高点（測点）</type>
<alti>3</alti>
</ElevPt>
<ElevPt gml:id="K2_4689312096_1">
<fid>46893-12096-i-2457</fid>
<lfSpanFr gml:id="K2_4689312096_1-1">
<gml:timePosition>2020-10-29</gml:timePosition>
</lfSpanFr>
<devDate gml:id="K2_4689312096_1-2">
<gml:timePosition>2021-06-03</gml:timePosition>
</devDate>
<orgGILvl>25000</orgGILvl>
<vis>表示</vis>
<pos>
<gml:Point gml:id="K2_4689312096_1-g" srsName="fguuid:jgd2011.bl">
<gml:pos>33.606536667 130.259243611</gml:pos>
</gml:Point>
</pos>
<type>標高点（測点）</type>
<alti>10</alti>
</ElevPt>
<ElevPt gml:id="K2_4689612096_1">
<fid>46896-12096-i-1774</fid>
<lfSpanFr gml:id="K2_4689612096_1-1">
<gml:timePosition>2020-10-29</gml:timePosition>
</lfSpanFr>
<devDate gml:id="K2_4689612096_1-2">
<gml:timePosition>2021-06-03</gml:timePosition>
</devDate>
<orgGILvl>25000</orgGILvl>
<vis>表示</vis>
<pos>
<gml:Point gml:id="K2_4689612096_1-g" srsName="fguuid:jgd2011.bl">
<gml:pos>33.604570556 130.271004167</gml:pos>
</gml:Point>
</pos>
<type>標高点（測点）</type>
<alti>43</alti>
</ElevPt>
<ElevPt gml:id="K2_4689612099_1">
<fid>46896-12099-i-798</fid>
<lfSpanFr gml:id="K2_4689612099_1-1">
<gml:timePosition>2018-08-06</gml:timePosition>
</lfSpanFr>
<devDate gml:id="K2_4689612099_1-2">
<gml:timePosition>2021-06-03</gml:timePosition>
</devDate>
<orgGILvl>25000</orgGILvl>
<vis>表示</vis>
<pos>
<gml:Point gml:id="K2_4689612099_1-g" srsName="fguuid:jgd2011.bl">
<gml:pos>33.609869722 130.267071667</gml:pos>
</gml:Point>
</pos>
<type>標高点（測点）</type>
<alti>177</alti>
</ElevPt>
<ElevPt gml:id="K2_4689912096_1">
<fid>46899-12096-i-680</fid>
<lfSpanFr gml:id="K2_4689912096_1-1">
<gml:timePosition>2018-08-06</gml:timePosition>
</lfSpanFr>
<devDate gml:id="K2_4689912096_1-2">
<gml:timePosition>2021-06-03</gml:timePosition>
</devDate>
<orgGILvl>25000</orgGILvl>
<vis>表示</vis>
<pos>
<gml:Point gml:id="K2_4689912096_1-g" srsName="fguuid:jgd2011.bl">
<gml:pos>33.607948889 130.277505278</gml:pos>
</gml:Point>
</pos>
<type>標高点（測点）</type>
<alti>11</alti>
</ElevPt>
<ElevPt gml:id="K2_4690212105_1">
<fid>46902-12105-i-9</fid>
<lfSpanFr gml:id="K2_4690212105_1-1">
<gml:timePosition>2020-10-29</gml:timePosition>
</lfSpanFr>
<devDate gml:id="K2_4690212105_1-2">
<gml:timePosition>2021-06-03</gml:timePosition>
</devDate>
<orgGILvl>25000</orgGILvl>
<vis>表示</vis>
<pos>
<gml:Point gml:id="K2_4690212105_1-g" srsName="fguuid:jgd2011.bl">
<gml:pos>33.629980833 130.290608333</gml:pos>
</gml:Point>
</pos>
<type>標高点（測点）</type>
<alti>16</alti>
</ElevPt>
<ElevPt gml:id="K2_4690512102_1">
<fid>46905-12102-i-513</fid>
<lfSpanFr gml:id="K2_4690512102_1-1">
<gml:timePosition>2018-08-06</gml:timePosition>
</lfSpanFr>
<devDate gml:id="K2_4690512102_1-2">
<gml:timePosition>2021-06-03</gml:timePosition>
</devDate>
<orgGILvl>25000</orgGILvl>
<vis>表示</vis>
<pos>
<gml:Point gml:id="K2_4690512102_1-g" srsName="fguuid:jgd2011.bl">
<gml:pos>33.616893333 130.299087778</gml:pos>
</gml:Point>
</pos>
<type>標高点（測点）</type>
<alti>156</alti>
</ElevPt>
<ElevPt gml:id="K2_4690512117_1">
<fid>46905-12117-i-972</fid>
<lfSpanFr gml:id="K2_4690512117_1-1">
<gml:timePosition>2020-10-29</gml:timePosition>
</lfSpanFr>
<devDate gml:id="K2_4690512117_1-2">
<gml:timePosition>2021-06-03</gml:timePosition>
</devDate>
<orgGILvl>25000</orgGILvl>
<vis>表示</vis>
<pos>
<gml:Point gml:id="K2_4690512117_1-g" srsName="fguuid:jgd2011.bl">
<gml:pos>33.665619722 130.296840278</gml:pos>
</gml:Point>
</pos>
<type>標高点（測点）</type>
<alti>41</alti>
</ElevPt>
<ElevPt gml:id="K2_4690812099_1">
<fid>46908-12099-i-1563</fid>
<lfSpanFr gml:id="K2_4690812099_1-1">
<gml:timePosition>2020-10-29</gml:timePosition>
</lfSpanFr>
<devDate gml:id="K2_4690812099_1-2">
<gml:timePosition>2021-06-03</gml:timePosition>
</devDate>
<orgGILvl>25000</orgGILvl>
<vis>表示</vis>
<pos>
<gml:Point gml:id="K2_4690812099_1-g" srsName="fguuid:jgd2011.bl">
<gml:pos>33.609806549 130.305754270</gml:pos>
</gml:Point>
</pos>
<type>標高点（測点）</type>
<alti>4</alti>
</ElevPt>
<ElevPt gml:id="K2_4690812105_1">
<fid>46908-12105-i-1707</fid>
<lfSpanFr gml:id="K2_4690812105_1-1">
<gml:timePosition>2020-10-29</gml:timePosition>
</lfSpanFr>
<devDate gml:id="K2_4690812105_1-2">
<gml:timePosition>2021-06-03</gml:timePosition>
</devDate>
<orgGILvl>25000</orgGILvl>
<vis>表示</vis>
<pos>
<gml:Point gml:id="K2_4690812105_1-g" srsName="fguuid:jgd2011.bl">
<gml:pos>33.628547500 130.301293333</gml:pos>
</gml:Point>
</pos>
<type>標高点（測点）</type>
<alti>133</alti>
</ElevPt>
<ElevPt gml:id="K2_4690812108_1">
<fid>46908-12108-i-1317</fid>
<lfSpanFr gml:id="K2_4690812108_1-1">
<gml:timePosition>2020-10-29</gml:timePosition>
</lfSpanFr>
<devDate gml:id="K2_4690812108_1-2">
<gml:timePosition>2021-06-03</gml:timePosition>
</devDate>
<orgGILvl>25000</orgGILvl>
<vis>表示</vis>
<pos>
<gml:Point gml:id="K2_4690812108_1-g" srsName="fguuid:jgd2011.bl">
<gml:pos>33.633702222 130.300602222</gml:pos>
</gml:Point>
</pos>
<type>標高点（測点）</type>
<alti>118</alti>
</ElevPt>
<ElevPt gml:id="K2_4690812117_1">
<fid>46908-12117-i-1226</fid>
<lfSpanFr gml:id="K2_4690812117_1-1">
<gml:timePosition>2020-10-29</gml:timePosition>
</lfSpanFr>
<devDate gml:id="K2_4690812117_1-2">
<gml:timePosition>2021-06-03</gml:timePosition>
</devDate>
<orgGILvl>25000</orgGILvl>
<vis>表示</vis>
<pos>
<gml:Point gml:id="K2_4690812117_1-g" srsName="fguuid:jgd2011.bl">
<gml:pos>33.662965278 130.303086944</gml:pos>
</gml:Point>
</pos>
<type>標高点（測点）</type>
<alti>128</alti>
</ElevPt>
<ElevPt gml:id="K2_4691112090_1">
<fid>46911-12090-i-4212</fid>
<lfSpanFr gml:id="K2_4691112090_1-1">
<gml:timePosition>2020-10-29</gml:timePosition>
</lfSpanFr>
<devDate gml:id="K2_4691112090_1-2">
<gml:timePosition>2021-06-03</gml:timePosition>
</devDate>
<orgGILvl>25000</orgGILvl>
<vis>表示</vis>
<pos>
<gml:Point gml:id="K2_4691112090_1-g" srsName="fguuid:jgd2011.bl">
<gml:pos>33.589069268 130.315216161</gml:pos>
</gml:Point>
</pos>
<type>標高点（測点）</type>
<alti>2</alti>
</ElevPt>
<ElevPt gml:id="K2_4691112090_2">
<fid>46911-12090-i-4213</fid>
<lfSpanFr gml:id="K2_4691112090_2-1">
<gml:timePosition>2020-10-29</gml:timePosition>
</lfSpanFr>
<devDate gml:id="K2_4691112090_2-2">
<gml:timePosition>2021-06-03</gml:timePosition>
</devDate>
<orgGILvl>25000</orgGILvl>
<vis>表示</vis>
<pos>
<gml:Point gml:id="K2_4691112090_2-g" srsName="fguuid:jgd2011.bl">
<gml:pos>33.585431951 130.312880030</gml:pos>
</gml:Point>
</pos>
<type>標高点（測点）</type>
<alti>2</alti>
</ElevPt>
<ElevPt gml:id="K2_4691112099_1">
<fid>46911-12099-i-1721</fid>
<lfSpanFr gml:id="K2_4691112099_1-1">
<gml:timePosition>2020-10-29</gml:timePosition>
</lfSpanFr>
<devDate gml:id="K2_4691112099_1-2">
<gml:timePosition>2021-06-03</gml:timePosition>
</devDate>
<orgGILvl>25000</orgGILvl>
<vis>表示</vis>
<pos>
<gml:Point gml:id="K2_4691112099_1-g" srsName="fguuid:jgd2011.bl">
<gml:pos>33.616282222 130.310768889</gml:pos>
</gml:Point>
</pos>
<type>標高点（測点）</type>
<alti>44</alti>
</ElevPt>
<ElevPt gml:id="K2_4691112102_1">
<fid>46911-12102-i-1478</fid>
<lfSpanFr gml:id="K2_4691112102_1-1">
<gml:timePosition>2020-10-29</gml:timePosition>
</lfSpanFr>
<devDate gml:id="K2_4691112102_1-2">
<gml:timePosition>2021-06-03</gml:timePosition>
</devDate>
<orgGILvl>25000</orgGILvl>
<vis>表示</vis>
<pos>
<gml:Point gml:id="K2_4691112102_1-g" srsName="fguuid:jgd2011.bl">
<gml:pos>33.622448333 130.309267222</gml:pos>
</gml:Point>
</pos>
<type>標高点（測点）</type>
<alti>172</alti>
</ElevPt>
<ElevPt gml:id="K2_4691112117_1">
<fid>46911-12117-i-1584</fid>
<lfSpanFr gml:id="K2_4691112117_1-1">
<gml:timePosition>2018-08-06</gml:timePosition>
</lfSpanFr>
<devDate gml:id="K2_4691112117_1-2">
<gml:timePosition>2021-06-03</gml:timePosition>
</devDate>
<orgGILvl>25000</orgGILvl>
<vis>表示</vis>
<pos>
<gml:Point gml:id="K2_4691112117_1-g" srsName="fguuid:jgd2011.bl">
<gml:pos>33.666397778 130.310515833</gml:pos>
</gml:Point>
</pos>
<type>標高点（測点）</type>
<alti>102</alti>
</ElevPt>
<ElevPt gml:id="K2_4691412093_1">
<fid>46914-12093-i-1538</fid>
<lfSpanFr gml:id="K2_4691412093_1-1">
<gml:timePosition>2020-10-29</gml:timePosition>
</lfSpanFr>
<devDate gml:id="K2_4691412093_1-2">
<gml:timePosition>2021-06-03</gml:timePosition>
</devDate>
<orgGILvl>25000</orgGILvl>
<vis>表示</vis>
<pos>
<gml:Point gml:id="K2_4691412093_1-g" srsName="fguuid:jgd2011.bl">
<gml:pos>33.593273056 130.317945556</gml:pos>
</gml:Point>
</pos>
<type>標高点（測点）</type>
<alti>22</alti>
</ElevPt>
<ElevPt gml:id="K2_4691712114_1">
<fid>46917-12114-i-773</fid>
<lfSpanFr gml:id="K2_4691712114_1-1">
<gml:timePosition>2020-10-29</gml:timePosition>
</lfSpanFr>
<devDate gml:id="K2_4691712114_1-2">
<gml:timePosition>2021-06-03</gml:timePosition>
</devDate>
<orgGILvl>25000</orgGILvl>
<vis>表示</vis>
<pos>
<gml:Point gml:id="K2_4691712114_1-g" srsName="fguuid:jgd2011.bl">
<gml:pos>33.652511389 130.333214722</gml:pos>
</gml:Point>
</pos>
<type>標高点（測点）</type>
<alti>21</alti>
</ElevPt>
<ElevPt gml:id="K2_4692012090_1">
<fid>46920-12090-i-8827</fid>
<lfSpanFr gml:id="K2_4692012090_1-1">
<gml:timePosition>2020-10-29</gml:timePosition>
</lfSpanFr>
<devDate gml:id="K2_4692012090_1-2">
<gml:timePosition>2021-06-03</gml:timePosition>
</devDate>
<orgGILvl>25000</orgGILvl>
<vis>表示</vis>
<pos>
<gml:Point gml:id="K2_4692012090_1-g" srsName="fguuid:jgd2011.bl">
<gml:pos>33.585681667 130.334693889</gml:pos>
</gml:Point>
</pos>
<type>標高点（測点）</type>
<alti>68</alti>
</ElevPt>
<ElevPt gml:id="K2_4692012090_2">
<fid>46920-12090-i-8828</fid>
<lfSpanFr gml:id="K2_4692012090_2-1">
<gml:timePosition>2020-10-29</gml:timePosition>
</lfSpanFr>
<devDate gml:id="K2_4692012090_2-2">
<gml:timePosition>2021-06-03</gml:timePosition>
</devDate>
<orgGILvl>25000</orgGILvl>
<vis>表示</vis>
<pos>
<gml:Point gml:id="K2_4692012090_2-g" srsName="fguuid:jgd2011.bl">
<gml:pos>33.587557152 130.340615940</gml:pos>
</gml:Point>
</pos>
<type>標高点（測点）</type>
<alti>3</alti>
</ElevPt>
<ElevPt gml:id="K2_4692012093_1">
<fid>46920-12093-i-3107</fid>
<lfSpanFr gml:id="K2_4692012093_1-1">
<gml:timePosition>2020-10-29</gml:timePosition>
</lfSpanFr>
<devDate gml:id="K2_4692012093_1-2">
<gml:timePosition>2021-06-03</gml:timePosition>
</devDate>
<orgGILvl>25000</orgGILvl>
<vis>表示</vis>
<pos>
<gml:Point gml:id="K2_4692012093_1-g" srsName="fguuid:jgd2011.bl">
<gml:pos>33.592292012 130.340750848</gml:pos>
</gml:Point>
</pos>
<type>標高点（測点）</type>
<alti>2</alti>
</ElevPt>
<ElevPt gml:id="K2_4692012114_1">
<fid>46920-12114-i-1295</fid>
<lfSpanFr gml:id="K2_4692012114_1-1">
<gml:timePosition>2020-10-29</gml:timePosition>
</lfSpanFr>
<devDate gml:id="K2_4692012114_1-2">
<gml:timePosition>2021-06-03</gml:timePosition>
</devDate>
<orgGILvl>25000</orgGILvl>
<vis>表示</vis>
<pos>
<gml:Point gml:id="K2_4692012114_1-g" srsName="fguuid:jgd2011.bl">
<gml:pos>33.656316389 130.335520833</gml:pos>
</gml:Point>
</pos>
<type>標高点（測点）</type>
<alti>41</alti>
</ElevPt>
<ElevPt gml:id="K2_4692312090_1">
<fid>46923-12090-i-5760</fid>
<lfSpanFr gml:id="K2_4692312090_1-1">
<gml:timePosition>2020-10-29</gml:timePosition>
</lfSpanFr>
<devDate gml:id="K2_4692312090_1-2">
<gml:timePosition>2021-06-03</gml:timePosition>
</devDate>
<orgGILvl>25000</orgGILvl>
<pos>
<gml:Point gml:id="K2_4692312090_1-g" srsName="fguuid:jgd2011.bl">
<gml:pos>33.584473319 130.348332922</gml:pos>
</gml:Point>
</pos>
<type>標高点（測点）</type>
<alti>4</alti>
</ElevPt>
<ElevPt gml:id="K2_4692612090_1">
<fid>46926-12090-i-4728</fid>
<lfSpanFr gml:id="K2_4692612090_1-1">
<gml:timePosition>2020-10-29</gml:timePosition>
</lfSpanFr>
<devDate gml:id="K2_4692612090_1-2">
<gml:timePosition>2021-06-03</gml:timePosition>
</devDate>
<orgGILvl>25000</orgGILvl>
<vis>表示</vis>
<pos>
<gml:Point gml:id="K2_4692612090_1-g" srsName="fguuid:jgd2011.bl">
<gml:pos>33.591602476 130.350026449</gml:pos>
</gml:Point>
</pos>
<type>標高点（測点）</type>
<alti>3</alti>
</ElevPt>
<ElevPt gml:id="K2_4692612090_2">
<fid>46926-12090-i-5829</fid>
<lfSpanFr gml:id="K2_4692612090_2-1">
<gml:timePosition>2020-10-29</gml:timePosition>
</lfSpanFr>
<devDate gml:id="K2_4692612090_2-2">
<gml:timePosition>2021-06-03</gml:timePosition>
</devDate>
<orgGILvl>25000</orgGILvl>
<vis>表示</vis>
<pos>
<gml:Point gml:id="K2_4692612090_2-g" srsName="fguuid:jgd2011.bl">
<gml:pos>33.588153059 130.356082299</gml:pos>
</gml:Point>
</pos>
<type>標高点（測点）</type>
<alti>3</alti>
</ElevPt>
<ElevPt gml:id="K2_4692612114_1">
<fid>46926-12114-i-567</fid>
<lfSpanFr gml:id="K2_4692612114_1-1">
<gml:timePosition>2018-08-06</gml:timePosition>
</lfSpanFr>
<devDate gml:id="K2_4692612114_1-2">
<gml:timePosition>2021-06-03</gml:timePosition>
</devDate>
<orgGILvl>25000</orgGILvl>
<vis>表示</vis>
<pos>
<gml:Point gml:id="K2_4692612114_1-g" srsName="fguuid:jgd2011.bl">
<gml:pos>33.650326885 130.350751753</gml:pos>
</gml:Point>
</pos>
<type>標高点（測点）</type>
<alti>1</alti>
</ElevPt>
<ElevPt gml:id="K2_4692612117_1">
<fid>46926-12117-i-2326</fid>
<lfSpanFr gml:id="K2_4692612117_1-1">
<gml:timePosition>2020-10-29</gml:timePosition>
</lfSpanFr>
<devDate gml:id="K2_4692612117_1-2">
<gml:timePosition>2021-06-03</gml:timePosition>
</devDate>
<orgGILvl>25000</orgGILvl>
<vis>表示</vis>
<pos>
<gml:Point gml:id="K2_4692612117_1-g" srsName="fguuid:jgd2011.bl">
<gml:pos>33.662331944 130.356351389</gml:pos>
</gml:Point>
</pos>
<type>標高点（測点）</type>
<alti>15</alti>
</ElevPt>
<ElevPt gml:id="K2_4692612117_2">
<fid>46926-12117-i-2327</fid>
<lfSpanFr gml:id="K2_4692612117_2-1">
<gml:timePosition>2020-10-29</gml:timePosition>
</lfSpanFr>
<devDate gml:id="K2_4692612117_2-2">
<gml:timePosition>2021-06-03</gml:timePosition>
</devDate>
<orgGILvl>25000</orgGILvl>
<vis>表示</vis>
<pos>
<gml:Point gml:id="K2_4692612117_2-g" srsName="fguuid:jgd2011.bl">
<gml:pos>33.664798056 130.353280278</gml:pos>
</gml:Point>
</pos>
<type>標高点（測点）</type>
<alti>12</alti>
</ElevPt>
<ElevPt gml:id="K2_4692912090_1">
<fid>46929-12090-i-11131</fid>
<lfSpanFr gml:id="K2_4692912090_1-1">
<gml:timePosition>2020-10-29</gml:timePosition>
</lfSpanFr>
<devDate gml:id="K2_4692912090_1-2">
<gml:timePosition>2021-06-03</gml:timePosition>
</devDate>
<orgGILvl>25000</orgGILvl>
<vis>表示</vis>
<pos>
<gml:Point gml:id="K2_4692912090_1-g" srsName="fguuid:jgd2011.bl">
<gml:pos>33.583490417 130.359108806</gml:pos>
</gml:Point>
</pos>
<type>標高点（測点）</type>
<alti>7</alti>
</ElevPt>
<ElevPt gml:id="K2_4692912093_1">
<fid>46929-12093-i-3237</fid>
<lfSpanFr gml:id="K2_4692912093_1-1">
<gml:timePosition>2020-10-29</gml:timePosition>
</lfSpanFr>
<devDate gml:id="K2_4692912093_1-2">
<gml:timePosition>2021-06-03</gml:timePosition>
</devDate>
<orgGILvl>25000</orgGILvl>
<vis>表示</vis>
<pos>
<gml:Point gml:id="K2_4692912093_1-g" srsName="fguuid:jgd2011.bl">
<gml:pos>33.593794487 130.359194806</gml:pos>
</gml:Point>
</pos>
<type>標高点（測点）</type>
<alti>4</alti>
</ElevPt>
<ElevPt gml:id="K2_4692912117_1">
<fid>46929-12117-i-866</fid>
<lfSpanFr gml:id="K2_4692912117_1-1">
<gml:timePosition>2018-08-06</gml:timePosition>
</lfSpanFr>
<devDate gml:id="K2_4692912117_1-2">
<gml:timePosition>2021-06-03</gml:timePosition>
</devDate>
<orgGILvl>25000</orgGILvl>
<vis>表示</vis>
<pos>
<gml:Point gml:id="K2_4692912117_1-g" srsName="fguuid:jgd2011.bl">
<gml:pos>33.661635608 130.362366942</gml:pos>
</gml:Point>
</pos>
<type>標高点（測点）</type>
<alti>2</alti>
</ElevPt>
<ElevPt gml:id="K2_4693212090_1">
<fid>46932-12090-i-13132</fid>
<lfSpanFr gml:id="K2_4693212090_1-1">
<gml:timePosition>2020-10-29</gml:timePosition>
</lfSpanFr>
<devDate gml:id="K2_4693212090_1-2">
<gml:timePosition>2021-06-03</gml:timePosition>
</devDate>
<orgGILvl>25000</orgGILvl>
<vis>表示</vis>
<pos>
<gml:Point gml:id="K2_4693212090_1-g" srsName="fguuid:jgd2011.bl">
<gml:pos>33.589932785 130.369408211</gml:pos>
</gml:Point>
</pos>
<type>標高点（測点）</type>
<alti>4</alti>
</ElevPt>
<ElevPt gml:id="K2_4693212093_1">
<fid>46932-12093-i-6934</fid>
<lfSpanFr gml:id="K2_4693212093_1-1">
<gml:timePosition>2020-10-29</gml:timePosition>
</lfSpanFr>
<devDate gml:id="K2_4693212093_1-2">
<gml:timePosition>2021-06-03</gml:timePosition>
</devDate>
<orgGILvl>25000</orgGILvl>
<vis>表示</vis>
<pos>
<gml:Point gml:id="K2_4693212093_1-g" srsName="fguuid:jgd2011.bl">
<gml:pos>33.598026467 130.369173105</gml:pos>
</gml:Point>
</pos>
<type>標高点（測点）</type>
<alti>3</alti>
</ElevPt>
<ElevPt gml:id="K2_4693212096_1">
<fid>46932-12096-i-1350</fid>
<lfSpanFr gml:id="K2_4693212096_1-1">
<gml:timePosition>2018-08-06</gml:timePosition>
</lfSpanFr>
<devDate gml:id="K2_4693212096_1-2">
<gml:timePosition>2021-06-03</gml:timePosition>
</devDate>
<orgGILvl>25000</orgGILvl>
<vis>表示</vis>
<pos>
<gml:Point gml:id="K2_4693212096_1-g" srsName="fguuid:jgd2011.bl">
<gml:pos>33.606149722 130.366825278</gml:pos>
</gml:Point>
</pos>
<type>標高点（測点）</type>
<alti>17</alti>
</ElevPt>
</Dataset>
