<?xml version="1.0" encoding="utf-8"?>
<Dataset xsi:schemaLocation="http://fgd.gsi.go.jp/spec/2008/FGD_GMLSchema FGD_GMLSchema.xsd"
	xmlns:gml="http://www.opengis.net/gml/3.2"
	xmlns:xsi="http://www.w3.org/2001/XMLSchema-instance"
	xmlns:xlink="http://www.w3.org/1999/xlink"
	xmlns="http://fgd.gsi.go.jp/spec/2008/FGD_GMLSchema"
	gml:id="Dataset1">
  <gml:description>基盤地図情報メタデータ ID=fmdid:21-0701</gml:description>
  <gml:name>基盤地図情報ダウンロードデータ（GML版）</gml:name>
<AdmPt gml:id="K6_4689612093_1">
<fid>46896-12093-i-1759</fid>
<lfSpanFr gml:id="K6_4689612093_1-1">
<gml:timePosition>2020-10-29</gml:timePosition>
</lfSpanFr>
<devDate gml:id="K6_4689612093_1-2">
<gml:timePosition>2021-06-03</gml:timePosition>
</devDate>
<orgGILvl>25000</orgGILvl>
<vis>非表示</vis>
<pos>
<gml:Point gml:id="K6_4689612093_1-g" srsName="fguuid:jgd2011.bl">
<gml:pos>33.598485834 130.268055438</gml:pos>
</gml:Point>
</pos>
<type>町村・指定都市の区</type>
<name>福岡市西区</name>
<admCode>40135</admCode>
</AdmPt>
<AdmPt gml:id="K6_4690812102_1">
<fid>46908-12102-i-911</fid>
<lfSpanFr gml:id="K6_4690812102_1-1">
<gml:timePosition>2020-10-29</gml:timePosition>
</lfSpanFr>
<devDate gml:id="K6_4690812102_1-2">
<gml:timePosition>2021-06-03</gml:timePosition>
</devDate>
<orgGILvl>25000</orgGILvl>
<vis>非表示</vis>
<pos>
<gml:Point gml:id="K6_4690812102_1-g" srsName="fguuid:jgd2011.bl">
<gml:pos>33.622494736 130.305895625</gml:pos>
</gml:Point>
</pos>
<type>町村・指定都市の区</type>
<name>福岡市西区</name>
<admCode>40135</admCode>
</AdmPt>
<AdmPt gml:id="K6_4691712090_1">
<fid>46917-12090-i-7393</fid>
<lfSpanFr gml:id="K6_4691712090_1-1">
<gml:timePosition>2020-10-29</gml:timePosition>
</lfSpanFr>
<devDate gml:id="K6_4691712090_1-2">
<gml:timePosition>2021-06-03</gml:timePosition>
</devDate>
<orgGILvl>25000</orgGILvl>
<vis>非表示</vis>
<pos>
<gml:Point gml:id="K6_4691712090_1-g" srsName="fguuid:jgd2011.bl">
<gml:pos>33.591481066 130.327728508</gml:pos>
</gml:Point>
</pos>
<type>町村・指定都市の区</type>
<name>福岡市西区</name>
<admCode>40135</admCode>
</AdmPt>
<AdmPt gml:id="K6_4692312114_1">
<fid>46923-12114-i-942</fid>
<lfSpanFr gml:id="K6_4692312114_1-1">
<gml:timePosition>2020-10-29</gml:timePosition>
</lfSpanFr>
<devDate gml:id="K6_4692312114_1-2">
<gml:timePosition>2021-06-03</gml:timePosition>
</devDate>
<orgGILvl>25000</orgGILvl>
<vis>非表示</vis>
<pos>
<gml:Point gml:id="K6_4692312114_1-g" srsName="fguuid:jgd2011.bl">
<gml:pos>33.654854948 130.344734763</gml:pos>
</gml:Point>
</pos>
<type>町村・指定都市の区</type>
<name>福岡市東区</name>
<admCode>40131</admCode>
</AdmPt>
<AdmPt gml:id="K6_4692612090_1">
<fid>46926-12090-i-5799</fid>
<lfSpanFr gml:id="K6_4692612090_1-1">
<gml:timePosition>2020-10-29</gml:timePosition>
</lfSpanFr>
<devDate gml:id="K6_4692612090_1-2">
<gml:timePosition>2021-06-03</gml:timePosition>
</devDate>
<orgGILvl>25000</orgGILvl>
<vis>非表示</vis>
<pos>
<gml:Point gml:id="K6_4692612090_1-g" srsName="fguuid:jgd2011.bl">
<gml:pos>33.590282994 130.351674391</gml:pos>
</gml:Point>
</pos>
<type>町村・指定都市の区</type>
<name>福岡市早良区</name>
<admCode>40137</admCode>
</AdmPt>
<AdmPt gml:id="K6_4692912093_1">
<fid>46929-12093-i-3963</fid>
<lfSpanFr gml:id="K6_4692912093_1-1">
<gml:timePosition>2020-10-29</gml:timePosition>
</lfSpanFr>
<devDate gml:id="K6_4692912093_1-2">
<gml:timePosition>2021-06-03</gml:timePosition>
</devDate>
<orgGILvl>25000</orgGILvl>
<vis>非表示</vis>
<pos>
<gml:Point gml:id="K6_4692912093_1-g" srsName="fguuid:jgd2011.bl">
<gml:pos>33.594215972 130.366399115</gml:pos>
</gml:Point>
</pos>
<type>町村・指定都市の区</type>
<name>福岡市中央区</name>
<admCode>40133</admCode>
</AdmPt>
</Dataset>
