<?xml version="1.0" encoding="utf-8"?>
<Dataset xsi:schemaLocation="http://fgd.gsi.go.jp/spec/2008/FGD_GMLSchema FGD_GMLSchema.xsd"
	xmlns:gml="http://www.opengis.net/gml/3.2"
	xmlns:xsi="http://www.w3.org/2001/XMLSchema-instance"
	xmlns:xlink="http://www.w3.org/1999/xlink"
	xmlns="http://fgd.gsi.go.jp/spec/2008/FGD_GMLSchema"
	gml:id="Dataset1">
  <gml:description>基盤地図情報メタデータ ID=fmdid:21-0101</gml:description>
  <gml:name>基盤地図情報ダウンロードデータ（GML版）</gml:name>
<GCP gml:id="K1_503025_1">
<fid>10-00100-0-2011-212</fid>
<lfSpanFr gml:id="K1_503025_1-1">
<gml:timePosition>2020-11-11</gml:timePosition>
</lfSpanFr>
<devDate gml:id="K1_503025_1-2">
<gml:timePosition>2020-12-07</gml:timePosition>
</devDate>
<orgGILvl>KJ10</orgGILvl>
<vis>表示</vis>
<pos>
<gml:Point gml:id="K1_503025_1-g" srsName="fguuid:jgd2011.bl">
<gml:pos>33.579769611 130.675664194</gml:pos>
</gml:Point>
</pos>
<orgName>国土地理院</orgName>
<type>電子基準点</type>
<gcpClass>電子基準点</gcpClass>
<gcpCode>EL05030259402</gcpCode>
<name>桂川</name>
<B>120887.1706</B>
<L>470432.3911</L>
<alti>44.335</alti>
<altiAcc>3</altiAcc>
</GCP>
<GCP gml:id="K1_503025_2">
<fid>10-00100-0-2011-1523</fid>
<lfSpanFr gml:id="K1_503025_2-1">
<gml:timePosition>2020-11-11</gml:timePosition>
</lfSpanFr>
<devDate gml:id="K1_503025_2-2">
<gml:timePosition>2020-12-07</gml:timePosition>
</devDate>
<orgGILvl>KJ10</orgGILvl>
<vis>表示</vis>
<pos>
<gml:Point gml:id="K1_503025_2-g" srsName="fguuid:jgd2011.bl">
<gml:pos>33.579775556 130.675663028</gml:pos>
</gml:Point>
</pos>
<orgName>国土地理院</orgName>
<type>電子基準点</type>
<gcpClass>電子基準点</gcpClass>
<gcpCode>EL15030259401</gcpCode>
<name>桂川（付）</name>
<B>120887.192</B>
<L>470432.3869</L>
<alti>39.978</alti>
<altiAcc>3</altiAcc>
</GCP>
<GCP gml:id="K1_503025_3">
<fid>10-00100-0-2011-13511</fid>
<lfSpanFr gml:id="K1_503025_3-1">
<gml:timePosition>2020-11-11</gml:timePosition>
</lfSpanFr>
<devDate gml:id="K1_503025_3-2">
<gml:timePosition>2020-12-07</gml:timePosition>
</devDate>
<orgGILvl>SJ12</orgGILvl>
<vis>表示</vis>
<pos>
<gml:Point gml:id="K1_503025_3-g" srsName="fguuid:jgd2011.bl">
<gml:pos>33.575574444 130.747587944</gml:pos>
</gml:Point>
</pos>
<orgName>国土地理院</orgName>
<type>水準点</type>
<gcpClass>二等水準点</gcpClass>
<gcpCode>L020000002425</gcpCode>
<name>２４２５</name>
<B>120872.068</B>
<L>470691.3166</L>
<alti>31.732</alti>
<altiAcc>3</altiAcc>
</GCP>
<GCP gml:id="K1_503025_4">
<fid>10-00100-0-2011-13512</fid>
<lfSpanFr gml:id="K1_503025_4-1">
<gml:timePosition>2020-11-11</gml:timePosition>
</lfSpanFr>
<devDate gml:id="K1_503025_4-2">
<gml:timePosition>2020-12-07</gml:timePosition>
</devDate>
<orgGILvl>SJ12</orgGILvl>
<vis>表示</vis>
<pos>
<gml:Point gml:id="K1_503025_4-g" srsName="fguuid:jgd2011.bl">
<gml:pos>33.576535861 130.669359611</gml:pos>
</gml:Point>
</pos>
<orgName>国土地理院</orgName>
<type>水準点</type>
<gcpClass>二等水準点</gcpClass>
<gcpCode>L020000002429</gcpCode>
<name>２４２９</name>
<B>120875.5291</B>
<L>470409.6946</L>
<alti>38.114</alti>
<altiAcc>3</altiAcc>
</GCP>
<GCP gml:id="K1_503025_5">
<fid>10-00100-0-2011-15327</fid>
<lfSpanFr gml:id="K1_503025_5-1">
<gml:timePosition>2020-11-11</gml:timePosition>
</lfSpanFr>
<devDate gml:id="K1_503025_5-2">
<gml:timePosition>2020-12-07</gml:timePosition>
</devDate>
<orgGILvl>SJ12</orgGILvl>
<vis>表示</vis>
<pos>
<gml:Point gml:id="K1_503025_5-g" srsName="fguuid:jgd2011.bl">
<gml:pos>33.511483333 130.631827778</gml:pos>
</gml:Point>
</pos>
<orgName>国土地理院</orgName>
<type>水準点</type>
<gcpClass>二等水準点</gcpClass>
<gcpCode>L02000200-046</gcpCode>
<name>２００－０４６</name>
<B>120641.34</B>
<L>470274.58</L>
<alti>211.9</alti>
<altiAcc>3</altiAcc>
</GCP>
<GCP gml:id="K1_503025_6">
<fid>10-00100-0-2011-15363</fid>
<lfSpanFr gml:id="K1_503025_6-1">
<gml:timePosition>2020-11-11</gml:timePosition>
</lfSpanFr>
<devDate gml:id="K1_503025_6-2">
<gml:timePosition>2020-12-07</gml:timePosition>
</devDate>
<orgGILvl>SJ12</orgGILvl>
<vis>表示</vis>
<pos>
<gml:Point gml:id="K1_503025_6-g" srsName="fguuid:jgd2011.bl">
<gml:pos>33.553363889 130.738066667</gml:pos>
</gml:Point>
</pos>
<orgName>国土地理院</orgName>
<type>水準点</type>
<gcpClass>二等水準点</gcpClass>
<gcpCode>L02000211-041</gcpCode>
<name>２１１－０４１</name>
<B>120792.11</B>
<L>470657.04</L>
<alti>47.249</alti>
<altiAcc>3</altiAcc>
</GCP>
<GCP gml:id="K1_503025_7">
<fid>10-00100-0-2011-19183</fid>
<lfSpanFr gml:id="K1_503025_7-1">
<gml:timePosition>2020-11-11</gml:timePosition>
</lfSpanFr>
<devDate gml:id="K1_503025_7-2">
<gml:timePosition>2020-12-07</gml:timePosition>
</devDate>
<orgGILvl>SJ12</orgGILvl>
<vis>表示</vis>
<pos>
<gml:Point gml:id="K1_503025_7-g" srsName="fguuid:jgd2011.bl">
<gml:pos>33.579775556 130.675663028</gml:pos>
</gml:Point>
</pos>
<orgName>国土地理院</orgName>
<type>水準点</type>
<gcpClass>二等水準点</gcpClass>
<gcpCode>L0E000021063A</gcpCode>
<name>０２１０６３Ａ</name>
<B>120887.192</B>
<L>470432.3869</L>
<alti>39.978</alti>
<altiAcc>3</altiAcc>
</GCP>
<GCP gml:id="K1_503025_8">
<fid>10-00100-0-2011-21974</fid>
<lfSpanFr gml:id="K1_503025_8-1">
<gml:timePosition>2020-11-11</gml:timePosition>
</lfSpanFr>
<devDate gml:id="K1_503025_8-2">
<gml:timePosition>2020-12-07</gml:timePosition>
</devDate>
<orgGILvl>KJ12</orgGILvl>
<vis>表示</vis>
<pos>
<gml:Point gml:id="K1_503025_8-g" srsName="fguuid:jgd2011.bl">
<gml:pos>33.551694444 130.693987528</gml:pos>
</gml:Point>
</pos>
<orgName>国土地理院</orgName>
<type>三角点</type>
<gcpClass>二等三角点</gcpClass>
<gcpCode>TR25030256501</gcpCode>
<name>長谷山</name>
<B>120786.1</B>
<L>470498.3551</L>
<alti>311.16</alti>
<altiAcc>2</altiAcc>
</GCP>
<GCP gml:id="K1_503025_9">
<fid>10-00100-0-2011-30171</fid>
<lfSpanFr gml:id="K1_503025_9-1">
<gml:timePosition>2020-11-11</gml:timePosition>
</lfSpanFr>
<devDate gml:id="K1_503025_9-2">
<gml:timePosition>2020-12-07</gml:timePosition>
</devDate>
<orgGILvl>KJ13</orgGILvl>
<vis>表示</vis>
<pos>
<gml:Point gml:id="K1_503025_9-g" srsName="fguuid:jgd2011.bl">
<gml:pos>33.505411639 130.684715417</gml:pos>
</gml:Point>
</pos>
<orgName>国土地理院</orgName>
<type>三角点</type>
<gcpClass>三等三角点</gcpClass>
<gcpCode>TR35030250401</gcpCode>
<name>泉河内</name>
<B>120619.4819</B>
<L>470464.9755</L>
<alti>538.42</alti>
<altiAcc>2</altiAcc>
</GCP>
<GCP gml:id="K1_503025_10">
<fid>10-00100-0-2011-30172</fid>
<lfSpanFr gml:id="K1_503025_10-1">
<gml:timePosition>2020-11-11</gml:timePosition>
</lfSpanFr>
<devDate gml:id="K1_503025_10-2">
<gml:timePosition>2020-12-07</gml:timePosition>
</devDate>
<orgGILvl>KJ13</orgGILvl>
<vis>表示</vis>
<pos>
<gml:Point gml:id="K1_503025_10-g" srsName="fguuid:jgd2011.bl">
<gml:pos>33.504670583 130.718732028</gml:pos>
</gml:Point>
</pos>
<orgName>国土地理院</orgName>
<type>三角点</type>
<gcpClass>三等三角点</gcpClass>
<gcpCode>TR35030250701</gcpCode>
<name>柳谷</name>
<B>120616.8141</B>
<L>470587.4353</L>
<alti>473.53</alti>
<altiAcc>2</altiAcc>
</GCP>
<GCP gml:id="K1_503025_11">
<fid>10-00100-0-2011-30173</fid>
<lfSpanFr gml:id="K1_503025_11-1">
<gml:timePosition>2020-11-11</gml:timePosition>
</lfSpanFr>
<devDate gml:id="K1_503025_11-2">
<gml:timePosition>2020-12-07</gml:timePosition>
</devDate>
<orgGILvl>KJ13</orgGILvl>
<vis>表示</vis>
<pos>
<gml:Point gml:id="K1_503025_11-g" srsName="fguuid:jgd2011.bl">
<gml:pos>33.520333583 130.644785472</gml:pos>
</gml:Point>
</pos>
<orgName>国土地理院</orgName>
<type>三角点</type>
<gcpClass>三等三角点</gcpClass>
<gcpCode>TR35030252101</gcpCode>
<name>勝負谷</name>
<B>120673.2009</B>
<L>470321.2277</L>
<alti>395.45</alti>
<altiAcc>2</altiAcc>
</GCP>
<GCP gml:id="K1_503025_12">
<fid>10-00100-0-2011-30174</fid>
<lfSpanFr gml:id="K1_503025_12-1">
<gml:timePosition>2020-11-11</gml:timePosition>
</lfSpanFr>
<devDate gml:id="K1_503025_12-2">
<gml:timePosition>2020-12-07</gml:timePosition>
</devDate>
<orgGILvl>KJ13</orgGILvl>
<vis>表示</vis>
<pos>
<gml:Point gml:id="K1_503025_12-g" srsName="fguuid:jgd2011.bl">
<gml:pos>33.524265028 130.694866056</gml:pos>
</gml:Point>
</pos>
<orgName>国土地理院</orgName>
<type>三角点</type>
<gcpClass>三等三角点</gcpClass>
<gcpCode>TR35030252501</gcpCode>
<name>山ノ内</name>
<B>120687.3541</B>
<L>470501.5178</L>
<alti>278.78</alti>
<altiAcc>2</altiAcc>
</GCP>
<GCP gml:id="K1_503025_13">
<fid>10-00100-0-2011-30175</fid>
<lfSpanFr gml:id="K1_503025_13-1">
<gml:timePosition>2020-11-11</gml:timePosition>
</lfSpanFr>
<devDate gml:id="K1_503025_13-2">
<gml:timePosition>2020-12-07</gml:timePosition>
</devDate>
<orgGILvl>KJ13</orgGILvl>
<vis>表示</vis>
<pos>
<gml:Point gml:id="K1_503025_13-g" srsName="fguuid:jgd2011.bl">
<gml:pos>33.532037111 130.733446028</gml:pos>
</gml:Point>
</pos>
<orgName>国土地理院</orgName>
<type>三角点</type>
<gcpClass>三等三角点</gcpClass>
<gcpCode>TR35030253801</gcpCode>
<name>梅ケ葉山</name>
<B>120715.3336</B>
<L>470640.4057</L>
<alti>175.21</alti>
<altiAcc>2</altiAcc>
</GCP>
<GCP gml:id="K1_503025_14">
<fid>10-00100-0-2011-30176</fid>
<lfSpanFr gml:id="K1_503025_14-1">
<gml:timePosition>2020-11-11</gml:timePosition>
</lfSpanFr>
<devDate gml:id="K1_503025_14-2">
<gml:timePosition>2020-12-07</gml:timePosition>
</devDate>
<orgGILvl>KJ13</orgGILvl>
<vis>表示</vis>
<pos>
<gml:Point gml:id="K1_503025_14-g" srsName="fguuid:jgd2011.bl">
<gml:pos>33.549630917 130.665885250</gml:pos>
</gml:Point>
</pos>
<orgName>国土地理院</orgName>
<type>三角点</type>
<gcpClass>三等三角点</gcpClass>
<gcpCode>TR35030255301</gcpCode>
<name>弥山岳</name>
<B>120778.6713</B>
<L>470397.1869</L>
<alti>377.67</alti>
<altiAcc>2</altiAcc>
</GCP>
<GCP gml:id="K1_503025_15">
<fid>10-00100-0-2011-30177</fid>
<lfSpanFr gml:id="K1_503025_15-1">
<gml:timePosition>2020-11-11</gml:timePosition>
</lfSpanFr>
<devDate gml:id="K1_503025_15-2">
<gml:timePosition>2020-12-07</gml:timePosition>
</devDate>
<orgGILvl>KJ13</orgGILvl>
<vis>表示</vis>
<pos>
<gml:Point gml:id="K1_503025_15-g" srsName="fguuid:jgd2011.bl">
<gml:pos>33.553572222 130.749177639</gml:pos>
</gml:Point>
</pos>
<orgName>国土地理院</orgName>
<type>三角点</type>
<gcpClass>三等三角点</gcpClass>
<gcpCode>TR35030256901</gcpCode>
<name>大隈峠</name>
<B>120792.86</B>
<L>470697.0395</L>
<alti>159.01</alti>
<altiAcc>2</altiAcc>
</GCP>
<GCP gml:id="K1_503025_16">
<fid>10-00100-0-2011-30178</fid>
<lfSpanFr gml:id="K1_503025_16-1">
<gml:timePosition>2020-11-11</gml:timePosition>
</lfSpanFr>
<devDate gml:id="K1_503025_16-2">
<gml:timePosition>2020-12-07</gml:timePosition>
</devDate>
<orgGILvl>KJ13</orgGILvl>
<vis>表示</vis>
<pos>
<gml:Point gml:id="K1_503025_16-g" srsName="fguuid:jgd2011.bl">
<gml:pos>33.572359611 130.648293528</gml:pos>
</gml:Point>
</pos>
<orgName>国土地理院</orgName>
<type>三角点</type>
<gcpClass>三等三角点</gcpClass>
<gcpCode>TR35030258101</gcpCode>
<name>長尾</name>
<B>120860.4946</B>
<L>470333.8567</L>
<alti>60.99</alti>
<altiAcc>2</altiAcc>
</GCP>
<GCP gml:id="K1_503025_17">
<fid>10-00100-0-2011-30179</fid>
<lfSpanFr gml:id="K1_503025_17-1">
<gml:timePosition>2020-11-11</gml:timePosition>
</lfSpanFr>
<devDate gml:id="K1_503025_17-2">
<gml:timePosition>2020-12-07</gml:timePosition>
</devDate>
<orgGILvl>KJ13</orgGILvl>
<vis>表示</vis>
<pos>
<gml:Point gml:id="K1_503025_17-g" srsName="fguuid:jgd2011.bl">
<gml:pos>33.568477222 130.722454889</gml:pos>
</gml:Point>
</pos>
<orgName>国土地理院</orgName>
<type>三角点</type>
<gcpClass>三等三角点</gcpClass>
<gcpCode>TR35030258701</gcpCode>
<name>足町</name>
<B>120846.518</B>
<L>470600.8376</L>
<alti>34.59</alti>
<altiAcc>2</altiAcc>
</GCP>
<GCP gml:id="K1_503025_18">
<fid>10-00100-0-2011-30180</fid>
<lfSpanFr gml:id="K1_503025_18-1">
<gml:timePosition>2020-11-11</gml:timePosition>
</lfSpanFr>
<devDate gml:id="K1_503025_18-2">
<gml:timePosition>2020-12-07</gml:timePosition>
</devDate>
<orgGILvl>KJ13</orgGILvl>
<vis>表示</vis>
<pos>
<gml:Point gml:id="K1_503025_18-g" srsName="fguuid:jgd2011.bl">
<gml:pos>33.576849889 130.677021444</gml:pos>
</gml:Point>
</pos>
<orgName>国土地理院</orgName>
<type>三角点</type>
<gcpClass>三等三角点</gcpClass>
<gcpCode>TR35030259403</gcpCode>
<name>平塚</name>
<B>120876.6596</B>
<L>470437.2772</L>
<alti>52.82</alti>
<altiAcc>2</altiAcc>
</GCP>
<GCP gml:id="K1_503025_19">
<fid>10-00100-0-2011-69802</fid>
<lfSpanFr gml:id="K1_503025_19-1">
<gml:timePosition>2020-11-11</gml:timePosition>
</lfSpanFr>
<devDate gml:id="K1_503025_19-2">
<gml:timePosition>2020-12-07</gml:timePosition>
</devDate>
<orgGILvl>KJ14</orgGILvl>
<vis>表示</vis>
<pos>
<gml:Point gml:id="K1_503025_19-g" srsName="fguuid:jgd2011.bl">
<gml:pos>33.504388444 130.660107750</gml:pos>
</gml:Point>
</pos>
<orgName>国土地理院</orgName>
<type>三角点</type>
<gcpClass>四等三角点</gcpClass>
<gcpCode>TR45030250201</gcpCode>
<name>森ノ上</name>
<B>120615.7984</B>
<L>470376.3879</L>
<alti>420.05</alti>
<altiAcc>2</altiAcc>
</GCP>
<GCP gml:id="K1_503025_20">
<fid>10-00100-0-2011-69803</fid>
<lfSpanFr gml:id="K1_503025_20-1">
<gml:timePosition>2020-11-11</gml:timePosition>
</lfSpanFr>
<devDate gml:id="K1_503025_20-2">
<gml:timePosition>2020-12-07</gml:timePosition>
</devDate>
<orgGILvl>KJ14</orgGILvl>
<vis>表示</vis>
<pos>
<gml:Point gml:id="K1_503025_20-g" srsName="fguuid:jgd2011.bl">
<gml:pos>33.505714889 130.732804167</gml:pos>
</gml:Point>
</pos>
<orgName>国土地理院</orgName>
<type>三角点</type>
<gcpClass>四等三角点</gcpClass>
<gcpCode>TR45030250801</gcpCode>
<name>下迫</name>
<B>120620.5736</B>
<L>470638.095</L>
<alti>468.63</alti>
<altiAcc>2</altiAcc>
</GCP>
<GCP gml:id="K1_503025_21">
<fid>10-00100-0-2011-69804</fid>
<lfSpanFr gml:id="K1_503025_21-1">
<gml:timePosition>2020-11-11</gml:timePosition>
</lfSpanFr>
<devDate gml:id="K1_503025_21-2">
<gml:timePosition>2020-12-07</gml:timePosition>
</devDate>
<orgGILvl>KJ14</orgGILvl>
<vis>表示</vis>
<pos>
<gml:Point gml:id="K1_503025_21-g" srsName="fguuid:jgd2011.bl">
<gml:pos>33.516109611 130.632348667</gml:pos>
</gml:Point>
</pos>
<orgName>国土地理院</orgName>
<type>三角点</type>
<gcpClass>四等三角点</gcpClass>
<gcpCode>TR45030251001</gcpCode>
<name>八郎四</name>
<B>120657.9946</B>
<L>470276.4552</L>
<alti>312.36</alti>
<altiAcc>2</altiAcc>
</GCP>
<GCP gml:id="K1_503025_22">
<fid>10-00100-0-2011-69805</fid>
<lfSpanFr gml:id="K1_503025_22-1">
<gml:timePosition>2020-11-11</gml:timePosition>
</lfSpanFr>
<devDate gml:id="K1_503025_22-2">
<gml:timePosition>2020-12-07</gml:timePosition>
</devDate>
<orgGILvl>KJ14</orgGILvl>
<vis>表示</vis>
<pos>
<gml:Point gml:id="K1_503025_22-g" srsName="fguuid:jgd2011.bl">
<gml:pos>33.509858667 130.652019528</gml:pos>
</gml:Point>
</pos>
<orgName>国土地理院</orgName>
<type>三角点</type>
<gcpClass>四等三角点</gcpClass>
<gcpCode>TR45030251201</gcpCode>
<name>櫛木</name>
<B>120635.4912</B>
<L>470347.2703</L>
<alti>407.43</alti>
<altiAcc>2</altiAcc>
</GCP>
<GCP gml:id="K1_503025_23">
<fid>10-00100-0-2011-69806</fid>
<lfSpanFr gml:id="K1_503025_23-1">
<gml:timePosition>2020-11-11</gml:timePosition>
</lfSpanFr>
<devDate gml:id="K1_503025_23-2">
<gml:timePosition>2020-12-07</gml:timePosition>
</devDate>
<orgGILvl>KJ14</orgGILvl>
<vis>表示</vis>
<pos>
<gml:Point gml:id="K1_503025_23-g" srsName="fguuid:jgd2011.bl">
<gml:pos>33.514249000 130.675959917</gml:pos>
</gml:Point>
</pos>
<orgName>国土地理院</orgName>
<type>三角点</type>
<gcpClass>四等三角点</gcpClass>
<gcpCode>TR45030251401</gcpCode>
<name>池田</name>
<B>120651.2964</B>
<L>470433.4557</L>
<alti>387.34</alti>
<altiAcc>2</altiAcc>
</GCP>
<GCP gml:id="K1_503025_24">
<fid>10-00100-0-2011-69807</fid>
<lfSpanFr gml:id="K1_503025_24-1">
<gml:timePosition>2020-11-11</gml:timePosition>
</lfSpanFr>
<devDate gml:id="K1_503025_24-2">
<gml:timePosition>2020-12-07</gml:timePosition>
</devDate>
<orgGILvl>KJ14</orgGILvl>
<vis>表示</vis>
<pos>
<gml:Point gml:id="K1_503025_24-g" srsName="fguuid:jgd2011.bl">
<gml:pos>33.511008278 130.713109861</gml:pos>
</gml:Point>
</pos>
<orgName>国土地理院</orgName>
<type>三角点</type>
<gcpClass>四等三角点</gcpClass>
<gcpCode>TR45030251701</gcpCode>
<name>蛇渕</name>
<B>120639.6298</B>
<L>470567.1955</L>
<alti>398.63</alti>
<altiAcc>2</altiAcc>
</GCP>
<GCP gml:id="K1_503025_25">
<fid>10-00100-0-2011-69808</fid>
<lfSpanFr gml:id="K1_503025_25-1">
<gml:timePosition>2020-11-11</gml:timePosition>
</lfSpanFr>
<devDate gml:id="K1_503025_25-2">
<gml:timePosition>2020-12-07</gml:timePosition>
</devDate>
<orgGILvl>KJ14</orgGILvl>
<vis>表示</vis>
<pos>
<gml:Point gml:id="K1_503025_25-g" srsName="fguuid:jgd2011.bl">
<gml:pos>33.523097917 130.676998139</gml:pos>
</gml:Point>
</pos>
<orgName>国土地理院</orgName>
<type>三角点</type>
<gcpClass>四等三角点</gcpClass>
<gcpCode>TR45030252401</gcpCode>
<name>狸穴</name>
<B>120683.1525</B>
<L>470437.1933</L>
<alti>301.68</alti>
<altiAcc>2</altiAcc>
</GCP>
<GCP gml:id="K1_503025_26">
<fid>10-00100-0-2011-69809</fid>
<lfSpanFr gml:id="K1_503025_26-1">
<gml:timePosition>2020-11-11</gml:timePosition>
</lfSpanFr>
<devDate gml:id="K1_503025_26-2">
<gml:timePosition>2020-12-07</gml:timePosition>
</devDate>
<orgGILvl>KJ14</orgGILvl>
<vis>表示</vis>
<pos>
<gml:Point gml:id="K1_503025_26-g" srsName="fguuid:jgd2011.bl">
<gml:pos>33.517301000 130.731618861</gml:pos>
</gml:Point>
</pos>
<orgName>国土地理院</orgName>
<type>三角点</type>
<gcpClass>四等三角点</gcpClass>
<gcpCode>TR45030252801</gcpCode>
<name>古屋敷</name>
<B>120662.2836</B>
<L>470633.8279</L>
<alti>315.52</alti>
<altiAcc>2</altiAcc>
</GCP>
<GCP gml:id="K1_503025_27">
<fid>10-00100-0-2011-69810</fid>
<lfSpanFr gml:id="K1_503025_27-1">
<gml:timePosition>2020-11-11</gml:timePosition>
</lfSpanFr>
<devDate gml:id="K1_503025_27-2">
<gml:timePosition>2020-12-07</gml:timePosition>
</devDate>
<orgGILvl>KJ14</orgGILvl>
<vis>表示</vis>
<pos>
<gml:Point gml:id="K1_503025_27-g" srsName="fguuid:jgd2011.bl">
<gml:pos>33.531972333 130.629158056</gml:pos>
</gml:Point>
</pos>
<orgName>国土地理院</orgName>
<type>三角点</type>
<gcpClass>四等三角点</gcpClass>
<gcpCode>TR45030253001</gcpCode>
<name>谷</name>
<B>120715.1004</B>
<L>470264.969</L>
<alti>273.25</alti>
<altiAcc>2</altiAcc>
</GCP>
<GCP gml:id="K1_503025_28">
<fid>10-00100-0-2011-69811</fid>
<lfSpanFr gml:id="K1_503025_28-1">
<gml:timePosition>2020-11-11</gml:timePosition>
</lfSpanFr>
<devDate gml:id="K1_503025_28-2">
<gml:timePosition>2020-12-07</gml:timePosition>
</devDate>
<orgGILvl>KJ14</orgGILvl>
<vis>表示</vis>
<pos>
<gml:Point gml:id="K1_503025_28-g" srsName="fguuid:jgd2011.bl">
<gml:pos>33.528327472 130.639236194</gml:pos>
</gml:Point>
</pos>
<orgName>国土地理院</orgName>
<type>三角点</type>
<gcpClass>四等三角点</gcpClass>
<gcpCode>TR45030253101</gcpCode>
<name>二分鎌</name>
<B>120701.9789</B>
<L>470301.2503</L>
<alti>203.98</alti>
<altiAcc>2</altiAcc>
</GCP>
<GCP gml:id="K1_503025_29">
<fid>10-00100-0-2011-69812</fid>
<lfSpanFr gml:id="K1_503025_29-1">
<gml:timePosition>2020-11-11</gml:timePosition>
</lfSpanFr>
<devDate gml:id="K1_503025_29-2">
<gml:timePosition>2020-12-07</gml:timePosition>
</devDate>
<orgGILvl>KJ14</orgGILvl>
<vis>表示</vis>
<pos>
<gml:Point gml:id="K1_503025_29-g" srsName="fguuid:jgd2011.bl">
<gml:pos>33.528017333 130.659819917</gml:pos>
</gml:Point>
</pos>
<orgName>国土地理院</orgName>
<type>三角点</type>
<gcpClass>四等三角点</gcpClass>
<gcpCode>TR45030253201</gcpCode>
<name>広畑</name>
<B>120700.8624</B>
<L>470375.3517</L>
<alti>355.74</alti>
<altiAcc>2</altiAcc>
</GCP>
<GCP gml:id="K1_503025_30">
<fid>10-00100-0-2011-69813</fid>
<lfSpanFr gml:id="K1_503025_30-1">
<gml:timePosition>2020-11-11</gml:timePosition>
</lfSpanFr>
<devDate gml:id="K1_503025_30-2">
<gml:timePosition>2020-12-07</gml:timePosition>
</devDate>
<orgGILvl>KJ14</orgGILvl>
<vis>表示</vis>
<pos>
<gml:Point gml:id="K1_503025_30-g" srsName="fguuid:jgd2011.bl">
<gml:pos>33.530719056 130.714974583</gml:pos>
</gml:Point>
</pos>
<orgName>国土地理院</orgName>
<type>三角点</type>
<gcpClass>四等三角点</gcpClass>
<gcpCode>TR45030253701</gcpCode>
<name>千手</name>
<B>120710.5886</B>
<L>470573.9085</L>
<alti>119.56</alti>
<altiAcc>2</altiAcc>
</GCP>
<GCP gml:id="K1_503025_31">
<fid>10-00100-0-2011-69815</fid>
<lfSpanFr gml:id="K1_503025_31-1">
<gml:timePosition>2020-11-11</gml:timePosition>
</lfSpanFr>
<devDate gml:id="K1_503025_31-2">
<gml:timePosition>2020-12-07</gml:timePosition>
</devDate>
<orgGILvl>KJ14</orgGILvl>
<vis>表示</vis>
<pos>
<gml:Point gml:id="K1_503025_31-g" srsName="fguuid:jgd2011.bl">
<gml:pos>33.538867917 130.670970694</gml:pos>
</gml:Point>
</pos>
<orgName>国土地理院</orgName>
<type>三角点</type>
<gcpClass>四等三角点</gcpClass>
<gcpCode>TR45030254301</gcpCode>
<name>市ヶ迫</name>
<B>120739.9245</B>
<L>470415.4945</L>
<alti>234.66</alti>
<altiAcc>2</altiAcc>
</GCP>
<GCP gml:id="K1_503025_32">
<fid>10-00100-0-2011-69816</fid>
<lfSpanFr gml:id="K1_503025_32-1">
<gml:timePosition>2020-11-11</gml:timePosition>
</lfSpanFr>
<devDate gml:id="K1_503025_32-2">
<gml:timePosition>2020-12-07</gml:timePosition>
</devDate>
<orgGILvl>KJ14</orgGILvl>
<vis>表示</vis>
<pos>
<gml:Point gml:id="K1_503025_32-g" srsName="fguuid:jgd2011.bl">
<gml:pos>33.539035889 130.682666722</gml:pos>
</gml:Point>
</pos>
<orgName>国土地理院</orgName>
<type>三角点</type>
<gcpClass>四等三角点</gcpClass>
<gcpCode>TR45030254401</gcpCode>
<name>油田</name>
<B>120740.5292</B>
<L>470457.6002</L>
<alti>155.97</alti>
<altiAcc>2</altiAcc>
</GCP>
<GCP gml:id="K1_503025_33">
<fid>10-00100-0-2011-69817</fid>
<lfSpanFr gml:id="K1_503025_33-1">
<gml:timePosition>2020-11-11</gml:timePosition>
</lfSpanFr>
<devDate gml:id="K1_503025_33-2">
<gml:timePosition>2020-12-07</gml:timePosition>
</devDate>
<orgGILvl>KJ14</orgGILvl>
<vis>表示</vis>
<pos>
<gml:Point gml:id="K1_503025_33-g" srsName="fguuid:jgd2011.bl">
<gml:pos>33.536292583 130.699598167</gml:pos>
</gml:Point>
</pos>
<orgName>国土地理院</orgName>
<type>三角点</type>
<gcpClass>四等三角点</gcpClass>
<gcpCode>TR45030254501</gcpCode>
<name>西野</name>
<B>120730.6533</B>
<L>470518.5534</L>
<alti>98.55</alti>
<altiAcc>2</altiAcc>
</GCP>
<GCP gml:id="K1_503025_34">
<fid>10-00100-0-2011-69818</fid>
<lfSpanFr gml:id="K1_503025_34-1">
<gml:timePosition>2020-11-11</gml:timePosition>
</lfSpanFr>
<devDate gml:id="K1_503025_34-2">
<gml:timePosition>2020-12-07</gml:timePosition>
</devDate>
<orgGILvl>KJ14</orgGILvl>
<vis>表示</vis>
<pos>
<gml:Point gml:id="K1_503025_34-g" srsName="fguuid:jgd2011.bl">
<gml:pos>33.540149028 130.718018750</gml:pos>
</gml:Point>
</pos>
<orgName>国土地理院</orgName>
<type>三角点</type>
<gcpClass>四等三角点</gcpClass>
<gcpCode>TR45030254701</gcpCode>
<name>芥田</name>
<B>120744.5365</B>
<L>470584.8675</L>
<alti>97.67</alti>
<altiAcc>2</altiAcc>
</GCP>
<GCP gml:id="K1_503025_35">
<fid>10-00100-0-2011-69819</fid>
<lfSpanFr gml:id="K1_503025_35-1">
<gml:timePosition>2020-11-11</gml:timePosition>
</lfSpanFr>
<devDate gml:id="K1_503025_35-2">
<gml:timePosition>2020-12-07</gml:timePosition>
</devDate>
<orgGILvl>KJ14</orgGILvl>
<vis>表示</vis>
<pos>
<gml:Point gml:id="K1_503025_35-g" srsName="fguuid:jgd2011.bl">
<gml:pos>33.539434528 130.747058028</gml:pos>
</gml:Point>
</pos>
<orgName>国土地理院</orgName>
<type>三角点</type>
<gcpClass>四等三角点</gcpClass>
<gcpCode>TR45030254901</gcpCode>
<name>長田用水</name>
<B>120741.9643</B>
<L>470689.4089</L>
<alti>58.29</alti>
<altiAcc>2</altiAcc>
</GCP>
<GCP gml:id="K1_503025_36">
<fid>10-00100-0-2011-69820</fid>
<lfSpanFr gml:id="K1_503025_36-1">
<gml:timePosition>2020-11-11</gml:timePosition>
</lfSpanFr>
<devDate gml:id="K1_503025_36-2">
<gml:timePosition>2020-12-07</gml:timePosition>
</devDate>
<orgGILvl>KJ14</orgGILvl>
<vis>表示</vis>
<pos>
<gml:Point gml:id="K1_503025_36-g" srsName="fguuid:jgd2011.bl">
<gml:pos>33.546716222 130.636978361</gml:pos>
</gml:Point>
</pos>
<orgName>国土地理院</orgName>
<type>三角点</type>
<gcpClass>四等三角点</gcpClass>
<gcpCode>TR45030255001</gcpCode>
<name>横山</name>
<B>120768.1784</B>
<L>470293.1221</L>
<alti>193.25</alti>
<altiAcc>2</altiAcc>
</GCP>
<GCP gml:id="K1_503025_37">
<fid>10-00100-0-2011-69821</fid>
<lfSpanFr gml:id="K1_503025_37-1">
<gml:timePosition>2020-11-11</gml:timePosition>
</lfSpanFr>
<devDate gml:id="K1_503025_37-2">
<gml:timePosition>2020-12-07</gml:timePosition>
</devDate>
<orgGILvl>KJ14</orgGILvl>
<vis>表示</vis>
<pos>
<gml:Point gml:id="K1_503025_37-g" srsName="fguuid:jgd2011.bl">
<gml:pos>33.548856000 130.709083972</gml:pos>
</gml:Point>
</pos>
<orgName>国土地理院</orgName>
<type>三角点</type>
<gcpClass>四等三角点</gcpClass>
<gcpCode>TR45030255601</gcpCode>
<name>九郎原</name>
<B>120775.8816</B>
<L>470552.7023</L>
<alti>84.14</alti>
<altiAcc>2</altiAcc>
</GCP>
<GCP gml:id="K1_503025_38">
<fid>10-00100-0-2011-69822</fid>
<lfSpanFr gml:id="K1_503025_38-1">
<gml:timePosition>2020-11-11</gml:timePosition>
</lfSpanFr>
<devDate gml:id="K1_503025_38-2">
<gml:timePosition>2020-12-07</gml:timePosition>
</devDate>
<orgGILvl>KJ14</orgGILvl>
<vis>表示</vis>
<pos>
<gml:Point gml:id="K1_503025_38-g" srsName="fguuid:jgd2011.bl">
<gml:pos>33.549292056 130.727035194</gml:pos>
</gml:Point>
</pos>
<orgName>国土地理院</orgName>
<type>三角点</type>
<gcpClass>四等三角点</gcpClass>
<gcpCode>TR45030255801</gcpCode>
<name>上西郷</name>
<B>120777.4514</B>
<L>470617.3267</L>
<alti>75.28</alti>
<altiAcc>2</altiAcc>
</GCP>
<GCP gml:id="K1_503025_39">
<fid>10-00100-0-2011-69823</fid>
<lfSpanFr gml:id="K1_503025_39-1">
<gml:timePosition>2020-11-11</gml:timePosition>
</lfSpanFr>
<devDate gml:id="K1_503025_39-2">
<gml:timePosition>2020-12-07</gml:timePosition>
</devDate>
<orgGILvl>KJ14</orgGILvl>
<vis>表示</vis>
<pos>
<gml:Point gml:id="K1_503025_39-g" srsName="fguuid:jgd2011.bl">
<gml:pos>33.553437139 130.628099194</gml:pos>
</gml:Point>
</pos>
<orgName>国土地理院</orgName>
<type>三角点</type>
<gcpClass>四等三角点</gcpClass>
<gcpCode>TR45030256001</gcpCode>
<name>茶臼山</name>
<B>120792.3737</B>
<L>470261.1571</L>
<alti>357.08</alti>
<altiAcc>2</altiAcc>
</GCP>
<GCP gml:id="K1_503025_40">
<fid>10-00100-0-2011-69824</fid>
<lfSpanFr gml:id="K1_503025_40-1">
<gml:timePosition>2020-11-11</gml:timePosition>
</lfSpanFr>
<devDate gml:id="K1_503025_40-2">
<gml:timePosition>2020-12-07</gml:timePosition>
</devDate>
<orgGILvl>KJ14</orgGILvl>
<vis>表示</vis>
<pos>
<gml:Point gml:id="K1_503025_40-g" srsName="fguuid:jgd2011.bl">
<gml:pos>33.556247583 130.645204611</gml:pos>
</gml:Point>
</pos>
<orgName>国土地理院</orgName>
<type>三角点</type>
<gcpClass>四等三角点</gcpClass>
<gcpCode>TR45030256101</gcpCode>
<name>大ヶ坂</name>
<B>120802.4913</B>
<L>470322.7366</L>
<alti>152.24</alti>
<altiAcc>2</altiAcc>
</GCP>
<GCP gml:id="K1_503025_41">
<fid>10-00100-0-2011-69825</fid>
<lfSpanFr gml:id="K1_503025_41-1">
<gml:timePosition>2020-11-11</gml:timePosition>
</lfSpanFr>
<devDate gml:id="K1_503025_41-2">
<gml:timePosition>2020-12-07</gml:timePosition>
</devDate>
<orgGILvl>KJ14</orgGILvl>
<vis>表示</vis>
<pos>
<gml:Point gml:id="K1_503025_41-g" srsName="fguuid:jgd2011.bl">
<gml:pos>33.550613056 130.683128694</gml:pos>
</gml:Point>
</pos>
<orgName>国土地理院</orgName>
<type>三角点</type>
<gcpClass>四等三角点</gcpClass>
<gcpCode>TR45030256401</gcpCode>
<name>栗山</name>
<B>120782.207</B>
<L>470459.2633</L>
<alti>140.89</alti>
<altiAcc>2</altiAcc>
</GCP>
<GCP gml:id="K1_503025_42">
<fid>10-00100-0-2011-69826</fid>
<lfSpanFr gml:id="K1_503025_42-1">
<gml:timePosition>2020-11-11</gml:timePosition>
</lfSpanFr>
<devDate gml:id="K1_503025_42-2">
<gml:timePosition>2020-12-07</gml:timePosition>
</devDate>
<orgGILvl>KJ14</orgGILvl>
<vis>表示</vis>
<pos>
<gml:Point gml:id="K1_503025_42-g" srsName="fguuid:jgd2011.bl">
<gml:pos>33.562543306 130.640479556</gml:pos>
</gml:Point>
</pos>
<orgName>国土地理院</orgName>
<type>三角点</type>
<gcpClass>四等三角点</gcpClass>
<gcpCode>TR45030257101</gcpCode>
<name>四郎丸</name>
<B>120825.1559</B>
<L>470305.7264</L>
<alti>88.66</alti>
<altiAcc>2</altiAcc>
</GCP>
<GCP gml:id="K1_503025_43">
<fid>10-00100-0-2011-69827</fid>
<lfSpanFr gml:id="K1_503025_43-1">
<gml:timePosition>2020-11-11</gml:timePosition>
</lfSpanFr>
<devDate gml:id="K1_503025_43-2">
<gml:timePosition>2020-12-07</gml:timePosition>
</devDate>
<orgGILvl>KJ14</orgGILvl>
<vis>表示</vis>
<pos>
<gml:Point gml:id="K1_503025_43-g" srsName="fguuid:jgd2011.bl">
<gml:pos>33.560652250 130.657689972</gml:pos>
</gml:Point>
</pos>
<orgName>国土地理院</orgName>
<type>三角点</type>
<gcpClass>四等三角点</gcpClass>
<gcpCode>TR45030257201</gcpCode>
<name>一の谷</name>
<B>120818.3481</B>
<L>470367.6839</L>
<alti>198.8</alti>
<altiAcc>2</altiAcc>
</GCP>
<GCP gml:id="K1_503025_44">
<fid>10-00100-0-2011-69828</fid>
<lfSpanFr gml:id="K1_503025_44-1">
<gml:timePosition>2020-11-11</gml:timePosition>
</lfSpanFr>
<devDate gml:id="K1_503025_44-2">
<gml:timePosition>2020-12-07</gml:timePosition>
</devDate>
<orgGILvl>KJ14</orgGILvl>
<vis>表示</vis>
<pos>
<gml:Point gml:id="K1_503025_44-g" srsName="fguuid:jgd2011.bl">
<gml:pos>33.564603333 130.670084000</gml:pos>
</gml:Point>
</pos>
<orgName>国土地理院</orgName>
<type>三角点</type>
<gcpClass>四等三角点</gcpClass>
<gcpCode>TR45030257301</gcpCode>
<name>焼野浦</name>
<B>120832.572</B>
<L>470412.3024</L>
<alti>118.74</alti>
<altiAcc>2</altiAcc>
</GCP>
<GCP gml:id="K1_503025_45">
<fid>10-00100-0-2011-69829</fid>
<lfSpanFr gml:id="K1_503025_45-1">
<gml:timePosition>2020-11-11</gml:timePosition>
</lfSpanFr>
<devDate gml:id="K1_503025_45-2">
<gml:timePosition>2020-12-07</gml:timePosition>
</devDate>
<orgGILvl>KJ14</orgGILvl>
<vis>表示</vis>
<pos>
<gml:Point gml:id="K1_503025_45-g" srsName="fguuid:jgd2011.bl">
<gml:pos>33.560218917 130.678003278</gml:pos>
</gml:Point>
</pos>
<orgName>国土地理院</orgName>
<type>三角点</type>
<gcpClass>四等三角点</gcpClass>
<gcpCode>TR45030257401</gcpCode>
<name>狩野</name>
<B>120816.7881</B>
<L>470440.8118</L>
<alti>196.63</alti>
<altiAcc>2</altiAcc>
</GCP>
<GCP gml:id="K1_503025_46">
<fid>10-00100-0-2011-69830</fid>
<lfSpanFr gml:id="K1_503025_46-1">
<gml:timePosition>2020-11-11</gml:timePosition>
</lfSpanFr>
<devDate gml:id="K1_503025_46-2">
<gml:timePosition>2020-12-07</gml:timePosition>
</devDate>
<orgGILvl>KJ14</orgGILvl>
<vis>表示</vis>
<pos>
<gml:Point gml:id="K1_503025_46-g" srsName="fguuid:jgd2011.bl">
<gml:pos>33.563880806 130.694161278</gml:pos>
</gml:Point>
</pos>
<orgName>国土地理院</orgName>
<type>三角点</type>
<gcpClass>四等三角点</gcpClass>
<gcpCode>TR45030257501</gcpCode>
<name>平山</name>
<B>120829.9709</B>
<L>470498.9806</L>
<alti>69.63</alti>
<altiAcc>2</altiAcc>
</GCP>
<GCP gml:id="K1_503025_47">
<fid>10-00100-0-2011-69831</fid>
<lfSpanFr gml:id="K1_503025_47-1">
<gml:timePosition>2020-11-11</gml:timePosition>
</lfSpanFr>
<devDate gml:id="K1_503025_47-2">
<gml:timePosition>2020-12-07</gml:timePosition>
</devDate>
<orgGILvl>KJ14</orgGILvl>
<vis>表示</vis>
<pos>
<gml:Point gml:id="K1_503025_47-g" srsName="fguuid:jgd2011.bl">
<gml:pos>33.559862861 130.713060000</gml:pos>
</gml:Point>
</pos>
<orgName>国土地理院</orgName>
<type>三角点</type>
<gcpClass>四等三角点</gcpClass>
<gcpCode>TR45030257701</gcpCode>
<name>金比羅</name>
<B>120815.5063</B>
<L>470567.016</L>
<alti>123.45</alti>
<altiAcc>2</altiAcc>
</GCP>
<GCP gml:id="K1_503025_48">
<fid>10-00100-0-2011-69832</fid>
<lfSpanFr gml:id="K1_503025_48-1">
<gml:timePosition>2020-11-11</gml:timePosition>
</lfSpanFr>
<devDate gml:id="K1_503025_48-2">
<gml:timePosition>2020-12-07</gml:timePosition>
</devDate>
<orgGILvl>KJ14</orgGILvl>
<vis>表示</vis>
<pos>
<gml:Point gml:id="K1_503025_48-g" srsName="fguuid:jgd2011.bl">
<gml:pos>33.568627806 130.628760694</gml:pos>
</gml:Point>
</pos>
<orgName>国土地理院</orgName>
<type>三角点</type>
<gcpClass>四等三角点</gcpClass>
<gcpCode>TR45030258001</gcpCode>
<name>馬敷</name>
<B>120847.0601</B>
<L>470263.5385</L>
<alti>97.2</alti>
<altiAcc>2</altiAcc>
</GCP>
<GCP gml:id="K1_503025_49">
<fid>10-00100-0-2011-69834</fid>
<lfSpanFr gml:id="K1_503025_49-1">
<gml:timePosition>2020-11-11</gml:timePosition>
</lfSpanFr>
<devDate gml:id="K1_503025_49-2">
<gml:timePosition>2020-12-07</gml:timePosition>
</devDate>
<orgGILvl>KJ14</orgGILvl>
<vis>表示</vis>
<pos>
<gml:Point gml:id="K1_503025_49-g" srsName="fguuid:jgd2011.bl">
<gml:pos>33.567943917 130.738058833</gml:pos>
</gml:Point>
</pos>
<orgName>国土地理院</orgName>
<type>三角点</type>
<gcpClass>四等三角点</gcpClass>
<gcpCode>TR45030258901</gcpCode>
<name>牛隈</name>
<B>120844.5981</B>
<L>470657.0118</L>
<alti>99.8</alti>
<altiAcc>2</altiAcc>
</GCP>
<GCP gml:id="K1_503025_50">
<fid>10-00100-0-2011-69835</fid>
<lfSpanFr gml:id="K1_503025_50-1">
<gml:timePosition>2020-11-11</gml:timePosition>
</lfSpanFr>
<devDate gml:id="K1_503025_50-2">
<gml:timePosition>2020-12-07</gml:timePosition>
</devDate>
<orgGILvl>KJ14</orgGILvl>
<vis>表示</vis>
<pos>
<gml:Point gml:id="K1_503025_50-g" srsName="fguuid:jgd2011.bl">
<gml:pos>33.581309278 130.631857361</gml:pos>
</gml:Point>
</pos>
<orgName>国土地理院</orgName>
<type>三角点</type>
<gcpClass>四等三角点</gcpClass>
<gcpCode>TR45030259001</gcpCode>
<name>大分</name>
<B>120892.7134</B>
<L>470274.6865</L>
<alti>84.34</alti>
<altiAcc>2</altiAcc>
</GCP>
<GCP gml:id="K1_503025_51">
<fid>10-00100-0-2011-69836</fid>
<lfSpanFr gml:id="K1_503025_51-1">
<gml:timePosition>2020-11-11</gml:timePosition>
</lfSpanFr>
<devDate gml:id="K1_503025_51-2">
<gml:timePosition>2020-12-07</gml:timePosition>
</devDate>
<orgGILvl>KJ14</orgGILvl>
<vis>表示</vis>
<pos>
<gml:Point gml:id="K1_503025_51-g" srsName="fguuid:jgd2011.bl">
<gml:pos>33.579685750 130.646537750</gml:pos>
</gml:Point>
</pos>
<orgName>国土地理院</orgName>
<type>三角点</type>
<gcpClass>四等三角点</gcpClass>
<gcpCode>TR45030259101</gcpCode>
<name>北古賀</name>
<B>120886.8687</B>
<L>470327.5359</L>
<alti>56.7</alti>
<altiAcc>2</altiAcc>
</GCP>
<GCP gml:id="K1_503025_52">
<fid>10-00100-0-2011-69837</fid>
<lfSpanFr gml:id="K1_503025_52-1">
<gml:timePosition>2020-11-11</gml:timePosition>
</lfSpanFr>
<devDate gml:id="K1_503025_52-2">
<gml:timePosition>2020-12-07</gml:timePosition>
</devDate>
<orgGILvl>KJ14</orgGILvl>
<vis>表示</vis>
<pos>
<gml:Point gml:id="K1_503025_52-g" srsName="fguuid:jgd2011.bl">
<gml:pos>33.583216417 130.673094667</gml:pos>
</gml:Point>
</pos>
<orgName>国土地理院</orgName>
<type>三角点</type>
<gcpClass>四等三角点</gcpClass>
<gcpCode>TR45030259301</gcpCode>
<name>長坂</name>
<B>120899.5791</B>
<L>470423.1408</L>
<alti>43.76</alti>
<altiAcc>2</altiAcc>
</GCP>
<GCP gml:id="K1_503025_53">
<fid>10-00100-0-2011-69838</fid>
<lfSpanFr gml:id="K1_503025_53-1">
<gml:timePosition>2020-11-11</gml:timePosition>
</lfSpanFr>
<devDate gml:id="K1_503025_53-2">
<gml:timePosition>2020-12-07</gml:timePosition>
</devDate>
<orgGILvl>KJ14</orgGILvl>
<vis>表示</vis>
<pos>
<gml:Point gml:id="K1_503025_53-g" srsName="fguuid:jgd2011.bl">
<gml:pos>33.575132139 130.689996306</gml:pos>
</gml:Point>
</pos>
<orgName>国土地理院</orgName>
<type>三角点</type>
<gcpClass>四等三角点</gcpClass>
<gcpCode>TR45030259501</gcpCode>
<name>八王寺</name>
<B>120870.4757</B>
<L>470483.9867</L>
<alti>57.58</alti>
<altiAcc>2</altiAcc>
</GCP>
<GCP gml:id="K1_503025_54">
<fid>10-00100-0-2011-69839</fid>
<lfSpanFr gml:id="K1_503025_54-1">
<gml:timePosition>2020-11-11</gml:timePosition>
</lfSpanFr>
<devDate gml:id="K1_503025_54-2">
<gml:timePosition>2020-12-07</gml:timePosition>
</devDate>
<orgGILvl>KJ14</orgGILvl>
<vis>表示</vis>
<pos>
<gml:Point gml:id="K1_503025_54-g" srsName="fguuid:jgd2011.bl">
<gml:pos>33.575408778 130.710076944</gml:pos>
</gml:Point>
</pos>
<orgName>国土地理院</orgName>
<type>三角点</type>
<gcpClass>四等三角点</gcpClass>
<gcpCode>TR45030259601</gcpCode>
<name>下用作堰</name>
<B>120871.4716</B>
<L>470556.277</L>
<alti>32.95</alti>
<altiAcc>2</altiAcc>
</GCP>
<GCP gml:id="K1_503025_55">
<fid>10-00100-0-2011-69840</fid>
<lfSpanFr gml:id="K1_503025_55-1">
<gml:timePosition>2020-11-11</gml:timePosition>
</lfSpanFr>
<devDate gml:id="K1_503025_55-2">
<gml:timePosition>2020-12-07</gml:timePosition>
</devDate>
<orgGILvl>KJ14</orgGILvl>
<vis>表示</vis>
<pos>
<gml:Point gml:id="K1_503025_55-g" srsName="fguuid:jgd2011.bl">
<gml:pos>33.581088917 130.721084611</gml:pos>
</gml:Point>
</pos>
<orgName>国土地理院</orgName>
<type>三角点</type>
<gcpClass>四等三角点</gcpClass>
<gcpCode>TR45030259701</gcpCode>
<name>山門</name>
<B>120891.9201</B>
<L>470595.9046</L>
<alti>59.16</alti>
<altiAcc>2</altiAcc>
</GCP>
<GCP gml:id="K1_503025_56">
<fid>10-00100-0-2011-69841</fid>
<lfSpanFr gml:id="K1_503025_56-1">
<gml:timePosition>2020-11-11</gml:timePosition>
</lfSpanFr>
<devDate gml:id="K1_503025_56-2">
<gml:timePosition>2020-12-07</gml:timePosition>
</devDate>
<orgGILvl>KJ14</orgGILvl>
<vis>表示</vis>
<pos>
<gml:Point gml:id="K1_503025_56-g" srsName="fguuid:jgd2011.bl">
<gml:pos>33.581386194 130.736719028</gml:pos>
</gml:Point>
</pos>
<orgName>国土地理院</orgName>
<type>三角点</type>
<gcpClass>四等三角点</gcpClass>
<gcpCode>TR45030259801</gcpCode>
<name>才田</name>
<B>120892.9903</B>
<L>470652.1885</L>
<alti>81.39</alti>
<altiAcc>2</altiAcc>
</GCP>
</Dataset>
