<?xml version="1.0" encoding="utf-8"?>
<Dataset xsi:schemaLocation="http://fgd.gsi.go.jp/spec/2008/FGD_GMLSchema FGD_GMLSchema.xsd"
	xmlns:gml="http://www.opengis.net/gml/3.2"
	xmlns:xsi="http://www.w3.org/2001/XMLSchema-instance"
	xmlns:xlink="http://www.w3.org/1999/xlink"
	xmlns="http://fgd.gsi.go.jp/spec/2008/FGD_GMLSchema"
	gml:id="Dataset1">
  <gml:description>基盤地図情報メタデータ ID=fmdid:21-0101</gml:description>
  <gml:name>基盤地図情報ダウンロードデータ（GML版）</gml:name>
<ElevPt gml:id="K2_4702512060_1">
<fid>47025-12060-i-6</fid>
<lfSpanFr gml:id="K2_4702512060_1-1">
<gml:timePosition>2013-12-10</gml:timePosition>
</lfSpanFr>
<devDate gml:id="K2_4702512060_1-2">
<gml:timePosition>2020-12-07</gml:timePosition>
</devDate>
<orgGILvl>25000</orgGILvl>
<vis>表示</vis>
<pos>
<gml:Point gml:id="K2_4702512060_1-g" srsName="fguuid:jgd2011.bl">
<gml:pos>33.505925556 130.630767222</gml:pos>
</gml:Point>
</pos>
<type>標高点（測点）</type>
<alti>381</alti>
</ElevPt>
<ElevPt gml:id="K2_4702512063_1">
<fid>47025-12063-i-5</fid>
<lfSpanFr gml:id="K2_4702512063_1-1">
<gml:timePosition>2013-12-10</gml:timePosition>
</lfSpanFr>
<devDate gml:id="K2_4702512063_1-2">
<gml:timePosition>2020-12-07</gml:timePosition>
</devDate>
<orgGILvl>25000</orgGILvl>
<vis>表示</vis>
<pos>
<gml:Point gml:id="K2_4702512063_1-g" srsName="fguuid:jgd2011.bl">
<gml:pos>33.510737778 130.626425556</gml:pos>
</gml:Point>
</pos>
<type>標高点（測点）</type>
<alti>282</alti>
</ElevPt>
<ElevPt gml:id="K2_4702512069_1">
<fid>47025-12069-i-225</fid>
<lfSpanFr gml:id="K2_4702512069_1-1">
<gml:timePosition>2016-04-28</gml:timePosition>
</lfSpanFr>
<devDate gml:id="K2_4702512069_1-2">
<gml:timePosition>2020-12-07</gml:timePosition>
</devDate>
<orgGILvl>25000</orgGILvl>
<vis>非表示</vis>
<pos>
<gml:Point gml:id="K2_4702512069_1-g" srsName="fguuid:jgd2011.bl">
<gml:pos>33.525722500 130.631529722</gml:pos>
</gml:Point>
</pos>
<type>標高点（測点）</type>
<alti>113</alti>
</ElevPt>
<ElevPt gml:id="K2_4702512072_1">
<fid>47025-12072-i-1</fid>
<lfSpanFr gml:id="K2_4702512072_1-1">
<gml:timePosition>2013-12-10</gml:timePosition>
</lfSpanFr>
<devDate gml:id="K2_4702512072_1-2">
<gml:timePosition>2020-12-07</gml:timePosition>
</devDate>
<orgGILvl>25000</orgGILvl>
<vis>表示</vis>
<pos>
<gml:Point gml:id="K2_4702512072_1-g" srsName="fguuid:jgd2011.bl">
<gml:pos>33.538223611 130.627369167</gml:pos>
</gml:Point>
</pos>
<type>標高点（測点）</type>
<alti>156</alti>
</ElevPt>
<ElevPt gml:id="K2_4702512078_1">
<fid>47025-12078-i-4</fid>
<lfSpanFr gml:id="K2_4702512078_1-1">
<gml:timePosition>2013-12-10</gml:timePosition>
</lfSpanFr>
<devDate gml:id="K2_4702512078_1-2">
<gml:timePosition>2020-12-07</gml:timePosition>
</devDate>
<orgGILvl>25000</orgGILvl>
<vis>表示</vis>
<pos>
<gml:Point gml:id="K2_4702512078_1-g" srsName="fguuid:jgd2011.bl">
<gml:pos>33.557493333 130.633043889</gml:pos>
</gml:Point>
</pos>
<type>標高点（測点）</type>
<alti>288</alti>
</ElevPt>
<ElevPt gml:id="K2_4702812060_1">
<fid>47028-12060-i-11</fid>
<lfSpanFr gml:id="K2_4702812060_1-1">
<gml:timePosition>2013-12-10</gml:timePosition>
</lfSpanFr>
<devDate gml:id="K2_4702812060_1-2">
<gml:timePosition>2020-12-07</gml:timePosition>
</devDate>
<orgGILvl>25000</orgGILvl>
<vis>表示</vis>
<pos>
<gml:Point gml:id="K2_4702812060_1-g" srsName="fguuid:jgd2011.bl">
<gml:pos>33.501116389 130.641180556</gml:pos>
</gml:Point>
</pos>
<type>標高点（測点）</type>
<alti>414</alti>
</ElevPt>
<ElevPt gml:id="K2_4702812066_1">
<fid>47028-12066-i-6</fid>
<lfSpanFr gml:id="K2_4702812066_1-1">
<gml:timePosition>2013-12-10</gml:timePosition>
</lfSpanFr>
<devDate gml:id="K2_4702812066_1-2">
<gml:timePosition>2020-12-07</gml:timePosition>
</devDate>
<orgGILvl>25000</orgGILvl>
<vis>表示</vis>
<pos>
<gml:Point gml:id="K2_4702812066_1-g" srsName="fguuid:jgd2011.bl">
<gml:pos>33.517155833 130.640252500</gml:pos>
</gml:Point>
</pos>
<type>標高点（測点）</type>
<alti>357</alti>
</ElevPt>
<ElevPt gml:id="K2_4702812069_1">
<fid>47028-12069-i-1</fid>
<lfSpanFr gml:id="K2_4702812069_1-1">
<gml:timePosition>2013-12-10</gml:timePosition>
</lfSpanFr>
<devDate gml:id="K2_4702812069_1-2">
<gml:timePosition>2020-12-07</gml:timePosition>
</devDate>
<orgGILvl>25000</orgGILvl>
<vis>表示</vis>
<pos>
<gml:Point gml:id="K2_4702812069_1-g" srsName="fguuid:jgd2011.bl">
<gml:pos>33.530521306 130.633888139</gml:pos>
</gml:Point>
</pos>
<type>標高点（測点）</type>
<alti>95</alti>
</ElevPt>
<ElevPt gml:id="K2_4702812084_1">
<fid>47028-12084-i-1617</fid>
<lfSpanFr gml:id="K2_4702812084_1-1">
<gml:timePosition>2020-08-27</gml:timePosition>
</lfSpanFr>
<devDate gml:id="K2_4702812084_1-2">
<gml:timePosition>2020-12-07</gml:timePosition>
</devDate>
<orgGILvl>25000</orgGILvl>
<vis>表示</vis>
<pos>
<gml:Point gml:id="K2_4702812084_1-g" srsName="fguuid:jgd2011.bl">
<gml:pos>33.568094868 130.640929091</gml:pos>
</gml:Point>
</pos>
<type>標高点（測点）</type>
<alti>61</alti>
</ElevPt>
<ElevPt gml:id="K2_4703112060_1">
<fid>47031-12060-i-33</fid>
<lfSpanFr gml:id="K2_4703112060_1-1">
<gml:timePosition>2013-12-10</gml:timePosition>
</lfSpanFr>
<devDate gml:id="K2_4703112060_1-2">
<gml:timePosition>2020-12-07</gml:timePosition>
</devDate>
<orgGILvl>25000</orgGILvl>
<vis>表示</vis>
<pos>
<gml:Point gml:id="K2_4703112060_1-g" srsName="fguuid:jgd2011.bl">
<gml:pos>33.500042500 130.647456111</gml:pos>
</gml:Point>
</pos>
<type>標高点（測点）</type>
<alti>385</alti>
</ElevPt>
<ElevPt gml:id="K2_4703112060_2">
<fid>47031-12060-i-451</fid>
<lfSpanFr gml:id="K2_4703112060_2-1">
<gml:timePosition>2018-08-06</gml:timePosition>
</lfSpanFr>
<devDate gml:id="K2_4703112060_2-2">
<gml:timePosition>2020-12-07</gml:timePosition>
</devDate>
<orgGILvl>25000</orgGILvl>
<vis>表示</vis>
<pos>
<gml:Point gml:id="K2_4703112060_2-g" srsName="fguuid:jgd2011.bl">
<gml:pos>33.505109891 130.646725139</gml:pos>
</gml:Point>
</pos>
<type>標高点（測点）</type>
<alti>296</alti>
</ElevPt>
<ElevPt gml:id="K2_4703112069_1">
<fid>47031-12069-i-3</fid>
<lfSpanFr gml:id="K2_4703112069_1-1">
<gml:timePosition>2013-12-10</gml:timePosition>
</lfSpanFr>
<devDate gml:id="K2_4703112069_1-2">
<gml:timePosition>2020-12-07</gml:timePosition>
</devDate>
<orgGILvl>25000</orgGILvl>
<vis>表示</vis>
<pos>
<gml:Point gml:id="K2_4703112069_1-g" srsName="fguuid:jgd2011.bl">
<gml:pos>33.533159722 130.648920000</gml:pos>
</gml:Point>
</pos>
<type>標高点（測点）</type>
<alti>218</alti>
</ElevPt>
<ElevPt gml:id="K2_4703112069_2">
<fid>47031-12069-i-4</fid>
<lfSpanFr gml:id="K2_4703112069_2-1">
<gml:timePosition>2013-12-10</gml:timePosition>
</lfSpanFr>
<devDate gml:id="K2_4703112069_2-2">
<gml:timePosition>2020-12-07</gml:timePosition>
</devDate>
<orgGILvl>25000</orgGILvl>
<vis>表示</vis>
<pos>
<gml:Point gml:id="K2_4703112069_2-g" srsName="fguuid:jgd2011.bl">
<gml:pos>33.528527222 130.648772778</gml:pos>
</gml:Point>
</pos>
<type>標高点（測点）</type>
<alti>154</alti>
</ElevPt>
<ElevPt gml:id="K2_4703112084_1">
<fid>47031-12084-i-1460</fid>
<lfSpanFr gml:id="K2_4703112084_1-1">
<gml:timePosition>2016-06-06</gml:timePosition>
</lfSpanFr>
<devDate gml:id="K2_4703112084_1-2">
<gml:timePosition>2020-12-07</gml:timePosition>
</devDate>
<orgGILvl>25000</orgGILvl>
<vis>非表示</vis>
<pos>
<gml:Point gml:id="K2_4703112084_1-g" srsName="fguuid:jgd2011.bl">
<gml:pos>33.574976389 130.647584722</gml:pos>
</gml:Point>
</pos>
<type>標高点（測点）</type>
<alti>64</alti>
</ElevPt>
<ElevPt gml:id="K2_4703112087_1">
<fid>47031-12087-i-1380</fid>
<lfSpanFr gml:id="K2_4703112087_1-1">
<gml:timePosition>2020-08-27</gml:timePosition>
</lfSpanFr>
<devDate gml:id="K2_4703112087_1-2">
<gml:timePosition>2020-12-07</gml:timePosition>
</devDate>
<orgGILvl>25000</orgGILvl>
<vis>表示</vis>
<pos>
<gml:Point gml:id="K2_4703112087_1-g" srsName="fguuid:jgd2011.bl">
<gml:pos>33.582490000 130.647062778</gml:pos>
</gml:Point>
</pos>
<type>標高点（測点）</type>
<alti>51</alti>
</ElevPt>
<ElevPt gml:id="K2_4703412060_1">
<fid>47034-12060-i-15</fid>
<lfSpanFr gml:id="K2_4703412060_1-1">
<gml:timePosition>2013-12-10</gml:timePosition>
</lfSpanFr>
<devDate gml:id="K2_4703412060_1-2">
<gml:timePosition>2020-12-07</gml:timePosition>
</devDate>
<orgGILvl>25000</orgGILvl>
<vis>表示</vis>
<pos>
<gml:Point gml:id="K2_4703412060_1-g" srsName="fguuid:jgd2011.bl">
<gml:pos>33.500335556 130.655009167</gml:pos>
</gml:Point>
</pos>
<type>標高点（測点）</type>
<alti>388</alti>
</ElevPt>
<ElevPt gml:id="K2_4703412063_1">
<fid>47034-12063-i-13</fid>
<lfSpanFr gml:id="K2_4703412063_1-1">
<gml:timePosition>2013-12-10</gml:timePosition>
</lfSpanFr>
<devDate gml:id="K2_4703412063_1-2">
<gml:timePosition>2020-12-07</gml:timePosition>
</devDate>
<orgGILvl>25000</orgGILvl>
<vis>表示</vis>
<pos>
<gml:Point gml:id="K2_4703412063_1-g" srsName="fguuid:jgd2011.bl">
<gml:pos>33.512053611 130.656606389</gml:pos>
</gml:Point>
</pos>
<type>標高点（測点）</type>
<alti>423</alti>
</ElevPt>
<ElevPt gml:id="K2_4703412066_1">
<fid>47034-12066-i-4</fid>
<lfSpanFr gml:id="K2_4703412066_1-1">
<gml:timePosition>2013-12-10</gml:timePosition>
</lfSpanFr>
<devDate gml:id="K2_4703412066_1-2">
<gml:timePosition>2020-12-07</gml:timePosition>
</devDate>
<orgGILvl>25000</orgGILvl>
<vis>表示</vis>
<pos>
<gml:Point gml:id="K2_4703412066_1-g" srsName="fguuid:jgd2011.bl">
<gml:pos>33.517325000 130.651909167</gml:pos>
</gml:Point>
</pos>
<type>標高点（測点）</type>
<alti>409</alti>
</ElevPt>
<ElevPt gml:id="K2_4703412069_1">
<fid>47034-12069-i-149</fid>
<lfSpanFr gml:id="K2_4703412069_1-1">
<gml:timePosition>2020-08-27</gml:timePosition>
</lfSpanFr>
<devDate gml:id="K2_4703412069_1-2">
<gml:timePosition>2020-12-07</gml:timePosition>
</devDate>
<orgGILvl>25000</orgGILvl>
<vis>表示</vis>
<pos>
<gml:Point gml:id="K2_4703412069_1-g" srsName="fguuid:jgd2011.bl">
<gml:pos>33.532617222 130.657197500</gml:pos>
</gml:Point>
</pos>
<type>標高点（測点）</type>
<alti>300</alti>
</ElevPt>
<ElevPt gml:id="K2_4703412075_1">
<fid>47034-12075-i-380</fid>
<lfSpanFr gml:id="K2_4703412075_1-1">
<gml:timePosition>2020-08-27</gml:timePosition>
</lfSpanFr>
<devDate gml:id="K2_4703412075_1-2">
<gml:timePosition>2020-12-07</gml:timePosition>
</devDate>
<orgGILvl>25000</orgGILvl>
<vis>表示</vis>
<pos>
<gml:Point gml:id="K2_4703412075_1-g" srsName="fguuid:jgd2011.bl">
<gml:pos>33.545663056 130.650807500</gml:pos>
</gml:Point>
</pos>
<type>標高点（測点）</type>
<alti>184</alti>
</ElevPt>
<ElevPt gml:id="K2_4703412078_1">
<fid>47034-12078-i-1</fid>
<lfSpanFr gml:id="K2_4703412078_1-1">
<gml:timePosition>2013-12-10</gml:timePosition>
</lfSpanFr>
<devDate gml:id="K2_4703412078_1-2">
<gml:timePosition>2020-12-07</gml:timePosition>
</devDate>
<orgGILvl>25000</orgGILvl>
<vis>表示</vis>
<pos>
<gml:Point gml:id="K2_4703412078_1-g" srsName="fguuid:jgd2011.bl">
<gml:pos>33.554373611 130.658198056</gml:pos>
</gml:Point>
</pos>
<type>標高点（測点）</type>
<alti>314</alti>
</ElevPt>
<ElevPt gml:id="K2_4703412081_1">
<fid>47034-12081-i-3</fid>
<lfSpanFr gml:id="K2_4703412081_1-1">
<gml:timePosition>2013-12-10</gml:timePosition>
</lfSpanFr>
<devDate gml:id="K2_4703412081_1-2">
<gml:timePosition>2020-12-07</gml:timePosition>
</devDate>
<orgGILvl>25000</orgGILvl>
<vis>表示</vis>
<pos>
<gml:Point gml:id="K2_4703412081_1-g" srsName="fguuid:jgd2011.bl">
<gml:pos>33.559912778 130.650570278</gml:pos>
</gml:Point>
</pos>
<type>標高点（測点）</type>
<alti>165</alti>
</ElevPt>
<ElevPt gml:id="K2_4703412081_2">
<fid>47034-12081-i-358</fid>
<lfSpanFr gml:id="K2_4703412081_2-1">
<gml:timePosition>2018-08-06</gml:timePosition>
</lfSpanFr>
<devDate gml:id="K2_4703412081_2-2">
<gml:timePosition>2020-12-07</gml:timePosition>
</devDate>
<orgGILvl>25000</orgGILvl>
<vis>表示</vis>
<pos>
<gml:Point gml:id="K2_4703412081_2-g" srsName="fguuid:jgd2011.bl">
<gml:pos>33.565393846 130.650178802</gml:pos>
</gml:Point>
</pos>
<type>標高点（測点）</type>
<alti>51</alti>
</ElevPt>
<ElevPt gml:id="K2_4703412084_1">
<fid>47034-12084-i-1439</fid>
<lfSpanFr gml:id="K2_4703412084_1-1">
<gml:timePosition>2020-08-27</gml:timePosition>
</lfSpanFr>
<devDate gml:id="K2_4703412084_1-2">
<gml:timePosition>2020-12-07</gml:timePosition>
</devDate>
<orgGILvl>25000</orgGILvl>
<vis>表示</vis>
<pos>
<gml:Point gml:id="K2_4703412084_1-g" srsName="fguuid:jgd2011.bl">
<gml:pos>33.572607334 130.657014701</gml:pos>
</gml:Point>
</pos>
<type>標高点（測点）</type>
<alti>47</alti>
</ElevPt>
<ElevPt gml:id="K2_4703712063_1">
<fid>47037-12063-i-6</fid>
<lfSpanFr gml:id="K2_4703712063_1-1">
<gml:timePosition>2013-12-10</gml:timePosition>
</lfSpanFr>
<devDate gml:id="K2_4703712063_1-2">
<gml:timePosition>2020-12-07</gml:timePosition>
</devDate>
<orgGILvl>25000</orgGILvl>
<vis>表示</vis>
<pos>
<gml:Point gml:id="K2_4703712063_1-g" srsName="fguuid:jgd2011.bl">
<gml:pos>33.510992778 130.666533889</gml:pos>
</gml:Point>
</pos>
<type>標高点（測点）</type>
<alti>354</alti>
</ElevPt>
<ElevPt gml:id="K2_4703712066_1">
<fid>47037-12066-i-7</fid>
<lfSpanFr gml:id="K2_4703712066_1-1">
<gml:timePosition>2013-12-10</gml:timePosition>
</lfSpanFr>
<devDate gml:id="K2_4703712066_1-2">
<gml:timePosition>2020-12-07</gml:timePosition>
</devDate>
<orgGILvl>25000</orgGILvl>
<vis>表示</vis>
<pos>
<gml:Point gml:id="K2_4703712066_1-g" srsName="fguuid:jgd2011.bl">
<gml:pos>33.517285278 130.660663333</gml:pos>
</gml:Point>
</pos>
<type>標高点（測点）</type>
<alti>293</alti>
</ElevPt>
<ElevPt gml:id="K2_4703712066_2">
<fid>47037-12066-i-8</fid>
<lfSpanFr gml:id="K2_4703712066_2-1">
<gml:timePosition>2013-12-10</gml:timePosition>
</lfSpanFr>
<devDate gml:id="K2_4703712066_2-2">
<gml:timePosition>2020-12-07</gml:timePosition>
</devDate>
<orgGILvl>25000</orgGILvl>
<vis>表示</vis>
<pos>
<gml:Point gml:id="K2_4703712066_2-g" srsName="fguuid:jgd2011.bl">
<gml:pos>33.522034167 130.662913611</gml:pos>
</gml:Point>
</pos>
<type>標高点（測点）</type>
<alti>196</alti>
</ElevPt>
<ElevPt gml:id="K2_4703712075_1">
<fid>47037-12075-i-200</fid>
<lfSpanFr gml:id="K2_4703712075_1-1">
<gml:timePosition>2016-06-06</gml:timePosition>
</lfSpanFr>
<devDate gml:id="K2_4703712075_1-2">
<gml:timePosition>2020-12-07</gml:timePosition>
</devDate>
<orgGILvl>25000</orgGILvl>
<vis>表示</vis>
<pos>
<gml:Point gml:id="K2_4703712075_1-g" srsName="fguuid:jgd2011.bl">
<gml:pos>33.543514722 130.659583889</gml:pos>
</gml:Point>
</pos>
<type>標高点（測点）</type>
<alti>252</alti>
</ElevPt>
<ElevPt gml:id="K2_4703712078_1">
<fid>47037-12078-i-140</fid>
<lfSpanFr gml:id="K2_4703712078_1-1">
<gml:timePosition>2020-08-27</gml:timePosition>
</lfSpanFr>
<devDate gml:id="K2_4703712078_1-2">
<gml:timePosition>2020-12-07</gml:timePosition>
</devDate>
<orgGILvl>25000</orgGILvl>
<vis>表示</vis>
<pos>
<gml:Point gml:id="K2_4703712078_1-g" srsName="fguuid:jgd2011.bl">
<gml:pos>33.557349167 130.665051944</gml:pos>
</gml:Point>
</pos>
<type>標高点（測点）</type>
<alti>303</alti>
</ElevPt>
<ElevPt gml:id="K2_4703712081_1">
<fid>47037-12081-i-203</fid>
<lfSpanFr gml:id="K2_4703712081_1-1">
<gml:timePosition>2016-06-06</gml:timePosition>
</lfSpanFr>
<devDate gml:id="K2_4703712081_1-2">
<gml:timePosition>2020-12-07</gml:timePosition>
</devDate>
<orgGILvl>25000</orgGILvl>
<vis>表示</vis>
<pos>
<gml:Point gml:id="K2_4703712081_1-g" srsName="fguuid:jgd2011.bl">
<gml:pos>33.565733611 130.661954444</gml:pos>
</gml:Point>
</pos>
<type>標高点（測点）</type>
<alti>128</alti>
</ElevPt>
<ElevPt gml:id="K2_4703712087_1">
<fid>47037-12087-i-1981</fid>
<lfSpanFr gml:id="K2_4703712087_1-1">
<gml:timePosition>2020-08-27</gml:timePosition>
</lfSpanFr>
<devDate gml:id="K2_4703712087_1-2">
<gml:timePosition>2020-12-07</gml:timePosition>
</devDate>
<orgGILvl>25000</orgGILvl>
<vis>表示</vis>
<pos>
<gml:Point gml:id="K2_4703712087_1-g" srsName="fguuid:jgd2011.bl">
<gml:pos>33.577985556 130.665054167</gml:pos>
</gml:Point>
</pos>
<type>標高点（測点）</type>
<alti>62</alti>
</ElevPt>
<ElevPt gml:id="K2_4704012060_1">
<fid>47040-12060-i-136</fid>
<lfSpanFr gml:id="K2_4704012060_1-1">
<gml:timePosition>2014-08-11</gml:timePosition>
</lfSpanFr>
<devDate gml:id="K2_4704012060_1-2">
<gml:timePosition>2020-12-07</gml:timePosition>
</devDate>
<orgGILvl>25000</orgGILvl>
<vis>表示</vis>
<pos>
<gml:Point gml:id="K2_4704012060_1-g" srsName="fguuid:jgd2011.bl">
<gml:pos>33.505095833 130.673149722</gml:pos>
</gml:Point>
</pos>
<type>標高点（測点）</type>
<alti>489</alti>
</ElevPt>
<ElevPt gml:id="K2_4704012060_2">
<fid>47040-12060-i-137</fid>
<lfSpanFr gml:id="K2_4704012060_2-1">
<gml:timePosition>2014-08-11</gml:timePosition>
</lfSpanFr>
<devDate gml:id="K2_4704012060_2-2">
<gml:timePosition>2020-12-07</gml:timePosition>
</devDate>
<orgGILvl>25000</orgGILvl>
<vis>表示</vis>
<pos>
<gml:Point gml:id="K2_4704012060_2-g" srsName="fguuid:jgd2011.bl">
<gml:pos>33.500738056 130.667370278</gml:pos>
</gml:Point>
</pos>
<type>標高点（測点）</type>
<alti>412</alti>
</ElevPt>
<ElevPt gml:id="K2_4704012066_1">
<fid>47040-12066-i-176</fid>
<lfSpanFr gml:id="K2_4704012066_1-1">
<gml:timePosition>2016-06-06</gml:timePosition>
</lfSpanFr>
<devDate gml:id="K2_4704012066_1-2">
<gml:timePosition>2020-12-07</gml:timePosition>
</devDate>
<orgGILvl>25000</orgGILvl>
<vis>表示</vis>
<pos>
<gml:Point gml:id="K2_4704012066_1-g" srsName="fguuid:jgd2011.bl">
<gml:pos>33.518890833 130.670304722</gml:pos>
</gml:Point>
</pos>
<type>標高点（測点）</type>
<alti>322</alti>
</ElevPt>
<ElevPt gml:id="K2_4704012069_1">
<fid>47040-12069-i-543</fid>
<lfSpanFr gml:id="K2_4704012069_1-1">
<gml:timePosition>2016-06-06</gml:timePosition>
</lfSpanFr>
<devDate gml:id="K2_4704012069_1-2">
<gml:timePosition>2020-12-07</gml:timePosition>
</devDate>
<orgGILvl>25000</orgGILvl>
<vis>表示</vis>
<pos>
<gml:Point gml:id="K2_4704012069_1-g" srsName="fguuid:jgd2011.bl">
<gml:pos>33.532409444 130.674925278</gml:pos>
</gml:Point>
</pos>
<type>標高点（測点）</type>
<alti>178</alti>
</ElevPt>
<ElevPt gml:id="K2_4704012069_2">
<fid>47040-12069-i-544</fid>
<lfSpanFr gml:id="K2_4704012069_2-1">
<gml:timePosition>2016-06-06</gml:timePosition>
</lfSpanFr>
<devDate gml:id="K2_4704012069_2-2">
<gml:timePosition>2020-12-07</gml:timePosition>
</devDate>
<orgGILvl>25000</orgGILvl>
<vis>表示</vis>
<pos>
<gml:Point gml:id="K2_4704012069_2-g" srsName="fguuid:jgd2011.bl">
<gml:pos>33.529929233 130.667713449</gml:pos>
</gml:Point>
</pos>
<type>標高点（測点）</type>
<alti>174</alti>
</ElevPt>
<ElevPt gml:id="K2_4704012075_1">
<fid>47040-12075-i-990</fid>
<lfSpanFr gml:id="K2_4704012075_1-1">
<gml:timePosition>2020-10-29</gml:timePosition>
</lfSpanFr>
<devDate gml:id="K2_4704012075_1-2">
<gml:timePosition>2020-12-07</gml:timePosition>
</devDate>
<orgGILvl>25000</orgGILvl>
<vis>表示</vis>
<pos>
<gml:Point gml:id="K2_4704012075_1-g" srsName="fguuid:jgd2011.bl">
<gml:pos>33.548792500 130.672680833</gml:pos>
</gml:Point>
</pos>
<type>標高点（測点）</type>
<alti>231</alti>
</ElevPt>
<ElevPt gml:id="K2_4704012084_1">
<fid>47040-12084-i-361</fid>
<lfSpanFr gml:id="K2_4704012084_1-1">
<gml:timePosition>2016-06-06</gml:timePosition>
</lfSpanFr>
<devDate gml:id="K2_4704012084_1-2">
<gml:timePosition>2020-12-07</gml:timePosition>
</devDate>
<orgGILvl>25000</orgGILvl>
<vis>表示</vis>
<pos>
<gml:Point gml:id="K2_4704012084_1-g" srsName="fguuid:jgd2011.bl">
<gml:pos>33.571860556 130.671568056</gml:pos>
</gml:Point>
</pos>
<type>標高点（測点）</type>
<alti>77</alti>
</ElevPt>
<ElevPt gml:id="K2_4704312066_1">
<fid>47043-12066-i-544</fid>
<lfSpanFr gml:id="K2_4704312066_1-1">
<gml:timePosition>2016-06-06</gml:timePosition>
</lfSpanFr>
<devDate gml:id="K2_4704312066_1-2">
<gml:timePosition>2020-12-07</gml:timePosition>
</devDate>
<orgGILvl>25000</orgGILvl>
<vis>表示</vis>
<pos>
<gml:Point gml:id="K2_4704312066_1-g" srsName="fguuid:jgd2011.bl">
<gml:pos>33.521226111 130.680879444</gml:pos>
</gml:Point>
</pos>
<type>標高点（測点）</type>
<alti>272</alti>
</ElevPt>
<ElevPt gml:id="K2_4704312075_1">
<fid>47043-12075-i-379</fid>
<lfSpanFr gml:id="K2_4704312075_1-1">
<gml:timePosition>2020-10-29</gml:timePosition>
</lfSpanFr>
<devDate gml:id="K2_4704312075_1-2">
<gml:timePosition>2020-12-07</gml:timePosition>
</devDate>
<orgGILvl>25000</orgGILvl>
<vis>表示</vis>
<pos>
<gml:Point gml:id="K2_4704312075_1-g" srsName="fguuid:jgd2011.bl">
<gml:pos>33.542909167 130.677110278</gml:pos>
</gml:Point>
</pos>
<type>標高点（測点）</type>
<alti>185</alti>
</ElevPt>
<ElevPt gml:id="K2_4704312078_1">
<fid>47043-12078-i-218</fid>
<lfSpanFr gml:id="K2_4704312078_1-1">
<gml:timePosition>2020-10-29</gml:timePosition>
</lfSpanFr>
<devDate gml:id="K2_4704312078_1-2">
<gml:timePosition>2020-12-07</gml:timePosition>
</devDate>
<orgGILvl>25000</orgGILvl>
<vis>表示</vis>
<pos>
<gml:Point gml:id="K2_4704312078_1-g" srsName="fguuid:jgd2011.bl">
<gml:pos>33.553937222 130.676306111</gml:pos>
</gml:Point>
</pos>
<type>標高点（測点）</type>
<alti>296</alti>
</ElevPt>
<ElevPt gml:id="K2_4704312084_1">
<fid>47043-12084-i-1861</fid>
<lfSpanFr gml:id="K2_4704312084_1-1">
<gml:timePosition>2020-10-29</gml:timePosition>
</lfSpanFr>
<devDate gml:id="K2_4704312084_1-2">
<gml:timePosition>2020-12-07</gml:timePosition>
</devDate>
<orgGILvl>25000</orgGILvl>
<vis>表示</vis>
<pos>
<gml:Point gml:id="K2_4704312084_1-g" srsName="fguuid:jgd2011.bl">
<gml:pos>33.567121614 130.682255145</gml:pos>
</gml:Point>
</pos>
<type>標高点（測点）</type>
<alti>53</alti>
</ElevPt>
<ElevPt gml:id="K2_4704312087_1">
<fid>47043-12087-i-1392</fid>
<lfSpanFr gml:id="K2_4704312087_1-1">
<gml:timePosition>2020-10-29</gml:timePosition>
</lfSpanFr>
<devDate gml:id="K2_4704312087_1-2">
<gml:timePosition>2020-12-07</gml:timePosition>
</devDate>
<orgGILvl>25000</orgGILvl>
<vis>表示</vis>
<pos>
<gml:Point gml:id="K2_4704312087_1-g" srsName="fguuid:jgd2011.bl">
<gml:pos>33.580822105 130.679251973</gml:pos>
</gml:Point>
</pos>
<type>標高点（測点）</type>
<alti>36</alti>
</ElevPt>
<ElevPt gml:id="K2_4704612066_1">
<fid>47046-12066-i-372</fid>
<lfSpanFr gml:id="K2_4704612066_1-1">
<gml:timePosition>2016-06-06</gml:timePosition>
</lfSpanFr>
<devDate gml:id="K2_4704612066_1-2">
<gml:timePosition>2020-12-07</gml:timePosition>
</devDate>
<orgGILvl>25000</orgGILvl>
<vis>表示</vis>
<pos>
<gml:Point gml:id="K2_4704612066_1-g" srsName="fguuid:jgd2011.bl">
<gml:pos>33.520253889 130.688666389</gml:pos>
</gml:Point>
</pos>
<type>標高点（測点）</type>
<alti>214</alti>
</ElevPt>
<ElevPt gml:id="K2_4704612069_1">
<fid>47046-12069-i-100</fid>
<lfSpanFr gml:id="K2_4704612069_1-1">
<gml:timePosition>2014-08-11</gml:timePosition>
</lfSpanFr>
<devDate gml:id="K2_4704612069_1-2">
<gml:timePosition>2020-12-07</gml:timePosition>
</devDate>
<orgGILvl>25000</orgGILvl>
<vis>表示</vis>
<pos>
<gml:Point gml:id="K2_4704612069_1-g" srsName="fguuid:jgd2011.bl">
<gml:pos>33.532383889 130.685164444</gml:pos>
</gml:Point>
</pos>
<type>標高点（測点）</type>
<alti>191</alti>
</ElevPt>
<ElevPt gml:id="K2_4704612072_1">
<fid>47046-12072-i-308</fid>
<lfSpanFr gml:id="K2_4704612072_1-1">
<gml:timePosition>2016-06-06</gml:timePosition>
</lfSpanFr>
<devDate gml:id="K2_4704612072_1-2">
<gml:timePosition>2020-12-07</gml:timePosition>
</devDate>
<orgGILvl>25000</orgGILvl>
<vis>表示</vis>
<pos>
<gml:Point gml:id="K2_4704612072_1-g" srsName="fguuid:jgd2011.bl">
<gml:pos>33.538181944 130.691069722</gml:pos>
</gml:Point>
</pos>
<type>標高点（測点）</type>
<alti>122</alti>
</ElevPt>
<ElevPt gml:id="K2_4704612075_1">
<fid>47046-12075-i-263</fid>
<lfSpanFr gml:id="K2_4704612075_1-1">
<gml:timePosition>2020-10-29</gml:timePosition>
</lfSpanFr>
<devDate gml:id="K2_4704612075_1-2">
<gml:timePosition>2020-12-07</gml:timePosition>
</devDate>
<orgGILvl>25000</orgGILvl>
<vis>表示</vis>
<pos>
<gml:Point gml:id="K2_4704612075_1-g" srsName="fguuid:jgd2011.bl">
<gml:pos>33.545769444 130.689894444</gml:pos>
</gml:Point>
</pos>
<type>標高点（測点）</type>
<alti>148</alti>
</ElevPt>
<ElevPt gml:id="K2_4704612078_1">
<fid>47046-12078-i-88</fid>
<lfSpanFr gml:id="K2_4704612078_1-1">
<gml:timePosition>2016-06-06</gml:timePosition>
</lfSpanFr>
<devDate gml:id="K2_4704612078_1-2">
<gml:timePosition>2020-12-07</gml:timePosition>
</devDate>
<orgGILvl>25000</orgGILvl>
<vis>表示</vis>
<pos>
<gml:Point gml:id="K2_4704612078_1-g" srsName="fguuid:jgd2011.bl">
<gml:pos>33.556234167 130.690193333</gml:pos>
</gml:Point>
</pos>
<type>標高点（測点）</type>
<alti>207</alti>
</ElevPt>
<ElevPt gml:id="K2_4704912060_1">
<fid>47049-12060-i-29</fid>
<lfSpanFr gml:id="K2_4704912060_1-1">
<gml:timePosition>2014-08-11</gml:timePosition>
</lfSpanFr>
<devDate gml:id="K2_4704912060_1-2">
<gml:timePosition>2020-12-07</gml:timePosition>
</devDate>
<orgGILvl>25000</orgGILvl>
<vis>表示</vis>
<pos>
<gml:Point gml:id="K2_4704912060_1-g" srsName="fguuid:jgd2011.bl">
<gml:pos>33.503949444 130.692912778</gml:pos>
</gml:Point>
</pos>
<type>標高点（測点）</type>
<alti>533</alti>
</ElevPt>
<ElevPt gml:id="K2_4704912063_1">
<fid>47049-12063-i-67</fid>
<lfSpanFr gml:id="K2_4704912063_1-1">
<gml:timePosition>2014-06-04</gml:timePosition>
</lfSpanFr>
<devDate gml:id="K2_4704912063_1-2">
<gml:timePosition>2020-12-07</gml:timePosition>
</devDate>
<orgGILvl>25000</orgGILvl>
<vis>表示</vis>
<pos>
<gml:Point gml:id="K2_4704912063_1-g" srsName="fguuid:jgd2011.bl">
<gml:pos>33.516475278 130.698455278</gml:pos>
</gml:Point>
</pos>
<type>標高点（測点）</type>
<alti>329</alti>
</ElevPt>
<ElevPt gml:id="K2_4704912063_2">
<fid>47049-12063-i-68</fid>
<lfSpanFr gml:id="K2_4704912063_2-1">
<gml:timePosition>2014-06-04</gml:timePosition>
</lfSpanFr>
<devDate gml:id="K2_4704912063_2-2">
<gml:timePosition>2020-12-07</gml:timePosition>
</devDate>
<orgGILvl>25000</orgGILvl>
<vis>表示</vis>
<pos>
<gml:Point gml:id="K2_4704912063_2-g" srsName="fguuid:jgd2011.bl">
<gml:pos>33.512644444 130.693493611</gml:pos>
</gml:Point>
</pos>
<type>標高点（測点）</type>
<alti>341</alti>
</ElevPt>
<ElevPt gml:id="K2_4704912069_1">
<fid>47049-12069-i-194</fid>
<lfSpanFr gml:id="K2_4704912069_1-1">
<gml:timePosition>2016-06-06</gml:timePosition>
</lfSpanFr>
<devDate gml:id="K2_4704912069_1-2">
<gml:timePosition>2020-12-07</gml:timePosition>
</devDate>
<orgGILvl>25000</orgGILvl>
<vis>表示</vis>
<pos>
<gml:Point gml:id="K2_4704912069_1-g" srsName="fguuid:jgd2011.bl">
<gml:pos>33.533163611 130.695965278</gml:pos>
</gml:Point>
</pos>
<type>標高点（測点）</type>
<alti>106</alti>
</ElevPt>
<ElevPt gml:id="K2_4704912072_1">
<fid>47049-12072-i-255</fid>
<lfSpanFr gml:id="K2_4704912072_1-1">
<gml:timePosition>2016-06-06</gml:timePosition>
</lfSpanFr>
<devDate gml:id="K2_4704912072_1-2">
<gml:timePosition>2020-12-07</gml:timePosition>
</devDate>
<orgGILvl>25000</orgGILvl>
<vis>表示</vis>
<pos>
<gml:Point gml:id="K2_4704912072_1-g" srsName="fguuid:jgd2011.bl">
<gml:pos>33.541567778 130.698299444</gml:pos>
</gml:Point>
</pos>
<type>標高点（測点）</type>
<alti>119</alti>
</ElevPt>
<ElevPt gml:id="K2_4704912084_1">
<fid>47049-12084-i-1911</fid>
<lfSpanFr gml:id="K2_4704912084_1-1">
<gml:timePosition>2020-10-29</gml:timePosition>
</lfSpanFr>
<devDate gml:id="K2_4704912084_1-2">
<gml:timePosition>2020-12-07</gml:timePosition>
</devDate>
<orgGILvl>25000</orgGILvl>
<vis>表示</vis>
<pos>
<gml:Point gml:id="K2_4704912084_1-g" srsName="fguuid:jgd2011.bl">
<gml:pos>33.570448157 130.694605562</gml:pos>
</gml:Point>
</pos>
<type>標高点（測点）</type>
<alti>38</alti>
</ElevPt>
<ElevPt gml:id="K2_4704912084_2">
<fid>47049-12084-i-1912</fid>
<lfSpanFr gml:id="K2_4704912084_2-1">
<gml:timePosition>2020-10-29</gml:timePosition>
</lfSpanFr>
<devDate gml:id="K2_4704912084_2-2">
<gml:timePosition>2020-12-07</gml:timePosition>
</devDate>
<orgGILvl>25000</orgGILvl>
<vis>表示</vis>
<pos>
<gml:Point gml:id="K2_4704912084_2-g" srsName="fguuid:jgd2011.bl">
<gml:pos>33.574528761 130.695814336</gml:pos>
</gml:Point>
</pos>
<type>標高点（測点）</type>
<alti>37</alti>
</ElevPt>
<ElevPt gml:id="K2_4704912087_1">
<fid>47049-12087-i-1346</fid>
<lfSpanFr gml:id="K2_4704912087_1-1">
<gml:timePosition>2020-10-29</gml:timePosition>
</lfSpanFr>
<devDate gml:id="K2_4704912087_1-2">
<gml:timePosition>2020-12-07</gml:timePosition>
</devDate>
<orgGILvl>25000</orgGILvl>
<vis>表示</vis>
<pos>
<gml:Point gml:id="K2_4704912087_1-g" srsName="fguuid:jgd2011.bl">
<gml:pos>33.580229219 130.694110425</gml:pos>
</gml:Point>
</pos>
<type>標高点（測点）</type>
<alti>36</alti>
</ElevPt>
<ElevPt gml:id="K2_4705212060_1">
<fid>47052-12060-i-3</fid>
<lfSpanFr gml:id="K2_4705212060_1-1">
<gml:timePosition>2013-12-10</gml:timePosition>
</lfSpanFr>
<devDate gml:id="K2_4705212060_1-2">
<gml:timePosition>2020-12-07</gml:timePosition>
</devDate>
<orgGILvl>25000</orgGILvl>
<vis>表示</vis>
<pos>
<gml:Point gml:id="K2_4705212060_1-g" srsName="fguuid:jgd2011.bl">
<gml:pos>33.508016944 130.704366389</gml:pos>
</gml:Point>
</pos>
<type>標高点（測点）</type>
<alti>226</alti>
</ElevPt>
<ElevPt gml:id="K2_4705212066_1">
<fid>47052-12066-i-391</fid>
<lfSpanFr gml:id="K2_4705212066_1-1">
<gml:timePosition>2016-06-06</gml:timePosition>
</lfSpanFr>
<devDate gml:id="K2_4705212066_1-2">
<gml:timePosition>2020-12-07</gml:timePosition>
</devDate>
<orgGILvl>25000</orgGILvl>
<vis>表示</vis>
<pos>
<gml:Point gml:id="K2_4705212066_1-g" srsName="fguuid:jgd2011.bl">
<gml:pos>33.524068611 130.702398611</gml:pos>
</gml:Point>
</pos>
<type>標高点（測点）</type>
<alti>132</alti>
</ElevPt>
<ElevPt gml:id="K2_4705212066_2">
<fid>47052-12066-i-392</fid>
<lfSpanFr gml:id="K2_4705212066_2-1">
<gml:timePosition>2016-06-06</gml:timePosition>
</lfSpanFr>
<devDate gml:id="K2_4705212066_2-2">
<gml:timePosition>2020-12-07</gml:timePosition>
</devDate>
<orgGILvl>25000</orgGILvl>
<vis>表示</vis>
<pos>
<gml:Point gml:id="K2_4705212066_2-g" srsName="fguuid:jgd2011.bl">
<gml:pos>33.519323889 130.705872500</gml:pos>
</gml:Point>
</pos>
<type>標高点（測点）</type>
<alti>102</alti>
</ElevPt>
<ElevPt gml:id="K2_4705212069_1">
<fid>47052-12069-i-445</fid>
<lfSpanFr gml:id="K2_4705212069_1-1">
<gml:timePosition>2016-06-06</gml:timePosition>
</lfSpanFr>
<devDate gml:id="K2_4705212069_1-2">
<gml:timePosition>2020-12-07</gml:timePosition>
</devDate>
<orgGILvl>25000</orgGILvl>
<vis>表示</vis>
<pos>
<gml:Point gml:id="K2_4705212069_1-g" srsName="fguuid:jgd2011.bl">
<gml:pos>33.533116389 130.705808611</gml:pos>
</gml:Point>
</pos>
<type>標高点（測点）</type>
<alti>103</alti>
</ElevPt>
<ElevPt gml:id="K2_4705212069_2">
<fid>47052-12069-i-446</fid>
<lfSpanFr gml:id="K2_4705212069_2-1">
<gml:timePosition>2016-06-06</gml:timePosition>
</lfSpanFr>
<devDate gml:id="K2_4705212069_2-2">
<gml:timePosition>2020-12-07</gml:timePosition>
</devDate>
<orgGILvl>25000</orgGILvl>
<vis>表示</vis>
<pos>
<gml:Point gml:id="K2_4705212069_2-g" srsName="fguuid:jgd2011.bl">
<gml:pos>33.528890278 130.703459722</gml:pos>
</gml:Point>
</pos>
<type>標高点（測点）</type>
<alti>117</alti>
</ElevPt>
<ElevPt gml:id="K2_4705212075_1">
<fid>47052-12075-i-726</fid>
<lfSpanFr gml:id="K2_4705212075_1-1">
<gml:timePosition>2020-10-29</gml:timePosition>
</lfSpanFr>
<devDate gml:id="K2_4705212075_1-2">
<gml:timePosition>2020-12-07</gml:timePosition>
</devDate>
<orgGILvl>25000</orgGILvl>
<vis>表示</vis>
<pos>
<gml:Point gml:id="K2_4705212075_1-g" srsName="fguuid:jgd2011.bl">
<gml:pos>33.548325278 130.701464167</gml:pos>
</gml:Point>
</pos>
<type>標高点（測点）</type>
<alti>188</alti>
</ElevPt>
<ElevPt gml:id="K2_4705212078_1">
<fid>47052-12078-i-714</fid>
<lfSpanFr gml:id="K2_4705212078_1-1">
<gml:timePosition>2020-10-29</gml:timePosition>
</lfSpanFr>
<devDate gml:id="K2_4705212078_1-2">
<gml:timePosition>2020-12-07</gml:timePosition>
</devDate>
<orgGILvl>25000</orgGILvl>
<vis>表示</vis>
<pos>
<gml:Point gml:id="K2_4705212078_1-g" srsName="fguuid:jgd2011.bl">
<gml:pos>33.554529722 130.700848056</gml:pos>
</gml:Point>
</pos>
<type>標高点（測点）</type>
<alti>181</alti>
</ElevPt>
<ElevPt gml:id="K2_4705212081_1">
<fid>47052-12081-i-1131</fid>
<lfSpanFr gml:id="K2_4705212081_1-1">
<gml:timePosition>2020-10-29</gml:timePosition>
</lfSpanFr>
<devDate gml:id="K2_4705212081_1-2">
<gml:timePosition>2020-12-07</gml:timePosition>
</devDate>
<orgGILvl>25000</orgGILvl>
<vis>表示</vis>
<pos>
<gml:Point gml:id="K2_4705212081_1-g" srsName="fguuid:jgd2011.bl">
<gml:pos>33.560107500 130.701524444</gml:pos>
</gml:Point>
</pos>
<type>標高点（測点）</type>
<alti>44</alti>
</ElevPt>
<ElevPt gml:id="K2_4705212087_1">
<fid>47052-12087-i-2080</fid>
<lfSpanFr gml:id="K2_4705212087_1-1">
<gml:timePosition>2020-10-29</gml:timePosition>
</lfSpanFr>
<devDate gml:id="K2_4705212087_1-2">
<gml:timePosition>2020-12-07</gml:timePosition>
</devDate>
<orgGILvl>25000</orgGILvl>
<vis>表示</vis>
<pos>
<gml:Point gml:id="K2_4705212087_1-g" srsName="fguuid:jgd2011.bl">
<gml:pos>33.577971536 130.705742981</gml:pos>
</gml:Point>
</pos>
<type>標高点（測点）</type>
<alti>31</alti>
</ElevPt>
<ElevPt gml:id="K2_4705512072_1">
<fid>47055-12072-i-644</fid>
<lfSpanFr gml:id="K2_4705512072_1-1">
<gml:timePosition>2020-10-29</gml:timePosition>
</lfSpanFr>
<devDate gml:id="K2_4705512072_1-2">
<gml:timePosition>2020-12-07</gml:timePosition>
</devDate>
<orgGILvl>25000</orgGILvl>
<vis>表示</vis>
<pos>
<gml:Point gml:id="K2_4705512072_1-g" srsName="fguuid:jgd2011.bl">
<gml:pos>33.537831667 130.713558611</gml:pos>
</gml:Point>
</pos>
<type>標高点（測点）</type>
<alti>106</alti>
</ElevPt>
<ElevPt gml:id="K2_4705512078_1">
<fid>47055-12078-i-1077</fid>
<lfSpanFr gml:id="K2_4705512078_1-1">
<gml:timePosition>2020-10-29</gml:timePosition>
</lfSpanFr>
<devDate gml:id="K2_4705512078_1-2">
<gml:timePosition>2020-12-07</gml:timePosition>
</devDate>
<orgGILvl>25000</orgGILvl>
<vis>表示</vis>
<pos>
<gml:Point gml:id="K2_4705512078_1-g" srsName="fguuid:jgd2011.bl">
<gml:pos>33.551276667 130.713571667</gml:pos>
</gml:Point>
</pos>
<type>標高点（測点）</type>
<alti>97</alti>
</ElevPt>
<ElevPt gml:id="K2_4705512084_1">
<fid>47055-12084-i-798</fid>
<lfSpanFr gml:id="K2_4705512084_1-1">
<gml:timePosition>2020-10-29</gml:timePosition>
</lfSpanFr>
<devDate gml:id="K2_4705512084_1-2">
<gml:timePosition>2020-12-07</gml:timePosition>
</devDate>
<orgGILvl>25000</orgGILvl>
<vis>表示</vis>
<pos>
<gml:Point gml:id="K2_4705512084_1-g" srsName="fguuid:jgd2011.bl">
<gml:pos>33.571710833 130.716444167</gml:pos>
</gml:Point>
</pos>
<type>標高点（測点）</type>
<alti>33</alti>
</ElevPt>
<ElevPt gml:id="K2_4705512087_1">
<fid>47055-12087-i-325</fid>
<lfSpanFr gml:id="K2_4705512087_1-1">
<gml:timePosition>2014-08-11</gml:timePosition>
</lfSpanFr>
<devDate gml:id="K2_4705512087_1-2">
<gml:timePosition>2020-12-07</gml:timePosition>
</devDate>
<orgGILvl>25000</orgGILvl>
<vis>表示</vis>
<pos>
<gml:Point gml:id="K2_4705512087_1-g" srsName="fguuid:jgd2011.bl">
<gml:pos>33.577483333 130.715552778</gml:pos>
</gml:Point>
</pos>
<type>標高点（測点）</type>
<alti>29</alti>
</ElevPt>
<ElevPt gml:id="K2_4705812063_1">
<fid>47058-12063-i-25</fid>
<lfSpanFr gml:id="K2_4705812063_1-1">
<gml:timePosition>2014-06-04</gml:timePosition>
</lfSpanFr>
<devDate gml:id="K2_4705812063_1-2">
<gml:timePosition>2020-12-07</gml:timePosition>
</devDate>
<orgGILvl>25000</orgGILvl>
<vis>表示</vis>
<pos>
<gml:Point gml:id="K2_4705812063_1-g" srsName="fguuid:jgd2011.bl">
<gml:pos>33.510178611 130.722375000</gml:pos>
</gml:Point>
</pos>
<type>標高点（測点）</type>
<alti>407</alti>
</ElevPt>
<ElevPt gml:id="K2_4705812069_1">
<fid>47058-12069-i-84</fid>
<lfSpanFr gml:id="K2_4705812069_1-1">
<gml:timePosition>2014-06-04</gml:timePosition>
</lfSpanFr>
<devDate gml:id="K2_4705812069_1-2">
<gml:timePosition>2020-12-07</gml:timePosition>
</devDate>
<orgGILvl>25000</orgGILvl>
<vis>表示</vis>
<pos>
<gml:Point gml:id="K2_4705812069_1-g" srsName="fguuid:jgd2011.bl">
<gml:pos>33.525730278 130.719487500</gml:pos>
</gml:Point>
</pos>
<type>標高点（測点）</type>
<alti>145</alti>
</ElevPt>
<ElevPt gml:id="K2_4705812078_1">
<fid>47058-12078-i-951</fid>
<lfSpanFr gml:id="K2_4705812078_1-1">
<gml:timePosition>2020-10-29</gml:timePosition>
</lfSpanFr>
<devDate gml:id="K2_4705812078_1-2">
<gml:timePosition>2020-12-07</gml:timePosition>
</devDate>
<orgGILvl>25000</orgGILvl>
<vis>表示</vis>
<pos>
<gml:Point gml:id="K2_4705812078_1-g" srsName="fguuid:jgd2011.bl">
<gml:pos>33.553657500 130.720549167</gml:pos>
</gml:Point>
</pos>
<type>標高点（測点）</type>
<alti>74</alti>
</ElevPt>
<ElevPt gml:id="K2_4706112060_1">
<fid>47061-12060-i-262</fid>
<lfSpanFr gml:id="K2_4706112060_1-1">
<gml:timePosition>2020-10-29</gml:timePosition>
</lfSpanFr>
<devDate gml:id="K2_4706112060_1-2">
<gml:timePosition>2020-12-07</gml:timePosition>
</devDate>
<orgGILvl>25000</orgGILvl>
<vis>表示</vis>
<pos>
<gml:Point gml:id="K2_4706112060_1-g" srsName="fguuid:jgd2011.bl">
<gml:pos>33.500448056 130.727035278</gml:pos>
</gml:Point>
</pos>
<type>標高点（測点）</type>
<alti>474</alti>
</ElevPt>
<ElevPt gml:id="K2_4706112063_1">
<fid>47061-12063-i-43</fid>
<lfSpanFr gml:id="K2_4706112063_1-1">
<gml:timePosition>2014-08-11</gml:timePosition>
</lfSpanFr>
<devDate gml:id="K2_4706112063_1-2">
<gml:timePosition>2020-12-07</gml:timePosition>
</devDate>
<orgGILvl>25000</orgGILvl>
<vis>表示</vis>
<pos>
<gml:Point gml:id="K2_4706112063_1-g" srsName="fguuid:jgd2011.bl">
<gml:pos>33.512102778 130.727309167</gml:pos>
</gml:Point>
</pos>
<type>標高点（測点）</type>
<alti>393</alti>
</ElevPt>
<ElevPt gml:id="K2_4706112069_1">
<fid>47061-12069-i-277</fid>
<lfSpanFr gml:id="K2_4706112069_1-1">
<gml:timePosition>2020-10-29</gml:timePosition>
</lfSpanFr>
<devDate gml:id="K2_4706112069_1-2">
<gml:timePosition>2020-12-07</gml:timePosition>
</devDate>
<orgGILvl>25000</orgGILvl>
<vis>表示</vis>
<pos>
<gml:Point gml:id="K2_4706112069_1-g" srsName="fguuid:jgd2011.bl">
<gml:pos>33.527517778 130.731804167</gml:pos>
</gml:Point>
</pos>
<type>標高点（測点）</type>
<alti>188</alti>
</ElevPt>
<ElevPt gml:id="K2_4706112072_1">
<fid>47061-12072-i-67</fid>
<lfSpanFr gml:id="K2_4706112072_1-1">
<gml:timePosition>2014-06-04</gml:timePosition>
</lfSpanFr>
<devDate gml:id="K2_4706112072_1-2">
<gml:timePosition>2020-12-07</gml:timePosition>
</devDate>
<orgGILvl>25000</orgGILvl>
<vis>表示</vis>
<pos>
<gml:Point gml:id="K2_4706112072_1-g" srsName="fguuid:jgd2011.bl">
<gml:pos>33.537129167 130.727219444</gml:pos>
</gml:Point>
</pos>
<type>標高点（測点）</type>
<alti>138</alti>
</ElevPt>
<ElevPt gml:id="K2_4706112075_1">
<fid>47061-12075-i-850</fid>
<lfSpanFr gml:id="K2_4706112075_1-1">
<gml:timePosition>2020-10-29</gml:timePosition>
</lfSpanFr>
<devDate gml:id="K2_4706112075_1-2">
<gml:timePosition>2020-12-07</gml:timePosition>
</devDate>
<orgGILvl>25000</orgGILvl>
<vis>非表示</vis>
<pos>
<gml:Point gml:id="K2_4706112075_1-g" srsName="fguuid:jgd2011.bl">
<gml:pos>33.543157222 130.725835833</gml:pos>
</gml:Point>
</pos>
<type>標高点（測点）</type>
<alti>106</alti>
</ElevPt>
<ElevPt gml:id="K2_4706112078_1">
<fid>47061-12078-i-473</fid>
<lfSpanFr gml:id="K2_4706112078_1-1">
<gml:timePosition>2020-10-29</gml:timePosition>
</lfSpanFr>
<devDate gml:id="K2_4706112078_1-2">
<gml:timePosition>2020-12-07</gml:timePosition>
</devDate>
<orgGILvl>25000</orgGILvl>
<vis>表示</vis>
<pos>
<gml:Point gml:id="K2_4706112078_1-g" srsName="fguuid:jgd2011.bl">
<gml:pos>33.555968333 130.727581389</gml:pos>
</gml:Point>
</pos>
<type>標高点（測点）</type>
<alti>42</alti>
</ElevPt>
<ElevPt gml:id="K2_4706112081_1">
<fid>47061-12081-i-141</fid>
<lfSpanFr gml:id="K2_4706112081_1-1">
<gml:timePosition>2014-06-04</gml:timePosition>
</lfSpanFr>
<devDate gml:id="K2_4706112081_1-2">
<gml:timePosition>2020-12-07</gml:timePosition>
</devDate>
<orgGILvl>25000</orgGILvl>
<vis>表示</vis>
<pos>
<gml:Point gml:id="K2_4706112081_1-g" srsName="fguuid:jgd2011.bl">
<gml:pos>33.565235000 130.732554167</gml:pos>
</gml:Point>
</pos>
<type>標高点（測点）</type>
<alti>63</alti>
</ElevPt>
<ElevPt gml:id="K2_4706112084_1">
<fid>47061-12084-i-1086</fid>
<lfSpanFr gml:id="K2_4706112084_1-1">
<gml:timePosition>2020-10-29</gml:timePosition>
</lfSpanFr>
<devDate gml:id="K2_4706112084_1-2">
<gml:timePosition>2020-12-07</gml:timePosition>
</devDate>
<orgGILvl>25000</orgGILvl>
<vis>表示</vis>
<pos>
<gml:Point gml:id="K2_4706112084_1-g" srsName="fguuid:jgd2011.bl">
<gml:pos>33.570984167 130.732635556</gml:pos>
</gml:Point>
</pos>
<type>標高点（測点）</type>
<alti>72</alti>
</ElevPt>
<ElevPt gml:id="K2_4706412060_1">
<fid>47064-12060-i-26</fid>
<lfSpanFr gml:id="K2_4706412060_1-1">
<gml:timePosition>2014-06-04</gml:timePosition>
</lfSpanFr>
<devDate gml:id="K2_4706412060_1-2">
<gml:timePosition>2020-12-07</gml:timePosition>
</devDate>
<orgGILvl>25000</orgGILvl>
<vis>表示</vis>
<pos>
<gml:Point gml:id="K2_4706412060_1-g" srsName="fguuid:jgd2011.bl">
<gml:pos>33.500024167 130.738376944</gml:pos>
</gml:Point>
</pos>
<type>標高点（測点）</type>
<alti>532</alti>
</ElevPt>
<ElevPt gml:id="K2_4706412060_2">
<fid>47064-12060-i-27</fid>
<lfSpanFr gml:id="K2_4706412060_2-1">
<gml:timePosition>2014-06-04</gml:timePosition>
</lfSpanFr>
<devDate gml:id="K2_4706412060_2-2">
<gml:timePosition>2020-12-07</gml:timePosition>
</devDate>
<orgGILvl>25000</orgGILvl>
<vis>表示</vis>
<pos>
<gml:Point gml:id="K2_4706412060_2-g" srsName="fguuid:jgd2011.bl">
<gml:pos>33.506987222 130.741492500</gml:pos>
</gml:Point>
</pos>
<type>標高点（測点）</type>
<alti>381</alti>
</ElevPt>
<ElevPt gml:id="K2_4706412063_1">
<fid>47064-12063-i-85</fid>
<lfSpanFr gml:id="K2_4706412063_1-1">
<gml:timePosition>2020-10-29</gml:timePosition>
</lfSpanFr>
<devDate gml:id="K2_4706412063_1-2">
<gml:timePosition>2020-12-07</gml:timePosition>
</devDate>
<orgGILvl>25000</orgGILvl>
<vis>表示</vis>
<pos>
<gml:Point gml:id="K2_4706412063_1-g" srsName="fguuid:jgd2011.bl">
<gml:pos>33.510973056 130.736151667</gml:pos>
</gml:Point>
</pos>
<type>標高点（測点）</type>
<alti>398</alti>
</ElevPt>
<ElevPt gml:id="K2_4706412069_1">
<fid>47064-12069-i-32</fid>
<lfSpanFr gml:id="K2_4706412069_1-1">
<gml:timePosition>2014-06-04</gml:timePosition>
</lfSpanFr>
<devDate gml:id="K2_4706412069_1-2">
<gml:timePosition>2020-12-07</gml:timePosition>
</devDate>
<orgGILvl>25000</orgGILvl>
<vis>表示</vis>
<pos>
<gml:Point gml:id="K2_4706412069_1-g" srsName="fguuid:jgd2011.bl">
<gml:pos>33.526206944 130.741477500</gml:pos>
</gml:Point>
</pos>
<type>標高点（測点）</type>
<alti>185</alti>
</ElevPt>
<ElevPt gml:id="K2_4706412075_1">
<fid>47064-12075-i-931</fid>
<lfSpanFr gml:id="K2_4706412075_1-1">
<gml:timePosition>2020-10-29</gml:timePosition>
</lfSpanFr>
<devDate gml:id="K2_4706412075_1-2">
<gml:timePosition>2020-12-07</gml:timePosition>
</devDate>
<orgGILvl>25000</orgGILvl>
<vis>表示</vis>
<pos>
<gml:Point gml:id="K2_4706412075_1-g" srsName="fguuid:jgd2011.bl">
<gml:pos>33.544707778 130.735030278</gml:pos>
</gml:Point>
</pos>
<type>標高点（測点）</type>
<alti>84</alti>
</ElevPt>
<ElevPt gml:id="K2_4706412078_1">
<fid>47064-12078-i-824</fid>
<lfSpanFr gml:id="K2_4706412078_1-1">
<gml:timePosition>2020-10-29</gml:timePosition>
</lfSpanFr>
<devDate gml:id="K2_4706412078_1-2">
<gml:timePosition>2020-12-07</gml:timePosition>
</devDate>
<orgGILvl>25000</orgGILvl>
<vis>表示</vis>
<pos>
<gml:Point gml:id="K2_4706412078_1-g" srsName="fguuid:jgd2011.bl">
<gml:pos>33.556138333 130.736545000</gml:pos>
</gml:Point>
</pos>
<type>標高点（測点）</type>
<alti>47</alti>
</ElevPt>
<ElevPt gml:id="K2_4706412087_1">
<fid>47064-12087-i-786</fid>
<lfSpanFr gml:id="K2_4706412087_1-1">
<gml:timePosition>2020-10-29</gml:timePosition>
</lfSpanFr>
<devDate gml:id="K2_4706412087_1-2">
<gml:timePosition>2020-12-07</gml:timePosition>
</devDate>
<orgGILvl>25000</orgGILvl>
<vis>表示</vis>
<pos>
<gml:Point gml:id="K2_4706412087_1-g" srsName="fguuid:jgd2011.bl">
<gml:pos>33.579852500 130.737117222</gml:pos>
</gml:Point>
</pos>
<type>標高点（測点）</type>
<alti>78</alti>
</ElevPt>
<ElevPt gml:id="K2_4706712063_1">
<fid>47067-12063-i-305</fid>
<lfSpanFr gml:id="K2_4706712063_1-1">
<gml:timePosition>2020-10-29</gml:timePosition>
</lfSpanFr>
<devDate gml:id="K2_4706712063_1-2">
<gml:timePosition>2020-12-07</gml:timePosition>
</devDate>
<orgGILvl>25000</orgGILvl>
<vis>表示</vis>
<pos>
<gml:Point gml:id="K2_4706712063_1-g" srsName="fguuid:jgd2011.bl">
<gml:pos>33.516153611 130.742270556</gml:pos>
</gml:Point>
</pos>
<type>標高点（測点）</type>
<alti>227</alti>
</ElevPt>
<ElevPt gml:id="K2_4706712075_1">
<fid>47067-12075-i-1100</fid>
<lfSpanFr gml:id="K2_4706712075_1-1">
<gml:timePosition>2020-10-29</gml:timePosition>
</lfSpanFr>
<devDate gml:id="K2_4706712075_1-2">
<gml:timePosition>2020-12-07</gml:timePosition>
</devDate>
<orgGILvl>25000</orgGILvl>
<vis>表示</vis>
<pos>
<gml:Point gml:id="K2_4706712075_1-g" srsName="fguuid:jgd2011.bl">
<gml:pos>33.547585186 130.743619917</gml:pos>
</gml:Point>
</pos>
<type>標高点（測点）</type>
<alti>52</alti>
</ElevPt>
<ElevPt gml:id="K2_4706712078_1">
<fid>47067-12078-i-307</fid>
<lfSpanFr gml:id="K2_4706712078_1-1">
<gml:timePosition>2020-10-29</gml:timePosition>
</lfSpanFr>
<devDate gml:id="K2_4706712078_1-2">
<gml:timePosition>2020-12-07</gml:timePosition>
</devDate>
<orgGILvl>25000</orgGILvl>
<vis>表示</vis>
<pos>
<gml:Point gml:id="K2_4706712078_1-g" srsName="fguuid:jgd2011.bl">
<gml:pos>33.554020278 130.744886111</gml:pos>
</gml:Point>
</pos>
<type>標高点（測点）</type>
<alti>152</alti>
</ElevPt>
<ElevPt gml:id="K2_4706712081_1">
<fid>47067-12081-i-187</fid>
<lfSpanFr gml:id="K2_4706712081_1-1">
<gml:timePosition>2020-10-29</gml:timePosition>
</lfSpanFr>
<devDate gml:id="K2_4706712081_1-2">
<gml:timePosition>2020-12-07</gml:timePosition>
</devDate>
<orgGILvl>25000</orgGILvl>
<vis>表示</vis>
<pos>
<gml:Point gml:id="K2_4706712081_1-g" srsName="fguuid:jgd2011.bl">
<gml:pos>33.564457500 130.741795833</gml:pos>
</gml:Point>
</pos>
<type>標高点（測点）</type>
<alti>84</alti>
</ElevPt>
<ElevPt gml:id="K2_4706712087_1">
<fid>47067-12087-i-1025</fid>
<lfSpanFr gml:id="K2_4706712087_1-1">
<gml:timePosition>2020-10-29</gml:timePosition>
</lfSpanFr>
<devDate gml:id="K2_4706712087_1-2">
<gml:timePosition>2020-12-07</gml:timePosition>
</devDate>
<orgGILvl>25000</orgGILvl>
<vis>表示</vis>
<pos>
<gml:Point gml:id="K2_4706712087_1-g" srsName="fguuid:jgd2011.bl">
<gml:pos>33.575392222 130.744332778</gml:pos>
</gml:Point>
</pos>
<type>標高点（測点）</type>
<alti>70</alti>
</ElevPt>
<ElevPt gml:id="K2_4706712087_2">
<fid>47067-12087-i-1026</fid>
<lfSpanFr gml:id="K2_4706712087_2-1">
<gml:timePosition>2020-10-29</gml:timePosition>
</lfSpanFr>
<devDate gml:id="K2_4706712087_2-2">
<gml:timePosition>2020-12-07</gml:timePosition>
</devDate>
<orgGILvl>25000</orgGILvl>
<vis>表示</vis>
<pos>
<gml:Point gml:id="K2_4706712087_2-g" srsName="fguuid:jgd2011.bl">
<gml:pos>33.582795833 130.749699167</gml:pos>
</gml:Point>
</pos>
<type>標高点（測点）</type>
<alti>57</alti>
</ElevPt>
</Dataset>
