<?xml version="1.0" encoding="utf-8"?>
<Dataset xsi:schemaLocation="http://fgd.gsi.go.jp/spec/2008/FGD_GMLSchema FGD_GMLSchema.xsd"
	xmlns:gml="http://www.opengis.net/gml/3.2"
	xmlns:xsi="http://www.w3.org/2001/XMLSchema-instance"
	xmlns:xlink="http://www.w3.org/1999/xlink"
	xmlns="http://fgd.gsi.go.jp/spec/2008/FGD_GMLSchema"
	gml:id="Dataset1">
  <gml:description>基盤地図情報メタデータ ID=fmdid:21-0101</gml:description>
  <gml:name>基盤地図情報ダウンロードデータ（GML版）</gml:name>
<AdmPt gml:id="K6_4703412060_1">
<fid>47034-12060-i-322</fid>
<lfSpanFr gml:id="K6_4703412060_1-1">
<gml:timePosition>2016-04-28</gml:timePosition>
</lfSpanFr>
<devDate gml:id="K6_4703412060_1-2">
<gml:timePosition>2020-12-07</gml:timePosition>
</devDate>
<orgGILvl>25000</orgGILvl>
<vis>非表示</vis>
<pos>
<gml:Point gml:id="K6_4703412060_1-g" srsName="fguuid:jgd2011.bl">
<gml:pos>33.505509176 130.651373208</gml:pos>
</gml:Point>
</pos>
<type>町村・指定都市の区</type>
<name>筑前町</name>
<admCode>40447</admCode>
</AdmPt>
<AdmPt gml:id="K6_4703412075_1">
<fid>47034-12075-i-473</fid>
<lfSpanFr gml:id="K6_4703412075_1-1">
<gml:timePosition>2020-08-27</gml:timePosition>
</lfSpanFr>
<devDate gml:id="K6_4703412075_1-2">
<gml:timePosition>2020-12-07</gml:timePosition>
</devDate>
<orgGILvl>25000</orgGILvl>
<vis>非表示</vis>
<pos>
<gml:Point gml:id="K6_4703412075_1-g" srsName="fguuid:jgd2011.bl">
<gml:pos>33.543690085 130.650676028</gml:pos>
</gml:Point>
</pos>
<type>郡市・東京都の区</type>
<name>飯塚市</name>
<admCode>40205</admCode>
</AdmPt>
<AdmPt gml:id="K6_4703712087_1">
<fid>47037-12087-i-2089</fid>
<lfSpanFr gml:id="K6_4703712087_1-1">
<gml:timePosition>2020-08-27</gml:timePosition>
</lfSpanFr>
<devDate gml:id="K6_4703712087_1-2">
<gml:timePosition>2020-12-07</gml:timePosition>
</devDate>
<orgGILvl>25000</orgGILvl>
<vis>非表示</vis>
<pos>
<gml:Point gml:id="K6_4703712087_1-g" srsName="fguuid:jgd2011.bl">
<gml:pos>33.581524028 130.659497819</gml:pos>
</gml:Point>
</pos>
<type>町村・指定都市の区</type>
<name>桂川町</name>
<admCode>40421</admCode>
</AdmPt>
<AdmPt gml:id="K6_4704312078_1">
<fid>47043-12078-i-245</fid>
<lfSpanFr gml:id="K6_4704312078_1-1">
<gml:timePosition>2020-10-29</gml:timePosition>
</lfSpanFr>
<devDate gml:id="K6_4704312078_1-2">
<gml:timePosition>2020-12-07</gml:timePosition>
</devDate>
<orgGILvl>25000</orgGILvl>
<vis>非表示</vis>
<pos>
<gml:Point gml:id="K6_4704312078_1-g" srsName="fguuid:jgd2011.bl">
<gml:pos>33.555964775 130.678832684</gml:pos>
</gml:Point>
</pos>
<type>町村・指定都市の区</type>
<name>桂川町</name>
<admCode>40421</admCode>
</AdmPt>
<AdmPt gml:id="K6_4705812075_1">
<fid>47058-12075-i-952</fid>
<lfSpanFr gml:id="K6_4705812075_1-1">
<gml:timePosition>2020-10-29</gml:timePosition>
</lfSpanFr>
<devDate gml:id="K6_4705812075_1-2">
<gml:timePosition>2020-12-07</gml:timePosition>
</devDate>
<orgGILvl>25000</orgGILvl>
<vis>非表示</vis>
<pos>
<gml:Point gml:id="K6_4705812075_1-g" srsName="fguuid:jgd2011.bl">
<gml:pos>33.541807409 130.717465127</gml:pos>
</gml:Point>
</pos>
<type>郡市・東京都の区</type>
<name>嘉麻市</name>
<admCode>40227</admCode>
</AdmPt>
</Dataset>
