<?xml version="1.0" encoding="utf-8"?>
<Dataset xsi:schemaLocation="http://fgd.gsi.go.jp/spec/2008/FGD_GMLSchema FGD_GMLSchema.xsd"
	xmlns:gml="http://www.opengis.net/gml/3.2"
	xmlns:xsi="http://www.w3.org/2001/XMLSchema-instance"
	xmlns:xlink="http://www.w3.org/1999/xlink"
	xmlns="http://fgd.gsi.go.jp/spec/2008/FGD_GMLSchema"
	gml:id="Dataset1">
  <gml:description>基盤地図情報メタデータ ID=fmdid:21-0101</gml:description>
  <gml:name>基盤地図情報ダウンロードデータ（GML版）</gml:name>
<RailCL gml:id="K21_4702512066_1">
<fid>47025-12066-s-2206</fid>
<lfSpanFr gml:id="K21_4702512066_1-1">
<gml:timePosition>2014-08-11</gml:timePosition>
</lfSpanFr>
<devDate gml:id="K21_4702512066_1-2">
<gml:timePosition>2020-12-07</gml:timePosition>
</devDate>
<orgGILvl>2500</orgGILvl>
<vis>表示</vis>
<loc>
<gml:Curve gml:id="K21_4702512066_1-g" srsName="fguuid:jgd2011.bl">
<gml:segments>
<gml:LineStringSegment>
<gml:posList>
33.519718444 130.628133556
33.519656528 130.628030167
33.519569556 130.627861944
33.519501722 130.627729500
33.519453083 130.627633694
33.519405139 130.627544444
33.519306861 130.627367139
</gml:posList>
</gml:LineStringSegment>
</gml:segments>
</gml:Curve>
</loc>
<type>普通鉄道</type>
</RailCL>
<RailCL gml:id="K21_4702512066_2">
<fid>47025-12066-s-2207</fid>
<lfSpanFr gml:id="K21_4702512066_2-1">
<gml:timePosition>2014-08-11</gml:timePosition>
</lfSpanFr>
<devDate gml:id="K21_4702512066_2-2">
<gml:timePosition>2020-12-07</gml:timePosition>
</devDate>
<orgGILvl>2500</orgGILvl>
<vis>表示</vis>
<loc>
<gml:Curve gml:id="K21_4702512066_2-g" srsName="fguuid:jgd2011.bl">
<gml:segments>
<gml:LineStringSegment>
<gml:posList>
33.520336111 130.628865417
33.520240556 130.628780472
33.520172000 130.628714750
33.520106250 130.628648528
33.520065917 130.628602722
33.520001833 130.628527111
33.519931333 130.628437500
33.519875667 130.628364222
33.519836000 130.628307028
33.519810444 130.628270306
</gml:posList>
</gml:LineStringSegment>
</gml:segments>
</gml:Curve>
</loc>
<type>普通鉄道</type>
</RailCL>
<RailCL gml:id="K21_4702512066_3">
<fid>47025-12066-s-2208</fid>
<lfSpanFr gml:id="K21_4702512066_3-1">
<gml:timePosition>2014-08-11</gml:timePosition>
</lfSpanFr>
<devDate gml:id="K21_4702512066_3-2">
<gml:timePosition>2020-12-07</gml:timePosition>
</devDate>
<orgGILvl>2500</orgGILvl>
<vis>表示</vis>
<loc>
<gml:Curve gml:id="K21_4702512066_3-g" srsName="fguuid:jgd2011.bl">
<gml:segments>
<gml:LineStringSegment>
<gml:posList>
33.523005639 130.631342667
33.522974861 130.631334722
33.522868639 130.631302139
33.522701444 130.631230917
33.522494667 130.631103278
33.522254833 130.630897917
33.522044139 130.630695333
33.521815833 130.630450000
33.521667056 130.630243389
33.521478361 130.629980889
33.521404583 130.629883778
33.521321861 130.629773889
33.521219333 130.629658500
33.521109000 130.629549583
33.520979500 130.629414278
33.520877694 130.629322889
33.520584000 130.629080944
33.520458528 130.628974278
33.520415139 130.628935694
</gml:posList>
</gml:LineStringSegment>
</gml:segments>
</gml:Curve>
</loc>
<type>普通鉄道</type>
</RailCL>
<RailCL gml:id="K21_4702512066_4">
<fid>47025-12066-s-2209</fid>
<lfSpanFr gml:id="K21_4702512066_4-1">
<gml:timePosition>2014-08-11</gml:timePosition>
</lfSpanFr>
<devDate gml:id="K21_4702512066_4-2">
<gml:timePosition>2020-12-07</gml:timePosition>
</devDate>
<orgGILvl>2500</orgGILvl>
<vis>表示</vis>
<loc>
<gml:Curve gml:id="K21_4702512066_4-g" srsName="fguuid:jgd2011.bl">
<gml:segments>
<gml:LineStringSegment>
<gml:posList>
33.523267889 130.631410667
33.523315889 130.631423167
33.523394833 130.631439194
33.523500639 130.631457167
33.523592417 130.631475083
33.523732944 130.631495167
33.524042778 130.631532167
33.524279389 130.631564000
33.524473250 130.631597417
33.524760028 130.631640556
33.525000000 130.631674306
</gml:posList>
</gml:LineStringSegment>
</gml:segments>
</gml:Curve>
</loc>
<type>普通鉄道</type>
</RailCL>
<RailCL gml:id="K21_4702512066_5">
<fid>47025-12066-s-2210</fid>
<lfSpanFr gml:id="K21_4702512066_5-1">
<gml:timePosition>2014-08-11</gml:timePosition>
</lfSpanFr>
<devDate gml:id="K21_4702512066_5-2">
<gml:timePosition>2020-12-07</gml:timePosition>
</devDate>
<orgGILvl>25000</orgGILvl>
<vis>非表示</vis>
<loc>
<gml:Curve gml:id="K21_4702512066_5-g" srsName="fguuid:jgd2011.bl">
<gml:segments>
<gml:LineStringSegment>
<gml:posList>
33.518089694 130.625000000
33.519202500 130.627243889
</gml:posList>
</gml:LineStringSegment>
</gml:segments>
</gml:Curve>
</loc>
<type>トンネル内の鉄道</type>
</RailCL>
<RailCL gml:id="K21_4702512066_6">
<fid>47025-12066-s-2211</fid>
<lfSpanFr gml:id="K21_4702512066_6-1">
<gml:timePosition>2014-08-11</gml:timePosition>
</lfSpanFr>
<devDate gml:id="K21_4702512066_6-2">
<gml:timePosition>2020-12-07</gml:timePosition>
</devDate>
<orgGILvl>25000</orgGILvl>
<vis>非表示</vis>
<loc>
<gml:Curve gml:id="K21_4702512066_6-g" srsName="fguuid:jgd2011.bl">
<gml:segments>
<gml:LineStringSegment>
<gml:posList>
33.519202500 130.627243889
33.519237611 130.627285361
</gml:posList>
</gml:LineStringSegment>
</gml:segments>
</gml:Curve>
</loc>
<type>トンネル内の鉄道</type>
</RailCL>
<RailCL gml:id="K21_4702512066_7">
<fid>47025-12066-s-2212</fid>
<lfSpanFr gml:id="K21_4702512066_7-1">
<gml:timePosition>2014-08-11</gml:timePosition>
</lfSpanFr>
<devDate gml:id="K21_4702512066_7-2">
<gml:timePosition>2020-12-07</gml:timePosition>
</devDate>
<orgGILvl>25000</orgGILvl>
<vis>非表示</vis>
<loc>
<gml:Curve gml:id="K21_4702512066_7-g" srsName="fguuid:jgd2011.bl">
<gml:segments>
<gml:LineStringSegment>
<gml:posList>
33.519254556 130.627305361
33.519306861 130.627367139
</gml:posList>
</gml:LineStringSegment>
</gml:segments>
</gml:Curve>
</loc>
<type>トンネル内の鉄道</type>
</RailCL>
<RailCL gml:id="K21_4702512066_8">
<fid>47025-12066-s-2213</fid>
<lfSpanFr gml:id="K21_4702512066_8-1">
<gml:timePosition>2014-08-11</gml:timePosition>
</lfSpanFr>
<devDate gml:id="K21_4702512066_8-2">
<gml:timePosition>2020-12-07</gml:timePosition>
</devDate>
<orgGILvl>25000</orgGILvl>
<vis>非表示</vis>
<loc>
<gml:Curve gml:id="K21_4702512066_8-g" srsName="fguuid:jgd2011.bl">
<gml:segments>
<gml:LineStringSegment>
<gml:posList>
33.519237611 130.627285361
33.519254556 130.627305361
</gml:posList>
</gml:LineStringSegment>
</gml:segments>
</gml:Curve>
</loc>
<type>普通鉄道</type>
</RailCL>
<RailCL gml:id="K21_4702512066_9">
<fid>47025-12066-s-2214</fid>
<lfSpanFr gml:id="K21_4702512066_9-1">
<gml:timePosition>2014-08-11</gml:timePosition>
</lfSpanFr>
<devDate gml:id="K21_4702512066_9-2">
<gml:timePosition>2020-12-07</gml:timePosition>
</devDate>
<orgGILvl>2500</orgGILvl>
<vis>非表示</vis>
<loc>
<gml:Curve gml:id="K21_4702512066_9-g" srsName="fguuid:jgd2011.bl">
<gml:segments>
<gml:LineStringSegment>
<gml:posList>
33.519810444 130.628270306
33.519737111 130.628164694
33.519718444 130.628133556
</gml:posList>
</gml:LineStringSegment>
</gml:segments>
</gml:Curve>
</loc>
<type>普通鉄道</type>
</RailCL>
<RailCL gml:id="K21_4702512066_10">
<fid>47025-12066-s-2215</fid>
<lfSpanFr gml:id="K21_4702512066_10-1">
<gml:timePosition>2014-08-11</gml:timePosition>
</lfSpanFr>
<devDate gml:id="K21_4702512066_10-2">
<gml:timePosition>2020-12-07</gml:timePosition>
</devDate>
<orgGILvl>2500</orgGILvl>
<vis>非表示</vis>
<loc>
<gml:Curve gml:id="K21_4702512066_10-g" srsName="fguuid:jgd2011.bl">
<gml:segments>
<gml:LineStringSegment>
<gml:posList>
33.520415139 130.628935694
33.520336111 130.628865417
</gml:posList>
</gml:LineStringSegment>
</gml:segments>
</gml:Curve>
</loc>
<type>普通鉄道</type>
</RailCL>
<RailCL gml:id="K21_4702512066_11">
<fid>47025-12066-s-2216</fid>
<lfSpanFr gml:id="K21_4702512066_11-1">
<gml:timePosition>2014-08-11</gml:timePosition>
</lfSpanFr>
<devDate gml:id="K21_4702512066_11-2">
<gml:timePosition>2020-12-07</gml:timePosition>
</devDate>
<orgGILvl>2500</orgGILvl>
<vis>非表示</vis>
<loc>
<gml:Curve gml:id="K21_4702512066_11-g" srsName="fguuid:jgd2011.bl">
<gml:segments>
<gml:LineStringSegment>
<gml:posList>
33.523005639 130.631342667
33.523267889 130.631410667
</gml:posList>
</gml:LineStringSegment>
</gml:segments>
</gml:Curve>
</loc>
<type>普通鉄道</type>
</RailCL>
<RailCL gml:id="K21_4702512069_1">
<fid>47025-12069-s-1485</fid>
<lfSpanFr gml:id="K21_4702512069_1-1">
<gml:timePosition>2014-08-11</gml:timePosition>
</lfSpanFr>
<devDate gml:id="K21_4702512069_1-2">
<gml:timePosition>2020-12-07</gml:timePosition>
</devDate>
<orgGILvl>2500</orgGILvl>
<vis>表示</vis>
<loc>
<gml:Curve gml:id="K21_4702512069_1-g" srsName="fguuid:jgd2011.bl">
<gml:segments>
<gml:LineStringSegment>
<gml:posList>
33.525000000 130.631674306
33.525694667 130.631772028
33.526076861 130.631828417
33.526571833 130.631901250
</gml:posList>
</gml:LineStringSegment>
</gml:segments>
</gml:Curve>
</loc>
<type>普通鉄道</type>
</RailCL>
<RailCL gml:id="K21_4702512069_2">
<fid>47025-12069-s-1486</fid>
<lfSpanFr gml:id="K21_4702512069_2-1">
<gml:timePosition>2014-08-11</gml:timePosition>
</lfSpanFr>
<devDate gml:id="K21_4702512069_2-2">
<gml:timePosition>2020-12-07</gml:timePosition>
</devDate>
<orgGILvl>2500</orgGILvl>
<vis>表示</vis>
<loc>
<gml:Curve gml:id="K21_4702512069_2-g" srsName="fguuid:jgd2011.bl">
<gml:segments>
<gml:LineStringSegment>
<gml:posList>
33.526571833 130.631901250
33.526809167 130.631934056
33.526964611 130.631956861
33.527444861 130.632027389
</gml:posList>
</gml:LineStringSegment>
</gml:segments>
</gml:Curve>
</loc>
<type>普通鉄道</type>
</RailCL>
<RailCL gml:id="K21_4702512069_3">
<fid>47025-12069-s-1487</fid>
<lfSpanFr gml:id="K21_4702512069_3-1">
<gml:timePosition>2014-08-11</gml:timePosition>
</lfSpanFr>
<devDate gml:id="K21_4702512069_3-2">
<gml:timePosition>2020-12-07</gml:timePosition>
</devDate>
<orgGILvl>2500</orgGILvl>
<vis>表示</vis>
<loc>
<gml:Curve gml:id="K21_4702512069_3-g" srsName="fguuid:jgd2011.bl">
<gml:segments>
<gml:LineStringSegment>
<gml:posList>
33.527444861 130.632027389
33.527597444 130.632057861
33.527724361 130.632081111
33.527834278 130.632105972
33.527960667 130.632135139
33.528077889 130.632164778
33.528212472 130.632207278
33.528360472 130.632252306
33.528532250 130.632313056
33.528724861 130.632384167
33.528892417 130.632451694
33.529039139 130.632517500
33.529204833 130.632596167
33.529502889 130.632731083
33.530053694 130.632999972
33.530474944 130.633206611
33.530691667 130.633306917
33.530748250 130.633333333
</gml:posList>
</gml:LineStringSegment>
</gml:segments>
</gml:Curve>
</loc>
<type>普通鉄道</type>
</RailCL>
<RailCL gml:id="K21_4702812069_1">
<fid>47028-12069-s-1484</fid>
<lfSpanFr gml:id="K21_4702812069_1-1">
<gml:timePosition>2014-08-11</gml:timePosition>
</lfSpanFr>
<devDate gml:id="K21_4702812069_1-2">
<gml:timePosition>2020-12-07</gml:timePosition>
</devDate>
<orgGILvl>2500</orgGILvl>
<vis>表示</vis>
<loc>
<gml:Curve gml:id="K21_4702812069_1-g" srsName="fguuid:jgd2011.bl">
<gml:segments>
<gml:LineStringSegment>
<gml:posList>
33.530748250 130.633333333
33.531051639 130.633474972
33.531459694 130.633671250
33.532005000 130.633933472
33.532012861 130.633937306
33.532544889 130.634192944
33.532914278 130.634367083
33.533333333 130.634569222
</gml:posList>
</gml:LineStringSegment>
</gml:segments>
</gml:Curve>
</loc>
<type>普通鉄道</type>
</RailCL>
<RailCL gml:id="K21_4702812072_1">
<fid>47028-12072-s-3600</fid>
<lfSpanFr gml:id="K21_4702812072_1-1">
<gml:timePosition>2014-08-11</gml:timePosition>
</lfSpanFr>
<devDate gml:id="K21_4702812072_1-2">
<gml:timePosition>2020-12-07</gml:timePosition>
</devDate>
<orgGILvl>2500</orgGILvl>
<vis>表示</vis>
<loc>
<gml:Curve gml:id="K21_4702812072_1-g" srsName="fguuid:jgd2011.bl">
<gml:segments>
<gml:LineStringSegment>
<gml:posList>
33.533333333 130.634569222
33.533407750 130.634605111
33.533771444 130.634776611
33.533989639 130.634887556
33.534144611 130.634977667
33.534330750 130.635101889
33.534541056 130.635270278
33.534944806 130.635663278
33.535213222 130.635930694
33.535416722 130.636140000
33.535624083 130.636346194
33.535774111 130.636495667
33.535887444 130.636592722
33.536023111 130.636702194
33.536139417 130.636783556
33.536270917 130.636862556
33.536403500 130.636931250
33.536528167 130.636986278
33.536684444 130.637049583
33.537011722 130.637160194
33.537546583 130.637341222
33.537929278 130.637472917
33.538391889 130.637645861
33.538814778 130.637796028
33.538949167 130.637837778
33.539212722 130.637929917
33.539478972 130.638020667
33.539749139 130.638113417
33.540024139 130.638207694
33.540356556 130.638321194
33.540508750 130.638373222
33.540655778 130.638423639
33.540858833 130.638487833
33.541022389 130.638547111
33.541222389 130.638612083
33.541410667 130.638670944
33.541588528 130.638722861
33.541666667 130.638746167
</gml:posList>
</gml:LineStringSegment>
</gml:segments>
</gml:Curve>
</loc>
<type>普通鉄道</type>
</RailCL>
<RailCL gml:id="K21_4702812075_1">
<fid>47028-12075-s-3017</fid>
<lfSpanFr gml:id="K21_4702812075_1-1">
<gml:timePosition>2020-02-17</gml:timePosition>
</lfSpanFr>
<devDate gml:id="K21_4702812075_1-2">
<gml:timePosition>2020-12-07</gml:timePosition>
</devDate>
<orgGILvl>2500</orgGILvl>
<vis>表示</vis>
<loc>
<gml:Curve gml:id="K21_4702812075_1-g" srsName="fguuid:jgd2011.bl">
<gml:segments>
<gml:LineStringSegment>
<gml:posList>
33.541666667 130.638746167
33.541773083 130.638777861
33.541926417 130.638827833
33.542097722 130.638883444
33.542265167 130.638941000
33.542431139 130.638996306
33.542582861 130.639046500
33.542726000 130.639093833
33.542799917 130.639119889
33.542933056 130.639169417
33.543065944 130.639222167
33.543183944 130.639274444
33.543325167 130.639344806
33.543484306 130.639433528
33.543676556 130.639555917
33.543797194 130.639646194
33.543987139 130.639793583
33.544172222 130.639931806
33.544324556 130.640045556
33.544454389 130.640135667
33.544607083 130.640233583
33.544767528 130.640316139
33.544934111 130.640391361
33.545113917 130.640453833
33.545287528 130.640499528
33.545437833 130.640527667
33.545582528 130.640546111
33.545716167 130.640554722
33.545838444 130.640554639
33.545957000 130.640548778
33.546070750 130.640537083
33.546170083 130.640521611
33.546330917 130.640488972
33.546508806 130.640447417
33.546696833 130.640401611
33.546847417 130.640366861
33.546990694 130.640337306
33.547119028 130.640319000
33.547233250 130.640305500
33.547342333 130.640297944
33.547460694 130.640291083
33.547612889 130.640289917
33.547825417 130.640292278
33.548033278 130.640295500
33.548218056 130.640299056
33.548402444 130.640301833
33.548577833 130.640307139
33.548744222 130.640312806
33.548887861 130.640319417
33.549005750 130.640330472
33.549084222 130.640341222
33.549230639 130.640360333
33.549361111 130.640390583
33.549462250 130.640419444
33.549609917 130.640467833
33.549756250 130.640525389
33.549886444 130.640588917
33.550000000 130.640652806
</gml:posList>
</gml:LineStringSegment>
</gml:segments>
</gml:Curve>
</loc>
<type>普通鉄道</type>
</RailCL>
<RailCL gml:id="K21_4702812078_1">
<fid>47028-12078-s-1939</fid>
<lfSpanFr gml:id="K21_4702812078_1-1">
<gml:timePosition>2016-04-28</gml:timePosition>
</lfSpanFr>
<devDate gml:id="K21_4702812078_1-2">
<gml:timePosition>2020-12-07</gml:timePosition>
</devDate>
<orgGILvl>2500</orgGILvl>
<vis>表示</vis>
<loc>
<gml:Curve gml:id="K21_4702812078_1-g" srsName="fguuid:jgd2011.bl">
<gml:segments>
<gml:LineStringSegment>
<gml:posList>
33.550000000 130.640652806
33.550018667 130.640663333
33.550135389 130.640736833
33.550260778 130.640823639
33.550412667 130.640925222
33.550543028 130.641017389
33.550705722 130.641123222
33.550855944 130.641213167
33.551030861 130.641299472
33.551195611 130.641365556
33.551298500 130.641401306
33.551439278 130.641439167
33.551593444 130.641470722
33.551782806 130.641498694
33.551962278 130.641516056
33.552167194 130.641534389
33.552349278 130.641549889
33.552540056 130.641569139
33.552724500 130.641585278
33.552923722 130.641602972
33.553132417 130.641621500
33.553309111 130.641635944
33.553511333 130.641654833
33.553637389 130.641663556
33.553699278 130.641666667
</gml:posList>
</gml:LineStringSegment>
</gml:segments>
</gml:Curve>
</loc>
<type>普通鉄道</type>
</RailCL>
<RailCL gml:id="K21_4702812078_2">
<fid>47028-12078-s-1940</fid>
<lfSpanFr gml:id="K21_4702812078_2-1">
<gml:timePosition>2016-04-28</gml:timePosition>
</lfSpanFr>
<devDate gml:id="K21_4702812078_2-2">
<gml:timePosition>2020-12-07</gml:timePosition>
</devDate>
<orgGILvl>2500</orgGILvl>
<vis>表示</vis>
<loc>
<gml:Curve gml:id="K21_4702812078_2-g" srsName="fguuid:jgd2011.bl">
<gml:segments>
<gml:LineStringSegment>
<gml:posList>
33.553906667 130.641666667
33.553932444 130.641665583
33.554015194 130.641659000
33.554043500 130.641655750
33.554110278 130.641648139
33.554191944 130.641637056
33.554276750 130.641621417
33.554346861 130.641605611
33.554419472 130.641587000
33.554480111 130.641569528
33.554555417 130.641545194
33.554695750 130.641497667
33.554899611 130.641424333
33.554978778 130.641395889
33.555050306 130.641370306
33.555115056 130.641347528
33.555175139 130.641327444
33.555258556 130.641302889
33.555326139 130.641283111
33.555381639 130.641269944
33.555424806 130.641259556
33.555458500 130.641252194
33.555604778 130.641230694
33.555704389 130.641218639
33.555835361 130.641204444
33.555949222 130.641199861
33.556112861 130.641195000
33.556292472 130.641189389
33.556391111 130.641186306
33.556545444 130.641182861
33.556854250 130.641174250
33.556955611 130.641171917
33.557046306 130.641171000
33.557139278 130.641173417
33.557230889 130.641177556
33.557321278 130.641185028
33.557409556 130.641191889
33.557491917 130.641203611
33.557651861 130.641228361
33.557795389 130.641255556
33.558009528 130.641307889
33.558109306 130.641334611
33.558182778 130.641359722
33.558304722 130.641399500
33.558333333 130.641410444
</gml:posList>
</gml:LineStringSegment>
</gml:segments>
</gml:Curve>
</loc>
<type>普通鉄道</type>
</RailCL>
<RailCL gml:id="K21_4702812081_1">
<fid>47028-12081-s-2031</fid>
<lfSpanFr gml:id="K21_4702812081_1-1">
<gml:timePosition>2016-04-28</gml:timePosition>
</lfSpanFr>
<devDate gml:id="K21_4702812081_1-2">
<gml:timePosition>2020-12-07</gml:timePosition>
</devDate>
<orgGILvl>2500</orgGILvl>
<vis>表示</vis>
<loc>
<gml:Curve gml:id="K21_4702812081_1-g" srsName="fguuid:jgd2011.bl">
<gml:segments>
<gml:LineStringSegment>
<gml:posList>
33.558333333 130.641410444
33.558404639 130.641437750
33.558491056 130.641473778
33.558582583 130.641511861
33.558667722 130.641553306
33.558761806 130.641597722
33.558844806 130.641644444
33.558886222 130.641666667
</gml:posList>
</gml:LineStringSegment>
</gml:segments>
</gml:Curve>
</loc>
<type>普通鉄道</type>
</RailCL>
<RailCL gml:id="K21_4703112078_1">
<fid>47031-12078-s-2011</fid>
<lfSpanFr gml:id="K21_4703112078_1-1">
<gml:timePosition>2016-06-06</gml:timePosition>
</lfSpanFr>
<devDate gml:id="K21_4703112078_1-2">
<gml:timePosition>2020-12-07</gml:timePosition>
</devDate>
<orgGILvl>2500</orgGILvl>
<vis>表示</vis>
<loc>
<gml:Curve gml:id="K21_4703112078_1-g" srsName="fguuid:jgd2011.bl">
<gml:segments>
<gml:LineStringSegment>
<gml:posList>
33.553699278 130.641666667
33.553726722 130.641668056
</gml:posList>
</gml:LineStringSegment>
</gml:segments>
</gml:Curve>
</loc>
<type>普通鉄道</type>
</RailCL>
<RailCL gml:id="K21_4703112078_2">
<fid>47031-12078-s-2012</fid>
<lfSpanFr gml:id="K21_4703112078_2-1">
<gml:timePosition>2016-06-06</gml:timePosition>
</lfSpanFr>
<devDate gml:id="K21_4703112078_2-2">
<gml:timePosition>2020-12-07</gml:timePosition>
</devDate>
<orgGILvl>2500</orgGILvl>
<vis>表示</vis>
<loc>
<gml:Curve gml:id="K21_4703112078_2-g" srsName="fguuid:jgd2011.bl">
<gml:segments>
<gml:LineStringSegment>
<gml:posList>
33.553765167 130.641669472
33.553777167 130.641669778
</gml:posList>
</gml:LineStringSegment>
</gml:segments>
</gml:Curve>
</loc>
<type>普通鉄道</type>
</RailCL>
<RailCL gml:id="K21_4703112078_3">
<fid>47031-12078-s-2013</fid>
<lfSpanFr gml:id="K21_4703112078_3-1">
<gml:timePosition>2016-06-06</gml:timePosition>
</lfSpanFr>
<devDate gml:id="K21_4703112078_3-2">
<gml:timePosition>2020-12-07</gml:timePosition>
</devDate>
<orgGILvl>2500</orgGILvl>
<vis>表示</vis>
<loc>
<gml:Curve gml:id="K21_4703112078_3-g" srsName="fguuid:jgd2011.bl">
<gml:segments>
<gml:LineStringSegment>
<gml:posList>
33.553777167 130.641669778
33.553858694 130.641668694
33.553906667 130.641666667
</gml:posList>
</gml:LineStringSegment>
</gml:segments>
</gml:Curve>
</loc>
<type>普通鉄道</type>
</RailCL>
<RailCL gml:id="K21_4703112078_4">
<fid>47031-12078-s-2014</fid>
<lfSpanFr gml:id="K21_4703112078_4-1">
<gml:timePosition>2016-06-06</gml:timePosition>
</lfSpanFr>
<devDate gml:id="K21_4703112078_4-2">
<gml:timePosition>2020-12-07</gml:timePosition>
</devDate>
<orgGILvl>2500</orgGILvl>
<vis>非表示</vis>
<loc>
<gml:Curve gml:id="K21_4703112078_4-g" srsName="fguuid:jgd2011.bl">
<gml:segments>
<gml:LineStringSegment>
<gml:posList>
33.553726722 130.641668056
33.553744722 130.641668944
33.553765167 130.641669472
</gml:posList>
</gml:LineStringSegment>
</gml:segments>
</gml:Curve>
</loc>
<type>普通鉄道</type>
</RailCL>
<RailCL gml:id="K21_4703112081_1">
<fid>47031-12081-s-5384</fid>
<lfSpanFr gml:id="K21_4703112081_1-1">
<gml:timePosition>2016-06-06</gml:timePosition>
</lfSpanFr>
<devDate gml:id="K21_4703112081_1-2">
<gml:timePosition>2020-12-07</gml:timePosition>
</devDate>
<orgGILvl>2500</orgGILvl>
<vis>表示</vis>
<loc>
<gml:Curve gml:id="K21_4703112081_1-g" srsName="fguuid:jgd2011.bl">
<gml:segments>
<gml:LineStringSegment>
<gml:posList>
33.558886222 130.641666667
33.558944167 130.641697778
33.559067083 130.641767583
33.559192167 130.641839222
33.559392944 130.641957944
33.559510806 130.642025944
33.559663556 130.642114389
33.559854028 130.642224111
33.560009389 130.642316194
33.560086889 130.642362417
33.560175667 130.642412972
33.560299028 130.642485389
33.560446889 130.642569750
33.560574611 130.642646333
33.560668250 130.642698083
33.560805722 130.642777639
33.561170444 130.642991556
33.561275667 130.643053167
33.561388111 130.643116889
33.561522694 130.643196028
33.561668278 130.643281278
33.561821556 130.643368639
33.561955500 130.643447667
33.562103611 130.643534528
33.562256972 130.643623944
33.562554583 130.643797611
33.562700083 130.643882556
33.562809556 130.643944556
33.562930222 130.644013861
33.563055194 130.644083583
33.563154556 130.644137889
33.563256056 130.644189278
33.563351306 130.644235194
33.563440778 130.644279639
33.563528917 130.644320417
33.563625944 130.644361472
33.563745111 130.644410222
33.563871500 130.644460750
33.563960139 130.644492917
33.564054833 130.644527528
33.564137500 130.644554111
33.564227833 130.644582722
33.564292083 130.644601306
33.564460750 130.644648972
33.564560444 130.644673444
33.564838194 130.644747750
33.564841639 130.644748667
33.565063167 130.644808500
33.565147167 130.644831417
33.565261083 130.644869389
33.565394750 130.644913778
33.565471167 130.644935750
33.565556194 130.644960500
33.565661056 130.644990111
33.565759139 130.645016222
33.565897833 130.645055278
33.565997889 130.645079750
33.566112778 130.645110417
33.566660611 130.645259722
33.566666667 130.645261333
</gml:posList>
</gml:LineStringSegment>
</gml:segments>
</gml:Curve>
</loc>
<type>普通鉄道</type>
</RailCL>
<RailCL gml:id="K21_4703112084_1">
<fid>47031-12084-s-7795</fid>
<lfSpanFr gml:id="K21_4703112084_1-1">
<gml:timePosition>2016-06-06</gml:timePosition>
</lfSpanFr>
<devDate gml:id="K21_4703112084_1-2">
<gml:timePosition>2020-12-07</gml:timePosition>
</devDate>
<orgGILvl>2500</orgGILvl>
<vis>表示</vis>
<loc>
<gml:Curve gml:id="K21_4703112084_1-g" srsName="fguuid:jgd2011.bl">
<gml:segments>
<gml:LineStringSegment>
<gml:posList>
33.566666667 130.645261333
33.567559083 130.645497528
33.567579750 130.645503167
33.567877528 130.645583806
33.568273861 130.645687083
33.568388806 130.645715472
33.568708750 130.645789028
33.568887417 130.645830750
33.569060472 130.645871944
33.570407611 130.646230083
33.570554583 130.646268806
33.570666389 130.646299806
33.570747167 130.646326167
33.570882833 130.646375056
33.571020056 130.646429667
33.571098139 130.646464889
33.571184000 130.646505250
33.571245944 130.646535361
33.571307639 130.646571639
33.571452972 130.646658194
33.571568583 130.646730972
33.571624778 130.646768000
33.571711972 130.646831083
33.571819694 130.646914361
33.571913250 130.646993250
33.571974889 130.647046000
33.572054194 130.647123667
33.572132389 130.647198750
33.572195333 130.647264306
33.572267694 130.647343167
33.572346944 130.647431500
33.572431806 130.647536167
33.572499056 130.647626611
33.572556278 130.647705222
33.572635583 130.647818333
33.572798583 130.648064000
33.572861167 130.648162528
33.573027611 130.648414333
33.573097528 130.648519417
33.573165500 130.648617472
33.573238556 130.648718000
33.573306333 130.648802278
33.573376361 130.648884722
33.573454500 130.648972000
33.573527389 130.649047000
33.573596750 130.649113278
33.573670222 130.649176861
33.573746222 130.649237417
33.573821861 130.649295389
33.573889639 130.649344444
33.573961083 130.649391861
33.574060250 130.649449222
33.574164667 130.649509972
33.574260917 130.649561500
33.574549000 130.649713944
33.574875972 130.649887250
33.575000000 130.649953694
</gml:posList>
</gml:LineStringSegment>
</gml:segments>
</gml:Curve>
</loc>
<type>普通鉄道</type>
</RailCL>
<RailCL gml:id="K21_4703112087_1">
<fid>47031-12087-s-6130</fid>
<lfSpanFr gml:id="K21_4703112087_1-1">
<gml:timePosition>2016-06-06</gml:timePosition>
</lfSpanFr>
<devDate gml:id="K21_4703112087_1-2">
<gml:timePosition>2020-12-07</gml:timePosition>
</devDate>
<orgGILvl>2500</orgGILvl>
<vis>表示</vis>
<loc>
<gml:Curve gml:id="K21_4703112087_1-g" srsName="fguuid:jgd2011.bl">
<gml:segments>
<gml:LineStringSegment>
<gml:posList>
33.575000000 130.649953694
33.575086472 130.650000000
</gml:posList>
</gml:LineStringSegment>
</gml:segments>
</gml:Curve>
</loc>
<type>普通鉄道</type>
</RailCL>
<RailCL gml:id="K21_4703412087_1">
<fid>47034-12087-s-7717</fid>
<lfSpanFr gml:id="K21_4703412087_1-1">
<gml:timePosition>2016-06-06</gml:timePosition>
</lfSpanFr>
<devDate gml:id="K21_4703412087_1-2">
<gml:timePosition>2020-12-07</gml:timePosition>
</devDate>
<orgGILvl>2500</orgGILvl>
<vis>非表示</vis>
<loc>
<gml:Curve gml:id="K21_4703412087_1-g" srsName="fguuid:jgd2011.bl">
<gml:segments>
<gml:LineStringSegment>
<gml:posList>
33.575910222 130.650438472
33.576015889 130.650494167
</gml:posList>
</gml:LineStringSegment>
</gml:segments>
</gml:Curve>
</loc>
<type>普通鉄道</type>
</RailCL>
<RailCL gml:id="K21_4703412087_2">
<fid>47034-12087-s-7718</fid>
<lfSpanFr gml:id="K21_4703412087_2-1">
<gml:timePosition>2016-06-06</gml:timePosition>
</lfSpanFr>
<devDate gml:id="K21_4703412087_2-2">
<gml:timePosition>2020-12-07</gml:timePosition>
</devDate>
<orgGILvl>2500</orgGILvl>
<vis>表示</vis>
<loc>
<gml:Curve gml:id="K21_4703412087_2-g" srsName="fguuid:jgd2011.bl">
<gml:segments>
<gml:LineStringSegment>
<gml:posList>
33.575086472 130.650000000
33.575199278 130.650060444
33.575543778 130.650241944
33.575909421 130.650438043
</gml:posList>
</gml:LineStringSegment>
</gml:segments>
</gml:Curve>
</loc>
<type>普通鉄道</type>
</RailCL>
<RailCL gml:id="K21_4703412087_3">
<fid>47034-12087-s-7719</fid>
<lfSpanFr gml:id="K21_4703412087_3-1">
<gml:timePosition>2016-06-06</gml:timePosition>
</lfSpanFr>
<devDate gml:id="K21_4703412087_3-2">
<gml:timePosition>2020-12-07</gml:timePosition>
</devDate>
<orgGILvl>2500</orgGILvl>
<vis>非表示</vis>
<loc>
<gml:Curve gml:id="K21_4703412087_3-g" srsName="fguuid:jgd2011.bl">
<gml:segments>
<gml:LineStringSegment>
<gml:posList>
33.576015889 130.650494167
33.576016798 130.650494648
</gml:posList>
</gml:LineStringSegment>
</gml:segments>
</gml:Curve>
</loc>
<type>普通鉄道</type>
</RailCL>
<RailCL gml:id="K21_4703412087_4">
<fid>47034-12087-s-7720</fid>
<lfSpanFr gml:id="K21_4703412087_4-1">
<gml:timePosition>2016-06-06</gml:timePosition>
</lfSpanFr>
<devDate gml:id="K21_4703412087_4-2">
<gml:timePosition>2020-12-07</gml:timePosition>
</devDate>
<orgGILvl>2500</orgGILvl>
<vis>非表示</vis>
<loc>
<gml:Curve gml:id="K21_4703412087_4-g" srsName="fguuid:jgd2011.bl">
<gml:segments>
<gml:LineStringSegment>
<gml:posList>
33.575909421 130.650438043
33.575910222 130.650438472
</gml:posList>
</gml:LineStringSegment>
</gml:segments>
</gml:Curve>
</loc>
<type>普通鉄道</type>
</RailCL>
<RailCL gml:id="K21_4703412087_5">
<fid>47034-12087-s-7864</fid>
<lfSpanFr gml:id="K21_4703412087_5-1">
<gml:timePosition>2016-06-06</gml:timePosition>
</lfSpanFr>
<devDate gml:id="K21_4703412087_5-2">
<gml:timePosition>2020-12-07</gml:timePosition>
</devDate>
<orgGILvl>2500</orgGILvl>
<vis>表示</vis>
<loc>
<gml:Curve gml:id="K21_4703412087_5-g" srsName="fguuid:jgd2011.bl">
<gml:segments>
<gml:LineStringSegment>
<gml:posList>
33.576016798 130.650494648
33.576091278 130.650534056
33.576409056 130.650703833
33.576764667 130.650892194
33.577134194 130.651090000
33.577471028 130.651268750
33.577824194 130.651453361
33.578200139 130.651654278
33.578908472 130.652030611
33.579732389 130.652469722
33.580238361 130.652738528
33.580710556 130.652989056
33.581103167 130.653196889
33.581126750 130.653209500
33.581781083 130.653558944
33.581787222 130.653562167
33.581799417 130.653568667
33.582357278 130.653863778
33.582591083 130.653990278
33.582818917 130.654112528
33.582928667 130.654177250
33.582992778 130.654214917
33.583043278 130.654244556
33.583144000 130.654313528
33.583257389 130.654396472
33.583333333 130.654452528
</gml:posList>
</gml:LineStringSegment>
</gml:segments>
</gml:Curve>
</loc>
<type>普通鉄道</type>
</RailCL>
<RailCL gml:id="K21_4705212087_1">
<fid>47052-12087-s-10525</fid>
<lfSpanFr gml:id="K21_4705212087_1-1">
<gml:timePosition>2018-08-06</gml:timePosition>
</lfSpanFr>
<devDate gml:id="K21_4705212087_1-2">
<gml:timePosition>2020-12-07</gml:timePosition>
</devDate>
<orgGILvl>2500</orgGILvl>
<vis>表示</vis>
<loc>
<gml:Curve gml:id="K21_4705212087_1-g" srsName="fguuid:jgd2011.bl">
<gml:segments>
<gml:LineStringSegment>
<gml:posList>
33.581617833 130.706368000
33.581674583 130.706343028
</gml:posList>
</gml:LineStringSegment>
</gml:segments>
</gml:Curve>
</loc>
<type>索道</type>
</RailCL>
</Dataset>
