<?xml version="1.0" encoding="utf-8"?>
<Dataset xsi:schemaLocation="http://fgd.gsi.go.jp/spec/2008/FGD_GMLSchema FGD_GMLSchema.xsd"
	xmlns:gml="http://www.opengis.net/gml/3.2"
	xmlns:xsi="http://www.w3.org/2001/XMLSchema-instance"
	xmlns:xlink="http://www.w3.org/1999/xlink"
	xmlns="http://fgd.gsi.go.jp/spec/2008/FGD_GMLSchema"
	gml:id="Dataset1">
  <gml:description>基盤地図情報メタデータ ID=fmdid:21-0101</gml:description>
  <gml:name>基盤地図情報ダウンロードデータ（GML版）</gml:name>
<WStrL gml:id="K27_4703712084_1">
<fid>47037-12084-s-3151</fid>
<lfSpanFr gml:id="K27_4703712084_1-1">
<gml:timePosition>2016-06-06</gml:timePosition>
</lfSpanFr>
<devDate gml:id="K27_4703712084_1-2">
<gml:timePosition>2020-12-07</gml:timePosition>
</devDate>
<orgGILvl>2500</orgGILvl>
<vis>表示</vis>
<loc>
<gml:Curve gml:id="K27_4703712084_1-g" srsName="fguuid:jgd2011.bl">
<gml:segments>
<gml:LineStringSegment>
<gml:posList>
33.569041278 130.663709692
33.569047663 130.663709968
33.569047781 130.663720384
33.569047657 130.663724391
33.569045124 130.663724638
33.569045744 130.663737205
33.569049252 130.663737192
33.569049866 130.663744342
33.569049877 130.663751612
33.569040123 130.663752565
33.569039704 130.663737692
33.569042823 130.663737217
33.569042403 130.663725575
33.569037135 130.663724669
33.569037313 130.663720575
33.569037339 130.663719918
33.569037320 130.663709955
</gml:posList>
</gml:LineStringSegment>
</gml:segments>
</gml:Curve>
</loc>
<type>水門</type>
</WStrL>
<WStrL gml:id="K27_4703712084_2">
<fid>47037-12084-s-3152</fid>
<lfSpanFr gml:id="K27_4703712084_2-1">
<gml:timePosition>2016-06-06</gml:timePosition>
</lfSpanFr>
<devDate gml:id="K27_4703712084_2-2">
<gml:timePosition>2020-12-07</gml:timePosition>
</devDate>
<orgGILvl>2500</orgGILvl>
<vis>表示</vis>
<loc>
<gml:Curve gml:id="K27_4703712084_2-g" srsName="fguuid:jgd2011.bl">
<gml:segments>
<gml:LineStringSegment>
<gml:posList>
33.569037320 130.663709955
33.569041278 130.663709692
</gml:posList>
</gml:LineStringSegment>
</gml:segments>
</gml:Curve>
</loc>
<type>水門</type>
</WStrL>
<WStrL gml:id="K27_4703712084_3">
<fid>47037-12084-s-3163</fid>
<lfSpanFr gml:id="K27_4703712084_3-1">
<gml:timePosition>2016-06-06</gml:timePosition>
</lfSpanFr>
<devDate gml:id="K27_4703712084_3-2">
<gml:timePosition>2020-12-07</gml:timePosition>
</devDate>
<orgGILvl>2500</orgGILvl>
<vis>表示</vis>
<loc>
<gml:Curve gml:id="K27_4703712084_3-g" srsName="fguuid:jgd2011.bl">
<gml:segments>
<gml:LineStringSegment>
<gml:posList>
33.570513874 130.663259188
33.570503541 130.663256191
</gml:posList>
</gml:LineStringSegment>
</gml:segments>
</gml:Curve>
</loc>
<type>水門</type>
</WStrL>
<WStrL gml:id="K27_4703712084_4">
<fid>47037-12084-s-3422</fid>
<lfSpanFr gml:id="K27_4703712084_4-1">
<gml:timePosition>2018-08-06</gml:timePosition>
</lfSpanFr>
<devDate gml:id="K27_4703712084_4-2">
<gml:timePosition>2020-12-07</gml:timePosition>
</devDate>
<orgGILvl>2500</orgGILvl>
<vis>表示</vis>
<loc>
<gml:Curve gml:id="K27_4703712084_4-g" srsName="fguuid:jgd2011.bl">
<gml:segments>
<gml:LineStringSegment>
<gml:posList>
33.570502342 130.663262809
33.570493629 130.663258437
33.570496250 130.663247580
33.570504483 130.663251049
</gml:posList>
</gml:LineStringSegment>
</gml:segments>
</gml:Curve>
</loc>
<type>水門</type>
</WStrL>
<WStrL gml:id="K27_4703712084_5">
<fid>47037-12084-s-3423</fid>
<lfSpanFr gml:id="K27_4703712084_5-1">
<gml:timePosition>2018-08-06</gml:timePosition>
</lfSpanFr>
<devDate gml:id="K27_4703712084_5-2">
<gml:timePosition>2020-12-07</gml:timePosition>
</devDate>
<orgGILvl>2500</orgGILvl>
<vis>表示</vis>
<loc>
<gml:Curve gml:id="K27_4703712084_5-g" srsName="fguuid:jgd2011.bl">
<gml:segments>
<gml:LineStringSegment>
<gml:posList>
33.570504483 130.663251049
33.570502342 130.663262809
</gml:posList>
</gml:LineStringSegment>
</gml:segments>
</gml:Curve>
</loc>
<type>水門</type>
</WStrL>
<WStrL gml:id="K27_4703712084_6">
<fid>47037-12084-s-3424</fid>
<lfSpanFr gml:id="K27_4703712084_6-1">
<gml:timePosition>2018-08-06</gml:timePosition>
</lfSpanFr>
<devDate gml:id="K27_4703712084_6-2">
<gml:timePosition>2020-12-07</gml:timePosition>
</devDate>
<orgGILvl>2500</orgGILvl>
<vis>表示</vis>
<loc>
<gml:Curve gml:id="K27_4703712084_6-g" srsName="fguuid:jgd2011.bl">
<gml:segments>
<gml:LineStringSegment>
<gml:posList>
33.570523422 130.663258893
33.570521086 130.663268725
33.570512088 130.663265593
33.570514901 130.663255533
</gml:posList>
</gml:LineStringSegment>
</gml:segments>
</gml:Curve>
</loc>
<type>水門</type>
</WStrL>
<WStrL gml:id="K27_4703712084_7">
<fid>47037-12084-s-3425</fid>
<lfSpanFr gml:id="K27_4703712084_7-1">
<gml:timePosition>2018-08-06</gml:timePosition>
</lfSpanFr>
<devDate gml:id="K27_4703712084_7-2">
<gml:timePosition>2020-12-07</gml:timePosition>
</devDate>
<orgGILvl>2500</orgGILvl>
<vis>表示</vis>
<loc>
<gml:Curve gml:id="K27_4703712084_7-g" srsName="fguuid:jgd2011.bl">
<gml:segments>
<gml:LineStringSegment>
<gml:posList>
33.570514901 130.663255533
33.570523422 130.663258893
</gml:posList>
</gml:LineStringSegment>
</gml:segments>
</gml:Curve>
</loc>
<type>水門</type>
</WStrL>
<WStrL gml:id="K27_4704012078_1">
<fid>47040-12078-s-1377</fid>
<lfSpanFr gml:id="K27_4704012078_1-1">
<gml:timePosition>2016-06-06</gml:timePosition>
</lfSpanFr>
<devDate gml:id="K27_4704012078_1-2">
<gml:timePosition>2020-12-07</gml:timePosition>
</devDate>
<orgGILvl>2500</orgGILvl>
<vis>表示</vis>
<loc>
<gml:Curve gml:id="K27_4704012078_1-g" srsName="fguuid:jgd2011.bl">
<gml:segments>
<gml:LineStringSegment>
<gml:posList>
33.552908292 130.669178551
33.552891593 130.669178615
33.552891124 130.669003380
33.552907823 130.669003317
33.552908292 130.669178551
</gml:posList>
</gml:LineStringSegment>
</gml:segments>
</gml:Curve>
</loc>
<type>せき</type>
</WStrL>
<WStrL gml:id="K27_4704012078_2">
<fid>47040-12078-s-1378</fid>
<lfSpanFr gml:id="K27_4704012078_2-1">
<gml:timePosition>2016-06-06</gml:timePosition>
</lfSpanFr>
<devDate gml:id="K27_4704012078_2-2">
<gml:timePosition>2020-12-07</gml:timePosition>
</devDate>
<orgGILvl>2500</orgGILvl>
<vis>表示</vis>
<loc>
<gml:Curve gml:id="K27_4704012078_2-g" srsName="fguuid:jgd2011.bl">
<gml:segments>
<gml:LineStringSegment>
<gml:posList>
33.554967351 130.670148054
33.554967977 130.670383127
33.554952468 130.670383186
33.554951842 130.670148113
33.554967351 130.670148054
</gml:posList>
</gml:LineStringSegment>
</gml:segments>
</gml:Curve>
</loc>
<type>せき</type>
</WStrL>
<WStrL gml:id="K27_4704012078_3">
<fid>47040-12078-s-1379</fid>
<lfSpanFr gml:id="K27_4704012078_3-1">
<gml:timePosition>2016-06-06</gml:timePosition>
</lfSpanFr>
<devDate gml:id="K27_4704012078_3-2">
<gml:timePosition>2020-12-07</gml:timePosition>
</devDate>
<orgGILvl>2500</orgGILvl>
<vis>表示</vis>
<loc>
<gml:Curve gml:id="K27_4704012078_3-g" srsName="fguuid:jgd2011.bl">
<gml:segments>
<gml:LineStringSegment>
<gml:posList>
33.556129859 130.670330370
33.556088523 130.670383104
33.556075767 130.670363950
33.556121352 130.670315227
</gml:posList>
</gml:LineStringSegment>
</gml:segments>
</gml:Curve>
</loc>
<type>せき</type>
</WStrL>
<WStrL gml:id="K27_4704012078_4">
<fid>47040-12078-s-1380</fid>
<lfSpanFr gml:id="K27_4704012078_4-1">
<gml:timePosition>2016-06-06</gml:timePosition>
</lfSpanFr>
<devDate gml:id="K27_4704012078_4-2">
<gml:timePosition>2020-12-07</gml:timePosition>
</devDate>
<orgGILvl>2500</orgGILvl>
<vis>表示</vis>
<loc>
<gml:Curve gml:id="K27_4704012078_4-g" srsName="fguuid:jgd2011.bl">
<gml:segments>
<gml:LineStringSegment>
<gml:posList>
33.556121352 130.670315227
33.556129859 130.670330370
</gml:posList>
</gml:LineStringSegment>
</gml:segments>
</gml:Curve>
</loc>
<type>せき</type>
</WStrL>
<WStrL gml:id="K27_4704012078_5">
<fid>47040-12078-s-1381</fid>
<lfSpanFr gml:id="K27_4704012078_5-1">
<gml:timePosition>2016-06-06</gml:timePosition>
</lfSpanFr>
<devDate gml:id="K27_4704012078_5-2">
<gml:timePosition>2020-12-07</gml:timePosition>
</devDate>
<orgGILvl>2500</orgGILvl>
<vis>表示</vis>
<loc>
<gml:Curve gml:id="K27_4704012078_5-g" srsName="fguuid:jgd2011.bl">
<gml:segments>
<gml:LineStringSegment>
<gml:posList>
33.558093306 130.671416083
33.558104100 130.671413070
</gml:posList>
</gml:LineStringSegment>
</gml:segments>
</gml:Curve>
</loc>
<type>せき</type>
</WStrL>
<WStrL gml:id="K27_4704012078_6">
<fid>47040-12078-s-1386</fid>
<lfSpanFr gml:id="K27_4704012078_6-1">
<gml:timePosition>2016-06-06</gml:timePosition>
</lfSpanFr>
<devDate gml:id="K27_4704012078_6-2">
<gml:timePosition>2020-12-07</gml:timePosition>
</devDate>
<orgGILvl>2500</orgGILvl>
<vis>表示</vis>
<loc>
<gml:Curve gml:id="K27_4704012078_6-g" srsName="fguuid:jgd2011.bl">
<gml:segments>
<gml:LineStringSegment>
<gml:posList>
33.558104100 130.671413070
33.558105197 130.671439247
33.558106092 130.671460439
33.558107208 130.671487004
</gml:posList>
</gml:LineStringSegment>
</gml:segments>
</gml:Curve>
</loc>
<type>せき</type>
</WStrL>
<WStrL gml:id="K27_4704012078_7">
<fid>47040-12078-s-1387</fid>
<lfSpanFr gml:id="K27_4704012078_7-1">
<gml:timePosition>2016-06-06</gml:timePosition>
</lfSpanFr>
<devDate gml:id="K27_4704012078_7-2">
<gml:timePosition>2020-12-07</gml:timePosition>
</devDate>
<orgGILvl>2500</orgGILvl>
<vis>表示</vis>
<loc>
<gml:Curve gml:id="K27_4704012078_7-g" srsName="fguuid:jgd2011.bl">
<gml:segments>
<gml:LineStringSegment>
<gml:posList>
33.555583837 130.669434102
33.555532021 130.669509503
</gml:posList>
</gml:LineStringSegment>
</gml:segments>
</gml:Curve>
</loc>
<type>せき</type>
</WStrL>
<WStrL gml:id="K27_4704012078_8">
<fid>47040-12078-s-1388</fid>
<lfSpanFr gml:id="K27_4704012078_8-1">
<gml:timePosition>2016-06-06</gml:timePosition>
</lfSpanFr>
<devDate gml:id="K27_4704012078_8-2">
<gml:timePosition>2020-12-07</gml:timePosition>
</devDate>
<orgGILvl>2500</orgGILvl>
<vis>表示</vis>
<loc>
<gml:Curve gml:id="K27_4704012078_8-g" srsName="fguuid:jgd2011.bl">
<gml:segments>
<gml:LineStringSegment>
<gml:posList>
33.555594819 130.669447145
33.555544371 130.669518449
</gml:posList>
</gml:LineStringSegment>
</gml:segments>
</gml:Curve>
</loc>
<type>せき</type>
</WStrL>
<WStrL gml:id="K27_4704012078_9">
<fid>47040-12078-s-1533</fid>
<lfSpanFr gml:id="K27_4704012078_9-1">
<gml:timePosition>2018-08-06</gml:timePosition>
</lfSpanFr>
<devDate gml:id="K27_4704012078_9-2">
<gml:timePosition>2020-12-07</gml:timePosition>
</devDate>
<orgGILvl>2500</orgGILvl>
<vis>表示</vis>
<loc>
<gml:Curve gml:id="K27_4704012078_9-g" srsName="fguuid:jgd2011.bl">
<gml:segments>
<gml:LineStringSegment>
<gml:posList>
33.558093798 130.671445365
33.558093712 130.671440120
33.558093306 130.671416083
</gml:posList>
</gml:LineStringSegment>
</gml:segments>
</gml:Curve>
</loc>
<type>せき</type>
</WStrL>
<WStrL gml:id="K27_4704012078_10">
<fid>47040-12078-s-1534</fid>
<lfSpanFr gml:id="K27_4704012078_10-1">
<gml:timePosition>2018-08-06</gml:timePosition>
</lfSpanFr>
<devDate gml:id="K27_4704012078_10-2">
<gml:timePosition>2020-12-07</gml:timePosition>
</devDate>
<orgGILvl>2500</orgGILvl>
<vis>表示</vis>
<loc>
<gml:Curve gml:id="K27_4704012078_10-g" srsName="fguuid:jgd2011.bl">
<gml:segments>
<gml:LineStringSegment>
<gml:posList>
33.558094258 130.671462239
33.558094218 130.671460947
33.558093798 130.671445365
</gml:posList>
</gml:LineStringSegment>
</gml:segments>
</gml:Curve>
</loc>
<type>せき</type>
</WStrL>
<WStrL gml:id="K27_4704012078_11">
<fid>47040-12078-s-1535</fid>
<lfSpanFr gml:id="K27_4704012078_11-1">
<gml:timePosition>2018-08-06</gml:timePosition>
</lfSpanFr>
<devDate gml:id="K27_4704012078_11-2">
<gml:timePosition>2020-12-07</gml:timePosition>
</devDate>
<orgGILvl>2500</orgGILvl>
<vis>表示</vis>
<loc>
<gml:Curve gml:id="K27_4704012078_11-g" srsName="fguuid:jgd2011.bl">
<gml:segments>
<gml:LineStringSegment>
<gml:posList>
33.558095171 130.671490528
33.558094258 130.671462239
</gml:posList>
</gml:LineStringSegment>
</gml:segments>
</gml:Curve>
</loc>
<type>せき</type>
</WStrL>
<WStrL gml:id="K27_4704012078_12">
<fid>47040-12078-s-1536</fid>
<lfSpanFr gml:id="K27_4704012078_12-1">
<gml:timePosition>2018-08-06</gml:timePosition>
</lfSpanFr>
<devDate gml:id="K27_4704012078_12-2">
<gml:timePosition>2020-12-07</gml:timePosition>
</devDate>
<orgGILvl>2500</orgGILvl>
<vis>表示</vis>
<loc>
<gml:Curve gml:id="K27_4704012078_12-g" srsName="fguuid:jgd2011.bl">
<gml:segments>
<gml:LineStringSegment>
<gml:posList>
33.558107208 130.671487004
33.558095171 130.671490528
</gml:posList>
</gml:LineStringSegment>
</gml:segments>
</gml:Curve>
</loc>
<type>せき</type>
</WStrL>
<WStrL gml:id="K27_4704012081_1">
<fid>47040-12081-s-1378</fid>
<lfSpanFr gml:id="K27_4704012081_1-1">
<gml:timePosition>2018-08-06</gml:timePosition>
</lfSpanFr>
<devDate gml:id="K27_4704012081_1-2">
<gml:timePosition>2020-12-07</gml:timePosition>
</devDate>
<orgGILvl>2500</orgGILvl>
<vis>表示</vis>
<loc>
<gml:Curve gml:id="K27_4704012081_1-g" srsName="fguuid:jgd2011.bl">
<gml:segments>
<gml:LineStringSegment>
<gml:posList>
33.563144809 130.674990084
33.563127602 130.674971796
</gml:posList>
</gml:LineStringSegment>
</gml:segments>
</gml:Curve>
</loc>
<type>せき</type>
</WStrL>
<WStrL gml:id="K27_4704012081_2">
<fid>47040-12081-s-1379</fid>
<lfSpanFr gml:id="K27_4704012081_2-1">
<gml:timePosition>2018-08-06</gml:timePosition>
</lfSpanFr>
<devDate gml:id="K27_4704012081_2-2">
<gml:timePosition>2020-12-07</gml:timePosition>
</devDate>
<orgGILvl>2500</orgGILvl>
<vis>表示</vis>
<loc>
<gml:Curve gml:id="K27_4704012081_2-g" srsName="fguuid:jgd2011.bl">
<gml:segments>
<gml:LineStringSegment>
<gml:posList>
33.563136576 130.674959182
33.563143260 130.674949711
</gml:posList>
</gml:LineStringSegment>
</gml:segments>
</gml:Curve>
</loc>
<type>せき</type>
</WStrL>
<WStrL gml:id="K27_4704012081_3">
<fid>47040-12081-s-1380</fid>
<lfSpanFr gml:id="K27_4704012081_3-1">
<gml:timePosition>2018-08-06</gml:timePosition>
</lfSpanFr>
<devDate gml:id="K27_4704012081_3-2">
<gml:timePosition>2020-12-07</gml:timePosition>
</devDate>
<orgGILvl>2500</orgGILvl>
<vis>表示</vis>
<loc>
<gml:Curve gml:id="K27_4704012081_3-g" srsName="fguuid:jgd2011.bl">
<gml:segments>
<gml:LineStringSegment>
<gml:posList>
33.563168370 130.674952644
33.563166925 130.674954943
33.563146622 130.674987202
33.563144809 130.674990084
</gml:posList>
</gml:LineStringSegment>
</gml:segments>
</gml:Curve>
</loc>
<type>せき</type>
</WStrL>
<WStrL gml:id="K27_4704012081_4">
<fid>47040-12081-s-1381</fid>
<lfSpanFr gml:id="K27_4704012081_4-1">
<gml:timePosition>2018-08-06</gml:timePosition>
</lfSpanFr>
<devDate gml:id="K27_4704012081_4-2">
<gml:timePosition>2020-12-07</gml:timePosition>
</devDate>
<orgGILvl>2500</orgGILvl>
<vis>表示</vis>
<loc>
<gml:Curve gml:id="K27_4704012081_4-g" srsName="fguuid:jgd2011.bl">
<gml:segments>
<gml:LineStringSegment>
<gml:posList>
33.563152080 130.674936721
33.563168370 130.674952644
</gml:posList>
</gml:LineStringSegment>
</gml:segments>
</gml:Curve>
</loc>
<type>せき</type>
</WStrL>
<WStrL gml:id="K27_4704012081_5">
<fid>47040-12081-s-1535</fid>
<lfSpanFr gml:id="K27_4704012081_5-1">
<gml:timePosition>2018-08-06</gml:timePosition>
</lfSpanFr>
<devDate gml:id="K27_4704012081_5-2">
<gml:timePosition>2020-12-07</gml:timePosition>
</devDate>
<orgGILvl>2500</orgGILvl>
<vis>表示</vis>
<loc>
<gml:Curve gml:id="K27_4704012081_5-g" srsName="fguuid:jgd2011.bl">
<gml:segments>
<gml:LineStringSegment>
<gml:posList>
33.563127602 130.674971796
33.563129479 130.674969161
33.563136576 130.674959182
</gml:posList>
</gml:LineStringSegment>
</gml:segments>
</gml:Curve>
</loc>
<type>せき</type>
</WStrL>
<WStrL gml:id="K27_4704012081_6">
<fid>47040-12081-s-1536</fid>
<lfSpanFr gml:id="K27_4704012081_6-1">
<gml:timePosition>2018-08-06</gml:timePosition>
</lfSpanFr>
<devDate gml:id="K27_4704012081_6-2">
<gml:timePosition>2020-12-07</gml:timePosition>
</devDate>
<orgGILvl>2500</orgGILvl>
<vis>表示</vis>
<loc>
<gml:Curve gml:id="K27_4704012081_6-g" srsName="fguuid:jgd2011.bl">
<gml:segments>
<gml:LineStringSegment>
<gml:posList>
33.563143260 130.674949711
33.563150194 130.674939497
33.563152080 130.674936721
</gml:posList>
</gml:LineStringSegment>
</gml:segments>
</gml:Curve>
</loc>
<type>せき</type>
</WStrL>
<WStrL gml:id="K27_4704012084_1">
<fid>47040-12084-s-1929</fid>
<lfSpanFr gml:id="K27_4704012084_1-1">
<gml:timePosition>2018-08-06</gml:timePosition>
</lfSpanFr>
<devDate gml:id="K27_4704012084_1-2">
<gml:timePosition>2020-12-07</gml:timePosition>
</devDate>
<orgGILvl>2500</orgGILvl>
<vis>表示</vis>
<loc>
<gml:Curve gml:id="K27_4704012084_1-g" srsName="fguuid:jgd2011.bl">
<gml:segments>
<gml:LineStringSegment>
<gml:posList>
33.574942275 130.670566552
33.574942393 130.670553431
</gml:posList>
</gml:LineStringSegment>
</gml:segments>
</gml:Curve>
</loc>
<type>水門</type>
</WStrL>
<WStrL gml:id="K27_4704012084_2">
<fid>47040-12084-s-1930</fid>
<lfSpanFr gml:id="K27_4704012084_2-1">
<gml:timePosition>2018-08-06</gml:timePosition>
</lfSpanFr>
<devDate gml:id="K27_4704012084_2-2">
<gml:timePosition>2020-12-07</gml:timePosition>
</devDate>
<orgGILvl>2500</orgGILvl>
<vis>表示</vis>
<loc>
<gml:Curve gml:id="K27_4704012084_2-g" srsName="fguuid:jgd2011.bl">
<gml:segments>
<gml:LineStringSegment>
<gml:posList>
33.574942393 130.670553431
33.574955901 130.670553735
33.574956078 130.670565788
33.574951922 130.670565987
33.574951908 130.670567560
33.574951823 130.670576501
33.574951801 130.670578397
33.574955064 130.670578029
33.574954954 130.670590805
33.574943521 130.670590849
33.574943632 130.670578428
33.574947788 130.670578240
33.574947822 130.670577227
33.574948184 130.670567714
33.574948218 130.670566702
33.574942275 130.670566552
</gml:posList>
</gml:LineStringSegment>
</gml:segments>
</gml:Curve>
</loc>
<type>水門</type>
</WStrL>
<WStrL gml:id="K27_4704012087_1">
<fid>47040-12087-s-5402</fid>
<lfSpanFr gml:id="K27_4704012087_1-1">
<gml:timePosition>2018-08-06</gml:timePosition>
</lfSpanFr>
<devDate gml:id="K27_4704012087_1-2">
<gml:timePosition>2020-12-07</gml:timePosition>
</devDate>
<orgGILvl>2500</orgGILvl>
<vis>表示</vis>
<loc>
<gml:Curve gml:id="K27_4704012087_1-g" srsName="fguuid:jgd2011.bl">
<gml:segments>
<gml:LineStringSegment>
<gml:posList>
33.576427916 130.670926213
33.576439184 130.670931836
33.576434717 130.670943799
33.576429465 130.670942333
33.576429018 130.670943735
33.576425691 130.670954078
33.576425244 130.670955480
33.576430751 130.670958152
33.576427031 130.670969811
33.576414521 130.670964785
33.576418242 130.670953417
33.576422240 130.670954899
33.576422454 130.670954112
33.576425902 130.670941678
33.576426214 130.670940557
33.576422946 130.670939061
</gml:posList>
</gml:LineStringSegment>
</gml:segments>
</gml:Curve>
</loc>
<type>水門</type>
</WStrL>
<WStrL gml:id="K27_4704012087_2">
<fid>47040-12087-s-5403</fid>
<lfSpanFr gml:id="K27_4704012087_2-1">
<gml:timePosition>2018-08-06</gml:timePosition>
</lfSpanFr>
<devDate gml:id="K27_4704012087_2-2">
<gml:timePosition>2020-12-07</gml:timePosition>
</devDate>
<orgGILvl>2500</orgGILvl>
<vis>表示</vis>
<loc>
<gml:Curve gml:id="K27_4704012087_2-g" srsName="fguuid:jgd2011.bl">
<gml:segments>
<gml:LineStringSegment>
<gml:posList>
33.576422946 130.670939061
33.576427916 130.670926213
</gml:posList>
</gml:LineStringSegment>
</gml:segments>
</gml:Curve>
</loc>
<type>水門</type>
</WStrL>
<WStrL gml:id="K27_4704012087_3">
<fid>47040-12087-s-5404</fid>
<lfSpanFr gml:id="K27_4704012087_3-1">
<gml:timePosition>2018-08-06</gml:timePosition>
</lfSpanFr>
<devDate gml:id="K27_4704012087_3-2">
<gml:timePosition>2020-12-07</gml:timePosition>
</devDate>
<orgGILvl>2500</orgGILvl>
<vis>表示</vis>
<loc>
<gml:Curve gml:id="K27_4704012087_3-g" srsName="fguuid:jgd2011.bl">
<gml:segments>
<gml:LineStringSegment>
<gml:posList>
33.576870074 130.671177886
33.576881591 130.671185803
33.576876954 130.671194977
33.576870779 130.671192210
33.576870286 130.671193246
33.576865937 130.671202419
33.576865480 130.671203380
33.576870487 130.671207734
33.576865848 130.671216509
33.576854331 130.671208582
33.576859304 130.671200408
33.576863476 130.671202590
33.576863754 130.671202007
33.576868417 130.671192370
33.576868776 130.671191625
33.576864276 130.671188055
</gml:posList>
</gml:LineStringSegment>
</gml:segments>
</gml:Curve>
</loc>
<type>水門</type>
</WStrL>
<WStrL gml:id="K27_4704012087_4">
<fid>47040-12087-s-5405</fid>
<lfSpanFr gml:id="K27_4704012087_4-1">
<gml:timePosition>2018-08-06</gml:timePosition>
</lfSpanFr>
<devDate gml:id="K27_4704012087_4-2">
<gml:timePosition>2020-12-07</gml:timePosition>
</devDate>
<orgGILvl>2500</orgGILvl>
<vis>表示</vis>
<loc>
<gml:Curve gml:id="K27_4704012087_4-g" srsName="fguuid:jgd2011.bl">
<gml:segments>
<gml:LineStringSegment>
<gml:posList>
33.576864276 130.671188055
33.576870074 130.671177886
</gml:posList>
</gml:LineStringSegment>
</gml:segments>
</gml:Curve>
</loc>
<type>水門</type>
</WStrL>
<WStrL gml:id="K27_4704012087_5">
<fid>47040-12087-s-5406</fid>
<lfSpanFr gml:id="K27_4704012087_5-1">
<gml:timePosition>2018-08-06</gml:timePosition>
</lfSpanFr>
<devDate gml:id="K27_4704012087_5-2">
<gml:timePosition>2020-12-07</gml:timePosition>
</devDate>
<orgGILvl>2500</orgGILvl>
<vis>表示</vis>
<loc>
<gml:Curve gml:id="K27_4704012087_5-g" srsName="fguuid:jgd2011.bl">
<gml:segments>
<gml:LineStringSegment>
<gml:posList>
33.576898373 130.672522827
33.576904069 130.672515179
33.576906725 130.672517172
33.576908827 130.672513976
33.576913128 130.672507453
33.576913649 130.672506665
33.576910586 130.672504177
33.576917109 130.672495341
33.576925749 130.672502967
33.576919227 130.672512127
33.576915603 130.672508995
33.576914939 130.672510075
33.576910225 130.672517698
33.576909229 130.672519317
33.576912583 130.672522956
33.576907302 130.672530786
</gml:posList>
</gml:LineStringSegment>
</gml:segments>
</gml:Curve>
</loc>
<type>水門</type>
</WStrL>
<WStrL gml:id="K27_4704012087_6">
<fid>47040-12087-s-5407</fid>
<lfSpanFr gml:id="K27_4704012087_6-1">
<gml:timePosition>2018-08-06</gml:timePosition>
</lfSpanFr>
<devDate gml:id="K27_4704012087_6-2">
<gml:timePosition>2020-12-07</gml:timePosition>
</devDate>
<orgGILvl>2500</orgGILvl>
<vis>表示</vis>
<loc>
<gml:Curve gml:id="K27_4704012087_6-g" srsName="fguuid:jgd2011.bl">
<gml:segments>
<gml:LineStringSegment>
<gml:posList>
33.576907302 130.672530786
33.576898373 130.672522827
</gml:posList>
</gml:LineStringSegment>
</gml:segments>
</gml:Curve>
</loc>
<type>水門</type>
</WStrL>
<WStrL gml:id="K27_4704312081_1">
<fid>47043-12081-s-1552</fid>
<lfSpanFr gml:id="K27_4704312081_1-1">
<gml:timePosition>2018-08-06</gml:timePosition>
</lfSpanFr>
<devDate gml:id="K27_4704312081_1-2">
<gml:timePosition>2020-12-07</gml:timePosition>
</devDate>
<orgGILvl>2500</orgGILvl>
<vis>表示</vis>
<loc>
<gml:Curve gml:id="K27_4704312081_1-g" srsName="fguuid:jgd2011.bl">
<gml:segments>
<gml:LineStringSegment>
<gml:posList>
33.562975945 130.681516919
33.562981483 130.681503597
</gml:posList>
</gml:LineStringSegment>
</gml:segments>
</gml:Curve>
</loc>
<type>せき</type>
</WStrL>
<WStrL gml:id="K27_4704312081_2">
<fid>47043-12081-s-1553</fid>
<lfSpanFr gml:id="K27_4704312081_2-1">
<gml:timePosition>2018-08-06</gml:timePosition>
</lfSpanFr>
<devDate gml:id="K27_4704312081_2-2">
<gml:timePosition>2020-12-07</gml:timePosition>
</devDate>
<orgGILvl>2500</orgGILvl>
<vis>表示</vis>
<loc>
<gml:Curve gml:id="K27_4704312081_2-g" srsName="fguuid:jgd2011.bl">
<gml:segments>
<gml:LineStringSegment>
<gml:posList>
33.563007996 130.681553787
33.562975945 130.681516919
</gml:posList>
</gml:LineStringSegment>
</gml:segments>
</gml:Curve>
</loc>
<type>せき</type>
</WStrL>
<WStrL gml:id="K27_4704312081_3">
<fid>47043-12081-s-1554</fid>
<lfSpanFr gml:id="K27_4704312081_3-1">
<gml:timePosition>2018-08-06</gml:timePosition>
</lfSpanFr>
<devDate gml:id="K27_4704312081_3-2">
<gml:timePosition>2020-12-07</gml:timePosition>
</devDate>
<orgGILvl>2500</orgGILvl>
<vis>表示</vis>
<loc>
<gml:Curve gml:id="K27_4704312081_3-g" srsName="fguuid:jgd2011.bl">
<gml:segments>
<gml:LineStringSegment>
<gml:posList>
33.563058164 130.681451801
33.563026072 130.681416301
</gml:posList>
</gml:LineStringSegment>
</gml:segments>
</gml:Curve>
</loc>
<type>せき</type>
</WStrL>
<WStrL gml:id="K27_4704312081_4">
<fid>47043-12081-s-1555</fid>
<lfSpanFr gml:id="K27_4704312081_4-1">
<gml:timePosition>2018-08-06</gml:timePosition>
</lfSpanFr>
<devDate gml:id="K27_4704312081_4-2">
<gml:timePosition>2020-12-07</gml:timePosition>
</devDate>
<orgGILvl>2500</orgGILvl>
<vis>表示</vis>
<loc>
<gml:Curve gml:id="K27_4704312081_4-g" srsName="fguuid:jgd2011.bl">
<gml:segments>
<gml:LineStringSegment>
<gml:posList>
33.563411341 130.675253007
33.563403676 130.675246110
</gml:posList>
</gml:LineStringSegment>
</gml:segments>
</gml:Curve>
</loc>
<type>せき</type>
</WStrL>
<WStrL gml:id="K27_4704312081_5">
<fid>47043-12081-s-1556</fid>
<lfSpanFr gml:id="K27_4704312081_5-1">
<gml:timePosition>2018-08-06</gml:timePosition>
</lfSpanFr>
<devDate gml:id="K27_4704312081_5-2">
<gml:timePosition>2020-12-07</gml:timePosition>
</devDate>
<orgGILvl>2500</orgGILvl>
<vis>表示</vis>
<loc>
<gml:Curve gml:id="K27_4704312081_5-g" srsName="fguuid:jgd2011.bl">
<gml:segments>
<gml:LineStringSegment>
<gml:posList>
33.563410337 130.675234851
33.563423017 130.675211453
33.563426507 130.675204999
</gml:posList>
</gml:LineStringSegment>
</gml:segments>
</gml:Curve>
</loc>
<type>せき</type>
</WStrL>
<WStrL gml:id="K27_4704312081_6">
<fid>47043-12081-s-1557</fid>
<lfSpanFr gml:id="K27_4704312081_6-1">
<gml:timePosition>2018-08-06</gml:timePosition>
</lfSpanFr>
<devDate gml:id="K27_4704312081_6-2">
<gml:timePosition>2020-12-07</gml:timePosition>
</devDate>
<orgGILvl>2500</orgGILvl>
<vis>表示</vis>
<loc>
<gml:Curve gml:id="K27_4704312081_6-g" srsName="fguuid:jgd2011.bl">
<gml:segments>
<gml:LineStringSegment>
<gml:posList>
33.563433938 130.675212091
33.563432295 130.675215070
33.563412642 130.675250654
33.563411341 130.675253007
</gml:posList>
</gml:LineStringSegment>
</gml:segments>
</gml:Curve>
</loc>
<type>せき</type>
</WStrL>
<WStrL gml:id="K27_4704312081_7">
<fid>47043-12081-s-1558</fid>
<lfSpanFr gml:id="K27_4704312081_7-1">
<gml:timePosition>2018-08-06</gml:timePosition>
</lfSpanFr>
<devDate gml:id="K27_4704312081_7-2">
<gml:timePosition>2020-12-07</gml:timePosition>
</devDate>
<orgGILvl>2500</orgGILvl>
<vis>表示</vis>
<loc>
<gml:Curve gml:id="K27_4704312081_7-g" srsName="fguuid:jgd2011.bl">
<gml:segments>
<gml:LineStringSegment>
<gml:posList>
33.563426507 130.675204999
33.563433938 130.675212091
</gml:posList>
</gml:LineStringSegment>
</gml:segments>
</gml:Curve>
</loc>
<type>せき</type>
</WStrL>
<WStrL gml:id="K27_4704312081_8">
<fid>47043-12081-s-1559</fid>
<lfSpanFr gml:id="K27_4704312081_8-1">
<gml:timePosition>2018-08-06</gml:timePosition>
</lfSpanFr>
<devDate gml:id="K27_4704312081_8-2">
<gml:timePosition>2020-12-07</gml:timePosition>
</devDate>
<orgGILvl>2500</orgGILvl>
<vis>表示</vis>
<loc>
<gml:Curve gml:id="K27_4704312081_8-g" srsName="fguuid:jgd2011.bl">
<gml:segments>
<gml:LineStringSegment>
<gml:posList>
33.564009189 130.675858015
33.564000680 130.675848547
</gml:posList>
</gml:LineStringSegment>
</gml:segments>
</gml:Curve>
</loc>
<type>せき</type>
</WStrL>
<WStrL gml:id="K27_4704312081_9">
<fid>47043-12081-s-1560</fid>
<lfSpanFr gml:id="K27_4704312081_9-1">
<gml:timePosition>2018-08-06</gml:timePosition>
</lfSpanFr>
<devDate gml:id="K27_4704312081_9-2">
<gml:timePosition>2020-12-07</gml:timePosition>
</devDate>
<orgGILvl>2500</orgGILvl>
<vis>表示</vis>
<loc>
<gml:Curve gml:id="K27_4704312081_9-g" srsName="fguuid:jgd2011.bl">
<gml:segments>
<gml:LineStringSegment>
<gml:posList>
33.564050205 130.675795457
33.564048741 130.675797692
33.564011461 130.675854549
33.564009189 130.675858015
</gml:posList>
</gml:LineStringSegment>
</gml:segments>
</gml:Curve>
</loc>
<type>せき</type>
</WStrL>
<WStrL gml:id="K27_4704312081_10">
<fid>47043-12081-s-1561</fid>
<lfSpanFr gml:id="K27_4704312081_10-1">
<gml:timePosition>2018-08-06</gml:timePosition>
</lfSpanFr>
<devDate gml:id="K27_4704312081_10-2">
<gml:timePosition>2020-12-07</gml:timePosition>
</devDate>
<orgGILvl>2500</orgGILvl>
<vis>表示</vis>
<loc>
<gml:Curve gml:id="K27_4704312081_10-g" srsName="fguuid:jgd2011.bl">
<gml:segments>
<gml:LineStringSegment>
<gml:posList>
33.564015072 130.675828621
33.564025328 130.675812610
</gml:posList>
</gml:LineStringSegment>
</gml:segments>
</gml:Curve>
</loc>
<type>せき</type>
</WStrL>
<WStrL gml:id="K27_4704312081_11">
<fid>47043-12081-s-1562</fid>
<lfSpanFr gml:id="K27_4704312081_11-1">
<gml:timePosition>2018-08-06</gml:timePosition>
</lfSpanFr>
<devDate gml:id="K27_4704312081_11-2">
<gml:timePosition>2020-12-07</gml:timePosition>
</devDate>
<orgGILvl>2500</orgGILvl>
<vis>表示</vis>
<loc>
<gml:Curve gml:id="K27_4704312081_11-g" srsName="fguuid:jgd2011.bl">
<gml:segments>
<gml:LineStringSegment>
<gml:posList>
33.564040440 130.675788578
33.564050205 130.675795457
</gml:posList>
</gml:LineStringSegment>
</gml:segments>
</gml:Curve>
</loc>
<type>せき</type>
</WStrL>
<WStrL gml:id="K27_4704312081_12">
<fid>47043-12081-s-1786</fid>
<lfSpanFr gml:id="K27_4704312081_12-1">
<gml:timePosition>2018-08-06</gml:timePosition>
</lfSpanFr>
<devDate gml:id="K27_4704312081_12-2">
<gml:timePosition>2020-12-07</gml:timePosition>
</devDate>
<orgGILvl>2500</orgGILvl>
<vis>表示</vis>
<loc>
<gml:Curve gml:id="K27_4704312081_12-g" srsName="fguuid:jgd2011.bl">
<gml:segments>
<gml:LineStringSegment>
<gml:posList>
33.562981483 130.681503597
33.563014685 130.681542809
</gml:posList>
</gml:LineStringSegment>
</gml:segments>
</gml:Curve>
</loc>
<type>せき</type>
</WStrL>
<WStrL gml:id="K27_4704312081_13">
<fid>47043-12081-s-1787</fid>
<lfSpanFr gml:id="K27_4704312081_13-1">
<gml:timePosition>2018-08-06</gml:timePosition>
</lfSpanFr>
<devDate gml:id="K27_4704312081_13-2">
<gml:timePosition>2020-12-07</gml:timePosition>
</devDate>
<orgGILvl>2500</orgGILvl>
<vis>表示</vis>
<loc>
<gml:Curve gml:id="K27_4704312081_13-g" srsName="fguuid:jgd2011.bl">
<gml:segments>
<gml:LineStringSegment>
<gml:posList>
33.563014685 130.681542809
33.563007996 130.681553787
</gml:posList>
</gml:LineStringSegment>
</gml:segments>
</gml:Curve>
</loc>
<type>せき</type>
</WStrL>
<WStrL gml:id="K27_4704312081_14">
<fid>47043-12081-s-1788</fid>
<lfSpanFr gml:id="K27_4704312081_14-1">
<gml:timePosition>2018-08-06</gml:timePosition>
</lfSpanFr>
<devDate gml:id="K27_4704312081_14-2">
<gml:timePosition>2020-12-07</gml:timePosition>
</devDate>
<orgGILvl>2500</orgGILvl>
<vis>表示</vis>
<loc>
<gml:Curve gml:id="K27_4704312081_14-g" srsName="fguuid:jgd2011.bl">
<gml:segments>
<gml:LineStringSegment>
<gml:posList>
33.563026072 130.681416301
33.563032761 130.681408748
</gml:posList>
</gml:LineStringSegment>
</gml:segments>
</gml:Curve>
</loc>
<type>せき</type>
</WStrL>
<WStrL gml:id="K27_4704312081_15">
<fid>47043-12081-s-1789</fid>
<lfSpanFr gml:id="K27_4704312081_15-1">
<gml:timePosition>2018-08-06</gml:timePosition>
</lfSpanFr>
<devDate gml:id="K27_4704312081_15-2">
<gml:timePosition>2020-12-07</gml:timePosition>
</devDate>
<orgGILvl>2500</orgGILvl>
<vis>表示</vis>
<loc>
<gml:Curve gml:id="K27_4704312081_15-g" srsName="fguuid:jgd2011.bl">
<gml:segments>
<gml:LineStringSegment>
<gml:posList>
33.563032761 130.681408748
33.563063287 130.681441593
</gml:posList>
</gml:LineStringSegment>
</gml:segments>
</gml:Curve>
</loc>
<type>せき</type>
</WStrL>
<WStrL gml:id="K27_4704312081_16">
<fid>47043-12081-s-1790</fid>
<lfSpanFr gml:id="K27_4704312081_16-1">
<gml:timePosition>2018-08-06</gml:timePosition>
</lfSpanFr>
<devDate gml:id="K27_4704312081_16-2">
<gml:timePosition>2020-12-07</gml:timePosition>
</devDate>
<orgGILvl>2500</orgGILvl>
<vis>表示</vis>
<loc>
<gml:Curve gml:id="K27_4704312081_16-g" srsName="fguuid:jgd2011.bl">
<gml:segments>
<gml:LineStringSegment>
<gml:posList>
33.563063287 130.681441593
33.563058164 130.681451801
</gml:posList>
</gml:LineStringSegment>
</gml:segments>
</gml:Curve>
</loc>
<type>せき</type>
</WStrL>
<WStrL gml:id="K27_4704312081_17">
<fid>47043-12081-s-1791</fid>
<lfSpanFr gml:id="K27_4704312081_17-1">
<gml:timePosition>2018-08-06</gml:timePosition>
</lfSpanFr>
<devDate gml:id="K27_4704312081_17-2">
<gml:timePosition>2020-12-07</gml:timePosition>
</devDate>
<orgGILvl>2500</orgGILvl>
<vis>表示</vis>
<loc>
<gml:Curve gml:id="K27_4704312081_17-g" srsName="fguuid:jgd2011.bl">
<gml:segments>
<gml:LineStringSegment>
<gml:posList>
33.563403676 130.675246110
33.563405068 130.675243757
33.563410337 130.675234851
</gml:posList>
</gml:LineStringSegment>
</gml:segments>
</gml:Curve>
</loc>
<type>せき</type>
</WStrL>
<WStrL gml:id="K27_4704312081_18">
<fid>47043-12081-s-1792</fid>
<lfSpanFr gml:id="K27_4704312081_18-1">
<gml:timePosition>2018-08-06</gml:timePosition>
</lfSpanFr>
<devDate gml:id="K27_4704312081_18-2">
<gml:timePosition>2020-12-07</gml:timePosition>
</devDate>
<orgGILvl>2500</orgGILvl>
<vis>表示</vis>
<loc>
<gml:Curve gml:id="K27_4704312081_18-g" srsName="fguuid:jgd2011.bl">
<gml:segments>
<gml:LineStringSegment>
<gml:posList>
33.563749340 130.675578111
33.563749547 130.675577787
33.563769194 130.675546522
33.563769337 130.675546295
</gml:posList>
</gml:LineStringSegment>
</gml:segments>
</gml:Curve>
</loc>
<type>せき</type>
</WStrL>
<WStrL gml:id="K27_4704312081_19">
<fid>47043-12081-s-1793</fid>
<lfSpanFr gml:id="K27_4704312081_19-1">
<gml:timePosition>2018-08-06</gml:timePosition>
</lfSpanFr>
<devDate gml:id="K27_4704312081_19-2">
<gml:timePosition>2020-12-07</gml:timePosition>
</devDate>
<orgGILvl>2500</orgGILvl>
<vis>表示</vis>
<loc>
<gml:Curve gml:id="K27_4704312081_19-g" srsName="fguuid:jgd2011.bl">
<gml:segments>
<gml:LineStringSegment>
<gml:posList>
33.563769337 130.675546295
33.563777545 130.675554009
33.563776485 130.675555488
33.563757259 130.675582271
33.563755777 130.675584334
33.563749340 130.675578111
</gml:posList>
</gml:LineStringSegment>
</gml:segments>
</gml:Curve>
</loc>
<type>せき</type>
</WStrL>
<WStrL gml:id="K27_4704312081_20">
<fid>47043-12081-s-1794</fid>
<lfSpanFr gml:id="K27_4704312081_20-1">
<gml:timePosition>2018-08-06</gml:timePosition>
</lfSpanFr>
<devDate gml:id="K27_4704312081_20-2">
<gml:timePosition>2020-12-07</gml:timePosition>
</devDate>
<orgGILvl>2500</orgGILvl>
<vis>表示</vis>
<loc>
<gml:Curve gml:id="K27_4704312081_20-g" srsName="fguuid:jgd2011.bl">
<gml:segments>
<gml:LineStringSegment>
<gml:posList>
33.564000680 130.675848547
33.564002665 130.675845793
33.564015072 130.675828621
</gml:posList>
</gml:LineStringSegment>
</gml:segments>
</gml:Curve>
</loc>
<type>せき</type>
</WStrL>
<WStrL gml:id="K27_4704312081_21">
<fid>47043-12081-s-1795</fid>
<lfSpanFr gml:id="K27_4704312081_21-1">
<gml:timePosition>2018-08-06</gml:timePosition>
</lfSpanFr>
<devDate gml:id="K27_4704312081_21-2">
<gml:timePosition>2020-12-07</gml:timePosition>
</devDate>
<orgGILvl>2500</orgGILvl>
<vis>表示</vis>
<loc>
<gml:Curve gml:id="K27_4704312081_21-g" srsName="fguuid:jgd2011.bl">
<gml:segments>
<gml:LineStringSegment>
<gml:posList>
33.564025328 130.675812610
33.564038707 130.675791331
33.564040440 130.675788578
</gml:posList>
</gml:LineStringSegment>
</gml:segments>
</gml:Curve>
</loc>
<type>せき</type>
</WStrL>
<WStrL gml:id="K27_4704312084_1">
<fid>47043-12084-s-3817</fid>
<lfSpanFr gml:id="K27_4704312084_1-1">
<gml:timePosition>2018-08-06</gml:timePosition>
</lfSpanFr>
<devDate gml:id="K27_4704312084_1-2">
<gml:timePosition>2020-12-07</gml:timePosition>
</devDate>
<orgGILvl>2500</orgGILvl>
<vis>表示</vis>
<loc>
<gml:Curve gml:id="K27_4704312084_1-g" srsName="fguuid:jgd2011.bl">
<gml:segments>
<gml:LineStringSegment>
<gml:posList>
33.566757559 130.676025466
33.566747799 130.676023995
</gml:posList>
</gml:LineStringSegment>
</gml:segments>
</gml:Curve>
</loc>
<type>せき</type>
</WStrL>
<WStrL gml:id="K27_4704312084_2">
<fid>47043-12084-s-3818</fid>
<lfSpanFr gml:id="K27_4704312084_2-1">
<gml:timePosition>2018-08-06</gml:timePosition>
</lfSpanFr>
<devDate gml:id="K27_4704312084_2-2">
<gml:timePosition>2020-12-07</gml:timePosition>
</devDate>
<orgGILvl>2500</orgGILvl>
<vis>表示</vis>
<loc>
<gml:Curve gml:id="K27_4704312084_2-g" srsName="fguuid:jgd2011.bl">
<gml:segments>
<gml:LineStringSegment>
<gml:posList>
33.566749749 130.676007788
33.566751350 130.675999370
</gml:posList>
</gml:LineStringSegment>
</gml:segments>
</gml:Curve>
</loc>
<type>せき</type>
</WStrL>
<WStrL gml:id="K27_4704312084_3">
<fid>47043-12084-s-3819</fid>
<lfSpanFr gml:id="K27_4704312084_3-1">
<gml:timePosition>2018-08-06</gml:timePosition>
</lfSpanFr>
<devDate gml:id="K27_4704312084_3-2">
<gml:timePosition>2020-12-07</gml:timePosition>
</devDate>
<orgGILvl>2500</orgGILvl>
<vis>表示</vis>
<loc>
<gml:Curve gml:id="K27_4704312084_3-g" srsName="fguuid:jgd2011.bl">
<gml:segments>
<gml:LineStringSegment>
<gml:posList>
33.566754911 130.675978407
33.566763762 130.675980528
</gml:posList>
</gml:LineStringSegment>
</gml:segments>
</gml:Curve>
</loc>
<type>せき</type>
</WStrL>
<WStrL gml:id="K27_4704312084_4">
<fid>47043-12084-s-3820</fid>
<lfSpanFr gml:id="K27_4704312084_4-1">
<gml:timePosition>2018-08-06</gml:timePosition>
</lfSpanFr>
<devDate gml:id="K27_4704312084_4-2">
<gml:timePosition>2020-12-07</gml:timePosition>
</devDate>
<orgGILvl>2500</orgGILvl>
<vis>表示</vis>
<loc>
<gml:Curve gml:id="K27_4704312084_4-g" srsName="fguuid:jgd2011.bl">
<gml:segments>
<gml:LineStringSegment>
<gml:posList>
33.566763762 130.675980528
33.566763470 130.675982640
33.566757975 130.676022459
33.566757559 130.676025466
</gml:posList>
</gml:LineStringSegment>
</gml:segments>
</gml:Curve>
</loc>
<type>せき</type>
</WStrL>
<WStrL gml:id="K27_4704312084_5">
<fid>47043-12084-s-3821</fid>
<lfSpanFr gml:id="K27_4704312084_5-1">
<gml:timePosition>2018-08-06</gml:timePosition>
</lfSpanFr>
<devDate gml:id="K27_4704312084_5-2">
<gml:timePosition>2020-12-07</gml:timePosition>
</devDate>
<orgGILvl>2500</orgGILvl>
<vis>表示</vis>
<loc>
<gml:Curve gml:id="K27_4704312084_5-g" srsName="fguuid:jgd2011.bl">
<gml:segments>
<gml:LineStringSegment>
<gml:posList>
33.566866492 130.676029378
33.566868453 130.676017502
</gml:posList>
</gml:LineStringSegment>
</gml:segments>
</gml:Curve>
</loc>
<type>せき</type>
</WStrL>
<WStrL gml:id="K27_4704312084_6">
<fid>47043-12084-s-3822</fid>
<lfSpanFr gml:id="K27_4704312084_6-1">
<gml:timePosition>2018-08-06</gml:timePosition>
</lfSpanFr>
<devDate gml:id="K27_4704312084_6-2">
<gml:timePosition>2020-12-07</gml:timePosition>
</devDate>
<orgGILvl>2500</orgGILvl>
<vis>表示</vis>
<loc>
<gml:Curve gml:id="K27_4704312084_6-g" srsName="fguuid:jgd2011.bl">
<gml:segments>
<gml:LineStringSegment>
<gml:posList>
33.566870934 130.676000862
33.566882445 130.676002984
</gml:posList>
</gml:LineStringSegment>
</gml:segments>
</gml:Curve>
</loc>
<type>せき</type>
</WStrL>
<WStrL gml:id="K27_4704312084_7">
<fid>47043-12084-s-3823</fid>
<lfSpanFr gml:id="K27_4704312084_7-1">
<gml:timePosition>2018-08-06</gml:timePosition>
</lfSpanFr>
<devDate gml:id="K27_4704312084_7-2">
<gml:timePosition>2020-12-07</gml:timePosition>
</devDate>
<orgGILvl>2500</orgGILvl>
<vis>表示</vis>
<loc>
<gml:Curve gml:id="K27_4704312084_7-g" srsName="fguuid:jgd2011.bl">
<gml:segments>
<gml:LineStringSegment>
<gml:posList>
33.566882445 130.676002984
33.566876527 130.676042902
33.566876234 130.676044895
</gml:posList>
</gml:LineStringSegment>
</gml:segments>
</gml:Curve>
</loc>
<type>せき</type>
</WStrL>
<WStrL gml:id="K27_4704312084_8">
<fid>47043-12084-s-3824</fid>
<lfSpanFr gml:id="K27_4704312084_8-1">
<gml:timePosition>2018-08-06</gml:timePosition>
</lfSpanFr>
<devDate gml:id="K27_4704312084_8-2">
<gml:timePosition>2020-12-07</gml:timePosition>
</devDate>
<orgGILvl>2500</orgGILvl>
<vis>表示</vis>
<loc>
<gml:Curve gml:id="K27_4704312084_8-g" srsName="fguuid:jgd2011.bl">
<gml:segments>
<gml:LineStringSegment>
<gml:posList>
33.567168255 130.676087287
33.567167756 130.676103316
33.567154744 130.676103193
33.567154856 130.676087122
33.567168255 130.676087287
</gml:posList>
</gml:LineStringSegment>
</gml:segments>
</gml:Curve>
</loc>
<type>水門</type>
</WStrL>
<WStrL gml:id="K27_4704312084_9">
<fid>47043-12084-s-3825</fid>
<lfSpanFr gml:id="K27_4704312084_9-1">
<gml:timePosition>2018-08-06</gml:timePosition>
</lfSpanFr>
<devDate gml:id="K27_4704312084_9-2">
<gml:timePosition>2020-12-07</gml:timePosition>
</devDate>
<orgGILvl>2500</orgGILvl>
<vis>表示</vis>
<loc>
<gml:Curve gml:id="K27_4704312084_9-g" srsName="fguuid:jgd2011.bl">
<gml:segments>
<gml:LineStringSegment>
<gml:posList>
33.567176762 130.676050850
33.567175528 130.676065352
33.567160343 130.676065139
33.567161059 130.676049336
33.567176814 130.676050225
33.567176762 130.676050850
</gml:posList>
</gml:LineStringSegment>
</gml:segments>
</gml:Curve>
</loc>
<type>水門</type>
</WStrL>
<WStrL gml:id="K27_4704312084_10">
<fid>47043-12084-s-3826</fid>
<lfSpanFr gml:id="K27_4704312084_10-1">
<gml:timePosition>2018-08-06</gml:timePosition>
</lfSpanFr>
<devDate gml:id="K27_4704312084_10-2">
<gml:timePosition>2020-12-07</gml:timePosition>
</devDate>
<orgGILvl>2500</orgGILvl>
<vis>表示</vis>
<loc>
<gml:Curve gml:id="K27_4704312084_10-g" srsName="fguuid:jgd2011.bl">
<gml:segments>
<gml:LineStringSegment>
<gml:posList>
33.567313740 130.676142172
33.567280701 130.676127830
</gml:posList>
</gml:LineStringSegment>
</gml:segments>
</gml:Curve>
</loc>
<type>せき</type>
</WStrL>
<WStrL gml:id="K27_4704312084_11">
<fid>47043-12084-s-3827</fid>
<lfSpanFr gml:id="K27_4704312084_11-1">
<gml:timePosition>2018-08-06</gml:timePosition>
</lfSpanFr>
<devDate gml:id="K27_4704312084_11-2">
<gml:timePosition>2020-12-07</gml:timePosition>
</devDate>
<orgGILvl>2500</orgGILvl>
<vis>表示</vis>
<loc>
<gml:Curve gml:id="K27_4704312084_11-g" srsName="fguuid:jgd2011.bl">
<gml:segments>
<gml:LineStringSegment>
<gml:posList>
33.567282072 130.676110526
33.567282115 130.676095996
</gml:posList>
</gml:LineStringSegment>
</gml:segments>
</gml:Curve>
</loc>
<type>せき</type>
</WStrL>
<WStrL gml:id="K27_4704312084_12">
<fid>47043-12084-s-3828</fid>
<lfSpanFr gml:id="K27_4704312084_12-1">
<gml:timePosition>2018-08-06</gml:timePosition>
</lfSpanFr>
<devDate gml:id="K27_4704312084_12-2">
<gml:timePosition>2020-12-07</gml:timePosition>
</devDate>
<orgGILvl>2500</orgGILvl>
<vis>表示</vis>
<loc>
<gml:Curve gml:id="K27_4704312084_12-g" srsName="fguuid:jgd2011.bl">
<gml:segments>
<gml:LineStringSegment>
<gml:posList>
33.567283109 130.676076217
33.567322966 130.676077360
</gml:posList>
</gml:LineStringSegment>
</gml:segments>
</gml:Curve>
</loc>
<type>せき</type>
</WStrL>
<WStrL gml:id="K27_4704312084_13">
<fid>47043-12084-s-3829</fid>
<lfSpanFr gml:id="K27_4704312084_13-1">
<gml:timePosition>2018-08-06</gml:timePosition>
</lfSpanFr>
<devDate gml:id="K27_4704312084_13-2">
<gml:timePosition>2020-12-07</gml:timePosition>
</devDate>
<orgGILvl>2500</orgGILvl>
<vis>表示</vis>
<loc>
<gml:Curve gml:id="K27_4704312084_13-g" srsName="fguuid:jgd2011.bl">
<gml:segments>
<gml:LineStringSegment>
<gml:posList>
33.567322966 130.676077360
33.567322647 130.676079613
33.567314422 130.676137376
33.567313740 130.676142172
</gml:posList>
</gml:LineStringSegment>
</gml:segments>
</gml:Curve>
</loc>
<type>せき</type>
</WStrL>
<WStrL gml:id="K27_4704312084_14">
<fid>47043-12084-s-3830</fid>
<lfSpanFr gml:id="K27_4704312084_14-1">
<gml:timePosition>2018-08-06</gml:timePosition>
</lfSpanFr>
<devDate gml:id="K27_4704312084_14-2">
<gml:timePosition>2020-12-07</gml:timePosition>
</devDate>
<orgGILvl>2500</orgGILvl>
<vis>表示</vis>
<loc>
<gml:Curve gml:id="K27_4704312084_14-g" srsName="fguuid:jgd2011.bl">
<gml:segments>
<gml:LineStringSegment>
<gml:posList>
33.568567212 130.676374059
33.568566766 130.676365562
33.568566523 130.676358831
33.568571365 130.676358878
33.568571505 130.676357197
33.568573951 130.676327298
33.568574143 130.676324938
33.568569561 130.676324373
33.568569568 130.676319860
33.568570435 130.676310045
</gml:posList>
</gml:LineStringSegment>
</gml:segments>
</gml:Curve>
</loc>
<type>水門</type>
</WStrL>
<WStrL gml:id="K27_4704312084_15">
<fid>47043-12084-s-3831</fid>
<lfSpanFr gml:id="K27_4704312084_15-1">
<gml:timePosition>2018-08-06</gml:timePosition>
</lfSpanFr>
<devDate gml:id="K27_4704312084_15-2">
<gml:timePosition>2020-12-07</gml:timePosition>
</devDate>
<orgGILvl>2500</orgGILvl>
<vis>表示</vis>
<loc>
<gml:Curve gml:id="K27_4704312084_15-g" srsName="fguuid:jgd2011.bl">
<gml:segments>
<gml:LineStringSegment>
<gml:posList>
33.568570435 130.676310045
33.568586255 130.676312075
33.568585246 130.676322688
33.568584851 130.676326826
33.568578347 130.676325730
33.568578172 130.676327799
33.568575739 130.676355845
33.568575494 130.676358722
33.568581304 130.676359853
33.568580954 130.676367405
33.568580125 130.676374549
33.568567212 130.676374059
</gml:posList>
</gml:LineStringSegment>
</gml:segments>
</gml:Curve>
</loc>
<type>水門</type>
</WStrL>
<WStrL gml:id="K27_4704312084_16">
<fid>47043-12084-s-3832</fid>
<lfSpanFr gml:id="K27_4704312084_16-1">
<gml:timePosition>2018-08-06</gml:timePosition>
</lfSpanFr>
<devDate gml:id="K27_4704312084_16-2">
<gml:timePosition>2020-12-07</gml:timePosition>
</devDate>
<orgGILvl>2500</orgGILvl>
<vis>表示</vis>
<loc>
<gml:Curve gml:id="K27_4704312084_16-g" srsName="fguuid:jgd2011.bl">
<gml:segments>
<gml:LineStringSegment>
<gml:posList>
33.570358104 130.676593188
33.570349015 130.676593071
33.570347994 130.676578523
33.570366804 130.676579034
</gml:posList>
</gml:LineStringSegment>
</gml:segments>
</gml:Curve>
</loc>
<type>水門</type>
</WStrL>
<WStrL gml:id="K27_4704312084_17">
<fid>47043-12084-s-3833</fid>
<lfSpanFr gml:id="K27_4704312084_17-1">
<gml:timePosition>2018-08-06</gml:timePosition>
</lfSpanFr>
<devDate gml:id="K27_4704312084_17-2">
<gml:timePosition>2020-12-07</gml:timePosition>
</devDate>
<orgGILvl>2500</orgGILvl>
<vis>表示</vis>
<loc>
<gml:Curve gml:id="K27_4704312084_17-g" srsName="fguuid:jgd2011.bl">
<gml:segments>
<gml:LineStringSegment>
<gml:posList>
33.570368305 130.676629116
33.570367922 130.676644510
33.570348652 130.676644075
33.570348972 130.676628585
33.570358891 130.676628849
</gml:posList>
</gml:LineStringSegment>
</gml:segments>
</gml:Curve>
</loc>
<type>水門</type>
</WStrL>
<WStrL gml:id="K27_4704312084_18">
<fid>47043-12084-s-3834</fid>
<lfSpanFr gml:id="K27_4704312084_18-1">
<gml:timePosition>2018-08-06</gml:timePosition>
</lfSpanFr>
<devDate gml:id="K27_4704312084_18-2">
<gml:timePosition>2020-12-07</gml:timePosition>
</devDate>
<orgGILvl>2500</orgGILvl>
<vis>表示</vis>
<loc>
<gml:Curve gml:id="K27_4704312084_18-g" srsName="fguuid:jgd2011.bl">
<gml:segments>
<gml:LineStringSegment>
<gml:posList>
33.570366804 130.676579034
33.570368176 130.676593323
33.570361440 130.676593230
</gml:posList>
</gml:LineStringSegment>
</gml:segments>
</gml:Curve>
</loc>
<type>水門</type>
</WStrL>
<WStrL gml:id="K27_4704312084_19">
<fid>47043-12084-s-3835</fid>
<lfSpanFr gml:id="K27_4704312084_19-1">
<gml:timePosition>2018-08-06</gml:timePosition>
</lfSpanFr>
<devDate gml:id="K27_4704312084_19-2">
<gml:timePosition>2020-12-07</gml:timePosition>
</devDate>
<orgGILvl>2500</orgGILvl>
<vis>表示</vis>
<loc>
<gml:Curve gml:id="K27_4704312084_19-g" srsName="fguuid:jgd2011.bl">
<gml:segments>
<gml:LineStringSegment>
<gml:posList>
33.570361669 130.676628925
33.570368305 130.676629116
</gml:posList>
</gml:LineStringSegment>
</gml:segments>
</gml:Curve>
</loc>
<type>水門</type>
</WStrL>
<WStrL gml:id="K27_4704312084_20">
<fid>47043-12084-s-3836</fid>
<lfSpanFr gml:id="K27_4704312084_20-1">
<gml:timePosition>2018-08-06</gml:timePosition>
</lfSpanFr>
<devDate gml:id="K27_4704312084_20-2">
<gml:timePosition>2020-12-07</gml:timePosition>
</devDate>
<orgGILvl>2500</orgGILvl>
<vis>表示</vis>
<loc>
<gml:Curve gml:id="K27_4704312084_20-g" srsName="fguuid:jgd2011.bl">
<gml:segments>
<gml:LineStringSegment>
<gml:posList>
33.572592180 130.677701567
33.572603139 130.677640321
33.572618578 130.677644691
</gml:posList>
</gml:LineStringSegment>
</gml:segments>
</gml:Curve>
</loc>
<type>せき</type>
</WStrL>
<WStrL gml:id="K27_4704312084_21">
<fid>47043-12084-s-3837</fid>
<lfSpanFr gml:id="K27_4704312084_21-1">
<gml:timePosition>2018-08-06</gml:timePosition>
</lfSpanFr>
<devDate gml:id="K27_4704312084_21-2">
<gml:timePosition>2020-12-07</gml:timePosition>
</devDate>
<orgGILvl>2500</orgGILvl>
<vis>表示</vis>
<loc>
<gml:Curve gml:id="K27_4704312084_21-g" srsName="fguuid:jgd2011.bl">
<gml:segments>
<gml:LineStringSegment>
<gml:posList>
33.572618578 130.677644691
33.572607001 130.677703730
33.572592180 130.677701567
</gml:posList>
</gml:LineStringSegment>
</gml:segments>
</gml:Curve>
</loc>
<type>せき</type>
</WStrL>
<WStrL gml:id="K27_4704312084_22">
<fid>47043-12084-s-3838</fid>
<lfSpanFr gml:id="K27_4704312084_22-1">
<gml:timePosition>2018-08-06</gml:timePosition>
</lfSpanFr>
<devDate gml:id="K27_4704312084_22-2">
<gml:timePosition>2020-12-07</gml:timePosition>
</devDate>
<orgGILvl>2500</orgGILvl>
<vis>表示</vis>
<loc>
<gml:Curve gml:id="K27_4704312084_22-g" srsName="fguuid:jgd2011.bl">
<gml:segments>
<gml:LineStringSegment>
<gml:posList>
33.573321288 130.677823475
33.573345862 130.677776182
33.573356379 130.677784254
</gml:posList>
</gml:LineStringSegment>
</gml:segments>
</gml:Curve>
</loc>
<type>せき</type>
</WStrL>
<WStrL gml:id="K27_4704312084_23">
<fid>47043-12084-s-3839</fid>
<lfSpanFr gml:id="K27_4704312084_23-1">
<gml:timePosition>2018-08-06</gml:timePosition>
</lfSpanFr>
<devDate gml:id="K27_4704312084_23-2">
<gml:timePosition>2020-12-07</gml:timePosition>
</devDate>
<orgGILvl>2500</orgGILvl>
<vis>表示</vis>
<loc>
<gml:Curve gml:id="K27_4704312084_23-g" srsName="fguuid:jgd2011.bl">
<gml:segments>
<gml:LineStringSegment>
<gml:posList>
33.573356379 130.677784254
33.573331188 130.677830074
33.573321288 130.677823475
</gml:posList>
</gml:LineStringSegment>
</gml:segments>
</gml:Curve>
</loc>
<type>せき</type>
</WStrL>
<WStrL gml:id="K27_4704312084_24">
<fid>47043-12084-s-3840</fid>
<lfSpanFr gml:id="K27_4704312084_24-1">
<gml:timePosition>2018-08-06</gml:timePosition>
</lfSpanFr>
<devDate gml:id="K27_4704312084_24-2">
<gml:timePosition>2020-12-07</gml:timePosition>
</devDate>
<orgGILvl>2500</orgGILvl>
<vis>表示</vis>
<loc>
<gml:Curve gml:id="K27_4704312084_24-g" srsName="fguuid:jgd2011.bl">
<gml:segments>
<gml:LineStringSegment>
<gml:posList>
33.573653676 130.678070304
33.573659720 130.678015712
33.573670841 130.678017146
33.573664788 130.678071739
</gml:posList>
</gml:LineStringSegment>
</gml:segments>
</gml:Curve>
</loc>
<type>せき</type>
</WStrL>
<WStrL gml:id="K27_4704312084_25">
<fid>47043-12084-s-3841</fid>
<lfSpanFr gml:id="K27_4704312084_25-1">
<gml:timePosition>2018-08-06</gml:timePosition>
</lfSpanFr>
<devDate gml:id="K27_4704312084_25-2">
<gml:timePosition>2020-12-07</gml:timePosition>
</devDate>
<orgGILvl>2500</orgGILvl>
<vis>表示</vis>
<loc>
<gml:Curve gml:id="K27_4704312084_25-g" srsName="fguuid:jgd2011.bl">
<gml:segments>
<gml:LineStringSegment>
<gml:posList>
33.573664788 130.678071739
33.573653676 130.678070304
</gml:posList>
</gml:LineStringSegment>
</gml:segments>
</gml:Curve>
</loc>
<type>せき</type>
</WStrL>
<WStrL gml:id="K27_4704312084_26">
<fid>47043-12084-s-3842</fid>
<lfSpanFr gml:id="K27_4704312084_26-1">
<gml:timePosition>2018-08-06</gml:timePosition>
</lfSpanFr>
<devDate gml:id="K27_4704312084_26-2">
<gml:timePosition>2020-12-07</gml:timePosition>
</devDate>
<orgGILvl>2500</orgGILvl>
<vis>表示</vis>
<loc>
<gml:Curve gml:id="K27_4704312084_26-g" srsName="fguuid:jgd2011.bl">
<gml:segments>
<gml:LineStringSegment>
<gml:posList>
33.573934930 130.678126900
33.573944041 130.678069302
33.573957635 130.678071470
33.573947902 130.678129071
</gml:posList>
</gml:LineStringSegment>
</gml:segments>
</gml:Curve>
</loc>
<type>せき</type>
</WStrL>
<WStrL gml:id="K27_4704312084_27">
<fid>47043-12084-s-3843</fid>
<lfSpanFr gml:id="K27_4704312084_27-1">
<gml:timePosition>2018-08-06</gml:timePosition>
</lfSpanFr>
<devDate gml:id="K27_4704312084_27-2">
<gml:timePosition>2020-12-07</gml:timePosition>
</devDate>
<orgGILvl>2500</orgGILvl>
<vis>表示</vis>
<loc>
<gml:Curve gml:id="K27_4704312084_27-g" srsName="fguuid:jgd2011.bl">
<gml:segments>
<gml:LineStringSegment>
<gml:posList>
33.567169838 130.676065265
33.567166857 130.676087228
</gml:posList>
</gml:LineStringSegment>
</gml:segments>
</gml:Curve>
</loc>
<type>水門</type>
</WStrL>
<WStrL gml:id="K27_4704312084_28">
<fid>47043-12084-s-4823</fid>
<lfSpanFr gml:id="K27_4704312084_28-1">
<gml:timePosition>2018-08-06</gml:timePosition>
</lfSpanFr>
<devDate gml:id="K27_4704312084_28-2">
<gml:timePosition>2020-12-07</gml:timePosition>
</devDate>
<orgGILvl>2500</orgGILvl>
<vis>表示</vis>
<loc>
<gml:Curve gml:id="K27_4704312084_28-g" srsName="fguuid:jgd2011.bl">
<gml:segments>
<gml:LineStringSegment>
<gml:posList>
33.566747799 130.676023995
33.566748143 130.676021150
33.566749749 130.676007788
</gml:posList>
</gml:LineStringSegment>
</gml:segments>
</gml:Curve>
</loc>
<type>せき</type>
</WStrL>
<WStrL gml:id="K27_4704312084_29">
<fid>47043-12084-s-4824</fid>
<lfSpanFr gml:id="K27_4704312084_29-1">
<gml:timePosition>2018-08-06</gml:timePosition>
</lfSpanFr>
<devDate gml:id="K27_4704312084_29-2">
<gml:timePosition>2020-12-07</gml:timePosition>
</devDate>
<orgGILvl>2500</orgGILvl>
<vis>表示</vis>
<loc>
<gml:Curve gml:id="K27_4704312084_29-g" srsName="fguuid:jgd2011.bl">
<gml:segments>
<gml:LineStringSegment>
<gml:posList>
33.566751350 130.675999370
33.566754653 130.675979916
33.566754911 130.675978407
</gml:posList>
</gml:LineStringSegment>
</gml:segments>
</gml:Curve>
</loc>
<type>せき</type>
</WStrL>
<WStrL gml:id="K27_4704312084_30">
<fid>47043-12084-s-4825</fid>
<lfSpanFr gml:id="K27_4704312084_30-1">
<gml:timePosition>2018-08-06</gml:timePosition>
</lfSpanFr>
<devDate gml:id="K27_4704312084_30-2">
<gml:timePosition>2020-12-07</gml:timePosition>
</devDate>
<orgGILvl>2500</orgGILvl>
<vis>表示</vis>
<loc>
<gml:Curve gml:id="K27_4704312084_30-g" srsName="fguuid:jgd2011.bl">
<gml:segments>
<gml:LineStringSegment>
<gml:posList>
33.566864671 130.676043484
33.566864954 130.676041308
33.566866492 130.676029378
</gml:posList>
</gml:LineStringSegment>
</gml:segments>
</gml:Curve>
</loc>
<type>せき</type>
</WStrL>
<WStrL gml:id="K27_4704312084_31">
<fid>47043-12084-s-4826</fid>
<lfSpanFr gml:id="K27_4704312084_31-1">
<gml:timePosition>2018-08-06</gml:timePosition>
</lfSpanFr>
<devDate gml:id="K27_4704312084_31-2">
<gml:timePosition>2020-12-07</gml:timePosition>
</devDate>
<orgGILvl>2500</orgGILvl>
<vis>表示</vis>
<loc>
<gml:Curve gml:id="K27_4704312084_31-g" srsName="fguuid:jgd2011.bl">
<gml:segments>
<gml:LineStringSegment>
<gml:posList>
33.566876234 130.676044895
33.566864671 130.676043484
</gml:posList>
</gml:LineStringSegment>
</gml:segments>
</gml:Curve>
</loc>
<type>せき</type>
</WStrL>
<WStrL gml:id="K27_4704312084_32">
<fid>47043-12084-s-4827</fid>
<lfSpanFr gml:id="K27_4704312084_32-1">
<gml:timePosition>2018-08-06</gml:timePosition>
</lfSpanFr>
<devDate gml:id="K27_4704312084_32-2">
<gml:timePosition>2020-12-07</gml:timePosition>
</devDate>
<orgGILvl>2500</orgGILvl>
<vis>表示</vis>
<loc>
<gml:Curve gml:id="K27_4704312084_32-g" srsName="fguuid:jgd2011.bl">
<gml:segments>
<gml:LineStringSegment>
<gml:posList>
33.566868453 130.676017502
33.566870793 130.676001800
33.566870934 130.676000862
</gml:posList>
</gml:LineStringSegment>
</gml:segments>
</gml:Curve>
</loc>
<type>せき</type>
</WStrL>
<WStrL gml:id="K27_4704312084_33">
<fid>47043-12084-s-4828</fid>
<lfSpanFr gml:id="K27_4704312084_33-1">
<gml:timePosition>2018-08-06</gml:timePosition>
</lfSpanFr>
<devDate gml:id="K27_4704312084_33-2">
<gml:timePosition>2020-12-07</gml:timePosition>
</devDate>
<orgGILvl>2500</orgGILvl>
<vis>表示</vis>
<loc>
<gml:Curve gml:id="K27_4704312084_33-g" srsName="fguuid:jgd2011.bl">
<gml:segments>
<gml:LineStringSegment>
<gml:posList>
33.567280701 130.676127830
33.567280989 130.676124199
33.567282072 130.676110526
</gml:posList>
</gml:LineStringSegment>
</gml:segments>
</gml:Curve>
</loc>
<type>せき</type>
</WStrL>
<WStrL gml:id="K27_4704312084_34">
<fid>47043-12084-s-4829</fid>
<lfSpanFr gml:id="K27_4704312084_34-1">
<gml:timePosition>2018-08-06</gml:timePosition>
</lfSpanFr>
<devDate gml:id="K27_4704312084_34-2">
<gml:timePosition>2020-12-07</gml:timePosition>
</devDate>
<orgGILvl>2500</orgGILvl>
<vis>表示</vis>
<loc>
<gml:Curve gml:id="K27_4704312084_34-g" srsName="fguuid:jgd2011.bl">
<gml:segments>
<gml:LineStringSegment>
<gml:posList>
33.567282115 130.676095996
33.567282955 130.676079330
33.567283109 130.676076217
</gml:posList>
</gml:LineStringSegment>
</gml:segments>
</gml:Curve>
</loc>
<type>せき</type>
</WStrL>
<WStrL gml:id="K27_4704312084_35">
<fid>47043-12084-s-4830</fid>
<lfSpanFr gml:id="K27_4704312084_35-1">
<gml:timePosition>2018-08-06</gml:timePosition>
</lfSpanFr>
<devDate gml:id="K27_4704312084_35-2">
<gml:timePosition>2020-12-07</gml:timePosition>
</devDate>
<orgGILvl>2500</orgGILvl>
<vis>表示</vis>
<loc>
<gml:Curve gml:id="K27_4704312084_35-g" srsName="fguuid:jgd2011.bl">
<gml:segments>
<gml:LineStringSegment>
<gml:posList>
33.570358891 130.676628849
33.570358849 130.676626469
33.570358174 130.676595816
33.570358104 130.676593188
</gml:posList>
</gml:LineStringSegment>
</gml:segments>
</gml:Curve>
</loc>
<type>水門</type>
</WStrL>
<WStrL gml:id="K27_4704312084_36">
<fid>47043-12084-s-4831</fid>
<lfSpanFr gml:id="K27_4704312084_36-1">
<gml:timePosition>2018-08-06</gml:timePosition>
</lfSpanFr>
<devDate gml:id="K27_4704312084_36-2">
<gml:timePosition>2020-12-07</gml:timePosition>
</devDate>
<orgGILvl>2500</orgGILvl>
<vis>表示</vis>
<loc>
<gml:Curve gml:id="K27_4704312084_36-g" srsName="fguuid:jgd2011.bl">
<gml:segments>
<gml:LineStringSegment>
<gml:posList>
33.570361440 130.676593230
33.570361442 130.676594091
33.570361655 130.676627083
33.570361669 130.676628925
</gml:posList>
</gml:LineStringSegment>
</gml:segments>
</gml:Curve>
</loc>
<type>水門</type>
</WStrL>
<WStrL gml:id="K27_4704312084_37">
<fid>47043-12084-s-4832</fid>
<lfSpanFr gml:id="K27_4704312084_37-1">
<gml:timePosition>2018-08-06</gml:timePosition>
</lfSpanFr>
<devDate gml:id="K27_4704312084_37-2">
<gml:timePosition>2020-12-07</gml:timePosition>
</devDate>
<orgGILvl>2500</orgGILvl>
<vis>表示</vis>
<loc>
<gml:Curve gml:id="K27_4704312084_37-g" srsName="fguuid:jgd2011.bl">
<gml:segments>
<gml:LineStringSegment>
<gml:posList>
33.573947902 130.678129071
33.573934930 130.678126900
</gml:posList>
</gml:LineStringSegment>
</gml:segments>
</gml:Curve>
</loc>
<type>せき</type>
</WStrL>
<WStrL gml:id="K27_4704312084_38">
<fid>47043-12084-s-4833</fid>
<lfSpanFr gml:id="K27_4704312084_38-1">
<gml:timePosition>2018-08-06</gml:timePosition>
</lfSpanFr>
<devDate gml:id="K27_4704312084_38-2">
<gml:timePosition>2020-12-07</gml:timePosition>
</devDate>
<orgGILvl>2500</orgGILvl>
<vis>表示</vis>
<loc>
<gml:Curve gml:id="K27_4704312084_38-g" srsName="fguuid:jgd2011.bl">
<gml:segments>
<gml:LineStringSegment>
<gml:posList>
33.574187117 130.678097688
33.574200288 130.678096648
</gml:posList>
</gml:LineStringSegment>
</gml:segments>
</gml:Curve>
</loc>
<type>せき</type>
</WStrL>
<WStrL gml:id="K27_4704312084_39">
<fid>47043-12084-s-4834</fid>
<lfSpanFr gml:id="K27_4704312084_39-1">
<gml:timePosition>2018-08-06</gml:timePosition>
</lfSpanFr>
<devDate gml:id="K27_4704312084_39-2">
<gml:timePosition>2020-12-07</gml:timePosition>
</devDate>
<orgGILvl>2500</orgGILvl>
<vis>表示</vis>
<loc>
<gml:Curve gml:id="K27_4704312084_39-g" srsName="fguuid:jgd2011.bl">
<gml:segments>
<gml:LineStringSegment>
<gml:posList>
33.574200288 130.678096648
33.574202907 130.678153719
33.574189322 130.678155234
33.574187117 130.678097688
</gml:posList>
</gml:LineStringSegment>
</gml:segments>
</gml:Curve>
</loc>
<type>せき</type>
</WStrL>
<WStrL gml:id="K27_4704312087_1">
<fid>47043-12087-s-3428</fid>
<lfSpanFr gml:id="K27_4704312087_1-1">
<gml:timePosition>2018-08-06</gml:timePosition>
</lfSpanFr>
<devDate gml:id="K27_4704312087_1-2">
<gml:timePosition>2020-12-07</gml:timePosition>
</devDate>
<orgGILvl>2500</orgGILvl>
<vis>表示</vis>
<loc>
<gml:Curve gml:id="K27_4704312087_1-g" srsName="fguuid:jgd2011.bl">
<gml:segments>
<gml:LineStringSegment>
<gml:posList>
33.577458867 130.678469801
33.577472513 130.678467692
33.577472705 130.678468920
33.577482931 130.678534959
33.577470556 130.678537052
</gml:posList>
</gml:LineStringSegment>
</gml:segments>
</gml:Curve>
</loc>
<type>せき</type>
</WStrL>
<WStrL gml:id="K27_4704312087_2">
<fid>47043-12087-s-3429</fid>
<lfSpanFr gml:id="K27_4704312087_2-1">
<gml:timePosition>2018-08-06</gml:timePosition>
</lfSpanFr>
<devDate gml:id="K27_4704312087_2-2">
<gml:timePosition>2020-12-07</gml:timePosition>
</devDate>
<orgGILvl>2500</orgGILvl>
<vis>表示</vis>
<loc>
<gml:Curve gml:id="K27_4704312087_2-g" srsName="fguuid:jgd2011.bl">
<gml:segments>
<gml:LineStringSegment>
<gml:posList>
33.577470556 130.678537052
33.577459727 130.678474753
33.577458867 130.678469801
</gml:posList>
</gml:LineStringSegment>
</gml:segments>
</gml:Curve>
</loc>
<type>せき</type>
</WStrL>
<WStrL gml:id="K27_4704612081_1">
<fid>47046-12081-s-2859</fid>
<lfSpanFr gml:id="K27_4704612081_1-1">
<gml:timePosition>2018-08-06</gml:timePosition>
</lfSpanFr>
<devDate gml:id="K27_4704612081_1-2">
<gml:timePosition>2020-12-07</gml:timePosition>
</devDate>
<orgGILvl>2500</orgGILvl>
<vis>表示</vis>
<loc>
<gml:Curve gml:id="K27_4704612081_1-g" srsName="fguuid:jgd2011.bl">
<gml:segments>
<gml:LineStringSegment>
<gml:posList>
33.558951661 130.686250725
33.558971734 130.686236813
33.559017855 130.686204864
33.559041896 130.686188202
33.559047826 130.686204615
33.559042894 130.686208155
33.558972781 130.686258553
33.558962502 130.686265946
</gml:posList>
</gml:LineStringSegment>
</gml:segments>
</gml:Curve>
</loc>
<type>せき</type>
</WStrL>
<WStrL gml:id="K27_4704612081_2">
<fid>47046-12081-s-2860</fid>
<lfSpanFr gml:id="K27_4704612081_2-1">
<gml:timePosition>2018-08-06</gml:timePosition>
</lfSpanFr>
<devDate gml:id="K27_4704612081_2-2">
<gml:timePosition>2020-12-07</gml:timePosition>
</devDate>
<orgGILvl>2500</orgGILvl>
<vis>表示</vis>
<loc>
<gml:Curve gml:id="K27_4704612081_2-g" srsName="fguuid:jgd2011.bl">
<gml:segments>
<gml:LineStringSegment>
<gml:posList>
33.558962502 130.686265946
33.558951661 130.686250725
</gml:posList>
</gml:LineStringSegment>
</gml:segments>
</gml:Curve>
</loc>
<type>せき</type>
</WStrL>
<WStrL gml:id="K27_4704612081_3">
<fid>47046-12081-s-2861</fid>
<lfSpanFr gml:id="K27_4704612081_3-1">
<gml:timePosition>2018-08-06</gml:timePosition>
</lfSpanFr>
<devDate gml:id="K27_4704612081_3-2">
<gml:timePosition>2020-12-07</gml:timePosition>
</devDate>
<orgGILvl>2500</orgGILvl>
<vis>表示</vis>
<loc>
<gml:Curve gml:id="K27_4704612081_3-g" srsName="fguuid:jgd2011.bl">
<gml:segments>
<gml:LineStringSegment>
<gml:posList>
33.563189043 130.688237799
33.563270978 130.688222975
</gml:posList>
</gml:LineStringSegment>
</gml:segments>
</gml:Curve>
</loc>
<type>せき</type>
</WStrL>
<WStrL gml:id="K27_4704612081_4">
<fid>47046-12081-s-2862</fid>
<lfSpanFr gml:id="K27_4704612081_4-1">
<gml:timePosition>2018-08-06</gml:timePosition>
</lfSpanFr>
<devDate gml:id="K27_4704612081_4-2">
<gml:timePosition>2020-12-07</gml:timePosition>
</devDate>
<orgGILvl>2500</orgGILvl>
<vis>表示</vis>
<loc>
<gml:Curve gml:id="K27_4704612081_4-g" srsName="fguuid:jgd2011.bl">
<gml:segments>
<gml:LineStringSegment>
<gml:posList>
33.563270978 130.688222975
33.563273973 130.688241468
33.563300195 130.688403211
33.563300314 130.688403933
33.563223549 130.688409141
33.563189372 130.688239445
33.563189043 130.688237799
</gml:posList>
</gml:LineStringSegment>
</gml:segments>
</gml:Curve>
</loc>
<type>せき</type>
</WStrL>
<WStrL gml:id="K27_4704612084_1">
<fid>47046-12084-s-6159</fid>
<lfSpanFr gml:id="K27_4704612084_1-1">
<gml:timePosition>2018-08-06</gml:timePosition>
</lfSpanFr>
<devDate gml:id="K27_4704612084_1-2">
<gml:timePosition>2020-12-07</gml:timePosition>
</devDate>
<orgGILvl>2500</orgGILvl>
<vis>表示</vis>
<loc>
<gml:Curve gml:id="K27_4704612084_1-g" srsName="fguuid:jgd2011.bl">
<gml:segments>
<gml:LineStringSegment>
<gml:posList>
33.569096403 130.687431744
33.569090122 130.687411765
33.569041436 130.687256845
33.569037301 130.687243698
33.569056234 130.687228798
</gml:posList>
</gml:LineStringSegment>
</gml:segments>
</gml:Curve>
</loc>
<type>せき</type>
</WStrL>
<WStrL gml:id="K27_4704612084_2">
<fid>47046-12084-s-6160</fid>
<lfSpanFr gml:id="K27_4704612084_2-1">
<gml:timePosition>2018-08-06</gml:timePosition>
</lfSpanFr>
<devDate gml:id="K27_4704612084_2-2">
<gml:timePosition>2020-12-07</gml:timePosition>
</devDate>
<orgGILvl>2500</orgGILvl>
<vis>表示</vis>
<loc>
<gml:Curve gml:id="K27_4704612084_2-g" srsName="fguuid:jgd2011.bl">
<gml:segments>
<gml:LineStringSegment>
<gml:posList>
33.569056234 130.687228798
33.569113678 130.687420717
33.569115351 130.687426312
33.569096403 130.687431744
</gml:posList>
</gml:LineStringSegment>
</gml:segments>
</gml:Curve>
</loc>
<type>せき</type>
</WStrL>
<WStrL gml:id="K27_4704612084_3">
<fid>47046-12084-s-6161</fid>
<lfSpanFr gml:id="K27_4704612084_3-1">
<gml:timePosition>2018-08-06</gml:timePosition>
</lfSpanFr>
<devDate gml:id="K27_4704612084_3-2">
<gml:timePosition>2020-12-07</gml:timePosition>
</devDate>
<orgGILvl>2500</orgGILvl>
<vis>表示</vis>
<loc>
<gml:Curve gml:id="K27_4704612084_3-g" srsName="fguuid:jgd2011.bl">
<gml:segments>
<gml:LineStringSegment>
<gml:posList>
33.570592259 130.684583691
33.570583963 130.684586888
33.570579773 130.684573924
33.570588447 130.684570273
33.570589558 130.684574814
33.570591360 130.684574086
33.570617743 130.684563477
33.570618338 130.684563238
33.570616564 130.684557428
33.570623832 130.684554009
33.570627926 130.684568104
33.570620567 130.684571287
33.570618950 130.684566446
33.570617797 130.684566903
33.570591288 130.684577533
33.570590549 130.684577827
</gml:posList>
</gml:LineStringSegment>
</gml:segments>
</gml:Curve>
</loc>
<type>水門</type>
</WStrL>
<WStrL gml:id="K27_4704612084_4">
<fid>47046-12084-s-6162</fid>
<lfSpanFr gml:id="K27_4704612084_4-1">
<gml:timePosition>2018-08-06</gml:timePosition>
</lfSpanFr>
<devDate gml:id="K27_4704612084_4-2">
<gml:timePosition>2020-12-07</gml:timePosition>
</devDate>
<orgGILvl>2500</orgGILvl>
<vis>表示</vis>
<loc>
<gml:Curve gml:id="K27_4704612084_4-g" srsName="fguuid:jgd2011.bl">
<gml:segments>
<gml:LineStringSegment>
<gml:posList>
33.570590549 130.684577827
33.570592259 130.684583691
</gml:posList>
</gml:LineStringSegment>
</gml:segments>
</gml:Curve>
</loc>
<type>せき</type>
</WStrL>
<WStrL gml:id="K27_4704612084_5">
<fid>47046-12084-s-6163</fid>
<lfSpanFr gml:id="K27_4704612084_5-1">
<gml:timePosition>2018-08-06</gml:timePosition>
</lfSpanFr>
<devDate gml:id="K27_4704612084_5-2">
<gml:timePosition>2020-12-07</gml:timePosition>
</devDate>
<orgGILvl>2500</orgGILvl>
<vis>表示</vis>
<loc>
<gml:Curve gml:id="K27_4704612084_5-g" srsName="fguuid:jgd2011.bl">
<gml:segments>
<gml:LineStringSegment>
<gml:posList>
33.572578703 130.683912448
33.572596464 130.683907795
</gml:posList>
</gml:LineStringSegment>
</gml:segments>
</gml:Curve>
</loc>
<type>水門</type>
</WStrL>
<WStrL gml:id="K27_4704612084_6">
<fid>47046-12084-s-6164</fid>
<lfSpanFr gml:id="K27_4704612084_6-1">
<gml:timePosition>2018-08-06</gml:timePosition>
</lfSpanFr>
<devDate gml:id="K27_4704612084_6-2">
<gml:timePosition>2020-12-07</gml:timePosition>
</devDate>
<orgGILvl>2500</orgGILvl>
<vis>表示</vis>
<loc>
<gml:Curve gml:id="K27_4704612084_6-g" srsName="fguuid:jgd2011.bl">
<gml:segments>
<gml:LineStringSegment>
<gml:posList>
33.572596464 130.683907795
33.572598783 130.683919376
33.572591350 130.683921407
33.572592432 130.683924872
33.572598786 130.683945196
33.572600632 130.683951092
33.572607829 130.683948190
33.572612672 130.683966527
33.572596122 130.683971758
33.572591522 130.683953700
33.572596792 130.683951677
33.572595010 130.683946007
33.572588801 130.683926210
33.572587747 130.683922853
33.572581016 130.683924601
33.572578703 130.683912448
</gml:posList>
</gml:LineStringSegment>
</gml:segments>
</gml:Curve>
</loc>
<type>水門</type>
</WStrL>
<WStrL gml:id="K27_4704612084_7">
<fid>47046-12084-s-6165</fid>
<lfSpanFr gml:id="K27_4704612084_7-1">
<gml:timePosition>2018-08-06</gml:timePosition>
</lfSpanFr>
<devDate gml:id="K27_4704612084_7-2">
<gml:timePosition>2020-12-07</gml:timePosition>
</devDate>
<orgGILvl>2500</orgGILvl>
<vis>表示</vis>
<loc>
<gml:Curve gml:id="K27_4704612084_7-g" srsName="fguuid:jgd2011.bl">
<gml:segments>
<gml:LineStringSegment>
<gml:posList>
33.573293463 130.686678366
33.573288156 130.686686658
33.573279413 130.686681099
33.573284989 130.686671815
33.573287401 130.686673724
33.573296835 130.686656724
33.573294856 130.686655062
33.573299734 130.686647816
33.573307944 130.686653388
33.573303645 130.686661051
33.573299453 130.686658040
33.573297211 130.686662604
33.573290402 130.686676524
</gml:posList>
</gml:LineStringSegment>
</gml:segments>
</gml:Curve>
</loc>
<type>水門</type>
</WStrL>
<WStrL gml:id="K27_4704612084_8">
<fid>47046-12084-s-6166</fid>
<lfSpanFr gml:id="K27_4704612084_8-1">
<gml:timePosition>2018-08-06</gml:timePosition>
</lfSpanFr>
<devDate gml:id="K27_4704612084_8-2">
<gml:timePosition>2020-12-07</gml:timePosition>
</devDate>
<orgGILvl>2500</orgGILvl>
<vis>表示</vis>
<loc>
<gml:Curve gml:id="K27_4704612084_8-g" srsName="fguuid:jgd2011.bl">
<gml:segments>
<gml:LineStringSegment>
<gml:posList>
33.573951222 130.684464242
33.573973629 130.684460972
33.574014443 130.684773853
33.573994882 130.684776251
</gml:posList>
</gml:LineStringSegment>
</gml:segments>
</gml:Curve>
</loc>
<type>せき</type>
</WStrL>
<WStrL gml:id="K27_4704612084_9">
<fid>47046-12084-s-6167</fid>
<lfSpanFr gml:id="K27_4704612084_9-1">
<gml:timePosition>2018-08-06</gml:timePosition>
</lfSpanFr>
<devDate gml:id="K27_4704612084_9-2">
<gml:timePosition>2020-12-07</gml:timePosition>
</devDate>
<orgGILvl>2500</orgGILvl>
<vis>表示</vis>
<loc>
<gml:Curve gml:id="K27_4704612084_9-g" srsName="fguuid:jgd2011.bl">
<gml:segments>
<gml:LineStringSegment>
<gml:posList>
33.573994882 130.684776251
33.573951222 130.684464242
</gml:posList>
</gml:LineStringSegment>
</gml:segments>
</gml:Curve>
</loc>
<type>せき</type>
</WStrL>
<WStrL gml:id="K27_4704612084_10">
<fid>47046-12084-s-6168</fid>
<lfSpanFr gml:id="K27_4704612084_10-1">
<gml:timePosition>2018-08-06</gml:timePosition>
</lfSpanFr>
<devDate gml:id="K27_4704612084_10-2">
<gml:timePosition>2020-12-07</gml:timePosition>
</devDate>
<orgGILvl>2500</orgGILvl>
<vis>表示</vis>
<loc>
<gml:Curve gml:id="K27_4704612084_10-g" srsName="fguuid:jgd2011.bl">
<gml:segments>
<gml:LineStringSegment>
<gml:posList>
33.574477369 130.684241633
33.574478138 130.684253048
33.574471963 130.684253814
33.574471721 130.684250842
33.574454801 130.684252433
33.574454381 130.684257648
33.574447574 130.684257673
33.574447936 130.684244336
33.574453788 130.684244034
33.574454215 130.684249053
33.574471133 130.684246481
33.574471122 130.684241957
</gml:posList>
</gml:LineStringSegment>
</gml:segments>
</gml:Curve>
</loc>
<type>水門</type>
</WStrL>
<WStrL gml:id="K27_4704612084_11">
<fid>47046-12084-s-6169</fid>
<lfSpanFr gml:id="K27_4704612084_11-1">
<gml:timePosition>2018-08-06</gml:timePosition>
</lfSpanFr>
<devDate gml:id="K27_4704612084_11-2">
<gml:timePosition>2020-12-07</gml:timePosition>
</devDate>
<orgGILvl>2500</orgGILvl>
<vis>表示</vis>
<loc>
<gml:Curve gml:id="K27_4704612084_11-g" srsName="fguuid:jgd2011.bl">
<gml:segments>
<gml:LineStringSegment>
<gml:posList>
33.574471122 130.684241957
33.574477369 130.684241633
</gml:posList>
</gml:LineStringSegment>
</gml:segments>
</gml:Curve>
</loc>
<type>水門</type>
</WStrL>
<WStrL gml:id="K27_4704612084_12">
<fid>47046-12084-s-7437</fid>
<lfSpanFr gml:id="K27_4704612084_12-1">
<gml:timePosition>2018-08-06</gml:timePosition>
</lfSpanFr>
<devDate gml:id="K27_4704612084_12-2">
<gml:timePosition>2020-12-07</gml:timePosition>
</devDate>
<orgGILvl>2500</orgGILvl>
<vis>表示</vis>
<loc>
<gml:Curve gml:id="K27_4704612084_12-g" srsName="fguuid:jgd2011.bl">
<gml:segments>
<gml:LineStringSegment>
<gml:posList>
33.573290402 130.686676524
33.573293463 130.686678366
</gml:posList>
</gml:LineStringSegment>
</gml:segments>
</gml:Curve>
</loc>
<type>水門</type>
</WStrL>
<WStrL gml:id="K27_4704612087_1">
<fid>47046-12087-s-3718</fid>
<lfSpanFr gml:id="K27_4704612087_1-1">
<gml:timePosition>2018-08-06</gml:timePosition>
</lfSpanFr>
<devDate gml:id="K27_4704612087_1-2">
<gml:timePosition>2020-12-07</gml:timePosition>
</devDate>
<orgGILvl>2500</orgGILvl>
<vis>表示</vis>
<loc>
<gml:Curve gml:id="K27_4704612087_1-g" srsName="fguuid:jgd2011.bl">
<gml:segments>
<gml:LineStringSegment>
<gml:posList>
33.576693869 130.683949845
33.576728816 130.683938352
33.576797709 130.684244193
33.576761614 130.684254127
</gml:posList>
</gml:LineStringSegment>
</gml:segments>
</gml:Curve>
</loc>
<type>せき</type>
</WStrL>
<WStrL gml:id="K27_4704612087_2">
<fid>47046-12087-s-3719</fid>
<lfSpanFr gml:id="K27_4704612087_2-1">
<gml:timePosition>2018-08-06</gml:timePosition>
</lfSpanFr>
<devDate gml:id="K27_4704612087_2-2">
<gml:timePosition>2020-12-07</gml:timePosition>
</devDate>
<orgGILvl>2500</orgGILvl>
<vis>表示</vis>
<loc>
<gml:Curve gml:id="K27_4704612087_2-g" srsName="fguuid:jgd2011.bl">
<gml:segments>
<gml:LineStringSegment>
<gml:posList>
33.576761614 130.684254127
33.576693869 130.683949845
</gml:posList>
</gml:LineStringSegment>
</gml:segments>
</gml:Curve>
</loc>
<type>せき</type>
</WStrL>
<WStrL gml:id="K27_4704612087_3">
<fid>47046-12087-s-3720</fid>
<lfSpanFr gml:id="K27_4704612087_3-1">
<gml:timePosition>2018-08-06</gml:timePosition>
</lfSpanFr>
<devDate gml:id="K27_4704612087_3-2">
<gml:timePosition>2020-12-07</gml:timePosition>
</devDate>
<orgGILvl>2500</orgGILvl>
<vis>表示</vis>
<loc>
<gml:Curve gml:id="K27_4704612087_3-g" srsName="fguuid:jgd2011.bl">
<gml:segments>
<gml:LineStringSegment>
<gml:posList>
33.577372863 130.685469317
33.577384226 130.685459624
</gml:posList>
</gml:LineStringSegment>
</gml:segments>
</gml:Curve>
</loc>
<type>水門</type>
</WStrL>
<WStrL gml:id="K27_4704612087_4">
<fid>47046-12087-s-3721</fid>
<lfSpanFr gml:id="K27_4704612087_4-1">
<gml:timePosition>2018-08-06</gml:timePosition>
</lfSpanFr>
<devDate gml:id="K27_4704612087_4-2">
<gml:timePosition>2020-12-07</gml:timePosition>
</devDate>
<orgGILvl>2500</orgGILvl>
<vis>表示</vis>
<loc>
<gml:Curve gml:id="K27_4704612087_4-g" srsName="fguuid:jgd2011.bl">
<gml:segments>
<gml:LineStringSegment>
<gml:posList>
33.577384226 130.685459624
33.577389383 130.685466618
33.577384257 130.685471904
33.577393466 130.685483721
33.577398960 130.685481072
33.577404120 130.685488950
33.577390566 130.685499103
33.577384285 130.685489894
33.577389064 130.685486376
33.577380226 130.685475000
33.577377652 130.685477196
33.577372863 130.685469317
</gml:posList>
</gml:LineStringSegment>
</gml:segments>
</gml:Curve>
</loc>
<type>水門</type>
</WStrL>
<WStrL gml:id="K27_4704612087_5">
<fid>47046-12087-s-3722</fid>
<lfSpanFr gml:id="K27_4704612087_5-1">
<gml:timePosition>2018-08-06</gml:timePosition>
</lfSpanFr>
<devDate gml:id="K27_4704612087_5-2">
<gml:timePosition>2020-12-07</gml:timePosition>
</devDate>
<orgGILvl>2500</orgGILvl>
<vis>表示</vis>
<loc>
<gml:Curve gml:id="K27_4704612087_5-g" srsName="fguuid:jgd2011.bl">
<gml:segments>
<gml:LineStringSegment>
<gml:posList>
33.578089325 130.683745395
33.578088491 130.683757915
33.578082376 130.683757237
33.578080374 130.683771152
33.578087364 130.683771816
33.578085359 130.683784685
33.578067894 130.683781625
33.578070188 130.683768754
33.578075432 130.683770814
33.578078010 130.683756564
33.578073355 130.683755536
33.578075356 130.683741277
</gml:posList>
</gml:LineStringSegment>
</gml:segments>
</gml:Curve>
</loc>
<type>水門</type>
</WStrL>
<WStrL gml:id="K27_4704612087_6">
<fid>47046-12087-s-3723</fid>
<lfSpanFr gml:id="K27_4704612087_6-1">
<gml:timePosition>2018-08-06</gml:timePosition>
</lfSpanFr>
<devDate gml:id="K27_4704612087_6-2">
<gml:timePosition>2020-12-07</gml:timePosition>
</devDate>
<orgGILvl>2500</orgGILvl>
<vis>表示</vis>
<loc>
<gml:Curve gml:id="K27_4704612087_6-g" srsName="fguuid:jgd2011.bl">
<gml:segments>
<gml:LineStringSegment>
<gml:posList>
33.578075356 130.683741277
33.578089325 130.683745395
</gml:posList>
</gml:LineStringSegment>
</gml:segments>
</gml:Curve>
</loc>
<type>水門</type>
</WStrL>
<WStrL gml:id="K27_4704612087_7">
<fid>47046-12087-s-3724</fid>
<lfSpanFr gml:id="K27_4704612087_7-1">
<gml:timePosition>2018-08-06</gml:timePosition>
</lfSpanFr>
<devDate gml:id="K27_4704612087_7-2">
<gml:timePosition>2020-12-07</gml:timePosition>
</devDate>
<orgGILvl>2500</orgGILvl>
<vis>表示</vis>
<loc>
<gml:Curve gml:id="K27_4704612087_7-g" srsName="fguuid:jgd2011.bl">
<gml:segments>
<gml:LineStringSegment>
<gml:posList>
33.583204560 130.687051569
33.583202395 130.687047440
33.583210418 130.687039590
33.583217368 130.687049508
33.583208507 130.687057588
33.583206154 130.687054127
33.583196930 130.687064890
33.583199745 130.687069459
33.583191631 130.687076749
33.583184781 130.687067283
33.583193362 130.687058870
33.583195426 130.687062213
33.583204560 130.687051569
</gml:posList>
</gml:LineStringSegment>
</gml:segments>
</gml:Curve>
</loc>
<type>水門</type>
</WStrL>
<WStrL gml:id="K27_4704912081_1">
<fid>47049-12081-s-3600</fid>
<lfSpanFr gml:id="K27_4704912081_1-1">
<gml:timePosition>2018-08-06</gml:timePosition>
</lfSpanFr>
<devDate gml:id="K27_4704912081_1-2">
<gml:timePosition>2020-12-07</gml:timePosition>
</devDate>
<orgGILvl>2500</orgGILvl>
<vis>表示</vis>
<loc>
<gml:Curve gml:id="K27_4704912081_1-g" srsName="fguuid:jgd2011.bl">
<gml:segments>
<gml:LineStringSegment>
<gml:posList>
33.560957474 130.692096203
33.560966894 130.692102309
33.560961667 130.692114121
33.560957435 130.692113048
33.560952264 130.692129513
33.560956493 130.692133235
33.560952638 130.692142091
33.560941695 130.692136292
33.560945197 130.692126587
33.560948727 130.692128265
33.560955131 130.692110935
33.560950541 130.692107149
</gml:posList>
</gml:LineStringSegment>
</gml:segments>
</gml:Curve>
</loc>
<type>水門</type>
</WStrL>
<WStrL gml:id="K27_4704912081_2">
<fid>47049-12081-s-3601</fid>
<lfSpanFr gml:id="K27_4704912081_2-1">
<gml:timePosition>2018-08-06</gml:timePosition>
</lfSpanFr>
<devDate gml:id="K27_4704912081_2-2">
<gml:timePosition>2020-12-07</gml:timePosition>
</devDate>
<orgGILvl>2500</orgGILvl>
<vis>表示</vis>
<loc>
<gml:Curve gml:id="K27_4704912081_2-g" srsName="fguuid:jgd2011.bl">
<gml:segments>
<gml:LineStringSegment>
<gml:posList>
33.560950541 130.692107149
33.560957474 130.692096203
</gml:posList>
</gml:LineStringSegment>
</gml:segments>
</gml:Curve>
</loc>
<type>水門</type>
</WStrL>
<WStrL gml:id="K27_4704912081_3">
<fid>47049-12081-s-3847</fid>
<lfSpanFr gml:id="K27_4704912081_3-1">
<gml:timePosition>2020-02-17</gml:timePosition>
</lfSpanFr>
<devDate gml:id="K27_4704912081_3-2">
<gml:timePosition>2020-12-07</gml:timePosition>
</devDate>
<orgGILvl>2500</orgGILvl>
<vis>表示</vis>
<loc>
<gml:Curve gml:id="K27_4704912081_3-g" srsName="fguuid:jgd2011.bl">
<gml:segments>
<gml:LineStringSegment>
<gml:posList>
33.560934536 130.692096285
33.560922554 130.692100538
33.560923270 130.692105598
33.560914812 130.692108999
33.560911245 130.692095947
33.560918648 130.692092539
33.560920779 130.692097594
33.560932058 130.692093342
33.560933598 130.692092766
</gml:posList>
</gml:LineStringSegment>
</gml:segments>
</gml:Curve>
</loc>
<type>水門</type>
</WStrL>
<WStrL gml:id="K27_4704912081_4">
<fid>47049-12081-s-3848</fid>
<lfSpanFr gml:id="K27_4704912081_4-1">
<gml:timePosition>2020-02-17</gml:timePosition>
</lfSpanFr>
<devDate gml:id="K27_4704912081_4-2">
<gml:timePosition>2020-12-07</gml:timePosition>
</devDate>
<orgGILvl>2500</orgGILvl>
<vis>表示</vis>
<loc>
<gml:Curve gml:id="K27_4704912081_4-g" srsName="fguuid:jgd2011.bl">
<gml:segments>
<gml:LineStringSegment>
<gml:posList>
33.560934536 130.692096285
33.560933598 130.692092766
</gml:posList>
</gml:LineStringSegment>
</gml:segments>
</gml:Curve>
</loc>
<type>水門</type>
</WStrL>
<WStrL gml:id="K27_4704912081_5">
<fid>47049-12081-s-3849</fid>
<lfSpanFr gml:id="K27_4704912081_5-1">
<gml:timePosition>2020-02-17</gml:timePosition>
</lfSpanFr>
<devDate gml:id="K27_4704912081_5-2">
<gml:timePosition>2020-12-07</gml:timePosition>
</devDate>
<orgGILvl>2500</orgGILvl>
<vis>表示</vis>
<loc>
<gml:Curve gml:id="K27_4704912081_5-g" srsName="fguuid:jgd2011.bl">
<gml:segments>
<gml:LineStringSegment>
<gml:posList>
33.560933598 130.692092766
33.560932397 130.692088279
</gml:posList>
</gml:LineStringSegment>
</gml:segments>
</gml:Curve>
</loc>
<type>水門</type>
</WStrL>
<WStrL gml:id="K27_4704912081_6">
<fid>47049-12081-s-3850</fid>
<lfSpanFr gml:id="K27_4704912081_6-1">
<gml:timePosition>2020-02-17</gml:timePosition>
</lfSpanFr>
<devDate gml:id="K27_4704912081_6-2">
<gml:timePosition>2020-12-07</gml:timePosition>
</devDate>
<orgGILvl>2500</orgGILvl>
<vis>表示</vis>
<loc>
<gml:Curve gml:id="K27_4704912081_6-g" srsName="fguuid:jgd2011.bl">
<gml:segments>
<gml:LineStringSegment>
<gml:posList>
33.560932397 130.692088279
33.560945090 130.692083603
33.560947945 130.692096657
33.560936314 130.692100490
33.560934536 130.692096285
</gml:posList>
</gml:LineStringSegment>
</gml:segments>
</gml:Curve>
</loc>
<type>水門</type>
</WStrL>
<WStrL gml:id="K27_4704912087_1">
<fid>47049-12087-s-4924</fid>
<lfSpanFr gml:id="K27_4704912087_1-1">
<gml:timePosition>2018-08-06</gml:timePosition>
</lfSpanFr>
<devDate gml:id="K27_4704912087_1-2">
<gml:timePosition>2020-12-07</gml:timePosition>
</devDate>
<orgGILvl>2500</orgGILvl>
<vis>表示</vis>
<loc>
<gml:Curve gml:id="K27_4704912087_1-g" srsName="fguuid:jgd2011.bl">
<gml:segments>
<gml:LineStringSegment>
<gml:posList>
33.580580577 130.697929917
33.580581592 130.697928416
33.580614438 130.697879652
33.580614878 130.697879004
33.580628075 130.697892263
33.580627752 130.697892727
33.580593328 130.697941669
33.580592259 130.697943180
</gml:posList>
</gml:LineStringSegment>
</gml:segments>
</gml:Curve>
</loc>
<type>せき</type>
</WStrL>
<WStrL gml:id="K27_4704912087_2">
<fid>47049-12087-s-4925</fid>
<lfSpanFr gml:id="K27_4704912087_2-1">
<gml:timePosition>2018-08-06</gml:timePosition>
</lfSpanFr>
<devDate gml:id="K27_4704912087_2-2">
<gml:timePosition>2020-12-07</gml:timePosition>
</devDate>
<orgGILvl>2500</orgGILvl>
<vis>表示</vis>
<loc>
<gml:Curve gml:id="K27_4704912087_2-g" srsName="fguuid:jgd2011.bl">
<gml:segments>
<gml:LineStringSegment>
<gml:posList>
33.580592259 130.697943180
33.580580577 130.697929917
</gml:posList>
</gml:LineStringSegment>
</gml:segments>
</gml:Curve>
</loc>
<type>せき</type>
</WStrL>
</Dataset>
