<?xml version="1.0" encoding="utf-8"?>
<Dataset xsi:schemaLocation="http://fgd.gsi.go.jp/spec/2008/FGD_GMLSchema FGD_GMLSchema.xsd"
	xmlns:gml="http://www.opengis.net/gml/3.2"
	xmlns:xsi="http://www.w3.org/2001/XMLSchema-instance"
	xmlns:xlink="http://www.w3.org/1999/xlink"
	xmlns="http://fgd.gsi.go.jp/spec/2008/FGD_GMLSchema"
	gml:id="Dataset1">
  <gml:description>基盤地図情報メタデータ ID=fmdid:21-0101</gml:description>
  <gml:name>基盤地図情報ダウンロードデータ（GML版）</gml:name>
<WStrA gml:id="K28_4702512060_1">
<fid>20201207-47046-12081-s-2857</fid>
<lfSpanFr gml:id="K28_4702512060_1-1">
<gml:timePosition>2020-12-07</gml:timePosition>
</lfSpanFr>
<devDate gml:id="K28_4702512060_1-2">
<gml:timePosition>2020-12-07</gml:timePosition>
</devDate>
<orgGILvl>2500</orgGILvl>
<vis>表示</vis>
<area>
<gml:Surface gml:id="K28_4702512060_1-g" srsName="fguuid:jgd2011.bl">
<gml:patches>
<gml:PolygonPatch>
<gml:exterior>
<gml:Ring>
<gml:curveMember>
<gml:Curve gml:id="K28_4702512060_1-3">
<gml:segments>
<gml:LineStringSegment>
<gml:posList>
33.563270978 130.688222975
33.563189043 130.688237799
33.563189372 130.688239445
33.563223549 130.688409141
33.563300314 130.688403933
33.563300195 130.688403211
33.563273973 130.688241468
33.563270978 130.688222975
</gml:posList>
</gml:LineStringSegment>
</gml:segments>
</gml:Curve>
</gml:curveMember>
</gml:Ring>
</gml:exterior>
</gml:PolygonPatch>
</gml:patches>
</gml:Surface>
</area>
<type>せき</type>
</WStrA>
<WStrA gml:id="K28_4702512060_2">
<fid>20201207-47046-12087-s-3714</fid>
<lfSpanFr gml:id="K28_4702512060_2-1">
<gml:timePosition>2020-12-07</gml:timePosition>
</lfSpanFr>
<devDate gml:id="K28_4702512060_2-2">
<gml:timePosition>2020-12-07</gml:timePosition>
</devDate>
<orgGILvl>2500</orgGILvl>
<vis>表示</vis>
<area>
<gml:Surface gml:id="K28_4702512060_2-g" srsName="fguuid:jgd2011.bl">
<gml:patches>
<gml:PolygonPatch>
<gml:exterior>
<gml:Ring>
<gml:curveMember>
<gml:Curve gml:id="K28_4702512060_2-3">
<gml:segments>
<gml:LineStringSegment>
<gml:posList>
33.576728816 130.683938352
33.576693869 130.683949845
33.576761614 130.684254127
33.576797709 130.684244193
33.576728816 130.683938352
</gml:posList>
</gml:LineStringSegment>
</gml:segments>
</gml:Curve>
</gml:curveMember>
</gml:Ring>
</gml:exterior>
</gml:PolygonPatch>
</gml:patches>
</gml:Surface>
</area>
<type>せき</type>
</WStrA>
<WStrA gml:id="K28_4702512060_3">
<fid>20201207-47046-12084-s-6151</fid>
<lfSpanFr gml:id="K28_4702512060_3-1">
<gml:timePosition>2020-12-07</gml:timePosition>
</lfSpanFr>
<devDate gml:id="K28_4702512060_3-2">
<gml:timePosition>2020-12-07</gml:timePosition>
</devDate>
<orgGILvl>2500</orgGILvl>
<vis>表示</vis>
<area>
<gml:Surface gml:id="K28_4702512060_3-g" srsName="fguuid:jgd2011.bl">
<gml:patches>
<gml:PolygonPatch>
<gml:exterior>
<gml:Ring>
<gml:curveMember>
<gml:Curve gml:id="K28_4702512060_3-3">
<gml:segments>
<gml:LineStringSegment>
<gml:posList>
33.573973629 130.684460972
33.573951222 130.684464242
33.573994882 130.684776251
33.574014443 130.684773853
33.573973629 130.684460972
</gml:posList>
</gml:LineStringSegment>
</gml:segments>
</gml:Curve>
</gml:curveMember>
</gml:Ring>
</gml:exterior>
</gml:PolygonPatch>
</gml:patches>
</gml:Surface>
</area>
<type>せき</type>
</WStrA>
<WStrA gml:id="K28_4702512060_4">
<fid>20201207-47046-12084-s-6152</fid>
<lfSpanFr gml:id="K28_4702512060_4-1">
<gml:timePosition>2020-12-07</gml:timePosition>
</lfSpanFr>
<devDate gml:id="K28_4702512060_4-2">
<gml:timePosition>2020-12-07</gml:timePosition>
</devDate>
<orgGILvl>2500</orgGILvl>
<vis>表示</vis>
<area>
<gml:Surface gml:id="K28_4702512060_4-g" srsName="fguuid:jgd2011.bl">
<gml:patches>
<gml:PolygonPatch>
<gml:exterior>
<gml:Ring>
<gml:curveMember>
<gml:Curve gml:id="K28_4702512060_4-3">
<gml:segments>
<gml:LineStringSegment>
<gml:posList>
33.569056234 130.687228798
33.569037301 130.687243698
33.569041436 130.687256845
33.569090122 130.687411765
33.569096403 130.687431744
33.569115351 130.687426312
33.569113678 130.687420717
33.569056234 130.687228798
</gml:posList>
</gml:LineStringSegment>
</gml:segments>
</gml:Curve>
</gml:curveMember>
</gml:Ring>
</gml:exterior>
</gml:PolygonPatch>
</gml:patches>
</gml:Surface>
</area>
<type>せき</type>
</WStrA>
<WStrA gml:id="K28_4702512060_5">
<fid>20201207-47040-12078-s-1375</fid>
<lfSpanFr gml:id="K28_4702512060_5-1">
<gml:timePosition>2020-12-07</gml:timePosition>
</lfSpanFr>
<devDate gml:id="K28_4702512060_5-2">
<gml:timePosition>2020-12-07</gml:timePosition>
</devDate>
<orgGILvl>2500</orgGILvl>
<vis>表示</vis>
<area>
<gml:Surface gml:id="K28_4702512060_5-g" srsName="fguuid:jgd2011.bl">
<gml:patches>
<gml:PolygonPatch>
<gml:exterior>
<gml:Ring>
<gml:curveMember>
<gml:Curve gml:id="K28_4702512060_5-3">
<gml:segments>
<gml:LineStringSegment>
<gml:posList>
33.554967351 130.670148054
33.554951842 130.670148113
33.554952468 130.670383186
33.554967977 130.670383127
33.554967351 130.670148054
</gml:posList>
</gml:LineStringSegment>
</gml:segments>
</gml:Curve>
</gml:curveMember>
</gml:Ring>
</gml:exterior>
</gml:PolygonPatch>
</gml:patches>
</gml:Surface>
</area>
<type>せき</type>
</WStrA>
<WStrA gml:id="K28_4702512060_6">
<fid>20201207-47040-12078-s-1373</fid>
<lfSpanFr gml:id="K28_4702512060_6-1">
<gml:timePosition>2020-12-07</gml:timePosition>
</lfSpanFr>
<devDate gml:id="K28_4702512060_6-2">
<gml:timePosition>2020-12-07</gml:timePosition>
</devDate>
<orgGILvl>2500</orgGILvl>
<vis>表示</vis>
<area>
<gml:Surface gml:id="K28_4702512060_6-g" srsName="fguuid:jgd2011.bl">
<gml:patches>
<gml:PolygonPatch>
<gml:exterior>
<gml:Ring>
<gml:curveMember>
<gml:Curve gml:id="K28_4702512060_6-3">
<gml:segments>
<gml:LineStringSegment>
<gml:posList>
33.552907823 130.669003317
33.552891124 130.66900338
33.552891593 130.669178615
33.552908292 130.669178551
33.552907823 130.669003317
</gml:posList>
</gml:LineStringSegment>
</gml:segments>
</gml:Curve>
</gml:curveMember>
</gml:Ring>
</gml:exterior>
</gml:PolygonPatch>
</gml:patches>
</gml:Surface>
</area>
<type>せき</type>
</WStrA>
<WStrA gml:id="K28_4702512060_7">
<fid>20201207-47043-12084-s-3812</fid>
<lfSpanFr gml:id="K28_4702512060_7-1">
<gml:timePosition>2020-12-07</gml:timePosition>
</lfSpanFr>
<devDate gml:id="K28_4702512060_7-2">
<gml:timePosition>2020-12-07</gml:timePosition>
</devDate>
<orgGILvl>2500</orgGILvl>
<vis>表示</vis>
<area>
<gml:Surface gml:id="K28_4702512060_7-g" srsName="fguuid:jgd2011.bl">
<gml:patches>
<gml:PolygonPatch>
<gml:exterior>
<gml:Ring>
<gml:curveMember>
<gml:Curve gml:id="K28_4702512060_7-3">
<gml:segments>
<gml:LineStringSegment>
<gml:posList>
33.567322966 130.67607736
33.567283109 130.676076217
33.567282955 130.67607933
33.567282115 130.676095996
33.567282072 130.676110526
33.567280989 130.676124199
33.567280701 130.67612783
33.56731374 130.676142172
33.567314422 130.676137376
33.567322647 130.676079613
33.567322966 130.67607736
</gml:posList>
</gml:LineStringSegment>
</gml:segments>
</gml:Curve>
</gml:curveMember>
</gml:Ring>
</gml:exterior>
</gml:PolygonPatch>
</gml:patches>
</gml:Surface>
</area>
<type>せき</type>
</WStrA>
<WStrA gml:id="K28_4702512060_8">
<fid>20201207-47046-12081-s-2858</fid>
<lfSpanFr gml:id="K28_4702512060_8-1">
<gml:timePosition>2020-12-07</gml:timePosition>
</lfSpanFr>
<devDate gml:id="K28_4702512060_8-2">
<gml:timePosition>2020-12-07</gml:timePosition>
</devDate>
<orgGILvl>2500</orgGILvl>
<vis>表示</vis>
<area>
<gml:Surface gml:id="K28_4702512060_8-g" srsName="fguuid:jgd2011.bl">
<gml:patches>
<gml:PolygonPatch>
<gml:exterior>
<gml:Ring>
<gml:curveMember>
<gml:Curve gml:id="K28_4702512060_8-3">
<gml:segments>
<gml:LineStringSegment>
<gml:posList>
33.559047826 130.686204615
33.559041896 130.686188202
33.559017855 130.686204864
33.558971734 130.686236813
33.558951661 130.686250725
33.558962502 130.686265946
33.558972781 130.686258553
33.559042894 130.686208155
33.559047826 130.686204615
</gml:posList>
</gml:LineStringSegment>
</gml:segments>
</gml:Curve>
</gml:curveMember>
</gml:Ring>
</gml:exterior>
</gml:PolygonPatch>
</gml:patches>
</gml:Surface>
</area>
<type>せき</type>
</WStrA>
<WStrA gml:id="K28_4702512060_9">
<fid>20201207-47040-12078-s-1374</fid>
<lfSpanFr gml:id="K28_4702512060_9-1">
<gml:timePosition>2020-12-07</gml:timePosition>
</lfSpanFr>
<devDate gml:id="K28_4702512060_9-2">
<gml:timePosition>2020-12-07</gml:timePosition>
</devDate>
<orgGILvl>2500</orgGILvl>
<vis>表示</vis>
<area>
<gml:Surface gml:id="K28_4702512060_9-g" srsName="fguuid:jgd2011.bl">
<gml:patches>
<gml:PolygonPatch>
<gml:exterior>
<gml:Ring>
<gml:curveMember>
<gml:Curve gml:id="K28_4702512060_9-3">
<gml:segments>
<gml:LineStringSegment>
<gml:posList>
33.556129859 130.67033037
33.556121352 130.670315227
33.556075767 130.67036395
33.556088523 130.670383104
33.556129859 130.67033037
</gml:posList>
</gml:LineStringSegment>
</gml:segments>
</gml:Curve>
</gml:curveMember>
</gml:Ring>
</gml:exterior>
</gml:PolygonPatch>
</gml:patches>
</gml:Surface>
</area>
<type>せき</type>
</WStrA>
<WStrA gml:id="K28_4702512060_10">
<fid>20201207-47049-12087-s-4923</fid>
<lfSpanFr gml:id="K28_4702512060_10-1">
<gml:timePosition>2020-12-07</gml:timePosition>
</lfSpanFr>
<devDate gml:id="K28_4702512060_10-2">
<gml:timePosition>2020-12-07</gml:timePosition>
</devDate>
<orgGILvl>2500</orgGILvl>
<vis>表示</vis>
<area>
<gml:Surface gml:id="K28_4702512060_10-g" srsName="fguuid:jgd2011.bl">
<gml:patches>
<gml:PolygonPatch>
<gml:exterior>
<gml:Ring>
<gml:curveMember>
<gml:Curve gml:id="K28_4702512060_10-3">
<gml:segments>
<gml:LineStringSegment>
<gml:posList>
33.580628075 130.697892263
33.580614878 130.697879004
33.580614438 130.697879652
33.580581592 130.697928416
33.580580577 130.697929917
33.580592259 130.697943180
33.580593328 130.697941669
33.580627752 130.697892727
33.580628075 130.697892263
</gml:posList>
</gml:LineStringSegment>
</gml:segments>
</gml:Curve>
</gml:curveMember>
</gml:Ring>
</gml:exterior>
</gml:PolygonPatch>
</gml:patches>
</gml:Surface>
</area>
<type>せき</type>
</WStrA>
<WStrA gml:id="K28_4702512060_11">
<fid>20201207-47040-12081-s-1377</fid>
<lfSpanFr gml:id="K28_4702512060_11-1">
<gml:timePosition>2020-12-07</gml:timePosition>
</lfSpanFr>
<devDate gml:id="K28_4702512060_11-2">
<gml:timePosition>2020-12-07</gml:timePosition>
</devDate>
<orgGILvl>2500</orgGILvl>
<vis>表示</vis>
<area>
<gml:Surface gml:id="K28_4702512060_11-g" srsName="fguuid:jgd2011.bl">
<gml:patches>
<gml:PolygonPatch>
<gml:exterior>
<gml:Ring>
<gml:curveMember>
<gml:Curve gml:id="K28_4702512060_11-3">
<gml:segments>
<gml:LineStringSegment>
<gml:posList>
33.56316837 130.674952644
33.56315208 130.674936721
33.563150194 130.674939497
33.56314326 130.674949711
33.563136576 130.674959182
33.563129479 130.674969161
33.563127602 130.674971796
33.563144809 130.674990084
33.563146622 130.674987202
33.563166925 130.674954943
33.56316837 130.674952644
</gml:posList>
</gml:LineStringSegment>
</gml:segments>
</gml:Curve>
</gml:curveMember>
</gml:Ring>
</gml:exterior>
</gml:PolygonPatch>
</gml:patches>
</gml:Surface>
</area>
<type>せき</type>
</WStrA>
<WStrA gml:id="K28_4702512060_12">
<fid>20201207-47043-12084-s-3805</fid>
<lfSpanFr gml:id="K28_4702512060_12-1">
<gml:timePosition>2020-12-07</gml:timePosition>
</lfSpanFr>
<devDate gml:id="K28_4702512060_12-2">
<gml:timePosition>2020-12-07</gml:timePosition>
</devDate>
<orgGILvl>2500</orgGILvl>
<vis>表示</vis>
<area>
<gml:Surface gml:id="K28_4702512060_12-g" srsName="fguuid:jgd2011.bl">
<gml:patches>
<gml:PolygonPatch>
<gml:exterior>
<gml:Ring>
<gml:curveMember>
<gml:Curve gml:id="K28_4702512060_12-3">
<gml:segments>
<gml:LineStringSegment>
<gml:posList>
33.572618578 130.677644691
33.572603139 130.677640321
33.57259218 130.677701567
33.572607001 130.67770373
33.572618578 130.677644691
</gml:posList>
</gml:LineStringSegment>
</gml:segments>
</gml:Curve>
</gml:curveMember>
</gml:Ring>
</gml:exterior>
</gml:PolygonPatch>
</gml:patches>
</gml:Surface>
</area>
<type>せき</type>
</WStrA>
<WStrA gml:id="K28_4702512060_13">
<fid>20201207-47043-12087-s-3427</fid>
<lfSpanFr gml:id="K28_4702512060_13-1">
<gml:timePosition>2020-12-07</gml:timePosition>
</lfSpanFr>
<devDate gml:id="K28_4702512060_13-2">
<gml:timePosition>2020-12-07</gml:timePosition>
</devDate>
<orgGILvl>2500</orgGILvl>
<vis>表示</vis>
<area>
<gml:Surface gml:id="K28_4702512060_13-g" srsName="fguuid:jgd2011.bl">
<gml:patches>
<gml:PolygonPatch>
<gml:exterior>
<gml:Ring>
<gml:curveMember>
<gml:Curve gml:id="K28_4702512060_13-3">
<gml:segments>
<gml:LineStringSegment>
<gml:posList>
33.577472513 130.678467692
33.577458867 130.678469801
33.577459727 130.678474753
33.577470556 130.678537052
33.577482931 130.678534959
33.577472705 130.67846892
33.577472513 130.678467692
</gml:posList>
</gml:LineStringSegment>
</gml:segments>
</gml:Curve>
</gml:curveMember>
</gml:Ring>
</gml:exterior>
</gml:PolygonPatch>
</gml:patches>
</gml:Surface>
</area>
<type>せき</type>
</WStrA>
<WStrA gml:id="K28_4702512060_14">
<fid>20201207-47040-12078-s-1376</fid>
<lfSpanFr gml:id="K28_4702512060_14-1">
<gml:timePosition>2020-12-07</gml:timePosition>
</lfSpanFr>
<devDate gml:id="K28_4702512060_14-2">
<gml:timePosition>2020-12-07</gml:timePosition>
</devDate>
<orgGILvl>2500</orgGILvl>
<vis>表示</vis>
<area>
<gml:Surface gml:id="K28_4702512060_14-g" srsName="fguuid:jgd2011.bl">
<gml:patches>
<gml:PolygonPatch>
<gml:exterior>
<gml:Ring>
<gml:curveMember>
<gml:Curve gml:id="K28_4702512060_14-3">
<gml:segments>
<gml:LineStringSegment>
<gml:posList>
33.5581041 130.67141307
33.558093306 130.671416083
33.558093712 130.67144012
33.558093798 130.671445365
33.558094218 130.671460947
33.558094258 130.671462239
33.558095171 130.671490528
33.558107208 130.671487004
33.558106092 130.671460439
33.558105197 130.671439247
33.5581041 130.67141307
</gml:posList>
</gml:LineStringSegment>
</gml:segments>
</gml:Curve>
</gml:curveMember>
</gml:Ring>
</gml:exterior>
</gml:PolygonPatch>
</gml:patches>
</gml:Surface>
</area>
<type>せき</type>
</WStrA>
<WStrA gml:id="K28_4702512060_15">
<fid>20201207-47043-12081-s-1551</fid>
<lfSpanFr gml:id="K28_4702512060_15-1">
<gml:timePosition>2020-12-07</gml:timePosition>
</lfSpanFr>
<devDate gml:id="K28_4702512060_15-2">
<gml:timePosition>2020-12-07</gml:timePosition>
</devDate>
<orgGILvl>2500</orgGILvl>
<vis>表示</vis>
<area>
<gml:Surface gml:id="K28_4702512060_15-g" srsName="fguuid:jgd2011.bl">
<gml:patches>
<gml:PolygonPatch>
<gml:exterior>
<gml:Ring>
<gml:curveMember>
<gml:Curve gml:id="K28_4702512060_15-3">
<gml:segments>
<gml:LineStringSegment>
<gml:posList>
33.564050205 130.675795457
33.56404044 130.675788578
33.564038707 130.675791331
33.564025328 130.67581261
33.564015072 130.675828621
33.564002665 130.675845793
33.56400068 130.675848547
33.564009189 130.675858015
33.564011461 130.675854549
33.564048741 130.675797692
33.564050205 130.675795457
</gml:posList>
</gml:LineStringSegment>
</gml:segments>
</gml:Curve>
</gml:curveMember>
</gml:Ring>
</gml:exterior>
</gml:PolygonPatch>
</gml:patches>
</gml:Surface>
</area>
<type>せき</type>
</WStrA>
<WStrA gml:id="K28_4702512060_16">
<fid>20201207-47043-12084-s-3808</fid>
<lfSpanFr gml:id="K28_4702512060_16-1">
<gml:timePosition>2020-12-07</gml:timePosition>
</lfSpanFr>
<devDate gml:id="K28_4702512060_16-2">
<gml:timePosition>2020-12-07</gml:timePosition>
</devDate>
<orgGILvl>2500</orgGILvl>
<vis>表示</vis>
<area>
<gml:Surface gml:id="K28_4702512060_16-g" srsName="fguuid:jgd2011.bl">
<gml:patches>
<gml:PolygonPatch>
<gml:exterior>
<gml:Ring>
<gml:curveMember>
<gml:Curve gml:id="K28_4702512060_16-3">
<gml:segments>
<gml:LineStringSegment>
<gml:posList>
33.573957635 130.67807147
33.573944041 130.678069302
33.57393493 130.6781269
33.573947902 130.678129071
33.573957635 130.67807147
</gml:posList>
</gml:LineStringSegment>
</gml:segments>
</gml:Curve>
</gml:curveMember>
</gml:Ring>
</gml:exterior>
</gml:PolygonPatch>
</gml:patches>
</gml:Surface>
</area>
<type>せき</type>
</WStrA>
<WStrA gml:id="K28_4702512060_17">
<fid>20201207-47043-12084-s-3809</fid>
<lfSpanFr gml:id="K28_4702512060_17-1">
<gml:timePosition>2020-12-07</gml:timePosition>
</lfSpanFr>
<devDate gml:id="K28_4702512060_17-2">
<gml:timePosition>2020-12-07</gml:timePosition>
</devDate>
<orgGILvl>2500</orgGILvl>
<vis>表示</vis>
<area>
<gml:Surface gml:id="K28_4702512060_17-g" srsName="fguuid:jgd2011.bl">
<gml:patches>
<gml:PolygonPatch>
<gml:exterior>
<gml:Ring>
<gml:curveMember>
<gml:Curve gml:id="K28_4702512060_17-3">
<gml:segments>
<gml:LineStringSegment>
<gml:posList>
33.574200288 130.678096648
33.574187117 130.678097688
33.574189322 130.678155234
33.574202907 130.678153719
33.574200288 130.678096648
</gml:posList>
</gml:LineStringSegment>
</gml:segments>
</gml:Curve>
</gml:curveMember>
</gml:Ring>
</gml:exterior>
</gml:PolygonPatch>
</gml:patches>
</gml:Surface>
</area>
<type>せき</type>
</WStrA>
<WStrA gml:id="K28_4702512060_18">
<fid>20201207-47043-12084-s-3816</fid>
<lfSpanFr gml:id="K28_4702512060_18-1">
<gml:timePosition>2020-12-07</gml:timePosition>
</lfSpanFr>
<devDate gml:id="K28_4702512060_18-2">
<gml:timePosition>2020-12-07</gml:timePosition>
</devDate>
<orgGILvl>2500</orgGILvl>
<vis>表示</vis>
<area>
<gml:Surface gml:id="K28_4702512060_18-g" srsName="fguuid:jgd2011.bl">
<gml:patches>
<gml:PolygonPatch>
<gml:exterior>
<gml:Ring>
<gml:curveMember>
<gml:Curve gml:id="K28_4702512060_18-3">
<gml:segments>
<gml:LineStringSegment>
<gml:posList>
33.570366804 130.676579034
33.570347994 130.676578523
33.570349015 130.676593071
33.570358104 130.676593188
33.570358174 130.676595816
33.570358849 130.676626469
33.570358891 130.676628849
33.570348972 130.676628585
33.570348652 130.676644075
33.570367922 130.67664451
33.570368305 130.676629116
33.570361669 130.676628925
33.570361655 130.676627083
33.570361442 130.676594091
33.57036144 130.67659323
33.570368176 130.676593323
33.570366804 130.676579034
</gml:posList>
</gml:LineStringSegment>
</gml:segments>
</gml:Curve>
</gml:curveMember>
</gml:Ring>
</gml:exterior>
</gml:PolygonPatch>
</gml:patches>
</gml:Surface>
</area>
<type>水門</type>
</WStrA>
<WStrA gml:id="K28_4702512060_19">
<fid>20201207-47046-12084-s-6158</fid>
<lfSpanFr gml:id="K28_4702512060_19-1">
<gml:timePosition>2020-12-07</gml:timePosition>
</lfSpanFr>
<devDate gml:id="K28_4702512060_19-2">
<gml:timePosition>2020-12-07</gml:timePosition>
</devDate>
<orgGILvl>2500</orgGILvl>
<vis>表示</vis>
<area>
<gml:Surface gml:id="K28_4702512060_19-g" srsName="fguuid:jgd2011.bl">
<gml:patches>
<gml:PolygonPatch>
<gml:exterior>
<gml:Ring>
<gml:curveMember>
<gml:Curve gml:id="K28_4702512060_19-3">
<gml:segments>
<gml:LineStringSegment>
<gml:posList>
33.569680071 130.690410653
33.569665205 130.690411643
33.569666829 130.690422678
33.569666018 130.690422853
33.569644119 130.690427606
33.569643317 130.690420597
33.569628839 130.69042206
33.569630849 130.690443078
33.569646107 130.690440223
33.56964647 130.690430409
33.569667196 130.690425186
33.569668393 130.690431731
33.569682075 130.690429345
33.569680071 130.690410653
</gml:posList>
</gml:LineStringSegment>
</gml:segments>
</gml:Curve>
</gml:curveMember>
</gml:Ring>
</gml:exterior>
</gml:PolygonPatch>
</gml:patches>
</gml:Surface>
</area>
<type>水門</type>
</WStrA>
<WStrA gml:id="K28_4702512060_20">
<fid>20201207-47046-12084-s-6153</fid>
<lfSpanFr gml:id="K28_4702512060_20-1">
<gml:timePosition>2020-12-07</gml:timePosition>
</lfSpanFr>
<devDate gml:id="K28_4702512060_20-2">
<gml:timePosition>2020-12-07</gml:timePosition>
</devDate>
<orgGILvl>2500</orgGILvl>
<vis>表示</vis>
<area>
<gml:Surface gml:id="K28_4702512060_20-g" srsName="fguuid:jgd2011.bl">
<gml:patches>
<gml:PolygonPatch>
<gml:exterior>
<gml:Ring>
<gml:curveMember>
<gml:Curve gml:id="K28_4702512060_20-3">
<gml:segments>
<gml:LineStringSegment>
<gml:posList>
33.572596464 130.683907795
33.572578703 130.683912448
33.572581016 130.683924601
33.572587747 130.683922853
33.572588801 130.68392621
33.57259501 130.683946007
33.572596792 130.683951677
33.572591522 130.6839537
33.572596122 130.683971758
33.572612672 130.683966527
33.572607829 130.68394819
33.572600632 130.683951092
33.572598786 130.683945196
33.572592432 130.683924872
33.57259135 130.683921407
33.572598783 130.683919376
33.572596464 130.683907795
</gml:posList>
</gml:LineStringSegment>
</gml:segments>
</gml:Curve>
</gml:curveMember>
</gml:Ring>
</gml:exterior>
</gml:PolygonPatch>
</gml:patches>
</gml:Surface>
</area>
<type>水門</type>
</WStrA>
<WStrA gml:id="K28_4702512060_21">
<fid>20201207-47043-12084-s-3806</fid>
<lfSpanFr gml:id="K28_4702512060_21-1">
<gml:timePosition>2020-12-07</gml:timePosition>
</lfSpanFr>
<devDate gml:id="K28_4702512060_21-2">
<gml:timePosition>2020-12-07</gml:timePosition>
</devDate>
<orgGILvl>2500</orgGILvl>
<vis>表示</vis>
<area>
<gml:Surface gml:id="K28_4702512060_21-g" srsName="fguuid:jgd2011.bl">
<gml:patches>
<gml:PolygonPatch>
<gml:exterior>
<gml:Ring>
<gml:curveMember>
<gml:Curve gml:id="K28_4702512060_21-3">
<gml:segments>
<gml:LineStringSegment>
<gml:posList>
33.573356379 130.677784254
33.573345862 130.677776182
33.573321288 130.677823475
33.573331188 130.677830074
33.573356379 130.677784254
</gml:posList>
</gml:LineStringSegment>
</gml:segments>
</gml:Curve>
</gml:curveMember>
</gml:Ring>
</gml:exterior>
</gml:PolygonPatch>
</gml:patches>
</gml:Surface>
</area>
<type>せき</type>
</WStrA>
<WStrA gml:id="K28_4702512060_22">
<fid>20201207-47043-12081-s-1548</fid>
<lfSpanFr gml:id="K28_4702512060_22-1">
<gml:timePosition>2020-12-07</gml:timePosition>
</lfSpanFr>
<devDate gml:id="K28_4702512060_22-2">
<gml:timePosition>2020-12-07</gml:timePosition>
</devDate>
<orgGILvl>2500</orgGILvl>
<vis>表示</vis>
<area>
<gml:Surface gml:id="K28_4702512060_22-g" srsName="fguuid:jgd2011.bl">
<gml:patches>
<gml:PolygonPatch>
<gml:exterior>
<gml:Ring>
<gml:curveMember>
<gml:Curve gml:id="K28_4702512060_22-3">
<gml:segments>
<gml:LineStringSegment>
<gml:posList>
33.562981483 130.681503597
33.562975945 130.681516919
33.563007996 130.681553787
33.563014685 130.681542809
33.562981483 130.681503597
</gml:posList>
</gml:LineStringSegment>
</gml:segments>
</gml:Curve>
</gml:curveMember>
</gml:Ring>
</gml:exterior>
</gml:PolygonPatch>
</gml:patches>
</gml:Surface>
</area>
<type>せき</type>
</WStrA>
<WStrA gml:id="K28_4702512060_23">
<fid>20201207-47043-12084-s-3807</fid>
<lfSpanFr gml:id="K28_4702512060_23-1">
<gml:timePosition>2020-12-07</gml:timePosition>
</lfSpanFr>
<devDate gml:id="K28_4702512060_23-2">
<gml:timePosition>2020-12-07</gml:timePosition>
</devDate>
<orgGILvl>2500</orgGILvl>
<vis>表示</vis>
<area>
<gml:Surface gml:id="K28_4702512060_23-g" srsName="fguuid:jgd2011.bl">
<gml:patches>
<gml:PolygonPatch>
<gml:exterior>
<gml:Ring>
<gml:curveMember>
<gml:Curve gml:id="K28_4702512060_23-3">
<gml:segments>
<gml:LineStringSegment>
<gml:posList>
33.573670841 130.678017146
33.57365972 130.678015712
33.573653676 130.678070304
33.573664788 130.678071739
33.573670841 130.678017146
</gml:posList>
</gml:LineStringSegment>
</gml:segments>
</gml:Curve>
</gml:curveMember>
</gml:Ring>
</gml:exterior>
</gml:PolygonPatch>
</gml:patches>
</gml:Surface>
</area>
<type>せき</type>
</WStrA>
<WStrA gml:id="K28_4702512060_24">
<fid>20201207-47043-12084-s-3815</fid>
<lfSpanFr gml:id="K28_4702512060_24-1">
<gml:timePosition>2020-12-07</gml:timePosition>
</lfSpanFr>
<devDate gml:id="K28_4702512060_24-2">
<gml:timePosition>2020-12-07</gml:timePosition>
</devDate>
<orgGILvl>2500</orgGILvl>
<vis>表示</vis>
<area>
<gml:Surface gml:id="K28_4702512060_24-g" srsName="fguuid:jgd2011.bl">
<gml:patches>
<gml:PolygonPatch>
<gml:exterior>
<gml:Ring>
<gml:curveMember>
<gml:Curve gml:id="K28_4702512060_24-3">
<gml:segments>
<gml:LineStringSegment>
<gml:posList>
33.568586255 130.676312075
33.568570435 130.676310045
33.568569568 130.67631986
33.568569561 130.676324373
33.568574143 130.676324938
33.568573951 130.676327298
33.568571505 130.676357197
33.568571365 130.676358878
33.568566523 130.676358831
33.568566766 130.676365562
33.568567212 130.676374059
33.568580125 130.676374549
33.568580954 130.676367405
33.568581304 130.676359853
33.568575494 130.676358722
33.568575739 130.676355845
33.568578172 130.676327799
33.568578347 130.67632573
33.568584851 130.676326826
33.568585246 130.676322688
33.568586255 130.676312075
</gml:posList>
</gml:LineStringSegment>
</gml:segments>
</gml:Curve>
</gml:curveMember>
</gml:Ring>
</gml:exterior>
</gml:PolygonPatch>
</gml:patches>
</gml:Surface>
</area>
<type>水門</type>
</WStrA>
<WStrA gml:id="K28_4702512060_25">
<fid>20201207-47043-12084-s-3811</fid>
<lfSpanFr gml:id="K28_4702512060_25-1">
<gml:timePosition>2020-12-07</gml:timePosition>
</lfSpanFr>
<devDate gml:id="K28_4702512060_25-2">
<gml:timePosition>2020-12-07</gml:timePosition>
</devDate>
<orgGILvl>2500</orgGILvl>
<vis>表示</vis>
<area>
<gml:Surface gml:id="K28_4702512060_25-g" srsName="fguuid:jgd2011.bl">
<gml:patches>
<gml:PolygonPatch>
<gml:exterior>
<gml:Ring>
<gml:curveMember>
<gml:Curve gml:id="K28_4702512060_25-3">
<gml:segments>
<gml:LineStringSegment>
<gml:posList>
33.566882445 130.676002984
33.566870934 130.676000862
33.566870793 130.6760018
33.566868453 130.676017502
33.566866492 130.676029378
33.566864954 130.676041308
33.566864671 130.676043484
33.566876234 130.676044895
33.566876527 130.676042902
33.566882445 130.676002984
</gml:posList>
</gml:LineStringSegment>
</gml:segments>
</gml:Curve>
</gml:curveMember>
</gml:Ring>
</gml:exterior>
</gml:PolygonPatch>
</gml:patches>
</gml:Surface>
</area>
<type>せき</type>
</WStrA>
<WStrA gml:id="K28_4702512060_26">
<fid>20201207-47046-12087-s-3715</fid>
<lfSpanFr gml:id="K28_4702512060_26-1">
<gml:timePosition>2020-12-07</gml:timePosition>
</lfSpanFr>
<devDate gml:id="K28_4702512060_26-2">
<gml:timePosition>2020-12-07</gml:timePosition>
</devDate>
<orgGILvl>2500</orgGILvl>
<vis>表示</vis>
<area>
<gml:Surface gml:id="K28_4702512060_26-g" srsName="fguuid:jgd2011.bl">
<gml:patches>
<gml:PolygonPatch>
<gml:exterior>
<gml:Ring>
<gml:curveMember>
<gml:Curve gml:id="K28_4702512060_26-3">
<gml:segments>
<gml:LineStringSegment>
<gml:posList>
33.578089325 130.683745395
33.578075356 130.683741277
33.578073355 130.683755536
33.57807801 130.683756564
33.578075432 130.683770814
33.578070188 130.683768754
33.578067894 130.683781625
33.578085359 130.683784685
33.578087364 130.683771816
33.578080374 130.683771152
33.578082376 130.683757237
33.578088491 130.683757915
33.578089325 130.683745395
</gml:posList>
</gml:LineStringSegment>
</gml:segments>
</gml:Curve>
</gml:curveMember>
</gml:Ring>
</gml:exterior>
</gml:PolygonPatch>
</gml:patches>
</gml:Surface>
</area>
<type>水門</type>
</WStrA>
<WStrA gml:id="K28_4702512060_27">
<fid>20201207-47043-12081-s-1547</fid>
<lfSpanFr gml:id="K28_4702512060_27-1">
<gml:timePosition>2020-12-07</gml:timePosition>
</lfSpanFr>
<devDate gml:id="K28_4702512060_27-2">
<gml:timePosition>2020-12-07</gml:timePosition>
</devDate>
<orgGILvl>2500</orgGILvl>
<vis>表示</vis>
<area>
<gml:Surface gml:id="K28_4702512060_27-g" srsName="fguuid:jgd2011.bl">
<gml:patches>
<gml:PolygonPatch>
<gml:exterior>
<gml:Ring>
<gml:curveMember>
<gml:Curve gml:id="K28_4702512060_27-3">
<gml:segments>
<gml:LineStringSegment>
<gml:posList>
33.563032761 130.681408748
33.563026072 130.681416301
33.563058164 130.681451801
33.563063287 130.681441593
33.563032761 130.681408748
</gml:posList>
</gml:LineStringSegment>
</gml:segments>
</gml:Curve>
</gml:curveMember>
</gml:Ring>
</gml:exterior>
</gml:PolygonPatch>
</gml:patches>
</gml:Surface>
</area>
<type>せき</type>
</WStrA>
<WStrA gml:id="K28_4702512060_28">
<fid>20201207-47043-12081-s-1549</fid>
<lfSpanFr gml:id="K28_4702512060_28-1">
<gml:timePosition>2020-12-07</gml:timePosition>
</lfSpanFr>
<devDate gml:id="K28_4702512060_28-2">
<gml:timePosition>2020-12-07</gml:timePosition>
</devDate>
<orgGILvl>2500</orgGILvl>
<vis>表示</vis>
<area>
<gml:Surface gml:id="K28_4702512060_28-g" srsName="fguuid:jgd2011.bl">
<gml:patches>
<gml:PolygonPatch>
<gml:exterior>
<gml:Ring>
<gml:curveMember>
<gml:Curve gml:id="K28_4702512060_28-3">
<gml:segments>
<gml:LineStringSegment>
<gml:posList>
33.563433938 130.675212091
33.563426507 130.675204999
33.563423017 130.675211453
33.563410337 130.675234851
33.563405068 130.675243757
33.563403676 130.67524611
33.563411341 130.675253007
33.563412642 130.675250654
33.563432295 130.67521507
33.563433938 130.675212091
</gml:posList>
</gml:LineStringSegment>
</gml:segments>
</gml:Curve>
</gml:curveMember>
</gml:Ring>
</gml:exterior>
</gml:PolygonPatch>
</gml:patches>
</gml:Surface>
</area>
<type>せき</type>
</WStrA>
<WStrA gml:id="K28_4702512060_29">
<fid>20201207-47043-12084-s-3810</fid>
<lfSpanFr gml:id="K28_4702512060_29-1">
<gml:timePosition>2020-12-07</gml:timePosition>
</lfSpanFr>
<devDate gml:id="K28_4702512060_29-2">
<gml:timePosition>2020-12-07</gml:timePosition>
</devDate>
<orgGILvl>2500</orgGILvl>
<vis>表示</vis>
<area>
<gml:Surface gml:id="K28_4702512060_29-g" srsName="fguuid:jgd2011.bl">
<gml:patches>
<gml:PolygonPatch>
<gml:exterior>
<gml:Ring>
<gml:curveMember>
<gml:Curve gml:id="K28_4702512060_29-3">
<gml:segments>
<gml:LineStringSegment>
<gml:posList>
33.566763762 130.675980528
33.566754911 130.675978407
33.566754653 130.675979916
33.56675135 130.67599937
33.566749749 130.676007788
33.566748143 130.67602115
33.566747799 130.676023995
33.566757559 130.676025466
33.566757975 130.676022459
33.56676347 130.67598264
33.566763762 130.675980528
</gml:posList>
</gml:LineStringSegment>
</gml:segments>
</gml:Curve>
</gml:curveMember>
</gml:Ring>
</gml:exterior>
</gml:PolygonPatch>
</gml:patches>
</gml:Surface>
</area>
<type>せき</type>
</WStrA>
<WStrA gml:id="K28_4702512060_30">
<fid>20201207-47046-12084-s-6157</fid>
<lfSpanFr gml:id="K28_4702512060_30-1">
<gml:timePosition>2020-12-07</gml:timePosition>
</lfSpanFr>
<devDate gml:id="K28_4702512060_30-2">
<gml:timePosition>2020-12-07</gml:timePosition>
</devDate>
<orgGILvl>2500</orgGILvl>
<vis>表示</vis>
<area>
<gml:Surface gml:id="K28_4702512060_30-g" srsName="fguuid:jgd2011.bl">
<gml:patches>
<gml:PolygonPatch>
<gml:exterior>
<gml:Ring>
<gml:curveMember>
<gml:Curve gml:id="K28_4702512060_30-3">
<gml:segments>
<gml:LineStringSegment>
<gml:posList>
33.568582306 130.689698698
33.568572523 130.689698733
33.568571358 130.689705286
33.568564903 130.689705492
33.568554931 130.689705808
33.568555685 130.689697393
33.56854473 130.689697432
33.568544388 130.689715669
33.568554955 130.689715157
33.568554941 130.689709556
33.568572547 130.689708082
33.568572954 130.68971603
33.568580394 130.689716477
33.568582306 130.689698698
</gml:posList>
</gml:LineStringSegment>
</gml:segments>
</gml:Curve>
</gml:curveMember>
</gml:Ring>
</gml:exterior>
</gml:PolygonPatch>
</gml:patches>
</gml:Surface>
</area>
<type>水門</type>
</WStrA>
<WStrA gml:id="K28_4702512060_31">
<fid>20201207-47046-12087-s-3716</fid>
<lfSpanFr gml:id="K28_4702512060_31-1">
<gml:timePosition>2020-12-07</gml:timePosition>
</lfSpanFr>
<devDate gml:id="K28_4702512060_31-2">
<gml:timePosition>2020-12-07</gml:timePosition>
</devDate>
<orgGILvl>2500</orgGILvl>
<vis>表示</vis>
<area>
<gml:Surface gml:id="K28_4702512060_31-g" srsName="fguuid:jgd2011.bl">
<gml:patches>
<gml:PolygonPatch>
<gml:exterior>
<gml:Ring>
<gml:curveMember>
<gml:Curve gml:id="K28_4702512060_31-3">
<gml:segments>
<gml:LineStringSegment>
<gml:posList>
33.577384226 130.685459624
33.577372863 130.685469317
33.577377652 130.685477196
33.577380226 130.685475
33.577389064 130.685486376
33.577384285 130.685489894
33.577390566 130.685499103
33.57740412 130.68548895
33.57739896 130.685481072
33.577393466 130.685483721
33.577384257 130.685471904
33.577389383 130.685466618
33.577384226 130.685459624
</gml:posList>
</gml:LineStringSegment>
</gml:segments>
</gml:Curve>
</gml:curveMember>
</gml:Ring>
</gml:exterior>
</gml:PolygonPatch>
</gml:patches>
</gml:Surface>
</area>
<type>水門</type>
</WStrA>
<WStrA gml:id="K28_4702512060_32">
<fid>20201207-47040-12087-s-5399</fid>
<lfSpanFr gml:id="K28_4702512060_32-1">
<gml:timePosition>2020-12-07</gml:timePosition>
</lfSpanFr>
<devDate gml:id="K28_4702512060_32-2">
<gml:timePosition>2020-12-07</gml:timePosition>
</devDate>
<orgGILvl>2500</orgGILvl>
<vis>表示</vis>
<area>
<gml:Surface gml:id="K28_4702512060_32-g" srsName="fguuid:jgd2011.bl">
<gml:patches>
<gml:PolygonPatch>
<gml:exterior>
<gml:Ring>
<gml:curveMember>
<gml:Curve gml:id="K28_4702512060_32-3">
<gml:segments>
<gml:LineStringSegment>
<gml:posList>
33.576439184 130.670931836
33.576427916 130.670926213
33.576422946 130.670939061
33.576426214 130.670940557
33.576425902 130.670941678
33.576422454 130.670954112
33.57642224 130.670954899
33.576418242 130.670953417
33.576414521 130.670964785
33.576427031 130.670969811
33.576430751 130.670958152
33.576425244 130.67095548
33.576425691 130.670954078
33.576429018 130.670943735
33.576429465 130.670942333
33.576434717 130.670943799
33.576439184 130.670931836
</gml:posList>
</gml:LineStringSegment>
</gml:segments>
</gml:Curve>
</gml:curveMember>
</gml:Ring>
</gml:exterior>
</gml:PolygonPatch>
</gml:patches>
</gml:Surface>
</area>
<type>水門</type>
</WStrA>
<WStrA gml:id="K28_4702512060_33">
<fid>20201207-47043-12081-s-1902</fid>
<lfSpanFr gml:id="K28_4702512060_33-1">
<gml:timePosition>2020-12-07</gml:timePosition>
</lfSpanFr>
<devDate gml:id="K28_4702512060_33-2">
<gml:timePosition>2020-12-07</gml:timePosition>
</devDate>
<orgGILvl>2500</orgGILvl>
<vis>表示</vis>
<area>
<gml:Surface gml:id="K28_4702512060_33-g" srsName="fguuid:jgd2011.bl">
<gml:patches>
<gml:PolygonPatch>
<gml:exterior>
<gml:Ring>
<gml:curveMember>
<gml:Curve gml:id="K28_4702512060_33-3">
<gml:segments>
<gml:LineStringSegment>
<gml:posList>
33.563777545 130.675554009
33.563769194 130.675546522
33.563749547 130.675577787
33.56374934 130.675578111
33.563755777 130.675584334
33.563757259 130.675582271
33.563776485 130.675555488
33.563777545 130.675554009
</gml:posList>
</gml:LineStringSegment>
</gml:segments>
</gml:Curve>
</gml:curveMember>
</gml:Ring>
</gml:exterior>
</gml:PolygonPatch>
</gml:patches>
</gml:Surface>
</area>
<type>せき</type>
</WStrA>
<WStrA gml:id="K28_4702512060_34">
<fid>20201207-47040-12084-s-1928</fid>
<lfSpanFr gml:id="K28_4702512060_34-1">
<gml:timePosition>2020-12-07</gml:timePosition>
</lfSpanFr>
<devDate gml:id="K28_4702512060_34-2">
<gml:timePosition>2020-12-07</gml:timePosition>
</devDate>
<orgGILvl>2500</orgGILvl>
<vis>表示</vis>
<area>
<gml:Surface gml:id="K28_4702512060_34-g" srsName="fguuid:jgd2011.bl">
<gml:patches>
<gml:PolygonPatch>
<gml:exterior>
<gml:Ring>
<gml:curveMember>
<gml:Curve gml:id="K28_4702512060_34-3">
<gml:segments>
<gml:LineStringSegment>
<gml:posList>
33.574955901 130.670553735
33.574942393 130.670553431
33.574942275 130.670566552
33.574948218 130.670566702
33.574948184 130.670567714
33.574947822 130.670577227
33.574947788 130.67057824
33.574943632 130.670578428
33.574943521 130.670590849
33.574954954 130.670590805
33.574955064 130.670578029
33.574951801 130.670578397
33.574951823 130.670576501
33.574951908 130.67056756
33.574951922 130.670565987
33.574956078 130.670565788
33.574955901 130.670553735
</gml:posList>
</gml:LineStringSegment>
</gml:segments>
</gml:Curve>
</gml:curveMember>
</gml:Ring>
</gml:exterior>
</gml:PolygonPatch>
</gml:patches>
</gml:Surface>
</area>
<type>水門</type>
</WStrA>
<WStrA gml:id="K28_4702512060_35">
<fid>20201207-47049-12081-s-3599</fid>
<lfSpanFr gml:id="K28_4702512060_35-1">
<gml:timePosition>2020-12-07</gml:timePosition>
</lfSpanFr>
<devDate gml:id="K28_4702512060_35-2">
<gml:timePosition>2020-12-07</gml:timePosition>
</devDate>
<orgGILvl>2500</orgGILvl>
<vis>表示</vis>
<area>
<gml:Surface gml:id="K28_4702512060_35-g" srsName="fguuid:jgd2011.bl">
<gml:patches>
<gml:PolygonPatch>
<gml:exterior>
<gml:Ring>
<gml:curveMember>
<gml:Curve gml:id="K28_4702512060_35-3">
<gml:segments>
<gml:LineStringSegment>
<gml:posList>
33.560957474 130.692096203
33.560950541 130.692107149
33.560955131 130.692110935
33.560948727 130.692128265
33.560945197 130.692126587
33.560941695 130.692136292
33.560952638 130.692142091
33.560956493 130.692133235
33.560952264 130.692129513
33.560957435 130.692113048
33.560961667 130.692114121
33.560966894 130.692102309
33.560957474 130.692096203
</gml:posList>
</gml:LineStringSegment>
</gml:segments>
</gml:Curve>
</gml:curveMember>
</gml:Ring>
</gml:exterior>
</gml:PolygonPatch>
</gml:patches>
</gml:Surface>
</area>
<type>水門</type>
</WStrA>
<WStrA gml:id="K28_4702512060_36">
<fid>20201207-47049-12081-s-3598</fid>
<lfSpanFr gml:id="K28_4702512060_36-1">
<gml:timePosition>2020-12-07</gml:timePosition>
</lfSpanFr>
<devDate gml:id="K28_4702512060_36-2">
<gml:timePosition>2020-12-07</gml:timePosition>
</devDate>
<orgGILvl>2500</orgGILvl>
<vis>表示</vis>
<area>
<gml:Surface gml:id="K28_4702512060_36-g" srsName="fguuid:jgd2011.bl">
<gml:patches>
<gml:PolygonPatch>
<gml:exterior>
<gml:Ring>
<gml:curveMember>
<gml:Curve gml:id="K28_4702512060_36-3">
<gml:segments>
<gml:LineStringSegment>
<gml:posList>
33.56094509 130.692083603
33.560932397 130.692088279
33.560933598 130.692092766
33.560932058 130.692093342
33.560920779 130.692097594
33.560918648 130.692092539
33.560911245 130.692095947
33.560914812 130.692108999
33.56092327 130.692105598
33.560922554 130.692100538
33.560934536 130.692096285
33.560936314 130.69210049
33.560947945 130.692096657
33.56094509 130.692083603
</gml:posList>
</gml:LineStringSegment>
</gml:segments>
</gml:Curve>
</gml:curveMember>
</gml:Ring>
</gml:exterior>
</gml:PolygonPatch>
</gml:patches>
</gml:Surface>
</area>
<type>水門</type>
</WStrA>
<WStrA gml:id="K28_4702512060_37">
<fid>20201207-47046-12084-s-6156</fid>
<lfSpanFr gml:id="K28_4702512060_37-1">
<gml:timePosition>2020-12-07</gml:timePosition>
</lfSpanFr>
<devDate gml:id="K28_4702512060_37-2">
<gml:timePosition>2020-12-07</gml:timePosition>
</devDate>
<orgGILvl>2500</orgGILvl>
<vis>表示</vis>
<area>
<gml:Surface gml:id="K28_4702512060_37-g" srsName="fguuid:jgd2011.bl">
<gml:patches>
<gml:PolygonPatch>
<gml:exterior>
<gml:Ring>
<gml:curveMember>
<gml:Curve gml:id="K28_4702512060_37-3">
<gml:segments>
<gml:LineStringSegment>
<gml:posList>
33.570623832 130.684554009
33.570616564 130.684557428
33.570618338 130.684563238
33.570617743 130.684563477
33.57059136 130.684574086
33.570589558 130.684574814
33.570588447 130.684570273
33.570579773 130.684573924
33.570583963 130.684586888
33.570592259 130.684583691
33.570590549 130.684577827
33.570591288 130.684577533
33.570617797 130.684566903
33.57061895 130.684566446
33.570620567 130.684571287
33.570627926 130.684568104
33.570623832 130.684554009
</gml:posList>
</gml:LineStringSegment>
</gml:segments>
</gml:Curve>
</gml:curveMember>
</gml:Ring>
</gml:exterior>
</gml:PolygonPatch>
</gml:patches>
</gml:Surface>
</area>
<type>水門</type>
</WStrA>
<WStrA gml:id="K28_4702512060_38">
<fid>20201207-47037-12084-s-3150</fid>
<lfSpanFr gml:id="K28_4702512060_38-1">
<gml:timePosition>2020-12-07</gml:timePosition>
</lfSpanFr>
<devDate gml:id="K28_4702512060_38-2">
<gml:timePosition>2020-12-07</gml:timePosition>
</devDate>
<orgGILvl>2500</orgGILvl>
<vis>表示</vis>
<area>
<gml:Surface gml:id="K28_4702512060_38-g" srsName="fguuid:jgd2011.bl">
<gml:patches>
<gml:PolygonPatch>
<gml:exterior>
<gml:Ring>
<gml:curveMember>
<gml:Curve gml:id="K28_4702512060_38-3">
<gml:segments>
<gml:LineStringSegment>
<gml:posList>
33.569047663 130.663709968
33.569041278 130.663709692
33.56903732 130.663709955
33.569037339 130.663719918
33.569037313 130.663720575
33.569037135 130.663724669
33.569042403 130.663725575
33.569042823 130.663737217
33.569039704 130.663737692
33.569040123 130.663752565
33.569049877 130.663751612
33.569049866 130.663744342
33.569049252 130.663737192
33.569045744 130.663737205
33.569045124 130.663724638
33.569047657 130.663724391
33.569047781 130.663720384
33.569047663 130.663709968
</gml:posList>
</gml:LineStringSegment>
</gml:segments>
</gml:Curve>
</gml:curveMember>
</gml:Ring>
</gml:exterior>
</gml:PolygonPatch>
</gml:patches>
</gml:Surface>
</area>
<type>水門</type>
</WStrA>
<WStrA gml:id="K28_4702512060_39">
<fid>20201207-47040-12087-s-5400</fid>
<lfSpanFr gml:id="K28_4702512060_39-1">
<gml:timePosition>2020-12-07</gml:timePosition>
</lfSpanFr>
<devDate gml:id="K28_4702512060_39-2">
<gml:timePosition>2020-12-07</gml:timePosition>
</devDate>
<orgGILvl>2500</orgGILvl>
<vis>表示</vis>
<area>
<gml:Surface gml:id="K28_4702512060_39-g" srsName="fguuid:jgd2011.bl">
<gml:patches>
<gml:PolygonPatch>
<gml:exterior>
<gml:Ring>
<gml:curveMember>
<gml:Curve gml:id="K28_4702512060_39-3">
<gml:segments>
<gml:LineStringSegment>
<gml:posList>
33.576881591 130.671185803
33.576870074 130.671177886
33.576864276 130.671188055
33.576868776 130.671191625
33.576868417 130.67119237
33.576863754 130.671202007
33.576863476 130.67120259
33.576859304 130.671200408
33.576854331 130.671208582
33.576865848 130.671216509
33.576870487 130.671207734
33.57686548 130.67120338
33.576865937 130.671202419
33.576870286 130.671193246
33.576870779 130.67119221
33.576876954 130.671194977
33.576881591 130.671185803
</gml:posList>
</gml:LineStringSegment>
</gml:segments>
</gml:Curve>
</gml:curveMember>
</gml:Ring>
</gml:exterior>
</gml:PolygonPatch>
</gml:patches>
</gml:Surface>
</area>
<type>水門</type>
</WStrA>
<WStrA gml:id="K28_4702512060_40">
<fid>20201207-47046-12087-s-3717</fid>
<lfSpanFr gml:id="K28_4702512060_40-1">
<gml:timePosition>2020-12-07</gml:timePosition>
</lfSpanFr>
<devDate gml:id="K28_4702512060_40-2">
<gml:timePosition>2020-12-07</gml:timePosition>
</devDate>
<orgGILvl>2500</orgGILvl>
<vis>表示</vis>
<area>
<gml:Surface gml:id="K28_4702512060_40-g" srsName="fguuid:jgd2011.bl">
<gml:patches>
<gml:PolygonPatch>
<gml:exterior>
<gml:Ring>
<gml:curveMember>
<gml:Curve gml:id="K28_4702512060_40-3">
<gml:segments>
<gml:LineStringSegment>
<gml:posList>
33.583217368 130.687049508
33.583210418 130.68703959
33.583202395 130.68704744
33.58320456 130.687051569
33.583195426 130.687062213
33.583193362 130.68705887
33.583184781 130.687067283
33.583191631 130.687076749
33.583199745 130.687069459
33.58319693 130.68706489
33.583206154 130.687054127
33.583208507 130.687057588
33.583217368 130.687049508
</gml:posList>
</gml:LineStringSegment>
</gml:segments>
</gml:Curve>
</gml:curveMember>
</gml:Ring>
</gml:exterior>
</gml:PolygonPatch>
</gml:patches>
</gml:Surface>
</area>
<type>水門</type>
</WStrA>
<WStrA gml:id="K28_4702512060_41">
<fid>20201207-47040-12087-s-5401</fid>
<lfSpanFr gml:id="K28_4702512060_41-1">
<gml:timePosition>2020-12-07</gml:timePosition>
</lfSpanFr>
<devDate gml:id="K28_4702512060_41-2">
<gml:timePosition>2020-12-07</gml:timePosition>
</devDate>
<orgGILvl>2500</orgGILvl>
<vis>表示</vis>
<area>
<gml:Surface gml:id="K28_4702512060_41-g" srsName="fguuid:jgd2011.bl">
<gml:patches>
<gml:PolygonPatch>
<gml:exterior>
<gml:Ring>
<gml:curveMember>
<gml:Curve gml:id="K28_4702512060_41-3">
<gml:segments>
<gml:LineStringSegment>
<gml:posList>
33.576925749 130.672502967
33.576917109 130.672495341
33.576910586 130.672504177
33.576913649 130.672506665
33.576913128 130.672507453
33.576908827 130.672513976
33.576906725 130.672517172
33.576904069 130.672515179
33.576898373 130.672522827
33.576907302 130.672530786
33.576912583 130.672522956
33.576909229 130.672519317
33.576910225 130.672517698
33.576914939 130.672510075
33.576915603 130.672508995
33.576919227 130.672512127
33.576925749 130.672502967
</gml:posList>
</gml:LineStringSegment>
</gml:segments>
</gml:Curve>
</gml:curveMember>
</gml:Ring>
</gml:exterior>
</gml:PolygonPatch>
</gml:patches>
</gml:Surface>
</area>
<type>水門</type>
</WStrA>
<WStrA gml:id="K28_4702512060_42">
<fid>20201207-47046-12084-s-6155</fid>
<lfSpanFr gml:id="K28_4702512060_42-1">
<gml:timePosition>2020-12-07</gml:timePosition>
</lfSpanFr>
<devDate gml:id="K28_4702512060_42-2">
<gml:timePosition>2020-12-07</gml:timePosition>
</devDate>
<orgGILvl>2500</orgGILvl>
<vis>表示</vis>
<area>
<gml:Surface gml:id="K28_4702512060_42-g" srsName="fguuid:jgd2011.bl">
<gml:patches>
<gml:PolygonPatch>
<gml:exterior>
<gml:Ring>
<gml:curveMember>
<gml:Curve gml:id="K28_4702512060_42-3">
<gml:segments>
<gml:LineStringSegment>
<gml:posList>
33.573307944 130.686653388
33.573299734 130.686647816
33.573294856 130.686655062
33.573296835 130.686656724
33.573287401 130.686673724
33.573284989 130.686671815
33.573279413 130.686681099
33.573288156 130.686686658
33.573293463 130.686678366
33.573290402 130.686676524
33.573297211 130.686662604
33.573299453 130.68665804
33.573303645 130.686661051
33.573307944 130.686653388
</gml:posList>
</gml:LineStringSegment>
</gml:segments>
</gml:Curve>
</gml:curveMember>
</gml:Ring>
</gml:exterior>
</gml:PolygonPatch>
</gml:patches>
</gml:Surface>
</area>
<type>水門</type>
</WStrA>
<WStrA gml:id="K28_4702512060_43">
<fid>20201207-47043-12084-s-3813</fid>
<lfSpanFr gml:id="K28_4702512060_43-1">
<gml:timePosition>2020-12-07</gml:timePosition>
</lfSpanFr>
<devDate gml:id="K28_4702512060_43-2">
<gml:timePosition>2020-12-07</gml:timePosition>
</devDate>
<orgGILvl>2500</orgGILvl>
<vis>表示</vis>
<area>
<gml:Surface gml:id="K28_4702512060_43-g" srsName="fguuid:jgd2011.bl">
<gml:patches>
<gml:PolygonPatch>
<gml:exterior>
<gml:Ring>
<gml:curveMember>
<gml:Curve gml:id="K28_4702512060_43-3">
<gml:segments>
<gml:LineStringSegment>
<gml:posList>
33.567176814 130.676050225
33.567161059 130.676049336
33.567160343 130.676065139
33.567175528 130.676065352
33.567176762 130.67605085
33.567176814 130.676050225
</gml:posList>
</gml:LineStringSegment>
</gml:segments>
</gml:Curve>
</gml:curveMember>
</gml:Ring>
</gml:exterior>
</gml:PolygonPatch>
</gml:patches>
</gml:Surface>
</area>
<type>水門</type>
</WStrA>
<WStrA gml:id="K28_4702512060_44">
<fid>20201207-47046-12084-s-6154</fid>
<lfSpanFr gml:id="K28_4702512060_44-1">
<gml:timePosition>2020-12-07</gml:timePosition>
</lfSpanFr>
<devDate gml:id="K28_4702512060_44-2">
<gml:timePosition>2020-12-07</gml:timePosition>
</devDate>
<orgGILvl>2500</orgGILvl>
<vis>表示</vis>
<area>
<gml:Surface gml:id="K28_4702512060_44-g" srsName="fguuid:jgd2011.bl">
<gml:patches>
<gml:PolygonPatch>
<gml:exterior>
<gml:Ring>
<gml:curveMember>
<gml:Curve gml:id="K28_4702512060_44-3">
<gml:segments>
<gml:LineStringSegment>
<gml:posList>
33.574477369 130.684241633
33.574471122 130.684241957
33.574471133 130.684246481
33.574454215 130.684249053
33.574453788 130.684244034
33.574447936 130.684244336
33.574447574 130.684257673
33.574454381 130.684257648
33.574454801 130.684252433
33.574471721 130.684250842
33.574471963 130.684253814
33.574478138 130.684253048
33.574477369 130.684241633
</gml:posList>
</gml:LineStringSegment>
</gml:segments>
</gml:Curve>
</gml:curveMember>
</gml:Ring>
</gml:exterior>
</gml:PolygonPatch>
</gml:patches>
</gml:Surface>
</area>
<type>水門</type>
</WStrA>
<WStrA gml:id="K28_4702512060_45">
<fid>20201207-47043-12084-s-3814</fid>
<lfSpanFr gml:id="K28_4702512060_45-1">
<gml:timePosition>2020-12-07</gml:timePosition>
</lfSpanFr>
<devDate gml:id="K28_4702512060_45-2">
<gml:timePosition>2020-12-07</gml:timePosition>
</devDate>
<orgGILvl>2500</orgGILvl>
<vis>表示</vis>
<area>
<gml:Surface gml:id="K28_4702512060_45-g" srsName="fguuid:jgd2011.bl">
<gml:patches>
<gml:PolygonPatch>
<gml:exterior>
<gml:Ring>
<gml:curveMember>
<gml:Curve gml:id="K28_4702512060_45-3">
<gml:segments>
<gml:LineStringSegment>
<gml:posList>
33.567168255 130.676087287
33.567154856 130.676087122
33.567154744 130.676103193
33.567167756 130.676103316
33.567168255 130.676087287
</gml:posList>
</gml:LineStringSegment>
</gml:segments>
</gml:Curve>
</gml:curveMember>
</gml:Ring>
</gml:exterior>
</gml:PolygonPatch>
</gml:patches>
</gml:Surface>
</area>
<type>水門</type>
</WStrA>
<WStrA gml:id="K28_4702512060_46">
<fid>20201207-47037-12084-s-3148</fid>
<lfSpanFr gml:id="K28_4702512060_46-1">
<gml:timePosition>2020-12-07</gml:timePosition>
</lfSpanFr>
<devDate gml:id="K28_4702512060_46-2">
<gml:timePosition>2020-12-07</gml:timePosition>
</devDate>
<orgGILvl>2500</orgGILvl>
<vis>表示</vis>
<area>
<gml:Surface gml:id="K28_4702512060_46-g" srsName="fguuid:jgd2011.bl">
<gml:patches>
<gml:PolygonPatch>
<gml:exterior>
<gml:Ring>
<gml:curveMember>
<gml:Curve gml:id="K28_4702512060_46-3">
<gml:segments>
<gml:LineStringSegment>
<gml:posList>
33.57049625 130.66324758
33.570493629 130.663258437
33.570502342 130.663262809
33.570504483 130.663251049
33.57049625 130.66324758
</gml:posList>
</gml:LineStringSegment>
</gml:segments>
</gml:Curve>
</gml:curveMember>
</gml:Ring>
</gml:exterior>
</gml:PolygonPatch>
</gml:patches>
</gml:Surface>
</area>
<type>水門</type>
</WStrA>
<WStrA gml:id="K28_4702512060_47">
<fid>20201207-47037-12084-s-3149</fid>
<lfSpanFr gml:id="K28_4702512060_47-1">
<gml:timePosition>2020-12-07</gml:timePosition>
</lfSpanFr>
<devDate gml:id="K28_4702512060_47-2">
<gml:timePosition>2020-12-07</gml:timePosition>
</devDate>
<orgGILvl>2500</orgGILvl>
<vis>表示</vis>
<area>
<gml:Surface gml:id="K28_4702512060_47-g" srsName="fguuid:jgd2011.bl">
<gml:patches>
<gml:PolygonPatch>
<gml:exterior>
<gml:Ring>
<gml:curveMember>
<gml:Curve gml:id="K28_4702512060_47-3">
<gml:segments>
<gml:LineStringSegment>
<gml:posList>
33.570514901 130.663255533
33.570512088 130.663265593
33.570521086 130.663268725
33.570523422 130.663258893
33.570514901 130.663255533
</gml:posList>
</gml:LineStringSegment>
</gml:segments>
</gml:Curve>
</gml:curveMember>
</gml:Ring>
</gml:exterior>
</gml:PolygonPatch>
</gml:patches>
</gml:Surface>
</area>
<type>水門</type>
</WStrA>
</Dataset>
