<?xml version="1.0" encoding="utf-8"?>
<Dataset xsi:schemaLocation="http://fgd.gsi.go.jp/spec/2008/FGD_GMLSchema FGD_GMLSchema.xsd"
	xmlns:gml="http://www.opengis.net/gml/3.2"
	xmlns:xsi="http://www.w3.org/2001/XMLSchema-instance"
	xmlns:xlink="http://www.w3.org/1999/xlink"
	xmlns="http://fgd.gsi.go.jp/spec/2008/FGD_GMLSchema"
	gml:id="Dataset1">
  <gml:description>基盤地図情報メタデータ ID=fmdid:21-0701</gml:description>
  <gml:name>基盤地図情報ダウンロードデータ（GML版）</gml:name>
<GCP gml:id="K1_503023_1">
<fid>10-00100-0-2106-133563</fid>
<lfSpanFr gml:id="K1_503023_1-1">
<gml:timePosition>2021-06-08</gml:timePosition>
</lfSpanFr>
<devDate gml:id="K1_503023_1-2">
<gml:timePosition>2021-07-01</gml:timePosition>
</devDate>
<orgGILvl>SJ10</orgGILvl>
<vis>表示</vis>
<pos>
<gml:Point gml:id="K1_503023_1-g" srsName="fguuid:jgd2011.bl">
<gml:pos>33.583168556 130.432688611</gml:pos>
</gml:Point>
</pos>
<orgName>国土地理院</orgName>
<type>水準点</type>
<gcpClass>基準水準点</gcpClass>
<gcpCode>L000000000053</gcpCode>
<name>基５３</name>
<B>120899.4068</B>
<L>469557.679</L>
<alti>8.9592</alti>
<altiAcc>4</altiAcc>
</GCP>
<GCP gml:id="K1_503023_2">
<fid>10-00100-0-2106-135327</fid>
<lfSpanFr gml:id="K1_503023_2-1">
<gml:timePosition>2021-06-08</gml:timePosition>
</lfSpanFr>
<devDate gml:id="K1_503023_2-2">
<gml:timePosition>2021-07-01</gml:timePosition>
</devDate>
<orgGILvl>SJ11</orgGILvl>
<vis>表示</vis>
<pos>
<gml:Point gml:id="K1_503023_2-g" srsName="fguuid:jgd2011.bl">
<gml:pos>33.569618333 130.449729139</gml:pos>
</gml:Point>
</pos>
<orgName>国土地理院</orgName>
<type>水準点</type>
<gcpClass>一等水準点</gcpClass>
<gcpCode>L010000001819</gcpCode>
<name>１８１９</name>
<B>120850.626</B>
<L>469619.0249</L>
<alti>9.5559</alti>
<altiAcc>4</altiAcc>
</GCP>
<GCP gml:id="K1_503023_3">
<fid>10-00100-0-2106-135328</fid>
<lfSpanFr gml:id="K1_503023_3-1">
<gml:timePosition>2021-06-08</gml:timePosition>
</lfSpanFr>
<devDate gml:id="K1_503023_3-2">
<gml:timePosition>2021-07-01</gml:timePosition>
</devDate>
<orgGILvl>SJ11</orgGILvl>
<vis>表示</vis>
<pos>
<gml:Point gml:id="K1_503023_3-g" srsName="fguuid:jgd2011.bl">
<gml:pos>33.554989500 130.462274833</gml:pos>
</gml:Point>
</pos>
<orgName>国土地理院</orgName>
<type>水準点</type>
<gcpClass>一等水準点</gcpClass>
<gcpCode>L010000001820</gcpCode>
<name>１８２０</name>
<B>120797.9622</B>
<L>469664.1894</L>
<alti>12.7693</alti>
<altiAcc>4</altiAcc>
</GCP>
<GCP gml:id="K1_503023_4">
<fid>10-00100-0-2106-135329</fid>
<lfSpanFr gml:id="K1_503023_4-1">
<gml:timePosition>2021-06-08</gml:timePosition>
</lfSpanFr>
<devDate gml:id="K1_503023_4-2">
<gml:timePosition>2021-07-01</gml:timePosition>
</devDate>
<orgGILvl>SJ11</orgGILvl>
<vis>表示</vis>
<pos>
<gml:Point gml:id="K1_503023_4-g" srsName="fguuid:jgd2011.bl">
<gml:pos>33.542322694 130.472533333</gml:pos>
</gml:Point>
</pos>
<orgName>国土地理院</orgName>
<type>水準点</type>
<gcpClass>一等水準点</gcpClass>
<gcpCode>L010000001821</gcpCode>
<name>１８２１</name>
<B>120752.3617</B>
<L>469701.12</L>
<alti>19.4484</alti>
<altiAcc>4</altiAcc>
</GCP>
<GCP gml:id="K1_503023_5">
<fid>10-00100-0-2106-135330</fid>
<lfSpanFr gml:id="K1_503023_5-1">
<gml:timePosition>2021-06-08</gml:timePosition>
</lfSpanFr>
<devDate gml:id="K1_503023_5-2">
<gml:timePosition>2021-07-01</gml:timePosition>
</devDate>
<orgGILvl>SJ11</orgGILvl>
<vis>表示</vis>
<pos>
<gml:Point gml:id="K1_503023_5-g" srsName="fguuid:jgd2011.bl">
<gml:pos>33.529719639 130.487048056</gml:pos>
</gml:Point>
</pos>
<orgName>国土地理院</orgName>
<type>水準点</type>
<gcpClass>一等水準点</gcpClass>
<gcpCode>L010000001822</gcpCode>
<name>１８２２</name>
<B>120706.9907</B>
<L>469753.373</L>
<alti>20.4567</alti>
<altiAcc>4</altiAcc>
</GCP>
<GCP gml:id="K1_503023_6">
<fid>10-00100-0-2106-144947</fid>
<lfSpanFr gml:id="K1_503023_6-1">
<gml:timePosition>2021-06-08</gml:timePosition>
</lfSpanFr>
<devDate gml:id="K1_503023_6-2">
<gml:timePosition>2021-07-01</gml:timePosition>
</devDate>
<orgGILvl>SJ12</orgGILvl>
<vis>表示</vis>
<pos>
<gml:Point gml:id="K1_503023_6-g" srsName="fguuid:jgd2011.bl">
<gml:pos>33.540375722 130.451720444</gml:pos>
</gml:Point>
</pos>
<orgName>国土地理院</orgName>
<type>水準点</type>
<gcpClass>二等水準点</gcpClass>
<gcpCode>L020000004327</gcpCode>
<name>４３２７</name>
<B>120745.3526</B>
<L>469626.1936</L>
<alti>17.982</alti>
<altiAcc>3</altiAcc>
</GCP>
<GCP gml:id="K1_503023_7">
<fid>10-00100-0-2106-144948</fid>
<lfSpanFr gml:id="K1_503023_7-1">
<gml:timePosition>2021-06-08</gml:timePosition>
</lfSpanFr>
<devDate gml:id="K1_503023_7-2">
<gml:timePosition>2021-07-01</gml:timePosition>
</devDate>
<orgGILvl>SJ12</orgGILvl>
<vis>表示</vis>
<pos>
<gml:Point gml:id="K1_503023_7-g" srsName="fguuid:jgd2011.bl">
<gml:pos>33.536698917 130.393884694</gml:pos>
</gml:Point>
</pos>
<orgName>国土地理院</orgName>
<type>水準点</type>
<gcpClass>二等水準点</gcpClass>
<gcpCode>L020000004330</gcpCode>
<name>４３３０</name>
<B>120732.1161</B>
<L>469417.9849</L>
<alti>20.449</alti>
<altiAcc>3</altiAcc>
</GCP>
<GCP gml:id="K1_503023_8">
<fid>10-00100-0-2106-147384</fid>
<lfSpanFr gml:id="K1_503023_8-1">
<gml:timePosition>2021-06-08</gml:timePosition>
</lfSpanFr>
<devDate gml:id="K1_503023_8-2">
<gml:timePosition>2021-07-01</gml:timePosition>
</devDate>
<orgGILvl>SJ11</orgGILvl>
<vis>表示</vis>
<pos>
<gml:Point gml:id="K1_503023_8-g" srsName="fguuid:jgd2011.bl">
<gml:pos>33.579359861 130.441961944</gml:pos>
</gml:Point>
</pos>
<orgName>国土地理院</orgName>
<type>水準点</type>
<gcpClass>一等水準点</gcpClass>
<gcpCode>L04000003-082</gcpCode>
<name>００３－０８２</name>
<B>120885.6955</B>
<L>469591.063</L>
<alti>6.8804</alti>
<altiAcc>4</altiAcc>
</GCP>
<GCP gml:id="K1_503023_9">
<fid>10-00100-0-2106-147385</fid>
<lfSpanFr gml:id="K1_503023_9-1">
<gml:timePosition>2021-06-08</gml:timePosition>
</lfSpanFr>
<devDate gml:id="K1_503023_9-2">
<gml:timePosition>2021-07-01</gml:timePosition>
</devDate>
<orgGILvl>SJ11</orgGILvl>
<vis>表示</vis>
<pos>
<gml:Point gml:id="K1_503023_9-g" srsName="fguuid:jgd2011.bl">
<gml:pos>33.574391583 130.447043333</gml:pos>
</gml:Point>
</pos>
<orgName>国土地理院</orgName>
<type>水準点</type>
<gcpClass>一等水準点</gcpClass>
<gcpCode>L04000003-083</gcpCode>
<name>００３－０８３</name>
<B>120867.8097</B>
<L>469609.356</L>
<alti>7.8405</alti>
<altiAcc>4</altiAcc>
</GCP>
<GCP gml:id="K1_503023_10">
<fid>10-00100-0-2106-147386</fid>
<lfSpanFr gml:id="K1_503023_10-1">
<gml:timePosition>2021-06-08</gml:timePosition>
</lfSpanFr>
<devDate gml:id="K1_503023_10-2">
<gml:timePosition>2021-07-01</gml:timePosition>
</devDate>
<orgGILvl>SJ11</orgGILvl>
<vis>表示</vis>
<pos>
<gml:Point gml:id="K1_503023_10-g" srsName="fguuid:jgd2011.bl">
<gml:pos>33.566135333 130.455004722</gml:pos>
</gml:Point>
</pos>
<orgName>国土地理院</orgName>
<type>水準点</type>
<gcpClass>一等水準点</gcpClass>
<gcpCode>L04000003-084</gcpCode>
<name>００３－０８４</name>
<B>120838.0872</B>
<L>469638.017</L>
<alti>9.7836</alti>
<altiAcc>4</altiAcc>
</GCP>
<GCP gml:id="K1_503023_11">
<fid>10-00100-0-2106-147387</fid>
<lfSpanFr gml:id="K1_503023_11-1">
<gml:timePosition>2021-06-08</gml:timePosition>
</lfSpanFr>
<devDate gml:id="K1_503023_11-2">
<gml:timePosition>2021-07-01</gml:timePosition>
</devDate>
<orgGILvl>SJ11</orgGILvl>
<vis>表示</vis>
<pos>
<gml:Point gml:id="K1_503023_11-g" srsName="fguuid:jgd2011.bl">
<gml:pos>33.550436111 130.465505556</gml:pos>
</gml:Point>
</pos>
<orgName>国土地理院</orgName>
<type>水準点</type>
<gcpClass>一等水準点</gcpClass>
<gcpCode>L04000003-086</gcpCode>
<name>００３－０８６</name>
<B>120781.57</B>
<L>469675.82</L>
<alti>13.7894</alti>
<altiAcc>4</altiAcc>
</GCP>
<GCP gml:id="K1_503023_12">
<fid>10-00100-0-2106-147388</fid>
<lfSpanFr gml:id="K1_503023_12-1">
<gml:timePosition>2021-06-08</gml:timePosition>
</lfSpanFr>
<devDate gml:id="K1_503023_12-2">
<gml:timePosition>2021-07-01</gml:timePosition>
</devDate>
<orgGILvl>SJ11</orgGILvl>
<vis>表示</vis>
<pos>
<gml:Point gml:id="K1_503023_12-g" srsName="fguuid:jgd2011.bl">
<gml:pos>33.542647083 130.472279444</gml:pos>
</gml:Point>
</pos>
<orgName>国土地理院</orgName>
<type>水準点</type>
<gcpClass>一等水準点</gcpClass>
<gcpCode>L04000003-087</gcpCode>
<name>００３－０８７</name>
<B>120753.5295</B>
<L>469700.206</L>
<alti>19.1459</alti>
<altiAcc>4</altiAcc>
</GCP>
<GCP gml:id="K1_503023_13">
<fid>10-00100-0-2106-149631</fid>
<lfSpanFr gml:id="K1_503023_13-1">
<gml:timePosition>2021-06-08</gml:timePosition>
</lfSpanFr>
<devDate gml:id="K1_503023_13-2">
<gml:timePosition>2021-07-01</gml:timePosition>
</devDate>
<orgGILvl>SJ11</orgGILvl>
<vis>表示</vis>
<pos>
<gml:Point gml:id="K1_503023_13-g" srsName="fguuid:jgd2011.bl">
<gml:pos>33.556642583 130.461083528</gml:pos>
</gml:Point>
</pos>
<orgName>国土地理院</orgName>
<type>水準点</type>
<gcpClass>一等水準点</gcpClass>
<gcpCode>L050000002236</gcpCode>
<name>準基２２３６</name>
<B>120803.9133</B>
<L>469659.9007</L>
<alti>11.9607</alti>
<altiAcc>4</altiAcc>
</GCP>
<GCP gml:id="K1_503023_14">
<fid>10-00100-0-2106-151479</fid>
<lfSpanFr gml:id="K1_503023_14-1">
<gml:timePosition>2021-06-08</gml:timePosition>
</lfSpanFr>
<devDate gml:id="K1_503023_14-2">
<gml:timePosition>2021-07-01</gml:timePosition>
</devDate>
<orgGILvl>KJ11</orgGILvl>
<vis>表示</vis>
<pos>
<gml:Point gml:id="K1_503023_14-g" srsName="fguuid:jgd2011.bl">
<gml:pos>33.558736056 130.420766528</gml:pos>
</gml:Point>
</pos>
<orgName>国土地理院</orgName>
<type>三角点</type>
<gcpClass>一等三角点</gcpClass>
<gcpCode>TR15030237301</gcpCode>
<name>潮煮塚</name>
<B>120811.4498</B>
<L>469514.7595</L>
<alti>36.18</alti>
<altiAcc>2</altiAcc>
</GCP>
<GCP gml:id="K1_503023_15">
<fid>10-00100-0-2106-161056</fid>
<lfSpanFr gml:id="K1_503023_15-1">
<gml:timePosition>2021-06-08</gml:timePosition>
</lfSpanFr>
<devDate gml:id="K1_503023_15-2">
<gml:timePosition>2021-07-01</gml:timePosition>
</devDate>
<orgGILvl>KJ13</orgGILvl>
<vis>表示</vis>
<pos>
<gml:Point gml:id="K1_503023_15-g" srsName="fguuid:jgd2011.bl">
<gml:pos>33.506106472 130.494541444</gml:pos>
</gml:Point>
</pos>
<orgName>国土地理院</orgName>
<type>三角点</type>
<gcpClass>三等三角点</gcpClass>
<gcpCode>TR35030230901</gcpCode>
<name>山神</name>
<B>120621.9833</B>
<L>469780.3492</L>
<alti>55.0</alti>
<altiAcc>2</altiAcc>
</GCP>
<GCP gml:id="K1_503023_16">
<fid>10-00100-0-2106-161057</fid>
<lfSpanFr gml:id="K1_503023_16-1">
<gml:timePosition>2021-06-08</gml:timePosition>
</lfSpanFr>
<devDate gml:id="K1_503023_16-2">
<gml:timePosition>2021-07-01</gml:timePosition>
</devDate>
<orgGILvl>KJ13</orgGILvl>
<vis>表示</vis>
<pos>
<gml:Point gml:id="K1_503023_16-g" srsName="fguuid:jgd2011.bl">
<gml:pos>33.513552833 130.401271944</gml:pos>
</gml:Point>
</pos>
<orgName>国土地理院</orgName>
<type>三角点</type>
<gcpClass>三等三角点</gcpClass>
<gcpCode>TR35030231201</gcpCode>
<name>後野山</name>
<B>120648.7902</B>
<L>469444.579</L>
<alti>292.28</alti>
<altiAcc>2</altiAcc>
</GCP>
<GCP gml:id="K1_503023_17">
<fid>10-00100-0-2106-161058</fid>
<lfSpanFr gml:id="K1_503023_17-1">
<gml:timePosition>2021-06-08</gml:timePosition>
</lfSpanFr>
<devDate gml:id="K1_503023_17-2">
<gml:timePosition>2021-07-01</gml:timePosition>
</devDate>
<orgGILvl>KJ13</orgGILvl>
<vis>表示</vis>
<pos>
<gml:Point gml:id="K1_503023_17-g" srsName="fguuid:jgd2011.bl">
<gml:pos>33.526211111 130.430176472</gml:pos>
</gml:Point>
</pos>
<orgName>国土地理院</orgName>
<type>三角点</type>
<gcpClass>三等三角点</gcpClass>
<gcpCode>TR35030233401</gcpCode>
<name>警弥郷</name>
<B>120694.36</B>
<L>469548.6353</L>
<alti>35.42</alti>
<altiAcc>2</altiAcc>
</GCP>
<GCP gml:id="K1_503023_18">
<fid>10-00100-0-2106-161059</fid>
<lfSpanFr gml:id="K1_503023_18-1">
<gml:timePosition>2021-06-08</gml:timePosition>
</lfSpanFr>
<devDate gml:id="K1_503023_18-2">
<gml:timePosition>2021-07-01</gml:timePosition>
</devDate>
<orgGILvl>KJ13</orgGILvl>
<vis>表示</vis>
<pos>
<gml:Point gml:id="K1_503023_18-g" srsName="fguuid:jgd2011.bl">
<gml:pos>33.539373361 130.397664833</gml:pos>
</gml:Point>
</pos>
<orgName>国土地理院</orgName>
<type>三角点</type>
<gcpClass>三等三角点</gcpClass>
<gcpCode>TR35030234101</gcpCode>
<name>松本</name>
<B>120741.7441</B>
<L>469431.5934</L>
<alti>56.94</alti>
<altiAcc>2</altiAcc>
</GCP>
<GCP gml:id="K1_503023_19">
<fid>10-00100-0-2106-161060</fid>
<lfSpanFr gml:id="K1_503023_19-1">
<gml:timePosition>2021-06-08</gml:timePosition>
</lfSpanFr>
<devDate gml:id="K1_503023_19-2">
<gml:timePosition>2021-07-01</gml:timePosition>
</devDate>
<orgGILvl>KJ13</orgGILvl>
<vis>表示</vis>
<pos>
<gml:Point gml:id="K1_503023_19-g" srsName="fguuid:jgd2011.bl">
<gml:pos>33.545219583 130.448895833</gml:pos>
</gml:Point>
</pos>
<orgName>国土地理院</orgName>
<type>三角点</type>
<gcpClass>三等三角点</gcpClass>
<gcpCode>TR35030235501</gcpCode>
<name>比恵尻</name>
<B>120762.7905</B>
<L>469616.025</L>
<alti>15.8</alti>
<altiAcc>2</altiAcc>
</GCP>
<GCP gml:id="K1_503023_20">
<fid>10-00100-0-2106-161061</fid>
<lfSpanFr gml:id="K1_503023_20-1">
<gml:timePosition>2021-06-08</gml:timePosition>
</lfSpanFr>
<devDate gml:id="K1_503023_20-2">
<gml:timePosition>2021-07-01</gml:timePosition>
</devDate>
<orgGILvl>KJ13</orgGILvl>
<vis>表示</vis>
<pos>
<gml:Point gml:id="K1_503023_20-g" srsName="fguuid:jgd2011.bl">
<gml:pos>33.559217389 130.394781889</gml:pos>
</gml:Point>
</pos>
<orgName>国土地理院</orgName>
<type>三角点</type>
<gcpClass>三等三角点</gcpClass>
<gcpCode>TR35030237101</gcpCode>
<name>百塚松</name>
<B>120813.1826</B>
<L>469421.2148</L>
<alti>100.38</alti>
<altiAcc>2</altiAcc>
</GCP>
<GCP gml:id="K1_503023_21">
<fid>10-00100-0-2106-161062</fid>
<lfSpanFr gml:id="K1_503023_21-1">
<gml:timePosition>2021-06-08</gml:timePosition>
</lfSpanFr>
<devDate gml:id="K1_503023_21-2">
<gml:timePosition>2021-07-01</gml:timePosition>
</devDate>
<orgGILvl>KJ13</orgGILvl>
<vis>表示</vis>
<pos>
<gml:Point gml:id="K1_503023_21-g" srsName="fguuid:jgd2011.bl">
<gml:pos>33.566592528 130.476817722</gml:pos>
</gml:Point>
</pos>
<orgName>国土地理院</orgName>
<type>三角点</type>
<gcpClass>三等三角点</gcpClass>
<gcpCode>TR35030237801</gcpCode>
<name>松尾谷</name>
<B>120839.7331</B>
<L>469716.5438</L>
<alti>133.87</alti>
<altiAcc>2</altiAcc>
</GCP>
<GCP gml:id="K1_503023_22">
<fid>10-00100-0-2106-161063</fid>
<lfSpanFr gml:id="K1_503023_22-1">
<gml:timePosition>2021-06-08</gml:timePosition>
</lfSpanFr>
<devDate gml:id="K1_503023_22-2">
<gml:timePosition>2021-07-01</gml:timePosition>
</devDate>
<orgGILvl>KJ13</orgGILvl>
<vis>表示</vis>
<pos>
<gml:Point gml:id="K1_503023_22-g" srsName="fguuid:jgd2011.bl">
<gml:pos>33.560362972 130.497841556</gml:pos>
</gml:Point>
</pos>
<orgName>国土地理院</orgName>
<type>三角点</type>
<gcpClass>三等三角点</gcpClass>
<gcpCode>TR35030237901</gcpCode>
<name>井野山</name>
<B>120817.3067</B>
<L>469792.2296</L>
<alti>208.75</alti>
<altiAcc>2</altiAcc>
</GCP>
<GCP gml:id="K1_503023_23">
<fid>10-00100-0-2106-200637</fid>
<lfSpanFr gml:id="K1_503023_23-1">
<gml:timePosition>2021-06-08</gml:timePosition>
</lfSpanFr>
<devDate gml:id="K1_503023_23-2">
<gml:timePosition>2021-07-01</gml:timePosition>
</devDate>
<orgGILvl>KJ14</orgGILvl>
<vis>表示</vis>
<pos>
<gml:Point gml:id="K1_503023_23-g" srsName="fguuid:jgd2011.bl">
<gml:pos>33.507725833 130.392723528</gml:pos>
</gml:Point>
</pos>
<orgName>国土地理院</orgName>
<type>三角点</type>
<gcpClass>四等三角点</gcpClass>
<gcpCode>TR45030230101</gcpCode>
<name>糖塚</name>
<B>120627.813</B>
<L>469413.8047</L>
<alti>387.87</alti>
<altiAcc>2</altiAcc>
</GCP>
<GCP gml:id="K1_503023_24">
<fid>10-00100-0-2106-200638</fid>
<lfSpanFr gml:id="K1_503023_24-1">
<gml:timePosition>2021-06-08</gml:timePosition>
</lfSpanFr>
<devDate gml:id="K1_503023_24-2">
<gml:timePosition>2021-07-01</gml:timePosition>
</devDate>
<orgGILvl>KJ14</orgGILvl>
<vis>表示</vis>
<pos>
<gml:Point gml:id="K1_503023_24-g" srsName="fguuid:jgd2011.bl">
<gml:pos>33.504777889 130.405975000</gml:pos>
</gml:Point>
</pos>
<orgName>国土地理院</orgName>
<type>三角点</type>
<gcpClass>四等三角点</gcpClass>
<gcpCode>TR45030230201</gcpCode>
<name>早口</name>
<B>120617.2004</B>
<L>469461.51</L>
<alti>214.51</alti>
<altiAcc>2</altiAcc>
</GCP>
<GCP gml:id="K1_503023_25">
<fid>10-00100-0-2106-200639</fid>
<lfSpanFr gml:id="K1_503023_25-1">
<gml:timePosition>2021-06-08</gml:timePosition>
</lfSpanFr>
<devDate gml:id="K1_503023_25-2">
<gml:timePosition>2021-07-01</gml:timePosition>
</devDate>
<orgGILvl>KJ14</orgGILvl>
<vis>表示</vis>
<pos>
<gml:Point gml:id="K1_503023_25-g" srsName="fguuid:jgd2011.bl">
<gml:pos>33.506087750 130.427195556</gml:pos>
</gml:Point>
</pos>
<orgName>国土地理院</orgName>
<type>三角点</type>
<gcpClass>四等三角点</gcpClass>
<gcpCode>TR45030230401</gcpCode>
<name>仲</name>
<B>120621.9159</B>
<L>469537.904</L>
<alti>24.72</alti>
<altiAcc>2</altiAcc>
</GCP>
<GCP gml:id="K1_503023_26">
<fid>10-00100-0-2106-200640</fid>
<lfSpanFr gml:id="K1_503023_26-1">
<gml:timePosition>2021-06-08</gml:timePosition>
</lfSpanFr>
<devDate gml:id="K1_503023_26-2">
<gml:timePosition>2021-07-01</gml:timePosition>
</devDate>
<orgGILvl>KJ14</orgGILvl>
<vis>表示</vis>
<pos>
<gml:Point gml:id="K1_503023_26-g" srsName="fguuid:jgd2011.bl">
<gml:pos>33.501163722 130.435916861</gml:pos>
</gml:Point>
</pos>
<orgName>国土地理院</orgName>
<type>三角点</type>
<gcpClass>四等三角点</gcpClass>
<gcpCode>TR45030230402</gcpCode>
<name>瀬戸</name>
<B>120604.1894</B>
<L>469569.3007</L>
<alti>64.56</alti>
<altiAcc>2</altiAcc>
</GCP>
<GCP gml:id="K1_503023_27">
<fid>10-00100-0-2106-200641</fid>
<lfSpanFr gml:id="K1_503023_27-1">
<gml:timePosition>2021-06-08</gml:timePosition>
</lfSpanFr>
<devDate gml:id="K1_503023_27-2">
<gml:timePosition>2021-07-01</gml:timePosition>
</devDate>
<orgGILvl>KJ14</orgGILvl>
<vis>表示</vis>
<pos>
<gml:Point gml:id="K1_503023_27-g" srsName="fguuid:jgd2011.bl">
<gml:pos>33.506919306 130.444741944</gml:pos>
</gml:Point>
</pos>
<orgName>国土地理院</orgName>
<type>三角点</type>
<gcpClass>四等三角点</gcpClass>
<gcpCode>TR45030230501</gcpCode>
<name>観音山</name>
<B>120624.9095</B>
<L>469601.071</L>
<alti>132.19</alti>
<altiAcc>2</altiAcc>
</GCP>
<GCP gml:id="K1_503023_28">
<fid>10-00100-0-2106-200642</fid>
<lfSpanFr gml:id="K1_503023_28-1">
<gml:timePosition>2021-06-08</gml:timePosition>
</lfSpanFr>
<devDate gml:id="K1_503023_28-2">
<gml:timePosition>2021-07-01</gml:timePosition>
</devDate>
<orgGILvl>KJ14</orgGILvl>
<vis>表示</vis>
<pos>
<gml:Point gml:id="K1_503023_28-g" srsName="fguuid:jgd2011.bl">
<gml:pos>33.514381028 130.429586444</gml:pos>
</gml:Point>
</pos>
<orgName>国土地理院</orgName>
<type>三角点</type>
<gcpClass>四等三角点</gcpClass>
<gcpCode>TR45030231401</gcpCode>
<name>中原</name>
<B>120651.7717</B>
<L>469546.5112</L>
<alti>35.33</alti>
<altiAcc>2</altiAcc>
</GCP>
<GCP gml:id="K1_503023_29">
<fid>10-00100-0-2106-200643</fid>
<lfSpanFr gml:id="K1_503023_29-1">
<gml:timePosition>2021-06-08</gml:timePosition>
</lfSpanFr>
<devDate gml:id="K1_503023_29-2">
<gml:timePosition>2021-07-01</gml:timePosition>
</devDate>
<orgGILvl>KJ14</orgGILvl>
<vis>表示</vis>
<pos>
<gml:Point gml:id="K1_503023_29-g" srsName="fguuid:jgd2011.bl">
<gml:pos>33.510669139 130.473125778</gml:pos>
</gml:Point>
</pos>
<orgName>国土地理院</orgName>
<type>三角点</type>
<gcpClass>四等三角点</gcpClass>
<gcpCode>TR45030231701</gcpCode>
<name>梅頭</name>
<B>120638.4089</B>
<L>469703.2528</L>
<alti>51.89</alti>
<altiAcc>2</altiAcc>
</GCP>
<GCP gml:id="K1_503023_30">
<fid>10-00100-0-2106-200644</fid>
<lfSpanFr gml:id="K1_503023_30-1">
<gml:timePosition>2021-06-08</gml:timePosition>
</lfSpanFr>
<devDate gml:id="K1_503023_30-2">
<gml:timePosition>2021-07-01</gml:timePosition>
</devDate>
<orgGILvl>KJ14</orgGILvl>
<vis>表示</vis>
<pos>
<gml:Point gml:id="K1_503023_30-g" srsName="fguuid:jgd2011.bl">
<gml:pos>33.518116083 130.377346111</gml:pos>
</gml:Point>
</pos>
<orgName>国土地理院</orgName>
<type>三角点</type>
<gcpClass>四等三角点</gcpClass>
<gcpCode>TR45030232001</gcpCode>
<name>夫婦石</name>
<B>120665.2179</B>
<L>469358.446</L>
<alti>290.83</alti>
<altiAcc>2</altiAcc>
</GCP>
<GCP gml:id="K1_503023_31">
<fid>10-00100-0-2106-200645</fid>
<lfSpanFr gml:id="K1_503023_31-1">
<gml:timePosition>2021-06-08</gml:timePosition>
</lfSpanFr>
<devDate gml:id="K1_503023_31-2">
<gml:timePosition>2021-07-01</gml:timePosition>
</devDate>
<orgGILvl>KJ14</orgGILvl>
<vis>表示</vis>
<pos>
<gml:Point gml:id="K1_503023_31-g" srsName="fguuid:jgd2011.bl">
<gml:pos>33.519562694 130.416910333</gml:pos>
</gml:Point>
</pos>
<orgName>国土地理院</orgName>
<type>三角点</type>
<gcpClass>四等三角点</gcpClass>
<gcpCode>TR45030232301</gcpCode>
<name>福岡女子商業</name>
<B>120670.4257</B>
<L>469500.8772</L>
<alti>52.54</alti>
<altiAcc>2</altiAcc>
</GCP>
<GCP gml:id="K1_503023_32">
<fid>10-00100-0-2106-200646</fid>
<lfSpanFr gml:id="K1_503023_32-1">
<gml:timePosition>2021-06-08</gml:timePosition>
</lfSpanFr>
<devDate gml:id="K1_503023_32-2">
<gml:timePosition>2021-07-01</gml:timePosition>
</devDate>
<orgGILvl>KJ14</orgGILvl>
<vis>表示</vis>
<pos>
<gml:Point gml:id="K1_503023_32-g" srsName="fguuid:jgd2011.bl">
<gml:pos>33.524743111 130.452508722</gml:pos>
</gml:Point>
</pos>
<orgName>国土地理院</orgName>
<type>三角点</type>
<gcpClass>四等三角点</gcpClass>
<gcpCode>TR45030232601</gcpCode>
<name>原田緑地</name>
<B>120689.0752</B>
<L>469629.0314</L>
<alti>32.52</alti>
<altiAcc>2</altiAcc>
</GCP>
<GCP gml:id="K1_503023_33">
<fid>10-00100-0-2106-200647</fid>
<lfSpanFr gml:id="K1_503023_33-1">
<gml:timePosition>2021-06-08</gml:timePosition>
</lfSpanFr>
<devDate gml:id="K1_503023_33-2">
<gml:timePosition>2021-07-01</gml:timePosition>
</devDate>
<orgGILvl>KJ14</orgGILvl>
<vis>表示</vis>
<pos>
<gml:Point gml:id="K1_503023_33-g" srsName="fguuid:jgd2011.bl">
<gml:pos>33.518564361 130.451892250</gml:pos>
</gml:Point>
</pos>
<orgName>国土地理院</orgName>
<type>三角点</type>
<gcpClass>四等三角点</gcpClass>
<gcpCode>TR45030232602</gcpCode>
<name>大土居</name>
<B>120666.8317</B>
<L>469626.8121</L>
<alti>57.53</alti>
<altiAcc>2</altiAcc>
</GCP>
<GCP gml:id="K1_503023_34">
<fid>10-00100-0-2106-200648</fid>
<lfSpanFr gml:id="K1_503023_34-1">
<gml:timePosition>2021-06-08</gml:timePosition>
</lfSpanFr>
<devDate gml:id="K1_503023_34-2">
<gml:timePosition>2021-07-01</gml:timePosition>
</devDate>
<orgGILvl>KJ14</orgGILvl>
<vis>表示</vis>
<pos>
<gml:Point gml:id="K1_503023_34-g" srsName="fguuid:jgd2011.bl">
<gml:pos>33.517570000 130.492943389</gml:pos>
</gml:Point>
</pos>
<orgName>国土地理院</orgName>
<type>三角点</type>
<gcpClass>四等三角点</gcpClass>
<gcpCode>TR45030232901</gcpCode>
<name>土居</name>
<B>120663.252</B>
<L>469774.5962</L>
<alti>26.42</alti>
<altiAcc>2</altiAcc>
</GCP>
<GCP gml:id="K1_503023_35">
<fid>10-00100-0-2106-200649</fid>
<lfSpanFr gml:id="K1_503023_35-1">
<gml:timePosition>2021-06-08</gml:timePosition>
</lfSpanFr>
<devDate gml:id="K1_503023_35-2">
<gml:timePosition>2021-07-01</gml:timePosition>
</devDate>
<orgGILvl>KJ14</orgGILvl>
<vis>表示</vis>
<pos>
<gml:Point gml:id="K1_503023_35-g" srsName="fguuid:jgd2011.bl">
<gml:pos>33.532638694 130.470070167</gml:pos>
</gml:Point>
</pos>
<orgName>国土地理院</orgName>
<type>三角点</type>
<gcpClass>四等三角点</gcpClass>
<gcpCode>TR45030233702</gcpCode>
<name>市役所</name>
<B>120717.4993</B>
<L>469692.2526</L>
<alti>54.94</alti>
<altiAcc>2</altiAcc>
</GCP>
<GCP gml:id="K1_503023_36">
<fid>10-00100-0-2106-200650</fid>
<lfSpanFr gml:id="K1_503023_36-1">
<gml:timePosition>2021-06-08</gml:timePosition>
</lfSpanFr>
<devDate gml:id="K1_503023_36-2">
<gml:timePosition>2021-07-01</gml:timePosition>
</devDate>
<orgGILvl>KJ14</orgGILvl>
<vis>表示</vis>
<pos>
<gml:Point gml:id="K1_503023_36-g" srsName="fguuid:jgd2011.bl">
<gml:pos>33.534381167 130.441564917</gml:pos>
</gml:Point>
</pos>
<orgName>国土地理院</orgName>
<type>三角点</type>
<gcpClass>四等三角点</gcpClass>
<gcpCode>TR45030234501</gcpCode>
<name>福岡女学院</name>
<B>120723.7722</B>
<L>469589.6337</L>
<alti>46.96</alti>
<altiAcc>2</altiAcc>
</GCP>
<GCP gml:id="K1_503023_37">
<fid>10-00100-0-2106-200651</fid>
<lfSpanFr gml:id="K1_503023_37-1">
<gml:timePosition>2021-06-08</gml:timePosition>
</lfSpanFr>
<devDate gml:id="K1_503023_37-2">
<gml:timePosition>2021-07-01</gml:timePosition>
</devDate>
<orgGILvl>KJ14</orgGILvl>
<vis>表示</vis>
<pos>
<gml:Point gml:id="K1_503023_37-g" srsName="fguuid:jgd2011.bl">
<gml:pos>33.583018972 130.377263528</gml:pos>
</gml:Point>
</pos>
<orgName>国土地理院</orgName>
<type>三角点</type>
<gcpClass>四等三角点</gcpClass>
<gcpCode>TR45030239001</gcpCode>
<name>公園</name>
<B>120898.8683</B>
<L>469358.1487</L>
<alti>1.7</alti>
<altiAcc>2</altiAcc>
</GCP>
<GCP gml:id="K1_503023_38">
<fid>10-00100-0-2106-200652</fid>
<lfSpanFr gml:id="K1_503023_38-1">
<gml:timePosition>2021-06-08</gml:timePosition>
</lfSpanFr>
<devDate gml:id="K1_503023_38-2">
<gml:timePosition>2021-07-01</gml:timePosition>
</devDate>
<orgGILvl>KJ14</orgGILvl>
<vis>表示</vis>
<pos>
<gml:Point gml:id="K1_503023_38-g" srsName="fguuid:jgd2011.bl">
<gml:pos>33.576937083 130.488849833</gml:pos>
</gml:Point>
</pos>
<orgName>国土地理院</orgName>
<type>三角点</type>
<gcpClass>四等三角点</gcpClass>
<gcpCode>TR45030239901</gcpCode>
<name>恵良</name>
<B>120876.9735</B>
<L>469759.8594</L>
<alti>19.83</alti>
<altiAcc>2</altiAcc>
</GCP>
</Dataset>
