<?xml version="1.0" encoding="utf-8"?>
<Dataset xsi:schemaLocation="http://fgd.gsi.go.jp/spec/2008/FGD_GMLSchema FGD_GMLSchema.xsd"
	xmlns:gml="http://www.opengis.net/gml/3.2"
	xmlns:xsi="http://www.w3.org/2001/XMLSchema-instance"
	xmlns:xlink="http://www.w3.org/1999/xlink"
	xmlns="http://fgd.gsi.go.jp/spec/2008/FGD_GMLSchema"
	gml:id="Dataset1">
  <gml:description>基盤地図情報メタデータ ID=fmdid:21-0701</gml:description>
  <gml:name>基盤地図情報ダウンロードデータ（GML版）</gml:name>
<ElevPt gml:id="K2_4693512063_1">
<fid>46935-12063-i-237</fid>
<lfSpanFr gml:id="K2_4693512063_1-1">
<gml:timePosition>2018-08-06</gml:timePosition>
</lfSpanFr>
<devDate gml:id="K2_4693512063_1-2">
<gml:timePosition>2021-07-01</gml:timePosition>
</devDate>
<orgGILvl>25000</orgGILvl>
<vis>表示</vis>
<pos>
<gml:Point gml:id="K2_4693512063_1-g" srsName="fguuid:jgd2011.bl">
<gml:pos>33.511369722 130.376512500</gml:pos>
</gml:Point>
</pos>
<type>標高点（測点）</type>
<alti>294</alti>
</ElevPt>
<ElevPt gml:id="K2_4693512066_1">
<fid>46935-12066-i-681</fid>
<lfSpanFr gml:id="K2_4693512066_1-1">
<gml:timePosition>2020-10-29</gml:timePosition>
</lfSpanFr>
<devDate gml:id="K2_4693512066_1-2">
<gml:timePosition>2021-07-01</gml:timePosition>
</devDate>
<orgGILvl>25000</orgGILvl>
<vis>表示</vis>
<pos>
<gml:Point gml:id="K2_4693512066_1-g" srsName="fguuid:jgd2011.bl">
<gml:pos>33.519832484 130.383175977</gml:pos>
</gml:Point>
</pos>
<type>標高点（測点）</type>
<alti>103</alti>
</ElevPt>
<ElevPt gml:id="K2_4693512069_1">
<fid>46935-12069-i-1081</fid>
<lfSpanFr gml:id="K2_4693512069_1-1">
<gml:timePosition>2020-10-29</gml:timePosition>
</lfSpanFr>
<devDate gml:id="K2_4693512069_1-2">
<gml:timePosition>2021-07-01</gml:timePosition>
</devDate>
<orgGILvl>25000</orgGILvl>
<vis>表示</vis>
<pos>
<gml:Point gml:id="K2_4693512069_1-g" srsName="fguuid:jgd2011.bl">
<gml:pos>33.525736111 130.376491111</gml:pos>
</gml:Point>
</pos>
<type>標高点（測点）</type>
<alti>154</alti>
</ElevPt>
<ElevPt gml:id="K2_4693512075_1">
<fid>46935-12075-i-5452</fid>
<lfSpanFr gml:id="K2_4693512075_1-1">
<gml:timePosition>2020-10-29</gml:timePosition>
</lfSpanFr>
<devDate gml:id="K2_4693512075_1-2">
<gml:timePosition>2021-07-01</gml:timePosition>
</devDate>
<orgGILvl>25000</orgGILvl>
<vis>表示</vis>
<pos>
<gml:Point gml:id="K2_4693512075_1-g" srsName="fguuid:jgd2011.bl">
<gml:pos>33.543636620 130.380779521</gml:pos>
</gml:Point>
</pos>
<type>標高点（測点）</type>
<alti>21</alti>
</ElevPt>
<ElevPt gml:id="K2_4693512075_2">
<fid>46935-12075-i-7467</fid>
<lfSpanFr gml:id="K2_4693512075_2-1">
<gml:timePosition>2020-10-29</gml:timePosition>
</lfSpanFr>
<devDate gml:id="K2_4693512075_2-2">
<gml:timePosition>2021-07-01</gml:timePosition>
</devDate>
<orgGILvl>25000</orgGILvl>
<vis>表示</vis>
<pos>
<gml:Point gml:id="K2_4693512075_2-g" srsName="fguuid:jgd2011.bl">
<gml:pos>33.543372648 130.377424449</gml:pos>
</gml:Point>
</pos>
<type>標高点（測点）</type>
<alti>31</alti>
</ElevPt>
<ElevPt gml:id="K2_4693512078_1">
<fid>46935-12078-i-6428</fid>
<lfSpanFr gml:id="K2_4693512078_1-1">
<gml:timePosition>2020-10-29</gml:timePosition>
</lfSpanFr>
<devDate gml:id="K2_4693512078_1-2">
<gml:timePosition>2021-07-01</gml:timePosition>
</devDate>
<orgGILvl>25000</orgGILvl>
<vis>表示</vis>
<pos>
<gml:Point gml:id="K2_4693512078_1-g" srsName="fguuid:jgd2011.bl">
<gml:pos>33.554997403 130.378379164</gml:pos>
</gml:Point>
</pos>
<type>標高点（測点）</type>
<alti>11</alti>
</ElevPt>
<ElevPt gml:id="K2_4693512084_1">
<fid>46935-12084-i-10336</fid>
<lfSpanFr gml:id="K2_4693512084_1-1">
<gml:timePosition>2020-10-29</gml:timePosition>
</lfSpanFr>
<devDate gml:id="K2_4693512084_1-2">
<gml:timePosition>2021-07-01</gml:timePosition>
</devDate>
<orgGILvl>25000</orgGILvl>
<vis>表示</vis>
<pos>
<gml:Point gml:id="K2_4693512084_1-g" srsName="fguuid:jgd2011.bl">
<gml:pos>33.572149711 130.375652602</gml:pos>
</gml:Point>
</pos>
<type>標高点（測点）</type>
<alti>6</alti>
</ElevPt>
<ElevPt gml:id="K2_4693512087_1">
<fid>46935-12087-i-6591</fid>
<lfSpanFr gml:id="K2_4693512087_1-1">
<gml:timePosition>2020-10-29</gml:timePosition>
</lfSpanFr>
<devDate gml:id="K2_4693512087_1-2">
<gml:timePosition>2021-07-01</gml:timePosition>
</devDate>
<orgGILvl>25000</orgGILvl>
<vis>表示</vis>
<pos>
<gml:Point gml:id="K2_4693512087_1-g" srsName="fguuid:jgd2011.bl">
<gml:pos>33.578374956 130.378830590</gml:pos>
</gml:Point>
</pos>
<type>標高点（測点）</type>
<alti>3</alti>
</ElevPt>
<ElevPt gml:id="K2_4693812063_1">
<fid>46938-12063-i-103</fid>
<lfSpanFr gml:id="K2_4693812063_1-1">
<gml:timePosition>2018-08-06</gml:timePosition>
</lfSpanFr>
<devDate gml:id="K2_4693812063_1-2">
<gml:timePosition>2021-07-01</gml:timePosition>
</devDate>
<orgGILvl>25000</orgGILvl>
<vis>表示</vis>
<pos>
<gml:Point gml:id="K2_4693812063_1-g" srsName="fguuid:jgd2011.bl">
<gml:pos>33.511002500 130.387702778</gml:pos>
</gml:Point>
</pos>
<type>標高点（測点）</type>
<alti>332</alti>
</ElevPt>
<ElevPt gml:id="K2_4693812066_1">
<fid>46938-12066-i-811</fid>
<lfSpanFr gml:id="K2_4693812066_1-1">
<gml:timePosition>2020-10-29</gml:timePosition>
</lfSpanFr>
<devDate gml:id="K2_4693812066_1-2">
<gml:timePosition>2021-07-01</gml:timePosition>
</devDate>
<orgGILvl>25000</orgGILvl>
<vis>表示</vis>
<pos>
<gml:Point gml:id="K2_4693812066_1-g" srsName="fguuid:jgd2011.bl">
<gml:pos>33.520196667 130.390005556</gml:pos>
</gml:Point>
</pos>
<type>標高点（測点）</type>
<alti>118</alti>
</ElevPt>
<ElevPt gml:id="K2_4693812069_1">
<fid>46938-12069-i-2323</fid>
<lfSpanFr gml:id="K2_4693812069_1-1">
<gml:timePosition>2020-10-29</gml:timePosition>
</lfSpanFr>
<devDate gml:id="K2_4693812069_1-2">
<gml:timePosition>2021-07-01</gml:timePosition>
</devDate>
<orgGILvl>25000</orgGILvl>
<vis>表示</vis>
<pos>
<gml:Point gml:id="K2_4693812069_1-g" srsName="fguuid:jgd2011.bl">
<gml:pos>33.526795194 130.387679222</gml:pos>
</gml:Point>
</pos>
<type>標高点（測点）</type>
<alti>72</alti>
</ElevPt>
<ElevPt gml:id="K2_4693812075_1">
<fid>46938-12075-i-10490</fid>
<lfSpanFr gml:id="K2_4693812075_1-1">
<gml:timePosition>2020-10-29</gml:timePosition>
</lfSpanFr>
<devDate gml:id="K2_4693812075_1-2">
<gml:timePosition>2021-07-01</gml:timePosition>
</devDate>
<orgGILvl>25000</orgGILvl>
<pos>
<gml:Point gml:id="K2_4693812075_1-g" srsName="fguuid:jgd2011.bl">
<gml:pos>33.542374114 130.391630788</gml:pos>
</gml:Point>
</pos>
<type>標高点（測点）</type>
<alti>23</alti>
</ElevPt>
<ElevPt gml:id="K2_4693812078_1">
<fid>46938-12078-i-10409</fid>
<lfSpanFr gml:id="K2_4693812078_1-1">
<gml:timePosition>2020-10-29</gml:timePosition>
</lfSpanFr>
<devDate gml:id="K2_4693812078_1-2">
<gml:timePosition>2021-07-01</gml:timePosition>
</devDate>
<orgGILvl>25000</orgGILvl>
<vis>表示</vis>
<pos>
<gml:Point gml:id="K2_4693812078_1-g" srsName="fguuid:jgd2011.bl">
<gml:pos>33.555631278 130.386829833</gml:pos>
</gml:Point>
</pos>
<type>標高点（測点）</type>
<alti>16</alti>
</ElevPt>
<ElevPt gml:id="K2_4693812081_1">
<fid>46938-12081-i-6755</fid>
<lfSpanFr gml:id="K2_4693812081_1-1">
<gml:timePosition>2020-10-29</gml:timePosition>
</lfSpanFr>
<devDate gml:id="K2_4693812081_1-2">
<gml:timePosition>2021-07-01</gml:timePosition>
</devDate>
<orgGILvl>25000</orgGILvl>
<vis>表示</vis>
<pos>
<gml:Point gml:id="K2_4693812081_1-g" srsName="fguuid:jgd2011.bl">
<gml:pos>33.561652083 130.384323306</gml:pos>
</gml:Point>
</pos>
<type>標高点（測点）</type>
<alti>31</alti>
</ElevPt>
<ElevPt gml:id="K2_4693812081_2">
<fid>46938-12081-i-9115</fid>
<lfSpanFr gml:id="K2_4693812081_2-1">
<gml:timePosition>2020-10-29</gml:timePosition>
</lfSpanFr>
<devDate gml:id="K2_4693812081_2-2">
<gml:timePosition>2021-07-01</gml:timePosition>
</devDate>
<orgGILvl>25000</orgGILvl>
<vis>非表示</vis>
<pos>
<gml:Point gml:id="K2_4693812081_2-g" srsName="fguuid:jgd2011.bl">
<gml:pos>33.565821000 130.390147139</gml:pos>
</gml:Point>
</pos>
<type>標高点（測点）</type>
<alti>16</alti>
</ElevPt>
<ElevPt gml:id="K2_4693812084_1">
<fid>46938-12084-i-7067</fid>
<lfSpanFr gml:id="K2_4693812084_1-1">
<gml:timePosition>2020-10-29</gml:timePosition>
</lfSpanFr>
<devDate gml:id="K2_4693812084_1-2">
<gml:timePosition>2021-07-01</gml:timePosition>
</devDate>
<orgGILvl>25000</orgGILvl>
<vis>表示</vis>
<pos>
<gml:Point gml:id="K2_4693812084_1-g" srsName="fguuid:jgd2011.bl">
<gml:pos>33.574991111 130.388702500</gml:pos>
</gml:Point>
</pos>
<type>標高点（測点）</type>
<alti>63</alti>
</ElevPt>
<ElevPt gml:id="K2_4694112066_1">
<fid>46941-12066-i-404</fid>
<lfSpanFr gml:id="K2_4694112066_1-1">
<gml:timePosition>2018-08-06</gml:timePosition>
</lfSpanFr>
<devDate gml:id="K2_4694112066_1-2">
<gml:timePosition>2021-07-01</gml:timePosition>
</devDate>
<orgGILvl>25000</orgGILvl>
<vis>表示</vis>
<pos>
<gml:Point gml:id="K2_4694112066_1-g" srsName="fguuid:jgd2011.bl">
<gml:pos>33.521404444 130.398206111</gml:pos>
</gml:Point>
</pos>
<type>標高点（測点）</type>
<alti>112</alti>
</ElevPt>
<ElevPt gml:id="K2_4694112072_1">
<fid>46941-12072-i-2699</fid>
<lfSpanFr gml:id="K2_4694112072_1-1">
<gml:timePosition>2020-10-29</gml:timePosition>
</lfSpanFr>
<devDate gml:id="K2_4694112072_1-2">
<gml:timePosition>2021-07-01</gml:timePosition>
</devDate>
<orgGILvl>25000</orgGILvl>
<vis>表示</vis>
<pos>
<gml:Point gml:id="K2_4694112072_1-g" srsName="fguuid:jgd2011.bl">
<gml:pos>33.533520000 130.393405556</gml:pos>
</gml:Point>
</pos>
<type>標高点（測点）</type>
<alti>52</alti>
</ElevPt>
<ElevPt gml:id="K2_4694112075_1">
<fid>46941-12075-i-7978</fid>
<lfSpanFr gml:id="K2_4694112075_1-1">
<gml:timePosition>2020-10-29</gml:timePosition>
</lfSpanFr>
<devDate gml:id="K2_4694112075_1-2">
<gml:timePosition>2021-07-01</gml:timePosition>
</devDate>
<orgGILvl>25000</orgGILvl>
<vis>表示</vis>
<pos>
<gml:Point gml:id="K2_4694112075_1-g" srsName="fguuid:jgd2011.bl">
<gml:pos>33.544475306 130.398581694</gml:pos>
</gml:Point>
</pos>
<type>標高点（測点）</type>
<alti>29</alti>
</ElevPt>
<ElevPt gml:id="K2_4694112075_2">
<fid>46941-12075-i-7979</fid>
<lfSpanFr gml:id="K2_4694112075_2-1">
<gml:timePosition>2020-10-29</gml:timePosition>
</lfSpanFr>
<devDate gml:id="K2_4694112075_2-2">
<gml:timePosition>2021-07-01</gml:timePosition>
</devDate>
<orgGILvl>25000</orgGILvl>
<vis>表示</vis>
<pos>
<gml:Point gml:id="K2_4694112075_2-g" srsName="fguuid:jgd2011.bl">
<gml:pos>33.548229889 130.393241139</gml:pos>
</gml:Point>
</pos>
<type>標高点（測点）</type>
<alti>30</alti>
</ElevPt>
<ElevPt gml:id="K2_4694112078_1">
<fid>46941-12078-i-5467</fid>
<lfSpanFr gml:id="K2_4694112078_1-1">
<gml:timePosition>2020-10-29</gml:timePosition>
</lfSpanFr>
<devDate gml:id="K2_4694112078_1-2">
<gml:timePosition>2021-07-01</gml:timePosition>
</devDate>
<orgGILvl>25000</orgGILvl>
<vis>表示</vis>
<pos>
<gml:Point gml:id="K2_4694112078_1-g" srsName="fguuid:jgd2011.bl">
<gml:pos>33.555673947 130.396991295</gml:pos>
</gml:Point>
</pos>
<type>標高点（測点）</type>
<alti>30</alti>
</ElevPt>
<ElevPt gml:id="K2_4694112084_1">
<fid>46941-12084-i-9054</fid>
<lfSpanFr gml:id="K2_4694112084_1-1">
<gml:timePosition>2020-10-29</gml:timePosition>
</lfSpanFr>
<devDate gml:id="K2_4694112084_1-2">
<gml:timePosition>2021-07-01</gml:timePosition>
</devDate>
<orgGILvl>25000</orgGILvl>
<vis>表示</vis>
<pos>
<gml:Point gml:id="K2_4694112084_1-g" srsName="fguuid:jgd2011.bl">
<gml:pos>33.569203954 130.397571742</gml:pos>
</gml:Point>
</pos>
<type>標高点（測点）</type>
<alti>10</alti>
</ElevPt>
<ElevPt gml:id="K2_4694112084_2">
<fid>46941-12084-i-9055</fid>
<lfSpanFr gml:id="K2_4694112084_2-1">
<gml:timePosition>2020-10-29</gml:timePosition>
</lfSpanFr>
<devDate gml:id="K2_4694112084_2-2">
<gml:timePosition>2021-07-01</gml:timePosition>
</devDate>
<orgGILvl>25000</orgGILvl>
<pos>
<gml:Point gml:id="K2_4694112084_2-g" srsName="fguuid:jgd2011.bl">
<gml:pos>33.574738894 130.398527108</gml:pos>
</gml:Point>
</pos>
<type>標高点（測点）</type>
<alti>24</alti>
</ElevPt>
<ElevPt gml:id="K2_4694112087_1">
<fid>46941-12087-i-6675</fid>
<lfSpanFr gml:id="K2_4694112087_1-1">
<gml:timePosition>2020-10-29</gml:timePosition>
</lfSpanFr>
<devDate gml:id="K2_4694112087_1-2">
<gml:timePosition>2021-07-01</gml:timePosition>
</devDate>
<orgGILvl>25000</orgGILvl>
<vis>非表示</vis>
<pos>
<gml:Point gml:id="K2_4694112087_1-g" srsName="fguuid:jgd2011.bl">
<gml:pos>33.579806139 130.394487833</gml:pos>
</gml:Point>
</pos>
<type>標高点（測点）</type>
<alti>4</alti>
</ElevPt>
<ElevPt gml:id="K2_4694412063_1">
<fid>46944-12063-i-282</fid>
<lfSpanFr gml:id="K2_4694412063_1-1">
<gml:timePosition>2018-08-06</gml:timePosition>
</lfSpanFr>
<devDate gml:id="K2_4694412063_1-2">
<gml:timePosition>2021-07-01</gml:timePosition>
</devDate>
<orgGILvl>25000</orgGILvl>
<vis>表示</vis>
<pos>
<gml:Point gml:id="K2_4694412063_1-g" srsName="fguuid:jgd2011.bl">
<gml:pos>33.514803611 130.407892500</gml:pos>
</gml:Point>
</pos>
<type>標高点（測点）</type>
<alti>173</alti>
</ElevPt>
<ElevPt gml:id="K2_4694412066_1">
<fid>46944-12066-i-663</fid>
<lfSpanFr gml:id="K2_4694412066_1-1">
<gml:timePosition>2020-10-29</gml:timePosition>
</lfSpanFr>
<devDate gml:id="K2_4694412066_1-2">
<gml:timePosition>2021-07-01</gml:timePosition>
</devDate>
<orgGILvl>25000</orgGILvl>
<vis>表示</vis>
<pos>
<gml:Point gml:id="K2_4694412066_1-g" srsName="fguuid:jgd2011.bl">
<gml:pos>33.518485278 130.403850833</gml:pos>
</gml:Point>
</pos>
<type>標高点（測点）</type>
<alti>202</alti>
</ElevPt>
<ElevPt gml:id="K2_4694412069_1">
<fid>46944-12069-i-2457</fid>
<lfSpanFr gml:id="K2_4694412069_1-1">
<gml:timePosition>2020-10-29</gml:timePosition>
</lfSpanFr>
<devDate gml:id="K2_4694412069_1-2">
<gml:timePosition>2021-07-01</gml:timePosition>
</devDate>
<orgGILvl>25000</orgGILvl>
<vis>表示</vis>
<pos>
<gml:Point gml:id="K2_4694412069_1-g" srsName="fguuid:jgd2011.bl">
<gml:pos>33.532743242 130.400852444</gml:pos>
</gml:Point>
</pos>
<type>標高点（測点）</type>
<alti>32</alti>
</ElevPt>
<ElevPt gml:id="K2_4694412075_1">
<fid>46944-12075-i-7096</fid>
<lfSpanFr gml:id="K2_4694412075_1-1">
<gml:timePosition>2020-10-29</gml:timePosition>
</lfSpanFr>
<devDate gml:id="K2_4694412075_1-2">
<gml:timePosition>2021-07-01</gml:timePosition>
</devDate>
<orgGILvl>25000</orgGILvl>
<vis>表示</vis>
<pos>
<gml:Point gml:id="K2_4694412075_1-g" srsName="fguuid:jgd2011.bl">
<gml:pos>33.542700528 130.408065583</gml:pos>
</gml:Point>
</pos>
<type>標高点（測点）</type>
<alti>22</alti>
</ElevPt>
<ElevPt gml:id="K2_4694412075_2">
<fid>46944-12075-i-7099</fid>
<lfSpanFr gml:id="K2_4694412075_2-1">
<gml:timePosition>2020-10-29</gml:timePosition>
</lfSpanFr>
<devDate gml:id="K2_4694412075_2-2">
<gml:timePosition>2021-07-01</gml:timePosition>
</devDate>
<orgGILvl>25000</orgGILvl>
<vis>表示</vis>
<pos>
<gml:Point gml:id="K2_4694412075_2-g" srsName="fguuid:jgd2011.bl">
<gml:pos>33.549049222 130.400876139</gml:pos>
</gml:Point>
</pos>
<type>標高点（測点）</type>
<alti>34</alti>
</ElevPt>
<ElevPt gml:id="K2_4694412078_1">
<fid>46944-12078-i-4981</fid>
<lfSpanFr gml:id="K2_4694412078_1-1">
<gml:timePosition>2020-10-29</gml:timePosition>
</lfSpanFr>
<devDate gml:id="K2_4694412078_1-2">
<gml:timePosition>2021-07-01</gml:timePosition>
</devDate>
<orgGILvl>25000</orgGILvl>
<vis>表示</vis>
<pos>
<gml:Point gml:id="K2_4694412078_1-g" srsName="fguuid:jgd2011.bl">
<gml:pos>33.554920556 130.403475833</gml:pos>
</gml:Point>
</pos>
<type>標高点（測点）</type>
<alti>46</alti>
</ElevPt>
<ElevPt gml:id="K2_4694412081_1">
<fid>46944-12081-i-4803</fid>
<lfSpanFr gml:id="K2_4694412081_1-1">
<gml:timePosition>2020-10-29</gml:timePosition>
</lfSpanFr>
<devDate gml:id="K2_4694412081_1-2">
<gml:timePosition>2021-07-01</gml:timePosition>
</devDate>
<orgGILvl>25000</orgGILvl>
<vis>表示</vis>
<pos>
<gml:Point gml:id="K2_4694412081_1-g" srsName="fguuid:jgd2011.bl">
<gml:pos>33.562472222 130.404195556</gml:pos>
</gml:Point>
</pos>
<type>標高点（測点）</type>
<alti>89</alti>
</ElevPt>
<ElevPt gml:id="K2_4694412084_1">
<fid>46944-12084-i-11823</fid>
<lfSpanFr gml:id="K2_4694412084_1-1">
<gml:timePosition>2020-10-29</gml:timePosition>
</lfSpanFr>
<devDate gml:id="K2_4694412084_1-2">
<gml:timePosition>2021-07-01</gml:timePosition>
</devDate>
<orgGILvl>25000</orgGILvl>
<vis>表示</vis>
<pos>
<gml:Point gml:id="K2_4694412084_1-g" srsName="fguuid:jgd2011.bl">
<gml:pos>33.570251639 130.401338972</gml:pos>
</gml:Point>
</pos>
<type>標高点（測点）</type>
<alti>11</alti>
</ElevPt>
<ElevPt gml:id="K2_4694412087_1">
<fid>46944-12087-i-8187</fid>
<lfSpanFr gml:id="K2_4694412087_1-1">
<gml:timePosition>2020-10-29</gml:timePosition>
</lfSpanFr>
<devDate gml:id="K2_4694412087_1-2">
<gml:timePosition>2021-07-01</gml:timePosition>
</devDate>
<orgGILvl>25000</orgGILvl>
<vis>表示</vis>
<pos>
<gml:Point gml:id="K2_4694412087_1-g" srsName="fguuid:jgd2011.bl">
<gml:pos>33.577242745 130.404693124</gml:pos>
</gml:Point>
</pos>
<type>標高点（測点）</type>
<alti>4</alti>
</ElevPt>
<ElevPt gml:id="K2_4694412087_2">
<fid>46944-12087-i-8188</fid>
<lfSpanFr gml:id="K2_4694412087_2-1">
<gml:timePosition>2020-10-29</gml:timePosition>
</lfSpanFr>
<devDate gml:id="K2_4694412087_2-2">
<gml:timePosition>2021-07-01</gml:timePosition>
</devDate>
<orgGILvl>25000</orgGILvl>
<vis>表示</vis>
<pos>
<gml:Point gml:id="K2_4694412087_2-g" srsName="fguuid:jgd2011.bl">
<gml:pos>33.582575833 130.406052444</gml:pos>
</gml:Point>
</pos>
<type>標高点（測点）</type>
<alti>6</alti>
</ElevPt>
<ElevPt gml:id="K2_4694712069_1">
<fid>46947-12069-i-2094</fid>
<lfSpanFr gml:id="K2_4694712069_1-1">
<gml:timePosition>2020-10-29</gml:timePosition>
</lfSpanFr>
<devDate gml:id="K2_4694712069_1-2">
<gml:timePosition>2021-07-01</gml:timePosition>
</devDate>
<orgGILvl>25000</orgGILvl>
<vis>表示</vis>
<pos>
<gml:Point gml:id="K2_4694712069_1-g" srsName="fguuid:jgd2011.bl">
<gml:pos>33.531058063 130.408610318</gml:pos>
</gml:Point>
</pos>
<type>標高点（測点）</type>
<alti>36</alti>
</ElevPt>
<ElevPt gml:id="K2_4694712072_1">
<fid>46947-12072-i-1936</fid>
<lfSpanFr gml:id="K2_4694712072_1-1">
<gml:timePosition>2020-10-29</gml:timePosition>
</lfSpanFr>
<devDate gml:id="K2_4694712072_1-2">
<gml:timePosition>2021-07-01</gml:timePosition>
</devDate>
<orgGILvl>25000</orgGILvl>
<vis>表示</vis>
<pos>
<gml:Point gml:id="K2_4694712072_1-g" srsName="fguuid:jgd2011.bl">
<gml:pos>33.537811500 130.416102556</gml:pos>
</gml:Point>
</pos>
<type>標高点（測点）</type>
<alti>22</alti>
</ElevPt>
<ElevPt gml:id="K2_4694712075_1">
<fid>46947-12075-i-5879</fid>
<lfSpanFr gml:id="K2_4694712075_1-1">
<gml:timePosition>2020-10-29</gml:timePosition>
</lfSpanFr>
<devDate gml:id="K2_4694712075_1-2">
<gml:timePosition>2021-07-01</gml:timePosition>
</devDate>
<orgGILvl>25000</orgGILvl>
<vis>表示</vis>
<pos>
<gml:Point gml:id="K2_4694712075_1-g" srsName="fguuid:jgd2011.bl">
<gml:pos>33.547451667 130.408366389</gml:pos>
</gml:Point>
</pos>
<type>標高点（測点）</type>
<alti>22</alti>
</ElevPt>
<ElevPt gml:id="K2_4694712078_1">
<fid>46947-12078-i-5797</fid>
<lfSpanFr gml:id="K2_4694712078_1-1">
<gml:timePosition>2020-10-29</gml:timePosition>
</lfSpanFr>
<devDate gml:id="K2_4694712078_1-2">
<gml:timePosition>2021-07-01</gml:timePosition>
</devDate>
<orgGILvl>25000</orgGILvl>
<vis>表示</vis>
<pos>
<gml:Point gml:id="K2_4694712078_1-g" srsName="fguuid:jgd2011.bl">
<gml:pos>33.553088944 130.410887988</gml:pos>
</gml:Point>
</pos>
<type>標高点（測点）</type>
<alti>24</alti>
</ElevPt>
<ElevPt gml:id="K2_4694712081_1">
<fid>46947-12081-i-6547</fid>
<lfSpanFr gml:id="K2_4694712081_1-1">
<gml:timePosition>2020-10-29</gml:timePosition>
</lfSpanFr>
<devDate gml:id="K2_4694712081_1-2">
<gml:timePosition>2021-07-01</gml:timePosition>
</devDate>
<orgGILvl>25000</orgGILvl>
<vis>表示</vis>
<pos>
<gml:Point gml:id="K2_4694712081_1-g" srsName="fguuid:jgd2011.bl">
<gml:pos>33.560383861 130.413019056</gml:pos>
</gml:Point>
</pos>
<type>標高点（測点）</type>
<alti>12</alti>
</ElevPt>
<ElevPt gml:id="K2_4694712081_2">
<fid>46947-12081-i-6548</fid>
<lfSpanFr gml:id="K2_4694712081_2-1">
<gml:timePosition>2020-10-29</gml:timePosition>
</lfSpanFr>
<devDate gml:id="K2_4694712081_2-2">
<gml:timePosition>2021-07-01</gml:timePosition>
</devDate>
<orgGILvl>25000</orgGILvl>
<vis>表示</vis>
<pos>
<gml:Point gml:id="K2_4694712081_2-g" srsName="fguuid:jgd2011.bl">
<gml:pos>33.564929917 130.416125861</gml:pos>
</gml:Point>
</pos>
<type>標高点（測点）</type>
<alti>9</alti>
</ElevPt>
<ElevPt gml:id="K2_4694712084_1">
<fid>46947-12084-i-7751</fid>
<lfSpanFr gml:id="K2_4694712084_1-1">
<gml:timePosition>2020-10-29</gml:timePosition>
</lfSpanFr>
<devDate gml:id="K2_4694712084_1-2">
<gml:timePosition>2021-07-01</gml:timePosition>
</devDate>
<orgGILvl>25000</orgGILvl>
<vis>表示</vis>
<pos>
<gml:Point gml:id="K2_4694712084_1-g" srsName="fguuid:jgd2011.bl">
<gml:pos>33.572551194 130.410502389</gml:pos>
</gml:Point>
</pos>
<type>標高点（測点）</type>
<alti>6</alti>
</ElevPt>
<ElevPt gml:id="K2_4694712087_1">
<fid>46947-12087-i-10796</fid>
<lfSpanFr gml:id="K2_4694712087_1-1">
<gml:timePosition>2020-10-29</gml:timePosition>
</lfSpanFr>
<devDate gml:id="K2_4694712087_1-2">
<gml:timePosition>2021-07-01</gml:timePosition>
</devDate>
<orgGILvl>25000</orgGILvl>
<vis>表示</vis>
<pos>
<gml:Point gml:id="K2_4694712087_1-g" srsName="fguuid:jgd2011.bl">
<gml:pos>33.577722972 130.412606333</gml:pos>
</gml:Point>
</pos>
<type>標高点（測点）</type>
<alti>6</alti>
</ElevPt>
<ElevPt gml:id="K2_4695012063_1">
<fid>46950-12063-i-1255</fid>
<lfSpanFr gml:id="K2_4695012063_1-1">
<gml:timePosition>2020-10-29</gml:timePosition>
</lfSpanFr>
<devDate gml:id="K2_4695012063_1-2">
<gml:timePosition>2021-07-01</gml:timePosition>
</devDate>
<orgGILvl>25000</orgGILvl>
<vis>非表示</vis>
<pos>
<gml:Point gml:id="K2_4695012063_1-g" srsName="fguuid:jgd2011.bl">
<gml:pos>33.509723056 130.418166111</gml:pos>
</gml:Point>
</pos>
<type>標高点（測点）</type>
<alti>62</alti>
</ElevPt>
<ElevPt gml:id="K2_4695012066_1">
<fid>46950-12066-i-2195</fid>
<lfSpanFr gml:id="K2_4695012066_1-1">
<gml:timePosition>2020-10-29</gml:timePosition>
</lfSpanFr>
<devDate gml:id="K2_4695012066_1-2">
<gml:timePosition>2021-07-01</gml:timePosition>
</devDate>
<orgGILvl>25000</orgGILvl>
<vis>表示</vis>
<pos>
<gml:Point gml:id="K2_4695012066_1-g" srsName="fguuid:jgd2011.bl">
<gml:pos>33.517721111 130.423111111</gml:pos>
</gml:Point>
</pos>
<type>標高点（測点）</type>
<alti>37</alti>
</ElevPt>
<ElevPt gml:id="K2_4695012075_1">
<fid>46950-12075-i-2010</fid>
<lfSpanFr gml:id="K2_4695012075_1-1">
<gml:timePosition>2020-10-29</gml:timePosition>
</lfSpanFr>
<devDate gml:id="K2_4695012075_1-2">
<gml:timePosition>2021-07-01</gml:timePosition>
</devDate>
<orgGILvl>25000</orgGILvl>
<vis>表示</vis>
<pos>
<gml:Point gml:id="K2_4695012075_1-g" srsName="fguuid:jgd2011.bl">
<gml:pos>33.541944530 130.422514358</gml:pos>
</gml:Point>
</pos>
<type>標高点（測点）</type>
<alti>15</alti>
</ElevPt>
<ElevPt gml:id="K2_4695012078_1">
<fid>46950-12078-i-1891</fid>
<lfSpanFr gml:id="K2_4695012078_1-1">
<gml:timePosition>2020-10-29</gml:timePosition>
</lfSpanFr>
<devDate gml:id="K2_4695012078_1-2">
<gml:timePosition>2021-07-01</gml:timePosition>
</devDate>
<orgGILvl>25000</orgGILvl>
<vis>表示</vis>
<pos>
<gml:Point gml:id="K2_4695012078_1-g" srsName="fguuid:jgd2011.bl">
<gml:pos>33.551913694 130.421163139</gml:pos>
</gml:Point>
</pos>
<type>標高点（測点）</type>
<alti>20</alti>
</ElevPt>
<ElevPt gml:id="K2_4695312069_1">
<fid>46953-12069-i-3083</fid>
<lfSpanFr gml:id="K2_4695312069_1-1">
<gml:timePosition>2020-10-29</gml:timePosition>
</lfSpanFr>
<devDate gml:id="K2_4695312069_1-2">
<gml:timePosition>2021-07-01</gml:timePosition>
</devDate>
<orgGILvl>25000</orgGILvl>
<vis>表示</vis>
<pos>
<gml:Point gml:id="K2_4695312069_1-g" srsName="fguuid:jgd2011.bl">
<gml:pos>33.530647472 130.425609556</gml:pos>
</gml:Point>
</pos>
<type>標高点（測点）</type>
<alti>16</alti>
</ElevPt>
<ElevPt gml:id="K2_4695312072_1">
<fid>46953-12072-i-1684</fid>
<lfSpanFr gml:id="K2_4695312072_1-1">
<gml:timePosition>2020-10-29</gml:timePosition>
</lfSpanFr>
<devDate gml:id="K2_4695312072_1-2">
<gml:timePosition>2021-07-01</gml:timePosition>
</devDate>
<orgGILvl>25000</orgGILvl>
<vis>表示</vis>
<pos>
<gml:Point gml:id="K2_4695312072_1-g" srsName="fguuid:jgd2011.bl">
<gml:pos>33.540994205 130.432678759</gml:pos>
</gml:Point>
</pos>
<type>標高点（測点）</type>
<alti>12</alti>
</ElevPt>
<ElevPt gml:id="K2_4695312072_2">
<fid>46953-12072-i-2268</fid>
<lfSpanFr gml:id="K2_4695312072_2-1">
<gml:timePosition>2020-10-29</gml:timePosition>
</lfSpanFr>
<devDate gml:id="K2_4695312072_2-2">
<gml:timePosition>2021-07-01</gml:timePosition>
</devDate>
<orgGILvl>25000</orgGILvl>
<vis>表示</vis>
<pos>
<gml:Point gml:id="K2_4695312072_2-g" srsName="fguuid:jgd2011.bl">
<gml:pos>33.537420333 130.427174278</gml:pos>
</gml:Point>
</pos>
<type>標高点（測点）</type>
<alti>15</alti>
</ElevPt>
<ElevPt gml:id="K2_4695312078_1">
<fid>46953-12078-i-2047</fid>
<lfSpanFr gml:id="K2_4695312078_1-1">
<gml:timePosition>2020-10-29</gml:timePosition>
</lfSpanFr>
<devDate gml:id="K2_4695312078_1-2">
<gml:timePosition>2021-07-01</gml:timePosition>
</devDate>
<orgGILvl>25000</orgGILvl>
<vis>表示</vis>
<pos>
<gml:Point gml:id="K2_4695312078_1-g" srsName="fguuid:jgd2011.bl">
<gml:pos>33.555805472 130.428446861</gml:pos>
</gml:Point>
</pos>
<type>標高点（測点）</type>
<alti>11</alti>
</ElevPt>
<ElevPt gml:id="K2_4695312081_1">
<fid>46953-12081-i-1912</fid>
<lfSpanFr gml:id="K2_4695312081_1-1">
<gml:timePosition>2020-10-29</gml:timePosition>
</lfSpanFr>
<devDate gml:id="K2_4695312081_1-2">
<gml:timePosition>2021-07-01</gml:timePosition>
</devDate>
<orgGILvl>25000</orgGILvl>
<vis>表示</vis>
<pos>
<gml:Point gml:id="K2_4695312081_1-g" srsName="fguuid:jgd2011.bl">
<gml:pos>33.566189778 130.427889056</gml:pos>
</gml:Point>
</pos>
<type>標高点（測点）</type>
<alti>9</alti>
</ElevPt>
<ElevPt gml:id="K2_4695312084_1">
<fid>46953-12084-i-2007</fid>
<lfSpanFr gml:id="K2_4695312084_1-1">
<gml:timePosition>2020-10-29</gml:timePosition>
</lfSpanFr>
<devDate gml:id="K2_4695312084_1-2">
<gml:timePosition>2021-07-01</gml:timePosition>
</devDate>
<orgGILvl>25000</orgGILvl>
<vis>表示</vis>
<pos>
<gml:Point gml:id="K2_4695312084_1-g" srsName="fguuid:jgd2011.bl">
<gml:pos>33.572404694 130.429309833</gml:pos>
</gml:Point>
</pos>
<type>標高点（測点）</type>
<alti>8</alti>
</ElevPt>
<ElevPt gml:id="K2_4695312087_1">
<fid>46953-12087-i-1501</fid>
<lfSpanFr gml:id="K2_4695312087_1-1">
<gml:timePosition>2020-10-29</gml:timePosition>
</lfSpanFr>
<devDate gml:id="K2_4695312087_1-2">
<gml:timePosition>2021-07-01</gml:timePosition>
</devDate>
<orgGILvl>25000</orgGILvl>
<vis>表示</vis>
<pos>
<gml:Point gml:id="K2_4695312087_1-g" srsName="fguuid:jgd2011.bl">
<gml:pos>33.577943703 130.429188822</gml:pos>
</gml:Point>
</pos>
<type>標高点（測点）</type>
<alti>6</alti>
</ElevPt>
<ElevPt gml:id="K2_4695612069_1">
<fid>46956-12069-i-2520</fid>
<lfSpanFr gml:id="K2_4695612069_1-1">
<gml:timePosition>2020-10-29</gml:timePosition>
</lfSpanFr>
<devDate gml:id="K2_4695612069_1-2">
<gml:timePosition>2021-07-01</gml:timePosition>
</devDate>
<orgGILvl>25000</orgGILvl>
<vis>表示</vis>
<pos>
<gml:Point gml:id="K2_4695612069_1-g" srsName="fguuid:jgd2011.bl">
<gml:pos>33.531731389 130.433455528</gml:pos>
</gml:Point>
</pos>
<type>標高点（測点）</type>
<alti>18</alti>
</ElevPt>
<ElevPt gml:id="K2_4695612069_2">
<fid>46956-12069-i-2521</fid>
<lfSpanFr gml:id="K2_4695612069_2-1">
<gml:timePosition>2020-10-29</gml:timePosition>
</lfSpanFr>
<devDate gml:id="K2_4695612069_2-2">
<gml:timePosition>2021-07-01</gml:timePosition>
</devDate>
<orgGILvl>25000</orgGILvl>
<vis>表示</vis>
<pos>
<gml:Point gml:id="K2_4695612069_2-g" srsName="fguuid:jgd2011.bl">
<gml:pos>33.525660806 130.435844333</gml:pos>
</gml:Point>
</pos>
<type>標高点（測点）</type>
<alti>22</alti>
</ElevPt>
<ElevPt gml:id="K2_4695612069_3">
<fid>46956-12069-i-3204</fid>
<lfSpanFr gml:id="K2_4695612069_3-1">
<gml:timePosition>2020-10-29</gml:timePosition>
</lfSpanFr>
<devDate gml:id="K2_4695612069_3-2">
<gml:timePosition>2021-07-01</gml:timePosition>
</devDate>
<orgGILvl>25000</orgGILvl>
<vis>表示</vis>
<pos>
<gml:Point gml:id="K2_4695612069_3-g" srsName="fguuid:jgd2011.bl">
<gml:pos>33.530601361 130.441651333</gml:pos>
</gml:Point>
</pos>
<type>標高点（測点）</type>
<alti>31</alti>
</ElevPt>
<ElevPt gml:id="K2_4695612078_1">
<fid>46956-12078-i-1888</fid>
<lfSpanFr gml:id="K2_4695612078_1-1">
<gml:timePosition>2020-10-29</gml:timePosition>
</lfSpanFr>
<devDate gml:id="K2_4695612078_1-2">
<gml:timePosition>2021-07-01</gml:timePosition>
</devDate>
<orgGILvl>25000</orgGILvl>
<vis>表示</vis>
<pos>
<gml:Point gml:id="K2_4695612078_1-g" srsName="fguuid:jgd2011.bl">
<gml:pos>33.552529194 130.438188333</gml:pos>
</gml:Point>
</pos>
<type>標高点（測点）</type>
<alti>14</alti>
</ElevPt>
<ElevPt gml:id="K2_4695612078_2">
<fid>46956-12078-i-1889</fid>
<lfSpanFr gml:id="K2_4695612078_2-1">
<gml:timePosition>2020-10-29</gml:timePosition>
</lfSpanFr>
<devDate gml:id="K2_4695612078_2-2">
<gml:timePosition>2021-07-01</gml:timePosition>
</devDate>
<orgGILvl>25000</orgGILvl>
<vis>表示</vis>
<pos>
<gml:Point gml:id="K2_4695612078_2-g" srsName="fguuid:jgd2011.bl">
<gml:pos>33.558198801 130.438747353</gml:pos>
</gml:Point>
</pos>
<type>標高点（測点）</type>
<alti>12</alti>
</ElevPt>
<ElevPt gml:id="K2_4695612081_1">
<fid>46956-12081-i-1538</fid>
<lfSpanFr gml:id="K2_4695612081_1-1">
<gml:timePosition>2020-10-29</gml:timePosition>
</lfSpanFr>
<devDate gml:id="K2_4695612081_1-2">
<gml:timePosition>2021-07-01</gml:timePosition>
</devDate>
<orgGILvl>25000</orgGILvl>
<vis>表示</vis>
<pos>
<gml:Point gml:id="K2_4695612081_1-g" srsName="fguuid:jgd2011.bl">
<gml:pos>33.566191102 130.434877595</gml:pos>
</gml:Point>
</pos>
<type>標高点（測点）</type>
<alti>10</alti>
</ElevPt>
<ElevPt gml:id="K2_4695612087_1">
<fid>46956-12087-i-1283</fid>
<lfSpanFr gml:id="K2_4695612087_1-1">
<gml:timePosition>2020-10-29</gml:timePosition>
</lfSpanFr>
<devDate gml:id="K2_4695612087_1-2">
<gml:timePosition>2021-07-01</gml:timePosition>
</devDate>
<orgGILvl>25000</orgGILvl>
<vis>表示</vis>
<pos>
<gml:Point gml:id="K2_4695612087_1-g" srsName="fguuid:jgd2011.bl">
<gml:pos>33.578061389 130.434432500</gml:pos>
</gml:Point>
</pos>
<type>標高点（測点）</type>
<alti>8</alti>
</ElevPt>
<ElevPt gml:id="K2_4695912063_1">
<fid>46959-12063-i-1726</fid>
<lfSpanFr gml:id="K2_4695912063_1-1">
<gml:timePosition>2020-10-29</gml:timePosition>
</lfSpanFr>
<devDate gml:id="K2_4695912063_1-2">
<gml:timePosition>2021-07-01</gml:timePosition>
</devDate>
<orgGILvl>25000</orgGILvl>
<vis>表示</vis>
<pos>
<gml:Point gml:id="K2_4695912063_1-g" srsName="fguuid:jgd2011.bl">
<gml:pos>33.513425278 130.444902500</gml:pos>
</gml:Point>
</pos>
<type>標高点（測点）</type>
<alti>47</alti>
</ElevPt>
<ElevPt gml:id="K2_4695912066_1">
<fid>46959-12066-i-1701</fid>
<lfSpanFr gml:id="K2_4695912066_1-1">
<gml:timePosition>2020-10-29</gml:timePosition>
</lfSpanFr>
<devDate gml:id="K2_4695912066_1-2">
<gml:timePosition>2021-07-01</gml:timePosition>
</devDate>
<orgGILvl>25000</orgGILvl>
<vis>表示</vis>
<pos>
<gml:Point gml:id="K2_4695912066_1-g" srsName="fguuid:jgd2011.bl">
<gml:pos>33.522935833 130.446866944</gml:pos>
</gml:Point>
</pos>
<type>標高点（測点）</type>
<alti>50</alti>
</ElevPt>
<ElevPt gml:id="K2_4695912072_1">
<fid>46959-12072-i-2511</fid>
<lfSpanFr gml:id="K2_4695912072_1-1">
<gml:timePosition>2020-10-29</gml:timePosition>
</lfSpanFr>
<devDate gml:id="K2_4695912072_1-2">
<gml:timePosition>2021-07-01</gml:timePosition>
</devDate>
<orgGILvl>25000</orgGILvl>
<vis>表示</vis>
<pos>
<gml:Point gml:id="K2_4695912072_1-g" srsName="fguuid:jgd2011.bl">
<gml:pos>33.533535167 130.449985694</gml:pos>
</gml:Point>
</pos>
<type>標高点（測点）</type>
<alti>44</alti>
</ElevPt>
<ElevPt gml:id="K2_4695912078_1">
<fid>46959-12078-i-2173</fid>
<lfSpanFr gml:id="K2_4695912078_1-1">
<gml:timePosition>2020-10-29</gml:timePosition>
</lfSpanFr>
<devDate gml:id="K2_4695912078_1-2">
<gml:timePosition>2021-07-01</gml:timePosition>
</devDate>
<orgGILvl>25000</orgGILvl>
<vis>表示</vis>
<pos>
<gml:Point gml:id="K2_4695912078_1-g" srsName="fguuid:jgd2011.bl">
<gml:pos>33.554884444 130.447210694</gml:pos>
</gml:Point>
</pos>
<type>標高点（測点）</type>
<alti>14</alti>
</ElevPt>
<ElevPt gml:id="K2_4695912081_1">
<fid>46959-12081-i-1681</fid>
<lfSpanFr gml:id="K2_4695912081_1-1">
<gml:timePosition>2020-10-29</gml:timePosition>
</lfSpanFr>
<devDate gml:id="K2_4695912081_1-2">
<gml:timePosition>2021-07-01</gml:timePosition>
</devDate>
<orgGILvl>25000</orgGILvl>
<vis>表示</vis>
<pos>
<gml:Point gml:id="K2_4695912081_1-g" srsName="fguuid:jgd2011.bl">
<gml:pos>33.564326972 130.443873667</gml:pos>
</gml:Point>
</pos>
<type>標高点（測点）</type>
<alti>10</alti>
</ElevPt>
<ElevPt gml:id="K2_4696212060_1">
<fid>46962-12060-i-1334</fid>
<lfSpanFr gml:id="K2_4696212060_1-1">
<gml:timePosition>2020-10-29</gml:timePosition>
</lfSpanFr>
<devDate gml:id="K2_4696212060_1-2">
<gml:timePosition>2021-07-01</gml:timePosition>
</devDate>
<orgGILvl>25000</orgGILvl>
<vis>表示</vis>
<pos>
<gml:Point gml:id="K2_4696212060_1-g" srsName="fguuid:jgd2011.bl">
<gml:pos>33.505083800 130.458059425</gml:pos>
</gml:Point>
</pos>
<type>標高点（測点）</type>
<alti>85</alti>
</ElevPt>
<ElevPt gml:id="K2_4696212063_1">
<fid>46962-12063-i-1738</fid>
<lfSpanFr gml:id="K2_4696212063_1-1">
<gml:timePosition>2020-10-29</gml:timePosition>
</lfSpanFr>
<devDate gml:id="K2_4696212063_1-2">
<gml:timePosition>2021-07-01</gml:timePosition>
</devDate>
<orgGILvl>25000</orgGILvl>
<vis>表示</vis>
<pos>
<gml:Point gml:id="K2_4696212063_1-g" srsName="fguuid:jgd2011.bl">
<gml:pos>33.510363333 130.453321667</gml:pos>
</gml:Point>
</pos>
<type>標高点（測点）</type>
<alti>68</alti>
</ElevPt>
<ElevPt gml:id="K2_4696212066_1">
<fid>46962-12066-i-1535</fid>
<lfSpanFr gml:id="K2_4696212066_1-1">
<gml:timePosition>2020-10-29</gml:timePosition>
</lfSpanFr>
<devDate gml:id="K2_4696212066_1-2">
<gml:timePosition>2021-07-01</gml:timePosition>
</devDate>
<orgGILvl>25000</orgGILvl>
<vis>表示</vis>
<pos>
<gml:Point gml:id="K2_4696212066_1-g" srsName="fguuid:jgd2011.bl">
<gml:pos>33.517744444 130.458053611</gml:pos>
</gml:Point>
</pos>
<type>標高点（測点）</type>
<alti>52</alti>
</ElevPt>
<ElevPt gml:id="K2_4696212075_1">
<fid>46962-12075-i-1818</fid>
<lfSpanFr gml:id="K2_4696212075_1-1">
<gml:timePosition>2020-10-29</gml:timePosition>
</lfSpanFr>
<devDate gml:id="K2_4696212075_1-2">
<gml:timePosition>2021-07-01</gml:timePosition>
</devDate>
<orgGILvl>25000</orgGILvl>
<pos>
<gml:Point gml:id="K2_4696212075_1-g" srsName="fguuid:jgd2011.bl">
<gml:pos>33.548350730 130.455642280</gml:pos>
</gml:Point>
</pos>
<type>標高点（測点）</type>
<alti>17</alti>
</ElevPt>
<ElevPt gml:id="K2_4696212081_1">
<fid>46962-12081-i-1756</fid>
<lfSpanFr gml:id="K2_4696212081_1-1">
<gml:timePosition>2020-10-29</gml:timePosition>
</lfSpanFr>
<devDate gml:id="K2_4696212081_1-2">
<gml:timePosition>2021-07-01</gml:timePosition>
</devDate>
<orgGILvl>25000</orgGILvl>
<vis>表示</vis>
<pos>
<gml:Point gml:id="K2_4696212081_1-g" srsName="fguuid:jgd2011.bl">
<gml:pos>33.561284639 130.452788972</gml:pos>
</gml:Point>
</pos>
<type>標高点（測点）</type>
<alti>12</alti>
</ElevPt>
<ElevPt gml:id="K2_4696212087_1">
<fid>46962-12087-i-595</fid>
<lfSpanFr gml:id="K2_4696212087_1-1">
<gml:timePosition>2020-10-29</gml:timePosition>
</lfSpanFr>
<devDate gml:id="K2_4696212087_1-2">
<gml:timePosition>2021-07-01</gml:timePosition>
</devDate>
<orgGILvl>25000</orgGILvl>
<vis>表示</vis>
<pos>
<gml:Point gml:id="K2_4696212087_1-g" srsName="fguuid:jgd2011.bl">
<gml:pos>33.575127222 130.458099444</gml:pos>
</gml:Point>
</pos>
<type>標高点（測点）</type>
<alti>9</alti>
</ElevPt>
<ElevPt gml:id="K2_4696212087_2">
<fid>46962-12087-i-596</fid>
<lfSpanFr gml:id="K2_4696212087_2-1">
<gml:timePosition>2020-10-29</gml:timePosition>
</lfSpanFr>
<devDate gml:id="K2_4696212087_2-2">
<gml:timePosition>2021-07-01</gml:timePosition>
</devDate>
<orgGILvl>25000</orgGILvl>
<vis>表示</vis>
<pos>
<gml:Point gml:id="K2_4696212087_2-g" srsName="fguuid:jgd2011.bl">
<gml:pos>33.583166639 130.456970083</gml:pos>
</gml:Point>
</pos>
<type>標高点（測点）</type>
<alti>9</alti>
</ElevPt>
<ElevPt gml:id="K2_4696512063_1">
<fid>46965-12063-i-1593</fid>
<lfSpanFr gml:id="K2_4696512063_1-1">
<gml:timePosition>2020-10-29</gml:timePosition>
</lfSpanFr>
<devDate gml:id="K2_4696512063_1-2">
<gml:timePosition>2021-07-01</gml:timePosition>
</devDate>
<orgGILvl>25000</orgGILvl>
<vis>表示</vis>
<pos>
<gml:Point gml:id="K2_4696512063_1-g" srsName="fguuid:jgd2011.bl">
<gml:pos>33.510538611 130.461874444</gml:pos>
</gml:Point>
</pos>
<type>標高点（測点）</type>
<alti>48</alti>
</ElevPt>
<ElevPt gml:id="K2_4696512066_1">
<fid>46965-12066-i-1312</fid>
<lfSpanFr gml:id="K2_4696512066_1-1">
<gml:timePosition>2020-10-29</gml:timePosition>
</lfSpanFr>
<devDate gml:id="K2_4696512066_1-2">
<gml:timePosition>2021-07-01</gml:timePosition>
</devDate>
<orgGILvl>25000</orgGILvl>
<vis>表示</vis>
<pos>
<gml:Point gml:id="K2_4696512066_1-g" srsName="fguuid:jgd2011.bl">
<gml:pos>33.517604444 130.464658889</gml:pos>
</gml:Point>
</pos>
<type>標高点（測点）</type>
<alti>51</alti>
</ElevPt>
<ElevPt gml:id="K2_4696512072_1">
<fid>46965-12072-i-1349</fid>
<lfSpanFr gml:id="K2_4696512072_1-1">
<gml:timePosition>2020-10-29</gml:timePosition>
</lfSpanFr>
<devDate gml:id="K2_4696512072_1-2">
<gml:timePosition>2021-07-01</gml:timePosition>
</devDate>
<orgGILvl>25000</orgGILvl>
<vis>表示</vis>
<pos>
<gml:Point gml:id="K2_4696512072_1-g" srsName="fguuid:jgd2011.bl">
<gml:pos>33.539522333 130.464353500</gml:pos>
</gml:Point>
</pos>
<type>標高点（測点）</type>
<alti>29</alti>
</ElevPt>
<ElevPt gml:id="K2_4696512075_1">
<fid>46965-12075-i-2119</fid>
<lfSpanFr gml:id="K2_4696512075_1-1">
<gml:timePosition>2020-10-29</gml:timePosition>
</lfSpanFr>
<devDate gml:id="K2_4696512075_1-2">
<gml:timePosition>2021-07-01</gml:timePosition>
</devDate>
<orgGILvl>25000</orgGILvl>
<vis>表示</vis>
<pos>
<gml:Point gml:id="K2_4696512075_1-g" srsName="fguuid:jgd2011.bl">
<gml:pos>33.543259389 130.461819222</gml:pos>
</gml:Point>
</pos>
<type>標高点（測点）</type>
<alti>20</alti>
</ElevPt>
<ElevPt gml:id="K2_4696512084_1">
<fid>46965-12084-i-1658</fid>
<lfSpanFr gml:id="K2_4696512084_1-1">
<gml:timePosition>2020-10-29</gml:timePosition>
</lfSpanFr>
<devDate gml:id="K2_4696512084_1-2">
<gml:timePosition>2021-07-01</gml:timePosition>
</devDate>
<orgGILvl>25000</orgGILvl>
<vis>表示</vis>
<pos>
<gml:Point gml:id="K2_4696512084_1-g" srsName="fguuid:jgd2011.bl">
<gml:pos>33.567490601 130.458406473</gml:pos>
</gml:Point>
</pos>
<type>標高点（測点）</type>
<alti>15</alti>
</ElevPt>
<ElevPt gml:id="K2_4696512087_1">
<fid>46965-12087-i-871</fid>
<lfSpanFr gml:id="K2_4696512087_1-1">
<gml:timePosition>2020-10-29</gml:timePosition>
</lfSpanFr>
<devDate gml:id="K2_4696512087_1-2">
<gml:timePosition>2021-07-01</gml:timePosition>
</devDate>
<orgGILvl>25000</orgGILvl>
<vis>表示</vis>
<pos>
<gml:Point gml:id="K2_4696512087_1-g" srsName="fguuid:jgd2011.bl">
<gml:pos>33.583053056 130.463865833</gml:pos>
</gml:Point>
</pos>
<type>標高点（測点）</type>
<alti>88</alti>
</ElevPt>
<ElevPt gml:id="K2_4696812069_1">
<fid>46968-12069-i-1179</fid>
<lfSpanFr gml:id="K2_4696812069_1-1">
<gml:timePosition>2020-10-29</gml:timePosition>
</lfSpanFr>
<devDate gml:id="K2_4696812069_1-2">
<gml:timePosition>2021-07-01</gml:timePosition>
</devDate>
<orgGILvl>25000</orgGILvl>
<vis>表示</vis>
<pos>
<gml:Point gml:id="K2_4696812069_1-g" srsName="fguuid:jgd2011.bl">
<gml:pos>33.531440833 130.470575556</gml:pos>
</gml:Point>
</pos>
<type>標高点（測点）</type>
<alti>28</alti>
</ElevPt>
<ElevPt gml:id="K2_4696812075_1">
<fid>46968-12075-i-3141</fid>
<lfSpanFr gml:id="K2_4696812075_1-1">
<gml:timePosition>2020-10-29</gml:timePosition>
</lfSpanFr>
<devDate gml:id="K2_4696812075_1-2">
<gml:timePosition>2021-07-01</gml:timePosition>
</devDate>
<orgGILvl>25000</orgGILvl>
<vis>表示</vis>
<pos>
<gml:Point gml:id="K2_4696812075_1-g" srsName="fguuid:jgd2011.bl">
<gml:pos>33.546895333 130.469349111</gml:pos>
</gml:Point>
</pos>
<type>標高点（測点）</type>
<alti>16</alti>
</ElevPt>
<ElevPt gml:id="K2_4696812078_1">
<fid>46968-12078-i-2169</fid>
<lfSpanFr gml:id="K2_4696812078_1-1">
<gml:timePosition>2020-10-29</gml:timePosition>
</lfSpanFr>
<devDate gml:id="K2_4696812078_1-2">
<gml:timePosition>2021-07-01</gml:timePosition>
</devDate>
<orgGILvl>25000</orgGILvl>
<vis>表示</vis>
<pos>
<gml:Point gml:id="K2_4696812078_1-g" srsName="fguuid:jgd2011.bl">
<gml:pos>33.555333000 130.468067556</gml:pos>
</gml:Point>
</pos>
<type>標高点（測点）</type>
<alti>14</alti>
</ElevPt>
<ElevPt gml:id="K2_4696812081_1">
<fid>46968-12081-i-1517</fid>
<lfSpanFr gml:id="K2_4696812081_1-1">
<gml:timePosition>2020-10-29</gml:timePosition>
</lfSpanFr>
<devDate gml:id="K2_4696812081_1-2">
<gml:timePosition>2021-07-01</gml:timePosition>
</devDate>
<orgGILvl>25000</orgGILvl>
<vis>表示</vis>
<pos>
<gml:Point gml:id="K2_4696812081_1-g" srsName="fguuid:jgd2011.bl">
<gml:pos>33.565418333 130.469636111</gml:pos>
</gml:Point>
</pos>
<type>標高点（測点）</type>
<alti>39</alti>
</ElevPt>
<ElevPt gml:id="K2_4696812081_2">
<fid>46968-12081-i-1518</fid>
<lfSpanFr gml:id="K2_4696812081_2-1">
<gml:timePosition>2020-10-29</gml:timePosition>
</lfSpanFr>
<devDate gml:id="K2_4696812081_2-2">
<gml:timePosition>2021-07-01</gml:timePosition>
</devDate>
<orgGILvl>25000</orgGILvl>
<vis>表示</vis>
<pos>
<gml:Point gml:id="K2_4696812081_2-g" srsName="fguuid:jgd2011.bl">
<gml:pos>33.559581444 130.470914083</gml:pos>
</gml:Point>
</pos>
<type>標高点（測点）</type>
<alti>14</alti>
</ElevPt>
<ElevPt gml:id="K2_4696812084_1">
<fid>46968-12084-i-916</fid>
<lfSpanFr gml:id="K2_4696812084_1-1">
<gml:timePosition>2020-10-29</gml:timePosition>
</lfSpanFr>
<devDate gml:id="K2_4696812084_1-2">
<gml:timePosition>2021-07-01</gml:timePosition>
</devDate>
<orgGILvl>25000</orgGILvl>
<vis>表示</vis>
<pos>
<gml:Point gml:id="K2_4696812084_1-g" srsName="fguuid:jgd2011.bl">
<gml:pos>33.574913889 130.469221944</gml:pos>
</gml:Point>
</pos>
<type>標高点（測点）</type>
<alti>77</alti>
</ElevPt>
<ElevPt gml:id="K2_4696812087_1">
<fid>46968-12087-i-1347</fid>
<lfSpanFr gml:id="K2_4696812087_1-1">
<gml:timePosition>2020-10-29</gml:timePosition>
</lfSpanFr>
<devDate gml:id="K2_4696812087_1-2">
<gml:timePosition>2021-07-01</gml:timePosition>
</devDate>
<orgGILvl>25000</orgGILvl>
<vis>表示</vis>
<pos>
<gml:Point gml:id="K2_4696812087_1-g" srsName="fguuid:jgd2011.bl">
<gml:pos>33.579514765 130.471712912</gml:pos>
</gml:Point>
</pos>
<type>標高点（測点）</type>
<alti>26</alti>
</ElevPt>
<ElevPt gml:id="K2_4697112060_1">
<fid>46971-12060-i-5136</fid>
<lfSpanFr gml:id="K2_4697112060_1-1">
<gml:timePosition>2020-10-29</gml:timePosition>
</lfSpanFr>
<devDate gml:id="K2_4697112060_1-2">
<gml:timePosition>2021-07-01</gml:timePosition>
</devDate>
<orgGILvl>25000</orgGILvl>
<vis>表示</vis>
<pos>
<gml:Point gml:id="K2_4697112060_1-g" srsName="fguuid:jgd2011.bl">
<gml:pos>33.500828611 130.478867500</gml:pos>
</gml:Point>
</pos>
<type>標高点（測点）</type>
<alti>73</alti>
</ElevPt>
<ElevPt gml:id="K2_4697112066_1">
<fid>46971-12066-i-1782</fid>
<lfSpanFr gml:id="K2_4697112066_1-1">
<gml:timePosition>2020-10-29</gml:timePosition>
</lfSpanFr>
<devDate gml:id="K2_4697112066_1-2">
<gml:timePosition>2021-07-01</gml:timePosition>
</devDate>
<orgGILvl>25000</orgGILvl>
<vis>表示</vis>
<pos>
<gml:Point gml:id="K2_4697112066_1-g" srsName="fguuid:jgd2011.bl">
<gml:pos>33.523524556 130.476589222</gml:pos>
</gml:Point>
</pos>
<type>標高点（測点）</type>
<alti>31</alti>
</ElevPt>
<ElevPt gml:id="K2_4697112069_1">
<fid>46971-12069-i-2195</fid>
<lfSpanFr gml:id="K2_4697112069_1-1">
<gml:timePosition>2020-10-29</gml:timePosition>
</lfSpanFr>
<devDate gml:id="K2_4697112069_1-2">
<gml:timePosition>2021-07-01</gml:timePosition>
</devDate>
<orgGILvl>25000</orgGILvl>
<vis>表示</vis>
<pos>
<gml:Point gml:id="K2_4697112069_1-g" srsName="fguuid:jgd2011.bl">
<gml:pos>33.529675889 130.478019444</gml:pos>
</gml:Point>
</pos>
<type>標高点（測点）</type>
<alti>28</alti>
</ElevPt>
<ElevPt gml:id="K2_4697112072_1">
<fid>46971-12072-i-2108</fid>
<lfSpanFr gml:id="K2_4697112072_1-1">
<gml:timePosition>2020-10-29</gml:timePosition>
</lfSpanFr>
<devDate gml:id="K2_4697112072_1-2">
<gml:timePosition>2021-07-01</gml:timePosition>
</devDate>
<orgGILvl>25000</orgGILvl>
<vis>表示</vis>
<pos>
<gml:Point gml:id="K2_4697112072_1-g" srsName="fguuid:jgd2011.bl">
<gml:pos>33.541343806 130.480627472</gml:pos>
</gml:Point>
</pos>
<type>標高点（測点）</type>
<alti>20</alti>
</ElevPt>
<ElevPt gml:id="K2_4697112078_1">
<fid>46971-12078-i-1825</fid>
<lfSpanFr gml:id="K2_4697112078_1-1">
<gml:timePosition>2020-10-29</gml:timePosition>
</lfSpanFr>
<devDate gml:id="K2_4697112078_1-2">
<gml:timePosition>2021-07-01</gml:timePosition>
</devDate>
<orgGILvl>25000</orgGILvl>
<vis>表示</vis>
<pos>
<gml:Point gml:id="K2_4697112078_1-g" srsName="fguuid:jgd2011.bl">
<gml:pos>33.554900000 130.479461111</gml:pos>
</gml:Point>
</pos>
<type>標高点（測点）</type>
<alti>49</alti>
</ElevPt>
<ElevPt gml:id="K2_4697412063_1">
<fid>46974-12063-i-2699</fid>
<lfSpanFr gml:id="K2_4697412063_1-1">
<gml:timePosition>2020-10-29</gml:timePosition>
</lfSpanFr>
<devDate gml:id="K2_4697412063_1-2">
<gml:timePosition>2021-07-01</gml:timePosition>
</devDate>
<orgGILvl>25000</orgGILvl>
<pos>
<gml:Point gml:id="K2_4697412063_1-g" srsName="fguuid:jgd2011.bl">
<gml:pos>33.513156773 130.486161533</gml:pos>
</gml:Point>
</pos>
<type>標高点（測点）</type>
<alti>42</alti>
</ElevPt>
<ElevPt gml:id="K2_4697412066_1">
<fid>46974-12066-i-3885</fid>
<lfSpanFr gml:id="K2_4697412066_1-1">
<gml:timePosition>2020-10-29</gml:timePosition>
</lfSpanFr>
<devDate gml:id="K2_4697412066_1-2">
<gml:timePosition>2021-07-01</gml:timePosition>
</devDate>
<orgGILvl>25000</orgGILvl>
<vis>表示</vis>
<pos>
<gml:Point gml:id="K2_4697412066_1-g" srsName="fguuid:jgd2011.bl">
<gml:pos>33.521967831 130.490326832</gml:pos>
</gml:Point>
</pos>
<type>標高点（測点）</type>
<alti>28</alti>
</ElevPt>
<ElevPt gml:id="K2_4697412072_1">
<fid>46974-12072-i-2735</fid>
<lfSpanFr gml:id="K2_4697412072_1-1">
<gml:timePosition>2020-10-29</gml:timePosition>
</lfSpanFr>
<devDate gml:id="K2_4697412072_1-2">
<gml:timePosition>2021-07-01</gml:timePosition>
</devDate>
<orgGILvl>25000</orgGILvl>
<vis>表示</vis>
<pos>
<gml:Point gml:id="K2_4697412072_1-g" srsName="fguuid:jgd2011.bl">
<gml:pos>33.534600056 130.490867083</gml:pos>
</gml:Point>
</pos>
<type>標高点（測点）</type>
<alti>26</alti>
</ElevPt>
<ElevPt gml:id="K2_4697412075_1">
<fid>46974-12075-i-3081</fid>
<lfSpanFr gml:id="K2_4697412075_1-1">
<gml:timePosition>2020-10-29</gml:timePosition>
</lfSpanFr>
<devDate gml:id="K2_4697412075_1-2">
<gml:timePosition>2021-07-01</gml:timePosition>
</devDate>
<orgGILvl>25000</orgGILvl>
<vis>表示</vis>
<pos>
<gml:Point gml:id="K2_4697412075_1-g" srsName="fguuid:jgd2011.bl">
<gml:pos>33.541725000 130.490022583</gml:pos>
</gml:Point>
</pos>
<type>標高点（測点）</type>
<alti>38</alti>
</ElevPt>
<ElevPt gml:id="K2_4697412081_1">
<fid>46974-12081-i-741</fid>
<lfSpanFr gml:id="K2_4697412081_1-1">
<gml:timePosition>2020-10-29</gml:timePosition>
</lfSpanFr>
<devDate gml:id="K2_4697412081_1-2">
<gml:timePosition>2021-07-01</gml:timePosition>
</devDate>
<orgGILvl>25000</orgGILvl>
<vis>表示</vis>
<pos>
<gml:Point gml:id="K2_4697412081_1-g" srsName="fguuid:jgd2011.bl">
<gml:pos>33.558465833 130.489150556</gml:pos>
</gml:Point>
</pos>
<type>標高点（測点）</type>
<alti>200</alti>
</ElevPt>
<ElevPt gml:id="K2_4697412081_2">
<fid>46974-12081-i-742</fid>
<lfSpanFr gml:id="K2_4697412081_2-1">
<gml:timePosition>2020-10-29</gml:timePosition>
</lfSpanFr>
<devDate gml:id="K2_4697412081_2-2">
<gml:timePosition>2021-07-01</gml:timePosition>
</devDate>
<orgGILvl>25000</orgGILvl>
<vis>表示</vis>
<pos>
<gml:Point gml:id="K2_4697412081_2-g" srsName="fguuid:jgd2011.bl">
<gml:pos>33.561986389 130.484164167</gml:pos>
</gml:Point>
</pos>
<type>標高点（測点）</type>
<alti>197</alti>
</ElevPt>
<ElevPt gml:id="K2_4697412084_1">
<fid>46974-12084-i-970</fid>
<lfSpanFr gml:id="K2_4697412084_1-1">
<gml:timePosition>2020-10-29</gml:timePosition>
</lfSpanFr>
<devDate gml:id="K2_4697412084_1-2">
<gml:timePosition>2021-07-01</gml:timePosition>
</devDate>
<orgGILvl>25000</orgGILvl>
<vis>表示</vis>
<pos>
<gml:Point gml:id="K2_4697412084_1-g" srsName="fguuid:jgd2011.bl">
<gml:pos>33.566770572 130.484866134</gml:pos>
</gml:Point>
</pos>
<type>標高点（測点）</type>
<alti>82</alti>
</ElevPt>
<ElevPt gml:id="K2_4697412084_2">
<fid>46974-12084-i-971</fid>
<lfSpanFr gml:id="K2_4697412084_2-1">
<gml:timePosition>2020-10-29</gml:timePosition>
</lfSpanFr>
<devDate gml:id="K2_4697412084_2-2">
<gml:timePosition>2021-07-01</gml:timePosition>
</devDate>
<orgGILvl>25000</orgGILvl>
<vis>表示</vis>
<pos>
<gml:Point gml:id="K2_4697412084_2-g" srsName="fguuid:jgd2011.bl">
<gml:pos>33.574693644 130.486905543</gml:pos>
</gml:Point>
</pos>
<type>標高点（測点）</type>
<alti>23</alti>
</ElevPt>
<ElevPt gml:id="K2_4697412087_1">
<fid>46974-12087-i-1098</fid>
<lfSpanFr gml:id="K2_4697412087_1-1">
<gml:timePosition>2020-10-29</gml:timePosition>
</lfSpanFr>
<devDate gml:id="K2_4697412087_1-2">
<gml:timePosition>2021-07-01</gml:timePosition>
</devDate>
<orgGILvl>25000</orgGILvl>
<vis>表示</vis>
<pos>
<gml:Point gml:id="K2_4697412087_1-g" srsName="fguuid:jgd2011.bl">
<gml:pos>33.579641797 130.487501282</gml:pos>
</gml:Point>
</pos>
<type>標高点（測点）</type>
<alti>18</alti>
</ElevPt>
<ElevPt gml:id="K2_4697712063_1">
<fid>46977-12063-i-1326</fid>
<lfSpanFr gml:id="K2_4697712063_1-1">
<gml:timePosition>2020-10-29</gml:timePosition>
</lfSpanFr>
<devDate gml:id="K2_4697712063_1-2">
<gml:timePosition>2021-07-01</gml:timePosition>
</devDate>
<orgGILvl>25000</orgGILvl>
<pos>
<gml:Point gml:id="K2_4697712063_1-g" srsName="fguuid:jgd2011.bl">
<gml:pos>33.514214290 130.499087133</gml:pos>
</gml:Point>
</pos>
<type>標高点（測点）</type>
<alti>26</alti>
</ElevPt>
<ElevPt gml:id="K2_4697712069_1">
<fid>46977-12069-i-2412</fid>
<lfSpanFr gml:id="K2_4697712069_1-1">
<gml:timePosition>2020-10-29</gml:timePosition>
</lfSpanFr>
<devDate gml:id="K2_4697712069_1-2">
<gml:timePosition>2021-07-01</gml:timePosition>
</devDate>
<orgGILvl>25000</orgGILvl>
<vis>表示</vis>
<pos>
<gml:Point gml:id="K2_4697712069_1-g" srsName="fguuid:jgd2011.bl">
<gml:pos>33.532307583 130.499675611</gml:pos>
</gml:Point>
</pos>
<type>標高点（測点）</type>
<alti>59</alti>
</ElevPt>
<ElevPt gml:id="K2_4697712075_1">
<fid>46977-12075-i-2160</fid>
<lfSpanFr gml:id="K2_4697712075_1-1">
<gml:timePosition>2020-10-29</gml:timePosition>
</lfSpanFr>
<devDate gml:id="K2_4697712075_1-2">
<gml:timePosition>2021-07-01</gml:timePosition>
</devDate>
<orgGILvl>25000</orgGILvl>
<vis>表示</vis>
<pos>
<gml:Point gml:id="K2_4697712075_1-g" srsName="fguuid:jgd2011.bl">
<gml:pos>33.548494535 130.495097447</gml:pos>
</gml:Point>
</pos>
<type>標高点（測点）</type>
<alti>58</alti>
</ElevPt>
<ElevPt gml:id="K2_4697712078_1">
<fid>46977-12078-i-2372</fid>
<lfSpanFr gml:id="K2_4697712078_1-1">
<gml:timePosition>2020-10-29</gml:timePosition>
</lfSpanFr>
<devDate gml:id="K2_4697712078_1-2">
<gml:timePosition>2021-07-01</gml:timePosition>
</devDate>
<orgGILvl>25000</orgGILvl>
<vis>表示</vis>
<pos>
<gml:Point gml:id="K2_4697712078_1-g" srsName="fguuid:jgd2011.bl">
<gml:pos>33.551939556 130.492336639</gml:pos>
</gml:Point>
</pos>
<type>標高点（測点）</type>
<alti>28</alti>
</ElevPt>
<ElevPt gml:id="K2_4697712081_1">
<fid>46977-12081-i-615</fid>
<lfSpanFr gml:id="K2_4697712081_1-1">
<gml:timePosition>2020-10-29</gml:timePosition>
</lfSpanFr>
<devDate gml:id="K2_4697712081_1-2">
<gml:timePosition>2021-07-01</gml:timePosition>
</devDate>
<orgGILvl>25000</orgGILvl>
<vis>非表示</vis>
<pos>
<gml:Point gml:id="K2_4697712081_1-g" srsName="fguuid:jgd2011.bl">
<gml:pos>33.560257222 130.496418889</gml:pos>
</gml:Point>
</pos>
<type>標高点（測点）</type>
<alti>236</alti>
</ElevPt>
<ElevPt gml:id="K2_4697712084_1">
<fid>46977-12084-i-710</fid>
<lfSpanFr gml:id="K2_4697712084_1-1">
<gml:timePosition>2020-10-29</gml:timePosition>
</lfSpanFr>
<devDate gml:id="K2_4697712084_1-2">
<gml:timePosition>2021-07-01</gml:timePosition>
</devDate>
<orgGILvl>25000</orgGILvl>
<vis>表示</vis>
<pos>
<gml:Point gml:id="K2_4697712084_1-g" srsName="fguuid:jgd2011.bl">
<gml:pos>33.567070750 130.495751639</gml:pos>
</gml:Point>
</pos>
<type>標高点（測点）</type>
<alti>77</alti>
</ElevPt>
<ElevPt gml:id="K2_4697712084_2">
<fid>46977-12084-i-711</fid>
<lfSpanFr gml:id="K2_4697712084_2-1">
<gml:timePosition>2020-10-29</gml:timePosition>
</lfSpanFr>
<devDate gml:id="K2_4697712084_2-2">
<gml:timePosition>2021-07-01</gml:timePosition>
</devDate>
<orgGILvl>25000</orgGILvl>
<vis>表示</vis>
<pos>
<gml:Point gml:id="K2_4697712084_2-g" srsName="fguuid:jgd2011.bl">
<gml:pos>33.567348000 130.499580667</gml:pos>
</gml:Point>
</pos>
<type>標高点（測点）</type>
<alti>29</alti>
</ElevPt>
<ElevPt gml:id="K2_4697712087_1">
<fid>46977-12087-i-2036</fid>
<lfSpanFr gml:id="K2_4697712087_1-1">
<gml:timePosition>2020-10-29</gml:timePosition>
</lfSpanFr>
<devDate gml:id="K2_4697712087_1-2">
<gml:timePosition>2021-07-01</gml:timePosition>
</devDate>
<orgGILvl>25000</orgGILvl>
<vis>表示</vis>
<pos>
<gml:Point gml:id="K2_4697712087_1-g" srsName="fguuid:jgd2011.bl">
<gml:pos>33.575780852 130.494964872</gml:pos>
</gml:Point>
</pos>
<type>標高点（測点）</type>
<alti>22</alti>
</ElevPt>
</Dataset>
