<?xml version="1.0" encoding="utf-8"?>
<Dataset xsi:schemaLocation="http://fgd.gsi.go.jp/spec/2008/FGD_GMLSchema FGD_GMLSchema.xsd"
	xmlns:gml="http://www.opengis.net/gml/3.2"
	xmlns:xsi="http://www.w3.org/2001/XMLSchema-instance"
	xmlns:xlink="http://www.w3.org/1999/xlink"
	xmlns="http://fgd.gsi.go.jp/spec/2008/FGD_GMLSchema"
	gml:id="Dataset1">
  <gml:description>基盤地図情報メタデータ ID=fmdid:21-0701</gml:description>
  <gml:name>基盤地図情報ダウンロードデータ（GML版）</gml:name>
<AdmPt gml:id="K6_4693512060_1">
<fid>46935-12060-i-198</fid>
<lfSpanFr gml:id="K6_4693512060_1-1">
<gml:timePosition>2021-04-02</gml:timePosition>
</lfSpanFr>
<devDate gml:id="K6_4693512060_1-2">
<gml:timePosition>2021-07-01</gml:timePosition>
</devDate>
<orgGILvl>25000</orgGILvl>
<vis>非表示</vis>
<pos>
<gml:Point gml:id="K6_4693512060_1-g" srsName="fguuid:jgd2011.bl">
<gml:pos>33.500420880 130.375438931</gml:pos>
</gml:Point>
</pos>
<type>町村・指定都市の区</type>
<name>福岡市早良区</name>
<admCode>40137</admCode>
</AdmPt>
<AdmPt gml:id="K6_4693512075_1">
<fid>46935-12075-i-5453</fid>
<lfSpanFr gml:id="K6_4693512075_1-1">
<gml:timePosition>2020-10-29</gml:timePosition>
</lfSpanFr>
<devDate gml:id="K6_4693512075_1-2">
<gml:timePosition>2021-07-01</gml:timePosition>
</devDate>
<orgGILvl>25000</orgGILvl>
<vis>非表示</vis>
<pos>
<gml:Point gml:id="K6_4693512075_1-g" srsName="fguuid:jgd2011.bl">
<gml:pos>33.546136093 130.382654481</gml:pos>
</gml:Point>
</pos>
<type>町村・指定都市の区</type>
<name>福岡市城南区</name>
<admCode>40136</admCode>
</AdmPt>
<AdmPt gml:id="K6_4693812084_1">
<fid>46938-12084-i-7115</fid>
<lfSpanFr gml:id="K6_4693812084_1-1">
<gml:timePosition>2020-10-29</gml:timePosition>
</lfSpanFr>
<devDate gml:id="K6_4693812084_1-2">
<gml:timePosition>2021-07-01</gml:timePosition>
</devDate>
<orgGILvl>25000</orgGILvl>
<vis>非表示</vis>
<pos>
<gml:Point gml:id="K6_4693812084_1-g" srsName="fguuid:jgd2011.bl">
<gml:pos>33.570682881 130.387766050</gml:pos>
</gml:Point>
</pos>
<type>町村・指定都市の区</type>
<name>福岡市中央区</name>
<admCode>40133</admCode>
</AdmPt>
<AdmPt gml:id="K6_4694712072_1">
<fid>46947-12072-i-1414</fid>
<lfSpanFr gml:id="K6_4694712072_1-1">
<gml:timePosition>2020-10-29</gml:timePosition>
</lfSpanFr>
<devDate gml:id="K6_4694712072_1-2">
<gml:timePosition>2021-07-01</gml:timePosition>
</devDate>
<orgGILvl>25000</orgGILvl>
<vis>非表示</vis>
<pos>
<gml:Point gml:id="K6_4694712072_1-g" srsName="fguuid:jgd2011.bl">
<gml:pos>33.541605599 130.415372301</gml:pos>
</gml:Point>
</pos>
<type>町村・指定都市の区</type>
<name>福岡市南区</name>
<admCode>40134</admCode>
</AdmPt>
<AdmPt gml:id="K6_4695012063_1">
<fid>46950-12063-i-1566</fid>
<lfSpanFr gml:id="K6_4695012063_1-1">
<gml:timePosition>2020-10-29</gml:timePosition>
</lfSpanFr>
<devDate gml:id="K6_4695012063_1-2">
<gml:timePosition>2021-07-01</gml:timePosition>
</devDate>
<orgGILvl>25000</orgGILvl>
<vis>非表示</vis>
<pos>
<gml:Point gml:id="K6_4695012063_1-g" srsName="fguuid:jgd2011.bl">
<gml:pos>33.515306151 130.421298281</gml:pos>
</gml:Point>
</pos>
<type>郡市・東京都の区</type>
<name>那珂川市</name>
<admCode>40231</admCode>
</AdmPt>
<AdmPt gml:id="K6_4696212066_1">
<fid>46962-12066-i-1794</fid>
<lfSpanFr gml:id="K6_4696212066_1-1">
<gml:timePosition>2020-10-29</gml:timePosition>
</lfSpanFr>
<devDate gml:id="K6_4696212066_1-2">
<gml:timePosition>2021-07-01</gml:timePosition>
</devDate>
<orgGILvl>25000</orgGILvl>
<vis>非表示</vis>
<pos>
<gml:Point gml:id="K6_4696212066_1-g" srsName="fguuid:jgd2011.bl">
<gml:pos>33.524909041 130.458054186</gml:pos>
</gml:Point>
</pos>
<type>郡市・東京都の区</type>
<name>春日市</name>
<admCode>40218</admCode>
</AdmPt>
<AdmPt gml:id="K6_4696212081_1">
<fid>46962-12081-i-1757</fid>
<lfSpanFr gml:id="K6_4696212081_1-1">
<gml:timePosition>2020-10-29</gml:timePosition>
</lfSpanFr>
<devDate gml:id="K6_4696212081_1-2">
<gml:timePosition>2021-07-01</gml:timePosition>
</devDate>
<orgGILvl>25000</orgGILvl>
<vis>非表示</vis>
<pos>
<gml:Point gml:id="K6_4696212081_1-g" srsName="fguuid:jgd2011.bl">
<gml:pos>33.559602472 130.453283540</gml:pos>
</gml:Point>
</pos>
<type>町村・指定都市の区</type>
<name>福岡市博多区</name>
<admCode>40132</admCode>
</AdmPt>
<AdmPt gml:id="K6_4696812069_1">
<fid>46968-12069-i-1182</fid>
<lfSpanFr gml:id="K6_4696812069_1-1">
<gml:timePosition>2020-10-29</gml:timePosition>
</lfSpanFr>
<devDate gml:id="K6_4696812069_1-2">
<gml:timePosition>2021-07-01</gml:timePosition>
</devDate>
<orgGILvl>2500</orgGILvl>
<vis>表示</vis>
<pos>
<gml:Point gml:id="K6_4696812069_1-g" srsName="fguuid:jgd2011.bl">
<gml:pos>33.532341540 130.470720152</gml:pos>
</gml:Point>
</pos>
<type>郡市・東京都の区</type>
<name>春日市</name>
<admCode>40218</admCode>
</AdmPt>
<AdmPt gml:id="K6_4697112072_1">
<fid>46971-12072-i-2115</fid>
<lfSpanFr gml:id="K6_4697112072_1-1">
<gml:timePosition>2020-10-29</gml:timePosition>
</lfSpanFr>
<devDate gml:id="K6_4697112072_1-2">
<gml:timePosition>2021-07-01</gml:timePosition>
</devDate>
<orgGILvl>2500</orgGILvl>
<vis>表示</vis>
<pos>
<gml:Point gml:id="K6_4697112072_1-g" srsName="fguuid:jgd2011.bl">
<gml:pos>33.536213504 130.478591496</gml:pos>
</gml:Point>
</pos>
<type>郡市・東京都の区</type>
<name>大野城市</name>
<admCode>40219</admCode>
</AdmPt>
<AdmPt gml:id="K6_4697412069_1">
<fid>46974-12069-i-4452</fid>
<lfSpanFr gml:id="K6_4697412069_1-1">
<gml:timePosition>2020-10-29</gml:timePosition>
</lfSpanFr>
<devDate gml:id="K6_4697412069_1-2">
<gml:timePosition>2021-07-01</gml:timePosition>
</devDate>
<orgGILvl>25000</orgGILvl>
<vis>非表示</vis>
<pos>
<gml:Point gml:id="K6_4697412069_1-g" srsName="fguuid:jgd2011.bl">
<gml:pos>33.532299560 130.484496829</gml:pos>
</gml:Point>
</pos>
<type>郡市・東京都の区</type>
<name>大野城市</name>
<admCode>40219</admCode>
</AdmPt>
<AdmPt gml:id="K6_4697412084_1">
<fid>46974-12084-i-1334</fid>
<lfSpanFr gml:id="K6_4697412084_1-1">
<gml:timePosition>2020-10-29</gml:timePosition>
</lfSpanFr>
<devDate gml:id="K6_4697412084_1-2">
<gml:timePosition>2021-07-01</gml:timePosition>
</devDate>
<orgGILvl>25000</orgGILvl>
<vis>非表示</vis>
<pos>
<gml:Point gml:id="K6_4697412084_1-g" srsName="fguuid:jgd2011.bl">
<gml:pos>33.571727754 130.484473232</gml:pos>
</gml:Point>
</pos>
<type>町村・指定都市の区</type>
<name>志免町</name>
<admCode>40343</admCode>
</AdmPt>
<AdmPt gml:id="K6_4697712060_1">
<fid>46977-12060-i-1256</fid>
<lfSpanFr gml:id="K6_4697712060_1-1">
<gml:timePosition>2020-10-29</gml:timePosition>
</lfSpanFr>
<devDate gml:id="K6_4697712060_1-2">
<gml:timePosition>2021-07-01</gml:timePosition>
</devDate>
<orgGILvl>25000</orgGILvl>
<vis>非表示</vis>
<pos>
<gml:Point gml:id="K6_4697712060_1-g" srsName="fguuid:jgd2011.bl">
<gml:pos>33.501768884 130.499733108</gml:pos>
</gml:Point>
</pos>
<type>郡市・東京都の区</type>
<name>筑紫野市</name>
<admCode>40217</admCode>
</AdmPt>
<AdmPt gml:id="K6_4697712060_2">
<fid>46977-12060-i-1257</fid>
<lfSpanFr gml:id="K6_4697712060_2-1">
<gml:timePosition>2020-10-29</gml:timePosition>
</lfSpanFr>
<devDate gml:id="K6_4697712060_2-2">
<gml:timePosition>2021-07-01</gml:timePosition>
</devDate>
<orgGILvl>25000</orgGILvl>
<vis>非表示</vis>
<pos>
<gml:Point gml:id="K6_4697712060_2-g" srsName="fguuid:jgd2011.bl">
<gml:pos>33.500369792 130.499407961</gml:pos>
</gml:Point>
</pos>
<type>郡市・東京都の区</type>
<name>筑紫野市</name>
<admCode>40217</admCode>
</AdmPt>
<AdmPt gml:id="K6_4697712063_1">
<fid>46977-12063-i-1369</fid>
<lfSpanFr gml:id="K6_4697712063_1-1">
<gml:timePosition>2020-10-29</gml:timePosition>
</lfSpanFr>
<devDate gml:id="K6_4697712063_1-2">
<gml:timePosition>2021-07-01</gml:timePosition>
</devDate>
<orgGILvl>25000</orgGILvl>
<vis>非表示</vis>
<pos>
<gml:Point gml:id="K6_4697712063_1-g" srsName="fguuid:jgd2011.bl">
<gml:pos>33.516665377 130.495406539</gml:pos>
</gml:Point>
</pos>
<type>郡市・東京都の区</type>
<name>太宰府市</name>
<admCode>40221</admCode>
</AdmPt>
<AdmPt gml:id="K6_4697712084_1">
<fid>46977-12084-i-976</fid>
<lfSpanFr gml:id="K6_4697712084_1-1">
<gml:timePosition>2020-10-29</gml:timePosition>
</lfSpanFr>
<devDate gml:id="K6_4697712084_1-2">
<gml:timePosition>2021-07-01</gml:timePosition>
</devDate>
<orgGILvl>25000</orgGILvl>
<vis>非表示</vis>
<pos>
<gml:Point gml:id="K6_4697712084_1-g" srsName="fguuid:jgd2011.bl">
<gml:pos>33.568360154 130.493596559</gml:pos>
</gml:Point>
</pos>
<type>町村・指定都市の区</type>
<name>宇美町</name>
<admCode>40341</admCode>
</AdmPt>
<AdmPt gml:id="K6_4697712087_1">
<fid>46977-12087-i-2485</fid>
<lfSpanFr gml:id="K6_4697712087_1-1">
<gml:timePosition>2020-10-29</gml:timePosition>
</lfSpanFr>
<devDate gml:id="K6_4697712087_1-2">
<gml:timePosition>2021-07-01</gml:timePosition>
</devDate>
<orgGILvl>25000</orgGILvl>
<vis>非表示</vis>
<pos>
<gml:Point gml:id="K6_4697712087_1-g" srsName="fguuid:jgd2011.bl">
<gml:pos>33.581898750 130.498630139</gml:pos>
</gml:Point>
</pos>
<type>町村・指定都市の区</type>
<name>須恵町</name>
<admCode>40344</admCode>
</AdmPt>
<AdmPt gml:id="K6_4697712087_2">
<fid>46977-12087-i-2486</fid>
<lfSpanFr gml:id="K6_4697712087_2-1">
<gml:timePosition>2020-10-29</gml:timePosition>
</lfSpanFr>
<devDate gml:id="K6_4697712087_2-2">
<gml:timePosition>2021-07-01</gml:timePosition>
</devDate>
<orgGILvl>25000</orgGILvl>
<vis>非表示</vis>
<pos>
<gml:Point gml:id="K6_4697712087_2-g" srsName="fguuid:jgd2011.bl">
<gml:pos>33.580673460 130.499683019</gml:pos>
</gml:Point>
</pos>
<type>町村・指定都市の区</type>
<name>宇美町</name>
<admCode>40341</admCode>
</AdmPt>
</Dataset>
