<?xml version="1.0" encoding="utf-8"?>
<Dataset xsi:schemaLocation="http://fgd.gsi.go.jp/spec/2008/FGD_GMLSchema FGD_GMLSchema.xsd"
	xmlns:gml="http://www.opengis.net/gml/3.2"
	xmlns:xsi="http://www.w3.org/2001/XMLSchema-instance"
	xmlns:xlink="http://www.w3.org/1999/xlink"
	xmlns="http://fgd.gsi.go.jp/spec/2008/FGD_GMLSchema"
	gml:id="Dataset1">
  <gml:description>基盤地図情報メタデータ ID=fmdid:20-1001</gml:description>
  <gml:name>基盤地図情報ダウンロードデータ（GML版）</gml:name>
<RailCL gml:id="K21_4743011829_1">
<fid>47430-11829-s-396</fid>
<lfSpanFr gml:id="K21_4743011829_1-1">
<gml:timePosition>2013-12-10</gml:timePosition>
</lfSpanFr>
<devDate gml:id="K21_4743011829_1-2">
<gml:timePosition>2020-09-08</gml:timePosition>
</devDate>
<orgGILvl>25000</orgGILvl>
<vis>表示</vis>
<loc>
<gml:Curve gml:id="K21_4743011829_1-g" srsName="fguuid:jgd2011.bl">
<gml:segments>
<gml:LineStringSegment>
<gml:posList>
32.864834028 131.750000000
32.864920000 131.750038889
32.865303056 131.750172222
32.865725556 131.750278889
32.866621111 131.750438889
32.866666667 131.750444167
</gml:posList>
</gml:LineStringSegment>
</gml:segments>
</gml:Curve>
</loc>
<type>普通鉄道</type>
</RailCL>
<RailCL gml:id="K21_4743011832_1">
<fid>47430-11832-s-533</fid>
<lfSpanFr gml:id="K21_4743011832_1-1">
<gml:timePosition>2013-12-10</gml:timePosition>
</lfSpanFr>
<devDate gml:id="K21_4743011832_1-2">
<gml:timePosition>2020-09-08</gml:timePosition>
</devDate>
<orgGILvl>25000</orgGILvl>
<vis>表示</vis>
<loc>
<gml:Curve gml:id="K21_4743011832_1-g" srsName="fguuid:jgd2011.bl">
<gml:segments>
<gml:LineStringSegment>
<gml:posList>
32.866666667 131.750444167
32.866908611 131.750472222
32.867714167 131.750598889
32.868035000 131.750672500
32.868846111 131.751126111
32.869640278 131.751526667
32.869944444 131.751620000
32.870215000 131.751660000
32.870755833 131.751599722
32.871701944 131.751506389
32.872158056 131.751526389
32.872377778 131.751566389
32.872828611 131.751666389
32.873166389 131.751800000
32.873487500 131.752013333
32.873859444 131.752353889
32.875000000 131.753528167
</gml:posList>
</gml:LineStringSegment>
</gml:segments>
</gml:Curve>
</loc>
<type>普通鉄道</type>
</RailCL>
<RailCL gml:id="K21_4743011835_1">
<fid>47430-11835-s-571</fid>
<lfSpanFr gml:id="K21_4743011835_1-1">
<gml:timePosition>2013-12-10</gml:timePosition>
</lfSpanFr>
<devDate gml:id="K21_4743011835_1-2">
<gml:timePosition>2020-09-08</gml:timePosition>
</devDate>
<orgGILvl>25000</orgGILvl>
<vis>表示</vis>
<loc>
<gml:Curve gml:id="K21_4743011835_1-g" srsName="fguuid:jgd2011.bl">
<gml:segments>
<gml:LineStringSegment>
<gml:posList>
32.875000000 131.753528167
32.875278611 131.753815000
32.875461667 131.754001389
</gml:posList>
</gml:LineStringSegment>
</gml:segments>
</gml:Curve>
</loc>
<type>普通鉄道</type>
</RailCL>
<RailCL gml:id="K21_4743011835_2">
<fid>47430-11835-s-572</fid>
<lfSpanFr gml:id="K21_4743011835_2-1">
<gml:timePosition>2013-12-10</gml:timePosition>
</lfSpanFr>
<devDate gml:id="K21_4743011835_2-2">
<gml:timePosition>2020-09-08</gml:timePosition>
</devDate>
<orgGILvl>25000</orgGILvl>
<vis>表示</vis>
<loc>
<gml:Curve gml:id="K21_4743011835_2-g" srsName="fguuid:jgd2011.bl">
<gml:segments>
<gml:LineStringSegment>
<gml:posList>
32.878393056 131.758122500
32.878457556 131.758333333
</gml:posList>
</gml:LineStringSegment>
</gml:segments>
</gml:Curve>
</loc>
<type>普通鉄道</type>
</RailCL>
<RailCL gml:id="K21_4743011835_3">
<fid>47430-11835-s-573</fid>
<lfSpanFr gml:id="K21_4743011835_3-1">
<gml:timePosition>2013-12-10</gml:timePosition>
</lfSpanFr>
<devDate gml:id="K21_4743011835_3-2">
<gml:timePosition>2020-09-08</gml:timePosition>
</devDate>
<orgGILvl>25000</orgGILvl>
<vis>表示</vis>
<loc>
<gml:Curve gml:id="K21_4743011835_3-g" srsName="fguuid:jgd2011.bl">
<gml:segments>
<gml:LineStringSegment>
<gml:posList>
32.875461667 131.754001389
32.875964444 131.754513056
</gml:posList>
</gml:LineStringSegment>
</gml:segments>
</gml:Curve>
</loc>
<type>普通鉄道</type>
</RailCL>
<RailCL gml:id="K21_4743011835_4">
<fid>47430-11835-s-574</fid>
<lfSpanFr gml:id="K21_4743011835_4-1">
<gml:timePosition>2013-12-10</gml:timePosition>
</lfSpanFr>
<devDate gml:id="K21_4743011835_4-2">
<gml:timePosition>2020-09-08</gml:timePosition>
</devDate>
<orgGILvl>25000</orgGILvl>
<vis>表示</vis>
<loc>
<gml:Curve gml:id="K21_4743011835_4-g" srsName="fguuid:jgd2011.bl">
<gml:segments>
<gml:LineStringSegment>
<gml:posList>
32.875964444 131.754513056
32.876360278 131.754915833
32.876732222 131.755336389
32.877171389 131.755870000
32.877509444 131.756376944
32.877813611 131.756817500
32.878151667 131.757404722
32.878268333 131.757713889
</gml:posList>
</gml:LineStringSegment>
</gml:segments>
</gml:Curve>
</loc>
<type>普通鉄道</type>
</RailCL>
<RailCL gml:id="K21_4743011835_5">
<fid>47430-11835-s-575</fid>
<lfSpanFr gml:id="K21_4743011835_5-1">
<gml:timePosition>2013-12-10</gml:timePosition>
</lfSpanFr>
<devDate gml:id="K21_4743011835_5-2">
<gml:timePosition>2020-09-08</gml:timePosition>
</devDate>
<orgGILvl>25000</orgGILvl>
<vis>表示</vis>
<loc>
<gml:Curve gml:id="K21_4743011835_5-g" srsName="fguuid:jgd2011.bl">
<gml:segments>
<gml:LineStringSegment>
<gml:posList>
32.878268333 131.757713889
32.878393056 131.758122500
</gml:posList>
</gml:LineStringSegment>
</gml:segments>
</gml:Curve>
</loc>
<type>普通鉄道</type>
</RailCL>
<RailCL gml:id="K21_4743311835_1">
<fid>47433-11835-s-554</fid>
<lfSpanFr gml:id="K21_4743311835_1-1">
<gml:timePosition>2013-12-10</gml:timePosition>
</lfSpanFr>
<devDate gml:id="K21_4743311835_1-2">
<gml:timePosition>2020-09-08</gml:timePosition>
</devDate>
<orgGILvl>25000</orgGILvl>
<vis>表示</vis>
<loc>
<gml:Curve gml:id="K21_4743311835_1-g" srsName="fguuid:jgd2011.bl">
<gml:segments>
<gml:LineStringSegment>
<gml:posList>
32.878457556 131.758333333
32.878557222 131.758659167
32.878827778 131.759473056
32.879002222 131.759853333
32.879216389 131.760200556
32.879537222 131.760620833
32.879993611 131.761034722
32.880382222 131.761321389
32.880872222 131.761508056
32.881294722 131.761621667
32.881480833 131.761641667
32.883333333 131.761805972
</gml:posList>
</gml:LineStringSegment>
</gml:segments>
</gml:Curve>
</loc>
<type>普通鉄道</type>
</RailCL>
<RailCL gml:id="K21_4743311838_1">
<fid>47433-11838-s-557</fid>
<lfSpanFr gml:id="K21_4743311838_1-1">
<gml:timePosition>2013-12-10</gml:timePosition>
</lfSpanFr>
<devDate gml:id="K21_4743311838_1-2">
<gml:timePosition>2020-09-08</gml:timePosition>
</devDate>
<orgGILvl>25000</orgGILvl>
<vis>非表示</vis>
<loc>
<gml:Curve gml:id="K21_4743311838_1-g" srsName="fguuid:jgd2011.bl">
<gml:segments>
<gml:LineStringSegment>
<gml:posList>
32.883717500 131.761834444
32.884212500 131.761868333
32.885243333 131.761981667
32.885691389 131.762113056
</gml:posList>
</gml:LineStringSegment>
</gml:segments>
</gml:Curve>
</loc>
<type>トンネル内の鉄道</type>
</RailCL>
<RailCL gml:id="K21_4743311838_2">
<fid>47433-11838-s-558</fid>
<lfSpanFr gml:id="K21_4743311838_2-1">
<gml:timePosition>2013-12-10</gml:timePosition>
</lfSpanFr>
<devDate gml:id="K21_4743311838_2-2">
<gml:timePosition>2020-09-08</gml:timePosition>
</devDate>
<orgGILvl>25000</orgGILvl>
<vis>表示</vis>
<loc>
<gml:Curve gml:id="K21_4743311838_2-g" srsName="fguuid:jgd2011.bl">
<gml:segments>
<gml:LineStringSegment>
<gml:posList>
32.885691389 131.762113056
32.885834722 131.762155000
32.886916389 131.762588889
32.888887778 131.763462778
32.889343889 131.763716389
32.889665000 131.763976667
32.890003056 131.764336944
32.890358056 131.764757222
32.891000000 131.765651111
32.891371944 131.766085000
32.891666667 131.766364222
</gml:posList>
</gml:LineStringSegment>
</gml:segments>
</gml:Curve>
</loc>
<type>普通鉄道</type>
</RailCL>
<RailCL gml:id="K21_4743311838_3">
<fid>47433-11838-s-559</fid>
<lfSpanFr gml:id="K21_4743311838_3-1">
<gml:timePosition>2013-12-10</gml:timePosition>
</lfSpanFr>
<devDate gml:id="K21_4743311838_3-2">
<gml:timePosition>2020-09-08</gml:timePosition>
</devDate>
<orgGILvl>25000</orgGILvl>
<vis>表示</vis>
<loc>
<gml:Curve gml:id="K21_4743311838_3-g" srsName="fguuid:jgd2011.bl">
<gml:segments>
<gml:LineStringSegment>
<gml:posList>
32.883333333 131.761805972
32.883435278 131.761815000
32.883717500 131.761834444
</gml:posList>
</gml:LineStringSegment>
</gml:segments>
</gml:Curve>
</loc>
<type>普通鉄道</type>
</RailCL>
<RailCL gml:id="K21_4743311841_1">
<fid>47433-11841-s-607</fid>
<lfSpanFr gml:id="K21_4743311841_1-1">
<gml:timePosition>2013-12-10</gml:timePosition>
</lfSpanFr>
<devDate gml:id="K21_4743311841_1-2">
<gml:timePosition>2020-09-08</gml:timePosition>
</devDate>
<orgGILvl>25000</orgGILvl>
<vis>表示</vis>
<loc>
<gml:Curve gml:id="K21_4743311841_1-g" srsName="fguuid:jgd2011.bl">
<gml:segments>
<gml:LineStringSegment>
<gml:posList>
32.891666667 131.766364222
32.891794444 131.766485278
32.892040528 131.766666667
</gml:posList>
</gml:LineStringSegment>
</gml:segments>
</gml:Curve>
</loc>
<type>普通鉄道</type>
</RailCL>
<RailCL gml:id="K21_4743611841_1">
<fid>47436-11841-s-818</fid>
<lfSpanFr gml:id="K21_4743611841_1-1">
<gml:timePosition>2013-12-10</gml:timePosition>
</lfSpanFr>
<devDate gml:id="K21_4743611841_1-2">
<gml:timePosition>2020-09-08</gml:timePosition>
</devDate>
<orgGILvl>25000</orgGILvl>
<vis>非表示</vis>
<loc>
<gml:Curve gml:id="K21_4743611841_1-g" srsName="fguuid:jgd2011.bl">
<gml:segments>
<gml:LineStringSegment>
<gml:posList>
32.894251944 131.769657222
32.894819167 131.770945000
</gml:posList>
</gml:LineStringSegment>
</gml:segments>
</gml:Curve>
</loc>
<type>トンネル内の鉄道</type>
</RailCL>
<RailCL gml:id="K21_4743611841_2">
<fid>47436-11841-s-819</fid>
<lfSpanFr gml:id="K21_4743611841_2-1">
<gml:timePosition>2013-12-10</gml:timePosition>
</lfSpanFr>
<devDate gml:id="K21_4743611841_2-2">
<gml:timePosition>2020-09-08</gml:timePosition>
</devDate>
<orgGILvl>25000</orgGILvl>
<vis>表示</vis>
<loc>
<gml:Curve gml:id="K21_4743611841_2-g" srsName="fguuid:jgd2011.bl">
<gml:segments>
<gml:LineStringSegment>
<gml:posList>
32.894819167 131.770945000
32.895016389 131.771636111
32.895100833 131.772143333
</gml:posList>
</gml:LineStringSegment>
</gml:segments>
</gml:Curve>
</loc>
<type>普通鉄道</type>
</RailCL>
<RailCL gml:id="K21_4743611841_3">
<fid>47436-11841-s-820</fid>
<lfSpanFr gml:id="K21_4743611841_3-1">
<gml:timePosition>2013-12-10</gml:timePosition>
</lfSpanFr>
<devDate gml:id="K21_4743611841_3-2">
<gml:timePosition>2020-09-08</gml:timePosition>
</devDate>
<orgGILvl>25000</orgGILvl>
<vis>表示</vis>
<loc>
<gml:Curve gml:id="K21_4743611841_3-g" srsName="fguuid:jgd2011.bl">
<gml:segments>
<gml:LineStringSegment>
<gml:posList>
32.892040528 131.766666667
32.892048056 131.766672222
32.892368611 131.766825556
32.892836389 131.767112500
32.892896583 131.767164194
</gml:posList>
</gml:LineStringSegment>
</gml:segments>
</gml:Curve>
</loc>
<type>普通鉄道</type>
</RailCL>
<RailCL gml:id="K21_4743611841_4">
<fid>47436-11841-s-821</fid>
<lfSpanFr gml:id="K21_4743611841_4-1">
<gml:timePosition>2013-12-10</gml:timePosition>
</lfSpanFr>
<devDate gml:id="K21_4743611841_4-2">
<gml:timePosition>2020-09-08</gml:timePosition>
</devDate>
<orgGILvl>25000</orgGILvl>
<vis>表示</vis>
<loc>
<gml:Curve gml:id="K21_4743611841_4-g" srsName="fguuid:jgd2011.bl">
<gml:segments>
<gml:LineStringSegment>
<gml:posList>
32.895100833 131.772582500
32.895100833 131.772677222
32.894965556 131.773304444
32.894661389 131.774331667
32.894576944 131.774772222
32.894560000 131.774992500
32.894560139 131.775000000
</gml:posList>
</gml:LineStringSegment>
</gml:segments>
</gml:Curve>
</loc>
<type>普通鉄道</type>
</RailCL>
<RailCL gml:id="K21_4743611841_5">
<fid>47436-11841-s-822</fid>
<lfSpanFr gml:id="K21_4743611841_5-1">
<gml:timePosition>2013-12-10</gml:timePosition>
</lfSpanFr>
<devDate gml:id="K21_4743611841_5-2">
<gml:timePosition>2020-09-08</gml:timePosition>
</devDate>
<orgGILvl>25000</orgGILvl>
<vis>表示</vis>
<loc>
<gml:Curve gml:id="K21_4743611841_5-g" srsName="fguuid:jgd2011.bl">
<gml:segments>
<gml:LineStringSegment>
<gml:posList>
32.895100833 131.772143333
32.895100833 131.772582500
</gml:posList>
</gml:LineStringSegment>
</gml:segments>
</gml:Curve>
</loc>
<type>普通鉄道</type>
</RailCL>
<RailCL gml:id="K21_4743611841_6">
<fid>47436-11841-s-823</fid>
<lfSpanFr gml:id="K21_4743611841_6-1">
<gml:timePosition>2013-12-10</gml:timePosition>
</lfSpanFr>
<devDate gml:id="K21_4743611841_6-2">
<gml:timePosition>2020-09-08</gml:timePosition>
</devDate>
<orgGILvl>25000</orgGILvl>
<vis>表示</vis>
<loc>
<gml:Curve gml:id="K21_4743611841_6-g" srsName="fguuid:jgd2011.bl">
<gml:segments>
<gml:LineStringSegment>
<gml:posList>
32.892975917 131.767232333
32.893123611 131.767359167
32.893377222 131.767719722
32.893748889 131.768533611
32.894251944 131.769657222
</gml:posList>
</gml:LineStringSegment>
</gml:segments>
</gml:Curve>
</loc>
<type>普通鉄道</type>
</RailCL>
<RailCL gml:id="K21_4743611841_7">
<fid>47436-11841-s-824</fid>
<lfSpanFr gml:id="K21_4743611841_7-1">
<gml:timePosition>2013-12-10</gml:timePosition>
</lfSpanFr>
<devDate gml:id="K21_4743611841_7-2">
<gml:timePosition>2020-09-08</gml:timePosition>
</devDate>
<orgGILvl>25000</orgGILvl>
<vis>非表示</vis>
<loc>
<gml:Curve gml:id="K21_4743611841_7-g" srsName="fguuid:jgd2011.bl">
<gml:segments>
<gml:LineStringSegment>
<gml:posList>
32.892896583 131.767164194
32.892975917 131.767232333
</gml:posList>
</gml:LineStringSegment>
</gml:segments>
</gml:Curve>
</loc>
<type>普通鉄道</type>
</RailCL>
<RailCL gml:id="K21_4743911841_1">
<fid>47439-11841-s-913</fid>
<lfSpanFr gml:id="K21_4743911841_1-1">
<gml:timePosition>2013-12-10</gml:timePosition>
</lfSpanFr>
<devDate gml:id="K21_4743911841_1-2">
<gml:timePosition>2020-09-08</gml:timePosition>
</devDate>
<orgGILvl>25000</orgGILvl>
<vis>表示</vis>
<loc>
<gml:Curve gml:id="K21_4743911841_1-g" srsName="fguuid:jgd2011.bl">
<gml:segments>
<gml:LineStringSegment>
<gml:posList>
32.898918056 131.779744722
32.899032778 131.779850000
32.899303056 131.780190278
32.899640833 131.780703889
32.900000000 131.781271889
</gml:posList>
</gml:LineStringSegment>
</gml:segments>
</gml:Curve>
</loc>
<type>普通鉄道</type>
</RailCL>
<RailCL gml:id="K21_4743911841_2">
<fid>47439-11841-s-914</fid>
<lfSpanFr gml:id="K21_4743911841_2-1">
<gml:timePosition>2013-12-10</gml:timePosition>
</lfSpanFr>
<devDate gml:id="K21_4743911841_2-2">
<gml:timePosition>2020-09-08</gml:timePosition>
</devDate>
<orgGILvl>25000</orgGILvl>
<vis>表示</vis>
<loc>
<gml:Curve gml:id="K21_4743911841_2-g" srsName="fguuid:jgd2011.bl">
<gml:segments>
<gml:LineStringSegment>
<gml:posList>
32.898407222 131.779276111
32.898918056 131.779744722
</gml:posList>
</gml:LineStringSegment>
</gml:segments>
</gml:Curve>
</loc>
<type>普通鉄道</type>
</RailCL>
<RailCL gml:id="K21_4743911841_3">
<fid>47439-11841-s-915</fid>
<lfSpanFr gml:id="K21_4743911841_3-1">
<gml:timePosition>2013-12-10</gml:timePosition>
</lfSpanFr>
<devDate gml:id="K21_4743911841_3-2">
<gml:timePosition>2020-09-08</gml:timePosition>
</devDate>
<orgGILvl>25000</orgGILvl>
<vis>表示</vis>
<loc>
<gml:Curve gml:id="K21_4743911841_3-g" srsName="fguuid:jgd2011.bl">
<gml:segments>
<gml:LineStringSegment>
<gml:posList>
32.894560139 131.775000000
32.894571389 131.775613056
32.894700833 131.776106944
32.894875556 131.776640556
32.895123333 131.777154444
32.895450278 131.777568056
32.895475583 131.777587694
</gml:posList>
</gml:LineStringSegment>
</gml:segments>
</gml:Curve>
</loc>
<type>普通鉄道</type>
</RailCL>
<RailCL gml:id="K21_4743911841_4">
<fid>47439-11841-s-916</fid>
<lfSpanFr gml:id="K21_4743911841_4-1">
<gml:timePosition>2013-12-10</gml:timePosition>
</lfSpanFr>
<devDate gml:id="K21_4743911841_4-2">
<gml:timePosition>2020-09-08</gml:timePosition>
</devDate>
<orgGILvl>25000</orgGILvl>
<vis>表示</vis>
<loc>
<gml:Curve gml:id="K21_4743911841_4-g" srsName="fguuid:jgd2011.bl">
<gml:segments>
<gml:LineStringSegment>
<gml:posList>
32.895636056 131.777712222
32.895940278 131.777948333
32.896340278 131.778175278
32.897308889 131.778595556
32.897934167 131.778955556
32.898407222 131.779276111
</gml:posList>
</gml:LineStringSegment>
</gml:segments>
</gml:Curve>
</loc>
<type>普通鉄道</type>
</RailCL>
<RailCL gml:id="K21_4743911841_5">
<fid>47439-11841-s-917</fid>
<lfSpanFr gml:id="K21_4743911841_5-1">
<gml:timePosition>2013-12-10</gml:timePosition>
</lfSpanFr>
<devDate gml:id="K21_4743911841_5-2">
<gml:timePosition>2020-09-08</gml:timePosition>
</devDate>
<orgGILvl>25000</orgGILvl>
<vis>非表示</vis>
<loc>
<gml:Curve gml:id="K21_4743911841_5-g" srsName="fguuid:jgd2011.bl">
<gml:segments>
<gml:LineStringSegment>
<gml:posList>
32.895475583 131.777587694
32.895636056 131.777712222
</gml:posList>
</gml:LineStringSegment>
</gml:segments>
</gml:Curve>
</loc>
<type>普通鉄道</type>
</RailCL>
<RailCL gml:id="K21_4743911844_1">
<fid>47439-11844-s-429</fid>
<lfSpanFr gml:id="K21_4743911844_1-1">
<gml:timePosition>2013-12-10</gml:timePosition>
</lfSpanFr>
<devDate gml:id="K21_4743911844_1-2">
<gml:timePosition>2020-09-08</gml:timePosition>
</devDate>
<orgGILvl>25000</orgGILvl>
<vis>表示</vis>
<loc>
<gml:Curve gml:id="K21_4743911844_1-g" srsName="fguuid:jgd2011.bl">
<gml:segments>
<gml:LineStringSegment>
<gml:posList>
32.900000000 131.781271889
32.900045000 131.781343056
</gml:posList>
</gml:LineStringSegment>
</gml:segments>
</gml:Curve>
</loc>
<type>普通鉄道</type>
</RailCL>
<RailCL gml:id="K21_4743911844_2">
<fid>47439-11844-s-430</fid>
<lfSpanFr gml:id="K21_4743911844_2-1">
<gml:timePosition>2013-12-10</gml:timePosition>
</lfSpanFr>
<devDate gml:id="K21_4743911844_2-2">
<gml:timePosition>2020-09-08</gml:timePosition>
</devDate>
<orgGILvl>25000</orgGILvl>
<vis>表示</vis>
<loc>
<gml:Curve gml:id="K21_4743911844_2-g" srsName="fguuid:jgd2011.bl">
<gml:segments>
<gml:LineStringSegment>
<gml:posList>
32.900171667 131.781612500
32.900316667 131.781978333
32.900367500 131.782245278
32.900401389 131.782565556
32.900384444 131.783286111
32.900377889 131.783333333
</gml:posList>
</gml:LineStringSegment>
</gml:segments>
</gml:Curve>
</loc>
<type>普通鉄道</type>
</RailCL>
<RailCL gml:id="K21_4743911844_3">
<fid>47439-11844-s-431</fid>
<lfSpanFr gml:id="K21_4743911844_3-1">
<gml:timePosition>2013-12-10</gml:timePosition>
</lfSpanFr>
<devDate gml:id="K21_4743911844_3-2">
<gml:timePosition>2020-09-08</gml:timePosition>
</devDate>
<orgGILvl>25000</orgGILvl>
<vis>表示</vis>
<loc>
<gml:Curve gml:id="K21_4743911844_3-g" srsName="fguuid:jgd2011.bl">
<gml:segments>
<gml:LineStringSegment>
<gml:posList>
32.900045000 131.781343056
32.900171667 131.781612500
</gml:posList>
</gml:LineStringSegment>
</gml:segments>
</gml:Curve>
</loc>
<type>普通鉄道</type>
</RailCL>
<RailCL gml:id="K21_4744211841_1">
<fid>47442-11841-s-552</fid>
<lfSpanFr gml:id="K21_4744211841_1-1">
<gml:timePosition>2013-12-10</gml:timePosition>
</lfSpanFr>
<devDate gml:id="K21_4744211841_1-2">
<gml:timePosition>2020-09-08</gml:timePosition>
</devDate>
<orgGILvl>25000</orgGILvl>
<vis>表示</vis>
<loc>
<gml:Curve gml:id="K21_4744211841_1-g" srsName="fguuid:jgd2011.bl">
<gml:segments>
<gml:LineStringSegment>
<gml:posList>
32.900000000 131.785126694
32.899286111 131.787483333
32.899252944 131.787622611
</gml:posList>
</gml:LineStringSegment>
</gml:segments>
</gml:Curve>
</loc>
<type>普通鉄道</type>
</RailCL>
<RailCL gml:id="K21_4744211841_2">
<fid>47442-11841-s-553</fid>
<lfSpanFr gml:id="K21_4744211841_2-1">
<gml:timePosition>2013-12-10</gml:timePosition>
</lfSpanFr>
<devDate gml:id="K21_4744211841_2-2">
<gml:timePosition>2020-09-08</gml:timePosition>
</devDate>
<orgGILvl>25000</orgGILvl>
<vis>表示</vis>
<loc>
<gml:Curve gml:id="K21_4744211841_2-g" srsName="fguuid:jgd2011.bl">
<gml:segments>
<gml:LineStringSegment>
<gml:posList>
32.899150611 131.788052528
32.899100278 131.788263889
32.899100278 131.788530833
32.899134167 131.788664167
32.899269167 131.789605000
32.899353889 131.789945278
32.899522778 131.790232222
32.899860833 131.790592500
32.900000000 131.790703722
</gml:posList>
</gml:LineStringSegment>
</gml:segments>
</gml:Curve>
</loc>
<type>普通鉄道</type>
</RailCL>
<RailCL gml:id="K21_4744211841_3">
<fid>47442-11841-s-554</fid>
<lfSpanFr gml:id="K21_4744211841_3-1">
<gml:timePosition>2013-12-10</gml:timePosition>
</lfSpanFr>
<devDate gml:id="K21_4744211841_3-2">
<gml:timePosition>2020-09-08</gml:timePosition>
</devDate>
<orgGILvl>25000</orgGILvl>
<vis>非表示</vis>
<loc>
<gml:Curve gml:id="K21_4744211841_3-g" srsName="fguuid:jgd2011.bl">
<gml:segments>
<gml:LineStringSegment>
<gml:posList>
32.899252944 131.787622611
32.899150611 131.788052528
</gml:posList>
</gml:LineStringSegment>
</gml:segments>
</gml:Curve>
</loc>
<type>普通鉄道</type>
</RailCL>
<RailCL gml:id="K21_4744211844_1">
<fid>47442-11844-s-580</fid>
<lfSpanFr gml:id="K21_4744211844_1-1">
<gml:timePosition>2013-12-10</gml:timePosition>
</lfSpanFr>
<devDate gml:id="K21_4744211844_1-2">
<gml:timePosition>2020-09-08</gml:timePosition>
</devDate>
<orgGILvl>25000</orgGILvl>
<vis>表示</vis>
<loc>
<gml:Curve gml:id="K21_4744211844_1-g" srsName="fguuid:jgd2011.bl">
<gml:segments>
<gml:LineStringSegment>
<gml:posList>
32.900377889 131.783333333
32.900300000 131.783893333
32.900131111 131.784693889
32.900000000 131.785126694
</gml:posList>
</gml:LineStringSegment>
</gml:segments>
</gml:Curve>
</loc>
<type>普通鉄道</type>
</RailCL>
<RailCL gml:id="K21_4744211844_2">
<fid>47442-11844-s-581</fid>
<lfSpanFr gml:id="K21_4744211844_2-1">
<gml:timePosition>2013-12-10</gml:timePosition>
</lfSpanFr>
<devDate gml:id="K21_4744211844_2-2">
<gml:timePosition>2020-09-08</gml:timePosition>
</devDate>
<orgGILvl>25000</orgGILvl>
<vis>表示</vis>
<loc>
<gml:Curve gml:id="K21_4744211844_2-g" srsName="fguuid:jgd2011.bl">
<gml:segments>
<gml:LineStringSegment>
<gml:posList>
32.900000000 131.790703722
32.901061389 131.791551944
</gml:posList>
</gml:LineStringSegment>
</gml:segments>
</gml:Curve>
</loc>
<type>普通鉄道</type>
</RailCL>
<RailCL gml:id="K21_4744211844_3">
<fid>47442-11844-s-582</fid>
<lfSpanFr gml:id="K21_4744211844_3-1">
<gml:timePosition>2013-12-10</gml:timePosition>
</lfSpanFr>
<devDate gml:id="K21_4744211844_3-2">
<gml:timePosition>2020-09-08</gml:timePosition>
</devDate>
<orgGILvl>25000</orgGILvl>
<vis>表示</vis>
<loc>
<gml:Curve gml:id="K21_4744211844_3-g" srsName="fguuid:jgd2011.bl">
<gml:segments>
<gml:LineStringSegment>
<gml:posList>
32.901061389 131.791551944
32.901204694 131.791666667
</gml:posList>
</gml:LineStringSegment>
</gml:segments>
</gml:Curve>
</loc>
<type>普通鉄道</type>
</RailCL>
<RailCL gml:id="K21_4744511844_1">
<fid>47445-11844-s-2041</fid>
<lfSpanFr gml:id="K21_4744511844_1-1">
<gml:timePosition>2015-03-06</gml:timePosition>
</lfSpanFr>
<devDate gml:id="K21_4744511844_1-2">
<gml:timePosition>2020-09-08</gml:timePosition>
</devDate>
<orgGILvl>25000</orgGILvl>
<vis>表示</vis>
<loc>
<gml:Curve gml:id="K21_4744511844_1-g" srsName="fguuid:jgd2011.bl">
<gml:segments>
<gml:LineStringSegment>
<gml:posList>
32.906544722 131.797210000
32.906682222 131.797598333
32.906969444 131.798212222
32.907239722 131.798686111
32.907611667 131.799199722
32.907966389 131.799553333
32.908333333 131.799805222
</gml:posList>
</gml:LineStringSegment>
</gml:segments>
</gml:Curve>
</loc>
<type>普通鉄道</type>
</RailCL>
<RailCL gml:id="K21_4744511844_2">
<fid>47445-11844-s-2042</fid>
<lfSpanFr gml:id="K21_4744511844_2-1">
<gml:timePosition>2015-03-06</gml:timePosition>
</lfSpanFr>
<devDate gml:id="K21_4744511844_2-2">
<gml:timePosition>2020-09-08</gml:timePosition>
</devDate>
<orgGILvl>25000</orgGILvl>
<vis>表示</vis>
<loc>
<gml:Curve gml:id="K21_4744511844_2-g" srsName="fguuid:jgd2011.bl">
<gml:segments>
<gml:LineStringSegment>
<gml:posList>
32.902047222 131.792377778
32.902598333 131.792887778
32.903291111 131.793421389
32.903674167 131.793688333
32.904113611 131.793955278
32.904738611 131.794275278
32.904992222 131.794408889
32.905380833 131.794749167
32.905701944 131.795189722
32.905955556 131.795663333
32.906259722 131.796404167
32.906456944 131.796961944
</gml:posList>
</gml:LineStringSegment>
</gml:segments>
</gml:Curve>
</loc>
<type>普通鉄道</type>
</RailCL>
<RailCL gml:id="K21_4744511844_3">
<fid>47445-11844-s-2043</fid>
<lfSpanFr gml:id="K21_4744511844_3-1">
<gml:timePosition>2015-03-06</gml:timePosition>
</lfSpanFr>
<devDate gml:id="K21_4744511844_3-2">
<gml:timePosition>2020-09-08</gml:timePosition>
</devDate>
<orgGILvl>25000</orgGILvl>
<vis>表示</vis>
<loc>
<gml:Curve gml:id="K21_4744511844_3-g" srsName="fguuid:jgd2011.bl">
<gml:segments>
<gml:LineStringSegment>
<gml:posList>
32.906456944 131.796961944
32.906544722 131.797210000
</gml:posList>
</gml:LineStringSegment>
</gml:segments>
</gml:Curve>
</loc>
<type>普通鉄道</type>
</RailCL>
<RailCL gml:id="K21_4744511844_4">
<fid>47445-11844-s-2044</fid>
<lfSpanFr gml:id="K21_4744511844_4-1">
<gml:timePosition>2015-03-06</gml:timePosition>
</lfSpanFr>
<devDate gml:id="K21_4744511844_4-2">
<gml:timePosition>2020-09-08</gml:timePosition>
</devDate>
<orgGILvl>25000</orgGILvl>
<vis>表示</vis>
<loc>
<gml:Curve gml:id="K21_4744511844_4-g" srsName="fguuid:jgd2011.bl">
<gml:segments>
<gml:LineStringSegment>
<gml:posList>
32.901204694 131.791666667
32.901263333 131.791713611
32.902047222 131.792377778
</gml:posList>
</gml:LineStringSegment>
</gml:segments>
</gml:Curve>
</loc>
<type>普通鉄道</type>
</RailCL>
<RailCL gml:id="K21_4744511847_1">
<fid>47445-11847-s-2343</fid>
<lfSpanFr gml:id="K21_4744511847_1-1">
<gml:timePosition>2015-03-06</gml:timePosition>
</lfSpanFr>
<devDate gml:id="K21_4744511847_1-2">
<gml:timePosition>2020-09-08</gml:timePosition>
</devDate>
<orgGILvl>25000</orgGILvl>
<vis>表示</vis>
<loc>
<gml:Curve gml:id="K21_4744511847_1-g" srsName="fguuid:jgd2011.bl">
<gml:segments>
<gml:LineStringSegment>
<gml:posList>
32.908333333 131.799805222
32.908355278 131.799820278
32.908653083 131.800000000
</gml:posList>
</gml:LineStringSegment>
</gml:segments>
</gml:Curve>
</loc>
<type>普通鉄道</type>
</RailCL>
<RailCL gml:id="K21_4744811847_1">
<fid>47448-11847-s-1175</fid>
<lfSpanFr gml:id="K21_4744811847_1-1">
<gml:timePosition>2015-03-06</gml:timePosition>
</lfSpanFr>
<devDate gml:id="K21_4744811847_1-2">
<gml:timePosition>2020-09-08</gml:timePosition>
</devDate>
<orgGILvl>25000</orgGILvl>
<vis>非表示</vis>
<loc>
<gml:Curve gml:id="K21_4744811847_1-g" srsName="fguuid:jgd2011.bl">
<gml:segments>
<gml:LineStringSegment>
<gml:posList>
32.910412778 131.801073333
32.910647778 131.801174444
32.912016667 131.801668333
32.913097778 131.801915278
32.914181389 131.802042778
</gml:posList>
</gml:LineStringSegment>
</gml:segments>
</gml:Curve>
</loc>
<type>トンネル内の鉄道</type>
</RailCL>
<RailCL gml:id="K21_4744811847_2">
<fid>47448-11847-s-1176</fid>
<lfSpanFr gml:id="K21_4744811847_2-1">
<gml:timePosition>2015-03-06</gml:timePosition>
</lfSpanFr>
<devDate gml:id="K21_4744811847_2-2">
<gml:timePosition>2020-09-08</gml:timePosition>
</devDate>
<orgGILvl>25000</orgGILvl>
<vis>表示</vis>
<loc>
<gml:Curve gml:id="K21_4744811847_2-g" srsName="fguuid:jgd2011.bl">
<gml:segments>
<gml:LineStringSegment>
<gml:posList>
32.914181389 131.802042778
32.916666667 131.802180250
</gml:posList>
</gml:LineStringSegment>
</gml:segments>
</gml:Curve>
</loc>
<type>普通鉄道</type>
</RailCL>
<RailCL gml:id="K21_4744811847_3">
<fid>47448-11847-s-1177</fid>
<lfSpanFr gml:id="K21_4744811847_3-1">
<gml:timePosition>2015-03-06</gml:timePosition>
</lfSpanFr>
<devDate gml:id="K21_4744811847_3-2">
<gml:timePosition>2020-09-08</gml:timePosition>
</devDate>
<orgGILvl>25000</orgGILvl>
<vis>表示</vis>
<loc>
<gml:Curve gml:id="K21_4744811847_3-g" srsName="fguuid:jgd2011.bl">
<gml:segments>
<gml:LineStringSegment>
<gml:posList>
32.908653083 131.800000000
32.908737778 131.800051111
</gml:posList>
</gml:LineStringSegment>
</gml:segments>
</gml:Curve>
</loc>
<type>普通鉄道</type>
</RailCL>
<RailCL gml:id="K21_4744811847_4">
<fid>47448-11847-s-1178</fid>
<lfSpanFr gml:id="K21_4744811847_4-1">
<gml:timePosition>2015-03-06</gml:timePosition>
</lfSpanFr>
<devDate gml:id="K21_4744811847_4-2">
<gml:timePosition>2020-09-08</gml:timePosition>
</devDate>
<orgGILvl>25000</orgGILvl>
<vis>表示</vis>
<loc>
<gml:Curve gml:id="K21_4744811847_4-g" srsName="fguuid:jgd2011.bl">
<gml:segments>
<gml:LineStringSegment>
<gml:posList>
32.909043056 131.800253333
32.909937778 131.800814444
32.910412778 131.801073333
</gml:posList>
</gml:LineStringSegment>
</gml:segments>
</gml:Curve>
</loc>
<type>普通鉄道</type>
</RailCL>
<RailCL gml:id="K21_4744811847_5">
<fid>47448-11847-s-1179</fid>
<lfSpanFr gml:id="K21_4744811847_5-1">
<gml:timePosition>2015-03-06</gml:timePosition>
</lfSpanFr>
<devDate gml:id="K21_4744811847_5-2">
<gml:timePosition>2020-09-08</gml:timePosition>
</devDate>
<orgGILvl>25000</orgGILvl>
<vis>表示</vis>
<loc>
<gml:Curve gml:id="K21_4744811847_5-g" srsName="fguuid:jgd2011.bl">
<gml:segments>
<gml:LineStringSegment>
<gml:posList>
32.908737778 131.800051111
32.909043056 131.800253333
</gml:posList>
</gml:LineStringSegment>
</gml:segments>
</gml:Curve>
</loc>
<type>普通鉄道</type>
</RailCL>
</Dataset>
