<?xml version="1.0" encoding="utf-8"?>
<Dataset xsi:schemaLocation="http://fgd.gsi.go.jp/spec/2008/FGD_GMLSchema FGD_GMLSchema.xsd"
	xmlns:gml="http://www.opengis.net/gml/3.2"
	xmlns:xsi="http://www.w3.org/2001/XMLSchema-instance"
	xmlns:xlink="http://www.w3.org/1999/xlink"
	xmlns="http://fgd.gsi.go.jp/spec/2008/FGD_GMLSchema"
	gml:id="Dataset1">
  <gml:description>基盤地図情報メタデータ ID=fmdid:20-1001</gml:description>
  <gml:name>基盤地図情報ダウンロードデータ（GML版）</gml:name>
<ElevPt gml:id="K2_4743011820_1">
<fid>47430-11820-i-8</fid>
<lfSpanFr gml:id="K2_4743011820_1-1">
<gml:timePosition>2013-12-10</gml:timePosition>
</lfSpanFr>
<devDate gml:id="K2_4743011820_1-2">
<gml:timePosition>2020-09-08</gml:timePosition>
</devDate>
<orgGILvl>25000</orgGILvl>
<vis>表示</vis>
<pos>
<gml:Point gml:id="K2_4743011820_1-g" srsName="fguuid:jgd2011.bl">
<gml:pos>32.835377222 131.756372778</gml:pos>
</gml:Point>
</pos>
<type>標高点（測点）</type>
<alti>499</alti>
</ElevPt>
<ElevPt gml:id="K2_4743011823_1">
<fid>47430-11823-i-34</fid>
<lfSpanFr gml:id="K2_4743011823_1-1">
<gml:timePosition>2013-12-10</gml:timePosition>
</lfSpanFr>
<devDate gml:id="K2_4743011823_1-2">
<gml:timePosition>2020-09-08</gml:timePosition>
</devDate>
<orgGILvl>25000</orgGILvl>
<vis>表示</vis>
<pos>
<gml:Point gml:id="K2_4743011823_1-g" srsName="fguuid:jgd2011.bl">
<gml:pos>32.842288056 131.751790833</gml:pos>
</gml:Point>
</pos>
<type>標高点（測点）</type>
<alti>419</alti>
</ElevPt>
<ElevPt gml:id="K2_4743011838_1">
<fid>47430-11838-i-6</fid>
<lfSpanFr gml:id="K2_4743011838_1-1">
<gml:timePosition>2013-12-10</gml:timePosition>
</lfSpanFr>
<devDate gml:id="K2_4743011838_1-2">
<gml:timePosition>2020-09-08</gml:timePosition>
</devDate>
<orgGILvl>25000</orgGILvl>
<vis>表示</vis>
<pos>
<gml:Point gml:id="K2_4743011838_1-g" srsName="fguuid:jgd2011.bl">
<gml:pos>32.890275833 131.757584444</gml:pos>
</gml:Point>
</pos>
<type>標高点（測点）</type>
<alti>194</alti>
</ElevPt>
<ElevPt gml:id="K2_4743011841_1">
<fid>47430-11841-i-2</fid>
<lfSpanFr gml:id="K2_4743011841_1-1">
<gml:timePosition>2013-12-10</gml:timePosition>
</lfSpanFr>
<devDate gml:id="K2_4743011841_1-2">
<gml:timePosition>2020-09-08</gml:timePosition>
</devDate>
<orgGILvl>25000</orgGILvl>
<vis>表示</vis>
<pos>
<gml:Point gml:id="K2_4743011841_1-g" srsName="fguuid:jgd2011.bl">
<gml:pos>32.898911389 131.752076944</gml:pos>
</gml:Point>
</pos>
<type>標高点（測点）</type>
<alti>320</alti>
</ElevPt>
<ElevPt gml:id="K2_4743011841_2">
<fid>47430-11841-i-3</fid>
<lfSpanFr gml:id="K2_4743011841_2-1">
<gml:timePosition>2013-12-10</gml:timePosition>
</lfSpanFr>
<devDate gml:id="K2_4743011841_2-2">
<gml:timePosition>2020-09-08</gml:timePosition>
</devDate>
<orgGILvl>25000</orgGILvl>
<vis>表示</vis>
<pos>
<gml:Point gml:id="K2_4743011841_2-g" srsName="fguuid:jgd2011.bl">
<gml:pos>32.893415278 131.751663333</gml:pos>
</gml:Point>
</pos>
<type>標高点（測点）</type>
<alti>164</alti>
</ElevPt>
<ElevPt gml:id="K2_4743011844_1">
<fid>47430-11844-i-2</fid>
<lfSpanFr gml:id="K2_4743011844_1-1">
<gml:timePosition>2013-12-10</gml:timePosition>
</lfSpanFr>
<devDate gml:id="K2_4743011844_1-2">
<gml:timePosition>2020-09-08</gml:timePosition>
</devDate>
<orgGILvl>25000</orgGILvl>
<vis>表示</vis>
<pos>
<gml:Point gml:id="K2_4743011844_1-g" srsName="fguuid:jgd2011.bl">
<gml:pos>32.904240556 131.755305000</gml:pos>
</gml:Point>
</pos>
<type>標高点（測点）</type>
<alti>318</alti>
</ElevPt>
<ElevPt gml:id="K2_4743011847_1">
<fid>47430-11847-i-4</fid>
<lfSpanFr gml:id="K2_4743011847_1-1">
<gml:timePosition>2013-12-10</gml:timePosition>
</lfSpanFr>
<devDate gml:id="K2_4743011847_1-2">
<gml:timePosition>2020-09-08</gml:timePosition>
</devDate>
<orgGILvl>25000</orgGILvl>
<vis>表示</vis>
<pos>
<gml:Point gml:id="K2_4743011847_1-g" srsName="fguuid:jgd2011.bl">
<gml:pos>32.909773611 131.751399722</gml:pos>
</gml:Point>
</pos>
<type>標高点（測点）</type>
<alti>294</alti>
</ElevPt>
<ElevPt gml:id="K2_4743011847_2">
<fid>47430-11847-i-5</fid>
<lfSpanFr gml:id="K2_4743011847_2-1">
<gml:timePosition>2013-12-10</gml:timePosition>
</lfSpanFr>
<devDate gml:id="K2_4743011847_2-2">
<gml:timePosition>2020-09-08</gml:timePosition>
</devDate>
<orgGILvl>25000</orgGILvl>
<vis>表示</vis>
<pos>
<gml:Point gml:id="K2_4743011847_2-g" srsName="fguuid:jgd2011.bl">
<gml:pos>32.909522500 131.758124722</gml:pos>
</gml:Point>
</pos>
<type>標高点（測点）</type>
<alti>232</alti>
</ElevPt>
<ElevPt gml:id="K2_4743311826_1">
<fid>47433-11826-i-5</fid>
<lfSpanFr gml:id="K2_4743311826_1-1">
<gml:timePosition>2013-12-10</gml:timePosition>
</lfSpanFr>
<devDate gml:id="K2_4743311826_1-2">
<gml:timePosition>2020-09-08</gml:timePosition>
</devDate>
<orgGILvl>25000</orgGILvl>
<vis>表示</vis>
<pos>
<gml:Point gml:id="K2_4743311826_1-g" srsName="fguuid:jgd2011.bl">
<gml:pos>32.855319722 131.759401667</gml:pos>
</gml:Point>
</pos>
<type>標高点（測点）</type>
<alti>316</alti>
</ElevPt>
<ElevPt gml:id="K2_4743311841_1">
<fid>47433-11841-i-28</fid>
<lfSpanFr gml:id="K2_4743311841_1-1">
<gml:timePosition>2013-12-10</gml:timePosition>
</lfSpanFr>
<devDate gml:id="K2_4743311841_1-2">
<gml:timePosition>2020-09-08</gml:timePosition>
</devDate>
<orgGILvl>25000</orgGILvl>
<vis>表示</vis>
<pos>
<gml:Point gml:id="K2_4743311841_1-g" srsName="fguuid:jgd2011.bl">
<gml:pos>32.893410833 131.765299444</gml:pos>
</gml:Point>
</pos>
<type>標高点（測点）</type>
<alti>135</alti>
</ElevPt>
<ElevPt gml:id="K2_4743311844_1">
<fid>47433-11844-i-1</fid>
<lfSpanFr gml:id="K2_4743311844_1-1">
<gml:timePosition>2013-12-10</gml:timePosition>
</lfSpanFr>
<devDate gml:id="K2_4743311844_1-2">
<gml:timePosition>2020-09-08</gml:timePosition>
</devDate>
<orgGILvl>25000</orgGILvl>
<vis>表示</vis>
<pos>
<gml:Point gml:id="K2_4743311844_1-g" srsName="fguuid:jgd2011.bl">
<gml:pos>32.904488611 131.763274722</gml:pos>
</gml:Point>
</pos>
<type>標高点（測点）</type>
<alti>289</alti>
</ElevPt>
<ElevPt gml:id="K2_4743611826_1">
<fid>47436-11826-i-4</fid>
<lfSpanFr gml:id="K2_4743611826_1-1">
<gml:timePosition>2013-12-10</gml:timePosition>
</lfSpanFr>
<devDate gml:id="K2_4743611826_1-2">
<gml:timePosition>2020-09-08</gml:timePosition>
</devDate>
<orgGILvl>25000</orgGILvl>
<vis>表示</vis>
<pos>
<gml:Point gml:id="K2_4743611826_1-g" srsName="fguuid:jgd2011.bl">
<gml:pos>32.854557500 131.773624444</gml:pos>
</gml:Point>
</pos>
<type>標高点（測点）</type>
<alti>313</alti>
</ElevPt>
<ElevPt gml:id="K2_4743611832_1">
<fid>47436-11832-i-1</fid>
<lfSpanFr gml:id="K2_4743611832_1-1">
<gml:timePosition>2013-12-10</gml:timePosition>
</lfSpanFr>
<devDate gml:id="K2_4743611832_1-2">
<gml:timePosition>2020-09-08</gml:timePosition>
</devDate>
<orgGILvl>25000</orgGILvl>
<vis>表示</vis>
<pos>
<gml:Point gml:id="K2_4743611832_1-g" srsName="fguuid:jgd2011.bl">
<gml:pos>32.868116389 131.767613611</gml:pos>
</gml:Point>
</pos>
<type>標高点（測点）</type>
<alti>209</alti>
</ElevPt>
<ElevPt gml:id="K2_4743611835_1">
<fid>47436-11835-i-5</fid>
<lfSpanFr gml:id="K2_4743611835_1-1">
<gml:timePosition>2013-12-10</gml:timePosition>
</lfSpanFr>
<devDate gml:id="K2_4743611835_1-2">
<gml:timePosition>2020-09-08</gml:timePosition>
</devDate>
<orgGILvl>25000</orgGILvl>
<vis>表示</vis>
<pos>
<gml:Point gml:id="K2_4743611835_1-g" srsName="fguuid:jgd2011.bl">
<gml:pos>32.882818056 131.768197778</gml:pos>
</gml:Point>
</pos>
<type>標高点（測点）</type>
<alti>178</alti>
</ElevPt>
<ElevPt gml:id="K2_4743611835_2">
<fid>47436-11835-i-6</fid>
<lfSpanFr gml:id="K2_4743611835_2-1">
<gml:timePosition>2013-12-10</gml:timePosition>
</lfSpanFr>
<devDate gml:id="K2_4743611835_2-2">
<gml:timePosition>2020-09-08</gml:timePosition>
</devDate>
<orgGILvl>25000</orgGILvl>
<vis>表示</vis>
<pos>
<gml:Point gml:id="K2_4743611835_2-g" srsName="fguuid:jgd2011.bl">
<gml:pos>32.879939167 131.773333889</gml:pos>
</gml:Point>
</pos>
<type>標高点（測点）</type>
<alti>206</alti>
</ElevPt>
<ElevPt gml:id="K2_4743611847_1">
<fid>47436-11847-i-4</fid>
<lfSpanFr gml:id="K2_4743611847_1-1">
<gml:timePosition>2013-12-10</gml:timePosition>
</lfSpanFr>
<devDate gml:id="K2_4743611847_1-2">
<gml:timePosition>2020-09-08</gml:timePosition>
</devDate>
<orgGILvl>25000</orgGILvl>
<vis>表示</vis>
<pos>
<gml:Point gml:id="K2_4743611847_1-g" srsName="fguuid:jgd2011.bl">
<gml:pos>32.915570278 131.774703889</gml:pos>
</gml:Point>
</pos>
<type>標高点（測点）</type>
<alti>336</alti>
</ElevPt>
<ElevPt gml:id="K2_4743911820_1">
<fid>47439-11820-i-8</fid>
<lfSpanFr gml:id="K2_4743911820_1-1">
<gml:timePosition>2013-12-10</gml:timePosition>
</lfSpanFr>
<devDate gml:id="K2_4743911820_1-2">
<gml:timePosition>2020-09-08</gml:timePosition>
</devDate>
<orgGILvl>25000</orgGILvl>
<vis>表示</vis>
<pos>
<gml:Point gml:id="K2_4743911820_1-g" srsName="fguuid:jgd2011.bl">
<gml:pos>32.835886389 131.775943333</gml:pos>
</gml:Point>
</pos>
<type>標高点（測点）</type>
<alti>538</alti>
</ElevPt>
<ElevPt gml:id="K2_4743911823_1">
<fid>47439-11823-i-1</fid>
<lfSpanFr gml:id="K2_4743911823_1-1">
<gml:timePosition>2013-12-10</gml:timePosition>
</lfSpanFr>
<devDate gml:id="K2_4743911823_1-2">
<gml:timePosition>2020-09-08</gml:timePosition>
</devDate>
<orgGILvl>25000</orgGILvl>
<vis>表示</vis>
<pos>
<gml:Point gml:id="K2_4743911823_1-g" srsName="fguuid:jgd2011.bl">
<gml:pos>32.847662778 131.782201111</gml:pos>
</gml:Point>
</pos>
<type>標高点（測点）</type>
<alti>378</alti>
</ElevPt>
<ElevPt gml:id="K2_4743911829_1">
<fid>47439-11829-i-6</fid>
<lfSpanFr gml:id="K2_4743911829_1-1">
<gml:timePosition>2013-12-10</gml:timePosition>
</lfSpanFr>
<devDate gml:id="K2_4743911829_1-2">
<gml:timePosition>2020-09-08</gml:timePosition>
</devDate>
<orgGILvl>25000</orgGILvl>
<vis>表示</vis>
<pos>
<gml:Point gml:id="K2_4743911829_1-g" srsName="fguuid:jgd2011.bl">
<gml:pos>32.862438056 131.775790000</gml:pos>
</gml:Point>
</pos>
<type>標高点（測点）</type>
<alti>316</alti>
</ElevPt>
<ElevPt gml:id="K2_4743911832_1">
<fid>47439-11832-i-3</fid>
<lfSpanFr gml:id="K2_4743911832_1-1">
<gml:timePosition>2013-12-10</gml:timePosition>
</lfSpanFr>
<devDate gml:id="K2_4743911832_1-2">
<gml:timePosition>2020-09-08</gml:timePosition>
</devDate>
<orgGILvl>25000</orgGILvl>
<vis>表示</vis>
<pos>
<gml:Point gml:id="K2_4743911832_1-g" srsName="fguuid:jgd2011.bl">
<gml:pos>32.869583333 131.779160000</gml:pos>
</gml:Point>
</pos>
<type>標高点（測点）</type>
<alti>260</alti>
</ElevPt>
<ElevPt gml:id="K2_4743911835_1">
<fid>47439-11835-i-5</fid>
<lfSpanFr gml:id="K2_4743911835_1-1">
<gml:timePosition>2013-12-10</gml:timePosition>
</lfSpanFr>
<devDate gml:id="K2_4743911835_1-2">
<gml:timePosition>2020-09-08</gml:timePosition>
</devDate>
<orgGILvl>25000</orgGILvl>
<vis>表示</vis>
<pos>
<gml:Point gml:id="K2_4743911835_1-g" srsName="fguuid:jgd2011.bl">
<gml:pos>32.878605278 131.782930556</gml:pos>
</gml:Point>
</pos>
<type>標高点（測点）</type>
<alti>116</alti>
</ElevPt>
<ElevPt gml:id="K2_4743911838_1">
<fid>47439-11838-i-4</fid>
<lfSpanFr gml:id="K2_4743911838_1-1">
<gml:timePosition>2013-12-10</gml:timePosition>
</lfSpanFr>
<devDate gml:id="K2_4743911838_1-2">
<gml:timePosition>2020-09-08</gml:timePosition>
</devDate>
<orgGILvl>25000</orgGILvl>
<vis>表示</vis>
<pos>
<gml:Point gml:id="K2_4743911838_1-g" srsName="fguuid:jgd2011.bl">
<gml:pos>32.888052222 131.775766111</gml:pos>
</gml:Point>
</pos>
<type>標高点（測点）</type>
<alti>180</alti>
</ElevPt>
<ElevPt gml:id="K2_4743911844_1">
<fid>47439-11844-i-3</fid>
<lfSpanFr gml:id="K2_4743911844_1-1">
<gml:timePosition>2013-12-10</gml:timePosition>
</lfSpanFr>
<devDate gml:id="K2_4743911844_1-2">
<gml:timePosition>2020-09-08</gml:timePosition>
</devDate>
<orgGILvl>25000</orgGILvl>
<vis>表示</vis>
<pos>
<gml:Point gml:id="K2_4743911844_1-g" srsName="fguuid:jgd2011.bl">
<gml:pos>32.904538611 131.780734722</gml:pos>
</gml:Point>
</pos>
<type>標高点（測点）</type>
<alti>204</alti>
</ElevPt>
<ElevPt gml:id="K2_4743911844_2">
<fid>47439-11844-i-4</fid>
<lfSpanFr gml:id="K2_4743911844_2-1">
<gml:timePosition>2013-12-10</gml:timePosition>
</lfSpanFr>
<devDate gml:id="K2_4743911844_2-2">
<gml:timePosition>2020-09-08</gml:timePosition>
</devDate>
<orgGILvl>25000</orgGILvl>
<vis>表示</vis>
<pos>
<gml:Point gml:id="K2_4743911844_2-g" srsName="fguuid:jgd2011.bl">
<gml:pos>32.902625556 131.775467500</gml:pos>
</gml:Point>
</pos>
<type>標高点（測点）</type>
<alti>194</alti>
</ElevPt>
<ElevPt gml:id="K2_4744211820_1">
<fid>47442-11820-i-4</fid>
<lfSpanFr gml:id="K2_4744211820_1-1">
<gml:timePosition>2013-12-10</gml:timePosition>
</lfSpanFr>
<devDate gml:id="K2_4744211820_1-2">
<gml:timePosition>2020-09-08</gml:timePosition>
</devDate>
<orgGILvl>25000</orgGILvl>
<vis>表示</vis>
<pos>
<gml:Point gml:id="K2_4744211820_1-g" srsName="fguuid:jgd2011.bl">
<gml:pos>32.833606944 131.787456111</gml:pos>
</gml:Point>
</pos>
<type>標高点（測点）</type>
<alti>599</alti>
</ElevPt>
<ElevPt gml:id="K2_4744211820_2">
<fid>47442-11820-i-5</fid>
<lfSpanFr gml:id="K2_4744211820_2-1">
<gml:timePosition>2013-12-10</gml:timePosition>
</lfSpanFr>
<devDate gml:id="K2_4744211820_2-2">
<gml:timePosition>2020-09-08</gml:timePosition>
</devDate>
<orgGILvl>25000</orgGILvl>
<vis>表示</vis>
<pos>
<gml:Point gml:id="K2_4744211820_2-g" srsName="fguuid:jgd2011.bl">
<gml:pos>32.839154722 131.791216667</gml:pos>
</gml:Point>
</pos>
<type>標高点（測点）</type>
<alti>566</alti>
</ElevPt>
<ElevPt gml:id="K2_4744211826_1">
<fid>47442-11826-i-1</fid>
<lfSpanFr gml:id="K2_4744211826_1-1">
<gml:timePosition>2013-12-10</gml:timePosition>
</lfSpanFr>
<devDate gml:id="K2_4744211826_1-2">
<gml:timePosition>2020-09-08</gml:timePosition>
</devDate>
<orgGILvl>25000</orgGILvl>
<vis>表示</vis>
<pos>
<gml:Point gml:id="K2_4744211826_1-g" srsName="fguuid:jgd2011.bl">
<gml:pos>32.858196944 131.784621111</gml:pos>
</gml:Point>
</pos>
<type>標高点（測点）</type>
<alti>246</alti>
</ElevPt>
<ElevPt gml:id="K2_4744211847_1">
<fid>47442-11847-i-2</fid>
<lfSpanFr gml:id="K2_4744211847_1-1">
<gml:timePosition>2013-12-10</gml:timePosition>
</lfSpanFr>
<devDate gml:id="K2_4744211847_1-2">
<gml:timePosition>2020-09-08</gml:timePosition>
</devDate>
<orgGILvl>25000</orgGILvl>
<vis>表示</vis>
<pos>
<gml:Point gml:id="K2_4744211847_1-g" srsName="fguuid:jgd2011.bl">
<gml:pos>32.914486111 131.784762222</gml:pos>
</gml:Point>
</pos>
<type>標高点（測点）</type>
<alti>246</alti>
</ElevPt>
<ElevPt gml:id="K2_4744511835_1">
<fid>47445-11835-i-1</fid>
<lfSpanFr gml:id="K2_4744511835_1-1">
<gml:timePosition>2013-12-10</gml:timePosition>
</lfSpanFr>
<devDate gml:id="K2_4744511835_1-2">
<gml:timePosition>2020-09-08</gml:timePosition>
</devDate>
<orgGILvl>25000</orgGILvl>
<vis>表示</vis>
<pos>
<gml:Point gml:id="K2_4744511835_1-g" srsName="fguuid:jgd2011.bl">
<gml:pos>32.882968889 131.796853056</gml:pos>
</gml:Point>
</pos>
<type>標高点（測点）</type>
<alti>304</alti>
</ElevPt>
<ElevPt gml:id="K2_4744511835_2">
<fid>47445-11835-i-2</fid>
<lfSpanFr gml:id="K2_4744511835_2-1">
<gml:timePosition>2013-12-10</gml:timePosition>
</lfSpanFr>
<devDate gml:id="K2_4744511835_2-2">
<gml:timePosition>2020-09-08</gml:timePosition>
</devDate>
<orgGILvl>25000</orgGILvl>
<vis>表示</vis>
<pos>
<gml:Point gml:id="K2_4744511835_2-g" srsName="fguuid:jgd2011.bl">
<gml:pos>32.877811667 131.794313611</gml:pos>
</gml:Point>
</pos>
<type>標高点（測点）</type>
<alti>288</alti>
</ElevPt>
<ElevPt gml:id="K2_4744811823_1">
<fid>47448-11823-i-1</fid>
<lfSpanFr gml:id="K2_4744811823_1-1">
<gml:timePosition>2013-12-10</gml:timePosition>
</lfSpanFr>
<devDate gml:id="K2_4744811823_1-2">
<gml:timePosition>2020-09-08</gml:timePosition>
</devDate>
<orgGILvl>25000</orgGILvl>
<vis>表示</vis>
<pos>
<gml:Point gml:id="K2_4744811823_1-g" srsName="fguuid:jgd2011.bl">
<gml:pos>32.843406111 131.802194444</gml:pos>
</gml:Point>
</pos>
<type>標高点（測点）</type>
<alti>509</alti>
</ElevPt>
<ElevPt gml:id="K2_4744811826_1">
<fid>47448-11826-i-4</fid>
<lfSpanFr gml:id="K2_4744811826_1-1">
<gml:timePosition>2013-12-10</gml:timePosition>
</lfSpanFr>
<devDate gml:id="K2_4744811826_1-2">
<gml:timePosition>2020-09-08</gml:timePosition>
</devDate>
<orgGILvl>25000</orgGILvl>
<vis>表示</vis>
<pos>
<gml:Point gml:id="K2_4744811826_1-g" srsName="fguuid:jgd2011.bl">
<gml:pos>32.853100556 131.800350000</gml:pos>
</gml:Point>
</pos>
<type>標高点（測点）</type>
<alti>368</alti>
</ElevPt>
<ElevPt gml:id="K2_4744811838_1">
<fid>47448-11838-i-2</fid>
<lfSpanFr gml:id="K2_4744811838_1-1">
<gml:timePosition>2013-12-10</gml:timePosition>
</lfSpanFr>
<devDate gml:id="K2_4744811838_1-2">
<gml:timePosition>2020-09-08</gml:timePosition>
</devDate>
<orgGILvl>25000</orgGILvl>
<vis>表示</vis>
<pos>
<gml:Point gml:id="K2_4744811838_1-g" srsName="fguuid:jgd2011.bl">
<gml:pos>32.890884444 131.801288889</gml:pos>
</gml:Point>
</pos>
<type>標高点（測点）</type>
<alti>144</alti>
</ElevPt>
<ElevPt gml:id="K2_4744811841_1">
<fid>47448-11841-i-1</fid>
<lfSpanFr gml:id="K2_4744811841_1-1">
<gml:timePosition>2013-12-10</gml:timePosition>
</lfSpanFr>
<devDate gml:id="K2_4744811841_1-2">
<gml:timePosition>2020-09-08</gml:timePosition>
</devDate>
<orgGILvl>25000</orgGILvl>
<vis>表示</vis>
<pos>
<gml:Point gml:id="K2_4744811841_1-g" srsName="fguuid:jgd2011.bl">
<gml:pos>32.895851389 131.803556944</gml:pos>
</gml:Point>
</pos>
<type>標高点（測点）</type>
<alti>229</alti>
</ElevPt>
<ElevPt gml:id="K2_4744811844_1">
<fid>47448-11844-i-1</fid>
<lfSpanFr gml:id="K2_4744811844_1-1">
<gml:timePosition>2013-12-10</gml:timePosition>
</lfSpanFr>
<devDate gml:id="K2_4744811844_1-2">
<gml:timePosition>2020-09-08</gml:timePosition>
</devDate>
<orgGILvl>25000</orgGILvl>
<vis>表示</vis>
<pos>
<gml:Point gml:id="K2_4744811844_1-g" srsName="fguuid:jgd2011.bl">
<gml:pos>32.901020556 131.805476111</gml:pos>
</gml:Point>
</pos>
<type>標高点（測点）</type>
<alti>140</alti>
</ElevPt>
<ElevPt gml:id="K2_4745111820_1">
<fid>47451-11820-i-1</fid>
<lfSpanFr gml:id="K2_4745111820_1-1">
<gml:timePosition>2013-12-10</gml:timePosition>
</lfSpanFr>
<devDate gml:id="K2_4745111820_1-2">
<gml:timePosition>2020-09-08</gml:timePosition>
</devDate>
<orgGILvl>25000</orgGILvl>
<vis>表示</vis>
<pos>
<gml:Point gml:id="K2_4745111820_1-g" srsName="fguuid:jgd2011.bl">
<gml:pos>32.834439722 131.812338333</gml:pos>
</gml:Point>
</pos>
<type>標高点（測点）</type>
<alti>482</alti>
</ElevPt>
<ElevPt gml:id="K2_4745111823_1">
<fid>47451-11823-i-7</fid>
<lfSpanFr gml:id="K2_4745111823_1-1">
<gml:timePosition>2013-12-10</gml:timePosition>
</lfSpanFr>
<devDate gml:id="K2_4745111823_1-2">
<gml:timePosition>2020-09-08</gml:timePosition>
</devDate>
<orgGILvl>25000</orgGILvl>
<vis>表示</vis>
<pos>
<gml:Point gml:id="K2_4745111823_1-g" srsName="fguuid:jgd2011.bl">
<gml:pos>32.841764722 131.813370278</gml:pos>
</gml:Point>
</pos>
<type>標高点（測点）</type>
<alti>168</alti>
</ElevPt>
<ElevPt gml:id="K2_4745111829_1">
<fid>47451-11829-i-4</fid>
<lfSpanFr gml:id="K2_4745111829_1-1">
<gml:timePosition>2013-12-10</gml:timePosition>
</lfSpanFr>
<devDate gml:id="K2_4745111829_1-2">
<gml:timePosition>2020-09-08</gml:timePosition>
</devDate>
<orgGILvl>25000</orgGILvl>
<vis>表示</vis>
<pos>
<gml:Point gml:id="K2_4745111829_1-g" srsName="fguuid:jgd2011.bl">
<gml:pos>32.863007778 131.813730556</gml:pos>
</gml:Point>
</pos>
<type>標高点（測点）</type>
<alti>498</alti>
</ElevPt>
<ElevPt gml:id="K2_4745111832_1">
<fid>47451-11832-i-2</fid>
<lfSpanFr gml:id="K2_4745111832_1-1">
<gml:timePosition>2013-12-10</gml:timePosition>
</lfSpanFr>
<devDate gml:id="K2_4745111832_1-2">
<gml:timePosition>2020-09-08</gml:timePosition>
</devDate>
<orgGILvl>25000</orgGILvl>
<vis>表示</vis>
<pos>
<gml:Point gml:id="K2_4745111832_1-g" srsName="fguuid:jgd2011.bl">
<gml:pos>32.869149167 131.811975556</gml:pos>
</gml:Point>
</pos>
<type>標高点（測点）</type>
<alti>381</alti>
</ElevPt>
<ElevPt gml:id="K2_4745111835_1">
<fid>47451-11835-i-5</fid>
<lfSpanFr gml:id="K2_4745111835_1-1">
<gml:timePosition>2013-12-10</gml:timePosition>
</lfSpanFr>
<devDate gml:id="K2_4745111835_1-2">
<gml:timePosition>2020-09-08</gml:timePosition>
</devDate>
<orgGILvl>25000</orgGILvl>
<vis>表示</vis>
<pos>
<gml:Point gml:id="K2_4745111835_1-g" srsName="fguuid:jgd2011.bl">
<gml:pos>32.880956944 131.810961944</gml:pos>
</gml:Point>
</pos>
<type>標高点（測点）</type>
<alti>374</alti>
</ElevPt>
<ElevPt gml:id="K2_4745111838_1">
<fid>47451-11838-i-3</fid>
<lfSpanFr gml:id="K2_4745111838_1-1">
<gml:timePosition>2013-12-10</gml:timePosition>
</lfSpanFr>
<devDate gml:id="K2_4745111838_1-2">
<gml:timePosition>2020-09-08</gml:timePosition>
</devDate>
<orgGILvl>25000</orgGILvl>
<vis>表示</vis>
<pos>
<gml:Point gml:id="K2_4745111838_1-g" srsName="fguuid:jgd2011.bl">
<gml:pos>32.891570833 131.810123611</gml:pos>
</gml:Point>
</pos>
<type>標高点（測点）</type>
<alti>329</alti>
</ElevPt>
<ElevPt gml:id="K2_4745111841_1">
<fid>47451-11841-i-1</fid>
<lfSpanFr gml:id="K2_4745111841_1-1">
<gml:timePosition>2013-12-10</gml:timePosition>
</lfSpanFr>
<devDate gml:id="K2_4745111841_1-2">
<gml:timePosition>2020-09-08</gml:timePosition>
</devDate>
<orgGILvl>25000</orgGILvl>
<vis>表示</vis>
<pos>
<gml:Point gml:id="K2_4745111841_1-g" srsName="fguuid:jgd2011.bl">
<gml:pos>32.898016389 131.813158056</gml:pos>
</gml:Point>
</pos>
<type>標高点（測点）</type>
<alti>264</alti>
</ElevPt>
<ElevPt gml:id="K2_4745111847_1">
<fid>47451-11847-i-3</fid>
<lfSpanFr gml:id="K2_4745111847_1-1">
<gml:timePosition>2013-12-10</gml:timePosition>
</lfSpanFr>
<devDate gml:id="K2_4745111847_1-2">
<gml:timePosition>2020-09-08</gml:timePosition>
</devDate>
<orgGILvl>25000</orgGILvl>
<vis>表示</vis>
<pos>
<gml:Point gml:id="K2_4745111847_1-g" srsName="fguuid:jgd2011.bl">
<gml:pos>32.913780556 131.814654722</gml:pos>
</gml:Point>
</pos>
<type>標高点（測点）</type>
<alti>268</alti>
</ElevPt>
<ElevPt gml:id="K2_4745411823_1">
<fid>47454-11823-i-3</fid>
<lfSpanFr gml:id="K2_4745411823_1-1">
<gml:timePosition>2013-12-10</gml:timePosition>
</lfSpanFr>
<devDate gml:id="K2_4745411823_1-2">
<gml:timePosition>2020-09-08</gml:timePosition>
</devDate>
<orgGILvl>25000</orgGILvl>
<vis>表示</vis>
<pos>
<gml:Point gml:id="K2_4745411823_1-g" srsName="fguuid:jgd2011.bl">
<gml:pos>32.845920000 131.822963333</gml:pos>
</gml:Point>
</pos>
<type>標高点（測点）</type>
<alti>128</alti>
</ElevPt>
<ElevPt gml:id="K2_4745411826_1">
<fid>47454-11826-i-1</fid>
<lfSpanFr gml:id="K2_4745411826_1-1">
<gml:timePosition>2013-12-10</gml:timePosition>
</lfSpanFr>
<devDate gml:id="K2_4745411826_1-2">
<gml:timePosition>2020-09-08</gml:timePosition>
</devDate>
<orgGILvl>25000</orgGILvl>
<vis>表示</vis>
<pos>
<gml:Point gml:id="K2_4745411826_1-g" srsName="fguuid:jgd2011.bl">
<gml:pos>32.854098056 131.816906111</gml:pos>
</gml:Point>
</pos>
<type>標高点（測点）</type>
<alti>548</alti>
</ElevPt>
<ElevPt gml:id="K2_4745411829_1">
<fid>47454-11829-i-12</fid>
<lfSpanFr gml:id="K2_4745411829_1-1">
<gml:timePosition>2013-12-10</gml:timePosition>
</lfSpanFr>
<devDate gml:id="K2_4745411829_1-2">
<gml:timePosition>2020-09-08</gml:timePosition>
</devDate>
<orgGILvl>25000</orgGILvl>
<vis>表示</vis>
<pos>
<gml:Point gml:id="K2_4745411829_1-g" srsName="fguuid:jgd2011.bl">
<gml:pos>32.862593056 131.820783611</gml:pos>
</gml:Point>
</pos>
<type>標高点（測点）</type>
<alti>428</alti>
</ElevPt>
<ElevPt gml:id="K2_4745411832_1">
<fid>47454-11832-i-11</fid>
<lfSpanFr gml:id="K2_4745411832_1-1">
<gml:timePosition>2013-12-10</gml:timePosition>
</lfSpanFr>
<devDate gml:id="K2_4745411832_1-2">
<gml:timePosition>2020-09-08</gml:timePosition>
</devDate>
<orgGILvl>25000</orgGILvl>
<vis>表示</vis>
<pos>
<gml:Point gml:id="K2_4745411832_1-g" srsName="fguuid:jgd2011.bl">
<gml:pos>32.870665278 131.822473056</gml:pos>
</gml:Point>
</pos>
<type>標高点（測点）</type>
<alti>400</alti>
</ElevPt>
<ElevPt gml:id="K2_4745411835_1">
<fid>47454-11835-i-4</fid>
<lfSpanFr gml:id="K2_4745411835_1-1">
<gml:timePosition>2013-12-10</gml:timePosition>
</lfSpanFr>
<devDate gml:id="K2_4745411835_1-2">
<gml:timePosition>2020-09-08</gml:timePosition>
</devDate>
<orgGILvl>25000</orgGILvl>
<vis>表示</vis>
<pos>
<gml:Point gml:id="K2_4745411835_1-g" srsName="fguuid:jgd2011.bl">
<gml:pos>32.877922778 131.822281944</gml:pos>
</gml:Point>
</pos>
<type>標高点（測点）</type>
<alti>219</alti>
</ElevPt>
<ElevPt gml:id="K2_4745411838_1">
<fid>47454-11838-i-1</fid>
<lfSpanFr gml:id="K2_4745411838_1-1">
<gml:timePosition>2013-12-10</gml:timePosition>
</lfSpanFr>
<devDate gml:id="K2_4745411838_1-2">
<gml:timePosition>2020-09-08</gml:timePosition>
</devDate>
<orgGILvl>25000</orgGILvl>
<vis>表示</vis>
<pos>
<gml:Point gml:id="K2_4745411838_1-g" srsName="fguuid:jgd2011.bl">
<gml:pos>32.884457778 131.819821389</gml:pos>
</gml:Point>
</pos>
<type>標高点（測点）</type>
<alti>332</alti>
</ElevPt>
<ElevPt gml:id="K2_4745411841_1">
<fid>47454-11841-i-1</fid>
<lfSpanFr gml:id="K2_4745411841_1-1">
<gml:timePosition>2013-12-10</gml:timePosition>
</lfSpanFr>
<devDate gml:id="K2_4745411841_1-2">
<gml:timePosition>2020-09-08</gml:timePosition>
</devDate>
<orgGILvl>25000</orgGILvl>
<vis>表示</vis>
<pos>
<gml:Point gml:id="K2_4745411841_1-g" srsName="fguuid:jgd2011.bl">
<gml:pos>32.892216389 131.822899722</gml:pos>
</gml:Point>
</pos>
<type>標高点（測点）</type>
<alti>251</alti>
</ElevPt>
<ElevPt gml:id="K2_4745411844_1">
<fid>47454-11844-i-1</fid>
<lfSpanFr gml:id="K2_4745411844_1-1">
<gml:timePosition>2013-12-10</gml:timePosition>
</lfSpanFr>
<devDate gml:id="K2_4745411844_1-2">
<gml:timePosition>2020-09-08</gml:timePosition>
</devDate>
<orgGILvl>25000</orgGILvl>
<vis>表示</vis>
<pos>
<gml:Point gml:id="K2_4745411844_1-g" srsName="fguuid:jgd2011.bl">
<gml:pos>32.903748889 131.816737778</gml:pos>
</gml:Point>
</pos>
<type>標高点（測点）</type>
<alti>352</alti>
</ElevPt>
<ElevPt gml:id="K2_4745411847_1">
<fid>47454-11847-i-1</fid>
<lfSpanFr gml:id="K2_4745411847_1-1">
<gml:timePosition>2013-12-10</gml:timePosition>
</lfSpanFr>
<devDate gml:id="K2_4745411847_1-2">
<gml:timePosition>2020-09-08</gml:timePosition>
</devDate>
<orgGILvl>25000</orgGILvl>
<vis>表示</vis>
<pos>
<gml:Point gml:id="K2_4745411847_1-g" srsName="fguuid:jgd2011.bl">
<gml:pos>32.911641111 131.820689167</gml:pos>
</gml:Point>
</pos>
<type>標高点（測点）</type>
<alti>340</alti>
</ElevPt>
<ElevPt gml:id="K2_4745711820_1">
<fid>47457-11820-i-5</fid>
<lfSpanFr gml:id="K2_4745711820_1-1">
<gml:timePosition>2013-12-10</gml:timePosition>
</lfSpanFr>
<devDate gml:id="K2_4745711820_1-2">
<gml:timePosition>2020-09-08</gml:timePosition>
</devDate>
<orgGILvl>25000</orgGILvl>
<vis>表示</vis>
<pos>
<gml:Point gml:id="K2_4745711820_1-g" srsName="fguuid:jgd2011.bl">
<gml:pos>32.835992222 131.832760556</gml:pos>
</gml:Point>
</pos>
<type>標高点（測点）</type>
<alti>460</alti>
</ElevPt>
<ElevPt gml:id="K2_4745711820_2">
<fid>47457-11820-i-6</fid>
<lfSpanFr gml:id="K2_4745711820_2-1">
<gml:timePosition>2013-12-10</gml:timePosition>
</lfSpanFr>
<devDate gml:id="K2_4745711820_2-2">
<gml:timePosition>2020-09-08</gml:timePosition>
</devDate>
<orgGILvl>25000</orgGILvl>
<vis>表示</vis>
<pos>
<gml:Point gml:id="K2_4745711820_2-g" srsName="fguuid:jgd2011.bl">
<gml:pos>32.840503056 131.825371389</gml:pos>
</gml:Point>
</pos>
<type>標高点（測点）</type>
<alti>405</alti>
</ElevPt>
<ElevPt gml:id="K2_4745711826_1">
<fid>47457-11826-i-3</fid>
<lfSpanFr gml:id="K2_4745711826_1-1">
<gml:timePosition>2013-12-10</gml:timePosition>
</lfSpanFr>
<devDate gml:id="K2_4745711826_1-2">
<gml:timePosition>2020-09-08</gml:timePosition>
</devDate>
<orgGILvl>25000</orgGILvl>
<vis>表示</vis>
<pos>
<gml:Point gml:id="K2_4745711826_1-g" srsName="fguuid:jgd2011.bl">
<gml:pos>32.852075833 131.827354722</gml:pos>
</gml:Point>
</pos>
<type>標高点（測点）</type>
<alti>457</alti>
</ElevPt>
<ElevPt gml:id="K2_4745711826_2">
<fid>47457-11826-i-4</fid>
<lfSpanFr gml:id="K2_4745711826_2-1">
<gml:timePosition>2013-12-10</gml:timePosition>
</lfSpanFr>
<devDate gml:id="K2_4745711826_2-2">
<gml:timePosition>2020-09-08</gml:timePosition>
</devDate>
<orgGILvl>25000</orgGILvl>
<vis>表示</vis>
<pos>
<gml:Point gml:id="K2_4745711826_2-g" srsName="fguuid:jgd2011.bl">
<gml:pos>32.857633056 131.827876944</gml:pos>
</gml:Point>
</pos>
<type>標高点（測点）</type>
<alti>528</alti>
</ElevPt>
<ElevPt gml:id="K2_4745711829_1">
<fid>47457-11829-i-3</fid>
<lfSpanFr gml:id="K2_4745711829_1-1">
<gml:timePosition>2013-12-10</gml:timePosition>
</lfSpanFr>
<devDate gml:id="K2_4745711829_1-2">
<gml:timePosition>2020-09-08</gml:timePosition>
</devDate>
<orgGILvl>25000</orgGILvl>
<vis>表示</vis>
<pos>
<gml:Point gml:id="K2_4745711829_1-g" srsName="fguuid:jgd2011.bl">
<gml:pos>32.862625278 131.831481944</gml:pos>
</gml:Point>
</pos>
<type>標高点（測点）</type>
<alti>558</alti>
</ElevPt>
<ElevPt gml:id="K2_4745711835_1">
<fid>47457-11835-i-1</fid>
<lfSpanFr gml:id="K2_4745711835_1-1">
<gml:timePosition>2013-12-10</gml:timePosition>
</lfSpanFr>
<devDate gml:id="K2_4745711835_1-2">
<gml:timePosition>2020-09-08</gml:timePosition>
</devDate>
<orgGILvl>25000</orgGILvl>
<vis>表示</vis>
<pos>
<gml:Point gml:id="K2_4745711835_1-g" srsName="fguuid:jgd2011.bl">
<gml:pos>32.876195000 131.830575000</gml:pos>
</gml:Point>
</pos>
<type>標高点（測点）</type>
<alti>430</alti>
</ElevPt>
<ElevPt gml:id="K2_4745711841_1">
<fid>47457-11841-i-2</fid>
<lfSpanFr gml:id="K2_4745711841_1-1">
<gml:timePosition>2013-12-10</gml:timePosition>
</lfSpanFr>
<devDate gml:id="K2_4745711841_1-2">
<gml:timePosition>2020-09-08</gml:timePosition>
</devDate>
<orgGILvl>25000</orgGILvl>
<vis>表示</vis>
<pos>
<gml:Point gml:id="K2_4745711841_1-g" srsName="fguuid:jgd2011.bl">
<gml:pos>32.893855556 131.827410278</gml:pos>
</gml:Point>
</pos>
<type>標高点（測点）</type>
<alti>292</alti>
</ElevPt>
<ElevPt gml:id="K2_4745711841_2">
<fid>47457-11841-i-3</fid>
<lfSpanFr gml:id="K2_4745711841_2-1">
<gml:timePosition>2013-12-10</gml:timePosition>
</lfSpanFr>
<devDate gml:id="K2_4745711841_2-2">
<gml:timePosition>2020-09-08</gml:timePosition>
</devDate>
<orgGILvl>25000</orgGILvl>
<vis>表示</vis>
<pos>
<gml:Point gml:id="K2_4745711841_2-g" srsName="fguuid:jgd2011.bl">
<gml:pos>32.898412778 131.828999444</gml:pos>
</gml:Point>
</pos>
<type>標高点（測点）</type>
<alti>351</alti>
</ElevPt>
<ElevPt gml:id="K2_4745711844_1">
<fid>47457-11844-i-3</fid>
<lfSpanFr gml:id="K2_4745711844_1-1">
<gml:timePosition>2013-12-10</gml:timePosition>
</lfSpanFr>
<devDate gml:id="K2_4745711844_1-2">
<gml:timePosition>2020-09-08</gml:timePosition>
</devDate>
<orgGILvl>25000</orgGILvl>
<vis>表示</vis>
<pos>
<gml:Point gml:id="K2_4745711844_1-g" srsName="fguuid:jgd2011.bl">
<gml:pos>32.907440278 131.827169444</gml:pos>
</gml:Point>
</pos>
<type>標高点（測点）</type>
<alti>248</alti>
</ElevPt>
<ElevPt gml:id="K2_4745711847_1">
<fid>47457-11847-i-7</fid>
<lfSpanFr gml:id="K2_4745711847_1-1">
<gml:timePosition>2013-12-10</gml:timePosition>
</lfSpanFr>
<devDate gml:id="K2_4745711847_1-2">
<gml:timePosition>2020-09-08</gml:timePosition>
</devDate>
<orgGILvl>25000</orgGILvl>
<vis>表示</vis>
<pos>
<gml:Point gml:id="K2_4745711847_1-g" srsName="fguuid:jgd2011.bl">
<gml:pos>32.914123889 131.828052500</gml:pos>
</gml:Point>
</pos>
<type>標高点（測点）</type>
<alti>139</alti>
</ElevPt>
<ElevPt gml:id="K2_4746011823_1">
<fid>47460-11823-i-2</fid>
<lfSpanFr gml:id="K2_4746011823_1-1">
<gml:timePosition>2013-12-10</gml:timePosition>
</lfSpanFr>
<devDate gml:id="K2_4746011823_1-2">
<gml:timePosition>2020-09-08</gml:timePosition>
</devDate>
<orgGILvl>25000</orgGILvl>
<vis>表示</vis>
<pos>
<gml:Point gml:id="K2_4746011823_1-g" srsName="fguuid:jgd2011.bl">
<gml:pos>32.841883333 131.835406944</gml:pos>
</gml:Point>
</pos>
<type>標高点（測点）</type>
<alti>365</alti>
</ElevPt>
<ElevPt gml:id="K2_4746011826_1">
<fid>47460-11826-i-2</fid>
<lfSpanFr gml:id="K2_4746011826_1-1">
<gml:timePosition>2013-12-10</gml:timePosition>
</lfSpanFr>
<devDate gml:id="K2_4746011826_1-2">
<gml:timePosition>2020-09-08</gml:timePosition>
</devDate>
<orgGILvl>25000</orgGILvl>
<vis>表示</vis>
<pos>
<gml:Point gml:id="K2_4746011826_1-g" srsName="fguuid:jgd2011.bl">
<gml:pos>32.851025833 131.835565278</gml:pos>
</gml:Point>
</pos>
<type>標高点（測点）</type>
<alti>251</alti>
</ElevPt>
<ElevPt gml:id="K2_4746011826_2">
<fid>47460-11826-i-3</fid>
<lfSpanFr gml:id="K2_4746011826_2-1">
<gml:timePosition>2013-12-10</gml:timePosition>
</lfSpanFr>
<devDate gml:id="K2_4746011826_2-2">
<gml:timePosition>2020-09-08</gml:timePosition>
</devDate>
<orgGILvl>25000</orgGILvl>
<vis>表示</vis>
<pos>
<gml:Point gml:id="K2_4746011826_2-g" srsName="fguuid:jgd2011.bl">
<gml:pos>32.858319722 131.838591667</gml:pos>
</gml:Point>
</pos>
<type>標高点（測点）</type>
<alti>277</alti>
</ElevPt>
<ElevPt gml:id="K2_4746011829_1">
<fid>47460-11829-i-1</fid>
<lfSpanFr gml:id="K2_4746011829_1-1">
<gml:timePosition>2013-12-10</gml:timePosition>
</lfSpanFr>
<devDate gml:id="K2_4746011829_1-2">
<gml:timePosition>2020-09-08</gml:timePosition>
</devDate>
<orgGILvl>25000</orgGILvl>
<vis>表示</vis>
<pos>
<gml:Point gml:id="K2_4746011829_1-g" srsName="fguuid:jgd2011.bl">
<gml:pos>32.864874722 131.839802778</gml:pos>
</gml:Point>
</pos>
<type>標高点（測点）</type>
<alti>328</alti>
</ElevPt>
<ElevPt gml:id="K2_4746011835_1">
<fid>47460-11835-i-1</fid>
<lfSpanFr gml:id="K2_4746011835_1-1">
<gml:timePosition>2013-12-10</gml:timePosition>
</lfSpanFr>
<devDate gml:id="K2_4746011835_1-2">
<gml:timePosition>2020-09-08</gml:timePosition>
</devDate>
<orgGILvl>25000</orgGILvl>
<vis>表示</vis>
<pos>
<gml:Point gml:id="K2_4746011835_1-g" srsName="fguuid:jgd2011.bl">
<gml:pos>32.880250000 131.835086389</gml:pos>
</gml:Point>
</pos>
<type>標高点（測点）</type>
<alti>352</alti>
</ElevPt>
<ElevPt gml:id="K2_4746011838_1">
<fid>47460-11838-i-1</fid>
<lfSpanFr gml:id="K2_4746011838_1-1">
<gml:timePosition>2013-12-10</gml:timePosition>
</lfSpanFr>
<devDate gml:id="K2_4746011838_1-2">
<gml:timePosition>2020-09-08</gml:timePosition>
</devDate>
<orgGILvl>25000</orgGILvl>
<vis>表示</vis>
<pos>
<gml:Point gml:id="K2_4746011838_1-g" srsName="fguuid:jgd2011.bl">
<gml:pos>32.890150278 131.836631389</gml:pos>
</gml:Point>
</pos>
<type>標高点（測点）</type>
<alti>175</alti>
</ElevPt>
<ElevPt gml:id="K2_4746011841_1">
<fid>47460-11841-i-3</fid>
<lfSpanFr gml:id="K2_4746011841_1-1">
<gml:timePosition>2013-12-10</gml:timePosition>
</lfSpanFr>
<devDate gml:id="K2_4746011841_1-2">
<gml:timePosition>2020-09-08</gml:timePosition>
</devDate>
<orgGILvl>25000</orgGILvl>
<vis>表示</vis>
<pos>
<gml:Point gml:id="K2_4746011841_1-g" srsName="fguuid:jgd2011.bl">
<gml:pos>32.897970278 131.838476111</gml:pos>
</gml:Point>
</pos>
<type>標高点（測点）</type>
<alti>167</alti>
</ElevPt>
<ElevPt gml:id="K2_4746011844_1">
<fid>47460-11844-i-3</fid>
<lfSpanFr gml:id="K2_4746011844_1-1">
<gml:timePosition>2013-12-10</gml:timePosition>
</lfSpanFr>
<devDate gml:id="K2_4746011844_1-2">
<gml:timePosition>2020-09-08</gml:timePosition>
</devDate>
<orgGILvl>25000</orgGILvl>
<vis>表示</vis>
<pos>
<gml:Point gml:id="K2_4746011844_1-g" srsName="fguuid:jgd2011.bl">
<gml:pos>32.905046944 131.835064722</gml:pos>
</gml:Point>
</pos>
<type>標高点（測点）</type>
<alti>304</alti>
</ElevPt>
<ElevPt gml:id="K2_4746011844_2">
<fid>47460-11844-i-4</fid>
<lfSpanFr gml:id="K2_4746011844_2-1">
<gml:timePosition>2013-12-10</gml:timePosition>
</lfSpanFr>
<devDate gml:id="K2_4746011844_2-2">
<gml:timePosition>2020-09-08</gml:timePosition>
</devDate>
<orgGILvl>25000</orgGILvl>
<vis>表示</vis>
<pos>
<gml:Point gml:id="K2_4746011844_2-g" srsName="fguuid:jgd2011.bl">
<gml:pos>32.906821667 131.841644167</gml:pos>
</gml:Point>
</pos>
<type>標高点（測点）</type>
<alti>322</alti>
</ElevPt>
<ElevPt gml:id="K2_4746311820_1">
<fid>47463-11820-i-4</fid>
<lfSpanFr gml:id="K2_4746311820_1-1">
<gml:timePosition>2013-12-10</gml:timePosition>
</lfSpanFr>
<devDate gml:id="K2_4746311820_1-2">
<gml:timePosition>2020-09-08</gml:timePosition>
</devDate>
<orgGILvl>25000</orgGILvl>
<vis>表示</vis>
<pos>
<gml:Point gml:id="K2_4746311820_1-g" srsName="fguuid:jgd2011.bl">
<gml:pos>32.833346667 131.845605000</gml:pos>
</gml:Point>
</pos>
<type>標高点（測点）</type>
<alti>408</alti>
</ElevPt>
<ElevPt gml:id="K2_4746311820_2">
<fid>47463-11820-i-5</fid>
<lfSpanFr gml:id="K2_4746311820_2-1">
<gml:timePosition>2013-12-10</gml:timePosition>
</lfSpanFr>
<devDate gml:id="K2_4746311820_2-2">
<gml:timePosition>2020-09-08</gml:timePosition>
</devDate>
<orgGILvl>25000</orgGILvl>
<vis>表示</vis>
<pos>
<gml:Point gml:id="K2_4746311820_2-g" srsName="fguuid:jgd2011.bl">
<gml:pos>32.839393611 131.848745000</gml:pos>
</gml:Point>
</pos>
<type>標高点（測点）</type>
<alti>332</alti>
</ElevPt>
<ElevPt gml:id="K2_4746311823_1">
<fid>47463-11823-i-1</fid>
<lfSpanFr gml:id="K2_4746311823_1-1">
<gml:timePosition>2013-12-10</gml:timePosition>
</lfSpanFr>
<devDate gml:id="K2_4746311823_1-2">
<gml:timePosition>2020-09-08</gml:timePosition>
</devDate>
<orgGILvl>25000</orgGILvl>
<vis>表示</vis>
<pos>
<gml:Point gml:id="K2_4746311823_1-g" srsName="fguuid:jgd2011.bl">
<gml:pos>32.842568056 131.844363056</gml:pos>
</gml:Point>
</pos>
<type>標高点（測点）</type>
<alti>258</alti>
</ElevPt>
<ElevPt gml:id="K2_4746311826_1">
<fid>47463-11826-i-20</fid>
<lfSpanFr gml:id="K2_4746311826_1-1">
<gml:timePosition>2013-12-10</gml:timePosition>
</lfSpanFr>
<devDate gml:id="K2_4746311826_1-2">
<gml:timePosition>2020-09-08</gml:timePosition>
</devDate>
<orgGILvl>25000</orgGILvl>
<vis>非表示</vis>
<pos>
<gml:Point gml:id="K2_4746311826_1-g" srsName="fguuid:jgd2011.bl">
<gml:pos>32.852558889 131.841678889</gml:pos>
</gml:Point>
</pos>
<type>標高点（測点）</type>
<alti>196</alti>
</ElevPt>
<ElevPt gml:id="K2_4746311832_1">
<fid>47463-11832-i-1</fid>
<lfSpanFr gml:id="K2_4746311832_1-1">
<gml:timePosition>2013-12-10</gml:timePosition>
</lfSpanFr>
<devDate gml:id="K2_4746311832_1-2">
<gml:timePosition>2020-09-08</gml:timePosition>
</devDate>
<orgGILvl>25000</orgGILvl>
<vis>表示</vis>
<pos>
<gml:Point gml:id="K2_4746311832_1-g" srsName="fguuid:jgd2011.bl">
<gml:pos>32.870915556 131.847320000</gml:pos>
</gml:Point>
</pos>
<type>標高点（測点）</type>
<alti>463</alti>
</ElevPt>
<ElevPt gml:id="K2_4746311832_2">
<fid>47463-11832-i-2</fid>
<lfSpanFr gml:id="K2_4746311832_2-1">
<gml:timePosition>2013-12-10</gml:timePosition>
</lfSpanFr>
<devDate gml:id="K2_4746311832_2-2">
<gml:timePosition>2020-09-08</gml:timePosition>
</devDate>
<orgGILvl>25000</orgGILvl>
<vis>表示</vis>
<pos>
<gml:Point gml:id="K2_4746311832_2-g" srsName="fguuid:jgd2011.bl">
<gml:pos>32.874790000 131.844585833</gml:pos>
</gml:Point>
</pos>
<type>標高点（測点）</type>
<alti>504</alti>
</ElevPt>
<ElevPt gml:id="K2_4746311835_1">
<fid>47463-11835-i-1</fid>
<lfSpanFr gml:id="K2_4746311835_1-1">
<gml:timePosition>2013-12-10</gml:timePosition>
</lfSpanFr>
<devDate gml:id="K2_4746311835_1-2">
<gml:timePosition>2020-09-08</gml:timePosition>
</devDate>
<orgGILvl>25000</orgGILvl>
<vis>表示</vis>
<pos>
<gml:Point gml:id="K2_4746311835_1-g" srsName="fguuid:jgd2011.bl">
<gml:pos>32.881378333 131.842271667</gml:pos>
</gml:Point>
</pos>
<type>標高点（測点）</type>
<alti>398</alti>
</ElevPt>
<ElevPt gml:id="K2_4746311841_1">
<fid>47463-11841-i-3</fid>
<lfSpanFr gml:id="K2_4746311841_1-1">
<gml:timePosition>2013-12-10</gml:timePosition>
</lfSpanFr>
<devDate gml:id="K2_4746311841_1-2">
<gml:timePosition>2020-09-08</gml:timePosition>
</devDate>
<orgGILvl>25000</orgGILvl>
<vis>表示</vis>
<pos>
<gml:Point gml:id="K2_4746311841_1-g" srsName="fguuid:jgd2011.bl">
<gml:pos>32.893999444 131.849193889</gml:pos>
</gml:Point>
</pos>
<type>標高点（測点）</type>
<alti>246</alti>
</ElevPt>
<ElevPt gml:id="K2_4746311847_1">
<fid>47463-11847-i-2</fid>
<lfSpanFr gml:id="K2_4746311847_1-1">
<gml:timePosition>2013-12-10</gml:timePosition>
</lfSpanFr>
<devDate gml:id="K2_4746311847_1-2">
<gml:timePosition>2020-09-08</gml:timePosition>
</devDate>
<orgGILvl>25000</orgGILvl>
<vis>表示</vis>
<pos>
<gml:Point gml:id="K2_4746311847_1-g" srsName="fguuid:jgd2011.bl">
<gml:pos>32.910643056 131.847072778</gml:pos>
</gml:Point>
</pos>
<type>標高点（測点）</type>
<alti>380</alti>
</ElevPt>
<ElevPt gml:id="K2_4746611826_1">
<fid>47466-11826-i-1</fid>
<lfSpanFr gml:id="K2_4746611826_1-1">
<gml:timePosition>2013-12-10</gml:timePosition>
</lfSpanFr>
<devDate gml:id="K2_4746611826_1-2">
<gml:timePosition>2020-09-08</gml:timePosition>
</devDate>
<orgGILvl>25000</orgGILvl>
<vis>表示</vis>
<pos>
<gml:Point gml:id="K2_4746611826_1-g" srsName="fguuid:jgd2011.bl">
<gml:pos>32.853983611 131.856454167</gml:pos>
</gml:Point>
</pos>
<type>標高点（測点）</type>
<alti>244</alti>
</ElevPt>
<ElevPt gml:id="K2_4746611826_2">
<fid>47466-11826-i-2</fid>
<lfSpanFr gml:id="K2_4746611826_2-1">
<gml:timePosition>2013-12-10</gml:timePosition>
</lfSpanFr>
<devDate gml:id="K2_4746611826_2-2">
<gml:timePosition>2020-09-08</gml:timePosition>
</devDate>
<orgGILvl>25000</orgGILvl>
<vis>表示</vis>
<pos>
<gml:Point gml:id="K2_4746611826_2-g" srsName="fguuid:jgd2011.bl">
<gml:pos>32.856109444 131.850252778</gml:pos>
</gml:Point>
</pos>
<type>標高点（測点）</type>
<alti>169</alti>
</ElevPt>
<ElevPt gml:id="K2_4746611829_1">
<fid>47466-11829-i-1</fid>
<lfSpanFr gml:id="K2_4746611829_1-1">
<gml:timePosition>2013-12-10</gml:timePosition>
</lfSpanFr>
<devDate gml:id="K2_4746611829_1-2">
<gml:timePosition>2020-09-08</gml:timePosition>
</devDate>
<orgGILvl>25000</orgGILvl>
<vis>表示</vis>
<pos>
<gml:Point gml:id="K2_4746611829_1-g" srsName="fguuid:jgd2011.bl">
<gml:pos>32.863770833 131.854300556</gml:pos>
</gml:Point>
</pos>
<type>標高点（測点）</type>
<alti>228</alti>
</ElevPt>
<ElevPt gml:id="K2_4746611835_1">
<fid>47466-11835-i-1</fid>
<lfSpanFr gml:id="K2_4746611835_1-1">
<gml:timePosition>2013-12-10</gml:timePosition>
</lfSpanFr>
<devDate gml:id="K2_4746611835_1-2">
<gml:timePosition>2020-09-08</gml:timePosition>
</devDate>
<orgGILvl>25000</orgGILvl>
<vis>表示</vis>
<pos>
<gml:Point gml:id="K2_4746611835_1-g" srsName="fguuid:jgd2011.bl">
<gml:pos>32.881777222 131.852071944</gml:pos>
</gml:Point>
</pos>
<type>標高点（測点）</type>
<alti>434</alti>
</ElevPt>
<ElevPt gml:id="K2_4746611841_1">
<fid>47466-11841-i-1</fid>
<lfSpanFr gml:id="K2_4746611841_1-1">
<gml:timePosition>2013-12-10</gml:timePosition>
</lfSpanFr>
<devDate gml:id="K2_4746611841_1-2">
<gml:timePosition>2020-09-08</gml:timePosition>
</devDate>
<orgGILvl>25000</orgGILvl>
<vis>表示</vis>
<pos>
<gml:Point gml:id="K2_4746611841_1-g" srsName="fguuid:jgd2011.bl">
<gml:pos>32.892803889 131.856972222</gml:pos>
</gml:Point>
</pos>
<type>標高点（測点）</type>
<alti>365</alti>
</ElevPt>
<ElevPt gml:id="K2_4746611847_1">
<fid>47466-11847-i-2</fid>
<lfSpanFr gml:id="K2_4746611847_1-1">
<gml:timePosition>2013-12-10</gml:timePosition>
</lfSpanFr>
<devDate gml:id="K2_4746611847_1-2">
<gml:timePosition>2020-09-08</gml:timePosition>
</devDate>
<orgGILvl>25000</orgGILvl>
<vis>表示</vis>
<pos>
<gml:Point gml:id="K2_4746611847_1-g" srsName="fguuid:jgd2011.bl">
<gml:pos>32.914284444 131.853123333</gml:pos>
</gml:Point>
</pos>
<type>標高点（測点）</type>
<alti>330</alti>
</ElevPt>
<ElevPt gml:id="K2_4746911820_1">
<fid>47469-11820-i-6</fid>
<lfSpanFr gml:id="K2_4746911820_1-1">
<gml:timePosition>2013-12-10</gml:timePosition>
</lfSpanFr>
<devDate gml:id="K2_4746911820_1-2">
<gml:timePosition>2020-09-08</gml:timePosition>
</devDate>
<orgGILvl>25000</orgGILvl>
<vis>表示</vis>
<pos>
<gml:Point gml:id="K2_4746911820_1-g" srsName="fguuid:jgd2011.bl">
<gml:pos>32.834967500 131.859381389</gml:pos>
</gml:Point>
</pos>
<type>標高点（測点）</type>
<alti>608</alti>
</ElevPt>
<ElevPt gml:id="K2_4746911820_2">
<fid>47469-11820-i-7</fid>
<lfSpanFr gml:id="K2_4746911820_2-1">
<gml:timePosition>2013-12-10</gml:timePosition>
</lfSpanFr>
<devDate gml:id="K2_4746911820_2-2">
<gml:timePosition>2020-09-08</gml:timePosition>
</devDate>
<orgGILvl>25000</orgGILvl>
<vis>表示</vis>
<pos>
<gml:Point gml:id="K2_4746911820_2-g" srsName="fguuid:jgd2011.bl">
<gml:pos>32.841020000 131.864943056</gml:pos>
</gml:Point>
</pos>
<type>標高点（測点）</type>
<alti>500</alti>
</ElevPt>
<ElevPt gml:id="K2_4746911823_1">
<fid>47469-11823-i-3</fid>
<lfSpanFr gml:id="K2_4746911823_1-1">
<gml:timePosition>2013-12-10</gml:timePosition>
</lfSpanFr>
<devDate gml:id="K2_4746911823_1-2">
<gml:timePosition>2020-09-08</gml:timePosition>
</devDate>
<orgGILvl>25000</orgGILvl>
<vis>表示</vis>
<pos>
<gml:Point gml:id="K2_4746911823_1-g" srsName="fguuid:jgd2011.bl">
<gml:pos>32.846509722 131.862043611</gml:pos>
</gml:Point>
</pos>
<type>標高点（測点）</type>
<alti>392</alti>
</ElevPt>
<ElevPt gml:id="K2_4746911826_1">
<fid>47469-11826-i-1</fid>
<lfSpanFr gml:id="K2_4746911826_1-1">
<gml:timePosition>2013-12-10</gml:timePosition>
</lfSpanFr>
<devDate gml:id="K2_4746911826_1-2">
<gml:timePosition>2020-09-08</gml:timePosition>
</devDate>
<orgGILvl>25000</orgGILvl>
<vis>表示</vis>
<pos>
<gml:Point gml:id="K2_4746911826_1-g" srsName="fguuid:jgd2011.bl">
<gml:pos>32.852932222 131.866400556</gml:pos>
</gml:Point>
</pos>
<type>標高点（測点）</type>
<alti>327</alti>
</ElevPt>
<ElevPt gml:id="K2_4746911829_1">
<fid>47469-11829-i-2</fid>
<lfSpanFr gml:id="K2_4746911829_1-1">
<gml:timePosition>2013-12-10</gml:timePosition>
</lfSpanFr>
<devDate gml:id="K2_4746911829_1-2">
<gml:timePosition>2020-09-08</gml:timePosition>
</devDate>
<orgGILvl>25000</orgGILvl>
<vis>表示</vis>
<pos>
<gml:Point gml:id="K2_4746911829_1-g" srsName="fguuid:jgd2011.bl">
<gml:pos>32.858880278 131.862365000</gml:pos>
</gml:Point>
</pos>
<type>標高点（測点）</type>
<alti>206</alti>
</ElevPt>
<ElevPt gml:id="K2_4746911832_1">
<fid>47469-11832-i-1</fid>
<lfSpanFr gml:id="K2_4746911832_1-1">
<gml:timePosition>2013-12-10</gml:timePosition>
</lfSpanFr>
<devDate gml:id="K2_4746911832_1-2">
<gml:timePosition>2020-09-08</gml:timePosition>
</devDate>
<orgGILvl>25000</orgGILvl>
<vis>表示</vis>
<pos>
<gml:Point gml:id="K2_4746911832_1-g" srsName="fguuid:jgd2011.bl">
<gml:pos>32.873507778 131.861510556</gml:pos>
</gml:Point>
</pos>
<type>標高点（測点）</type>
<alti>230</alti>
</ElevPt>
<ElevPt gml:id="K2_4746911835_1">
<fid>47469-11835-i-2</fid>
<lfSpanFr gml:id="K2_4746911835_1-1">
<gml:timePosition>2013-12-10</gml:timePosition>
</lfSpanFr>
<devDate gml:id="K2_4746911835_1-2">
<gml:timePosition>2020-09-08</gml:timePosition>
</devDate>
<orgGILvl>25000</orgGILvl>
<vis>表示</vis>
<pos>
<gml:Point gml:id="K2_4746911835_1-g" srsName="fguuid:jgd2011.bl">
<gml:pos>32.879121667 131.862264444</gml:pos>
</gml:Point>
</pos>
<type>標高点（測点）</type>
<alti>282</alti>
</ElevPt>
<ElevPt gml:id="K2_4746911844_1">
<fid>47469-11844-i-32</fid>
<lfSpanFr gml:id="K2_4746911844_1-1">
<gml:timePosition>2013-12-10</gml:timePosition>
</lfSpanFr>
<devDate gml:id="K2_4746911844_1-2">
<gml:timePosition>2020-09-08</gml:timePosition>
</devDate>
<orgGILvl>25000</orgGILvl>
<vis>表示</vis>
<pos>
<gml:Point gml:id="K2_4746911844_1-g" srsName="fguuid:jgd2011.bl">
<gml:pos>32.904222222 131.860448889</gml:pos>
</gml:Point>
</pos>
<type>標高点（測点）</type>
<alti>118</alti>
</ElevPt>
<ElevPt gml:id="K2_4747211820_1">
<fid>47472-11820-i-3</fid>
<lfSpanFr gml:id="K2_4747211820_1-1">
<gml:timePosition>2013-12-10</gml:timePosition>
</lfSpanFr>
<devDate gml:id="K2_4747211820_1-2">
<gml:timePosition>2020-09-08</gml:timePosition>
</devDate>
<orgGILvl>25000</orgGILvl>
<vis>表示</vis>
<pos>
<gml:Point gml:id="K2_4747211820_1-g" srsName="fguuid:jgd2011.bl">
<gml:pos>32.833925000 131.873183333</gml:pos>
</gml:Point>
</pos>
<type>標高点（測点）</type>
<alti>444</alti>
</ElevPt>
<ElevPt gml:id="K2_4747211829_1">
<fid>47472-11829-i-5</fid>
<lfSpanFr gml:id="K2_4747211829_1-1">
<gml:timePosition>2013-12-10</gml:timePosition>
</lfSpanFr>
<devDate gml:id="K2_4747211829_1-2">
<gml:timePosition>2020-09-08</gml:timePosition>
</devDate>
<orgGILvl>25000</orgGILvl>
<vis>表示</vis>
<pos>
<gml:Point gml:id="K2_4747211829_1-g" srsName="fguuid:jgd2011.bl">
<gml:pos>32.863568333 131.868739722</gml:pos>
</gml:Point>
</pos>
<type>標高点（測点）</type>
<alti>262</alti>
</ElevPt>
<ElevPt gml:id="K2_4747211832_1">
<fid>47472-11832-i-1</fid>
<lfSpanFr gml:id="K2_4747211832_1-1">
<gml:timePosition>2013-12-10</gml:timePosition>
</lfSpanFr>
<devDate gml:id="K2_4747211832_1-2">
<gml:timePosition>2020-09-08</gml:timePosition>
</devDate>
<orgGILvl>25000</orgGILvl>
<vis>表示</vis>
<pos>
<gml:Point gml:id="K2_4747211832_1-g" srsName="fguuid:jgd2011.bl">
<gml:pos>32.869187222 131.867989722</gml:pos>
</gml:Point>
</pos>
<type>標高点（測点）</type>
<alti>128</alti>
</ElevPt>
<ElevPt gml:id="K2_4747211838_1">
<fid>47472-11838-i-5</fid>
<lfSpanFr gml:id="K2_4747211838_1-1">
<gml:timePosition>2013-12-10</gml:timePosition>
</lfSpanFr>
<devDate gml:id="K2_4747211838_1-2">
<gml:timePosition>2020-09-08</gml:timePosition>
</devDate>
<orgGILvl>25000</orgGILvl>
<vis>表示</vis>
<pos>
<gml:Point gml:id="K2_4747211838_1-g" srsName="fguuid:jgd2011.bl">
<gml:pos>32.886821667 131.868721111</gml:pos>
</gml:Point>
</pos>
<type>標高点（測点）</type>
<alti>24</alti>
</ElevPt>
<ElevPt gml:id="K2_4747211841_1">
<fid>47472-11841-i-152</fid>
<lfSpanFr gml:id="K2_4747211841_1-1">
<gml:timePosition>2015-03-06</gml:timePosition>
</lfSpanFr>
<devDate gml:id="K2_4747211841_1-2">
<gml:timePosition>2020-09-08</gml:timePosition>
</devDate>
<orgGILvl>25000</orgGILvl>
<vis>表示</vis>
<pos>
<gml:Point gml:id="K2_4747211841_1-g" srsName="fguuid:jgd2011.bl">
<gml:pos>32.897069167 131.868841667</gml:pos>
</gml:Point>
</pos>
<type>標高点（測点）</type>
<alti>18</alti>
</ElevPt>
<ElevPt gml:id="K2_4747211844_1">
<fid>47472-11844-i-41</fid>
<lfSpanFr gml:id="K2_4747211844_1-1">
<gml:timePosition>2013-12-10</gml:timePosition>
</lfSpanFr>
<devDate gml:id="K2_4747211844_1-2">
<gml:timePosition>2020-09-08</gml:timePosition>
</devDate>
<orgGILvl>25000</orgGILvl>
<vis>表示</vis>
<pos>
<gml:Point gml:id="K2_4747211844_1-g" srsName="fguuid:jgd2011.bl">
<gml:pos>32.903467583 131.869265889</gml:pos>
</gml:Point>
</pos>
<type>標高点（測点）</type>
<alti>78</alti>
</ElevPt>
<ElevPt gml:id="K2_4747211847_1">
<fid>47472-11847-i-8</fid>
<lfSpanFr gml:id="K2_4747211847_1-1">
<gml:timePosition>2013-12-10</gml:timePosition>
</lfSpanFr>
<devDate gml:id="K2_4747211847_1-2">
<gml:timePosition>2020-09-08</gml:timePosition>
</devDate>
<orgGILvl>25000</orgGILvl>
<vis>表示</vis>
<pos>
<gml:Point gml:id="K2_4747211847_1-g" srsName="fguuid:jgd2011.bl">
<gml:pos>32.912292222 131.868015556</gml:pos>
</gml:Point>
</pos>
<type>標高点（測点）</type>
<alti>216</alti>
</ElevPt>
</Dataset>
