<?xml version="1.0" encoding="utf-8"?>
<Dataset xsi:schemaLocation="http://fgd.gsi.go.jp/spec/2008/FGD_GMLSchema FGD_GMLSchema.xsd"
	xmlns:gml="http://www.opengis.net/gml/3.2"
	xmlns:xsi="http://www.w3.org/2001/XMLSchema-instance"
	xmlns:xlink="http://www.w3.org/1999/xlink"
	xmlns="http://fgd.gsi.go.jp/spec/2008/FGD_GMLSchema"
	gml:id="Dataset1">
  <gml:description>基盤地図情報メタデータ ID=fmdid:20-1001</gml:description>
  <gml:name>基盤地図情報ダウンロードデータ（GML版）</gml:name>
<GCP gml:id="K1_493126_1">
<fid>10-00100-0-2009-5162</fid>
<lfSpanFr gml:id="K1_493126_1-1">
<gml:timePosition>2020-09-04</gml:timePosition>
</lfSpanFr>
<devDate gml:id="K1_493126_1-2">
<gml:timePosition>2020-09-08</gml:timePosition>
</devDate>
<orgGILvl>SJ11</orgGILvl>
<vis>表示</vis>
<pos>
<gml:Point gml:id="K1_493126_1-g" srsName="fguuid:jgd2011.bl">
<gml:pos>32.872749694 131.750520000</gml:pos>
</gml:Point>
</pos>
<orgName>国土地理院</orgName>
<type>水準点</type>
<gcpClass>一等水準点</gcpClass>
<gcpCode>L010000002603</gcpCode>
<name>２６０３</name>
<B>118341.8989</B>
<L>474301.872</L>
<alti>91.0436</alti>
<altiAcc>4</altiAcc>
</GCP>
<GCP gml:id="K1_493126_2">
<fid>10-00100-0-2009-5163</fid>
<lfSpanFr gml:id="K1_493126_2-1">
<gml:timePosition>2020-09-04</gml:timePosition>
</lfSpanFr>
<devDate gml:id="K1_493126_2-2">
<gml:timePosition>2020-09-08</gml:timePosition>
</devDate>
<orgGILvl>SJ11</orgGILvl>
<vis>表示</vis>
<pos>
<gml:Point gml:id="K1_493126_2-g" srsName="fguuid:jgd2011.bl">
<gml:pos>32.885808139 131.760390639</gml:pos>
</gml:Point>
</pos>
<orgName>国土地理院</orgName>
<type>水準点</type>
<gcpClass>一等水準点</gcpClass>
<gcpCode>L010000002604</gcpCode>
<name>２６０４</name>
<B>118388.9093</B>
<L>474337.4063</L>
<alti>76.0431</alti>
<altiAcc>4</altiAcc>
</GCP>
<GCP gml:id="K1_493126_3">
<fid>10-00100-0-2009-5164</fid>
<lfSpanFr gml:id="K1_493126_3-1">
<gml:timePosition>2020-09-04</gml:timePosition>
</lfSpanFr>
<devDate gml:id="K1_493126_3-2">
<gml:timePosition>2020-09-08</gml:timePosition>
</devDate>
<orgGILvl>SJ11</orgGILvl>
<vis>表示</vis>
<pos>
<gml:Point gml:id="K1_493126_3-g" srsName="fguuid:jgd2011.bl">
<gml:pos>32.895236278 131.776757028</gml:pos>
</gml:Point>
</pos>
<orgName>国土地理院</orgName>
<type>水準点</type>
<gcpClass>一等水準点</gcpClass>
<gcpCode>L010000002605</gcpCode>
<name>２６０５</name>
<B>118422.8506</B>
<L>474396.3253</L>
<alti>63.2554</alti>
<altiAcc>4</altiAcc>
</GCP>
<GCP gml:id="K1_493126_4">
<fid>10-00100-0-2009-5165</fid>
<lfSpanFr gml:id="K1_493126_4-1">
<gml:timePosition>2020-09-04</gml:timePosition>
</lfSpanFr>
<devDate gml:id="K1_493126_4-2">
<gml:timePosition>2020-09-08</gml:timePosition>
</devDate>
<orgGILvl>SJ11</orgGILvl>
<vis>表示</vis>
<pos>
<gml:Point gml:id="K1_493126_4-g" srsName="fguuid:jgd2011.bl">
<gml:pos>32.904033667 131.790771222</gml:pos>
</gml:Point>
</pos>
<orgName>国土地理院</orgName>
<type>水準点</type>
<gcpClass>一等水準点</gcpClass>
<gcpCode>L010000002606</gcpCode>
<name>２６０６</name>
<B>118454.5212</B>
<L>474446.7764</L>
<alti>47.5493</alti>
<altiAcc>4</altiAcc>
</GCP>
<GCP gml:id="K1_493126_5">
<fid>10-00100-0-2009-17262</fid>
<lfSpanFr gml:id="K1_493126_5-1">
<gml:timePosition>2020-09-04</gml:timePosition>
</lfSpanFr>
<devDate gml:id="K1_493126_5-2">
<gml:timePosition>2020-09-08</gml:timePosition>
</devDate>
<orgGILvl>SJ11</orgGILvl>
<vis>表示</vis>
<pos>
<gml:Point gml:id="K1_493126_5-g" srsName="fguuid:jgd2011.bl">
<gml:pos>32.912188778 131.796255750</gml:pos>
</gml:Point>
</pos>
<orgName>国土地理院</orgName>
<type>水準点</type>
<gcpClass>一等水準点</gcpClass>
<gcpCode>L04000010-199</gcpCode>
<name>０１０－１９９</name>
<B>118483.8796</B>
<L>474466.5207</L>
<alti>45.8523</alti>
<altiAcc>4</altiAcc>
</GCP>
<GCP gml:id="K1_493126_6">
<fid>10-00100-0-2009-17263</fid>
<lfSpanFr gml:id="K1_493126_6-1">
<gml:timePosition>2020-09-04</gml:timePosition>
</lfSpanFr>
<devDate gml:id="K1_493126_6-2">
<gml:timePosition>2020-09-08</gml:timePosition>
</devDate>
<orgGILvl>SJ11</orgGILvl>
<vis>表示</vis>
<pos>
<gml:Point gml:id="K1_493126_6-g" srsName="fguuid:jgd2011.bl">
<gml:pos>32.895650389 131.779276694</gml:pos>
</gml:Point>
</pos>
<orgName>国土地理院</orgName>
<type>水準点</type>
<gcpClass>一等水準点</gcpClass>
<gcpCode>L04000010-202</gcpCode>
<name>０１０－２０２</name>
<B>118424.3414</B>
<L>474405.3961</L>
<alti>64.4477</alti>
<altiAcc>4</altiAcc>
</GCP>
<GCP gml:id="K1_493126_7">
<fid>10-00100-0-2009-21823</fid>
<lfSpanFr gml:id="K1_493126_7-1">
<gml:timePosition>2020-09-04</gml:timePosition>
</lfSpanFr>
<devDate gml:id="K1_493126_7-2">
<gml:timePosition>2020-09-08</gml:timePosition>
</devDate>
<orgGILvl>KJ12</orgGILvl>
<vis>表示</vis>
<pos>
<gml:Point gml:id="K1_493126_7-g" srsName="fguuid:jgd2011.bl">
<gml:pos>32.889849528 131.813625667</gml:pos>
</gml:Point>
</pos>
<orgName>国土地理院</orgName>
<type>三角点</type>
<gcpClass>二等三角点</gcpClass>
<gcpCode>TR24931266501</gcpCode>
<name>大越</name>
<B>118403.4583</B>
<L>474529.0524</L>
<alti>388.78</alti>
<altiAcc>2</altiAcc>
</GCP>
<GCP gml:id="K1_493126_8">
<fid>10-00100-0-2009-29160</fid>
<lfSpanFr gml:id="K1_493126_8-1">
<gml:timePosition>2020-09-04</gml:timePosition>
</lfSpanFr>
<devDate gml:id="K1_493126_8-2">
<gml:timePosition>2020-09-08</gml:timePosition>
</devDate>
<orgGILvl>KJ13</orgGILvl>
<vis>表示</vis>
<pos>
<gml:Point gml:id="K1_493126_8-g" srsName="fguuid:jgd2011.bl">
<gml:pos>32.838749944 131.766152111</gml:pos>
</gml:Point>
</pos>
<orgName>国土地理院</orgName>
<type>三角点</type>
<gcpClass>三等三角点</gcpClass>
<gcpCode>TR34931260101</gcpCode>
<name>一ツ戸</name>
<B>118219.4998</B>
<L>474358.1476</L>
<alti>540.69</alti>
<altiAcc>2</altiAcc>
</GCP>
<GCP gml:id="K1_493126_9">
<fid>10-00100-0-2009-29161</fid>
<lfSpanFr gml:id="K1_493126_9-1">
<gml:timePosition>2020-09-04</gml:timePosition>
</lfSpanFr>
<devDate gml:id="K1_493126_9-2">
<gml:timePosition>2020-09-08</gml:timePosition>
</devDate>
<orgGILvl>KJ13</orgGILvl>
<vis>表示</vis>
<pos>
<gml:Point gml:id="K1_493126_9-g" srsName="fguuid:jgd2011.bl">
<gml:pos>32.849716778 131.812106528</gml:pos>
</gml:Point>
</pos>
<orgName>国土地理院</orgName>
<type>三角点</type>
<gcpClass>三等三角点</gcpClass>
<gcpCode>TR34931261401</gcpCode>
<name>若山</name>
<B>118258.9804</B>
<L>474523.5835</L>
<alti>505.55</alti>
<altiAcc>2</altiAcc>
</GCP>
<GCP gml:id="K1_493126_10">
<fid>10-00100-0-2009-29162</fid>
<lfSpanFr gml:id="K1_493126_10-1">
<gml:timePosition>2020-09-04</gml:timePosition>
</lfSpanFr>
<devDate gml:id="K1_493126_10-2">
<gml:timePosition>2020-09-08</gml:timePosition>
</devDate>
<orgGILvl>KJ13</orgGILvl>
<vis>表示</vis>
<pos>
<gml:Point gml:id="K1_493126_10-g" srsName="fguuid:jgd2011.bl">
<gml:pos>32.846194889 131.852839611</gml:pos>
</gml:Point>
</pos>
<orgName>国土地理院</orgName>
<type>三角点</type>
<gcpClass>三等三角点</gcpClass>
<gcpCode>TR34931261801</gcpCode>
<name>水之元</name>
<B>118246.3016</B>
<L>474670.2226</L>
<alti>428.93</alti>
<altiAcc>2</altiAcc>
</GCP>
<GCP gml:id="K1_493126_11">
<fid>10-00100-0-2009-29163</fid>
<lfSpanFr gml:id="K1_493126_11-1">
<gml:timePosition>2020-09-04</gml:timePosition>
</lfSpanFr>
<devDate gml:id="K1_493126_11-2">
<gml:timePosition>2020-09-08</gml:timePosition>
</devDate>
<orgGILvl>KJ13</orgGILvl>
<vis>表示</vis>
<pos>
<gml:Point gml:id="K1_493126_11-g" srsName="fguuid:jgd2011.bl">
<gml:pos>32.851532750 131.792942972</gml:pos>
</gml:Point>
</pos>
<orgName>国土地理院</orgName>
<type>三角点</type>
<gcpClass>三等三角点</gcpClass>
<gcpCode>TR34931262301</gcpCode>
<name>八丁</name>
<B>118265.5179</B>
<L>474454.5947</L>
<alti>458.78</alti>
<altiAcc>2</altiAcc>
</GCP>
<GCP gml:id="K1_493126_12">
<fid>10-00100-0-2009-29164</fid>
<lfSpanFr gml:id="K1_493126_12-1">
<gml:timePosition>2020-09-04</gml:timePosition>
</lfSpanFr>
<devDate gml:id="K1_493126_12-2">
<gml:timePosition>2020-09-08</gml:timePosition>
</devDate>
<orgGILvl>KJ13</orgGILvl>
<vis>表示</vis>
<pos>
<gml:Point gml:id="K1_493126_12-g" srsName="fguuid:jgd2011.bl">
<gml:pos>32.873942528 131.768382417</gml:pos>
</gml:Point>
</pos>
<orgName>国土地理院</orgName>
<type>三角点</type>
<gcpClass>三等三角点</gcpClass>
<gcpCode>TR34931264101</gcpCode>
<name>長葉</name>
<B>118346.1931</B>
<L>474366.1767</L>
<alti>338.66</alti>
<altiAcc>2</altiAcc>
</GCP>
<GCP gml:id="K1_493126_13">
<fid>10-00100-0-2009-29165</fid>
<lfSpanFr gml:id="K1_493126_13-1">
<gml:timePosition>2020-09-04</gml:timePosition>
</lfSpanFr>
<devDate gml:id="K1_493126_13-2">
<gml:timePosition>2020-09-08</gml:timePosition>
</devDate>
<orgGILvl>KJ13</orgGILvl>
<vis>表示</vis>
<pos>
<gml:Point gml:id="K1_493126_13-g" srsName="fguuid:jgd2011.bl">
<gml:pos>32.869822611 131.836288194</gml:pos>
</gml:Point>
</pos>
<orgName>国土地理院</orgName>
<type>三角点</type>
<gcpClass>三等三角点</gcpClass>
<gcpCode>TR34931264601</gcpCode>
<name>四方</name>
<B>118331.3614</B>
<L>474610.6375</L>
<alti>552.53</alti>
<altiAcc>2</altiAcc>
</GCP>
<GCP gml:id="K1_493126_14">
<fid>10-00100-0-2009-29166</fid>
<lfSpanFr gml:id="K1_493126_14-1">
<gml:timePosition>2020-09-04</gml:timePosition>
</lfSpanFr>
<devDate gml:id="K1_493126_14-2">
<gml:timePosition>2020-09-08</gml:timePosition>
</devDate>
<orgGILvl>KJ13</orgGILvl>
<vis>表示</vis>
<pos>
<gml:Point gml:id="K1_493126_14-g" srsName="fguuid:jgd2011.bl">
<gml:pos>32.875941639 131.800055722</gml:pos>
</gml:Point>
</pos>
<orgName>国土地理院</orgName>
<type>三角点</type>
<gcpClass>三等三角点</gcpClass>
<gcpCode>TR34931265401</gcpCode>
<name>赤木</name>
<B>118353.3899</B>
<L>474480.2006</L>
<alti>349.71</alti>
<altiAcc>2</altiAcc>
</GCP>
<GCP gml:id="K1_493126_15">
<fid>10-00100-0-2009-29167</fid>
<lfSpanFr gml:id="K1_493126_15-1">
<gml:timePosition>2020-09-04</gml:timePosition>
</lfSpanFr>
<devDate gml:id="K1_493126_15-2">
<gml:timePosition>2020-09-08</gml:timePosition>
</devDate>
<orgGILvl>KJ13</orgGILvl>
<vis>表示</vis>
<pos>
<gml:Point gml:id="K1_493126_15-g" srsName="fguuid:jgd2011.bl">
<gml:pos>32.891433639 131.789225417</gml:pos>
</gml:Point>
</pos>
<orgName>国土地理院</orgName>
<type>三角点</type>
<gcpClass>三等三角点</gcpClass>
<gcpCode>TR34931266301</gcpCode>
<name>立平</name>
<B>118409.1611</B>
<L>474441.2115</L>
<alti>240.33</alti>
<altiAcc>2</altiAcc>
</GCP>
<GCP gml:id="K1_493126_16">
<fid>10-00100-0-2009-29168</fid>
<lfSpanFr gml:id="K1_493126_16-1">
<gml:timePosition>2020-09-04</gml:timePosition>
</lfSpanFr>
<devDate gml:id="K1_493126_16-2">
<gml:timePosition>2020-09-08</gml:timePosition>
</devDate>
<orgGILvl>KJ13</orgGILvl>
<vis>表示</vis>
<pos>
<gml:Point gml:id="K1_493126_16-g" srsName="fguuid:jgd2011.bl">
<gml:pos>32.888434000 131.852945722</gml:pos>
</gml:Point>
</pos>
<orgName>国土地理院</orgName>
<type>三角点</type>
<gcpClass>三等三角点</gcpClass>
<gcpCode>TR34931266801</gcpCode>
<name>又五郎</name>
<B>118398.3624</B>
<L>474670.6046</L>
<alti>433.93</alti>
<altiAcc>2</altiAcc>
</GCP>
<GCP gml:id="K1_493126_17">
<fid>10-00100-0-2009-29169</fid>
<lfSpanFr gml:id="K1_493126_17-1">
<gml:timePosition>2020-09-04</gml:timePosition>
</lfSpanFr>
<devDate gml:id="K1_493126_17-2">
<gml:timePosition>2020-09-08</gml:timePosition>
</devDate>
<orgGILvl>KJ13</orgGILvl>
<vis>表示</vis>
<pos>
<gml:Point gml:id="K1_493126_17-g" srsName="fguuid:jgd2011.bl">
<gml:pos>32.909620528 131.767843833</gml:pos>
</gml:Point>
</pos>
<orgName>国土地理院</orgName>
<type>三角点</type>
<gcpClass>三等三角点</gcpClass>
<gcpCode>TR34931269101</gcpCode>
<name>川内</name>
<B>118474.6339</B>
<L>474364.2378</L>
<alti>341.84</alti>
<altiAcc>2</altiAcc>
</GCP>
<GCP gml:id="K1_493126_18">
<fid>10-00100-0-2009-29170</fid>
<lfSpanFr gml:id="K1_493126_18-1">
<gml:timePosition>2020-09-04</gml:timePosition>
</lfSpanFr>
<devDate gml:id="K1_493126_18-2">
<gml:timePosition>2020-09-08</gml:timePosition>
</devDate>
<orgGILvl>KJ13</orgGILvl>
<vis>表示</vis>
<pos>
<gml:Point gml:id="K1_493126_18-g" srsName="fguuid:jgd2011.bl">
<gml:pos>32.915436667 131.844874444</gml:pos>
</gml:Point>
</pos>
<orgName>国土地理院</orgName>
<type>三角点</type>
<gcpClass>三等三角点</gcpClass>
<gcpCode>TR34931269701</gcpCode>
<name>乳母ヶ谷</name>
<B>118495.572</B>
<L>474641.548</L>
<alti>423.53</alti>
<altiAcc>2</altiAcc>
</GCP>
<GCP gml:id="K1_493126_19">
<fid>10-00100-0-2009-67067</fid>
<lfSpanFr gml:id="K1_493126_19-1">
<gml:timePosition>2020-09-04</gml:timePosition>
</lfSpanFr>
<devDate gml:id="K1_493126_19-2">
<gml:timePosition>2020-09-08</gml:timePosition>
</devDate>
<orgGILvl>KJ14</orgGILvl>
<vis>表示</vis>
<pos>
<gml:Point gml:id="K1_493126_19-g" srsName="fguuid:jgd2011.bl">
<gml:pos>32.847078472 131.759562722</gml:pos>
</gml:Point>
</pos>
<orgName>国土地理院</orgName>
<type>三角点</type>
<gcpClass>四等三角点</gcpClass>
<gcpCode>TR44931261001</gcpCode>
<name>山ノ戸</name>
<B>118249.4825</B>
<L>474334.4258</L>
<alti>399.54</alti>
<altiAcc>2</altiAcc>
</GCP>
<GCP gml:id="K1_493126_20">
<fid>10-00100-0-2009-67068</fid>
<lfSpanFr gml:id="K1_493126_20-1">
<gml:timePosition>2020-09-04</gml:timePosition>
</lfSpanFr>
<devDate gml:id="K1_493126_20-2">
<gml:timePosition>2020-09-08</gml:timePosition>
</devDate>
<orgGILvl>KJ14</orgGILvl>
<vis>表示</vis>
<pos>
<gml:Point gml:id="K1_493126_20-g" srsName="fguuid:jgd2011.bl">
<gml:pos>32.847951472 131.770153306</gml:pos>
</gml:Point>
</pos>
<orgName>国土地理院</orgName>
<type>三角点</type>
<gcpClass>四等三角点</gcpClass>
<gcpCode>TR44931261101</gcpCode>
<name>黒澤</name>
<B>118252.6253</B>
<L>474372.5519</L>
<alti>420.52</alti>
<altiAcc>2</altiAcc>
</GCP>
<GCP gml:id="K1_493126_21">
<fid>10-00100-0-2009-67069</fid>
<lfSpanFr gml:id="K1_493126_21-1">
<gml:timePosition>2020-09-04</gml:timePosition>
</lfSpanFr>
<devDate gml:id="K1_493126_21-2">
<gml:timePosition>2020-09-08</gml:timePosition>
</devDate>
<orgGILvl>KJ14</orgGILvl>
<vis>表示</vis>
<pos>
<gml:Point gml:id="K1_493126_21-g" srsName="fguuid:jgd2011.bl">
<gml:pos>32.848578611 131.872042611</gml:pos>
</gml:Point>
</pos>
<orgName>国土地理院</orgName>
<type>三角点</type>
<gcpClass>四等三角点</gcpClass>
<gcpCode>TR44931261901</gcpCode>
<name>日出光</name>
<B>118254.883</B>
<L>474739.3534</L>
<alti>424.68</alti>
<altiAcc>2</altiAcc>
</GCP>
<GCP gml:id="K1_493126_22">
<fid>10-00100-0-2009-67070</fid>
<lfSpanFr gml:id="K1_493126_22-1">
<gml:timePosition>2020-09-04</gml:timePosition>
</lfSpanFr>
<devDate gml:id="K1_493126_22-2">
<gml:timePosition>2020-09-08</gml:timePosition>
</devDate>
<orgGILvl>KJ14</orgGILvl>
<vis>表示</vis>
<pos>
<gml:Point gml:id="K1_493126_22-g" srsName="fguuid:jgd2011.bl">
<gml:pos>32.844737000 131.862543694</gml:pos>
</gml:Point>
</pos>
<orgName>国土地理院</orgName>
<type>三角点</type>
<gcpClass>四等三角点</gcpClass>
<gcpCode>TR44931261902</gcpCode>
<name>長谷川内</name>
<B>118241.0532</B>
<L>474705.1573</L>
<alti>387.41</alti>
<altiAcc>2</altiAcc>
</GCP>
<GCP gml:id="K1_493126_23">
<fid>10-00100-0-2009-67071</fid>
<lfSpanFr gml:id="K1_493126_23-1">
<gml:timePosition>2020-09-04</gml:timePosition>
</lfSpanFr>
<devDate gml:id="K1_493126_23-2">
<gml:timePosition>2020-09-08</gml:timePosition>
</devDate>
<orgGILvl>KJ14</orgGILvl>
<vis>表示</vis>
<pos>
<gml:Point gml:id="K1_493126_23-g" srsName="fguuid:jgd2011.bl">
<gml:pos>32.855662056 131.826359333</gml:pos>
</gml:Point>
</pos>
<orgName>国土地理院</orgName>
<type>三角点</type>
<gcpClass>四等三角点</gcpClass>
<gcpCode>TR44931262601</gcpCode>
<name>ウリコヤ</name>
<B>118280.3834</B>
<L>474574.8936</L>
<alti>526.88</alti>
<altiAcc>2</altiAcc>
</GCP>
<GCP gml:id="K1_493126_24">
<fid>10-00100-0-2009-67072</fid>
<lfSpanFr gml:id="K1_493126_24-1">
<gml:timePosition>2020-09-04</gml:timePosition>
</lfSpanFr>
<devDate gml:id="K1_493126_24-2">
<gml:timePosition>2020-09-08</gml:timePosition>
</devDate>
<orgGILvl>KJ14</orgGILvl>
<vis>表示</vis>
<pos>
<gml:Point gml:id="K1_493126_24-g" srsName="fguuid:jgd2011.bl">
<gml:pos>32.852760056 131.843034694</gml:pos>
</gml:Point>
</pos>
<orgName>国土地理院</orgName>
<type>三角点</type>
<gcpClass>四等三角点</gcpClass>
<gcpCode>TR44931262701</gcpCode>
<name>井手ヶ原</name>
<B>118269.9362</B>
<L>474634.9249</L>
<alti>188.33</alti>
<altiAcc>2</altiAcc>
</GCP>
<GCP gml:id="K1_493126_25">
<fid>10-00100-0-2009-67073</fid>
<lfSpanFr gml:id="K1_493126_25-1">
<gml:timePosition>2020-09-04</gml:timePosition>
</lfSpanFr>
<devDate gml:id="K1_493126_25-2">
<gml:timePosition>2020-09-08</gml:timePosition>
</devDate>
<orgGILvl>KJ14</orgGILvl>
<vis>表示</vis>
<pos>
<gml:Point gml:id="K1_493126_25-g" srsName="fguuid:jgd2011.bl">
<gml:pos>32.859604639 131.754755667</gml:pos>
</gml:Point>
</pos>
<orgName>国土地理院</orgName>
<type>三角点</type>
<gcpClass>四等三角点</gcpClass>
<gcpCode>TR44931263001</gcpCode>
<name>村山</name>
<B>118294.5767</B>
<L>474317.1204</L>
<alti>274.92</alti>
<altiAcc>2</altiAcc>
</GCP>
<GCP gml:id="K1_493126_26">
<fid>10-00100-0-2009-67074</fid>
<lfSpanFr gml:id="K1_493126_26-1">
<gml:timePosition>2020-09-04</gml:timePosition>
</lfSpanFr>
<devDate gml:id="K1_493126_26-2">
<gml:timePosition>2020-09-08</gml:timePosition>
</devDate>
<orgGILvl>KJ14</orgGILvl>
<vis>表示</vis>
<pos>
<gml:Point gml:id="K1_493126_26-g" srsName="fguuid:jgd2011.bl">
<gml:pos>32.859761333 131.768869972</gml:pos>
</gml:Point>
</pos>
<orgName>国土地理院</orgName>
<type>三角点</type>
<gcpClass>四等三角点</gcpClass>
<gcpCode>TR44931263101</gcpCode>
<name>洗場</name>
<B>118295.1408</B>
<L>474367.9319</L>
<alti>238.38</alti>
<altiAcc>2</altiAcc>
</GCP>
<GCP gml:id="K1_493126_27">
<fid>10-00100-0-2009-67075</fid>
<lfSpanFr gml:id="K1_493126_27-1">
<gml:timePosition>2020-09-04</gml:timePosition>
</lfSpanFr>
<devDate gml:id="K1_493126_27-2">
<gml:timePosition>2020-09-08</gml:timePosition>
</devDate>
<orgGILvl>KJ14</orgGILvl>
<vis>表示</vis>
<pos>
<gml:Point gml:id="K1_493126_27-g" srsName="fguuid:jgd2011.bl">
<gml:pos>32.864977639 131.786603611</gml:pos>
</gml:Point>
</pos>
<orgName>国土地理院</orgName>
<type>三角点</type>
<gcpClass>四等三角点</gcpClass>
<gcpCode>TR44931263201</gcpCode>
<name>夏木</name>
<B>118313.9195</B>
<L>474431.773</L>
<alti>218.3</alti>
<altiAcc>2</altiAcc>
</GCP>
<GCP gml:id="K1_493126_28">
<fid>10-00100-0-2009-67076</fid>
<lfSpanFr gml:id="K1_493126_28-1">
<gml:timePosition>2020-09-04</gml:timePosition>
</lfSpanFr>
<devDate gml:id="K1_493126_28-2">
<gml:timePosition>2020-09-08</gml:timePosition>
</devDate>
<orgGILvl>KJ14</orgGILvl>
<vis>表示</vis>
<pos>
<gml:Point gml:id="K1_493126_28-g" srsName="fguuid:jgd2011.bl">
<gml:pos>32.861762472 131.802382306</gml:pos>
</gml:Point>
</pos>
<orgName>国土地理院</orgName>
<type>三角点</type>
<gcpClass>四等三角点</gcpClass>
<gcpCode>TR44931263401</gcpCode>
<name>峠ノ下</name>
<B>118302.3449</B>
<L>474488.5763</L>
<alti>364.37</alti>
<altiAcc>2</altiAcc>
</GCP>
<GCP gml:id="K1_493126_29">
<fid>10-00100-0-2009-67077</fid>
<lfSpanFr gml:id="K1_493126_29-1">
<gml:timePosition>2020-09-04</gml:timePosition>
</lfSpanFr>
<devDate gml:id="K1_493126_29-2">
<gml:timePosition>2020-09-08</gml:timePosition>
</devDate>
<orgGILvl>KJ14</orgGILvl>
<vis>表示</vis>
<pos>
<gml:Point gml:id="K1_493126_29-g" srsName="fguuid:jgd2011.bl">
<gml:pos>32.860810194 131.853854583</gml:pos>
</gml:Point>
</pos>
<orgName>国土地理院</orgName>
<type>三角点</type>
<gcpClass>四等三角点</gcpClass>
<gcpCode>TR44931263801</gcpCode>
<name>フチワキ</name>
<B>118298.9167</B>
<L>474673.8765</L>
<alti>53.11</alti>
<altiAcc>2</altiAcc>
</GCP>
<GCP gml:id="K1_493126_30">
<fid>10-00100-0-2009-67078</fid>
<lfSpanFr gml:id="K1_493126_30-1">
<gml:timePosition>2020-09-04</gml:timePosition>
</lfSpanFr>
<devDate gml:id="K1_493126_30-2">
<gml:timePosition>2020-09-08</gml:timePosition>
</devDate>
<orgGILvl>KJ14</orgGILvl>
<vis>表示</vis>
<pos>
<gml:Point gml:id="K1_493126_30-g" srsName="fguuid:jgd2011.bl">
<gml:pos>32.870772250 131.756714222</gml:pos>
</gml:Point>
</pos>
<orgName>国土地理院</orgName>
<type>三角点</type>
<gcpClass>四等三角点</gcpClass>
<gcpCode>TR44931264001</gcpCode>
<name>炭床</name>
<B>118334.7801</B>
<L>474324.1712</L>
<alti>262.45</alti>
<altiAcc>2</altiAcc>
</GCP>
<GCP gml:id="K1_493126_31">
<fid>10-00100-0-2009-67079</fid>
<lfSpanFr gml:id="K1_493126_31-1">
<gml:timePosition>2020-09-04</gml:timePosition>
</lfSpanFr>
<devDate gml:id="K1_493126_31-2">
<gml:timePosition>2020-09-08</gml:timePosition>
</devDate>
<orgGILvl>KJ14</orgGILvl>
<vis>表示</vis>
<pos>
<gml:Point gml:id="K1_493126_31-g" srsName="fguuid:jgd2011.bl">
<gml:pos>32.872931000 131.787940000</gml:pos>
</gml:Point>
</pos>
<orgName>国土地理院</orgName>
<type>三角点</type>
<gcpClass>四等三角点</gcpClass>
<gcpCode>TR44931264301</gcpCode>
<name>長野</name>
<B>118342.5516</B>
<L>474436.584</L>
<alti>212.3</alti>
<altiAcc>2</altiAcc>
</GCP>
<GCP gml:id="K1_493126_32">
<fid>10-00100-0-2009-67080</fid>
<lfSpanFr gml:id="K1_493126_32-1">
<gml:timePosition>2020-09-04</gml:timePosition>
</lfSpanFr>
<devDate gml:id="K1_493126_32-2">
<gml:timePosition>2020-09-08</gml:timePosition>
</devDate>
<orgGILvl>KJ14</orgGILvl>
<vis>表示</vis>
<pos>
<gml:Point gml:id="K1_493126_32-g" srsName="fguuid:jgd2011.bl">
<gml:pos>32.874691444 131.819852667</gml:pos>
</gml:Point>
</pos>
<orgName>国土地理院</orgName>
<type>三角点</type>
<gcpClass>四等三角点</gcpClass>
<gcpCode>TR44931264501</gcpCode>
<name>平石</name>
<B>118348.8892</B>
<L>474551.4696</L>
<alti>345.89</alti>
<altiAcc>2</altiAcc>
</GCP>
<GCP gml:id="K1_493126_33">
<fid>10-00100-0-2009-67081</fid>
<lfSpanFr gml:id="K1_493126_33-1">
<gml:timePosition>2020-09-04</gml:timePosition>
</lfSpanFr>
<devDate gml:id="K1_493126_33-2">
<gml:timePosition>2020-09-08</gml:timePosition>
</devDate>
<orgGILvl>KJ14</orgGILvl>
<vis>表示</vis>
<pos>
<gml:Point gml:id="K1_493126_33-g" srsName="fguuid:jgd2011.bl">
<gml:pos>32.879167194 131.855240778</gml:pos>
</gml:Point>
</pos>
<orgName>国土地理院</orgName>
<type>三角点</type>
<gcpClass>四等三角点</gcpClass>
<gcpCode>TR44931265801</gcpCode>
<name>高畑</name>
<B>118365.0019</B>
<L>474678.8668</L>
<alti>408.16</alti>
<altiAcc>2</altiAcc>
</GCP>
<GCP gml:id="K1_493126_34">
<fid>10-00100-0-2009-67082</fid>
<lfSpanFr gml:id="K1_493126_34-1">
<gml:timePosition>2020-09-04</gml:timePosition>
</lfSpanFr>
<devDate gml:id="K1_493126_34-2">
<gml:timePosition>2020-09-08</gml:timePosition>
</devDate>
<orgGILvl>KJ14</orgGILvl>
<vis>表示</vis>
<pos>
<gml:Point gml:id="K1_493126_34-g" srsName="fguuid:jgd2011.bl">
<gml:pos>32.890068417 131.770508000</gml:pos>
</gml:Point>
</pos>
<orgName>国土地理院</orgName>
<type>三角点</type>
<gcpClass>四等三角点</gcpClass>
<gcpCode>TR44931266101</gcpCode>
<name>大久保</name>
<B>118404.2463</B>
<L>474373.8288</L>
<alti>229.27</alti>
<altiAcc>2</altiAcc>
</GCP>
<GCP gml:id="K1_493126_35">
<fid>10-00100-0-2009-67083</fid>
<lfSpanFr gml:id="K1_493126_35-1">
<gml:timePosition>2020-09-04</gml:timePosition>
</lfSpanFr>
<devDate gml:id="K1_493126_35-2">
<gml:timePosition>2020-09-08</gml:timePosition>
</devDate>
<orgGILvl>KJ14</orgGILvl>
<vis>表示</vis>
<pos>
<gml:Point gml:id="K1_493126_35-g" srsName="fguuid:jgd2011.bl">
<gml:pos>32.885992028 131.780818500</gml:pos>
</gml:Point>
</pos>
<orgName>国土地理院</orgName>
<type>三角点</type>
<gcpClass>四等三角点</gcpClass>
<gcpCode>TR44931266201</gcpCode>
<name>堂師</name>
<B>118389.5713</B>
<L>474410.9466</L>
<alti>144.38</alti>
<altiAcc>2</altiAcc>
</GCP>
<GCP gml:id="K1_493126_36">
<fid>10-00100-0-2009-67084</fid>
<lfSpanFr gml:id="K1_493126_36-1">
<gml:timePosition>2020-09-04</gml:timePosition>
</lfSpanFr>
<devDate gml:id="K1_493126_36-2">
<gml:timePosition>2020-09-08</gml:timePosition>
</devDate>
<orgGILvl>KJ14</orgGILvl>
<vis>表示</vis>
<pos>
<gml:Point gml:id="K1_493126_36-g" srsName="fguuid:jgd2011.bl">
<gml:pos>32.885772833 131.828121528</gml:pos>
</gml:Point>
</pos>
<orgName>国土地理院</orgName>
<type>三角点</type>
<gcpClass>四等三角点</gcpClass>
<gcpCode>TR44931266601</gcpCode>
<name>虎ヶ薮</name>
<B>118388.7822</B>
<L>474581.2375</L>
<alti>201.1</alti>
<altiAcc>2</altiAcc>
</GCP>
<GCP gml:id="K1_493126_37">
<fid>10-00100-0-2009-67085</fid>
<lfSpanFr gml:id="K1_493126_37-1">
<gml:timePosition>2020-09-04</gml:timePosition>
</lfSpanFr>
<devDate gml:id="K1_493126_37-2">
<gml:timePosition>2020-09-08</gml:timePosition>
</devDate>
<orgGILvl>KJ14</orgGILvl>
<vis>表示</vis>
<pos>
<gml:Point gml:id="K1_493126_37-g" srsName="fguuid:jgd2011.bl">
<gml:pos>32.883828278 131.841518556</gml:pos>
</gml:Point>
</pos>
<orgName>国土地理院</orgName>
<type>三角点</type>
<gcpClass>四等三角点</gcpClass>
<gcpCode>TR44931266701</gcpCode>
<name>船河内</name>
<B>118381.7818</B>
<L>474629.4668</L>
<alti>375.78</alti>
<altiAcc>2</altiAcc>
</GCP>
<GCP gml:id="K1_493126_38">
<fid>10-00100-0-2009-67086</fid>
<lfSpanFr gml:id="K1_493126_38-1">
<gml:timePosition>2020-09-04</gml:timePosition>
</lfSpanFr>
<devDate gml:id="K1_493126_38-2">
<gml:timePosition>2020-09-08</gml:timePosition>
</devDate>
<orgGILvl>KJ14</orgGILvl>
<vis>表示</vis>
<pos>
<gml:Point gml:id="K1_493126_38-g" srsName="fguuid:jgd2011.bl">
<gml:pos>32.884964389 131.870668083</gml:pos>
</gml:Point>
</pos>
<orgName>国土地理院</orgName>
<type>三角点</type>
<gcpClass>四等三角点</gcpClass>
<gcpCode>TR44931266901</gcpCode>
<name>大通</name>
<B>118385.8718</B>
<L>474734.4051</L>
<alti>27.06</alti>
<altiAcc>2</altiAcc>
</GCP>
<GCP gml:id="K1_493126_39">
<fid>10-00100-0-2009-67087</fid>
<lfSpanFr gml:id="K1_493126_39-1">
<gml:timePosition>2020-09-04</gml:timePosition>
</lfSpanFr>
<devDate gml:id="K1_493126_39-2">
<gml:timePosition>2020-09-08</gml:timePosition>
</devDate>
<orgGILvl>KJ14</orgGILvl>
<vis>表示</vis>
<pos>
<gml:Point gml:id="K1_493126_39-g" srsName="fguuid:jgd2011.bl">
<gml:pos>32.895503278 131.756904472</gml:pos>
</gml:Point>
</pos>
<orgName>国土地理院</orgName>
<type>三角点</type>
<gcpClass>四等三角点</gcpClass>
<gcpCode>TR44931267001</gcpCode>
<name>月形</name>
<B>118423.8118</B>
<L>474324.8561</L>
<alti>173.45</alti>
<altiAcc>2</altiAcc>
</GCP>
<GCP gml:id="K1_493126_40">
<fid>10-00100-0-2009-67088</fid>
<lfSpanFr gml:id="K1_493126_40-1">
<gml:timePosition>2020-09-04</gml:timePosition>
</lfSpanFr>
<devDate gml:id="K1_493126_40-2">
<gml:timePosition>2020-09-08</gml:timePosition>
</devDate>
<orgGILvl>KJ14</orgGILvl>
<vis>表示</vis>
<pos>
<gml:Point gml:id="K1_493126_40-g" srsName="fguuid:jgd2011.bl">
<gml:pos>32.898704472 131.769187000</gml:pos>
</gml:Point>
</pos>
<orgName>国土地理院</orgName>
<type>三角点</type>
<gcpClass>四等三角点</gcpClass>
<gcpCode>TR44931267101</gcpCode>
<name>鴨</name>
<B>118435.3361</B>
<L>474369.0732</L>
<alti>171.44</alti>
<altiAcc>2</altiAcc>
</GCP>
<GCP gml:id="K1_493126_41">
<fid>10-00100-0-2009-67089</fid>
<lfSpanFr gml:id="K1_493126_41-1">
<gml:timePosition>2020-09-04</gml:timePosition>
</lfSpanFr>
<devDate gml:id="K1_493126_41-2">
<gml:timePosition>2020-09-08</gml:timePosition>
</devDate>
<orgGILvl>KJ14</orgGILvl>
<vis>表示</vis>
<pos>
<gml:Point gml:id="K1_493126_41-g" srsName="fguuid:jgd2011.bl">
<gml:pos>32.899516389 131.819590583</gml:pos>
</gml:Point>
</pos>
<orgName>国土地理院</orgName>
<type>三角点</type>
<gcpClass>四等三角点</gcpClass>
<gcpCode>TR44931267501</gcpCode>
<name>クロン畑</name>
<B>118438.259</B>
<L>474550.5261</L>
<alti>375.23</alti>
<altiAcc>2</altiAcc>
</GCP>
<GCP gml:id="K1_493126_42">
<fid>10-00100-0-2009-67090</fid>
<lfSpanFr gml:id="K1_493126_42-1">
<gml:timePosition>2020-09-04</gml:timePosition>
</lfSpanFr>
<devDate gml:id="K1_493126_42-2">
<gml:timePosition>2020-09-08</gml:timePosition>
</devDate>
<orgGILvl>KJ14</orgGILvl>
<vis>表示</vis>
<pos>
<gml:Point gml:id="K1_493126_42-g" srsName="fguuid:jgd2011.bl">
<gml:pos>32.896686417 131.859277944</gml:pos>
</gml:Point>
</pos>
<orgName>国土地理院</orgName>
<type>三角点</type>
<gcpClass>四等三角点</gcpClass>
<gcpCode>TR44931267801</gcpCode>
<name>頓河内</name>
<B>118428.0711</B>
<L>474693.4006</L>
<alti>281.49</alti>
<altiAcc>2</altiAcc>
</GCP>
<GCP gml:id="K1_493126_43">
<fid>10-00100-0-2009-67091</fid>
<lfSpanFr gml:id="K1_493126_43-1">
<gml:timePosition>2020-09-04</gml:timePosition>
</lfSpanFr>
<devDate gml:id="K1_493126_43-2">
<gml:timePosition>2020-09-08</gml:timePosition>
</devDate>
<orgGILvl>KJ14</orgGILvl>
<vis>表示</vis>
<pos>
<gml:Point gml:id="K1_493126_43-g" srsName="fguuid:jgd2011.bl">
<gml:pos>32.908032083 131.775669722</gml:pos>
</gml:Point>
</pos>
<orgName>国土地理院</orgName>
<type>三角点</type>
<gcpClass>四等三角点</gcpClass>
<gcpCode>TR44931268201</gcpCode>
<name>川又</name>
<B>118468.9155</B>
<L>474392.411</L>
<alti>276.53</alti>
<altiAcc>2</altiAcc>
</GCP>
<GCP gml:id="K1_493126_44">
<fid>10-00100-0-2009-67092</fid>
<lfSpanFr gml:id="K1_493126_44-1">
<gml:timePosition>2020-09-04</gml:timePosition>
</lfSpanFr>
<devDate gml:id="K1_493126_44-2">
<gml:timePosition>2020-09-08</gml:timePosition>
</devDate>
<orgGILvl>KJ14</orgGILvl>
<vis>表示</vis>
<pos>
<gml:Point gml:id="K1_493126_44-g" srsName="fguuid:jgd2011.bl">
<gml:pos>32.908328028 131.792019556</gml:pos>
</gml:Point>
</pos>
<orgName>国土地理院</orgName>
<type>三角点</type>
<gcpClass>四等三角点</gcpClass>
<gcpCode>TR44931268301</gcpCode>
<name>兵河内</name>
<B>118469.9809</B>
<L>474451.2704</L>
<alti>158.66</alti>
<altiAcc>2</altiAcc>
</GCP>
<GCP gml:id="K1_493126_45">
<fid>10-00100-0-2009-67093</fid>
<lfSpanFr gml:id="K1_493126_45-1">
<gml:timePosition>2020-09-04</gml:timePosition>
</lfSpanFr>
<devDate gml:id="K1_493126_45-2">
<gml:timePosition>2020-09-08</gml:timePosition>
</devDate>
<orgGILvl>KJ14</orgGILvl>
<vis>表示</vis>
<pos>
<gml:Point gml:id="K1_493126_45-g" srsName="fguuid:jgd2011.bl">
<gml:pos>32.901575472 131.794794417</gml:pos>
</gml:Point>
</pos>
<orgName>国土地理院</orgName>
<type>三角点</type>
<gcpClass>四等三角点</gcpClass>
<gcpCode>TR44931268302</gcpCode>
<name>中津留</name>
<B>118445.6717</B>
<L>474461.2599</L>
<alti>146.16</alti>
<altiAcc>2</altiAcc>
</GCP>
<GCP gml:id="K1_493126_46">
<fid>10-00100-0-2009-67094</fid>
<lfSpanFr gml:id="K1_493126_46-1">
<gml:timePosition>2020-09-04</gml:timePosition>
</lfSpanFr>
<devDate gml:id="K1_493126_46-2">
<gml:timePosition>2020-09-08</gml:timePosition>
</devDate>
<orgGILvl>KJ14</orgGILvl>
<vis>表示</vis>
<pos>
<gml:Point gml:id="K1_493126_46-g" srsName="fguuid:jgd2011.bl">
<gml:pos>32.900013389 131.833414528</gml:pos>
</gml:Point>
</pos>
<orgName>国土地理院</orgName>
<type>三角点</type>
<gcpClass>四等三角点</gcpClass>
<gcpCode>TR44931268601</gcpCode>
<name>ソウミ</name>
<B>118440.0482</B>
<L>474600.2923</L>
<alti>340.33</alti>
<altiAcc>2</altiAcc>
</GCP>
<GCP gml:id="K1_493126_47">
<fid>10-00100-0-2009-67095</fid>
<lfSpanFr gml:id="K1_493126_47-1">
<gml:timePosition>2020-09-04</gml:timePosition>
</lfSpanFr>
<devDate gml:id="K1_493126_47-2">
<gml:timePosition>2020-09-08</gml:timePosition>
</devDate>
<orgGILvl>KJ14</orgGILvl>
<vis>表示</vis>
<pos>
<gml:Point gml:id="K1_493126_47-g" srsName="fguuid:jgd2011.bl">
<gml:pos>32.904589444 131.851527056</gml:pos>
</gml:Point>
</pos>
<orgName>国土地理院</orgName>
<type>三角点</type>
<gcpClass>四等三角点</gcpClass>
<gcpCode>TR44931268801</gcpCode>
<name>灘谷</name>
<B>118456.522</B>
<L>474665.4974</L>
<alti>259.11</alti>
<altiAcc>2</altiAcc>
</GCP>
<GCP gml:id="K1_493126_48">
<fid>10-00100-0-2009-67096</fid>
<lfSpanFr gml:id="K1_493126_48-1">
<gml:timePosition>2020-09-04</gml:timePosition>
</lfSpanFr>
<devDate gml:id="K1_493126_48-2">
<gml:timePosition>2020-09-08</gml:timePosition>
</devDate>
<orgGILvl>KJ14</orgGILvl>
<vis>表示</vis>
<pos>
<gml:Point gml:id="K1_493126_48-g" srsName="fguuid:jgd2011.bl">
<gml:pos>32.906787722 131.870767833</gml:pos>
</gml:Point>
</pos>
<orgName>国土地理院</orgName>
<type>三角点</type>
<gcpClass>四等三角点</gcpClass>
<gcpCode>TR44931268901</gcpCode>
<name>西野</name>
<B>118464.4358</B>
<L>474734.7642</L>
<alti>12.43</alti>
<altiAcc>2</altiAcc>
</GCP>
<GCP gml:id="K1_493126_49">
<fid>10-00100-0-2009-67097</fid>
<lfSpanFr gml:id="K1_493126_49-1">
<gml:timePosition>2020-09-04</gml:timePosition>
</lfSpanFr>
<devDate gml:id="K1_493126_49-2">
<gml:timePosition>2020-09-08</gml:timePosition>
</devDate>
<orgGILvl>KJ14</orgGILvl>
<vis>表示</vis>
<pos>
<gml:Point gml:id="K1_493126_49-g" srsName="fguuid:jgd2011.bl">
<gml:pos>32.908922278 131.807167778</gml:pos>
</gml:Point>
</pos>
<orgName>国土地理院</orgName>
<type>三角点</type>
<gcpClass>四等三角点</gcpClass>
<gcpCode>TR44931269401</gcpCode>
<name>日栗</name>
<B>118472.1202</B>
<L>474505.804</L>
<alti>246.29</alti>
<altiAcc>2</altiAcc>
</GCP>
<GCP gml:id="K1_493126_50">
<fid>10-00100-0-2009-67098</fid>
<lfSpanFr gml:id="K1_493126_50-1">
<gml:timePosition>2020-09-04</gml:timePosition>
</lfSpanFr>
<devDate gml:id="K1_493126_50-2">
<gml:timePosition>2020-09-08</gml:timePosition>
</devDate>
<orgGILvl>KJ14</orgGILvl>
<vis>表示</vis>
<pos>
<gml:Point gml:id="K1_493126_50-g" srsName="fguuid:jgd2011.bl">
<gml:pos>32.912663556 131.830797000</gml:pos>
</gml:Point>
</pos>
<orgName>国土地理院</orgName>
<type>三角点</type>
<gcpClass>四等三角点</gcpClass>
<gcpCode>TR44931269601</gcpCode>
<name>軍神</name>
<B>118485.5888</B>
<L>474590.8692</L>
<alti>198.58</alti>
<altiAcc>2</altiAcc>
</GCP>
</Dataset>
