<?xml version="1.0" encoding="utf-8"?>
<Dataset xsi:schemaLocation="http://fgd.gsi.go.jp/spec/2008/FGD_GMLSchema FGD_GMLSchema.xsd"
	xmlns:gml="http://www.opengis.net/gml/3.2"
	xmlns:xsi="http://www.w3.org/2001/XMLSchema-instance"
	xmlns:xlink="http://www.w3.org/1999/xlink"
	xmlns="http://fgd.gsi.go.jp/spec/2008/FGD_GMLSchema"
	gml:id="Dataset1">
  <gml:description>基盤地図情報メタデータ ID=fmdid:20-1001</gml:description>
  <gml:name>基盤地図情報ダウンロードデータ（GML版）</gml:name>
<AdmPt gml:id="K6_4743311820_1">
<fid>47433-11820-i-33</fid>
<lfSpanFr gml:id="K6_4743311820_1-1">
<gml:timePosition>2015-03-06</gml:timePosition>
</lfSpanFr>
<devDate gml:id="K6_4743311820_1-2">
<gml:timePosition>2020-09-08</gml:timePosition>
</devDate>
<orgGILvl>25000</orgGILvl>
<vis>非表示</vis>
<pos>
<gml:Point gml:id="K6_4743311820_1-g" srsName="fguuid:jgd2011.bl">
<gml:pos>32.836137619 131.764936470</gml:pos>
</gml:Point>
</pos>
<type>郡市・東京都の区</type>
<name>延岡市</name>
<admCode>45203</admCode>
</AdmPt>
<AdmPt gml:id="K6_4745111835_1">
<fid>47451-11835-i-37</fid>
<lfSpanFr gml:id="K6_4745111835_1-1">
<gml:timePosition>2015-03-06</gml:timePosition>
</lfSpanFr>
<devDate gml:id="K6_4745111835_1-2">
<gml:timePosition>2020-09-08</gml:timePosition>
</devDate>
<orgGILvl>25000</orgGILvl>
<vis>非表示</vis>
<pos>
<gml:Point gml:id="K6_4745111835_1-g" srsName="fguuid:jgd2011.bl">
<gml:pos>32.875172947 131.812500000</gml:pos>
</gml:Point>
</pos>
<type>郡市・東京都の区</type>
<name>佐伯市</name>
<admCode>44205</admCode>
</AdmPt>
</Dataset>
