2025-12-28 06:18:21.001000,33.59184890988627,130.3529641685359
2025-12-28 06:18:26.718000,33.59184019943414,130.3528677270816
2025-12-28 06:18:32,33.59184036598816,130.3528026128238
2025-12-28 06:18:37,33.59183413533738,130.352736879214
2025-12-28 06:18:42,33.59184239659115,130.3526565585262
2025-12-28 06:18:47,33.5918106315956,130.3526030047449
2025-12-28 06:18:52,33.59179855841924,130.3525426558413
2025-12-28 06:18:57,33.59178173726234,130.3524850363279
2025-12-28 06:19:02,33.5917815137548,130.3524129882401
2025-12-28 06:19:07,33.59177243156521,130.352353597234
2025-12-28 06:19:23.054000,33.59175848688668,130.3522502958493
2025-12-28 06:20:04.999000,33.59170626780219,130.3519605727993
2025-12-28 06:20:10.502000,33.5916883111921,130.3519327209602
2025-12-28 06:20:24,33.59169364792756,130.3518908788286
2025-12-28 06:20:29.010000,33.59169195158314,130.3518506700363
2025-12-28 06:20:34.009000,33.59169966389655,130.3518140720031
2025-12-28 06:21:00,33.5917415283733,130.3517924373931
2025-12-28 06:21:05.012000,33.59178442848054,130.35176278284
2025-12-28 06:21:10.654000,33.591835878609,130.3517443857843
2025-12-28 06:21:24.999000,33.5919197065889,130.3516997917009
2025-12-28 06:21:37.999000,33.5919197065889,130.3516997917009
2025-12-28 06:21:54.999000,33.59196210926311,130.3517216707041
2025-12-28 06:22:00.018000,33.59200378712696,130.3517198349996
2025-12-28 06:22:04.997000,33.59202058194749,130.3517085352367
2025-12-28 06:22:10.500000,33.59202911732818,130.3517143821112
2025-12-28 06:22:15.503000,33.59202981416293,130.3517162155467
2025-12-28 06:22:20.502000,33.5920597947016,130.3517054700547
2025-12-28 06:22:26.554000,33.59211468080656,130.3517081761971
2025-12-28 06:22:44,33.5922502311238,130.3517579564774
2025-12-28 06:22:48.993000,33.59225339595721,130.3517614694165
2025-12-28 06:22:54.002000,33.59225697998386,130.3517739755643
2025-12-28 06:22:59.002000,33.59226200884367,130.3517822620388
2025-12-28 06:23:04.002000,33.59226892520789,130.3517905178637
2025-12-28 06:23:08.991000,33.5922765502027,130.3517921472809
2025-12-28 06:23:13.996000,33.59228236769419,130.3517916062056
2025-12-28 06:23:22.966000,33.59230729275644,130.3517947441902
2025-12-28 06:23:29.403000,33.59233194902943,130.3517952192749
2025-12-28 06:24:16.999000,33.59250703574015,130.3517945929333
2025-12-28 06:24:22.511000,33.59254468910207,130.3517812449402
2025-12-28 06:24:28.490000,33.59256640530658,130.3516842069617
2025-12-28 06:24:34.007000,33.59263022902536,130.3516612129509
2025-12-28 06:24:39.003000,33.59266427169927,130.3516543112283
2025-12-28 06:24:44.014000,33.59270746881761,130.3516560753784
2025-12-28 06:24:49.013000,33.59274274065827,130.3516497829406
2025-12-28 06:24:54.005000,33.5928083361496,130.351636783477
2025-12-28 06:24:59.006000,33.59289469985164,130.3516149476396
2025-12-28 06:25:04.009000,33.59295635916175,130.3515759355465
2025-12-28 06:25:09.009000,33.59297696727631,130.3515243126336
2025-12-28 06:25:14.001000,33.59302042876124,130.3514926011522
2025-12-28 06:25:19.001000,33.59304646504875,130.3514463576539
2025-12-28 06:25:23.996000,33.59309669212474,130.3514266300668
2025-12-28 06:25:28.991000,33.59314350548449,130.3513813968512
2025-12-28 06:25:34,33.59320057643335,130.3513430482236
2025-12-28 06:25:38.989000,33.59326527999076,130.351324448685
2025-12-28 06:25:44.003000,33.59332294882027,130.3512995267359
2025-12-28 06:25:49.011000,33.59337280806143,130.3512715108373
2025-12-28 06:25:54.016000,33.59342226367302,130.3512583682628
2025-12-28 06:25:59.014000,33.59347225715314,130.3512662584561
2025-12-28 06:26:04.012000,33.59352777296753,130.3512502163365
2025-12-28 06:26:09,33.59358173636151,130.3512390354998
2025-12-28 06:26:14.002000,33.59364605053077,130.3512439895593
2025-12-28 06:26:19.002000,33.59370173542246,130.3512356352633
2025-12-28 06:26:24.504000,33.59371617048991,130.3512650300635
2025-12-28 06:26:30.009000,33.59370745288425,130.3513372447586
2025-12-28 06:26:35.005000,33.59372989125779,130.3513825466599
2025-12-28 06:26:39.994000,33.59380689628486,130.3513750203623
2025-12-28 06:26:45.002000,33.5938669384787,130.3513783617902
2025-12-28 06:26:49.996000,33.59389443763766,130.3513620870934
2025-12-28 06:26:54.999000,33.59392417501271,130.3513562819047
2025-12-28 06:27:00.008000,33.59396050109576,130.3513540858076
2025-12-28 06:27:04.999000,33.59401331172381,130.3513360652821
2025-12-28 06:27:09.995000,33.59406463778453,130.3513267027829
2025-12-28 06:27:15.001000,33.59412174541323,130.3513087988883
2025-12-28 06:27:20.001000,33.59417142453704,130.3512772630389
2025-12-28 06:27:24.998000,33.59421373810864,130.3512215691488
2025-12-28 06:27:30,33.59426077464941,130.3511662053479
2025-12-28 06:27:35.003000,33.59430994291223,130.351118381581
2025-12-28 06:27:40.003000,33.59433029138486,130.3510551343188
2025-12-28 06:27:44.997000,33.5943504183215,130.350993751143
2025-12-28 06:27:49.998000,33.59437884153592,130.3509307194743
2025-12-28 06:27:55.006000,33.59438396238022,130.3508622046984
2025-12-28 06:28:00.001000,33.59437763934803,130.3507973840385
2025-12-28 06:28:05.004000,33.59435552876755,130.3507421180555
2025-12-28 06:28:09.998000,33.59432725390671,130.350730103789
2025-12-28 06:28:14.986000,33.59431644331366,130.3507003353473
2025-12-28 06:28:19.990000,33.59435199327924,130.3506968914718
2025-12-28 06:28:24.999000,33.59440213740519,130.3507087878749
2025-12-28 06:28:30.498000,33.59445632771951,130.3507007551381
2025-12-28 06:28:35.997000,33.59446852883534,130.3506389391561
2025-12-28 06:28:40.997000,33.59446018274784,130.3506378107232
2025-12-28 06:28:45.994000,33.59444456349762,130.3506148484107
2025-12-28 06:28:51.004000,33.59444144449316,130.3505469076207
2025-12-28 06:28:56.004000,33.5944432184716,130.3504704474304
2025-12-28 06:29:01.010000,33.59443506815641,130.3504066949815
2025-12-28 06:29:06.008000,33.59443255840093,130.3503362063094
2025-12-28 06:29:11.003000,33.59442908897675,130.3502587072019
2025-12-28 06:29:16.004000,33.59441771232945,130.3501880772529
2025-12-28 06:29:20.998000,33.59441923741273,130.3501216147475
2025-12-28 06:29:26.003000,33.59440865568309,130.3500520524858
2025-12-28 06:29:30.991000,33.59439036155354,130.3499797662122
2025-12-28 06:29:35.995000,33.5943834296206,130.3499053460034
2025-12-28 06:29:41.004000,33.59438152116719,130.3498282078928
2025-12-28 06:29:46.003000,33.59438269272715,130.3497618132041
2025-12-28 06:29:50.998000,33.59439096064257,130.34970131817
2025-12-28 06:29:55.993000,33.59443707532984,130.349699849285
2025-12-28 06:30:01.003000,33.594473051484,130.3497103607474
2025-12-28 06:30:14.549000,33.59450754471433,130.3497199563431
2025-12-28 06:31:18,33.59467671313893,130.3497793142532
2025-12-28 06:31:43,33.59468429812953,130.3497749949237
2025-12-28 06:31:48,33.59468533442217,130.3497718693004
2025-12-28 06:32:01.673000,33.59468526188952,130.3497302150101
2025-12-28 06:33:12,33.59467694606513,130.3494986867485
2025-12-28 06:33:17.009000,33.59467702867673,130.3494428836733
2025-12-28 06:33:22.005000,33.5946724578454,130.349389585451
2025-12-28 06:33:27.001000,33.59466901772173,130.3493382764325
2025-12-28 06:33:32.002000,33.59466050830534,130.3492944418499
2025-12-28 06:33:37,33.59466004479521,130.3492869015696
2025-12-28 06:33:41.998000,33.59466559015653,130.3492618223369
2025-12-28 06:33:56.999000,33.59466857665718,130.3491699921777
2025-12-28 06:34:02.007000,33.59467475892824,130.3491017585754
2025-12-28 06:34:07.002000,33.5946645071017,130.3490378592111
2025-12-28 06:34:11.995000,33.59466579210162,130.3489817719781
2025-12-28 06:34:17.009000,33.59466462261415,130.3489213807557
2025-12-28 06:34:22.001000,33.59465183630181,130.3488585129685
2025-12-28 06:34:26.997000,33.59463794249343,130.3487994558611
2025-12-28 06:34:31.999000,33.59462403380098,130.3487400304513
2025-12-28 06:34:37.001000,33.59461646003772,130.3486814692934
2025-12-28 06:34:41.999000,33.59461261802366,130.3486255625502
2025-12-28 06:34:47.497000,33.59461523244352,130.3485621428477
2025-12-28 06:34:52.501000,33.59460699263087,130.3485059243538
2025-12-28 06:34:58.500000,33.59460911552812,130.3484343609965
2025-12-28 06:35:04,33.5946097398082,130.348366134132
2025-12-28 06:35:08.996000,33.59461926527551,130.3483071105476
2025-12-28 06:35:14,33.5946256832006,130.3482481228957
2025-12-28 06:35:19,33.59463268672695,130.3481833654567
2025-12-28 06:35:23.999000,33.59464305516386,130.3481202448454
2025-12-28 06:35:29.002000,33.59465669664998,130.3480598654983
2025-12-28 06:35:33.997000,33.59466423734712,130.3480030853522
2025-12-28 06:35:38.998000,33.59467256093919,130.3479419476691
2025-12-28 06:35:44.002000,33.59468329445713,130.3478805896779
2025-12-28 06:35:49,33.59469299544197,130.3478206523975
2025-12-28 06:35:54.004000,33.59470417482654,130.347758212931
2025-12-28 06:35:58.997000,33.59471953577545,130.3476954878952
2025-12-28 06:36:04,33.59473468764032,130.347631602185
2025-12-28 06:36:09.005000,33.5947442527394,130.3475682705834
2025-12-28 06:36:14,33.59476300316108,130.3475046927393
2025-12-28 06:36:18.999000,33.59478153244387,130.3474427751322
2025-12-28 06:36:24,33.59480201568803,130.3473814076779
2025-12-28 06:36:28.999000,33.59482177597395,130.3473195196636
2025-12-28 06:36:34.003000,33.59483837364782,130.3472578809386
2025-12-28 06:36:39.002000,33.59486048439366,130.3471953884126
2025-12-28 06:36:44,33.59488479023167,130.3471350765078
2025-12-28 06:36:48.997000,33.59490289177805,130.3470756623533
2025-12-28 06:36:54.499000,33.59492591819635,130.34701132201
2025-12-28 06:36:59.504000,33.59494958430493,130.3469547982542
2025-12-28 06:37:04.499000,33.59497519558043,130.3468957303475
2025-12-28 06:37:10.002000,33.59500139384725,130.3468352005925
2025-12-28 06:37:14.997000,33.5950253202991,130.3467787231218
2025-12-28 06:37:19.990000,33.59504553071427,130.3467247411167
2025-12-28 06:37:24.996000,33.59506004877585,130.3466659426822
2025-12-28 06:37:29.999000,33.59507842367901,130.3466088657929
2025-12-28 06:37:35.003000,33.59509591444972,130.3465502184801
2025-12-28 06:37:40.001000,33.59511274723991,130.3464899920999
2025-12-28 06:37:45.001000,33.59513001105456,130.3464271468709
2025-12-28 06:37:49.998000,33.595149208362,130.3463702606806
2025-12-28 06:37:55.002000,33.59516173074783,130.3463098307377
2025-12-28 06:38:00.001000,33.59517242871935,130.3462690581145
2025-12-28 06:38:05.006000,33.59517242028709,130.346219168247
2025-12-28 06:38:10.003000,33.59512555529366,130.3461942629786
2025-12-28 06:38:15.003000,33.59506586115776,130.3461872793461
2025-12-28 06:38:20.003000,33.59501174878694,130.3461805174358
2025-12-28 06:38:25.002000,33.59496158177413,130.3461610119594
2025-12-28 06:38:30,33.59490237226066,130.3461538347514
2025-12-28 06:38:35.001000,33.59484429372992,130.3461580339997
2025-12-28 06:38:40,33.5947875801406,130.3461427206796
2025-12-28 06:38:45.003000,33.59472946711799,130.3461295846732
2025-12-28 06:38:50,33.59466859315029,130.3461165602172
2025-12-28 06:38:54.997000,33.59461502580342,130.3460998778486
2025-12-28 06:39:00.498000,33.59455766938488,130.346079233562
2025-12-28 06:39:05.500000,33.59450208394961,130.3460752914508
2025-12-28 06:39:10.495000,33.5944500172325,130.3460870877819
2025-12-28 06:39:16.001000,33.59438774481667,130.3460798435811
2025-12-28 06:39:20.999000,33.59433388694394,130.3460658057927
2025-12-28 06:39:25.994000,33.59428394376276,130.3460533552895
2025-12-28 06:39:30.999000,33.59423396393504,130.3460387763669
2025-12-28 06:39:36,33.59417615993105,130.3460242315993
2025-12-28 06:39:41,33.59411482073737,130.3460109807099
2025-12-28 06:39:45.998000,33.59406094013994,130.3459974170867
2025-12-28 06:39:50.998000,33.59400550061872,130.3459880146361
2025-12-28 06:39:55.995000,33.59395289144811,130.3459723075986
2025-12-28 06:40:00.993000,33.59389371881137,130.3459580268109
2025-12-28 06:40:06.004000,33.5938291836033,130.3459450031091
2025-12-28 06:40:10.994000,33.59376946729282,130.3459349378022
2025-12-28 06:40:15.998000,33.59371163165753,130.3459219842817
2025-12-28 06:40:21,33.59365445774784,130.3459101212964
2025-12-28 06:40:25.996000,33.59359731543869,130.3458971289689
2025-12-28 06:40:30.995000,33.59353947343315,130.3458875334739
2025-12-28 06:40:36.003000,33.59348390414478,130.3458725552284
2025-12-28 06:40:40.999000,33.5934232178192,130.3458629272634
2025-12-28 06:40:46.003000,33.59336299524061,130.3458487072612
2025-12-28 06:40:51.004000,33.59330312276196,130.3458335130956
2025-12-28 06:40:55.999000,33.59324670267601,130.3458221800272
2025-12-28 06:41:00.997000,33.59318302677398,130.345812857747
2025-12-28 06:41:06.499000,33.59311892093853,130.3457986427729
2025-12-28 06:41:11.998000,33.59305447361822,130.3457854561038
2025-12-28 06:41:17.498000,33.59299121105605,130.3457695281519
2025-12-28 06:41:22.998000,33.59292734624024,130.3457550405315
2025-12-28 06:41:27.994000,33.59286765185207,130.3457391322653
2025-12-28 06:41:33.002000,33.59280798978609,130.3457264218353
2025-12-28 06:41:37.999000,33.59275127781358,130.3457129820893
2025-12-28 06:41:42.999000,33.59269215397557,130.345698423594
2025-12-28 06:41:47.999000,33.5926276569551,130.3456850780851
2025-12-28 06:41:52.998000,33.59256270716132,130.3456698993539
2025-12-28 06:41:58,33.59250152112023,130.3456536932422
2025-12-28 06:42:03.003000,33.5924397438537,130.3456359069575
2025-12-28 06:42:07.996000,33.59238038401869,130.3456236550655
2025-12-28 06:42:13.001000,33.59232306421864,130.345609160323
2025-12-28 06:42:17.998000,33.59226901659152,130.3455957491125
2025-12-28 06:42:22.994000,33.59220852855195,130.3455767676928
2025-12-28 06:42:27.997000,33.59215163323596,130.3455625445335
2025-12-28 06:42:33.002000,33.59209148200767,130.3455439111037
2025-12-28 06:42:38.005000,33.59203150380561,130.3455263610003
2025-12-28 06:42:43.003000,33.59197445835935,130.3455119896787
2025-12-28 06:42:48.005000,33.59191564167226,130.3455004731434
2025-12-28 06:42:52.999000,33.59185775920004,130.3454885410782
2025-12-28 06:42:57.999000,33.59179779960691,130.3454779676496
2025-12-28 06:43:02.999000,33.5917369168372,130.3454662505358
2025-12-28 06:43:08.001000,33.59167671228413,130.3454497264595
2025-12-28 06:43:13.495000,33.59160853285455,130.345438293773
2025-12-28 06:43:19.500000,33.59153531303355,130.3454232907142
2025-12-28 06:43:24.996000,33.59146476260697,130.3454177274537
2025-12-28 06:43:29.995000,33.59140974536643,130.3454353330216
2025-12-28 06:43:34.997000,33.5913533024552,130.3454157374787
2025-12-28 06:43:40.001000,33.59129769247635,130.345397019722
2025-12-28 06:43:44.994000,33.59124012529393,130.3453797156302
2025-12-28 06:43:49.996000,33.59118360309201,130.3453633600614
2025-12-28 06:43:54.999000,33.59112878893623,130.3453429465969
2025-12-28 06:44:00.004000,33.59107238638273,130.3453313552153
2025-12-28 06:44:05.002000,33.59101531249188,130.3453174925299
2025-12-28 06:44:09.997000,33.59096001069435,130.3453062334484
2025-12-28 06:44:14.999000,33.59090703731292,130.3452927070033
2025-12-28 06:44:20.003000,33.5908548315341,130.3452791966073
2025-12-28 06:44:25.004000,33.59079902622881,130.3452654940547
2025-12-28 06:44:29.993000,33.59074365028697,130.3452461702463
2025-12-28 06:44:34.998000,33.59069416072346,130.3452365242159
2025-12-28 06:44:40.003000,33.59064400917499,130.3452265067011
2025-12-28 06:44:45.003000,33.59059161760034,130.3452108664483
2025-12-28 06:44:50,33.59053904853135,130.3452035163747
2025-12-28 06:44:54.996000,33.59048526376254,130.3451921458349
2025-12-28 06:44:59.999000,33.59043443404703,130.3451678106126
2025-12-28 06:45:04.998000,33.5903874743518,130.3451483932798
2025-12-28 06:45:09.997000,33.59032461190231,130.3451744367073
2025-12-28 06:45:15.002000,33.5902671258984,130.3451659974814
2025-12-28 06:45:20.499000,33.5902076192193,130.3451414969718
2025-12-28 06:45:25.500000,33.59015251647942,130.3451257735207
2025-12-28 06:45:31,33.59008940824432,130.3451087073134
2025-12-28 06:45:35.990000,33.59003260619549,130.3450935102436
2025-12-28 06:45:40.992000,33.58997733511235,130.3450777677316
2025-12-28 06:45:45.998000,33.58993046866895,130.3450470729009
2025-12-28 06:45:51.002000,33.58988691184006,130.3450206432883
2025-12-28 06:45:55.977000,33.58984772437051,130.3450173151597
2025-12-28 06:46:10,33.58980222536344,130.3450039729636
2025-12-28 06:46:16.316000,33.58979906007598,130.345014158267
2025-12-28 06:46:41.999000,33.58985417032891,130.3450776405877
2025-12-28 06:46:47.999000,33.58992565389048,130.3451063014035
2025-12-28 06:46:53.011000,33.58999078826307,130.345105088164
2025-12-28 06:46:58.020000,33.58999618508869,130.3451009127171
2025-12-28 06:47:03.009000,33.58999485152832,130.3451005528177
2025-12-28 06:47:26.160000,33.59005637388943,130.3451124916158
2025-12-28 06:49:24.999000,33.59039837742387,130.3451792514792
2025-12-28 06:49:30.503000,33.59044474876459,130.3451851070834
2025-12-28 06:49:35.505000,33.59048932739391,130.3451927041563
2025-12-28 06:49:40.505000,33.59053422027937,130.3451977115312
2025-12-28 06:49:46.009000,33.59057822669886,130.345211883729
2025-12-28 06:49:51,33.59061909431184,130.3452243244602
2025-12-28 06:49:55.999000,33.59066467638536,130.3452269642583
2025-12-28 06:50:01.007000,33.59070256497694,130.3452328694829
2025-12-28 06:50:06.004000,33.59073809918487,130.3452440699578
2025-12-28 06:50:11.006000,33.59077172559781,130.3452471319225
2025-12-28 06:50:15.998000,33.59080659347171,130.3452559625012
2025-12-28 06:50:21,33.59084621465389,130.3452614774822
2025-12-28 06:50:26.005000,33.5908837409906,130.3452685908529
2025-12-28 06:50:31.004000,33.59092382447591,130.3452797996578
2025-12-28 06:50:36.002000,33.59096469167936,130.3452920109549
2025-12-28 06:50:41,33.59100353177876,130.3453046192281
2025-12-28 06:50:46.003000,33.59104571853297,130.3453116366657
2025-12-28 06:50:51.005000,33.59108298180893,130.3453183507479
2025-12-28 06:50:56.007000,33.59112191092728,130.3453290374085
2025-12-28 06:51:00.987000,33.59117270113047,130.3453346662309
2025-12-28 06:51:06,33.59122291494698,130.3453399321174
2025-12-28 06:51:11.001000,33.59127022715107,130.3453505235081
2025-12-28 06:51:15.993000,33.59131260903807,130.3453604722908
2025-12-28 06:51:21.007000,33.5913530056864,130.3453703043252
2025-12-28 06:51:26.001000,33.59137286962914,130.3453795529052
2025-12-28 06:51:31.002000,33.5914143552314,130.3453900716351
2025-12-28 06:51:36.501000,33.591462127871,130.3454019397395
2025-12-28 06:51:41.500000,33.59150539572387,130.3454124335819
2025-12-28 06:51:46.501000,33.59154785633592,130.3454213893422
2025-12-28 06:51:51.501000,33.59158980016109,130.3454337468486
2025-12-28 06:51:57.001000,33.59163393618488,130.3454461052093
2025-12-28 06:52:02.002000,33.5916784387855,130.3454723626041
2025-12-28 06:52:07.002000,33.59171894220603,130.3454996695024
2025-12-28 06:52:12.004000,33.59175824405209,130.345512720764
2025-12-28 06:52:17.002000,33.59180070206365,130.3455169599256
2025-12-28 06:52:21.996000,33.59184268855375,130.3455215158158
2025-12-28 06:52:26.998000,33.59188859178834,130.3455301971039
2025-12-28 06:52:32.003000,33.59193231129614,130.34553727209
2025-12-28 06:52:36.997000,33.59197742186223,130.3455407716707
2025-12-28 06:52:41.996000,33.59202166086065,130.3455437864767
2025-12-28 06:52:47.002000,33.59206667763035,130.3455499447609
2025-12-28 06:52:51.995000,33.59211151042544,130.3455603469285
2025-12-28 06:52:56.997000,33.59214699428332,130.3455862333707
2025-12-28 06:53:02,33.59218693627771,130.345599295125
2025-12-28 06:53:06.994000,33.59222748827594,130.3456012221788
2025-12-28 06:53:12.004000,33.59226849993834,130.3456122220963
2025-12-28 06:53:17.001000,33.59231285662099,130.3456286284824
2025-12-28 06:53:21.996000,33.59236352298734,130.3456332297313
2025-12-28 06:53:27.004000,33.59241083896954,130.3456347144023
2025-12-28 06:53:31.997000,33.59245670612621,130.3456499879833
2025-12-28 06:53:36.999000,33.59250131548768,130.3456603467559
2025-12-28 06:53:42.498000,33.59254745659072,130.345670144752
2025-12-28 06:53:47.499000,33.59259344032302,130.3456815062171
2025-12-28 06:53:52.500000,33.59263867328828,130.3456894824633
2025-12-28 06:53:57.986000,33.59268660955183,130.3457020481704
2025-12-28 06:54:03.003000,33.59271996382623,130.3457238735515
2025-12-28 06:54:07.999000,33.59276139793182,130.3457314557352
2025-12-28 06:54:13.006000,33.59280140134669,130.3457398590335
2025-12-28 06:54:18.004000,33.59284318762321,130.3457476243919
2025-12-28 06:54:23.001000,33.5928858266932,130.3457561906583
2025-12-28 06:54:27.992000,33.59292521439055,130.3457657114043
2025-12-28 06:54:33,33.59296664895222,130.3457718514868
2025-12-28 06:54:38,33.59301089130992,130.34577857369
2025-12-28 06:54:42.998000,33.59305447880508,130.3457883835268
2025-12-28 06:54:48,33.59309765459869,130.3457961186248
2025-12-28 06:54:52.990000,33.59314311734003,130.3458083681562
2025-12-28 06:54:58.007000,33.59318637266502,130.3458134592558
2025-12-28 06:55:03.008000,33.59323046531756,130.3458269882815
2025-12-28 06:55:08.004000,33.59327068646277,130.3458428500903
2025-12-28 06:55:12.995000,33.59330968679669,130.3458515116202
2025-12-28 06:55:18.003000,33.59334717925083,130.3458591736479
2025-12-28 06:55:23.004000,33.59338990260518,130.3458661766562
2025-12-28 06:55:27.999000,33.59343342473104,130.3458721861058
2025-12-28 06:55:32.999000,33.59347595222334,130.3458849597042
2025-12-28 06:55:37.994000,33.59351214486693,130.3458973277358
2025-12-28 06:55:43.004000,33.59355184923309,130.3459023729206
2025-12-28 06:55:48.499000,33.59359729422876,130.3459135614023
2025-12-28 06:55:53.500000,33.59363589835761,130.3459286610235
2025-12-28 06:55:58.493000,33.59367455833401,130.3459384742246
2025-12-28 06:56:04.006000,33.59372043802233,130.3459405265335
2025-12-28 06:56:09.001000,33.5937585971046,130.3459440822997
2025-12-28 06:56:14.005000,33.5937977882826,130.3459495789473
2025-12-28 06:56:19.002000,33.59383627187296,130.3459657796217
2025-12-28 06:56:24.003000,33.59387581174305,130.3459766863114
2025-12-28 06:56:29.002000,33.59391581073928,130.3459823519364
2025-12-28 06:56:33.995000,33.59395383979081,130.3459946434285
2025-12-28 06:56:38.998000,33.59399736512283,130.3459991016094
2025-12-28 06:56:44,33.59403993782428,130.346002316578
2025-12-28 06:56:48.998000,33.59408568592284,130.3460107920065
2025-12-28 06:56:53.999000,33.59412808960258,130.3460238852039
2025-12-28 06:56:58.996000,33.59417294762477,130.3460368927096
2025-12-28 06:57:03.998000,33.59421821676791,130.3460555043923
2025-12-28 06:57:08.991000,33.59425881697905,130.3460665311727
2025-12-28 06:57:13.990000,33.59430003614791,130.346081188392
2025-12-28 06:57:18.997000,33.59434099073755,130.3461057771509
2025-12-28 06:57:24,33.59436082350288,130.3461739426195
2025-12-28 06:57:29.004000,33.59435392932267,130.3462540944592
2025-12-28 06:57:34.006000,33.59434983734299,130.3463227723278
2025-12-28 06:57:39.002000,33.59434475886201,130.3463913862365
2025-12-28 06:57:44,33.59433611977023,130.3464643615468
2025-12-28 06:57:49.001000,33.59433147764526,130.3465338269738
2025-12-28 06:57:54.503000,33.59433058912782,130.346609085685
2025-12-28 06:57:59.498000,33.59432180629415,130.3466808984061
2025-12-28 06:58:04.500000,33.5943171915461,130.3467524825235
2025-12-28 06:58:10.004000,33.5943168994101,130.3468334059024
2025-12-28 06:58:15.002000,33.59431817799656,130.3469027972356
2025-12-28 06:58:19.996000,33.59431217703452,130.3469857731485
2025-12-28 06:58:25.003000,33.59431179235317,130.3470746126192
2025-12-28 06:58:29.995000,33.59431073877395,130.3471559998692
2025-12-28 06:58:35,33.59430943596514,130.3472304225791
2025-12-28 06:58:39.994000,33.59430516423704,130.3473030344118
2025-12-28 06:58:44.992000,33.59430684762103,130.3473772460172
2025-12-28 06:58:49.996000,33.59430683093384,130.347448658455
2025-12-28 06:58:54.999000,33.59430697899708,130.3475210722481
2025-12-28 06:59:00,33.59430819494711,130.3475928098406
2025-12-28 06:59:05.001000,33.59430222848389,130.3476597180874
2025-12-28 06:59:10.007000,33.5943022372994,130.347717745947
2025-12-28 06:59:14.996000,33.59430424099872,130.3477812379059
2025-12-28 06:59:19.995000,33.5942924918548,130.3478440803621
2025-12-28 06:59:25.003000,33.59429329500902,130.3479043938743
2025-12-28 06:59:30,33.59431155092827,130.3479588215294
2025-12-28 06:59:34.997000,33.59431227388087,130.3480370563705
2025-12-28 06:59:40.002000,33.59431181719758,130.3481078577979
2025-12-28 06:59:44.993000,33.59430636358756,130.3481789260249
2025-12-28 06:59:49.998000,33.59430542562514,130.3482450774675
2025-12-28 06:59:55.003000,33.5943066010995,130.3483142336349
2025-12-28 07:00:00.505000,33.59430452779763,130.3484055300902
2025-12-28 07:00:06.006000,33.59430400381833,130.348490007552
2025-12-28 07:00:10.998000,33.59430122098401,130.3485588261331
2025-12-28 07:00:15.995000,33.5943053000798,130.3486369367781
2025-12-28 07:00:20.994000,33.59431541818997,130.3487146380442
2025-12-28 07:00:25.998000,33.59432119326475,130.3487818762005
2025-12-28 07:00:30.994000,33.59432455460031,130.3488560777096
2025-12-28 07:00:35.980000,33.59432515909518,130.3489401913972
2025-12-28 07:00:41.004000,33.59432716942742,130.3490247161096
2025-12-28 07:00:45.997000,33.59433222489035,130.3490945400409
2025-12-28 07:00:50.994000,33.59433056789852,130.3491659604011
2025-12-28 07:00:55.990000,33.59432957351713,130.3492510404948
2025-12-28 07:01:01.005000,33.5943459433403,130.3493283608676
2025-12-28 07:01:05.993000,33.5943469817397,130.3493904592642
2025-12-28 07:01:11.010000,33.59435037605147,130.3494774831343
2025-12-28 07:01:15.990000,33.59435208812562,130.3495410225908
2025-12-28 07:01:20.987000,33.59435708663051,130.3496144967622
2025-12-28 07:01:26.004000,33.59436415650895,130.3496884426543
2025-12-28 07:01:30.995000,33.59435966801591,130.3497725505215
2025-12-28 07:01:36.008000,33.59435014517702,130.3498435850285
2025-12-28 07:01:40.993000,33.59435373837992,130.3499163493921
2025-12-28 07:01:46.004000,33.59436162838622,130.3499956777244
2025-12-28 07:01:51.007000,33.59436729393174,130.3500865309006
2025-12-28 07:01:56.007000,33.59437340228224,130.3501709767073
2025-12-28 07:02:01.009000,33.59439910608949,130.3502434270967
2025-12-28 07:02:06.501000,33.5944104195738,130.3503241017185
2025-12-28 07:02:12.001000,33.59440842863147,130.350401346665
2025-12-28 07:02:17.008000,33.59441143287535,130.3504773429066
2025-12-28 07:02:21.999000,33.59441689968165,130.3505488652822
2025-12-28 07:02:26.999000,33.59442293858972,130.3506075574527
2025-12-28 07:02:31.998000,33.59441714608906,130.3506964205486
2025-12-28 07:02:37.004000,33.59442503362065,130.3507766481992
2025-12-28 07:02:41.992000,33.59442606328401,130.3508479057047
2025-12-28 07:02:46.992000,33.59444189725377,130.350929779028
2025-12-28 07:02:52.002000,33.59445195393637,130.3510018171629
2025-12-28 07:02:57.007000,33.59444988662133,130.3510673089604
2025-12-28 07:03:02.002000,33.59446702172684,130.3511307535836
2025-12-28 07:03:06.999000,33.59449428674872,130.3511747052335
2025-12-28 07:03:11.998000,33.59454131814157,130.3512007610357
2025-12-28 07:03:16.999000,33.59458536468824,130.351222331763
2025-12-28 07:03:22.006000,33.59462276202181,130.3512468714837
2025-12-28 07:03:26.998000,33.59465825682171,130.351247613342
2025-12-28 07:03:31.998000,33.59469067338916,130.3512380739702
2025-12-28 07:04:01.999000,33.59493551156392,130.351229206051
2025-12-28 07:04:07.008000,33.59497158658733,130.3512491719362
2025-12-28 07:04:12.502000,33.59498582267797,130.351279400119
2025-12-28 07:04:18.005000,33.59498623123511,130.3513446095972
2025-12-28 07:04:23.004000,33.59499408615923,130.3513942100271
2025-12-28 07:04:28.005000,33.59500421429171,130.3514372093709
2025-12-28 07:04:33.002000,33.59500249651149,130.3514863847093
2025-12-28 07:04:38.003000,33.59500476341479,130.3515299806548
2025-12-28 07:04:43.003000,33.59501536124382,130.3515747252411
2025-12-28 07:04:47.998000,33.59501819516618,130.3516503769164
2025-12-28 07:04:53,33.5950222760375,130.3517195616782
2025-12-28 07:04:58.001000,33.59503067461091,130.3517891892553
2025-12-28 07:05:02.995000,33.59503938121605,130.3518585455212
2025-12-28 07:05:08.001000,33.5950346941549,130.351922115676
2025-12-28 07:05:12.991000,33.59500803171626,130.3519796414198
2025-12-28 07:05:18,33.59500875352865,130.3520414904362
2025-12-28 07:05:23.003000,33.59501458240886,130.3521029060664
2025-12-28 07:05:27.995000,33.59501899950839,130.352158904488
2025-12-28 07:05:32.994000,33.59501656602334,130.352215329124
2025-12-28 07:05:40.491000,33.59502323109549,130.3522875055783
2025-12-28 07:06:18,33.59505300192215,130.3526485656278
2025-12-28 07:06:22.999000,33.59504811620973,130.3527034888793
2025-12-28 07:06:27.998000,33.59504547075955,130.3527568567554
2025-12-28 07:06:32.988000,33.59503330946001,130.3528012029913
2025-12-28 07:06:38.004000,33.59503933873484,130.3528440770103
2025-12-28 07:06:43.002000,33.59505637522997,130.352879199317
2025-12-28 07:06:47.998000,33.59505710153752,130.3528816344477
2025-12-28 07:06:54.275000,33.59505677773463,130.3528831458947
2025-12-28 07:07:12,33.59505725090622,130.3528931332137
2025-12-28 07:07:21.285000,33.59505682979823,130.35298349464
2025-12-28 07:07:50.999000,33.59505419605024,130.3532746081982
2025-12-28 07:07:55.999000,33.5950351856665,130.3533259620758
2025-12-28 07:08:00.999000,33.59503950804164,130.353384385114
2025-12-28 07:08:05.998000,33.59504412309002,130.3534437663231
2025-12-28 07:08:10.999000,33.59504223397184,130.3534984925372
2025-12-28 07:08:16.005000,33.59504655889636,130.3535544552645
2025-12-28 07:08:21,33.59505900527566,130.3536130062271
2025-12-28 07:08:26.499000,33.59507819846804,130.353671558015
2025-12-28 07:08:31.502000,33.59510820291725,130.3537089615007
2025-12-28 07:08:36.497000,33.59512265722678,130.3537246386331
2025-12-28 07:08:41.992000,33.59514702970698,130.3537586661962
2025-12-28 07:08:47.003000,33.59516225212592,130.3538106581173
2025-12-28 07:08:52.002000,33.59517033063783,130.3538680174402
2025-12-28 07:08:57,33.59518499630889,130.3539224835129
2025-12-28 07:09:01.992000,33.59520338624026,130.3539816555714
2025-12-28 07:09:06.997000,33.59522507255787,130.3540353335306
2025-12-28 07:09:12.001000,33.59525285713756,130.3540815528162
2025-12-28 07:09:17,33.59526775143628,130.3541397230252
2025-12-28 07:09:22.003000,33.59528253208644,130.3541938498055
2025-12-28 07:09:27,33.59529493507084,130.3542502626261
2025-12-28 07:09:32.005000,33.59530988944298,130.3543033647092
2025-12-28 07:09:37.006000,33.595327815998,130.3543498137986
2025-12-28 07:09:41.995000,33.59534132972392,130.3543873509145
2025-12-28 07:09:46.998000,33.59533619136131,130.3544080325168
2025-12-28 07:09:51.998000,33.59535430894643,130.3544464587243
2025-12-28 07:09:57.001000,33.59538533918881,130.3544777138304
2025-12-28 07:10:01.995000,33.59541867843352,130.3545101323759
2025-12-28 07:10:07.001000,33.59544092327869,130.3545562761005
2025-12-28 07:10:12.002000,33.59546211030119,130.3546024519226
2025-12-28 07:10:17.003000,33.59548766865151,130.3546438773911
2025-12-28 07:10:22.003000,33.59550967438185,130.3546885446216
2025-12-28 07:10:26.998000,33.59552739668504,130.3547363516853
2025-12-28 07:10:32.496000,33.59554923822252,130.3547885141659
2025-12-28 07:10:37.500000,33.59557763240833,130.3548363957885
2025-12-28 07:10:43,33.59560462840951,130.3548845404239
2025-12-28 07:10:47.999000,33.59563306014372,130.3549312758038
2025-12-28 07:10:52.996000,33.595653160944,130.354990166028
2025-12-28 07:10:58.005000,33.59566342121679,130.3550484589641
2025-12-28 07:11:03,33.59567544868997,130.3551026050753
2025-12-28 07:11:08,33.59568192118986,130.3551486632128
2025-12-28 07:11:12.997000,33.59569217380667,130.3551977498553
2025-12-28 07:11:18.001000,33.59570926788579,130.3552467431299
2025-12-28 07:11:23.001000,33.59572711259793,130.3552953349891
2025-12-28 07:11:27.997000,33.59572126367949,130.3553539554559
2025-12-28 07:11:33.001000,33.59571161218404,130.3554042608668
2025-12-28 07:11:38.002000,33.5956967705871,130.3554490509543
2025-12-28 07:11:43.005000,33.59568033015658,130.3554962472528
2025-12-28 07:11:48,33.59566392913099,130.3555480289985
2025-12-28 07:11:53.005000,33.59564313967296,130.3555981453746
2025-12-28 07:11:57.996000,33.59564773145701,130.3556410599949
2025-12-28 07:12:03.006000,33.59563461853246,130.3556793283507
2025-12-28 07:12:08.004000,33.59562166976686,130.3557219422208
2025-12-28 07:12:13.003000,33.59560532297374,130.3557668728902
2025-12-28 07:12:17.996000,33.59559298797665,130.3558195084506
2025-12-28 07:12:23,33.59558238926993,130.355879271418
2025-12-28 07:12:27.997000,33.59555983847669,130.3559397266282
2025-12-28 07:12:33.001000,33.59554265320879,130.3559937007026
2025-12-28 07:12:38.505000,33.59554570254421,130.3560529348254
2025-12-28 07:12:43.501000,33.59552819632537,130.3560974659536
2025-12-28 07:12:48.999000,33.5954939055077,130.3561399753598
2025-12-28 07:12:53.999000,33.59546936128296,130.3561909974328
2025-12-28 07:12:59.004000,33.59544122052676,130.3562440728101
2025-12-28 07:13:03.996000,33.59541851056951,130.356300415598
2025-12-28 07:13:09,33.5953952695447,130.3563493111446
2025-12-28 07:13:13.989000,33.59537819752239,130.3563708557263
2025-12-28 07:13:19.002000,33.59536177565074,130.35639127577
2025-12-28 07:13:23.997000,33.59533596673646,130.3564219593436
2025-12-28 07:13:29.003000,33.59534524095484,130.3564940693418
2025-12-28 07:13:34.001000,33.59535601923906,130.3565625603061
2025-12-28 07:13:39,33.59538243092761,130.3566165577865
2025-12-28 07:13:43.998000,33.59540113216802,130.3566707785141
2025-12-28 07:13:49.006000,33.59542120522301,130.3567301927521
2025-12-28 07:13:54.001000,33.59543845999228,130.356795297147
2025-12-28 07:13:58.999000,33.5954552061275,130.3568555454188
2025-12-28 07:14:04.004000,33.59547043148032,130.3569237283276
2025-12-28 07:14:09.004000,33.59548713513968,130.3569828175253
2025-12-28 07:14:13.996000,33.59550181866265,130.3570405146666
2025-12-28 07:14:18.994000,33.59552215149004,130.35710193235
2025-12-28 07:14:24.001000,33.59553828148698,130.3571574938809
2025-12-28 07:14:29,33.5955573781234,130.3572074900909
2025-12-28 07:14:33.999000,33.59557684695041,130.3572675654866
2025-12-28 07:14:39,33.59559562376632,130.3573215344501
2025-12-28 07:14:43.998000,33.59560888613502,130.3573796970992
2025-12-28 07:14:49.499000,33.59563507383783,130.3574326329472
2025-12-28 07:15:06,33.59568866045159,130.3576307884224
2025-12-28 07:15:10.999000,33.5957040257351,130.3577014328062
2025-12-28 07:15:16.001000,33.59572093540262,130.3577655333818
2025-12-28 07:15:20.995000,33.59573398763276,130.3578306495772
2025-12-28 07:15:25.995000,33.59575508742464,130.3578996863451
2025-12-28 07:15:30.995000,33.59578937910746,130.3579571963547
2025-12-28 07:15:36.002000,33.59581710509759,130.3580147172617
2025-12-28 07:15:40.996000,33.59584403446748,130.3580764928336
2025-12-28 07:15:46.002000,33.59588012522435,130.3581241600005
2025-12-28 07:15:51.003000,33.59591792526803,130.3581757954744
2025-12-28 07:15:56.002000,33.59596195031914,130.3582224293062
2025-12-28 07:16:01,33.59599738469169,130.3582679573867
2025-12-28 07:16:05.999000,33.59602225648131,130.3583243700207
2025-12-28 07:16:11.002000,33.59604502611768,130.3583787256437
2025-12-28 07:16:15.997000,33.59606466314249,130.3584383716949
2025-12-28 07:16:20.991000,33.59608479905881,130.3584950569794
2025-12-28 07:16:25.997000,33.59610955788049,130.3585560672197
2025-12-28 07:16:30.990000,33.59614261270552,130.3586002356626
2025-12-28 07:16:36.006000,33.59615716362025,130.3586544548219
2025-12-28 07:16:40.992000,33.59617827122878,130.3587047526375
2025-12-28 07:16:46.491000,33.5961914883521,130.3587182605176
2025-12-28 07:16:52.500000,33.59621356567798,130.358749836475
2025-12-28 07:16:58.499000,33.59623062529171,130.3588164997763
2025-12-28 07:17:04.004000,33.59624836335735,130.3588678418541
2025-12-28 07:17:09.007000,33.5962690183992,130.3588985290167
2025-12-28 07:17:14.002000,33.59627341333473,130.3589505760095
2025-12-28 07:17:19.002000,33.59629959827136,130.3590102831163
2025-12-28 07:17:23.995000,33.59632000770303,130.3590665709876
2025-12-28 07:17:28.996000,33.5963397021476,130.3591270885006
2025-12-28 07:17:34.005000,33.59636221138622,130.3591836045267
2025-12-28 07:17:39,33.59639337353384,130.3592353273053
2025-12-28 07:17:44.001000,33.59641844192899,130.3592879328059
2025-12-28 07:17:48.992000,33.59644199846193,130.3593519549387
2025-12-28 07:17:53.993000,33.59646493663424,130.3594195076004
2025-12-28 07:17:58.994000,33.59648765946119,130.359484366638
2025-12-28 07:18:04.005000,33.59651100943786,130.3595455196149
2025-12-28 07:18:08.999000,33.59653205173007,130.359614607562
2025-12-28 07:18:13.992000,33.59655034403781,130.359672745639
2025-12-28 07:18:18.995000,33.596564700156,130.3597352774503
2025-12-28 07:18:24.004000,33.59658656095564,130.3597980327924
2025-12-28 07:18:28.996000,33.59661581424844,130.3598549975474
2025-12-28 07:18:34.004000,33.59664127609317,130.3599119185895
2025-12-28 07:18:38.991000,33.59666154880203,130.3599660165116
2025-12-28 07:18:43.994000,33.59668486281645,130.3600236743314
2025-12-28 07:18:49.004000,33.59670477557826,130.3600808049715
2025-12-28 07:18:54.503000,33.59673615157345,130.3601325599173
2025-12-28 07:18:59.500000,33.59676479280782,130.360182814363
2025-12-28 07:19:05.002000,33.5967978135576,130.3602351526128
2025-12-28 07:19:10.008000,33.59682506720834,130.3602878823218
2025-12-28 07:19:14.991000,33.59684757522143,130.3603522987669
2025-12-28 07:19:19.997000,33.59687766547285,130.3604095969218
2025-12-28 07:19:25,33.59690347450128,130.3604695117117
2025-12-28 07:19:29.997000,33.59692767820798,130.3605296939093
2025-12-28 07:19:34.999000,33.5969598266873,130.3605914776113
2025-12-28 07:19:40.002000,33.59698799801486,130.3606455127609
2025-12-28 07:19:45.002000,33.5970083061538,130.3607100505795
2025-12-28 07:19:50.001000,33.59702593694112,130.3607788705072
2025-12-28 07:19:55.006000,33.59705091617275,130.3608298214461
2025-12-28 07:19:59.998000,33.59707711324302,130.3608927560821
2025-12-28 07:20:05.009000,33.59710296556965,130.360955428413
2025-12-28 07:20:10.007000,33.59713436817292,130.3610064415222
2025-12-28 07:20:14.994000,33.5971649330865,130.3610635931839
2025-12-28 07:20:19.993000,33.59718809146113,130.3611237289146
2025-12-28 07:20:24.996000,33.59721068047735,130.361183573502
2025-12-28 07:20:30.006000,33.59724043078189,130.3612328575933
2025-12-28 07:20:35,33.59727040318988,130.3612988404855
2025-12-28 07:20:39.993000,33.59730163295189,130.3613566612343
2025-12-28 07:20:44.997000,33.59733493439705,130.3614127475239
2025-12-28 07:20:50.003000,33.59736256172576,130.3614787827867
2025-12-28 07:20:54.999000,33.59738953183594,130.3615418071599
2025-12-28 07:21:00.498000,33.59742121045125,130.3616055893463
2025-12-28 07:21:06.001000,33.59744923987628,130.3616740583046
2025-12-28 07:21:11.504000,33.59748358662645,130.3617450972277
2025-12-28 07:21:17,33.59752672356496,130.3618015048775
2025-12-28 07:21:21.998000,33.59755714145511,130.3618538917984
2025-12-28 07:21:26.995000,33.59756520613301,130.3619203680499
2025-12-28 07:21:32,33.59757162543153,130.3619848794399
2025-12-28 07:21:37,33.59753894805596,130.3620405514786
2025-12-28 07:21:42.001000,33.59749789877847,130.362081911928
2025-12-28 07:21:47.007000,33.5974538342311,130.3621206191333
2025-12-28 07:21:51.996000,33.59741467045223,130.3621591301933
2025-12-28 07:21:56.985000,33.59736632473657,130.3622099722601
2025-12-28 07:22:02.004000,33.59732866993259,130.3622646935123
2025-12-28 07:22:06.984000,33.59728814047712,130.3623068249173
2025-12-28 07:22:12.924000,33.59726015703296,130.3623849895886
2025-12-28 07:22:17.996000,33.59721001333934,130.362441222476
2025-12-28 07:22:23.012000,33.59716439114946,130.3624935401448
2025-12-28 07:22:28.020000,33.59712786135132,130.3625445530307
2025-12-28 07:22:33.012000,33.59709057909821,130.3625941158427
2025-12-28 07:22:38.006000,33.59705242728552,130.3626337381167
2025-12-28 07:22:43.010000,33.59701814597415,130.3626713648237
2025-12-28 07:22:47.999000,33.59698208681563,130.3627092829758
2025-12-28 07:22:53,33.59694509284603,130.3627478066373
2025-12-28 07:22:58,33.59691295256405,130.3627903681517
2025-12-28 07:23:02.993000,33.59688151056099,130.3628320917952
2025-12-28 07:23:08.009000,33.59685199186708,130.3628711542447
2025-12-28 07:23:13.507000,33.59681529263663,130.3629099901152
2025-12-28 07:23:19.003000,33.59678278270651,130.3629508164876
2025-12-28 07:23:23.999000,33.59675012250619,130.3629875271387
2025-12-28 07:23:29.001000,33.59671992342858,130.3630234140369
2025-12-28 07:23:34.003000,33.59668986409331,130.3630593346105
2025-12-28 07:23:39.005000,33.59666149018604,130.3630977412496
2025-12-28 07:23:44.004000,33.59663008631603,130.3631344339425
2025-12-28 07:23:48.997000,33.59659897650109,130.3631710004298
2025-12-28 07:23:53.996000,33.5965695716778,130.3632130851419
2025-12-28 07:23:58.995000,33.59654115864173,130.3632527714055
2025-12-28 07:24:04.007000,33.59651313719137,130.3632868106768
2025-12-28 07:24:09,33.5964838484195,130.3633223518184
2025-12-28 07:24:14.005000,33.59645261910499,130.3633577959602
2025-12-28 07:24:18.994000,33.59642126360287,130.3633919858031
2025-12-28 07:24:24.002000,33.59639146686897,130.3634275280071
2025-12-28 07:24:29.001000,33.59635608216148,130.3634630445589
2025-12-28 07:24:34.001000,33.59631981263787,130.3635012910037
2025-12-28 07:24:38.998000,33.59628975513489,130.363537446479
2025-12-28 07:24:43.995000,33.59625831461585,130.3635769579479
2025-12-28 07:24:48.998000,33.59622946810475,130.3636133569519
2025-12-28 07:24:54.003000,33.59619958536177,130.3636457524863
2025-12-28 07:24:58.998000,33.59617829196898,130.3636869673821
2025-12-28 07:25:03.999000,33.59615535207604,130.3637280970603
2025-12-28 07:25:08.993000,33.59612895297683,130.3637648120071
2025-12-28 07:25:14.500000,33.59609797955052,130.363797175516
2025-12-28 07:25:19.504000,33.59607046383012,130.3638320937651
2025-12-28 07:25:24.993000,33.59603898838291,130.3638659433762
2025-12-28 07:25:29.997000,33.59600797666107,130.3639000647698
2025-12-28 07:25:34.999000,33.59596584402472,130.3639316240614
2025-12-28 07:25:40,33.59591831959419,130.3639789332056
2025-12-28 07:25:45.003000,33.59586432424505,130.3640188579959
2025-12-28 07:25:50.008000,33.59580960155778,130.3640547107192
2025-12-28 07:25:55.010000,33.59576695823638,130.3640932291464
2025-12-28 07:26:00.004000,33.59572097508622,130.3641301920384
2025-12-28 07:26:05,33.59568217050753,130.3641814249741
2025-12-28 07:26:10.008000,33.59563862007354,130.3642320893591
2025-12-28 07:26:14.994000,33.5956013905198,130.3642918732799
2025-12-28 07:26:19.996000,33.59555881925901,130.3643396501283
2025-12-28 07:26:24.990000,33.59551310554082,130.3643896922677
2025-12-28 07:26:29.995000,33.59547582106307,130.3644341661931
2025-12-28 07:26:35.936000,33.59543142698655,130.36449729489
2025-12-28 07:26:41.695000,33.59539216105838,130.3645669218675
2025-12-28 07:26:46.947000,33.59534458282555,130.3646127025235
2025-12-28 07:26:51.966000,33.595298176291,130.3646615812369
2025-12-28 07:26:56.972000,33.59525504450011,130.3647066058342
2025-12-28 07:27:01.977000,33.59521207164835,130.3647507625031
2025-12-28 07:27:06.982000,33.59516658532048,130.3648062253077
2025-12-28 07:27:11.985000,33.59511891680096,130.3648716105859
2025-12-28 07:27:17.493000,33.59507793714281,130.3649324897777
2025-12-28 07:27:22.495000,33.59503569754025,130.3649753455724
2025-12-28 07:27:28.513000,33.59499105259505,130.3650426026197
2025-12-28 07:27:34.060000,33.59493590784913,130.3651027804466
2025-12-28 07:27:39.052000,33.59489387546921,130.3651569271399
2025-12-28 07:27:44.021000,33.59484998604013,130.3651894741544
2025-12-28 07:27:49.011000,33.59480446549487,130.3652175373684
2025-12-28 07:27:54.026000,33.59477619242146,130.3652758203249
2025-12-28 07:27:59.025000,33.59475003146125,130.3653384092082
2025-12-28 07:28:04.012000,33.59471715523308,130.3653925279048
2025-12-28 07:28:09.018000,33.59469132959657,130.3654411116557
2025-12-28 07:28:14.004000,33.59465721283443,130.3654882799999
2025-12-28 07:28:19.008000,33.59461863262982,130.3655416650914
2025-12-28 07:28:23.999000,33.59458025594797,130.3655964531257
2025-12-28 07:28:28.993000,33.59454254641507,130.3656431967135
2025-12-28 07:28:34.003000,33.59449845306422,130.3656832218919
2025-12-28 07:28:38.996000,33.59445522121509,130.3657363076204
2025-12-28 07:28:44.010000,33.59442208756509,130.3657847558328
2025-12-28 07:28:49.014000,33.59438202146244,130.3658276838629
2025-12-28 07:28:54.004000,33.59434009504256,130.3658730509396
2025-12-28 07:28:58.998000,33.59430549767123,130.3659294738814
2025-12-28 07:29:03.995000,33.59426748908113,130.3659682661531
2025-12-28 07:29:08.999000,33.59423815144228,130.3660127980226
2025-12-28 07:29:14.001000,33.59420642214699,130.366056993727
2025-12-28 07:29:18.997000,33.59417342726982,130.3661013582302
2025-12-28 07:29:24.495000,33.59414046398349,130.3661498017757
2025-12-28 07:29:29.464000,33.59410686688538,130.3661876536662
2025-12-28 07:29:34.953000,33.59406715749385,130.3662300593037
2025-12-28 07:29:39.962000,33.59403368658805,130.3662647711996
2025-12-28 07:29:44.969000,33.59400106735911,130.3663044779273
2025-12-28 07:29:49.975000,33.59397075135406,130.3663462380673
2025-12-28 07:29:54.980000,33.59394175613565,130.3663883555919
2025-12-28 07:29:59.984000,33.59389664264298,130.3664343990907
2025-12-28 07:30:05.005000,33.59385242334064,130.366478635841
2025-12-28 07:30:10.062000,33.59381341405286,130.3665203033668
2025-12-28 07:30:15.043000,33.59376999753181,130.3665521771095
2025-12-28 07:30:20.043000,33.59373076995652,130.366597811018
2025-12-28 07:30:25.016000,33.5936939026279,130.3666443201598
2025-12-28 07:30:30.017000,33.59365238886266,130.3666911626457
2025-12-28 07:30:35.023000,33.59361137288243,130.3667393359456
2025-12-28 07:30:40.016000,33.59358363485369,130.3667890420906
2025-12-28 07:30:45.009000,33.59360209552418,130.3668477413801
2025-12-28 07:30:50.006000,33.59363630770503,130.3669060727653
2025-12-28 07:30:55.005000,33.59366876726998,130.3669609043179
2025-12-28 07:31:00.003000,33.593704646467,130.3670194654292
2025-12-28 07:31:05.004000,33.59373454017118,130.3670788570511
2025-12-28 07:31:10.003000,33.59376922854983,130.3671302544106
2025-12-28 07:31:14.998000,33.5938031150874,130.3671790702616
2025-12-28 07:31:19.991000,33.5938420307397,130.3672271718314
2025-12-28 07:31:25.003000,33.59388022442916,130.3672728276751
2025-12-28 07:31:30.501000,33.5939198520023,130.3673322463788
2025-12-28 07:31:35.500000,33.59394703682566,130.3673717095761
2025-12-28 07:31:40.497000,33.59397847309302,130.3674210635758
2025-12-28 07:31:46.004000,33.59401981643655,130.3674999050565
2025-12-28 07:31:50.997000,33.59405433499054,130.367552638429
2025-12-28 07:32:09,33.59398211618927,130.3676377864952
2025-12-28 07:32:13.999000,33.59393888722244,130.3676680429101
2025-12-28 07:32:18.999000,33.59392418627399,130.3677200927877
2025-12-28 07:32:23.984000,33.59395282639641,130.3677907112103
2025-12-28 07:32:29.005000,33.59398125289373,130.3678626726368
2025-12-28 07:32:34.004000,33.59401230170722,130.3679242368786
2025-12-28 07:32:39.002000,33.59404714030727,130.3679751438266
2025-12-28 07:32:44.003000,33.59408891823784,130.3680254995426
2025-12-28 07:32:49.001000,33.59411985963243,130.3680702945595
2025-12-28 07:32:53.998000,33.59415502179085,130.3681153075205
2025-12-28 07:32:58.993000,33.5942005616838,130.3681530281269
2025-12-28 07:33:03.996000,33.59424370148975,130.3681858586168
2025-12-28 07:33:08.992000,33.59428113185321,130.3682223835215
2025-12-28 07:33:13.995000,33.59432176254562,130.3682618100786
2025-12-28 07:33:19.008000,33.59436071871394,130.3683020581334
2025-12-28 07:33:23.999000,33.59439912826333,130.3683382599542
2025-12-28 07:33:28.999000,33.5944320886387,130.3683853132594
2025-12-28 07:33:34.501000,33.59445992111971,130.3684342224305
2025-12-28 07:33:40.002000,33.59448222918821,130.3684846223134
2025-12-28 07:33:44.994000,33.59451523359114,130.3685392659181
2025-12-28 07:33:49.999000,33.59455438430452,130.3685824309983
2025-12-28 07:33:54.989000,33.59458354336449,130.3686365252528
2025-12-28 07:33:59.995000,33.59461564413486,130.3686770474749
2025-12-28 07:34:05.007000,33.59465539070474,130.3687144404462
2025-12-28 07:34:10,33.59469633884488,130.3687553063794
2025-12-28 07:34:15.002000,33.5947377180972,130.3688009157664
2025-12-28 07:34:19.996000,33.59476524228566,130.3688492187331
2025-12-28 07:34:24.996000,33.59480313704767,130.3688918947121
2025-12-28 07:34:29.951000,33.59484206621139,130.3689324216518
2025-12-28 07:34:35.939000,33.59488076437405,130.3689899748795
2025-12-28 07:34:41.206000,33.59491264415252,130.3690437851561
2025-12-28 07:34:46.969000,33.59494670382822,130.3691016868245
2025-12-28 07:34:51.975000,33.59496166993256,130.3691369962912
2025-12-28 07:34:56.980000,33.59491852087493,130.3691792770275
2025-12-28 07:35:01.984000,33.59486912905552,130.3692136542337
2025-12-28 07:35:06.987000,33.59482389933956,130.369256493854
2025-12-28 07:35:11.990000,33.59477879930694,130.3693011169395
2025-12-28 07:35:16.992000,33.59473818443694,130.3693462340796
2025-12-28 07:35:21.993000,33.59468971605927,130.3693811567543
2025-12-28 07:35:26.994000,33.59464149724835,130.3694086416681
2025-12-28 07:35:31.995000,33.59460219084922,130.3694490382491
2025-12-28 07:35:36.996000,33.59455791605906,130.3694960559747
2025-12-28 07:35:42.498000,33.59451086308777,130.3695363999701
2025-12-28 07:35:47.499000,33.59447192542755,130.369580514427
2025-12-28 07:35:52.499000,33.59443470976595,130.3696167573508
2025-12-28 07:35:57.999000,33.59437505789416,130.3696448038361
2025-12-28 07:36:02.999000,33.5943292298135,130.3696674372248
2025-12-28 07:36:07.999000,33.59427540042074,130.3696894145553
2025-12-28 07:36:12.999000,33.59423071932308,130.3697199539376
2025-12-28 07:36:17.999000,33.59418005285079,130.3697456959532
2025-12-28 07:36:22.999000,33.59412058669952,130.3697660362259
2025-12-28 07:36:27.999000,33.59406891688686,130.3697930166066
2025-12-28 07:36:32.999000,33.59400435940197,130.3698252159713
2025-12-28 07:36:37.999000,33.5939587517483,130.3698598743858
2025-12-28 07:36:42.999000,33.59390548212684,130.3698919871184
2025-12-28 07:36:47.999000,33.59384701195614,130.3699313819701
2025-12-28 07:36:52.999000,33.59378851866371,130.3699628383929
2025-12-28 07:36:57.999000,33.59373205040131,130.3699856803807
2025-12-28 07:37:02.999000,33.5936807101847,130.37001621355
2025-12-28 07:37:07.999000,33.59363304471046,130.3700426215372
2025-12-28 07:37:12.999000,33.59356870549231,130.370074010571
2025-12-28 07:37:17.999000,33.59349357186454,130.3700844740023
2025-12-28 07:37:22.999000,33.59342704212258,130.3701042457675
2025-12-28 07:37:27.999000,33.59336525716603,130.3701194875459
2025-12-28 07:37:32.999000,33.59330574832537,130.3701300082266
2025-12-28 07:37:37.999000,33.59325023009816,130.3701478853917
2025-12-28 07:37:42.999000,33.59319456847106,130.3701670030394
2025-12-28 07:37:48.500000,33.59313427287572,130.3701845660834
2025-12-28 07:37:53.500000,33.59308525934765,130.3702135626755
2025-12-28 07:37:59,33.59302112456936,130.3702335309673
2025-12-28 07:38:04,33.5929672123268,130.3702567139366
2025-12-28 07:38:09,33.59290906611238,130.370269546013
2025-12-28 07:38:14,33.59284691899984,130.3702837877638
2025-12-28 07:38:19,33.59278823817267,130.3703105015467
2025-12-28 07:38:24,33.59272771663894,130.370332175986
2025-12-28 07:38:29,33.59267055536726,130.3703440756
2025-12-28 07:38:34,33.59261255517553,130.3703578271439
2025-12-28 07:38:39,33.5925611991996,130.3703636218114
2025-12-28 07:38:44,33.59250854208629,130.370342969219
2025-12-28 07:38:49,33.59245330743287,130.3703619614374
2025-12-28 07:38:54,33.59239453540858,130.3703954358533
2025-12-28 07:38:58.999000,33.59233767702958,130.3704278941385
2025-12-28 07:39:03.999000,33.59228201509075,130.3704472687096
2025-12-28 07:39:08.999000,33.59222360514714,130.3704575947763
2025-12-28 07:39:13.999000,33.59216183147804,130.3704719231645
2025-12-28 07:39:18.999000,33.59210354475157,130.3704951886141
2025-12-28 07:39:23.999000,33.5920514840308,130.3705126232575
2025-12-28 07:39:28.999000,33.59199140206199,130.3705271839264
2025-12-28 07:39:33.999000,33.59194227788721,130.3705420411974
2025-12-28 07:39:38.999000,33.5918885944677,130.3705560580999
2025-12-28 07:39:43.999000,33.59182392501891,130.370577340497
2025-12-28 07:39:48.999000,33.59176564477008,130.3705894818005
2025-12-28 07:39:54.500000,33.59170907671954,130.3706101186611
2025-12-28 07:40:00,33.59168906353014,130.3706767321046
2025-12-28 07:40:05,33.59165664377045,130.3707268444491
2025-12-28 07:40:10,33.59160320820018,130.3707327418767
2025-12-28 07:40:15,33.59154981937694,130.3707307599828
2025-12-28 07:40:20,33.59149291541628,130.3707337283397
2025-12-28 07:40:25,33.59142962303114,130.3707249320924
2025-12-28 07:40:30,33.59136538720605,130.3707369698495
2025-12-28 07:40:35,33.59130018338955,130.3707572360865
2025-12-28 07:40:40,33.59123446204813,130.370746158833
2025-12-28 07:40:45,33.59117443335202,130.3707521924804
2025-12-28 07:40:50,33.59111529474773,130.3707600693448
2025-12-28 07:40:55,33.59105236080822,130.3707681780128
2025-12-28 07:41:00,33.5910042238072,130.3707890002458
2025-12-28 07:41:04.999000,33.59097317772562,130.3708306379344
2025-12-28 07:41:09.999000,33.59096823077822,130.3709055084937
2025-12-28 07:41:14.999000,33.59096456135401,130.3709800192923
2025-12-28 07:41:19.999000,33.59097335495552,130.371046836551
2025-12-28 07:41:24.999000,33.59098320177202,130.3711100086989
2025-12-28 07:41:29.999000,33.59100774335747,130.3711843600776
2025-12-28 07:41:34.999000,33.59101494933964,130.371244667319
2025-12-28 07:41:39.999000,33.59101223963659,130.3713138995435
2025-12-28 07:41:44.999000,33.59101110775106,130.3713888634083
2025-12-28 07:41:49.999000,33.59102796694115,130.3714518695851
2025-12-28 07:41:54.999000,33.5910238647383,130.3714938244974
2025-12-28 07:42:00.500000,33.59099140855363,130.3715616303917
2025-12-28 07:42:06,33.59098679270197,130.371641319907
2025-12-28 07:42:11,33.59099580160028,130.3717086992732
2025-12-28 07:42:16,33.59100356311608,130.371774173448
2025-12-28 07:42:21,33.59102340833665,130.3718652517081
2025-12-28 07:42:26,33.5910178697697,130.3718600408323
2025-12-28 07:42:32.333000,33.59101049078275,130.3718558795892
2025-12-28 07:42:45,33.59101440248357,130.3718690269081
2025-12-28 07:42:55,33.59100998438115,130.3719579093762
2025-12-28 07:43:02.500000,33.59099546690612,130.372008360685
2025-12-28 07:43:25.999000,33.59096782651996,130.3721637454786
2025-12-28 07:43:30.999000,33.59098969156617,130.3722051276272
2025-12-28 07:43:35.999000,33.59099079899366,130.3722285304943
2025-12-28 07:44:00.999000,33.59102939622036,130.3722498387281
2025-12-28 07:44:06.500000,33.59102367809795,130.372246317096
2025-12-28 07:44:12,33.59102322027432,130.3722646723231
2025-12-28 07:44:17,33.59102420759238,130.3722896956135
2025-12-28 07:44:23.333000,33.59102048820372,130.3723600131878
2025-12-28 07:44:36,33.59101527999504,130.3725260118677
2025-12-28 07:44:41,33.59102886769082,130.372568723826
2025-12-28 07:44:46,33.59101594529035,130.372597610414
2025-12-28 07:44:51,33.59101871810775,130.37266668107
2025-12-28 07:44:56,33.59099839146659,130.3727198587786
2025-12-28 07:45:01,33.59097280814247,130.3727374931239
2025-12-28 07:45:06,33.5909217829527,130.372744746357
2025-12-28 07:45:10.999000,33.59087804109209,130.3727585050841
2025-12-28 07:45:15.999000,33.59082807813561,130.3727772232336
2025-12-28 07:45:20.999000,33.59077476306356,130.3727846069139
2025-12-28 07:45:25.999000,33.59071900278038,130.3727922174052
2025-12-28 07:45:30.999000,33.59065600736277,130.3728108842737
2025-12-28 07:45:35.999000,33.59060142305842,130.3728372469489
2025-12-28 07:45:40.999000,33.59055334464044,130.3728836083226
2025-12-28 07:45:45.999000,33.5905519814975,130.3729682366527
2025-12-28 07:45:50.999000,33.59054542516697,130.3730448438814
2025-12-28 07:45:55.999000,33.59053436791159,130.3731026952884
2025-12-28 07:46:00.999000,33.59052431350199,130.3731197934195
2025-12-28 07:46:05.999000,33.59052626859734,130.373115859358
2025-12-28 07:46:11.499000,33.59053043484119,130.373107365858
2025-12-28 07:46:16.500000,33.59053131087606,130.3731142743736
2025-12-28 07:46:22.500000,33.59053163492144,130.37312867541
2025-12-28 07:46:28,33.59048717552005,130.373147854479
2025-12-28 07:46:33,33.59043439251938,130.3731496338685
2025-12-28 07:46:38,33.59037736907492,130.3731397041973
2025-12-28 07:46:43,33.59031540506152,130.3731374176015
2025-12-28 07:46:48,33.59027656380307,130.3731783221184
2025-12-28 07:46:53,33.59027089128387,130.3732552932296
2025-12-28 07:46:58,33.59025348376637,130.3733269144472
2025-12-28 07:47:03.048000,33.59021254854855,130.373358252243
2025-12-28 07:47:08.069000,33.5901570071595,130.3733494920326
2025-12-28 07:47:13.056000,33.59010530468221,130.3733548466683
2025-12-28 07:47:18.044000,33.59004548874813,130.3733682582109
2025-12-28 07:47:23.026000,33.58998643510802,130.3733808107115
2025-12-28 07:47:28.020000,33.58993406665239,130.3734048575244
2025-12-28 07:47:33.004000,33.58990031455489,130.3734486003648
2025-12-28 07:47:37.993000,33.58990610928705,130.3735160261165
2025-12-28 07:47:43.004000,33.58990362196662,130.3735978429627
2025-12-28 07:47:47.991000,33.5898922458329,130.3736738773485
2025-12-28 07:47:52.999000,33.58988247059637,130.3737603261618
2025-12-28 07:47:58.011000,33.5898835005184,130.3738459923542
2025-12-28 07:48:03.017000,33.58987360003357,130.3739272157415
2025-12-28 07:48:07.999000,33.58986472808976,130.3740047357305
2025-12-28 07:48:13.009000,33.58985863196738,130.3740815470953
2025-12-28 07:48:18.508000,33.58985392080393,130.3741543678519
2025-12-28 07:48:23.499000,33.58984693267711,130.3742057403405
2025-12-28 07:48:28.498000,33.58985625963804,130.3742478856266
2025-12-28 07:48:33.986000,33.58984786824152,130.3743140146864
2025-12-28 07:48:38.996000,33.58984209213607,130.3744005452038
2025-12-28 07:48:43.994000,33.58984274828936,130.3744791612236
2025-12-28 07:48:48.999000,33.58983231579588,130.3745517855746
2025-12-28 07:48:53.990000,33.58982783163562,130.3746234302081
2025-12-28 07:48:58.991000,33.58981305663463,130.3746977233165
2025-12-28 07:49:04.003000,33.58978996834183,130.3747792549987
2025-12-28 07:49:09.001000,33.58977165648494,130.3748443148069
2025-12-28 07:49:14.002000,33.58976394613984,130.3749129123783
2025-12-28 07:49:18.993000,33.58977336805326,130.3749667872338
2025-12-28 07:49:24.006000,33.58976799714287,130.3750275091644
2025-12-28 07:49:29.010000,33.58973186398684,130.3750598156756
2025-12-28 07:49:34.007000,33.58967570864183,130.3750606828316
2025-12-28 07:49:39.016000,33.58962163853472,130.3750424893889
2025-12-28 07:49:44.009000,33.58956392455287,130.3750503344293
2025-12-28 07:49:49,33.5895136048286,130.375091108523
2025-12-28 07:49:53.999000,33.58945975343494,130.3751246230106
2025-12-28 07:49:59.004000,33.58940942010184,130.3751509934543
2025-12-28 07:50:04.001000,33.5893553206842,130.3751961887279
2025-12-28 07:50:09.002000,33.58930583650157,130.3752457871064
2025-12-28 07:50:14.008000,33.58925183717973,130.3752787516824
2025-12-28 07:50:19.001000,33.58921017173283,130.3753018372942
2025-12-28 07:50:24.498000,33.58919213138796,130.3753583730338
2025-12-28 07:50:29.495000,33.58918605084522,130.3754330733173
2025-12-28 07:50:34.497000,33.5891960413155,130.3755018853184
2025-12-28 07:50:39.995000,33.58921985926122,130.3755625497083
2025-12-28 07:50:45,33.58922618374717,130.3756143715318
2025-12-28 07:50:49.999000,33.58922774954588,130.3756357479155
2025-12-28 07:51:05,33.58919668326998,130.3755921791939
2025-12-28 07:51:23.305000,33.58919876580705,130.3756615234343
2025-12-28 07:52:45,33.58922248183269,130.3759559007394
2025-12-28 07:52:50.014000,33.58921274688766,130.375906072025
2025-12-28 07:53:04.605000,33.58921656915009,130.3759407855379
2025-12-28 07:54:08.999000,33.58924973388984,130.3762450812384
2025-12-28 07:54:14.002000,33.58923903430845,130.3763201366013
2025-12-28 07:54:19.004000,33.5892206261507,130.3763900941395
2025-12-28 07:54:24.014000,33.58919834795965,130.3764495505505
2025-12-28 07:54:29.005000,33.58917419226216,130.3765125766219
2025-12-28 07:54:34.499000,33.58915269762284,130.3765809823884
2025-12-28 07:54:40.506000,33.5891168376641,130.376655600748
2025-12-28 07:54:46.505000,33.5890931411644,130.3767283771395
2025-12-28 07:54:52.004000,33.58908751721939,130.3768022906232
2025-12-28 07:54:57.002000,33.58909462122127,130.3767921811377
2025-12-28 07:55:01.995000,33.58909169018902,130.3768135349102
2025-12-28 07:55:07.008000,33.5890779306114,130.3768889294496
2025-12-28 07:55:12.007000,33.58905644838408,130.3769475394148
2025-12-28 07:55:17.005000,33.58902097545975,130.3769987112635
2025-12-28 07:55:22.010000,33.58898347323487,130.3770483477473
2025-12-28 07:55:26.991000,33.58894593761404,130.3770989370825
2025-12-28 07:55:31.995000,33.58892090513188,130.3771153887932
2025-12-28 07:55:51.878000,33.58886322238475,130.3771509445648
2025-12-28 07:57:20,33.58853104801119,130.3773690565708
2025-12-28 07:57:25.583000,33.58852162054717,130.3773704623668
2025-12-28 07:57:39,33.58845684937993,130.377391793562
2025-12-28 07:57:44,33.58842131678902,130.3774087453071
2025-12-28 07:57:49.001000,33.58841699507259,130.3773987848872
2025-12-28 07:57:54.002000,33.58839942332981,130.3774068390425
2025-12-28 07:57:58.999000,33.5883761790507,130.3774172752892
2025-12-28 07:58:04.001000,33.58833561385229,130.3774412054233
2025-12-28 07:58:09.002000,33.58828704050011,130.3774643415066
2025-12-28 07:58:14.002000,33.58823527040176,130.377485960271
2025-12-28 07:58:19,33.5881789589444,130.3775039744885
2025-12-28 07:58:24,33.58813114483492,130.377524022368
2025-12-28 07:58:28.998000,33.5880730138627,130.3775371986517
2025-12-28 07:58:33.999000,33.58801542446481,130.3775603967115
2025-12-28 07:58:39.003000,33.58795619722437,130.3775805333852
2025-12-28 07:58:44.001000,33.58789442255339,130.3775917164995
2025-12-28 07:58:49.500000,33.58782620515315,130.3776095185945
2025-12-28 07:58:55.500000,33.58775362253152,130.3776198112141
2025-12-28 07:59:00.999000,33.5876951541043,130.3776376109082
2025-12-28 07:59:05.996000,33.58763791419772,130.3776477611194
2025-12-28 07:59:11,33.58758414040555,130.3776591102474
2025-12-28 07:59:16,33.58752664380283,130.3776714720032
2025-12-28 07:59:20.998000,33.58747394132449,130.3776958517284
2025-12-28 07:59:25.998000,33.58742478977153,130.3777093037189
2025-12-28 07:59:30.991000,33.58740681110642,130.377715529069
2025-12-28 07:59:44.743000,33.58744565927813,130.3777001151825
2025-12-28 08:00:58,33.58766381249721,130.3776148914292
2025-12-28 08:01:03.007000,33.58770142801132,130.3776322615072
2025-12-28 08:01:08.008000,33.58774232595064,130.3776326938053
2025-12-28 08:01:13.009000,33.58777835118611,130.3776226818861
2025-12-28 08:01:32,33.58787555134226,130.3775910152965
2025-12-28 08:01:37.004000,33.58792780967177,130.3775854557866
2025-12-28 08:01:42.008000,33.58797016185869,130.3775744329871
2025-12-28 08:01:47,33.58796257707542,130.3775562523985
2025-12-28 08:01:51.989000,33.58796972779682,130.3775654751437
2025-12-28 08:02:02.986000,33.588020806854,130.3775657112762
2025-12-28 08:02:51.999000,33.58824858464583,130.3775574324538
2025-12-28 08:02:56.992000,33.5882545381276,130.3775590827869
2025-12-28 08:03:02.974000,33.58827070730985,130.377558777061
2025-12-28 08:03:14,33.5883389639862,130.3775550682448
2025-12-28 08:03:19.005000,33.58839594050661,130.377538832852
2025-12-28 08:03:24.001000,33.58844639761278,130.3775124032506
2025-12-28 08:03:29,33.58849136182344,130.3774939998177
2025-12-28 08:03:33.996000,33.58854073172611,130.3774754661697
2025-12-28 08:03:38.999000,33.5885709140346,130.3774392658363
2025-12-28 08:03:43.998000,33.58853083924116,130.3773960446368
2025-12-28 08:03:49.004000,33.58847972173982,130.3774148087571
2025-12-28 08:03:53.998000,33.58843299998601,130.3774165103184
2025-12-28 08:03:59.849000,33.58841610312606,130.3774119332841
2025-12-28 08:04:09.999000,33.58840520750661,130.3774059973537
2025-12-28 08:04:15.003000,33.58840419584919,130.3773966408739
2025-12-28 08:04:27.288000,33.58842895470003,130.3774225918812
2025-12-28 08:05:26,33.58856959786831,130.3775801824249
2025-12-28 08:05:31.009000,33.58858706933621,130.3776349942327
2025-12-28 08:05:36.005000,33.58860006385873,130.3776951520425
2025-12-28 08:05:41.009000,33.58861238948116,130.3777594446781
2025-12-28 08:05:46.002000,33.58862944064787,130.3778216190933
2025-12-28 08:05:51.007000,33.58863364036368,130.377885962547
2025-12-28 08:05:56.008000,33.58864685658412,130.377949688995
2025-12-28 08:06:01.001000,33.58867406968874,130.3779997632292
2025-12-28 08:06:06,33.58869352248242,130.3780544376944
2025-12-28 08:06:11.006000,33.5886918469806,130.3781185479286
2025-12-28 08:06:16.001000,33.58868582740938,130.3781762283597
2025-12-28 08:06:20.995000,33.5886736324478,130.3782366170944
2025-12-28 08:06:25.989000,33.58865686664995,130.3782908457942
2025-12-28 08:06:30.999000,33.58863626509174,130.3783374539511
2025-12-28 08:06:36.001000,33.58862756456152,130.3783897877822
2025-12-28 08:06:40.999000,33.58862449067378,130.378435627453
2025-12-28 08:06:45.997000,33.58861284600817,130.3784715206313
2025-12-28 08:07:00.999000,33.58859103911098,130.3786450208791
2025-12-28 08:07:22,33.58858978036696,130.3789112818568
2025-12-28 08:07:27.010000,33.58858328570491,130.3789620028956
2025-12-28 08:07:32.011000,33.58858313753545,130.3790167985266
2025-12-28 08:07:37.006000,33.5885935038422,130.3790727670356
2025-12-28 08:07:42.003000,33.58860076969759,130.3791326120764
2025-12-28 08:07:46.993000,33.58859907404374,130.3791881813401
2025-12-28 08:07:52.001000,33.58858794491753,130.3792502922253
2025-12-28 08:07:57,33.58858184587071,130.3793066571559
2025-12-28 08:08:01.996000,33.58857907577342,130.3793612541769
2025-12-28 08:08:06.997000,33.58857472463056,130.3794229822625
2025-12-28 08:08:11.996000,33.58856433449286,130.379482592719
2025-12-28 08:08:17,33.58855746808998,130.3795416496315
2025-12-28 08:08:22.004000,33.58854213116719,130.3795979171271
2025-12-28 08:08:27,33.58853965965054,130.3796625320151
2025-12-28 08:08:31.995000,33.58852639694212,130.3797326346085
2025-12-28 08:08:37.004000,33.58852475506741,130.3798009355728
2025-12-28 08:08:42.002000,33.58851674414099,130.3798607198558
2025-12-28 08:08:47,33.58850508603656,130.3799332995926
2025-12-28 08:08:51.995000,33.5885024159014,130.3799958112754
2025-12-28 08:08:56.999000,33.5884870335796,130.3800653418482
2025-12-28 08:09:01.999000,33.5884748074977,130.3801357014439
2025-12-28 08:09:07,33.58846558513959,130.3801950243189
2025-12-28 08:09:11.994000,33.58845935179141,130.380255764397
2025-12-28 08:09:17.502000,33.58844427678461,130.380314082221
2025-12-28 08:09:22.495000,33.5884482643576,130.3803759467737
2025-12-28 08:09:28.499000,33.58844650853975,130.3804378110674
2025-12-28 08:09:34,33.58843359663352,130.3804889184352
2025-12-28 08:09:38.990000,33.58843270183098,130.3805392871138
2025-12-28 08:09:43.997000,33.58843405549158,130.3805938422885
2025-12-28 08:09:48.998000,33.5884226574789,130.3806455168463
2025-12-28 08:09:53.990000,33.58841389972582,130.3806931063879
2025-12-28 08:09:59.010000,33.58841120684494,130.3807431142075
2025-12-28 08:10:03.999000,33.58840396297358,130.3807943949194
2025-12-28 08:10:08.993000,33.58839553440289,130.3808374805898
2025-12-28 08:10:14.007000,33.58836908040242,130.3808752370878
2025-12-28 08:10:19.004000,33.58835996687565,130.3809294216382
2025-12-28 08:10:24.001000,33.58834775030808,130.3809758648741
2025-12-28 08:10:28.997000,33.58833817780561,130.3810244435162
2025-12-28 08:10:34.005000,33.58833138059902,130.381087655739
2025-12-28 08:10:38.994000,33.58832848554081,130.3811373985367
2025-12-28 08:10:44.004000,33.58832752625722,130.3811929282254
2025-12-28 08:10:49.008000,33.58831731664741,130.3812426276752
2025-12-28 08:10:53.990000,33.5883053982183,130.3812959304863
2025-12-28 08:10:59,33.58830144078514,130.3813514938904
2025-12-28 08:11:03.996000,33.58829090905422,130.3813972049965
2025-12-28 08:11:09.002000,33.58829131885483,130.3814336260632
2025-12-28 08:11:14.005000,33.58829766060279,130.381473814138
2025-12-28 08:11:19.001000,33.58833182342664,130.3814903875405
2025-12-28 08:11:24.501000,33.58837186224765,130.3814929337983
2025-12-28 08:11:29.500000,33.58841357267996,130.3814984441509
2025-12-28 08:11:34.497000,33.58845599911827,130.3815078103048
2025-12-28 08:11:39.999000,33.58850017513152,130.381519170789
2025-12-28 08:11:44.995000,33.58854159291017,130.3815349446141
2025-12-28 08:11:49.999000,33.58858534129032,130.3815402834254
2025-12-28 08:11:54.996000,33.5886280841606,130.3815513205187
2025-12-28 08:11:59.999000,33.58866938035154,130.3815516441326
2025-12-28 08:12:05,33.58871099520271,130.3815668443602
2025-12-28 08:12:10,33.5887510191852,130.3815676136081
2025-12-28 08:12:15.002000,33.58879216883985,130.3815712581911
2025-12-28 08:12:20.001000,33.58883890213047,130.3815771119902
2025-12-28 08:12:25.001000,33.58888738107978,130.3815844982873
2025-12-28 08:12:30,33.58894533156148,130.3815959098413
2025-12-28 08:12:35.002000,33.58900099875679,130.3815994252494
2025-12-28 08:12:39.996000,33.58905870773025,130.3816106820385
2025-12-28 08:12:44.977000,33.58908073678875,130.381625187822
2025-12-28 08:12:49.984000,33.58907342410983,130.3816369938143
2025-12-28 08:13:06.999000,33.58907301047832,130.3816567930642
2025-12-28 08:13:20.999000,33.58907005935615,130.3816671299533
2025-12-28 08:13:25.993000,33.58907495005059,130.3816701019702
2025-12-28 08:13:41.197000,33.58907291663565,130.3817295619834
2025-12-28 08:14:36.999000,33.58904566204695,130.3819914613137
2025-12-28 08:14:42.020000,33.58903782554165,130.3820347976358
2025-12-28 08:14:47.010000,33.58902800086202,130.3820814605356
2025-12-28 08:14:52.012000,33.58901495128914,130.3821286044838
2025-12-28 08:14:57.017000,33.58900339743174,130.3821803675154
2025-12-28 08:15:02.007000,33.58899320130274,130.3822343786547
2025-12-28 08:15:07.013000,33.58898176892627,130.3822920560933
2025-12-28 08:15:12.005000,33.58897049459792,130.3823510834244
2025-12-28 08:15:17.003000,33.58895867086044,130.3824086180892
2025-12-28 08:15:21.999000,33.58893808866166,130.3824597246028
2025-12-28 08:15:26.998000,33.58892808774753,130.3825153978232
2025-12-28 08:15:31.993000,33.58891905890002,130.382569109059
2025-12-28 08:15:37.500000,33.58890853768183,130.3826273428086
2025-12-28 08:15:43.496000,33.58889448803853,130.3826901921364
2025-12-28 08:15:49.009000,33.58888221344104,130.382745258602
2025-12-28 08:15:54.003000,33.58887358582403,130.3828002658707
2025-12-28 08:15:59.001000,33.58887527796323,130.3828562907719
2025-12-28 08:16:03.996000,33.5888660941892,130.3829073033449
2025-12-28 08:16:09.001000,33.58885583844712,130.3829601847089
2025-12-28 08:16:13.998000,33.58884928049441,130.3830131368774
2025-12-28 08:16:19.002000,33.58884605680328,130.3830698975033
2025-12-28 08:16:24,33.58885000130891,130.3831300348762
2025-12-28 08:16:28.999000,33.58884180583463,130.3831850720345
2025-12-28 08:16:34.002000,33.58883130888258,130.3832386664247
2025-12-28 08:16:39.001000,33.58882276861868,130.3832854627217
2025-12-28 08:16:43.999000,33.5888152209411,130.3833379479186
2025-12-28 08:16:49.001000,33.58880403076646,130.3833969749833
2025-12-28 08:16:53.992000,33.58879056213391,130.3834553927664
2025-12-28 08:16:59.002000,33.58878327493965,130.3835117316966
2025-12-28 08:17:03.992000,33.58877213991219,130.3835654471192
2025-12-28 08:17:08.998000,33.58876539143471,130.3836268721985
2025-12-28 08:17:13.994000,33.5887621601474,130.3836812784129
2025-12-28 08:17:19,33.58872768729903,130.383728153303
2025-12-28 08:17:24.002000,33.58872310290009,130.383786491892
2025-12-28 08:17:29,33.58871735005462,130.3838432994096
2025-12-28 08:17:33.997000,33.58871109778001,130.38389619785
2025-12-28 08:17:38.998000,33.58871221692853,130.3839482368916
2025-12-28 08:17:44.501000,33.58871309816363,130.3840039448741
2025-12-28 08:17:49.497000,33.58871337958419,130.3840552260496
2025-12-28 08:17:54.493000,33.58870574482889,130.3841017647416
2025-12-28 08:17:59.996000,33.58869700726753,130.3841577103902
2025-12-28 08:18:04.995000,33.58868874093723,130.3842198984563
2025-12-28 08:18:10.005000,33.58868498579891,130.3842744110386
2025-12-28 08:18:14.999000,33.58868230799587,130.3843378015406
2025-12-28 08:18:20.005000,33.5886767428229,130.3843910061577
2025-12-28 08:18:24.996000,33.58866733198616,130.3844395919839
2025-12-28 08:18:30.003000,33.58866619927752,130.3844854144578
2025-12-28 08:18:35.002000,33.58866202498524,130.3845348292145
2025-12-28 08:18:39.998000,33.5886554765836,130.3845847560204
2025-12-28 08:18:45.001000,33.58864956465405,130.3846356390931
2025-12-28 08:18:49.995000,33.5886407515814,130.384688519046
2025-12-28 08:18:54.993000,33.58863384484265,130.3847368569959
2025-12-28 08:19:00.005000,33.58863010457466,130.3847902323466
2025-12-28 08:19:05.009000,33.58862435757138,130.3848365177964
2025-12-28 08:19:10.008000,33.58859534953936,130.3848730734675
2025-12-28 08:19:14.991000,33.58858085714991,130.3849185252544
2025-12-28 08:19:19.998000,33.58857507521088,130.3849739016356
2025-12-28 08:19:25.007000,33.5885708080115,130.3850251113725
2025-12-28 08:19:29.996000,33.58856656000982,130.3850753004957
2025-12-28 08:19:35.001000,33.58855554675444,130.3851292144077
2025-12-28 08:19:40.001000,33.58854373624997,130.3851812771055
2025-12-28 08:19:44.994000,33.58853761704763,130.3852288816567
2025-12-28 08:19:49.994000,33.58853217620538,130.3852749172867
2025-12-28 08:19:55.500000,33.58852553901087,130.3853296680029
2025-12-28 08:20:01.004000,33.58853299146042,130.385392941819
2025-12-28 08:20:06,33.58852738689587,130.385447599622
2025-12-28 08:20:11.007000,33.58851708491454,130.3854960083656
2025-12-28 08:20:15.996000,33.58851112599954,130.3855461177571
2025-12-28 08:20:21.001000,33.58850408237271,130.3855972520952
2025-12-28 08:20:25.999000,33.58849532480608,130.385652738588
2025-12-28 08:20:31.001000,33.58848637858856,130.3857063872113
2025-12-28 08:20:35.997000,33.58847694798178,130.3857520001137
2025-12-28 08:20:41.002000,33.58847988416598,130.3858115579537
2025-12-28 08:20:45.997000,33.58848015203208,130.385864592601
2025-12-28 08:20:51.002000,33.58848022076953,130.3859149736676
2025-12-28 08:20:55.995000,33.58848309047038,130.3859650016511
2025-12-28 08:21:00.992000,33.58847783268305,130.3860209097372
2025-12-28 08:21:05.991000,33.58847806476999,130.3860734288871
2025-12-28 08:21:11.004000,33.58847522356742,130.3861160465336
2025-12-28 08:21:15.999000,33.58847390767523,130.3861711644453
2025-12-28 08:21:20.998000,33.58847041292091,130.3862272400438
2025-12-28 08:21:25.997000,33.58846441359098,130.3862811690747
2025-12-28 08:21:30.998000,33.58845850605181,130.3863315783074
2025-12-28 08:21:35.983000,33.5884514143633,130.386379294088
2025-12-28 08:21:40.990000,33.58844818351758,130.3864246426027
2025-12-28 08:21:45.999000,33.58844237473087,130.3864838058548
2025-12-28 08:21:50.997000,33.58843211011899,130.3865356965821
2025-12-28 08:21:56.497000,33.58842924067299,130.3865939905955
2025-12-28 08:22:01.504000,33.58842212705658,130.3866430857727
2025-12-28 08:22:06.499000,33.58841848204828,130.3866886423432
2025-12-28 08:22:12.007000,33.58841253907229,130.3867381908476
2025-12-28 08:22:17.014000,33.58841080035211,130.3867862302683
2025-12-28 08:22:21.998000,33.58840967276907,130.3868351077826
2025-12-28 08:22:26.995000,33.58841199477743,130.3868846163743
2025-12-28 08:22:31.997000,33.58842009207969,130.3869353116218
2025-12-28 08:22:36.998000,33.58843533274383,130.3869873131373
2025-12-28 08:22:42.006000,33.58845203589138,130.3870316682772
2025-12-28 08:22:47.002000,33.58844800261278,130.3870787066593
2025-12-28 08:22:52.001000,33.58844845515861,130.3871276709606
2025-12-28 08:22:56.994000,33.58845310581393,130.3871768861114
2025-12-28 08:23:01.996000,33.58845324341557,130.3872356555181
2025-12-28 08:23:06.995000,33.5884566742113,130.3872787102233
2025-12-28 08:23:11.989000,33.58847060646632,130.3873287407571
2025-12-28 08:23:16.998000,33.58848058935266,130.3873789199019
2025-12-28 08:23:21.998000,33.58849106206159,130.3874341603853
2025-12-28 08:23:27.004000,33.58849711674706,130.3874827822467
2025-12-28 08:23:32.006000,33.58849877056353,130.3875324223351
2025-12-28 08:23:37.004000,33.58850001992067,130.3875835709205
2025-12-28 08:23:41.997000,33.5885021129759,130.3876322012201
2025-12-28 08:23:46.997000,33.588510303775,130.3876875778955
2025-12-28 08:23:51.993000,33.58851739744037,130.3877371791791
2025-12-28 08:23:57.007000,33.58852062855953,130.3877797032877
2025-12-28 08:24:02.500000,33.58851682385431,130.3878263306374
2025-12-28 08:24:07.502000,33.58852323169555,130.3878714925804
2025-12-28 08:24:13.001000,33.58853671991518,130.3879261775722
2025-12-28 08:24:18.007000,33.58853606327767,130.3879819305143
2025-12-28 08:24:23.005000,33.58852232082742,130.3880304558774
2025-12-28 08:24:28.001000,33.588528099341,130.3880859067475
2025-12-28 08:24:32.995000,33.58853978037732,130.3881380950847
2025-12-28 08:24:38.001000,33.58854806711786,130.3881812938622
2025-12-28 08:24:42.999000,33.58855688832239,130.3882262426101
2025-12-28 08:24:47.997000,33.58856591776903,130.3882724969972
2025-12-28 08:24:52.996000,33.5885686297961,130.3883104949347
2025-12-28 08:24:57.997000,33.58856912411098,130.3883754473592
2025-12-28 08:25:02.998000,33.58857977106739,130.3884442284494
2025-12-28 08:25:08.002000,33.58858792669737,130.388499816206
2025-12-28 08:25:13.002000,33.58859790727459,130.3885485638603
2025-12-28 08:25:18.004000,33.58860947245329,130.3885914484346
2025-12-28 08:25:23.002000,33.58861664339077,130.388635856515
2025-12-28 08:25:27.999000,33.58861967590906,130.3886796319162
2025-12-28 08:25:33.001000,33.58862744076447,130.3887229069602
2025-12-28 08:25:37.999000,33.58863829290587,130.3887571034506
2025-12-28 08:25:42.997000,33.5886443617219,130.3887962173528
2025-12-28 08:25:47.996000,33.58864452170786,130.3888415483442
2025-12-28 08:25:52.997000,33.58864373565101,130.38889904359
2025-12-28 08:25:57.992000,33.58864121760144,130.3889599597051
2025-12-28 08:26:03.008000,33.58864403538019,130.3890181084026
2025-12-28 08:26:08.492000,33.58864562006522,130.389055358629
2025-12-28 08:26:13.484000,33.58865165467462,130.3890945151267
2025-12-28 08:26:18.998000,33.58866768258503,130.3891512344082
2025-12-28 08:26:24.002000,33.58868081661156,130.389198421472
2025-12-28 08:26:29.001000,33.58868871399661,130.3892341833217
2025-12-28 08:26:34.005000,33.58870724411697,130.3892675417231
2025-12-28 08:26:38.994000,33.5887293714015,130.3893128075765
2025-12-28 08:26:43.975000,33.58875277772025,130.3893616641829
2025-12-28 08:26:48.973000,33.58877384792224,130.3894072278932
2025-12-28 08:26:53.973000,33.58880839788032,130.3894563188853
2025-12-28 08:26:58.962000,33.58883863789421,130.3895095688637
2025-12-28 08:27:03.985000,33.58883434569875,130.3895765318684
2025-12-28 08:27:08.989000,33.58884125996369,130.3896274074509
2025-12-28 08:27:14.031000,33.58882195903971,130.3896717463402
2025-12-28 08:27:19.025000,33.5888081943473,130.3897256047194
2025-12-28 08:27:23.985000,33.58882015894297,130.389782615145
2025-12-28 08:27:30.989000,33.58885063459837,130.3898543857238
2025-12-28 08:27:58.999000,33.5889270855963,130.3901558245863
2025-12-28 08:28:03.984000,33.5889174220665,130.3902112540263
2025-12-28 08:28:08.987000,33.58892176766317,130.3902585695128
2025-12-28 08:28:14.494000,33.58892779182257,130.3903124204734
2025-12-28 08:28:19.496000,33.58892621639064,130.3903507410897
2025-12-28 08:28:34,33.58892577730003,130.3904168068916
2025-12-28 08:28:38.997000,33.58892051658044,130.3904500322445
2025-12-28 08:28:43.998000,33.58891499443127,130.3904553448483
2025-12-28 08:29:11,33.58891359314533,130.3905743750497
2025-12-28 08:29:31.999000,33.58894527960118,130.390776043578
2025-12-28 08:29:36.999000,33.5889582183456,130.3908319696169
2025-12-28 08:29:41.999000,33.58897651006333,130.3908817996302
2025-12-28 08:29:46.999000,33.58899731587671,130.3909324819407
2025-12-28 08:29:51.999000,33.58901896629895,130.3909871538733
2025-12-28 08:29:56.999000,33.58903833211448,130.3910418560018
2025-12-28 08:30:01.999000,33.58905383749923,130.3910920390912
2025-12-28 08:30:06.999000,33.58907257190766,130.3911439861349
2025-12-28 08:30:11.999000,33.58908409915097,130.3911874565894
2025-12-28 08:30:17.499000,33.58909940457296,130.3912520153269
2025-12-28 08:30:22.500000,33.58912502942301,130.3913111461372
2025-12-28 08:30:28.500000,33.58915719970039,130.3913833892337
2025-12-28 08:30:34,33.58918851278897,130.3914464655185
2025-12-28 08:30:39,33.58920843256252,130.3915028462862
2025-12-28 08:30:44,33.58921989123441,130.3915616959668
2025-12-28 08:30:49,33.58923271786694,130.3916203609327
2025-12-28 08:30:54,33.58924358070589,130.3916703736634
2025-12-28 08:30:59,33.58925785114778,130.3917270006737
2025-12-28 08:31:04,33.5892660500181,130.3917700566751
2025-12-28 08:31:09,33.58927940544127,130.3918282341397
2025-12-28 08:31:14,33.58930210612003,130.3919114367063
2025-12-28 08:31:19,33.58930137869718,130.3919889984894
2025-12-28 08:31:23.999000,33.58929459605549,130.3920861355184
2025-12-28 08:31:28.999000,33.58930074149599,130.3921557082462
2025-12-28 08:31:33.999000,33.58932238151454,130.3922254919419
2025-12-28 08:31:38.999000,33.58934258198803,130.3922865414099
2025-12-28 08:31:43.999000,33.58936489609813,130.3923453477205
2025-12-28 08:31:48.999000,33.58937403903627,130.3924096268598
2025-12-28 08:31:53.999000,33.58939493340212,130.3924661244816
2025-12-28 08:31:58.999000,33.5894115878639,130.3925336344203
2025-12-28 08:32:03.999000,33.58942180788133,130.3925993522728
2025-12-28 08:32:08.999000,33.58943669974165,130.3926686152379
2025-12-28 08:32:13.999000,33.58944515427467,130.3927439278025
2025-12-28 08:32:18.999000,33.58945917671625,130.3928130009974
2025-12-28 08:32:24.500000,33.58948226718169,130.3928817768119
2025-12-28 08:32:29.500000,33.58950274024325,130.3929415004557
2025-12-28 08:32:34.500000,33.58952914719253,130.3930038294028
2025-12-28 08:32:40,33.58954406219357,130.3930761411738
2025-12-28 08:32:45,33.58955783865575,130.3931338056763
2025-12-28 08:32:50,33.58955619276549,130.3931746815966
2025-12-28 08:32:55,33.58955436090513,130.3932002700233
2025-12-28 08:33:00,33.58955128022102,130.3932154092472
2025-12-28 08:33:12,33.58956516079182,130.3932533073164
2025-12-28 08:33:22,33.58958329847707,130.3932952267272
2025-12-28 08:34:22.999000,33.58968628911599,130.3935571386464
2025-12-28 08:34:28.499000,33.58966561751659,130.3936569159562
2025-12-28 08:34:34.500000,33.58967650657286,130.3937700894348
2025-12-28 08:34:40.500000,33.58970967414282,130.3938662992651
2025-12-28 08:34:46,33.58972784970333,130.3939252172368
2025-12-28 08:34:51,33.5897467503902,130.3939827508036
2025-12-28 08:34:56,33.58976848637547,130.3940455282553
2025-12-28 08:35:01,33.58979702222253,130.3941241165167
2025-12-28 08:35:06,33.58981512593444,130.3942183703338
2025-12-28 08:35:11,33.58982981772417,130.3943170760021
2025-12-28 08:35:16,33.58984197018222,130.3944070557978
2025-12-28 08:35:21,33.58986819763067,130.3944940263004
2025-12-28 08:35:26,33.5898793715098,130.3945750171719
2025-12-28 08:35:31,33.58988217734019,130.3946518664712
2025-12-28 08:35:35.999000,33.58988578885953,130.3947529659001
2025-12-28 08:35:40.999000,33.58989404898571,130.3948483393785
2025-12-28 08:35:45.999000,33.58993134898954,130.3949237315487
2025-12-28 08:35:50.999000,33.58994685391257,130.3950017703885
2025-12-28 08:35:55.999000,33.58997346128347,130.3950902078956
2025-12-28 08:36:00.999000,33.59000904827057,130.3951475298192
2025-12-28 08:36:05.999000,33.59004447269817,130.3952127712813
2025-12-28 08:36:10.999000,33.59005715526825,130.3952934443414
2025-12-28 08:36:15.999000,33.59007119071964,130.3953753873196
2025-12-28 08:36:20.999000,33.59008141422239,130.3954467569376
2025-12-28 08:36:25.999000,33.59010171597762,130.3955122815667
2025-12-28 08:36:30.999000,33.59011938429277,130.3956020361911
2025-12-28 08:36:36.500000,33.59014812989165,130.3957059469683
2025-12-28 08:36:42,33.59016542633478,130.3957653592801
2025-12-28 08:36:47,33.59015864041903,130.3957440448054
2025-12-28 08:36:52,33.59013781194956,130.3957707811225
2025-12-28 08:36:57,33.59015463129678,130.3958256480277
2025-12-28 08:37:02,33.59017677209874,130.3959166061071
2025-12-28 08:37:07,33.59019818043662,130.3960079034
2025-12-28 08:37:12,33.59023689682159,130.3961083446453
2025-12-28 08:37:17,33.59027993047954,130.3962317384948
2025-12-28 08:37:22,33.59031444348416,130.3963370402138
2025-12-28 08:37:27,33.59034400508979,130.3963991787431
2025-12-28 08:37:32,33.59034225162311,130.3964840468894
2025-12-28 08:37:37,33.5903255813439,130.3965633149012
2025-12-28 08:37:41.999000,33.59030449847428,130.3966080094659
2025-12-28 08:37:46.999000,33.59030617142508,130.3966397141678
2025-12-28 08:37:52.892000,33.59030266107227,130.3966987335625
2025-12-28 08:37:58.427000,33.5902895679485,130.396752901002
2025-12-28 08:38:03.972000,33.59026603154771,130.3969180418613
2025-12-28 08:38:10.719000,33.59029228303125,130.3970225695097
2025-12-28 08:38:16.193000,33.59030151247904,130.3971375732165
2025-12-28 08:38:21.997000,33.59028474905232,130.3972053903036
2025-12-28 08:38:26.967000,33.59028819437535,130.3972825190554
2025-12-28 08:38:31.999000,33.59027933410162,130.3973023769992
2025-12-28 08:38:55,33.59029091533555,130.3972820453653
2025-12-28 08:39:00.091000,33.59028119446408,130.3972807355304
2025-12-28 08:39:07,33.59026990338286,130.3973048462191
2025-12-28 08:39:17,33.59029108221094,130.3972881113364
2025-12-28 08:39:22,33.59029614206606,130.3972709536309
2025-12-28 08:39:30.780000,33.59030028571603,130.3972783999908
2025-12-28 08:42:25,33.59037106962159,130.3974699198389
2025-12-28 08:42:30,33.59035858612563,130.3976892464931
2025-12-28 08:42:35.494000,33.59037973506111,130.3978711064345
2025-12-28 08:42:41,33.59033187938826,130.3979604642442
2025-12-28 08:42:46,33.59035677786397,130.3979933574642
2025-12-28 08:42:53.138000,33.59040517014476,130.3981105385136
2025-12-28 08:43:13.999000,33.59051278690217,130.3984143204617
2025-12-28 08:43:18.999000,33.59054303205674,130.3984785829447
2025-12-28 08:43:24.511000,33.59057761633727,130.398529398837
2025-12-28 08:43:47.176000,33.59073674117008,130.3985741397931
2025-12-28 08:44:04.136000,33.59083687812194,130.3985876354184
2025-12-28 08:44:19.679000,33.59092333414271,130.3985992902972
2025-12-28 08:44:36.372000,33.59099862692815,130.3985933396188
2025-12-28 08:45:04.254000,33.59112377317124,130.3985773651991
2025-12-28 08:45:27.309000,33.59122574808626,130.3985649888706
2025-12-28 08:45:49.568000,33.59132229921074,130.3985523549029
2025-12-28 08:46:07.187000,33.59139794115696,130.3985431336689
2025-12-28 08:46:34.528000,33.59152291732631,130.3984976425583
2025-12-28 08:47:07.478000,33.59158282589896,130.3984815867295
2025-12-28 08:47:45.030000,33.5916469918037,130.3984668424504
2025-12-28 08:48:11.815000,33.59169241411514,130.3984548622131
2025-12-28 08:48:35.100000,33.59172818408953,130.3984478747318
2025-12-28 08:49:03.805000,33.59177069971612,130.398440391519
2025-12-28 08:49:22.722000,33.59179858030357,130.3984379828186
2025-12-28 08:49:45.071000,33.59182903674433,130.3984370306363
2025-12-28 08:58:03.171000,33.59250537696707,130.3984159572496
2025-12-28 08:58:10.487000,33.59241945830069,130.3984794142562
2025-12-28 08:58:37.981000,33.5922265758219,130.3986301172339
2025-12-28 08:58:47.945000,33.59219453167891,130.3986369748029
2025-12-28 08:58:59.944000,33.59209045171963,130.3986921639105
2025-12-28 08:59:31.561000,33.59180414296478,130.3988043844577
2025-12-28 08:59:45.724000,33.59167279878998,130.3988542141816
2025-12-28 09:00:22.356000,33.59132045021287,130.3989829719737
2025-12-28 09:00:43.714000,33.59111793517746,130.3990602652812
2025-12-28 09:00:53.108000,33.59103155477099,130.3990928185512
2025-12-28 09:03:22.877000,33.58966764200924,130.3996068453645
2025-12-28 09:07:54.271000,33.58943935261228,130.3986604203646
2025-12-28 09:08:57.589000,33.58937792889041,130.3984377610905
2025-12-28 09:09:22.990000,33.58935479419191,130.3983764264483
2025-12-28 09:09:46.045000,33.58933780161359,130.3982917923506
2025-12-28 09:10:36.991000,33.58928084822193,130.3980660939189
2025-12-28 09:10:42.566000,33.58932474940793,130.3979915930106
2025-12-28 09:10:48.520000,33.58934027912978,130.3980194851145
2025-12-28 09:10:54.462000,33.58935733853455,130.3980482072383
2025-12-28 09:10:59.501000,33.58933991453222,130.3980720881756
2025-12-28 09:11:05.650000,33.58929067156095,130.3981277350552
2025-12-28 09:14:19.544000,33.58930186949026,130.3981258445289
2025-12-28 09:39:43.994000,33.58939143249908,130.3981092481485
2025-12-28 09:39:53.702000,33.58938467868189,130.3981419228979
2025-12-28 09:40:33.031000,33.58936240680627,130.398249576512
2025-12-28 09:41:00.263000,33.58956867787973,130.3985157214212
2025-12-28 09:41:23.636000,33.58972939434139,130.3986624703395
2025-12-28 09:41:46.401000,33.58988221010184,130.3987886280861
2025-12-28 09:42:11.193000,33.59005423405457,130.3988855938683
2025-12-28 09:42:22.914000,33.59013709850843,130.3989131359362
2025-12-28 09:42:40.793000,33.59026985742223,130.398916795211
2025-12-28 09:43:05.113000,33.590449573031,130.3989116458457
2025-12-28 09:43:12.316000,33.59049968464286,130.3989111102763
2025-12-28 09:43:24.749000,33.59058464376331,130.3989070211177
2025-12-28 09:43:44.847000,33.59076282207265,130.3988659354212
2025-12-28 09:44:04.594000,33.5909559836163,130.398818753021
2025-12-28 09:44:16.888000,33.59107163476425,130.3987873845201
2025-12-28 09:44:27.120000,33.59116903982776,130.3987658863783
2025-12-28 09:44:32.908000,33.59121748750016,130.3987551505429
2025-12-28 09:44:41.706000,33.59128798103475,130.3987395221676
2025-12-28 09:44:49.533000,33.59134749649787,130.3987236330263
2025-12-28 09:44:58.553000,33.59141422016791,130.3987070570929
2025-12-28 09:45:07.231000,33.59147887987083,130.3986909920078
2025-12-28 09:45:15.145000,33.59153371077907,130.3986780204522
2025-12-28 09:47:43.138000,33.59253757187452,130.3984817738293
