<?xml version="1.0" encoding="utf-8"?>
<Dataset xsi:schemaLocation="http://fgd.gsi.go.jp/spec/2008/FGD_GMLSchema FGD_GMLSchema.xsd"
	xmlns:gml="http://www.opengis.net/gml/3.2"
	xmlns:xsi="http://www.w3.org/2001/XMLSchema-instance"
	xmlns:xlink="http://www.w3.org/1999/xlink"
	xmlns="http://fgd.gsi.go.jp/spec/2008/FGD_GMLSchema"
	gml:id="Dataset1">
  <gml:description>基盤地図情報メタデータ ID=fmdid:21-0701</gml:description>
  <gml:name>基盤地図情報ダウンロードデータ（GML版）</gml:name>
<GCP gml:id="K1_503046_1">
<fid>10-00100-0-2105-146256</fid>
<lfSpanFr gml:id="K1_503046_1-1">
<gml:timePosition>2021-05-19</gml:timePosition>
</lfSpanFr>
<devDate gml:id="K1_503046_1-2">
<gml:timePosition>2021-06-03</gml:timePosition>
</devDate>
<orgGILvl>SJ12</orgGILvl>
<vis>表示</vis>
<pos>
<gml:Point gml:id="K1_503046_1-g" srsName="fguuid:jgd2011.bl">
<gml:pos>33.670416667 130.847794444</gml:pos>
</gml:Point>
</pos>
<orgName>国土地理院</orgName>
<type>水準点</type>
<gcpClass>二等水準点</gcpClass>
<gcpCode>L02000201-132</gcpCode>
<name>２０１－１３２</name>
<B>121213.5</B>
<L>471052.06</L>
<alti>40.701</alti>
<altiAcc>3</altiAcc>
</GCP>
<GCP gml:id="K1_503046_2">
<fid>10-00100-0-2105-151484</fid>
<lfSpanFr gml:id="K1_503046_2-1">
<gml:timePosition>2021-05-19</gml:timePosition>
</lfSpanFr>
<devDate gml:id="K1_503046_2-2">
<gml:timePosition>2021-06-03</gml:timePosition>
</devDate>
<orgGILvl>KJ11</orgGILvl>
<vis>表示</vis>
<pos>
<gml:Point gml:id="K1_503046_2-g" srsName="fguuid:jgd2011.bl">
<gml:pos>33.742246583 130.803888611</gml:pos>
</gml:Point>
</pos>
<orgName>国土地理院</orgName>
<type>三角点</type>
<gcpClass>一等三角点</gcpClass>
<gcpCode>TR15030469401</gcpCode>
<name>福智山</name>
<B>121472.0877</B>
<L>470893.999</L>
<alti>900.5</alti>
<altiAcc>2</altiAcc>
</GCP>
<GCP gml:id="K1_503046_3">
<fid>10-00100-0-2105-152899</fid>
<lfSpanFr gml:id="K1_503046_3-1">
<gml:timePosition>2021-05-19</gml:timePosition>
</lfSpanFr>
<devDate gml:id="K1_503046_3-2">
<gml:timePosition>2021-06-03</gml:timePosition>
</devDate>
<orgGILvl>KJ12</orgGILvl>
<vis>表示</vis>
<pos>
<gml:Point gml:id="K1_503046_3-g" srsName="fguuid:jgd2011.bl">
<gml:pos>33.736885750 130.866947000</gml:pos>
</gml:Point>
</pos>
<orgName>国土地理院</orgName>
<type>三角点</type>
<gcpClass>二等三角点</gcpClass>
<gcpCode>TR25030468901</gcpCode>
<name>竜ケ鼻</name>
<B>121452.7887</B>
<L>471121.0092</L>
<alti>680.67</alti>
<altiAcc>2</altiAcc>
</GCP>
<GCP gml:id="K1_503046_4">
<fid>10-00100-0-2105-161185</fid>
<lfSpanFr gml:id="K1_503046_4-1">
<gml:timePosition>2021-05-19</gml:timePosition>
</lfSpanFr>
<devDate gml:id="K1_503046_4-2">
<gml:timePosition>2021-06-03</gml:timePosition>
</devDate>
<orgGILvl>KJ13</orgGILvl>
<vis>表示</vis>
<pos>
<gml:Point gml:id="K1_503046_4-g" srsName="fguuid:jgd2011.bl">
<gml:pos>33.675908028 130.779767861</gml:pos>
</gml:Point>
</pos>
<orgName>国土地理院</orgName>
<type>三角点</type>
<gcpClass>三等三角点</gcpClass>
<gcpCode>TR35030461202</gcpCode>
<name>防主山</name>
<B>121233.2689</B>
<L>470807.1643</L>
<alti>49.43</alti>
<altiAcc>2</altiAcc>
</GCP>
<GCP gml:id="K1_503046_5">
<fid>10-00100-0-2105-161186</fid>
<lfSpanFr gml:id="K1_503046_5-1">
<gml:timePosition>2021-05-19</gml:timePosition>
</lfSpanFr>
<devDate gml:id="K1_503046_5-2">
<gml:timePosition>2021-06-03</gml:timePosition>
</devDate>
<orgGILvl>KJ13</orgGILvl>
<vis>表示</vis>
<pos>
<gml:Point gml:id="K1_503046_5-g" srsName="fguuid:jgd2011.bl">
<gml:pos>33.685278611 130.801716611</gml:pos>
</gml:Point>
</pos>
<orgName>国土地理院</orgName>
<type>三角点</type>
<gcpClass>三等三角点</gcpClass>
<gcpCode>TR35030462401</gcpCode>
<name>長尾</name>
<B>121267.003</B>
<L>470886.1798</L>
<alti>50.83</alti>
<altiAcc>2</altiAcc>
</GCP>
<GCP gml:id="K1_503046_6">
<fid>10-00100-0-2105-161187</fid>
<lfSpanFr gml:id="K1_503046_6-1">
<gml:timePosition>2021-05-19</gml:timePosition>
</lfSpanFr>
<devDate gml:id="K1_503046_6-2">
<gml:timePosition>2021-06-03</gml:timePosition>
</devDate>
<orgGILvl>KJ13</orgGILvl>
<vis>表示</vis>
<pos>
<gml:Point gml:id="K1_503046_6-g" srsName="fguuid:jgd2011.bl">
<gml:pos>33.699367917 130.775723222</gml:pos>
</gml:Point>
</pos>
<orgName>国土地理院</orgName>
<type>三角点</type>
<gcpClass>三等三角点</gcpClass>
<gcpCode>TR35030463201</gcpCode>
<name>油田</name>
<B>121317.7245</B>
<L>470792.6036</L>
<alti>26.21</alti>
<altiAcc>2</altiAcc>
</GCP>
<GCP gml:id="K1_503046_7">
<fid>10-00100-0-2105-161188</fid>
<lfSpanFr gml:id="K1_503046_7-1">
<gml:timePosition>2021-05-19</gml:timePosition>
</lfSpanFr>
<devDate gml:id="K1_503046_7-2">
<gml:timePosition>2021-06-03</gml:timePosition>
</devDate>
<orgGILvl>KJ13</orgGILvl>
<vis>表示</vis>
<pos>
<gml:Point gml:id="K1_503046_7-g" srsName="fguuid:jgd2011.bl">
<gml:pos>33.692364639 130.844802139</gml:pos>
</gml:Point>
</pos>
<orgName>国土地理院</orgName>
<type>三角点</type>
<gcpClass>三等三角点</gcpClass>
<gcpCode>TR35030463701</gcpCode>
<name>一ノ岳</name>
<B>121292.5127</B>
<L>471041.2877</L>
<alti>508.64</alti>
<altiAcc>2</altiAcc>
</GCP>
<GCP gml:id="K1_503046_8">
<fid>10-00100-0-2105-161189</fid>
<lfSpanFr gml:id="K1_503046_8-1">
<gml:timePosition>2021-05-19</gml:timePosition>
</lfSpanFr>
<devDate gml:id="K1_503046_8-2">
<gml:timePosition>2021-06-03</gml:timePosition>
</devDate>
<orgGILvl>KJ13</orgGILvl>
<vis>表示</vis>
<pos>
<gml:Point gml:id="K1_503046_8-g" srsName="fguuid:jgd2011.bl">
<gml:pos>33.691780222 130.874660694</gml:pos>
</gml:Point>
</pos>
<orgName>国土地理院</orgName>
<type>三角点</type>
<gcpClass>三等三角点</gcpClass>
<gcpCode>TR35030463901</gcpCode>
<name>障子ヶ岳</name>
<B>121290.4088</B>
<L>471148.7785</L>
<alti>427.25</alti>
<altiAcc>2</altiAcc>
</GCP>
<GCP gml:id="K1_503046_9">
<fid>10-00100-0-2105-161190</fid>
<lfSpanFr gml:id="K1_503046_9-1">
<gml:timePosition>2021-05-19</gml:timePosition>
</lfSpanFr>
<devDate gml:id="K1_503046_9-2">
<gml:timePosition>2021-06-03</gml:timePosition>
</devDate>
<orgGILvl>KJ13</orgGILvl>
<vis>表示</vis>
<pos>
<gml:Point gml:id="K1_503046_9-g" srsName="fguuid:jgd2011.bl">
<gml:pos>33.702115361 130.832379167</gml:pos>
</gml:Point>
</pos>
<orgName>国土地理院</orgName>
<type>三角点</type>
<gcpClass>三等三角点</gcpClass>
<gcpCode>TR35030464601</gcpCode>
<name>城之越</name>
<B>121327.6153</B>
<L>470996.565</L>
<alti>579.81</alti>
<altiAcc>2</altiAcc>
</GCP>
<GCP gml:id="K1_503046_10">
<fid>10-00100-0-2105-161191</fid>
<lfSpanFr gml:id="K1_503046_10-1">
<gml:timePosition>2021-05-19</gml:timePosition>
</lfSpanFr>
<devDate gml:id="K1_503046_10-2">
<gml:timePosition>2021-06-03</gml:timePosition>
</devDate>
<orgGILvl>KJ13</orgGILvl>
<vis>表示</vis>
<pos>
<gml:Point gml:id="K1_503046_10-g" srsName="fguuid:jgd2011.bl">
<gml:pos>33.724340528 130.848571694</gml:pos>
</gml:Point>
</pos>
<orgName>国土地理院</orgName>
<type>三角点</type>
<gcpClass>三等三角点</gcpClass>
<gcpCode>TR35030466701</gcpCode>
<name>新城</name>
<B>121407.6259</B>
<L>471054.8581</L>
<alti>403.82</alti>
<altiAcc>2</altiAcc>
</GCP>
<GCP gml:id="K1_503046_11">
<fid>10-00100-0-2105-161192</fid>
<lfSpanFr gml:id="K1_503046_11-1">
<gml:timePosition>2021-05-19</gml:timePosition>
</lfSpanFr>
<devDate gml:id="K1_503046_11-2">
<gml:timePosition>2021-06-03</gml:timePosition>
</devDate>
<orgGILvl>KJ13</orgGILvl>
<vis>表示</vis>
<pos>
<gml:Point gml:id="K1_503046_11-g" srsName="fguuid:jgd2011.bl">
<gml:pos>33.725042556 130.773538083</gml:pos>
</gml:Point>
</pos>
<orgName>国土地理院</orgName>
<type>三角点</type>
<gcpClass>三等三角点</gcpClass>
<gcpCode>TR35030467101</gcpCode>
<name>水町</name>
<B>121410.1532</B>
<L>470784.7371</L>
<alti>97.14</alti>
<altiAcc>2</altiAcc>
</GCP>
<GCP gml:id="K1_503046_12">
<fid>10-00100-0-2105-161193</fid>
<lfSpanFr gml:id="K1_503046_12-1">
<gml:timePosition>2021-05-19</gml:timePosition>
</lfSpanFr>
<devDate gml:id="K1_503046_12-2">
<gml:timePosition>2021-06-03</gml:timePosition>
</devDate>
<orgGILvl>KJ13</orgGILvl>
<vis>表示</vis>
<pos>
<gml:Point gml:id="K1_503046_12-g" srsName="fguuid:jgd2011.bl">
<gml:pos>33.725507194 130.820941944</gml:pos>
</gml:Point>
</pos>
<orgName>国土地理院</orgName>
<type>三角点</type>
<gcpClass>三等三角点</gcpClass>
<gcpCode>TR35030467501</gcpCode>
<name>焼立山</name>
<B>121411.8259</B>
<L>470955.391</L>
<alti>790.84</alti>
<altiAcc>2</altiAcc>
</GCP>
<GCP gml:id="K1_503046_13">
<fid>10-00100-0-2105-161194</fid>
<lfSpanFr gml:id="K1_503046_13-1">
<gml:timePosition>2021-05-19</gml:timePosition>
</lfSpanFr>
<devDate gml:id="K1_503046_13-2">
<gml:timePosition>2021-06-03</gml:timePosition>
</devDate>
<orgGILvl>KJ13</orgGILvl>
<vis>表示</vis>
<pos>
<gml:Point gml:id="K1_503046_13-g" srsName="fguuid:jgd2011.bl">
<gml:pos>33.736257278 130.755660222</gml:pos>
</gml:Point>
</pos>
<orgName>国土地理院</orgName>
<type>三角点</type>
<gcpClass>三等三角点</gcpClass>
<gcpCode>TR35030468001</gcpCode>
<name>鬼ヶ坂</name>
<B>121450.5262</B>
<L>470720.3768</L>
<alti>56.13</alti>
<altiAcc>2</altiAcc>
</GCP>
<GCP gml:id="K1_503046_14">
<fid>10-00100-0-2105-161195</fid>
<lfSpanFr gml:id="K1_503046_14-1">
<gml:timePosition>2021-05-19</gml:timePosition>
</lfSpanFr>
<devDate gml:id="K1_503046_14-2">
<gml:timePosition>2021-06-03</gml:timePosition>
</devDate>
<orgGILvl>KJ13</orgGILvl>
<vis>表示</vis>
<pos>
<gml:Point gml:id="K1_503046_14-g" srsName="fguuid:jgd2011.bl">
<gml:pos>33.747224889 130.833575778</gml:pos>
</gml:Point>
</pos>
<orgName>国土地理院</orgName>
<type>三角点</type>
<gcpClass>三等三角点</gcpClass>
<gcpCode>TR35030469601</gcpCode>
<name>荒谷</name>
<B>121490.0096</B>
<L>471000.8728</L>
<alti>487.16</alti>
<altiAcc>2</altiAcc>
</GCP>
<GCP gml:id="K1_503046_15">
<fid>10-00100-0-2105-200976</fid>
<lfSpanFr gml:id="K1_503046_15-1">
<gml:timePosition>2021-05-19</gml:timePosition>
</lfSpanFr>
<devDate gml:id="K1_503046_15-2">
<gml:timePosition>2021-06-03</gml:timePosition>
</devDate>
<orgGILvl>KJ14</orgGILvl>
<vis>表示</vis>
<pos>
<gml:Point gml:id="K1_503046_15-g" srsName="fguuid:jgd2011.bl">
<gml:pos>33.674569778 130.751363972</gml:pos>
</gml:Point>
</pos>
<orgName>国土地理院</orgName>
<type>三角点</type>
<gcpClass>四等三角点</gcpClass>
<gcpCode>TR45030460001</gcpCode>
<name>平床</name>
<B>121228.4512</B>
<L>470704.9103</L>
<alti>121.8</alti>
<altiAcc>2</altiAcc>
</GCP>
<GCP gml:id="K1_503046_16">
<fid>10-00100-0-2105-200977</fid>
<lfSpanFr gml:id="K1_503046_16-1">
<gml:timePosition>2021-05-19</gml:timePosition>
</lfSpanFr>
<devDate gml:id="K1_503046_16-2">
<gml:timePosition>2021-06-03</gml:timePosition>
</devDate>
<orgGILvl>KJ14</orgGILvl>
<vis>表示</vis>
<pos>
<gml:Point gml:id="K1_503046_16-g" srsName="fguuid:jgd2011.bl">
<gml:pos>33.669027222 130.786177556</gml:pos>
</gml:Point>
</pos>
<orgName>国土地理院</orgName>
<type>三角点</type>
<gcpClass>四等三角点</gcpClass>
<gcpCode>TR45030460201</gcpCode>
<name>平原</name>
<B>121208.498</B>
<L>470830.2392</L>
<alti>55.4</alti>
<altiAcc>2</altiAcc>
</GCP>
<GCP gml:id="K1_503046_17">
<fid>10-00100-0-2105-200978</fid>
<lfSpanFr gml:id="K1_503046_17-1">
<gml:timePosition>2021-05-19</gml:timePosition>
</lfSpanFr>
<devDate gml:id="K1_503046_17-2">
<gml:timePosition>2021-06-03</gml:timePosition>
</devDate>
<orgGILvl>KJ14</orgGILvl>
<vis>表示</vis>
<pos>
<gml:Point gml:id="K1_503046_17-g" srsName="fguuid:jgd2011.bl">
<gml:pos>33.668745389 130.819497889</gml:pos>
</gml:Point>
</pos>
<orgName>国土地理院</orgName>
<type>三角点</type>
<gcpClass>四等三角点</gcpClass>
<gcpCode>TR45030460501</gcpCode>
<name>夏吉</name>
<B>121207.4834</B>
<L>470950.1924</L>
<alti>26.1</alti>
<altiAcc>2</altiAcc>
</GCP>
<GCP gml:id="K1_503046_18">
<fid>10-00100-0-2105-200979</fid>
<lfSpanFr gml:id="K1_503046_18-1">
<gml:timePosition>2021-05-19</gml:timePosition>
</lfSpanFr>
<devDate gml:id="K1_503046_18-2">
<gml:timePosition>2021-06-03</gml:timePosition>
</devDate>
<orgGILvl>KJ14</orgGILvl>
<vis>表示</vis>
<pos>
<gml:Point gml:id="K1_503046_18-g" srsName="fguuid:jgd2011.bl">
<gml:pos>33.678493500 130.763509333</gml:pos>
</gml:Point>
</pos>
<orgName>国土地理院</orgName>
<type>三角点</type>
<gcpClass>四等三角点</gcpClass>
<gcpCode>TR45030461101</gcpCode>
<name>下神崎</name>
<B>121242.5766</B>
<L>470748.6336</L>
<alti>56.48</alti>
<altiAcc>2</altiAcc>
</GCP>
<GCP gml:id="K1_503046_19">
<fid>10-00100-0-2105-200980</fid>
<lfSpanFr gml:id="K1_503046_19-1">
<gml:timePosition>2021-05-19</gml:timePosition>
</lfSpanFr>
<devDate gml:id="K1_503046_19-2">
<gml:timePosition>2021-06-03</gml:timePosition>
</devDate>
<orgGILvl>KJ14</orgGILvl>
<vis>表示</vis>
<pos>
<gml:Point gml:id="K1_503046_19-g" srsName="fguuid:jgd2011.bl">
<gml:pos>33.682817278 130.781782250</gml:pos>
</gml:Point>
</pos>
<orgName>国土地理院</orgName>
<type>三角点</type>
<gcpClass>四等三角点</gcpClass>
<gcpCode>TR45030461201</gcpCode>
<name>金田小学校</name>
<B>121258.1422</B>
<L>470814.4161</L>
<alti>31.94</alti>
<altiAcc>2</altiAcc>
</GCP>
<GCP gml:id="K1_503046_20">
<fid>10-00100-0-2105-200981</fid>
<lfSpanFr gml:id="K1_503046_20-1">
<gml:timePosition>2021-05-19</gml:timePosition>
</lfSpanFr>
<devDate gml:id="K1_503046_20-2">
<gml:timePosition>2021-06-03</gml:timePosition>
</devDate>
<orgGILvl>KJ14</orgGILvl>
<vis>表示</vis>
<pos>
<gml:Point gml:id="K1_503046_20-g" srsName="fguuid:jgd2011.bl">
<gml:pos>33.675107000 130.801438139</gml:pos>
</gml:Point>
</pos>
<orgName>国土地理院</orgName>
<type>三角点</type>
<gcpClass>四等三角点</gcpClass>
<gcpCode>TR45030461401</gcpCode>
<name>白髪</name>
<B>121230.3852</B>
<L>470885.1773</L>
<alti>60.64</alti>
<altiAcc>2</altiAcc>
</GCP>
<GCP gml:id="K1_503046_21">
<fid>10-00100-0-2105-200982</fid>
<lfSpanFr gml:id="K1_503046_21-1">
<gml:timePosition>2021-05-19</gml:timePosition>
</lfSpanFr>
<devDate gml:id="K1_503046_21-2">
<gml:timePosition>2021-06-03</gml:timePosition>
</devDate>
<orgGILvl>KJ14</orgGILvl>
<vis>表示</vis>
<pos>
<gml:Point gml:id="K1_503046_21-g" srsName="fguuid:jgd2011.bl">
<gml:pos>33.676839639 130.831085028</gml:pos>
</gml:Point>
</pos>
<orgName>国土地理院</orgName>
<type>三角点</type>
<gcpClass>四等三角点</gcpClass>
<gcpCode>TR45030461601</gcpCode>
<name>前田</name>
<B>121236.6227</B>
<L>470991.9061</L>
<alti>44.94</alti>
<altiAcc>2</altiAcc>
</GCP>
<GCP gml:id="K1_503046_22">
<fid>10-00100-0-2105-200983</fid>
<lfSpanFr gml:id="K1_503046_22-1">
<gml:timePosition>2021-05-19</gml:timePosition>
</lfSpanFr>
<devDate gml:id="K1_503046_22-2">
<gml:timePosition>2021-06-03</gml:timePosition>
</devDate>
<orgGILvl>KJ14</orgGILvl>
<vis>表示</vis>
<pos>
<gml:Point gml:id="K1_503046_22-g" srsName="fguuid:jgd2011.bl">
<gml:pos>33.680223333 130.841089639</gml:pos>
</gml:Point>
</pos>
<orgName>国土地理院</orgName>
<type>三角点</type>
<gcpClass>四等三角点</gcpClass>
<gcpCode>TR45030461701</gcpCode>
<name>香春岳</name>
<B>121248.804</B>
<L>471027.9227</L>
<alti>274.2</alti>
<altiAcc>2</altiAcc>
</GCP>
<GCP gml:id="K1_503046_23">
<fid>10-00100-0-2105-200984</fid>
<lfSpanFr gml:id="K1_503046_23-1">
<gml:timePosition>2021-05-19</gml:timePosition>
</lfSpanFr>
<devDate gml:id="K1_503046_23-2">
<gml:timePosition>2021-06-03</gml:timePosition>
</devDate>
<orgGILvl>KJ14</orgGILvl>
<vis>表示</vis>
<pos>
<gml:Point gml:id="K1_503046_23-g" srsName="fguuid:jgd2011.bl">
<gml:pos>33.691209944 130.751870083</gml:pos>
</gml:Point>
</pos>
<orgName>国土地理院</orgName>
<type>三角点</type>
<gcpClass>四等三角点</gcpClass>
<gcpCode>TR45030462001</gcpCode>
<name>吉ケ浦</name>
<B>121288.3558</B>
<L>470706.7323</L>
<alti>122.86</alti>
<altiAcc>2</altiAcc>
</GCP>
<GCP gml:id="K1_503046_24">
<fid>10-00100-0-2105-200985</fid>
<lfSpanFr gml:id="K1_503046_24-1">
<gml:timePosition>2021-05-19</gml:timePosition>
</lfSpanFr>
<devDate gml:id="K1_503046_24-2">
<gml:timePosition>2021-06-03</gml:timePosition>
</devDate>
<orgGILvl>KJ14</orgGILvl>
<vis>表示</vis>
<pos>
<gml:Point gml:id="K1_503046_24-g" srsName="fguuid:jgd2011.bl">
<gml:pos>33.687958806 130.771135306</gml:pos>
</gml:Point>
</pos>
<orgName>国土地理院</orgName>
<type>三角点</type>
<gcpClass>四等三角点</gcpClass>
<gcpCode>TR45030462101</gcpCode>
<name>人見団地</name>
<B>121276.6517</B>
<L>470776.0871</L>
<alti>20.43</alti>
<altiAcc>2</altiAcc>
</GCP>
<GCP gml:id="K1_503046_25">
<fid>10-00100-0-2105-200986</fid>
<lfSpanFr gml:id="K1_503046_25-1">
<gml:timePosition>2021-05-19</gml:timePosition>
</lfSpanFr>
<devDate gml:id="K1_503046_25-2">
<gml:timePosition>2021-06-03</gml:timePosition>
</devDate>
<orgGILvl>KJ14</orgGILvl>
<vis>表示</vis>
<pos>
<gml:Point gml:id="K1_503046_25-g" srsName="fguuid:jgd2011.bl">
<gml:pos>33.691023194 130.825822361</gml:pos>
</gml:Point>
</pos>
<orgName>国土地理院</orgName>
<type>三角点</type>
<gcpClass>四等三角点</gcpClass>
<gcpCode>TR45030462601</gcpCode>
<name>大平</name>
<B>121287.6835</B>
<L>470972.9605</L>
<alti>416.38</alti>
<altiAcc>2</altiAcc>
</GCP>
<GCP gml:id="K1_503046_26">
<fid>10-00100-0-2105-200987</fid>
<lfSpanFr gml:id="K1_503046_26-1">
<gml:timePosition>2021-05-19</gml:timePosition>
</lfSpanFr>
<devDate gml:id="K1_503046_26-2">
<gml:timePosition>2021-06-03</gml:timePosition>
</devDate>
<orgGILvl>KJ14</orgGILvl>
<vis>表示</vis>
<pos>
<gml:Point gml:id="K1_503046_26-g" srsName="fguuid:jgd2011.bl">
<gml:pos>33.684357556 130.854452333</gml:pos>
</gml:Point>
</pos>
<orgName>国土地理院</orgName>
<type>三角点</type>
<gcpClass>四等三角点</gcpClass>
<gcpCode>TR45030462801</gcpCode>
<name>ヒヤケ</name>
<B>121263.6872</B>
<L>471076.0284</L>
<alti>58.33</alti>
<altiAcc>2</altiAcc>
</GCP>
<GCP gml:id="K1_503046_27">
<fid>10-00100-0-2105-200988</fid>
<lfSpanFr gml:id="K1_503046_27-1">
<gml:timePosition>2021-05-19</gml:timePosition>
</lfSpanFr>
<devDate gml:id="K1_503046_27-2">
<gml:timePosition>2021-06-03</gml:timePosition>
</devDate>
<orgGILvl>KJ14</orgGILvl>
<vis>表示</vis>
<pos>
<gml:Point gml:id="K1_503046_27-g" srsName="fguuid:jgd2011.bl">
<gml:pos>33.696157028 130.765573111</gml:pos>
</gml:Point>
</pos>
<orgName>国土地理院</orgName>
<type>三角点</type>
<gcpClass>四等三角点</gcpClass>
<gcpCode>TR45030463101</gcpCode>
<name>二反ヶ浦</name>
<B>121306.1653</B>
<L>470756.0632</L>
<alti>34.11</alti>
<altiAcc>2</altiAcc>
</GCP>
<GCP gml:id="K1_503046_28">
<fid>10-00100-0-2105-200989</fid>
<lfSpanFr gml:id="K1_503046_28-1">
<gml:timePosition>2021-05-19</gml:timePosition>
</lfSpanFr>
<devDate gml:id="K1_503046_28-2">
<gml:timePosition>2021-06-03</gml:timePosition>
</devDate>
<orgGILvl>KJ14</orgGILvl>
<vis>表示</vis>
<pos>
<gml:Point gml:id="K1_503046_28-g" srsName="fguuid:jgd2011.bl">
<gml:pos>33.704065361 130.764374611</gml:pos>
</gml:Point>
</pos>
<orgName>国土地理院</orgName>
<type>三角点</type>
<gcpClass>四等三角点</gcpClass>
<gcpCode>TR45030464101</gcpCode>
<name>東園</name>
<B>121334.6353</B>
<L>470751.7486</L>
<alti>34.52</alti>
<altiAcc>2</altiAcc>
</GCP>
<GCP gml:id="K1_503046_29">
<fid>10-00100-0-2105-200990</fid>
<lfSpanFr gml:id="K1_503046_29-1">
<gml:timePosition>2021-05-19</gml:timePosition>
</lfSpanFr>
<devDate gml:id="K1_503046_29-2">
<gml:timePosition>2021-06-03</gml:timePosition>
</devDate>
<orgGILvl>KJ14</orgGILvl>
<vis>表示</vis>
<pos>
<gml:Point gml:id="K1_503046_29-g" srsName="fguuid:jgd2011.bl">
<gml:pos>33.702099528 130.813582806</gml:pos>
</gml:Point>
</pos>
<orgName>国土地理院</orgName>
<type>三角点</type>
<gcpClass>四等三角点</gcpClass>
<gcpCode>TR45030464501</gcpCode>
<name>長浦越</name>
<B>121327.5583</B>
<L>470928.8981</L>
<alti>336.06</alti>
<altiAcc>2</altiAcc>
</GCP>
<GCP gml:id="K1_503046_30">
<fid>10-00100-0-2105-200991</fid>
<lfSpanFr gml:id="K1_503046_30-1">
<gml:timePosition>2021-05-19</gml:timePosition>
</lfSpanFr>
<devDate gml:id="K1_503046_30-2">
<gml:timePosition>2021-06-03</gml:timePosition>
</devDate>
<orgGILvl>KJ14</orgGILvl>
<vis>表示</vis>
<pos>
<gml:Point gml:id="K1_503046_30-g" srsName="fguuid:jgd2011.bl">
<gml:pos>33.702347111 130.844443111</gml:pos>
</gml:Point>
</pos>
<orgName>国土地理院</orgName>
<type>三角点</type>
<gcpClass>四等三角点</gcpClass>
<gcpCode>TR45030464701</gcpCode>
<name>長光</name>
<B>121328.4496</B>
<L>471039.9952</L>
<alti>303.53</alti>
<altiAcc>2</altiAcc>
</GCP>
<GCP gml:id="K1_503046_31">
<fid>10-00100-0-2105-200992</fid>
<lfSpanFr gml:id="K1_503046_31-1">
<gml:timePosition>2021-05-19</gml:timePosition>
</lfSpanFr>
<devDate gml:id="K1_503046_31-2">
<gml:timePosition>2021-06-03</gml:timePosition>
</devDate>
<orgGILvl>KJ14</orgGILvl>
<vis>表示</vis>
<pos>
<gml:Point gml:id="K1_503046_31-g" srsName="fguuid:jgd2011.bl">
<gml:pos>33.703258639 130.857596361</gml:pos>
</gml:Point>
</pos>
<orgName>国土地理院</orgName>
<type>三角点</type>
<gcpClass>四等三角点</gcpClass>
<gcpCode>TR45030464801</gcpCode>
<name>向堀</name>
<B>121331.7311</B>
<L>471087.3469</L>
<alti>74.59</alti>
<altiAcc>2</altiAcc>
</GCP>
<GCP gml:id="K1_503046_32">
<fid>10-00100-0-2105-200993</fid>
<lfSpanFr gml:id="K1_503046_32-1">
<gml:timePosition>2021-05-19</gml:timePosition>
</lfSpanFr>
<devDate gml:id="K1_503046_32-2">
<gml:timePosition>2021-06-03</gml:timePosition>
</devDate>
<orgGILvl>KJ14</orgGILvl>
<vis>表示</vis>
<pos>
<gml:Point gml:id="K1_503046_32-g" srsName="fguuid:jgd2011.bl">
<gml:pos>33.713562611 130.774827417</gml:pos>
</gml:Point>
</pos>
<orgName>国土地理院</orgName>
<type>三角点</type>
<gcpClass>四等三角点</gcpClass>
<gcpCode>TR45030465101</gcpCode>
<name>新屋敷</name>
<B>121368.8254</B>
<L>470789.3787</L>
<alti>51.45</alti>
<altiAcc>2</altiAcc>
</GCP>
<GCP gml:id="K1_503046_33">
<fid>10-00100-0-2105-200994</fid>
<lfSpanFr gml:id="K1_503046_33-1">
<gml:timePosition>2021-05-19</gml:timePosition>
</lfSpanFr>
<devDate gml:id="K1_503046_33-2">
<gml:timePosition>2021-06-03</gml:timePosition>
</devDate>
<orgGILvl>KJ14</orgGILvl>
<vis>表示</vis>
<pos>
<gml:Point gml:id="K1_503046_33-g" srsName="fguuid:jgd2011.bl">
<gml:pos>33.714557833 130.794965750</gml:pos>
</gml:Point>
</pos>
<orgName>国土地理院</orgName>
<type>三角点</type>
<gcpClass>四等三角点</gcpClass>
<gcpCode>TR45030465301</gcpCode>
<name>栗柄山</name>
<B>121372.4082</B>
<L>470861.8767</L>
<alti>168.7</alti>
<altiAcc>2</altiAcc>
</GCP>
<GCP gml:id="K1_503046_34">
<fid>10-00100-0-2105-200995</fid>
<lfSpanFr gml:id="K1_503046_34-1">
<gml:timePosition>2021-05-19</gml:timePosition>
</lfSpanFr>
<devDate gml:id="K1_503046_34-2">
<gml:timePosition>2021-06-03</gml:timePosition>
</devDate>
<orgGILvl>KJ14</orgGILvl>
<vis>表示</vis>
<pos>
<gml:Point gml:id="K1_503046_34-g" srsName="fguuid:jgd2011.bl">
<gml:pos>33.714630444 130.810917667</gml:pos>
</gml:Point>
</pos>
<orgName>国土地理院</orgName>
<type>三角点</type>
<gcpClass>四等三角点</gcpClass>
<gcpCode>TR45030465401</gcpCode>
<name>平家屋敷</name>
<B>121372.6696</B>
<L>470919.3036</L>
<alti>540.83</alti>
<altiAcc>2</altiAcc>
</GCP>
<GCP gml:id="K1_503046_35">
<fid>10-00100-0-2105-200996</fid>
<lfSpanFr gml:id="K1_503046_35-1">
<gml:timePosition>2021-05-19</gml:timePosition>
</lfSpanFr>
<devDate gml:id="K1_503046_35-2">
<gml:timePosition>2021-06-03</gml:timePosition>
</devDate>
<orgGILvl>KJ14</orgGILvl>
<vis>表示</vis>
<pos>
<gml:Point gml:id="K1_503046_35-g" srsName="fguuid:jgd2011.bl">
<gml:pos>33.713033167 130.826497889</gml:pos>
</gml:Point>
</pos>
<orgName>国土地理院</orgName>
<type>三角点</type>
<gcpClass>四等三角点</gcpClass>
<gcpCode>TR45030465601</gcpCode>
<name>長浦</name>
<B>121366.9194</B>
<L>470975.3924</L>
<alti>624.95</alti>
<altiAcc>2</altiAcc>
</GCP>
<GCP gml:id="K1_503046_36">
<fid>10-00100-0-2105-200997</fid>
<lfSpanFr gml:id="K1_503046_36-1">
<gml:timePosition>2021-05-19</gml:timePosition>
</lfSpanFr>
<devDate gml:id="K1_503046_36-2">
<gml:timePosition>2021-06-03</gml:timePosition>
</devDate>
<orgGILvl>KJ14</orgGILvl>
<vis>表示</vis>
<pos>
<gml:Point gml:id="K1_503046_36-g" srsName="fguuid:jgd2011.bl">
<gml:pos>33.715557722 130.838146000</gml:pos>
</gml:Point>
</pos>
<orgName>国土地理院</orgName>
<type>三角点</type>
<gcpClass>四等三角点</gcpClass>
<gcpCode>TR45030465701</gcpCode>
<name>タカノス</name>
<B>121376.0078</B>
<L>471017.3256</L>
<alti>395.27</alti>
<altiAcc>2</altiAcc>
</GCP>
<GCP gml:id="K1_503046_37">
<fid>10-00100-0-2105-200998</fid>
<lfSpanFr gml:id="K1_503046_37-1">
<gml:timePosition>2021-05-19</gml:timePosition>
</lfSpanFr>
<devDate gml:id="K1_503046_37-2">
<gml:timePosition>2021-06-03</gml:timePosition>
</devDate>
<orgGILvl>KJ14</orgGILvl>
<vis>表示</vis>
<pos>
<gml:Point gml:id="K1_503046_37-g" srsName="fguuid:jgd2011.bl">
<gml:pos>33.711798889 130.854640861</gml:pos>
</gml:Point>
</pos>
<orgName>国土地理院</orgName>
<type>三角点</type>
<gcpClass>四等三角点</gcpClass>
<gcpCode>TR45030465801</gcpCode>
<name>古ノ</name>
<B>121362.476</B>
<L>471076.7071</L>
<alti>105.52</alti>
<altiAcc>2</altiAcc>
</GCP>
<GCP gml:id="K1_503046_38">
<fid>10-00100-0-2105-200999</fid>
<lfSpanFr gml:id="K1_503046_38-1">
<gml:timePosition>2021-05-19</gml:timePosition>
</lfSpanFr>
<devDate gml:id="K1_503046_38-2">
<gml:timePosition>2021-06-03</gml:timePosition>
</devDate>
<orgGILvl>KJ14</orgGILvl>
<vis>表示</vis>
<pos>
<gml:Point gml:id="K1_503046_38-g" srsName="fguuid:jgd2011.bl">
<gml:pos>33.712574861 130.870426389</gml:pos>
</gml:Point>
</pos>
<orgName>国土地理院</orgName>
<type>三角点</type>
<gcpClass>四等三角点</gcpClass>
<gcpCode>TR45030465901</gcpCode>
<name>浦河内</name>
<B>121365.2695</B>
<L>471133.535</L>
<alti>404.98</alti>
<altiAcc>2</altiAcc>
</GCP>
<GCP gml:id="K1_503046_39">
<fid>10-00100-0-2105-201000</fid>
<lfSpanFr gml:id="K1_503046_39-1">
<gml:timePosition>2021-05-19</gml:timePosition>
</lfSpanFr>
<devDate gml:id="K1_503046_39-2">
<gml:timePosition>2021-06-03</gml:timePosition>
</devDate>
<orgGILvl>KJ14</orgGILvl>
<vis>表示</vis>
<pos>
<gml:Point gml:id="K1_503046_39-g" srsName="fguuid:jgd2011.bl">
<gml:pos>33.718584500 130.756849278</gml:pos>
</gml:Point>
</pos>
<orgName>国土地理院</orgName>
<type>三角点</type>
<gcpClass>四等三角点</gcpClass>
<gcpCode>TR45030466001</gcpCode>
<name>諏訪山</name>
<B>121386.9042</B>
<L>470724.6574</L>
<alti>30.17</alti>
<altiAcc>2</altiAcc>
</GCP>
<GCP gml:id="K1_503046_40">
<fid>10-00100-0-2105-201001</fid>
<lfSpanFr gml:id="K1_503046_40-1">
<gml:timePosition>2021-05-19</gml:timePosition>
</lfSpanFr>
<devDate gml:id="K1_503046_40-2">
<gml:timePosition>2021-06-03</gml:timePosition>
</devDate>
<orgGILvl>KJ14</orgGILvl>
<vis>表示</vis>
<pos>
<gml:Point gml:id="K1_503046_40-g" srsName="fguuid:jgd2011.bl">
<gml:pos>33.723867944 130.831353222</gml:pos>
</gml:Point>
</pos>
<orgName>国土地理院</orgName>
<type>三角点</type>
<gcpClass>四等三角点</gcpClass>
<gcpCode>TR45030466601</gcpCode>
<name>山犬谷</name>
<B>121405.9246</B>
<L>470992.8716</L>
<alti>524.84</alti>
<altiAcc>2</altiAcc>
</GCP>
<GCP gml:id="K1_503046_41">
<fid>10-00100-0-2105-201002</fid>
<lfSpanFr gml:id="K1_503046_41-1">
<gml:timePosition>2021-05-19</gml:timePosition>
</lfSpanFr>
<devDate gml:id="K1_503046_41-2">
<gml:timePosition>2021-06-03</gml:timePosition>
</devDate>
<orgGILvl>KJ14</orgGILvl>
<vis>表示</vis>
<pos>
<gml:Point gml:id="K1_503046_41-g" srsName="fguuid:jgd2011.bl">
<gml:pos>33.731602861 130.784644722</gml:pos>
</gml:Point>
</pos>
<orgName>国土地理院</orgName>
<type>三角点</type>
<gcpClass>四等三角点</gcpClass>
<gcpCode>TR45030467201</gcpCode>
<name>上野</name>
<B>121433.7703</B>
<L>470824.721</L>
<alti>299.56</alti>
<altiAcc>2</altiAcc>
</GCP>
<GCP gml:id="K1_503046_42">
<fid>10-00100-0-2105-201003</fid>
<lfSpanFr gml:id="K1_503046_42-1">
<gml:timePosition>2021-05-19</gml:timePosition>
</lfSpanFr>
<devDate gml:id="K1_503046_42-2">
<gml:timePosition>2021-06-03</gml:timePosition>
</devDate>
<orgGILvl>KJ14</orgGILvl>
<vis>表示</vis>
<pos>
<gml:Point gml:id="K1_503046_42-g" srsName="fguuid:jgd2011.bl">
<gml:pos>33.727588222 130.868763917</gml:pos>
</gml:Point>
</pos>
<orgName>国土地理院</orgName>
<type>三角点</type>
<gcpClass>四等三角点</gcpClass>
<gcpCode>TR45030467901</gcpCode>
<name>柳谷浦</name>
<B>121419.3176</B>
<L>471127.5501</L>
<alti>436.24</alti>
<altiAcc>2</altiAcc>
</GCP>
<GCP gml:id="K1_503046_43">
<fid>10-00100-0-2105-201004</fid>
<lfSpanFr gml:id="K1_503046_43-1">
<gml:timePosition>2021-05-19</gml:timePosition>
</lfSpanFr>
<devDate gml:id="K1_503046_43-2">
<gml:timePosition>2021-06-03</gml:timePosition>
</devDate>
<orgGILvl>KJ14</orgGILvl>
<vis>表示</vis>
<pos>
<gml:Point gml:id="K1_503046_43-g" srsName="fguuid:jgd2011.bl">
<gml:pos>33.733387778 130.766104361</gml:pos>
</gml:Point>
</pos>
<orgName>国土地理院</orgName>
<type>三角点</type>
<gcpClass>四等三角点</gcpClass>
<gcpCode>TR45030468101</gcpCode>
<name>楠木</name>
<B>121440.196</B>
<L>470757.9757</L>
<alti>46.46</alti>
<altiAcc>2</altiAcc>
</GCP>
<GCP gml:id="K1_503046_44">
<fid>10-00100-0-2105-201005</fid>
<lfSpanFr gml:id="K1_503046_44-1">
<gml:timePosition>2021-05-19</gml:timePosition>
</lfSpanFr>
<devDate gml:id="K1_503046_44-2">
<gml:timePosition>2021-06-03</gml:timePosition>
</devDate>
<orgGILvl>KJ14</orgGILvl>
<vis>表示</vis>
<pos>
<gml:Point gml:id="K1_503046_44-g" srsName="fguuid:jgd2011.bl">
<gml:pos>33.749560000 130.764392528</gml:pos>
</gml:Point>
</pos>
<orgName>国土地理院</orgName>
<type>三角点</type>
<gcpClass>四等三角点</gcpClass>
<gcpCode>TR45030469101</gcpCode>
<name>中原</name>
<B>121498.416</B>
<L>470751.8131</L>
<alti>84.82</alti>
<altiAcc>2</altiAcc>
</GCP>
</Dataset>
