<?xml version="1.0" encoding="utf-8"?>
<Dataset xsi:schemaLocation="http://fgd.gsi.go.jp/spec/2008/FGD_GMLSchema FGD_GMLSchema.xsd"
	xmlns:gml="http://www.opengis.net/gml/3.2"
	xmlns:xsi="http://www.w3.org/2001/XMLSchema-instance"
	xmlns:xlink="http://www.w3.org/1999/xlink"
	xmlns="http://fgd.gsi.go.jp/spec/2008/FGD_GMLSchema"
	gml:id="Dataset1">
  <gml:description>基盤地図情報メタデータ ID=fmdid:21-0701</gml:description>
  <gml:name>基盤地図情報ダウンロードデータ（GML版）</gml:name>
<AdmPt gml:id="K6_4707012123_1">
<fid>47070-12123-i-238</fid>
<lfSpanFr gml:id="K6_4707012123_1-1">
<gml:timePosition>2020-10-29</gml:timePosition>
</lfSpanFr>
<devDate gml:id="K6_4707012123_1-2">
<gml:timePosition>2021-06-03</gml:timePosition>
</devDate>
<orgGILvl>25000</orgGILvl>
<vis>非表示</vis>
<pos>
<gml:Point gml:id="K6_4707012123_1-g" srsName="fguuid:jgd2011.bl">
<gml:pos>33.680334986 130.751062094</gml:pos>
</gml:Point>
</pos>
<type>郡市・東京都の区</type>
<name>飯塚市</name>
<admCode>40205</admCode>
</AdmPt>
<AdmPt gml:id="K6_4707012129_1">
<fid>47070-12129-i-184</fid>
<lfSpanFr gml:id="K6_4707012129_1-1">
<gml:timePosition>2020-10-29</gml:timePosition>
</lfSpanFr>
<devDate gml:id="K6_4707012129_1-2">
<gml:timePosition>2021-06-03</gml:timePosition>
</devDate>
<orgGILvl>25000</orgGILvl>
<vis>非表示</vis>
<pos>
<gml:Point gml:id="K6_4707012129_1-g" srsName="fguuid:jgd2011.bl">
<gml:pos>33.694199628 130.750037016</gml:pos>
</gml:Point>
</pos>
<type>郡市・東京都の区</type>
<name>飯塚市</name>
<admCode>40205</admCode>
</AdmPt>
<AdmPt gml:id="K6_4707612120_1">
<fid>47076-12120-i-602</fid>
<lfSpanFr gml:id="K6_4707612120_1-1">
<gml:timePosition>2020-10-29</gml:timePosition>
</lfSpanFr>
<devDate gml:id="K6_4707612120_1-2">
<gml:timePosition>2021-06-03</gml:timePosition>
</devDate>
<orgGILvl>25000</orgGILvl>
<vis>非表示</vis>
<pos>
<gml:Point gml:id="K6_4707612120_1-g" srsName="fguuid:jgd2011.bl">
<gml:pos>33.667044908 130.771932449</gml:pos>
</gml:Point>
</pos>
<type>町村・指定都市の区</type>
<name>糸田町</name>
<admCode>40604</admCode>
</AdmPt>
<AdmPt gml:id="K6_4707612120_2">
<fid>47076-12120-i-603</fid>
<lfSpanFr gml:id="K6_4707612120_2-1">
<gml:timePosition>2020-10-29</gml:timePosition>
</lfSpanFr>
<devDate gml:id="K6_4707612120_2-2">
<gml:timePosition>2021-06-03</gml:timePosition>
</devDate>
<orgGILvl>25000</orgGILvl>
<vis>非表示</vis>
<pos>
<gml:Point gml:id="K6_4707612120_2-g" srsName="fguuid:jgd2011.bl">
<gml:pos>33.666768475 130.774294902</gml:pos>
</gml:Point>
</pos>
<type>町村・指定都市の区</type>
<name>糸田町</name>
<admCode>40604</admCode>
</AdmPt>
<AdmPt gml:id="K6_4707612144_1">
<fid>47076-12144-i-1268</fid>
<lfSpanFr gml:id="K6_4707612144_1-1">
<gml:timePosition>2020-10-29</gml:timePosition>
</lfSpanFr>
<devDate gml:id="K6_4707612144_1-2">
<gml:timePosition>2021-06-03</gml:timePosition>
</devDate>
<orgGILvl>25000</orgGILvl>
<vis>非表示</vis>
<pos>
<gml:Point gml:id="K6_4707612144_1-g" srsName="fguuid:jgd2011.bl">
<gml:pos>33.733744764 130.767751923</gml:pos>
</gml:Point>
</pos>
<type>郡市・東京都の区</type>
<name>直方市</name>
<admCode>40204</admCode>
</AdmPt>
<AdmPt gml:id="K6_4707912120_1">
<fid>47079-12120-i-634</fid>
<lfSpanFr gml:id="K6_4707912120_1-1">
<gml:timePosition>2020-10-29</gml:timePosition>
</lfSpanFr>
<devDate gml:id="K6_4707912120_1-2">
<gml:timePosition>2021-06-03</gml:timePosition>
</devDate>
<orgGILvl>25000</orgGILvl>
<vis>非表示</vis>
<pos>
<gml:Point gml:id="K6_4707912120_1-g" srsName="fguuid:jgd2011.bl">
<gml:pos>33.670949125 130.781422742</gml:pos>
</gml:Point>
</pos>
<type>町村・指定都市の区</type>
<name>糸田町</name>
<admCode>40604</admCode>
</AdmPt>
<AdmPt gml:id="K6_4708212132_1">
<fid>47082-12132-i-485</fid>
<lfSpanFr gml:id="K6_4708212132_1-1">
<gml:timePosition>2020-10-29</gml:timePosition>
</lfSpanFr>
<devDate gml:id="K6_4708212132_1-2">
<gml:timePosition>2021-06-03</gml:timePosition>
</devDate>
<orgGILvl>25000</orgGILvl>
<vis>非表示</vis>
<pos>
<gml:Point gml:id="K6_4708212132_1-g" srsName="fguuid:jgd2011.bl">
<gml:pos>33.704500116 130.790499382</gml:pos>
</gml:Point>
</pos>
<type>町村・指定都市の区</type>
<name>福智町</name>
<admCode>40610</admCode>
</AdmPt>
<AdmPt gml:id="K6_4709112123_1">
<fid>47091-12123-i-721</fid>
<lfSpanFr gml:id="K6_4709112123_1-1">
<gml:timePosition>2015-02-23</gml:timePosition>
</lfSpanFr>
<devDate gml:id="K6_4709112123_1-2">
<gml:timePosition>2021-06-03</gml:timePosition>
</devDate>
<orgGILvl>25000</orgGILvl>
<vis>非表示</vis>
<pos>
<gml:Point gml:id="K6_4709112123_1-g" srsName="fguuid:jgd2011.bl">
<gml:pos>33.682155387 130.816632095</gml:pos>
</gml:Point>
</pos>
<type>郡市・東京都の区</type>
<name>田川市</name>
<admCode>40206</admCode>
</AdmPt>
<AdmPt gml:id="K6_4709712144_1">
<fid>47097-12144-i-20</fid>
<lfSpanFr gml:id="K6_4709712144_1-1">
<gml:timePosition>2015-02-23</gml:timePosition>
</lfSpanFr>
<devDate gml:id="K6_4709712144_1-2">
<gml:timePosition>2021-06-03</gml:timePosition>
</devDate>
<orgGILvl>25000</orgGILvl>
<vis>非表示</vis>
<pos>
<gml:Point gml:id="K6_4709712144_1-g" srsName="fguuid:jgd2011.bl">
<gml:pos>33.735385459 130.830243583</gml:pos>
</gml:Point>
</pos>
<type>町村・指定都市の区</type>
<name>北九州市小倉南区</name>
<admCode>40107</admCode>
</AdmPt>
<AdmPt gml:id="K6_4710612132_1">
<fid>47106-12132-i-633</fid>
<lfSpanFr gml:id="K6_4710612132_1-1">
<gml:timePosition>2020-10-29</gml:timePosition>
</lfSpanFr>
<devDate gml:id="K6_4710612132_1-2">
<gml:timePosition>2021-06-03</gml:timePosition>
</devDate>
<orgGILvl>25000</orgGILvl>
<vis>非表示</vis>
<pos>
<gml:Point gml:id="K6_4710612132_1-g" srsName="fguuid:jgd2011.bl">
<gml:pos>33.702155129 130.851958833</gml:pos>
</gml:Point>
</pos>
<type>町村・指定都市の区</type>
<name>香春町</name>
<admCode>40601</admCode>
</AdmPt>
<AdmPt gml:id="K6_4711212126_1">
<fid>47112-12126-i-21</fid>
<lfSpanFr gml:id="K6_4711212126_1-1">
<gml:timePosition>2020-10-29</gml:timePosition>
</lfSpanFr>
<devDate gml:id="K6_4711212126_1-2">
<gml:timePosition>2021-06-03</gml:timePosition>
</devDate>
<orgGILvl>25000</orgGILvl>
<vis>非表示</vis>
<pos>
<gml:Point gml:id="K6_4711212126_1-g" srsName="fguuid:jgd2011.bl">
<gml:pos>33.691445292 130.874848347</gml:pos>
</gml:Point>
</pos>
<type>町村・指定都市の区</type>
<name>みやこ町</name>
<admCode>40625</admCode>
</AdmPt>
<AdmPt gml:id="K6_4711212138_1">
<fid>47112-12138-i-28</fid>
<lfSpanFr gml:id="K6_4711212138_1-1">
<gml:timePosition>2020-10-29</gml:timePosition>
</lfSpanFr>
<devDate gml:id="K6_4711212138_1-2">
<gml:timePosition>2021-06-03</gml:timePosition>
</devDate>
<orgGILvl>25000</orgGILvl>
<vis>非表示</vis>
<pos>
<gml:Point gml:id="K6_4711212138_1-g" srsName="fguuid:jgd2011.bl">
<gml:pos>33.721304249 130.872169747</gml:pos>
</gml:Point>
</pos>
<type>町村・指定都市の区</type>
<name>みやこ町</name>
<admCode>40625</admCode>
</AdmPt>
</Dataset>
