<?xml version="1.0" encoding="utf-8"?>
<Dataset xsi:schemaLocation="http://fgd.gsi.go.jp/spec/2008/FGD_GMLSchema FGD_GMLSchema.xsd"
	xmlns:gml="http://www.opengis.net/gml/3.2"
	xmlns:xsi="http://www.w3.org/2001/XMLSchema-instance"
	xmlns:xlink="http://www.w3.org/1999/xlink"
	xmlns="http://fgd.gsi.go.jp/spec/2008/FGD_GMLSchema"
	gml:id="Dataset1">
  <gml:description>基盤地図情報メタデータ ID=fmdid:21-0701</gml:description>
  <gml:name>基盤地図情報ダウンロードデータ（GML版）</gml:name>
<ElevPt gml:id="K2_4707012120_1">
<fid>47070-12120-i-240</fid>
<lfSpanFr gml:id="K2_4707012120_1-1">
<gml:timePosition>2020-10-29</gml:timePosition>
</lfSpanFr>
<devDate gml:id="K2_4707012120_1-2">
<gml:timePosition>2021-06-03</gml:timePosition>
</devDate>
<orgGILvl>25000</orgGILvl>
<vis>表示</vis>
<pos>
<gml:Point gml:id="K2_4707012120_1-g" srsName="fguuid:jgd2011.bl">
<gml:pos>33.668066667 130.757922222</gml:pos>
</gml:Point>
</pos>
<type>標高点（測点）</type>
<alti>130</alti>
</ElevPt>
<ElevPt gml:id="K2_4707012123_1">
<fid>47070-12123-i-182</fid>
<lfSpanFr gml:id="K2_4707012123_1-1">
<gml:timePosition>2020-10-29</gml:timePosition>
</lfSpanFr>
<devDate gml:id="K2_4707012123_1-2">
<gml:timePosition>2021-06-03</gml:timePosition>
</devDate>
<orgGILvl>25000</orgGILvl>
<vis>表示</vis>
<pos>
<gml:Point gml:id="K2_4707012123_1-g" srsName="fguuid:jgd2011.bl">
<gml:pos>33.681318611 130.752205833</gml:pos>
</gml:Point>
</pos>
<type>標高点（測点）</type>
<alti>130</alti>
</ElevPt>
<ElevPt gml:id="K2_4707012126_1">
<fid>47070-12126-i-648</fid>
<lfSpanFr gml:id="K2_4707012126_1-1">
<gml:timePosition>2020-10-29</gml:timePosition>
</lfSpanFr>
<devDate gml:id="K2_4707012126_1-2">
<gml:timePosition>2021-06-03</gml:timePosition>
</devDate>
<orgGILvl>25000</orgGILvl>
<vis>表示</vis>
<pos>
<gml:Point gml:id="K2_4707012126_1-g" srsName="fguuid:jgd2011.bl">
<gml:pos>33.689105278 130.756965000</gml:pos>
</gml:Point>
</pos>
<type>標高点（測点）</type>
<alti>89</alti>
</ElevPt>
<ElevPt gml:id="K2_4707012129_1">
<fid>47070-12129-i-141</fid>
<lfSpanFr gml:id="K2_4707012129_1-1">
<gml:timePosition>2020-10-29</gml:timePosition>
</lfSpanFr>
<devDate gml:id="K2_4707012129_1-2">
<gml:timePosition>2021-06-03</gml:timePosition>
</devDate>
<orgGILvl>25000</orgGILvl>
<vis>表示</vis>
<pos>
<gml:Point gml:id="K2_4707012129_1-g" srsName="fguuid:jgd2011.bl">
<gml:pos>33.694492222 130.754271389</gml:pos>
</gml:Point>
</pos>
<type>標高点（測点）</type>
<alti>61</alti>
</ElevPt>
<ElevPt gml:id="K2_4707012132_1">
<fid>47070-12132-i-409</fid>
<lfSpanFr gml:id="K2_4707012132_1-1">
<gml:timePosition>2020-10-29</gml:timePosition>
</lfSpanFr>
<devDate gml:id="K2_4707012132_1-2">
<gml:timePosition>2021-06-03</gml:timePosition>
</devDate>
<orgGILvl>25000</orgGILvl>
<vis>表示</vis>
<pos>
<gml:Point gml:id="K2_4707012132_1-g" srsName="fguuid:jgd2011.bl">
<gml:pos>33.702940000 130.753125278</gml:pos>
</gml:Point>
</pos>
<type>標高点（測点）</type>
<alti>60</alti>
</ElevPt>
<ElevPt gml:id="K2_4707012138_1">
<fid>47070-12138-i-1138</fid>
<lfSpanFr gml:id="K2_4707012138_1-1">
<gml:timePosition>2020-10-29</gml:timePosition>
</lfSpanFr>
<devDate gml:id="K2_4707012138_1-2">
<gml:timePosition>2021-06-03</gml:timePosition>
</devDate>
<orgGILvl>25000</orgGILvl>
<vis>表示</vis>
<pos>
<gml:Point gml:id="K2_4707012138_1-g" srsName="fguuid:jgd2011.bl">
<gml:pos>33.720529083 130.750507917</gml:pos>
</gml:Point>
</pos>
<type>標高点（測点）</type>
<alti>15</alti>
</ElevPt>
<ElevPt gml:id="K2_4707012141_1">
<fid>47070-12141-i-1170</fid>
<lfSpanFr gml:id="K2_4707012141_1-1">
<gml:timePosition>2020-10-29</gml:timePosition>
</lfSpanFr>
<devDate gml:id="K2_4707012141_1-2">
<gml:timePosition>2021-06-03</gml:timePosition>
</devDate>
<orgGILvl>25000</orgGILvl>
<vis>表示</vis>
<pos>
<gml:Point gml:id="K2_4707012141_1-g" srsName="fguuid:jgd2011.bl">
<gml:pos>33.726222500 130.752655000</gml:pos>
</gml:Point>
</pos>
<type>標高点（測点）</type>
<alti>32</alti>
</ElevPt>
<ElevPt gml:id="K2_4707012147_1">
<fid>47070-12147-i-1152</fid>
<lfSpanFr gml:id="K2_4707012147_1-1">
<gml:timePosition>2020-10-29</gml:timePosition>
</lfSpanFr>
<devDate gml:id="K2_4707012147_1-2">
<gml:timePosition>2021-06-03</gml:timePosition>
</devDate>
<orgGILvl>25000</orgGILvl>
<vis>表示</vis>
<pos>
<gml:Point gml:id="K2_4707012147_1-g" srsName="fguuid:jgd2011.bl">
<gml:pos>33.744971389 130.753030000</gml:pos>
</gml:Point>
</pos>
<type>標高点（測点）</type>
<alti>56</alti>
</ElevPt>
<ElevPt gml:id="K2_4707312120_1">
<fid>47073-12120-i-279</fid>
<lfSpanFr gml:id="K2_4707312120_1-1">
<gml:timePosition>2020-10-29</gml:timePosition>
</lfSpanFr>
<devDate gml:id="K2_4707312120_1-2">
<gml:timePosition>2021-06-03</gml:timePosition>
</devDate>
<orgGILvl>25000</orgGILvl>
<vis>表示</vis>
<pos>
<gml:Point gml:id="K2_4707312120_1-g" srsName="fguuid:jgd2011.bl">
<gml:pos>33.674841667 130.761966111</gml:pos>
</gml:Point>
</pos>
<type>標高点（測点）</type>
<alti>58</alti>
</ElevPt>
<ElevPt gml:id="K2_4707312126_1">
<fid>47073-12126-i-336</fid>
<lfSpanFr gml:id="K2_4707312126_1-1">
<gml:timePosition>2020-10-29</gml:timePosition>
</lfSpanFr>
<devDate gml:id="K2_4707312126_1-2">
<gml:timePosition>2021-06-03</gml:timePosition>
</devDate>
<orgGILvl>25000</orgGILvl>
<vis>表示</vis>
<pos>
<gml:Point gml:id="K2_4707312126_1-g" srsName="fguuid:jgd2011.bl">
<gml:pos>33.686501667 130.765519167</gml:pos>
</gml:Point>
</pos>
<type>標高点（測点）</type>
<alti>54</alti>
</ElevPt>
<ElevPt gml:id="K2_4707312129_1">
<fid>47073-12129-i-371</fid>
<lfSpanFr gml:id="K2_4707312129_1-1">
<gml:timePosition>2020-10-29</gml:timePosition>
</lfSpanFr>
<devDate gml:id="K2_4707312129_1-2">
<gml:timePosition>2021-06-03</gml:timePosition>
</devDate>
<orgGILvl>25000</orgGILvl>
<vis>表示</vis>
<pos>
<gml:Point gml:id="K2_4707312129_1-g" srsName="fguuid:jgd2011.bl">
<gml:pos>33.691902500 130.763285000</gml:pos>
</gml:Point>
</pos>
<type>標高点（測点）</type>
<alti>39</alti>
</ElevPt>
<ElevPt gml:id="K2_4707312129_2">
<fid>47073-12129-i-372</fid>
<lfSpanFr gml:id="K2_4707312129_2-1">
<gml:timePosition>2020-10-29</gml:timePosition>
</lfSpanFr>
<devDate gml:id="K2_4707312129_2-2">
<gml:timePosition>2021-06-03</gml:timePosition>
</devDate>
<orgGILvl>25000</orgGILvl>
<vis>表示</vis>
<pos>
<gml:Point gml:id="K2_4707312129_2-g" srsName="fguuid:jgd2011.bl">
<gml:pos>33.698922132 130.760996598</gml:pos>
</gml:Point>
</pos>
<type>標高点（測点）</type>
<alti>44</alti>
</ElevPt>
<ElevPt gml:id="K2_4707312132_1">
<fid>47073-12132-i-495</fid>
<lfSpanFr gml:id="K2_4707312132_1-1">
<gml:timePosition>2020-10-29</gml:timePosition>
</lfSpanFr>
<devDate gml:id="K2_4707312132_1-2">
<gml:timePosition>2021-06-03</gml:timePosition>
</devDate>
<orgGILvl>25000</orgGILvl>
<vis>表示</vis>
<pos>
<gml:Point gml:id="K2_4707312132_1-g" srsName="fguuid:jgd2011.bl">
<gml:pos>33.701557955 130.764961087</gml:pos>
</gml:Point>
</pos>
<type>標高点（測点）</type>
<alti>32</alti>
</ElevPt>
<ElevPt gml:id="K2_4707312135_1">
<fid>47073-12135-i-433</fid>
<lfSpanFr gml:id="K2_4707312135_1-1">
<gml:timePosition>2020-10-29</gml:timePosition>
</lfSpanFr>
<devDate gml:id="K2_4707312135_1-2">
<gml:timePosition>2021-06-03</gml:timePosition>
</devDate>
<orgGILvl>25000</orgGILvl>
<vis>表示</vis>
<pos>
<gml:Point gml:id="K2_4707312135_1-g" srsName="fguuid:jgd2011.bl">
<gml:pos>33.709104444 130.765594722</gml:pos>
</gml:Point>
</pos>
<type>標高点（測点）</type>
<alti>17</alti>
</ElevPt>
<ElevPt gml:id="K2_4707312138_1">
<fid>47073-12138-i-610</fid>
<lfSpanFr gml:id="K2_4707312138_1-1">
<gml:timePosition>2020-10-29</gml:timePosition>
</lfSpanFr>
<devDate gml:id="K2_4707312138_1-2">
<gml:timePosition>2021-06-03</gml:timePosition>
</devDate>
<orgGILvl>25000</orgGILvl>
<vis>表示</vis>
<pos>
<gml:Point gml:id="K2_4707312138_1-g" srsName="fguuid:jgd2011.bl">
<gml:pos>33.722897923 130.765106042</gml:pos>
</gml:Point>
</pos>
<type>標高点（測点）</type>
<alti>14</alti>
</ElevPt>
<ElevPt gml:id="K2_4707312144_1">
<fid>47073-12144-i-847</fid>
<lfSpanFr gml:id="K2_4707312144_1-1">
<gml:timePosition>2020-10-29</gml:timePosition>
</lfSpanFr>
<devDate gml:id="K2_4707312144_1-2">
<gml:timePosition>2021-06-03</gml:timePosition>
</devDate>
<orgGILvl>25000</orgGILvl>
<vis>非表示</vis>
<pos>
<gml:Point gml:id="K2_4707312144_1-g" srsName="fguuid:jgd2011.bl">
<gml:pos>33.738893778 130.765671556</gml:pos>
</gml:Point>
</pos>
<type>標高点（測点）</type>
<alti>40</alti>
</ElevPt>
<ElevPt gml:id="K2_4707612120_1">
<fid>47076-12120-i-554</fid>
<lfSpanFr gml:id="K2_4707612120_1-1">
<gml:timePosition>2020-10-29</gml:timePosition>
</lfSpanFr>
<devDate gml:id="K2_4707612120_1-2">
<gml:timePosition>2021-06-03</gml:timePosition>
</devDate>
<orgGILvl>25000</orgGILvl>
<vis>表示</vis>
<pos>
<gml:Point gml:id="K2_4707612120_1-g" srsName="fguuid:jgd2011.bl">
<gml:pos>33.667211018 130.771991551</gml:pos>
</gml:Point>
</pos>
<type>標高点（測点）</type>
<alti>17</alti>
</ElevPt>
<ElevPt gml:id="K2_4707612123_1">
<fid>47076-12123-i-561</fid>
<lfSpanFr gml:id="K2_4707612123_1-1">
<gml:timePosition>2020-10-29</gml:timePosition>
</lfSpanFr>
<devDate gml:id="K2_4707612123_1-2">
<gml:timePosition>2021-06-03</gml:timePosition>
</devDate>
<orgGILvl>25000</orgGILvl>
<vis>表示</vis>
<pos>
<gml:Point gml:id="K2_4707612123_1-g" srsName="fguuid:jgd2011.bl">
<gml:pos>33.676076483 130.772410760</gml:pos>
</gml:Point>
</pos>
<type>標高点（測点）</type>
<alti>16</alti>
</ElevPt>
<ElevPt gml:id="K2_4707612129_1">
<fid>47076-12129-i-443</fid>
<lfSpanFr gml:id="K2_4707612129_1-1">
<gml:timePosition>2020-10-29</gml:timePosition>
</lfSpanFr>
<devDate gml:id="K2_4707612129_1-2">
<gml:timePosition>2021-06-03</gml:timePosition>
</devDate>
<orgGILvl>25000</orgGILvl>
<vis>表示</vis>
<pos>
<gml:Point gml:id="K2_4707612129_1-g" srsName="fguuid:jgd2011.bl">
<gml:pos>33.692398606 130.770887227</gml:pos>
</gml:Point>
</pos>
<type>標高点（測点）</type>
<alti>33</alti>
</ElevPt>
<ElevPt gml:id="K2_4707612135_1">
<fid>47076-12135-i-496</fid>
<lfSpanFr gml:id="K2_4707612135_1-1">
<gml:timePosition>2020-10-29</gml:timePosition>
</lfSpanFr>
<devDate gml:id="K2_4707612135_1-2">
<gml:timePosition>2021-06-03</gml:timePosition>
</devDate>
<orgGILvl>25000</orgGILvl>
<vis>表示</vis>
<pos>
<gml:Point gml:id="K2_4707612135_1-g" srsName="fguuid:jgd2011.bl">
<gml:pos>33.713208333 130.772912222</gml:pos>
</gml:Point>
</pos>
<type>標高点（測点）</type>
<alti>54</alti>
</ElevPt>
<ElevPt gml:id="K2_4707612141_1">
<fid>47076-12141-i-291</fid>
<lfSpanFr gml:id="K2_4707612141_1-1">
<gml:timePosition>2020-10-29</gml:timePosition>
</lfSpanFr>
<devDate gml:id="K2_4707612141_1-2">
<gml:timePosition>2021-06-03</gml:timePosition>
</devDate>
<orgGILvl>25000</orgGILvl>
<vis>表示</vis>
<pos>
<gml:Point gml:id="K2_4707612141_1-g" srsName="fguuid:jgd2011.bl">
<gml:pos>33.730898333 130.769005278</gml:pos>
</gml:Point>
</pos>
<type>標高点（測点）</type>
<alti>61</alti>
</ElevPt>
<ElevPt gml:id="K2_4707612147_1">
<fid>47076-12147-i-743</fid>
<lfSpanFr gml:id="K2_4707612147_1-1">
<gml:timePosition>2020-10-29</gml:timePosition>
</lfSpanFr>
<devDate gml:id="K2_4707612147_1-2">
<gml:timePosition>2021-06-03</gml:timePosition>
</devDate>
<orgGILvl>25000</orgGILvl>
<vis>表示</vis>
<pos>
<gml:Point gml:id="K2_4707612147_1-g" srsName="fguuid:jgd2011.bl">
<gml:pos>33.746851667 130.774941111</gml:pos>
</gml:Point>
</pos>
<type>標高点（測点）</type>
<alti>277</alti>
</ElevPt>
<ElevPt gml:id="K2_4707912126_1">
<fid>47079-12126-i-524</fid>
<lfSpanFr gml:id="K2_4707912126_1-1">
<gml:timePosition>2020-10-29</gml:timePosition>
</lfSpanFr>
<devDate gml:id="K2_4707912126_1-2">
<gml:timePosition>2021-06-03</gml:timePosition>
</devDate>
<orgGILvl>25000</orgGILvl>
<vis>非表示</vis>
<pos>
<gml:Point gml:id="K2_4707912126_1-g" srsName="fguuid:jgd2011.bl">
<gml:pos>33.687471667 130.778228333</gml:pos>
</gml:Point>
</pos>
<type>標高点（測点）</type>
<alti>26</alti>
</ElevPt>
<ElevPt gml:id="K2_4707912135_1">
<fid>47079-12135-i-519</fid>
<lfSpanFr gml:id="K2_4707912135_1-1">
<gml:timePosition>2020-10-29</gml:timePosition>
</lfSpanFr>
<devDate gml:id="K2_4707912135_1-2">
<gml:timePosition>2021-06-03</gml:timePosition>
</devDate>
<orgGILvl>25000</orgGILvl>
<vis>表示</vis>
<pos>
<gml:Point gml:id="K2_4707912135_1-g" srsName="fguuid:jgd2011.bl">
<gml:pos>33.710841944 130.778902500</gml:pos>
</gml:Point>
</pos>
<type>標高点（測点）</type>
<alti>41</alti>
</ElevPt>
<ElevPt gml:id="K2_4707912141_1">
<fid>47079-12141-i-401</fid>
<lfSpanFr gml:id="K2_4707912141_1-1">
<gml:timePosition>2020-10-29</gml:timePosition>
</lfSpanFr>
<devDate gml:id="K2_4707912141_1-2">
<gml:timePosition>2021-06-03</gml:timePosition>
</devDate>
<orgGILvl>25000</orgGILvl>
<vis>表示</vis>
<pos>
<gml:Point gml:id="K2_4707912141_1-g" srsName="fguuid:jgd2011.bl">
<gml:pos>33.727539444 130.781327222</gml:pos>
</gml:Point>
</pos>
<type>標高点（測点）</type>
<alti>152</alti>
</ElevPt>
<ElevPt gml:id="K2_4707912144_1">
<fid>47079-12144-i-86</fid>
<lfSpanFr gml:id="K2_4707912144_1-1">
<gml:timePosition>2020-10-29</gml:timePosition>
</lfSpanFr>
<devDate gml:id="K2_4707912144_1-2">
<gml:timePosition>2021-06-03</gml:timePosition>
</devDate>
<orgGILvl>25000</orgGILvl>
<vis>表示</vis>
<pos>
<gml:Point gml:id="K2_4707912144_1-g" srsName="fguuid:jgd2011.bl">
<gml:pos>33.737650833 130.781432500</gml:pos>
</gml:Point>
</pos>
<type>標高点（測点）</type>
<alti>357</alti>
</ElevPt>
<ElevPt gml:id="K2_4708212120_1">
<fid>47082-12120-i-529</fid>
<lfSpanFr gml:id="K2_4708212120_1-1">
<gml:timePosition>2020-10-29</gml:timePosition>
</lfSpanFr>
<devDate gml:id="K2_4708212120_1-2">
<gml:timePosition>2021-06-03</gml:timePosition>
</devDate>
<orgGILvl>25000</orgGILvl>
<vis>表示</vis>
<pos>
<gml:Point gml:id="K2_4708212120_1-g" srsName="fguuid:jgd2011.bl">
<gml:pos>33.667563611 130.784690000</gml:pos>
</gml:Point>
</pos>
<type>標高点（測点）</type>
<alti>46</alti>
</ElevPt>
<ElevPt gml:id="K2_4708212123_1">
<fid>47082-12123-i-472</fid>
<lfSpanFr gml:id="K2_4708212123_1-1">
<gml:timePosition>2020-10-29</gml:timePosition>
</lfSpanFr>
<devDate gml:id="K2_4708212123_1-2">
<gml:timePosition>2021-06-03</gml:timePosition>
</devDate>
<orgGILvl>25000</orgGILvl>
<vis>表示</vis>
<pos>
<gml:Point gml:id="K2_4708212123_1-g" srsName="fguuid:jgd2011.bl">
<gml:pos>33.682179397 130.785694995</gml:pos>
</gml:Point>
</pos>
<type>標高点（測点）</type>
<alti>19</alti>
</ElevPt>
<ElevPt gml:id="K2_4708212129_1">
<fid>47082-12129-i-419</fid>
<lfSpanFr gml:id="K2_4708212129_1-1">
<gml:timePosition>2020-10-29</gml:timePosition>
</lfSpanFr>
<devDate gml:id="K2_4708212129_1-2">
<gml:timePosition>2021-06-03</gml:timePosition>
</devDate>
<orgGILvl>25000</orgGILvl>
<vis>表示</vis>
<pos>
<gml:Point gml:id="K2_4708212129_1-g" srsName="fguuid:jgd2011.bl">
<gml:pos>33.692385278 130.785616389</gml:pos>
</gml:Point>
</pos>
<type>標高点（測点）</type>
<alti>51</alti>
</ElevPt>
<ElevPt gml:id="K2_4708212132_1">
<fid>47082-12132-i-431</fid>
<lfSpanFr gml:id="K2_4708212132_1-1">
<gml:timePosition>2020-10-29</gml:timePosition>
</lfSpanFr>
<devDate gml:id="K2_4708212132_1-2">
<gml:timePosition>2021-06-03</gml:timePosition>
</devDate>
<orgGILvl>25000</orgGILvl>
<vis>表示</vis>
<pos>
<gml:Point gml:id="K2_4708212132_1-g" srsName="fguuid:jgd2011.bl">
<gml:pos>33.705691667 130.786540833</gml:pos>
</gml:Point>
</pos>
<type>標高点（測点）</type>
<alti>83</alti>
</ElevPt>
<ElevPt gml:id="K2_4708212138_1">
<fid>47082-12138-i-470</fid>
<lfSpanFr gml:id="K2_4708212138_1-1">
<gml:timePosition>2020-10-29</gml:timePosition>
</lfSpanFr>
<devDate gml:id="K2_4708212138_1-2">
<gml:timePosition>2021-06-03</gml:timePosition>
</devDate>
<orgGILvl>25000</orgGILvl>
<vis>表示</vis>
<pos>
<gml:Point gml:id="K2_4708212138_1-g" srsName="fguuid:jgd2011.bl">
<gml:pos>33.719196944 130.787248611</gml:pos>
</gml:Point>
</pos>
<type>標高点（測点）</type>
<alti>115</alti>
</ElevPt>
<ElevPt gml:id="K2_4708212141_1">
<fid>47082-12141-i-210</fid>
<lfSpanFr gml:id="K2_4708212141_1-1">
<gml:timePosition>2020-10-29</gml:timePosition>
</lfSpanFr>
<devDate gml:id="K2_4708212141_1-2">
<gml:timePosition>2021-06-03</gml:timePosition>
</devDate>
<orgGILvl>25000</orgGILvl>
<vis>表示</vis>
<pos>
<gml:Point gml:id="K2_4708212141_1-g" srsName="fguuid:jgd2011.bl">
<gml:pos>33.733147191 130.785401319</gml:pos>
</gml:Point>
</pos>
<type>標高点（測点）</type>
<alti>375</alti>
</ElevPt>
<ElevPt gml:id="K2_4708212144_1">
<fid>47082-12144-i-126</fid>
<lfSpanFr gml:id="K2_4708212144_1-1">
<gml:timePosition>2020-10-29</gml:timePosition>
</lfSpanFr>
<devDate gml:id="K2_4708212144_1-2">
<gml:timePosition>2021-06-03</gml:timePosition>
</devDate>
<orgGILvl>25000</orgGILvl>
<vis>表示</vis>
<pos>
<gml:Point gml:id="K2_4708212144_1-g" srsName="fguuid:jgd2011.bl">
<gml:pos>33.739431944 130.788471389</gml:pos>
</gml:Point>
</pos>
<type>標高点（測点）</type>
<alti>620</alti>
</ElevPt>
<ElevPt gml:id="K2_4708212147_1">
<fid>47082-12147-i-83</fid>
<lfSpanFr gml:id="K2_4708212147_1-1">
<gml:timePosition>2020-10-29</gml:timePosition>
</lfSpanFr>
<devDate gml:id="K2_4708212147_1-2">
<gml:timePosition>2021-06-03</gml:timePosition>
</devDate>
<orgGILvl>25000</orgGILvl>
<vis>表示</vis>
<pos>
<gml:Point gml:id="K2_4708212147_1-g" srsName="fguuid:jgd2011.bl">
<gml:pos>33.747504444 130.783853056</gml:pos>
</gml:Point>
</pos>
<type>標高点（測点）</type>
<alti>526</alti>
</ElevPt>
<ElevPt gml:id="K2_4708512120_1">
<fid>47085-12120-i-671</fid>
<lfSpanFr gml:id="K2_4708512120_1-1">
<gml:timePosition>2020-10-29</gml:timePosition>
</lfSpanFr>
<devDate gml:id="K2_4708512120_1-2">
<gml:timePosition>2021-06-03</gml:timePosition>
</devDate>
<orgGILvl>25000</orgGILvl>
<vis>表示</vis>
<pos>
<gml:Point gml:id="K2_4708512120_1-g" srsName="fguuid:jgd2011.bl">
<gml:pos>33.667210278 130.794980833</gml:pos>
</gml:Point>
</pos>
<type>標高点（測点）</type>
<alti>36</alti>
</ElevPt>
<ElevPt gml:id="K2_4708512126_1">
<fid>47085-12126-i-879</fid>
<lfSpanFr gml:id="K2_4708512126_1-1">
<gml:timePosition>2020-10-29</gml:timePosition>
</lfSpanFr>
<devDate gml:id="K2_4708512126_1-2">
<gml:timePosition>2021-06-03</gml:timePosition>
</devDate>
<orgGILvl>25000</orgGILvl>
<vis>表示</vis>
<pos>
<gml:Point gml:id="K2_4708512126_1-g" srsName="fguuid:jgd2011.bl">
<gml:pos>33.691381389 130.793228611</gml:pos>
</gml:Point>
</pos>
<type>標高点（測点）</type>
<alti>72</alti>
</ElevPt>
<ElevPt gml:id="K2_4708512126_2">
<fid>47085-12126-i-880</fid>
<lfSpanFr gml:id="K2_4708512126_2-1">
<gml:timePosition>2020-10-29</gml:timePosition>
</lfSpanFr>
<devDate gml:id="K2_4708512126_2-2">
<gml:timePosition>2021-06-03</gml:timePosition>
</devDate>
<orgGILvl>25000</orgGILvl>
<vis>表示</vis>
<pos>
<gml:Point gml:id="K2_4708512126_2-g" srsName="fguuid:jgd2011.bl">
<gml:pos>33.685556111 130.795324167</gml:pos>
</gml:Point>
</pos>
<type>標高点（測点）</type>
<alti>55</alti>
</ElevPt>
<ElevPt gml:id="K2_4708512138_1">
<fid>47085-12138-i-85</fid>
<lfSpanFr gml:id="K2_4708512138_1-1">
<gml:timePosition>2020-10-29</gml:timePosition>
</lfSpanFr>
<devDate gml:id="K2_4708512138_1-2">
<gml:timePosition>2021-06-03</gml:timePosition>
</devDate>
<orgGILvl>25000</orgGILvl>
<vis>表示</vis>
<pos>
<gml:Point gml:id="K2_4708512138_1-g" srsName="fguuid:jgd2011.bl">
<gml:pos>33.723687778 130.794820278</gml:pos>
</gml:Point>
</pos>
<type>標高点（測点）</type>
<alti>371</alti>
</ElevPt>
<ElevPt gml:id="K2_4708512141_1">
<fid>47085-12141-i-14</fid>
<lfSpanFr gml:id="K2_4708512141_1-1">
<gml:timePosition>2020-10-29</gml:timePosition>
</lfSpanFr>
<devDate gml:id="K2_4708512141_1-2">
<gml:timePosition>2021-06-03</gml:timePosition>
</devDate>
<orgGILvl>25000</orgGILvl>
<vis>表示</vis>
<pos>
<gml:Point gml:id="K2_4708512141_1-g" srsName="fguuid:jgd2011.bl">
<gml:pos>33.729280000 130.795486111</gml:pos>
</gml:Point>
</pos>
<type>標高点（測点）</type>
<alti>505</alti>
</ElevPt>
<ElevPt gml:id="K2_4708812123_1">
<fid>47088-12123-i-1027</fid>
<lfSpanFr gml:id="K2_4708812123_1-1">
<gml:timePosition>2020-10-29</gml:timePosition>
</lfSpanFr>
<devDate gml:id="K2_4708812123_1-2">
<gml:timePosition>2021-06-03</gml:timePosition>
</devDate>
<orgGILvl>25000</orgGILvl>
<vis>表示</vis>
<pos>
<gml:Point gml:id="K2_4708812123_1-g" srsName="fguuid:jgd2011.bl">
<gml:pos>33.682393889 130.800009444</gml:pos>
</gml:Point>
</pos>
<type>標高点（測点）</type>
<alti>58</alti>
</ElevPt>
<ElevPt gml:id="K2_4708812123_2">
<fid>47088-12123-i-1028</fid>
<lfSpanFr gml:id="K2_4708812123_2-1">
<gml:timePosition>2020-10-29</gml:timePosition>
</lfSpanFr>
<devDate gml:id="K2_4708812123_2-2">
<gml:timePosition>2021-06-03</gml:timePosition>
</devDate>
<orgGILvl>25000</orgGILvl>
<vis>表示</vis>
<pos>
<gml:Point gml:id="K2_4708812123_2-g" srsName="fguuid:jgd2011.bl">
<gml:pos>33.677256613 130.806420447</gml:pos>
</gml:Point>
</pos>
<type>標高点（測点）</type>
<alti>25</alti>
</ElevPt>
<ElevPt gml:id="K2_4708812129_1">
<fid>47088-12129-i-681</fid>
<lfSpanFr gml:id="K2_4708812129_1-1">
<gml:timePosition>2020-10-29</gml:timePosition>
</lfSpanFr>
<devDate gml:id="K2_4708812129_1-2">
<gml:timePosition>2021-06-03</gml:timePosition>
</devDate>
<orgGILvl>25000</orgGILvl>
<vis>表示</vis>
<pos>
<gml:Point gml:id="K2_4708812129_1-g" srsName="fguuid:jgd2011.bl">
<gml:pos>33.698968919 130.800012452</gml:pos>
</gml:Point>
</pos>
<type>標高点（測点）</type>
<alti>106</alti>
</ElevPt>
<ElevPt gml:id="K2_4708812129_2">
<fid>47088-12129-i-682</fid>
<lfSpanFr gml:id="K2_4708812129_2-1">
<gml:timePosition>2020-10-29</gml:timePosition>
</lfSpanFr>
<devDate gml:id="K2_4708812129_2-2">
<gml:timePosition>2021-06-03</gml:timePosition>
</devDate>
<orgGILvl>25000</orgGILvl>
<vis>表示</vis>
<pos>
<gml:Point gml:id="K2_4708812129_2-g" srsName="fguuid:jgd2011.bl">
<gml:pos>33.694938889 130.805684167</gml:pos>
</gml:Point>
</pos>
<type>標高点（測点）</type>
<alti>103</alti>
</ElevPt>
<ElevPt gml:id="K2_4708812135_1">
<fid>47088-12135-i-57</fid>
<lfSpanFr gml:id="K2_4708812135_1-1">
<gml:timePosition>2020-10-29</gml:timePosition>
</lfSpanFr>
<devDate gml:id="K2_4708812135_1-2">
<gml:timePosition>2021-06-03</gml:timePosition>
</devDate>
<orgGILvl>25000</orgGILvl>
<vis>表示</vis>
<pos>
<gml:Point gml:id="K2_4708812135_1-g" srsName="fguuid:jgd2011.bl">
<gml:pos>33.714940278 130.803998056</gml:pos>
</gml:Point>
</pos>
<type>標高点（測点）</type>
<alti>322</alti>
</ElevPt>
<ElevPt gml:id="K2_4708812138_1">
<fid>47088-12138-i-124</fid>
<lfSpanFr gml:id="K2_4708812138_1-1">
<gml:timePosition>2020-10-29</gml:timePosition>
</lfSpanFr>
<devDate gml:id="K2_4708812138_1-2">
<gml:timePosition>2021-06-03</gml:timePosition>
</devDate>
<orgGILvl>25000</orgGILvl>
<vis>表示</vis>
<pos>
<gml:Point gml:id="K2_4708812138_1-g" srsName="fguuid:jgd2011.bl">
<gml:pos>33.724642222 130.806001944</gml:pos>
</gml:Point>
</pos>
<type>標高点（測点）</type>
<alti>466</alti>
</ElevPt>
<ElevPt gml:id="K2_4708812144_1">
<fid>47088-12144-i-96</fid>
<lfSpanFr gml:id="K2_4708812144_1-1">
<gml:timePosition>2020-10-29</gml:timePosition>
</lfSpanFr>
<devDate gml:id="K2_4708812144_1-2">
<gml:timePosition>2021-06-03</gml:timePosition>
</devDate>
<orgGILvl>25000</orgGILvl>
<vis>表示</vis>
<pos>
<gml:Point gml:id="K2_4708812144_1-g" srsName="fguuid:jgd2011.bl">
<gml:pos>33.734434167 130.805759722</gml:pos>
</gml:Point>
</pos>
<type>標高点（測点）</type>
<alti>835</alti>
</ElevPt>
<ElevPt gml:id="K2_4708812147_1">
<fid>47088-12147-i-223</fid>
<lfSpanFr gml:id="K2_4708812147_1-1">
<gml:timePosition>2020-10-29</gml:timePosition>
</lfSpanFr>
<devDate gml:id="K2_4708812147_1-2">
<gml:timePosition>2021-06-03</gml:timePosition>
</devDate>
<orgGILvl>25000</orgGILvl>
<vis>表示</vis>
<pos>
<gml:Point gml:id="K2_4708812147_1-g" srsName="fguuid:jgd2011.bl">
<gml:pos>33.748758611 130.804905556</gml:pos>
</gml:Point>
</pos>
<type>標高点（測点）</type>
<alti>723</alti>
</ElevPt>
<ElevPt gml:id="K2_4709112120_1">
<fid>47091-12120-i-1112</fid>
<lfSpanFr gml:id="K2_4709112120_1-1">
<gml:timePosition>2015-02-23</gml:timePosition>
</lfSpanFr>
<devDate gml:id="K2_4709112120_1-2">
<gml:timePosition>2021-06-03</gml:timePosition>
</devDate>
<orgGILvl>25000</orgGILvl>
<vis>表示</vis>
<pos>
<gml:Point gml:id="K2_4709112120_1-g" srsName="fguuid:jgd2011.bl">
<gml:pos>33.672597500 130.812256667</gml:pos>
</gml:Point>
</pos>
<type>標高点（測点）</type>
<alti>23</alti>
</ElevPt>
<ElevPt gml:id="K2_4709112123_1">
<fid>47091-12123-i-584</fid>
<lfSpanFr gml:id="K2_4709112123_1-1">
<gml:timePosition>2015-02-23</gml:timePosition>
</lfSpanFr>
<devDate gml:id="K2_4709112123_1-2">
<gml:timePosition>2021-06-03</gml:timePosition>
</devDate>
<orgGILvl>25000</orgGILvl>
<vis>表示</vis>
<pos>
<gml:Point gml:id="K2_4709112123_1-g" srsName="fguuid:jgd2011.bl">
<gml:pos>33.679838889 130.815087500</gml:pos>
</gml:Point>
</pos>
<type>標高点（測点）</type>
<alti>34</alti>
</ElevPt>
<ElevPt gml:id="K2_4709112129_1">
<fid>47091-12129-i-93</fid>
<lfSpanFr gml:id="K2_4709112129_1-1">
<gml:timePosition>2020-10-29</gml:timePosition>
</lfSpanFr>
<devDate gml:id="K2_4709112129_1-2">
<gml:timePosition>2021-06-03</gml:timePosition>
</devDate>
<orgGILvl>25000</orgGILvl>
<vis>表示</vis>
<pos>
<gml:Point gml:id="K2_4709112129_1-g" srsName="fguuid:jgd2011.bl">
<gml:pos>33.694861111 130.812442500</gml:pos>
</gml:Point>
</pos>
<type>標高点（測点）</type>
<alti>199</alti>
</ElevPt>
<ElevPt gml:id="K2_4709112135_1">
<fid>47091-12135-i-48</fid>
<lfSpanFr gml:id="K2_4709112135_1-1">
<gml:timePosition>2020-10-29</gml:timePosition>
</lfSpanFr>
<devDate gml:id="K2_4709112135_1-2">
<gml:timePosition>2021-06-03</gml:timePosition>
</devDate>
<orgGILvl>25000</orgGILvl>
<vis>表示</vis>
<pos>
<gml:Point gml:id="K2_4709112135_1-g" srsName="fguuid:jgd2011.bl">
<gml:pos>33.710679722 130.810286111</gml:pos>
</gml:Point>
</pos>
<type>標高点（測点）</type>
<alti>414</alti>
</ElevPt>
<ElevPt gml:id="K2_4709112141_1">
<fid>47091-12141-i-23</fid>
<lfSpanFr gml:id="K2_4709112141_1-1">
<gml:timePosition>2020-10-29</gml:timePosition>
</lfSpanFr>
<devDate gml:id="K2_4709112141_1-2">
<gml:timePosition>2021-06-03</gml:timePosition>
</devDate>
<orgGILvl>25000</orgGILvl>
<vis>表示</vis>
<pos>
<gml:Point gml:id="K2_4709112141_1-g" srsName="fguuid:jgd2011.bl">
<gml:pos>33.728715833 130.813779444</gml:pos>
</gml:Point>
</pos>
<type>標高点（測点）</type>
<alti>746</alti>
</ElevPt>
<ElevPt gml:id="K2_4709112144_1">
<fid>47091-12144-i-38</fid>
<lfSpanFr gml:id="K2_4709112144_1-1">
<gml:timePosition>2020-10-29</gml:timePosition>
</lfSpanFr>
<devDate gml:id="K2_4709112144_1-2">
<gml:timePosition>2021-06-03</gml:timePosition>
</devDate>
<orgGILvl>25000</orgGILvl>
<vis>表示</vis>
<pos>
<gml:Point gml:id="K2_4709112144_1-g" srsName="fguuid:jgd2011.bl">
<gml:pos>33.740589444 130.809408611</gml:pos>
</gml:Point>
</pos>
<type>標高点（測点）</type>
<alti>836</alti>
</ElevPt>
<ElevPt gml:id="K2_4709112147_1">
<fid>47091-12147-i-20</fid>
<lfSpanFr gml:id="K2_4709112147_1-1">
<gml:timePosition>2014-06-04</gml:timePosition>
</lfSpanFr>
<devDate gml:id="K2_4709112147_1-2">
<gml:timePosition>2021-06-03</gml:timePosition>
</devDate>
<orgGILvl>25000</orgGILvl>
<vis>表示</vis>
<pos>
<gml:Point gml:id="K2_4709112147_1-g" srsName="fguuid:jgd2011.bl">
<gml:pos>33.748182778 130.815078333</gml:pos>
</gml:Point>
</pos>
<type>標高点（測点）</type>
<alti>473</alti>
</ElevPt>
<ElevPt gml:id="K2_4709412123_1">
<fid>47094-12123-i-438</fid>
<lfSpanFr gml:id="K2_4709412123_1-1">
<gml:timePosition>2015-02-23</gml:timePosition>
</lfSpanFr>
<devDate gml:id="K2_4709412123_1-2">
<gml:timePosition>2021-06-03</gml:timePosition>
</devDate>
<orgGILvl>25000</orgGILvl>
<vis>表示</vis>
<pos>
<gml:Point gml:id="K2_4709412123_1-g" srsName="fguuid:jgd2011.bl">
<gml:pos>33.675780556 130.820010833</gml:pos>
</gml:Point>
</pos>
<type>標高点（測点）</type>
<alti>58</alti>
</ElevPt>
<ElevPt gml:id="K2_4709412126_1">
<fid>47094-12126-i-100</fid>
<lfSpanFr gml:id="K2_4709412126_1-1">
<gml:timePosition>2014-06-04</gml:timePosition>
</lfSpanFr>
<devDate gml:id="K2_4709412126_1-2">
<gml:timePosition>2021-06-03</gml:timePosition>
</devDate>
<orgGILvl>25000</orgGILvl>
<vis>表示</vis>
<pos>
<gml:Point gml:id="K2_4709412126_1-g" srsName="fguuid:jgd2011.bl">
<gml:pos>33.686280556 130.816988333</gml:pos>
</gml:Point>
</pos>
<type>標高点（測点）</type>
<alti>255</alti>
</ElevPt>
<ElevPt gml:id="K2_4709412129_1">
<fid>47094-12129-i-282</fid>
<lfSpanFr gml:id="K2_4709412129_1-1">
<gml:timePosition>2020-10-29</gml:timePosition>
</lfSpanFr>
<devDate gml:id="K2_4709412129_1-2">
<gml:timePosition>2021-06-03</gml:timePosition>
</devDate>
<orgGILvl>25000</orgGILvl>
<vis>表示</vis>
<pos>
<gml:Point gml:id="K2_4709412129_1-g" srsName="fguuid:jgd2011.bl">
<gml:pos>33.695201111 130.820460278</gml:pos>
</gml:Point>
</pos>
<type>標高点（測点）</type>
<alti>317</alti>
</ElevPt>
<ElevPt gml:id="K2_4709412132_1">
<fid>47094-12132-i-81</fid>
<lfSpanFr gml:id="K2_4709412132_1-1">
<gml:timePosition>2020-10-29</gml:timePosition>
</lfSpanFr>
<devDate gml:id="K2_4709412132_1-2">
<gml:timePosition>2021-06-03</gml:timePosition>
</devDate>
<orgGILvl>25000</orgGILvl>
<vis>表示</vis>
<pos>
<gml:Point gml:id="K2_4709412132_1-g" srsName="fguuid:jgd2011.bl">
<gml:pos>33.703273056 130.817692222</gml:pos>
</gml:Point>
</pos>
<type>標高点（測点）</type>
<alti>393</alti>
</ElevPt>
<ElevPt gml:id="K2_4709412135_1">
<fid>47094-12135-i-27</fid>
<lfSpanFr gml:id="K2_4709412135_1-1">
<gml:timePosition>2020-10-29</gml:timePosition>
</lfSpanFr>
<devDate gml:id="K2_4709412135_1-2">
<gml:timePosition>2021-06-03</gml:timePosition>
</devDate>
<orgGILvl>25000</orgGILvl>
<vis>表示</vis>
<pos>
<gml:Point gml:id="K2_4709412135_1-g" srsName="fguuid:jgd2011.bl">
<gml:pos>33.710971389 130.818377500</gml:pos>
</gml:Point>
</pos>
<type>標高点（測点）</type>
<alti>447</alti>
</ElevPt>
<ElevPt gml:id="K2_4709412138_1">
<fid>47094-12138-i-50</fid>
<lfSpanFr gml:id="K2_4709412138_1-1">
<gml:timePosition>2020-10-29</gml:timePosition>
</lfSpanFr>
<devDate gml:id="K2_4709412138_1-2">
<gml:timePosition>2021-06-03</gml:timePosition>
</devDate>
<orgGILvl>25000</orgGILvl>
<vis>表示</vis>
<pos>
<gml:Point gml:id="K2_4709412138_1-g" srsName="fguuid:jgd2011.bl">
<gml:pos>33.720990000 130.820853333</gml:pos>
</gml:Point>
</pos>
<type>標高点（測点）</type>
<alti>759</alti>
</ElevPt>
<ElevPt gml:id="K2_4709412144_1">
<fid>47094-12144-i-17</fid>
<lfSpanFr gml:id="K2_4709412144_1-1">
<gml:timePosition>2014-06-04</gml:timePosition>
</lfSpanFr>
<devDate gml:id="K2_4709412144_1-2">
<gml:timePosition>2021-06-03</gml:timePosition>
</devDate>
<orgGILvl>25000</orgGILvl>
<vis>表示</vis>
<pos>
<gml:Point gml:id="K2_4709412144_1-g" srsName="fguuid:jgd2011.bl">
<gml:pos>33.735363056 130.822549444</gml:pos>
</gml:Point>
</pos>
<type>標高点（測点）</type>
<alti>539</alti>
</ElevPt>
<ElevPt gml:id="K2_4709412147_1">
<fid>47094-12147-i-19</fid>
<lfSpanFr gml:id="K2_4709412147_1-1">
<gml:timePosition>2014-06-04</gml:timePosition>
</lfSpanFr>
<devDate gml:id="K2_4709412147_1-2">
<gml:timePosition>2021-06-03</gml:timePosition>
</devDate>
<orgGILvl>25000</orgGILvl>
<vis>表示</vis>
<pos>
<gml:Point gml:id="K2_4709412147_1-g" srsName="fguuid:jgd2011.bl">
<gml:pos>33.742987778 130.820598333</gml:pos>
</gml:Point>
</pos>
<type>標高点（測点）</type>
<alti>537</alti>
</ElevPt>
<ElevPt gml:id="K2_4709712120_1">
<fid>47097-12120-i-549</fid>
<lfSpanFr gml:id="K2_4709712120_1-1">
<gml:timePosition>2020-10-29</gml:timePosition>
</lfSpanFr>
<devDate gml:id="K2_4709712120_1-2">
<gml:timePosition>2021-06-03</gml:timePosition>
</devDate>
<orgGILvl>25000</orgGILvl>
<vis>表示</vis>
<pos>
<gml:Point gml:id="K2_4709712120_1-g" srsName="fguuid:jgd2011.bl">
<gml:pos>33.674760000 130.826226111</gml:pos>
</gml:Point>
</pos>
<type>標高点（測点）</type>
<alti>84</alti>
</ElevPt>
<ElevPt gml:id="K2_4709712120_2">
<fid>47097-12120-i-550</fid>
<lfSpanFr gml:id="K2_4709712120_2-1">
<gml:timePosition>2020-10-29</gml:timePosition>
</lfSpanFr>
<devDate gml:id="K2_4709712120_2-2">
<gml:timePosition>2021-06-03</gml:timePosition>
</devDate>
<orgGILvl>25000</orgGILvl>
<vis>表示</vis>
<pos>
<gml:Point gml:id="K2_4709712120_2-g" srsName="fguuid:jgd2011.bl">
<gml:pos>33.667794167 130.829804722</gml:pos>
</gml:Point>
</pos>
<type>標高点（測点）</type>
<alti>30</alti>
</ElevPt>
<ElevPt gml:id="K2_4709712123_1">
<fid>47097-12123-i-372</fid>
<lfSpanFr gml:id="K2_4709712123_1-1">
<gml:timePosition>2020-10-29</gml:timePosition>
</lfSpanFr>
<devDate gml:id="K2_4709712123_1-2">
<gml:timePosition>2021-06-03</gml:timePosition>
</devDate>
<orgGILvl>25000</orgGILvl>
<vis>表示</vis>
<pos>
<gml:Point gml:id="K2_4709712123_1-g" srsName="fguuid:jgd2011.bl">
<gml:pos>33.682797778 130.827325278</gml:pos>
</gml:Point>
</pos>
<type>標高点（測点）</type>
<alti>226</alti>
</ElevPt>
<ElevPt gml:id="K2_4709712129_1">
<fid>47097-12129-i-162</fid>
<lfSpanFr gml:id="K2_4709712129_1-1">
<gml:timePosition>2020-10-29</gml:timePosition>
</lfSpanFr>
<devDate gml:id="K2_4709712129_1-2">
<gml:timePosition>2021-06-03</gml:timePosition>
</devDate>
<orgGILvl>25000</orgGILvl>
<vis>表示</vis>
<pos>
<gml:Point gml:id="K2_4709712129_1-g" srsName="fguuid:jgd2011.bl">
<gml:pos>33.696821667 130.827517778</gml:pos>
</gml:Point>
</pos>
<type>標高点（測点）</type>
<alti>464</alti>
</ElevPt>
<ElevPt gml:id="K2_4709712135_1">
<fid>47097-12135-i-34</fid>
<lfSpanFr gml:id="K2_4709712135_1-1">
<gml:timePosition>2020-10-29</gml:timePosition>
</lfSpanFr>
<devDate gml:id="K2_4709712135_1-2">
<gml:timePosition>2021-06-03</gml:timePosition>
</devDate>
<orgGILvl>25000</orgGILvl>
<vis>表示</vis>
<pos>
<gml:Point gml:id="K2_4709712135_1-g" srsName="fguuid:jgd2011.bl">
<gml:pos>33.708818889 130.831397222</gml:pos>
</gml:Point>
</pos>
<type>標高点（測点）</type>
<alti>550</alti>
</ElevPt>
<ElevPt gml:id="K2_4709712141_1">
<fid>47097-12141-i-13</fid>
<lfSpanFr gml:id="K2_4709712141_1-1">
<gml:timePosition>2014-06-04</gml:timePosition>
</lfSpanFr>
<devDate gml:id="K2_4709712141_1-2">
<gml:timePosition>2021-06-03</gml:timePosition>
</devDate>
<orgGILvl>25000</orgGILvl>
<vis>表示</vis>
<pos>
<gml:Point gml:id="K2_4709712141_1-g" srsName="fguuid:jgd2011.bl">
<gml:pos>33.730186111 130.826256389</gml:pos>
</gml:Point>
</pos>
<type>標高点（測点）</type>
<alti>712</alti>
</ElevPt>
<ElevPt gml:id="K2_4709712144_1">
<fid>47097-12144-i-14</fid>
<lfSpanFr gml:id="K2_4709712144_1-1">
<gml:timePosition>2014-06-04</gml:timePosition>
</lfSpanFr>
<devDate gml:id="K2_4709712144_1-2">
<gml:timePosition>2021-06-03</gml:timePosition>
</devDate>
<orgGILvl>25000</orgGILvl>
<vis>表示</vis>
<pos>
<gml:Point gml:id="K2_4709712144_1-g" srsName="fguuid:jgd2011.bl">
<gml:pos>33.740076667 130.830808056</gml:pos>
</gml:Point>
</pos>
<type>標高点（測点）</type>
<alti>491</alti>
</ElevPt>
<ElevPt gml:id="K2_4709712147_1">
<fid>47097-12147-i-23</fid>
<lfSpanFr gml:id="K2_4709712147_1-1">
<gml:timePosition>2020-10-29</gml:timePosition>
</lfSpanFr>
<devDate gml:id="K2_4709712147_1-2">
<gml:timePosition>2021-06-03</gml:timePosition>
</devDate>
<orgGILvl>25000</orgGILvl>
<vis>表示</vis>
<pos>
<gml:Point gml:id="K2_4709712147_1-g" srsName="fguuid:jgd2011.bl">
<gml:pos>33.748697778 130.827617778</gml:pos>
</gml:Point>
</pos>
<type>標高点（測点）</type>
<alti>497</alti>
</ElevPt>
<ElevPt gml:id="K2_4710012129_1">
<fid>47100-12129-i-22</fid>
<lfSpanFr gml:id="K2_4710012129_1-1">
<gml:timePosition>2020-10-29</gml:timePosition>
</lfSpanFr>
<devDate gml:id="K2_4710012129_1-2">
<gml:timePosition>2021-06-03</gml:timePosition>
</devDate>
<orgGILvl>25000</orgGILvl>
<vis>表示</vis>
<pos>
<gml:Point gml:id="K2_4710012129_1-g" srsName="fguuid:jgd2011.bl">
<gml:pos>33.694320556 130.834422222</gml:pos>
</gml:Point>
</pos>
<type>標高点（測点）</type>
<alti>377</alti>
</ElevPt>
<ElevPt gml:id="K2_4710012138_1">
<fid>47100-12138-i-21</fid>
<lfSpanFr gml:id="K2_4710012138_1-1">
<gml:timePosition>2020-10-29</gml:timePosition>
</lfSpanFr>
<devDate gml:id="K2_4710012138_1-2">
<gml:timePosition>2021-06-03</gml:timePosition>
</devDate>
<orgGILvl>25000</orgGILvl>
<vis>表示</vis>
<pos>
<gml:Point gml:id="K2_4710012138_1-g" srsName="fguuid:jgd2011.bl">
<gml:pos>33.720319444 130.837624167</gml:pos>
</gml:Point>
</pos>
<type>標高点（測点）</type>
<alti>350</alti>
</ElevPt>
<ElevPt gml:id="K2_4710012141_1">
<fid>47100-12141-i-14</fid>
<lfSpanFr gml:id="K2_4710012141_1-1">
<gml:timePosition>2020-10-29</gml:timePosition>
</lfSpanFr>
<devDate gml:id="K2_4710012141_1-2">
<gml:timePosition>2021-06-03</gml:timePosition>
</devDate>
<orgGILvl>25000</orgGILvl>
<vis>表示</vis>
<pos>
<gml:Point gml:id="K2_4710012141_1-g" srsName="fguuid:jgd2011.bl">
<gml:pos>33.729837222 130.839515278</gml:pos>
</gml:Point>
</pos>
<type>標高点（測点）</type>
<alti>533</alti>
</ElevPt>
<ElevPt gml:id="K2_4710012144_1">
<fid>47100-12144-i-13</fid>
<lfSpanFr gml:id="K2_4710012144_1-1">
<gml:timePosition>2014-06-04</gml:timePosition>
</lfSpanFr>
<devDate gml:id="K2_4710012144_1-2">
<gml:timePosition>2021-06-03</gml:timePosition>
</devDate>
<orgGILvl>25000</orgGILvl>
<vis>表示</vis>
<pos>
<gml:Point gml:id="K2_4710012144_1-g" srsName="fguuid:jgd2011.bl">
<gml:pos>33.738313056 130.840523333</gml:pos>
</gml:Point>
</pos>
<type>標高点（測点）</type>
<alti>299</alti>
</ElevPt>
<ElevPt gml:id="K2_4710312120_1">
<fid>47103-12120-i-678</fid>
<lfSpanFr gml:id="K2_4710312120_1-1">
<gml:timePosition>2020-10-29</gml:timePosition>
</lfSpanFr>
<devDate gml:id="K2_4710312120_1-2">
<gml:timePosition>2021-06-03</gml:timePosition>
</devDate>
<orgGILvl>25000</orgGILvl>
<vis>表示</vis>
<pos>
<gml:Point gml:id="K2_4710312120_1-g" srsName="fguuid:jgd2011.bl">
<gml:pos>33.668043333 130.845620833</gml:pos>
</gml:Point>
</pos>
<type>標高点（測点）</type>
<alti>37</alti>
</ElevPt>
<ElevPt gml:id="K2_4710312132_1">
<fid>47103-12132-i-79</fid>
<lfSpanFr gml:id="K2_4710312132_1-1">
<gml:timePosition>2020-10-29</gml:timePosition>
</lfSpanFr>
<devDate gml:id="K2_4710312132_1-2">
<gml:timePosition>2021-06-03</gml:timePosition>
</devDate>
<orgGILvl>25000</orgGILvl>
<vis>表示</vis>
<pos>
<gml:Point gml:id="K2_4710312132_1-g" srsName="fguuid:jgd2011.bl">
<gml:pos>33.707946268 130.849120323</gml:pos>
</gml:Point>
</pos>
<type>標高点（測点）</type>
<alti>130</alti>
</ElevPt>
<ElevPt gml:id="K2_4710312138_1">
<fid>47103-12138-i-158</fid>
<lfSpanFr gml:id="K2_4710312138_1-1">
<gml:timePosition>2020-10-29</gml:timePosition>
</lfSpanFr>
<devDate gml:id="K2_4710312138_1-2">
<gml:timePosition>2021-06-03</gml:timePosition>
</devDate>
<orgGILvl>25000</orgGILvl>
<vis>非表示</vis>
<pos>
<gml:Point gml:id="K2_4710312138_1-g" srsName="fguuid:jgd2011.bl">
<gml:pos>33.720624520 130.847260360</gml:pos>
</gml:Point>
</pos>
<type>標高点（測点）</type>
<alti>164</alti>
</ElevPt>
<ElevPt gml:id="K2_4710312144_1">
<fid>47103-12144-i-167</fid>
<lfSpanFr gml:id="K2_4710312144_1-1">
<gml:timePosition>2020-08-27</gml:timePosition>
</lfSpanFr>
<devDate gml:id="K2_4710312144_1-2">
<gml:timePosition>2021-06-03</gml:timePosition>
</devDate>
<orgGILvl>25000</orgGILvl>
<vis>表示</vis>
<pos>
<gml:Point gml:id="K2_4710312144_1-g" srsName="fguuid:jgd2011.bl">
<gml:pos>33.738885000 130.847355556</gml:pos>
</gml:Point>
</pos>
<type>標高点（測点）</type>
<alti>322</alti>
</ElevPt>
<ElevPt gml:id="K2_4710312147_1">
<fid>47103-12147-i-35</fid>
<lfSpanFr gml:id="K2_4710312147_1-1">
<gml:timePosition>2014-06-04</gml:timePosition>
</lfSpanFr>
<devDate gml:id="K2_4710312147_1-2">
<gml:timePosition>2021-06-03</gml:timePosition>
</devDate>
<orgGILvl>25000</orgGILvl>
<vis>表示</vis>
<pos>
<gml:Point gml:id="K2_4710312147_1-g" srsName="fguuid:jgd2011.bl">
<gml:pos>33.743244167 130.842216111</gml:pos>
</gml:Point>
</pos>
<type>標高点（測点）</type>
<alti>253</alti>
</ElevPt>
<ElevPt gml:id="K2_4710612123_1">
<fid>47106-12123-i-604</fid>
<lfSpanFr gml:id="K2_4710612123_1-1">
<gml:timePosition>2020-10-29</gml:timePosition>
</lfSpanFr>
<devDate gml:id="K2_4710612123_1-2">
<gml:timePosition>2021-06-03</gml:timePosition>
</devDate>
<orgGILvl>25000</orgGILvl>
<vis>表示</vis>
<pos>
<gml:Point gml:id="K2_4710612123_1-g" srsName="fguuid:jgd2011.bl">
<gml:pos>33.675163454 130.850099898</gml:pos>
</gml:Point>
</pos>
<type>標高点（測点）</type>
<alti>43</alti>
</ElevPt>
<ElevPt gml:id="K2_4710612123_2">
<fid>47106-12123-i-605</fid>
<lfSpanFr gml:id="K2_4710612123_2-1">
<gml:timePosition>2020-10-29</gml:timePosition>
</lfSpanFr>
<devDate gml:id="K2_4710612123_2-2">
<gml:timePosition>2021-06-03</gml:timePosition>
</devDate>
<orgGILvl>25000</orgGILvl>
<vis>表示</vis>
<pos>
<gml:Point gml:id="K2_4710612123_2-g" srsName="fguuid:jgd2011.bl">
<gml:pos>33.681485556 130.856664722</gml:pos>
</gml:Point>
</pos>
<type>標高点（測点）</type>
<alti>83</alti>
</ElevPt>
<ElevPt gml:id="K2_4710612126_1">
<fid>47106-12126-i-419</fid>
<lfSpanFr gml:id="K2_4710612126_1-1">
<gml:timePosition>2020-10-29</gml:timePosition>
</lfSpanFr>
<devDate gml:id="K2_4710612126_1-2">
<gml:timePosition>2021-06-03</gml:timePosition>
</devDate>
<orgGILvl>25000</orgGILvl>
<vis>表示</vis>
<pos>
<gml:Point gml:id="K2_4710612126_1-g" srsName="fguuid:jgd2011.bl">
<gml:pos>33.689197778 130.854625833</gml:pos>
</gml:Point>
</pos>
<type>標高点（測点）</type>
<alti>56</alti>
</ElevPt>
<ElevPt gml:id="K2_4710612129_1">
<fid>47106-12129-i-343</fid>
<lfSpanFr gml:id="K2_4710612129_1-1">
<gml:timePosition>2020-10-29</gml:timePosition>
</lfSpanFr>
<devDate gml:id="K2_4710612129_1-2">
<gml:timePosition>2021-06-03</gml:timePosition>
</devDate>
<orgGILvl>25000</orgGILvl>
<vis>表示</vis>
<pos>
<gml:Point gml:id="K2_4710612129_1-g" srsName="fguuid:jgd2011.bl">
<gml:pos>33.694682778 130.856758611</gml:pos>
</gml:Point>
</pos>
<type>標高点（測点）</type>
<alti>62</alti>
</ElevPt>
<ElevPt gml:id="K2_4710612132_1">
<fid>47106-12132-i-585</fid>
<lfSpanFr gml:id="K2_4710612132_1-1">
<gml:timePosition>2020-10-29</gml:timePosition>
</lfSpanFr>
<devDate gml:id="K2_4710612132_1-2">
<gml:timePosition>2021-06-03</gml:timePosition>
</devDate>
<orgGILvl>25000</orgGILvl>
<vis>表示</vis>
<pos>
<gml:Point gml:id="K2_4710612132_1-g" srsName="fguuid:jgd2011.bl">
<gml:pos>33.701515000 130.854336667</gml:pos>
</gml:Point>
</pos>
<type>標高点（測点）</type>
<alti>76</alti>
</ElevPt>
<ElevPt gml:id="K2_4710612138_1">
<fid>47106-12138-i-324</fid>
<lfSpanFr gml:id="K2_4710612138_1-1">
<gml:timePosition>2020-10-29</gml:timePosition>
</lfSpanFr>
<devDate gml:id="K2_4710612138_1-2">
<gml:timePosition>2021-06-03</gml:timePosition>
</devDate>
<orgGILvl>25000</orgGILvl>
<vis>表示</vis>
<pos>
<gml:Point gml:id="K2_4710612138_1-g" srsName="fguuid:jgd2011.bl">
<gml:pos>33.720552222 130.856490278</gml:pos>
</gml:Point>
</pos>
<type>標高点（測点）</type>
<alti>115</alti>
</ElevPt>
<ElevPt gml:id="K2_4710612141_1">
<fid>47106-12141-i-262</fid>
<lfSpanFr gml:id="K2_4710612141_1-1">
<gml:timePosition>2020-10-29</gml:timePosition>
</lfSpanFr>
<devDate gml:id="K2_4710612141_1-2">
<gml:timePosition>2021-06-03</gml:timePosition>
</devDate>
<orgGILvl>25000</orgGILvl>
<vis>表示</vis>
<pos>
<gml:Point gml:id="K2_4710612141_1-g" srsName="fguuid:jgd2011.bl">
<gml:pos>33.733247222 130.850182778</gml:pos>
</gml:Point>
</pos>
<type>標高点（測点）</type>
<alti>408</alti>
</ElevPt>
<ElevPt gml:id="K2_4710612141_2">
<fid>47106-12141-i-263</fid>
<lfSpanFr gml:id="K2_4710612141_2-1">
<gml:timePosition>2020-10-29</gml:timePosition>
</lfSpanFr>
<devDate gml:id="K2_4710612141_2-2">
<gml:timePosition>2021-06-03</gml:timePosition>
</devDate>
<orgGILvl>25000</orgGILvl>
<vis>表示</vis>
<pos>
<gml:Point gml:id="K2_4710612141_2-g" srsName="fguuid:jgd2011.bl">
<gml:pos>33.730885324 130.857540426</gml:pos>
</gml:Point>
</pos>
<type>標高点（測点）</type>
<alti>147</alti>
</ElevPt>
<ElevPt gml:id="K2_4710612147_1">
<fid>47106-12147-i-233</fid>
<lfSpanFr gml:id="K2_4710612147_1-1">
<gml:timePosition>2015-02-23</gml:timePosition>
</lfSpanFr>
<devDate gml:id="K2_4710612147_1-2">
<gml:timePosition>2021-06-03</gml:timePosition>
</devDate>
<orgGILvl>25000</orgGILvl>
<vis>表示</vis>
<pos>
<gml:Point gml:id="K2_4710612147_1-g" srsName="fguuid:jgd2011.bl">
<gml:pos>33.746308333 130.850962500</gml:pos>
</gml:Point>
</pos>
<type>標高点（測点）</type>
<alti>263</alti>
</ElevPt>
<ElevPt gml:id="K2_4710912120_1">
<fid>47109-12120-i-17</fid>
<lfSpanFr gml:id="K2_4710912120_1-1">
<gml:timePosition>2020-10-29</gml:timePosition>
</lfSpanFr>
<devDate gml:id="K2_4710912120_1-2">
<gml:timePosition>2021-06-03</gml:timePosition>
</devDate>
<orgGILvl>25000</orgGILvl>
<vis>表示</vis>
<pos>
<gml:Point gml:id="K2_4710912120_1-g" srsName="fguuid:jgd2011.bl">
<gml:pos>33.667208611 130.864880278</gml:pos>
</gml:Point>
</pos>
<type>標高点（測点）</type>
<alti>310</alti>
</ElevPt>
<ElevPt gml:id="K2_4710912120_2">
<fid>47109-12120-i-18</fid>
<lfSpanFr gml:id="K2_4710912120_2-1">
<gml:timePosition>2020-10-29</gml:timePosition>
</lfSpanFr>
<devDate gml:id="K2_4710912120_2-2">
<gml:timePosition>2021-06-03</gml:timePosition>
</devDate>
<orgGILvl>25000</orgGILvl>
<vis>表示</vis>
<pos>
<gml:Point gml:id="K2_4710912120_2-g" srsName="fguuid:jgd2011.bl">
<gml:pos>33.671308889 130.866225556</gml:pos>
</gml:Point>
</pos>
<type>標高点（測点）</type>
<alti>335</alti>
</ElevPt>
<ElevPt gml:id="K2_4710912126_1">
<fid>47109-12126-i-165</fid>
<lfSpanFr gml:id="K2_4710912126_1-1">
<gml:timePosition>2020-10-29</gml:timePosition>
</lfSpanFr>
<devDate gml:id="K2_4710912126_1-2">
<gml:timePosition>2021-06-03</gml:timePosition>
</devDate>
<orgGILvl>25000</orgGILvl>
<vis>表示</vis>
<pos>
<gml:Point gml:id="K2_4710912126_1-g" srsName="fguuid:jgd2011.bl">
<gml:pos>33.684833056 130.862165556</gml:pos>
</gml:Point>
</pos>
<type>標高点（測点）</type>
<alti>122</alti>
</ElevPt>
<ElevPt gml:id="K2_4710912132_1">
<fid>47109-12132-i-236</fid>
<lfSpanFr gml:id="K2_4710912132_1-1">
<gml:timePosition>2020-10-29</gml:timePosition>
</lfSpanFr>
<devDate gml:id="K2_4710912132_1-2">
<gml:timePosition>2021-06-03</gml:timePosition>
</devDate>
<orgGILvl>25000</orgGILvl>
<vis>表示</vis>
<pos>
<gml:Point gml:id="K2_4710912132_1-g" srsName="fguuid:jgd2011.bl">
<gml:pos>33.706450132 130.862685096</gml:pos>
</gml:Point>
</pos>
<type>標高点（測点）</type>
<alti>97</alti>
</ElevPt>
<ElevPt gml:id="K2_4710912132_2">
<fid>47109-12132-i-237</fid>
<lfSpanFr gml:id="K2_4710912132_2-1">
<gml:timePosition>2020-10-29</gml:timePosition>
</lfSpanFr>
<devDate gml:id="K2_4710912132_2-2">
<gml:timePosition>2021-06-03</gml:timePosition>
</devDate>
<orgGILvl>25000</orgGILvl>
<vis>表示</vis>
<pos>
<gml:Point gml:id="K2_4710912132_2-g" srsName="fguuid:jgd2011.bl">
<gml:pos>33.700920833 130.863550000</gml:pos>
</gml:Point>
</pos>
<type>標高点（測点）</type>
<alti>161</alti>
</ElevPt>
<ElevPt gml:id="K2_4710912135_1">
<fid>47109-12135-i-72</fid>
<lfSpanFr gml:id="K2_4710912135_1-1">
<gml:timePosition>2020-10-29</gml:timePosition>
</lfSpanFr>
<devDate gml:id="K2_4710912135_1-2">
<gml:timePosition>2021-06-03</gml:timePosition>
</devDate>
<orgGILvl>25000</orgGILvl>
<vis>表示</vis>
<pos>
<gml:Point gml:id="K2_4710912135_1-g" srsName="fguuid:jgd2011.bl">
<gml:pos>33.715250556 130.865532778</gml:pos>
</gml:Point>
</pos>
<type>標高点（測点）</type>
<alti>305</alti>
</ElevPt>
<ElevPt gml:id="K2_4710912147_1">
<fid>47109-12147-i-293</fid>
<lfSpanFr gml:id="K2_4710912147_1-1">
<gml:timePosition>2015-02-23</gml:timePosition>
</lfSpanFr>
<devDate gml:id="K2_4710912147_1-2">
<gml:timePosition>2021-06-03</gml:timePosition>
</devDate>
<orgGILvl>25000</orgGILvl>
<vis>表示</vis>
<pos>
<gml:Point gml:id="K2_4710912147_1-g" srsName="fguuid:jgd2011.bl">
<gml:pos>33.747980000 130.858715000</gml:pos>
</gml:Point>
</pos>
<type>標高点（測点）</type>
<alti>112</alti>
</ElevPt>
<ElevPt gml:id="K2_4711212123_1">
<fid>47112-12123-i-193</fid>
<lfSpanFr gml:id="K2_4711212123_1-1">
<gml:timePosition>2020-10-29</gml:timePosition>
</lfSpanFr>
<devDate gml:id="K2_4711212123_1-2">
<gml:timePosition>2021-06-03</gml:timePosition>
</devDate>
<orgGILvl>25000</orgGILvl>
<vis>表示</vis>
<pos>
<gml:Point gml:id="K2_4711212123_1-g" srsName="fguuid:jgd2011.bl">
<gml:pos>33.675534167 130.869551667</gml:pos>
</gml:Point>
</pos>
<type>標高点（測点）</type>
<alti>177</alti>
</ElevPt>
<ElevPt gml:id="K2_4711212126_1">
<fid>47112-12126-i-20</fid>
<lfSpanFr gml:id="K2_4711212126_1-1">
<gml:timePosition>2020-10-29</gml:timePosition>
</lfSpanFr>
<devDate gml:id="K2_4711212126_1-2">
<gml:timePosition>2021-06-03</gml:timePosition>
</devDate>
<orgGILvl>25000</orgGILvl>
<vis>表示</vis>
<pos>
<gml:Point gml:id="K2_4711212126_1-g" srsName="fguuid:jgd2011.bl">
<gml:pos>33.687610000 130.869486111</gml:pos>
</gml:Point>
</pos>
<type>標高点（測点）</type>
<alti>352</alti>
</ElevPt>
<ElevPt gml:id="K2_4711212129_1">
<fid>47112-12129-i-32</fid>
<lfSpanFr gml:id="K2_4711212129_1-1">
<gml:timePosition>2020-10-29</gml:timePosition>
</lfSpanFr>
<devDate gml:id="K2_4711212129_1-2">
<gml:timePosition>2021-06-03</gml:timePosition>
</devDate>
<orgGILvl>25000</orgGILvl>
<vis>表示</vis>
<pos>
<gml:Point gml:id="K2_4711212129_1-g" srsName="fguuid:jgd2011.bl">
<gml:pos>33.692285833 130.868206389</gml:pos>
</gml:Point>
</pos>
<type>標高点（測点）</type>
<alti>322</alti>
</ElevPt>
<ElevPt gml:id="K2_4711212129_2">
<fid>47112-12129-i-33</fid>
<lfSpanFr gml:id="K2_4711212129_2-1">
<gml:timePosition>2020-10-29</gml:timePosition>
</lfSpanFr>
<devDate gml:id="K2_4711212129_2-2">
<gml:timePosition>2021-06-03</gml:timePosition>
</devDate>
<orgGILvl>25000</orgGILvl>
<vis>表示</vis>
<pos>
<gml:Point gml:id="K2_4711212129_2-g" srsName="fguuid:jgd2011.bl">
<gml:pos>33.699131111 130.870708056</gml:pos>
</gml:Point>
</pos>
<type>標高点（測点）</type>
<alti>238</alti>
</ElevPt>
<ElevPt gml:id="K2_4711212138_1">
<fid>47112-12138-i-24</fid>
<lfSpanFr gml:id="K2_4711212138_1-1">
<gml:timePosition>2020-10-29</gml:timePosition>
</lfSpanFr>
<devDate gml:id="K2_4711212138_1-2">
<gml:timePosition>2021-06-03</gml:timePosition>
</devDate>
<orgGILvl>25000</orgGILvl>
<vis>表示</vis>
<pos>
<gml:Point gml:id="K2_4711212138_1-g" srsName="fguuid:jgd2011.bl">
<gml:pos>33.722460833 130.869614722</gml:pos>
</gml:Point>
</pos>
<type>標高点（測点）</type>
<alti>301</alti>
</ElevPt>
<ElevPt gml:id="K2_4711212141_1">
<fid>47112-12141-i-16</fid>
<lfSpanFr gml:id="K2_4711212141_1-1">
<gml:timePosition>2020-10-29</gml:timePosition>
</lfSpanFr>
<devDate gml:id="K2_4711212141_1-2">
<gml:timePosition>2021-06-03</gml:timePosition>
</devDate>
<orgGILvl>25000</orgGILvl>
<vis>表示</vis>
<pos>
<gml:Point gml:id="K2_4711212141_1-g" srsName="fguuid:jgd2011.bl">
<gml:pos>33.730318611 130.867755556</gml:pos>
</gml:Point>
</pos>
<type>標高点（測点）</type>
<alti>447</alti>
</ElevPt>
</Dataset>
