<?xml version="1.0" encoding="utf-8"?>
<Dataset xsi:schemaLocation="http://fgd.gsi.go.jp/spec/2008/FGD_GMLSchema FGD_GMLSchema.xsd"
	xmlns:gml="http://www.opengis.net/gml/3.2"
	xmlns:xsi="http://www.w3.org/2001/XMLSchema-instance"
	xmlns:xlink="http://www.w3.org/1999/xlink"
	xmlns="http://fgd.gsi.go.jp/spec/2008/FGD_GMLSchema"
	gml:id="Dataset1">
  <gml:description>基盤地図情報メタデータ ID=fmdid:21-0701</gml:description>
  <gml:name>基盤地図情報ダウンロードデータ（GML版）</gml:name>
<WStrA gml:id="K28_4707012120_1">
<fid>20210603-47073-12144-s-2989</fid>
<lfSpanFr gml:id="K28_4707012120_1-1">
<gml:timePosition>2021-06-03</gml:timePosition>
</lfSpanFr>
<devDate gml:id="K28_4707012120_1-2">
<gml:timePosition>2021-06-03</gml:timePosition>
</devDate>
<orgGILvl>2500</orgGILvl>
<vis>表示</vis>
<area>
<gml:Surface gml:id="K28_4707012120_1-g" srsName="fguuid:jgd2011.bl">
<gml:patches>
<gml:PolygonPatch>
<gml:exterior>
<gml:Ring>
<gml:curveMember>
<gml:Curve gml:id="K28_4707012120_1-3">
<gml:segments>
<gml:LineStringSegment>
<gml:posList>
33.738343696 130.764088481
33.738331785 130.764036171
33.738321055 130.76398893
33.738312871 130.763953014
33.738215468 130.763987384
33.738225378 130.764030419
33.738234834 130.764071512
33.738246653 130.764122635
33.738343696 130.764088481
</gml:posList>
</gml:LineStringSegment>
</gml:segments>
</gml:Curve>
</gml:curveMember>
</gml:Ring>
</gml:exterior>
</gml:PolygonPatch>
</gml:patches>
</gml:Surface>
</area>
<type>せき</type>
</WStrA>
<WStrA gml:id="K28_4707012120_2">
<fid>20210603-47070-12138-s-3757</fid>
<lfSpanFr gml:id="K28_4707012120_2-1">
<gml:timePosition>2021-06-03</gml:timePosition>
</lfSpanFr>
<devDate gml:id="K28_4707012120_2-2">
<gml:timePosition>2021-06-03</gml:timePosition>
</devDate>
<orgGILvl>2500</orgGILvl>
<vis>表示</vis>
<area>
<gml:Surface gml:id="K28_4707012120_2-g" srsName="fguuid:jgd2011.bl">
<gml:patches>
<gml:PolygonPatch>
<gml:exterior>
<gml:Ring>
<gml:curveMember>
<gml:Curve gml:id="K28_4707012120_2-3">
<gml:segments>
<gml:LineStringSegment>
<gml:posList>
33.719830948 130.75
33.719786381 130.75
33.719847556 130.750072968
33.719941104 130.750184589
33.719964577 130.750154525
33.719873332 130.750049015
33.719830948 130.75
</gml:posList>
</gml:LineStringSegment>
</gml:segments>
</gml:Curve>
</gml:curveMember>
</gml:Ring>
</gml:exterior>
</gml:PolygonPatch>
</gml:patches>
</gml:Surface>
</area>
<type>せき</type>
</WStrA>
<WStrA gml:id="K28_4707012120_3">
<fid>20210603-47070-12138-s-3753</fid>
<lfSpanFr gml:id="K28_4707012120_3-1">
<gml:timePosition>2021-06-03</gml:timePosition>
</lfSpanFr>
<devDate gml:id="K28_4707012120_3-2">
<gml:timePosition>2021-06-03</gml:timePosition>
</devDate>
<orgGILvl>2500</orgGILvl>
<vis>表示</vis>
<area>
<gml:Surface gml:id="K28_4707012120_3-g" srsName="fguuid:jgd2011.bl">
<gml:patches>
<gml:PolygonPatch>
<gml:exterior>
<gml:Ring>
<gml:curveMember>
<gml:Curve gml:id="K28_4707012120_3-3">
<gml:segments>
<gml:LineStringSegment>
<gml:posList>
33.721956953 130.75583913
33.721955593 130.755821438
33.721782489 130.755847123
33.721744306 130.755852788
33.721747498 130.755871015
33.721791801 130.755864275
33.721956953 130.75583913
</gml:posList>
</gml:LineStringSegment>
</gml:segments>
</gml:Curve>
</gml:curveMember>
</gml:Ring>
</gml:exterior>
</gml:PolygonPatch>
</gml:patches>
</gml:Surface>
</area>
<type>せき</type>
</WStrA>
<WStrA gml:id="K28_4707012120_4">
<fid>20210603-47073-12147-s-2376</fid>
<lfSpanFr gml:id="K28_4707012120_4-1">
<gml:timePosition>2021-06-03</gml:timePosition>
</lfSpanFr>
<devDate gml:id="K28_4707012120_4-2">
<gml:timePosition>2021-06-03</gml:timePosition>
</devDate>
<orgGILvl>2500</orgGILvl>
<vis>表示</vis>
<area>
<gml:Surface gml:id="K28_4707012120_4-g" srsName="fguuid:jgd2011.bl">
<gml:patches>
<gml:PolygonPatch>
<gml:exterior>
<gml:Ring>
<gml:curveMember>
<gml:Curve gml:id="K28_4707012120_4-3">
<gml:segments>
<gml:LineStringSegment>
<gml:posList>
33.741985193 130.763981593
33.741965403 130.76386433
33.741961937 130.763843941
33.741945178 130.763849707
33.741968617 130.76398941
33.741985193 130.763981593
</gml:posList>
</gml:LineStringSegment>
</gml:segments>
</gml:Curve>
</gml:curveMember>
</gml:Ring>
</gml:exterior>
</gml:PolygonPatch>
</gml:patches>
</gml:Surface>
</area>
<type>せき</type>
</WStrA>
<WStrA gml:id="K28_4707012120_5">
<fid>20210603-47073-12147-s-2373</fid>
<lfSpanFr gml:id="K28_4707012120_5-1">
<gml:timePosition>2021-06-03</gml:timePosition>
</lfSpanFr>
<devDate gml:id="K28_4707012120_5-2">
<gml:timePosition>2021-06-03</gml:timePosition>
</devDate>
<orgGILvl>2500</orgGILvl>
<vis>表示</vis>
<area>
<gml:Surface gml:id="K28_4707012120_5-g" srsName="fguuid:jgd2011.bl">
<gml:patches>
<gml:PolygonPatch>
<gml:exterior>
<gml:Ring>
<gml:curveMember>
<gml:Curve gml:id="K28_4707012120_5-3">
<gml:segments>
<gml:LineStringSegment>
<gml:posList>
33.744250769 130.764398585
33.7442429 130.764385439
33.744131635 130.764479751
33.744139684 130.764492681
33.744224033 130.764421216
33.744250769 130.764398585
</gml:posList>
</gml:LineStringSegment>
</gml:segments>
</gml:Curve>
</gml:curveMember>
</gml:Ring>
</gml:exterior>
</gml:PolygonPatch>
</gml:patches>
</gml:Surface>
</area>
<type>せき</type>
</WStrA>
<WStrA gml:id="K28_4707012120_6">
<fid>20210603-47073-12144-s-2990</fid>
<lfSpanFr gml:id="K28_4707012120_6-1">
<gml:timePosition>2021-06-03</gml:timePosition>
</lfSpanFr>
<devDate gml:id="K28_4707012120_6-2">
<gml:timePosition>2021-06-03</gml:timePosition>
</devDate>
<orgGILvl>2500</orgGILvl>
<vis>表示</vis>
<area>
<gml:Surface gml:id="K28_4707012120_6-g" srsName="fguuid:jgd2011.bl">
<gml:patches>
<gml:PolygonPatch>
<gml:exterior>
<gml:Ring>
<gml:curveMember>
<gml:Curve gml:id="K28_4707012120_6-3">
<gml:segments>
<gml:LineStringSegment>
<gml:posList>
33.740658081 130.764519896
33.740642757 130.764522204
33.740614085 130.764664746
33.740628516 130.764666649
33.740658081 130.764519896
</gml:posList>
</gml:LineStringSegment>
</gml:segments>
</gml:Curve>
</gml:curveMember>
</gml:Ring>
</gml:exterior>
</gml:PolygonPatch>
</gml:patches>
</gml:Surface>
</area>
<type>せき</type>
</WStrA>
<WStrA gml:id="K28_4707012120_7">
<fid>20210603-47073-12147-s-2375</fid>
<lfSpanFr gml:id="K28_4707012120_7-1">
<gml:timePosition>2021-06-03</gml:timePosition>
</lfSpanFr>
<devDate gml:id="K28_4707012120_7-2">
<gml:timePosition>2021-06-03</gml:timePosition>
</devDate>
<orgGILvl>2500</orgGILvl>
<vis>表示</vis>
<area>
<gml:Surface gml:id="K28_4707012120_7-g" srsName="fguuid:jgd2011.bl">
<gml:patches>
<gml:PolygonPatch>
<gml:exterior>
<gml:Ring>
<gml:curveMember>
<gml:Curve gml:id="K28_4707012120_7-3">
<gml:segments>
<gml:LineStringSegment>
<gml:posList>
33.7425621 130.763807219
33.742518798 130.763654295
33.742507628 130.763660045
33.742550385 130.763810705
33.7425621 130.763807219
</gml:posList>
</gml:LineStringSegment>
</gml:segments>
</gml:Curve>
</gml:curveMember>
</gml:Ring>
</gml:exterior>
</gml:PolygonPatch>
</gml:patches>
</gml:Surface>
</area>
<type>せき</type>
</WStrA>
<WStrA gml:id="K28_4707012120_8">
<fid>20210603-47073-12147-s-2374</fid>
<lfSpanFr gml:id="K28_4707012120_8-1">
<gml:timePosition>2021-06-03</gml:timePosition>
</lfSpanFr>
<devDate gml:id="K28_4707012120_8-2">
<gml:timePosition>2021-06-03</gml:timePosition>
</devDate>
<orgGILvl>2500</orgGILvl>
<vis>表示</vis>
<area>
<gml:Surface gml:id="K28_4707012120_8-g" srsName="fguuid:jgd2011.bl">
<gml:patches>
<gml:PolygonPatch>
<gml:exterior>
<gml:Ring>
<gml:curveMember>
<gml:Curve gml:id="K28_4707012120_8-3">
<gml:segments>
<gml:LineStringSegment>
<gml:posList>
33.742689568 130.763652207
33.742676302 130.763646523
33.742676244 130.763648758
33.74267284 130.763768709
33.742686714 130.763762842
33.742689559 130.76365238
33.742689568 130.763652207
</gml:posList>
</gml:LineStringSegment>
</gml:segments>
</gml:Curve>
</gml:curveMember>
</gml:Ring>
</gml:exterior>
</gml:PolygonPatch>
</gml:patches>
</gml:Surface>
</area>
<type>せき</type>
</WStrA>
<WStrA gml:id="K28_4707012120_9">
<fid>20210603-47076-12144-s-2937</fid>
<lfSpanFr gml:id="K28_4707012120_9-1">
<gml:timePosition>2021-06-03</gml:timePosition>
</lfSpanFr>
<devDate gml:id="K28_4707012120_9-2">
<gml:timePosition>2021-06-03</gml:timePosition>
</devDate>
<orgGILvl>2500</orgGILvl>
<vis>表示</vis>
<area>
<gml:Surface gml:id="K28_4707012120_9-g" srsName="fguuid:jgd2011.bl">
<gml:patches>
<gml:PolygonPatch>
<gml:exterior>
<gml:Ring>
<gml:curveMember>
<gml:Curve gml:id="K28_4707012120_9-3">
<gml:segments>
<gml:LineStringSegment>
<gml:posList>
33.740392508 130.771362948
33.740319816 130.771352111
33.740318488 130.771365066
33.74032886 130.771366549
33.740373143 130.771373231
33.740400291 130.77137726
33.740392508 130.771362948
</gml:posList>
</gml:LineStringSegment>
</gml:segments>
</gml:Curve>
</gml:curveMember>
</gml:Ring>
</gml:exterior>
</gml:PolygonPatch>
</gml:patches>
</gml:Surface>
</area>
<type>せき</type>
</WStrA>
<WStrA gml:id="K28_4707012120_10">
<fid>20210603-47094-12120-s-2193</fid>
<lfSpanFr gml:id="K28_4707012120_10-1">
<gml:timePosition>2021-06-03</gml:timePosition>
</lfSpanFr>
<devDate gml:id="K28_4707012120_10-2">
<gml:timePosition>2021-06-03</gml:timePosition>
</devDate>
<orgGILvl>2500</orgGILvl>
<vis>表示</vis>
<area>
<gml:Surface gml:id="K28_4707012120_10-g" srsName="fguuid:jgd2011.bl">
<gml:patches>
<gml:PolygonPatch>
<gml:exterior>
<gml:Ring>
<gml:curveMember>
<gml:Curve gml:id="K28_4707012120_10-3">
<gml:segments>
<gml:LineStringSegment>
<gml:posList>
33.668554116 130.822884633
33.668531904 130.822863003
33.668513369 130.822890108
33.668524475 130.822900977
33.668535581 130.822911738
33.668554116 130.822884633
</gml:posList>
</gml:LineStringSegment>
</gml:segments>
</gml:Curve>
</gml:curveMember>
</gml:Ring>
</gml:exterior>
</gml:PolygonPatch>
</gml:patches>
</gml:Surface>
</area>
<type>水門</type>
</WStrA>
<WStrA gml:id="K28_4707012120_11">
<fid>20210603-47094-12120-s-2194</fid>
<lfSpanFr gml:id="K28_4707012120_11-1">
<gml:timePosition>2021-06-03</gml:timePosition>
</lfSpanFr>
<devDate gml:id="K28_4707012120_11-2">
<gml:timePosition>2021-06-03</gml:timePosition>
</devDate>
<orgGILvl>2500</orgGILvl>
<vis>表示</vis>
<area>
<gml:Surface gml:id="K28_4707012120_11-g" srsName="fguuid:jgd2011.bl">
<gml:patches>
<gml:PolygonPatch>
<gml:exterior>
<gml:Ring>
<gml:curveMember>
<gml:Curve gml:id="K28_4707012120_11-3">
<gml:segments>
<gml:LineStringSegment>
<gml:posList>
33.668523882 130.822927829
33.668512776 130.82291696
33.66850176 130.822906199
33.668483404 130.82293298
33.668505526 130.82295461
33.668523882 130.822927829
</gml:posList>
</gml:LineStringSegment>
</gml:segments>
</gml:Curve>
</gml:curveMember>
</gml:Ring>
</gml:exterior>
</gml:PolygonPatch>
</gml:patches>
</gml:Surface>
</area>
<type>水門</type>
</WStrA>
<WStrA gml:id="K28_4707012120_12">
<fid>20210603-47076-12144-s-2933</fid>
<lfSpanFr gml:id="K28_4707012120_12-1">
<gml:timePosition>2021-06-03</gml:timePosition>
</lfSpanFr>
<devDate gml:id="K28_4707012120_12-2">
<gml:timePosition>2021-06-03</gml:timePosition>
</devDate>
<orgGILvl>2500</orgGILvl>
<vis>表示</vis>
<area>
<gml:Surface gml:id="K28_4707012120_12-g" srsName="fguuid:jgd2011.bl">
<gml:patches>
<gml:PolygonPatch>
<gml:exterior>
<gml:Ring>
<gml:curveMember>
<gml:Curve gml:id="K28_4707012120_12-3">
<gml:segments>
<gml:LineStringSegment>
<gml:posList>
33.740216567 130.773400928
33.740150835 130.77340013
33.74015068 130.773414377
33.740168624 130.773414545
33.740201355 130.773414999
33.740216413 130.773415175
33.740216567 130.773400928
</gml:posList>
</gml:LineStringSegment>
</gml:segments>
</gml:Curve>
</gml:curveMember>
</gml:Ring>
</gml:exterior>
</gml:PolygonPatch>
</gml:patches>
</gml:Surface>
</area>
<type>せき</type>
</WStrA>
<WStrA gml:id="K28_4707012120_13">
<fid>20210603-47076-12144-s-2934</fid>
<lfSpanFr gml:id="K28_4707012120_13-1">
<gml:timePosition>2021-06-03</gml:timePosition>
</lfSpanFr>
<devDate gml:id="K28_4707012120_13-2">
<gml:timePosition>2021-06-03</gml:timePosition>
</devDate>
<orgGILvl>2500</orgGILvl>
<vis>表示</vis>
<area>
<gml:Surface gml:id="K28_4707012120_13-g" srsName="fguuid:jgd2011.bl">
<gml:patches>
<gml:PolygonPatch>
<gml:exterior>
<gml:Ring>
<gml:curveMember>
<gml:Curve gml:id="K28_4707012120_13-3">
<gml:segments>
<gml:LineStringSegment>
<gml:posList>
33.739869585 130.769636102
33.739863067 130.769621874
33.73981499 130.769660424
33.739819707 130.769675413
33.739869585 130.769636102
</gml:posList>
</gml:LineStringSegment>
</gml:segments>
</gml:Curve>
</gml:curveMember>
</gml:Ring>
</gml:exterior>
</gml:PolygonPatch>
</gml:patches>
</gml:Surface>
</area>
<type>せき</type>
</WStrA>
<WStrA gml:id="K28_4707012120_14">
<fid>20210603-47076-12144-s-2936</fid>
<lfSpanFr gml:id="K28_4707012120_14-1">
<gml:timePosition>2021-06-03</gml:timePosition>
</lfSpanFr>
<devDate gml:id="K28_4707012120_14-2">
<gml:timePosition>2021-06-03</gml:timePosition>
</devDate>
<orgGILvl>2500</orgGILvl>
<vis>表示</vis>
<area>
<gml:Surface gml:id="K28_4707012120_14-g" srsName="fguuid:jgd2011.bl">
<gml:patches>
<gml:PolygonPatch>
<gml:exterior>
<gml:Ring>
<gml:curveMember>
<gml:Curve gml:id="K28_4707012120_14-3">
<gml:segments>
<gml:LineStringSegment>
<gml:posList>
33.74021594 130.773993768
33.740160496 130.773948908
33.740154475 130.773959608
33.740170187 130.773972302
33.740199083 130.773995647
33.740209919 130.774004468
33.74021594 130.773993768
</gml:posList>
</gml:LineStringSegment>
</gml:segments>
</gml:Curve>
</gml:curveMember>
</gml:Ring>
</gml:exterior>
</gml:PolygonPatch>
</gml:patches>
</gml:Surface>
</area>
<type>せき</type>
</WStrA>
<WStrA gml:id="K28_4707012120_15">
<fid>20210603-47073-12138-s-1673</fid>
<lfSpanFr gml:id="K28_4707012120_15-1">
<gml:timePosition>2021-06-03</gml:timePosition>
</lfSpanFr>
<devDate gml:id="K28_4707012120_15-2">
<gml:timePosition>2021-06-03</gml:timePosition>
</devDate>
<orgGILvl>2500</orgGILvl>
<vis>表示</vis>
<area>
<gml:Surface gml:id="K28_4707012120_15-g" srsName="fguuid:jgd2011.bl">
<gml:patches>
<gml:PolygonPatch>
<gml:exterior>
<gml:Ring>
<gml:curveMember>
<gml:Curve gml:id="K28_4707012120_15-3">
<gml:segments>
<gml:LineStringSegment>
<gml:posList>
33.722598855 130.758859916
33.722600529 130.758885917
33.722620001 130.758884092
33.72263145 130.758883025
33.722631022 130.758876012
33.722630258 130.758863605
33.722629867 130.758857132
33.72261968 130.758858045
33.722598855 130.758859916
</gml:posList>
</gml:LineStringSegment>
</gml:segments>
</gml:Curve>
</gml:curveMember>
</gml:Ring>
</gml:exterior>
</gml:PolygonPatch>
</gml:patches>
</gml:Surface>
</area>
<type>せき</type>
</WStrA>
<WStrA gml:id="K28_4707012120_16">
<fid>20210603-47073-12138-s-1674</fid>
<lfSpanFr gml:id="K28_4707012120_16-1">
<gml:timePosition>2021-06-03</gml:timePosition>
</lfSpanFr>
<devDate gml:id="K28_4707012120_16-2">
<gml:timePosition>2021-06-03</gml:timePosition>
</devDate>
<orgGILvl>2500</orgGILvl>
<vis>表示</vis>
<area>
<gml:Surface gml:id="K28_4707012120_16-g" srsName="fguuid:jgd2011.bl">
<gml:patches>
<gml:PolygonPatch>
<gml:exterior>
<gml:Ring>
<gml:curveMember>
<gml:Curve gml:id="K28_4707012120_16-3">
<gml:segments>
<gml:LineStringSegment>
<gml:posList>
33.722745074 130.758844401
33.722745586 130.758852708
33.722746397 130.758865989
33.722746657 130.758870293
33.722777669 130.758867509
33.722775995 130.758841509
33.722745074 130.758844401
</gml:posList>
</gml:LineStringSegment>
</gml:segments>
</gml:Curve>
</gml:curveMember>
</gml:Ring>
</gml:exterior>
</gml:PolygonPatch>
</gml:patches>
</gml:Surface>
</area>
<type>せき</type>
</WStrA>
<WStrA gml:id="K28_4707012120_17">
<fid>20210603-47070-12138-s-3754</fid>
<lfSpanFr gml:id="K28_4707012120_17-1">
<gml:timePosition>2021-06-03</gml:timePosition>
</lfSpanFr>
<devDate gml:id="K28_4707012120_17-2">
<gml:timePosition>2021-06-03</gml:timePosition>
</devDate>
<orgGILvl>2500</orgGILvl>
<vis>表示</vis>
<area>
<gml:Surface gml:id="K28_4707012120_17-g" srsName="fguuid:jgd2011.bl">
<gml:patches>
<gml:PolygonPatch>
<gml:exterior>
<gml:Ring>
<gml:curveMember>
<gml:Curve gml:id="K28_4707012120_17-3">
<gml:segments>
<gml:LineStringSegment>
<gml:posList>
33.717023787 130.751257658
33.717015935 130.751267369
33.717011375 130.751273015
33.717036951 130.751302505
33.717043247 130.75129461
33.717049273 130.751287148
33.717023787 130.751257658
</gml:posList>
</gml:LineStringSegment>
</gml:segments>
</gml:Curve>
</gml:curveMember>
</gml:Ring>
</gml:exterior>
</gml:PolygonPatch>
</gml:patches>
</gml:Surface>
</area>
<type>水門</type>
</WStrA>
<WStrA gml:id="K28_4707012120_18">
<fid>20210603-47070-12138-s-3755</fid>
<lfSpanFr gml:id="K28_4707012120_18-1">
<gml:timePosition>2021-06-03</gml:timePosition>
</lfSpanFr>
<devDate gml:id="K28_4707012120_18-2">
<gml:timePosition>2021-06-03</gml:timePosition>
</devDate>
<orgGILvl>2500</orgGILvl>
<vis>表示</vis>
<area>
<gml:Surface gml:id="K28_4707012120_18-g" srsName="fguuid:jgd2011.bl">
<gml:patches>
<gml:PolygonPatch>
<gml:exterior>
<gml:Ring>
<gml:curveMember>
<gml:Curve gml:id="K28_4707012120_18-3">
<gml:segments>
<gml:LineStringSegment>
<gml:posList>
33.717053917 130.751220346
33.717047468 130.751228328
33.717041595 130.751235595
33.717067081 130.751265086
33.717074636 130.751255677
33.717079403 130.751249837
33.717053917 130.751220346
</gml:posList>
</gml:LineStringSegment>
</gml:segments>
</gml:Curve>
</gml:curveMember>
</gml:Ring>
</gml:exterior>
</gml:PolygonPatch>
</gml:patches>
</gml:Surface>
</area>
<type>水門</type>
</WStrA>
<WStrA gml:id="K28_4707012120_19">
<fid>20210603-47076-12144-s-2935</fid>
<lfSpanFr gml:id="K28_4707012120_19-1">
<gml:timePosition>2021-06-03</gml:timePosition>
</lfSpanFr>
<devDate gml:id="K28_4707012120_19-2">
<gml:timePosition>2021-06-03</gml:timePosition>
</devDate>
<orgGILvl>2500</orgGILvl>
<vis>表示</vis>
<area>
<gml:Surface gml:id="K28_4707012120_19-g" srsName="fguuid:jgd2011.bl">
<gml:patches>
<gml:PolygonPatch>
<gml:exterior>
<gml:Ring>
<gml:curveMember>
<gml:Curve gml:id="K28_4707012120_19-3">
<gml:segments>
<gml:LineStringSegment>
<gml:posList>
33.739989087 130.774983286
33.7399326 130.774959366
33.739929195 130.774971031
33.739938579 130.774975
33.739977742 130.774991626
33.739985592 130.774994951
33.739989087 130.774983286
</gml:posList>
</gml:LineStringSegment>
</gml:segments>
</gml:Curve>
</gml:curveMember>
</gml:Ring>
</gml:exterior>
</gml:PolygonPatch>
</gml:patches>
</gml:Surface>
</area>
<type>せき</type>
</WStrA>
<WStrA gml:id="K28_4707012120_20">
<fid>20210603-47085-12120-s-2595</fid>
<lfSpanFr gml:id="K28_4707012120_20-1">
<gml:timePosition>2021-06-03</gml:timePosition>
</lfSpanFr>
<devDate gml:id="K28_4707012120_20-2">
<gml:timePosition>2021-06-03</gml:timePosition>
</devDate>
<orgGILvl>2500</orgGILvl>
<vis>表示</vis>
<area>
<gml:Surface gml:id="K28_4707012120_20-g" srsName="fguuid:jgd2011.bl">
<gml:patches>
<gml:PolygonPatch>
<gml:exterior>
<gml:Ring>
<gml:curveMember>
<gml:Curve gml:id="K28_4707012120_20-3">
<gml:segments>
<gml:LineStringSegment>
<gml:posList>
33.668755258 130.797285608
33.668747672 130.797278185
33.668739724 130.797270331
33.668733248 130.797279728
33.668726951 130.797288909
33.668742485 130.797304185
33.668755258 130.797285608
</gml:posList>
</gml:LineStringSegment>
</gml:segments>
</gml:Curve>
</gml:curveMember>
</gml:Ring>
</gml:exterior>
</gml:PolygonPatch>
</gml:patches>
</gml:Surface>
</area>
<type>水門</type>
</WStrA>
<WStrA gml:id="K28_4707012120_21">
<fid>20210603-47085-12120-s-2594</fid>
<lfSpanFr gml:id="K28_4707012120_21-1">
<gml:timePosition>2021-06-03</gml:timePosition>
</lfSpanFr>
<devDate gml:id="K28_4707012120_21-2">
<gml:timePosition>2021-06-03</gml:timePosition>
</devDate>
<orgGILvl>2500</orgGILvl>
<vis>表示</vis>
<area>
<gml:Surface gml:id="K28_4707012120_21-g" srsName="fguuid:jgd2011.bl">
<gml:patches>
<gml:PolygonPatch>
<gml:exterior>
<gml:Ring>
<gml:curveMember>
<gml:Curve gml:id="K28_4707012120_21-3">
<gml:segments>
<gml:LineStringSegment>
<gml:posList>
33.668788993 130.797238512
33.668773459 130.797223127
33.668766713 130.797233064
33.668760686 130.797241705
33.668768363 130.797249236
33.66877622 130.797256982
33.668788993 130.797238512
</gml:posList>
</gml:LineStringSegment>
</gml:segments>
</gml:Curve>
</gml:curveMember>
</gml:Ring>
</gml:exterior>
</gml:PolygonPatch>
</gml:patches>
</gml:Surface>
</area>
<type>水門</type>
</WStrA>
<WStrA gml:id="K28_4707012120_22">
<fid>20210603-47085-12120-s-2592</fid>
<lfSpanFr gml:id="K28_4707012120_22-1">
<gml:timePosition>2021-06-03</gml:timePosition>
</lfSpanFr>
<devDate gml:id="K28_4707012120_22-2">
<gml:timePosition>2021-06-03</gml:timePosition>
</devDate>
<orgGILvl>2500</orgGILvl>
<vis>表示</vis>
<area>
<gml:Surface gml:id="K28_4707012120_22-g" srsName="fguuid:jgd2011.bl">
<gml:patches>
<gml:PolygonPatch>
<gml:exterior>
<gml:Ring>
<gml:curveMember>
<gml:Curve gml:id="K28_4707012120_22-3">
<gml:segments>
<gml:LineStringSegment>
<gml:posList>
33.667758876 130.797152072
33.667741209 130.797155564
33.667741756 130.797159229
33.667744038 130.797175831
33.667752871 130.797174085
33.667761705 130.797172339
33.667758876 130.797152072
</gml:posList>
</gml:LineStringSegment>
</gml:segments>
</gml:Curve>
</gml:curveMember>
</gml:Ring>
</gml:exterior>
</gml:PolygonPatch>
</gml:patches>
</gml:Surface>
</area>
<type>水門</type>
</WStrA>
<WStrA gml:id="K28_4707012120_23">
<fid>20210603-47085-12120-s-2593</fid>
<lfSpanFr gml:id="K28_4707012120_23-1">
<gml:timePosition>2021-06-03</gml:timePosition>
</lfSpanFr>
<devDate gml:id="K28_4707012120_23-2">
<gml:timePosition>2021-06-03</gml:timePosition>
</devDate>
<orgGILvl>2500</orgGILvl>
<vis>表示</vis>
<area>
<gml:Surface gml:id="K28_4707012120_23-g" srsName="fguuid:jgd2011.bl">
<gml:patches>
<gml:PolygonPatch>
<gml:exterior>
<gml:Ring>
<gml:curveMember>
<gml:Curve gml:id="K28_4707012120_23-3">
<gml:segments>
<gml:LineStringSegment>
<gml:posList>
33.667764262 130.797191959
33.667755428 130.797193705
33.667746595 130.797195451
33.667749423 130.797215717
33.66776709 130.797212117
33.667764262 130.797191959
</gml:posList>
</gml:LineStringSegment>
</gml:segments>
</gml:Curve>
</gml:curveMember>
</gml:Ring>
</gml:exterior>
</gml:PolygonPatch>
</gml:patches>
</gml:Surface>
</area>
<type>水門</type>
</WStrA>
<WStrA gml:id="K28_4707012120_24">
<fid>20210603-47091-12126-s-1646</fid>
<lfSpanFr gml:id="K28_4707012120_24-1">
<gml:timePosition>2021-06-03</gml:timePosition>
</lfSpanFr>
<devDate gml:id="K28_4707012120_24-2">
<gml:timePosition>2021-06-03</gml:timePosition>
</devDate>
<orgGILvl>2500</orgGILvl>
<vis>表示</vis>
<area>
<gml:Surface gml:id="K28_4707012120_24-g" srsName="fguuid:jgd2011.bl">
<gml:patches>
<gml:PolygonPatch>
<gml:exterior>
<gml:Ring>
<gml:curveMember>
<gml:Curve gml:id="K28_4707012120_24-3">
<gml:segments>
<gml:LineStringSegment>
<gml:posList>
33.691084697 130.816644624
33.691073692 130.816641735
33.691071187 130.8166549
33.691082192 130.816657789
33.691083534 130.816650882
33.691084697 130.816644624
</gml:posList>
</gml:LineStringSegment>
</gml:segments>
</gml:Curve>
</gml:curveMember>
</gml:Ring>
</gml:exterior>
</gml:PolygonPatch>
</gml:patches>
</gml:Surface>
</area>
<type>水門</type>
</WStrA>
<WStrA gml:id="K28_4707012120_25">
<fid>20210603-47091-12126-s-1645</fid>
<lfSpanFr gml:id="K28_4707012120_25-1">
<gml:timePosition>2021-06-03</gml:timePosition>
</lfSpanFr>
<devDate gml:id="K28_4707012120_25-2">
<gml:timePosition>2021-06-03</gml:timePosition>
</devDate>
<orgGILvl>2500</orgGILvl>
<vis>表示</vis>
<area>
<gml:Surface gml:id="K28_4707012120_25-g" srsName="fguuid:jgd2011.bl">
<gml:patches>
<gml:PolygonPatch>
<gml:exterior>
<gml:Ring>
<gml:curveMember>
<gml:Curve gml:id="K28_4707012120_25-3">
<gml:segments>
<gml:LineStringSegment>
<gml:posList>
33.691120718 130.816666667
33.691120259 130.816669141
33.691131264 130.81667203
33.691132248 130.816666667
33.691133679 130.816658866
33.691122674 130.816655977
33.691121601 130.816661912
33.691120718 130.816666667
</gml:posList>
</gml:LineStringSegment>
</gml:segments>
</gml:Curve>
</gml:curveMember>
</gml:Ring>
</gml:exterior>
</gml:PolygonPatch>
</gml:patches>
</gml:Surface>
</area>
<type>水門</type>
</WStrA>
<WStrA gml:id="K28_4707012120_26">
<fid>20210603-47085-12120-s-2597</fid>
<lfSpanFr gml:id="K28_4707012120_26-1">
<gml:timePosition>2021-06-03</gml:timePosition>
</lfSpanFr>
<devDate gml:id="K28_4707012120_26-2">
<gml:timePosition>2021-06-03</gml:timePosition>
</devDate>
<orgGILvl>2500</orgGILvl>
<vis>表示</vis>
<area>
<gml:Surface gml:id="K28_4707012120_26-g" srsName="fguuid:jgd2011.bl">
<gml:patches>
<gml:PolygonPatch>
<gml:exterior>
<gml:Ring>
<gml:curveMember>
<gml:Curve gml:id="K28_4707012120_26-3">
<gml:segments>
<gml:LineStringSegment>
<gml:posList>
33.670560012 130.795410691
33.670556489 130.795406601
33.670552695 130.795402297
33.670546666 130.795409752
33.670553984 130.795418254
33.670560012 130.795410691
</gml:posList>
</gml:LineStringSegment>
</gml:segments>
</gml:Curve>
</gml:curveMember>
</gml:Ring>
</gml:exterior>
</gml:PolygonPatch>
</gml:patches>
</gml:Surface>
</area>
<type>水門</type>
</WStrA>
<WStrA gml:id="K28_4707012120_27">
<fid>20210603-47085-12120-s-2596</fid>
<lfSpanFr gml:id="K28_4707012120_27-1">
<gml:timePosition>2021-06-03</gml:timePosition>
</lfSpanFr>
<devDate gml:id="K28_4707012120_27-2">
<gml:timePosition>2021-06-03</gml:timePosition>
</devDate>
<orgGILvl>2500</orgGILvl>
<vis>表示</vis>
<area>
<gml:Surface gml:id="K28_4707012120_27-g" srsName="fguuid:jgd2011.bl">
<gml:patches>
<gml:PolygonPatch>
<gml:exterior>
<gml:Ring>
<gml:curveMember>
<gml:Curve gml:id="K28_4707012120_27-3">
<gml:segments>
<gml:LineStringSegment>
<gml:posList>
33.670580077 130.79538487
33.670572759 130.795376476
33.670566731 130.795383931
33.670570796 130.795388666
33.670574048 130.795392433
33.670580077 130.79538487
</gml:posList>
</gml:LineStringSegment>
</gml:segments>
</gml:Curve>
</gml:curveMember>
</gml:Ring>
</gml:exterior>
</gml:PolygonPatch>
</gml:patches>
</gml:Surface>
</area>
<type>水門</type>
</WStrA>
</Dataset>
