<?xml version="1.0" encoding="utf-8"?>
<Dataset xsi:schemaLocation="http://fgd.gsi.go.jp/spec/2008/FGD_GMLSchema FGD_GMLSchema.xsd"
	xmlns:gml="http://www.opengis.net/gml/3.2"
	xmlns:xsi="http://www.w3.org/2001/XMLSchema-instance"
	xmlns:xlink="http://www.w3.org/1999/xlink"
	xmlns="http://fgd.gsi.go.jp/spec/2008/FGD_GMLSchema"
	gml:id="Dataset1">
  <gml:description>基盤地図情報メタデータ ID=fmdid:20-1001</gml:description>
  <gml:name>基盤地図情報ダウンロードデータ（GML版）</gml:name>
<GCP gml:id="K1_483176_1">
<fid>10-00100-0-2009-21674</fid>
<lfSpanFr gml:id="K1_483176_1-1">
<gml:timePosition>2020-09-04</gml:timePosition>
</lfSpanFr>
<devDate gml:id="K1_483176_1-2">
<gml:timePosition>2020-09-08</gml:timePosition>
</devDate>
<orgGILvl>KJ12</orgGILvl>
<vis>表示</vis>
<pos>
<gml:Point gml:id="K1_483176_1-g" srsName="fguuid:jgd2011.bl">
<gml:pos>32.665199056 131.821400750</gml:pos>
</gml:Point>
</pos>
<orgName>国土地理院</orgName>
<type>三角点</type>
<gcpClass>二等三角点</gcpClass>
<gcpCode>TR24831769501</gcpCode>
<name>島野浦</name>
<B>117594.7166</B>
<L>474557.0427</L>
<alti>185.37</alti>
<altiAcc>2</altiAcc>
</GCP>
<GCP gml:id="K1_483176_2">
<fid>10-00100-0-2009-28194</fid>
<lfSpanFr gml:id="K1_483176_2-1">
<gml:timePosition>2020-09-04</gml:timePosition>
</lfSpanFr>
<devDate gml:id="K1_483176_2-2">
<gml:timePosition>2020-09-08</gml:timePosition>
</devDate>
<orgGILvl>KJ13</orgGILvl>
<vis>表示</vis>
<pos>
<gml:Point gml:id="K1_483176_2-g" srsName="fguuid:jgd2011.bl">
<gml:pos>32.639198000 131.771968250</gml:pos>
</gml:Point>
</pos>
<orgName>国土地理院</orgName>
<type>三角点</type>
<gcpClass>三等三角点</gcpClass>
<gcpCode>TR34831766101</gcpCode>
<name>鉱山</name>
<B>117501.1128</B>
<L>474379.0857</L>
<alti>167.33</alti>
<altiAcc>2</altiAcc>
</GCP>
<GCP gml:id="K1_483176_3">
<fid>10-00100-0-2009-28195</fid>
<lfSpanFr gml:id="K1_483176_3-1">
<gml:timePosition>2020-09-04</gml:timePosition>
</lfSpanFr>
<devDate gml:id="K1_483176_3-2">
<gml:timePosition>2020-09-08</gml:timePosition>
</devDate>
<orgGILvl>KJ13</orgGILvl>
<vis>表示</vis>
<pos>
<gml:Point gml:id="K1_483176_3-g" srsName="fguuid:jgd2011.bl">
<gml:pos>32.665286389 131.788102667</gml:pos>
</gml:Point>
</pos>
<orgName>国土地理院</orgName>
<type>三角点</type>
<gcpClass>三等三角点</gcpClass>
<gcpCode>TR34831769301</gcpCode>
<name>外浜</name>
<B>117595.031</B>
<L>474437.1696</L>
<alti>157.9</alti>
<altiAcc>2</altiAcc>
</GCP>
<GCP gml:id="K1_483176_4">
<fid>10-00100-0-2009-64198</fid>
<lfSpanFr gml:id="K1_483176_4-1">
<gml:timePosition>2020-09-04</gml:timePosition>
</lfSpanFr>
<devDate gml:id="K1_483176_4-2">
<gml:timePosition>2020-09-08</gml:timePosition>
</devDate>
<orgGILvl>KJ14</orgGILvl>
<vis>表示</vis>
<pos>
<gml:Point gml:id="K1_483176_4-g" srsName="fguuid:jgd2011.bl">
<gml:pos>32.617852944 131.754578389</gml:pos>
</gml:Point>
</pos>
<orgName>国土地理院</orgName>
<type>三角点</type>
<gcpClass>四等三角点</gcpClass>
<gcpCode>TR44831764001</gcpCode>
<name>安井山</name>
<B>117424.2706</B>
<L>474316.4822</L>
<alti>167.65</alti>
<altiAcc>2</altiAcc>
</GCP>
<GCP gml:id="K1_483176_5">
<fid>10-00100-0-2009-64199</fid>
<lfSpanFr gml:id="K1_483176_5-1">
<gml:timePosition>2020-09-04</gml:timePosition>
</lfSpanFr>
<devDate gml:id="K1_483176_5-2">
<gml:timePosition>2020-09-08</gml:timePosition>
</devDate>
<orgGILvl>KJ14</orgGILvl>
<vis>表示</vis>
<pos>
<gml:Point gml:id="K1_483176_5-g" srsName="fguuid:jgd2011.bl">
<gml:pos>32.630145611 131.765348000</gml:pos>
</gml:Point>
</pos>
<orgName>国土地理院</orgName>
<type>三角点</type>
<gcpClass>四等三角点</gcpClass>
<gcpCode>TR44831765101</gcpCode>
<name>磯の松山</name>
<B>117468.5242</B>
<L>474355.2528</L>
<alti>119.1</alti>
<altiAcc>2</altiAcc>
</GCP>
<GCP gml:id="K1_483176_6">
<fid>10-00100-0-2009-64200</fid>
<lfSpanFr gml:id="K1_483176_6-1">
<gml:timePosition>2020-09-04</gml:timePosition>
</lfSpanFr>
<devDate gml:id="K1_483176_6-2">
<gml:timePosition>2020-09-08</gml:timePosition>
</devDate>
<orgGILvl>KJ14</orgGILvl>
<vis>表示</vis>
<pos>
<gml:Point gml:id="K1_483176_6-g" srsName="fguuid:jgd2011.bl">
<gml:pos>32.649245333 131.760293250</gml:pos>
</gml:Point>
</pos>
<orgName>国土地理院</orgName>
<type>三角点</type>
<gcpClass>四等三角点</gcpClass>
<gcpCode>TR44831767001</gcpCode>
<name>片角</name>
<B>117537.2832</B>
<L>474337.0557</L>
<alti>151.05</alti>
<altiAcc>2</altiAcc>
</GCP>
<GCP gml:id="K1_483176_7">
<fid>10-00100-0-2009-64201</fid>
<lfSpanFr gml:id="K1_483176_7-1">
<gml:timePosition>2020-09-04</gml:timePosition>
</lfSpanFr>
<devDate gml:id="K1_483176_7-2">
<gml:timePosition>2020-09-08</gml:timePosition>
</devDate>
<orgGILvl>KJ14</orgGILvl>
<vis>表示</vis>
<pos>
<gml:Point gml:id="K1_483176_7-g" srsName="fguuid:jgd2011.bl">
<gml:pos>32.657330278 131.769441778</gml:pos>
</gml:Point>
</pos>
<orgName>国土地理院</orgName>
<type>三角点</type>
<gcpClass>四等三角点</gcpClass>
<gcpCode>TR44831768101</gcpCode>
<name>魚見山</name>
<B>117566.389</B>
<L>474369.9904</L>
<alti>60.58</alti>
<altiAcc>2</altiAcc>
</GCP>
<GCP gml:id="K1_483176_8">
<fid>10-00100-0-2009-64202</fid>
<lfSpanFr gml:id="K1_483176_8-1">
<gml:timePosition>2020-09-04</gml:timePosition>
</lfSpanFr>
<devDate gml:id="K1_483176_8-2">
<gml:timePosition>2020-09-08</gml:timePosition>
</devDate>
<orgGILvl>KJ14</orgGILvl>
<vis>表示</vis>
<pos>
<gml:Point gml:id="K1_483176_8-g" srsName="fguuid:jgd2011.bl">
<gml:pos>32.659612917 131.751108083</gml:pos>
</gml:Point>
</pos>
<orgName>国土地理院</orgName>
<type>三角点</type>
<gcpClass>四等三角点</gcpClass>
<gcpCode>TR44831769001</gcpCode>
<name>仲畑</name>
<B>117574.6065</B>
<L>474303.9891</L>
<alti>267.27</alti>
<altiAcc>2</altiAcc>
</GCP>
</Dataset>
