<?xml version="1.0" encoding="utf-8"?>
<Dataset xsi:schemaLocation="http://fgd.gsi.go.jp/spec/2008/FGD_GMLSchema FGD_GMLSchema.xsd"
	xmlns:gml="http://www.opengis.net/gml/3.2"
	xmlns:xsi="http://www.w3.org/2001/XMLSchema-instance"
	xmlns:xlink="http://www.w3.org/1999/xlink"
	xmlns="http://fgd.gsi.go.jp/spec/2008/FGD_GMLSchema"
	gml:id="Dataset1">
  <gml:description>基盤地図情報メタデータ ID=fmdid:20-1001</gml:description>
  <gml:name>基盤地図情報ダウンロードデータ（GML版）</gml:name>
<AdmPt gml:id="K6_4743311748_1">
<fid>47433-11748-i-44</fid>
<lfSpanFr gml:id="K6_4743311748_1-1">
<gml:timePosition>2020-06-30</gml:timePosition>
</lfSpanFr>
<devDate gml:id="K6_4743311748_1-2">
<gml:timePosition>2020-09-08</gml:timePosition>
</devDate>
<orgGILvl>25000</orgGILvl>
<vis>非表示</vis>
<pos>
<gml:Point gml:id="K6_4743311748_1-g" srsName="fguuid:jgd2011.bl">
<gml:pos>32.633586309 131.759853128</gml:pos>
</gml:Point>
</pos>
<type>郡市・東京都の区</type>
<name>延岡市</name>
<admCode>45203</admCode>
</AdmPt>
<AdmPt gml:id="K6_4744211757_1">
<fid>47442-11757-i-13</fid>
<lfSpanFr gml:id="K6_4744211757_1-1">
<gml:timePosition>2020-06-30</gml:timePosition>
</lfSpanFr>
<devDate gml:id="K6_4744211757_1-2">
<gml:timePosition>2020-09-08</gml:timePosition>
</devDate>
<orgGILvl>25000</orgGILvl>
<vis>非表示</vis>
<pos>
<gml:Point gml:id="K6_4744211757_1-g" srsName="fguuid:jgd2011.bl">
<gml:pos>32.664225296 131.788679390</gml:pos>
</gml:Point>
</pos>
<type>郡市・東京都の区</type>
<name>延岡市</name>
<admCode>45203</admCode>
</AdmPt>
<AdmPt gml:id="K6_4745111757_1">
<fid>47451-11757-i-59</fid>
<lfSpanFr gml:id="K6_4745111757_1-1">
<gml:timePosition>2020-06-30</gml:timePosition>
</lfSpanFr>
<devDate gml:id="K6_4745111757_1-2">
<gml:timePosition>2020-09-08</gml:timePosition>
</devDate>
<orgGILvl>25000</orgGILvl>
<vis>非表示</vis>
<pos>
<gml:Point gml:id="K6_4745111757_1-g" srsName="fguuid:jgd2011.bl">
<gml:pos>32.666612944 131.813220654</gml:pos>
</gml:Point>
</pos>
<type>郡市・東京都の区</type>
<name>延岡市</name>
<admCode>45203</admCode>
</AdmPt>
<AdmPt gml:id="K6_4745411757_1">
<fid>47454-11757-i-42</fid>
<lfSpanFr gml:id="K6_4745411757_1-1">
<gml:timePosition>2020-06-30</gml:timePosition>
</lfSpanFr>
<devDate gml:id="K6_4745411757_1-2">
<gml:timePosition>2020-09-08</gml:timePosition>
</devDate>
<orgGILvl>25000</orgGILvl>
<vis>非表示</vis>
<pos>
<gml:Point gml:id="K6_4745411757_1-g" srsName="fguuid:jgd2011.bl">
<gml:pos>32.660937788 131.822158306</gml:pos>
</gml:Point>
</pos>
<type>郡市・東京都の区</type>
<name>延岡市</name>
<admCode>45203</admCode>
</AdmPt>
</Dataset>
