<?xml version="1.0" encoding="utf-8"?>
<Dataset xsi:schemaLocation="http://fgd.gsi.go.jp/spec/2008/FGD_GMLSchema FGD_GMLSchema.xsd"
	xmlns:gml="http://www.opengis.net/gml/3.2"
	xmlns:xsi="http://www.w3.org/2001/XMLSchema-instance"
	xmlns:xlink="http://www.w3.org/1999/xlink"
	xmlns="http://fgd.gsi.go.jp/spec/2008/FGD_GMLSchema"
	gml:id="Dataset1">
  <gml:description>基盤地図情報メタデータ ID=fmdid:20-1001</gml:description>
  <gml:name>基盤地図情報ダウンロードデータ（GML版）</gml:name>
<ElevPt gml:id="K2_4743011754_1">
<fid>47430-11754-i-14</fid>
<lfSpanFr gml:id="K2_4743011754_1-1">
<gml:timePosition>2020-06-30</gml:timePosition>
</lfSpanFr>
<devDate gml:id="K2_4743011754_1-2">
<gml:timePosition>2020-09-08</gml:timePosition>
</devDate>
<orgGILvl>25000</orgGILvl>
<vis>表示</vis>
<pos>
<gml:Point gml:id="K2_4743011754_1-g" srsName="fguuid:jgd2011.bl">
<gml:pos>32.656566111 131.756163889</gml:pos>
</gml:Point>
</pos>
<type>標高点（測点）</type>
<alti>230</alti>
</ElevPt>
<ElevPt gml:id="K2_4743311739_1">
<fid>47433-11739-i-45</fid>
<lfSpanFr gml:id="K2_4743311739_1-1">
<gml:timePosition>2020-06-30</gml:timePosition>
</lfSpanFr>
<devDate gml:id="K2_4743311739_1-2">
<gml:timePosition>2020-09-08</gml:timePosition>
</devDate>
<orgGILvl>25000</orgGILvl>
<vis>表示</vis>
<pos>
<gml:Point gml:id="K2_4743311739_1-g" srsName="fguuid:jgd2011.bl">
<gml:pos>32.611639167 131.758619167</gml:pos>
</gml:Point>
</pos>
<type>標高点（測点）</type>
<alti>70</alti>
</ElevPt>
<ElevPt gml:id="K2_4743311748_1">
<fid>47433-11748-i-41</fid>
<lfSpanFr gml:id="K2_4743311748_1-1">
<gml:timePosition>2020-06-30</gml:timePosition>
</lfSpanFr>
<devDate gml:id="K2_4743311748_1-2">
<gml:timePosition>2020-09-08</gml:timePosition>
</devDate>
<orgGILvl>25000</orgGILvl>
<vis>表示</vis>
<pos>
<gml:Point gml:id="K2_4743311748_1-g" srsName="fguuid:jgd2011.bl">
<gml:pos>32.639615833 131.760322222</gml:pos>
</gml:Point>
</pos>
<type>標高点（測点）</type>
<alti>56</alti>
</ElevPt>
<ElevPt gml:id="K2_4743311748_2">
<fid>47433-11748-i-42</fid>
<lfSpanFr gml:id="K2_4743311748_2-1">
<gml:timePosition>2020-06-30</gml:timePosition>
</lfSpanFr>
<devDate gml:id="K2_4743311748_2-2">
<gml:timePosition>2020-09-08</gml:timePosition>
</devDate>
<orgGILvl>25000</orgGILvl>
<vis>表示</vis>
<pos>
<gml:Point gml:id="K2_4743311748_2-g" srsName="fguuid:jgd2011.bl">
<gml:pos>32.635618333 131.766401944</gml:pos>
</gml:Point>
</pos>
<type>標高点（測点）</type>
<alti>146</alti>
</ElevPt>
<ElevPt gml:id="K2_4743311751_1">
<fid>47433-11751-i-97</fid>
<lfSpanFr gml:id="K2_4743311751_1-1">
<gml:timePosition>2020-06-30</gml:timePosition>
</lfSpanFr>
<devDate gml:id="K2_4743311751_1-2">
<gml:timePosition>2020-09-08</gml:timePosition>
</devDate>
<orgGILvl>25000</orgGILvl>
<vis>表示</vis>
<pos>
<gml:Point gml:id="K2_4743311751_1-g" srsName="fguuid:jgd2011.bl">
<gml:pos>32.647650833 131.765225556</gml:pos>
</gml:Point>
</pos>
<type>標高点（測点）</type>
<alti>68</alti>
</ElevPt>
<ElevPt gml:id="K2_4743311757_1">
<fid>47433-11757-i-94</fid>
<lfSpanFr gml:id="K2_4743311757_1-1">
<gml:timePosition>2020-06-30</gml:timePosition>
</lfSpanFr>
<devDate gml:id="K2_4743311757_1-2">
<gml:timePosition>2020-09-08</gml:timePosition>
</devDate>
<orgGILvl>25000</orgGILvl>
<vis>表示</vis>
<pos>
<gml:Point gml:id="K2_4743311757_1-g" srsName="fguuid:jgd2011.bl">
<gml:pos>32.663773889 131.762682778</gml:pos>
</gml:Point>
</pos>
<type>標高点（測点）</type>
<alti>107</alti>
</ElevPt>
<ElevPt gml:id="K2_4745111757_1">
<fid>47451-11757-i-42</fid>
<lfSpanFr gml:id="K2_4745111757_1-1">
<gml:timePosition>2020-06-30</gml:timePosition>
</lfSpanFr>
<devDate gml:id="K2_4745111757_1-2">
<gml:timePosition>2020-09-08</gml:timePosition>
</devDate>
<orgGILvl>25000</orgGILvl>
<vis>表示</vis>
<pos>
<gml:Point gml:id="K2_4745111757_1-g" srsName="fguuid:jgd2011.bl">
<gml:pos>32.663102222 131.812305833</gml:pos>
</gml:Point>
</pos>
<type>標高点（測点）</type>
<alti>82</alti>
</ElevPt>
<ElevPt gml:id="K2_4745411757_1">
<fid>47454-11757-i-30</fid>
<lfSpanFr gml:id="K2_4745411757_1-1">
<gml:timePosition>2020-06-30</gml:timePosition>
</lfSpanFr>
<devDate gml:id="K2_4745411757_1-2">
<gml:timePosition>2020-09-08</gml:timePosition>
</devDate>
<orgGILvl>25000</orgGILvl>
<vis>表示</vis>
<pos>
<gml:Point gml:id="K2_4745411757_1-g" srsName="fguuid:jgd2011.bl">
<gml:pos>32.658459444 131.816861944</gml:pos>
</gml:Point>
</pos>
<type>標高点（測点）</type>
<alti>128</alti>
</ElevPt>
<ElevPt gml:id="K2_4745711757_1">
<fid>47457-11757-i-69</fid>
<lfSpanFr gml:id="K2_4745711757_1-1">
<gml:timePosition>2020-06-30</gml:timePosition>
</lfSpanFr>
<devDate gml:id="K2_4745711757_1-2">
<gml:timePosition>2020-09-08</gml:timePosition>
</devDate>
<orgGILvl>25000</orgGILvl>
<vis>表示</vis>
<pos>
<gml:Point gml:id="K2_4745711757_1-g" srsName="fguuid:jgd2011.bl">
<gml:pos>32.659085000 131.827789444</gml:pos>
</gml:Point>
</pos>
<type>標高点（測点）</type>
<alti>125</alti>
</ElevPt>
</Dataset>
