<?xml version="1.0" encoding="utf-8"?>
<Dataset xsi:schemaLocation="http://fgd.gsi.go.jp/spec/2008/FGD_GMLSchema FGD_GMLSchema.xsd"
	xmlns:gml="http://www.opengis.net/gml/3.2"
	xmlns:xsi="http://www.w3.org/2001/XMLSchema-instance"
	xmlns:xlink="http://www.w3.org/1999/xlink"
	xmlns="http://fgd.gsi.go.jp/spec/2008/FGD_GMLSchema"
	gml:id="Dataset1">
  <gml:description>基盤地図情報メタデータ ID=fmdid:21-0701</gml:description>
  <gml:name>基盤地図情報ダウンロードデータ（GML版）</gml:name>
<AdmPt gml:id="K6_4694112093_1">
<fid>46941-12093-i-5744</fid>
<lfSpanFr gml:id="K6_4694112093_1-1">
<gml:timePosition>2021-07-01</gml:timePosition>
</lfSpanFr>
<devDate gml:id="K6_4694112093_1-2">
<gml:timePosition>2021-07-01</gml:timePosition>
</devDate>
<orgGILvl>25000</orgGILvl>
<vis>非表示</vis>
<pos>
<gml:Point gml:id="K6_4694112093_1-g" srsName="fguuid:jgd2011.bl">
<gml:pos>33.595749926 130.395275374</gml:pos>
</gml:Point>
</pos>
<type>町村・指定都市の区</type>
<name>福岡市中央区</name>
<admCode>40133</admCode>
</AdmPt>
<AdmPt gml:id="K6_4695312093_1">
<fid>46953-12093-i-8534</fid>
<lfSpanFr gml:id="K6_4695312093_1-1">
<gml:timePosition>2020-10-29</gml:timePosition>
</lfSpanFr>
<devDate gml:id="K6_4695312093_1-2">
<gml:timePosition>2021-07-01</gml:timePosition>
</devDate>
<orgGILvl>25000</orgGILvl>
<vis>非表示</vis>
<pos>
<gml:Point gml:id="K6_4695312093_1-g" srsName="fguuid:jgd2011.bl">
<gml:pos>33.598026283 130.427254269</gml:pos>
</gml:Point>
</pos>
<type>町村・指定都市の区</type>
<name>福岡市博多区</name>
<admCode>40132</admCode>
</AdmPt>
<AdmPt gml:id="K6_4695612108_1">
<fid>46956-12108-i-5786</fid>
<lfSpanFr gml:id="K6_4695612108_1-1">
<gml:timePosition>2020-10-29</gml:timePosition>
</lfSpanFr>
<devDate gml:id="K6_4695612108_1-2">
<gml:timePosition>2021-07-01</gml:timePosition>
</devDate>
<orgGILvl>25000</orgGILvl>
<vis>非表示</vis>
<pos>
<gml:Point gml:id="K6_4695612108_1-g" srsName="fguuid:jgd2011.bl">
<gml:pos>33.636547160 130.438454789</gml:pos>
</gml:Point>
</pos>
<type>町村・指定都市の区</type>
<name>福岡市東区</name>
<admCode>40131</admCode>
</AdmPt>
<AdmPt gml:id="K6_4696812093_1">
<fid>46968-12093-i-2246</fid>
<lfSpanFr gml:id="K6_4696812093_1-1">
<gml:timePosition>2020-10-29</gml:timePosition>
</lfSpanFr>
<devDate gml:id="K6_4696812093_1-2">
<gml:timePosition>2021-07-01</gml:timePosition>
</devDate>
<orgGILvl>25000</orgGILvl>
<vis>非表示</vis>
<pos>
<gml:Point gml:id="K6_4696812093_1-g" srsName="fguuid:jgd2011.bl">
<gml:pos>33.596658783 130.468276583</gml:pos>
</gml:Point>
</pos>
<type>町村・指定都市の区</type>
<name>志免町</name>
<admCode>40343</admCode>
</AdmPt>
<AdmPt gml:id="K6_4696812099_1">
<fid>46968-12099-i-2573</fid>
<lfSpanFr gml:id="K6_4696812099_1-1">
<gml:timePosition>2020-10-29</gml:timePosition>
</lfSpanFr>
<devDate gml:id="K6_4696812099_1-2">
<gml:timePosition>2021-07-01</gml:timePosition>
</devDate>
<orgGILvl>25000</orgGILvl>
<vis>非表示</vis>
<pos>
<gml:Point gml:id="K6_4696812099_1-g" srsName="fguuid:jgd2011.bl">
<gml:pos>33.614996525 130.470369697</gml:pos>
</gml:Point>
</pos>
<type>町村・指定都市の区</type>
<name>粕屋町</name>
<admCode>40349</admCode>
</AdmPt>
<AdmPt gml:id="K6_4697112099_1">
<fid>46971-12099-i-2149</fid>
<lfSpanFr gml:id="K6_4697112099_1-1">
<gml:timePosition>2020-10-29</gml:timePosition>
</lfSpanFr>
<devDate gml:id="K6_4697112099_1-2">
<gml:timePosition>2021-07-01</gml:timePosition>
</devDate>
<orgGILvl>2500</orgGILvl>
<vis>表示</vis>
<pos>
<gml:Point gml:id="K6_4697112099_1-g" srsName="fguuid:jgd2011.bl">
<gml:pos>33.610773926 130.480411636</gml:pos>
</gml:Point>
</pos>
<type>町村・指定都市の区</type>
<name>粕屋町</name>
<admCode>40349</admCode>
</AdmPt>
<AdmPt gml:id="K6_4697712093_1">
<fid>46977-12093-i-2723</fid>
<lfSpanFr gml:id="K6_4697712093_1-1">
<gml:timePosition>2020-10-29</gml:timePosition>
</lfSpanFr>
<devDate gml:id="K6_4697712093_1-2">
<gml:timePosition>2021-07-01</gml:timePosition>
</devDate>
<orgGILvl>25000</orgGILvl>
<vis>非表示</vis>
<pos>
<gml:Point gml:id="K6_4697712093_1-g" srsName="fguuid:jgd2011.bl">
<gml:pos>33.599362402 130.495073556</gml:pos>
</gml:Point>
</pos>
<type>町村・指定都市の区</type>
<name>須恵町</name>
<admCode>40344</admCode>
</AdmPt>
<AdmPt gml:id="K6_4697712102_1">
<fid>46977-12102-i-1658</fid>
<lfSpanFr gml:id="K6_4697712102_1-1">
<gml:timePosition>2020-10-29</gml:timePosition>
</lfSpanFr>
<devDate gml:id="K6_4697712102_1-2">
<gml:timePosition>2021-07-01</gml:timePosition>
</devDate>
<orgGILvl>25000</orgGILvl>
<vis>非表示</vis>
<pos>
<gml:Point gml:id="K6_4697712102_1-g" srsName="fguuid:jgd2011.bl">
<gml:pos>33.620119417 130.499638539</gml:pos>
</gml:Point>
</pos>
<type>町村・指定都市の区</type>
<name>篠栗町</name>
<admCode>40342</admCode>
</AdmPt>
<AdmPt gml:id="K6_4697712105_1">
<fid>46977-12105-i-2973</fid>
<lfSpanFr gml:id="K6_4697712105_1-1">
<gml:timePosition>2020-10-29</gml:timePosition>
</lfSpanFr>
<devDate gml:id="K6_4697712105_1-2">
<gml:timePosition>2021-07-01</gml:timePosition>
</devDate>
<orgGILvl>25000</orgGILvl>
<vis>非表示</vis>
<pos>
<gml:Point gml:id="K6_4697712105_1-g" srsName="fguuid:jgd2011.bl">
<gml:pos>33.630580899 130.498317102</gml:pos>
</gml:Point>
</pos>
<type>町村・指定都市の区</type>
<name>篠栗町</name>
<admCode>40342</admCode>
</AdmPt>
<AdmPt gml:id="K6_4697712114_1">
<fid>46977-12114-i-1371</fid>
<lfSpanFr gml:id="K6_4697712114_1-1">
<gml:timePosition>2014-11-14</gml:timePosition>
</lfSpanFr>
<devDate gml:id="K6_4697712114_1-2">
<gml:timePosition>2021-07-01</gml:timePosition>
</devDate>
<orgGILvl>25000</orgGILvl>
<vis>非表示</vis>
<pos>
<gml:Point gml:id="K6_4697712114_1-g" srsName="fguuid:jgd2011.bl">
<gml:pos>33.650526554 130.492734619</gml:pos>
</gml:Point>
</pos>
<type>町村・指定都市の区</type>
<name>久山町</name>
<admCode>40348</admCode>
</AdmPt>
</Dataset>
