<?xml version="1.0" encoding="utf-8"?>
<Dataset xsi:schemaLocation="http://fgd.gsi.go.jp/spec/2008/FGD_GMLSchema FGD_GMLSchema.xsd"
	xmlns:gml="http://www.opengis.net/gml/3.2"
	xmlns:xsi="http://www.w3.org/2001/XMLSchema-instance"
	xmlns:xlink="http://www.w3.org/1999/xlink"
	xmlns="http://fgd.gsi.go.jp/spec/2008/FGD_GMLSchema"
	gml:id="Dataset1">
  <gml:description>基盤地図情報メタデータ ID=fmdid:21-0701</gml:description>
  <gml:name>基盤地図情報ダウンロードデータ（GML版）</gml:name>
<ElevPt gml:id="K2_4693512090_1">
<fid>46935-12090-i-5618</fid>
<lfSpanFr gml:id="K2_4693512090_1-1">
<gml:timePosition>2020-10-29</gml:timePosition>
</lfSpanFr>
<devDate gml:id="K2_4693512090_1-2">
<gml:timePosition>2021-07-01</gml:timePosition>
</devDate>
<orgGILvl>25000</orgGILvl>
<vis>表示</vis>
<pos>
<gml:Point gml:id="K2_4693512090_1-g" srsName="fguuid:jgd2011.bl">
<gml:pos>33.584848611 130.381661111</gml:pos>
</gml:Point>
</pos>
<type>標高点（測点）</type>
<alti>6</alti>
</ElevPt>
<ElevPt gml:id="K2_4693512093_1">
<fid>46935-12093-i-4285</fid>
<lfSpanFr gml:id="K2_4693512093_1-1">
<gml:timePosition>2020-10-29</gml:timePosition>
</lfSpanFr>
<devDate gml:id="K2_4693512093_1-2">
<gml:timePosition>2021-07-01</gml:timePosition>
</devDate>
<orgGILvl>25000</orgGILvl>
<vis>表示</vis>
<pos>
<gml:Point gml:id="K2_4693512093_1-g" srsName="fguuid:jgd2011.bl">
<gml:pos>33.592494772 130.379161678</gml:pos>
</gml:Point>
</pos>
<type>標高点（測点）</type>
<alti>2</alti>
</ElevPt>
<ElevPt gml:id="K2_4693512096_1">
<fid>46935-12096-i-1111</fid>
<lfSpanFr gml:id="K2_4693512096_1-1">
<gml:timePosition>2020-10-29</gml:timePosition>
</lfSpanFr>
<devDate gml:id="K2_4693512096_1-2">
<gml:timePosition>2021-07-01</gml:timePosition>
</devDate>
<orgGILvl>25000</orgGILvl>
<vis>表示</vis>
<pos>
<gml:Point gml:id="K2_4693512096_1-g" srsName="fguuid:jgd2011.bl">
<gml:pos>33.602857584 130.379031484</gml:pos>
</gml:Point>
</pos>
<type>標高点（測点）</type>
<alti>2</alti>
</ElevPt>
<ElevPt gml:id="K2_4693512096_2">
<fid>46935-12096-i-1112</fid>
<lfSpanFr gml:id="K2_4693512096_2-1">
<gml:timePosition>2020-10-29</gml:timePosition>
</lfSpanFr>
<devDate gml:id="K2_4693512096_2-2">
<gml:timePosition>2021-07-01</gml:timePosition>
</devDate>
<orgGILvl>25000</orgGILvl>
<vis>表示</vis>
<pos>
<gml:Point gml:id="K2_4693512096_2-g" srsName="fguuid:jgd2011.bl">
<gml:pos>33.604910333 130.375056417</gml:pos>
</gml:Point>
</pos>
<type>標高点（測点）</type>
<alti>2</alti>
</ElevPt>
<ElevPt gml:id="K2_4693812090_1">
<fid>46938-12090-i-7373</fid>
<lfSpanFr gml:id="K2_4693812090_1-1">
<gml:timePosition>2020-10-29</gml:timePosition>
</lfSpanFr>
<devDate gml:id="K2_4693812090_1-2">
<gml:timePosition>2021-07-01</gml:timePosition>
</devDate>
<orgGILvl>25000</orgGILvl>
<vis>表示</vis>
<pos>
<gml:Point gml:id="K2_4693812090_1-g" srsName="fguuid:jgd2011.bl">
<gml:pos>33.590191793 130.390212126</gml:pos>
</gml:Point>
</pos>
<type>標高点（測点）</type>
<alti>3</alti>
</ElevPt>
<ElevPt gml:id="K2_4693812090_2">
<fid>46938-12090-i-7374</fid>
<lfSpanFr gml:id="K2_4693812090_2-1">
<gml:timePosition>2020-10-29</gml:timePosition>
</lfSpanFr>
<devDate gml:id="K2_4693812090_2-2">
<gml:timePosition>2021-07-01</gml:timePosition>
</devDate>
<orgGILvl>25000</orgGILvl>
<vis>表示</vis>
<pos>
<gml:Point gml:id="K2_4693812090_2-g" srsName="fguuid:jgd2011.bl">
<gml:pos>33.584757778 130.390137761</gml:pos>
</gml:Point>
</pos>
<type>標高点（測点）</type>
<alti>4</alti>
</ElevPt>
<ElevPt gml:id="K2_4693812096_1">
<fid>46938-12096-i-1709</fid>
<lfSpanFr gml:id="K2_4693812096_1-1">
<gml:timePosition>2020-10-29</gml:timePosition>
</lfSpanFr>
<devDate gml:id="K2_4693812096_1-2">
<gml:timePosition>2021-07-01</gml:timePosition>
</devDate>
<orgGILvl>25000</orgGILvl>
<vis>表示</vis>
<pos>
<gml:Point gml:id="K2_4693812096_1-g" srsName="fguuid:jgd2011.bl">
<gml:pos>33.607419639 130.384880444</gml:pos>
</gml:Point>
</pos>
<type>標高点（測点）</type>
<alti>2</alti>
</ElevPt>
<ElevPt gml:id="K2_4693812096_2">
<fid>46938-12096-i-1710</fid>
<lfSpanFr gml:id="K2_4693812096_2-1">
<gml:timePosition>2020-10-29</gml:timePosition>
</lfSpanFr>
<devDate gml:id="K2_4693812096_2-2">
<gml:timePosition>2021-07-01</gml:timePosition>
</devDate>
<orgGILvl>25000</orgGILvl>
<vis>表示</vis>
<pos>
<gml:Point gml:id="K2_4693812096_2-g" srsName="fguuid:jgd2011.bl">
<gml:pos>33.602756002 130.390735392</gml:pos>
</gml:Point>
</pos>
<type>標高点（測点）</type>
<alti>2</alti>
</ElevPt>
<ElevPt gml:id="K2_4694112093_1">
<fid>46941-12093-i-4505</fid>
<lfSpanFr gml:id="K2_4694112093_1-1">
<gml:timePosition>2020-10-29</gml:timePosition>
</lfSpanFr>
<devDate gml:id="K2_4694112093_1-2">
<gml:timePosition>2021-07-01</gml:timePosition>
</devDate>
<orgGILvl>25000</orgGILvl>
<vis>表示</vis>
<pos>
<gml:Point gml:id="K2_4694112093_1-g" srsName="fguuid:jgd2011.bl">
<gml:pos>33.597157750 130.394325611</gml:pos>
</gml:Point>
</pos>
<type>標高点（測点）</type>
<alti>2</alti>
</ElevPt>
<ElevPt gml:id="K2_4694412096_1">
<fid>46944-12096-i-4321</fid>
<lfSpanFr gml:id="K2_4694412096_1-1">
<gml:timePosition>2020-10-29</gml:timePosition>
</lfSpanFr>
<devDate gml:id="K2_4694412096_1-2">
<gml:timePosition>2021-07-01</gml:timePosition>
</devDate>
<orgGILvl>25000</orgGILvl>
<vis>表示</vis>
<pos>
<gml:Point gml:id="K2_4694412096_1-g" srsName="fguuid:jgd2011.bl">
<gml:pos>33.602707056 130.404039917</gml:pos>
</gml:Point>
</pos>
<type>標高点（測点）</type>
<alti>2</alti>
</ElevPt>
<ElevPt gml:id="K2_4694412099_1">
<fid>46944-12099-i-1325</fid>
<lfSpanFr gml:id="K2_4694412099_1-1">
<gml:timePosition>2020-10-29</gml:timePosition>
</lfSpanFr>
<devDate gml:id="K2_4694412099_1-2">
<gml:timePosition>2021-07-01</gml:timePosition>
</devDate>
<orgGILvl>25000</orgGILvl>
<pos>
<gml:Point gml:id="K2_4694412099_1-g" srsName="fguuid:jgd2011.bl">
<gml:pos>33.609657044 130.400507456</gml:pos>
</gml:Point>
</pos>
<type>標高点（測点）</type>
<alti>1</alti>
</ElevPt>
<ElevPt gml:id="K2_4694412102_1">
<fid>46944-12102-i-511</fid>
<lfSpanFr gml:id="K2_4694412102_1-1">
<gml:timePosition>2020-10-29</gml:timePosition>
</lfSpanFr>
<devDate gml:id="K2_4694412102_1-2">
<gml:timePosition>2021-07-01</gml:timePosition>
</devDate>
<orgGILvl>25000</orgGILvl>
<vis>表示</vis>
<pos>
<gml:Point gml:id="K2_4694412102_1-g" srsName="fguuid:jgd2011.bl">
<gml:pos>33.617378707 130.408299376</gml:pos>
</gml:Point>
</pos>
<type>標高点（測点）</type>
<alti>2</alti>
</ElevPt>
<ElevPt gml:id="K2_4694412114_1">
<fid>46944-12114-i-53</fid>
<lfSpanFr gml:id="K2_4694412114_1-1">
<gml:timePosition>2020-10-29</gml:timePosition>
</lfSpanFr>
<devDate gml:id="K2_4694412114_1-2">
<gml:timePosition>2021-07-01</gml:timePosition>
</devDate>
<orgGILvl>25000</orgGILvl>
<vis>表示</vis>
<pos>
<gml:Point gml:id="K2_4694412114_1-g" srsName="fguuid:jgd2011.bl">
<gml:pos>33.651796389 130.405429722</gml:pos>
</gml:Point>
</pos>
<type>標高点（測点）</type>
<alti>2</alti>
</ElevPt>
<ElevPt gml:id="K2_4694712090_1">
<fid>46947-12090-i-8313</fid>
<lfSpanFr gml:id="K2_4694712090_1-1">
<gml:timePosition>2020-10-29</gml:timePosition>
</lfSpanFr>
<devDate gml:id="K2_4694712090_1-2">
<gml:timePosition>2021-07-01</gml:timePosition>
</devDate>
<orgGILvl>25000</orgGILvl>
<vis>表示</vis>
<pos>
<gml:Point gml:id="K2_4694712090_1-g" srsName="fguuid:jgd2011.bl">
<gml:pos>33.585674382 130.415506367</gml:pos>
</gml:Point>
</pos>
<type>標高点（測点）</type>
<alti>5</alti>
</ElevPt>
<ElevPt gml:id="K2_4694712090_2">
<fid>46947-12090-i-8314</fid>
<lfSpanFr gml:id="K2_4694712090_2-1">
<gml:timePosition>2020-10-29</gml:timePosition>
</lfSpanFr>
<devDate gml:id="K2_4694712090_2-2">
<gml:timePosition>2021-07-01</gml:timePosition>
</devDate>
<orgGILvl>25000</orgGILvl>
<vis>表示</vis>
<pos>
<gml:Point gml:id="K2_4694712090_2-g" srsName="fguuid:jgd2011.bl">
<gml:pos>33.588641250 130.412418528</gml:pos>
</gml:Point>
</pos>
<type>標高点（測点）</type>
<alti>3</alti>
</ElevPt>
<ElevPt gml:id="K2_4694712099_1">
<fid>46947-12099-i-2991</fid>
<lfSpanFr gml:id="K2_4694712099_1-1">
<gml:timePosition>2020-10-29</gml:timePosition>
</lfSpanFr>
<devDate gml:id="K2_4694712099_1-2">
<gml:timePosition>2021-07-01</gml:timePosition>
</devDate>
<orgGILvl>25000</orgGILvl>
<vis>表示</vis>
<pos>
<gml:Point gml:id="K2_4694712099_1-g" srsName="fguuid:jgd2011.bl">
<gml:pos>33.610933556 130.408454056</gml:pos>
</gml:Point>
</pos>
<type>標高点（測点）</type>
<alti>3</alti>
</ElevPt>
<ElevPt gml:id="K2_4694712102_1">
<fid>46947-12102-i-2493</fid>
<lfSpanFr gml:id="K2_4694712102_1-1">
<gml:timePosition>2020-10-29</gml:timePosition>
</lfSpanFr>
<devDate gml:id="K2_4694712102_1-2">
<gml:timePosition>2021-07-01</gml:timePosition>
</devDate>
<orgGILvl>25000</orgGILvl>
<vis>表示</vis>
<pos>
<gml:Point gml:id="K2_4694712102_1-g" srsName="fguuid:jgd2011.bl">
<gml:pos>33.620578183 130.412407128</gml:pos>
</gml:Point>
</pos>
<type>標高点（測点）</type>
<alti>2</alti>
</ElevPt>
<ElevPt gml:id="K2_4694712102_2">
<fid>46947-12102-i-2494</fid>
<lfSpanFr gml:id="K2_4694712102_2-1">
<gml:timePosition>2020-10-29</gml:timePosition>
</lfSpanFr>
<devDate gml:id="K2_4694712102_2-2">
<gml:timePosition>2021-07-01</gml:timePosition>
</devDate>
<orgGILvl>25000</orgGILvl>
<vis>表示</vis>
<pos>
<gml:Point gml:id="K2_4694712102_2-g" srsName="fguuid:jgd2011.bl">
<gml:pos>33.624784291 130.409551244</gml:pos>
</gml:Point>
</pos>
<type>標高点（測点）</type>
<alti>3</alti>
</ElevPt>
<ElevPt gml:id="K2_4694712105_1">
<fid>46947-12105-i-1113</fid>
<lfSpanFr gml:id="K2_4694712105_1-1">
<gml:timePosition>2020-10-29</gml:timePosition>
</lfSpanFr>
<devDate gml:id="K2_4694712105_1-2">
<gml:timePosition>2021-07-01</gml:timePosition>
</devDate>
<orgGILvl>25000</orgGILvl>
<vis>表示</vis>
<pos>
<gml:Point gml:id="K2_4694712105_1-g" srsName="fguuid:jgd2011.bl">
<gml:pos>33.631401241 130.415226118</gml:pos>
</gml:Point>
</pos>
<type>標高点（測点）</type>
<alti>2</alti>
</ElevPt>
<ElevPt gml:id="K2_4694712108_1">
<fid>46947-12108-i-1184</fid>
<lfSpanFr gml:id="K2_4694712108_1-1">
<gml:timePosition>2020-10-29</gml:timePosition>
</lfSpanFr>
<devDate gml:id="K2_4694712108_1-2">
<gml:timePosition>2021-07-01</gml:timePosition>
</devDate>
<orgGILvl>25000</orgGILvl>
<vis>表示</vis>
<pos>
<gml:Point gml:id="K2_4694712108_1-g" srsName="fguuid:jgd2011.bl">
<gml:pos>33.637715722 130.408671722</gml:pos>
</gml:Point>
</pos>
<type>標高点（測点）</type>
<alti>2</alti>
</ElevPt>
<ElevPt gml:id="K2_4694712114_1">
<fid>46947-12114-i-243</fid>
<lfSpanFr gml:id="K2_4694712114_1-1">
<gml:timePosition>2020-10-29</gml:timePosition>
</lfSpanFr>
<devDate gml:id="K2_4694712114_1-2">
<gml:timePosition>2021-07-01</gml:timePosition>
</devDate>
<orgGILvl>25000</orgGILvl>
<vis>表示</vis>
<pos>
<gml:Point gml:id="K2_4694712114_1-g" srsName="fguuid:jgd2011.bl">
<gml:pos>33.651692117 130.412724761</gml:pos>
</gml:Point>
</pos>
<type>標高点（測点）</type>
<alti>3</alti>
</ElevPt>
<ElevPt gml:id="K2_4695012099_1">
<fid>46950-12099-i-6841</fid>
<lfSpanFr gml:id="K2_4695012099_1-1">
<gml:timePosition>2020-10-29</gml:timePosition>
</lfSpanFr>
<devDate gml:id="K2_4695012099_1-2">
<gml:timePosition>2021-07-01</gml:timePosition>
</devDate>
<orgGILvl>25000</orgGILvl>
<vis>表示</vis>
<pos>
<gml:Point gml:id="K2_4695012099_1-g" srsName="fguuid:jgd2011.bl">
<gml:pos>33.612598902 130.423039143</gml:pos>
</gml:Point>
</pos>
<type>標高点（測点）</type>
<alti>4</alti>
</ElevPt>
<ElevPt gml:id="K2_4695012111_1">
<fid>46950-12111-i-3653</fid>
<lfSpanFr gml:id="K2_4695012111_1-1">
<gml:timePosition>2020-10-29</gml:timePosition>
</lfSpanFr>
<devDate gml:id="K2_4695012111_1-2">
<gml:timePosition>2021-07-01</gml:timePosition>
</devDate>
<orgGILvl>25000</orgGILvl>
<vis>非表示</vis>
<pos>
<gml:Point gml:id="K2_4695012111_1-g" srsName="fguuid:jgd2011.bl">
<gml:pos>33.645881778 130.423101861</gml:pos>
</gml:Point>
</pos>
<type>標高点（測点）</type>
<alti>26</alti>
</ElevPt>
<ElevPt gml:id="K2_4695312090_1">
<fid>46953-12090-i-6325</fid>
<lfSpanFr gml:id="K2_4695312090_1-1">
<gml:timePosition>2020-10-29</gml:timePosition>
</lfSpanFr>
<devDate gml:id="K2_4695312090_1-2">
<gml:timePosition>2021-07-01</gml:timePosition>
</devDate>
<orgGILvl>25000</orgGILvl>
<vis>表示</vis>
<pos>
<gml:Point gml:id="K2_4695312090_1-g" srsName="fguuid:jgd2011.bl">
<gml:pos>33.584556273 130.426476428</gml:pos>
</gml:Point>
</pos>
<type>標高点（測点）</type>
<alti>5</alti>
</ElevPt>
<ElevPt gml:id="K2_4695312096_1">
<fid>46953-12096-i-3341</fid>
<lfSpanFr gml:id="K2_4695312096_1-1">
<gml:timePosition>2020-10-29</gml:timePosition>
</lfSpanFr>
<devDate gml:id="K2_4695312096_1-2">
<gml:timePosition>2021-07-01</gml:timePosition>
</devDate>
<orgGILvl>25000</orgGILvl>
<vis>表示</vis>
<pos>
<gml:Point gml:id="K2_4695312096_1-g" srsName="fguuid:jgd2011.bl">
<gml:pos>33.605524694 130.426052167</gml:pos>
</gml:Point>
</pos>
<type>標高点（測点）</type>
<alti>4</alti>
</ElevPt>
<ElevPt gml:id="K2_4695312096_2">
<fid>46953-12096-i-4744</fid>
<lfSpanFr gml:id="K2_4695312096_2-1">
<gml:timePosition>2020-10-29</gml:timePosition>
</lfSpanFr>
<devDate gml:id="K2_4695312096_2-2">
<gml:timePosition>2021-07-01</gml:timePosition>
</devDate>
<orgGILvl>25000</orgGILvl>
<vis>表示</vis>
<pos>
<gml:Point gml:id="K2_4695312096_2-g" srsName="fguuid:jgd2011.bl">
<gml:pos>33.600264139 130.427294028</gml:pos>
</gml:Point>
</pos>
<type>標高点（測点）</type>
<alti>4</alti>
</ElevPt>
<ElevPt gml:id="K2_4695312102_1">
<fid>46953-12102-i-4977</fid>
<lfSpanFr gml:id="K2_4695312102_1-1">
<gml:timePosition>2020-10-29</gml:timePosition>
</lfSpanFr>
<devDate gml:id="K2_4695312102_1-2">
<gml:timePosition>2021-07-01</gml:timePosition>
</devDate>
<orgGILvl>25000</orgGILvl>
<vis>表示</vis>
<pos>
<gml:Point gml:id="K2_4695312102_1-g" srsName="fguuid:jgd2011.bl">
<gml:pos>33.616840278 130.426811056</gml:pos>
</gml:Point>
</pos>
<type>標高点（測点）</type>
<alti>3</alti>
</ElevPt>
<ElevPt gml:id="K2_4695312105_1">
<fid>46953-12105-i-2263</fid>
<lfSpanFr gml:id="K2_4695312105_1-1">
<gml:timePosition>2020-10-29</gml:timePosition>
</lfSpanFr>
<devDate gml:id="K2_4695312105_1-2">
<gml:timePosition>2021-07-01</gml:timePosition>
</devDate>
<orgGILvl>25000</orgGILvl>
<vis>表示</vis>
<pos>
<gml:Point gml:id="K2_4695312105_1-g" srsName="fguuid:jgd2011.bl">
<gml:pos>33.632346556 130.428001472</gml:pos>
</gml:Point>
</pos>
<type>標高点（測点）</type>
<alti>2</alti>
</ElevPt>
<ElevPt gml:id="K2_4695312117_1">
<fid>46953-12117-i-2161</fid>
<lfSpanFr gml:id="K2_4695312117_1-1">
<gml:timePosition>2020-10-29</gml:timePosition>
</lfSpanFr>
<devDate gml:id="K2_4695312117_1-2">
<gml:timePosition>2021-07-01</gml:timePosition>
</devDate>
<orgGILvl>25000</orgGILvl>
<vis>表示</vis>
<pos>
<gml:Point gml:id="K2_4695312117_1-g" srsName="fguuid:jgd2011.bl">
<gml:pos>33.659478250 130.427115694</gml:pos>
</gml:Point>
</pos>
<type>標高点（測点）</type>
<alti>2</alti>
</ElevPt>
<ElevPt gml:id="K2_4695612090_1">
<fid>46956-12090-i-4638</fid>
<lfSpanFr gml:id="K2_4695612090_1-1">
<gml:timePosition>2020-10-29</gml:timePosition>
</lfSpanFr>
<devDate gml:id="K2_4695612090_1-2">
<gml:timePosition>2021-07-01</gml:timePosition>
</devDate>
<orgGILvl>25000</orgGILvl>
<vis>表示</vis>
<pos>
<gml:Point gml:id="K2_4695612090_1-g" srsName="fguuid:jgd2011.bl">
<gml:pos>33.585407444 130.438170639</gml:pos>
</gml:Point>
</pos>
<type>標高点（測点）</type>
<alti>6</alti>
</ElevPt>
<ElevPt gml:id="K2_4695612093_1">
<fid>46956-12093-i-2326</fid>
<lfSpanFr gml:id="K2_4695612093_1-1">
<gml:timePosition>2020-10-29</gml:timePosition>
</lfSpanFr>
<devDate gml:id="K2_4695612093_1-2">
<gml:timePosition>2021-07-01</gml:timePosition>
</devDate>
<orgGILvl>25000</orgGILvl>
<vis>表示</vis>
<pos>
<gml:Point gml:id="K2_4695612093_1-g" srsName="fguuid:jgd2011.bl">
<gml:pos>33.599629294 130.436756548</gml:pos>
</gml:Point>
</pos>
<type>標高点（測点）</type>
<alti>5</alti>
</ElevPt>
<ElevPt gml:id="K2_4695612093_2">
<fid>46956-12093-i-2327</fid>
<lfSpanFr gml:id="K2_4695612093_2-1">
<gml:timePosition>2020-10-29</gml:timePosition>
</lfSpanFr>
<devDate gml:id="K2_4695612093_2-2">
<gml:timePosition>2021-07-01</gml:timePosition>
</devDate>
<orgGILvl>25000</orgGILvl>
<vis>表示</vis>
<pos>
<gml:Point gml:id="K2_4695612093_2-g" srsName="fguuid:jgd2011.bl">
<gml:pos>33.591894135 130.437968624</gml:pos>
</gml:Point>
</pos>
<type>標高点（測点）</type>
<alti>4</alti>
</ElevPt>
<ElevPt gml:id="K2_4695612096_1">
<fid>46956-12096-i-3888</fid>
<lfSpanFr gml:id="K2_4695612096_1-1">
<gml:timePosition>2020-10-29</gml:timePosition>
</lfSpanFr>
<devDate gml:id="K2_4695612096_1-2">
<gml:timePosition>2021-07-01</gml:timePosition>
</devDate>
<orgGILvl>25000</orgGILvl>
<vis>表示</vis>
<pos>
<gml:Point gml:id="K2_4695612096_1-g" srsName="fguuid:jgd2011.bl">
<gml:pos>33.607432222 130.434236389</gml:pos>
</gml:Point>
</pos>
<type>標高点（測点）</type>
<alti>4</alti>
</ElevPt>
<ElevPt gml:id="K2_4695612099_1">
<fid>46956-12099-i-4427</fid>
<lfSpanFr gml:id="K2_4695612099_1-1">
<gml:timePosition>2020-10-29</gml:timePosition>
</lfSpanFr>
<devDate gml:id="K2_4695612099_1-2">
<gml:timePosition>2021-07-01</gml:timePosition>
</devDate>
<orgGILvl>25000</orgGILvl>
<vis>表示</vis>
<pos>
<gml:Point gml:id="K2_4695612099_1-g" srsName="fguuid:jgd2011.bl">
<gml:pos>33.613713136 130.435007194</gml:pos>
</gml:Point>
</pos>
<type>標高点（測点）</type>
<alti>4</alti>
</ElevPt>
<ElevPt gml:id="K2_4695612102_1">
<fid>46956-12102-i-3834</fid>
<lfSpanFr gml:id="K2_4695612102_1-1">
<gml:timePosition>2020-10-29</gml:timePosition>
</lfSpanFr>
<devDate gml:id="K2_4695612102_1-2">
<gml:timePosition>2021-07-01</gml:timePosition>
</devDate>
<orgGILvl>25000</orgGILvl>
<vis>表示</vis>
<pos>
<gml:Point gml:id="K2_4695612102_1-g" srsName="fguuid:jgd2011.bl">
<gml:pos>33.618718167 130.433563528</gml:pos>
</gml:Point>
</pos>
<type>標高点（測点）</type>
<alti>3</alti>
</ElevPt>
<ElevPt gml:id="K2_4695612102_2">
<fid>46956-12102-i-3835</fid>
<lfSpanFr gml:id="K2_4695612102_2-1">
<gml:timePosition>2020-10-29</gml:timePosition>
</lfSpanFr>
<devDate gml:id="K2_4695612102_2-2">
<gml:timePosition>2021-07-01</gml:timePosition>
</devDate>
<orgGILvl>25000</orgGILvl>
<vis>非表示</vis>
<pos>
<gml:Point gml:id="K2_4695612102_2-g" srsName="fguuid:jgd2011.bl">
<gml:pos>33.622267222 130.437373333</gml:pos>
</gml:Point>
</pos>
<type>標高点（測点）</type>
<alti>3</alti>
</ElevPt>
<ElevPt gml:id="K2_4695612105_1">
<fid>46956-12105-i-2508</fid>
<lfSpanFr gml:id="K2_4695612105_1-1">
<gml:timePosition>2020-10-29</gml:timePosition>
</lfSpanFr>
<devDate gml:id="K2_4695612105_1-2">
<gml:timePosition>2021-07-01</gml:timePosition>
</devDate>
<orgGILvl>25000</orgGILvl>
<vis>表示</vis>
<pos>
<gml:Point gml:id="K2_4695612105_1-g" srsName="fguuid:jgd2011.bl">
<gml:pos>33.630269444 130.435596111</gml:pos>
</gml:Point>
</pos>
<type>標高点（測点）</type>
<alti>2</alti>
</ElevPt>
<ElevPt gml:id="K2_4695612111_1">
<fid>46956-12111-i-3890</fid>
<lfSpanFr gml:id="K2_4695612111_1-1">
<gml:timePosition>2020-10-29</gml:timePosition>
</lfSpanFr>
<devDate gml:id="K2_4695612111_1-2">
<gml:timePosition>2021-07-01</gml:timePosition>
</devDate>
<orgGILvl>25000</orgGILvl>
<vis>表示</vis>
<pos>
<gml:Point gml:id="K2_4695612111_1-g" srsName="fguuid:jgd2011.bl">
<gml:pos>33.643795833 130.437739444</gml:pos>
</gml:Point>
</pos>
<type>標高点（測点）</type>
<alti>16</alti>
</ElevPt>
<ElevPt gml:id="K2_4695612111_2">
<fid>46956-12111-i-5393</fid>
<lfSpanFr gml:id="K2_4695612111_2-1">
<gml:timePosition>2020-10-29</gml:timePosition>
</lfSpanFr>
<devDate gml:id="K2_4695612111_2-2">
<gml:timePosition>2021-07-01</gml:timePosition>
</devDate>
<orgGILvl>25000</orgGILvl>
<vis>表示</vis>
<pos>
<gml:Point gml:id="K2_4695612111_2-g" srsName="fguuid:jgd2011.bl">
<gml:pos>33.648716417 130.436254361</gml:pos>
</gml:Point>
</pos>
<type>標高点（測点）</type>
<alti>2</alti>
</ElevPt>
<ElevPt gml:id="K2_4695612114_1">
<fid>46956-12114-i-4835</fid>
<lfSpanFr gml:id="K2_4695612114_1-1">
<gml:timePosition>2020-10-29</gml:timePosition>
</lfSpanFr>
<devDate gml:id="K2_4695612114_1-2">
<gml:timePosition>2021-07-01</gml:timePosition>
</devDate>
<orgGILvl>25000</orgGILvl>
<vis>表示</vis>
<pos>
<gml:Point gml:id="K2_4695612114_1-g" srsName="fguuid:jgd2011.bl">
<gml:pos>33.655795582 130.439898982</gml:pos>
</gml:Point>
</pos>
<type>標高点（測点）</type>
<alti>2</alti>
</ElevPt>
<ElevPt gml:id="K2_4695912090_1">
<fid>46959-12090-i-689</fid>
<lfSpanFr gml:id="K2_4695912090_1-1">
<gml:timePosition>2020-10-29</gml:timePosition>
</lfSpanFr>
<devDate gml:id="K2_4695912090_1-2">
<gml:timePosition>2021-07-01</gml:timePosition>
</devDate>
<orgGILvl>25000</orgGILvl>
<vis>表示</vis>
<pos>
<gml:Point gml:id="K2_4695912090_1-g" srsName="fguuid:jgd2011.bl">
<gml:pos>33.587722194 130.445743194</gml:pos>
</gml:Point>
</pos>
<type>標高点（測点）</type>
<alti>6</alti>
</ElevPt>
<ElevPt gml:id="K2_4695912099_1">
<fid>46959-12099-i-1272</fid>
<lfSpanFr gml:id="K2_4695912099_1-1">
<gml:timePosition>2020-10-29</gml:timePosition>
</lfSpanFr>
<devDate gml:id="K2_4695912099_1-2">
<gml:timePosition>2021-07-01</gml:timePosition>
</devDate>
<orgGILvl>25000</orgGILvl>
<vis>表示</vis>
<pos>
<gml:Point gml:id="K2_4695912099_1-g" srsName="fguuid:jgd2011.bl">
<gml:pos>33.615346778 130.443278553</gml:pos>
</gml:Point>
</pos>
<type>標高点（測点）</type>
<alti>4</alti>
</ElevPt>
<ElevPt gml:id="K2_4695912102_1">
<fid>46959-12102-i-4420</fid>
<lfSpanFr gml:id="K2_4695912102_1-1">
<gml:timePosition>2020-10-29</gml:timePosition>
</lfSpanFr>
<devDate gml:id="K2_4695912102_1-2">
<gml:timePosition>2021-07-01</gml:timePosition>
</devDate>
<orgGILvl>25000</orgGILvl>
<vis>表示</vis>
<pos>
<gml:Point gml:id="K2_4695912102_1-g" srsName="fguuid:jgd2011.bl">
<gml:pos>33.621748806 130.444490029</gml:pos>
</gml:Point>
</pos>
<type>標高点（測点）</type>
<alti>6</alti>
</ElevPt>
<ElevPt gml:id="K2_4695912105_1">
<fid>46959-12105-i-2897</fid>
<lfSpanFr gml:id="K2_4695912105_1-1">
<gml:timePosition>2020-10-29</gml:timePosition>
</lfSpanFr>
<devDate gml:id="K2_4695912105_1-2">
<gml:timePosition>2021-07-01</gml:timePosition>
</devDate>
<orgGILvl>25000</orgGILvl>
<vis>表示</vis>
<pos>
<gml:Point gml:id="K2_4695912105_1-g" srsName="fguuid:jgd2011.bl">
<gml:pos>33.629167250 130.447057139</gml:pos>
</gml:Point>
</pos>
<type>標高点（測点）</type>
<alti>6</alti>
</ElevPt>
<ElevPt gml:id="K2_4695912108_1">
<fid>46959-12108-i-5612</fid>
<lfSpanFr gml:id="K2_4695912108_1-1">
<gml:timePosition>2020-10-29</gml:timePosition>
</lfSpanFr>
<devDate gml:id="K2_4695912108_1-2">
<gml:timePosition>2021-07-01</gml:timePosition>
</devDate>
<orgGILvl>25000</orgGILvl>
<vis>表示</vis>
<pos>
<gml:Point gml:id="K2_4695912108_1-g" srsName="fguuid:jgd2011.bl">
<gml:pos>33.641630806 130.447247917</gml:pos>
</gml:Point>
</pos>
<type>標高点（測点）</type>
<alti>4</alti>
</ElevPt>
<ElevPt gml:id="K2_4695912114_1">
<fid>46959-12114-i-5454</fid>
<lfSpanFr gml:id="K2_4695912114_1-1">
<gml:timePosition>2020-10-29</gml:timePosition>
</lfSpanFr>
<devDate gml:id="K2_4695912114_1-2">
<gml:timePosition>2021-07-01</gml:timePosition>
</devDate>
<orgGILvl>25000</orgGILvl>
<vis>表示</vis>
<pos>
<gml:Point gml:id="K2_4695912114_1-g" srsName="fguuid:jgd2011.bl">
<gml:pos>33.653106667 130.445892222</gml:pos>
</gml:Point>
</pos>
<type>標高点（測点）</type>
<alti>59</alti>
</ElevPt>
<ElevPt gml:id="K2_4695912117_1">
<fid>46959-12117-i-4595</fid>
<lfSpanFr gml:id="K2_4695912117_1-1">
<gml:timePosition>2020-10-29</gml:timePosition>
</lfSpanFr>
<devDate gml:id="K2_4695912117_1-2">
<gml:timePosition>2021-07-01</gml:timePosition>
</devDate>
<orgGILvl>25000</orgGILvl>
<vis>表示</vis>
<pos>
<gml:Point gml:id="K2_4695912117_1-g" srsName="fguuid:jgd2011.bl">
<gml:pos>33.658809444 130.446627778</gml:pos>
</gml:Point>
</pos>
<type>標高点（測点）</type>
<alti>18</alti>
</ElevPt>
<ElevPt gml:id="K2_4695912117_2">
<fid>46959-12117-i-4596</fid>
<lfSpanFr gml:id="K2_4695912117_2-1">
<gml:timePosition>2020-10-29</gml:timePosition>
</lfSpanFr>
<devDate gml:id="K2_4695912117_2-2">
<gml:timePosition>2021-07-01</gml:timePosition>
</devDate>
<orgGILvl>25000</orgGILvl>
<vis>表示</vis>
<pos>
<gml:Point gml:id="K2_4695912117_2-g" srsName="fguuid:jgd2011.bl">
<gml:pos>33.662599444 130.449026667</gml:pos>
</gml:Point>
</pos>
<type>標高点（測点）</type>
<alti>26</alti>
</ElevPt>
<ElevPt gml:id="K2_4696212090_1">
<fid>46962-12090-i-1491</fid>
<lfSpanFr gml:id="K2_4696212090_1-1">
<gml:timePosition>2020-10-29</gml:timePosition>
</lfSpanFr>
<devDate gml:id="K2_4696212090_1-2">
<gml:timePosition>2021-07-01</gml:timePosition>
</devDate>
<orgGILvl>25000</orgGILvl>
<vis>表示</vis>
<pos>
<gml:Point gml:id="K2_4696212090_1-g" srsName="fguuid:jgd2011.bl">
<gml:pos>33.584393611 130.451732778</gml:pos>
</gml:Point>
</pos>
<type>標高点（測点）</type>
<alti>7</alti>
</ElevPt>
<ElevPt gml:id="K2_4696212093_1">
<fid>46962-12093-i-2267</fid>
<lfSpanFr gml:id="K2_4696212093_1-1">
<gml:timePosition>2020-10-29</gml:timePosition>
</lfSpanFr>
<devDate gml:id="K2_4696212093_1-2">
<gml:timePosition>2021-07-01</gml:timePosition>
</devDate>
<orgGILvl>25000</orgGILvl>
<vis>表示</vis>
<pos>
<gml:Point gml:id="K2_4696212093_1-g" srsName="fguuid:jgd2011.bl">
<gml:pos>33.597327222 130.451915000</gml:pos>
</gml:Point>
</pos>
<type>標高点（測点）</type>
<alti>34</alti>
</ElevPt>
<ElevPt gml:id="K2_4696212096_1">
<fid>46962-12096-i-1441</fid>
<lfSpanFr gml:id="K2_4696212096_1-1">
<gml:timePosition>2020-10-29</gml:timePosition>
</lfSpanFr>
<devDate gml:id="K2_4696212096_1-2">
<gml:timePosition>2021-07-01</gml:timePosition>
</devDate>
<orgGILvl>25000</orgGILvl>
<vis>表示</vis>
<pos>
<gml:Point gml:id="K2_4696212096_1-g" srsName="fguuid:jgd2011.bl">
<gml:pos>33.605286762 130.452673744</gml:pos>
</gml:Point>
</pos>
<type>標高点（測点）</type>
<alti>7</alti>
</ElevPt>
<ElevPt gml:id="K2_4696212099_1">
<fid>46962-12099-i-1376</fid>
<lfSpanFr gml:id="K2_4696212099_1-1">
<gml:timePosition>2020-10-29</gml:timePosition>
</lfSpanFr>
<devDate gml:id="K2_4696212099_1-2">
<gml:timePosition>2021-07-01</gml:timePosition>
</devDate>
<orgGILvl>25000</orgGILvl>
<vis>表示</vis>
<pos>
<gml:Point gml:id="K2_4696212099_1-g" srsName="fguuid:jgd2011.bl">
<gml:pos>33.614703622 130.453101007</gml:pos>
</gml:Point>
</pos>
<type>標高点（測点）</type>
<alti>9</alti>
</ElevPt>
<ElevPt gml:id="K2_4696212105_1">
<fid>46962-12105-i-3894</fid>
<lfSpanFr gml:id="K2_4696212105_1-1">
<gml:timePosition>2020-10-29</gml:timePosition>
</lfSpanFr>
<devDate gml:id="K2_4696212105_1-2">
<gml:timePosition>2021-07-01</gml:timePosition>
</devDate>
<orgGILvl>25000</orgGILvl>
<vis>表示</vis>
<pos>
<gml:Point gml:id="K2_4696212105_1-g" srsName="fguuid:jgd2011.bl">
<gml:pos>33.632040840 130.456027197</gml:pos>
</gml:Point>
</pos>
<type>標高点（測点）</type>
<alti>20</alti>
</ElevPt>
<ElevPt gml:id="K2_4696212114_1">
<fid>46962-12114-i-6278</fid>
<lfSpanFr gml:id="K2_4696212114_1-1">
<gml:timePosition>2020-10-29</gml:timePosition>
</lfSpanFr>
<devDate gml:id="K2_4696212114_1-2">
<gml:timePosition>2021-07-01</gml:timePosition>
</devDate>
<orgGILvl>25000</orgGILvl>
<vis>非表示</vis>
<pos>
<gml:Point gml:id="K2_4696212114_1-g" srsName="fguuid:jgd2011.bl">
<gml:pos>33.656208333 130.453383611</gml:pos>
</gml:Point>
</pos>
<type>標高点（測点）</type>
<alti>28</alti>
</ElevPt>
<ElevPt gml:id="K2_4696512096_1">
<fid>46965-12096-i-1840</fid>
<lfSpanFr gml:id="K2_4696512096_1-1">
<gml:timePosition>2020-10-29</gml:timePosition>
</lfSpanFr>
<devDate gml:id="K2_4696512096_1-2">
<gml:timePosition>2021-07-01</gml:timePosition>
</devDate>
<orgGILvl>25000</orgGILvl>
<vis>表示</vis>
<pos>
<gml:Point gml:id="K2_4696512096_1-g" srsName="fguuid:jgd2011.bl">
<gml:pos>33.605994711 130.461043543</gml:pos>
</gml:Point>
</pos>
<type>標高点（測点）</type>
<alti>9</alti>
</ElevPt>
<ElevPt gml:id="K2_4696512099_1">
<fid>46965-12099-i-1717</fid>
<lfSpanFr gml:id="K2_4696512099_1-1">
<gml:timePosition>2020-10-29</gml:timePosition>
</lfSpanFr>
<devDate gml:id="K2_4696512099_1-2">
<gml:timePosition>2021-07-01</gml:timePosition>
</devDate>
<orgGILvl>25000</orgGILvl>
<vis>表示</vis>
<pos>
<gml:Point gml:id="K2_4696512099_1-g" srsName="fguuid:jgd2011.bl">
<gml:pos>33.611564129 130.461253286</gml:pos>
</gml:Point>
</pos>
<type>標高点（測点）</type>
<alti>9</alti>
</ElevPt>
<ElevPt gml:id="K2_4696512102_1">
<fid>46965-12102-i-1623</fid>
<lfSpanFr gml:id="K2_4696512102_1-1">
<gml:timePosition>2020-10-29</gml:timePosition>
</lfSpanFr>
<devDate gml:id="K2_4696512102_1-2">
<gml:timePosition>2021-07-01</gml:timePosition>
</devDate>
<orgGILvl>25000</orgGILvl>
<vis>表示</vis>
<pos>
<gml:Point gml:id="K2_4696512102_1-g" srsName="fguuid:jgd2011.bl">
<gml:pos>33.618664115 130.465646545</gml:pos>
</gml:Point>
</pos>
<type>標高点（測点）</type>
<alti>13</alti>
</ElevPt>
<ElevPt gml:id="K2_4696512108_1">
<fid>46965-12108-i-2368</fid>
<lfSpanFr gml:id="K2_4696512108_1-1">
<gml:timePosition>2020-10-29</gml:timePosition>
</lfSpanFr>
<devDate gml:id="K2_4696512108_1-2">
<gml:timePosition>2021-07-01</gml:timePosition>
</devDate>
<orgGILvl>25000</orgGILvl>
<vis>表示</vis>
<pos>
<gml:Point gml:id="K2_4696512108_1-g" srsName="fguuid:jgd2011.bl">
<gml:pos>33.641411111 130.459338889</gml:pos>
</gml:Point>
</pos>
<type>標高点（測点）</type>
<alti>8</alti>
</ElevPt>
<ElevPt gml:id="K2_4696512114_1">
<fid>46965-12114-i-1298</fid>
<lfSpanFr gml:id="K2_4696512114_1-1">
<gml:timePosition>2020-10-29</gml:timePosition>
</lfSpanFr>
<devDate gml:id="K2_4696512114_1-2">
<gml:timePosition>2021-07-01</gml:timePosition>
</devDate>
<orgGILvl>25000</orgGILvl>
<vis>表示</vis>
<pos>
<gml:Point gml:id="K2_4696512114_1-g" srsName="fguuid:jgd2011.bl">
<gml:pos>33.650795833 130.459468333</gml:pos>
</gml:Point>
</pos>
<type>標高点（測点）</type>
<alti>35</alti>
</ElevPt>
<ElevPt gml:id="K2_4696512117_1">
<fid>46965-12117-i-769</fid>
<lfSpanFr gml:id="K2_4696512117_1-1">
<gml:timePosition>2020-10-29</gml:timePosition>
</lfSpanFr>
<devDate gml:id="K2_4696512117_1-2">
<gml:timePosition>2021-07-01</gml:timePosition>
</devDate>
<orgGILvl>25000</orgGILvl>
<vis>表示</vis>
<pos>
<gml:Point gml:id="K2_4696512117_1-g" srsName="fguuid:jgd2011.bl">
<gml:pos>33.665699722 130.460620833</gml:pos>
</gml:Point>
</pos>
<type>標高点（測点）</type>
<alti>76</alti>
</ElevPt>
<ElevPt gml:id="K2_4696512117_2">
<fid>46965-12117-i-770</fid>
<lfSpanFr gml:id="K2_4696512117_2-1">
<gml:timePosition>2020-10-29</gml:timePosition>
</lfSpanFr>
<devDate gml:id="K2_4696512117_2-2">
<gml:timePosition>2021-07-01</gml:timePosition>
</devDate>
<orgGILvl>25000</orgGILvl>
<vis>表示</vis>
<pos>
<gml:Point gml:id="K2_4696512117_2-g" srsName="fguuid:jgd2011.bl">
<gml:pos>33.659581111 130.464880278</gml:pos>
</gml:Point>
</pos>
<type>標高点（測点）</type>
<alti>165</alti>
</ElevPt>
<ElevPt gml:id="K2_4696812093_1">
<fid>46968-12093-i-1854</fid>
<lfSpanFr gml:id="K2_4696812093_1-1">
<gml:timePosition>2020-10-29</gml:timePosition>
</lfSpanFr>
<devDate gml:id="K2_4696812093_1-2">
<gml:timePosition>2021-07-01</gml:timePosition>
</devDate>
<orgGILvl>25000</orgGILvl>
<vis>表示</vis>
<pos>
<gml:Point gml:id="K2_4696812093_1-g" srsName="fguuid:jgd2011.bl">
<gml:pos>33.595189941 130.467949480</gml:pos>
</gml:Point>
</pos>
<type>標高点（測点）</type>
<alti>14</alti>
</ElevPt>
<ElevPt gml:id="K2_4696812096_1">
<fid>46968-12096-i-1934</fid>
<lfSpanFr gml:id="K2_4696812096_1-1">
<gml:timePosition>2020-10-29</gml:timePosition>
</lfSpanFr>
<devDate gml:id="K2_4696812096_1-2">
<gml:timePosition>2021-07-01</gml:timePosition>
</devDate>
<orgGILvl>25000</orgGILvl>
<vis>表示</vis>
<pos>
<gml:Point gml:id="K2_4696812096_1-g" srsName="fguuid:jgd2011.bl">
<gml:pos>33.604831946 130.471697459</gml:pos>
</gml:Point>
</pos>
<type>標高点（測点）</type>
<alti>12</alti>
</ElevPt>
<ElevPt gml:id="K2_4696812102_1">
<fid>46968-12102-i-2114</fid>
<lfSpanFr gml:id="K2_4696812102_1-1">
<gml:timePosition>2020-10-29</gml:timePosition>
</lfSpanFr>
<devDate gml:id="K2_4696812102_1-2">
<gml:timePosition>2021-07-01</gml:timePosition>
</devDate>
<orgGILvl>25000</orgGILvl>
<vis>非表示</vis>
<pos>
<gml:Point gml:id="K2_4696812102_1-g" srsName="fguuid:jgd2011.bl">
<gml:pos>33.620709731 130.473327074</gml:pos>
</gml:Point>
</pos>
<type>標高点（測点）</type>
<alti>16</alti>
</ElevPt>
<ElevPt gml:id="K2_4696812105_1">
<fid>46968-12105-i-1813</fid>
<lfSpanFr gml:id="K2_4696812105_1-1">
<gml:timePosition>2020-10-29</gml:timePosition>
</lfSpanFr>
<devDate gml:id="K2_4696812105_1-2">
<gml:timePosition>2021-07-01</gml:timePosition>
</devDate>
<orgGILvl>25000</orgGILvl>
<vis>表示</vis>
<pos>
<gml:Point gml:id="K2_4696812105_1-g" srsName="fguuid:jgd2011.bl">
<gml:pos>33.625033421 130.470090820</gml:pos>
</gml:Point>
</pos>
<type>標高点（測点）</type>
<alti>12</alti>
</ElevPt>
<ElevPt gml:id="K2_4696812114_1">
<fid>46968-12114-i-288</fid>
<lfSpanFr gml:id="K2_4696812114_1-1">
<gml:timePosition>2020-10-29</gml:timePosition>
</lfSpanFr>
<devDate gml:id="K2_4696812114_1-2">
<gml:timePosition>2021-07-01</gml:timePosition>
</devDate>
<orgGILvl>25000</orgGILvl>
<vis>表示</vis>
<pos>
<gml:Point gml:id="K2_4696812114_1-g" srsName="fguuid:jgd2011.bl">
<gml:pos>33.655790556 130.467531944</gml:pos>
</gml:Point>
</pos>
<type>標高点（測点）</type>
<alti>180</alti>
</ElevPt>
<ElevPt gml:id="K2_4696812117_1">
<fid>46968-12117-i-328</fid>
<lfSpanFr gml:id="K2_4696812117_1-1">
<gml:timePosition>2020-10-29</gml:timePosition>
</lfSpanFr>
<devDate gml:id="K2_4696812117_1-2">
<gml:timePosition>2021-07-01</gml:timePosition>
</devDate>
<orgGILvl>25000</orgGILvl>
<vis>表示</vis>
<pos>
<gml:Point gml:id="K2_4696812117_1-g" srsName="fguuid:jgd2011.bl">
<gml:pos>33.665048889 130.468030278</gml:pos>
</gml:Point>
</pos>
<type>標高点（測点）</type>
<alti>150</alti>
</ElevPt>
<ElevPt gml:id="K2_4696812117_2">
<fid>46968-12117-i-329</fid>
<lfSpanFr gml:id="K2_4696812117_2-1">
<gml:timePosition>2020-10-29</gml:timePosition>
</lfSpanFr>
<devDate gml:id="K2_4696812117_2-2">
<gml:timePosition>2021-07-01</gml:timePosition>
</devDate>
<orgGILvl>25000</orgGILvl>
<vis>表示</vis>
<pos>
<gml:Point gml:id="K2_4696812117_2-g" srsName="fguuid:jgd2011.bl">
<gml:pos>33.661737222 130.473687500</gml:pos>
</gml:Point>
</pos>
<type>標高点（測点）</type>
<alti>187</alti>
</ElevPt>
<ElevPt gml:id="K2_4697112090_1">
<fid>46971-12090-i-1434</fid>
<lfSpanFr gml:id="K2_4697112090_1-1">
<gml:timePosition>2020-10-29</gml:timePosition>
</lfSpanFr>
<devDate gml:id="K2_4697112090_1-2">
<gml:timePosition>2021-07-01</gml:timePosition>
</devDate>
<orgGILvl>25000</orgGILvl>
<vis>表示</vis>
<pos>
<gml:Point gml:id="K2_4697112090_1-g" srsName="fguuid:jgd2011.bl">
<gml:pos>33.584763669 130.481800915</gml:pos>
</gml:Point>
</pos>
<type>標高点（測点）</type>
<alti>13</alti>
</ElevPt>
<ElevPt gml:id="K2_4697112090_2">
<fid>46971-12090-i-1856</fid>
<lfSpanFr gml:id="K2_4697112090_2-1">
<gml:timePosition>2020-10-29</gml:timePosition>
</lfSpanFr>
<devDate gml:id="K2_4697112090_2-2">
<gml:timePosition>2021-07-01</gml:timePosition>
</devDate>
<orgGILvl>25000</orgGILvl>
<vis>表示</vis>
<pos>
<gml:Point gml:id="K2_4697112090_2-g" srsName="fguuid:jgd2011.bl">
<gml:pos>33.589714004 130.480597165</gml:pos>
</gml:Point>
</pos>
<type>標高点（測点）</type>
<alti>16</alti>
</ElevPt>
<ElevPt gml:id="K2_4697112093_1">
<fid>46971-12093-i-1721</fid>
<lfSpanFr gml:id="K2_4697112093_1-1">
<gml:timePosition>2020-10-29</gml:timePosition>
</lfSpanFr>
<devDate gml:id="K2_4697112093_1-2">
<gml:timePosition>2021-07-01</gml:timePosition>
</devDate>
<orgGILvl>25000</orgGILvl>
<vis>表示</vis>
<pos>
<gml:Point gml:id="K2_4697112093_1-g" srsName="fguuid:jgd2011.bl">
<gml:pos>33.596306694 130.477279889</gml:pos>
</gml:Point>
</pos>
<type>標高点（測点）</type>
<alti>12</alti>
</ElevPt>
<ElevPt gml:id="K2_4697112096_1">
<fid>46971-12096-i-1634</fid>
<lfSpanFr gml:id="K2_4697112096_1-1">
<gml:timePosition>2020-10-29</gml:timePosition>
</lfSpanFr>
<devDate gml:id="K2_4697112096_1-2">
<gml:timePosition>2021-07-01</gml:timePosition>
</devDate>
<orgGILvl>25000</orgGILvl>
<vis>表示</vis>
<pos>
<gml:Point gml:id="K2_4697112096_1-g" srsName="fguuid:jgd2011.bl">
<gml:pos>33.601724416 130.482003714</gml:pos>
</gml:Point>
</pos>
<type>標高点（測点）</type>
<alti>16</alti>
</ElevPt>
<ElevPt gml:id="K2_4697112102_1">
<fid>46971-12102-i-1413</fid>
<lfSpanFr gml:id="K2_4697112102_1-1">
<gml:timePosition>2020-10-29</gml:timePosition>
</lfSpanFr>
<devDate gml:id="K2_4697112102_1-2">
<gml:timePosition>2021-07-01</gml:timePosition>
</devDate>
<orgGILvl>25000</orgGILvl>
<vis>表示</vis>
<pos>
<gml:Point gml:id="K2_4697112102_1-g" srsName="fguuid:jgd2011.bl">
<gml:pos>33.620972444 130.480752160</gml:pos>
</gml:Point>
</pos>
<type>標高点（測点）</type>
<alti>16</alti>
</ElevPt>
<ElevPt gml:id="K2_4697112105_1">
<fid>46971-12105-i-1326</fid>
<lfSpanFr gml:id="K2_4697112105_1-1">
<gml:timePosition>2020-10-29</gml:timePosition>
</lfSpanFr>
<devDate gml:id="K2_4697112105_1-2">
<gml:timePosition>2021-07-01</gml:timePosition>
</devDate>
<orgGILvl>25000</orgGILvl>
<vis>表示</vis>
<pos>
<gml:Point gml:id="K2_4697112105_1-g" srsName="fguuid:jgd2011.bl">
<gml:pos>33.632005323 130.481327353</gml:pos>
</gml:Point>
</pos>
<type>標高点（測点）</type>
<alti>14</alti>
</ElevPt>
<ElevPt gml:id="K2_4697112108_1">
<fid>46971-12108-i-2089</fid>
<lfSpanFr gml:id="K2_4697112108_1-1">
<gml:timePosition>2020-10-29</gml:timePosition>
</lfSpanFr>
<devDate gml:id="K2_4697112108_1-2">
<gml:timePosition>2021-07-01</gml:timePosition>
</devDate>
<orgGILvl>25000</orgGILvl>
<vis>表示</vis>
<pos>
<gml:Point gml:id="K2_4697112108_1-g" srsName="fguuid:jgd2011.bl">
<gml:pos>33.637739258 130.477250882</gml:pos>
</gml:Point>
</pos>
<type>標高点（測点）</type>
<alti>12</alti>
</ElevPt>
<ElevPt gml:id="K2_4697112111_1">
<fid>46971-12111-i-1108</fid>
<lfSpanFr gml:id="K2_4697112111_1-1">
<gml:timePosition>2020-10-29</gml:timePosition>
</lfSpanFr>
<devDate gml:id="K2_4697112111_1-2">
<gml:timePosition>2021-07-01</gml:timePosition>
</devDate>
<orgGILvl>25000</orgGILvl>
<vis>表示</vis>
<pos>
<gml:Point gml:id="K2_4697112111_1-g" srsName="fguuid:jgd2011.bl">
<gml:pos>33.643731111 130.480400000</gml:pos>
</gml:Point>
</pos>
<type>標高点（測点）</type>
<alti>117</alti>
</ElevPt>
<ElevPt gml:id="K2_4697112117_1">
<fid>46971-12117-i-300</fid>
<lfSpanFr gml:id="K2_4697112117_1-1">
<gml:timePosition>2014-06-04</gml:timePosition>
</lfSpanFr>
<devDate gml:id="K2_4697112117_1-2">
<gml:timePosition>2021-07-01</gml:timePosition>
</devDate>
<orgGILvl>25000</orgGILvl>
<vis>表示</vis>
<pos>
<gml:Point gml:id="K2_4697112117_1-g" srsName="fguuid:jgd2011.bl">
<gml:pos>33.665710556 130.476755000</gml:pos>
</gml:Point>
</pos>
<type>標高点（測点）</type>
<alti>171</alti>
</ElevPt>
<ElevPt gml:id="K2_4697412096_1">
<fid>46974-12096-i-2498</fid>
<lfSpanFr gml:id="K2_4697412096_1-1">
<gml:timePosition>2020-10-29</gml:timePosition>
</lfSpanFr>
<devDate gml:id="K2_4697412096_1-2">
<gml:timePosition>2021-07-01</gml:timePosition>
</devDate>
<orgGILvl>25000</orgGILvl>
<vis>表示</vis>
<pos>
<gml:Point gml:id="K2_4697412096_1-g" srsName="fguuid:jgd2011.bl">
<gml:pos>33.601351237 130.488894703</gml:pos>
</gml:Point>
</pos>
<type>標高点（測点）</type>
<alti>19</alti>
</ElevPt>
<ElevPt gml:id="K2_4697412099_1">
<fid>46974-12099-i-2000</fid>
<lfSpanFr gml:id="K2_4697412099_1-1">
<gml:timePosition>2020-10-29</gml:timePosition>
</lfSpanFr>
<devDate gml:id="K2_4697412099_1-2">
<gml:timePosition>2021-07-01</gml:timePosition>
</devDate>
<orgGILvl>25000</orgGILvl>
<vis>表示</vis>
<pos>
<gml:Point gml:id="K2_4697412099_1-g" srsName="fguuid:jgd2011.bl">
<gml:pos>33.613083056 130.489738333</gml:pos>
</gml:Point>
</pos>
<type>標高点（測点）</type>
<alti>58</alti>
</ElevPt>
<ElevPt gml:id="K2_4697412105_1">
<fid>46974-12105-i-1865</fid>
<lfSpanFr gml:id="K2_4697412105_1-1">
<gml:timePosition>2020-10-29</gml:timePosition>
</lfSpanFr>
<devDate gml:id="K2_4697412105_1-2">
<gml:timePosition>2021-07-01</gml:timePosition>
</devDate>
<orgGILvl>25000</orgGILvl>
<vis>表示</vis>
<pos>
<gml:Point gml:id="K2_4697412105_1-g" srsName="fguuid:jgd2011.bl">
<gml:pos>33.626430080 130.484149218</gml:pos>
</gml:Point>
</pos>
<type>標高点（測点）</type>
<alti>16</alti>
</ElevPt>
<ElevPt gml:id="K2_4697412108_1">
<fid>46974-12108-i-1600</fid>
<lfSpanFr gml:id="K2_4697412108_1-1">
<gml:timePosition>2020-10-29</gml:timePosition>
</lfSpanFr>
<devDate gml:id="K2_4697412108_1-2">
<gml:timePosition>2021-07-01</gml:timePosition>
</devDate>
<orgGILvl>25000</orgGILvl>
<vis>表示</vis>
<pos>
<gml:Point gml:id="K2_4697412108_1-g" srsName="fguuid:jgd2011.bl">
<gml:pos>33.636291389 130.486048333</gml:pos>
</gml:Point>
</pos>
<type>標高点（測点）</type>
<alti>18</alti>
</ElevPt>
<ElevPt gml:id="K2_4697412111_1">
<fid>46974-12111-i-944</fid>
<lfSpanFr gml:id="K2_4697412111_1-1">
<gml:timePosition>2020-10-29</gml:timePosition>
</lfSpanFr>
<devDate gml:id="K2_4697412111_1-2">
<gml:timePosition>2021-07-01</gml:timePosition>
</devDate>
<orgGILvl>25000</orgGILvl>
<vis>表示</vis>
<pos>
<gml:Point gml:id="K2_4697412111_1-g" srsName="fguuid:jgd2011.bl">
<gml:pos>33.646645000 130.487856667</gml:pos>
</gml:Point>
</pos>
<type>標高点（測点）</type>
<alti>84</alti>
</ElevPt>
<ElevPt gml:id="K2_4697712090_1">
<fid>46977-12090-i-3336</fid>
<lfSpanFr gml:id="K2_4697712090_1-1">
<gml:timePosition>2020-10-29</gml:timePosition>
</lfSpanFr>
<devDate gml:id="K2_4697712090_1-2">
<gml:timePosition>2021-07-01</gml:timePosition>
</devDate>
<orgGILvl>25000</orgGILvl>
<vis>表示</vis>
<pos>
<gml:Point gml:id="K2_4697712090_1-g" srsName="fguuid:jgd2011.bl">
<gml:pos>33.584020901 130.493718887</gml:pos>
</gml:Point>
</pos>
<type>標高点（測点）</type>
<alti>32</alti>
</ElevPt>
<ElevPt gml:id="K2_4697712090_2">
<fid>46977-12090-i-3337</fid>
<lfSpanFr gml:id="K2_4697712090_2-1">
<gml:timePosition>2020-10-29</gml:timePosition>
</lfSpanFr>
<devDate gml:id="K2_4697712090_2-2">
<gml:timePosition>2021-07-01</gml:timePosition>
</devDate>
<orgGILvl>25000</orgGILvl>
<vis>表示</vis>
<pos>
<gml:Point gml:id="K2_4697712090_2-g" srsName="fguuid:jgd2011.bl">
<gml:pos>33.589718528 130.493422667</gml:pos>
</gml:Point>
</pos>
<type>標高点（測点）</type>
<alti>31</alti>
</ElevPt>
<ElevPt gml:id="K2_4697712102_1">
<fid>46977-12102-i-1413</fid>
<lfSpanFr gml:id="K2_4697712102_1-1">
<gml:timePosition>2020-10-29</gml:timePosition>
</lfSpanFr>
<devDate gml:id="K2_4697712102_1-2">
<gml:timePosition>2021-07-01</gml:timePosition>
</devDate>
<orgGILvl>25000</orgGILvl>
<vis>表示</vis>
<pos>
<gml:Point gml:id="K2_4697712102_1-g" srsName="fguuid:jgd2011.bl">
<gml:pos>33.618223333 130.492910833</gml:pos>
</gml:Point>
</pos>
<type>標高点（測点）</type>
<alti>70</alti>
</ElevPt>
<ElevPt gml:id="K2_4697712108_1">
<fid>46977-12108-i-1312</fid>
<lfSpanFr gml:id="K2_4697712108_1-1">
<gml:timePosition>2020-10-29</gml:timePosition>
</lfSpanFr>
<devDate gml:id="K2_4697712108_1-2">
<gml:timePosition>2021-07-01</gml:timePosition>
</devDate>
<orgGILvl>25000</orgGILvl>
<vis>表示</vis>
<pos>
<gml:Point gml:id="K2_4697712108_1-g" srsName="fguuid:jgd2011.bl">
<gml:pos>33.636030324 130.494087444</gml:pos>
</gml:Point>
</pos>
<type>標高点（測点）</type>
<alti>25</alti>
</ElevPt>
<ElevPt gml:id="K2_4697712114_1">
<fid>46977-12114-i-674</fid>
<lfSpanFr gml:id="K2_4697712114_1-1">
<gml:timePosition>2014-06-04</gml:timePosition>
</lfSpanFr>
<devDate gml:id="K2_4697712114_1-2">
<gml:timePosition>2021-07-01</gml:timePosition>
</devDate>
<orgGILvl>25000</orgGILvl>
<vis>表示</vis>
<pos>
<gml:Point gml:id="K2_4697712114_1-g" srsName="fguuid:jgd2011.bl">
<gml:pos>33.654605000 130.499642778</gml:pos>
</gml:Point>
</pos>
<type>標高点（測点）</type>
<alti>94</alti>
</ElevPt>
<ElevPt gml:id="K2_4697712117_1">
<fid>46977-12117-i-1465</fid>
<lfSpanFr gml:id="K2_4697712117_1-1">
<gml:timePosition>2020-10-29</gml:timePosition>
</lfSpanFr>
<devDate gml:id="K2_4697712117_1-2">
<gml:timePosition>2021-07-01</gml:timePosition>
</devDate>
<orgGILvl>25000</orgGILvl>
<vis>表示</vis>
<pos>
<gml:Point gml:id="K2_4697712117_1-g" srsName="fguuid:jgd2011.bl">
<gml:pos>33.662696389 130.492312222</gml:pos>
</gml:Point>
</pos>
<type>標高点（測点）</type>
<alti>102</alti>
</ElevPt>
</Dataset>
