<?xml version="1.0" encoding="utf-8"?>
<Dataset xsi:schemaLocation="http://fgd.gsi.go.jp/spec/2008/FGD_GMLSchema FGD_GMLSchema.xsd"
	xmlns:gml="http://www.opengis.net/gml/3.2"
	xmlns:xsi="http://www.w3.org/2001/XMLSchema-instance"
	xmlns:xlink="http://www.w3.org/1999/xlink"
	xmlns="http://fgd.gsi.go.jp/spec/2008/FGD_GMLSchema"
	gml:id="Dataset1">
  <gml:description>基盤地図情報メタデータ ID=fmdid:21-0701</gml:description>
  <gml:name>基盤地図情報ダウンロードデータ（GML版）</gml:name>
<CommPt gml:id="K8_4694712090_1">
<fid>46947-12090-i-10497</fid>
<lfSpanFr gml:id="K8_4694712090_1-1">
<gml:timePosition>2020-10-29</gml:timePosition>
</lfSpanFr>
<devDate gml:id="K8_4694712090_1-2">
<gml:timePosition>2021-07-01</gml:timePosition>
</devDate>
<orgGILvl>2500</orgGILvl>
<vis>表示</vis>
<pos>
<gml:Point gml:id="K8_4694712090_1-g" srsName="fguuid:jgd2011.bl">
<gml:pos>33.583409869 130.409888008</gml:pos>
</gml:Point>
</pos>
<type>大字・町・丁目</type>
<name>住吉三丁目</name>
<admCode>00000</admCode>
</CommPt>
<CommPt gml:id="K8_4694712093_1">
<fid>46947-12093-i-6701</fid>
<lfSpanFr gml:id="K8_4694712093_1-1">
<gml:timePosition>2020-10-29</gml:timePosition>
</lfSpanFr>
<devDate gml:id="K8_4694712093_1-2">
<gml:timePosition>2021-07-01</gml:timePosition>
</devDate>
<orgGILvl>2500</orgGILvl>
<vis>表示</vis>
<pos>
<gml:Point gml:id="K8_4694712093_1-g" srsName="fguuid:jgd2011.bl">
<gml:pos>33.598119179 130.415842783</gml:pos>
</gml:Point>
</pos>
<type>大字・町・丁目</type>
<name>御供所町</name>
<admCode>00000</admCode>
</CommPt>
<CommPt gml:id="K8_4694712096_1">
<fid>46947-12096-i-8861</fid>
<lfSpanFr gml:id="K8_4694712096_1-1">
<gml:timePosition>2020-10-29</gml:timePosition>
</lfSpanFr>
<devDate gml:id="K8_4694712096_1-2">
<gml:timePosition>2021-07-01</gml:timePosition>
</devDate>
<orgGILvl>2500</orgGILvl>
<vis>表示</vis>
<pos>
<gml:Point gml:id="K8_4694712096_1-g" srsName="fguuid:jgd2011.bl">
<gml:pos>33.608109949 130.416550197</gml:pos>
</gml:Point>
</pos>
<type>大字・町・丁目</type>
<name>馬出三丁目</name>
<admCode>00000</admCode>
</CommPt>
<CommPt gml:id="K8_4694712096_2">
<fid>46947-12096-i-8862</fid>
<lfSpanFr gml:id="K8_4694712096_2-1">
<gml:timePosition>2020-10-29</gml:timePosition>
</lfSpanFr>
<devDate gml:id="K8_4694712096_2-2">
<gml:timePosition>2021-07-01</gml:timePosition>
</devDate>
<orgGILvl>2500</orgGILvl>
<vis>表示</vis>
<pos>
<gml:Point gml:id="K8_4694712096_2-g" srsName="fguuid:jgd2011.bl">
<gml:pos>33.606390365 130.416660576</gml:pos>
</gml:Point>
</pos>
<type>大字・町・丁目</type>
<name>千代四丁目</name>
<admCode>00000</admCode>
</CommPt>
<CommPt gml:id="K8_4695012093_1">
<fid>46950-12093-i-9012</fid>
<lfSpanFr gml:id="K8_4695012093_1-1">
<gml:timePosition>2020-10-29</gml:timePosition>
</lfSpanFr>
<devDate gml:id="K8_4695012093_1-2">
<gml:timePosition>2021-07-01</gml:timePosition>
</devDate>
<orgGILvl>2500</orgGILvl>
<vis>表示</vis>
<pos>
<gml:Point gml:id="K8_4695012093_1-g" srsName="fguuid:jgd2011.bl">
<gml:pos>33.598276405 130.420496825</gml:pos>
</gml:Point>
</pos>
<type>大字・町・丁目</type>
<name>堅粕二丁目</name>
<admCode>00000</admCode>
</CommPt>
<CommPt gml:id="K8_4695012093_2">
<fid>46950-12093-i-9013</fid>
<lfSpanFr gml:id="K8_4695012093_2-1">
<gml:timePosition>2020-10-29</gml:timePosition>
</lfSpanFr>
<devDate gml:id="K8_4695012093_2-2">
<gml:timePosition>2021-07-01</gml:timePosition>
</devDate>
<orgGILvl>2500</orgGILvl>
<vis>表示</vis>
<pos>
<gml:Point gml:id="K8_4695012093_2-g" srsName="fguuid:jgd2011.bl">
<gml:pos>33.598672990 130.418217791</gml:pos>
</gml:Point>
</pos>
<type>大字・町・丁目</type>
<name>堅粕一丁目</name>
<admCode>00000</admCode>
</CommPt>
<CommPt gml:id="K8_4695012093_3">
<fid>46950-12093-i-9014</fid>
<lfSpanFr gml:id="K8_4695012093_3-1">
<gml:timePosition>2020-10-29</gml:timePosition>
</lfSpanFr>
<devDate gml:id="K8_4695012093_3-2">
<gml:timePosition>2021-07-01</gml:timePosition>
</devDate>
<orgGILvl>2500</orgGILvl>
<vis>表示</vis>
<pos>
<gml:Point gml:id="K8_4695012093_3-g" srsName="fguuid:jgd2011.bl">
<gml:pos>33.598685499 130.422523730</gml:pos>
</gml:Point>
</pos>
<type>大字・町・丁目</type>
<name>堅粕三丁目</name>
<admCode>00000</admCode>
</CommPt>
<CommPt gml:id="K8_4695012093_4">
<fid>46950-12093-i-9015</fid>
<lfSpanFr gml:id="K8_4695012093_4-1">
<gml:timePosition>2020-10-29</gml:timePosition>
</lfSpanFr>
<devDate gml:id="K8_4695012093_4-2">
<gml:timePosition>2021-07-01</gml:timePosition>
</devDate>
<orgGILvl>2500</orgGILvl>
<vis>表示</vis>
<pos>
<gml:Point gml:id="K8_4695012093_4-g" srsName="fguuid:jgd2011.bl">
<gml:pos>33.598217672 130.416935707</gml:pos>
</gml:Point>
</pos>
<type>大字・町・丁目</type>
<name>千代ニ丁目</name>
<admCode>00000</admCode>
</CommPt>
<CommPt gml:id="K8_4695012096_1">
<fid>46950-12096-i-5459</fid>
<lfSpanFr gml:id="K8_4695012096_1-1">
<gml:timePosition>2020-10-29</gml:timePosition>
</lfSpanFr>
<devDate gml:id="K8_4695012096_1-2">
<gml:timePosition>2021-07-01</gml:timePosition>
</devDate>
<orgGILvl>2500</orgGILvl>
<vis>表示</vis>
<pos>
<gml:Point gml:id="K8_4695012096_1-g" srsName="fguuid:jgd2011.bl">
<gml:pos>33.605000353 130.418783145</gml:pos>
</gml:Point>
</pos>
<type>大字・町・丁目</type>
<name>東公園</name>
<admCode>00000</admCode>
</CommPt>
<CommPt gml:id="K8_4695012096_2">
<fid>46950-12096-i-5460</fid>
<lfSpanFr gml:id="K8_4695012096_2-1">
<gml:timePosition>2020-10-29</gml:timePosition>
</lfSpanFr>
<devDate gml:id="K8_4695012096_2-2">
<gml:timePosition>2021-07-01</gml:timePosition>
</devDate>
<orgGILvl>2500</orgGILvl>
<vis>表示</vis>
<pos>
<gml:Point gml:id="K8_4695012096_2-g" srsName="fguuid:jgd2011.bl">
<gml:pos>33.601677759 130.423878583</gml:pos>
</gml:Point>
</pos>
<type>大字・町・丁目</type>
<name>吉塚一丁目</name>
<admCode>00000</admCode>
</CommPt>
<CommPt gml:id="K8_4695012096_3">
<fid>46950-12096-i-5461</fid>
<lfSpanFr gml:id="K8_4695012096_3-1">
<gml:timePosition>2020-10-29</gml:timePosition>
</lfSpanFr>
<devDate gml:id="K8_4695012096_3-2">
<gml:timePosition>2021-07-01</gml:timePosition>
</devDate>
<orgGILvl>2500</orgGILvl>
<vis>表示</vis>
<pos>
<gml:Point gml:id="K8_4695012096_3-g" srsName="fguuid:jgd2011.bl">
<gml:pos>33.605957837 130.423893543</gml:pos>
</gml:Point>
</pos>
<type>大字・町・丁目</type>
<name>吉塚本町</name>
<admCode>00000</admCode>
</CommPt>
<CommPt gml:id="K8_4695012096_4">
<fid>46950-12096-i-5462</fid>
<lfSpanFr gml:id="K8_4695012096_4-1">
<gml:timePosition>2020-10-29</gml:timePosition>
</lfSpanFr>
<devDate gml:id="K8_4695012096_4-2">
<gml:timePosition>2021-07-01</gml:timePosition>
</devDate>
<orgGILvl>2500</orgGILvl>
<vis>表示</vis>
<pos>
<gml:Point gml:id="K8_4695012096_4-g" srsName="fguuid:jgd2011.bl">
<gml:pos>33.602005479 130.419204291</gml:pos>
</gml:Point>
</pos>
<type>大字・町・丁目</type>
<name>千代一丁目</name>
<admCode>00000</admCode>
</CommPt>
<CommPt gml:id="K8_4695012099_1">
<fid>46950-12099-i-8856</fid>
<lfSpanFr gml:id="K8_4695012099_1-1">
<gml:timePosition>2020-10-29</gml:timePosition>
</lfSpanFr>
<devDate gml:id="K8_4695012099_1-2">
<gml:timePosition>2021-07-01</gml:timePosition>
</devDate>
<orgGILvl>2500</orgGILvl>
<vis>表示</vis>
<pos>
<gml:Point gml:id="K8_4695012099_1-g" srsName="fguuid:jgd2011.bl">
<gml:pos>33.610212040 130.419147429</gml:pos>
</gml:Point>
</pos>
<type>大字・町・丁目</type>
<name>馬出二丁目</name>
<admCode>00000</admCode>
</CommPt>
<CommPt gml:id="K8_4695012099_2">
<fid>46950-12099-i-8857</fid>
<lfSpanFr gml:id="K8_4695012099_2-1">
<gml:timePosition>2020-10-29</gml:timePosition>
</lfSpanFr>
<devDate gml:id="K8_4695012099_2-2">
<gml:timePosition>2021-07-01</gml:timePosition>
</devDate>
<orgGILvl>2500</orgGILvl>
<vis>表示</vis>
<pos>
<gml:Point gml:id="K8_4695012099_2-g" srsName="fguuid:jgd2011.bl">
<gml:pos>33.608881437 130.420680837</gml:pos>
</gml:Point>
</pos>
<type>大字・町・丁目</type>
<name>馬出一丁目</name>
<admCode>00000</admCode>
</CommPt>
<CommPt gml:id="K8_4695312090_1">
<fid>46953-12090-i-7829</fid>
<lfSpanFr gml:id="K8_4695312090_1-1">
<gml:timePosition>2020-10-29</gml:timePosition>
</lfSpanFr>
<devDate gml:id="K8_4695312090_1-2">
<gml:timePosition>2021-07-01</gml:timePosition>
</devDate>
<orgGILvl>2500</orgGILvl>
<vis>表示</vis>
<pos>
<gml:Point gml:id="K8_4695312090_1-g" srsName="fguuid:jgd2011.bl">
<gml:pos>33.583340360 130.428408511</gml:pos>
</gml:Point>
</pos>
<type>大字・町・丁目</type>
<name>比恵町</name>
<admCode>00000</admCode>
</CommPt>
<CommPt gml:id="K8_4695312093_1">
<fid>46953-12093-i-8575</fid>
<lfSpanFr gml:id="K8_4695312093_1-1">
<gml:timePosition>2020-10-29</gml:timePosition>
</lfSpanFr>
<devDate gml:id="K8_4695312093_1-2">
<gml:timePosition>2021-07-01</gml:timePosition>
</devDate>
<orgGILvl>2500</orgGILvl>
<vis>表示</vis>
<pos>
<gml:Point gml:id="K8_4695312093_1-g" srsName="fguuid:jgd2011.bl">
<gml:pos>33.597969945 130.431382584</gml:pos>
</gml:Point>
</pos>
<type>大字・町・丁目</type>
<name>豊一丁目</name>
<admCode>00000</admCode>
</CommPt>
<CommPt gml:id="K8_4695312093_2">
<fid>46953-12093-i-8576</fid>
<lfSpanFr gml:id="K8_4695312093_2-1">
<gml:timePosition>2020-10-29</gml:timePosition>
</lfSpanFr>
<devDate gml:id="K8_4695312093_2-2">
<gml:timePosition>2021-07-01</gml:timePosition>
</devDate>
<orgGILvl>2500</orgGILvl>
<vis>表示</vis>
<pos>
<gml:Point gml:id="K8_4695312093_2-g" srsName="fguuid:jgd2011.bl">
<gml:pos>33.597645926 130.425049982</gml:pos>
</gml:Point>
</pos>
<type>大字・町・丁目</type>
<name>堅粕四丁目</name>
<admCode>00000</admCode>
</CommPt>
<CommPt gml:id="K8_4695312093_3">
<fid>46953-12093-i-8577</fid>
<lfSpanFr gml:id="K8_4695312093_3-1">
<gml:timePosition>2020-10-29</gml:timePosition>
</lfSpanFr>
<devDate gml:id="K8_4695312093_3-2">
<gml:timePosition>2021-07-01</gml:timePosition>
</devDate>
<orgGILvl>2500</orgGILvl>
<vis>表示</vis>
<pos>
<gml:Point gml:id="K8_4695312093_3-g" srsName="fguuid:jgd2011.bl">
<gml:pos>33.598852164 130.429118292</gml:pos>
</gml:Point>
</pos>
<type>大字・町・丁目</type>
<name>吉塚三丁目</name>
<admCode>00000</admCode>
</CommPt>
<CommPt gml:id="K8_4695312096_1">
<fid>46953-12096-i-4787</fid>
<lfSpanFr gml:id="K8_4695312096_1-1">
<gml:timePosition>2020-10-29</gml:timePosition>
</lfSpanFr>
<devDate gml:id="K8_4695312096_1-2">
<gml:timePosition>2021-07-01</gml:timePosition>
</devDate>
<orgGILvl>2500</orgGILvl>
<vis>表示</vis>
<pos>
<gml:Point gml:id="K8_4695312096_1-g" srsName="fguuid:jgd2011.bl">
<gml:pos>33.608101026 130.430854116</gml:pos>
</gml:Point>
</pos>
<type>大字・町・丁目</type>
<name>吉塚七丁目</name>
<admCode>00000</admCode>
</CommPt>
<CommPt gml:id="K8_4695312096_2">
<fid>46953-12096-i-4788</fid>
<lfSpanFr gml:id="K8_4695312096_2-1">
<gml:timePosition>2020-10-29</gml:timePosition>
</lfSpanFr>
<devDate gml:id="K8_4695312096_2-2">
<gml:timePosition>2021-07-01</gml:timePosition>
</devDate>
<orgGILvl>2500</orgGILvl>
<vis>表示</vis>
<pos>
<gml:Point gml:id="K8_4695312096_2-g" srsName="fguuid:jgd2011.bl">
<gml:pos>33.601572903 130.430854122</gml:pos>
</gml:Point>
</pos>
<type>大字・町・丁目</type>
<name>吉塚四丁目</name>
<admCode>00000</admCode>
</CommPt>
<CommPt gml:id="K8_4695312096_3">
<fid>46953-12096-i-4789</fid>
<lfSpanFr gml:id="K8_4695312096_3-1">
<gml:timePosition>2020-10-29</gml:timePosition>
</lfSpanFr>
<devDate gml:id="K8_4695312096_3-2">
<gml:timePosition>2021-07-01</gml:timePosition>
</devDate>
<orgGILvl>2500</orgGILvl>
<vis>表示</vis>
<pos>
<gml:Point gml:id="K8_4695312096_3-g" srsName="fguuid:jgd2011.bl">
<gml:pos>33.602966097 130.426177220</gml:pos>
</gml:Point>
</pos>
<type>大字・町・丁目</type>
<name>吉塚二丁目</name>
<admCode>00000</admCode>
</CommPt>
<CommPt gml:id="K8_4695312096_4">
<fid>46953-12096-i-4790</fid>
<lfSpanFr gml:id="K8_4695312096_4-1">
<gml:timePosition>2020-10-29</gml:timePosition>
</lfSpanFr>
<devDate gml:id="K8_4695312096_4-2">
<gml:timePosition>2021-07-01</gml:timePosition>
</devDate>
<orgGILvl>2500</orgGILvl>
<vis>表示</vis>
<pos>
<gml:Point gml:id="K8_4695312096_4-g" srsName="fguuid:jgd2011.bl">
<gml:pos>33.603560307 130.429221097</gml:pos>
</gml:Point>
</pos>
<type>大字・町・丁目</type>
<name>吉塚五丁目</name>
<admCode>00000</admCode>
</CommPt>
<CommPt gml:id="K8_4695312096_5">
<fid>46953-12096-i-4791</fid>
<lfSpanFr gml:id="K8_4695312096_5-1">
<gml:timePosition>2020-10-29</gml:timePosition>
</lfSpanFr>
<devDate gml:id="K8_4695312096_5-2">
<gml:timePosition>2021-07-01</gml:timePosition>
</devDate>
<orgGILvl>2500</orgGILvl>
<vis>表示</vis>
<pos>
<gml:Point gml:id="K8_4695312096_5-g" srsName="fguuid:jgd2011.bl">
<gml:pos>33.606598463 130.428129213</gml:pos>
</gml:Point>
</pos>
<type>大字・町・丁目</type>
<name>吉塚六丁目</name>
<admCode>00000</admCode>
</CommPt>
<CommPt gml:id="K8_4695312099_1">
<fid>46953-12099-i-6053</fid>
<lfSpanFr gml:id="K8_4695312099_1-1">
<gml:timePosition>2020-10-29</gml:timePosition>
</lfSpanFr>
<devDate gml:id="K8_4695312099_1-2">
<gml:timePosition>2021-07-01</gml:timePosition>
</devDate>
<orgGILvl>2500</orgGILvl>
<vis>表示</vis>
<pos>
<gml:Point gml:id="K8_4695312099_1-g" srsName="fguuid:jgd2011.bl">
<gml:pos>33.610364927 130.431581935</gml:pos>
</gml:Point>
</pos>
<type>大字・町・丁目</type>
<name>社領二丁目</name>
<admCode>00000</admCode>
</CommPt>
<CommPt gml:id="K8_4695312099_2">
<fid>46953-12099-i-6054</fid>
<lfSpanFr gml:id="K8_4695312099_2-1">
<gml:timePosition>2020-10-29</gml:timePosition>
</lfSpanFr>
<devDate gml:id="K8_4695312099_2-2">
<gml:timePosition>2021-07-01</gml:timePosition>
</devDate>
<orgGILvl>2500</orgGILvl>
<vis>表示</vis>
<pos>
<gml:Point gml:id="K8_4695312099_2-g" srsName="fguuid:jgd2011.bl">
<gml:pos>33.608976227 130.426452710</gml:pos>
</gml:Point>
</pos>
<type>大字・町・丁目</type>
<name>馬出六丁目</name>
<admCode>00000</admCode>
</CommPt>
<CommPt gml:id="K8_4695312099_3">
<fid>46953-12099-i-6055</fid>
<lfSpanFr gml:id="K8_4695312099_3-1">
<gml:timePosition>2020-10-29</gml:timePosition>
</lfSpanFr>
<devDate gml:id="K8_4695312099_3-2">
<gml:timePosition>2021-07-01</gml:timePosition>
</devDate>
<orgGILvl>2500</orgGILvl>
<vis>表示</vis>
<pos>
<gml:Point gml:id="K8_4695312099_3-g" srsName="fguuid:jgd2011.bl">
<gml:pos>33.610417354 130.430194318</gml:pos>
</gml:Point>
</pos>
<type>大字・町・丁目</type>
<name>社領一丁目</name>
<admCode>00000</admCode>
</CommPt>
<CommPt gml:id="K8_4695612090_1">
<fid>46956-12090-i-5646</fid>
<lfSpanFr gml:id="K8_4695612090_1-1">
<gml:timePosition>2020-10-29</gml:timePosition>
</lfSpanFr>
<devDate gml:id="K8_4695612090_1-2">
<gml:timePosition>2021-07-01</gml:timePosition>
</devDate>
<orgGILvl>2500</orgGILvl>
<vis>表示</vis>
<pos>
<gml:Point gml:id="K8_4695612090_1-g" srsName="fguuid:jgd2011.bl">
<gml:pos>33.589260559 130.437966264</gml:pos>
</gml:Point>
</pos>
<type>大字・町・丁目</type>
<name>上牟田一丁目</name>
<admCode>00000</admCode>
</CommPt>
<CommPt gml:id="K8_4695612090_2">
<fid>46956-12090-i-5647</fid>
<lfSpanFr gml:id="K8_4695612090_2-1">
<gml:timePosition>2020-10-29</gml:timePosition>
</lfSpanFr>
<devDate gml:id="K8_4695612090_2-2">
<gml:timePosition>2021-07-01</gml:timePosition>
</devDate>
<orgGILvl>2500</orgGILvl>
<vis>表示</vis>
<pos>
<gml:Point gml:id="K8_4695612090_2-g" srsName="fguuid:jgd2011.bl">
<gml:pos>33.586114272 130.437763874</gml:pos>
</gml:Point>
</pos>
<type>大字・町・丁目</type>
<name>上牟田二丁目</name>
<admCode>00000</admCode>
</CommPt>
<CommPt gml:id="K8_4695612090_3">
<fid>46956-12090-i-5648</fid>
<lfSpanFr gml:id="K8_4695612090_3-1">
<gml:timePosition>2020-10-29</gml:timePosition>
</lfSpanFr>
<devDate gml:id="K8_4695612090_3-2">
<gml:timePosition>2021-07-01</gml:timePosition>
</devDate>
<orgGILvl>2500</orgGILvl>
<vis>表示</vis>
<pos>
<gml:Point gml:id="K8_4695612090_3-g" srsName="fguuid:jgd2011.bl">
<gml:pos>33.585507854 130.439283587</gml:pos>
</gml:Point>
</pos>
<type>大字・町・丁目</type>
<name>半道橋二丁目</name>
<admCode>00000</admCode>
</CommPt>
<CommPt gml:id="K8_4695612093_1">
<fid>46956-12093-i-2797</fid>
<lfSpanFr gml:id="K8_4695612093_1-1">
<gml:timePosition>2020-10-29</gml:timePosition>
</lfSpanFr>
<devDate gml:id="K8_4695612093_1-2">
<gml:timePosition>2021-07-01</gml:timePosition>
</devDate>
<orgGILvl>2500</orgGILvl>
<vis>表示</vis>
<pos>
<gml:Point gml:id="K8_4695612093_1-g" srsName="fguuid:jgd2011.bl">
<gml:pos>33.593758656 130.439091004</gml:pos>
</gml:Point>
</pos>
<type>大字・町・丁目</type>
<name>榎田二丁目</name>
<admCode>00000</admCode>
</CommPt>
<CommPt gml:id="K8_4695612093_2">
<fid>46956-12093-i-2798</fid>
<lfSpanFr gml:id="K8_4695612093_2-1">
<gml:timePosition>2020-10-29</gml:timePosition>
</lfSpanFr>
<devDate gml:id="K8_4695612093_2-2">
<gml:timePosition>2021-07-01</gml:timePosition>
</devDate>
<orgGILvl>2500</orgGILvl>
<vis>表示</vis>
<pos>
<gml:Point gml:id="K8_4695612093_2-g" srsName="fguuid:jgd2011.bl">
<gml:pos>33.595854917 130.437974566</gml:pos>
</gml:Point>
</pos>
<type>大字・町・丁目</type>
<name>榎田一丁目</name>
<admCode>00000</admCode>
</CommPt>
<CommPt gml:id="K8_4695612093_3">
<fid>46956-12093-i-2799</fid>
<lfSpanFr gml:id="K8_4695612093_3-1">
<gml:timePosition>2020-10-29</gml:timePosition>
</lfSpanFr>
<devDate gml:id="K8_4695612093_3-2">
<gml:timePosition>2021-07-01</gml:timePosition>
</devDate>
<orgGILvl>2500</orgGILvl>
<vis>表示</vis>
<pos>
<gml:Point gml:id="K8_4695612093_3-g" srsName="fguuid:jgd2011.bl">
<gml:pos>33.598531592 130.434116545</gml:pos>
</gml:Point>
</pos>
<type>大字・町・丁目</type>
<name>豊二丁目</name>
<admCode>00000</admCode>
</CommPt>
<CommPt gml:id="K8_4695612096_1">
<fid>46956-12096-i-4913</fid>
<lfSpanFr gml:id="K8_4695612096_1-1">
<gml:timePosition>2020-10-29</gml:timePosition>
</lfSpanFr>
<devDate gml:id="K8_4695612096_1-2">
<gml:timePosition>2021-07-01</gml:timePosition>
</devDate>
<orgGILvl>2500</orgGILvl>
<vis>表示</vis>
<pos>
<gml:Point gml:id="K8_4695612096_1-g" srsName="fguuid:jgd2011.bl">
<gml:pos>33.605349731 130.440767208</gml:pos>
</gml:Point>
</pos>
<type>大字・町・丁目</type>
<name>大井一丁目</name>
<admCode>00000</admCode>
</CommPt>
<CommPt gml:id="K8_4695612096_2">
<fid>46956-12096-i-4914</fid>
<lfSpanFr gml:id="K8_4695612096_2-1">
<gml:timePosition>2020-10-29</gml:timePosition>
</lfSpanFr>
<devDate gml:id="K8_4695612096_2-2">
<gml:timePosition>2021-07-01</gml:timePosition>
</devDate>
<orgGILvl>2500</orgGILvl>
<vis>表示</vis>
<pos>
<gml:Point gml:id="K8_4695612096_2-g" srsName="fguuid:jgd2011.bl">
<gml:pos>33.607711632 130.439212945</gml:pos>
</gml:Point>
</pos>
<type>大字・町・丁目</type>
<name>二又瀬</name>
<admCode>00000</admCode>
</CommPt>
<CommPt gml:id="K8_4695612096_3">
<fid>46956-12096-i-4915</fid>
<lfSpanFr gml:id="K8_4695612096_3-1">
<gml:timePosition>2020-10-29</gml:timePosition>
</lfSpanFr>
<devDate gml:id="K8_4695612096_3-2">
<gml:timePosition>2021-07-01</gml:timePosition>
</devDate>
<orgGILvl>2500</orgGILvl>
<vis>表示</vis>
<pos>
<gml:Point gml:id="K8_4695612096_3-g" srsName="fguuid:jgd2011.bl">
<gml:pos>33.604256498 130.434545834</gml:pos>
</gml:Point>
</pos>
<type>大字・町・丁目</type>
<name>吉塚八丁目</name>
<admCode>00000</admCode>
</CommPt>
<CommPt gml:id="K8_4695612099_1">
<fid>46956-12099-i-5610</fid>
<lfSpanFr gml:id="K8_4695612099_1-1">
<gml:timePosition>2020-10-29</gml:timePosition>
</lfSpanFr>
<devDate gml:id="K8_4695612099_1-2">
<gml:timePosition>2021-07-01</gml:timePosition>
</devDate>
<orgGILvl>2500</orgGILvl>
<vis>表示</vis>
<pos>
<gml:Point gml:id="K8_4695612099_1-g" srsName="fguuid:jgd2011.bl">
<gml:pos>33.610034097 130.441177599</gml:pos>
</gml:Point>
</pos>
<type>大字・町・丁目</type>
<name>二又瀬新町</name>
<admCode>00000</admCode>
</CommPt>
<CommPt gml:id="K8_4695612099_2">
<fid>46956-12099-i-5611</fid>
<lfSpanFr gml:id="K8_4695612099_2-1">
<gml:timePosition>2020-10-29</gml:timePosition>
</lfSpanFr>
<devDate gml:id="K8_4695612099_2-2">
<gml:timePosition>2021-07-01</gml:timePosition>
</devDate>
<orgGILvl>2500</orgGILvl>
<vis>表示</vis>
<pos>
<gml:Point gml:id="K8_4695612099_2-g" srsName="fguuid:jgd2011.bl">
<gml:pos>33.610537910 130.437762414</gml:pos>
</gml:Point>
</pos>
<type>大字・町・丁目</type>
<name>筥松新町</name>
<admCode>00000</admCode>
</CommPt>
<CommPt gml:id="K8_4695612099_3">
<fid>46956-12099-i-5612</fid>
<lfSpanFr gml:id="K8_4695612099_3-1">
<gml:timePosition>2020-10-29</gml:timePosition>
</lfSpanFr>
<devDate gml:id="K8_4695612099_3-2">
<gml:timePosition>2021-07-01</gml:timePosition>
</devDate>
<orgGILvl>2500</orgGILvl>
<vis>表示</vis>
<pos>
<gml:Point gml:id="K8_4695612099_3-g" srsName="fguuid:jgd2011.bl">
<gml:pos>33.609120793 130.434370433</gml:pos>
</gml:Point>
</pos>
<type>大字・町・丁目</type>
<name>社領三丁目</name>
<admCode>00000</admCode>
</CommPt>
<CommPt gml:id="K8_4695912096_1">
<fid>46959-12096-i-3567</fid>
<lfSpanFr gml:id="K8_4695912096_1-1">
<gml:timePosition>2020-10-29</gml:timePosition>
</lfSpanFr>
<devDate gml:id="K8_4695912096_1-2">
<gml:timePosition>2021-07-01</gml:timePosition>
</devDate>
<orgGILvl>2500</orgGILvl>
<vis>表示</vis>
<pos>
<gml:Point gml:id="K8_4695912096_1-g" srsName="fguuid:jgd2011.bl">
<gml:pos>33.605421237 130.446102499</gml:pos>
</gml:Point>
</pos>
<type>大字・町・丁目</type>
<name>御手洗二丁目</name>
<admCode>40343</admCode>
</CommPt>
<CommPt gml:id="K8_4695912096_2">
<fid>46959-12096-i-3568</fid>
<lfSpanFr gml:id="K8_4695912096_2-1">
<gml:timePosition>2020-10-29</gml:timePosition>
</lfSpanFr>
<devDate gml:id="K8_4695912096_2-2">
<gml:timePosition>2021-07-01</gml:timePosition>
</devDate>
<orgGILvl>2500</orgGILvl>
<vis>表示</vis>
<pos>
<gml:Point gml:id="K8_4695912096_2-g" srsName="fguuid:jgd2011.bl">
<gml:pos>33.606251713 130.448949032</gml:pos>
</gml:Point>
</pos>
<type>大字・町・丁目</type>
<name>御手洗一丁目</name>
<admCode>40343</admCode>
</CommPt>
<CommPt gml:id="K8_4695912096_3">
<fid>46959-12096-i-4296</fid>
<lfSpanFr gml:id="K8_4695912096_3-1">
<gml:timePosition>2020-10-29</gml:timePosition>
</lfSpanFr>
<devDate gml:id="K8_4695912096_3-2">
<gml:timePosition>2021-07-01</gml:timePosition>
</devDate>
<orgGILvl>2500</orgGILvl>
<vis>表示</vis>
<pos>
<gml:Point gml:id="K8_4695912096_3-g" srsName="fguuid:jgd2011.bl">
<gml:pos>33.603120983 130.446114519</gml:pos>
</gml:Point>
</pos>
<type>大字・町・丁目</type>
<name>空港前一丁目</name>
<admCode>00000</admCode>
</CommPt>
<CommPt gml:id="K8_4695912096_4">
<fid>46959-12096-i-4297</fid>
<lfSpanFr gml:id="K8_4695912096_4-1">
<gml:timePosition>2020-10-29</gml:timePosition>
</lfSpanFr>
<devDate gml:id="K8_4695912096_4-2">
<gml:timePosition>2021-07-01</gml:timePosition>
</devDate>
<orgGILvl>2500</orgGILvl>
<vis>表示</vis>
<pos>
<gml:Point gml:id="K8_4695912096_4-g" srsName="fguuid:jgd2011.bl">
<gml:pos>33.603740477 130.443794924</gml:pos>
</gml:Point>
</pos>
<type>大字・町・丁目</type>
<name>大井二丁目</name>
<admCode>00000</admCode>
</CommPt>
<CommPt gml:id="K8_4695912099_1">
<fid>46959-12099-i-1292</fid>
<lfSpanFr gml:id="K8_4695912099_1-1">
<gml:timePosition>2020-10-29</gml:timePosition>
</lfSpanFr>
<devDate gml:id="K8_4695912099_1-2">
<gml:timePosition>2021-07-01</gml:timePosition>
</devDate>
<orgGILvl>2500</orgGILvl>
<vis>表示</vis>
<pos>
<gml:Point gml:id="K8_4695912099_1-g" srsName="fguuid:jgd2011.bl">
<gml:pos>33.614244127 130.446036982</gml:pos>
</gml:Point>
</pos>
<type>大字・町・丁目</type>
<name>柚須</name>
<admCode>40349</admCode>
</CommPt>
<CommPt gml:id="K8_4696212090_1">
<fid>46962-12090-i-1700</fid>
<lfSpanFr gml:id="K8_4696212090_1-1">
<gml:timePosition>2020-10-29</gml:timePosition>
</lfSpanFr>
<devDate gml:id="K8_4696212090_1-2">
<gml:timePosition>2021-07-01</gml:timePosition>
</devDate>
<orgGILvl>2500</orgGILvl>
<vis>表示</vis>
<pos>
<gml:Point gml:id="K8_4696212090_1-g" srsName="fguuid:jgd2011.bl">
<gml:pos>33.588935843 130.458101079</gml:pos>
</gml:Point>
</pos>
<type>大字・町・丁目</type>
<name>東平尾公園二丁目</name>
<admCode>00000</admCode>
</CommPt>
<CommPt gml:id="K8_4696212090_2">
<fid>46962-12090-i-1701</fid>
<lfSpanFr gml:id="K8_4696212090_2-1">
<gml:timePosition>2020-10-29</gml:timePosition>
</lfSpanFr>
<devDate gml:id="K8_4696212090_2-2">
<gml:timePosition>2021-07-01</gml:timePosition>
</devDate>
<orgGILvl>2500</orgGILvl>
<vis>表示</vis>
<pos>
<gml:Point gml:id="K8_4696212090_2-g" srsName="fguuid:jgd2011.bl">
<gml:pos>33.591604624 130.453528495</gml:pos>
</gml:Point>
</pos>
<type>大字・町・丁目</type>
<name>青木一丁目</name>
<admCode>00000</admCode>
</CommPt>
<CommPt gml:id="K8_4696212090_3">
<fid>46962-12090-i-1702</fid>
<lfSpanFr gml:id="K8_4696212090_3-1">
<gml:timePosition>2020-10-29</gml:timePosition>
</lfSpanFr>
<devDate gml:id="K8_4696212090_3-2">
<gml:timePosition>2021-07-01</gml:timePosition>
</devDate>
<orgGILvl>2500</orgGILvl>
<vis>表示</vis>
<pos>
<gml:Point gml:id="K8_4696212090_3-g" srsName="fguuid:jgd2011.bl">
<gml:pos>33.586324603 130.457390163</gml:pos>
</gml:Point>
</pos>
<type>大字・町・丁目</type>
<name>東平尾二丁目</name>
<admCode>00000</admCode>
</CommPt>
<CommPt gml:id="K8_4696212090_4">
<fid>46962-12090-i-1703</fid>
<lfSpanFr gml:id="K8_4696212090_4-1">
<gml:timePosition>2020-10-29</gml:timePosition>
</lfSpanFr>
<devDate gml:id="K8_4696212090_4-2">
<gml:timePosition>2021-07-01</gml:timePosition>
</devDate>
<orgGILvl>2500</orgGILvl>
<vis>表示</vis>
<pos>
<gml:Point gml:id="K8_4696212090_4-g" srsName="fguuid:jgd2011.bl">
<gml:pos>33.589855970 130.455541055</gml:pos>
</gml:Point>
</pos>
<type>大字・町・丁目</type>
<name>東平尾一丁目</name>
<admCode>00000</admCode>
</CommPt>
<CommPt gml:id="K8_4696212093_1">
<fid>46962-12093-i-2310</fid>
<lfSpanFr gml:id="K8_4696212093_1-1">
<gml:timePosition>2020-10-29</gml:timePosition>
</lfSpanFr>
<devDate gml:id="K8_4696212093_1-2">
<gml:timePosition>2021-07-01</gml:timePosition>
</devDate>
<orgGILvl>2500</orgGILvl>
<vis>表示</vis>
<pos>
<gml:Point gml:id="K8_4696212093_1-g" srsName="fguuid:jgd2011.bl">
<gml:pos>33.598377516 130.457339525</gml:pos>
</gml:Point>
</pos>
<type>大字・町・丁目</type>
<name>別府西二丁目</name>
<admCode>40343</admCode>
</CommPt>
<CommPt gml:id="K8_4696212093_2">
<fid>46962-12093-i-3093</fid>
<lfSpanFr gml:id="K8_4696212093_2-1">
<gml:timePosition>2020-10-29</gml:timePosition>
</lfSpanFr>
<devDate gml:id="K8_4696212093_2-2">
<gml:timePosition>2021-07-01</gml:timePosition>
</devDate>
<orgGILvl>2500</orgGILvl>
<vis>表示</vis>
<pos>
<gml:Point gml:id="K8_4696212093_2-g" srsName="fguuid:jgd2011.bl">
<gml:pos>33.599255319 130.450084874</gml:pos>
</gml:Point>
</pos>
<type>大字・町・丁目</type>
<name>空港前二丁目</name>
<admCode>00000</admCode>
</CommPt>
<CommPt gml:id="K8_4696212093_3">
<fid>46962-12093-i-3094</fid>
<lfSpanFr gml:id="K8_4696212093_3-1">
<gml:timePosition>2020-10-29</gml:timePosition>
</lfSpanFr>
<devDate gml:id="K8_4696212093_3-2">
<gml:timePosition>2021-07-01</gml:timePosition>
</devDate>
<orgGILvl>2500</orgGILvl>
<vis>表示</vis>
<pos>
<gml:Point gml:id="K8_4696212093_3-g" srsName="fguuid:jgd2011.bl">
<gml:pos>33.596474853 130.451282113</gml:pos>
</gml:Point>
</pos>
<type>大字・町・丁目</type>
<name>空港前三丁目</name>
<admCode>00000</admCode>
</CommPt>
<CommPt gml:id="K8_4696212093_4">
<fid>46962-12093-i-3095</fid>
<lfSpanFr gml:id="K8_4696212093_4-1">
<gml:timePosition>2020-10-29</gml:timePosition>
</lfSpanFr>
<devDate gml:id="K8_4696212093_4-2">
<gml:timePosition>2021-07-01</gml:timePosition>
</devDate>
<orgGILvl>2500</orgGILvl>
<vis>表示</vis>
<pos>
<gml:Point gml:id="K8_4696212093_4-g" srsName="fguuid:jgd2011.bl">
<gml:pos>33.594265235 130.452707421</gml:pos>
</gml:Point>
</pos>
<type>大字・町・丁目</type>
<name>空港前四丁目</name>
<admCode>00000</admCode>
</CommPt>
<CommPt gml:id="K8_4696212093_5">
<fid>46962-12093-i-3096</fid>
<lfSpanFr gml:id="K8_4696212093_5-1">
<gml:timePosition>2020-10-29</gml:timePosition>
</lfSpanFr>
<devDate gml:id="K8_4696212093_5-2">
<gml:timePosition>2021-07-01</gml:timePosition>
</devDate>
<orgGILvl>2500</orgGILvl>
<vis>表示</vis>
<pos>
<gml:Point gml:id="K8_4696212093_5-g" srsName="fguuid:jgd2011.bl">
<gml:pos>33.594249424 130.457717321</gml:pos>
</gml:Point>
</pos>
<type>大字・町・丁目</type>
<name>青木二丁目</name>
<admCode>00000</admCode>
</CommPt>
<CommPt gml:id="K8_4696212096_1">
<fid>46962-12096-i-1450</fid>
<lfSpanFr gml:id="K8_4696212096_1-1">
<gml:timePosition>2020-10-29</gml:timePosition>
</lfSpanFr>
<devDate gml:id="K8_4696212096_1-2">
<gml:timePosition>2021-07-01</gml:timePosition>
</devDate>
<orgGILvl>2500</orgGILvl>
<vis>表示</vis>
<pos>
<gml:Point gml:id="K8_4696212096_1-g" srsName="fguuid:jgd2011.bl">
<gml:pos>33.604904211 130.451521445</gml:pos>
</gml:Point>
</pos>
<type>大字・町・丁目</type>
<name>別府北三丁目</name>
<admCode>40343</admCode>
</CommPt>
<CommPt gml:id="K8_4696212096_2">
<fid>46962-12096-i-1451</fid>
<lfSpanFr gml:id="K8_4696212096_2-1">
<gml:timePosition>2020-10-29</gml:timePosition>
</lfSpanFr>
<devDate gml:id="K8_4696212096_2-2">
<gml:timePosition>2021-07-01</gml:timePosition>
</devDate>
<orgGILvl>2500</orgGILvl>
<vis>表示</vis>
<pos>
<gml:Point gml:id="K8_4696212096_2-g" srsName="fguuid:jgd2011.bl">
<gml:pos>33.603217525 130.450674326</gml:pos>
</gml:Point>
</pos>
<type>大字・町・丁目</type>
<name>別府北四丁目</name>
<admCode>40343</admCode>
</CommPt>
<CommPt gml:id="K8_4696212096_3">
<fid>46962-12096-i-1452</fid>
<lfSpanFr gml:id="K8_4696212096_3-1">
<gml:timePosition>2020-10-29</gml:timePosition>
</lfSpanFr>
<devDate gml:id="K8_4696212096_3-2">
<gml:timePosition>2021-07-01</gml:timePosition>
</devDate>
<orgGILvl>2500</orgGILvl>
<vis>表示</vis>
<pos>
<gml:Point gml:id="K8_4696212096_3-g" srsName="fguuid:jgd2011.bl">
<gml:pos>33.606561216 130.453775013</gml:pos>
</gml:Point>
</pos>
<type>大字・町・丁目</type>
<name>別府北二丁目</name>
<admCode>40343</admCode>
</CommPt>
<CommPt gml:id="K8_4696212096_4">
<fid>46962-12096-i-1453</fid>
<lfSpanFr gml:id="K8_4696212096_4-1">
<gml:timePosition>2020-10-29</gml:timePosition>
</lfSpanFr>
<devDate gml:id="K8_4696212096_4-2">
<gml:timePosition>2021-07-01</gml:timePosition>
</devDate>
<orgGILvl>2500</orgGILvl>
<vis>表示</vis>
<pos>
<gml:Point gml:id="K8_4696212096_4-g" srsName="fguuid:jgd2011.bl">
<gml:pos>33.608184293 130.456859124</gml:pos>
</gml:Point>
</pos>
<type>大字・町・丁目</type>
<name>別府北一丁目</name>
<admCode>40343</admCode>
</CommPt>
<CommPt gml:id="K8_4696212096_5">
<fid>46962-12096-i-1454</fid>
<lfSpanFr gml:id="K8_4696212096_5-1">
<gml:timePosition>2020-10-29</gml:timePosition>
</lfSpanFr>
<devDate gml:id="K8_4696212096_5-2">
<gml:timePosition>2021-07-01</gml:timePosition>
</devDate>
<orgGILvl>2500</orgGILvl>
<vis>表示</vis>
<pos>
<gml:Point gml:id="K8_4696212096_5-g" srsName="fguuid:jgd2011.bl">
<gml:pos>33.603614591 130.456538760</gml:pos>
</gml:Point>
</pos>
<type>大字・町・丁目</type>
<name>別府三丁目</name>
<admCode>40343</admCode>
</CommPt>
<CommPt gml:id="K8_4696212096_6">
<fid>46962-12096-i-1455</fid>
<lfSpanFr gml:id="K8_4696212096_6-1">
<gml:timePosition>2020-10-29</gml:timePosition>
</lfSpanFr>
<devDate gml:id="K8_4696212096_6-2">
<gml:timePosition>2021-07-01</gml:timePosition>
</devDate>
<orgGILvl>2500</orgGILvl>
<vis>表示</vis>
<pos>
<gml:Point gml:id="K8_4696212096_6-g" srsName="fguuid:jgd2011.bl">
<gml:pos>33.600248346 130.455449768</gml:pos>
</gml:Point>
</pos>
<type>大字・町・丁目</type>
<name>別府西三丁目</name>
<admCode>40343</admCode>
</CommPt>
<CommPt gml:id="K8_4696212096_7">
<fid>46962-12096-i-1818</fid>
<lfSpanFr gml:id="K8_4696212096_7-1">
<gml:timePosition>2020-10-29</gml:timePosition>
</lfSpanFr>
<devDate gml:id="K8_4696212096_7-2">
<gml:timePosition>2021-07-01</gml:timePosition>
</devDate>
<orgGILvl>2500</orgGILvl>
<vis>表示</vis>
<pos>
<gml:Point gml:id="K8_4696212096_7-g" srsName="fguuid:jgd2011.bl">
<gml:pos>33.601742186 130.457485502</gml:pos>
</gml:Point>
</pos>
<type>大字・町・丁目</type>
<name>別府二丁目</name>
<admCode>00000</admCode>
</CommPt>
<CommPt gml:id="K8_4696212099_1">
<fid>46962-12099-i-1390</fid>
<lfSpanFr gml:id="K8_4696212099_1-1">
<gml:timePosition>2020-10-29</gml:timePosition>
</lfSpanFr>
<devDate gml:id="K8_4696212099_1-2">
<gml:timePosition>2021-07-01</gml:timePosition>
</devDate>
<orgGILvl>2500</orgGILvl>
<vis>表示</vis>
<pos>
<gml:Point gml:id="K8_4696212099_1-g" srsName="fguuid:jgd2011.bl">
<gml:pos>33.615414562 130.456825072</gml:pos>
</gml:Point>
</pos>
<type>大字・町・丁目</type>
<name>阿恵</name>
<admCode>40349</admCode>
</CommPt>
<CommPt gml:id="K8_4696512093_1">
<fid>46965-12093-i-1233</fid>
<lfSpanFr gml:id="K8_4696512093_1-1">
<gml:timePosition>2020-10-29</gml:timePosition>
</lfSpanFr>
<devDate gml:id="K8_4696512093_1-2">
<gml:timePosition>2021-07-01</gml:timePosition>
</devDate>
<orgGILvl>2500</orgGILvl>
<vis>表示</vis>
<pos>
<gml:Point gml:id="K8_4696512093_1-g" srsName="fguuid:jgd2011.bl">
<gml:pos>33.592759185 130.464462878</gml:pos>
</gml:Point>
</pos>
<type>大字・町・丁目</type>
<name>別府</name>
<admCode>40343</admCode>
</CommPt>
<CommPt gml:id="K8_4696512093_2">
<fid>46965-12093-i-1716</fid>
<lfSpanFr gml:id="K8_4696512093_2-1">
<gml:timePosition>2020-10-29</gml:timePosition>
</lfSpanFr>
<devDate gml:id="K8_4696512093_2-2">
<gml:timePosition>2021-07-01</gml:timePosition>
</devDate>
<orgGILvl>2500</orgGILvl>
<vis>表示</vis>
<pos>
<gml:Point gml:id="K8_4696512093_2-g" srsName="fguuid:jgd2011.bl">
<gml:pos>33.599334212 130.465098173</gml:pos>
</gml:Point>
</pos>
<type>大字・町・丁目</type>
<name>南里七丁目</name>
<admCode>00000</admCode>
</CommPt>
<CommPt gml:id="K8_4696512093_3">
<fid>46965-12093-i-1717</fid>
<lfSpanFr gml:id="K8_4696512093_3-1">
<gml:timePosition>2020-10-29</gml:timePosition>
</lfSpanFr>
<devDate gml:id="K8_4696512093_3-2">
<gml:timePosition>2021-07-01</gml:timePosition>
</devDate>
<orgGILvl>2500</orgGILvl>
<vis>表示</vis>
<pos>
<gml:Point gml:id="K8_4696512093_3-g" srsName="fguuid:jgd2011.bl">
<gml:pos>33.598830165 130.460567032</gml:pos>
</gml:Point>
</pos>
<type>大字・町・丁目</type>
<name>別府西一丁目</name>
<admCode>00000</admCode>
</CommPt>
<CommPt gml:id="K8_4696512093_4">
<fid>46965-12093-i-1718</fid>
<lfSpanFr gml:id="K8_4696512093_4-1">
<gml:timePosition>2020-10-29</gml:timePosition>
</lfSpanFr>
<devDate gml:id="K8_4696512093_4-2">
<gml:timePosition>2021-07-01</gml:timePosition>
</devDate>
<orgGILvl>2500</orgGILvl>
<vis>表示</vis>
<pos>
<gml:Point gml:id="K8_4696512093_4-g" srsName="fguuid:jgd2011.bl">
<gml:pos>33.596384378 130.465478391</gml:pos>
</gml:Point>
</pos>
<type>大字・町・丁目</type>
<name>別府東一丁目</name>
<admCode>00000</admCode>
</CommPt>
<CommPt gml:id="K8_4696512093_5">
<fid>46965-12093-i-1719</fid>
<lfSpanFr gml:id="K8_4696512093_5-1">
<gml:timePosition>2020-10-29</gml:timePosition>
</lfSpanFr>
<devDate gml:id="K8_4696512093_5-2">
<gml:timePosition>2021-07-01</gml:timePosition>
</devDate>
<orgGILvl>2500</orgGILvl>
<vis>表示</vis>
<pos>
<gml:Point gml:id="K8_4696512093_5-g" srsName="fguuid:jgd2011.bl">
<gml:pos>33.596937071 130.462681099</gml:pos>
</gml:Point>
</pos>
<type>大字・町・丁目</type>
<name>別府東三丁目</name>
<admCode>00000</admCode>
</CommPt>
<CommPt gml:id="K8_4696512093_6">
<fid>46965-12093-i-1720</fid>
<lfSpanFr gml:id="K8_4696512093_6-1">
<gml:timePosition>2020-10-29</gml:timePosition>
</lfSpanFr>
<devDate gml:id="K8_4696512093_6-2">
<gml:timePosition>2021-07-01</gml:timePosition>
</devDate>
<orgGILvl>2500</orgGILvl>
<vis>表示</vis>
<pos>
<gml:Point gml:id="K8_4696512093_6-g" srsName="fguuid:jgd2011.bl">
<gml:pos>33.595169023 130.464297493</gml:pos>
</gml:Point>
</pos>
<type>大字・町・丁目</type>
<name>別府東二丁目</name>
<admCode>00000</admCode>
</CommPt>
<CommPt gml:id="K8_4696512093_7">
<fid>46965-12093-i-1721</fid>
<lfSpanFr gml:id="K8_4696512093_7-1">
<gml:timePosition>2020-10-29</gml:timePosition>
</lfSpanFr>
<devDate gml:id="K8_4696512093_7-2">
<gml:timePosition>2021-07-01</gml:timePosition>
</devDate>
<orgGILvl>2500</orgGILvl>
<vis>表示</vis>
<pos>
<gml:Point gml:id="K8_4696512093_7-g" srsName="fguuid:jgd2011.bl">
<gml:pos>33.591821342 130.458482057</gml:pos>
</gml:Point>
</pos>
<type>大字・町・丁目</type>
<name>東平尾公園一丁目</name>
<admCode>00000</admCode>
</CommPt>
<CommPt gml:id="K8_4696512096_1">
<fid>46965-12096-i-1847</fid>
<lfSpanFr gml:id="K8_4696512096_1-1">
<gml:timePosition>2020-10-29</gml:timePosition>
</lfSpanFr>
<devDate gml:id="K8_4696512096_1-2">
<gml:timePosition>2021-07-01</gml:timePosition>
</devDate>
<orgGILvl>2500</orgGILvl>
<vis>表示</vis>
<pos>
<gml:Point gml:id="K8_4696512096_1-g" srsName="fguuid:jgd2011.bl">
<gml:pos>33.605457178 130.459675586</gml:pos>
</gml:Point>
</pos>
<type>大字・町・丁目</type>
<name>別府四丁目</name>
<admCode>40343</admCode>
</CommPt>
<CommPt gml:id="K8_4696512096_2">
<fid>46965-12096-i-1848</fid>
<lfSpanFr gml:id="K8_4696512096_2-1">
<gml:timePosition>2020-10-29</gml:timePosition>
</lfSpanFr>
<devDate gml:id="K8_4696512096_2-2">
<gml:timePosition>2021-07-01</gml:timePosition>
</devDate>
<orgGILvl>2500</orgGILvl>
<vis>表示</vis>
<pos>
<gml:Point gml:id="K8_4696512096_2-g" srsName="fguuid:jgd2011.bl">
<gml:pos>33.603174565 130.462284824</gml:pos>
</gml:Point>
</pos>
<type>大字・町・丁目</type>
<name>別府一丁目</name>
<admCode>40343</admCode>
</CommPt>
<CommPt gml:id="K8_4696512099_1">
<fid>46965-12099-i-1726</fid>
<lfSpanFr gml:id="K8_4696512099_1-1">
<gml:timePosition>2020-10-29</gml:timePosition>
</lfSpanFr>
<devDate gml:id="K8_4696512099_1-2">
<gml:timePosition>2021-07-01</gml:timePosition>
</devDate>
<orgGILvl>2500</orgGILvl>
<vis>表示</vis>
<pos>
<gml:Point gml:id="K8_4696512099_1-g" srsName="fguuid:jgd2011.bl">
<gml:pos>33.615740329 130.466403749</gml:pos>
</gml:Point>
</pos>
<type>大字・町・丁目</type>
<name>原町五丁目</name>
<admCode>40349</admCode>
</CommPt>
<CommPt gml:id="K8_4696512099_2">
<fid>46965-12099-i-1727</fid>
<lfSpanFr gml:id="K8_4696512099_2-1">
<gml:timePosition>2020-10-29</gml:timePosition>
</lfSpanFr>
<devDate gml:id="K8_4696512099_2-2">
<gml:timePosition>2021-07-01</gml:timePosition>
</devDate>
<orgGILvl>2500</orgGILvl>
<vis>表示</vis>
<pos>
<gml:Point gml:id="K8_4696512099_2-g" srsName="fguuid:jgd2011.bl">
<gml:pos>33.613308604 130.465126224</gml:pos>
</gml:Point>
</pos>
<type>大字・町・丁目</type>
<name>原町四丁目</name>
<admCode>40349</admCode>
</CommPt>
<CommPt gml:id="K8_4696512099_3">
<fid>46965-12099-i-1728</fid>
<lfSpanFr gml:id="K8_4696512099_3-1">
<gml:timePosition>2020-10-29</gml:timePosition>
</lfSpanFr>
<devDate gml:id="K8_4696512099_3-2">
<gml:timePosition>2021-07-01</gml:timePosition>
</devDate>
<orgGILvl>2500</orgGILvl>
<vis>表示</vis>
<pos>
<gml:Point gml:id="K8_4696512099_3-g" srsName="fguuid:jgd2011.bl">
<gml:pos>33.613346807 130.462490733</gml:pos>
</gml:Point>
</pos>
<type>大字・町・丁目</type>
<name>原町</name>
<admCode>40349</admCode>
</CommPt>
<CommPt gml:id="K8_4696512099_4">
<fid>46965-12099-i-1729</fid>
<lfSpanFr gml:id="K8_4696512099_4-1">
<gml:timePosition>2020-10-29</gml:timePosition>
</lfSpanFr>
<devDate gml:id="K8_4696512099_4-2">
<gml:timePosition>2021-07-01</gml:timePosition>
</devDate>
<orgGILvl>2500</orgGILvl>
<vis>表示</vis>
<pos>
<gml:Point gml:id="K8_4696512099_4-g" srsName="fguuid:jgd2011.bl">
<gml:pos>33.609704746 130.465324817</gml:pos>
</gml:Point>
</pos>
<type>大字・町・丁目</type>
<name>仲原三丁目</name>
<admCode>40349</admCode>
</CommPt>
<CommPt gml:id="K8_4696512099_5">
<fid>46965-12099-i-2063</fid>
<lfSpanFr gml:id="K8_4696512099_5-1">
<gml:timePosition>2020-10-29</gml:timePosition>
</lfSpanFr>
<devDate gml:id="K8_4696512099_5-2">
<gml:timePosition>2021-07-01</gml:timePosition>
</devDate>
<orgGILvl>2500</orgGILvl>
<vis>表示</vis>
<pos>
<gml:Point gml:id="K8_4696512099_5-g" srsName="fguuid:jgd2011.bl">
<gml:pos>33.615916417 130.464073034</gml:pos>
</gml:Point>
</pos>
<type>大字・町・丁目</type>
<name>原町</name>
<admCode>40349</admCode>
</CommPt>
<CommPt gml:id="K8_4696512099_6">
<fid>46965-12099-i-2064</fid>
<lfSpanFr gml:id="K8_4696512099_6-1">
<gml:timePosition>2020-10-29</gml:timePosition>
</lfSpanFr>
<devDate gml:id="K8_4696512099_6-2">
<gml:timePosition>2021-07-01</gml:timePosition>
</devDate>
<orgGILvl>2500</orgGILvl>
<vis>表示</vis>
<pos>
<gml:Point gml:id="K8_4696512099_6-g" srsName="fguuid:jgd2011.bl">
<gml:pos>33.610535486 130.459143460</gml:pos>
</gml:Point>
</pos>
<type>大字・町・丁目</type>
<name>仲原</name>
<admCode>40349</admCode>
</CommPt>
<CommPt gml:id="K8_4696512102_1">
<fid>46965-12102-i-1628</fid>
<lfSpanFr gml:id="K8_4696512102_1-1">
<gml:timePosition>2020-10-29</gml:timePosition>
</lfSpanFr>
<devDate gml:id="K8_4696512102_1-2">
<gml:timePosition>2021-07-01</gml:timePosition>
</devDate>
<orgGILvl>2500</orgGILvl>
<vis>表示</vis>
<pos>
<gml:Point gml:id="K8_4696512102_1-g" srsName="fguuid:jgd2011.bl">
<gml:pos>33.621048191 130.459332744</gml:pos>
</gml:Point>
</pos>
<type>大字・町・丁目</type>
<name>内橋</name>
<admCode>40349</admCode>
</CommPt>
<CommPt gml:id="K8_4696512102_2">
<fid>46965-12102-i-1955</fid>
<lfSpanFr gml:id="K8_4696512102_2-1">
<gml:timePosition>2020-10-29</gml:timePosition>
</lfSpanFr>
<devDate gml:id="K8_4696512102_2-2">
<gml:timePosition>2021-07-01</gml:timePosition>
</devDate>
<orgGILvl>2500</orgGILvl>
<vis>表示</vis>
<pos>
<gml:Point gml:id="K8_4696512102_2-g" srsName="fguuid:jgd2011.bl">
<gml:pos>33.624599489 130.465109797</gml:pos>
</gml:Point>
</pos>
<type>大字・町・丁目</type>
<name>戸原西四丁目</name>
<admCode>40349</admCode>
</CommPt>
<CommPt gml:id="K8_4696512102_3">
<fid>46965-12102-i-1956</fid>
<lfSpanFr gml:id="K8_4696512102_3-1">
<gml:timePosition>2020-10-29</gml:timePosition>
</lfSpanFr>
<devDate gml:id="K8_4696512102_3-2">
<gml:timePosition>2021-07-01</gml:timePosition>
</devDate>
<orgGILvl>2500</orgGILvl>
<vis>表示</vis>
<pos>
<gml:Point gml:id="K8_4696512102_3-g" srsName="fguuid:jgd2011.bl">
<gml:pos>33.617945336 130.465351071</gml:pos>
</gml:Point>
</pos>
<type>大字・町・丁目</type>
<name>長者原西三丁目</name>
<admCode>40349</admCode>
</CommPt>
<CommPt gml:id="K8_4696512102_4">
<fid>46965-12102-i-1957</fid>
<lfSpanFr gml:id="K8_4696512102_4-1">
<gml:timePosition>2020-10-29</gml:timePosition>
</lfSpanFr>
<devDate gml:id="K8_4696512102_4-2">
<gml:timePosition>2021-07-01</gml:timePosition>
</devDate>
<orgGILvl>2500</orgGILvl>
<vis>表示</vis>
<pos>
<gml:Point gml:id="K8_4696512102_4-g" srsName="fguuid:jgd2011.bl">
<gml:pos>33.619579428 130.465856801</gml:pos>
</gml:Point>
</pos>
<type>大字・町・丁目</type>
<name>長者原西四丁目</name>
<admCode>40349</admCode>
</CommPt>
<CommPt gml:id="K8_4696512105_1">
<fid>46965-12105-i-1548</fid>
<lfSpanFr gml:id="K8_4696512105_1-1">
<gml:timePosition>2020-10-29</gml:timePosition>
</lfSpanFr>
<devDate gml:id="K8_4696512105_1-2">
<gml:timePosition>2021-07-01</gml:timePosition>
</devDate>
<orgGILvl>2500</orgGILvl>
<vis>表示</vis>
<pos>
<gml:Point gml:id="K8_4696512105_1-g" srsName="fguuid:jgd2011.bl">
<gml:pos>33.627165494 130.466563996</gml:pos>
</gml:Point>
</pos>
<type>大字・町・丁目</type>
<name>戸原</name>
<admCode>40349</admCode>
</CommPt>
<CommPt gml:id="K8_4696812090_1">
<fid>46968-12090-i-2078</fid>
<lfSpanFr gml:id="K8_4696812090_1-1">
<gml:timePosition>2020-10-29</gml:timePosition>
</lfSpanFr>
<devDate gml:id="K8_4696812090_1-2">
<gml:timePosition>2021-07-01</gml:timePosition>
</devDate>
<orgGILvl>2500</orgGILvl>
<vis>表示</vis>
<pos>
<gml:Point gml:id="K8_4696812090_1-g" srsName="fguuid:jgd2011.bl">
<gml:pos>33.585077069 130.472932025</gml:pos>
</gml:Point>
</pos>
<type>大字・町・丁目</type>
<name>片峰中央四丁目</name>
<admCode>40343</admCode>
</CommPt>
<CommPt gml:id="K8_4696812090_2">
<fid>46968-12090-i-2737</fid>
<lfSpanFr gml:id="K8_4696812090_2-1">
<gml:timePosition>2020-10-29</gml:timePosition>
</lfSpanFr>
<devDate gml:id="K8_4696812090_2-2">
<gml:timePosition>2021-07-01</gml:timePosition>
</devDate>
<orgGILvl>2500</orgGILvl>
<vis>表示</vis>
<pos>
<gml:Point gml:id="K8_4696812090_2-g" srsName="fguuid:jgd2011.bl">
<gml:pos>33.591132241 130.467529498</gml:pos>
</gml:Point>
</pos>
<type>大字・町・丁目</type>
<name>王子三丁目</name>
<admCode>00000</admCode>
</CommPt>
<CommPt gml:id="K8_4696812090_3">
<fid>46968-12090-i-2738</fid>
<lfSpanFr gml:id="K8_4696812090_3-1">
<gml:timePosition>2020-10-29</gml:timePosition>
</lfSpanFr>
<devDate gml:id="K8_4696812090_3-2">
<gml:timePosition>2021-07-01</gml:timePosition>
</devDate>
<orgGILvl>2500</orgGILvl>
<vis>表示</vis>
<pos>
<gml:Point gml:id="K8_4696812090_3-g" srsName="fguuid:jgd2011.bl">
<gml:pos>33.588716894 130.473861947</gml:pos>
</gml:Point>
</pos>
<type>大字・町・丁目</type>
<name>片峰四丁目</name>
<admCode>00000</admCode>
</CommPt>
<CommPt gml:id="K8_4696812090_4">
<fid>46968-12090-i-2739</fid>
<lfSpanFr gml:id="K8_4696812090_4-1">
<gml:timePosition>2020-10-29</gml:timePosition>
</lfSpanFr>
<devDate gml:id="K8_4696812090_4-2">
<gml:timePosition>2021-07-01</gml:timePosition>
</devDate>
<orgGILvl>2500</orgGILvl>
<vis>表示</vis>
<pos>
<gml:Point gml:id="K8_4696812090_4-g" srsName="fguuid:jgd2011.bl">
<gml:pos>33.587791266 130.470991166</gml:pos>
</gml:Point>
</pos>
<type>大字・町・丁目</type>
<name>片峰三丁目</name>
<admCode>00000</admCode>
</CommPt>
<CommPt gml:id="K8_4696812090_5">
<fid>46968-12090-i-2740</fid>
<lfSpanFr gml:id="K8_4696812090_5-1">
<gml:timePosition>2020-10-29</gml:timePosition>
</lfSpanFr>
<devDate gml:id="K8_4696812090_5-2">
<gml:timePosition>2021-07-01</gml:timePosition>
</devDate>
<orgGILvl>2500</orgGILvl>
<vis>表示</vis>
<pos>
<gml:Point gml:id="K8_4696812090_5-g" srsName="fguuid:jgd2011.bl">
<gml:pos>33.591186733 130.471364225</gml:pos>
</gml:Point>
</pos>
<type>大字・町・丁目</type>
<name>王子一丁目</name>
<admCode>00000</admCode>
</CommPt>
<CommPt gml:id="K8_4696812090_6">
<fid>46968-12090-i-2741</fid>
<lfSpanFr gml:id="K8_4696812090_6-1">
<gml:timePosition>2020-10-29</gml:timePosition>
</lfSpanFr>
<devDate gml:id="K8_4696812090_6-2">
<gml:timePosition>2021-07-01</gml:timePosition>
</devDate>
<orgGILvl>2500</orgGILvl>
<vis>表示</vis>
<pos>
<gml:Point gml:id="K8_4696812090_6-g" srsName="fguuid:jgd2011.bl">
<gml:pos>33.588909704 130.468951689</gml:pos>
</gml:Point>
</pos>
<type>大字・町・丁目</type>
<name>王子二丁目</name>
<admCode>00000</admCode>
</CommPt>
<CommPt gml:id="K8_4696812090_7">
<fid>46968-12090-i-2742</fid>
<lfSpanFr gml:id="K8_4696812090_7-1">
<gml:timePosition>2020-10-29</gml:timePosition>
</lfSpanFr>
<devDate gml:id="K8_4696812090_7-2">
<gml:timePosition>2021-07-01</gml:timePosition>
</devDate>
<orgGILvl>2500</orgGILvl>
<vis>表示</vis>
<pos>
<gml:Point gml:id="K8_4696812090_7-g" srsName="fguuid:jgd2011.bl">
<gml:pos>33.585591806 130.474753218</gml:pos>
</gml:Point>
</pos>
<type>大字・町・丁目</type>
<name>片峰中央一丁目</name>
<admCode>00000</admCode>
</CommPt>
<CommPt gml:id="K8_4696812093_1">
<fid>46968-12093-i-2251</fid>
<lfSpanFr gml:id="K8_4696812093_1-1">
<gml:timePosition>2020-10-29</gml:timePosition>
</lfSpanFr>
<devDate gml:id="K8_4696812093_1-2">
<gml:timePosition>2021-07-01</gml:timePosition>
</devDate>
<orgGILvl>2500</orgGILvl>
<vis>表示</vis>
<pos>
<gml:Point gml:id="K8_4696812093_1-g" srsName="fguuid:jgd2011.bl">
<gml:pos>33.599651793 130.474167070</gml:pos>
</gml:Point>
</pos>
<type>大字・町・丁目</type>
<name>甲仲原四丁目</name>
<admCode>40349</admCode>
</CommPt>
<CommPt gml:id="K8_4696812093_2">
<fid>46968-12093-i-2298</fid>
<lfSpanFr gml:id="K8_4696812093_2-1">
<gml:timePosition>2020-10-29</gml:timePosition>
</lfSpanFr>
<devDate gml:id="K8_4696812093_2-2">
<gml:timePosition>2021-07-01</gml:timePosition>
</devDate>
<orgGILvl>2500</orgGILvl>
<vis>表示</vis>
<pos>
<gml:Point gml:id="K8_4696812093_2-g" srsName="fguuid:jgd2011.bl">
<gml:pos>33.599021986 130.472622118</gml:pos>
</gml:Point>
</pos>
<type>大字・町・丁目</type>
<name>南里五丁目</name>
<admCode>00000</admCode>
</CommPt>
<CommPt gml:id="K8_4696812093_3">
<fid>46968-12093-i-2299</fid>
<lfSpanFr gml:id="K8_4696812093_3-1">
<gml:timePosition>2020-10-29</gml:timePosition>
</lfSpanFr>
<devDate gml:id="K8_4696812093_3-2">
<gml:timePosition>2021-07-01</gml:timePosition>
</devDate>
<orgGILvl>2500</orgGILvl>
<vis>表示</vis>
<pos>
<gml:Point gml:id="K8_4696812093_3-g" srsName="fguuid:jgd2011.bl">
<gml:pos>33.599779875 130.468249565</gml:pos>
</gml:Point>
</pos>
<type>大字・町・丁目</type>
<name>南里六丁目</name>
<admCode>00000</admCode>
</CommPt>
<CommPt gml:id="K8_4696812093_4">
<fid>46968-12093-i-2300</fid>
<lfSpanFr gml:id="K8_4696812093_4-1">
<gml:timePosition>2020-10-29</gml:timePosition>
</lfSpanFr>
<devDate gml:id="K8_4696812093_4-2">
<gml:timePosition>2021-07-01</gml:timePosition>
</devDate>
<orgGILvl>2500</orgGILvl>
<vis>表示</vis>
<pos>
<gml:Point gml:id="K8_4696812093_4-g" srsName="fguuid:jgd2011.bl">
<gml:pos>33.592425729 130.473037952</gml:pos>
</gml:Point>
</pos>
<type>大字・町・丁目</type>
<name>南里一丁目</name>
<admCode>00000</admCode>
</CommPt>
<CommPt gml:id="K8_4696812093_5">
<fid>46968-12093-i-2301</fid>
<lfSpanFr gml:id="K8_4696812093_5-1">
<gml:timePosition>2020-10-29</gml:timePosition>
</lfSpanFr>
<devDate gml:id="K8_4696812093_5-2">
<gml:timePosition>2021-07-01</gml:timePosition>
</devDate>
<orgGILvl>2500</orgGILvl>
<vis>表示</vis>
<pos>
<gml:Point gml:id="K8_4696812093_5-g" srsName="fguuid:jgd2011.bl">
<gml:pos>33.597796265 130.470921549</gml:pos>
</gml:Point>
</pos>
<type>大字・町・丁目</type>
<name>南里四丁目</name>
<admCode>00000</admCode>
</CommPt>
<CommPt gml:id="K8_4696812093_6">
<fid>46968-12093-i-2302</fid>
<lfSpanFr gml:id="K8_4696812093_6-1">
<gml:timePosition>2020-10-29</gml:timePosition>
</lfSpanFr>
<devDate gml:id="K8_4696812093_6-2">
<gml:timePosition>2021-07-01</gml:timePosition>
</devDate>
<orgGILvl>2500</orgGILvl>
<vis>表示</vis>
<pos>
<gml:Point gml:id="K8_4696812093_6-g" srsName="fguuid:jgd2011.bl">
<gml:pos>33.596496539 130.467345369</gml:pos>
</gml:Point>
</pos>
<type>大字・町・丁目</type>
<name>南里三丁目</name>
<admCode>00000</admCode>
</CommPt>
<CommPt gml:id="K8_4696812093_7">
<fid>46968-12093-i-2303</fid>
<lfSpanFr gml:id="K8_4696812093_7-1">
<gml:timePosition>2020-10-29</gml:timePosition>
</lfSpanFr>
<devDate gml:id="K8_4696812093_7-2">
<gml:timePosition>2021-07-01</gml:timePosition>
</devDate>
<orgGILvl>2500</orgGILvl>
<vis>表示</vis>
<pos>
<gml:Point gml:id="K8_4696812093_7-g" srsName="fguuid:jgd2011.bl">
<gml:pos>33.594977799 130.473523978</gml:pos>
</gml:Point>
</pos>
<type>大字・町・丁目</type>
<name>南里二丁目</name>
<admCode>00000</admCode>
</CommPt>
<CommPt gml:id="K8_4696812093_8">
<fid>46968-12093-i-2304</fid>
<lfSpanFr gml:id="K8_4696812093_8-1">
<gml:timePosition>2020-10-29</gml:timePosition>
</lfSpanFr>
<devDate gml:id="K8_4696812093_8-2">
<gml:timePosition>2021-07-01</gml:timePosition>
</devDate>
<orgGILvl>2500</orgGILvl>
<vis>表示</vis>
<pos>
<gml:Point gml:id="K8_4696812093_8-g" srsName="fguuid:jgd2011.bl">
<gml:pos>33.593339744 130.468567597</gml:pos>
</gml:Point>
</pos>
<type>大字・町・丁目</type>
<name>王子四丁目</name>
<admCode>00000</admCode>
</CommPt>
<CommPt gml:id="K8_4696812096_1">
<fid>46968-12096-i-1941</fid>
<lfSpanFr gml:id="K8_4696812096_1-1">
<gml:timePosition>2020-10-29</gml:timePosition>
</lfSpanFr>
<devDate gml:id="K8_4696812096_1-2">
<gml:timePosition>2021-07-01</gml:timePosition>
</devDate>
<orgGILvl>2500</orgGILvl>
<vis>表示</vis>
<pos>
<gml:Point gml:id="K8_4696812096_1-g" srsName="fguuid:jgd2011.bl">
<gml:pos>33.606570924 130.470896729</gml:pos>
</gml:Point>
</pos>
<type>大字・町・丁目</type>
<name>仲原一丁目</name>
<admCode>40349</admCode>
</CommPt>
<CommPt gml:id="K8_4696812096_2">
<fid>46968-12096-i-1942</fid>
<lfSpanFr gml:id="K8_4696812096_2-1">
<gml:timePosition>2020-10-29</gml:timePosition>
</lfSpanFr>
<devDate gml:id="K8_4696812096_2-2">
<gml:timePosition>2021-07-01</gml:timePosition>
</devDate>
<orgGILvl>2500</orgGILvl>
<vis>表示</vis>
<pos>
<gml:Point gml:id="K8_4696812096_2-g" srsName="fguuid:jgd2011.bl">
<gml:pos>33.604750341 130.474831976</gml:pos>
</gml:Point>
</pos>
<type>大字・町・丁目</type>
<name>甲仲原二丁目</name>
<admCode>40349</admCode>
</CommPt>
<CommPt gml:id="K8_4696812096_3">
<fid>46968-12096-i-1943</fid>
<lfSpanFr gml:id="K8_4696812096_3-1">
<gml:timePosition>2020-10-29</gml:timePosition>
</lfSpanFr>
<devDate gml:id="K8_4696812096_3-2">
<gml:timePosition>2021-07-01</gml:timePosition>
</devDate>
<orgGILvl>2500</orgGILvl>
<vis>表示</vis>
<pos>
<gml:Point gml:id="K8_4696812096_3-g" srsName="fguuid:jgd2011.bl">
<gml:pos>33.603397469 130.471784175</gml:pos>
</gml:Point>
</pos>
<type>大字・町・丁目</type>
<name>甲仲原三丁目</name>
<admCode>40349</admCode>
</CommPt>
<CommPt gml:id="K8_4696812099_1">
<fid>46968-12099-i-2138</fid>
<lfSpanFr gml:id="K8_4696812099_1-1">
<gml:timePosition>2020-10-29</gml:timePosition>
</lfSpanFr>
<devDate gml:id="K8_4696812099_1-2">
<gml:timePosition>2021-07-01</gml:timePosition>
</devDate>
<orgGILvl>2500</orgGILvl>
<vis>表示</vis>
<pos>
<gml:Point gml:id="K8_4696812099_1-g" srsName="fguuid:jgd2011.bl">
<gml:pos>33.615525063 130.469839746</gml:pos>
</gml:Point>
</pos>
<type>大字・町・丁目</type>
<name>原町三丁目</name>
<admCode>40349</admCode>
</CommPt>
<CommPt gml:id="K8_4696812099_2">
<fid>46968-12099-i-2139</fid>
<lfSpanFr gml:id="K8_4696812099_2-1">
<gml:timePosition>2020-10-29</gml:timePosition>
</lfSpanFr>
<devDate gml:id="K8_4696812099_2-2">
<gml:timePosition>2021-07-01</gml:timePosition>
</devDate>
<orgGILvl>2500</orgGILvl>
<vis>表示</vis>
<pos>
<gml:Point gml:id="K8_4696812099_2-g" srsName="fguuid:jgd2011.bl">
<gml:pos>33.614916257 130.473419145</gml:pos>
</gml:Point>
</pos>
<type>大字・町・丁目</type>
<name>若宮二丁目</name>
<admCode>40349</admCode>
</CommPt>
<CommPt gml:id="K8_4696812099_3">
<fid>46968-12099-i-2140</fid>
<lfSpanFr gml:id="K8_4696812099_3-1">
<gml:timePosition>2020-10-29</gml:timePosition>
</lfSpanFr>
<devDate gml:id="K8_4696812099_3-2">
<gml:timePosition>2021-07-01</gml:timePosition>
</devDate>
<orgGILvl>2500</orgGILvl>
<vis>表示</vis>
<pos>
<gml:Point gml:id="K8_4696812099_3-g" srsName="fguuid:jgd2011.bl">
<gml:pos>33.613227007 130.469372878</gml:pos>
</gml:Point>
</pos>
<type>大字・町・丁目</type>
<name>原町二丁目</name>
<admCode>40349</admCode>
</CommPt>
<CommPt gml:id="K8_4696812099_4">
<fid>46968-12099-i-2141</fid>
<lfSpanFr gml:id="K8_4696812099_4-1">
<gml:timePosition>2020-10-29</gml:timePosition>
</lfSpanFr>
<devDate gml:id="K8_4696812099_4-2">
<gml:timePosition>2021-07-01</gml:timePosition>
</devDate>
<orgGILvl>2500</orgGILvl>
<vis>表示</vis>
<pos>
<gml:Point gml:id="K8_4696812099_4-g" srsName="fguuid:jgd2011.bl">
<gml:pos>33.611609067 130.467097229</gml:pos>
</gml:Point>
</pos>
<type>大字・町・丁目</type>
<name>原町一丁目</name>
<admCode>40349</admCode>
</CommPt>
<CommPt gml:id="K8_4696812099_5">
<fid>46968-12099-i-2142</fid>
<lfSpanFr gml:id="K8_4696812099_5-1">
<gml:timePosition>2020-10-29</gml:timePosition>
</lfSpanFr>
<devDate gml:id="K8_4696812099_5-2">
<gml:timePosition>2021-07-01</gml:timePosition>
</devDate>
<orgGILvl>2500</orgGILvl>
<vis>表示</vis>
<pos>
<gml:Point gml:id="K8_4696812099_5-g" srsName="fguuid:jgd2011.bl">
<gml:pos>33.609321834 130.469118463</gml:pos>
</gml:Point>
</pos>
<type>大字・町・丁目</type>
<name>仲原二丁目</name>
<admCode>40349</admCode>
</CommPt>
<CommPt gml:id="K8_4696812099_6">
<fid>46968-12099-i-2143</fid>
<lfSpanFr gml:id="K8_4696812099_6-1">
<gml:timePosition>2020-10-29</gml:timePosition>
</lfSpanFr>
<devDate gml:id="K8_4696812099_6-2">
<gml:timePosition>2021-07-01</gml:timePosition>
</devDate>
<orgGILvl>2500</orgGILvl>
<vis>表示</vis>
<pos>
<gml:Point gml:id="K8_4696812099_6-g" srsName="fguuid:jgd2011.bl">
<gml:pos>33.610940377 130.472678928</gml:pos>
</gml:Point>
</pos>
<type>大字・町・丁目</type>
<name>花ヶ浦三丁目</name>
<admCode>40349</admCode>
</CommPt>
<CommPt gml:id="K8_4696812099_7">
<fid>46968-12099-i-2144</fid>
<lfSpanFr gml:id="K8_4696812099_7-1">
<gml:timePosition>2020-10-29</gml:timePosition>
</lfSpanFr>
<devDate gml:id="K8_4696812099_7-2">
<gml:timePosition>2021-07-01</gml:timePosition>
</devDate>
<orgGILvl>2500</orgGILvl>
<vis>表示</vis>
<pos>
<gml:Point gml:id="K8_4696812099_7-g" srsName="fguuid:jgd2011.bl">
<gml:pos>33.613076652 130.474446020</gml:pos>
</gml:Point>
</pos>
<type>大字・町・丁目</type>
<name>若宮一丁目</name>
<admCode>40349</admCode>
</CommPt>
<CommPt gml:id="K8_4696812099_8">
<fid>46968-12099-i-2145</fid>
<lfSpanFr gml:id="K8_4696812099_8-1">
<gml:timePosition>2020-10-29</gml:timePosition>
</lfSpanFr>
<devDate gml:id="K8_4696812099_8-2">
<gml:timePosition>2021-07-01</gml:timePosition>
</devDate>
<orgGILvl>2500</orgGILvl>
<vis>表示</vis>
<pos>
<gml:Point gml:id="K8_4696812099_8-g" srsName="fguuid:jgd2011.bl">
<gml:pos>33.608706775 130.473813381</gml:pos>
</gml:Point>
</pos>
<type>大字・町・丁目</type>
<name>花ヶ浦四丁目</name>
<admCode>40349</admCode>
</CommPt>
<CommPt gml:id="K8_4696812102_1">
<fid>46968-12102-i-2115</fid>
<lfSpanFr gml:id="K8_4696812102_1-1">
<gml:timePosition>2020-10-29</gml:timePosition>
</lfSpanFr>
<devDate gml:id="K8_4696812102_1-2">
<gml:timePosition>2021-07-01</gml:timePosition>
</devDate>
<orgGILvl>2500</orgGILvl>
<vis>表示</vis>
<pos>
<gml:Point gml:id="K8_4696812102_1-g" srsName="fguuid:jgd2011.bl">
<gml:pos>33.617752823 130.473455041</gml:pos>
</gml:Point>
</pos>
<type>大字・町・丁目</type>
<name>長者原西一丁目</name>
<admCode>40349</admCode>
</CommPt>
<CommPt gml:id="K8_4696812102_2">
<fid>46968-12102-i-2116</fid>
<lfSpanFr gml:id="K8_4696812102_2-1">
<gml:timePosition>2020-10-29</gml:timePosition>
</lfSpanFr>
<devDate gml:id="K8_4696812102_2-2">
<gml:timePosition>2021-07-01</gml:timePosition>
</devDate>
<orgGILvl>2500</orgGILvl>
<vis>表示</vis>
<pos>
<gml:Point gml:id="K8_4696812102_2-g" srsName="fguuid:jgd2011.bl">
<gml:pos>33.622439739 130.474320871</gml:pos>
</gml:Point>
</pos>
<type>大字・町・丁目</type>
<name>戸原東二丁目</name>
<admCode>40349</admCode>
</CommPt>
<CommPt gml:id="K8_4696812102_3">
<fid>46968-12102-i-2117</fid>
<lfSpanFr gml:id="K8_4696812102_3-1">
<gml:timePosition>2020-10-29</gml:timePosition>
</lfSpanFr>
<devDate gml:id="K8_4696812102_3-2">
<gml:timePosition>2021-07-01</gml:timePosition>
</devDate>
<orgGILvl>2500</orgGILvl>
<vis>表示</vis>
<pos>
<gml:Point gml:id="K8_4696812102_3-g" srsName="fguuid:jgd2011.bl">
<gml:pos>33.621516064 130.467677221</gml:pos>
</gml:Point>
</pos>
<type>大字・町・丁目</type>
<name>戸原西三丁目</name>
<admCode>40349</admCode>
</CommPt>
<CommPt gml:id="K8_4696812102_4">
<fid>46968-12102-i-2118</fid>
<lfSpanFr gml:id="K8_4696812102_4-1">
<gml:timePosition>2020-10-29</gml:timePosition>
</lfSpanFr>
<devDate gml:id="K8_4696812102_4-2">
<gml:timePosition>2021-07-01</gml:timePosition>
</devDate>
<orgGILvl>2500</orgGILvl>
<vis>表示</vis>
<pos>
<gml:Point gml:id="K8_4696812102_4-g" srsName="fguuid:jgd2011.bl">
<gml:pos>33.618666476 130.470560959</gml:pos>
</gml:Point>
</pos>
<type>大字・町・丁目</type>
<name>長者原西二丁目</name>
<admCode>40349</admCode>
</CommPt>
<CommPt gml:id="K8_4696812102_5">
<fid>46968-12102-i-2119</fid>
<lfSpanFr gml:id="K8_4696812102_5-1">
<gml:timePosition>2020-10-29</gml:timePosition>
</lfSpanFr>
<devDate gml:id="K8_4696812102_5-2">
<gml:timePosition>2021-07-01</gml:timePosition>
</devDate>
<orgGILvl>2500</orgGILvl>
<vis>表示</vis>
<pos>
<gml:Point gml:id="K8_4696812102_5-g" srsName="fguuid:jgd2011.bl">
<gml:pos>33.621817988 130.471472876</gml:pos>
</gml:Point>
</pos>
<type>大字・町・丁目</type>
<name>戸原西一丁目</name>
<admCode>40349</admCode>
</CommPt>
<CommPt gml:id="K8_4696812105_1">
<fid>46968-12105-i-1802</fid>
<lfSpanFr gml:id="K8_4696812105_1-1">
<gml:timePosition>2020-10-29</gml:timePosition>
</lfSpanFr>
<devDate gml:id="K8_4696812105_1-2">
<gml:timePosition>2021-07-01</gml:timePosition>
</devDate>
<orgGILvl>2500</orgGILvl>
<vis>表示</vis>
<pos>
<gml:Point gml:id="K8_4696812105_1-g" srsName="fguuid:jgd2011.bl">
<gml:pos>33.625040626 130.470378948</gml:pos>
</gml:Point>
</pos>
<type>大字・町・丁目</type>
<name>戸原西二丁目</name>
<admCode>40349</admCode>
</CommPt>
<CommPt gml:id="K8_4696812105_2">
<fid>46968-12105-i-1803</fid>
<lfSpanFr gml:id="K8_4696812105_2-1">
<gml:timePosition>2020-10-29</gml:timePosition>
</lfSpanFr>
<devDate gml:id="K8_4696812105_2-2">
<gml:timePosition>2021-07-01</gml:timePosition>
</devDate>
<orgGILvl>2500</orgGILvl>
<vis>表示</vis>
<pos>
<gml:Point gml:id="K8_4696812105_2-g" srsName="fguuid:jgd2011.bl">
<gml:pos>33.625594980 130.471878999</gml:pos>
</gml:Point>
</pos>
<type>大字・町・丁目</type>
<name>戸原東三丁目</name>
<admCode>40349</admCode>
</CommPt>
<CommPt gml:id="K8_4697112090_1">
<fid>46971-12090-i-1902</fid>
<lfSpanFr gml:id="K8_4697112090_1-1">
<gml:timePosition>2020-10-29</gml:timePosition>
</lfSpanFr>
<devDate gml:id="K8_4697112090_1-2">
<gml:timePosition>2021-07-01</gml:timePosition>
</devDate>
<orgGILvl>2500</orgGILvl>
<vis>表示</vis>
<pos>
<gml:Point gml:id="K8_4697112090_1-g" srsName="fguuid:jgd2011.bl">
<gml:pos>33.589892597 130.475076870</gml:pos>
</gml:Point>
</pos>
<type>大字・町・丁目</type>
<name>片峰一丁目</name>
<admCode>00000</admCode>
</CommPt>
<CommPt gml:id="K8_4697112090_2">
<fid>46971-12090-i-1903</fid>
<lfSpanFr gml:id="K8_4697112090_2-1">
<gml:timePosition>2020-10-29</gml:timePosition>
</lfSpanFr>
<devDate gml:id="K8_4697112090_2-2">
<gml:timePosition>2021-07-01</gml:timePosition>
</devDate>
<orgGILvl>2500</orgGILvl>
<vis>表示</vis>
<pos>
<gml:Point gml:id="K8_4697112090_2-g" srsName="fguuid:jgd2011.bl">
<gml:pos>33.587215179 130.475521434</gml:pos>
</gml:Point>
</pos>
<type>大字・町・丁目</type>
<name>片峰二丁目</name>
<admCode>00000</admCode>
</CommPt>
<CommPt gml:id="K8_4697112090_3">
<fid>46971-12090-i-1904</fid>
<lfSpanFr gml:id="K8_4697112090_3-1">
<gml:timePosition>2020-10-29</gml:timePosition>
</lfSpanFr>
<devDate gml:id="K8_4697112090_3-2">
<gml:timePosition>2021-07-01</gml:timePosition>
</devDate>
<orgGILvl>2500</orgGILvl>
<vis>表示</vis>
<pos>
<gml:Point gml:id="K8_4697112090_3-g" srsName="fguuid:jgd2011.bl">
<gml:pos>33.584275293 130.477432383</gml:pos>
</gml:Point>
</pos>
<type>大字・町・丁目</type>
<name>片峰中央二丁目</name>
<admCode>00000</admCode>
</CommPt>
<CommPt gml:id="K8_4697112090_4">
<fid>46971-12090-i-1905</fid>
<lfSpanFr gml:id="K8_4697112090_4-1">
<gml:timePosition>2020-10-29</gml:timePosition>
</lfSpanFr>
<devDate gml:id="K8_4697112090_4-2">
<gml:timePosition>2021-07-01</gml:timePosition>
</devDate>
<orgGILvl>2500</orgGILvl>
<vis>表示</vis>
<pos>
<gml:Point gml:id="K8_4697112090_4-g" srsName="fguuid:jgd2011.bl">
<gml:pos>33.585500328 130.482057757</gml:pos>
</gml:Point>
</pos>
<type>大字・町・丁目</type>
<name>志免四丁目</name>
<admCode>00000</admCode>
</CommPt>
<CommPt gml:id="K8_4697112090_5">
<fid>46971-12090-i-1906</fid>
<lfSpanFr gml:id="K8_4697112090_5-1">
<gml:timePosition>2020-10-29</gml:timePosition>
</lfSpanFr>
<devDate gml:id="K8_4697112090_5-2">
<gml:timePosition>2021-07-01</gml:timePosition>
</devDate>
<orgGILvl>2500</orgGILvl>
<vis>表示</vis>
<pos>
<gml:Point gml:id="K8_4697112090_5-g" srsName="fguuid:jgd2011.bl">
<gml:pos>33.591209406 130.481037737</gml:pos>
</gml:Point>
</pos>
<type>大字・町・丁目</type>
<name>志免中央一丁目</name>
<admCode>00000</admCode>
</CommPt>
<CommPt gml:id="K8_4697112090_6">
<fid>46971-12090-i-1907</fid>
<lfSpanFr gml:id="K8_4697112090_6-1">
<gml:timePosition>2020-10-29</gml:timePosition>
</lfSpanFr>
<devDate gml:id="K8_4697112090_6-2">
<gml:timePosition>2021-07-01</gml:timePosition>
</devDate>
<orgGILvl>2500</orgGILvl>
<vis>表示</vis>
<pos>
<gml:Point gml:id="K8_4697112090_6-g" srsName="fguuid:jgd2011.bl">
<gml:pos>33.587136608 130.480794068</gml:pos>
</gml:Point>
</pos>
<type>大字・町・丁目</type>
<name>志免中央三丁目</name>
<admCode>00000</admCode>
</CommPt>
<CommPt gml:id="K8_4697112090_7">
<fid>46971-12090-i-1908</fid>
<lfSpanFr gml:id="K8_4697112090_7-1">
<gml:timePosition>2020-10-29</gml:timePosition>
</lfSpanFr>
<devDate gml:id="K8_4697112090_7-2">
<gml:timePosition>2021-07-01</gml:timePosition>
</devDate>
<orgGILvl>2500</orgGILvl>
<vis>表示</vis>
<pos>
<gml:Point gml:id="K8_4697112090_7-g" srsName="fguuid:jgd2011.bl">
<gml:pos>33.589126268 130.482914139</gml:pos>
</gml:Point>
</pos>
<type>大字・町・丁目</type>
<name>志免中央二丁目</name>
<admCode>00000</admCode>
</CommPt>
<CommPt gml:id="K8_4697112090_8">
<fid>46971-12090-i-1909</fid>
<lfSpanFr gml:id="K8_4697112090_8-1">
<gml:timePosition>2020-10-29</gml:timePosition>
</lfSpanFr>
<devDate gml:id="K8_4697112090_8-2">
<gml:timePosition>2021-07-01</gml:timePosition>
</devDate>
<orgGILvl>2500</orgGILvl>
<vis>表示</vis>
<pos>
<gml:Point gml:id="K8_4697112090_8-g" srsName="fguuid:jgd2011.bl">
<gml:pos>33.589832305 130.478707801</gml:pos>
</gml:Point>
</pos>
<type>大字・町・丁目</type>
<name>志免中央四丁目</name>
<admCode>00000</admCode>
</CommPt>
<CommPt gml:id="K8_4697112093_1">
<fid>46971-12093-i-1758</fid>
<lfSpanFr gml:id="K8_4697112093_1-1">
<gml:timePosition>2020-10-29</gml:timePosition>
</lfSpanFr>
<devDate gml:id="K8_4697112093_1-2">
<gml:timePosition>2021-07-01</gml:timePosition>
</devDate>
<orgGILvl>2500</orgGILvl>
<vis>表示</vis>
<pos>
<gml:Point gml:id="K8_4697112093_1-g" srsName="fguuid:jgd2011.bl">
<gml:pos>33.599311860 130.483232452</gml:pos>
</gml:Point>
</pos>
<type>大字・町・丁目</type>
<name>酒殿</name>
<admCode>40349</admCode>
</CommPt>
<CommPt gml:id="K8_4697112093_2">
<fid>46971-12093-i-2186</fid>
<lfSpanFr gml:id="K8_4697112093_2-1">
<gml:timePosition>2020-10-29</gml:timePosition>
</lfSpanFr>
<devDate gml:id="K8_4697112093_2-2">
<gml:timePosition>2021-07-01</gml:timePosition>
</devDate>
<orgGILvl>2500</orgGILvl>
<vis>表示</vis>
<pos>
<gml:Point gml:id="K8_4697112093_2-g" srsName="fguuid:jgd2011.bl">
<gml:pos>33.596651169 130.476363569</gml:pos>
</gml:Point>
</pos>
<type>大字・町・丁目</type>
<name>南里</name>
<admCode>00000</admCode>
</CommPt>
<CommPt gml:id="K8_4697112096_1">
<fid>46971-12096-i-1639</fid>
<lfSpanFr gml:id="K8_4697112096_1-1">
<gml:timePosition>2020-10-29</gml:timePosition>
</lfSpanFr>
<devDate gml:id="K8_4697112096_1-2">
<gml:timePosition>2021-07-01</gml:timePosition>
</devDate>
<orgGILvl>2500</orgGILvl>
<vis>表示</vis>
<pos>
<gml:Point gml:id="K8_4697112096_1-g" srsName="fguuid:jgd2011.bl">
<gml:pos>33.606002611 130.478444242</gml:pos>
</gml:Point>
</pos>
<type>大字・町・丁目</type>
<name>甲仲原一丁目</name>
<admCode>40349</admCode>
</CommPt>
<CommPt gml:id="K8_4697112099_1">
<fid>46971-12099-i-1815</fid>
<lfSpanFr gml:id="K8_4697112099_1-1">
<gml:timePosition>2020-10-29</gml:timePosition>
</lfSpanFr>
<devDate gml:id="K8_4697112099_1-2">
<gml:timePosition>2021-07-01</gml:timePosition>
</devDate>
<orgGILvl>2500</orgGILvl>
<vis>表示</vis>
<pos>
<gml:Point gml:id="K8_4697112099_1-g" srsName="fguuid:jgd2011.bl">
<gml:pos>33.610965717 130.476213798</gml:pos>
</gml:Point>
</pos>
<type>大字・町・丁目</type>
<name>花ヶ浦二丁目</name>
<admCode>40349</admCode>
</CommPt>
<CommPt gml:id="K8_4697112099_2">
<fid>46971-12099-i-1816</fid>
<lfSpanFr gml:id="K8_4697112099_2-1">
<gml:timePosition>2020-10-29</gml:timePosition>
</lfSpanFr>
<devDate gml:id="K8_4697112099_2-2">
<gml:timePosition>2021-07-01</gml:timePosition>
</devDate>
<orgGILvl>2500</orgGILvl>
<vis>表示</vis>
<pos>
<gml:Point gml:id="K8_4697112099_2-g" srsName="fguuid:jgd2011.bl">
<gml:pos>33.609117145 130.477811913</gml:pos>
</gml:Point>
</pos>
<type>大字・町・丁目</type>
<name>花ヶ浦一丁目</name>
<admCode>40349</admCode>
</CommPt>
<CommPt gml:id="K8_4697112099_3">
<fid>46971-12099-i-1817</fid>
<lfSpanFr gml:id="K8_4697112099_3-1">
<gml:timePosition>2020-10-29</gml:timePosition>
</lfSpanFr>
<devDate gml:id="K8_4697112099_3-2">
<gml:timePosition>2021-07-01</gml:timePosition>
</devDate>
<orgGILvl>2500</orgGILvl>
<vis>表示</vis>
<pos>
<gml:Point gml:id="K8_4697112099_3-g" srsName="fguuid:jgd2011.bl">
<gml:pos>33.609729211 130.480090415</gml:pos>
</gml:Point>
</pos>
<type>大字・町・丁目</type>
<name>駕与丁一丁目</name>
<admCode>40349</admCode>
</CommPt>
<CommPt gml:id="K8_4697112099_4">
<fid>46971-12099-i-2166</fid>
<lfSpanFr gml:id="K8_4697112099_4-1">
<gml:timePosition>2020-10-29</gml:timePosition>
</lfSpanFr>
<devDate gml:id="K8_4697112099_4-2">
<gml:timePosition>2021-07-01</gml:timePosition>
</devDate>
<orgGILvl>2500</orgGILvl>
<vis>表示</vis>
<pos>
<gml:Point gml:id="K8_4697112099_4-g" srsName="fguuid:jgd2011.bl">
<gml:pos>33.613602826 130.478477194</gml:pos>
</gml:Point>
</pos>
<type>大字・町・丁目</type>
<name>長者原東一丁目</name>
<admCode>40349</admCode>
</CommPt>
<CommPt gml:id="K8_4697112099_5">
<fid>46971-12099-i-2167</fid>
<lfSpanFr gml:id="K8_4697112099_5-1">
<gml:timePosition>2020-10-29</gml:timePosition>
</lfSpanFr>
<devDate gml:id="K8_4697112099_5-2">
<gml:timePosition>2021-07-01</gml:timePosition>
</devDate>
<orgGILvl>2500</orgGILvl>
<vis>表示</vis>
<pos>
<gml:Point gml:id="K8_4697112099_5-g" srsName="fguuid:jgd2011.bl">
<gml:pos>33.614579749 130.480742192</gml:pos>
</gml:Point>
</pos>
<type>大字・町・丁目</type>
<name>長者原東六丁目</name>
<admCode>40349</admCode>
</CommPt>
<CommPt gml:id="K8_4697112102_1">
<fid>46971-12102-i-1710</fid>
<lfSpanFr gml:id="K8_4697112102_1-1">
<gml:timePosition>2020-10-29</gml:timePosition>
</lfSpanFr>
<devDate gml:id="K8_4697112102_1-2">
<gml:timePosition>2021-07-01</gml:timePosition>
</devDate>
<orgGILvl>2500</orgGILvl>
<vis>表示</vis>
<pos>
<gml:Point gml:id="K8_4697112102_1-g" srsName="fguuid:jgd2011.bl">
<gml:pos>33.616816979 130.478903682</gml:pos>
</gml:Point>
</pos>
<type>大字・町・丁目</type>
<name>長者原東三丁目</name>
<admCode>40349</admCode>
</CommPt>
<CommPt gml:id="K8_4697112102_2">
<fid>46971-12102-i-1711</fid>
<lfSpanFr gml:id="K8_4697112102_2-1">
<gml:timePosition>2020-10-29</gml:timePosition>
</lfSpanFr>
<devDate gml:id="K8_4697112102_2-2">
<gml:timePosition>2021-07-01</gml:timePosition>
</devDate>
<orgGILvl>2500</orgGILvl>
<vis>表示</vis>
<pos>
<gml:Point gml:id="K8_4697112102_2-g" srsName="fguuid:jgd2011.bl">
<gml:pos>33.619596898 130.478583350</gml:pos>
</gml:Point>
</pos>
<type>大字・町・丁目</type>
<name>長者原東四丁目</name>
<admCode>40349</admCode>
</CommPt>
<CommPt gml:id="K8_4697112102_3">
<fid>46971-12102-i-1712</fid>
<lfSpanFr gml:id="K8_4697112102_3-1">
<gml:timePosition>2020-10-29</gml:timePosition>
</lfSpanFr>
<devDate gml:id="K8_4697112102_3-2">
<gml:timePosition>2021-07-01</gml:timePosition>
</devDate>
<orgGILvl>2500</orgGILvl>
<vis>表示</vis>
<pos>
<gml:Point gml:id="K8_4697112102_3-g" srsName="fguuid:jgd2011.bl">
<gml:pos>33.616925390 130.476668728</gml:pos>
</gml:Point>
</pos>
<type>大字・町・丁目</type>
<name>長者原東二丁目</name>
<admCode>40349</admCode>
</CommPt>
<CommPt gml:id="K8_4697112102_4">
<fid>46971-12102-i-1713</fid>
<lfSpanFr gml:id="K8_4697112102_4-1">
<gml:timePosition>2020-10-29</gml:timePosition>
</lfSpanFr>
<devDate gml:id="K8_4697112102_4-2">
<gml:timePosition>2021-07-01</gml:timePosition>
</devDate>
<orgGILvl>2500</orgGILvl>
<vis>表示</vis>
<pos>
<gml:Point gml:id="K8_4697112102_4-g" srsName="fguuid:jgd2011.bl">
<gml:pos>33.619421334 130.475744138</gml:pos>
</gml:Point>
</pos>
<type>大字・町・丁目</type>
<name>戸原東一丁目</name>
<admCode>40349</admCode>
</CommPt>
<CommPt gml:id="K8_4697112102_5">
<fid>46971-12102-i-1714</fid>
<lfSpanFr gml:id="K8_4697112102_5-1">
<gml:timePosition>2020-10-29</gml:timePosition>
</lfSpanFr>
<devDate gml:id="K8_4697112102_5-2">
<gml:timePosition>2021-07-01</gml:timePosition>
</devDate>
<orgGILvl>2500</orgGILvl>
<vis>表示</vis>
<pos>
<gml:Point gml:id="K8_4697112102_5-g" srsName="fguuid:jgd2011.bl">
<gml:pos>33.618169083 130.482246182</gml:pos>
</gml:Point>
</pos>
<type>大字・町・丁目</type>
<name>長者原東五丁目</name>
<admCode>40349</admCode>
</CommPt>
<CommPt gml:id="K8_4697112105_1">
<fid>46971-12105-i-1351</fid>
<lfSpanFr gml:id="K8_4697112105_1-1">
<gml:timePosition>2020-10-29</gml:timePosition>
</lfSpanFr>
<devDate gml:id="K8_4697112105_1-2">
<gml:timePosition>2021-07-01</gml:timePosition>
</devDate>
<orgGILvl>2500</orgGILvl>
<vis>表示</vis>
<pos>
<gml:Point gml:id="K8_4697112105_1-g" srsName="fguuid:jgd2011.bl">
<gml:pos>33.628393338 130.477021312</gml:pos>
</gml:Point>
</pos>
<type>大字・町・丁目</type>
<name>江辻</name>
<admCode>40349</admCode>
</CommPt>
<CommPt gml:id="K8_4697412090_1">
<fid>46974-12090-i-3299</fid>
<lfSpanFr gml:id="K8_4697412090_1-1">
<gml:timePosition>2020-10-29</gml:timePosition>
</lfSpanFr>
<devDate gml:id="K8_4697412090_1-2">
<gml:timePosition>2021-07-01</gml:timePosition>
</devDate>
<orgGILvl>2500</orgGILvl>
<vis>表示</vis>
<pos>
<gml:Point gml:id="K8_4697412090_1-g" srsName="fguuid:jgd2011.bl">
<gml:pos>33.584862648 130.487205821</gml:pos>
</gml:Point>
</pos>
<type>大字・町・丁目</type>
<name>志免二丁目</name>
<admCode>00000</admCode>
</CommPt>
<CommPt gml:id="K8_4697412090_2">
<fid>46974-12090-i-3300</fid>
<lfSpanFr gml:id="K8_4697412090_2-1">
<gml:timePosition>2020-10-29</gml:timePosition>
</lfSpanFr>
<devDate gml:id="K8_4697412090_2-2">
<gml:timePosition>2021-07-01</gml:timePosition>
</devDate>
<orgGILvl>2500</orgGILvl>
<vis>表示</vis>
<pos>
<gml:Point gml:id="K8_4697412090_2-g" srsName="fguuid:jgd2011.bl">
<gml:pos>33.584943926 130.490073353</gml:pos>
</gml:Point>
</pos>
<type>大字・町・丁目</type>
<name>松ケ丘</name>
<admCode>00000</admCode>
</CommPt>
<CommPt gml:id="K8_4697412090_3">
<fid>46974-12090-i-3301</fid>
<lfSpanFr gml:id="K8_4697412090_3-1">
<gml:timePosition>2020-10-29</gml:timePosition>
</lfSpanFr>
<devDate gml:id="K8_4697412090_3-2">
<gml:timePosition>2021-07-01</gml:timePosition>
</devDate>
<orgGILvl>2500</orgGILvl>
<vis>表示</vis>
<pos>
<gml:Point gml:id="K8_4697412090_3-g" srsName="fguuid:jgd2011.bl">
<gml:pos>33.587292364 130.489733859</gml:pos>
</gml:Point>
</pos>
<type>大字・町・丁目</type>
<name>東公園台一丁目</name>
<admCode>00000</admCode>
</CommPt>
<CommPt gml:id="K8_4697412090_4">
<fid>46974-12090-i-3302</fid>
<lfSpanFr gml:id="K8_4697412090_4-1">
<gml:timePosition>2020-10-29</gml:timePosition>
</lfSpanFr>
<devDate gml:id="K8_4697412090_4-2">
<gml:timePosition>2021-07-01</gml:timePosition>
</devDate>
<orgGILvl>2500</orgGILvl>
<vis>表示</vis>
<pos>
<gml:Point gml:id="K8_4697412090_4-g" srsName="fguuid:jgd2011.bl">
<gml:pos>33.587479397 130.485125725</gml:pos>
</gml:Point>
</pos>
<type>大字・町・丁目</type>
<name>志免一丁目</name>
<admCode>00000</admCode>
</CommPt>
<CommPt gml:id="K8_4697412090_5">
<fid>46974-12090-i-3303</fid>
<lfSpanFr gml:id="K8_4697412090_5-1">
<gml:timePosition>2020-10-29</gml:timePosition>
</lfSpanFr>
<devDate gml:id="K8_4697412090_5-2">
<gml:timePosition>2021-07-01</gml:timePosition>
</devDate>
<orgGILvl>2500</orgGILvl>
<vis>表示</vis>
<pos>
<gml:Point gml:id="K8_4697412090_5-g" srsName="fguuid:jgd2011.bl">
<gml:pos>33.588958659 130.489977659</gml:pos>
</gml:Point>
</pos>
<type>大字・町・丁目</type>
<name>東公園台二丁目</name>
<admCode>00000</admCode>
</CommPt>
<CommPt gml:id="K8_4697412090_6">
<fid>46974-12090-i-3304</fid>
<lfSpanFr gml:id="K8_4697412090_6-1">
<gml:timePosition>2020-10-29</gml:timePosition>
</lfSpanFr>
<devDate gml:id="K8_4697412090_6-2">
<gml:timePosition>2021-07-01</gml:timePosition>
</devDate>
<orgGILvl>2500</orgGILvl>
<vis>表示</vis>
<pos>
<gml:Point gml:id="K8_4697412090_6-g" srsName="fguuid:jgd2011.bl">
<gml:pos>33.583374354 130.484256308</gml:pos>
</gml:Point>
</pos>
<type>大字・町・丁目</type>
<name>志免三丁目</name>
<admCode>00000</admCode>
</CommPt>
<CommPt gml:id="K8_4697412093_1">
<fid>46974-12093-i-1289</fid>
<lfSpanFr gml:id="K8_4697412093_1-1">
<gml:timePosition>2020-10-29</gml:timePosition>
</lfSpanFr>
<devDate gml:id="K8_4697412093_1-2">
<gml:timePosition>2021-07-01</gml:timePosition>
</devDate>
<orgGILvl>2500</orgGILvl>
<vis>表示</vis>
<pos>
<gml:Point gml:id="K8_4697412093_1-g" srsName="fguuid:jgd2011.bl">
<gml:pos>33.592380744 130.485391352</gml:pos>
</gml:Point>
</pos>
<type>大字・町・丁目</type>
<name>志免</name>
<admCode>00000</admCode>
</CommPt>
<CommPt gml:id="K8_4697412096_1">
<fid>46974-12096-i-2513</fid>
<lfSpanFr gml:id="K8_4697412096_1-1">
<gml:timePosition>2020-10-29</gml:timePosition>
</lfSpanFr>
<devDate gml:id="K8_4697412096_1-2">
<gml:timePosition>2021-07-01</gml:timePosition>
</devDate>
<orgGILvl>2500</orgGILvl>
<vis>表示</vis>
<pos>
<gml:Point gml:id="K8_4697412096_1-g" srsName="fguuid:jgd2011.bl">
<gml:pos>33.608099512 130.485376446</gml:pos>
</gml:Point>
</pos>
<type>大字・町・丁目</type>
<name>駕与丁三丁目</name>
<admCode>40349</admCode>
</CommPt>
<CommPt gml:id="K8_4697412099_1">
<fid>46974-12099-i-2014</fid>
<lfSpanFr gml:id="K8_4697412099_1-1">
<gml:timePosition>2020-10-29</gml:timePosition>
</lfSpanFr>
<devDate gml:id="K8_4697412099_1-2">
<gml:timePosition>2021-07-01</gml:timePosition>
</devDate>
<orgGILvl>2500</orgGILvl>
<vis>表示</vis>
<pos>
<gml:Point gml:id="K8_4697412099_1-g" srsName="fguuid:jgd2011.bl">
<gml:pos>33.612240965 130.483641503</gml:pos>
</gml:Point>
</pos>
<type>大字・町・丁目</type>
<name>駕与丁二丁目</name>
<admCode>40349</admCode>
</CommPt>
<CommPt gml:id="K8_4697412099_2">
<fid>46974-12099-i-2015</fid>
<lfSpanFr gml:id="K8_4697412099_2-1">
<gml:timePosition>2020-10-29</gml:timePosition>
</lfSpanFr>
<devDate gml:id="K8_4697412099_2-2">
<gml:timePosition>2021-07-01</gml:timePosition>
</devDate>
<orgGILvl>2500</orgGILvl>
<vis>表示</vis>
<pos>
<gml:Point gml:id="K8_4697412099_2-g" srsName="fguuid:jgd2011.bl">
<gml:pos>33.612202814 130.488906234</gml:pos>
</gml:Point>
</pos>
<type>大字・町・丁目</type>
<name>仲原</name>
<admCode>40349</admCode>
</CommPt>
<CommPt gml:id="K8_4697412099_3">
<fid>46974-12099-i-2302</fid>
<lfSpanFr gml:id="K8_4697412099_3-1">
<gml:timePosition>2020-10-29</gml:timePosition>
</lfSpanFr>
<devDate gml:id="K8_4697412099_3-2">
<gml:timePosition>2021-07-01</gml:timePosition>
</devDate>
<orgGILvl>2500</orgGILvl>
<vis>表示</vis>
<pos>
<gml:Point gml:id="K8_4697412099_3-g" srsName="fguuid:jgd2011.bl">
<gml:pos>33.615075323 130.484454535</gml:pos>
</gml:Point>
</pos>
<type>大字・町・丁目</type>
<name>長者原東七丁目</name>
<admCode>40349</admCode>
</CommPt>
<CommPt gml:id="K8_4697412102_1">
<fid>46974-12102-i-1247</fid>
<lfSpanFr gml:id="K8_4697412102_1-1">
<gml:timePosition>2020-10-29</gml:timePosition>
</lfSpanFr>
<devDate gml:id="K8_4697412102_1-2">
<gml:timePosition>2021-07-01</gml:timePosition>
</devDate>
<orgGILvl>2500</orgGILvl>
<vis>表示</vis>
<pos>
<gml:Point gml:id="K8_4697412102_1-g" srsName="fguuid:jgd2011.bl">
<gml:pos>33.619169067 130.491492166</gml:pos>
</gml:Point>
</pos>
<type>大字・町・丁目</type>
<name>大隈</name>
<admCode>40349</admCode>
</CommPt>
<CommPt gml:id="K8_4697712105_1">
<fid>46977-12105-i-2509</fid>
<lfSpanFr gml:id="K8_4697712105_1-1">
<gml:timePosition>2020-10-29</gml:timePosition>
</lfSpanFr>
<devDate gml:id="K8_4697712105_1-2">
<gml:timePosition>2021-07-01</gml:timePosition>
</devDate>
<orgGILvl>2500</orgGILvl>
<vis>表示</vis>
<pos>
<gml:Point gml:id="K8_4697712105_1-g" srsName="fguuid:jgd2011.bl">
<gml:pos>33.628658029 130.492976835</gml:pos>
</gml:Point>
</pos>
<type>大字・町・丁目</type>
<name>上大隈</name>
<admCode>40349</admCode>
</CommPt>
</Dataset>
