<?xml version="1.0" encoding="utf-8"?>
<Dataset xsi:schemaLocation="http://fgd.gsi.go.jp/spec/2008/FGD_GMLSchema FGD_GMLSchema.xsd"
	xmlns:gml="http://www.opengis.net/gml/3.2"
	xmlns:xsi="http://www.w3.org/2001/XMLSchema-instance"
	xmlns:xlink="http://www.w3.org/1999/xlink"
	xmlns="http://fgd.gsi.go.jp/spec/2008/FGD_GMLSchema"
	gml:id="Dataset1">
  <gml:description>基盤地図情報メタデータ ID=fmdid:21-0701</gml:description>
  <gml:name>基盤地図情報ダウンロードデータ（GML版）</gml:name>
<GCP gml:id="K1_503033_1">
<fid>10-00100-0-2106-135320</fid>
<lfSpanFr gml:id="K1_503033_1-1">
<gml:timePosition>2021-06-08</gml:timePosition>
</lfSpanFr>
<devDate gml:id="K1_503033_1-2">
<gml:timePosition>2021-07-01</gml:timePosition>
</devDate>
<orgGILvl>SJ11</orgGILvl>
<vis>表示</vis>
<pos>
<gml:Point gml:id="K1_503033_1-g" srsName="fguuid:jgd2011.bl">
<gml:pos>33.661783278 130.440796389</gml:pos>
</gml:Point>
</pos>
<orgName>国土地理院</orgName>
<type>水準点</type>
<gcpClass>一等水準点</gcpClass>
<gcpCode>L010000001811</gcpCode>
<name>１８１１</name>
<B>121182.4198</B>
<L>469586.867</L>
<alti>2.5525</alti>
<altiAcc>4</altiAcc>
</GCP>
<GCP gml:id="K1_503033_2">
<fid>10-00100-0-2106-135321</fid>
<lfSpanFr gml:id="K1_503033_2-1">
<gml:timePosition>2021-06-08</gml:timePosition>
</lfSpanFr>
<devDate gml:id="K1_503033_2-2">
<gml:timePosition>2021-07-01</gml:timePosition>
</devDate>
<orgGILvl>SJ11</orgGILvl>
<vis>表示</vis>
<pos>
<gml:Point gml:id="K1_503033_2-g" srsName="fguuid:jgd2011.bl">
<gml:pos>33.647280417 130.442054444</gml:pos>
</gml:Point>
</pos>
<orgName>国土地理院</orgName>
<type>水準点</type>
<gcpClass>一等水準点</gcpClass>
<gcpCode>L010000001812</gcpCode>
<name>１８１２</name>
<B>121130.2095</B>
<L>469591.396</L>
<alti>3.6731</alti>
<altiAcc>4</altiAcc>
</GCP>
<GCP gml:id="K1_503033_3">
<fid>10-00100-0-2106-135322</fid>
<lfSpanFr gml:id="K1_503033_3-1">
<gml:timePosition>2021-06-08</gml:timePosition>
</lfSpanFr>
<devDate gml:id="K1_503033_3-2">
<gml:timePosition>2021-07-01</gml:timePosition>
</devDate>
<orgGILvl>SJ11</orgGILvl>
<vis>表示</vis>
<pos>
<gml:Point gml:id="K1_503033_3-g" srsName="fguuid:jgd2011.bl">
<gml:pos>33.632994250 130.423738556</gml:pos>
</gml:Point>
</pos>
<orgName>国土地理院</orgName>
<type>水準点</type>
<gcpClass>一等水準点</gcpClass>
<gcpCode>L010000001813</gcpCode>
<name>１８１３</name>
<B>121078.7793</B>
<L>469525.4588</L>
<alti>2.1914</alti>
<altiAcc>4</altiAcc>
</GCP>
<GCP gml:id="K1_503033_4">
<fid>10-00100-0-2106-135323</fid>
<lfSpanFr gml:id="K1_503033_4-1">
<gml:timePosition>2021-06-08</gml:timePosition>
</lfSpanFr>
<devDate gml:id="K1_503033_4-2">
<gml:timePosition>2021-07-01</gml:timePosition>
</devDate>
<orgGILvl>SJ11</orgGILvl>
<vis>表示</vis>
<pos>
<gml:Point gml:id="K1_503033_4-g" srsName="fguuid:jgd2011.bl">
<gml:pos>33.615941000 130.415616639</gml:pos>
</gml:Point>
</pos>
<orgName>国土地理院</orgName>
<type>水準点</type>
<gcpClass>一等水準点</gcpClass>
<gcpCode>L010000001814</gcpCode>
<name>１８１４</name>
<B>121017.3876</B>
<L>469496.2199</L>
<alti>1.9211</alti>
<altiAcc>4</altiAcc>
</GCP>
<GCP gml:id="K1_503033_5">
<fid>10-00100-0-2106-135325</fid>
<lfSpanFr gml:id="K1_503033_5-1">
<gml:timePosition>2021-06-08</gml:timePosition>
</lfSpanFr>
<devDate gml:id="K1_503033_5-2">
<gml:timePosition>2021-07-01</gml:timePosition>
</devDate>
<orgGILvl>SJ11</orgGILvl>
<vis>表示</vis>
<pos>
<gml:Point gml:id="K1_503033_5-g" srsName="fguuid:jgd2011.bl">
<gml:pos>33.593551944 130.416519806</gml:pos>
</gml:Point>
</pos>
<orgName>国土地理院</orgName>
<type>水準点</type>
<gcpClass>一等水準点</gcpClass>
<gcpCode>L010000001817</gcpCode>
<name>１８１７</name>
<B>120936.787</B>
<L>469499.4713</L>
<alti>4.4922</alti>
<altiAcc>4</altiAcc>
</GCP>
<GCP gml:id="K1_503033_6">
<fid>10-00100-0-2106-135326</fid>
<lfSpanFr gml:id="K1_503033_6-1">
<gml:timePosition>2021-06-08</gml:timePosition>
</lfSpanFr>
<devDate gml:id="K1_503033_6-2">
<gml:timePosition>2021-07-01</gml:timePosition>
</devDate>
<orgGILvl>SJ11</orgGILvl>
<vis>表示</vis>
<pos>
<gml:Point gml:id="K1_503033_6-g" srsName="fguuid:jgd2011.bl">
<gml:pos>33.586881694 130.437976639</gml:pos>
</gml:Point>
</pos>
<orgName>国土地理院</orgName>
<type>水準点</type>
<gcpClass>一等水準点</gcpClass>
<gcpCode>L010000001818</gcpCode>
<name>１８１８</name>
<B>120912.7741</B>
<L>469576.7159</L>
<alti>4.862</alti>
<altiAcc>4</altiAcc>
</GCP>
<GCP gml:id="K1_503033_7">
<fid>10-00100-0-2106-136640</fid>
<lfSpanFr gml:id="K1_503033_7-1">
<gml:timePosition>2021-06-08</gml:timePosition>
</lfSpanFr>
<devDate gml:id="K1_503033_7-2">
<gml:timePosition>2021-07-01</gml:timePosition>
</devDate>
<orgGILvl>SJ11</orgGILvl>
<vis>表示</vis>
<pos>
<gml:Point gml:id="K1_503033_7-g" srsName="fguuid:jgd2011.bl">
<gml:pos>33.591253556 130.381924444</gml:pos>
</gml:Point>
</pos>
<orgName>国土地理院</orgName>
<type>水準点</type>
<gcpClass>一等水準点</gcpClass>
<gcpCode>L010000003193</gcpCode>
<name>３１９３</name>
<B>120928.5128</B>
<L>469374.928</L>
<alti>3.1075</alti>
<altiAcc>4</altiAcc>
</GCP>
<GCP gml:id="K1_503033_8">
<fid>10-00100-0-2106-146246</fid>
<lfSpanFr gml:id="K1_503033_8-1">
<gml:timePosition>2021-06-08</gml:timePosition>
</lfSpanFr>
<devDate gml:id="K1_503033_8-2">
<gml:timePosition>2021-07-01</gml:timePosition>
</devDate>
<orgGILvl>SJ12</orgGILvl>
<vis>表示</vis>
<pos>
<gml:Point gml:id="K1_503033_8-g" srsName="fguuid:jgd2011.bl">
<gml:pos>33.612251528 130.468497972</gml:pos>
</gml:Point>
</pos>
<orgName>国土地理院</orgName>
<type>水準点</type>
<gcpClass>二等水準点</gcpClass>
<gcpCode>L02000201-085</gcpCode>
<name>２０１－０８５</name>
<B>121004.1055</B>
<L>469686.5927</L>
<alti>15.152</alti>
<altiAcc>3</altiAcc>
</GCP>
<GCP gml:id="K1_503033_9">
<fid>10-00100-0-2106-146247</fid>
<lfSpanFr gml:id="K1_503033_9-1">
<gml:timePosition>2021-06-08</gml:timePosition>
</lfSpanFr>
<devDate gml:id="K1_503033_9-2">
<gml:timePosition>2021-07-01</gml:timePosition>
</devDate>
<orgGILvl>SJ12</orgGILvl>
<vis>表示</vis>
<pos>
<gml:Point gml:id="K1_503033_9-g" srsName="fguuid:jgd2011.bl">
<gml:pos>33.618112889 130.488709861</gml:pos>
</gml:Point>
</pos>
<orgName>国土地理院</orgName>
<type>水準点</type>
<gcpClass>二等水準点</gcpClass>
<gcpCode>L02000201-087</gcpCode>
<name>２０１－０８７</name>
<B>121025.2064</B>
<L>469759.3555</L>
<alti>17.311</alti>
<altiAcc>3</altiAcc>
</GCP>
<GCP gml:id="K1_503033_10">
<fid>10-00100-0-2106-147381</fid>
<lfSpanFr gml:id="K1_503033_10-1">
<gml:timePosition>2021-06-08</gml:timePosition>
</lfSpanFr>
<devDate gml:id="K1_503033_10-2">
<gml:timePosition>2021-07-01</gml:timePosition>
</devDate>
<orgGILvl>SJ11</orgGILvl>
<vis>表示</vis>
<pos>
<gml:Point gml:id="K1_503033_10-g" srsName="fguuid:jgd2011.bl">
<gml:pos>33.637591667 130.425158333</gml:pos>
</gml:Point>
</pos>
<orgName>国土地理院</orgName>
<type>水準点</type>
<gcpClass>一等水準点</gcpClass>
<gcpCode>L04000003-074</gcpCode>
<name>００３－０７４</name>
<B>121095.33</B>
<L>469530.57</L>
<alti>2.7785</alti>
<altiAcc>4</altiAcc>
</GCP>
<GCP gml:id="K1_503033_11">
<fid>10-00100-0-2106-147382</fid>
<lfSpanFr gml:id="K1_503033_11-1">
<gml:timePosition>2021-06-08</gml:timePosition>
</lfSpanFr>
<devDate gml:id="K1_503033_11-2">
<gml:timePosition>2021-07-01</gml:timePosition>
</devDate>
<orgGILvl>SJ11</orgGILvl>
<vis>表示</vis>
<pos>
<gml:Point gml:id="K1_503033_11-g" srsName="fguuid:jgd2011.bl">
<gml:pos>33.628791667 130.422405556</gml:pos>
</gml:Point>
</pos>
<orgName>国土地理院</orgName>
<type>水準点</type>
<gcpClass>一等水準点</gcpClass>
<gcpCode>L04000003-075</gcpCode>
<name>００３－０７５</name>
<B>121063.65</B>
<L>469520.66</L>
<alti>2.136</alti>
<altiAcc>4</altiAcc>
</GCP>
<GCP gml:id="K1_503033_12">
<fid>10-00100-0-2106-147383</fid>
<lfSpanFr gml:id="K1_503033_12-1">
<gml:timePosition>2021-06-08</gml:timePosition>
</lfSpanFr>
<devDate gml:id="K1_503033_12-2">
<gml:timePosition>2021-07-01</gml:timePosition>
</devDate>
<orgGILvl>SJ11</orgGILvl>
<vis>表示</vis>
<pos>
<gml:Point gml:id="K1_503033_12-g" srsName="fguuid:jgd2011.bl">
<gml:pos>33.620842722 130.419088306</gml:pos>
</gml:Point>
</pos>
<orgName>国土地理院</orgName>
<type>水準点</type>
<gcpClass>一等水準点</gcpClass>
<gcpCode>L04000003-076</gcpCode>
<name>００３－０７６</name>
<B>121035.0338</B>
<L>469508.7179</L>
<alti>2.045</alti>
<altiAcc>4</altiAcc>
</GCP>
<GCP gml:id="K1_503033_13">
<fid>10-00100-0-2106-149814</fid>
<lfSpanFr gml:id="K1_503033_13-1">
<gml:timePosition>2021-06-08</gml:timePosition>
</lfSpanFr>
<devDate gml:id="K1_503033_13-2">
<gml:timePosition>2021-07-01</gml:timePosition>
</devDate>
<orgGILvl>SJ11</orgGILvl>
<vis>表示</vis>
<pos>
<gml:Point gml:id="K1_503033_13-g" srsName="fguuid:jgd2011.bl">
<gml:pos>33.595738861 130.401614389</gml:pos>
</gml:Point>
</pos>
<orgName>国土地理院</orgName>
<type>水準点</type>
<gcpClass>一等水準点</gcpClass>
<gcpCode>L060000001816</gcpCode>
<name>交１８１６</name>
<B>120944.6599</B>
<L>469445.8118</L>
<alti>3.4042</alti>
<altiAcc>4</altiAcc>
</GCP>
<GCP gml:id="K1_503033_14">
<fid>10-00100-0-2106-152885</fid>
<lfSpanFr gml:id="K1_503033_14-1">
<gml:timePosition>2021-06-08</gml:timePosition>
</lfSpanFr>
<devDate gml:id="K1_503033_14-2">
<gml:timePosition>2021-07-01</gml:timePosition>
</devDate>
<orgGILvl>KJ12</orgGILvl>
<vis>表示</vis>
<pos>
<gml:Point gml:id="K1_503033_14-g" srsName="fguuid:jgd2011.bl">
<gml:pos>33.623038667 130.492081889</gml:pos>
</gml:Point>
</pos>
<orgName>国土地理院</orgName>
<type>三角点</type>
<gcpClass>二等三角点</gcpClass>
<gcpCode>TR25030334901</gcpCode>
<name>大隈</name>
<B>121042.9392</B>
<L>469771.4948</L>
<alti>86.37</alti>
<altiAcc>2</altiAcc>
</GCP>
<GCP gml:id="K1_503033_15">
<fid>10-00100-0-2106-161112</fid>
<lfSpanFr gml:id="K1_503033_15-1">
<gml:timePosition>2021-06-08</gml:timePosition>
</lfSpanFr>
<devDate gml:id="K1_503033_15-2">
<gml:timePosition>2021-07-01</gml:timePosition>
</devDate>
<orgGILvl>KJ13</orgGILvl>
<vis>表示</vis>
<pos>
<gml:Point gml:id="K1_503033_15-g" srsName="fguuid:jgd2011.bl">
<gml:pos>33.589081583 130.465040694</gml:pos>
</gml:Point>
</pos>
<orgName>国土地理院</orgName>
<type>三角点</type>
<gcpClass>三等三角点</gcpClass>
<gcpCode>TR35030330701</gcpCode>
<name>高峰裏</name>
<B>120920.6937</B>
<L>469674.1465</L>
<alti>83.09</alti>
<altiAcc>2</altiAcc>
</GCP>
<GCP gml:id="K1_503033_16">
<fid>10-00100-0-2106-161113</fid>
<lfSpanFr gml:id="K1_503033_16-1">
<gml:timePosition>2021-06-08</gml:timePosition>
</lfSpanFr>
<devDate gml:id="K1_503033_16-2">
<gml:timePosition>2021-07-01</gml:timePosition>
</devDate>
<orgGILvl>KJ13</orgGILvl>
<vis>表示</vis>
<pos>
<gml:Point gml:id="K1_503033_16-g" srsName="fguuid:jgd2011.bl">
<gml:pos>33.587932444 130.493587556</gml:pos>
</gml:Point>
</pos>
<orgName>国土地理院</orgName>
<type>三角点</type>
<gcpClass>三等三角点</gcpClass>
<gcpCode>TR35030330901</gcpCode>
<name>西原</name>
<B>120916.5568</B>
<L>469776.9152</L>
<alti>38.59</alti>
<altiAcc>2</altiAcc>
</GCP>
<GCP gml:id="K1_503033_17">
<fid>10-00100-0-2106-161114</fid>
<lfSpanFr gml:id="K1_503033_17-1">
<gml:timePosition>2021-06-08</gml:timePosition>
</lfSpanFr>
<devDate gml:id="K1_503033_17-2">
<gml:timePosition>2021-07-01</gml:timePosition>
</devDate>
<orgGILvl>KJ13</orgGILvl>
<vis>表示</vis>
<pos>
<gml:Point gml:id="K1_503033_17-g" srsName="fguuid:jgd2011.bl">
<gml:pos>33.620209722 130.454104694</gml:pos>
</gml:Point>
</pos>
<orgName>国土地理院</orgName>
<type>三角点</type>
<gcpClass>三等三角点</gcpClass>
<gcpCode>TR35030334601</gcpCode>
<name>中ノ坪</name>
<B>121032.755</B>
<L>469634.7769</L>
<alti>8.89</alti>
<altiAcc>2</altiAcc>
</GCP>
<GCP gml:id="K1_503033_18">
<fid>10-00100-0-2106-161115</fid>
<lfSpanFr gml:id="K1_503033_18-1">
<gml:timePosition>2021-06-08</gml:timePosition>
</lfSpanFr>
<devDate gml:id="K1_503033_18-2">
<gml:timePosition>2021-07-01</gml:timePosition>
</devDate>
<orgGILvl>KJ13</orgGILvl>
<vis>表示</vis>
<pos>
<gml:Point gml:id="K1_503033_18-g" srsName="fguuid:jgd2011.bl">
<gml:pos>33.635616583 130.453949500</gml:pos>
</gml:Point>
</pos>
<orgName>国土地理院</orgName>
<type>三角点</type>
<gcpClass>三等三角点</gcpClass>
<gcpCode>TR35030336601</gcpCode>
<name>重元</name>
<B>121088.2197</B>
<L>469634.2182</L>
<alti>42.83</alti>
<altiAcc>2</altiAcc>
</GCP>
<GCP gml:id="K1_503033_19">
<fid>10-00100-0-2106-161116</fid>
<lfSpanFr gml:id="K1_503033_19-1">
<gml:timePosition>2021-06-08</gml:timePosition>
</lfSpanFr>
<devDate gml:id="K1_503033_19-2">
<gml:timePosition>2021-07-01</gml:timePosition>
</devDate>
<orgGILvl>KJ13</orgGILvl>
<vis>表示</vis>
<pos>
<gml:Point gml:id="K1_503033_19-g" srsName="fguuid:jgd2011.bl">
<gml:pos>33.650069444 130.472933556</gml:pos>
</gml:Point>
</pos>
<orgName>国土地理院</orgName>
<type>三角点</type>
<gcpClass>三等三角点</gcpClass>
<gcpCode>TR35030338701</gcpCode>
<name>小岩ヶ浦</name>
<B>121140.25</B>
<L>469702.5608</L>
<alti>138.05</alti>
<altiAcc>2</altiAcc>
</GCP>
<GCP gml:id="K1_503033_20">
<fid>10-00100-0-2106-161117</fid>
<lfSpanFr gml:id="K1_503033_20-1">
<gml:timePosition>2021-06-08</gml:timePosition>
</lfSpanFr>
<devDate gml:id="K1_503033_20-2">
<gml:timePosition>2021-07-01</gml:timePosition>
</devDate>
<orgGILvl>KJ13</orgGILvl>
<vis>表示</vis>
<pos>
<gml:Point gml:id="K1_503033_20-g" srsName="fguuid:jgd2011.bl">
<gml:pos>33.662428806 130.435843056</gml:pos>
</gml:Point>
</pos>
<orgName>国土地理院</orgName>
<type>三角点</type>
<gcpClass>三等三角点</gcpClass>
<gcpCode>TR35030339401</gcpCode>
<name>長崎</name>
<B>121184.7437</B>
<L>469569.035</L>
<alti>26.88</alti>
<altiAcc>2</altiAcc>
</GCP>
<GCP gml:id="K1_503033_21">
<fid>10-00100-0-2106-200777</fid>
<lfSpanFr gml:id="K1_503033_21-1">
<gml:timePosition>2021-06-08</gml:timePosition>
</lfSpanFr>
<devDate gml:id="K1_503033_21-2">
<gml:timePosition>2021-07-01</gml:timePosition>
</devDate>
<orgGILvl>KJ14</orgGILvl>
<vis>表示</vis>
<pos>
<gml:Point gml:id="K1_503033_21-g" srsName="fguuid:jgd2011.bl">
<gml:pos>33.596781250 130.459409361</gml:pos>
</gml:Point>
</pos>
<orgName>国土地理院</orgName>
<type>三角点</type>
<gcpClass>四等三角点</gcpClass>
<gcpCode>TR45030331601</gcpCode>
<name>石佛</name>
<B>120948.4125</B>
<L>469653.8737</L>
<alti>36.71</alti>
<altiAcc>2</altiAcc>
</GCP>
<GCP gml:id="K1_503033_22">
<fid>10-00100-0-2106-200778</fid>
<lfSpanFr gml:id="K1_503033_22-1">
<gml:timePosition>2021-06-08</gml:timePosition>
</lfSpanFr>
<devDate gml:id="K1_503033_22-2">
<gml:timePosition>2021-07-01</gml:timePosition>
</devDate>
<orgGILvl>KJ14</orgGILvl>
<vis>表示</vis>
<pos>
<gml:Point gml:id="K1_503033_22-g" srsName="fguuid:jgd2011.bl">
<gml:pos>33.592260306 130.479275917</gml:pos>
</gml:Point>
</pos>
<orgName>国土地理院</orgName>
<type>三角点</type>
<gcpClass>四等三角点</gcpClass>
<gcpCode>TR45030331801</gcpCode>
<name>中央公民館</name>
<B>120932.1371</B>
<L>469725.3933</L>
<alti>30.47</alti>
<altiAcc>2</altiAcc>
</GCP>
<GCP gml:id="K1_503033_23">
<fid>10-00100-0-2106-200779</fid>
<lfSpanFr gml:id="K1_503033_23-1">
<gml:timePosition>2021-06-08</gml:timePosition>
</lfSpanFr>
<devDate gml:id="K1_503033_23-2">
<gml:timePosition>2021-07-01</gml:timePosition>
</devDate>
<orgGILvl>KJ14</orgGILvl>
<vis>表示</vis>
<pos>
<gml:Point gml:id="K1_503033_23-g" srsName="fguuid:jgd2011.bl">
<gml:pos>33.605583500 130.417807417</gml:pos>
</gml:Point>
</pos>
<orgName>国土地理院</orgName>
<type>三角点</type>
<gcpClass>四等三角点</gcpClass>
<gcpCode>TR45030332301</gcpCode>
<name>福岡県庁（屋上）</name>
<B>120980.1006</B>
<L>469504.1067</L>
<alti>40.59</alti>
<altiAcc>2</altiAcc>
</GCP>
<GCP gml:id="K1_503033_24">
<fid>10-00100-0-2106-200780</fid>
<lfSpanFr gml:id="K1_503033_24-1">
<gml:timePosition>2021-06-08</gml:timePosition>
</lfSpanFr>
<devDate gml:id="K1_503033_24-2">
<gml:timePosition>2021-07-01</gml:timePosition>
</devDate>
<orgGILvl>KJ14</orgGILvl>
<vis>表示</vis>
<pos>
<gml:Point gml:id="K1_503033_24-g" srsName="fguuid:jgd2011.bl">
<gml:pos>33.605267250 130.419206556</gml:pos>
</gml:Point>
</pos>
<orgName>国土地理院</orgName>
<type>三角点</type>
<gcpClass>四等三角点</gcpClass>
<gcpCode>TR45030332302</gcpCode>
<name>福岡県庁</name>
<B>120978.9621</B>
<L>469509.1436</L>
<alti>4.39</alti>
<altiAcc>2</altiAcc>
</GCP>
<GCP gml:id="K1_503033_25">
<fid>10-00100-0-2106-200781</fid>
<lfSpanFr gml:id="K1_503033_25-1">
<gml:timePosition>2021-06-08</gml:timePosition>
</lfSpanFr>
<devDate gml:id="K1_503033_25-2">
<gml:timePosition>2021-07-01</gml:timePosition>
</devDate>
<orgGILvl>KJ14</orgGILvl>
<vis>表示</vis>
<pos>
<gml:Point gml:id="K1_503033_25-g" srsName="fguuid:jgd2011.bl">
<gml:pos>33.604501639 130.481874972</gml:pos>
</gml:Point>
</pos>
<orgName>国土地理院</orgName>
<type>三角点</type>
<gcpClass>四等三角点</gcpClass>
<gcpCode>TR45030332801</gcpCode>
<name>駕与丁池</name>
<B>120976.2059</B>
<L>469734.7499</L>
<alti>25.78</alti>
<altiAcc>2</altiAcc>
</GCP>
<GCP gml:id="K1_503033_26">
<fid>10-00100-0-2106-200782</fid>
<lfSpanFr gml:id="K1_503033_26-1">
<gml:timePosition>2021-06-08</gml:timePosition>
</lfSpanFr>
<devDate gml:id="K1_503033_26-2">
<gml:timePosition>2021-07-01</gml:timePosition>
</devDate>
<orgGILvl>KJ14</orgGILvl>
<vis>表示</vis>
<pos>
<gml:Point gml:id="K1_503033_26-g" srsName="fguuid:jgd2011.bl">
<gml:pos>33.608770972 130.459518556</gml:pos>
</gml:Point>
</pos>
<orgName>国土地理院</orgName>
<type>三角点</type>
<gcpClass>四等三角点</gcpClass>
<gcpCode>TR45030333601</gcpCode>
<name>いわさき</name>
<B>120991.5755</B>
<L>469654.2668</L>
<alti>17.33</alti>
<altiAcc>2</altiAcc>
</GCP>
<GCP gml:id="K1_503033_27">
<fid>10-00100-0-2106-200783</fid>
<lfSpanFr gml:id="K1_503033_27-1">
<gml:timePosition>2021-06-08</gml:timePosition>
</lfSpanFr>
<devDate gml:id="K1_503033_27-2">
<gml:timePosition>2021-07-01</gml:timePosition>
</devDate>
<orgGILvl>KJ14</orgGILvl>
<vis>表示</vis>
<pos>
<gml:Point gml:id="K1_503033_27-g" srsName="fguuid:jgd2011.bl">
<gml:pos>33.615659917 130.482593333</gml:pos>
</gml:Point>
</pos>
<orgName>国土地理院</orgName>
<type>三角点</type>
<gcpClass>四等三角点</gcpClass>
<gcpCode>TR45030333801</gcpCode>
<name>長者原</name>
<B>121016.3757</B>
<L>469737.336</L>
<alti>41.63</alti>
<altiAcc>2</altiAcc>
</GCP>
<GCP gml:id="K1_503033_28">
<fid>10-00100-0-2106-200784</fid>
<lfSpanFr gml:id="K1_503033_28-1">
<gml:timePosition>2021-06-08</gml:timePosition>
</lfSpanFr>
<devDate gml:id="K1_503033_28-2">
<gml:timePosition>2021-07-01</gml:timePosition>
</devDate>
<orgGILvl>KJ14</orgGILvl>
<vis>表示</vis>
<pos>
<gml:Point gml:id="K1_503033_28-g" srsName="fguuid:jgd2011.bl">
<gml:pos>33.623100861 130.403197361</gml:pos>
</gml:Point>
</pos>
<orgName>国土地理院</orgName>
<type>三角点</type>
<gcpClass>四等三角点</gcpClass>
<gcpCode>TR45030334201</gcpCode>
<name>ふ頭</name>
<B>121043.1631</B>
<L>469451.5105</L>
<alti>2.08</alti>
<altiAcc>2</altiAcc>
</GCP>
<GCP gml:id="K1_503033_29">
<fid>10-00100-0-2106-200785</fid>
<lfSpanFr gml:id="K1_503033_29-1">
<gml:timePosition>2021-06-08</gml:timePosition>
</lfSpanFr>
<devDate gml:id="K1_503033_29-2">
<gml:timePosition>2021-07-01</gml:timePosition>
</devDate>
<orgGILvl>KJ14</orgGILvl>
<vis>表示</vis>
<pos>
<gml:Point gml:id="K1_503033_29-g" srsName="fguuid:jgd2011.bl">
<gml:pos>33.634463861 130.404142333</gml:pos>
</gml:Point>
</pos>
<orgName>国土地理院</orgName>
<type>三角点</type>
<gcpClass>四等三角点</gcpClass>
<gcpCode>TR45030336201</gcpCode>
<name>箱崎</name>
<B>121084.0699</B>
<L>469454.9124</L>
<alti>2.27</alti>
<altiAcc>2</altiAcc>
</GCP>
<GCP gml:id="K1_503033_30">
<fid>10-00100-0-2106-200786</fid>
<lfSpanFr gml:id="K1_503033_30-1">
<gml:timePosition>2021-06-08</gml:timePosition>
</lfSpanFr>
<devDate gml:id="K1_503033_30-2">
<gml:timePosition>2021-07-01</gml:timePosition>
</devDate>
<orgGILvl>KJ14</orgGILvl>
<vis>表示</vis>
<pos>
<gml:Point gml:id="K1_503033_30-g" srsName="fguuid:jgd2011.bl">
<gml:pos>33.640546417 130.435826333</gml:pos>
</gml:Point>
</pos>
<orgName>国土地理院</orgName>
<type>三角点</type>
<gcpClass>四等三角点</gcpClass>
<gcpCode>TR45030336401</gcpCode>
<name>高又</name>
<B>121105.9671</B>
<L>469568.9748</L>
<alti>35.23</alti>
<altiAcc>2</altiAcc>
</GCP>
<GCP gml:id="K1_503033_31">
<fid>10-00100-0-2106-200787</fid>
<lfSpanFr gml:id="K1_503033_31-1">
<gml:timePosition>2021-06-08</gml:timePosition>
</lfSpanFr>
<devDate gml:id="K1_503033_31-2">
<gml:timePosition>2021-07-01</gml:timePosition>
</devDate>
<orgGILvl>KJ14</orgGILvl>
<vis>表示</vis>
<pos>
<gml:Point gml:id="K1_503033_31-g" srsName="fguuid:jgd2011.bl">
<gml:pos>33.633621028 130.474223639</gml:pos>
</gml:Point>
</pos>
<orgName>国土地理院</orgName>
<type>三角点</type>
<gcpClass>四等三角点</gcpClass>
<gcpCode>TR45030336701</gcpCode>
<name>江辻山</name>
<B>121081.0357</B>
<L>469707.2051</L>
<alti>62.25</alti>
<altiAcc>2</altiAcc>
</GCP>
<GCP gml:id="K1_503033_32">
<fid>10-00100-0-2106-200788</fid>
<lfSpanFr gml:id="K1_503033_32-1">
<gml:timePosition>2021-06-08</gml:timePosition>
</lfSpanFr>
<devDate gml:id="K1_503033_32-2">
<gml:timePosition>2021-07-01</gml:timePosition>
</devDate>
<orgGILvl>KJ14</orgGILvl>
<vis>表示</vis>
<pos>
<gml:Point gml:id="K1_503033_32-g" srsName="fguuid:jgd2011.bl">
<gml:pos>33.641844472 130.488226611</gml:pos>
</gml:Point>
</pos>
<orgName>国土地理院</orgName>
<type>三角点</type>
<gcpClass>四等三角点</gcpClass>
<gcpCode>TR45030337901</gcpCode>
<name>蒲田</name>
<B>121110.6401</B>
<L>469757.6158</L>
<alti>51.85</alti>
<altiAcc>2</altiAcc>
</GCP>
<GCP gml:id="K1_503033_33">
<fid>10-00100-0-2106-200789</fid>
<lfSpanFr gml:id="K1_503033_33-1">
<gml:timePosition>2021-06-08</gml:timePosition>
</lfSpanFr>
<devDate gml:id="K1_503033_33-2">
<gml:timePosition>2021-07-01</gml:timePosition>
</devDate>
<orgGILvl>KJ14</orgGILvl>
<vis>表示</vis>
<pos>
<gml:Point gml:id="K1_503033_33-g" srsName="fguuid:jgd2011.bl">
<gml:pos>33.656567250 130.493604528</gml:pos>
</gml:Point>
</pos>
<orgName>国土地理院</orgName>
<type>三角点</type>
<gcpClass>四等三角点</gcpClass>
<gcpCode>TR45030338901</gcpCode>
<name>山田</name>
<B>121163.6421</B>
<L>469776.9763</L>
<alti>31.37</alti>
<altiAcc>2</altiAcc>
</GCP>
</Dataset>
