<?xml version="1.0" encoding="utf-8"?>
<Dataset xsi:schemaLocation="http://fgd.gsi.go.jp/spec/2008/FGD_GMLSchema FGD_GMLSchema.xsd"
	xmlns:gml="http://www.opengis.net/gml/3.2"
	xmlns:xsi="http://www.w3.org/2001/XMLSchema-instance"
	xmlns:xlink="http://www.w3.org/1999/xlink"
	xmlns="http://fgd.gsi.go.jp/spec/2008/FGD_GMLSchema"
	gml:id="Dataset1">
  <gml:description>基盤地図情報メタデータ ID=fmdid:21-0101</gml:description>
  <gml:name>基盤地図情報ダウンロードデータ（GML版）</gml:name>
<AdmPt gml:id="K6_4698012060_1">
<fid>46980-12060-i-1671</fid>
<lfSpanFr gml:id="K6_4698012060_1-1">
<gml:timePosition>2020-10-29</gml:timePosition>
</lfSpanFr>
<devDate gml:id="K6_4698012060_1-2">
<gml:timePosition>2020-12-23</gml:timePosition>
</devDate>
<orgGILvl>25000</orgGILvl>
<vis>非表示</vis>
<pos>
<gml:Point gml:id="K6_4698012060_1-g" srsName="fguuid:jgd2011.bl">
<gml:pos>33.505860937 130.503842150</gml:pos>
</gml:Point>
</pos>
<type>郡市・東京都の区</type>
<name>筑紫野市</name>
<admCode>40217</admCode>
</AdmPt>
<AdmPt gml:id="K6_4698012060_2">
<fid>46980-12060-i-1672</fid>
<lfSpanFr gml:id="K6_4698012060_2-1">
<gml:timePosition>2020-10-29</gml:timePosition>
</lfSpanFr>
<devDate gml:id="K6_4698012060_2-2">
<gml:timePosition>2020-12-23</gml:timePosition>
</devDate>
<orgGILvl>25000</orgGILvl>
<vis>非表示</vis>
<pos>
<gml:Point gml:id="K6_4698012060_2-g" srsName="fguuid:jgd2011.bl">
<gml:pos>33.500768194 130.500010000</gml:pos>
</gml:Point>
</pos>
<type>郡市・東京都の区</type>
<name>太宰府市</name>
<admCode>40221</admCode>
</AdmPt>
<AdmPt gml:id="K6_4698012075_1">
<fid>46980-12075-i-630</fid>
<lfSpanFr gml:id="K6_4698012075_1-1">
<gml:timePosition>2020-10-29</gml:timePosition>
</lfSpanFr>
<devDate gml:id="K6_4698012075_1-2">
<gml:timePosition>2020-12-23</gml:timePosition>
</devDate>
<orgGILvl>25000</orgGILvl>
<vis>非表示</vis>
<pos>
<gml:Point gml:id="K6_4698012075_1-g" srsName="fguuid:jgd2011.bl">
<gml:pos>33.545681501 130.504534989</gml:pos>
</gml:Point>
</pos>
<type>郡市・東京都の区</type>
<name>大野城市</name>
<admCode>40219</admCode>
</AdmPt>
<AdmPt gml:id="K6_4698012087_1">
<fid>46980-12087-i-1264</fid>
<lfSpanFr gml:id="K6_4698012087_1-1">
<gml:timePosition>2020-10-29</gml:timePosition>
</lfSpanFr>
<devDate gml:id="K6_4698012087_1-2">
<gml:timePosition>2020-12-23</gml:timePosition>
</devDate>
<orgGILvl>25000</orgGILvl>
<vis>非表示</vis>
<pos>
<gml:Point gml:id="K6_4698012087_1-g" srsName="fguuid:jgd2011.bl">
<gml:pos>33.579155613 130.500315564</gml:pos>
</gml:Point>
</pos>
<type>町村・指定都市の区</type>
<name>志免町</name>
<admCode>40343</admCode>
</AdmPt>
<AdmPt gml:id="K6_4698312060_1">
<fid>46983-12060-i-1459</fid>
<lfSpanFr gml:id="K6_4698312060_1-1">
<gml:timePosition>2020-10-29</gml:timePosition>
</lfSpanFr>
<devDate gml:id="K6_4698312060_1-2">
<gml:timePosition>2020-12-23</gml:timePosition>
</devDate>
<orgGILvl>25000</orgGILvl>
<vis>非表示</vis>
<pos>
<gml:Point gml:id="K6_4698312060_1-g" srsName="fguuid:jgd2011.bl">
<gml:pos>33.500144581 130.511415844</gml:pos>
</gml:Point>
</pos>
<type>郡市・東京都の区</type>
<name>筑紫野市</name>
<admCode>40217</admCode>
</AdmPt>
<AdmPt gml:id="K6_4698312060_2">
<fid>46983-12060-i-1460</fid>
<lfSpanFr gml:id="K6_4698312060_2-1">
<gml:timePosition>2020-10-29</gml:timePosition>
</lfSpanFr>
<devDate gml:id="K6_4698312060_2-2">
<gml:timePosition>2020-12-23</gml:timePosition>
</devDate>
<orgGILvl>25000</orgGILvl>
<vis>非表示</vis>
<pos>
<gml:Point gml:id="K6_4698312060_2-g" srsName="fguuid:jgd2011.bl">
<gml:pos>33.500008704 130.508839864</gml:pos>
</gml:Point>
</pos>
<type>郡市・東京都の区</type>
<name>筑紫野市</name>
<admCode>40217</admCode>
</AdmPt>
<AdmPt gml:id="K6_4698612066_1">
<fid>46986-12066-i-1264</fid>
<lfSpanFr gml:id="K6_4698612066_1-1">
<gml:timePosition>2020-10-29</gml:timePosition>
</lfSpanFr>
<devDate gml:id="K6_4698612066_1-2">
<gml:timePosition>2020-12-23</gml:timePosition>
</devDate>
<orgGILvl>2500</orgGILvl>
<vis>非表示</vis>
<pos>
<gml:Point gml:id="K6_4698612066_1-g" srsName="fguuid:jgd2011.bl">
<gml:pos>33.519887239 130.522716798</gml:pos>
</gml:Point>
</pos>
<type>郡市・東京都の区</type>
<name>太宰府市</name>
<admCode>40221</admCode>
</AdmPt>
<AdmPt gml:id="K6_4698912060_1">
<fid>46989-12060-i-1452</fid>
<lfSpanFr gml:id="K6_4698912060_1-1">
<gml:timePosition>2020-10-29</gml:timePosition>
</lfSpanFr>
<devDate gml:id="K6_4698912060_1-2">
<gml:timePosition>2020-12-23</gml:timePosition>
</devDate>
<orgGILvl>25000</orgGILvl>
<vis>非表示</vis>
<pos>
<gml:Point gml:id="K6_4698912060_1-g" srsName="fguuid:jgd2011.bl">
<gml:pos>33.503680105 130.525200024</gml:pos>
</gml:Point>
</pos>
<type>郡市・東京都の区</type>
<name>筑紫野市</name>
<admCode>40217</admCode>
</AdmPt>
<AdmPt gml:id="K6_4698912069_1">
<fid>46989-12069-i-966</fid>
<lfSpanFr gml:id="K6_4698912069_1-1">
<gml:timePosition>2020-10-29</gml:timePosition>
</lfSpanFr>
<devDate gml:id="K6_4698912069_1-2">
<gml:timePosition>2020-12-23</gml:timePosition>
</devDate>
<orgGILvl>25000</orgGILvl>
<vis>非表示</vis>
<pos>
<gml:Point gml:id="K6_4698912069_1-g" srsName="fguuid:jgd2011.bl">
<gml:pos>33.527965496 130.530206785</gml:pos>
</gml:Point>
</pos>
<type>郡市・東京都の区</type>
<name>太宰府市</name>
<admCode>40221</admCode>
</AdmPt>
<AdmPt gml:id="K6_4698912087_1">
<fid>46989-12087-i-2088</fid>
<lfSpanFr gml:id="K6_4698912087_1-1">
<gml:timePosition>2020-10-29</gml:timePosition>
</lfSpanFr>
<devDate gml:id="K6_4698912087_1-2">
<gml:timePosition>2020-12-23</gml:timePosition>
</devDate>
<orgGILvl>25000</orgGILvl>
<vis>非表示</vis>
<pos>
<gml:Point gml:id="K6_4698912087_1-g" srsName="fguuid:jgd2011.bl">
<gml:pos>33.579430850 130.526679751</gml:pos>
</gml:Point>
</pos>
<type>町村・指定都市の区</type>
<name>須恵町</name>
<admCode>40344</admCode>
</AdmPt>
<AdmPt gml:id="K6_4699512078_1">
<fid>46995-12078-i-898</fid>
<lfSpanFr gml:id="K6_4699512078_1-1">
<gml:timePosition>2020-10-29</gml:timePosition>
</lfSpanFr>
<devDate gml:id="K6_4699512078_1-2">
<gml:timePosition>2020-12-23</gml:timePosition>
</devDate>
<orgGILvl>25000</orgGILvl>
<vis>非表示</vis>
<pos>
<gml:Point gml:id="K6_4699512078_1-g" srsName="fguuid:jgd2011.bl">
<gml:pos>33.557277479 130.542580898</gml:pos>
</gml:Point>
</pos>
<type>町村・指定都市の区</type>
<name>宇美町</name>
<admCode>40341</admCode>
</AdmPt>
<AdmPt gml:id="K6_4701012069_1">
<fid>47010-12069-i-267</fid>
<lfSpanFr gml:id="K6_4701012069_1-1">
<gml:timePosition>2020-10-29</gml:timePosition>
</lfSpanFr>
<devDate gml:id="K6_4701012069_1-2">
<gml:timePosition>2020-12-23</gml:timePosition>
</devDate>
<orgGILvl>25000</orgGILvl>
<vis>非表示</vis>
<pos>
<gml:Point gml:id="K6_4701012069_1-g" srsName="fguuid:jgd2011.bl">
<gml:pos>33.527227358 130.584848611</gml:pos>
</gml:Point>
</pos>
<type>郡市・東京都の区</type>
<name>筑紫野市</name>
<admCode>40217</admCode>
</AdmPt>
<AdmPt gml:id="K6_4701912075_1">
<fid>47019-12075-i-160</fid>
<lfSpanFr gml:id="K6_4701912075_1-1">
<gml:timePosition>2015-06-04</gml:timePosition>
</lfSpanFr>
<devDate gml:id="K6_4701912075_1-2">
<gml:timePosition>2020-12-23</gml:timePosition>
</devDate>
<orgGILvl>25000</orgGILvl>
<vis>非表示</vis>
<pos>
<gml:Point gml:id="K6_4701912075_1-g" srsName="fguuid:jgd2011.bl">
<gml:pos>33.543514429 130.610075626</gml:pos>
</gml:Point>
</pos>
<type>郡市・東京都の区</type>
<name>飯塚市</name>
<admCode>40205</admCode>
</AdmPt>
<AdmPt gml:id="K6_4702212060_1">
<fid>47022-12060-i-275</fid>
<lfSpanFr gml:id="K6_4702212060_1-1">
<gml:timePosition>2015-06-04</gml:timePosition>
</lfSpanFr>
<devDate gml:id="K6_4702212060_1-2">
<gml:timePosition>2020-12-23</gml:timePosition>
</devDate>
<orgGILvl>25000</orgGILvl>
<vis>非表示</vis>
<pos>
<gml:Point gml:id="K6_4702212060_1-g" srsName="fguuid:jgd2011.bl">
<gml:pos>33.503047955 130.621024168</gml:pos>
</gml:Point>
</pos>
<type>町村・指定都市の区</type>
<name>筑前町</name>
<admCode>40447</admCode>
</AdmPt>
</Dataset>
