<?xml version="1.0" encoding="utf-8"?>
<Dataset xsi:schemaLocation="http://fgd.gsi.go.jp/spec/2008/FGD_GMLSchema FGD_GMLSchema.xsd"
	xmlns:gml="http://www.opengis.net/gml/3.2"
	xmlns:xsi="http://www.w3.org/2001/XMLSchema-instance"
	xmlns:xlink="http://www.w3.org/1999/xlink"
	xmlns="http://fgd.gsi.go.jp/spec/2008/FGD_GMLSchema"
	gml:id="Dataset1">
  <gml:description>基盤地図情報メタデータ ID=fmdid:21-0101</gml:description>
  <gml:name>基盤地図情報ダウンロードデータ（GML版）</gml:name>
<ElevPt gml:id="K2_4698012066_1">
<fid>46980-12066-i-1399</fid>
<lfSpanFr gml:id="K2_4698012066_1-1">
<gml:timePosition>2020-10-29</gml:timePosition>
</lfSpanFr>
<devDate gml:id="K2_4698012066_1-2">
<gml:timePosition>2020-12-23</gml:timePosition>
</devDate>
<orgGILvl>25000</orgGILvl>
<vis>非表示</vis>
<pos>
<gml:Point gml:id="K2_4698012066_1-g" srsName="fguuid:jgd2011.bl">
<gml:pos>33.520066889 130.506725667</gml:pos>
</gml:Point>
</pos>
<type>標高点（測点）</type>
<alti>47</alti>
</ElevPt>
<ElevPt gml:id="K2_4698012069_1">
<fid>46980-12069-i-1279</fid>
<lfSpanFr gml:id="K2_4698012069_1-1">
<gml:timePosition>2020-10-29</gml:timePosition>
</lfSpanFr>
<devDate gml:id="K2_4698012069_1-2">
<gml:timePosition>2020-12-23</gml:timePosition>
</devDate>
<orgGILvl>25000</orgGILvl>
<vis>表示</vis>
<pos>
<gml:Point gml:id="K2_4698012069_1-g" srsName="fguuid:jgd2011.bl">
<gml:pos>33.529232500 130.508225556</gml:pos>
</gml:Point>
</pos>
<type>標高点（測点）</type>
<alti>216</alti>
</ElevPt>
<ElevPt gml:id="K2_4698012078_1">
<fid>46980-12078-i-1109</fid>
<lfSpanFr gml:id="K2_4698012078_1-1">
<gml:timePosition>2020-10-29</gml:timePosition>
</lfSpanFr>
<devDate gml:id="K2_4698012078_1-2">
<gml:timePosition>2020-12-23</gml:timePosition>
</devDate>
<orgGILvl>25000</orgGILvl>
<vis>表示</vis>
<pos>
<gml:Point gml:id="K2_4698012078_1-g" srsName="fguuid:jgd2011.bl">
<gml:pos>33.556034584 130.506336710</gml:pos>
</gml:Point>
</pos>
<type>標高点（測点）</type>
<alti>80</alti>
</ElevPt>
<ElevPt gml:id="K2_4698012081_1">
<fid>46980-12081-i-1150</fid>
<lfSpanFr gml:id="K2_4698012081_1-1">
<gml:timePosition>2020-10-29</gml:timePosition>
</lfSpanFr>
<devDate gml:id="K2_4698012081_1-2">
<gml:timePosition>2020-12-23</gml:timePosition>
</devDate>
<orgGILvl>25000</orgGILvl>
<vis>表示</vis>
<pos>
<gml:Point gml:id="K2_4698012081_1-g" srsName="fguuid:jgd2011.bl">
<gml:pos>33.561171944 130.506875278</gml:pos>
</gml:Point>
</pos>
<type>標高点（測点）</type>
<alti>87</alti>
</ElevPt>
<ElevPt gml:id="K2_4698312060_1">
<fid>46983-12060-i-1422</fid>
<lfSpanFr gml:id="K2_4698312060_1-1">
<gml:timePosition>2020-10-29</gml:timePosition>
</lfSpanFr>
<devDate gml:id="K2_4698312060_1-2">
<gml:timePosition>2020-12-23</gml:timePosition>
</devDate>
<orgGILvl>25000</orgGILvl>
<pos>
<gml:Point gml:id="K2_4698312060_1-g" srsName="fguuid:jgd2011.bl">
<gml:pos>33.504820930 130.511479584</gml:pos>
</gml:Point>
</pos>
<type>標高点（測点）</type>
<alti>31</alti>
</ElevPt>
<ElevPt gml:id="K2_4698312063_1">
<fid>46983-12063-i-2283</fid>
<lfSpanFr gml:id="K2_4698312063_1-1">
<gml:timePosition>2020-10-29</gml:timePosition>
</lfSpanFr>
<devDate gml:id="K2_4698312063_1-2">
<gml:timePosition>2020-12-23</gml:timePosition>
</devDate>
<orgGILvl>25000</orgGILvl>
<vis>表示</vis>
<pos>
<gml:Point gml:id="K2_4698312063_1-g" srsName="fguuid:jgd2011.bl">
<gml:pos>33.509628104 130.515338386</gml:pos>
</gml:Point>
</pos>
<type>標高点（測点）</type>
<alti>33</alti>
</ElevPt>
<ElevPt gml:id="K2_4698312066_1">
<fid>46983-12066-i-1268</fid>
<lfSpanFr gml:id="K2_4698312066_1-1">
<gml:timePosition>2020-10-29</gml:timePosition>
</lfSpanFr>
<devDate gml:id="K2_4698312066_1-2">
<gml:timePosition>2020-12-23</gml:timePosition>
</devDate>
<orgGILvl>25000</orgGILvl>
<vis>表示</vis>
<pos>
<gml:Point gml:id="K2_4698312066_1-g" srsName="fguuid:jgd2011.bl">
<gml:pos>33.520375278 130.515795833</gml:pos>
</gml:Point>
</pos>
<type>標高点（測点）</type>
<alti>105</alti>
</ElevPt>
<ElevPt gml:id="K2_4698312072_1">
<fid>46983-12072-i-231</fid>
<lfSpanFr gml:id="K2_4698312072_1-1">
<gml:timePosition>2020-10-29</gml:timePosition>
</lfSpanFr>
<devDate gml:id="K2_4698312072_1-2">
<gml:timePosition>2020-12-23</gml:timePosition>
</devDate>
<orgGILvl>25000</orgGILvl>
<vis>表示</vis>
<pos>
<gml:Point gml:id="K2_4698312072_1-g" srsName="fguuid:jgd2011.bl">
<gml:pos>33.533621944 130.514366389</gml:pos>
</gml:Point>
</pos>
<type>標高点（測点）</type>
<alti>391</alti>
</ElevPt>
<ElevPt gml:id="K2_4698312087_1">
<fid>46983-12087-i-2174</fid>
<lfSpanFr gml:id="K2_4698312087_1-1">
<gml:timePosition>2020-10-29</gml:timePosition>
</lfSpanFr>
<devDate gml:id="K2_4698312087_1-2">
<gml:timePosition>2020-12-23</gml:timePosition>
</devDate>
<orgGILvl>25000</orgGILvl>
<vis>表示</vis>
<pos>
<gml:Point gml:id="K2_4698312087_1-g" srsName="fguuid:jgd2011.bl">
<gml:pos>33.583010611 130.511152818</gml:pos>
</gml:Point>
</pos>
<type>標高点（測点）</type>
<alti>35</alti>
</ElevPt>
<ElevPt gml:id="K2_4698612060_1">
<fid>46986-12060-i-1924</fid>
<lfSpanFr gml:id="K2_4698612060_1-1">
<gml:timePosition>2020-10-29</gml:timePosition>
</lfSpanFr>
<devDate gml:id="K2_4698612060_1-2">
<gml:timePosition>2020-12-23</gml:timePosition>
</devDate>
<orgGILvl>25000</orgGILvl>
<vis>表示</vis>
<pos>
<gml:Point gml:id="K2_4698612060_1-g" srsName="fguuid:jgd2011.bl">
<gml:pos>33.503848028 130.522074722</gml:pos>
</gml:Point>
</pos>
<type>標高点（測点）</type>
<alti>38</alti>
</ElevPt>
<ElevPt gml:id="K2_4698612069_1">
<fid>46986-12069-i-465</fid>
<lfSpanFr gml:id="K2_4698612069_1-1">
<gml:timePosition>2020-10-29</gml:timePosition>
</lfSpanFr>
<devDate gml:id="K2_4698612069_1-2">
<gml:timePosition>2020-12-23</gml:timePosition>
</devDate>
<orgGILvl>25000</orgGILvl>
<vis>表示</vis>
<pos>
<gml:Point gml:id="K2_4698612069_1-g" srsName="fguuid:jgd2011.bl">
<gml:pos>33.526044167 130.520273889</gml:pos>
</gml:Point>
</pos>
<type>標高点（測点）</type>
<alti>281</alti>
</ElevPt>
<ElevPt gml:id="K2_4698612078_1">
<fid>46986-12078-i-1095</fid>
<lfSpanFr gml:id="K2_4698612078_1-1">
<gml:timePosition>2020-10-29</gml:timePosition>
</lfSpanFr>
<devDate gml:id="K2_4698612078_1-2">
<gml:timePosition>2020-12-23</gml:timePosition>
</devDate>
<orgGILvl>25000</orgGILvl>
<vis>表示</vis>
<pos>
<gml:Point gml:id="K2_4698612078_1-g" srsName="fguuid:jgd2011.bl">
<gml:pos>33.551483889 130.517604722</gml:pos>
</gml:Point>
</pos>
<type>標高点（測点）</type>
<alti>201</alti>
</ElevPt>
<ElevPt gml:id="K2_4698612081_1">
<fid>46986-12081-i-2160</fid>
<lfSpanFr gml:id="K2_4698612081_1-1">
<gml:timePosition>2020-10-29</gml:timePosition>
</lfSpanFr>
<devDate gml:id="K2_4698612081_1-2">
<gml:timePosition>2020-12-23</gml:timePosition>
</devDate>
<orgGILvl>25000</orgGILvl>
<vis>表示</vis>
<pos>
<gml:Point gml:id="K2_4698612081_1-g" srsName="fguuid:jgd2011.bl">
<gml:pos>33.565730667 130.520144139</gml:pos>
</gml:Point>
</pos>
<type>標高点（測点）</type>
<alti>77</alti>
</ElevPt>
<ElevPt gml:id="K2_4698612084_1">
<fid>46986-12084-i-3038</fid>
<lfSpanFr gml:id="K2_4698612084_1-1">
<gml:timePosition>2020-10-29</gml:timePosition>
</lfSpanFr>
<devDate gml:id="K2_4698612084_1-2">
<gml:timePosition>2020-12-23</gml:timePosition>
</devDate>
<orgGILvl>25000</orgGILvl>
<vis>表示</vis>
<pos>
<gml:Point gml:id="K2_4698612084_1-g" srsName="fguuid:jgd2011.bl">
<gml:pos>33.568667778 130.522927778</gml:pos>
</gml:Point>
</pos>
<type>標高点（測点）</type>
<alti>83</alti>
</ElevPt>
<ElevPt gml:id="K2_4698912063_1">
<fid>46989-12063-i-1778</fid>
<lfSpanFr gml:id="K2_4698912063_1-1">
<gml:timePosition>2020-10-29</gml:timePosition>
</lfSpanFr>
<devDate gml:id="K2_4698912063_1-2">
<gml:timePosition>2020-12-23</gml:timePosition>
</devDate>
<orgGILvl>25000</orgGILvl>
<vis>表示</vis>
<pos>
<gml:Point gml:id="K2_4698912063_1-g" srsName="fguuid:jgd2011.bl">
<gml:pos>33.510482106 130.530387495</gml:pos>
</gml:Point>
</pos>
<type>標高点（測点）</type>
<alti>84</alti>
</ElevPt>
<ElevPt gml:id="K2_4698912066_1">
<fid>46989-12066-i-1804</fid>
<lfSpanFr gml:id="K2_4698912066_1-1">
<gml:timePosition>2020-10-29</gml:timePosition>
</lfSpanFr>
<devDate gml:id="K2_4698912066_1-2">
<gml:timePosition>2020-12-23</gml:timePosition>
</devDate>
<orgGILvl>25000</orgGILvl>
<vis>表示</vis>
<pos>
<gml:Point gml:id="K2_4698912066_1-g" srsName="fguuid:jgd2011.bl">
<gml:pos>33.520775278 130.526126667</gml:pos>
</gml:Point>
</pos>
<type>標高点（測点）</type>
<alti>91</alti>
</ElevPt>
<ElevPt gml:id="K2_4698912069_1">
<fid>46989-12069-i-932</fid>
<lfSpanFr gml:id="K2_4698912069_1-1">
<gml:timePosition>2020-10-29</gml:timePosition>
</lfSpanFr>
<devDate gml:id="K2_4698912069_1-2">
<gml:timePosition>2020-12-23</gml:timePosition>
</devDate>
<orgGILvl>25000</orgGILvl>
<vis>表示</vis>
<pos>
<gml:Point gml:id="K2_4698912069_1-g" srsName="fguuid:jgd2011.bl">
<gml:pos>33.533255556 130.526180278</gml:pos>
</gml:Point>
</pos>
<type>標高点（測点）</type>
<alti>368</alti>
</ElevPt>
<ElevPt gml:id="K2_4698912072_1">
<fid>46989-12072-i-395</fid>
<lfSpanFr gml:id="K2_4698912072_1-1">
<gml:timePosition>2020-10-29</gml:timePosition>
</lfSpanFr>
<devDate gml:id="K2_4698912072_1-2">
<gml:timePosition>2020-12-23</gml:timePosition>
</devDate>
<orgGILvl>25000</orgGILvl>
<vis>非表示</vis>
<pos>
<gml:Point gml:id="K2_4698912072_1-g" srsName="fguuid:jgd2011.bl">
<gml:pos>33.536205833 130.529655000</gml:pos>
</gml:Point>
</pos>
<type>標高点（測点）</type>
<alti>354</alti>
</ElevPt>
<ElevPt gml:id="K2_4698912078_1">
<fid>46989-12078-i-1317</fid>
<lfSpanFr gml:id="K2_4698912078_1-1">
<gml:timePosition>2020-10-29</gml:timePosition>
</lfSpanFr>
<devDate gml:id="K2_4698912078_1-2">
<gml:timePosition>2020-12-23</gml:timePosition>
</devDate>
<orgGILvl>25000</orgGILvl>
<vis>表示</vis>
<pos>
<gml:Point gml:id="K2_4698912078_1-g" srsName="fguuid:jgd2011.bl">
<gml:pos>33.550831389 130.529013333</gml:pos>
</gml:Point>
</pos>
<type>標高点（測点）</type>
<alti>147</alti>
</ElevPt>
<ElevPt gml:id="K2_4699212060_1">
<fid>46992-12060-i-954</fid>
<lfSpanFr gml:id="K2_4699212060_1-1">
<gml:timePosition>2020-10-29</gml:timePosition>
</lfSpanFr>
<devDate gml:id="K2_4699212060_1-2">
<gml:timePosition>2020-12-23</gml:timePosition>
</devDate>
<orgGILvl>25000</orgGILvl>
<vis>表示</vis>
<pos>
<gml:Point gml:id="K2_4699212060_1-g" srsName="fguuid:jgd2011.bl">
<gml:pos>33.501262167 130.535402417</gml:pos>
</gml:Point>
</pos>
<type>標高点（測点）</type>
<alti>85</alti>
</ElevPt>
<ElevPt gml:id="K2_4699212066_1">
<fid>46992-12066-i-1371</fid>
<lfSpanFr gml:id="K2_4699212066_1-1">
<gml:timePosition>2020-10-29</gml:timePosition>
</lfSpanFr>
<devDate gml:id="K2_4699212066_1-2">
<gml:timePosition>2020-12-23</gml:timePosition>
</devDate>
<orgGILvl>25000</orgGILvl>
<vis>表示</vis>
<pos>
<gml:Point gml:id="K2_4699212066_1-g" srsName="fguuid:jgd2011.bl">
<gml:pos>33.517843333 130.535064444</gml:pos>
</gml:Point>
</pos>
<type>標高点（測点）</type>
<alti>85</alti>
</ElevPt>
<ElevPt gml:id="K2_4699212069_1">
<fid>46992-12069-i-1130</fid>
<lfSpanFr gml:id="K2_4699212069_1-1">
<gml:timePosition>2020-10-29</gml:timePosition>
</lfSpanFr>
<devDate gml:id="K2_4699212069_1-2">
<gml:timePosition>2020-12-23</gml:timePosition>
</devDate>
<orgGILvl>25000</orgGILvl>
<vis>表示</vis>
<pos>
<gml:Point gml:id="K2_4699212069_1-g" srsName="fguuid:jgd2011.bl">
<gml:pos>33.530553611 130.535888167</gml:pos>
</gml:Point>
</pos>
<type>標高点（測点）</type>
<alti>65</alti>
</ElevPt>
<ElevPt gml:id="K2_4699212072_1">
<fid>46992-12072-i-544</fid>
<lfSpanFr gml:id="K2_4699212072_1-1">
<gml:timePosition>2020-10-29</gml:timePosition>
</lfSpanFr>
<devDate gml:id="K2_4699212072_1-2">
<gml:timePosition>2020-12-23</gml:timePosition>
</devDate>
<orgGILvl>25000</orgGILvl>
<vis>表示</vis>
<pos>
<gml:Point gml:id="K2_4699212072_1-g" srsName="fguuid:jgd2011.bl">
<gml:pos>33.539872944 130.539486361</gml:pos>
</gml:Point>
</pos>
<type>標高点（測点）</type>
<alti>86</alti>
</ElevPt>
<ElevPt gml:id="K2_4699212078_1">
<fid>46992-12078-i-1161</fid>
<lfSpanFr gml:id="K2_4699212078_1-1">
<gml:timePosition>2020-10-29</gml:timePosition>
</lfSpanFr>
<devDate gml:id="K2_4699212078_1-2">
<gml:timePosition>2020-12-23</gml:timePosition>
</devDate>
<orgGILvl>25000</orgGILvl>
<pos>
<gml:Point gml:id="K2_4699212078_1-g" srsName="fguuid:jgd2011.bl">
<gml:pos>33.555590362 130.540533254</gml:pos>
</gml:Point>
</pos>
<type>標高点（測点）</type>
<alti>116</alti>
</ElevPt>
<ElevPt gml:id="K2_4699212084_1">
<fid>46992-12084-i-1690</fid>
<lfSpanFr gml:id="K2_4699212084_1-1">
<gml:timePosition>2020-10-29</gml:timePosition>
</lfSpanFr>
<devDate gml:id="K2_4699212084_1-2">
<gml:timePosition>2020-12-23</gml:timePosition>
</devDate>
<orgGILvl>25000</orgGILvl>
<vis>表示</vis>
<pos>
<gml:Point gml:id="K2_4699212084_1-g" srsName="fguuid:jgd2011.bl">
<gml:pos>33.571631389 130.536259444</gml:pos>
</gml:Point>
</pos>
<type>標高点（測点）</type>
<alti>85</alti>
</ElevPt>
<ElevPt gml:id="K2_4699512060_1">
<fid>46995-12060-i-1563</fid>
<lfSpanFr gml:id="K2_4699512060_1-1">
<gml:timePosition>2020-10-29</gml:timePosition>
</lfSpanFr>
<devDate gml:id="K2_4699512060_1-2">
<gml:timePosition>2020-12-23</gml:timePosition>
</devDate>
<orgGILvl>25000</orgGILvl>
<vis>表示</vis>
<pos>
<gml:Point gml:id="K2_4699512060_1-g" srsName="fguuid:jgd2011.bl">
<gml:pos>33.505143919 130.542256249</gml:pos>
</gml:Point>
</pos>
<type>標高点（測点）</type>
<alti>54</alti>
</ElevPt>
<ElevPt gml:id="K2_4699512060_2">
<fid>46995-12060-i-1564</fid>
<lfSpanFr gml:id="K2_4699512060_2-1">
<gml:timePosition>2020-10-29</gml:timePosition>
</lfSpanFr>
<devDate gml:id="K2_4699512060_2-2">
<gml:timePosition>2020-12-23</gml:timePosition>
</devDate>
<orgGILvl>25000</orgGILvl>
<vis>表示</vis>
<pos>
<gml:Point gml:id="K2_4699512060_2-g" srsName="fguuid:jgd2011.bl">
<gml:pos>33.506727500 130.548490833</gml:pos>
</gml:Point>
</pos>
<type>標高点（測点）</type>
<alti>106</alti>
</ElevPt>
<ElevPt gml:id="K2_4699512063_1">
<fid>46995-12063-i-1527</fid>
<lfSpanFr gml:id="K2_4699512063_1-1">
<gml:timePosition>2020-10-29</gml:timePosition>
</lfSpanFr>
<devDate gml:id="K2_4699512063_1-2">
<gml:timePosition>2020-12-23</gml:timePosition>
</devDate>
<orgGILvl>25000</orgGILvl>
<vis>表示</vis>
<pos>
<gml:Point gml:id="K2_4699512063_1-g" srsName="fguuid:jgd2011.bl">
<gml:pos>33.515108623 130.548146197</gml:pos>
</gml:Point>
</pos>
<type>標高点（測点）</type>
<alti>64</alti>
</ElevPt>
<ElevPt gml:id="K2_4699512066_1">
<fid>46995-12066-i-1940</fid>
<lfSpanFr gml:id="K2_4699512066_1-1">
<gml:timePosition>2020-10-29</gml:timePosition>
</lfSpanFr>
<devDate gml:id="K2_4699512066_1-2">
<gml:timePosition>2020-12-23</gml:timePosition>
</devDate>
<orgGILvl>25000</orgGILvl>
<vis>表示</vis>
<pos>
<gml:Point gml:id="K2_4699512066_1-g" srsName="fguuid:jgd2011.bl">
<gml:pos>33.521745889 130.542858111</gml:pos>
</gml:Point>
</pos>
<type>標高点（測点）</type>
<alti>122</alti>
</ElevPt>
<ElevPt gml:id="K2_4699512069_1">
<fid>46995-12069-i-576</fid>
<lfSpanFr gml:id="K2_4699512069_1-1">
<gml:timePosition>2020-10-29</gml:timePosition>
</lfSpanFr>
<devDate gml:id="K2_4699512069_1-2">
<gml:timePosition>2020-12-23</gml:timePosition>
</devDate>
<orgGILvl>25000</orgGILvl>
<vis>表示</vis>
<pos>
<gml:Point gml:id="K2_4699512069_1-g" srsName="fguuid:jgd2011.bl">
<gml:pos>33.527240278 130.546053611</gml:pos>
</gml:Point>
</pos>
<type>標高点（測点）</type>
<alti>145</alti>
</ElevPt>
<ElevPt gml:id="K2_4699512072_1">
<fid>46995-12072-i-954</fid>
<lfSpanFr gml:id="K2_4699512072_1-1">
<gml:timePosition>2020-10-29</gml:timePosition>
</lfSpanFr>
<devDate gml:id="K2_4699512072_1-2">
<gml:timePosition>2020-12-23</gml:timePosition>
</devDate>
<orgGILvl>25000</orgGILvl>
<pos>
<gml:Point gml:id="K2_4699512072_1-g" srsName="fguuid:jgd2011.bl">
<gml:pos>33.540952387 130.549053821</gml:pos>
</gml:Point>
</pos>
<type>標高点（測点）</type>
<alti>187</alti>
</ElevPt>
<ElevPt gml:id="K2_4699512075_1">
<fid>46995-12075-i-1257</fid>
<lfSpanFr gml:id="K2_4699512075_1-1">
<gml:timePosition>2020-10-29</gml:timePosition>
</lfSpanFr>
<devDate gml:id="K2_4699512075_1-2">
<gml:timePosition>2020-12-23</gml:timePosition>
</devDate>
<orgGILvl>25000</orgGILvl>
<vis>表示</vis>
<pos>
<gml:Point gml:id="K2_4699512075_1-g" srsName="fguuid:jgd2011.bl">
<gml:pos>33.547913889 130.545720278</gml:pos>
</gml:Point>
</pos>
<type>標高点（測点）</type>
<alti>198</alti>
</ElevPt>
<ElevPt gml:id="K2_4699512081_1">
<fid>46995-12081-i-808</fid>
<lfSpanFr gml:id="K2_4699512081_1-1">
<gml:timePosition>2016-06-06</gml:timePosition>
</lfSpanFr>
<devDate gml:id="K2_4699512081_1-2">
<gml:timePosition>2020-12-23</gml:timePosition>
</devDate>
<orgGILvl>25000</orgGILvl>
<vis>表示</vis>
<pos>
<gml:Point gml:id="K2_4699512081_1-g" srsName="fguuid:jgd2011.bl">
<gml:pos>33.564636111 130.543460833</gml:pos>
</gml:Point>
</pos>
<type>標高点（測点）</type>
<alti>156</alti>
</ElevPt>
<ElevPt gml:id="K2_4699512087_1">
<fid>46995-12087-i-718</fid>
<lfSpanFr gml:id="K2_4699512087_1-1">
<gml:timePosition>2020-10-29</gml:timePosition>
</lfSpanFr>
<devDate gml:id="K2_4699512087_1-2">
<gml:timePosition>2020-12-23</gml:timePosition>
</devDate>
<orgGILvl>25000</orgGILvl>
<vis>表示</vis>
<pos>
<gml:Point gml:id="K2_4699512087_1-g" srsName="fguuid:jgd2011.bl">
<gml:pos>33.578282655 130.549255545</gml:pos>
</gml:Point>
</pos>
<type>標高点（測点）</type>
<alti>235</alti>
</ElevPt>
<ElevPt gml:id="K2_4699812063_1">
<fid>46998-12063-i-2616</fid>
<lfSpanFr gml:id="K2_4699812063_1-1">
<gml:timePosition>2020-10-29</gml:timePosition>
</lfSpanFr>
<devDate gml:id="K2_4699812063_1-2">
<gml:timePosition>2020-12-23</gml:timePosition>
</devDate>
<orgGILvl>25000</orgGILvl>
<vis>非表示</vis>
<pos>
<gml:Point gml:id="K2_4699812063_1-g" srsName="fguuid:jgd2011.bl">
<gml:pos>33.513078889 130.557628889</gml:pos>
</gml:Point>
</pos>
<type>標高点（測点）</type>
<alti>67</alti>
</ElevPt>
<ElevPt gml:id="K2_4699812069_1">
<fid>46998-12069-i-828</fid>
<lfSpanFr gml:id="K2_4699812069_1-1">
<gml:timePosition>2020-10-29</gml:timePosition>
</lfSpanFr>
<devDate gml:id="K2_4699812069_1-2">
<gml:timePosition>2020-12-23</gml:timePosition>
</devDate>
<orgGILvl>25000</orgGILvl>
<vis>表示</vis>
<pos>
<gml:Point gml:id="K2_4699812069_1-g" srsName="fguuid:jgd2011.bl">
<gml:pos>33.532518233 130.550426698</gml:pos>
</gml:Point>
</pos>
<type>標高点（測点）</type>
<alti>204</alti>
</ElevPt>
<ElevPt gml:id="K2_4699812075_1">
<fid>46998-12075-i-295</fid>
<lfSpanFr gml:id="K2_4699812075_1-1">
<gml:timePosition>2020-10-29</gml:timePosition>
</lfSpanFr>
<devDate gml:id="K2_4699812075_1-2">
<gml:timePosition>2020-12-23</gml:timePosition>
</devDate>
<orgGILvl>25000</orgGILvl>
<vis>表示</vis>
<pos>
<gml:Point gml:id="K2_4699812075_1-g" srsName="fguuid:jgd2011.bl">
<gml:pos>33.547023611 130.556159167</gml:pos>
</gml:Point>
</pos>
<type>標高点（測点）</type>
<alti>363</alti>
</ElevPt>
<ElevPt gml:id="K2_4699812081_1">
<fid>46998-12081-i-160</fid>
<lfSpanFr gml:id="K2_4699812081_1-1">
<gml:timePosition>2014-06-04</gml:timePosition>
</lfSpanFr>
<devDate gml:id="K2_4699812081_1-2">
<gml:timePosition>2020-12-23</gml:timePosition>
</devDate>
<orgGILvl>25000</orgGILvl>
<vis>表示</vis>
<pos>
<gml:Point gml:id="K2_4699812081_1-g" srsName="fguuid:jgd2011.bl">
<gml:pos>33.558602222 130.555956111</gml:pos>
</gml:Point>
</pos>
<type>標高点（測点）</type>
<alti>284</alti>
</ElevPt>
<ElevPt gml:id="K2_4699812084_1">
<fid>46998-12084-i-113</fid>
<lfSpanFr gml:id="K2_4699812084_1-1">
<gml:timePosition>2020-10-29</gml:timePosition>
</lfSpanFr>
<devDate gml:id="K2_4699812084_1-2">
<gml:timePosition>2020-12-23</gml:timePosition>
</devDate>
<orgGILvl>25000</orgGILvl>
<vis>表示</vis>
<pos>
<gml:Point gml:id="K2_4699812084_1-g" srsName="fguuid:jgd2011.bl">
<gml:pos>33.570726389 130.551646389</gml:pos>
</gml:Point>
</pos>
<type>標高点（測点）</type>
<alti>318</alti>
</ElevPt>
<ElevPt gml:id="K2_4700112069_1">
<fid>47001-12069-i-256</fid>
<lfSpanFr gml:id="K2_4700112069_1-1">
<gml:timePosition>2020-10-29</gml:timePosition>
</lfSpanFr>
<devDate gml:id="K2_4700112069_1-2">
<gml:timePosition>2020-12-23</gml:timePosition>
</devDate>
<orgGILvl>25000</orgGILvl>
<vis>表示</vis>
<pos>
<gml:Point gml:id="K2_4700112069_1-g" srsName="fguuid:jgd2011.bl">
<gml:pos>33.529996111 130.564365000</gml:pos>
</gml:Point>
</pos>
<type>標高点（測点）</type>
<alti>425</alti>
</ElevPt>
<ElevPt gml:id="K2_4700112069_2">
<fid>47001-12069-i-257</fid>
<lfSpanFr gml:id="K2_4700112069_2-1">
<gml:timePosition>2020-10-29</gml:timePosition>
</lfSpanFr>
<devDate gml:id="K2_4700112069_2-2">
<gml:timePosition>2020-12-23</gml:timePosition>
</devDate>
<orgGILvl>25000</orgGILvl>
<vis>表示</vis>
<pos>
<gml:Point gml:id="K2_4700112069_2-g" srsName="fguuid:jgd2011.bl">
<gml:pos>33.528683333 130.561494444</gml:pos>
</gml:Point>
</pos>
<type>標高点（測点）</type>
<alti>439</alti>
</ElevPt>
<ElevPt gml:id="K2_4700112072_1">
<fid>47001-12072-i-113</fid>
<lfSpanFr gml:id="K2_4700112072_1-1">
<gml:timePosition>2020-10-29</gml:timePosition>
</lfSpanFr>
<devDate gml:id="K2_4700112072_1-2">
<gml:timePosition>2020-12-23</gml:timePosition>
</devDate>
<orgGILvl>25000</orgGILvl>
<vis>表示</vis>
<pos>
<gml:Point gml:id="K2_4700112072_1-g" srsName="fguuid:jgd2011.bl">
<gml:pos>33.537940917 130.559250306</gml:pos>
</gml:Point>
</pos>
<type>標高点（測点）</type>
<alti>342</alti>
</ElevPt>
<ElevPt gml:id="K2_4700112075_1">
<fid>47001-12075-i-78</fid>
<lfSpanFr gml:id="K2_4700112075_1-1">
<gml:timePosition>2020-10-29</gml:timePosition>
</lfSpanFr>
<devDate gml:id="K2_4700112075_1-2">
<gml:timePosition>2020-12-23</gml:timePosition>
</devDate>
<orgGILvl>25000</orgGILvl>
<vis>表示</vis>
<pos>
<gml:Point gml:id="K2_4700112075_1-g" srsName="fguuid:jgd2011.bl">
<gml:pos>33.545090278 130.565529444</gml:pos>
</gml:Point>
</pos>
<type>標高点（測点）</type>
<alti>599</alti>
</ElevPt>
<ElevPt gml:id="K2_4700112081_1">
<fid>47001-12081-i-119</fid>
<lfSpanFr gml:id="K2_4700112081_1-1">
<gml:timePosition>2020-10-29</gml:timePosition>
</lfSpanFr>
<devDate gml:id="K2_4700112081_1-2">
<gml:timePosition>2020-12-23</gml:timePosition>
</devDate>
<orgGILvl>25000</orgGILvl>
<vis>表示</vis>
<pos>
<gml:Point gml:id="K2_4700112081_1-g" srsName="fguuid:jgd2011.bl">
<gml:pos>33.566000278 130.560468056</gml:pos>
</gml:Point>
</pos>
<type>標高点（測点）</type>
<alti>461</alti>
</ElevPt>
<ElevPt gml:id="K2_4700112087_1">
<fid>47001-12087-i-25</fid>
<lfSpanFr gml:id="K2_4700112087_1-1">
<gml:timePosition>2020-10-29</gml:timePosition>
</lfSpanFr>
<devDate gml:id="K2_4700112087_1-2">
<gml:timePosition>2020-12-23</gml:timePosition>
</devDate>
<orgGILvl>25000</orgGILvl>
<vis>表示</vis>
<pos>
<gml:Point gml:id="K2_4700112087_1-g" srsName="fguuid:jgd2011.bl">
<gml:pos>33.580817500 130.559160000</gml:pos>
</gml:Point>
</pos>
<type>標高点（測点）</type>
<alti>516</alti>
</ElevPt>
<ElevPt gml:id="K2_4700412060_1">
<fid>47004-12060-i-990</fid>
<lfSpanFr gml:id="K2_4700412060_1-1">
<gml:timePosition>2016-06-06</gml:timePosition>
</lfSpanFr>
<devDate gml:id="K2_4700412060_1-2">
<gml:timePosition>2020-12-23</gml:timePosition>
</devDate>
<orgGILvl>25000</orgGILvl>
<vis>表示</vis>
<pos>
<gml:Point gml:id="K2_4700412060_1-g" srsName="fguuid:jgd2011.bl">
<gml:pos>33.501409444 130.573060833</gml:pos>
</gml:Point>
</pos>
<type>標高点（測点）</type>
<alti>175</alti>
</ElevPt>
<ElevPt gml:id="K2_4700412063_1">
<fid>47004-12063-i-861</fid>
<lfSpanFr gml:id="K2_4700412063_1-1">
<gml:timePosition>2015-06-04</gml:timePosition>
</lfSpanFr>
<devDate gml:id="K2_4700412063_1-2">
<gml:timePosition>2020-12-23</gml:timePosition>
</devDate>
<orgGILvl>25000</orgGILvl>
<vis>表示</vis>
<pos>
<gml:Point gml:id="K2_4700412063_1-g" srsName="fguuid:jgd2011.bl">
<gml:pos>33.510571389 130.567676944</gml:pos>
</gml:Point>
</pos>
<type>標高点（測点）</type>
<alti>104</alti>
</ElevPt>
<ElevPt gml:id="K2_4700412066_1">
<fid>47004-12066-i-230</fid>
<lfSpanFr gml:id="K2_4700412066_1-1">
<gml:timePosition>2020-10-29</gml:timePosition>
</lfSpanFr>
<devDate gml:id="K2_4700412066_1-2">
<gml:timePosition>2020-12-23</gml:timePosition>
</devDate>
<orgGILvl>25000</orgGILvl>
<vis>表示</vis>
<pos>
<gml:Point gml:id="K2_4700412066_1-g" srsName="fguuid:jgd2011.bl">
<gml:pos>33.516701944 130.568934722</gml:pos>
</gml:Point>
</pos>
<type>標高点（測点）</type>
<alti>232</alti>
</ElevPt>
<ElevPt gml:id="K2_4700412066_2">
<fid>47004-12066-i-231</fid>
<lfSpanFr gml:id="K2_4700412066_2-1">
<gml:timePosition>2020-10-29</gml:timePosition>
</lfSpanFr>
<devDate gml:id="K2_4700412066_2-2">
<gml:timePosition>2020-12-23</gml:timePosition>
</devDate>
<orgGILvl>25000</orgGILvl>
<vis>表示</vis>
<pos>
<gml:Point gml:id="K2_4700412066_2-g" srsName="fguuid:jgd2011.bl">
<gml:pos>33.520605833 130.567310278</gml:pos>
</gml:Point>
</pos>
<type>標高点（測点）</type>
<alti>106</alti>
</ElevPt>
<ElevPt gml:id="K2_4700412069_1">
<fid>47004-12069-i-84</fid>
<lfSpanFr gml:id="K2_4700412069_1-1">
<gml:timePosition>2014-06-04</gml:timePosition>
</lfSpanFr>
<devDate gml:id="K2_4700412069_1-2">
<gml:timePosition>2020-12-23</gml:timePosition>
</devDate>
<orgGILvl>25000</orgGILvl>
<vis>表示</vis>
<pos>
<gml:Point gml:id="K2_4700412069_1-g" srsName="fguuid:jgd2011.bl">
<gml:pos>33.526701111 130.570648056</gml:pos>
</gml:Point>
</pos>
<type>標高点（測点）</type>
<alti>254</alti>
</ElevPt>
<ElevPt gml:id="K2_4700412072_1">
<fid>47004-12072-i-265</fid>
<lfSpanFr gml:id="K2_4700412072_1-1">
<gml:timePosition>2020-10-29</gml:timePosition>
</lfSpanFr>
<devDate gml:id="K2_4700412072_1-2">
<gml:timePosition>2020-12-23</gml:timePosition>
</devDate>
<orgGILvl>25000</orgGILvl>
<vis>表示</vis>
<pos>
<gml:Point gml:id="K2_4700412072_1-g" srsName="fguuid:jgd2011.bl">
<gml:pos>33.539718889 130.569032778</gml:pos>
</gml:Point>
</pos>
<type>標高点（測点）</type>
<alti>829</alti>
</ElevPt>
<ElevPt gml:id="K2_4700412075_1">
<fid>47004-12075-i-141</fid>
<lfSpanFr gml:id="K2_4700412075_1-1">
<gml:timePosition>2020-10-29</gml:timePosition>
</lfSpanFr>
<devDate gml:id="K2_4700412075_1-2">
<gml:timePosition>2020-12-23</gml:timePosition>
</devDate>
<orgGILvl>25000</orgGILvl>
<vis>表示</vis>
<pos>
<gml:Point gml:id="K2_4700412075_1-g" srsName="fguuid:jgd2011.bl">
<gml:pos>33.549991389 130.570682500</gml:pos>
</gml:Point>
</pos>
<type>標高点（測点）</type>
<alti>695</alti>
</ElevPt>
<ElevPt gml:id="K2_4700412081_1">
<fid>47004-12081-i-44</fid>
<lfSpanFr gml:id="K2_4700412081_1-1">
<gml:timePosition>2014-06-04</gml:timePosition>
</lfSpanFr>
<devDate gml:id="K2_4700412081_1-2">
<gml:timePosition>2020-12-23</gml:timePosition>
</devDate>
<orgGILvl>25000</orgGILvl>
<vis>表示</vis>
<pos>
<gml:Point gml:id="K2_4700412081_1-g" srsName="fguuid:jgd2011.bl">
<gml:pos>33.562802500 130.570926944</gml:pos>
</gml:Point>
</pos>
<type>標高点（測点）</type>
<alti>569</alti>
</ElevPt>
<ElevPt gml:id="K2_4700412087_1">
<fid>47004-12087-i-88</fid>
<lfSpanFr gml:id="K2_4700412087_1-1">
<gml:timePosition>2020-10-29</gml:timePosition>
</lfSpanFr>
<devDate gml:id="K2_4700412087_1-2">
<gml:timePosition>2020-12-23</gml:timePosition>
</devDate>
<orgGILvl>25000</orgGILvl>
<vis>表示</vis>
<pos>
<gml:Point gml:id="K2_4700412087_1-g" srsName="fguuid:jgd2011.bl">
<gml:pos>33.579338889 130.568170278</gml:pos>
</gml:Point>
</pos>
<type>標高点（測点）</type>
<alti>828</alti>
</ElevPt>
<ElevPt gml:id="K2_4700412087_2">
<fid>47004-12087-i-89</fid>
<lfSpanFr gml:id="K2_4700412087_2-1">
<gml:timePosition>2020-10-29</gml:timePosition>
</lfSpanFr>
<devDate gml:id="K2_4700412087_2-2">
<gml:timePosition>2020-12-23</gml:timePosition>
</devDate>
<orgGILvl>25000</orgGILvl>
<vis>表示</vis>
<pos>
<gml:Point gml:id="K2_4700412087_2-g" srsName="fguuid:jgd2011.bl">
<gml:pos>33.576651111 130.573257500</gml:pos>
</gml:Point>
</pos>
<type>標高点（測点）</type>
<alti>805</alti>
</ElevPt>
<ElevPt gml:id="K2_4700712060_1">
<fid>47007-12060-i-386</fid>
<lfSpanFr gml:id="K2_4700712060_1-1">
<gml:timePosition>2016-06-06</gml:timePosition>
</lfSpanFr>
<devDate gml:id="K2_4700712060_1-2">
<gml:timePosition>2020-12-23</gml:timePosition>
</devDate>
<orgGILvl>25000</orgGILvl>
<vis>表示</vis>
<pos>
<gml:Point gml:id="K2_4700712060_1-g" srsName="fguuid:jgd2011.bl">
<gml:pos>33.507866389 130.580663889</gml:pos>
</gml:Point>
</pos>
<type>標高点（測点）</type>
<alti>267</alti>
</ElevPt>
<ElevPt gml:id="K2_4700712060_2">
<fid>47007-12060-i-387</fid>
<lfSpanFr gml:id="K2_4700712060_2-1">
<gml:timePosition>2016-06-06</gml:timePosition>
</lfSpanFr>
<devDate gml:id="K2_4700712060_2-2">
<gml:timePosition>2020-12-23</gml:timePosition>
</devDate>
<orgGILvl>25000</orgGILvl>
<vis>表示</vis>
<pos>
<gml:Point gml:id="K2_4700712060_2-g" srsName="fguuid:jgd2011.bl">
<gml:pos>33.504641944 130.575206389</gml:pos>
</gml:Point>
</pos>
<type>標高点（測点）</type>
<alti>198</alti>
</ElevPt>
<ElevPt gml:id="K2_4700712066_1">
<fid>47007-12066-i-308</fid>
<lfSpanFr gml:id="K2_4700712066_1-1">
<gml:timePosition>2020-10-29</gml:timePosition>
</lfSpanFr>
<devDate gml:id="K2_4700712066_1-2">
<gml:timePosition>2020-12-23</gml:timePosition>
</devDate>
<orgGILvl>25000</orgGILvl>
<vis>表示</vis>
<pos>
<gml:Point gml:id="K2_4700712066_1-g" srsName="fguuid:jgd2011.bl">
<gml:pos>33.521755833 130.579319722</gml:pos>
</gml:Point>
</pos>
<type>標高点（測点）</type>
<alti>175</alti>
</ElevPt>
<ElevPt gml:id="K2_4700712069_1">
<fid>47007-12069-i-365</fid>
<lfSpanFr gml:id="K2_4700712069_1-1">
<gml:timePosition>2020-10-29</gml:timePosition>
</lfSpanFr>
<devDate gml:id="K2_4700712069_1-2">
<gml:timePosition>2020-12-23</gml:timePosition>
</devDate>
<orgGILvl>25000</orgGILvl>
<vis>表示</vis>
<pos>
<gml:Point gml:id="K2_4700712069_1-g" srsName="fguuid:jgd2011.bl">
<gml:pos>33.530892500 130.581650278</gml:pos>
</gml:Point>
</pos>
<type>標高点（測点）</type>
<alti>377</alti>
</ElevPt>
<ElevPt gml:id="K2_4700712072_1">
<fid>47007-12072-i-10</fid>
<lfSpanFr gml:id="K2_4700712072_1-1">
<gml:timePosition>2013-12-10</gml:timePosition>
</lfSpanFr>
<devDate gml:id="K2_4700712072_1-2">
<gml:timePosition>2020-12-23</gml:timePosition>
</devDate>
<orgGILvl>25000</orgGILvl>
<vis>表示</vis>
<pos>
<gml:Point gml:id="K2_4700712072_1-g" srsName="fguuid:jgd2011.bl">
<gml:pos>33.537183889 130.575882500</gml:pos>
</gml:Point>
</pos>
<type>標高点（測点）</type>
<alti>601</alti>
</ElevPt>
<ElevPt gml:id="K2_4700712075_1">
<fid>47007-12075-i-10</fid>
<lfSpanFr gml:id="K2_4700712075_1-1">
<gml:timePosition>2013-12-10</gml:timePosition>
</lfSpanFr>
<devDate gml:id="K2_4700712075_1-2">
<gml:timePosition>2020-12-23</gml:timePosition>
</devDate>
<orgGILvl>25000</orgGILvl>
<vis>表示</vis>
<pos>
<gml:Point gml:id="K2_4700712075_1-g" srsName="fguuid:jgd2011.bl">
<gml:pos>33.548835833 130.577000000</gml:pos>
</gml:Point>
</pos>
<type>標高点（測点）</type>
<alti>856</alti>
</ElevPt>
<ElevPt gml:id="K2_4700712078_1">
<fid>47007-12078-i-104</fid>
<lfSpanFr gml:id="K2_4700712078_1-1">
<gml:timePosition>2020-10-29</gml:timePosition>
</lfSpanFr>
<devDate gml:id="K2_4700712078_1-2">
<gml:timePosition>2020-12-23</gml:timePosition>
</devDate>
<orgGILvl>25000</orgGILvl>
<vis>表示</vis>
<pos>
<gml:Point gml:id="K2_4700712078_1-g" srsName="fguuid:jgd2011.bl">
<gml:pos>33.553211667 130.578377778</gml:pos>
</gml:Point>
</pos>
<type>標高点（測点）</type>
<alti>901</alti>
</ElevPt>
<ElevPt gml:id="K2_4700712081_1">
<fid>47007-12081-i-12</fid>
<lfSpanFr gml:id="K2_4700712081_1-1">
<gml:timePosition>2013-12-10</gml:timePosition>
</lfSpanFr>
<devDate gml:id="K2_4700712081_1-2">
<gml:timePosition>2020-12-23</gml:timePosition>
</devDate>
<orgGILvl>25000</orgGILvl>
<vis>表示</vis>
<pos>
<gml:Point gml:id="K2_4700712081_1-g" srsName="fguuid:jgd2011.bl">
<gml:pos>33.564338889 130.579705278</gml:pos>
</gml:Point>
</pos>
<type>標高点（測点）</type>
<alti>793</alti>
</ElevPt>
<ElevPt gml:id="K2_4700712084_1">
<fid>47007-12084-i-17</fid>
<lfSpanFr gml:id="K2_4700712084_1-1">
<gml:timePosition>2013-12-10</gml:timePosition>
</lfSpanFr>
<devDate gml:id="K2_4700712084_1-2">
<gml:timePosition>2020-12-23</gml:timePosition>
</devDate>
<orgGILvl>25000</orgGILvl>
<vis>表示</vis>
<pos>
<gml:Point gml:id="K2_4700712084_1-g" srsName="fguuid:jgd2011.bl">
<gml:pos>33.569120833 130.575204444</gml:pos>
</gml:Point>
</pos>
<type>標高点（測点）</type>
<alti>782</alti>
</ElevPt>
<ElevPt gml:id="K2_4700712084_2">
<fid>47007-12084-i-18</fid>
<lfSpanFr gml:id="K2_4700712084_2-1">
<gml:timePosition>2013-12-10</gml:timePosition>
</lfSpanFr>
<devDate gml:id="K2_4700712084_2-2">
<gml:timePosition>2020-12-23</gml:timePosition>
</devDate>
<orgGILvl>25000</orgGILvl>
<vis>表示</vis>
<pos>
<gml:Point gml:id="K2_4700712084_2-g" srsName="fguuid:jgd2011.bl">
<gml:pos>33.574134722 130.580166667</gml:pos>
</gml:Point>
</pos>
<type>標高点（測点）</type>
<alti>596</alti>
</ElevPt>
<ElevPt gml:id="K2_4700712087_1">
<fid>47007-12087-i-1</fid>
<lfSpanFr gml:id="K2_4700712087_1-1">
<gml:timePosition>2013-12-10</gml:timePosition>
</lfSpanFr>
<devDate gml:id="K2_4700712087_1-2">
<gml:timePosition>2020-12-23</gml:timePosition>
</devDate>
<orgGILvl>25000</orgGILvl>
<vis>表示</vis>
<pos>
<gml:Point gml:id="K2_4700712087_1-g" srsName="fguuid:jgd2011.bl">
<gml:pos>33.583331667 130.578481111</gml:pos>
</gml:Point>
</pos>
<type>標高点（測点）</type>
<alti>676</alti>
</ElevPt>
<ElevPt gml:id="K2_4701012063_1">
<fid>47010-12063-i-14</fid>
<lfSpanFr gml:id="K2_4701012063_1-1">
<gml:timePosition>2013-12-10</gml:timePosition>
</lfSpanFr>
<devDate gml:id="K2_4701012063_1-2">
<gml:timePosition>2020-12-23</gml:timePosition>
</devDate>
<orgGILvl>25000</orgGILvl>
<vis>表示</vis>
<pos>
<gml:Point gml:id="K2_4701012063_1-g" srsName="fguuid:jgd2011.bl">
<gml:pos>33.514644444 130.589338056</gml:pos>
</gml:Point>
</pos>
<type>標高点（測点）</type>
<alti>362</alti>
</ElevPt>
<ElevPt gml:id="K2_4701012066_1">
<fid>47010-12066-i-91</fid>
<lfSpanFr gml:id="K2_4701012066_1-1">
<gml:timePosition>2015-06-04</gml:timePosition>
</lfSpanFr>
<devDate gml:id="K2_4701012066_1-2">
<gml:timePosition>2020-12-23</gml:timePosition>
</devDate>
<orgGILvl>25000</orgGILvl>
<vis>表示</vis>
<pos>
<gml:Point gml:id="K2_4701012066_1-g" srsName="fguuid:jgd2011.bl">
<gml:pos>33.520843056 130.589199444</gml:pos>
</gml:Point>
</pos>
<type>標高点（測点）</type>
<alti>376</alti>
</ElevPt>
<ElevPt gml:id="K2_4701012072_1">
<fid>47010-12072-i-82</fid>
<lfSpanFr gml:id="K2_4701012072_1-1">
<gml:timePosition>2015-06-04</gml:timePosition>
</lfSpanFr>
<devDate gml:id="K2_4701012072_1-2">
<gml:timePosition>2020-12-23</gml:timePosition>
</devDate>
<orgGILvl>25000</orgGILvl>
<vis>表示</vis>
<pos>
<gml:Point gml:id="K2_4701012072_1-g" srsName="fguuid:jgd2011.bl">
<gml:pos>33.535380278 130.591354444</gml:pos>
</gml:Point>
</pos>
<type>標高点（測点）</type>
<alti>383</alti>
</ElevPt>
<ElevPt gml:id="K2_4701012075_1">
<fid>47010-12075-i-10</fid>
<lfSpanFr gml:id="K2_4701012075_1-1">
<gml:timePosition>2013-12-10</gml:timePosition>
</lfSpanFr>
<devDate gml:id="K2_4701012075_1-2">
<gml:timePosition>2020-12-23</gml:timePosition>
</devDate>
<orgGILvl>25000</orgGILvl>
<vis>表示</vis>
<pos>
<gml:Point gml:id="K2_4701012075_1-g" srsName="fguuid:jgd2011.bl">
<gml:pos>33.546256944 130.586951389</gml:pos>
</gml:Point>
</pos>
<type>標高点（測点）</type>
<alti>685</alti>
</ElevPt>
<ElevPt gml:id="K2_4701012081_1">
<fid>47010-12081-i-2</fid>
<lfSpanFr gml:id="K2_4701012081_1-1">
<gml:timePosition>2013-12-10</gml:timePosition>
</lfSpanFr>
<devDate gml:id="K2_4701012081_1-2">
<gml:timePosition>2020-12-23</gml:timePosition>
</devDate>
<orgGILvl>25000</orgGILvl>
<vis>表示</vis>
<pos>
<gml:Point gml:id="K2_4701012081_1-g" srsName="fguuid:jgd2011.bl">
<gml:pos>33.564316944 130.588030000</gml:pos>
</gml:Point>
</pos>
<type>標高点（測点）</type>
<alti>528</alti>
</ElevPt>
<ElevPt gml:id="K2_4701012084_1">
<fid>47010-12084-i-8</fid>
<lfSpanFr gml:id="K2_4701012084_1-1">
<gml:timePosition>2013-12-10</gml:timePosition>
</lfSpanFr>
<devDate gml:id="K2_4701012084_1-2">
<gml:timePosition>2020-12-23</gml:timePosition>
</devDate>
<orgGILvl>25000</orgGILvl>
<vis>表示</vis>
<pos>
<gml:Point gml:id="K2_4701012084_1-g" srsName="fguuid:jgd2011.bl">
<gml:pos>33.574778611 130.588857222</gml:pos>
</gml:Point>
</pos>
<type>標高点（測点）</type>
<alti>472</alti>
</ElevPt>
<ElevPt gml:id="K2_4701312066_1">
<fid>47013-12066-i-3</fid>
<lfSpanFr gml:id="K2_4701312066_1-1">
<gml:timePosition>2013-12-10</gml:timePosition>
</lfSpanFr>
<devDate gml:id="K2_4701312066_1-2">
<gml:timePosition>2020-12-23</gml:timePosition>
</devDate>
<orgGILvl>25000</orgGILvl>
<vis>表示</vis>
<pos>
<gml:Point gml:id="K2_4701312066_1-g" srsName="fguuid:jgd2011.bl">
<gml:pos>33.516925278 130.599227500</gml:pos>
</gml:Point>
</pos>
<type>標高点（測点）</type>
<alti>455</alti>
</ElevPt>
<ElevPt gml:id="K2_4701312069_1">
<fid>47013-12069-i-151</fid>
<lfSpanFr gml:id="K2_4701312069_1-1">
<gml:timePosition>2015-06-04</gml:timePosition>
</lfSpanFr>
<devDate gml:id="K2_4701312069_1-2">
<gml:timePosition>2020-12-23</gml:timePosition>
</devDate>
<orgGILvl>25000</orgGILvl>
<vis>表示</vis>
<pos>
<gml:Point gml:id="K2_4701312069_1-g" srsName="fguuid:jgd2011.bl">
<gml:pos>33.527334444 130.591837500</gml:pos>
</gml:Point>
</pos>
<type>標高点（測点）</type>
<alti>261</alti>
</ElevPt>
<ElevPt gml:id="K2_4701312069_2">
<fid>47013-12069-i-152</fid>
<lfSpanFr gml:id="K2_4701312069_2-1">
<gml:timePosition>2015-06-04</gml:timePosition>
</lfSpanFr>
<devDate gml:id="K2_4701312069_2-2">
<gml:timePosition>2020-12-23</gml:timePosition>
</devDate>
<orgGILvl>25000</orgGILvl>
<vis>表示</vis>
<pos>
<gml:Point gml:id="K2_4701312069_2-g" srsName="fguuid:jgd2011.bl">
<gml:pos>33.526679722 130.597731111</gml:pos>
</gml:Point>
</pos>
<type>標高点（測点）</type>
<alti>281</alti>
</ElevPt>
<ElevPt gml:id="K2_4701312075_1">
<fid>47013-12075-i-118</fid>
<lfSpanFr gml:id="K2_4701312075_1-1">
<gml:timePosition>2020-10-29</gml:timePosition>
</lfSpanFr>
<devDate gml:id="K2_4701312075_1-2">
<gml:timePosition>2020-12-23</gml:timePosition>
</devDate>
<orgGILvl>25000</orgGILvl>
<vis>表示</vis>
<pos>
<gml:Point gml:id="K2_4701312075_1-g" srsName="fguuid:jgd2011.bl">
<gml:pos>33.546306667 130.597635556</gml:pos>
</gml:Point>
</pos>
<type>標高点（測点）</type>
<alti>576</alti>
</ElevPt>
<ElevPt gml:id="K2_4701312078_1">
<fid>47013-12078-i-270</fid>
<lfSpanFr gml:id="K2_4701312078_1-1">
<gml:timePosition>2020-10-29</gml:timePosition>
</lfSpanFr>
<devDate gml:id="K2_4701312078_1-2">
<gml:timePosition>2020-12-23</gml:timePosition>
</devDate>
<orgGILvl>25000</orgGILvl>
<vis>表示</vis>
<pos>
<gml:Point gml:id="K2_4701312078_1-g" srsName="fguuid:jgd2011.bl">
<gml:pos>33.555239444 130.598408333</gml:pos>
</gml:Point>
</pos>
<type>標高点（測点）</type>
<alti>378</alti>
</ElevPt>
<ElevPt gml:id="K2_4701312087_1">
<fid>47013-12087-i-112</fid>
<lfSpanFr gml:id="K2_4701312087_1-1">
<gml:timePosition>2020-10-29</gml:timePosition>
</lfSpanFr>
<devDate gml:id="K2_4701312087_1-2">
<gml:timePosition>2020-12-23</gml:timePosition>
</devDate>
<orgGILvl>25000</orgGILvl>
<vis>表示</vis>
<pos>
<gml:Point gml:id="K2_4701312087_1-g" srsName="fguuid:jgd2011.bl">
<gml:pos>33.580020000 130.597040833</gml:pos>
</gml:Point>
</pos>
<type>標高点（測点）</type>
<alti>314</alti>
</ElevPt>
<ElevPt gml:id="K2_4701612060_1">
<fid>47016-12060-i-196</fid>
<lfSpanFr gml:id="K2_4701612060_1-1">
<gml:timePosition>2020-10-29</gml:timePosition>
</lfSpanFr>
<devDate gml:id="K2_4701612060_1-2">
<gml:timePosition>2020-12-23</gml:timePosition>
</devDate>
<orgGILvl>25000</orgGILvl>
<vis>表示</vis>
<pos>
<gml:Point gml:id="K2_4701612060_1-g" srsName="fguuid:jgd2011.bl">
<gml:pos>33.501413333 130.604700278</gml:pos>
</gml:Point>
</pos>
<type>標高点（測点）</type>
<alti>311</alti>
</ElevPt>
<ElevPt gml:id="K2_4701612060_2">
<fid>47016-12060-i-197</fid>
<lfSpanFr gml:id="K2_4701612060_2-1">
<gml:timePosition>2020-10-29</gml:timePosition>
</lfSpanFr>
<devDate gml:id="K2_4701612060_2-2">
<gml:timePosition>2020-12-23</gml:timePosition>
</devDate>
<orgGILvl>25000</orgGILvl>
<vis>表示</vis>
<pos>
<gml:Point gml:id="K2_4701612060_2-g" srsName="fguuid:jgd2011.bl">
<gml:pos>33.507496389 130.607436944</gml:pos>
</gml:Point>
</pos>
<type>標高点（測点）</type>
<alti>231</alti>
</ElevPt>
<ElevPt gml:id="K2_4701612069_1">
<fid>47016-12069-i-8</fid>
<lfSpanFr gml:id="K2_4701612069_1-1">
<gml:timePosition>2013-12-10</gml:timePosition>
</lfSpanFr>
<devDate gml:id="K2_4701612069_1-2">
<gml:timePosition>2020-12-23</gml:timePosition>
</devDate>
<orgGILvl>25000</orgGILvl>
<vis>表示</vis>
<pos>
<gml:Point gml:id="K2_4701612069_1-g" srsName="fguuid:jgd2011.bl">
<gml:pos>33.529660000 130.606633611</gml:pos>
</gml:Point>
</pos>
<type>標高点（測点）</type>
<alti>478</alti>
</ElevPt>
<ElevPt gml:id="K2_4701612087_1">
<fid>47016-12087-i-844</fid>
<lfSpanFr gml:id="K2_4701612087_1-1">
<gml:timePosition>2020-10-29</gml:timePosition>
</lfSpanFr>
<devDate gml:id="K2_4701612087_1-2">
<gml:timePosition>2020-12-23</gml:timePosition>
</devDate>
<orgGILvl>25000</orgGILvl>
<vis>表示</vis>
<pos>
<gml:Point gml:id="K2_4701612087_1-g" srsName="fguuid:jgd2011.bl">
<gml:pos>33.575748056 130.607153889</gml:pos>
</gml:Point>
</pos>
<type>標高点（測点）</type>
<alti>250</alti>
</ElevPt>
<ElevPt gml:id="K2_4701612087_2">
<fid>47016-12087-i-845</fid>
<lfSpanFr gml:id="K2_4701612087_2-1">
<gml:timePosition>2020-10-29</gml:timePosition>
</lfSpanFr>
<devDate gml:id="K2_4701612087_2-2">
<gml:timePosition>2020-12-23</gml:timePosition>
</devDate>
<orgGILvl>25000</orgGILvl>
<vis>表示</vis>
<pos>
<gml:Point gml:id="K2_4701612087_2-g" srsName="fguuid:jgd2011.bl">
<gml:pos>33.583268611 130.604523889</gml:pos>
</gml:Point>
</pos>
<type>標高点（測点）</type>
<alti>193</alti>
</ElevPt>
<ElevPt gml:id="K2_4701912060_1">
<fid>47019-12060-i-253</fid>
<lfSpanFr gml:id="K2_4701912060_1-1">
<gml:timePosition>2015-06-04</gml:timePosition>
</lfSpanFr>
<devDate gml:id="K2_4701912060_1-2">
<gml:timePosition>2020-12-23</gml:timePosition>
</devDate>
<orgGILvl>25000</orgGILvl>
<vis>表示</vis>
<pos>
<gml:Point gml:id="K2_4701912060_1-g" srsName="fguuid:jgd2011.bl">
<gml:pos>33.500961944 130.616310556</gml:pos>
</gml:Point>
</pos>
<type>標高点（測点）</type>
<alti>326</alti>
</ElevPt>
<ElevPt gml:id="K2_4701912069_1">
<fid>47019-12069-i-10</fid>
<lfSpanFr gml:id="K2_4701912069_1-1">
<gml:timePosition>2013-12-10</gml:timePosition>
</lfSpanFr>
<devDate gml:id="K2_4701912069_1-2">
<gml:timePosition>2020-12-23</gml:timePosition>
</devDate>
<orgGILvl>25000</orgGILvl>
<vis>表示</vis>
<pos>
<gml:Point gml:id="K2_4701912069_1-g" srsName="fguuid:jgd2011.bl">
<gml:pos>33.527701944 130.611073333</gml:pos>
</gml:Point>
</pos>
<type>標高点（測点）</type>
<alti>503</alti>
</ElevPt>
<ElevPt gml:id="K2_4701912072_1">
<fid>47019-12072-i-146</fid>
<lfSpanFr gml:id="K2_4701912072_1-1">
<gml:timePosition>2020-10-29</gml:timePosition>
</lfSpanFr>
<devDate gml:id="K2_4701912072_1-2">
<gml:timePosition>2020-12-23</gml:timePosition>
</devDate>
<orgGILvl>25000</orgGILvl>
<vis>表示</vis>
<pos>
<gml:Point gml:id="K2_4701912072_1-g" srsName="fguuid:jgd2011.bl">
<gml:pos>33.540203889 130.609229167</gml:pos>
</gml:Point>
</pos>
<type>標高点（測点）</type>
<alti>229</alti>
</ElevPt>
<ElevPt gml:id="K2_4701912081_1">
<fid>47019-12081-i-322</fid>
<lfSpanFr gml:id="K2_4701912081_1-1">
<gml:timePosition>2015-06-04</gml:timePosition>
</lfSpanFr>
<devDate gml:id="K2_4701912081_1-2">
<gml:timePosition>2020-12-23</gml:timePosition>
</devDate>
<orgGILvl>25000</orgGILvl>
<vis>表示</vis>
<pos>
<gml:Point gml:id="K2_4701912081_1-g" srsName="fguuid:jgd2011.bl">
<gml:pos>33.559018333 130.608402500</gml:pos>
</gml:Point>
</pos>
<type>標高点（測点）</type>
<alti>318</alti>
</ElevPt>
<ElevPt gml:id="K2_4701912087_1">
<fid>47019-12087-i-822</fid>
<lfSpanFr gml:id="K2_4701912087_1-1">
<gml:timePosition>2020-10-29</gml:timePosition>
</lfSpanFr>
<devDate gml:id="K2_4701912087_1-2">
<gml:timePosition>2020-12-23</gml:timePosition>
</devDate>
<orgGILvl>25000</orgGILvl>
<vis>表示</vis>
<pos>
<gml:Point gml:id="K2_4701912087_1-g" srsName="fguuid:jgd2011.bl">
<gml:pos>33.578966667 130.609945000</gml:pos>
</gml:Point>
</pos>
<type>標高点（測点）</type>
<alti>124</alti>
</ElevPt>
<ElevPt gml:id="K2_4702212060_1">
<fid>47022-12060-i-9</fid>
<lfSpanFr gml:id="K2_4702212060_1-1">
<gml:timePosition>2013-12-10</gml:timePosition>
</lfSpanFr>
<devDate gml:id="K2_4702212060_1-2">
<gml:timePosition>2020-12-23</gml:timePosition>
</devDate>
<orgGILvl>25000</orgGILvl>
<vis>表示</vis>
<pos>
<gml:Point gml:id="K2_4702212060_1-g" srsName="fguuid:jgd2011.bl">
<gml:pos>33.504498611 130.619846667</gml:pos>
</gml:Point>
</pos>
<type>標高点（測点）</type>
<alti>358</alti>
</ElevPt>
<ElevPt gml:id="K2_4702212063_1">
<fid>47022-12063-i-175</fid>
<lfSpanFr gml:id="K2_4702212063_1-1">
<gml:timePosition>2020-10-29</gml:timePosition>
</lfSpanFr>
<devDate gml:id="K2_4702212063_1-2">
<gml:timePosition>2020-12-23</gml:timePosition>
</devDate>
<orgGILvl>25000</orgGILvl>
<vis>表示</vis>
<pos>
<gml:Point gml:id="K2_4702212063_1-g" srsName="fguuid:jgd2011.bl">
<gml:pos>33.513076944 130.621280833</gml:pos>
</gml:Point>
</pos>
<type>標高点（測点）</type>
<alti>341</alti>
</ElevPt>
<ElevPt gml:id="K2_4702212075_1">
<fid>47022-12075-i-1</fid>
<lfSpanFr gml:id="K2_4702212075_1-1">
<gml:timePosition>2013-12-10</gml:timePosition>
</lfSpanFr>
<devDate gml:id="K2_4702212075_1-2">
<gml:timePosition>2020-12-23</gml:timePosition>
</devDate>
<orgGILvl>25000</orgGILvl>
<vis>表示</vis>
<pos>
<gml:Point gml:id="K2_4702212075_1-g" srsName="fguuid:jgd2011.bl">
<gml:pos>33.541938333 130.621090278</gml:pos>
</gml:Point>
</pos>
<type>標高点（測点）</type>
<alti>436</alti>
</ElevPt>
<ElevPt gml:id="K2_4702212075_2">
<fid>47022-12075-i-2</fid>
<lfSpanFr gml:id="K2_4702212075_2-1">
<gml:timePosition>2013-12-10</gml:timePosition>
</lfSpanFr>
<devDate gml:id="K2_4702212075_2-2">
<gml:timePosition>2020-12-23</gml:timePosition>
</devDate>
<orgGILvl>25000</orgGILvl>
<vis>表示</vis>
<pos>
<gml:Point gml:id="K2_4702212075_2-g" srsName="fguuid:jgd2011.bl">
<gml:pos>33.545167222 130.623966667</gml:pos>
</gml:Point>
</pos>
<type>標高点（測点）</type>
<alti>483</alti>
</ElevPt>
<ElevPt gml:id="K2_4702212081_1">
<fid>47022-12081-i-789</fid>
<lfSpanFr gml:id="K2_4702212081_1-1">
<gml:timePosition>2020-10-29</gml:timePosition>
</lfSpanFr>
<devDate gml:id="K2_4702212081_1-2">
<gml:timePosition>2020-12-23</gml:timePosition>
</devDate>
<orgGILvl>25000</orgGILvl>
<vis>表示</vis>
<pos>
<gml:Point gml:id="K2_4702212081_1-g" srsName="fguuid:jgd2011.bl">
<gml:pos>33.560861389 130.623535278</gml:pos>
</gml:Point>
</pos>
<type>標高点（測点）</type>
<alti>97</alti>
</ElevPt>
<ElevPt gml:id="K2_4702212084_1">
<fid>47022-12084-i-764</fid>
<lfSpanFr gml:id="K2_4702212084_1-1">
<gml:timePosition>2020-10-29</gml:timePosition>
</lfSpanFr>
<devDate gml:id="K2_4702212084_1-2">
<gml:timePosition>2020-12-23</gml:timePosition>
</devDate>
<orgGILvl>25000</orgGILvl>
<vis>表示</vis>
<pos>
<gml:Point gml:id="K2_4702212084_1-g" srsName="fguuid:jgd2011.bl">
<gml:pos>33.568722778 130.619045278</gml:pos>
</gml:Point>
</pos>
<type>標高点（測点）</type>
<alti>92</alti>
</ElevPt>
<ElevPt gml:id="K2_4702212087_1">
<fid>47022-12087-i-657</fid>
<lfSpanFr gml:id="K2_4702212087_1-1">
<gml:timePosition>2020-10-29</gml:timePosition>
</lfSpanFr>
<devDate gml:id="K2_4702212087_1-2">
<gml:timePosition>2020-12-23</gml:timePosition>
</devDate>
<orgGILvl>25000</orgGILvl>
<vis>表示</vis>
<pos>
<gml:Point gml:id="K2_4702212087_1-g" srsName="fguuid:jgd2011.bl">
<gml:pos>33.582724722 130.620611944</gml:pos>
</gml:Point>
</pos>
<type>標高点（測点）</type>
<alti>81</alti>
</ElevPt>
</Dataset>
