<?xml version="1.0" encoding="utf-8"?>
<Dataset xsi:schemaLocation="http://fgd.gsi.go.jp/spec/2008/FGD_GMLSchema FGD_GMLSchema.xsd"
	xmlns:gml="http://www.opengis.net/gml/3.2"
	xmlns:xsi="http://www.w3.org/2001/XMLSchema-instance"
	xmlns:xlink="http://www.w3.org/1999/xlink"
	xmlns="http://fgd.gsi.go.jp/spec/2008/FGD_GMLSchema"
	gml:id="Dataset1">
  <gml:description>基盤地図情報メタデータ ID=fmdid:21-0101</gml:description>
  <gml:name>基盤地図情報ダウンロードデータ（GML版）</gml:name>
<CommPt gml:id="K8_4698012072_1">
<fid>46980-12072-i-1144</fid>
<lfSpanFr gml:id="K8_4698012072_1-1">
<gml:timePosition>2020-10-29</gml:timePosition>
</lfSpanFr>
<devDate gml:id="K8_4698012072_1-2">
<gml:timePosition>2020-12-23</gml:timePosition>
</devDate>
<orgGILvl>2500</orgGILvl>
<vis>表示</vis>
<pos>
<gml:Point gml:id="K8_4698012072_1-g" srsName="fguuid:jgd2011.bl">
<gml:pos>33.534266421 130.505679511</gml:pos>
</gml:Point>
</pos>
<type>大字・町・丁目</type>
<name>瓦田</name>
<admCode>00000</admCode>
</CommPt>
<CommPt gml:id="K8_4698012075_1">
<fid>46980-12075-i-557</fid>
<lfSpanFr gml:id="K8_4698012075_1-1">
<gml:timePosition>2020-10-29</gml:timePosition>
</lfSpanFr>
<devDate gml:id="K8_4698012075_1-2">
<gml:timePosition>2020-12-23</gml:timePosition>
</devDate>
<orgGILvl>2500</orgGILvl>
<vis>表示</vis>
<pos>
<gml:Point gml:id="K8_4698012075_1-g" srsName="fguuid:jgd2011.bl">
<gml:pos>33.543467265 130.503291870</gml:pos>
</gml:Point>
</pos>
<type>大字・町・丁目</type>
<name>乙金</name>
<admCode>40219</admCode>
</CommPt>
</Dataset>
