<?xml version="1.0" encoding="utf-8"?>
<Dataset xsi:schemaLocation="http://fgd.gsi.go.jp/spec/2008/FGD_GMLSchema FGD_GMLSchema.xsd"
	xmlns:gml="http://www.opengis.net/gml/3.2"
	xmlns:xsi="http://www.w3.org/2001/XMLSchema-instance"
	xmlns:xlink="http://www.w3.org/1999/xlink"
	xmlns="http://fgd.gsi.go.jp/spec/2008/FGD_GMLSchema"
	gml:id="Dataset1">
  <gml:description>基盤地図情報メタデータ ID=fmdid:21-0101</gml:description>
  <gml:name>基盤地図情報ダウンロードデータ（GML版）</gml:name>
<GCP gml:id="K1_503024_1">
<fid>10-00100-0-2012-211</fid>
<lfSpanFr gml:id="K1_503024_1-1">
<gml:timePosition>2020-12-21</gml:timePosition>
</lfSpanFr>
<devDate gml:id="K1_503024_1-2">
<gml:timePosition>2020-12-23</gml:timePosition>
</devDate>
<orgGILvl>KJ10</orgGILvl>
<vis>表示</vis>
<pos>
<gml:Point gml:id="K1_503024_1-g" srsName="fguuid:jgd2011.bl">
<gml:pos>33.500379556 130.521956639</gml:pos>
</gml:Point>
</pos>
<orgName>国土地理院</orgName>
<type>電子基準点</type>
<gcpClass>電子基準点</gcpClass>
<gcpCode>EL05030240101</gcpCode>
<name>筑紫野</name>
<B>120601.3664</B>
<L>469879.0439</L>
<alti>55.051</alti>
<altiAcc>3</altiAcc>
</GCP>
<GCP gml:id="K1_503024_2">
<fid>10-00100-0-2012-1521</fid>
<lfSpanFr gml:id="K1_503024_2-1">
<gml:timePosition>2020-12-21</gml:timePosition>
</lfSpanFr>
<devDate gml:id="K1_503024_2-2">
<gml:timePosition>2020-12-23</gml:timePosition>
</devDate>
<orgGILvl>KJ10</orgGILvl>
<vis>表示</vis>
<pos>
<gml:Point gml:id="K1_503024_2-g" srsName="fguuid:jgd2011.bl">
<gml:pos>33.500373333 130.521953000</gml:pos>
</gml:Point>
</pos>
<orgName>国土地理院</orgName>
<type>電子基準点</type>
<gcpClass>電子基準点</gcpClass>
<gcpCode>EL15030240102</gcpCode>
<name>筑紫野（付）</name>
<B>120601.344</B>
<L>469879.0308</L>
<alti>50.012</alti>
<altiAcc>3</altiAcc>
</GCP>
<GCP gml:id="K1_503024_3">
<fid>10-00100-0-2012-4413</fid>
<lfSpanFr gml:id="K1_503024_3-1">
<gml:timePosition>2020-12-21</gml:timePosition>
</lfSpanFr>
<devDate gml:id="K1_503024_3-2">
<gml:timePosition>2020-12-23</gml:timePosition>
</devDate>
<orgGILvl>SJ11</orgGILvl>
<vis>表示</vis>
<pos>
<gml:Point gml:id="K1_503024_3-g" srsName="fguuid:jgd2011.bl">
<gml:pos>33.518158639 130.502628889</gml:pos>
</gml:Point>
</pos>
<orgName>国土地理院</orgName>
<type>水準点</type>
<gcpClass>一等水準点</gcpClass>
<gcpCode>L010000001823</gcpCode>
<name>１８２３</name>
<B>120665.3711</B>
<L>469809.464</L>
<alti>31.4659</alti>
<altiAcc>4</altiAcc>
</GCP>
<GCP gml:id="K1_503024_4">
<fid>10-00100-0-2012-4414</fid>
<lfSpanFr gml:id="K1_503024_4-1">
<gml:timePosition>2020-12-21</gml:timePosition>
</lfSpanFr>
<devDate gml:id="K1_503024_4-2">
<gml:timePosition>2020-12-23</gml:timePosition>
</devDate>
<orgGILvl>SJ11</orgGILvl>
<vis>表示</vis>
<pos>
<gml:Point gml:id="K1_503024_4-g" srsName="fguuid:jgd2011.bl">
<gml:pos>33.503865639 130.514281667</gml:pos>
</gml:Point>
</pos>
<orgName>国土地理院</orgName>
<type>水準点</type>
<gcpClass>一等水準点</gcpClass>
<gcpCode>L010000001824</gcpCode>
<name>１８２４</name>
<B>120613.9163</B>
<L>469851.414</L>
<alti>29.4046</alti>
<altiAcc>4</altiAcc>
</GCP>
<GCP gml:id="K1_503024_5">
<fid>10-00100-0-2012-13021</fid>
<lfSpanFr gml:id="K1_503024_5-1">
<gml:timePosition>2020-12-21</gml:timePosition>
</lfSpanFr>
<devDate gml:id="K1_503024_5-2">
<gml:timePosition>2020-12-23</gml:timePosition>
</devDate>
<orgGILvl>SJ12</orgGILvl>
<vis>表示</vis>
<pos>
<gml:Point gml:id="K1_503024_5-g" srsName="fguuid:jgd2011.bl">
<gml:pos>33.510247222 130.623488889</gml:pos>
</gml:Point>
</pos>
<orgName>国土地理院</orgName>
<type>水準点</type>
<gcpClass>二等水準点</gcpClass>
<gcpCode>L020000000780</gcpCode>
<name>７８０</name>
<B>120636.89</B>
<L>470244.56</L>
<alti>281.071</alti>
<altiAcc>3</altiAcc>
</GCP>
<GCP gml:id="K1_503024_6">
<fid>10-00100-0-2012-15328</fid>
<lfSpanFr gml:id="K1_503024_6-1">
<gml:timePosition>2020-12-21</gml:timePosition>
</lfSpanFr>
<devDate gml:id="K1_503024_6-2">
<gml:timePosition>2020-12-23</gml:timePosition>
</devDate>
<orgGILvl>SJ12</orgGILvl>
<vis>表示</vis>
<pos>
<gml:Point gml:id="K1_503024_6-g" srsName="fguuid:jgd2011.bl">
<gml:pos>33.502075000 130.595052778</gml:pos>
</gml:Point>
</pos>
<orgName>国土地理院</orgName>
<type>水準点</type>
<gcpClass>二等水準点</gcpClass>
<gcpCode>L02000200-050</gcpCode>
<name>２００－０５０</name>
<B>120607.47</B>
<L>470142.19</L>
<alti>134.279</alti>
<altiAcc>3</altiAcc>
</GCP>
<GCP gml:id="K1_503024_7">
<fid>10-00100-0-2012-16473</fid>
<lfSpanFr gml:id="K1_503024_7-1">
<gml:timePosition>2020-12-21</gml:timePosition>
</lfSpanFr>
<devDate gml:id="K1_503024_7-2">
<gml:timePosition>2020-12-23</gml:timePosition>
</devDate>
<orgGILvl>SJ11</orgGILvl>
<vis>表示</vis>
<pos>
<gml:Point gml:id="K1_503024_7-g" srsName="fguuid:jgd2011.bl">
<gml:pos>33.502385972 130.513251667</gml:pos>
</gml:Point>
</pos>
<orgName>国土地理院</orgName>
<type>水準点</type>
<gcpClass>一等水準点</gcpClass>
<gcpCode>L04000003-093</gcpCode>
<name>００３－０９３</name>
<B>120608.5895</B>
<L>469847.706</L>
<alti>32.1762</alti>
<altiAcc>4</altiAcc>
</GCP>
<GCP gml:id="K1_503024_8">
<fid>10-00100-0-2012-19682</fid>
<lfSpanFr gml:id="K1_503024_8-1">
<gml:timePosition>2020-12-21</gml:timePosition>
</lfSpanFr>
<devDate gml:id="K1_503024_8-2">
<gml:timePosition>2020-12-23</gml:timePosition>
</devDate>
<orgGILvl>SJ12</orgGILvl>
<vis>表示</vis>
<pos>
<gml:Point gml:id="K1_503024_8-g" srsName="fguuid:jgd2011.bl">
<gml:pos>33.500373333 130.521953000</gml:pos>
</gml:Point>
</pos>
<orgName>国土地理院</orgName>
<type>水準点</type>
<gcpClass>二等水準点</gcpClass>
<gcpCode>L0E000950451A</gcpCode>
<name>９５０４５１Ａ</name>
<B>120601.344</B>
<L>469879.0308</L>
<alti>50.012</alti>
<altiAcc>3</altiAcc>
</GCP>
<GCP gml:id="K1_503024_9">
<fid>10-00100-0-2012-21972</fid>
<lfSpanFr gml:id="K1_503024_9-1">
<gml:timePosition>2020-12-21</gml:timePosition>
</lfSpanFr>
<devDate gml:id="K1_503024_9-2">
<gml:timePosition>2020-12-23</gml:timePosition>
</devDate>
<orgGILvl>KJ12</orgGILvl>
<vis>表示</vis>
<pos>
<gml:Point gml:id="K1_503024_9-g" srsName="fguuid:jgd2011.bl">
<gml:pos>33.519473000 130.608664250</gml:pos>
</gml:Point>
</pos>
<orgName>国土地理院</orgName>
<type>三角点</type>
<gcpClass>二等三角点</gcpClass>
<gcpCode>TR25030242801</gcpCode>
<name>大根地</name>
<B>120670.1028</B>
<L>470191.1913</L>
<alti>651.88</alti>
<altiAcc>2</altiAcc>
</GCP>
<GCP gml:id="K1_503024_10">
<fid>10-00100-0-2012-21973</fid>
<lfSpanFr gml:id="K1_503024_10-1">
<gml:timePosition>2020-12-21</gml:timePosition>
</lfSpanFr>
<devDate gml:id="K1_503024_10-2">
<gml:timePosition>2020-12-23</gml:timePosition>
</devDate>
<orgGILvl>KJ12</orgGILvl>
<vis>表示</vis>
<pos>
<gml:Point gml:id="K1_503024_10-g" srsName="fguuid:jgd2011.bl">
<gml:pos>33.538097833 130.513935028</gml:pos>
</gml:Point>
</pos>
<orgName>国土地理院</orgName>
<type>三角点</type>
<gcpClass>二等三角点</gcpClass>
<gcpCode>TR25030244101</gcpCode>
<name>四王寺</name>
<B>120737.1522</B>
<L>469850.1661</L>
<alti>410.01</alti>
<altiAcc>2</altiAcc>
</GCP>
<GCP gml:id="K1_503024_11">
<fid>10-00100-0-2012-30161</fid>
<lfSpanFr gml:id="K1_503024_11-1">
<gml:timePosition>2020-12-21</gml:timePosition>
</lfSpanFr>
<devDate gml:id="K1_503024_11-2">
<gml:timePosition>2020-12-23</gml:timePosition>
</devDate>
<orgGILvl>KJ13</orgGILvl>
<vis>表示</vis>
<pos>
<gml:Point gml:id="K1_503024_11-g" srsName="fguuid:jgd2011.bl">
<gml:pos>33.511484639 130.538846500</gml:pos>
</gml:Point>
</pos>
<orgName>国土地理院</orgName>
<type>三角点</type>
<gcpClass>三等三角点</gcpClass>
<gcpCode>TR35030241301</gcpCode>
<name>高雄山</name>
<B>120641.3447</B>
<L>469939.8474</L>
<alti>151.08</alti>
<altiAcc>2</altiAcc>
</GCP>
<GCP gml:id="K1_503024_12">
<fid>10-00100-0-2012-30162</fid>
<lfSpanFr gml:id="K1_503024_12-1">
<gml:timePosition>2020-12-21</gml:timePosition>
</lfSpanFr>
<devDate gml:id="K1_503024_12-2">
<gml:timePosition>2020-12-23</gml:timePosition>
</devDate>
<orgGILvl>KJ13</orgGILvl>
<vis>表示</vis>
<pos>
<gml:Point gml:id="K1_503024_12-g" srsName="fguuid:jgd2011.bl">
<gml:pos>33.516019778 130.576081722</gml:pos>
</gml:Point>
</pos>
<orgName>国土地理院</orgName>
<type>三角点</type>
<gcpClass>三等三角点</gcpClass>
<gcpCode>TR35030241601</gcpCode>
<name>笹尾山</name>
<B>120657.6712</B>
<L>470073.8942</L>
<alti>355.18</alti>
<altiAcc>2</altiAcc>
</GCP>
<GCP gml:id="K1_503024_13">
<fid>10-00100-0-2012-30163</fid>
<lfSpanFr gml:id="K1_503024_13-1">
<gml:timePosition>2020-12-21</gml:timePosition>
</lfSpanFr>
<devDate gml:id="K1_503024_13-2">
<gml:timePosition>2020-12-23</gml:timePosition>
</devDate>
<orgGILvl>KJ13</orgGILvl>
<vis>表示</vis>
<pos>
<gml:Point gml:id="K1_503024_13-g" srsName="fguuid:jgd2011.bl">
<gml:pos>33.527148056 130.560064500</gml:pos>
</gml:Point>
</pos>
<orgName>国土地理院</orgName>
<type>三角点</type>
<gcpClass>三等三角点</gcpClass>
<gcpCode>TR35030243401</gcpCode>
<name>愛嶽山</name>
<B>120697.733</B>
<L>470016.2322</L>
<alti>431.94</alti>
<altiAcc>2</altiAcc>
</GCP>
<GCP gml:id="K1_503024_14">
<fid>10-00100-0-2012-30164</fid>
<lfSpanFr gml:id="K1_503024_14-1">
<gml:timePosition>2020-12-21</gml:timePosition>
</lfSpanFr>
<devDate gml:id="K1_503024_14-2">
<gml:timePosition>2020-12-23</gml:timePosition>
</devDate>
<orgGILvl>KJ13</orgGILvl>
<vis>表示</vis>
<pos>
<gml:Point gml:id="K1_503024_14-g" srsName="fguuid:jgd2011.bl">
<gml:pos>33.542345639 130.572354528</gml:pos>
</gml:Point>
</pos>
<orgName>国土地理院</orgName>
<type>三角点</type>
<gcpClass>三等三角点</gcpClass>
<gcpCode>TR35030245501</gcpCode>
<name>河原谷</name>
<B>120752.4443</B>
<L>470060.4763</L>
<alti>868.57</alti>
<altiAcc>2</altiAcc>
</GCP>
<GCP gml:id="K1_503024_15">
<fid>10-00100-0-2012-30165</fid>
<lfSpanFr gml:id="K1_503024_15-1">
<gml:timePosition>2020-12-21</gml:timePosition>
</lfSpanFr>
<devDate gml:id="K1_503024_15-2">
<gml:timePosition>2020-12-23</gml:timePosition>
</devDate>
<orgGILvl>KJ13</orgGILvl>
<vis>表示</vis>
<pos>
<gml:Point gml:id="K1_503024_15-g" srsName="fguuid:jgd2011.bl">
<gml:pos>33.547741417 130.606755694</gml:pos>
</gml:Point>
</pos>
<orgName>国土地理院</orgName>
<type>三角点</type>
<gcpClass>三等三角点</gcpClass>
<gcpCode>TR35030245801</gcpCode>
<name>竹野城</name>
<B>120771.8691</B>
<L>470184.3205</L>
<alti>540.04</alti>
<altiAcc>2</altiAcc>
</GCP>
<GCP gml:id="K1_503024_16">
<fid>10-00100-0-2012-30166</fid>
<lfSpanFr gml:id="K1_503024_16-1">
<gml:timePosition>2020-12-21</gml:timePosition>
</lfSpanFr>
<devDate gml:id="K1_503024_16-2">
<gml:timePosition>2020-12-23</gml:timePosition>
</devDate>
<orgGILvl>KJ13</orgGILvl>
<vis>表示</vis>
<pos>
<gml:Point gml:id="K1_503024_16-g" srsName="fguuid:jgd2011.bl">
<gml:pos>33.555535611 130.583766778</gml:pos>
</gml:Point>
</pos>
<orgName>国土地理院</orgName>
<type>三角点</type>
<gcpClass>三等三角点</gcpClass>
<gcpCode>TR35030246601</gcpCode>
<name>三郡山</name>
<B>120799.9282</B>
<L>470101.5604</L>
<alti>935.71</alti>
<altiAcc>2</altiAcc>
</GCP>
<GCP gml:id="K1_503024_17">
<fid>10-00100-0-2012-30167</fid>
<lfSpanFr gml:id="K1_503024_17-1">
<gml:timePosition>2020-12-21</gml:timePosition>
</lfSpanFr>
<devDate gml:id="K1_503024_17-2">
<gml:timePosition>2020-12-23</gml:timePosition>
</devDate>
<orgGILvl>KJ13</orgGILvl>
<vis>表示</vis>
<pos>
<gml:Point gml:id="K1_503024_17-g" srsName="fguuid:jgd2011.bl">
<gml:pos>33.565007944 130.537628167</gml:pos>
</gml:Point>
</pos>
<orgName>国土地理院</orgName>
<type>三角点</type>
<gcpClass>三等三角点</gcpClass>
<gcpCode>TR35030247301</gcpCode>
<name>飛岳</name>
<B>120834.0286</B>
<L>469935.4614</L>
<alti>114.55</alti>
<altiAcc>2</altiAcc>
</GCP>
<GCP gml:id="K1_503024_18">
<fid>10-00100-0-2012-30168</fid>
<lfSpanFr gml:id="K1_503024_18-1">
<gml:timePosition>2020-12-21</gml:timePosition>
</lfSpanFr>
<devDate gml:id="K1_503024_18-2">
<gml:timePosition>2020-12-23</gml:timePosition>
</devDate>
<orgGILvl>KJ13</orgGILvl>
<vis>表示</vis>
<pos>
<gml:Point gml:id="K1_503024_18-g" srsName="fguuid:jgd2011.bl">
<gml:pos>33.577660528 130.520808111</gml:pos>
</gml:Point>
</pos>
<orgName>国土地理院</orgName>
<type>三角点</type>
<gcpClass>三等三角点</gcpClass>
<gcpCode>TR35030249101</gcpCode>
<name>男鳥</name>
<B>120879.5779</B>
<L>469874.9092</L>
<alti>76.29</alti>
<altiAcc>2</altiAcc>
</GCP>
<GCP gml:id="K1_503024_19">
<fid>10-00100-0-2012-30169</fid>
<lfSpanFr gml:id="K1_503024_19-1">
<gml:timePosition>2020-12-21</gml:timePosition>
</lfSpanFr>
<devDate gml:id="K1_503024_19-2">
<gml:timePosition>2020-12-23</gml:timePosition>
</devDate>
<orgGILvl>KJ13</orgGILvl>
<vis>表示</vis>
<pos>
<gml:Point gml:id="K1_503024_19-g" srsName="fguuid:jgd2011.bl">
<gml:pos>33.575273861 130.619859500</gml:pos>
</gml:Point>
</pos>
<orgName>国土地理院</orgName>
<type>三角点</type>
<gcpClass>三等三角点</gcpClass>
<gcpCode>TR35030249901</gcpCode>
<name>金比羅山</name>
<B>120870.9859</B>
<L>470231.4942</L>
<alti>196.77</alti>
<altiAcc>2</altiAcc>
</GCP>
<GCP gml:id="K1_503024_20">
<fid>10-00100-0-2012-69772</fid>
<lfSpanFr gml:id="K1_503024_20-1">
<gml:timePosition>2020-12-21</gml:timePosition>
</lfSpanFr>
<devDate gml:id="K1_503024_20-2">
<gml:timePosition>2020-12-23</gml:timePosition>
</devDate>
<orgGILvl>KJ14</orgGILvl>
<vis>表示</vis>
<pos>
<gml:Point gml:id="K1_503024_20-g" srsName="fguuid:jgd2011.bl">
<gml:pos>33.507633167 130.559001833</gml:pos>
</gml:Point>
</pos>
<orgName>国土地理院</orgName>
<type>三角点</type>
<gcpClass>四等三角点</gcpClass>
<gcpCode>TR45030240401</gcpCode>
<name>今屋敷</name>
<B>120627.4794</B>
<L>470012.4066</L>
<alti>59.25</alti>
<altiAcc>2</altiAcc>
</GCP>
<GCP gml:id="K1_503024_21">
<fid>10-00100-0-2012-69773</fid>
<lfSpanFr gml:id="K1_503024_21-1">
<gml:timePosition>2020-12-21</gml:timePosition>
</lfSpanFr>
<devDate gml:id="K1_503024_21-2">
<gml:timePosition>2020-12-23</gml:timePosition>
</devDate>
<orgGILvl>KJ14</orgGILvl>
<vis>表示</vis>
<pos>
<gml:Point gml:id="K1_503024_21-g" srsName="fguuid:jgd2011.bl">
<gml:pos>33.504965583 130.585234889</gml:pos>
</gml:Point>
</pos>
<orgName>国土地理院</orgName>
<type>三角点</type>
<gcpClass>四等三角点</gcpClass>
<gcpCode>TR45030240601</gcpCode>
<name>笹原</name>
<B>120617.8761</B>
<L>470106.8456</L>
<alti>215.48</alti>
<altiAcc>2</altiAcc>
</GCP>
<GCP gml:id="K1_503024_22">
<fid>10-00100-0-2012-69774</fid>
<lfSpanFr gml:id="K1_503024_22-1">
<gml:timePosition>2020-12-21</gml:timePosition>
</lfSpanFr>
<devDate gml:id="K1_503024_22-2">
<gml:timePosition>2020-12-23</gml:timePosition>
</devDate>
<orgGILvl>KJ14</orgGILvl>
<vis>表示</vis>
<pos>
<gml:Point gml:id="K1_503024_22-g" srsName="fguuid:jgd2011.bl">
<gml:pos>33.507287389 130.600164194</gml:pos>
</gml:Point>
</pos>
<orgName>国土地理院</orgName>
<type>三角点</type>
<gcpClass>四等三角点</gcpClass>
<gcpCode>TR45030240801</gcpCode>
<name>砂釜</name>
<B>120626.2346</B>
<L>470160.5911</L>
<alti>249.31</alti>
<altiAcc>2</altiAcc>
</GCP>
<GCP gml:id="K1_503024_23">
<fid>10-00100-0-2012-69775</fid>
<lfSpanFr gml:id="K1_503024_23-1">
<gml:timePosition>2020-12-21</gml:timePosition>
</lfSpanFr>
<devDate gml:id="K1_503024_23-2">
<gml:timePosition>2020-12-23</gml:timePosition>
</devDate>
<orgGILvl>KJ14</orgGILvl>
<vis>表示</vis>
<pos>
<gml:Point gml:id="K1_503024_23-g" srsName="fguuid:jgd2011.bl">
<gml:pos>33.505133806 130.622988806</gml:pos>
</gml:Point>
</pos>
<orgName>国土地理院</orgName>
<type>三角点</type>
<gcpClass>四等三角点</gcpClass>
<gcpCode>TR45030240901</gcpCode>
<name>上西山</name>
<B>120618.4817</B>
<L>470242.7597</L>
<alti>373.37</alti>
<altiAcc>2</altiAcc>
</GCP>
<GCP gml:id="K1_503024_24">
<fid>10-00100-0-2012-69776</fid>
<lfSpanFr gml:id="K1_503024_24-1">
<gml:timePosition>2020-12-21</gml:timePosition>
</lfSpanFr>
<devDate gml:id="K1_503024_24-2">
<gml:timePosition>2020-12-23</gml:timePosition>
</devDate>
<orgGILvl>KJ14</orgGILvl>
<vis>表示</vis>
<pos>
<gml:Point gml:id="K1_503024_24-g" srsName="fguuid:jgd2011.bl">
<gml:pos>33.518912944 130.556922306</gml:pos>
</gml:Point>
</pos>
<orgName>国土地理院</orgName>
<type>三角点</type>
<gcpClass>四等三角点</gcpClass>
<gcpCode>TR45030242401</gcpCode>
<name>塚口</name>
<B>120668.0866</B>
<L>470004.9203</L>
<alti>200.87</alti>
<altiAcc>2</altiAcc>
</GCP>
<GCP gml:id="K1_503024_25">
<fid>10-00100-0-2012-69777</fid>
<lfSpanFr gml:id="K1_503024_25-1">
<gml:timePosition>2020-12-21</gml:timePosition>
</lfSpanFr>
<devDate gml:id="K1_503024_25-2">
<gml:timePosition>2020-12-23</gml:timePosition>
</devDate>
<orgGILvl>KJ14</orgGILvl>
<vis>表示</vis>
<pos>
<gml:Point gml:id="K1_503024_25-g" srsName="fguuid:jgd2011.bl">
<gml:pos>33.520032111 130.593673194</gml:pos>
</gml:Point>
</pos>
<orgName>国土地理院</orgName>
<type>三角点</type>
<gcpClass>四等三角点</gcpClass>
<gcpCode>TR45030242701</gcpCode>
<name>奥谷</name>
<B>120672.1156</B>
<L>470137.2235</L>
<alti>476.49</alti>
<altiAcc>2</altiAcc>
</GCP>
<GCP gml:id="K1_503024_26">
<fid>10-00100-0-2012-69778</fid>
<lfSpanFr gml:id="K1_503024_26-1">
<gml:timePosition>2020-12-21</gml:timePosition>
</lfSpanFr>
<devDate gml:id="K1_503024_26-2">
<gml:timePosition>2020-12-23</gml:timePosition>
</devDate>
<orgGILvl>KJ14</orgGILvl>
<vis>表示</vis>
<pos>
<gml:Point gml:id="K1_503024_26-g" srsName="fguuid:jgd2011.bl">
<gml:pos>33.524463194 130.616675806</gml:pos>
</gml:Point>
</pos>
<orgName>国土地理院</orgName>
<type>三角点</type>
<gcpClass>四等三角点</gcpClass>
<gcpCode>TR45030242901</gcpCode>
<name>発峠</name>
<B>120688.0675</B>
<L>470220.0329</L>
<alti>474.3</alti>
<altiAcc>2</altiAcc>
</GCP>
<GCP gml:id="K1_503024_27">
<fid>10-00100-0-2012-69779</fid>
<lfSpanFr gml:id="K1_503024_27-1">
<gml:timePosition>2020-12-21</gml:timePosition>
</lfSpanFr>
<devDate gml:id="K1_503024_27-2">
<gml:timePosition>2020-12-23</gml:timePosition>
</devDate>
<orgGILvl>KJ14</orgGILvl>
<vis>表示</vis>
<pos>
<gml:Point gml:id="K1_503024_27-g" srsName="fguuid:jgd2011.bl">
<gml:pos>33.527776667 130.527229500</gml:pos>
</gml:Point>
</pos>
<orgName>国土地理院</orgName>
<type>三角点</type>
<gcpClass>四等三角点</gcpClass>
<gcpCode>TR45030243201</gcpCode>
<name>原</name>
<B>120699.996</B>
<L>469898.0262</L>
<alti>212.08</alti>
<altiAcc>2</altiAcc>
</GCP>
<GCP gml:id="K1_503024_28">
<fid>10-00100-0-2012-69780</fid>
<lfSpanFr gml:id="K1_503024_28-1">
<gml:timePosition>2020-12-21</gml:timePosition>
</lfSpanFr>
<devDate gml:id="K1_503024_28-2">
<gml:timePosition>2020-12-23</gml:timePosition>
</devDate>
<orgGILvl>KJ14</orgGILvl>
<vis>表示</vis>
<pos>
<gml:Point gml:id="K1_503024_28-g" srsName="fguuid:jgd2011.bl">
<gml:pos>33.525046111 130.541695167</gml:pos>
</gml:Point>
</pos>
<orgName>国土地理院</orgName>
<type>三角点</type>
<gcpClass>四等三角点</gcpClass>
<gcpCode>TR45030243301</gcpCode>
<name>管谷</name>
<B>120690.166</B>
<L>469950.1026</L>
<alti>111.32</alti>
<altiAcc>2</altiAcc>
</GCP>
<GCP gml:id="K1_503024_29">
<fid>10-00100-0-2012-69781</fid>
<lfSpanFr gml:id="K1_503024_29-1">
<gml:timePosition>2020-12-21</gml:timePosition>
</lfSpanFr>
<devDate gml:id="K1_503024_29-2">
<gml:timePosition>2020-12-23</gml:timePosition>
</devDate>
<orgGILvl>KJ14</orgGILvl>
<vis>表示</vis>
<pos>
<gml:Point gml:id="K1_503024_29-g" srsName="fguuid:jgd2011.bl">
<gml:pos>33.527967000 130.586223222</gml:pos>
</gml:Point>
</pos>
<orgName>国土地理院</orgName>
<type>三角点</type>
<gcpClass>四等三角点</gcpClass>
<gcpCode>TR45030243601</gcpCode>
<name>柚須原</name>
<B>120700.6812</B>
<L>470110.4036</L>
<alti>273.49</alti>
<altiAcc>2</altiAcc>
</GCP>
<GCP gml:id="K1_503024_30">
<fid>10-00100-0-2012-69782</fid>
<lfSpanFr gml:id="K1_503024_30-1">
<gml:timePosition>2020-12-21</gml:timePosition>
</lfSpanFr>
<devDate gml:id="K1_503024_30-2">
<gml:timePosition>2020-12-23</gml:timePosition>
</devDate>
<orgGILvl>KJ14</orgGILvl>
<vis>表示</vis>
<pos>
<gml:Point gml:id="K1_503024_30-g" srsName="fguuid:jgd2011.bl">
<gml:pos>33.533546778 130.618635861</gml:pos>
</gml:Point>
</pos>
<orgName>国土地理院</orgName>
<type>三角点</type>
<gcpClass>四等三角点</gcpClass>
<gcpCode>TR45030244901</gcpCode>
<name>髪谷</name>
<B>120720.7684</B>
<L>470227.0891</L>
<alti>453.32</alti>
<altiAcc>2</altiAcc>
</GCP>
<GCP gml:id="K1_503024_31">
<fid>10-00100-0-2012-69783</fid>
<lfSpanFr gml:id="K1_503024_31-1">
<gml:timePosition>2020-12-21</gml:timePosition>
</lfSpanFr>
<devDate gml:id="K1_503024_31-2">
<gml:timePosition>2020-12-23</gml:timePosition>
</devDate>
<orgGILvl>KJ14</orgGILvl>
<vis>表示</vis>
<pos>
<gml:Point gml:id="K1_503024_31-g" srsName="fguuid:jgd2011.bl">
<gml:pos>33.549102306 130.502436722</gml:pos>
</gml:Point>
</pos>
<orgName>国土地理院</orgName>
<type>三角点</type>
<gcpClass>四等三角点</gcpClass>
<gcpCode>TR45030245001</gcpCode>
<name>乙金山</name>
<B>120776.7683</B>
<L>469808.7722</L>
<alti>263.25</alti>
<altiAcc>2</altiAcc>
</GCP>
<GCP gml:id="K1_503024_32">
<fid>10-00100-0-2012-69784</fid>
<lfSpanFr gml:id="K1_503024_32-1">
<gml:timePosition>2020-12-21</gml:timePosition>
</lfSpanFr>
<devDate gml:id="K1_503024_32-2">
<gml:timePosition>2020-12-23</gml:timePosition>
</devDate>
<orgGILvl>KJ14</orgGILvl>
<vis>表示</vis>
<pos>
<gml:Point gml:id="K1_503024_32-g" srsName="fguuid:jgd2011.bl">
<gml:pos>33.544936111 130.526099250</gml:pos>
</gml:Point>
</pos>
<orgName>国土地理院</orgName>
<type>三角点</type>
<gcpClass>四等三角点</gcpClass>
<gcpCode>TR45030245201</gcpCode>
<name>松川</name>
<B>120761.77</B>
<L>469893.9573</L>
<alti>272.24</alti>
<altiAcc>2</altiAcc>
</GCP>
<GCP gml:id="K1_503024_33">
<fid>10-00100-0-2012-69785</fid>
<lfSpanFr gml:id="K1_503024_33-1">
<gml:timePosition>2020-12-21</gml:timePosition>
</lfSpanFr>
<devDate gml:id="K1_503024_33-2">
<gml:timePosition>2020-12-23</gml:timePosition>
</devDate>
<orgGILvl>KJ14</orgGILvl>
<vis>表示</vis>
<pos>
<gml:Point gml:id="K1_503024_33-g" srsName="fguuid:jgd2011.bl">
<gml:pos>33.542093278 130.589186694</gml:pos>
</gml:Point>
</pos>
<orgName>国土地理院</orgName>
<type>三角点</type>
<gcpClass>四等三角点</gcpClass>
<gcpCode>TR45030245701</gcpCode>
<name>柿の尾</name>
<B>120751.5358</B>
<L>470121.0721</L>
<alti>569.78</alti>
<altiAcc>2</altiAcc>
</GCP>
<GCP gml:id="K1_503024_34">
<fid>10-00100-0-2012-69786</fid>
<lfSpanFr gml:id="K1_503024_34-1">
<gml:timePosition>2020-12-21</gml:timePosition>
</lfSpanFr>
<devDate gml:id="K1_503024_34-2">
<gml:timePosition>2020-12-23</gml:timePosition>
</devDate>
<orgGILvl>KJ14</orgGILvl>
<vis>表示</vis>
<pos>
<gml:Point gml:id="K1_503024_34-g" srsName="fguuid:jgd2011.bl">
<gml:pos>33.558212472 130.547374222</gml:pos>
</gml:Point>
</pos>
<orgName>国土地理院</orgName>
<type>三角点</type>
<gcpClass>四等三角点</gcpClass>
<gcpCode>TR45030246301</gcpCode>
<name>天ケ熊</name>
<B>120809.5649</B>
<L>469970.5472</L>
<alti>204.71</alti>
<altiAcc>2</altiAcc>
</GCP>
<GCP gml:id="K1_503024_35">
<fid>10-00100-0-2012-69787</fid>
<lfSpanFr gml:id="K1_503024_35-1">
<gml:timePosition>2020-12-21</gml:timePosition>
</lfSpanFr>
<devDate gml:id="K1_503024_35-2">
<gml:timePosition>2020-12-23</gml:timePosition>
</devDate>
<orgGILvl>KJ14</orgGILvl>
<vis>表示</vis>
<pos>
<gml:Point gml:id="K1_503024_35-g" srsName="fguuid:jgd2011.bl">
<gml:pos>33.555932806 130.563243528</gml:pos>
</gml:Point>
</pos>
<orgName>国土地理院</orgName>
<type>三角点</type>
<gcpClass>四等三角点</gcpClass>
<gcpCode>TR45030246501</gcpCode>
<name>田中</name>
<B>120801.3581</B>
<L>470027.6767</L>
<alti>395.78</alti>
<altiAcc>2</altiAcc>
</GCP>
<GCP gml:id="K1_503024_36">
<fid>10-00100-0-2012-69788</fid>
<lfSpanFr gml:id="K1_503024_36-1">
<gml:timePosition>2020-12-21</gml:timePosition>
</lfSpanFr>
<devDate gml:id="K1_503024_36-2">
<gml:timePosition>2020-12-23</gml:timePosition>
</devDate>
<orgGILvl>KJ14</orgGILvl>
<vis>表示</vis>
<pos>
<gml:Point gml:id="K1_503024_36-g" srsName="fguuid:jgd2011.bl">
<gml:pos>33.558105361 130.603184611</gml:pos>
</gml:Point>
</pos>
<orgName>国土地理院</orgName>
<type>三角点</type>
<gcpClass>四等三角点</gcpClass>
<gcpCode>TR45030246801</gcpCode>
<name>茜屋</name>
<B>120809.1793</B>
<L>470171.4646</L>
<alti>321.31</alti>
<altiAcc>2</altiAcc>
</GCP>
<GCP gml:id="K1_503024_37">
<fid>10-00100-0-2012-69789</fid>
<lfSpanFr gml:id="K1_503024_37-1">
<gml:timePosition>2020-12-21</gml:timePosition>
</lfSpanFr>
<devDate gml:id="K1_503024_37-2">
<gml:timePosition>2020-12-23</gml:timePosition>
</devDate>
<orgGILvl>KJ14</orgGILvl>
<vis>表示</vis>
<pos>
<gml:Point gml:id="K1_503024_37-g" srsName="fguuid:jgd2011.bl">
<gml:pos>33.561368111 130.525778889</gml:pos>
</gml:Point>
</pos>
<orgName>国土地理院</orgName>
<type>三角点</type>
<gcpClass>四等三角点</gcpClass>
<gcpCode>TR45030247201</gcpCode>
<name>炭焼</name>
<B>120820.9252</B>
<L>469892.804</L>
<alti>98.89</alti>
<altiAcc>2</altiAcc>
</GCP>
<GCP gml:id="K1_503024_38">
<fid>10-00100-0-2012-69790</fid>
<lfSpanFr gml:id="K1_503024_38-1">
<gml:timePosition>2020-12-21</gml:timePosition>
</lfSpanFr>
<devDate gml:id="K1_503024_38-2">
<gml:timePosition>2020-12-23</gml:timePosition>
</devDate>
<orgGILvl>KJ14</orgGILvl>
<vis>表示</vis>
<pos>
<gml:Point gml:id="K1_503024_38-g" srsName="fguuid:jgd2011.bl">
<gml:pos>33.559970222 130.617840194</gml:pos>
</gml:Point>
</pos>
<orgName>国土地理院</orgName>
<type>三角点</type>
<gcpClass>四等三角点</gcpClass>
<gcpCode>TR45030247901</gcpCode>
<name>山口</name>
<B>120815.8928</B>
<L>470224.2247</L>
<alti>247.61</alti>
<altiAcc>2</altiAcc>
</GCP>
<GCP gml:id="K1_503024_39">
<fid>10-00100-0-2012-69791</fid>
<lfSpanFr gml:id="K1_503024_39-1">
<gml:timePosition>2020-12-21</gml:timePosition>
</lfSpanFr>
<devDate gml:id="K1_503024_39-2">
<gml:timePosition>2020-12-23</gml:timePosition>
</devDate>
<orgGILvl>KJ14</orgGILvl>
<vis>表示</vis>
<pos>
<gml:Point gml:id="K1_503024_39-g" srsName="fguuid:jgd2011.bl">
<gml:pos>33.568420833 130.505620361</gml:pos>
</gml:Point>
</pos>
<orgName>国土地理院</orgName>
<type>三角点</type>
<gcpClass>四等三角点</gcpClass>
<gcpCode>TR45030248001</gcpCode>
<name>本村</name>
<B>120846.315</B>
<L>469820.2333</L>
<alti>35.32</alti>
<altiAcc>2</altiAcc>
</GCP>
<GCP gml:id="K1_503024_40">
<fid>10-00100-0-2012-69792</fid>
<lfSpanFr gml:id="K1_503024_40-1">
<gml:timePosition>2020-12-21</gml:timePosition>
</lfSpanFr>
<devDate gml:id="K1_503024_40-2">
<gml:timePosition>2020-12-23</gml:timePosition>
</devDate>
<orgGILvl>KJ14</orgGILvl>
<vis>表示</vis>
<pos>
<gml:Point gml:id="K1_503024_40-g" srsName="fguuid:jgd2011.bl">
<gml:pos>33.572062528 130.562349861</gml:pos>
</gml:Point>
</pos>
<orgName>国土地理院</orgName>
<type>三角点</type>
<gcpClass>四等三角点</gcpClass>
<gcpCode>TR45030248401</gcpCode>
<name>中村</name>
<B>120859.4251</B>
<L>470024.4595</L>
<alti>649.11</alti>
<altiAcc>2</altiAcc>
</GCP>
<GCP gml:id="K1_503024_41">
<fid>10-00100-0-2012-69793</fid>
<lfSpanFr gml:id="K1_503024_41-1">
<gml:timePosition>2020-12-21</gml:timePosition>
</lfSpanFr>
<devDate gml:id="K1_503024_41-2">
<gml:timePosition>2020-12-23</gml:timePosition>
</devDate>
<orgGILvl>KJ14</orgGILvl>
<vis>表示</vis>
<pos>
<gml:Point gml:id="K1_503024_41-g" srsName="fguuid:jgd2011.bl">
<gml:pos>33.568929000 130.600875417</gml:pos>
</gml:Point>
</pos>
<orgName>国土地理院</orgName>
<type>三角点</type>
<gcpClass>四等三角点</gcpClass>
<gcpCode>TR45030248801</gcpCode>
<name>長谷</name>
<B>120848.1444</B>
<L>470163.1515</L>
<alti>369.18</alti>
<altiAcc>2</altiAcc>
</GCP>
<GCP gml:id="K1_503024_42">
<fid>10-00100-0-2012-69794</fid>
<lfSpanFr gml:id="K1_503024_42-1">
<gml:timePosition>2020-12-21</gml:timePosition>
</lfSpanFr>
<devDate gml:id="K1_503024_42-2">
<gml:timePosition>2020-12-23</gml:timePosition>
</devDate>
<orgGILvl>KJ14</orgGILvl>
<vis>表示</vis>
<pos>
<gml:Point gml:id="K1_503024_42-g" srsName="fguuid:jgd2011.bl">
<gml:pos>33.576181194 130.503697083</gml:pos>
</gml:Point>
</pos>
<orgName>国土地理院</orgName>
<type>三角点</type>
<gcpClass>四等三角点</gcpClass>
<gcpCode>TR45030249001</gcpCode>
<name>田富</name>
<B>120874.2523</B>
<L>469813.3095</L>
<alti>45.72</alti>
<altiAcc>2</altiAcc>
</GCP>
<GCP gml:id="K1_503024_43">
<fid>10-00100-0-2012-69795</fid>
<lfSpanFr gml:id="K1_503024_43-1">
<gml:timePosition>2020-12-21</gml:timePosition>
</lfSpanFr>
<devDate gml:id="K1_503024_43-2">
<gml:timePosition>2020-12-23</gml:timePosition>
</devDate>
<orgGILvl>KJ14</orgGILvl>
<vis>表示</vis>
<pos>
<gml:Point gml:id="K1_503024_43-g" srsName="fguuid:jgd2011.bl">
<gml:pos>33.581584611 130.536759889</gml:pos>
</gml:Point>
</pos>
<orgName>国土地理院</orgName>
<type>三角点</type>
<gcpClass>四等三角点</gcpClass>
<gcpCode>TR45030249201</gcpCode>
<name>神武原</name>
<B>120893.7046</B>
<L>469932.3356</L>
<alti>186.28</alti>
<altiAcc>2</altiAcc>
</GCP>
<GCP gml:id="K1_503024_44">
<fid>10-00100-0-2012-69796</fid>
<lfSpanFr gml:id="K1_503024_44-1">
<gml:timePosition>2020-12-21</gml:timePosition>
</lfSpanFr>
<devDate gml:id="K1_503024_44-2">
<gml:timePosition>2020-12-23</gml:timePosition>
</devDate>
<orgGILvl>KJ14</orgGILvl>
<vis>表示</vis>
<pos>
<gml:Point gml:id="K1_503024_44-g" srsName="fguuid:jgd2011.bl">
<gml:pos>33.575184278 130.546182222</gml:pos>
</gml:Point>
</pos>
<orgName>国土地理院</orgName>
<type>三角点</type>
<gcpClass>四等三角点</gcpClass>
<gcpCode>TR45030249301</gcpCode>
<name>大久保</name>
<B>120870.6634</B>
<L>469966.256</L>
<alti>266.78</alti>
<altiAcc>2</altiAcc>
</GCP>
</Dataset>
