<?xml version="1.0" encoding="utf-8"?>
<Dataset xsi:schemaLocation="http://fgd.gsi.go.jp/spec/2008/FGD_GMLSchema FGD_GMLSchema.xsd"
	xmlns:gml="http://www.opengis.net/gml/3.2"
	xmlns:xsi="http://www.w3.org/2001/XMLSchema-instance"
	xmlns:xlink="http://www.w3.org/1999/xlink"
	xmlns="http://fgd.gsi.go.jp/spec/2008/FGD_GMLSchema"
	gml:id="Dataset1">
  <gml:description>基盤地図情報メタデータ ID=fmdid:21-0101</gml:description>
  <gml:name>基盤地図情報ダウンロードデータ（GML版）</gml:name>
<SBAPt gml:id="K11_4698012069_1">
<fid>46980-12069-i-1447</fid>
<lfSpanFr gml:id="K11_4698012069_1-1">
<gml:timePosition>2020-10-29</gml:timePosition>
</lfSpanFr>
<devDate gml:id="K11_4698012069_1-2">
<gml:timePosition>2020-12-23</gml:timePosition>
</devDate>
<orgGILvl>2500</orgGILvl>
<vis>表示</vis>
<pos>
<gml:Point gml:id="K11_4698012069_1-g" srsName="fguuid:jgd2011.bl">
<gml:pos>33.532482574 130.502455463</gml:pos>
</gml:Point>
</pos>
<sbaNo>10</sbaNo>
</SBAPt>
<SBAPt gml:id="K11_4698012069_2">
<fid>46980-12069-i-1448</fid>
<lfSpanFr gml:id="K11_4698012069_2-1">
<gml:timePosition>2020-10-29</gml:timePosition>
</lfSpanFr>
<devDate gml:id="K11_4698012069_2-2">
<gml:timePosition>2020-12-23</gml:timePosition>
</devDate>
<orgGILvl>2500</orgGILvl>
<vis>表示</vis>
<pos>
<gml:Point gml:id="K11_4698012069_2-g" srsName="fguuid:jgd2011.bl">
<gml:pos>33.532362331 130.501781535</gml:pos>
</gml:Point>
</pos>
<sbaNo>12</sbaNo>
</SBAPt>
<SBAPt gml:id="K11_4698012069_3">
<fid>46980-12069-i-1449</fid>
<lfSpanFr gml:id="K11_4698012069_3-1">
<gml:timePosition>2020-10-29</gml:timePosition>
</lfSpanFr>
<devDate gml:id="K11_4698012069_3-2">
<gml:timePosition>2020-12-23</gml:timePosition>
</devDate>
<orgGILvl>2500</orgGILvl>
<vis>表示</vis>
<pos>
<gml:Point gml:id="K11_4698012069_3-g" srsName="fguuid:jgd2011.bl">
<gml:pos>33.532712448 130.501206901</gml:pos>
</gml:Point>
</pos>
<sbaNo>14</sbaNo>
</SBAPt>
<SBAPt gml:id="K11_4698012069_4">
<fid>46980-12069-i-1450</fid>
<lfSpanFr gml:id="K11_4698012069_4-1">
<gml:timePosition>2020-10-29</gml:timePosition>
</lfSpanFr>
<devDate gml:id="K11_4698012069_4-2">
<gml:timePosition>2020-12-23</gml:timePosition>
</devDate>
<orgGILvl>2500</orgGILvl>
<vis>表示</vis>
<pos>
<gml:Point gml:id="K11_4698012069_4-g" srsName="fguuid:jgd2011.bl">
<gml:pos>33.532023011 130.500894284</gml:pos>
</gml:Point>
</pos>
<sbaNo>8</sbaNo>
</SBAPt>
<SBAPt gml:id="K11_4698012069_5">
<fid>46980-12069-i-1451</fid>
<lfSpanFr gml:id="K11_4698012069_5-1">
<gml:timePosition>2020-10-29</gml:timePosition>
</lfSpanFr>
<devDate gml:id="K11_4698012069_5-2">
<gml:timePosition>2020-12-23</gml:timePosition>
</devDate>
<orgGILvl>2500</orgGILvl>
<vis>表示</vis>
<pos>
<gml:Point gml:id="K11_4698012069_5-g" srsName="fguuid:jgd2011.bl">
<gml:pos>33.533157000 130.501866000</gml:pos>
</gml:Point>
</pos>
<sbaNo>26</sbaNo>
</SBAPt>
<SBAPt gml:id="K11_4698012069_6">
<fid>46980-12069-i-1452</fid>
<lfSpanFr gml:id="K11_4698012069_6-1">
<gml:timePosition>2020-10-29</gml:timePosition>
</lfSpanFr>
<devDate gml:id="K11_4698012069_6-2">
<gml:timePosition>2020-12-23</gml:timePosition>
</devDate>
<orgGILvl>2500</orgGILvl>
<vis>表示</vis>
<pos>
<gml:Point gml:id="K11_4698012069_6-g" srsName="fguuid:jgd2011.bl">
<gml:pos>33.531838000 130.500233000</gml:pos>
</gml:Point>
</pos>
<sbaNo>7</sbaNo>
</SBAPt>
<SBAPt gml:id="K11_4698012069_7">
<fid>46980-12069-i-1453</fid>
<lfSpanFr gml:id="K11_4698012069_7-1">
<gml:timePosition>2020-10-29</gml:timePosition>
</lfSpanFr>
<devDate gml:id="K11_4698012069_7-2">
<gml:timePosition>2020-12-23</gml:timePosition>
</devDate>
<orgGILvl>2500</orgGILvl>
<vis>表示</vis>
<pos>
<gml:Point gml:id="K11_4698012069_7-g" srsName="fguuid:jgd2011.bl">
<gml:pos>33.531789000 130.501314000</gml:pos>
</gml:Point>
</pos>
<sbaNo>9</sbaNo>
</SBAPt>
<SBAPt gml:id="K11_4698012069_8">
<fid>46980-12069-i-1454</fid>
<lfSpanFr gml:id="K11_4698012069_8-1">
<gml:timePosition>2020-10-29</gml:timePosition>
</lfSpanFr>
<devDate gml:id="K11_4698012069_8-2">
<gml:timePosition>2020-12-23</gml:timePosition>
</devDate>
<orgGILvl>2500</orgGILvl>
<vis>表示</vis>
<pos>
<gml:Point gml:id="K11_4698012069_8-g" srsName="fguuid:jgd2011.bl">
<gml:pos>33.532547000 130.502219000</gml:pos>
</gml:Point>
</pos>
<sbaNo>11</sbaNo>
</SBAPt>
<SBAPt gml:id="K11_4698012069_9">
<fid>46980-12069-i-1455</fid>
<lfSpanFr gml:id="K11_4698012069_9-1">
<gml:timePosition>2020-10-29</gml:timePosition>
</lfSpanFr>
<devDate gml:id="K11_4698012069_9-2">
<gml:timePosition>2020-12-23</gml:timePosition>
</devDate>
<orgGILvl>2500</orgGILvl>
<vis>表示</vis>
<pos>
<gml:Point gml:id="K11_4698012069_9-g" srsName="fguuid:jgd2011.bl">
<gml:pos>33.532733000 130.501766000</gml:pos>
</gml:Point>
</pos>
<sbaNo>13</sbaNo>
</SBAPt>
<SBAPt gml:id="K11_4698012069_10">
<fid>46980-12069-i-1456</fid>
<lfSpanFr gml:id="K11_4698012069_10-1">
<gml:timePosition>2020-10-29</gml:timePosition>
</lfSpanFr>
<devDate gml:id="K11_4698012069_10-2">
<gml:timePosition>2020-12-23</gml:timePosition>
</devDate>
<orgGILvl>2500</orgGILvl>
<vis>表示</vis>
<pos>
<gml:Point gml:id="K11_4698012069_10-g" srsName="fguuid:jgd2011.bl">
<gml:pos>33.532466000 130.500403000</gml:pos>
</gml:Point>
</pos>
<sbaNo>15</sbaNo>
</SBAPt>
<SBAPt gml:id="K11_4698012069_11">
<fid>46980-12069-i-1457</fid>
<lfSpanFr gml:id="K11_4698012069_11-1">
<gml:timePosition>2020-10-29</gml:timePosition>
</lfSpanFr>
<devDate gml:id="K11_4698012069_11-2">
<gml:timePosition>2020-12-23</gml:timePosition>
</devDate>
<orgGILvl>2500</orgGILvl>
<vis>表示</vis>
<pos>
<gml:Point gml:id="K11_4698012069_11-g" srsName="fguuid:jgd2011.bl">
<gml:pos>33.532810000 130.500443000</gml:pos>
</gml:Point>
</pos>
<sbaNo>18</sbaNo>
</SBAPt>
<SBAPt gml:id="K11_4698012069_12">
<fid>46980-12069-i-1458</fid>
<lfSpanFr gml:id="K11_4698012069_12-1">
<gml:timePosition>2020-10-29</gml:timePosition>
</lfSpanFr>
<devDate gml:id="K11_4698012069_12-2">
<gml:timePosition>2020-12-23</gml:timePosition>
</devDate>
<orgGILvl>2500</orgGILvl>
<vis>表示</vis>
<pos>
<gml:Point gml:id="K11_4698012069_12-g" srsName="fguuid:jgd2011.bl">
<gml:pos>33.533106000 130.500454000</gml:pos>
</gml:Point>
</pos>
<sbaNo>19</sbaNo>
</SBAPt>
<SBAPt gml:id="K11_4698012072_1">
<fid>46980-12072-i-1005</fid>
<lfSpanFr gml:id="K11_4698012072_1-1">
<gml:timePosition>2020-10-29</gml:timePosition>
</lfSpanFr>
<devDate gml:id="K11_4698012072_1-2">
<gml:timePosition>2020-12-23</gml:timePosition>
</devDate>
<orgGILvl>2500</orgGILvl>
<vis>表示</vis>
<pos>
<gml:Point gml:id="K11_4698012072_1-g" srsName="fguuid:jgd2011.bl">
<gml:pos>33.534077550 130.500490721</gml:pos>
</gml:Point>
</pos>
<sbaNo>33</sbaNo>
</SBAPt>
<SBAPt gml:id="K11_4698012072_2">
<fid>46980-12072-i-1006</fid>
<lfSpanFr gml:id="K11_4698012072_2-1">
<gml:timePosition>2020-10-29</gml:timePosition>
</lfSpanFr>
<devDate gml:id="K11_4698012072_2-2">
<gml:timePosition>2020-12-23</gml:timePosition>
</devDate>
<orgGILvl>2500</orgGILvl>
<vis>表示</vis>
<pos>
<gml:Point gml:id="K11_4698012072_2-g" srsName="fguuid:jgd2011.bl">
<gml:pos>33.534399375 130.501308308</gml:pos>
</gml:Point>
</pos>
<sbaNo>32</sbaNo>
</SBAPt>
<SBAPt gml:id="K11_4698012072_3">
<fid>46980-12072-i-1007</fid>
<lfSpanFr gml:id="K11_4698012072_3-1">
<gml:timePosition>2020-10-29</gml:timePosition>
</lfSpanFr>
<devDate gml:id="K11_4698012072_3-2">
<gml:timePosition>2020-12-23</gml:timePosition>
</devDate>
<orgGILvl>2500</orgGILvl>
<vis>表示</vis>
<pos>
<gml:Point gml:id="K11_4698012072_3-g" srsName="fguuid:jgd2011.bl">
<gml:pos>33.534049258 130.501633652</gml:pos>
</gml:Point>
</pos>
<sbaNo>28</sbaNo>
</SBAPt>
<SBAPt gml:id="K11_4698012072_4">
<fid>46980-12072-i-1008</fid>
<lfSpanFr gml:id="K11_4698012072_4-1">
<gml:timePosition>2020-10-29</gml:timePosition>
</lfSpanFr>
<devDate gml:id="K11_4698012072_4-2">
<gml:timePosition>2020-12-23</gml:timePosition>
</devDate>
<orgGILvl>2500</orgGILvl>
<vis>表示</vis>
<pos>
<gml:Point gml:id="K11_4698012072_4-g" srsName="fguuid:jgd2011.bl">
<gml:pos>33.534452423 130.502966719</gml:pos>
</gml:Point>
</pos>
<sbaNo>31</sbaNo>
</SBAPt>
<SBAPt gml:id="K11_4698012072_5">
<fid>46980-12072-i-1009</fid>
<lfSpanFr gml:id="K11_4698012072_5-1">
<gml:timePosition>2020-10-29</gml:timePosition>
</lfSpanFr>
<devDate gml:id="K11_4698012072_5-2">
<gml:timePosition>2020-12-23</gml:timePosition>
</devDate>
<orgGILvl>2500</orgGILvl>
<vis>表示</vis>
<pos>
<gml:Point gml:id="K11_4698012072_5-g" srsName="fguuid:jgd2011.bl">
<gml:pos>33.533490486 130.501711819</gml:pos>
</gml:Point>
</pos>
<sbaNo>27</sbaNo>
</SBAPt>
<SBAPt gml:id="K11_4698012072_6">
<fid>46980-12072-i-1010</fid>
<lfSpanFr gml:id="K11_4698012072_6-1">
<gml:timePosition>2020-10-29</gml:timePosition>
</lfSpanFr>
<devDate gml:id="K11_4698012072_6-2">
<gml:timePosition>2020-12-23</gml:timePosition>
</devDate>
<orgGILvl>2500</orgGILvl>
<vis>表示</vis>
<pos>
<gml:Point gml:id="K11_4698012072_6-g" srsName="fguuid:jgd2011.bl">
<gml:pos>33.534157000 130.502691000</gml:pos>
</gml:Point>
</pos>
<sbaNo>30</sbaNo>
</SBAPt>
<SBAPt gml:id="K11_4698012072_7">
<fid>46980-12072-i-1011</fid>
<lfSpanFr gml:id="K11_4698012072_7-1">
<gml:timePosition>2020-10-29</gml:timePosition>
</lfSpanFr>
<devDate gml:id="K11_4698012072_7-2">
<gml:timePosition>2020-12-23</gml:timePosition>
</devDate>
<orgGILvl>2500</orgGILvl>
<vis>表示</vis>
<pos>
<gml:Point gml:id="K11_4698012072_7-g" srsName="fguuid:jgd2011.bl">
<gml:pos>33.533614000 130.500382000</gml:pos>
</gml:Point>
</pos>
<sbaNo>24</sbaNo>
</SBAPt>
<SBAPt gml:id="K11_4698012072_8">
<fid>46980-12072-i-1012</fid>
<lfSpanFr gml:id="K11_4698012072_8-1">
<gml:timePosition>2020-10-29</gml:timePosition>
</lfSpanFr>
<devDate gml:id="K11_4698012072_8-2">
<gml:timePosition>2020-12-23</gml:timePosition>
</devDate>
<orgGILvl>2500</orgGILvl>
<vis>表示</vis>
<pos>
<gml:Point gml:id="K11_4698012072_8-g" srsName="fguuid:jgd2011.bl">
<gml:pos>33.533435000 130.500857000</gml:pos>
</gml:Point>
</pos>
<sbaNo>25</sbaNo>
</SBAPt>
<SBAPt gml:id="K11_4698012072_9">
<fid>46980-12072-i-1013</fid>
<lfSpanFr gml:id="K11_4698012072_9-1">
<gml:timePosition>2020-10-29</gml:timePosition>
</lfSpanFr>
<devDate gml:id="K11_4698012072_9-2">
<gml:timePosition>2020-12-23</gml:timePosition>
</devDate>
<orgGILvl>2500</orgGILvl>
<vis>表示</vis>
<pos>
<gml:Point gml:id="K11_4698012072_9-g" srsName="fguuid:jgd2011.bl">
<gml:pos>33.533852000 130.502637000</gml:pos>
</gml:Point>
</pos>
<sbaNo>29</sbaNo>
</SBAPt>
<SBAPt gml:id="K11_4698012072_10">
<fid>46980-12072-i-1014</fid>
<lfSpanFr gml:id="K11_4698012072_10-1">
<gml:timePosition>2020-10-29</gml:timePosition>
</lfSpanFr>
<devDate gml:id="K11_4698012072_10-2">
<gml:timePosition>2020-12-23</gml:timePosition>
</devDate>
<orgGILvl>2500</orgGILvl>
<vis>表示</vis>
<pos>
<gml:Point gml:id="K11_4698012072_10-g" srsName="fguuid:jgd2011.bl">
<gml:pos>33.533672000 130.500024000</gml:pos>
</gml:Point>
</pos>
<sbaNo>23</sbaNo>
</SBAPt>
<SBAPt gml:id="K11_4698012078_1">
<fid>46980-12078-i-1287</fid>
<lfSpanFr gml:id="K11_4698012078_1-1">
<gml:timePosition>2020-10-29</gml:timePosition>
</lfSpanFr>
<devDate gml:id="K11_4698012078_1-2">
<gml:timePosition>2020-12-23</gml:timePosition>
</devDate>
<orgGILvl>2500</orgGILvl>
<vis>表示</vis>
<pos>
<gml:Point gml:id="K11_4698012078_1-g" srsName="fguuid:jgd2011.bl">
<gml:pos>33.555843000 130.500523000</gml:pos>
</gml:Point>
</pos>
<sbaNo>16</sbaNo>
</SBAPt>
<SBAPt gml:id="K11_4698012078_2">
<fid>46980-12078-i-1288</fid>
<lfSpanFr gml:id="K11_4698012078_2-1">
<gml:timePosition>2020-10-29</gml:timePosition>
</lfSpanFr>
<devDate gml:id="K11_4698012078_2-2">
<gml:timePosition>2020-12-23</gml:timePosition>
</devDate>
<orgGILvl>2500</orgGILvl>
<vis>表示</vis>
<pos>
<gml:Point gml:id="K11_4698012078_2-g" srsName="fguuid:jgd2011.bl">
<gml:pos>33.557647000 130.500741000</gml:pos>
</gml:Point>
</pos>
<sbaNo>12</sbaNo>
</SBAPt>
<SBAPt gml:id="K11_4698012078_3">
<fid>46980-12078-i-1289</fid>
<lfSpanFr gml:id="K11_4698012078_3-1">
<gml:timePosition>2020-10-29</gml:timePosition>
</lfSpanFr>
<devDate gml:id="K11_4698012078_3-2">
<gml:timePosition>2020-12-23</gml:timePosition>
</devDate>
<orgGILvl>2500</orgGILvl>
<vis>表示</vis>
<pos>
<gml:Point gml:id="K11_4698012078_3-g" srsName="fguuid:jgd2011.bl">
<gml:pos>33.557229000 130.501611000</gml:pos>
</gml:Point>
</pos>
<sbaNo>13</sbaNo>
</SBAPt>
<SBAPt gml:id="K11_4698012078_4">
<fid>46980-12078-i-1290</fid>
<lfSpanFr gml:id="K11_4698012078_4-1">
<gml:timePosition>2020-10-29</gml:timePosition>
</lfSpanFr>
<devDate gml:id="K11_4698012078_4-2">
<gml:timePosition>2020-12-23</gml:timePosition>
</devDate>
<orgGILvl>2500</orgGILvl>
<vis>表示</vis>
<pos>
<gml:Point gml:id="K11_4698012078_4-g" srsName="fguuid:jgd2011.bl">
<gml:pos>33.558032000 130.502332000</gml:pos>
</gml:Point>
</pos>
<sbaNo>14</sbaNo>
</SBAPt>
<SBAPt gml:id="K11_4698012078_5">
<fid>46980-12078-i-1291</fid>
<lfSpanFr gml:id="K11_4698012078_5-1">
<gml:timePosition>2020-10-29</gml:timePosition>
</lfSpanFr>
<devDate gml:id="K11_4698012078_5-2">
<gml:timePosition>2020-12-23</gml:timePosition>
</devDate>
<orgGILvl>2500</orgGILvl>
<vis>表示</vis>
<pos>
<gml:Point gml:id="K11_4698012078_5-g" srsName="fguuid:jgd2011.bl">
<gml:pos>33.554980000 130.503658000</gml:pos>
</gml:Point>
</pos>
<sbaNo>20</sbaNo>
</SBAPt>
<SBAPt gml:id="K11_4698012078_6">
<fid>46980-12078-i-1292</fid>
<lfSpanFr gml:id="K11_4698012078_6-1">
<gml:timePosition>2020-10-29</gml:timePosition>
</lfSpanFr>
<devDate gml:id="K11_4698012078_6-2">
<gml:timePosition>2020-12-23</gml:timePosition>
</devDate>
<orgGILvl>2500</orgGILvl>
<vis>表示</vis>
<pos>
<gml:Point gml:id="K11_4698012078_6-g" srsName="fguuid:jgd2011.bl">
<gml:pos>33.555712000 130.502808000</gml:pos>
</gml:Point>
</pos>
<sbaNo>23</sbaNo>
</SBAPt>
<SBAPt gml:id="K11_4698012078_7">
<fid>46980-12078-i-1293</fid>
<lfSpanFr gml:id="K11_4698012078_7-1">
<gml:timePosition>2020-10-29</gml:timePosition>
</lfSpanFr>
<devDate gml:id="K11_4698012078_7-2">
<gml:timePosition>2020-12-23</gml:timePosition>
</devDate>
<orgGILvl>2500</orgGILvl>
<vis>表示</vis>
<pos>
<gml:Point gml:id="K11_4698012078_7-g" srsName="fguuid:jgd2011.bl">
<gml:pos>33.556101000 130.502708000</gml:pos>
</gml:Point>
</pos>
<sbaNo>24</sbaNo>
</SBAPt>
<SBAPt gml:id="K11_4698012078_8">
<fid>46980-12078-i-1294</fid>
<lfSpanFr gml:id="K11_4698012078_8-1">
<gml:timePosition>2020-10-29</gml:timePosition>
</lfSpanFr>
<devDate gml:id="K11_4698012078_8-2">
<gml:timePosition>2020-12-23</gml:timePosition>
</devDate>
<orgGILvl>2500</orgGILvl>
<vis>表示</vis>
<pos>
<gml:Point gml:id="K11_4698012078_8-g" srsName="fguuid:jgd2011.bl">
<gml:pos>33.555141681 130.503131674</gml:pos>
</gml:Point>
</pos>
<sbaNo>21</sbaNo>
</SBAPt>
<SBAPt gml:id="K11_4698012078_9">
<fid>46980-12078-i-1295</fid>
<lfSpanFr gml:id="K11_4698012078_9-1">
<gml:timePosition>2020-10-29</gml:timePosition>
</lfSpanFr>
<devDate gml:id="K11_4698012078_9-2">
<gml:timePosition>2020-12-23</gml:timePosition>
</devDate>
<orgGILvl>2500</orgGILvl>
<vis>表示</vis>
<pos>
<gml:Point gml:id="K11_4698012078_9-g" srsName="fguuid:jgd2011.bl">
<gml:pos>33.555068774 130.502742121</gml:pos>
</gml:Point>
</pos>
<sbaNo>22</sbaNo>
</SBAPt>
<SBAPt gml:id="K11_4698012078_10">
<fid>46980-12078-i-1296</fid>
<lfSpanFr gml:id="K11_4698012078_10-1">
<gml:timePosition>2020-10-29</gml:timePosition>
</lfSpanFr>
<devDate gml:id="K11_4698012078_10-2">
<gml:timePosition>2020-12-23</gml:timePosition>
</devDate>
<orgGILvl>2500</orgGILvl>
<vis>表示</vis>
<pos>
<gml:Point gml:id="K11_4698012078_10-g" srsName="fguuid:jgd2011.bl">
<gml:pos>33.555409006 130.501786386</gml:pos>
</gml:Point>
</pos>
<sbaNo>26</sbaNo>
</SBAPt>
<SBAPt gml:id="K11_4698012078_11">
<fid>46980-12078-i-1297</fid>
<lfSpanFr gml:id="K11_4698012078_11-1">
<gml:timePosition>2020-10-29</gml:timePosition>
</lfSpanFr>
<devDate gml:id="K11_4698012078_11-2">
<gml:timePosition>2020-12-23</gml:timePosition>
</devDate>
<orgGILvl>2500</orgGILvl>
<vis>表示</vis>
<pos>
<gml:Point gml:id="K11_4698012078_11-g" srsName="fguuid:jgd2011.bl">
<gml:pos>33.555566971 130.502333212</gml:pos>
</gml:Point>
</pos>
<sbaNo>25</sbaNo>
</SBAPt>
<SBAPt gml:id="K11_4698012078_12">
<fid>46980-12078-i-1298</fid>
<lfSpanFr gml:id="K11_4698012078_12-1">
<gml:timePosition>2020-10-29</gml:timePosition>
</lfSpanFr>
<devDate gml:id="K11_4698012078_12-2">
<gml:timePosition>2020-12-23</gml:timePosition>
</devDate>
<orgGILvl>2500</orgGILvl>
<vis>表示</vis>
<pos>
<gml:Point gml:id="K11_4698012078_12-g" srsName="fguuid:jgd2011.bl">
<gml:pos>33.556008463 130.503197004</gml:pos>
</gml:Point>
</pos>
<sbaNo>19</sbaNo>
</SBAPt>
<SBAPt gml:id="K11_4698012078_13">
<fid>46980-12078-i-1299</fid>
<lfSpanFr gml:id="K11_4698012078_13-1">
<gml:timePosition>2020-10-29</gml:timePosition>
</lfSpanFr>
<devDate gml:id="K11_4698012078_13-2">
<gml:timePosition>2020-12-23</gml:timePosition>
</devDate>
<orgGILvl>2500</orgGILvl>
<vis>表示</vis>
<pos>
<gml:Point gml:id="K11_4698012078_13-g" srsName="fguuid:jgd2011.bl">
<gml:pos>33.556863093 130.501249238</gml:pos>
</gml:Point>
</pos>
<sbaNo>17</sbaNo>
</SBAPt>
<SBAPt gml:id="K11_4698012078_14">
<fid>46980-12078-i-1300</fid>
<lfSpanFr gml:id="K11_4698012078_14-1">
<gml:timePosition>2020-10-29</gml:timePosition>
</lfSpanFr>
<devDate gml:id="K11_4698012078_14-2">
<gml:timePosition>2020-12-23</gml:timePosition>
</devDate>
<orgGILvl>2500</orgGILvl>
<vis>表示</vis>
<pos>
<gml:Point gml:id="K11_4698012078_14-g" srsName="fguuid:jgd2011.bl">
<gml:pos>33.557061562 130.502456611</gml:pos>
</gml:Point>
</pos>
<sbaNo>18</sbaNo>
</SBAPt>
<SBAPt gml:id="K11_4698012081_1">
<fid>46980-12081-i-1204</fid>
<lfSpanFr gml:id="K11_4698012081_1-1">
<gml:timePosition>2020-10-29</gml:timePosition>
</lfSpanFr>
<devDate gml:id="K11_4698012081_1-2">
<gml:timePosition>2020-12-23</gml:timePosition>
</devDate>
<orgGILvl>2500</orgGILvl>
<vis>表示</vis>
<pos>
<gml:Point gml:id="K11_4698012081_1-g" srsName="fguuid:jgd2011.bl">
<gml:pos>33.559305655 130.500978483</gml:pos>
</gml:Point>
</pos>
<sbaNo>15</sbaNo>
</SBAPt>
</Dataset>
