<?xml version="1.0" encoding="utf-8"?>
<Dataset xsi:schemaLocation="http://fgd.gsi.go.jp/spec/2008/FGD_GMLSchema FGD_GMLSchema.xsd"
	xmlns:gml="http://www.opengis.net/gml/3.2"
	xmlns:xsi="http://www.w3.org/2001/XMLSchema-instance"
	xmlns:xlink="http://www.w3.org/1999/xlink"
	xmlns="http://fgd.gsi.go.jp/spec/2008/FGD_GMLSchema"
	gml:id="Dataset1">
  <gml:description>基盤地図情報メタデータ ID=fmdid:21-0701</gml:description>
  <gml:name>基盤地図情報ダウンロードデータ（GML版）</gml:name>
<AdmPt gml:id="K6_4702512120_1">
<fid>47025-12120-i-163</fid>
<lfSpanFr gml:id="K6_4702512120_1-1">
<gml:timePosition>2015-10-08</gml:timePosition>
</lfSpanFr>
<devDate gml:id="K6_4702512120_1-2">
<gml:timePosition>2021-06-03</gml:timePosition>
</devDate>
<orgGILvl>25000</orgGILvl>
<vis>非表示</vis>
<pos>
<gml:Point gml:id="K6_4702512120_1-g" srsName="fguuid:jgd2011.bl">
<gml:pos>33.667437312 130.625622135</gml:pos>
</gml:Point>
</pos>
<type>郡市・東京都の区</type>
<name>飯塚市</name>
<admCode>40205</admCode>
</AdmPt>
<AdmPt gml:id="K6_4703712135_1">
<fid>47037-12135-i-841</fid>
<lfSpanFr gml:id="K6_4703712135_1-1">
<gml:timePosition>2020-10-29</gml:timePosition>
</lfSpanFr>
<devDate gml:id="K6_4703712135_1-2">
<gml:timePosition>2021-06-03</gml:timePosition>
</devDate>
<orgGILvl>25000</orgGILvl>
<vis>非表示</vis>
<pos>
<gml:Point gml:id="K6_4703712135_1-g" srsName="fguuid:jgd2011.bl">
<gml:pos>33.708894466 130.660972238</gml:pos>
</gml:Point>
</pos>
<type>郡市・東京都の区</type>
<name>宮若市</name>
<admCode>40226</admCode>
</AdmPt>
<AdmPt gml:id="K6_4703712138_1">
<fid>47037-12138-i-1453</fid>
<lfSpanFr gml:id="K6_4703712138_1-1">
<gml:timePosition>2020-10-29</gml:timePosition>
</lfSpanFr>
<devDate gml:id="K6_4703712138_1-2">
<gml:timePosition>2021-06-03</gml:timePosition>
</devDate>
<orgGILvl>2500</orgGILvl>
<vis>表示</vis>
<pos>
<gml:Point gml:id="K6_4703712138_1-g" srsName="fguuid:jgd2011.bl">
<gml:pos>33.723547857 130.666644540</gml:pos>
</gml:Point>
</pos>
<type>郡市・東京都の区</type>
<name>宮若市</name>
<admCode>40226</admCode>
</AdmPt>
<AdmPt gml:id="K6_4703712147_1">
<fid>47037-12147-i-265</fid>
<lfSpanFr gml:id="K6_4703712147_1-1">
<gml:timePosition>2020-10-29</gml:timePosition>
</lfSpanFr>
<devDate gml:id="K6_4703712147_1-2">
<gml:timePosition>2021-06-03</gml:timePosition>
</devDate>
<orgGILvl>25000</orgGILvl>
<vis>非表示</vis>
<pos>
<gml:Point gml:id="K6_4703712147_1-g" srsName="fguuid:jgd2011.bl">
<gml:pos>33.744793374 130.665817986</gml:pos>
</gml:Point>
</pos>
<type>町村・指定都市の区</type>
<name>鞍手町</name>
<admCode>40402</admCode>
</AdmPt>
<AdmPt gml:id="K6_4705512129_1">
<fid>47055-12129-i-1071</fid>
<lfSpanFr gml:id="K6_4705512129_1-1">
<gml:timePosition>2020-10-29</gml:timePosition>
</lfSpanFr>
<devDate gml:id="K6_4705512129_1-2">
<gml:timePosition>2021-06-03</gml:timePosition>
</devDate>
<orgGILvl>2500</orgGILvl>
<vis>表示</vis>
<pos>
<gml:Point gml:id="K6_4705512129_1-g" srsName="fguuid:jgd2011.bl">
<gml:pos>33.692477569 130.712629790</gml:pos>
</gml:Point>
</pos>
<type>町村・指定都市の区</type>
<name>小竹町</name>
<admCode>40401</admCode>
</AdmPt>
<AdmPt gml:id="K6_4705512132_1">
<fid>47055-12132-i-846</fid>
<lfSpanFr gml:id="K6_4705512132_1-1">
<gml:timePosition>2020-10-29</gml:timePosition>
</lfSpanFr>
<devDate gml:id="K6_4705512132_1-2">
<gml:timePosition>2021-06-03</gml:timePosition>
</devDate>
<orgGILvl>25000</orgGILvl>
<vis>非表示</vis>
<pos>
<gml:Point gml:id="K6_4705512132_1-g" srsName="fguuid:jgd2011.bl">
<gml:pos>33.707356019 130.712198599</gml:pos>
</gml:Point>
</pos>
<type>町村・指定都市の区</type>
<name>小竹町</name>
<admCode>40401</admCode>
</AdmPt>
<AdmPt gml:id="K6_4706112126_1">
<fid>47061-12126-i-1307</fid>
<lfSpanFr gml:id="K6_4706112126_1-1">
<gml:timePosition>2020-10-29</gml:timePosition>
</lfSpanFr>
<devDate gml:id="K6_4706112126_1-2">
<gml:timePosition>2021-06-03</gml:timePosition>
</devDate>
<orgGILvl>25000</orgGILvl>
<vis>非表示</vis>
<pos>
<gml:Point gml:id="K6_4706112126_1-g" srsName="fguuid:jgd2011.bl">
<gml:pos>33.687157554 130.731157885</gml:pos>
</gml:Point>
</pos>
<type>郡市・東京都の区</type>
<name>飯塚市</name>
<admCode>40205</admCode>
</AdmPt>
<AdmPt gml:id="K6_4706412138_1">
<fid>47064-12138-i-1395</fid>
<lfSpanFr gml:id="K6_4706412138_1-1">
<gml:timePosition>2020-10-29</gml:timePosition>
</lfSpanFr>
<devDate gml:id="K6_4706412138_1-2">
<gml:timePosition>2021-06-03</gml:timePosition>
</devDate>
<orgGILvl>25000</orgGILvl>
<vis>非表示</vis>
<pos>
<gml:Point gml:id="K6_4706412138_1-g" srsName="fguuid:jgd2011.bl">
<gml:pos>33.724366884 130.738424072</gml:pos>
</gml:Point>
</pos>
<type>郡市・東京都の区</type>
<name>直方市</name>
<admCode>40204</admCode>
</AdmPt>
<AdmPt gml:id="K6_4706712129_1">
<fid>47067-12129-i-123</fid>
<lfSpanFr gml:id="K6_4706712129_1-1">
<gml:timePosition>2015-10-08</gml:timePosition>
</lfSpanFr>
<devDate gml:id="K6_4706712129_1-2">
<gml:timePosition>2021-06-03</gml:timePosition>
</devDate>
<orgGILvl>25000</orgGILvl>
<vis>非表示</vis>
<pos>
<gml:Point gml:id="K6_4706712129_1-g" srsName="fguuid:jgd2011.bl">
<gml:pos>33.693867826 130.749999028</gml:pos>
</gml:Point>
</pos>
<type>町村・指定都市の区</type>
<name>福智町</name>
<admCode>40610</admCode>
</AdmPt>
<AdmPt gml:id="K6_4706712132_1">
<fid>47067-12132-i-274</fid>
<lfSpanFr gml:id="K6_4706712132_1-1">
<gml:timePosition>2020-10-29</gml:timePosition>
</lfSpanFr>
<devDate gml:id="K6_4706712132_1-2">
<gml:timePosition>2021-06-03</gml:timePosition>
</devDate>
<orgGILvl>25000</orgGILvl>
<vis>非表示</vis>
<pos>
<gml:Point gml:id="K6_4706712132_1-g" srsName="fguuid:jgd2011.bl">
<gml:pos>33.705816844 130.748481511</gml:pos>
</gml:Point>
</pos>
<type>町村・指定都市の区</type>
<name>福智町</name>
<admCode>40610</admCode>
</AdmPt>
</Dataset>
