<?xml version="1.0" encoding="utf-8"?>
<Dataset xsi:schemaLocation="http://fgd.gsi.go.jp/spec/2008/FGD_GMLSchema FGD_GMLSchema.xsd"
	xmlns:gml="http://www.opengis.net/gml/3.2"
	xmlns:xsi="http://www.w3.org/2001/XMLSchema-instance"
	xmlns:xlink="http://www.w3.org/1999/xlink"
	xmlns="http://fgd.gsi.go.jp/spec/2008/FGD_GMLSchema"
	gml:id="Dataset1">
  <gml:description>基盤地図情報メタデータ ID=fmdid:21-0701</gml:description>
  <gml:name>基盤地図情報ダウンロードデータ（GML版）</gml:name>
<ElevPt gml:id="K2_4702512120_1">
<fid>47025-12120-i-5</fid>
<lfSpanFr gml:id="K2_4702512120_1-1">
<gml:timePosition>2013-12-10</gml:timePosition>
</lfSpanFr>
<devDate gml:id="K2_4702512120_1-2">
<gml:timePosition>2021-06-03</gml:timePosition>
</devDate>
<orgGILvl>25000</orgGILvl>
<vis>表示</vis>
<pos>
<gml:Point gml:id="K2_4702512120_1-g" srsName="fguuid:jgd2011.bl">
<gml:pos>33.672989444 130.627646944</gml:pos>
</gml:Point>
</pos>
<type>標高点（測点）</type>
<alti>398</alti>
</ElevPt>
<ElevPt gml:id="K2_4702512126_1">
<fid>47025-12126-i-286</fid>
<lfSpanFr gml:id="K2_4702512126_1-1">
<gml:timePosition>2014-09-01</gml:timePosition>
</lfSpanFr>
<devDate gml:id="K2_4702512126_1-2">
<gml:timePosition>2021-06-03</gml:timePosition>
</devDate>
<orgGILvl>25000</orgGILvl>
<vis>表示</vis>
<pos>
<gml:Point gml:id="K2_4702512126_1-g" srsName="fguuid:jgd2011.bl">
<gml:pos>33.689191111 130.630909722</gml:pos>
</gml:Point>
</pos>
<type>標高点（測点）</type>
<alti>166</alti>
</ElevPt>
<ElevPt gml:id="K2_4702512129_1">
<fid>47025-12129-i-588</fid>
<lfSpanFr gml:id="K2_4702512129_1-1">
<gml:timePosition>2020-10-29</gml:timePosition>
</lfSpanFr>
<devDate gml:id="K2_4702512129_1-2">
<gml:timePosition>2021-06-03</gml:timePosition>
</devDate>
<orgGILvl>25000</orgGILvl>
<vis>表示</vis>
<pos>
<gml:Point gml:id="K2_4702512129_1-g" srsName="fguuid:jgd2011.bl">
<gml:pos>33.699740556 130.625781389</gml:pos>
</gml:Point>
</pos>
<type>標高点（測点）</type>
<alti>169</alti>
</ElevPt>
<ElevPt gml:id="K2_4702512135_1">
<fid>47025-12135-i-188</fid>
<lfSpanFr gml:id="K2_4702512135_1-1">
<gml:timePosition>2014-06-04</gml:timePosition>
</lfSpanFr>
<devDate gml:id="K2_4702512135_1-2">
<gml:timePosition>2021-06-03</gml:timePosition>
</devDate>
<orgGILvl>25000</orgGILvl>
<vis>表示</vis>
<pos>
<gml:Point gml:id="K2_4702512135_1-g" srsName="fguuid:jgd2011.bl">
<gml:pos>33.711166389 130.628793611</gml:pos>
</gml:Point>
</pos>
<type>標高点（測点）</type>
<alti>239</alti>
</ElevPt>
<ElevPt gml:id="K2_4702512138_1">
<fid>47025-12138-i-1329</fid>
<lfSpanFr gml:id="K2_4702512138_1-1">
<gml:timePosition>2020-10-29</gml:timePosition>
</lfSpanFr>
<devDate gml:id="K2_4702512138_1-2">
<gml:timePosition>2021-06-03</gml:timePosition>
</devDate>
<orgGILvl>25000</orgGILvl>
<vis>表示</vis>
<pos>
<gml:Point gml:id="K2_4702512138_1-g" srsName="fguuid:jgd2011.bl">
<gml:pos>33.718370556 130.629305556</gml:pos>
</gml:Point>
</pos>
<type>標高点（測点）</type>
<alti>68</alti>
</ElevPt>
<ElevPt gml:id="K2_4702512138_2">
<fid>47025-12138-i-1330</fid>
<lfSpanFr gml:id="K2_4702512138_2-1">
<gml:timePosition>2020-10-29</gml:timePosition>
</lfSpanFr>
<devDate gml:id="K2_4702512138_2-2">
<gml:timePosition>2021-06-03</gml:timePosition>
</devDate>
<orgGILvl>25000</orgGILvl>
<vis>表示</vis>
<pos>
<gml:Point gml:id="K2_4702512138_2-g" srsName="fguuid:jgd2011.bl">
<gml:pos>33.724206667 130.631526389</gml:pos>
</gml:Point>
</pos>
<type>標高点（測点）</type>
<alti>26</alti>
</ElevPt>
<ElevPt gml:id="K2_4702512144_1">
<fid>47025-12144-i-744</fid>
<lfSpanFr gml:id="K2_4702512144_1-1">
<gml:timePosition>2020-10-29</gml:timePosition>
</lfSpanFr>
<devDate gml:id="K2_4702512144_1-2">
<gml:timePosition>2021-06-03</gml:timePosition>
</devDate>
<orgGILvl>25000</orgGILvl>
<vis>表示</vis>
<pos>
<gml:Point gml:id="K2_4702512144_1-g" srsName="fguuid:jgd2011.bl">
<gml:pos>33.736325833 130.632947778</gml:pos>
</gml:Point>
</pos>
<type>標高点（測点）</type>
<alti>54</alti>
</ElevPt>
<ElevPt gml:id="K2_4702812120_1">
<fid>47028-12120-i-163</fid>
<lfSpanFr gml:id="K2_4702812120_1-1">
<gml:timePosition>2014-06-04</gml:timePosition>
</lfSpanFr>
<devDate gml:id="K2_4702812120_1-2">
<gml:timePosition>2021-06-03</gml:timePosition>
</devDate>
<orgGILvl>25000</orgGILvl>
<vis>表示</vis>
<pos>
<gml:Point gml:id="K2_4702812120_1-g" srsName="fguuid:jgd2011.bl">
<gml:pos>33.672667500 130.638400000</gml:pos>
</gml:Point>
</pos>
<type>標高点（測点）</type>
<alti>265</alti>
</ElevPt>
<ElevPt gml:id="K2_4702812123_1">
<fid>47028-12123-i-146</fid>
<lfSpanFr gml:id="K2_4702812123_1-1">
<gml:timePosition>2014-06-04</gml:timePosition>
</lfSpanFr>
<devDate gml:id="K2_4702812123_1-2">
<gml:timePosition>2021-06-03</gml:timePosition>
</devDate>
<orgGILvl>25000</orgGILvl>
<vis>表示</vis>
<pos>
<gml:Point gml:id="K2_4702812123_1-g" srsName="fguuid:jgd2011.bl">
<gml:pos>33.682156389 130.638441111</gml:pos>
</gml:Point>
</pos>
<type>標高点（測点）</type>
<alti>349</alti>
</ElevPt>
<ElevPt gml:id="K2_4702812129_1">
<fid>47028-12129-i-704</fid>
<lfSpanFr gml:id="K2_4702812129_1-1">
<gml:timePosition>2020-10-29</gml:timePosition>
</lfSpanFr>
<devDate gml:id="K2_4702812129_1-2">
<gml:timePosition>2021-06-03</gml:timePosition>
</devDate>
<orgGILvl>25000</orgGILvl>
<vis>表示</vis>
<pos>
<gml:Point gml:id="K2_4702812129_1-g" srsName="fguuid:jgd2011.bl">
<gml:pos>33.697136111 130.634911944</gml:pos>
</gml:Point>
</pos>
<type>標高点（測点）</type>
<alti>253</alti>
</ElevPt>
<ElevPt gml:id="K2_4702812132_1">
<fid>47028-12132-i-259</fid>
<lfSpanFr gml:id="K2_4702812132_1-1">
<gml:timePosition>2014-09-01</gml:timePosition>
</lfSpanFr>
<devDate gml:id="K2_4702812132_1-2">
<gml:timePosition>2021-06-03</gml:timePosition>
</devDate>
<orgGILvl>25000</orgGILvl>
<vis>表示</vis>
<pos>
<gml:Point gml:id="K2_4702812132_1-g" srsName="fguuid:jgd2011.bl">
<gml:pos>33.703644167 130.640750000</gml:pos>
</gml:Point>
</pos>
<type>標高点（測点）</type>
<alti>255</alti>
</ElevPt>
<ElevPt gml:id="K2_4702812132_2">
<fid>47028-12132-i-260</fid>
<lfSpanFr gml:id="K2_4702812132_2-1">
<gml:timePosition>2014-09-01</gml:timePosition>
</lfSpanFr>
<devDate gml:id="K2_4702812132_2-2">
<gml:timePosition>2021-06-03</gml:timePosition>
</devDate>
<orgGILvl>25000</orgGILvl>
<vis>表示</vis>
<pos>
<gml:Point gml:id="K2_4702812132_2-g" srsName="fguuid:jgd2011.bl">
<gml:pos>33.706791111 130.633920000</gml:pos>
</gml:Point>
</pos>
<type>標高点（測点）</type>
<alti>181</alti>
</ElevPt>
<ElevPt gml:id="K2_4702812135_1">
<fid>47028-12135-i-165</fid>
<lfSpanFr gml:id="K2_4702812135_1-1">
<gml:timePosition>2014-06-04</gml:timePosition>
</lfSpanFr>
<devDate gml:id="K2_4702812135_1-2">
<gml:timePosition>2021-06-03</gml:timePosition>
</devDate>
<orgGILvl>25000</orgGILvl>
<vis>表示</vis>
<pos>
<gml:Point gml:id="K2_4702812135_1-g" srsName="fguuid:jgd2011.bl">
<gml:pos>33.715845278 130.638567222</gml:pos>
</gml:Point>
</pos>
<type>標高点（測点）</type>
<alti>160</alti>
</ElevPt>
<ElevPt gml:id="K2_4702812141_1">
<fid>47028-12141-i-1032</fid>
<lfSpanFr gml:id="K2_4702812141_1-1">
<gml:timePosition>2020-10-29</gml:timePosition>
</lfSpanFr>
<devDate gml:id="K2_4702812141_1-2">
<gml:timePosition>2021-06-03</gml:timePosition>
</devDate>
<orgGILvl>25000</orgGILvl>
<vis>表示</vis>
<pos>
<gml:Point gml:id="K2_4702812141_1-g" srsName="fguuid:jgd2011.bl">
<gml:pos>33.729964722 130.636624722</gml:pos>
</gml:Point>
</pos>
<type>標高点（測点）</type>
<alti>35</alti>
</ElevPt>
<ElevPt gml:id="K2_4702812141_2">
<fid>47028-12141-i-1033</fid>
<lfSpanFr gml:id="K2_4702812141_2-1">
<gml:timePosition>2020-10-29</gml:timePosition>
</lfSpanFr>
<devDate gml:id="K2_4702812141_2-2">
<gml:timePosition>2021-06-03</gml:timePosition>
</devDate>
<orgGILvl>25000</orgGILvl>
<vis>表示</vis>
<pos>
<gml:Point gml:id="K2_4702812141_2-g" srsName="fguuid:jgd2011.bl">
<gml:pos>33.726082222 130.641377222</gml:pos>
</gml:Point>
</pos>
<type>標高点（測点）</type>
<alti>58</alti>
</ElevPt>
<ElevPt gml:id="K2_4702812147_1">
<fid>47028-12147-i-429</fid>
<lfSpanFr gml:id="K2_4702812147_1-1">
<gml:timePosition>2020-10-29</gml:timePosition>
</lfSpanFr>
<devDate gml:id="K2_4702812147_1-2">
<gml:timePosition>2021-06-03</gml:timePosition>
</devDate>
<orgGILvl>25000</orgGILvl>
<vis>表示</vis>
<pos>
<gml:Point gml:id="K2_4702812147_1-g" srsName="fguuid:jgd2011.bl">
<gml:pos>33.743255278 130.637763333</gml:pos>
</gml:Point>
</pos>
<type>標高点（測点）</type>
<alti>110</alti>
</ElevPt>
<ElevPt gml:id="K2_4703112123_1">
<fid>47031-12123-i-471</fid>
<lfSpanFr gml:id="K2_4703112123_1-1">
<gml:timePosition>2020-10-29</gml:timePosition>
</lfSpanFr>
<devDate gml:id="K2_4703112123_1-2">
<gml:timePosition>2021-06-03</gml:timePosition>
</devDate>
<orgGILvl>25000</orgGILvl>
<vis>表示</vis>
<pos>
<gml:Point gml:id="K2_4703112123_1-g" srsName="fguuid:jgd2011.bl">
<gml:pos>33.676389167 130.644976667</gml:pos>
</gml:Point>
</pos>
<type>標高点（測点）</type>
<alti>209</alti>
</ElevPt>
<ElevPt gml:id="K2_4703112126_1">
<fid>47031-12126-i-94</fid>
<lfSpanFr gml:id="K2_4703112126_1-1">
<gml:timePosition>2014-06-04</gml:timePosition>
</lfSpanFr>
<devDate gml:id="K2_4703112126_1-2">
<gml:timePosition>2021-06-03</gml:timePosition>
</devDate>
<orgGILvl>25000</orgGILvl>
<vis>表示</vis>
<pos>
<gml:Point gml:id="K2_4703112126_1-g" srsName="fguuid:jgd2011.bl">
<gml:pos>33.687010278 130.649713611</gml:pos>
</gml:Point>
</pos>
<type>標高点（測点）</type>
<alti>326</alti>
</ElevPt>
<ElevPt gml:id="K2_4703112129_1">
<fid>47031-12129-i-672</fid>
<lfSpanFr gml:id="K2_4703112129_1-1">
<gml:timePosition>2020-10-29</gml:timePosition>
</lfSpanFr>
<devDate gml:id="K2_4703112129_1-2">
<gml:timePosition>2021-06-03</gml:timePosition>
</devDate>
<orgGILvl>25000</orgGILvl>
<vis>表示</vis>
<pos>
<gml:Point gml:id="K2_4703112129_1-g" srsName="fguuid:jgd2011.bl">
<gml:pos>33.693403333 130.644602222</gml:pos>
</gml:Point>
</pos>
<type>標高点（測点）</type>
<alti>243</alti>
</ElevPt>
<ElevPt gml:id="K2_4703112132_1">
<fid>47031-12132-i-508</fid>
<lfSpanFr gml:id="K2_4703112132_1-1">
<gml:timePosition>2020-10-29</gml:timePosition>
</lfSpanFr>
<devDate gml:id="K2_4703112132_1-2">
<gml:timePosition>2021-06-03</gml:timePosition>
</devDate>
<orgGILvl>25000</orgGILvl>
<vis>表示</vis>
<pos>
<gml:Point gml:id="K2_4703112132_1-g" srsName="fguuid:jgd2011.bl">
<gml:pos>33.700868611 130.646291944</gml:pos>
</gml:Point>
</pos>
<type>標高点（測点）</type>
<alti>170</alti>
</ElevPt>
<ElevPt gml:id="K2_4703112132_2">
<fid>47031-12132-i-509</fid>
<lfSpanFr gml:id="K2_4703112132_2-1">
<gml:timePosition>2020-10-29</gml:timePosition>
</lfSpanFr>
<devDate gml:id="K2_4703112132_2-2">
<gml:timePosition>2021-06-03</gml:timePosition>
</devDate>
<orgGILvl>25000</orgGILvl>
<vis>表示</vis>
<pos>
<gml:Point gml:id="K2_4703112132_2-g" srsName="fguuid:jgd2011.bl">
<gml:pos>33.707525000 130.648616111</gml:pos>
</gml:Point>
</pos>
<type>標高点（測点）</type>
<alti>79</alti>
</ElevPt>
<ElevPt gml:id="K2_4703112135_1">
<fid>47031-12135-i-494</fid>
<lfSpanFr gml:id="K2_4703112135_1-1">
<gml:timePosition>2020-10-29</gml:timePosition>
</lfSpanFr>
<devDate gml:id="K2_4703112135_1-2">
<gml:timePosition>2021-06-03</gml:timePosition>
</devDate>
<orgGILvl>25000</orgGILvl>
<vis>表示</vis>
<pos>
<gml:Point gml:id="K2_4703112135_1-g" srsName="fguuid:jgd2011.bl">
<gml:pos>33.713795000 130.649947778</gml:pos>
</gml:Point>
</pos>
<type>標高点（測点）</type>
<alti>38</alti>
</ElevPt>
<ElevPt gml:id="K2_4703112144_1">
<fid>47031-12144-i-397</fid>
<lfSpanFr gml:id="K2_4703112144_1-1">
<gml:timePosition>2020-10-29</gml:timePosition>
</lfSpanFr>
<devDate gml:id="K2_4703112144_1-2">
<gml:timePosition>2021-06-03</gml:timePosition>
</devDate>
<orgGILvl>25000</orgGILvl>
<vis>表示</vis>
<pos>
<gml:Point gml:id="K2_4703112144_1-g" srsName="fguuid:jgd2011.bl">
<gml:pos>33.733422222 130.647045833</gml:pos>
</gml:Point>
</pos>
<type>標高点（測点）</type>
<alti>34</alti>
</ElevPt>
<ElevPt gml:id="K2_4703112147_1">
<fid>47031-12147-i-496</fid>
<lfSpanFr gml:id="K2_4703112147_1-1">
<gml:timePosition>2020-10-29</gml:timePosition>
</lfSpanFr>
<devDate gml:id="K2_4703112147_1-2">
<gml:timePosition>2021-06-03</gml:timePosition>
</devDate>
<orgGILvl>25000</orgGILvl>
<vis>表示</vis>
<pos>
<gml:Point gml:id="K2_4703112147_1-g" srsName="fguuid:jgd2011.bl">
<gml:pos>33.749320833 130.646963333</gml:pos>
</gml:Point>
</pos>
<type>標高点（測点）</type>
<alti>29</alti>
</ElevPt>
<ElevPt gml:id="K2_4703412123_1">
<fid>47034-12123-i-1490</fid>
<lfSpanFr gml:id="K2_4703412123_1-1">
<gml:timePosition>2014-09-01</gml:timePosition>
</lfSpanFr>
<devDate gml:id="K2_4703412123_1-2">
<gml:timePosition>2021-06-03</gml:timePosition>
</devDate>
<orgGILvl>25000</orgGILvl>
<vis>表示</vis>
<pos>
<gml:Point gml:id="K2_4703412123_1-g" srsName="fguuid:jgd2011.bl">
<gml:pos>33.681520278 130.652320556</gml:pos>
</gml:Point>
</pos>
<type>標高点（測点）</type>
<alti>115</alti>
</ElevPt>
<ElevPt gml:id="K2_4703412129_1">
<fid>47034-12129-i-460</fid>
<lfSpanFr gml:id="K2_4703412129_1-1">
<gml:timePosition>2020-10-29</gml:timePosition>
</lfSpanFr>
<devDate gml:id="K2_4703412129_1-2">
<gml:timePosition>2021-06-03</gml:timePosition>
</devDate>
<orgGILvl>25000</orgGILvl>
<vis>表示</vis>
<pos>
<gml:Point gml:id="K2_4703412129_1-g" srsName="fguuid:jgd2011.bl">
<gml:pos>33.693154722 130.658300833</gml:pos>
</gml:Point>
</pos>
<type>標高点（測点）</type>
<alti>233</alti>
</ElevPt>
<ElevPt gml:id="K2_4703412135_1">
<fid>47034-12135-i-558</fid>
<lfSpanFr gml:id="K2_4703412135_1-1">
<gml:timePosition>2020-10-29</gml:timePosition>
</lfSpanFr>
<devDate gml:id="K2_4703412135_1-2">
<gml:timePosition>2021-06-03</gml:timePosition>
</devDate>
<orgGILvl>25000</orgGILvl>
<vis>表示</vis>
<pos>
<gml:Point gml:id="K2_4703412135_1-g" srsName="fguuid:jgd2011.bl">
<gml:pos>33.712247500 130.657834722</gml:pos>
</gml:Point>
</pos>
<type>標高点（測点）</type>
<alti>24</alti>
</ElevPt>
<ElevPt gml:id="K2_4703412138_1">
<fid>47034-12138-i-466</fid>
<lfSpanFr gml:id="K2_4703412138_1-1">
<gml:timePosition>2014-06-04</gml:timePosition>
</lfSpanFr>
<devDate gml:id="K2_4703412138_1-2">
<gml:timePosition>2021-06-03</gml:timePosition>
</devDate>
<orgGILvl>25000</orgGILvl>
<vis>表示</vis>
<pos>
<gml:Point gml:id="K2_4703412138_1-g" srsName="fguuid:jgd2011.bl">
<gml:pos>33.721286389 130.658190278</gml:pos>
</gml:Point>
</pos>
<type>標高点（測点）</type>
<alti>36</alti>
</ElevPt>
<ElevPt gml:id="K2_4703412141_1">
<fid>47034-12141-i-1075</fid>
<lfSpanFr gml:id="K2_4703412141_1-1">
<gml:timePosition>2020-10-29</gml:timePosition>
</lfSpanFr>
<devDate gml:id="K2_4703412141_1-2">
<gml:timePosition>2021-06-03</gml:timePosition>
</devDate>
<orgGILvl>25000</orgGILvl>
<vis>表示</vis>
<pos>
<gml:Point gml:id="K2_4703412141_1-g" srsName="fguuid:jgd2011.bl">
<gml:pos>33.729515278 130.654123333</gml:pos>
</gml:Point>
</pos>
<type>標高点（測点）</type>
<alti>19</alti>
</ElevPt>
<ElevPt gml:id="K2_4703412144_1">
<fid>47034-12144-i-341</fid>
<lfSpanFr gml:id="K2_4703412144_1-1">
<gml:timePosition>2020-10-29</gml:timePosition>
</lfSpanFr>
<devDate gml:id="K2_4703412144_1-2">
<gml:timePosition>2021-06-03</gml:timePosition>
</devDate>
<orgGILvl>25000</orgGILvl>
<vis>表示</vis>
<pos>
<gml:Point gml:id="K2_4703412144_1-g" srsName="fguuid:jgd2011.bl">
<gml:pos>33.736442500 130.651961667</gml:pos>
</gml:Point>
</pos>
<type>標高点（測点）</type>
<alti>23</alti>
</ElevPt>
<ElevPt gml:id="K2_4703412147_1">
<fid>47034-12147-i-9</fid>
<lfSpanFr gml:id="K2_4703412147_1-1">
<gml:timePosition>2013-12-10</gml:timePosition>
</lfSpanFr>
<devDate gml:id="K2_4703412147_1-2">
<gml:timePosition>2021-06-03</gml:timePosition>
</devDate>
<orgGILvl>25000</orgGILvl>
<vis>表示</vis>
<pos>
<gml:Point gml:id="K2_4703412147_1-g" srsName="fguuid:jgd2011.bl">
<gml:pos>33.746917778 130.657140278</gml:pos>
</gml:Point>
</pos>
<type>標高点（測点）</type>
<alti>112</alti>
</ElevPt>
<ElevPt gml:id="K2_4703712120_1">
<fid>47037-12120-i-1022</fid>
<lfSpanFr gml:id="K2_4703712120_1-1">
<gml:timePosition>2020-10-29</gml:timePosition>
</lfSpanFr>
<devDate gml:id="K2_4703712120_1-2">
<gml:timePosition>2021-06-03</gml:timePosition>
</devDate>
<orgGILvl>25000</orgGILvl>
<vis>表示</vis>
<pos>
<gml:Point gml:id="K2_4703712120_1-g" srsName="fguuid:jgd2011.bl">
<gml:pos>33.667273889 130.658605000</gml:pos>
</gml:Point>
</pos>
<type>標高点（測点）</type>
<alti>55</alti>
</ElevPt>
<ElevPt gml:id="K2_4703712120_2">
<fid>47037-12120-i-1023</fid>
<lfSpanFr gml:id="K2_4703712120_2-1">
<gml:timePosition>2020-10-29</gml:timePosition>
</lfSpanFr>
<devDate gml:id="K2_4703712120_2-2">
<gml:timePosition>2021-06-03</gml:timePosition>
</devDate>
<orgGILvl>25000</orgGILvl>
<vis>表示</vis>
<pos>
<gml:Point gml:id="K2_4703712120_2-g" srsName="fguuid:jgd2011.bl">
<gml:pos>33.672855278 130.659858333</gml:pos>
</gml:Point>
</pos>
<type>標高点（測点）</type>
<alti>63</alti>
</ElevPt>
<ElevPt gml:id="K2_4703712129_1">
<fid>47037-12129-i-124</fid>
<lfSpanFr gml:id="K2_4703712129_1-1">
<gml:timePosition>2014-06-04</gml:timePosition>
</lfSpanFr>
<devDate gml:id="K2_4703712129_1-2">
<gml:timePosition>2021-06-03</gml:timePosition>
</devDate>
<orgGILvl>25000</orgGILvl>
<vis>表示</vis>
<pos>
<gml:Point gml:id="K2_4703712129_1-g" srsName="fguuid:jgd2011.bl">
<gml:pos>33.698536111 130.662524167</gml:pos>
</gml:Point>
</pos>
<type>標高点（測点）</type>
<alti>204</alti>
</ElevPt>
<ElevPt gml:id="K2_4703712132_1">
<fid>47037-12132-i-813</fid>
<lfSpanFr gml:id="K2_4703712132_1-1">
<gml:timePosition>2020-10-29</gml:timePosition>
</lfSpanFr>
<devDate gml:id="K2_4703712132_1-2">
<gml:timePosition>2021-06-03</gml:timePosition>
</devDate>
<orgGILvl>25000</orgGILvl>
<vis>表示</vis>
<pos>
<gml:Point gml:id="K2_4703712132_1-g" srsName="fguuid:jgd2011.bl">
<gml:pos>33.704463333 130.660560556</gml:pos>
</gml:Point>
</pos>
<type>標高点（測点）</type>
<alti>32</alti>
</ElevPt>
<ElevPt gml:id="K2_4703712141_1">
<fid>47037-12141-i-573</fid>
<lfSpanFr gml:id="K2_4703712141_1-1">
<gml:timePosition>2020-10-29</gml:timePosition>
</lfSpanFr>
<devDate gml:id="K2_4703712141_1-2">
<gml:timePosition>2021-06-03</gml:timePosition>
</devDate>
<orgGILvl>25000</orgGILvl>
<vis>表示</vis>
<pos>
<gml:Point gml:id="K2_4703712141_1-g" srsName="fguuid:jgd2011.bl">
<gml:pos>33.731603889 130.659767222</gml:pos>
</gml:Point>
</pos>
<type>標高点（測点）</type>
<alti>102</alti>
</ElevPt>
<ElevPt gml:id="K2_4703712144_1">
<fid>47037-12144-i-5</fid>
<lfSpanFr gml:id="K2_4703712144_1-1">
<gml:timePosition>2013-12-10</gml:timePosition>
</lfSpanFr>
<devDate gml:id="K2_4703712144_1-2">
<gml:timePosition>2021-06-03</gml:timePosition>
</devDate>
<orgGILvl>25000</orgGILvl>
<vis>表示</vis>
<pos>
<gml:Point gml:id="K2_4703712144_1-g" srsName="fguuid:jgd2011.bl">
<gml:pos>33.741082778 130.664449722</gml:pos>
</gml:Point>
</pos>
<type>標高点（測点）</type>
<alti>49</alti>
</ElevPt>
<ElevPt gml:id="K2_4704012120_1">
<fid>47040-12120-i-1431</fid>
<lfSpanFr gml:id="K2_4704012120_1-1">
<gml:timePosition>2020-10-29</gml:timePosition>
</lfSpanFr>
<devDate gml:id="K2_4704012120_1-2">
<gml:timePosition>2021-06-03</gml:timePosition>
</devDate>
<orgGILvl>25000</orgGILvl>
<vis>表示</vis>
<pos>
<gml:Point gml:id="K2_4704012120_1-g" srsName="fguuid:jgd2011.bl">
<gml:pos>33.667710000 130.667861111</gml:pos>
</gml:Point>
</pos>
<type>標高点（測点）</type>
<alti>121</alti>
</ElevPt>
<ElevPt gml:id="K2_4704012123_1">
<fid>47040-12123-i-850</fid>
<lfSpanFr gml:id="K2_4704012123_1-1">
<gml:timePosition>2014-09-01</gml:timePosition>
</lfSpanFr>
<devDate gml:id="K2_4704012123_1-2">
<gml:timePosition>2021-06-03</gml:timePosition>
</devDate>
<orgGILvl>25000</orgGILvl>
<vis>表示</vis>
<pos>
<gml:Point gml:id="K2_4704012123_1-g" srsName="fguuid:jgd2011.bl">
<gml:pos>33.679297778 130.667171944</gml:pos>
</gml:Point>
</pos>
<type>標高点（測点）</type>
<alti>30</alti>
</ElevPt>
<ElevPt gml:id="K2_4704012126_1">
<fid>47040-12126-i-479</fid>
<lfSpanFr gml:id="K2_4704012126_1-1">
<gml:timePosition>2014-09-01</gml:timePosition>
</lfSpanFr>
<devDate gml:id="K2_4704012126_1-2">
<gml:timePosition>2021-06-03</gml:timePosition>
</devDate>
<orgGILvl>25000</orgGILvl>
<vis>表示</vis>
<pos>
<gml:Point gml:id="K2_4704012126_1-g" srsName="fguuid:jgd2011.bl">
<gml:pos>33.689174444 130.673247778</gml:pos>
</gml:Point>
</pos>
<type>標高点（測点）</type>
<alti>112</alti>
</ElevPt>
<ElevPt gml:id="K2_4704012129_1">
<fid>47040-12129-i-611</fid>
<lfSpanFr gml:id="K2_4704012129_1-1">
<gml:timePosition>2020-10-29</gml:timePosition>
</lfSpanFr>
<devDate gml:id="K2_4704012129_1-2">
<gml:timePosition>2021-06-03</gml:timePosition>
</devDate>
<orgGILvl>25000</orgGILvl>
<vis>表示</vis>
<pos>
<gml:Point gml:id="K2_4704012129_1-g" srsName="fguuid:jgd2011.bl">
<gml:pos>33.694578333 130.672887500</gml:pos>
</gml:Point>
</pos>
<type>標高点（測点）</type>
<alti>149</alti>
</ElevPt>
<ElevPt gml:id="K2_4704012132_1">
<fid>47040-12132-i-936</fid>
<lfSpanFr gml:id="K2_4704012132_1-1">
<gml:timePosition>2020-10-29</gml:timePosition>
</lfSpanFr>
<devDate gml:id="K2_4704012132_1-2">
<gml:timePosition>2021-06-03</gml:timePosition>
</devDate>
<orgGILvl>25000</orgGILvl>
<vis>表示</vis>
<pos>
<gml:Point gml:id="K2_4704012132_1-g" srsName="fguuid:jgd2011.bl">
<gml:pos>33.700153056 130.673218333</gml:pos>
</gml:Point>
</pos>
<type>標高点（測点）</type>
<alti>47</alti>
</ElevPt>
<ElevPt gml:id="K2_4704012132_2">
<fid>47040-12132-i-937</fid>
<lfSpanFr gml:id="K2_4704012132_2-1">
<gml:timePosition>2020-10-29</gml:timePosition>
</lfSpanFr>
<devDate gml:id="K2_4704012132_2-2">
<gml:timePosition>2021-06-03</gml:timePosition>
</devDate>
<orgGILvl>25000</orgGILvl>
<vis>表示</vis>
<pos>
<gml:Point gml:id="K2_4704012132_2-g" srsName="fguuid:jgd2011.bl">
<gml:pos>33.706588611 130.670583611</gml:pos>
</gml:Point>
</pos>
<type>標高点（測点）</type>
<alti>29</alti>
</ElevPt>
<ElevPt gml:id="K2_4704012135_1">
<fid>47040-12135-i-1437</fid>
<lfSpanFr gml:id="K2_4704012135_1-1">
<gml:timePosition>2020-10-29</gml:timePosition>
</lfSpanFr>
<devDate gml:id="K2_4704012135_1-2">
<gml:timePosition>2021-06-03</gml:timePosition>
</devDate>
<orgGILvl>25000</orgGILvl>
<vis>表示</vis>
<pos>
<gml:Point gml:id="K2_4704012135_1-g" srsName="fguuid:jgd2011.bl">
<gml:pos>33.712592222 130.667760278</gml:pos>
</gml:Point>
</pos>
<type>標高点（測点）</type>
<alti>46</alti>
</ElevPt>
<ElevPt gml:id="K2_4704012138_1">
<fid>47040-12138-i-841</fid>
<lfSpanFr gml:id="K2_4704012138_1-1">
<gml:timePosition>2020-10-29</gml:timePosition>
</lfSpanFr>
<devDate gml:id="K2_4704012138_1-2">
<gml:timePosition>2021-06-03</gml:timePosition>
</devDate>
<orgGILvl>25000</orgGILvl>
<vis>表示</vis>
<pos>
<gml:Point gml:id="K2_4704012138_1-g" srsName="fguuid:jgd2011.bl">
<gml:pos>33.720170000 130.671869167</gml:pos>
</gml:Point>
</pos>
<type>標高点（測点）</type>
<alti>18</alti>
</ElevPt>
<ElevPt gml:id="K2_4704012141_1">
<fid>47040-12141-i-1192</fid>
<lfSpanFr gml:id="K2_4704012141_1-1">
<gml:timePosition>2020-10-29</gml:timePosition>
</lfSpanFr>
<devDate gml:id="K2_4704012141_1-2">
<gml:timePosition>2021-06-03</gml:timePosition>
</devDate>
<orgGILvl>25000</orgGILvl>
<vis>表示</vis>
<pos>
<gml:Point gml:id="K2_4704012141_1-g" srsName="fguuid:jgd2011.bl">
<gml:pos>33.726658333 130.667715278</gml:pos>
</gml:Point>
</pos>
<type>標高点（測点）</type>
<alti>16</alti>
</ElevPt>
<ElevPt gml:id="K2_4704012144_1">
<fid>47040-12144-i-521</fid>
<lfSpanFr gml:id="K2_4704012144_1-1">
<gml:timePosition>2020-10-29</gml:timePosition>
</lfSpanFr>
<devDate gml:id="K2_4704012144_1-2">
<gml:timePosition>2021-06-03</gml:timePosition>
</devDate>
<orgGILvl>25000</orgGILvl>
<vis>表示</vis>
<pos>
<gml:Point gml:id="K2_4704012144_1-g" srsName="fguuid:jgd2011.bl">
<gml:pos>33.734559444 130.672788333</gml:pos>
</gml:Point>
</pos>
<type>標高点（測点）</type>
<alti>89</alti>
</ElevPt>
<ElevPt gml:id="K2_4704012147_1">
<fid>47040-12147-i-133</fid>
<lfSpanFr gml:id="K2_4704012147_1-1">
<gml:timePosition>2014-09-01</gml:timePosition>
</lfSpanFr>
<devDate gml:id="K2_4704012147_1-2">
<gml:timePosition>2021-06-03</gml:timePosition>
</devDate>
<orgGILvl>25000</orgGILvl>
<vis>表示</vis>
<pos>
<gml:Point gml:id="K2_4704012147_1-g" srsName="fguuid:jgd2011.bl">
<gml:pos>33.747898056 130.672694167</gml:pos>
</gml:Point>
</pos>
<type>標高点（測点）</type>
<alti>252</alti>
</ElevPt>
<ElevPt gml:id="K2_4704312123_1">
<fid>47043-12123-i-630</fid>
<lfSpanFr gml:id="K2_4704312123_1-1">
<gml:timePosition>2014-09-01</gml:timePosition>
</lfSpanFr>
<devDate gml:id="K2_4704312123_1-2">
<gml:timePosition>2021-06-03</gml:timePosition>
</devDate>
<orgGILvl>25000</orgGILvl>
<vis>表示</vis>
<pos>
<gml:Point gml:id="K2_4704312123_1-g" srsName="fguuid:jgd2011.bl">
<gml:pos>33.681788333 130.683061667</gml:pos>
</gml:Point>
</pos>
<type>標高点（測点）</type>
<alti>54</alti>
</ElevPt>
<ElevPt gml:id="K2_4704312138_1">
<fid>47043-12138-i-848</fid>
<lfSpanFr gml:id="K2_4704312138_1-1">
<gml:timePosition>2020-10-29</gml:timePosition>
</lfSpanFr>
<devDate gml:id="K2_4704312138_1-2">
<gml:timePosition>2021-06-03</gml:timePosition>
</devDate>
<orgGILvl>25000</orgGILvl>
<vis>表示</vis>
<pos>
<gml:Point gml:id="K2_4704312138_1-g" srsName="fguuid:jgd2011.bl">
<gml:pos>33.717630000 130.679956389</gml:pos>
</gml:Point>
</pos>
<type>標高点（測点）</type>
<alti>27</alti>
</ElevPt>
<ElevPt gml:id="K2_4704312147_1">
<fid>47043-12147-i-76</fid>
<lfSpanFr gml:id="K2_4704312147_1-1">
<gml:timePosition>2020-10-29</gml:timePosition>
</lfSpanFr>
<devDate gml:id="K2_4704312147_1-2">
<gml:timePosition>2021-06-03</gml:timePosition>
</devDate>
<orgGILvl>25000</orgGILvl>
<vis>表示</vis>
<pos>
<gml:Point gml:id="K2_4704312147_1-g" srsName="fguuid:jgd2011.bl">
<gml:pos>33.743462778 130.679431944</gml:pos>
</gml:Point>
</pos>
<type>標高点（測点）</type>
<alti>293</alti>
</ElevPt>
<ElevPt gml:id="K2_4704612120_1">
<fid>47046-12120-i-1094</fid>
<lfSpanFr gml:id="K2_4704612120_1-1">
<gml:timePosition>2020-10-29</gml:timePosition>
</lfSpanFr>
<devDate gml:id="K2_4704612120_1-2">
<gml:timePosition>2021-06-03</gml:timePosition>
</devDate>
<orgGILvl>25000</orgGILvl>
<vis>表示</vis>
<pos>
<gml:Point gml:id="K2_4704612120_1-g" srsName="fguuid:jgd2011.bl">
<gml:pos>33.669070806 130.685896306</gml:pos>
</gml:Point>
</pos>
<type>標高点（測点）</type>
<alti>16</alti>
</ElevPt>
<ElevPt gml:id="K2_4704612129_1">
<fid>47046-12129-i-1392</fid>
<lfSpanFr gml:id="K2_4704612129_1-1">
<gml:timePosition>2020-10-29</gml:timePosition>
</lfSpanFr>
<devDate gml:id="K2_4704612129_1-2">
<gml:timePosition>2021-06-03</gml:timePosition>
</devDate>
<orgGILvl>25000</orgGILvl>
<vis>表示</vis>
<pos>
<gml:Point gml:id="K2_4704612129_1-g" srsName="fguuid:jgd2011.bl">
<gml:pos>33.696305000 130.685113611</gml:pos>
</gml:Point>
</pos>
<type>標高点（測点）</type>
<alti>54</alti>
</ElevPt>
<ElevPt gml:id="K2_4704612138_1">
<fid>47046-12138-i-1560</fid>
<lfSpanFr gml:id="K2_4704612138_1-1">
<gml:timePosition>2020-10-29</gml:timePosition>
</lfSpanFr>
<devDate gml:id="K2_4704612138_1-2">
<gml:timePosition>2021-06-03</gml:timePosition>
</devDate>
<orgGILvl>25000</orgGILvl>
<vis>表示</vis>
<pos>
<gml:Point gml:id="K2_4704612138_1-g" srsName="fguuid:jgd2011.bl">
<gml:pos>33.720088889 130.690219444</gml:pos>
</gml:Point>
</pos>
<type>標高点（測点）</type>
<alti>22</alti>
</ElevPt>
<ElevPt gml:id="K2_4704612144_1">
<fid>47046-12144-i-1078</fid>
<lfSpanFr gml:id="K2_4704612144_1-1">
<gml:timePosition>2020-10-29</gml:timePosition>
</lfSpanFr>
<devDate gml:id="K2_4704612144_1-2">
<gml:timePosition>2021-06-03</gml:timePosition>
</devDate>
<orgGILvl>25000</orgGILvl>
<vis>表示</vis>
<pos>
<gml:Point gml:id="K2_4704612144_1-g" srsName="fguuid:jgd2011.bl">
<gml:pos>33.739939444 130.685361667</gml:pos>
</gml:Point>
</pos>
<type>標高点（測点）</type>
<alti>222</alti>
</ElevPt>
<ElevPt gml:id="K2_4704612144_2">
<fid>47046-12144-i-1079</fid>
<lfSpanFr gml:id="K2_4704612144_2-1">
<gml:timePosition>2020-10-29</gml:timePosition>
</lfSpanFr>
<devDate gml:id="K2_4704612144_2-2">
<gml:timePosition>2021-06-03</gml:timePosition>
</devDate>
<orgGILvl>25000</orgGILvl>
<vis>表示</vis>
<pos>
<gml:Point gml:id="K2_4704612144_2-g" srsName="fguuid:jgd2011.bl">
<gml:pos>33.734727222 130.689156389</gml:pos>
</gml:Point>
</pos>
<type>標高点（測点）</type>
<alti>23</alti>
</ElevPt>
<ElevPt gml:id="K2_4704912120_1">
<fid>47049-12120-i-1348</fid>
<lfSpanFr gml:id="K2_4704912120_1-1">
<gml:timePosition>2020-10-29</gml:timePosition>
</lfSpanFr>
<devDate gml:id="K2_4704912120_1-2">
<gml:timePosition>2021-06-03</gml:timePosition>
</devDate>
<orgGILvl>25000</orgGILvl>
<vis>表示</vis>
<pos>
<gml:Point gml:id="K2_4704912120_1-g" srsName="fguuid:jgd2011.bl">
<gml:pos>33.674373278 130.698561500</gml:pos>
</gml:Point>
</pos>
<type>標高点（測点）</type>
<alti>16</alti>
</ElevPt>
<ElevPt gml:id="K2_4704912126_1">
<fid>47049-12126-i-1385</fid>
<lfSpanFr gml:id="K2_4704912126_1-1">
<gml:timePosition>2020-10-29</gml:timePosition>
</lfSpanFr>
<devDate gml:id="K2_4704912126_1-2">
<gml:timePosition>2021-06-03</gml:timePosition>
</devDate>
<orgGILvl>25000</orgGILvl>
<vis>表示</vis>
<pos>
<gml:Point gml:id="K2_4704912126_1-g" srsName="fguuid:jgd2011.bl">
<gml:pos>33.690143889 130.693819167</gml:pos>
</gml:Point>
</pos>
<type>標高点（測点）</type>
<alti>63</alti>
</ElevPt>
<ElevPt gml:id="K2_4704912129_1">
<fid>47049-12129-i-1627</fid>
<lfSpanFr gml:id="K2_4704912129_1-1">
<gml:timePosition>2020-10-29</gml:timePosition>
</lfSpanFr>
<devDate gml:id="K2_4704912129_1-2">
<gml:timePosition>2021-06-03</gml:timePosition>
</devDate>
<orgGILvl>25000</orgGILvl>
<vis>表示</vis>
<pos>
<gml:Point gml:id="K2_4704912129_1-g" srsName="fguuid:jgd2011.bl">
<gml:pos>33.696965833 130.698539722</gml:pos>
</gml:Point>
</pos>
<type>標高点（測点）</type>
<alti>12</alti>
</ElevPt>
<ElevPt gml:id="K2_4704912135_1">
<fid>47049-12135-i-803</fid>
<lfSpanFr gml:id="K2_4704912135_1-1">
<gml:timePosition>2020-10-29</gml:timePosition>
</lfSpanFr>
<devDate gml:id="K2_4704912135_1-2">
<gml:timePosition>2021-06-03</gml:timePosition>
</devDate>
<orgGILvl>25000</orgGILvl>
<vis>表示</vis>
<pos>
<gml:Point gml:id="K2_4704912135_1-g" srsName="fguuid:jgd2011.bl">
<gml:pos>33.712426944 130.693920833</gml:pos>
</gml:Point>
</pos>
<type>標高点（測点）</type>
<alti>53</alti>
</ElevPt>
<ElevPt gml:id="K2_4704912138_1">
<fid>47049-12138-i-996</fid>
<lfSpanFr gml:id="K2_4704912138_1-1">
<gml:timePosition>2020-10-29</gml:timePosition>
</lfSpanFr>
<devDate gml:id="K2_4704912138_1-2">
<gml:timePosition>2021-06-03</gml:timePosition>
</devDate>
<orgGILvl>25000</orgGILvl>
<vis>表示</vis>
<pos>
<gml:Point gml:id="K2_4704912138_1-g" srsName="fguuid:jgd2011.bl">
<gml:pos>33.723730833 130.699830000</gml:pos>
</gml:Point>
</pos>
<type>標高点（測点）</type>
<alti>33</alti>
</ElevPt>
<ElevPt gml:id="K2_4704912141_1">
<fid>47049-12141-i-1186</fid>
<lfSpanFr gml:id="K2_4704912141_1-1">
<gml:timePosition>2020-10-29</gml:timePosition>
</lfSpanFr>
<devDate gml:id="K2_4704912141_1-2">
<gml:timePosition>2021-06-03</gml:timePosition>
</devDate>
<orgGILvl>25000</orgGILvl>
<vis>表示</vis>
<pos>
<gml:Point gml:id="K2_4704912141_1-g" srsName="fguuid:jgd2011.bl">
<gml:pos>33.726531111 130.692001111</gml:pos>
</gml:Point>
</pos>
<type>標高点（測点）</type>
<alti>14</alti>
</ElevPt>
<ElevPt gml:id="K2_4704912147_1">
<fid>47049-12147-i-467</fid>
<lfSpanFr gml:id="K2_4704912147_1-1">
<gml:timePosition>2020-10-29</gml:timePosition>
</lfSpanFr>
<devDate gml:id="K2_4704912147_1-2">
<gml:timePosition>2021-06-03</gml:timePosition>
</devDate>
<orgGILvl>25000</orgGILvl>
<vis>表示</vis>
<pos>
<gml:Point gml:id="K2_4704912147_1-g" srsName="fguuid:jgd2011.bl">
<gml:pos>33.742813333 130.697450833</gml:pos>
</gml:Point>
</pos>
<type>標高点（測点）</type>
<alti>37</alti>
</ElevPt>
<ElevPt gml:id="K2_4704912147_2">
<fid>47049-12147-i-468</fid>
<lfSpanFr gml:id="K2_4704912147_2-1">
<gml:timePosition>2020-10-29</gml:timePosition>
</lfSpanFr>
<devDate gml:id="K2_4704912147_2-2">
<gml:timePosition>2021-06-03</gml:timePosition>
</devDate>
<orgGILvl>25000</orgGILvl>
<vis>表示</vis>
<pos>
<gml:Point gml:id="K2_4704912147_2-g" srsName="fguuid:jgd2011.bl">
<gml:pos>33.747162222 130.694131389</gml:pos>
</gml:Point>
</pos>
<type>標高点（測点）</type>
<alti>143</alti>
</ElevPt>
<ElevPt gml:id="K2_4705212126_1">
<fid>47052-12126-i-1751</fid>
<lfSpanFr gml:id="K2_4705212126_1-1">
<gml:timePosition>2020-10-29</gml:timePosition>
</lfSpanFr>
<devDate gml:id="K2_4705212126_1-2">
<gml:timePosition>2021-06-03</gml:timePosition>
</devDate>
<orgGILvl>25000</orgGILvl>
<vis>表示</vis>
<pos>
<gml:Point gml:id="K2_4705212126_1-g" srsName="fguuid:jgd2011.bl">
<gml:pos>33.685102500 130.708162778</gml:pos>
</gml:Point>
</pos>
<type>標高点（測点）</type>
<alti>12</alti>
</ElevPt>
<ElevPt gml:id="K2_4705212129_1">
<fid>47052-12129-i-1044</fid>
<lfSpanFr gml:id="K2_4705212129_1-1">
<gml:timePosition>2020-10-29</gml:timePosition>
</lfSpanFr>
<devDate gml:id="K2_4705212129_1-2">
<gml:timePosition>2021-06-03</gml:timePosition>
</devDate>
<orgGILvl>25000</orgGILvl>
<vis>表示</vis>
<pos>
<gml:Point gml:id="K2_4705212129_1-g" srsName="fguuid:jgd2011.bl">
<gml:pos>33.692987500 130.704990000</gml:pos>
</gml:Point>
</pos>
<type>標高点（測点）</type>
<alti>31</alti>
</ElevPt>
<ElevPt gml:id="K2_4705212132_1">
<fid>47052-12132-i-652</fid>
<lfSpanFr gml:id="K2_4705212132_1-1">
<gml:timePosition>2020-10-29</gml:timePosition>
</lfSpanFr>
<devDate gml:id="K2_4705212132_1-2">
<gml:timePosition>2021-06-03</gml:timePosition>
</devDate>
<orgGILvl>25000</orgGILvl>
<vis>表示</vis>
<pos>
<gml:Point gml:id="K2_4705212132_1-g" srsName="fguuid:jgd2011.bl">
<gml:pos>33.700823056 130.705730278</gml:pos>
</gml:Point>
</pos>
<type>標高点（測点）</type>
<alti>9</alti>
</ElevPt>
<ElevPt gml:id="K2_4705212135_1">
<fid>47052-12135-i-464</fid>
<lfSpanFr gml:id="K2_4705212135_1-1">
<gml:timePosition>2020-10-29</gml:timePosition>
</lfSpanFr>
<devDate gml:id="K2_4705212135_1-2">
<gml:timePosition>2021-06-03</gml:timePosition>
</devDate>
<orgGILvl>25000</orgGILvl>
<vis>表示</vis>
<pos>
<gml:Point gml:id="K2_4705212135_1-g" srsName="fguuid:jgd2011.bl">
<gml:pos>33.708926944 130.700826944</gml:pos>
</gml:Point>
</pos>
<type>標高点（測点）</type>
<alti>32</alti>
</ElevPt>
<ElevPt gml:id="K2_4705512120_1">
<fid>47055-12120-i-423</fid>
<lfSpanFr gml:id="K2_4705512120_1-1">
<gml:timePosition>2020-10-29</gml:timePosition>
</lfSpanFr>
<devDate gml:id="K2_4705512120_1-2">
<gml:timePosition>2021-06-03</gml:timePosition>
</devDate>
<orgGILvl>25000</orgGILvl>
<vis>表示</vis>
<pos>
<gml:Point gml:id="K2_4705512120_1-g" srsName="fguuid:jgd2011.bl">
<gml:pos>33.668386111 130.713193333</gml:pos>
</gml:Point>
</pos>
<type>標高点（測点）</type>
<alti>42</alti>
</ElevPt>
<ElevPt gml:id="K2_4705512120_2">
<fid>47055-12120-i-424</fid>
<lfSpanFr gml:id="K2_4705512120_2-1">
<gml:timePosition>2020-10-29</gml:timePosition>
</lfSpanFr>
<devDate gml:id="K2_4705512120_2-2">
<gml:timePosition>2021-06-03</gml:timePosition>
</devDate>
<orgGILvl>25000</orgGILvl>
<vis>表示</vis>
<pos>
<gml:Point gml:id="K2_4705512120_2-g" srsName="fguuid:jgd2011.bl">
<gml:pos>33.672905833 130.714146667</gml:pos>
</gml:Point>
</pos>
<type>標高点（測点）</type>
<alti>29</alti>
</ElevPt>
<ElevPt gml:id="K2_4705512123_1">
<fid>47055-12123-i-1109</fid>
<lfSpanFr gml:id="K2_4705512123_1-1">
<gml:timePosition>2020-10-29</gml:timePosition>
</lfSpanFr>
<devDate gml:id="K2_4705512123_1-2">
<gml:timePosition>2021-06-03</gml:timePosition>
</devDate>
<orgGILvl>25000</orgGILvl>
<vis>表示</vis>
<pos>
<gml:Point gml:id="K2_4705512123_1-g" srsName="fguuid:jgd2011.bl">
<gml:pos>33.678555278 130.708353056</gml:pos>
</gml:Point>
</pos>
<type>標高点（測点）</type>
<alti>12</alti>
</ElevPt>
<ElevPt gml:id="K2_4705512129_1">
<fid>47055-12129-i-1047</fid>
<lfSpanFr gml:id="K2_4705512129_1-1">
<gml:timePosition>2020-10-29</gml:timePosition>
</lfSpanFr>
<devDate gml:id="K2_4705512129_1-2">
<gml:timePosition>2021-06-03</gml:timePosition>
</devDate>
<orgGILvl>25000</orgGILvl>
<vis>表示</vis>
<pos>
<gml:Point gml:id="K2_4705512129_1-g" srsName="fguuid:jgd2011.bl">
<gml:pos>33.692868889 130.716114444</gml:pos>
</gml:Point>
</pos>
<type>標高点（測点）</type>
<alti>16</alti>
</ElevPt>
<ElevPt gml:id="K2_4705512135_1">
<fid>47055-12135-i-1207</fid>
<lfSpanFr gml:id="K2_4705512135_1-1">
<gml:timePosition>2020-10-29</gml:timePosition>
</lfSpanFr>
<devDate gml:id="K2_4705512135_1-2">
<gml:timePosition>2021-06-03</gml:timePosition>
</devDate>
<orgGILvl>25000</orgGILvl>
<vis>表示</vis>
<pos>
<gml:Point gml:id="K2_4705512135_1-g" srsName="fguuid:jgd2011.bl">
<gml:pos>33.711045278 130.708947500</gml:pos>
</gml:Point>
</pos>
<type>標高点（測点）</type>
<alti>15</alti>
</ElevPt>
<ElevPt gml:id="K2_4705512135_2">
<fid>47055-12135-i-1208</fid>
<lfSpanFr gml:id="K2_4705512135_2-1">
<gml:timePosition>2020-10-29</gml:timePosition>
</lfSpanFr>
<devDate gml:id="K2_4705512135_2-2">
<gml:timePosition>2021-06-03</gml:timePosition>
</devDate>
<orgGILvl>25000</orgGILvl>
<vis>表示</vis>
<pos>
<gml:Point gml:id="K2_4705512135_2-g" srsName="fguuid:jgd2011.bl">
<gml:pos>33.715003056 130.715192778</gml:pos>
</gml:Point>
</pos>
<type>標高点（測点）</type>
<alti>11</alti>
</ElevPt>
<ElevPt gml:id="K2_4705512138_1">
<fid>47055-12138-i-916</fid>
<lfSpanFr gml:id="K2_4705512138_1-1">
<gml:timePosition>2020-10-29</gml:timePosition>
</lfSpanFr>
<devDate gml:id="K2_4705512138_1-2">
<gml:timePosition>2021-06-03</gml:timePosition>
</devDate>
<orgGILvl>25000</orgGILvl>
<vis>表示</vis>
<pos>
<gml:Point gml:id="K2_4705512138_1-g" srsName="fguuid:jgd2011.bl">
<gml:pos>33.717435000 130.709606111</gml:pos>
</gml:Point>
</pos>
<type>標高点（測点）</type>
<alti>13</alti>
</ElevPt>
<ElevPt gml:id="K2_4705512138_2">
<fid>47055-12138-i-917</fid>
<lfSpanFr gml:id="K2_4705512138_2-1">
<gml:timePosition>2020-10-29</gml:timePosition>
</lfSpanFr>
<devDate gml:id="K2_4705512138_2-2">
<gml:timePosition>2021-06-03</gml:timePosition>
</devDate>
<orgGILvl>25000</orgGILvl>
<vis>表示</vis>
<pos>
<gml:Point gml:id="K2_4705512138_2-g" srsName="fguuid:jgd2011.bl">
<gml:pos>33.723152222 130.709193056</gml:pos>
</gml:Point>
</pos>
<type>標高点（測点）</type>
<alti>7</alti>
</ElevPt>
<ElevPt gml:id="K2_4705512141_1">
<fid>47055-12141-i-1091</fid>
<lfSpanFr gml:id="K2_4705512141_1-1">
<gml:timePosition>2020-10-29</gml:timePosition>
</lfSpanFr>
<devDate gml:id="K2_4705512141_1-2">
<gml:timePosition>2021-06-03</gml:timePosition>
</devDate>
<orgGILvl>25000</orgGILvl>
<vis>表示</vis>
<pos>
<gml:Point gml:id="K2_4705512141_1-g" srsName="fguuid:jgd2011.bl">
<gml:pos>33.732555176 130.714310413</gml:pos>
</gml:Point>
</pos>
<type>標高点（測点）</type>
<alti>44</alti>
</ElevPt>
<ElevPt gml:id="K2_4705512147_1">
<fid>47055-12147-i-1116</fid>
<lfSpanFr gml:id="K2_4705512147_1-1">
<gml:timePosition>2020-10-29</gml:timePosition>
</lfSpanFr>
<devDate gml:id="K2_4705512147_1-2">
<gml:timePosition>2021-06-03</gml:timePosition>
</devDate>
<orgGILvl>25000</orgGILvl>
<vis>表示</vis>
<pos>
<gml:Point gml:id="K2_4705512147_1-g" srsName="fguuid:jgd2011.bl">
<gml:pos>33.744103889 130.709163333</gml:pos>
</gml:Point>
</pos>
<type>標高点（測点）</type>
<alti>81</alti>
</ElevPt>
<ElevPt gml:id="K2_4705512147_2">
<fid>47055-12147-i-1117</fid>
<lfSpanFr gml:id="K2_4705512147_2-1">
<gml:timePosition>2020-10-29</gml:timePosition>
</lfSpanFr>
<devDate gml:id="K2_4705512147_2-2">
<gml:timePosition>2021-06-03</gml:timePosition>
</devDate>
<orgGILvl>25000</orgGILvl>
<vis>表示</vis>
<pos>
<gml:Point gml:id="K2_4705512147_2-g" srsName="fguuid:jgd2011.bl">
<gml:pos>33.748913556 130.708641694</gml:pos>
</gml:Point>
</pos>
<type>標高点（測点）</type>
<alti>37</alti>
</ElevPt>
<ElevPt gml:id="K2_4705812120_1">
<fid>47058-12120-i-1007</fid>
<lfSpanFr gml:id="K2_4705812120_1-1">
<gml:timePosition>2020-10-29</gml:timePosition>
</lfSpanFr>
<devDate gml:id="K2_4705812120_1-2">
<gml:timePosition>2021-06-03</gml:timePosition>
</devDate>
<orgGILvl>25000</orgGILvl>
<vis>表示</vis>
<pos>
<gml:Point gml:id="K2_4705812120_1-g" srsName="fguuid:jgd2011.bl">
<gml:pos>33.667894444 130.724609722</gml:pos>
</gml:Point>
</pos>
<type>標高点（測点）</type>
<alti>14</alti>
</ElevPt>
<ElevPt gml:id="K2_4705812123_1">
<fid>47058-12123-i-1535</fid>
<lfSpanFr gml:id="K2_4705812123_1-1">
<gml:timePosition>2020-10-29</gml:timePosition>
</lfSpanFr>
<devDate gml:id="K2_4705812123_1-2">
<gml:timePosition>2021-06-03</gml:timePosition>
</devDate>
<orgGILvl>25000</orgGILvl>
<vis>表示</vis>
<pos>
<gml:Point gml:id="K2_4705812123_1-g" srsName="fguuid:jgd2011.bl">
<gml:pos>33.681704444 130.718700278</gml:pos>
</gml:Point>
</pos>
<type>標高点（測点）</type>
<alti>34</alti>
</ElevPt>
<ElevPt gml:id="K2_4705812135_1">
<fid>47058-12135-i-447</fid>
<lfSpanFr gml:id="K2_4705812135_1-1">
<gml:timePosition>2020-10-29</gml:timePosition>
</lfSpanFr>
<devDate gml:id="K2_4705812135_1-2">
<gml:timePosition>2021-06-03</gml:timePosition>
</devDate>
<orgGILvl>25000</orgGILvl>
<vis>表示</vis>
<pos>
<gml:Point gml:id="K2_4705812135_1-g" srsName="fguuid:jgd2011.bl">
<gml:pos>33.710126750 130.720647556</gml:pos>
</gml:Point>
</pos>
<type>標高点（測点）</type>
<alti>50</alti>
</ElevPt>
<ElevPt gml:id="K2_4705812141_1">
<fid>47058-12141-i-749</fid>
<lfSpanFr gml:id="K2_4705812141_1-1">
<gml:timePosition>2020-10-29</gml:timePosition>
</lfSpanFr>
<devDate gml:id="K2_4705812141_1-2">
<gml:timePosition>2021-06-03</gml:timePosition>
</devDate>
<orgGILvl>25000</orgGILvl>
<vis>表示</vis>
<pos>
<gml:Point gml:id="K2_4705812141_1-g" srsName="fguuid:jgd2011.bl">
<gml:pos>33.726463500 130.718604722</gml:pos>
</gml:Point>
</pos>
<type>標高点（測点）</type>
<alti>14</alti>
</ElevPt>
<ElevPt gml:id="K2_4705812147_1">
<fid>47058-12147-i-1079</fid>
<lfSpanFr gml:id="K2_4705812147_1-1">
<gml:timePosition>2020-10-29</gml:timePosition>
</lfSpanFr>
<devDate gml:id="K2_4705812147_1-2">
<gml:timePosition>2021-06-03</gml:timePosition>
</devDate>
<orgGILvl>25000</orgGILvl>
<vis>表示</vis>
<pos>
<gml:Point gml:id="K2_4705812147_1-g" srsName="fguuid:jgd2011.bl">
<gml:pos>33.745706389 130.721823056</gml:pos>
</gml:Point>
</pos>
<type>標高点（測点）</type>
<alti>33</alti>
</ElevPt>
<ElevPt gml:id="K2_4706112120_1">
<fid>47061-12120-i-709</fid>
<lfSpanFr gml:id="K2_4706112120_1-1">
<gml:timePosition>2020-10-29</gml:timePosition>
</lfSpanFr>
<devDate gml:id="K2_4706112120_1-2">
<gml:timePosition>2021-06-03</gml:timePosition>
</devDate>
<orgGILvl>25000</orgGILvl>
<vis>表示</vis>
<pos>
<gml:Point gml:id="K2_4706112120_1-g" srsName="fguuid:jgd2011.bl">
<gml:pos>33.674116111 130.727143333</gml:pos>
</gml:Point>
</pos>
<type>標高点（測点）</type>
<alti>37</alti>
</ElevPt>
<ElevPt gml:id="K2_4706112123_1">
<fid>47061-12123-i-1064</fid>
<lfSpanFr gml:id="K2_4706112123_1-1">
<gml:timePosition>2020-10-29</gml:timePosition>
</lfSpanFr>
<devDate gml:id="K2_4706112123_1-2">
<gml:timePosition>2021-06-03</gml:timePosition>
</devDate>
<orgGILvl>25000</orgGILvl>
<vis>表示</vis>
<pos>
<gml:Point gml:id="K2_4706112123_1-g" srsName="fguuid:jgd2011.bl">
<gml:pos>33.681499111 130.729163583</gml:pos>
</gml:Point>
</pos>
<type>標高点（測点）</type>
<alti>56</alti>
</ElevPt>
<ElevPt gml:id="K2_4706112126_1">
<fid>47061-12126-i-1164</fid>
<lfSpanFr gml:id="K2_4706112126_1-1">
<gml:timePosition>2020-10-29</gml:timePosition>
</lfSpanFr>
<devDate gml:id="K2_4706112126_1-2">
<gml:timePosition>2021-06-03</gml:timePosition>
</devDate>
<orgGILvl>25000</orgGILvl>
<vis>表示</vis>
<pos>
<gml:Point gml:id="K2_4706112126_1-g" srsName="fguuid:jgd2011.bl">
<gml:pos>33.688418889 130.725467778</gml:pos>
</gml:Point>
</pos>
<type>標高点（測点）</type>
<alti>16</alti>
</ElevPt>
<ElevPt gml:id="K2_4706112132_1">
<fid>47061-12132-i-173</fid>
<lfSpanFr gml:id="K2_4706112132_1-1">
<gml:timePosition>2020-10-29</gml:timePosition>
</lfSpanFr>
<devDate gml:id="K2_4706112132_1-2">
<gml:timePosition>2021-06-03</gml:timePosition>
</devDate>
<orgGILvl>25000</orgGILvl>
<vis>表示</vis>
<pos>
<gml:Point gml:id="K2_4706112132_1-g" srsName="fguuid:jgd2011.bl">
<gml:pos>33.705857056 130.730803444</gml:pos>
</gml:Point>
</pos>
<type>標高点（測点）</type>
<alti>46</alti>
</ElevPt>
<ElevPt gml:id="K2_4706112138_1">
<fid>47061-12138-i-694</fid>
<lfSpanFr gml:id="K2_4706112138_1-1">
<gml:timePosition>2020-10-29</gml:timePosition>
</lfSpanFr>
<devDate gml:id="K2_4706112138_1-2">
<gml:timePosition>2021-06-03</gml:timePosition>
</devDate>
<orgGILvl>25000</orgGILvl>
<vis>表示</vis>
<pos>
<gml:Point gml:id="K2_4706112138_1-g" srsName="fguuid:jgd2011.bl">
<gml:pos>33.721375833 130.727642778</gml:pos>
</gml:Point>
</pos>
<type>標高点（測点）</type>
<alti>59</alti>
</ElevPt>
<ElevPt gml:id="K2_4706112141_1">
<fid>47061-12141-i-993</fid>
<lfSpanFr gml:id="K2_4706112141_1-1">
<gml:timePosition>2020-10-29</gml:timePosition>
</lfSpanFr>
<devDate gml:id="K2_4706112141_1-2">
<gml:timePosition>2021-06-03</gml:timePosition>
</devDate>
<orgGILvl>25000</orgGILvl>
<vis>表示</vis>
<pos>
<gml:Point gml:id="K2_4706112141_1-g" srsName="fguuid:jgd2011.bl">
<gml:pos>33.725547778 130.730293611</gml:pos>
</gml:Point>
</pos>
<type>標高点（測点）</type>
<alti>61</alti>
</ElevPt>
<ElevPt gml:id="K2_4706112144_1">
<fid>47061-12144-i-424</fid>
<lfSpanFr gml:id="K2_4706112144_1-1">
<gml:timePosition>2020-10-29</gml:timePosition>
</lfSpanFr>
<devDate gml:id="K2_4706112144_1-2">
<gml:timePosition>2021-06-03</gml:timePosition>
</devDate>
<orgGILvl>25000</orgGILvl>
<vis>表示</vis>
<pos>
<gml:Point gml:id="K2_4706112144_1-g" srsName="fguuid:jgd2011.bl">
<gml:pos>33.736218000 130.726277167</gml:pos>
</gml:Point>
</pos>
<type>標高点（測点）</type>
<alti>9</alti>
</ElevPt>
<ElevPt gml:id="K2_4706112147_1">
<fid>47061-12147-i-554</fid>
<lfSpanFr gml:id="K2_4706112147_1-1">
<gml:timePosition>2020-10-29</gml:timePosition>
</lfSpanFr>
<devDate gml:id="K2_4706112147_1-2">
<gml:timePosition>2021-06-03</gml:timePosition>
</devDate>
<orgGILvl>25000</orgGILvl>
<vis>表示</vis>
<pos>
<gml:Point gml:id="K2_4706112147_1-g" srsName="fguuid:jgd2011.bl">
<gml:pos>33.749357611 130.728406528</gml:pos>
</gml:Point>
</pos>
<type>標高点（測点）</type>
<alti>8</alti>
</ElevPt>
<ElevPt gml:id="K2_4706412123_1">
<fid>47064-12123-i-354</fid>
<lfSpanFr gml:id="K2_4706412123_1-1">
<gml:timePosition>2020-10-29</gml:timePosition>
</lfSpanFr>
<devDate gml:id="K2_4706412123_1-2">
<gml:timePosition>2021-06-03</gml:timePosition>
</devDate>
<orgGILvl>25000</orgGILvl>
<vis>表示</vis>
<pos>
<gml:Point gml:id="K2_4706412123_1-g" srsName="fguuid:jgd2011.bl">
<gml:pos>33.676527500 130.735772500</gml:pos>
</gml:Point>
</pos>
<type>標高点（測点）</type>
<alti>59</alti>
</ElevPt>
<ElevPt gml:id="K2_4706412123_2">
<fid>47064-12123-i-355</fid>
<lfSpanFr gml:id="K2_4706412123_2-1">
<gml:timePosition>2020-10-29</gml:timePosition>
</lfSpanFr>
<devDate gml:id="K2_4706412123_2-2">
<gml:timePosition>2021-06-03</gml:timePosition>
</devDate>
<orgGILvl>25000</orgGILvl>
<vis>表示</vis>
<pos>
<gml:Point gml:id="K2_4706412123_2-g" srsName="fguuid:jgd2011.bl">
<gml:pos>33.683307222 130.733388056</gml:pos>
</gml:Point>
</pos>
<type>標高点（測点）</type>
<alti>58</alti>
</ElevPt>
<ElevPt gml:id="K2_4706412129_1">
<fid>47064-12129-i-721</fid>
<lfSpanFr gml:id="K2_4706412129_1-1">
<gml:timePosition>2020-10-29</gml:timePosition>
</lfSpanFr>
<devDate gml:id="K2_4706412129_1-2">
<gml:timePosition>2021-06-03</gml:timePosition>
</devDate>
<orgGILvl>25000</orgGILvl>
<vis>表示</vis>
<pos>
<gml:Point gml:id="K2_4706412129_1-g" srsName="fguuid:jgd2011.bl">
<gml:pos>33.692066111 130.735360000</gml:pos>
</gml:Point>
</pos>
<type>標高点（測点）</type>
<alti>48</alti>
</ElevPt>
<ElevPt gml:id="K2_4706412132_1">
<fid>47064-12132-i-241</fid>
<lfSpanFr gml:id="K2_4706412132_1-1">
<gml:timePosition>2020-10-29</gml:timePosition>
</lfSpanFr>
<devDate gml:id="K2_4706412132_1-2">
<gml:timePosition>2021-06-03</gml:timePosition>
</devDate>
<orgGILvl>25000</orgGILvl>
<vis>表示</vis>
<pos>
<gml:Point gml:id="K2_4706412132_1-g" srsName="fguuid:jgd2011.bl">
<gml:pos>33.701395000 130.736498333</gml:pos>
</gml:Point>
</pos>
<type>標高点（測点）</type>
<alti>111</alti>
</ElevPt>
<ElevPt gml:id="K2_4706412141_1">
<fid>47064-12141-i-1296</fid>
<lfSpanFr gml:id="K2_4706412141_1-1">
<gml:timePosition>2020-10-29</gml:timePosition>
</lfSpanFr>
<devDate gml:id="K2_4706412141_1-2">
<gml:timePosition>2021-06-03</gml:timePosition>
</devDate>
<orgGILvl>25000</orgGILvl>
<vis>表示</vis>
<pos>
<gml:Point gml:id="K2_4706412141_1-g" srsName="fguuid:jgd2011.bl">
<gml:pos>33.728205944 130.734171028</gml:pos>
</gml:Point>
</pos>
<type>標高点（測点）</type>
<alti>10</alti>
</ElevPt>
<ElevPt gml:id="K2_4706412144_1">
<fid>47064-12144-i-1489</fid>
<lfSpanFr gml:id="K2_4706412144_1-1">
<gml:timePosition>2020-10-29</gml:timePosition>
</lfSpanFr>
<devDate gml:id="K2_4706412144_1-2">
<gml:timePosition>2021-06-03</gml:timePosition>
</devDate>
<orgGILvl>25000</orgGILvl>
<vis>表示</vis>
<pos>
<gml:Point gml:id="K2_4706412144_1-g" srsName="fguuid:jgd2011.bl">
<gml:pos>33.740968528 130.734069306</gml:pos>
</gml:Point>
</pos>
<type>標高点（測点）</type>
<alti>13</alti>
</ElevPt>
<ElevPt gml:id="K2_4706412144_2">
<fid>47064-12144-i-1490</fid>
<lfSpanFr gml:id="K2_4706412144_2-1">
<gml:timePosition>2020-10-29</gml:timePosition>
</lfSpanFr>
<devDate gml:id="K2_4706412144_2-2">
<gml:timePosition>2021-06-03</gml:timePosition>
</devDate>
<orgGILvl>25000</orgGILvl>
<vis>表示</vis>
<pos>
<gml:Point gml:id="K2_4706412144_2-g" srsName="fguuid:jgd2011.bl">
<gml:pos>33.735022250 130.738058611</gml:pos>
</gml:Point>
</pos>
<type>標高点（測点）</type>
<alti>16</alti>
</ElevPt>
<ElevPt gml:id="K2_4706412147_1">
<fid>47064-12147-i-1019</fid>
<lfSpanFr gml:id="K2_4706412147_1-1">
<gml:timePosition>2020-10-29</gml:timePosition>
</lfSpanFr>
<devDate gml:id="K2_4706412147_1-2">
<gml:timePosition>2021-06-03</gml:timePosition>
</devDate>
<orgGILvl>25000</orgGILvl>
<vis>表示</vis>
<pos>
<gml:Point gml:id="K2_4706412147_1-g" srsName="fguuid:jgd2011.bl">
<gml:pos>33.745428722 130.739532944</gml:pos>
</gml:Point>
</pos>
<type>標高点（測点）</type>
<alti>9</alti>
</ElevPt>
<ElevPt gml:id="K2_4706712120_1">
<fid>47067-12120-i-656</fid>
<lfSpanFr gml:id="K2_4706712120_1-1">
<gml:timePosition>2020-10-29</gml:timePosition>
</lfSpanFr>
<devDate gml:id="K2_4706712120_1-2">
<gml:timePosition>2021-06-03</gml:timePosition>
</devDate>
<orgGILvl>25000</orgGILvl>
<vis>表示</vis>
<pos>
<gml:Point gml:id="K2_4706712120_1-g" srsName="fguuid:jgd2011.bl">
<gml:pos>33.671918056 130.744580556</gml:pos>
</gml:Point>
</pos>
<type>標高点（測点）</type>
<alti>62</alti>
</ElevPt>
<ElevPt gml:id="K2_4706712126_1">
<fid>47067-12126-i-476</fid>
<lfSpanFr gml:id="K2_4706712126_1-1">
<gml:timePosition>2020-10-29</gml:timePosition>
</lfSpanFr>
<devDate gml:id="K2_4706712126_1-2">
<gml:timePosition>2021-06-03</gml:timePosition>
</devDate>
<orgGILvl>25000</orgGILvl>
<vis>表示</vis>
<pos>
<gml:Point gml:id="K2_4706712126_1-g" srsName="fguuid:jgd2011.bl">
<gml:pos>33.684989722 130.743729722</gml:pos>
</gml:Point>
</pos>
<type>標高点（測点）</type>
<alti>115</alti>
</ElevPt>
<ElevPt gml:id="K2_4706712129_1">
<fid>47067-12129-i-8</fid>
<lfSpanFr gml:id="K2_4706712129_1-1">
<gml:timePosition>2013-12-10</gml:timePosition>
</lfSpanFr>
<devDate gml:id="K2_4706712129_1-2">
<gml:timePosition>2021-06-03</gml:timePosition>
</devDate>
<orgGILvl>25000</orgGILvl>
<vis>表示</vis>
<pos>
<gml:Point gml:id="K2_4706712129_1-g" srsName="fguuid:jgd2011.bl">
<gml:pos>33.694448889 130.744450278</gml:pos>
</gml:Point>
</pos>
<type>標高点（測点）</type>
<alti>106</alti>
</ElevPt>
<ElevPt gml:id="K2_4706712129_2">
<fid>47067-12129-i-9</fid>
<lfSpanFr gml:id="K2_4706712129_2-1">
<gml:timePosition>2013-12-10</gml:timePosition>
</lfSpanFr>
<devDate gml:id="K2_4706712129_2-2">
<gml:timePosition>2021-06-03</gml:timePosition>
</devDate>
<orgGILvl>25000</orgGILvl>
<vis>表示</vis>
<pos>
<gml:Point gml:id="K2_4706712129_2-g" srsName="fguuid:jgd2011.bl">
<gml:pos>33.693499722 130.749587222</gml:pos>
</gml:Point>
</pos>
<type>標高点（測点）</type>
<alti>104</alti>
</ElevPt>
<ElevPt gml:id="K2_4706712132_1">
<fid>47067-12132-i-181</fid>
<lfSpanFr gml:id="K2_4706712132_1-1">
<gml:timePosition>2020-10-29</gml:timePosition>
</lfSpanFr>
<devDate gml:id="K2_4706712132_1-2">
<gml:timePosition>2021-06-03</gml:timePosition>
</devDate>
<orgGILvl>25000</orgGILvl>
<vis>表示</vis>
<pos>
<gml:Point gml:id="K2_4706712132_1-g" srsName="fguuid:jgd2011.bl">
<gml:pos>33.706252778 130.746542500</gml:pos>
</gml:Point>
</pos>
<type>標高点（測点）</type>
<alti>108</alti>
</ElevPt>
<ElevPt gml:id="K2_4706712135_1">
<fid>47067-12135-i-461</fid>
<lfSpanFr gml:id="K2_4706712135_1-1">
<gml:timePosition>2020-10-29</gml:timePosition>
</lfSpanFr>
<devDate gml:id="K2_4706712135_1-2">
<gml:timePosition>2021-06-03</gml:timePosition>
</devDate>
<orgGILvl>25000</orgGILvl>
<vis>表示</vis>
<pos>
<gml:Point gml:id="K2_4706712135_1-g" srsName="fguuid:jgd2011.bl">
<gml:pos>33.715568167 130.744188944</gml:pos>
</gml:Point>
</pos>
<type>標高点（測点）</type>
<alti>24</alti>
</ElevPt>
<ElevPt gml:id="K2_4706712138_1">
<fid>47067-12138-i-1251</fid>
<lfSpanFr gml:id="K2_4706712138_1-1">
<gml:timePosition>2020-10-29</gml:timePosition>
</lfSpanFr>
<devDate gml:id="K2_4706712138_1-2">
<gml:timePosition>2021-06-03</gml:timePosition>
</devDate>
<orgGILvl>25000</orgGILvl>
<vis>表示</vis>
<pos>
<gml:Point gml:id="K2_4706712138_1-g" srsName="fguuid:jgd2011.bl">
<gml:pos>33.723789111 130.742430111</gml:pos>
</gml:Point>
</pos>
<type>標高点（測点）</type>
<alti>15</alti>
</ElevPt>
<ElevPt gml:id="K2_4706712141_1">
<fid>47067-12141-i-1265</fid>
<lfSpanFr gml:id="K2_4706712141_1-1">
<gml:timePosition>2020-10-29</gml:timePosition>
</lfSpanFr>
<devDate gml:id="K2_4706712141_1-2">
<gml:timePosition>2021-06-03</gml:timePosition>
</devDate>
<orgGILvl>25000</orgGILvl>
<vis>表示</vis>
<pos>
<gml:Point gml:id="K2_4706712141_1-g" srsName="fguuid:jgd2011.bl">
<gml:pos>33.731250244 130.743335124</gml:pos>
</gml:Point>
</pos>
<type>標高点（測点）</type>
<alti>20</alti>
</ElevPt>
<ElevPt gml:id="K2_4706712144_1">
<fid>47067-12144-i-1076</fid>
<lfSpanFr gml:id="K2_4706712144_1-1">
<gml:timePosition>2020-10-29</gml:timePosition>
</lfSpanFr>
<devDate gml:id="K2_4706712144_1-2">
<gml:timePosition>2021-06-03</gml:timePosition>
</devDate>
<orgGILvl>25000</orgGILvl>
<vis>表示</vis>
<pos>
<gml:Point gml:id="K2_4706712144_1-g" srsName="fguuid:jgd2011.bl">
<gml:pos>33.739509611 130.743848944</gml:pos>
</gml:Point>
</pos>
<type>標高点（測点）</type>
<alti>8</alti>
</ElevPt>
</Dataset>
