<?xml version="1.0" encoding="utf-8"?>
<Dataset xsi:schemaLocation="http://fgd.gsi.go.jp/spec/2008/FGD_GMLSchema FGD_GMLSchema.xsd"
	xmlns:gml="http://www.opengis.net/gml/3.2"
	xmlns:xsi="http://www.w3.org/2001/XMLSchema-instance"
	xmlns:xlink="http://www.w3.org/1999/xlink"
	xmlns="http://fgd.gsi.go.jp/spec/2008/FGD_GMLSchema"
	gml:id="Dataset1">
  <gml:description>基盤地図情報メタデータ ID=fmdid:21-0701</gml:description>
  <gml:name>基盤地図情報ダウンロードデータ（GML版）</gml:name>
<CommPt gml:id="K8_4702512135_1">
<fid>47025-12135-i-202</fid>
<lfSpanFr gml:id="K8_4702512135_1-1">
<gml:timePosition>2014-06-04</gml:timePosition>
</lfSpanFr>
<devDate gml:id="K8_4702512135_1-2">
<gml:timePosition>2021-06-03</gml:timePosition>
</devDate>
<orgGILvl>2500</orgGILvl>
<vis>表示</vis>
<pos>
<gml:Point gml:id="K8_4702512135_1-g" srsName="fguuid:jgd2011.bl">
<gml:pos>33.710485395 130.627372292</gml:pos>
</gml:Point>
</pos>
<type>大字・町・丁目</type>
<name>金生</name>
<admCode>40226</admCode>
</CommPt>
<CommPt gml:id="K8_4702512141_1">
<fid>47025-12141-i-1444</fid>
<lfSpanFr gml:id="K8_4702512141_1-1">
<gml:timePosition>2020-10-29</gml:timePosition>
</lfSpanFr>
<devDate gml:id="K8_4702512141_1-2">
<gml:timePosition>2021-06-03</gml:timePosition>
</devDate>
<orgGILvl>2500</orgGILvl>
<vis>表示</vis>
<pos>
<gml:Point gml:id="K8_4702512141_1-g" srsName="fguuid:jgd2011.bl">
<gml:pos>33.728433227 130.626270033</gml:pos>
</gml:Point>
</pos>
<type>大字・町・丁目</type>
<name>福丸</name>
<admCode>40226</admCode>
</CommPt>
<CommPt gml:id="K8_4702512144_1">
<fid>47025-12144-i-948</fid>
<lfSpanFr gml:id="K8_4702512144_1-1">
<gml:timePosition>2020-10-29</gml:timePosition>
</lfSpanFr>
<devDate gml:id="K8_4702512144_1-2">
<gml:timePosition>2021-06-03</gml:timePosition>
</devDate>
<orgGILvl>2500</orgGILvl>
<vis>表示</vis>
<pos>
<gml:Point gml:id="K8_4702512144_1-g" srsName="fguuid:jgd2011.bl">
<gml:pos>33.734810648 130.633267368</gml:pos>
</gml:Point>
</pos>
<type>大字・町・丁目</type>
<name>金丸</name>
<admCode>40226</admCode>
</CommPt>
<CommPt gml:id="K8_4702812141_1">
<fid>47028-12141-i-1217</fid>
<lfSpanFr gml:id="K8_4702812141_1-1">
<gml:timePosition>2020-10-29</gml:timePosition>
</lfSpanFr>
<devDate gml:id="K8_4702812141_1-2">
<gml:timePosition>2021-06-03</gml:timePosition>
</devDate>
<orgGILvl>2500</orgGILvl>
<vis>表示</vis>
<pos>
<gml:Point gml:id="K8_4702812141_1-g" srsName="fguuid:jgd2011.bl">
<gml:pos>33.725073235 130.638736504</gml:pos>
</gml:Point>
</pos>
<type>大字・町・丁目</type>
<name>原田</name>
<admCode>40226</admCode>
</CommPt>
<CommPt gml:id="K8_4702812147_1">
<fid>47028-12147-i-516</fid>
<lfSpanFr gml:id="K8_4702812147_1-1">
<gml:timePosition>2020-10-29</gml:timePosition>
</lfSpanFr>
<devDate gml:id="K8_4702812147_1-2">
<gml:timePosition>2021-06-03</gml:timePosition>
</devDate>
<orgGILvl>2500</orgGILvl>
<vis>表示</vis>
<pos>
<gml:Point gml:id="K8_4702812147_1-g" srsName="fguuid:jgd2011.bl">
<gml:pos>33.741952314 130.636953958</gml:pos>
</gml:Point>
</pos>
<type>大字・町・丁目</type>
<name>芹田</name>
<admCode>40226</admCode>
</CommPt>
<CommPt gml:id="K8_4703412132_1">
<fid>47034-12132-i-1036</fid>
<lfSpanFr gml:id="K8_4703412132_1-1">
<gml:timePosition>2020-10-29</gml:timePosition>
</lfSpanFr>
<devDate gml:id="K8_4703412132_1-2">
<gml:timePosition>2021-06-03</gml:timePosition>
</devDate>
<orgGILvl>2500</orgGILvl>
<vis>表示</vis>
<pos>
<gml:Point gml:id="K8_4703412132_1-g" srsName="fguuid:jgd2011.bl">
<gml:pos>33.705282241 130.653135267</gml:pos>
</gml:Point>
</pos>
<type>大字・町・丁目</type>
<name>宮田</name>
<admCode>40226</admCode>
</CommPt>
<CommPt gml:id="K8_4703412141_1">
<fid>47034-12141-i-1351</fid>
<lfSpanFr gml:id="K8_4703412141_1-1">
<gml:timePosition>2020-10-29</gml:timePosition>
</lfSpanFr>
<devDate gml:id="K8_4703412141_1-2">
<gml:timePosition>2021-06-03</gml:timePosition>
</devDate>
<orgGILvl>2500</orgGILvl>
<vis>表示</vis>
<pos>
<gml:Point gml:id="K8_4703412141_1-g" srsName="fguuid:jgd2011.bl">
<gml:pos>33.731599605 130.651151021</gml:pos>
</gml:Point>
</pos>
<type>大字・町・丁目</type>
<name>長井鶴</name>
<admCode>40226</admCode>
</CommPt>
<CommPt gml:id="K8_4704012135_1">
<fid>47040-12135-i-1465</fid>
<lfSpanFr gml:id="K8_4704012135_1-1">
<gml:timePosition>2020-10-29</gml:timePosition>
</lfSpanFr>
<devDate gml:id="K8_4704012135_1-2">
<gml:timePosition>2021-06-03</gml:timePosition>
</devDate>
<orgGILvl>2500</orgGILvl>
<vis>表示</vis>
<pos>
<gml:Point gml:id="K8_4704012135_1-g" srsName="fguuid:jgd2011.bl">
<gml:pos>33.715520760 130.672050376</gml:pos>
</gml:Point>
</pos>
<type>大字・町・丁目</type>
<name>上大隈</name>
<admCode>40226</admCode>
</CommPt>
<CommPt gml:id="K8_4704012144_1">
<fid>47040-12144-i-539</fid>
<lfSpanFr gml:id="K8_4704012144_1-1">
<gml:timePosition>2020-10-29</gml:timePosition>
</lfSpanFr>
<devDate gml:id="K8_4704012144_1-2">
<gml:timePosition>2021-06-03</gml:timePosition>
</devDate>
<orgGILvl>2500</orgGILvl>
<vis>表示</vis>
<pos>
<gml:Point gml:id="K8_4704012144_1-g" srsName="fguuid:jgd2011.bl">
<gml:pos>33.733430916 130.673640360</gml:pos>
</gml:Point>
</pos>
<type>大字・町・丁目</type>
<name>本城</name>
<admCode>40226</admCode>
</CommPt>
<CommPt gml:id="K8_4704312135_1">
<fid>47043-12135-i-233</fid>
<lfSpanFr gml:id="K8_4704312135_1-1">
<gml:timePosition>2013-12-10</gml:timePosition>
</lfSpanFr>
<devDate gml:id="K8_4704312135_1-2">
<gml:timePosition>2021-06-03</gml:timePosition>
</devDate>
<orgGILvl>2500</orgGILvl>
<vis>表示</vis>
<pos>
<gml:Point gml:id="K8_4704312135_1-g" srsName="fguuid:jgd2011.bl">
<gml:pos>33.708636641 130.679581233</gml:pos>
</gml:Point>
</pos>
<type>大字・町・丁目</type>
<name>磯光</name>
<admCode>40226</admCode>
</CommPt>
<CommPt gml:id="K8_4704912135_1">
<fid>47049-12135-i-832</fid>
<lfSpanFr gml:id="K8_4704912135_1-1">
<gml:timePosition>2020-10-29</gml:timePosition>
</lfSpanFr>
<devDate gml:id="K8_4704912135_1-2">
<gml:timePosition>2021-06-03</gml:timePosition>
</devDate>
<orgGILvl>2500</orgGILvl>
<vis>表示</vis>
<pos>
<gml:Point gml:id="K8_4704912135_1-g" srsName="fguuid:jgd2011.bl">
<gml:pos>33.716199814 130.693364341</gml:pos>
</gml:Point>
</pos>
<type>大字・町・丁目</type>
<name>鶴田</name>
<admCode>40226</admCode>
</CommPt>
<CommPt gml:id="K8_4704912144_1">
<fid>47049-12144-i-1079</fid>
<lfSpanFr gml:id="K8_4704912144_1-1">
<gml:timePosition>2020-10-29</gml:timePosition>
</lfSpanFr>
<devDate gml:id="K8_4704912144_1-2">
<gml:timePosition>2021-06-03</gml:timePosition>
</devDate>
<orgGILvl>2500</orgGILvl>
<vis>表示</vis>
<pos>
<gml:Point gml:id="K8_4704912144_1-g" srsName="fguuid:jgd2011.bl">
<gml:pos>33.738366942 130.697441969</gml:pos>
</gml:Point>
</pos>
<type>大字・町・丁目</type>
<name>龍徳</name>
<admCode>40226</admCode>
</CommPt>
</Dataset>
