<?xml version="1.0" encoding="utf-8"?>
<Dataset xsi:schemaLocation="http://fgd.gsi.go.jp/spec/2008/FGD_GMLSchema FGD_GMLSchema.xsd"
	xmlns:gml="http://www.opengis.net/gml/3.2"
	xmlns:xsi="http://www.w3.org/2001/XMLSchema-instance"
	xmlns:xlink="http://www.w3.org/1999/xlink"
	xmlns="http://fgd.gsi.go.jp/spec/2008/FGD_GMLSchema"
	gml:id="Dataset1">
  <gml:description>基盤地図情報メタデータ ID=fmdid:21-0701</gml:description>
  <gml:name>基盤地図情報ダウンロードデータ（GML版）</gml:name>
<GCP gml:id="K1_503045_1">
<fid>10-00100-0-2105-131135</fid>
<lfSpanFr gml:id="K1_503045_1-1">
<gml:timePosition>2021-05-19</gml:timePosition>
</lfSpanFr>
<devDate gml:id="K1_503045_1-2">
<gml:timePosition>2021-06-03</gml:timePosition>
</devDate>
<orgGILvl>KJ10</orgGILvl>
<vis>表示</vis>
<pos>
<gml:Point gml:id="K1_503045_1-g" srsName="fguuid:jgd2011.bl">
<gml:pos>33.745509500 130.749548778</gml:pos>
</gml:Point>
</pos>
<orgName>国土地理院</orgName>
<type>電子基準点</type>
<gcpClass>電子基準点</gcpClass>
<gcpCode>EL05030459901</gcpCode>
<name>直方</name>
<B>121483.8342</B>
<L>470698.3756</L>
<alti>27.23</alti>
<altiAcc>2</altiAcc>
</GCP>
<GCP gml:id="K1_503045_2">
<fid>10-00100-0-2105-132446</fid>
<lfSpanFr gml:id="K1_503045_2-1">
<gml:timePosition>2021-05-19</gml:timePosition>
</lfSpanFr>
<devDate gml:id="K1_503045_2-2">
<gml:timePosition>2021-06-03</gml:timePosition>
</devDate>
<orgGILvl>KJ10</orgGILvl>
<vis>表示</vis>
<pos>
<gml:Point gml:id="K1_503045_2-g" srsName="fguuid:jgd2011.bl">
<gml:pos>33.745508750 130.749542306</gml:pos>
</gml:Point>
</pos>
<orgName>国土地理院</orgName>
<type>電子基準点</type>
<gcpClass>電子基準点</gcpClass>
<gcpCode>EL15030459902</gcpCode>
<name>直方（付）</name>
<B>121483.8315</B>
<L>470698.3523</L>
<alti>22.178</alti>
<altiAcc>3</altiAcc>
</GCP>
<GCP gml:id="K1_503045_3">
<fid>10-00100-0-2105-143871</fid>
<lfSpanFr gml:id="K1_503045_3-1">
<gml:timePosition>2021-05-19</gml:timePosition>
</lfSpanFr>
<devDate gml:id="K1_503045_3-2">
<gml:timePosition>2021-06-03</gml:timePosition>
</devDate>
<orgGILvl>SJ12</orgGILvl>
<vis>表示</vis>
<pos>
<gml:Point gml:id="K1_503045_3-g" srsName="fguuid:jgd2011.bl">
<gml:pos>33.744196167 130.729376444</gml:pos>
</gml:Point>
</pos>
<orgName>国土地理院</orgName>
<type>水準点</type>
<gcpClass>二等水準点</gcpClass>
<gcpCode>L020000000469</gcpCode>
<name>４６９</name>
<B>121479.1062</B>
<L>470625.7552</L>
<alti>11.937</alti>
<altiAcc>3</altiAcc>
</GCP>
<GCP gml:id="K1_503045_4">
<fid>10-00100-0-2105-146235</fid>
<lfSpanFr gml:id="K1_503045_4-1">
<gml:timePosition>2021-05-19</gml:timePosition>
</lfSpanFr>
<devDate gml:id="K1_503045_4-2">
<gml:timePosition>2021-06-03</gml:timePosition>
</devDate>
<orgGILvl>SJ12</orgGILvl>
<vis>表示</vis>
<pos>
<gml:Point gml:id="K1_503045_4-g" srsName="fguuid:jgd2011.bl">
<gml:pos>33.745745944 130.730574583</gml:pos>
</gml:Point>
</pos>
<orgName>国土地理院</orgName>
<type>水準点</type>
<gcpClass>二等水準点</gcpClass>
<gcpCode>L02000200-015</gcpCode>
<name>２００－０１５</name>
<B>121484.6854</B>
<L>470630.0685</L>
<alti>11.665</alti>
<altiAcc>3</altiAcc>
</GCP>
<GCP gml:id="K1_503045_5">
<fid>10-00100-0-2105-146236</fid>
<lfSpanFr gml:id="K1_503045_5-1">
<gml:timePosition>2021-05-19</gml:timePosition>
</lfSpanFr>
<devDate gml:id="K1_503045_5-2">
<gml:timePosition>2021-06-03</gml:timePosition>
</devDate>
<orgGILvl>SJ12</orgGILvl>
<vis>表示</vis>
<pos>
<gml:Point gml:id="K1_503045_5-g" srsName="fguuid:jgd2011.bl">
<gml:pos>33.692683028 130.713350083</gml:pos>
</gml:Point>
</pos>
<orgName>国土地理院</orgName>
<type>水準点</type>
<gcpClass>二等水準点</gcpClass>
<gcpCode>L02000200-022</gcpCode>
<name>２００－０２２</name>
<B>121293.6589</B>
<L>470568.0603</L>
<alti>16.123</alti>
<altiAcc>3</altiAcc>
</GCP>
<GCP gml:id="K1_503045_6">
<fid>10-00100-0-2105-146237</fid>
<lfSpanFr gml:id="K1_503045_6-1">
<gml:timePosition>2021-05-19</gml:timePosition>
</lfSpanFr>
<devDate gml:id="K1_503045_6-2">
<gml:timePosition>2021-06-03</gml:timePosition>
</devDate>
<orgGILvl>SJ12</orgGILvl>
<vis>表示</vis>
<pos>
<gml:Point gml:id="K1_503045_6-g" srsName="fguuid:jgd2011.bl">
<gml:pos>33.677271556 130.705652417</gml:pos>
</gml:Point>
</pos>
<orgName>国土地理院</orgName>
<type>水準点</type>
<gcpClass>二等水準点</gcpClass>
<gcpCode>L02000200-024</gcpCode>
<name>２００－０２４</name>
<B>121238.1776</B>
<L>470540.3487</L>
<alti>13.565</alti>
<altiAcc>3</altiAcc>
</GCP>
<GCP gml:id="K1_503045_7">
<fid>10-00100-0-2105-151220</fid>
<lfSpanFr gml:id="K1_503045_7-1">
<gml:timePosition>2021-05-19</gml:timePosition>
</lfSpanFr>
<devDate gml:id="K1_503045_7-2">
<gml:timePosition>2021-06-03</gml:timePosition>
</devDate>
<orgGILvl>SJ13</orgGILvl>
<vis>表示</vis>
<pos>
<gml:Point gml:id="K1_503045_7-g" srsName="fguuid:jgd2011.bl">
<gml:pos>33.745508750 130.749542306</gml:pos>
</gml:Point>
</pos>
<orgName>国土地理院</orgName>
<type>水準点</type>
<gcpClass>三等水準点</gcpClass>
<gcpCode>L0F000960685A</gcpCode>
<name>９６０６８５Ａ</name>
<B>121483.8315</B>
<L>470698.3523</L>
<alti>22.178</alti>
<altiAcc>3</altiAcc>
</GCP>
<GCP gml:id="K1_503045_8">
<fid>10-00100-0-2105-152897</fid>
<lfSpanFr gml:id="K1_503045_8-1">
<gml:timePosition>2021-05-19</gml:timePosition>
</lfSpanFr>
<devDate gml:id="K1_503045_8-2">
<gml:timePosition>2021-06-03</gml:timePosition>
</devDate>
<orgGILvl>KJ12</orgGILvl>
<vis>表示</vis>
<pos>
<gml:Point gml:id="K1_503045_8-g" srsName="fguuid:jgd2011.bl">
<gml:pos>33.686508611 130.642151444</gml:pos>
</gml:Point>
</pos>
<orgName>国土地理院</orgName>
<type>三角点</type>
<gcpClass>二等三角点</gcpClass>
<gcpCode>TR25030452101</gcpCode>
<name>笠置城</name>
<B>121271.431</B>
<L>470311.7452</L>
<alti>425.1</alti>
<altiAcc>2</altiAcc>
</GCP>
<GCP gml:id="K1_503045_9">
<fid>10-00100-0-2105-152898</fid>
<lfSpanFr gml:id="K1_503045_9-1">
<gml:timePosition>2021-05-19</gml:timePosition>
</lfSpanFr>
<devDate gml:id="K1_503045_9-2">
<gml:timePosition>2021-06-03</gml:timePosition>
</devDate>
<orgGILvl>KJ12</orgGILvl>
<vis>表示</vis>
<pos>
<gml:Point gml:id="K1_503045_9-g" srsName="fguuid:jgd2011.bl">
<gml:pos>33.747944889 130.681197444</gml:pos>
</gml:Point>
</pos>
<orgName>国土地理院</orgName>
<type>三角点</type>
<gcpClass>二等三角点</gcpClass>
<gcpCode>TR25030459401</gcpCode>
<name>六ヶ岳</name>
<B>121492.6016</B>
<L>470452.3108</L>
<alti>338.78</alti>
<altiAcc>2</altiAcc>
</GCP>
<GCP gml:id="K1_503045_10">
<fid>10-00100-0-2105-161176</fid>
<lfSpanFr gml:id="K1_503045_10-1">
<gml:timePosition>2021-05-19</gml:timePosition>
</lfSpanFr>
<devDate gml:id="K1_503045_10-2">
<gml:timePosition>2021-06-03</gml:timePosition>
</devDate>
<orgGILvl>KJ13</orgGILvl>
<vis>表示</vis>
<pos>
<gml:Point gml:id="K1_503045_10-g" srsName="fguuid:jgd2011.bl">
<gml:pos>33.669489000 130.706160306</gml:pos>
</gml:Point>
</pos>
<orgName>国土地理院</orgName>
<type>三角点</type>
<gcpClass>三等三角点</gcpClass>
<gcpCode>TR35030450601</gcpCode>
<name>黒岩</name>
<B>121210.1604</B>
<L>470542.1771</L>
<alti>29.6</alti>
<altiAcc>1</altiAcc>
</GCP>
<GCP gml:id="K1_503045_11">
<fid>10-00100-0-2105-161177</fid>
<lfSpanFr gml:id="K1_503045_11-1">
<gml:timePosition>2021-05-19</gml:timePosition>
</lfSpanFr>
<devDate gml:id="K1_503045_11-2">
<gml:timePosition>2021-06-03</gml:timePosition>
</devDate>
<orgGILvl>KJ13</orgGILvl>
<vis>表示</vis>
<pos>
<gml:Point gml:id="K1_503045_11-g" srsName="fguuid:jgd2011.bl">
<gml:pos>33.685749889 130.702304500</gml:pos>
</gml:Point>
</pos>
<orgName>国土地理院</orgName>
<type>三角点</type>
<gcpClass>三等三角点</gcpClass>
<gcpCode>TR35030452601</gcpCode>
<name>大戸山</name>
<B>121268.6996</B>
<L>470528.2962</L>
<alti>35.21</alti>
<altiAcc>2</altiAcc>
</GCP>
<GCP gml:id="K1_503045_12">
<fid>10-00100-0-2105-161178</fid>
<lfSpanFr gml:id="K1_503045_12-1">
<gml:timePosition>2021-05-19</gml:timePosition>
</lfSpanFr>
<devDate gml:id="K1_503045_12-2">
<gml:timePosition>2021-06-03</gml:timePosition>
</devDate>
<orgGILvl>KJ13</orgGILvl>
<vis>表示</vis>
<pos>
<gml:Point gml:id="K1_503045_12-g" srsName="fguuid:jgd2011.bl">
<gml:pos>33.692093833 130.662914306</gml:pos>
</gml:Point>
</pos>
<orgName>国土地理院</orgName>
<type>三角点</type>
<gcpClass>三等三角点</gcpClass>
<gcpCode>TR35030453301</gcpCode>
<name>荒谷</name>
<B>121291.5378</B>
<L>470386.4915</L>
<alti>267.19</alti>
<altiAcc>2</altiAcc>
</GCP>
<GCP gml:id="K1_503045_13">
<fid>10-00100-0-2105-161179</fid>
<lfSpanFr gml:id="K1_503045_13-1">
<gml:timePosition>2021-05-19</gml:timePosition>
</lfSpanFr>
<devDate gml:id="K1_503045_13-2">
<gml:timePosition>2021-06-03</gml:timePosition>
</devDate>
<orgGILvl>KJ13</orgGILvl>
<vis>表示</vis>
<pos>
<gml:Point gml:id="K1_503045_13-g" srsName="fguuid:jgd2011.bl">
<gml:pos>33.700666194 130.742042444</gml:pos>
</gml:Point>
</pos>
<orgName>国土地理院</orgName>
<type>三角点</type>
<gcpClass>三等三角点</gcpClass>
<gcpCode>TR35030454901</gcpCode>
<name>大谷</name>
<B>121322.3983</B>
<L>470671.3528</L>
<alti>121.32</alti>
<altiAcc>2</altiAcc>
</GCP>
<GCP gml:id="K1_503045_14">
<fid>10-00100-0-2105-161180</fid>
<lfSpanFr gml:id="K1_503045_14-1">
<gml:timePosition>2021-05-19</gml:timePosition>
</lfSpanFr>
<devDate gml:id="K1_503045_14-2">
<gml:timePosition>2021-06-03</gml:timePosition>
</devDate>
<orgGILvl>KJ13</orgGILvl>
<vis>表示</vis>
<pos>
<gml:Point gml:id="K1_503045_14-g" srsName="fguuid:jgd2011.bl">
<gml:pos>33.713890944 130.673928028</gml:pos>
</gml:Point>
</pos>
<orgName>国土地理院</orgName>
<type>三角点</type>
<gcpClass>三等三角点</gcpClass>
<gcpCode>TR35030455301</gcpCode>
<name>花柴山</name>
<B>121370.0074</B>
<L>470426.1409</L>
<alti>35.63</alti>
<altiAcc>2</altiAcc>
</GCP>
<GCP gml:id="K1_503045_15">
<fid>10-00100-0-2105-161181</fid>
<lfSpanFr gml:id="K1_503045_15-1">
<gml:timePosition>2021-05-19</gml:timePosition>
</lfSpanFr>
<devDate gml:id="K1_503045_15-2">
<gml:timePosition>2021-06-03</gml:timePosition>
</devDate>
<orgGILvl>KJ13</orgGILvl>
<vis>表示</vis>
<pos>
<gml:Point gml:id="K1_503045_15-g" srsName="fguuid:jgd2011.bl">
<gml:pos>33.720798111 130.644453889</gml:pos>
</gml:Point>
</pos>
<orgName>国土地理院</orgName>
<type>三角点</type>
<gcpClass>三等三角点</gcpClass>
<gcpCode>TR35030456101</gcpCode>
<name>乙児の辻</name>
<B>121394.8732</B>
<L>470320.034</L>
<alti>168.72</alti>
<altiAcc>2</altiAcc>
</GCP>
<GCP gml:id="K1_503045_16">
<fid>10-00100-0-2105-161182</fid>
<lfSpanFr gml:id="K1_503045_16-1">
<gml:timePosition>2021-05-19</gml:timePosition>
</lfSpanFr>
<devDate gml:id="K1_503045_16-2">
<gml:timePosition>2021-06-03</gml:timePosition>
</devDate>
<orgGILvl>KJ13</orgGILvl>
<vis>表示</vis>
<pos>
<gml:Point gml:id="K1_503045_16-g" srsName="fguuid:jgd2011.bl">
<gml:pos>33.718912778 130.718994389</gml:pos>
</gml:Point>
</pos>
<orgName>国土地理院</orgName>
<type>三角点</type>
<gcpClass>三等三角点</gcpClass>
<gcpCode>TR35030456701</gcpCode>
<name>二又</name>
<B>121388.086</B>
<L>470588.3798</L>
<alti>47.46</alti>
<altiAcc>2</altiAcc>
</GCP>
<GCP gml:id="K1_503045_17">
<fid>10-00100-0-2105-161183</fid>
<lfSpanFr gml:id="K1_503045_17-1">
<gml:timePosition>2021-05-19</gml:timePosition>
</lfSpanFr>
<devDate gml:id="K1_503045_17-2">
<gml:timePosition>2021-06-03</gml:timePosition>
</devDate>
<orgGILvl>KJ13</orgGILvl>
<vis>表示</vis>
<pos>
<gml:Point gml:id="K1_503045_17-g" srsName="fguuid:jgd2011.bl">
<gml:pos>33.738729389 130.629179889</gml:pos>
</gml:Point>
</pos>
<orgName>国土地理院</orgName>
<type>三角点</type>
<gcpClass>三等三角点</gcpClass>
<gcpCode>TR35030458001</gcpCode>
<name>貴船上</name>
<B>121459.4258</B>
<L>470265.0476</L>
<alti>44.24</alti>
<altiAcc>2</altiAcc>
</GCP>
<GCP gml:id="K1_503045_18">
<fid>10-00100-0-2105-161184</fid>
<lfSpanFr gml:id="K1_503045_18-1">
<gml:timePosition>2021-05-19</gml:timePosition>
</lfSpanFr>
<devDate gml:id="K1_503045_18-2">
<gml:timePosition>2021-06-03</gml:timePosition>
</devDate>
<orgGILvl>KJ13</orgGILvl>
<vis>表示</vis>
<pos>
<gml:Point gml:id="K1_503045_18-g" srsName="fguuid:jgd2011.bl">
<gml:pos>33.738580556 130.656600083</gml:pos>
</gml:Point>
</pos>
<orgName>国土地理院</orgName>
<type>三角点</type>
<gcpClass>三等三角点</gcpClass>
<gcpCode>TR35030458201</gcpCode>
<name>何曾山</name>
<B>121458.89</B>
<L>470363.7603</L>
<alti>133.62</alti>
<altiAcc>2</altiAcc>
</GCP>
<GCP gml:id="K1_503045_19">
<fid>10-00100-0-2105-200955</fid>
<lfSpanFr gml:id="K1_503045_19-1">
<gml:timePosition>2021-05-19</gml:timePosition>
</lfSpanFr>
<devDate gml:id="K1_503045_19-2">
<gml:timePosition>2021-06-03</gml:timePosition>
</devDate>
<orgGILvl>KJ14</orgGILvl>
<vis>表示</vis>
<pos>
<gml:Point gml:id="K1_503045_19-g" srsName="fguuid:jgd2011.bl">
<gml:pos>33.668746056 130.639117500</gml:pos>
</gml:Point>
</pos>
<orgName>国土地理院</orgName>
<type>三角点</type>
<gcpClass>四等三角点</gcpClass>
<gcpCode>TR45030450101</gcpCode>
<name>相田</name>
<B>121207.4858</B>
<L>470300.823</L>
<alti>226.36</alti>
<altiAcc>2</altiAcc>
</GCP>
<GCP gml:id="K1_503045_20">
<fid>10-00100-0-2105-200956</fid>
<lfSpanFr gml:id="K1_503045_20-1">
<gml:timePosition>2021-05-19</gml:timePosition>
</lfSpanFr>
<devDate gml:id="K1_503045_20-2">
<gml:timePosition>2021-06-03</gml:timePosition>
</devDate>
<orgGILvl>KJ14</orgGILvl>
<vis>表示</vis>
<pos>
<gml:Point gml:id="K1_503045_20-g" srsName="fguuid:jgd2011.bl">
<gml:pos>33.672143389 130.667419417</gml:pos>
</gml:Point>
</pos>
<orgName>国土地理院</orgName>
<type>三角点</type>
<gcpClass>四等三角点</gcpClass>
<gcpCode>TR45030450301</gcpCode>
<name>白旗</name>
<B>121219.7162</B>
<L>470402.7099</L>
<alti>91.69</alti>
<altiAcc>2</altiAcc>
</GCP>
<GCP gml:id="K1_503045_21">
<fid>10-00100-0-2105-200957</fid>
<lfSpanFr gml:id="K1_503045_21-1">
<gml:timePosition>2021-05-19</gml:timePosition>
</lfSpanFr>
<devDate gml:id="K1_503045_21-2">
<gml:timePosition>2021-06-03</gml:timePosition>
</devDate>
<orgGILvl>KJ14</orgGILvl>
<vis>表示</vis>
<pos>
<gml:Point gml:id="K1_503045_21-g" srsName="fguuid:jgd2011.bl">
<gml:pos>33.670371889 130.728467944</gml:pos>
</gml:Point>
</pos>
<orgName>国土地理院</orgName>
<type>三角点</type>
<gcpClass>四等三角点</gcpClass>
<gcpCode>TR45030450801</gcpCode>
<name>亀甲</name>
<B>121213.3388</B>
<L>470622.4846</L>
<alti>53.42</alti>
<altiAcc>2</altiAcc>
</GCP>
<GCP gml:id="K1_503045_22">
<fid>10-00100-0-2105-200958</fid>
<lfSpanFr gml:id="K1_503045_22-1">
<gml:timePosition>2021-05-19</gml:timePosition>
</lfSpanFr>
<devDate gml:id="K1_503045_22-2">
<gml:timePosition>2021-06-03</gml:timePosition>
</devDate>
<orgGILvl>KJ14</orgGILvl>
<vis>表示</vis>
<pos>
<gml:Point gml:id="K1_503045_22-g" srsName="fguuid:jgd2011.bl">
<gml:pos>33.681152583 130.659438417</gml:pos>
</gml:Point>
</pos>
<orgName>国土地理院</orgName>
<type>三角点</type>
<gcpClass>四等三角点</gcpClass>
<gcpCode>TR45030451201</gcpCode>
<name>吉ケ谷</name>
<B>121252.1493</B>
<L>470373.9783</L>
<alti>81.0</alti>
<altiAcc>2</altiAcc>
</GCP>
<GCP gml:id="K1_503045_23">
<fid>10-00100-0-2105-200959</fid>
<lfSpanFr gml:id="K1_503045_23-1">
<gml:timePosition>2021-05-19</gml:timePosition>
</lfSpanFr>
<devDate gml:id="K1_503045_23-2">
<gml:timePosition>2021-06-03</gml:timePosition>
</devDate>
<orgGILvl>KJ14</orgGILvl>
<vis>表示</vis>
<pos>
<gml:Point gml:id="K1_503045_23-g" srsName="fguuid:jgd2011.bl">
<gml:pos>33.676178083 130.677956639</gml:pos>
</gml:Point>
</pos>
<orgName>国土地理院</orgName>
<type>三角点</type>
<gcpClass>四等三角点</gcpClass>
<gcpCode>TR45030451401</gcpCode>
<name>桜田</name>
<B>121234.2411</B>
<L>470440.6439</L>
<alti>54.96</alti>
<altiAcc>2</altiAcc>
</GCP>
<GCP gml:id="K1_503045_24">
<fid>10-00100-0-2105-200960</fid>
<lfSpanFr gml:id="K1_503045_24-1">
<gml:timePosition>2021-05-19</gml:timePosition>
</lfSpanFr>
<devDate gml:id="K1_503045_24-2">
<gml:timePosition>2021-06-03</gml:timePosition>
</devDate>
<orgGILvl>KJ14</orgGILvl>
<vis>表示</vis>
<pos>
<gml:Point gml:id="K1_503045_24-g" srsName="fguuid:jgd2011.bl">
<gml:pos>33.679660389 130.705006694</gml:pos>
</gml:Point>
</pos>
<orgName>国土地理院</orgName>
<type>三角点</type>
<gcpClass>四等三角点</gcpClass>
<gcpCode>TR45030451601</gcpCode>
<name>目尾</name>
<B>121246.7774</B>
<L>470538.0241</L>
<alti>50.32</alti>
<altiAcc>2</altiAcc>
</GCP>
<GCP gml:id="K1_503045_25">
<fid>10-00100-0-2105-200961</fid>
<lfSpanFr gml:id="K1_503045_25-1">
<gml:timePosition>2021-05-19</gml:timePosition>
</lfSpanFr>
<devDate gml:id="K1_503045_25-2">
<gml:timePosition>2021-06-03</gml:timePosition>
</devDate>
<orgGILvl>KJ14</orgGILvl>
<vis>表示</vis>
<pos>
<gml:Point gml:id="K1_503045_25-g" srsName="fguuid:jgd2011.bl">
<gml:pos>33.683532611 130.739233667</gml:pos>
</gml:Point>
</pos>
<orgName>国土地理院</orgName>
<type>三角点</type>
<gcpClass>四等三角点</gcpClass>
<gcpCode>TR45030452901</gcpCode>
<name>新立</name>
<B>121260.7174</B>
<L>470661.2412</L>
<alti>105.95</alti>
<altiAcc>2</altiAcc>
</GCP>
<GCP gml:id="K1_503045_26">
<fid>10-00100-0-2105-200962</fid>
<lfSpanFr gml:id="K1_503045_26-1">
<gml:timePosition>2021-05-19</gml:timePosition>
</lfSpanFr>
<devDate gml:id="K1_503045_26-2">
<gml:timePosition>2021-06-03</gml:timePosition>
</devDate>
<orgGILvl>KJ14</orgGILvl>
<vis>表示</vis>
<pos>
<gml:Point gml:id="K1_503045_26-g" srsName="fguuid:jgd2011.bl">
<gml:pos>33.692673667 130.711908194</gml:pos>
</gml:Point>
</pos>
<orgName>国土地理院</orgName>
<type>三角点</type>
<gcpClass>四等三角点</gcpClass>
<gcpCode>TR45030453601</gcpCode>
<name>村ノ前</name>
<B>121293.6252</B>
<L>470562.8695</L>
<alti>12.09</alti>
<altiAcc>2</altiAcc>
</GCP>
<GCP gml:id="K1_503045_27">
<fid>10-00100-0-2105-200963</fid>
<lfSpanFr gml:id="K1_503045_27-1">
<gml:timePosition>2021-05-19</gml:timePosition>
</lfSpanFr>
<devDate gml:id="K1_503045_27-2">
<gml:timePosition>2021-06-03</gml:timePosition>
</devDate>
<orgGILvl>KJ14</orgGILvl>
<vis>表示</vis>
<pos>
<gml:Point gml:id="K1_503045_27-g" srsName="fguuid:jgd2011.bl">
<gml:pos>33.693835167 130.726762944</gml:pos>
</gml:Point>
</pos>
<orgName>国土地理院</orgName>
<type>三角点</type>
<gcpClass>四等三角点</gcpClass>
<gcpCode>TR45030453801</gcpCode>
<name>大平</name>
<B>121297.8066</B>
<L>470616.3466</L>
<alti>99.68</alti>
<altiAcc>2</altiAcc>
</GCP>
<GCP gml:id="K1_503045_28">
<fid>10-00100-0-2105-200964</fid>
<lfSpanFr gml:id="K1_503045_28-1">
<gml:timePosition>2021-05-19</gml:timePosition>
</lfSpanFr>
<devDate gml:id="K1_503045_28-2">
<gml:timePosition>2021-06-03</gml:timePosition>
</devDate>
<orgGILvl>KJ14</orgGILvl>
<vis>表示</vis>
<pos>
<gml:Point gml:id="K1_503045_28-g" srsName="fguuid:jgd2011.bl">
<gml:pos>33.703230722 130.689783194</gml:pos>
</gml:Point>
</pos>
<orgName>国土地理院</orgName>
<type>三角点</type>
<gcpClass>四等三角点</gcpClass>
<gcpCode>TR45030454501</gcpCode>
<name>小原</name>
<B>121331.6306</B>
<L>470483.2195</L>
<alti>90.95</alti>
<altiAcc>2</altiAcc>
</GCP>
<GCP gml:id="K1_503045_29">
<fid>10-00100-0-2105-200965</fid>
<lfSpanFr gml:id="K1_503045_29-1">
<gml:timePosition>2021-05-19</gml:timePosition>
</lfSpanFr>
<devDate gml:id="K1_503045_29-2">
<gml:timePosition>2021-06-03</gml:timePosition>
</devDate>
<orgGILvl>KJ14</orgGILvl>
<vis>表示</vis>
<pos>
<gml:Point gml:id="K1_503045_29-g" srsName="fguuid:jgd2011.bl">
<gml:pos>33.706709194 130.704830417</gml:pos>
</gml:Point>
</pos>
<orgName>国土地理院</orgName>
<type>三角点</type>
<gcpClass>四等三角点</gcpClass>
<gcpCode>TR45030454601</gcpCode>
<name>上白</name>
<B>121344.1531</B>
<L>470537.3895</L>
<alti>10.06</alti>
<altiAcc>2</altiAcc>
</GCP>
<GCP gml:id="K1_503045_30">
<fid>10-00100-0-2105-200966</fid>
<lfSpanFr gml:id="K1_503045_30-1">
<gml:timePosition>2021-05-19</gml:timePosition>
</lfSpanFr>
<devDate gml:id="K1_503045_30-2">
<gml:timePosition>2021-06-03</gml:timePosition>
</devDate>
<orgGILvl>KJ14</orgGILvl>
<vis>表示</vis>
<pos>
<gml:Point gml:id="K1_503045_30-g" srsName="fguuid:jgd2011.bl">
<gml:pos>33.700857194 130.715205278</gml:pos>
</gml:Point>
</pos>
<orgName>国土地理院</orgName>
<type>三角点</type>
<gcpClass>四等三角点</gcpClass>
<gcpCode>TR45030454701</gcpCode>
<name>東春田</name>
<B>121323.0859</B>
<L>470574.739</L>
<alti>19.12</alti>
<altiAcc>2</altiAcc>
</GCP>
<GCP gml:id="K1_503045_31">
<fid>10-00100-0-2105-200967</fid>
<lfSpanFr gml:id="K1_503045_31-1">
<gml:timePosition>2021-05-19</gml:timePosition>
</lfSpanFr>
<devDate gml:id="K1_503045_31-2">
<gml:timePosition>2021-06-03</gml:timePosition>
</devDate>
<orgGILvl>KJ14</orgGILvl>
<vis>表示</vis>
<pos>
<gml:Point gml:id="K1_503045_31-g" srsName="fguuid:jgd2011.bl">
<gml:pos>33.722758417 130.711434861</gml:pos>
</gml:Point>
</pos>
<orgName>国土地理院</orgName>
<type>三角点</type>
<gcpClass>四等三角点</gcpClass>
<gcpCode>TR45030456601</gcpCode>
<name>一本柳</name>
<B>121401.9303</B>
<L>470561.1655</L>
<alti>12.53</alti>
<altiAcc>2</altiAcc>
</GCP>
<GCP gml:id="K1_503045_32">
<fid>10-00100-0-2105-200968</fid>
<lfSpanFr gml:id="K1_503045_32-1">
<gml:timePosition>2021-05-19</gml:timePosition>
</lfSpanFr>
<devDate gml:id="K1_503045_32-2">
<gml:timePosition>2021-06-03</gml:timePosition>
</devDate>
<orgGILvl>KJ14</orgGILvl>
<vis>表示</vis>
<pos>
<gml:Point gml:id="K1_503045_32-g" srsName="fguuid:jgd2011.bl">
<gml:pos>33.716996889 130.728374528</gml:pos>
</gml:Point>
</pos>
<orgName>国土地理院</orgName>
<type>三角点</type>
<gcpClass>四等三角点</gcpClass>
<gcpCode>TR45030456801</gcpCode>
<name>古田浦</name>
<B>121381.1888</B>
<L>470622.1483</L>
<alti>25.05</alti>
<altiAcc>2</altiAcc>
</GCP>
<GCP gml:id="K1_503045_33">
<fid>10-00100-0-2105-200969</fid>
<lfSpanFr gml:id="K1_503045_33-1">
<gml:timePosition>2021-05-19</gml:timePosition>
</lfSpanFr>
<devDate gml:id="K1_503045_33-2">
<gml:timePosition>2021-06-03</gml:timePosition>
</devDate>
<orgGILvl>KJ14</orgGILvl>
<vis>表示</vis>
<pos>
<gml:Point gml:id="K1_503045_33-g" srsName="fguuid:jgd2011.bl">
<gml:pos>33.729553278 130.661624722</gml:pos>
</gml:Point>
</pos>
<orgName>国土地理院</orgName>
<type>三角点</type>
<gcpClass>四等三角点</gcpClass>
<gcpCode>TR45030457201</gcpCode>
<name>宮田</name>
<B>121426.3918</B>
<L>470381.849</L>
<alti>74.26</alti>
<altiAcc>2</altiAcc>
</GCP>
<GCP gml:id="K1_503045_34">
<fid>10-00100-0-2105-200970</fid>
<lfSpanFr gml:id="K1_503045_34-1">
<gml:timePosition>2021-05-19</gml:timePosition>
</lfSpanFr>
<devDate gml:id="K1_503045_34-2">
<gml:timePosition>2021-06-03</gml:timePosition>
</devDate>
<orgGILvl>KJ14</orgGILvl>
<vis>表示</vis>
<pos>
<gml:Point gml:id="K1_503045_34-g" srsName="fguuid:jgd2011.bl">
<gml:pos>33.732740639 130.698433278</gml:pos>
</gml:Point>
</pos>
<orgName>国土地理院</orgName>
<type>三角点</type>
<gcpClass>四等三角点</gcpClass>
<gcpCode>TR45030457501</gcpCode>
<name>大屋根</name>
<B>121437.8663</B>
<L>470514.3598</L>
<alti>126.59</alti>
<altiAcc>2</altiAcc>
</GCP>
<GCP gml:id="K1_503045_35">
<fid>10-00100-0-2105-200971</fid>
<lfSpanFr gml:id="K1_503045_35-1">
<gml:timePosition>2021-05-19</gml:timePosition>
</lfSpanFr>
<devDate gml:id="K1_503045_35-2">
<gml:timePosition>2021-06-03</gml:timePosition>
</devDate>
<orgGILvl>KJ14</orgGILvl>
<vis>表示</vis>
<pos>
<gml:Point gml:id="K1_503045_35-g" srsName="fguuid:jgd2011.bl">
<gml:pos>33.733142389 130.714718861</gml:pos>
</gml:Point>
</pos>
<orgName>国土地理院</orgName>
<type>三角点</type>
<gcpClass>四等三角点</gcpClass>
<gcpCode>TR45030457701</gcpCode>
<name>尾崎</name>
<B>121439.3126</B>
<L>470572.9879</L>
<alti>43.82</alti>
<altiAcc>2</altiAcc>
</GCP>
<GCP gml:id="K1_503045_36">
<fid>10-00100-0-2105-200972</fid>
<lfSpanFr gml:id="K1_503045_36-1">
<gml:timePosition>2021-05-19</gml:timePosition>
</lfSpanFr>
<devDate gml:id="K1_503045_36-2">
<gml:timePosition>2021-06-03</gml:timePosition>
</devDate>
<orgGILvl>KJ14</orgGILvl>
<vis>表示</vis>
<pos>
<gml:Point gml:id="K1_503045_36-g" srsName="fguuid:jgd2011.bl">
<gml:pos>33.738725917 130.643812972</gml:pos>
</gml:Point>
</pos>
<orgName>国土地理院</orgName>
<type>三角点</type>
<gcpClass>四等三角点</gcpClass>
<gcpCode>TR45030458101</gcpCode>
<name>四郎丸</name>
<B>121459.4133</B>
<L>470317.7267</L>
<alti>96.12</alti>
<altiAcc>2</altiAcc>
</GCP>
<GCP gml:id="K1_503045_37">
<fid>10-00100-0-2105-200973</fid>
<lfSpanFr gml:id="K1_503045_37-1">
<gml:timePosition>2021-05-19</gml:timePosition>
</lfSpanFr>
<devDate gml:id="K1_503045_37-2">
<gml:timePosition>2021-06-03</gml:timePosition>
</devDate>
<orgGILvl>KJ14</orgGILvl>
<vis>表示</vis>
<pos>
<gml:Point gml:id="K1_503045_37-g" srsName="fguuid:jgd2011.bl">
<gml:pos>33.737744222 130.681147167</gml:pos>
</gml:Point>
</pos>
<orgName>国土地理院</orgName>
<type>三角点</type>
<gcpClass>四等三角点</gcpClass>
<gcpCode>TR45030458401</gcpCode>
<name>猿田山</name>
<B>121455.8792</B>
<L>470452.1298</L>
<alti>152.52</alti>
<altiAcc>2</altiAcc>
</GCP>
<GCP gml:id="K1_503045_38">
<fid>10-00100-0-2105-200974</fid>
<lfSpanFr gml:id="K1_503045_38-1">
<gml:timePosition>2021-05-19</gml:timePosition>
</lfSpanFr>
<devDate gml:id="K1_503045_38-2">
<gml:timePosition>2021-06-03</gml:timePosition>
</devDate>
<orgGILvl>KJ14</orgGILvl>
<vis>表示</vis>
<pos>
<gml:Point gml:id="K1_503045_38-g" srsName="fguuid:jgd2011.bl">
<gml:pos>33.745117889 130.640035444</gml:pos>
</gml:Point>
</pos>
<orgName>国土地理院</orgName>
<type>三角点</type>
<gcpClass>四等三角点</gcpClass>
<gcpCode>TR45030459101</gcpCode>
<name>浦山</name>
<B>121482.4244</B>
<L>470304.1276</L>
<alti>71.65</alti>
<altiAcc>2</altiAcc>
</GCP>
<GCP gml:id="K1_503045_39">
<fid>10-00100-0-2105-200975</fid>
<lfSpanFr gml:id="K1_503045_39-1">
<gml:timePosition>2021-05-19</gml:timePosition>
</lfSpanFr>
<devDate gml:id="K1_503045_39-2">
<gml:timePosition>2021-06-03</gml:timePosition>
</devDate>
<orgGILvl>KJ14</orgGILvl>
<vis>表示</vis>
<pos>
<gml:Point gml:id="K1_503045_39-g" srsName="fguuid:jgd2011.bl">
<gml:pos>33.748484028 130.699167639</gml:pos>
</gml:Point>
</pos>
<orgName>国土地理院</orgName>
<type>三角点</type>
<gcpClass>四等三角点</gcpClass>
<gcpCode>TR45030459501</gcpCode>
<name>夏峯</name>
<B>121494.5425</B>
<L>470517.0035</L>
<alti>111.62</alti>
<altiAcc>2</altiAcc>
</GCP>
</Dataset>
