time,lat,lon,speed
2023-05-06 13:18:36.773000,33.59048461914062,130.3481110465995,25.99795150756836
2023-05-06 13:18:41.045000,33.5905074701026,130.3482143116466,35.39754867553711
2023-05-06 13:18:43.051000,33.59049896247088,130.3481415567271,30.60738754272461
2023-05-06 13:18:45.051000,33.59045604328134,130.3480533044463,24.61535751762259
2023-05-06 13:18:47.050000,33.59044782786437,130.3480046604462,27.34173374266996
2023-05-06 13:18:50.103000,33.59046910171225,130.3479847249029,24.53470894712083
2023-05-06 13:18:52.804000,33.59051394956482,130.3479034137675,5.706818946465257
2023-05-06 13:18:55.570000,33.59052838295101,130.347861789754,5.896404266357422
2023-05-06 13:18:58.073000,33.590550804542,130.3478377797923,6.22700424194336
2023-05-06 13:19:00.073000,33.5905637713462,130.3478266821525,6.574147796630859
2023-05-06 13:19:02.070000,33.5905724885255,130.3478190546207,6.732936859130859
2023-05-06 13:19:04.567000,33.59058414356186,130.3478109325565,6.795879364013672
2023-05-06 13:19:06.572000,33.59060000631361,130.3478061548717,6.925991058349609
2023-05-06 13:19:09.571000,33.59063067360184,130.3477923875957,7.384670257568359
2023-05-06 13:19:11.569000,33.59064609630368,130.3477743036396,7.624904632568359
2023-05-06 13:19:13.572000,33.59065359810702,130.3477516934558,8.010524749755859
2023-05-06 13:19:15.575000,33.59065319996662,130.3477269039772,8.539302825927734
2023-05-06 13:19:17.575000,33.59065074825994,130.3477021564081,8.923931121826172
2023-05-06 13:19:19.575000,33.59065235129892,130.3476756905488,9.025234222412109
2023-05-06 13:19:21.576000,33.59065716041587,130.3476479674041,9.024944305419922
2023-05-06 13:19:23.576000,33.59066196953281,130.3476213758163,9.039180755615234
2023-05-06 13:19:26.575000,33.59066716631278,130.3475784185625,9.204372406005859
2023-05-06 13:19:28.575000,33.59066778447814,130.3475455405473,9.404811859130859
2023-05-06 13:19:30.576000,33.59066892651244,130.3475124529845,9.651271820068359
2023-05-06 13:19:33.576000,33.59068118504583,130.3474715912066,10.18705368041992
2023-05-06 13:19:36.576000,33.59070278940126,130.3474421916812,11.25666427612305
2023-05-06 13:19:38.577000,33.59071371730752,130.3474308132477,11.6333122253418
2023-05-06 13:19:40.578000,33.59072627968489,130.3474193929046,11.6386833190918
2023-05-06 13:19:43.078000,33.59074846658259,130.3473953829429,11.65295639038086
2023-05-06 13:19:45.577000,33.5907703056313,130.3473658115886,11.71679306030273
2023-05-06 13:19:48.577000,33.59078617886043,130.3473209893614,11.77598190307617
2023-05-06 13:19:50.577000,33.5907927691318,130.3472885933056,11.88171005249023
2023-05-06 13:19:53.070000,33.59080119713544,130.3472470735482,12.09841537475586
2023-05-06 13:19:55.571000,33.59080763653255,130.3472067230664,12.20450973510742
2023-05-06 13:19:57.575000,33.59081126170567,130.3471766110792,12.28779220581055
2023-05-06 13:19:59.577000,33.59081779959015,130.3471493698939,12.4649772644043
2023-05-06 13:20:01.578000,33.59082726066335,130.3471214162468,12.38845443725586
2023-05-06 13:20:04.069000,33.59083428888916,130.347086174535,11.81788558959961
2023-05-06 13:20:06.570000,33.5908336623419,130.347064964129,11.45502853393555
2023-05-06 13:20:08.576000,33.59084207567721,130.3470463563039,11.43746566772461
2023-05-06 13:20:10.577000,33.5908648430217,130.3470160347692,11.6339225769043
2023-05-06 13:20:13.075000,33.5908951834157,130.3469889444582,11.76335678100586
2023-05-06 13:20:15.073000,33.59091891258358,130.3469717615567,11.67475814819336
2023-05-06 13:20:17.574000,33.59094299379139,130.3469444533161,11.55086898803711
2023-05-06 13:20:19.576000,33.59095196242779,130.3469123087175,11.51047897338867
2023-05-06 13:20:21.577000,33.59095976807512,130.3468756798006,11.4765739440918
2023-05-06 13:20:24.578000,33.59097397540099,130.3468199401445,11.25971603393555
2023-05-06 13:20:27.078000,33.59098072911947,130.3467738983504,11.24190902709961
2023-05-06 13:20:29.072000,33.59098469375967,130.346739046397,11.38120346069336
2023-05-06 13:20:31.064000,33.59098945468067,130.3467059881709,11.44366683959961
2023-05-06 13:20:33.741000,33.59099562264606,130.346661717927,11.44583572799889
2023-05-06 13:20:35.712000,33.59099904911831,130.3466298279377,11.53377815546319
2023-05-06 13:20:38.064000,33.59100738357156,130.3465975095801,11.58049545288086
2023-05-06 13:20:40.568000,33.59102381629273,130.3465744761101,11.6240348815918
2023-05-06 13:20:42.571000,33.59102820631451,130.3465516144692,11.64773178100586
2023-05-06 13:20:44.569000,33.59102221325374,130.3465174582138,11.66938400268555
2023-05-06 13:20:46.573000,33.5910187976282,130.3464833019584,11.81801986694336
2023-05-06 13:20:48.578000,33.5910198453661,130.3464510106764,11.97648239135742
2023-05-06 13:20:51.078000,33.59102686311453,130.3464128897808,12.12961654663086
2023-05-06 13:20:53.076000,33.59103672861456,130.3463855480126,12.28176498413086
2023-05-06 13:20:55.076000,33.59104698806404,130.3463603017203,12.49178695678711
2023-05-06 13:20:57.577000,33.59105409591793,130.3463260365001,12.77032089233398
2023-05-06 13:20:59.578000,33.5910550598368,130.3462913144662,12.9532585144043
2023-05-06 13:21:02.073000,33.59105987943112,130.3462504652611,13.02340316772461
2023-05-06 13:21:04.069000,33.59106876424848,130.3462212627105,12.99618148803711
2023-05-06 13:21:06.572000,33.59107882253229,130.3461800237469,12.97355270385742
2023-05-06 13:21:08.577000,33.59107873871326,130.3461415089018,13.18195724487305
2023-05-06 13:21:10.577000,33.59107816245741,130.3461027425996,13.30974960327148
2023-05-06 13:21:13.076000,33.59107754848301,130.3460595087431,13.20123519897461
2023-05-06 13:21:15.076000,33.59107642530798,130.346026450517,13.11373519897461
2023-05-06 13:21:17.578000,33.59107811007052,130.3459831537961,12.86458969116211
2023-05-06 13:21:19.579000,33.59108086562119,130.3459468182459,12.51766586303711
2023-05-06 13:21:22.077000,33.59107199966311,130.3459093888573,12.12767562866211
2023-05-06 13:21:24.577000,33.59105870596468,130.3458854627147,11.68517684936523
2023-05-06 13:21:27.074000,33.59105583097189,130.3458602709047,11.46112289428711
2023-05-06 13:21:29.070000,33.59106449785977,130.3458382935546,11.39839096069336
2023-05-06 13:21:31.571000,33.59109283078796,130.3458189104035,11.47341537475586
2023-05-06 13:21:33.575000,33.59112501729614,130.3458126868404,11.52720260620117
2023-05-06 13:21:35.576000,33.59115675327703,130.345811681012,11.54960250854492
2023-05-06 13:21:38.076000,33.59119094725101,130.3458175567261,11.69485092163086
2023-05-06 13:21:40.073000,33.59121228757649,130.3458259721569,11.76943588256836
2023-05-06 13:21:42.574000,33.59123399251475,130.345838084007,11.75522994995117
2023-05-06 13:21:44.577000,33.59125304038971,130.345846046815,11.68943405151367
2023-05-06 13:21:47.577000,33.59128799292593,130.345855392637,11.50553512573242
2023-05-06 13:21:50.577000,33.59132763932794,130.3458692646868,11.2309684753418
2023-05-06 13:21:53.577000,33.59136530550531,130.3458783800065,11.12307357788086
2023-05-06 13:21:55.577000,33.59138728704638,130.3458840168364,11.09832382202148
2023-05-06 13:21:58.577000,33.59142060511149,130.3459026037067,11.21061325073242
2023-05-06 13:22:00.578000,33.59144452496766,130.3459117190264,11.1959342956543
2023-05-06 13:22:03.075000,33.59147762510329,130.345916597294,11.17719955444336
2023-05-06 13:22:05.575000,33.59151499581858,130.3459117399811,11.22503280639648
2023-05-06 13:22:07.577000,33.59154180743135,130.3459009692355,11.28002548217773
2023-05-06 13:22:09.578000,33.59155900081023,130.3458937817536,11.40275192260742
2023-05-06 13:22:12.076000,33.59158345501273,130.3458717038206,11.41189193725586
2023-05-06 13:22:14.075000,33.59160431756973,130.3458393999658,11.30953598022461
2023-05-06 13:22:16.577000,33.59161956006064,130.3457947705224,11.16421127319336
2023-05-06 13:22:18.577000,33.59162324809804,130.3457720974743,10.96789169311523
2023-05-06 13:22:21.576000,33.59163817836306,130.345734986598,10.37765121459961
2023-05-06 13:22:23.576000,33.59165287812575,130.3456929094441,10.00249862670898
2023-05-06 13:22:26.576000,33.5916729737386,130.3456295632108,10.10380172729492
2023-05-06 13:22:28.577000,33.59168760015964,130.3455961194172,10.30974960327148
2023-05-06 13:22:31.074000,33.59170876446515,130.3455574830345,10.44811019897461
2023-05-06 13:22:33.073000,33.59172808475196,130.3455255479834,10.42874984741211
2023-05-06 13:22:35.576000,33.59175481254569,130.3454992874808,10.42876815795898
2023-05-06 13:22:37.576000,33.59178017828017,130.3454932525105,10.41970443725586
2023-05-06 13:22:39.577000,33.59180614122524,130.3454927495963,10.3286247253418
2023-05-06 13:22:41.578000,33.59183262803926,130.3454960394933,10.47948837280273
2023-05-06 13:22:44.076000,33.59186873308717,130.3455025983326,10.67889633178711
2023-05-06 13:22:46.574000,33.59190499529577,130.3455116717427,10.72014999389648
2023-05-06 13:22:48.574000,33.59193336803801,130.3455195507317,10.74666976928711
2023-05-06 13:22:50.577000,33.59196075590662,130.3455275554493,10.74239730834961
2023-05-06 13:22:53.577000,33.59200015085153,130.3455407988563,10.9483757019043
2023-05-06 13:22:56.077000,33.59203323631882,130.3455517665766,11.10849838256836
2023-05-06 13:22:58.576000,33.59206488009877,130.3455626546688,11.25073370150868
2023-05-06 13:23:00.577000,33.59209073827005,130.3455721471741,11.23730568170665
2023-05-06 13:23:02.578000,33.59211647071279,130.345582980784,11.35090909287606
2023-05-06 13:23:04.578000,33.59214374333023,130.3455941287152,11.50318347407223
2023-05-06 13:23:06.579000,33.59217238848432,130.3456033068992,11.66343527285904
2023-05-06 13:23:09.078000,33.59220416008829,130.3456086964629,11.85004787341609
2023-05-06 13:23:11.578000,33.59223424692973,130.3456125479474,12.13692108054682
2023-05-06 13:23:13.579000,33.59225878495126,130.3456195887461,12.52561065806713
2023-05-06 13:23:16.077000,33.59228833954185,130.3456268181376,12.7036619119015
2023-05-06 13:23:18.577000,33.59231648387722,130.3456286412015,12.56290190078781
2023-05-06 13:23:20.577000,33.59234164006411,130.3456317005962,12.62497461871252
2023-05-06 13:23:23.577000,33.59238239706828,130.345641067373,12.60248950234872
2023-05-06 13:23:26.075000,33.59241476378738,130.3456478567145,12.55243947919578
2023-05-06 13:23:28.074000,33.592438861759,130.3456510418377,12.55788317674857
2023-05-06 13:23:30.575000,33.59246963172554,130.3456550441965,12.49971682734172
2023-05-06 13:23:32.574000,33.59249841308556,130.3456586903244,12.5134902533648
2023-05-06 13:23:35.577000,33.59254426209591,130.3456631327331,12.54825574894438
2023-05-06 13:23:37.578000,33.59257637526243,130.3456740082524,12.56574356344428
2023-05-06 13:23:40.075000,33.59262553512453,130.3456979637317,12.66325341516522
2023-05-06 13:23:42.577000,33.59267300812862,130.3457169864609,12.95530758413281
2023-05-06 13:23:44.578000,33.59270314107052,130.345718453294,13.0825805098628
2023-05-06 13:23:47.577000,33.59274321704506,130.3457147862113,13.16842827590578
2023-05-06 13:23:50.576000,33.5927820462115,130.3457267932876,13.04155724244038
2023-05-06 13:23:52.575000,33.59280668900683,130.345737061119,12.96628187416574
2023-05-06 13:23:55.576000,33.5928395251125,130.3457525257304,12.96154179121863
2023-05-06 13:23:58.578000,33.59287291651926,130.345760006579,13.34737941169227
2023-05-06 13:24:01.579000,33.59290999596342,130.3457652452684,13.16352586689359
2023-05-06 13:24:04.579000,33.59294795550741,130.3457663768254,12.9673318750598
2023-05-06 13:24:06.579000,33.59297437945715,130.3457641765758,12.6535591533291
2023-05-06 13:24:09.079000,33.5930099878773,130.345770048099,12.37246358618395
2023-05-06 13:24:11.578000,33.59304502842351,130.3457782162636,12.28590344709705
2023-05-06 13:24:13.578000,33.59307195528745,130.3457855085194,12.28499046229912
2023-05-06 13:24:16.077000,33.59310440163463,130.3457970378272,12.31199470784648
2023-05-06 13:24:18.077000,33.59312888517379,130.3458070625834,12.32444982965569
2023-05-06 13:24:20.579000,33.5931590432614,130.3458190989963,12.53555395728585
2023-05-06 13:24:22.579000,33.59318609585389,130.3458272923067,12.6211328238601
2023-05-06 13:24:24.582000,33.59321458384729,130.3458322166748,12.63026906267929
2023-05-06 13:24:26.583000,33.59324423482976,130.345832028082,12.64110783233189
2023-05-06 13:24:28.597000,33.59327294284812,130.3458284238636,12.3466663316651
2023-05-06 13:24:31.094000,33.59330475426614,130.3458343372963,12.08274500761655
2023-05-06 13:24:33.079000,33.59332918751388,130.3458514699064,11.99067230079914
2023-05-06 13:24:35.079000,33.59335129059254,130.3458729443423,11.98873572868274
2023-05-06 13:24:37.579000,33.5933763545785,130.3458916024587,12.0023832936761
2023-05-06 13:24:40.579000,33.5934188927371,130.3458965268269,11.90047519412342
2023-05-06 13:24:43.579000,33.59346160901114,130.3459037771731,12.35333034545626
2023-05-06 13:24:46.079000,33.59349474686532,130.3459139821402,12.10441364704945
2023-05-06 13:24:48.079000,33.59352120015173,130.3459195812515,11.94449288072555
2023-05-06 13:24:50.078000,33.59354549090713,130.3459153232447,12.16055064882777
2023-05-06 13:24:52.583000,33.59357255397699,130.3459010320998,12.79855558376042
2023-05-06 13:24:54.587000,33.59359395926221,130.3458985803931,13.0443780998943
2023-05-06 13:24:57.081000,33.59362236972301,130.3459150047324,12.65511491843491
2023-05-06 13:24:59.578000,33.59364981416947,130.3459361522741,12.69953601802412
2023-05-06 13:25:01.590000,33.59367170141413,130.3459454352319,13.05795079945759
2023-05-06 13:25:03.600000,33.59369557936079,130.3459494375906,13.24603754788196
2023-05-06 13:25:06.087000,33.59372736982404,130.3459523712567,13.20342617500643
2023-05-06 13:25:08.579000,33.5937616706673,130.3459549067825,12.9051470933244
2023-05-06 13:25:10.582000,33.59378967670127,130.3459600406981,13.25983248939994
2023-05-06 13:25:12.583000,33.59381763034835,130.3459667671754,13.44280123286976
2023-05-06 13:25:15.082000,33.59385019823312,130.3459723201863,13.53509972778594
2023-05-06 13:25:17.082000,33.59387568760067,130.3459770308159,13.58993167775083
2023-05-06 13:25:19.078000,33.59390328920781,130.3459851947896,13.6007354729051
2023-05-06 13:25:21.581000,33.59393847643732,130.3459994985073,13.49148499784686
2023-05-06 13:25:24.585000,33.59397990399375,130.3460140411093,13.52076416770747
2023-05-06 13:25:26.581000,33.59400545832104,130.3460173100516,13.46853081665157
2023-05-06 13:25:28.592000,33.59402451667338,130.3460202018082,13.05370719247313
2023-05-06 13:25:30.613000,33.59404581718481,130.3460241413026,13.03730941374646
2023-05-06 13:25:33.102000,33.59408039882182,130.3460223936758,12.88628870132182
2023-05-06 13:25:35.085000,33.59410670123398,130.3460187056384,12.81294165833463
2023-05-06 13:25:37.078000,33.59413275218903,130.3460184709452,12.94556302673504
2023-05-06 13:25:39.078000,33.59416006881147,130.3460219242893,13.29534178740344
2023-05-06 13:25:41.579000,33.59419441785067,130.3460268444664,13.61230479838715
2023-05-06 13:25:43.576000,33.59422206765375,130.3460316011965,13.44319290169861
2023-05-06 13:25:45.577000,33.59424901547245,130.3460358550123,13.00029812680863
2023-05-06 13:25:48.580000,33.59429455016143,130.3460491403289,12.46267128178731
2023-05-06 13:25:51.033000,33.59433048128485,130.3460791223965,12.0557166061616
2023-05-06 13:25:53.002000,33.59434920645653,130.3461125997178,11.81463990158007
2023-05-06 13:25:55.002000,33.59435989338308,130.346150150644,11.57295697787137
2023-05-06 13:25:57.002000,33.59436581938862,130.3461863269381,11.12401775755744
2023-05-06 13:25:59.002000,33.59436933140605,130.3462203909926,10.70342887046812
2023-05-06 13:26:01.001000,33.59437204714268,130.3462534995101,10.54661243576235
2023-05-06 13:26:03.001000,33.59437574356198,130.3462892734728,10.45366496613924
2023-05-06 13:26:05.001000,33.59438220600932,130.3463247624508,10.34012072558595
2023-05-06 13:26:07.001000,33.59439408316612,130.346359027671,10.14577038252104
2023-05-06 13:26:09.001000,33.59440478685647,130.3463886996082,9.939896015688481
2023-05-06 13:26:11.001000,33.59440757803022,130.3464199473433,9.878958880002575
2023-05-06 13:26:13.001000,33.59440268299877,130.3464537096492,9.681823356823909
2023-05-06 13:26:15.001000,33.59439365568905,130.346486801403,9.704608966013531
2023-05-06 13:26:17,33.59438415899276,130.3465173450581,9.782609704013602
2023-05-06 13:26:19,33.59437717686742,130.3465467990659,9.745763357460209
2023-05-06 13:26:21,33.59437217287122,130.3465773930124,9.524760534826051
2023-05-06 13:26:23,33.59436836748718,130.3466092107169,9.300262640797174
2023-05-06 13:26:25,33.59436829205006,130.3466408104918,9.316787664960295
2023-05-06 13:26:27,33.59437424320131,130.3466715217851,9.471465253269637
2023-05-06 13:26:29,33.5943792471975,130.346705284091,9.238703530958272
2023-05-06 13:26:31,33.59437619618475,130.346742164465,9.032520260445065
2023-05-06 13:26:33,33.59436752929687,130.3467791621856,8.95917202045875
2023-05-06 13:26:35,33.59435874506234,130.3468136453352,9.02413321620053
2023-05-06 13:26:37,33.59435247539877,130.346846820908,8.909126807577611
2023-05-06 13:26:39,33.5943496423155,130.3468806502692,8.874235930524097
2023-05-06 13:26:41,33.59434711098074,130.3469166421614,8.715636947552035
2023-05-06 13:26:43,33.59434443715363,130.3469509912006,8.702186589879672
2023-05-06 13:26:45,33.59434404320418,130.3469859940282,8.583493202785501
2023-05-06 13:26:47,33.59434512446969,130.3470233773164,8.284458037339917
2023-05-06 13:26:49,33.59434480595737,130.3470615652672,8.20975528707292
2023-05-06 13:26:51,33.59434411025941,130.3470945732019,8.223040264542913
2023-05-06 13:26:53,33.5943443449527,130.3471247648172,8.151107289531035
2023-05-06 13:26:55,33.59434336427002,130.3471535482726,7.99268206753719
2023-05-06 13:26:57,33.59434390909373,130.3471835051946,8.066434791498086
2023-05-06 13:26:59.500000,33.59434852961785,130.3472222714967,8.258417015958493
2023-05-06 13:27:01.500000,33.59434873916543,130.3472532635837,7.927178761832233
2023-05-06 13:27:03.500000,33.59434340617954,130.3472864978298,7.689622558361796
2023-05-06 13:27:05.500000,33.59433402892537,130.3473199625782,7.809465583477506
2023-05-06 13:27:07.500000,33.59432781583964,130.3473513318508,7.803966492144522
2023-05-06 13:27:09.500000,33.59432776345275,130.3473842727303,7.595505849301039
2023-05-06 13:27:11.500000,33.59432994274757,130.3474183870762,7.326669896382656
2023-05-06 13:27:13.500000,33.59433299166485,130.3474505526296,7.281708551016224
2023-05-06 13:27:15.500000,33.59433403940275,130.3474827391378,7.377469428125177
2023-05-06 13:27:17.500000,33.5943304770939,130.3475152609221,7.378701003740088
2023-05-06 13:27:19.500000,33.59432622327804,130.347546085371,7.481307496156067
2023-05-06 13:27:21.500000,33.59432504981159,130.3475770145937,7.571917573648546
2023-05-06 13:27:23.500000,33.59432685192078,130.3476080066807,7.473367044932136
2023-05-06 13:27:25.500000,33.59433043518438,130.3476388311296,7.332711427716064
2023-05-06 13:27:27.500000,33.59433285545892,130.3476719396471,7.299109274814275
2023-05-06 13:27:29.500000,33.59433106382712,130.3477044614314,7.379019366890011
2023-05-06 13:27:31.500000,33.5943286330752,130.3477371927633,7.540938931981551
2023-05-06 13:27:33.500000,33.59433016277253,130.3477715585663,7.360985621869195
2023-05-06 13:27:35.500000,33.59433323264457,130.3478067835144,7.195954538124237
2023-05-06 13:27:37.500000,33.59433657492846,130.347841966553,7.344137724732431
2023-05-06 13:27:39.500000,33.59434166693463,130.3478742997445,7.328901640607429
2023-05-06 13:27:41.500000,33.5943470627848,130.3479050613291,7.303493325375555
2023-05-06 13:27:43.500000,33.59434808956794,130.3479380022086,7.527825028849896
2023-05-06 13:27:45.500000,33.59434731424189,130.3479719279617,7.589947382067537
2023-05-06 13:27:47.500000,33.59434958783313,130.3480022704511,7.551456236582865
2023-05-06 13:27:49.500000,33.59435086607336,130.3480324243478,7.544388267742423
2023-05-06 13:27:51.500000,33.59435160996727,130.3480663501009,7.462581297818336
2023-05-06 13:27:53.500000,33.59435184046961,130.3481000663064,7.459604349930858
2023-05-06 13:27:55.500000,33.59434899062253,130.3481308698005,7.469601939829901
2023-05-06 13:27:57.500000,33.59435160996727,130.3481641250014,7.512479073617013
2023-05-06 13:27:59.500000,33.59436267407946,130.3481999785922,7.51405585839615
2023-05-06 13:28:01.500000,33.59437185226343,130.3482349939927,7.580247933401689
2023-05-06 13:28:03.500000,33.59437628419473,130.3482708475835,7.668526110460418
2023-05-06 13:28:05.500000,33.59438070564865,130.3483031388655,7.563527385848975
2023-05-06 13:28:07.500000,33.59438399554565,130.348335639695,7.407058546382341
2023-05-06 13:28:09.500000,33.59438393268137,130.3483702988646,7.438147558880622
2023-05-06 13:28:11.500000,33.59438224582336,130.3484088975287,7.505231393476468
2023-05-06 13:28:13.500000,33.59437734241001,130.348451289004,7.44989250226058
2023-05-06 13:28:15.500000,33.59436737842261,130.3484869330473,7.429197906729586
2023-05-06 13:28:17.500000,33.59435820023864,130.3485165211655,7.418425210542662
2023-05-06 13:28:19.500000,33.59435554946176,130.3485455435052,7.33299735956702
2023-05-06 13:28:21.500000,33.59435926893129,130.348576640366,7.238055639987506
2023-05-06 13:28:23.500000,33.59435903842895,130.3486024775825,7.284900025020607
2023-05-06 13:28:25.500000,33.59434904300942,130.348621127317,7.378807681392095
2023-05-06 13:28:27.500000,33.59433589389882,130.3486449738316,7.359343047663419
2023-05-06 13:28:29.500000,33.59432465167119,130.3486776842087,7.232757809163128
2023-05-06 13:28:31.500000,33.59432135129682,130.3487093887574,6.989645934500187
2023-05-06 13:28:33.500000,33.59432789965867,130.3487382644139,6.800703091143266
2023-05-06 13:28:35.500000,33.59433565291911,130.3487686697676,6.715021063777193
2023-05-06 13:28:37.500000,33.59433840846977,130.3487998714022,6.815743985392201
2023-05-06 13:28:39.500000,33.59433878565542,130.3488305910773,7.136954181825511
2023-05-06 13:28:41.500000,33.59434101733714,130.348860912612,7.183685971557972
2023-05-06 13:28:43.500000,33.59434643414206,130.3488913598753,7.086594830401275
2023-05-06 13:28:45.500000,33.59435267865992,130.3489218909576,7.135939269757769
2023-05-06 13:28:47.500000,33.59436087197027,130.3489527782708,7.130453465831809
2023-05-06 13:28:49.500000,33.59437028065658,130.3489807319179,7.204672748859518
2023-05-06 13:28:51.500000,33.59437400012612,130.3490080569222,7.410541838278342
2023-05-06 13:28:53.500000,33.59437266949899,130.3490417102634,7.328831213712754
2023-05-06 13:28:55.500000,33.59437351816668,130.3490769561663,7.116681963774172
2023-05-06 13:28:57.500000,33.59437546695917,130.3491073824748,7.08920685928101
2023-05-06 13:28:59.500000,33.59437748909331,130.3491355037599,7.086675865855845
2023-05-06 13:29:01.500000,33.59438224582336,130.3491669149421,7.000843068396634
2023-05-06 13:29:03.500000,33.59438435177653,130.3491996253192,6.944728394687045
2023-05-06 13:29:05.500000,33.59438617484047,130.3492304288133,6.912028699674985
2023-05-06 13:29:07.500000,33.59439017719924,130.3492648993901,6.815706504399036
2023-05-06 13:29:09.500000,33.59438874179832,130.3493028903663,6.6928913229269
2023-05-06 13:29:11.500000,33.59438259157687,130.3493356216981,6.635917837535217
2023-05-06 13:29:13.500000,33.59437936454415,130.3493661318257,6.74033269900147
2023-05-06 13:29:15.500000,33.59438034941777,130.3493994498908,7.045485898812484
2023-05-06 13:29:17.500000,33.59438240298405,130.3494300228826,7.271793158403
2023-05-06 13:29:19.500000,33.59438478134907,130.349458039394,7.233668602570746
2023-05-06 13:29:21.500000,33.59438438320867,130.3494881304264,7.109672114486758
2023-05-06 13:29:23.500000,33.59438135524615,130.3495187872372,6.732391857902696
2023-05-06 13:29:25.500000,33.59438366026952,130.3495495069123,6.464208114014221
2023-05-06 13:29:27.500000,33.59439016672186,130.3495784244783,6.670923751982502
2023-05-06 13:29:29.500000,33.59439351948313,130.3495966132081,6.645408362768824
2023-05-06 13:29:31.500000,33.59440108415074,130.3496097937509,6.310978794305523
2023-05-06 13:29:33.500000,33.59441094336434,130.3496283806212,6.16944420176642
2023-05-06 13:29:36.381000,33.59441770778735,130.3496756666122,6.100720594090729
2023-05-06 13:29:38.478000,33.5944270015173,130.3497165103961,6.059122936755264
2023-05-06 13:29:40.565000,33.59443237241897,130.349746287592,6.015593718610201
2023-05-06 13:29:42.548000,33.59443290492845,130.3497675638537,6.023352274042614
2023-05-06 13:29:45.502000,33.59443470429513,130.3498026155721,5.938432793720591
2023-05-06 13:29:47.492000,33.59443345089165,130.3498293637438,5.920357825952108
2023-05-06 13:29:49.496000,33.59443009076222,130.3498593836206,5.999925153904952
2023-05-06 13:29:51.497000,33.59442703268871,130.3498912273459,6.162621209434486
2023-05-06 13:29:53.578000,33.5944246622504,130.3499192486736,6.149198786995523
2023-05-06 13:29:56.500000,33.5944197338853,130.3499558196686,6.056791099227979
2023-05-06 13:29:58.500000,33.59441637064665,130.3499833332657,6.275479115358754
2023-05-06 13:30:00.500000,33.59441231590099,130.3500092543013,6.532780116339258
2023-05-06 13:30:02.500000,33.59440803065299,130.3500337713681,6.619935399812561
2023-05-06 13:30:04.500000,33.59440925650633,130.3500647005908,6.681416297688615
2023-05-06 13:30:06.500000,33.59441728217862,130.3501073016136,6.428538949678387
2023-05-06 13:30:08.500000,33.59442461634389,130.3501515161529,6.13923174747115
2023-05-06 13:30:10.500000,33.59442749762311,130.3501906177312,6.086316595341239
2023-05-06 13:30:12.500000,33.59442875490858,130.3502248578056,6.062864955929167
2023-05-06 13:30:14.500000,33.5944311856605,130.350255724164,6.281697209431647
2023-05-06 13:30:16.500000,33.59443463271818,130.3502873029842,6.275873640107431
2023-05-06 13:30:18.500000,33.59443597382269,130.3503181693427,5.813128295443592
2023-05-06 13:30:20.500000,33.59443675962611,130.350346793542,5.58149657529342
2023-05-06 13:30:22.500000,33.59443856173529,130.3503722116634,5.691558026898091
2023-05-06 13:30:24.500000,33.59444187258705,130.350397084961,5.801277392554784
2023-05-06 13:30:26.501000,33.59444787612519,130.3504239908702,5.745367489418368
2023-05-06 13:30:28.501000,33.5944542463716,130.3504478373847,5.659200161727933
2023-05-06 13:30:30.501000,33.59445516838095,130.3504691483735,5.528111914340181
2023-05-06 13:30:32.501000,33.59445068406276,130.350494042626,5.256690651736617
2023-05-06 13:30:34.501000,33.59444891338571,130.3505229392372,5.183076380771494
2023-05-06 13:30:36.501000,33.59444732082411,130.3505540989622,5.339939747038844
2023-05-06 13:30:38.501000,33.59444062577895,130.350576017639,5.474051903003882
2023-05-06 13:30:40.501000,33.59443478987887,130.3505916498884,5.535546677817338
2023-05-06 13:30:42.501000,33.59443490513004,130.3506131075605,5.675199396435123
2023-05-06 13:30:44.501000,33.59443937897085,130.350636786437,5.671508835141033
2023-05-06 13:30:46.501000,33.59444534059948,130.3506669612884,5.575022109359028
2023-05-06 13:30:48.501000,33.59445301004089,130.3507086612567,5.748516085140389
2023-05-06 13:30:50.501000,33.59446078425608,130.3507513880081,5.762512085123945
2023-05-06 13:30:52.501000,33.59446956429965,130.3507901543103,5.674380910583629
2023-05-06 13:30:54.501000,33.59447786238379,130.3508242267467,5.697836877476801
2023-05-06 13:30:56.501000,33.59448046077377,130.3508514469772,5.684821296932446
2023-05-06 13:30:58.501000,33.59447743281125,130.350880113086,5.685097048880964
2023-05-06 13:31:00.501000,33.5944743734166,130.3509147093914,5.55016830311008
2023-05-06 13:31:02.501000,33.59447428959756,130.3509501229323,5.344982967876865
2023-05-06 13:31:04.501000,33.59447525351643,130.3509832524046,5.243656846615378
2023-05-06 13:31:06.501000,33.5944794025585,130.3510210757426,5.329203299983932
2023-05-06 13:31:08.501000,33.59448673672377,130.3510680144004,5.564069533234616
2023-05-06 13:31:10.501000,33.59449301267377,130.3511105316042,5.655464377278902
2023-05-06 13:31:12.501000,33.5944986285489,130.3511411255508,5.637649688234972
2023-05-06 13:31:14.501000,33.59450681138187,130.351169246836,5.838989481052191
2023-05-06 13:31:16.501000,33.59451526662669,130.3511996940992,5.923768952345698
2023-05-06 13:31:18.501000,33.59452120730057,130.3512311052814,5.791862223320075
2023-05-06 13:31:20.501000,33.59452537729739,130.3512628726944,5.698587445981969
2023-05-06 13:31:22.501000,33.59452835287302,130.3512947658359,5.677586499952223
2023-05-06 13:31:24.501000,33.59453185231759,130.3513274133488,5.798599306493019
2023-05-06 13:31:26.501000,33.59453731103203,130.3513619467899,6.030450216108068
2023-05-06 13:31:28.501000,33.59454325170591,130.3513962916381,6.278275007815234
2023-05-06 13:31:30.501000,33.59454791413955,130.3514275980465,6.45410288125955
2023-05-06 13:31:32.501000,33.59455218891016,130.351456201291,6.894036908804932
2023-05-06 13:31:34.501000,33.5945578990817,130.3514845321237,6.934177621014868
2023-05-06 13:31:36.501000,33.594564321715,130.3515137221015,6.839851741408874
2023-05-06 13:31:38.501000,33.59456918321884,130.3515464324787,7.098845048834908
2023-05-06 13:31:40.501000,33.59456878507844,130.3515804420508,7.062835264419663
2023-05-06 13:31:42.501000,33.59456364068537,130.3516086681097,6.982410905525104
2023-05-06 13:31:44.501000,33.59456123088821,130.3516328289456,7.013454356344305
2023-05-06 13:31:46.501000,33.59456496083512,130.3516540351606,7.008955522193947
2023-05-06 13:31:48.501000,33.5945740866322,130.3516756604708,6.814452762682701
2023-05-06 13:31:50.501000,33.59458582129664,130.3517052695438,6.735778107769264
2023-05-06 13:31:52.501000,33.5945935116928,130.3517366807259,6.804788970150111
2023-05-06 13:31:54.501000,33.59459252681918,130.3517648229658,6.870691809582433
2023-05-06 13:31:56.501000,33.59459048373028,130.3518009280137,6.981479769726496
2023-05-06 13:31:58.501000,33.59459161528721,130.3518391494922,6.780001760266649
2023-05-06 13:32:00.501000,33.59459165719672,130.3518689262032,6.446300010466145
2023-05-06 13:32:02.501000,33.59458899594247,130.351897592312,6.381698953395745
2023-05-06 13:32:04.501000,33.59458145222961,130.3519185680247,6.480163408413234
2023-05-06 13:32:06.501000,33.59457650690674,130.35193369736,6.773220690631296
2023-05-06 13:32:08.501000,33.59458099122494,130.3519604775406,7.144005303277314
2023-05-06 13:32:10.501000,33.59458789581767,130.3519985942453,7.231626203182216
2023-05-06 13:32:12.501000,33.59459225440732,130.3520414048157,7.193621514100132
2023-05-06 13:32:14.501000,33.59459656061008,130.3520847183003,7.245914074355619
2023-05-06 13:32:16.501000,33.59460270035415,130.3521257896259,7.112376265620354
2023-05-06 13:32:18.501000,33.5946085048221,130.3521640320591,7.081143680820256
2023-05-06 13:32:20.501000,33.59461240240707,130.3521983978621,7.268405564916145
2023-05-06 13:32:22.501000,33.59461534655056,130.3522293480396,7.346387032185663
2023-05-06 13:32:24.501000,33.59461895076893,130.3522639024354,7.340149926460994
2023-05-06 13:32:26.501000,33.59462317315265,130.3523019562758,7.31391940988696
2023-05-06 13:32:28.501000,33.59462880998253,130.3523361963503,7.395593060480913
2023-05-06 13:32:30.501000,33.59463841773904,130.3523661197446,7.512307349712916
2023-05-06 13:32:32.501000,33.59464971235357,130.3523969651482,7.778455934503011
2023-05-06 13:32:34.501000,33.59465705699622,130.3524295288421,7.930282824010501
2023-05-06 13:32:36.501000,33.59465900578871,130.3524607304766,7.801793635924042
2023-05-06 13:32:38.501000,33.59466176133937,130.3524916596993,7.968642174501728
2023-05-06 13:32:40.501000,33.59466796394772,130.3525196133464,8.048920179247425
2023-05-06 13:32:42.501000,33.59467498379163,130.3525467078484,8.095079925540549
2023-05-06 13:32:44.501000,33.5946800757978,130.3525718116484,8.085062768488427
2023-05-06 13:32:46.501000,33.59468167883679,130.3525936884157,7.770948166107144
2023-05-06 13:32:49.418000,33.59468787417308,130.3526286892324,7.801482996673101
2023-05-06 13:32:51.494000,33.59469915557521,130.3526577609077,7.614124647898189
2023-05-06 13:32:54.377000,33.59472444348373,130.3526913085105,7.608708151877614
2023-05-06 13:32:56.487000,33.59473975017881,130.3527096139734,7.706290997631306
2023-05-06 13:32:58.482000,33.59474661397929,130.3527328750293,7.787698586423648
2023-05-06 13:33:00.501000,33.59475126862922,130.3527710217434,7.88202169753766
2023-05-06 13:33:02.537000,33.59475353473387,130.352813261186,8.030165103815769
2023-05-06 13:33:04.523000,33.59475320284428,130.3528454600648,7.941060117785481
2023-05-06 13:33:06.540000,33.59475247343665,130.3528731549547,7.907153797811962
2023-05-06 13:33:08.503000,33.59475400129798,130.3528982135031,7.928290754746555
2023-05-06 13:33:10.659000,33.59475205336038,130.3529296555511,8.066784875606565
2023-05-06 13:33:13.501000,33.59476266897618,130.3529821267634,8.239943418881531
2023-05-06 13:33:15.501000,33.59477917084805,130.3530150885976,8.22120408940803
2023-05-06 13:33:17.501000,33.59478973204605,130.3530462483227,8.430191899294995
2023-05-06 13:33:19.501000,33.59479704525656,130.3530815151803,8.473749430979025
2023-05-06 13:33:21.501000,33.59479549460448,130.3531202186182,8.373455253513493
2023-05-06 13:33:23.501000,33.59478364468887,130.3531578533634,8.45042607985919
2023-05-06 13:33:25.501000,33.59477773544713,130.3531964729823,8.719529197915099
2023-05-06 13:33:27.501000,33.59478494388386,130.3532381100863,9.129725652478513
2023-05-06 13:33:29.501000,33.59479722337201,130.3532784270405,9.280004110062617
2023-05-06 13:33:31.501000,33.59480980670414,130.353328508912,9.225801605822564
2023-05-06 13:33:33.501000,33.59482159375548,130.3533882509268,9.415617720434419
2023-05-06 13:33:35.501000,33.59483761366791,130.3534538812287,9.314858096456682
2023-05-06 13:33:37.501000,33.59485919706858,130.3535159492216,9.198875042905918
2023-05-06 13:33:39.501000,33.59488708785138,130.3535804479666,9.327964910991582
2023-05-06 13:33:41.501000,33.59491513579487,130.3536584415756,9.395828492531544
2023-05-06 13:33:43.501000,33.59493527331724,130.3537398927196,9.380173856640182
2023-05-06 13:33:45.501000,33.5949516808927,130.3538199608497,9.1355432791882
2023-05-06 13:33:47.501000,33.59496467284261,130.3538925062216,9.149298272300246
2023-05-06 13:33:49.501000,33.59497218512333,130.353961552149,9.369448681888297
2023-05-06 13:33:51.501000,33.59497480446807,130.3540221323542,9.263372881328412
2023-05-06 13:33:53.501000,33.59497836677692,130.354079108341,9.118348610651077
2023-05-06 13:33:55.501000,33.59498441222458,130.3541379912108,9.053029247607006
2023-05-06 13:33:57.501000,33.59499057292341,130.3541989486016,9.099162468737182
2023-05-06 13:33:59.501000,33.59500215042717,130.3542663810126,9.140561348492417
2023-05-06 13:34:01.501000,33.59502139737233,130.3543327237762,8.9047470719904
2023-05-06 13:34:03.501000,33.5950414825078,130.3543922771982,8.806924755587158
2023-05-06 13:34:05.501000,33.595057523375,130.3544414161056,9.013302833789396
2023-05-06 13:34:07.501000,33.59506856653243,130.3544894863203,9.139443383664938
2023-05-06 13:34:09.501000,33.59507374235763,130.3545510723538,8.910680522848178
2023-05-06 13:34:11.501000,33.59507602642625,130.354619007679,8.615465729461933
2023-05-06 13:34:13.501000,33.59508116034194,130.3546759208016,8.447715213358476
2023-05-06 13:34:15.501000,33.59509280070997,130.3547213926263,8.225272951258933
2023-05-06 13:34:17.501000,33.59510597077533,130.3547610390283,8.169333220141951
2023-05-06 13:34:19.501000,33.59511174381114,130.3548025084942,8.12732322544851
2023-05-06 13:34:21.501000,33.59511403835713,130.3548492376044,8.108344184999147
2023-05-06 13:34:23.501000,33.59511655292808,130.3548952123433,8.568399593015517
2023-05-06 13:34:25.501000,33.59511856458484,130.3549462371788,9.170589737538513
2023-05-06 13:34:27.501000,33.59512793136164,130.3550027940705,9.499334347079698
2023-05-06 13:34:29.501000,33.59514885468743,130.3550587013646,9.561457053691093
2023-05-06 13:34:31.501000,33.59517125532366,130.355111213988,9.680550373816091
2023-05-06 13:34:33.501000,33.595187023779,130.3551650258064,9.507995755166464
2023-05-06 13:34:35.501000,33.59519368739202,130.35521881667,9.037278522612837
2023-05-06 13:34:37.501000,33.59519583525471,130.3552722932122,8.790110486419335
2023-05-06 13:34:39.501000,33.59520195404402,130.3553303169369,8.508590879590507
2023-05-06 13:34:41.501000,33.5952173034042,130.3554042034134,8.466241706748495
2023-05-06 13:34:43.501000,33.59523665512315,130.355487247119,8.417003181356517
2023-05-06 13:34:45.501000,33.59525024428367,130.3555344791434,8.164016170883816
2023-05-06 13:34:47.501000,33.59526829680762,130.3555534851089,7.992185367560627
2023-05-06 13:34:49.501000,33.59529117940328,130.3555764515235,7.810581375551222
2023-05-06 13:34:52.668000,33.59530814926475,130.355618046718,7.961577208019769
2023-05-06 13:34:55.668000,33.5953124380052,130.3556612135194,7.854786618364261
2023-05-06 13:35:02.001000,33.59532077799886,130.3557498102359,7.705636198749275
2023-05-06 13:35:04.501000,33.59532365927807,130.3557836521699,7.626094515600511
2023-05-06 13:35:06.501000,33.59531694327816,130.3558120668217,7.654540664445883
2023-05-06 13:35:08.501000,33.59531584315337,130.3558393708713,7.550466574040701
2023-05-06 13:35:10.501000,33.59532063131555,130.3558695247679,7.535289676425009
2023-05-06 13:35:12.501000,33.59532229721881,130.3559026123307,7.581888115900996
2023-05-06 13:35:14.501000,33.59532174191772,130.355935825622,7.676457631080475
2023-05-06 13:35:16.501000,33.59531466968692,130.355969416099,8.04556573649619
2023-05-06 13:35:18.501000,33.59530295597724,130.3560031113497,8.44130021620008
2023-05-06 13:35:20.501000,33.59529800017699,130.3560338519796,8.674543847062772
2023-05-06 13:35:22.501000,33.59530305027365,130.3560592072367,8.780659948064374
2023-05-06 13:35:24.501000,33.59531494209877,130.3560840176701,8.869593635334866
2023-05-06 13:35:26.501000,33.5953233973436,130.3561198083966,8.936865922550481
2023-05-06 13:35:28.501000,33.59532488513141,130.3561612149983,9.199649303005911
2023-05-06 13:35:30.501000,33.59532551377415,130.3561996250696,9.584094352065421
2023-05-06 13:35:32.501000,33.59532431935295,130.3562400887072,9.926507324148202
2023-05-06 13:35:34.501000,33.59532141711897,130.3562785616427,10.26575015923095
2023-05-06 13:35:36.501000,33.59531939498483,130.3563099728248,10.33538344839191
2023-05-06 13:35:38.501000,33.59531718425787,130.3563385341599,10.04615263630945
2023-05-06 13:35:40.501000,33.59531398865729,130.3563657963,9.741575140367882
2023-05-06 13:35:42.501000,33.59530671735629,130.3563941061779,9.594930338240419
2023-05-06 13:35:44.501000,33.59529349490403,130.3564207815848,9.326648160026108
2023-05-06 13:35:46.501000,33.59527249823659,130.3564368329293,8.85090247190521
2023-05-06 13:35:48.501000,33.59524413597173,130.3564423649854,8.619453305260793
2023-05-06 13:35:50.501000,33.59521587848067,130.3564427631258,8.615451281572428
2023-05-06 13:35:52.501000,33.59519221008158,130.3564365605175,8.617456729484886
2023-05-06 13:35:54.501000,33.59517470238134,130.3564184136971,8.673824518556451
2023-05-06 13:35:56.501000,33.59516385829411,130.3563954472824,8.821244546616537
2023-05-06 13:35:58.501000,33.59515431340187,130.3563750163935,8.89318574472313
2023-05-06 13:36:00.501000,33.59514118524603,130.3563515470646,8.930045077872544
2023-05-06 13:36:02.501000,33.59512246216982,130.356328999745,8.929551265418644
2023-05-06 13:36:04.501000,33.59509906618259,130.3563199682444,9.004884804409128
2023-05-06 13:36:06.501000,33.59507568067274,130.3563239077389,9.281959991460317
2023-05-06 13:36:08.501000,33.59505354197099,130.3563314933612,9.632972963300656
2023-05-06 13:36:10.501000,33.59503325776532,130.3563382827028,9.887551147177488
2023-05-06 13:36:12.501000,33.59501511094495,130.356344841542,9.780537894687042
2023-05-06 13:36:15.291000,33.59498208699685,130.3563554968019,9.622990344128359
2023-05-06 13:36:17.501000,33.59495299056507,130.3563559685185,9.708052733543818
2023-05-06 13:36:19.501000,33.59492837920188,130.3563542502283,9.832893772719618
2023-05-06 13:36:21.501000,33.59490341160781,130.3563549836449,10.10457899587449
2023-05-06 13:36:23.501000,33.5948800575301,130.3563629464529,10.23656378905399
2023-05-06 13:36:25.501000,33.59485841126516,130.3563812609113,10.06790180009207
2023-05-06 13:36:27.501000,33.59483828422017,130.3563979828081,9.978458465481795
2023-05-06 13:36:29.501000,33.59481971830464,130.3564101365677,10.10021742372581
2023-05-06 13:36:31.501000,33.59481259368695,130.3564219550512,10.3692946823053
2023-05-06 13:36:33.501000,33.59481519207693,130.3564367491103,10.479478786082
2023-05-06 13:36:35.501000,33.59479963316917,130.3564567818589,10.33354337019319
2023-05-06 13:36:37.501000,33.59476531975306,130.3564746353127,10.2592051411084
2023-05-06 13:36:39.501000,33.59473509251475,130.3564877320364,10.14233919600742
2023-05-06 13:36:41.501000,33.59471172795966,130.356506633228,10.10547452279573
2023-05-06 13:36:43.501000,33.59468526210039,130.3565301444664,9.956866516864798
2023-05-06 13:36:45.501000,33.5946519859448,130.3565480607844,9.605331377244262
2023-05-06 13:36:47.501000,33.59462059571742,130.3565626033864,9.428036631383808
2023-05-06 13:36:49.501000,33.59459571194238,130.3565786337763,9.476817788467319
2023-05-06 13:36:51.501000,33.59456937181167,130.3565929039664,9.5555142686478
2023-05-06 13:36:53.501000,33.59454020278863,130.3566018935576,9.566153421473309
2023-05-06 13:36:55.501000,33.59450783816501,130.3566066083781,9.538183964423963
2023-05-06 13:36:57.501000,33.59447805097661,130.3566133977197,9.689879774238001
2023-05-06 13:36:59.501000,33.59445582845583,130.3566343524776,9.771727709100551
2023-05-06 13:37:01.501000,33.59443798547945,130.3566682363212,9.679202105542469
2023-05-06 13:37:03.501000,33.59442186079323,130.356698893132,9.724170982066154
2023-05-06 13:37:05.501000,33.59440194329581,130.3567212728135,9.702334766714568
2023-05-06 13:37:07.501000,33.59437670328989,130.3567415989287,9.713532435351107
2023-05-06 13:37:09.501000,33.59434878107495,130.3567645443886,9.641090720917424
2023-05-06 13:37:11.501000,33.59432558415792,130.3567878670342,9.411661303866101
2023-05-06 13:37:13.501000,33.5943020833969,130.3568143328934,9.177726057546252
2023-05-06 13:37:15.501000,33.59427390972487,130.3568383680008,9.152937174434458
2023-05-06 13:37:17.501000,33.59424502359106,130.3568533087432,9.217435315600737
2023-05-06 13:37:19.501000,33.59421668228097,130.3568652320004,9.229164621596897
2023-05-06 13:37:21.501000,33.594188372403,130.3568725033014,9.335886950143198
2023-05-06 13:37:23.501000,33.59415854330509,130.3568798584215,9.489742365886316
2023-05-06 13:37:27.501000,33.59410373613573,130.3569007503151,9.606944814313263
2023-05-06 13:37:29.501000,33.59407935527488,130.3569122544772,9.457114093262167
2023-05-06 13:37:31.501000,33.5940540943142,130.3569246806487,9.425314594729141
2023-05-06 13:37:33.501000,33.59403518264516,130.3569289344645,9.420316637151775
2023-05-06 13:37:35.608000,33.59401068790723,130.3569378254653,9.626703225254865
2023-05-06 13:37:38.501000,33.59394465809091,130.3569494491726,9.345535555320959
2023-05-06 13:37:40.501000,33.59390458211637,130.3569521732911,9.206131442663049
2023-05-06 13:37:42.501000,33.59388319778591,130.3569646832816,8.995101763392793
2023-05-06 13:37:44.501000,33.59386789033524,130.356984380754,8.919044557186849
2023-05-06 13:37:46.501000,33.59385162944309,130.3570039105884,9.031657759376264
2023-05-06 13:37:48.501000,33.59383379694409,130.3570191446974,9.058361663248052
2023-05-06 13:37:50.501000,33.59381741032339,130.3570323671497,9.041738237196322
2023-05-06 13:37:52.501000,33.59380237528458,130.3570429702572,9.110896307198185
2023-05-06 13:37:54.501000,33.59377863354384,130.3570481879919,9.214759689235592
2023-05-06 13:37:56.501000,33.59374303141012,130.3570460086971,9.272594858875697
2023-05-06 13:37:58.501000,33.59370323832481,130.357040392822,9.497295185970302
2023-05-06 13:38:00.501000,33.5936671332769,130.3570447933211,9.636825082192589
2023-05-06 13:38:02.501000,33.59363928440361,130.3570609284847,9.471897156370201
2023-05-06 13:38:04.501000,33.59361735524944,130.3570816317856,9.386120800813293
2023-05-06 13:38:06.501000,33.59359637953676,130.3571033828243,9.323504677916066
2023-05-06 13:38:08.501000,33.59357226061038,130.3571172129645,9.386025843167388
2023-05-06 13:38:10.501000,33.59354600429869,130.3571232269801,9.357331160452061
2023-05-06 13:38:12.501000,33.59352557340971,130.3571357160158,9.23944329300582
2023-05-06 13:38:14.501000,33.59350659887641,130.3571596044398,9.288256282989842
2023-05-06 13:38:16.501000,33.59348272092975,130.3571881238654,9.478227250914545
2023-05-06 13:38:18.501000,33.59345605600029,130.3572119284704,9.724486466316735
2023-05-06 13:38:20.501000,33.59342712795696,130.3572272883079,9.78983594789576
2023-05-06 13:38:22.501000,33.59339962483718,130.3572380590535,9.500731075360596
2023-05-06 13:38:24.501000,33.59337817764244,130.3572477401517,9.383046558002775
2023-05-06 13:38:26.501000,33.59337003671899,130.3572662641577,9.487602318507429
2023-05-06 13:38:28.501000,33.59337582023218,130.3572915355957,9.560290619972765
2023-05-06 13:38:30.501000,33.59338173995129,130.3573095566876,9.654370686312102
2023-05-06 13:38:32.501000,33.5933743114896,130.3573229048684,9.673513626146304
2023-05-06 13:38:34.501000,33.59335384916849,130.3573292751148,9.672913075331916
2023-05-06 13:38:36.501000,33.59333918083794,130.3573285836078,9.747147844672135
2023-05-06 13:38:38.501000,33.59333317729979,130.3573285207435,9.840227255828454
2023-05-06 13:38:40.501000,33.59332311901598,130.3573309724502,9.88651689531577
2023-05-06 13:38:42.501000,33.59331517716273,130.3573335079759,9.760730592483576
2023-05-06 13:38:44.501000,33.59331377319395,130.3573339061163,9.538154758777715
2023-05-06 13:38:46.501000,33.59328946567475,130.3573299666218,9.5150233487111
2023-05-06 13:38:48.501000,33.5932523338437,130.3573280806936,9.605342593332331
2023-05-06 13:38:50.501000,33.59322692619971,130.357337657018,9.477403421853971
2023-05-06 13:38:52.501000,33.59319954880848,130.3573538550458,9.432142679256868
2023-05-06 13:38:54.501000,33.593172192372,130.3573723790518,9.452729825953853
2023-05-06 13:38:56.501000,33.59314644945189,130.3573934385836,9.523780208992951
2023-05-06 13:38:58.501000,33.59312162854112,130.3574159439936,9.587517743126543
2023-05-06 13:39:00.501000,33.59310085189863,130.3574398952819,9.261101503611368
2023-05-06 13:39:02.501000,33.59308229646049,130.3574648523986,9.037419995821903
2023-05-06 13:39:04.501000,33.59306339526884,130.357489222782,9.066827190642654
2023-05-06 13:39:06.501000,33.59304476648904,130.3575163591936,9.044632219335751
2023-05-06 13:39:08.501000,33.59302833795882,130.3575423430934,9.073027314258034
2023-05-06 13:39:10.501000,33.59301006540991,130.3575626272991,9.053373196783889
2023-05-06 13:39:12.501000,33.59298505590632,130.3575797054268,9.018037341788583
2023-05-06 13:39:14.501000,33.59295842240899,130.3575965111426,9.09030846122724
2023-05-06 13:39:16.501000,33.59293327669948,130.3576144274607,9.259218848792056
2023-05-06 13:39:18.501000,33.59290871772318,130.3576294729769,9.165705927528021
2023-05-06 13:39:20.501000,33.5928828595519,130.3576419201031,9.086783496124809
2023-05-06 13:39:22.501000,33.59285512592978,130.3576522507987,9.394064029983609
2023-05-06 13:39:24.501000,33.59282625027335,130.3576609051138,9.645616126900242
2023-05-06 13:39:28.501000,33.5927778657373,130.3576790100246,9.592456774648696
2023-05-06 13:39:30.501000,33.59275275145992,130.3576895712226,9.56337389917454
2023-05-06 13:39:32.501000,33.59272519595324,130.3577023117154,9.632068491565184
2023-05-06 13:39:34.501000,33.59269768235608,130.3577193898431,9.739404509992429
2023-05-06 13:39:36.501000,33.59267044117077,130.3577386053562,9.910650843502651
2023-05-06 13:39:38.501000,33.59264305330216,130.357756102579,9.908711498927801
2023-05-06 13:39:40.501000,33.59261735229156,130.3577744170375,9.787198365434923
2023-05-06 13:39:42.501000,33.59259876542128,130.3577988502852,9.555292736511673
2023-05-06 13:39:44.501000,33.59258633924983,130.3578281031273,9.421348640255447
2023-05-06 13:39:46.501000,33.59257130421101,130.3578507133111,9.496308003272175
2023-05-06 13:39:48.501000,33.59254886166527,130.3578620707899,9.549379436048559
2023-05-06 13:39:50.501000,33.59252532947212,130.3578717728428,9.27792030468374
2023-05-06 13:39:53.501000,33.59248891010284,130.3578880127802,8.993885128516396
2023-05-06 13:39:55.501000,33.59246165844015,130.3578994121685,9.181922579190305
2023-05-06 13:39:57.501000,33.59243675371035,130.3579176218531,9.135282498088706
2023-05-06 13:39:59.501000,33.5924122261662,130.3579386394753,8.736307471923023
2023-05-06 13:40:01.501000,33.59239051703698,130.3579553613722,8.319406496178603
2023-05-06 13:40:03.501000,33.59236873456612,130.3579677037246,8.247164888851477
2023-05-06 13:40:05.501000,33.59234031991436,130.3579749540708,8.335724501043872
2023-05-06 13:40:07.501000,33.59231087847947,130.3579761904016,8.137763821766251
2023-05-06 13:40:09.501000,33.5922841192536,130.3579815757743,8.037001661393468
2023-05-06 13:40:12.608000,33.59223584464414,130.3580066486575,8.109012553600829
2023-05-06 13:40:15.501000,33.59219924200661,130.3580463678859,8.100145430256056
2023-05-06 13:40:17.501000,33.59217166554517,130.3580693133458,8.120696595871303
2023-05-06 13:40:20,33.59213446456342,130.3580822424314,8.128748320508567
2023-05-06 13:40:22.500000,33.59210159283466,130.3580919654391,7.955919038742824
2023-05-06 13:40:24.500000,33.59207420496605,130.3581019399039,7.823428390426398
2023-05-06 13:40:26.500000,33.59204729905687,130.3581114114545,7.978977511260306
2023-05-06 13:40:28.500000,33.59202198570929,130.3581210715979,8.103947141282676
2023-05-06 13:40:30.500000,33.59200051755979,130.358128761994,8.106884452884398
2023-05-06 13:40:32.651000,33.59198046504257,130.3581324270998,8.228010632351703
2023-05-06 13:40:35.500000,33.59194562657139,130.3581362218879,8.138479109165377
2023-05-06 13:40:37.500000,33.59192198960445,130.3581384221374,8.259713074279851
2023-05-06 13:40:39.500000,33.59189694866873,130.3581428645461,8.346528308706333
2023-05-06 13:40:41.500000,33.59187325931489,130.3581520008206,8.088841320630276
2023-05-06 13:40:43.500000,33.59185180164277,130.3581665643773,8.051801140088331
2023-05-06 13:40:45.500000,33.59183259660713,130.3581847111977,8.067401469586102
2023-05-06 13:40:47.500000,33.59181047886013,130.3581972211882,8.049897154977904
2023-05-06 13:40:49.500000,33.59177748559377,130.3581961524955,8.208491405956837
2023-05-06 13:40:51.500000,33.59174482760354,130.35818538175,8.228467172949792
2023-05-06 13:40:53.500000,33.59171369931064,130.3581733537189,8.240911476315802
2023-05-06 13:40:55.500000,33.59167803431264,130.3581607599094,8.35094595417152
2023-05-06 13:40:57.500000,33.59164341705254,130.3581500939376,8.336026809479641
2023-05-06 13:40:59.500000,33.59161163916215,130.3581438075102,8.332049297743428
2023-05-06 13:41:01.500000,33.59158200913443,130.3581373534448,8.299193287355953
2023-05-06 13:41:03.500000,33.59155660149045,130.3581264988802,8.373603598318606
2023-05-06 13:41:05.500000,33.59153609725981,130.358116650144,8.455535614486053
2023-05-06 13:41:07.500000,33.59151485961265,130.3581105103999,8.356547601328851
2023-05-06 13:41:09.500000,33.59149290950372,130.3580958211146,8.500396735168003
2023-05-06 13:41:11.500000,33.59147278245873,130.3580747406281,9.007719890448255
2023-05-06 13:41:13.500000,33.59145204772576,130.3580603866189,9.173128257355664
2023-05-06 13:41:15.500000,33.59142932229079,130.3580490710496,9.089443559999836
2023-05-06 13:41:17.500000,33.59140537100247,130.3580333130717,8.863632659346161
2023-05-06 13:41:19.500000,33.5913792089872,130.3580139718301,8.776606863917458
2023-05-06 13:41:21.500000,33.59135622161775,130.3580037459082,8.893429899437518
2023-05-06 13:41:23.500000,33.59133770808912,130.3580063023887,8.885308542638512
2023-05-06 13:41:25.500000,33.59131587323136,130.3580105352498,9.040646838940482
2023-05-06 13:41:27.500000,33.59128904066383,130.3580077273122,8.986146823013964
2023-05-06 13:41:29.500000,33.59126533035523,130.3579923046104,8.872387124381738
2023-05-06 13:41:31.500000,33.59124677491709,130.3579693381957,8.959108116348286
2023-05-06 13:41:33.500000,33.59122881668954,130.3579451354503,8.920271586838208
2023-05-06 13:41:35.500000,33.59121208431534,130.3579198430575,8.941262886199002
2023-05-06 13:41:37.500000,33.59119818083345,130.3578935448363,9.08878009920285
2023-05-06 13:41:39.500000,33.59118423544205,130.3578662407867,9.075854940643961
2023-05-06 13:41:41.500000,33.59117027957327,130.3578397749274,9.026911616417376
2023-05-06 13:41:43.500000,33.59116139475591,130.3578091390713,9.012613611932295
2023-05-06 13:41:45.500000,33.59115950882769,130.3577722796522,9.044787695695188
2023-05-06 13:41:47.500000,33.59115912116467,130.3577368451565,9.032996166683706
2023-05-06 13:41:49.500000,33.59115043541751,130.3577077389977,8.897858940370625
2023-05-06 13:41:51.500000,33.59113200570791,130.3576815245956,8.820198860146977
2023-05-06 13:41:53.500000,33.59110811728387,130.357651538337,8.917948738396159
2023-05-06 13:41:55.500000,33.59108671199865,130.3576207767523,8.851808419034356
2023-05-06 13:41:57.500000,33.59107112165875,130.3575922782815,8.819416418657823
2023-05-06 13:41:59.500000,33.59105933460742,130.3575637169465,8.989151145461232
2023-05-06 13:42:01.500000,33.59105279672294,130.3575285129532,8.763811634561289
2023-05-06 13:42:03.500000,33.59104908773079,130.3574918840363,8.527100471651018
2023-05-06 13:42:05.500000,33.59104011909439,130.3574669478744,8.650865998895963
2023-05-06 13:42:07.500000,33.59102202466092,130.3574453854285,8.673379264740779
2023-05-06 13:42:09.500000,33.59100329110733,130.3574206378593,8.707424095102276
2023-05-06 13:42:11.500000,33.59099039345383,130.3573983839064,8.801879424735214
2023-05-06 13:42:13.500000,33.59097925599999,130.3573737201563,8.845274320854998
2023-05-06 13:42:15.500000,33.59096672505475,130.3573452426403,8.646257067951229
2023-05-06 13:42:17.500000,33.59095311493947,130.3573168698981,8.35341460888165
2023-05-06 13:42:19.500000,33.59094072020016,130.3572833003759,8.537003069904607
2023-05-06 13:42:21.500000,33.5909321811363,130.3572473001018,8.504122972532191
2023-05-06 13:42:23.725000,33.59092804556515,130.3572108396783,8.399090974608125
2023-05-06 13:42:26.500000,33.59091128924265,130.3571680492073,8.533140228665962
2023-05-06 13:42:28.500000,33.59089317385442,130.3571381677225,8.538505264576706
2023-05-06 13:42:30.500000,33.59087626336477,130.3571084748305,8.616055642410018
2023-05-06 13:42:32.500000,33.59086292566135,130.3570785095266,8.80242575274896
2023-05-06 13:42:34.500000,33.5908510967005,130.3570505349248,8.88153412168602
2023-05-06 13:42:36.601000,33.59083764362818,130.3570222422345,8.893402081196076
2023-05-06 13:42:39.500000,33.59082575192078,130.356981614726,9.449390656368969
2023-05-06 13:42:41.500000,33.59081938167437,130.3569441057093,9.654095728800588
2023-05-06 13:42:43.500000,33.59081589270718,130.3569029505647,9.669549047752591
2023-05-06 13:42:45.500000,33.59080341414883,130.3568634718008,10.09123561952184
2023-05-06 13:42:47.500000,33.59078035343773,130.3568284564003,10.20946012792924
2023-05-06 13:42:49.500000,33.5907599958904,130.3567977576799,10.19945871284428
2023-05-06 13:42:51.500000,33.59074599811211,130.3567643977053,10.32220013014579
2023-05-06 13:42:53.725000,33.59072539830212,130.3567329972144,9.709414532600277
2023-05-06 13:42:56.500000,33.5907066031672,130.3567129747293,10.68338451836668
2023-05-06 13:42:58.500000,33.59070255889892,130.3567213566325,10.66256688507941
2023-05-06 13:43:00.500000,33.59070372188798,130.3567426676213,10.55955184131805
2023-05-06 13:43:02.600000,33.59071099109351,130.3567381372027,10.5698510938753
2023-05-06 13:43:04.667000,33.59070943904444,130.3567257012523,10.6970364677585
2023-05-06 13:43:18,33.59066760636269,130.356622114899,10.8942144908486
2023-05-06 13:43:20.250000,33.59065376574508,130.3565866804033,10.46725475639963
2023-05-06 13:43:25,33.59063600658774,130.3565224540702,10.72322389010021
