<?xml version="1.0" encoding="utf-8"?>
<Dataset xsi:schemaLocation="http://fgd.gsi.go.jp/spec/2008/FGD_GMLSchema FGD_GMLSchema.xsd"
	xmlns:gml="http://www.opengis.net/gml/3.2"
	xmlns:xsi="http://www.w3.org/2001/XMLSchema-instance"
	xmlns:xlink="http://www.w3.org/1999/xlink"
	xmlns="http://fgd.gsi.go.jp/spec/2008/FGD_GMLSchema"
	gml:id="Dataset1">
  <gml:description>基盤地図情報メタデータ ID=fmdid:21-0401</gml:description>
  <gml:name>基盤地図情報ダウンロードデータ（GML版）</gml:name>
<GCP gml:id="K1_503031_1">
<fid>10-00100-0-2003-20569</fid>
<lfSpanFr gml:id="K1_503031_1-1">
<gml:timePosition>2021-03-09</gml:timePosition>
</lfSpanFr>
<devDate gml:id="K1_503031_1-2">
<gml:timePosition>2021-03-22</gml:timePosition>
</devDate>
<orgGILvl>KJ11</orgGILvl>
<vis>表示</vis>
<pos>
<gml:Point gml:id="K1_503031_1-g" srsName="fguuid:jgd2011.bl">
<gml:pos>33.622679944 130.163202944</gml:pos>
</gml:Point>
</pos>
<orgName>国土地理院</orgName>
<type>三角点</type>
<gcpClass>一等三角点</gcpClass>
<gcpCode>TR15030314301</gcpCode>
<name>野北山</name>
<B>121041.6478</B>
<L>468587.5306</L>
<alti>231.51</alti>
<altiAcc>2</altiAcc>
</GCP>
<GCP gml:id="K1_503031_2">
<fid>10-00100-0-2003-21971</fid>
<lfSpanFr gml:id="K1_503031_2-1">
<gml:timePosition>2021-03-09</gml:timePosition>
</lfSpanFr>
<devDate gml:id="K1_503031_2-2">
<gml:timePosition>2021-03-22</gml:timePosition>
</devDate>
<orgGILvl>KJ12</orgGILvl>
<vis>表示</vis>
<pos>
<gml:Point gml:id="K1_503031_2-g" srsName="fguuid:jgd2011.bl">
<gml:pos>33.616637194 130.221749528</gml:pos>
</gml:Point>
</pos>
<orgName>国土地理院</orgName>
<type>三角点</type>
<gcpClass>二等三角点</gcpClass>
<gcpCode>TR25030313701</gcpCode>
<name>一ノ谷</name>
<B>121019.8939</B>
<L>468798.2983</L>
<alti>254.39</alti>
<altiAcc>2</altiAcc>
</GCP>
<GCP gml:id="K1_503031_3">
<fid>10-00100-0-2003-30193</fid>
<lfSpanFr gml:id="K1_503031_3-1">
<gml:timePosition>2021-03-09</gml:timePosition>
</lfSpanFr>
<devDate gml:id="K1_503031_3-2">
<gml:timePosition>2021-03-22</gml:timePosition>
</devDate>
<orgGILvl>KJ13</orgGILvl>
<vis>表示</vis>
<pos>
<gml:Point gml:id="K1_503031_3-g" srsName="fguuid:jgd2011.bl">
<gml:pos>33.588498444 130.210456056</gml:pos>
</gml:Point>
</pos>
<orgName>国土地理院</orgName>
<type>三角点</type>
<gcpClass>三等三角点</gcpClass>
<gcpCode>TR35030310601</gcpCode>
<name>泊</name>
<B>120918.5944</B>
<L>468757.6418</L>
<alti>99.08</alti>
<altiAcc>2</altiAcc>
</GCP>
<GCP gml:id="K1_503031_4">
<fid>10-00100-0-2003-30194</fid>
<lfSpanFr gml:id="K1_503031_4-1">
<gml:timePosition>2021-03-09</gml:timePosition>
</lfSpanFr>
<devDate gml:id="K1_503031_4-2">
<gml:timePosition>2021-03-22</gml:timePosition>
</devDate>
<orgGILvl>KJ13</orgGILvl>
<vis>表示</vis>
<pos>
<gml:Point gml:id="K1_503031_4-g" srsName="fguuid:jgd2011.bl">
<gml:pos>33.597625694 130.162708167</gml:pos>
</gml:Point>
</pos>
<orgName>国土地理院</orgName>
<type>三角点</type>
<gcpClass>三等三角点</gcpClass>
<gcpCode>TR35030311301</gcpCode>
<name>堂徳</name>
<B>120951.4525</B>
<L>468585.7494</L>
<alti>243.95</alti>
<altiAcc>2</altiAcc>
</GCP>
<GCP gml:id="K1_503031_5">
<fid>10-00100-0-2003-30195</fid>
<lfSpanFr gml:id="K1_503031_5-1">
<gml:timePosition>2021-03-09</gml:timePosition>
</lfSpanFr>
<devDate gml:id="K1_503031_5-2">
<gml:timePosition>2021-03-22</gml:timePosition>
</devDate>
<orgGILvl>KJ13</orgGILvl>
<vis>表示</vis>
<pos>
<gml:Point gml:id="K1_503031_5-g" srsName="fguuid:jgd2011.bl">
<gml:pos>33.634842583 130.193056778</gml:pos>
</gml:Point>
</pos>
<orgName>国土地理院</orgName>
<type>三角点</type>
<gcpClass>三等三角点</gcpClass>
<gcpCode>TR35030316501</gcpCode>
<name>大平山</name>
<B>121085.4333</B>
<L>468695.0044</L>
<alti>117.71</alti>
<altiAcc>2</altiAcc>
</GCP>
<GCP gml:id="K1_503031_6">
<fid>10-00100-0-2003-30196</fid>
<lfSpanFr gml:id="K1_503031_6-1">
<gml:timePosition>2021-03-09</gml:timePosition>
</lfSpanFr>
<devDate gml:id="K1_503031_6-2">
<gml:timePosition>2021-03-22</gml:timePosition>
</devDate>
<orgGILvl>KJ13</orgGILvl>
<vis>表示</vis>
<pos>
<gml:Point gml:id="K1_503031_6-g" srsName="fguuid:jgd2011.bl">
<gml:pos>33.650920528 130.222981500</gml:pos>
</gml:Point>
</pos>
<orgName>国土地理院</orgName>
<type>三角点</type>
<gcpClass>三等三角点</gcpClass>
<gcpCode>TR35030318701</gcpCode>
<name>大久保</name>
<B>121143.3139</B>
<L>468802.7334</L>
<alti>209.38</alti>
<altiAcc>2</altiAcc>
</GCP>
<GCP gml:id="K1_503031_7">
<fid>10-00100-0-2003-69853</fid>
<lfSpanFr gml:id="K1_503031_7-1">
<gml:timePosition>2021-03-09</gml:timePosition>
</lfSpanFr>
<devDate gml:id="K1_503031_7-2">
<gml:timePosition>2021-03-22</gml:timePosition>
</devDate>
<orgGILvl>KJ14</orgGILvl>
<vis>表示</vis>
<pos>
<gml:Point gml:id="K1_503031_7-g" srsName="fguuid:jgd2011.bl">
<gml:pos>33.590932556 130.143998861</gml:pos>
</gml:Point>
</pos>
<orgName>国土地理院</orgName>
<type>三角点</type>
<gcpClass>四等三角点</gcpClass>
<gcpCode>TR45030310101</gcpCode>
<name>小金山</name>
<B>120927.3572</B>
<L>468518.3959</L>
<alti>12.43</alti>
<altiAcc>2</altiAcc>
</GCP>
<GCP gml:id="K1_503031_8">
<fid>10-00100-0-2003-69854</fid>
<lfSpanFr gml:id="K1_503031_8-1">
<gml:timePosition>2021-03-09</gml:timePosition>
</lfSpanFr>
<devDate gml:id="K1_503031_8-2">
<gml:timePosition>2021-03-22</gml:timePosition>
</devDate>
<orgGILvl>KJ14</orgGILvl>
<vis>表示</vis>
<pos>
<gml:Point gml:id="K1_503031_8-g" srsName="fguuid:jgd2011.bl">
<gml:pos>33.584672361 130.188405333</gml:pos>
</gml:Point>
</pos>
<orgName>国土地理院</orgName>
<type>三角点</type>
<gcpClass>四等三角点</gcpClass>
<gcpCode>TR45030310501</gcpCode>
<name>井田原</name>
<B>120904.8205</B>
<L>468678.2592</L>
<alti>20.97</alti>
<altiAcc>2</altiAcc>
</GCP>
<GCP gml:id="K1_503031_9">
<fid>10-00100-0-2003-69855</fid>
<lfSpanFr gml:id="K1_503031_9-1">
<gml:timePosition>2021-03-09</gml:timePosition>
</lfSpanFr>
<devDate gml:id="K1_503031_9-2">
<gml:timePosition>2021-03-22</gml:timePosition>
</devDate>
<orgGILvl>KJ14</orgGILvl>
<vis>表示</vis>
<pos>
<gml:Point gml:id="K1_503031_9-g" srsName="fguuid:jgd2011.bl">
<gml:pos>33.593427917 130.173190611</gml:pos>
</gml:Point>
</pos>
<orgName>国土地理院</orgName>
<type>三角点</type>
<gcpClass>四等三角点</gcpClass>
<gcpCode>TR45030311302</gcpCode>
<name>稲留</name>
<B>120936.3405</B>
<L>468623.4862</L>
<alti>129.54</alti>
<altiAcc>2</altiAcc>
</GCP>
<GCP gml:id="K1_503031_10">
<fid>10-00100-0-2003-69856</fid>
<lfSpanFr gml:id="K1_503031_10-1">
<gml:timePosition>2021-03-09</gml:timePosition>
</lfSpanFr>
<devDate gml:id="K1_503031_10-2">
<gml:timePosition>2021-03-22</gml:timePosition>
</devDate>
<orgGILvl>KJ14</orgGILvl>
<vis>表示</vis>
<pos>
<gml:Point gml:id="K1_503031_10-g" srsName="fguuid:jgd2011.bl">
<gml:pos>33.599817806 130.198590889</gml:pos>
</gml:Point>
</pos>
<orgName>国土地理院</orgName>
<type>三角点</type>
<gcpClass>四等三角点</gcpClass>
<gcpCode>TR45030311501</gcpCode>
<name>長尾</name>
<B>120959.3441</B>
<L>468714.9272</L>
<alti>119.39</alti>
<altiAcc>2</altiAcc>
</GCP>
<GCP gml:id="K1_503031_11">
<fid>10-00100-0-2003-69857</fid>
<lfSpanFr gml:id="K1_503031_11-1">
<gml:timePosition>2021-03-09</gml:timePosition>
</lfSpanFr>
<devDate gml:id="K1_503031_11-2">
<gml:timePosition>2021-03-22</gml:timePosition>
</devDate>
<orgGILvl>KJ14</orgGILvl>
<vis>表示</vis>
<pos>
<gml:Point gml:id="K1_503031_11-g" srsName="fguuid:jgd2011.bl">
<gml:pos>33.592815500 130.240029500</gml:pos>
</gml:Point>
</pos>
<orgName>国土地理院</orgName>
<type>三角点</type>
<gcpClass>四等三角点</gcpClass>
<gcpCode>TR45030311901</gcpCode>
<name>厳島神社</name>
<B>120934.1358</B>
<L>468864.1062</L>
<alti>1.35</alti>
<altiAcc>2</altiAcc>
</GCP>
<GCP gml:id="K1_503031_12">
<fid>10-00100-0-2003-69858</fid>
<lfSpanFr gml:id="K1_503031_12-1">
<gml:timePosition>2021-03-09</gml:timePosition>
</lfSpanFr>
<devDate gml:id="K1_503031_12-2">
<gml:timePosition>2021-03-22</gml:timePosition>
</devDate>
<orgGILvl>KJ14</orgGILvl>
<vis>表示</vis>
<pos>
<gml:Point gml:id="K1_503031_12-g" srsName="fguuid:jgd2011.bl">
<gml:pos>33.603848222 130.216687083</gml:pos>
</gml:Point>
</pos>
<orgName>国土地理院</orgName>
<type>三角点</type>
<gcpClass>四等三角点</gcpClass>
<gcpCode>TR45030312701</gcpCode>
<name>有竹峠</name>
<B>120973.8536</B>
<L>468780.0735</L>
<alti>132.35</alti>
<altiAcc>2</altiAcc>
</GCP>
<GCP gml:id="K1_503031_13">
<fid>10-00100-0-2003-69859</fid>
<lfSpanFr gml:id="K1_503031_13-1">
<gml:timePosition>2021-03-09</gml:timePosition>
</lfSpanFr>
<devDate gml:id="K1_503031_13-2">
<gml:timePosition>2021-03-22</gml:timePosition>
</devDate>
<orgGILvl>KJ14</orgGILvl>
<vis>表示</vis>
<pos>
<gml:Point gml:id="K1_503031_13-g" srsName="fguuid:jgd2011.bl">
<gml:pos>33.607441000 130.237962194</gml:pos>
</gml:Point>
</pos>
<orgName>国土地理院</orgName>
<type>三角点</type>
<gcpClass>四等三角点</gcpClass>
<gcpCode>TR45030312901</gcpCode>
<name>呑山</name>
<B>120986.7876</B>
<L>468856.6639</L>
<alti>71.42</alti>
<altiAcc>2</altiAcc>
</GCP>
<GCP gml:id="K1_503031_14">
<fid>10-00100-0-2003-69860</fid>
<lfSpanFr gml:id="K1_503031_14-1">
<gml:timePosition>2021-03-09</gml:timePosition>
</lfSpanFr>
<devDate gml:id="K1_503031_14-2">
<gml:timePosition>2021-03-22</gml:timePosition>
</devDate>
<orgGILvl>KJ14</orgGILvl>
<vis>表示</vis>
<pos>
<gml:Point gml:id="K1_503031_14-g" srsName="fguuid:jgd2011.bl">
<gml:pos>33.622217417 130.201277778</gml:pos>
</gml:Point>
</pos>
<orgName>国土地理院</orgName>
<type>三角点</type>
<gcpClass>四等三角点</gcpClass>
<gcpCode>TR45030314601</gcpCode>
<name>天ケ岳</name>
<B>121039.9827</B>
<L>468724.6</L>
<alti>250.85</alti>
<altiAcc>2</altiAcc>
</GCP>
<GCP gml:id="K1_503031_15">
<fid>10-00100-0-2003-69861</fid>
<lfSpanFr gml:id="K1_503031_15-1">
<gml:timePosition>2021-03-09</gml:timePosition>
</lfSpanFr>
<devDate gml:id="K1_503031_15-2">
<gml:timePosition>2021-03-22</gml:timePosition>
</devDate>
<orgGILvl>KJ14</orgGILvl>
<vis>表示</vis>
<pos>
<gml:Point gml:id="K1_503031_15-g" srsName="fguuid:jgd2011.bl">
<gml:pos>33.639311222 130.212973694</gml:pos>
</gml:Point>
</pos>
<orgName>国土地理院</orgName>
<type>三角点</type>
<gcpClass>四等三角点</gcpClass>
<gcpCode>TR45030316701</gcpCode>
<name>小田</name>
<B>121101.5204</B>
<L>468766.7053</L>
<alti>165.74</alti>
<altiAcc>2</altiAcc>
</GCP>
<GCP gml:id="K1_503031_16">
<fid>10-00100-0-2003-69862</fid>
<lfSpanFr gml:id="K1_503031_16-1">
<gml:timePosition>2021-03-09</gml:timePosition>
</lfSpanFr>
<devDate gml:id="K1_503031_16-2">
<gml:timePosition>2021-03-22</gml:timePosition>
</devDate>
<orgGILvl>KJ14</orgGILvl>
<vis>表示</vis>
<pos>
<gml:Point gml:id="K1_503031_16-g" srsName="fguuid:jgd2011.bl">
<gml:pos>33.661760917 130.211058889</gml:pos>
</gml:Point>
</pos>
<orgName>国土地理院</orgName>
<type>三角点</type>
<gcpClass>四等三角点</gcpClass>
<gcpCode>TR45030319601</gcpCode>
<name>蒙古山</name>
<B>121182.3393</B>
<L>468759.812</L>
<alti>158.34</alti>
<altiAcc>2</altiAcc>
</GCP>
</Dataset>
