<?xml version="1.0" encoding="utf-8"?>
<Dataset xsi:schemaLocation="http://fgd.gsi.go.jp/spec/2008/FGD_GMLSchema FGD_GMLSchema.xsd"
	xmlns:gml="http://www.opengis.net/gml/3.2"
	xmlns:xsi="http://www.w3.org/2001/XMLSchema-instance"
	xmlns:xlink="http://www.w3.org/1999/xlink"
	xmlns="http://fgd.gsi.go.jp/spec/2008/FGD_GMLSchema"
	gml:id="Dataset1">
  <gml:description>基盤地図情報メタデータ ID=fmdid:21-0401</gml:description>
  <gml:name>基盤地図情報ダウンロードデータ（GML版）</gml:name>
<AdmPt gml:id="K6_4686612099_1">
<fid>46866-12099-i-552</fid>
<lfSpanFr gml:id="K6_4686612099_1-1">
<gml:timePosition>2021-02-26</gml:timePosition>
</lfSpanFr>
<devDate gml:id="K6_4686612099_1-2">
<gml:timePosition>2021-03-22</gml:timePosition>
</devDate>
<orgGILvl>25000</orgGILvl>
<vis>非表示</vis>
<pos>
<gml:Point gml:id="K6_4686612099_1-g" srsName="fguuid:jgd2011.bl">
<gml:pos>33.611659276 130.184655534</gml:pos>
</gml:Point>
</pos>
<type>郡市・東京都の区</type>
<name>糸島市</name>
<admCode>40230</admCode>
</AdmPt>
<AdmPt gml:id="K6_4687812105_1">
<fid>46878-12105-i-1522</fid>
<lfSpanFr gml:id="K6_4687812105_1-1">
<gml:timePosition>2021-02-26</gml:timePosition>
</lfSpanFr>
<devDate gml:id="K6_4687812105_1-2">
<gml:timePosition>2021-03-22</gml:timePosition>
</devDate>
<orgGILvl>25000</orgGILvl>
<vis>非表示</vis>
<pos>
<gml:Point gml:id="K6_4687812105_1-g" srsName="fguuid:jgd2011.bl">
<gml:pos>33.626770161 130.217759278</gml:pos>
</gml:Point>
</pos>
<type>町村・指定都市の区</type>
<name>福岡市西区</name>
<admCode>40135</admCode>
</AdmPt>
</Dataset>
