<?xml version="1.0" encoding="utf-8"?>
<Dataset xsi:schemaLocation="http://fgd.gsi.go.jp/spec/2008/FGD_GMLSchema FGD_GMLSchema.xsd"
	xmlns:gml="http://www.opengis.net/gml/3.2"
	xmlns:xsi="http://www.w3.org/2001/XMLSchema-instance"
	xmlns:xlink="http://www.w3.org/1999/xlink"
	xmlns="http://fgd.gsi.go.jp/spec/2008/FGD_GMLSchema"
	gml:id="Dataset1">
  <gml:description>基盤地図情報メタデータ ID=fmdid:21-0401</gml:description>
  <gml:name>基盤地図情報ダウンロードデータ（GML版）</gml:name>
<SBAPt gml:id="K11_4688712090_1">
<fid>46887-12090-i-1590</fid>
<lfSpanFr gml:id="K11_4688712090_1-1">
<gml:timePosition>2021-02-26</gml:timePosition>
</lfSpanFr>
<devDate gml:id="K11_4688712090_1-2">
<gml:timePosition>2021-03-22</gml:timePosition>
</devDate>
<orgGILvl>2500</orgGILvl>
<vis>表示</vis>
<pos>
<gml:Point gml:id="K11_4688712090_1-g" srsName="fguuid:jgd2011.bl">
<gml:pos>33.583929512 130.244064358</gml:pos>
</gml:Point>
</pos>
<sbaNo>22</sbaNo>
</SBAPt>
<SBAPt gml:id="K11_4688712090_2">
<fid>46887-12090-i-1591</fid>
<lfSpanFr gml:id="K11_4688712090_2-1">
<gml:timePosition>2021-02-26</gml:timePosition>
</lfSpanFr>
<devDate gml:id="K11_4688712090_2-2">
<gml:timePosition>2021-03-22</gml:timePosition>
</devDate>
<orgGILvl>2500</orgGILvl>
<vis>表示</vis>
<pos>
<gml:Point gml:id="K11_4688712090_2-g" srsName="fguuid:jgd2011.bl">
<gml:pos>33.584028816 130.244369929</gml:pos>
</gml:Point>
</pos>
<sbaNo>23</sbaNo>
</SBAPt>
<SBAPt gml:id="K11_4688712090_3">
<fid>46887-12090-i-1592</fid>
<lfSpanFr gml:id="K11_4688712090_3-1">
<gml:timePosition>2021-02-26</gml:timePosition>
</lfSpanFr>
<devDate gml:id="K11_4688712090_3-2">
<gml:timePosition>2021-03-22</gml:timePosition>
</devDate>
<orgGILvl>2500</orgGILvl>
<vis>表示</vis>
<pos>
<gml:Point gml:id="K11_4688712090_3-g" srsName="fguuid:jgd2011.bl">
<gml:pos>33.583411196 130.244540816</gml:pos>
</gml:Point>
</pos>
<sbaNo>17</sbaNo>
</SBAPt>
<SBAPt gml:id="K11_4688712090_4">
<fid>46887-12090-i-1593</fid>
<lfSpanFr gml:id="K11_4688712090_4-1">
<gml:timePosition>2021-02-26</gml:timePosition>
</lfSpanFr>
<devDate gml:id="K11_4688712090_4-2">
<gml:timePosition>2021-03-22</gml:timePosition>
</devDate>
<orgGILvl>2500</orgGILvl>
<vis>表示</vis>
<pos>
<gml:Point gml:id="K11_4688712090_4-g" srsName="fguuid:jgd2011.bl">
<gml:pos>33.584486581 130.243903608</gml:pos>
</gml:Point>
</pos>
<sbaNo>24</sbaNo>
</SBAPt>
<SBAPt gml:id="K11_4688712090_5">
<fid>46887-12090-i-1594</fid>
<lfSpanFr gml:id="K11_4688712090_5-1">
<gml:timePosition>2021-02-26</gml:timePosition>
</lfSpanFr>
<devDate gml:id="K11_4688712090_5-2">
<gml:timePosition>2021-03-22</gml:timePosition>
</devDate>
<orgGILvl>2500</orgGILvl>
<vis>表示</vis>
<pos>
<gml:Point gml:id="K11_4688712090_5-g" srsName="fguuid:jgd2011.bl">
<gml:pos>33.583893000 130.243677000</gml:pos>
</gml:Point>
</pos>
<sbaNo>21</sbaNo>
</SBAPt>
</Dataset>
