<?xml version="1.0" encoding="utf-8"?>
<Dataset xsi:schemaLocation="http://fgd.gsi.go.jp/spec/2008/FGD_GMLSchema FGD_GMLSchema.xsd"
	xmlns:gml="http://www.opengis.net/gml/3.2"
	xmlns:xsi="http://www.w3.org/2001/XMLSchema-instance"
	xmlns:xlink="http://www.w3.org/1999/xlink"
	xmlns="http://fgd.gsi.go.jp/spec/2008/FGD_GMLSchema"
	gml:id="Dataset1">
  <gml:description>基盤地図情報メタデータ ID=fmdid:21-0401</gml:description>
  <gml:name>基盤地図情報ダウンロードデータ（GML版）</gml:name>
<ElevPt gml:id="K2_4684512090_1">
<fid>46845-12090-i-457</fid>
<lfSpanFr gml:id="K2_4684512090_1-1">
<gml:timePosition>2021-02-26</gml:timePosition>
</lfSpanFr>
<devDate gml:id="K2_4684512090_1-2">
<gml:timePosition>2021-03-22</gml:timePosition>
</devDate>
<orgGILvl>25000</orgGILvl>
<vis>表示</vis>
<pos>
<gml:Point gml:id="K2_4684512090_1-g" srsName="fguuid:jgd2011.bl">
<gml:pos>33.588691472 130.127565111</gml:pos>
</gml:Point>
</pos>
<type>標高点（測点）</type>
<alti>15</alti>
</ElevPt>
<ElevPt gml:id="K2_4684812090_1">
<fid>46848-12090-i-390</fid>
<lfSpanFr gml:id="K2_4684812090_1-1">
<gml:timePosition>2021-02-26</gml:timePosition>
</lfSpanFr>
<devDate gml:id="K2_4684812090_1-2">
<gml:timePosition>2021-03-22</gml:timePosition>
</devDate>
<orgGILvl>25000</orgGILvl>
<vis>表示</vis>
<pos>
<gml:Point gml:id="K2_4684812090_1-g" srsName="fguuid:jgd2011.bl">
<gml:pos>33.584695000 130.139403333</gml:pos>
</gml:Point>
</pos>
<type>標高点（測点）</type>
<alti>72</alti>
</ElevPt>
<ElevPt gml:id="K2_4684812090_2">
<fid>46848-12090-i-391</fid>
<lfSpanFr gml:id="K2_4684812090_2-1">
<gml:timePosition>2021-02-26</gml:timePosition>
</lfSpanFr>
<devDate gml:id="K2_4684812090_2-2">
<gml:timePosition>2021-03-22</gml:timePosition>
</devDate>
<orgGILvl>25000</orgGILvl>
<vis>表示</vis>
<pos>
<gml:Point gml:id="K2_4684812090_2-g" srsName="fguuid:jgd2011.bl">
<gml:pos>33.590088333 130.136686944</gml:pos>
</gml:Point>
</pos>
<type>標高点（測点）</type>
<alti>42</alti>
</ElevPt>
<ElevPt gml:id="K2_4685412093_1">
<fid>46854-12093-i-534</fid>
<lfSpanFr gml:id="K2_4685412093_1-1">
<gml:timePosition>2021-02-26</gml:timePosition>
</lfSpanFr>
<devDate gml:id="K2_4685412093_1-2">
<gml:timePosition>2021-03-22</gml:timePosition>
</devDate>
<orgGILvl>25000</orgGILvl>
<vis>表示</vis>
<pos>
<gml:Point gml:id="K2_4685412093_1-g" srsName="fguuid:jgd2011.bl">
<gml:pos>33.596967500 130.151141389</gml:pos>
</gml:Point>
</pos>
<type>標高点（測点）</type>
<alti>18</alti>
</ElevPt>
<ElevPt gml:id="K2_4685712096_1">
<fid>46857-12096-i-472</fid>
<lfSpanFr gml:id="K2_4685712096_1-1">
<gml:timePosition>2021-02-26</gml:timePosition>
</lfSpanFr>
<devDate gml:id="K2_4685712096_1-2">
<gml:timePosition>2021-03-22</gml:timePosition>
</devDate>
<orgGILvl>25000</orgGILvl>
<vis>表示</vis>
<pos>
<gml:Point gml:id="K2_4685712096_1-g" srsName="fguuid:jgd2011.bl">
<gml:pos>33.606178889 130.162529722</gml:pos>
</gml:Point>
</pos>
<type>標高点（測点）</type>
<alti>45</alti>
</ElevPt>
<ElevPt gml:id="K2_4685712099_1">
<fid>46857-12099-i-669</fid>
<lfSpanFr gml:id="K2_4685712099_1-1">
<gml:timePosition>2021-02-26</gml:timePosition>
</lfSpanFr>
<devDate gml:id="K2_4685712099_1-2">
<gml:timePosition>2021-03-22</gml:timePosition>
</devDate>
<orgGILvl>25000</orgGILvl>
<vis>表示</vis>
<pos>
<gml:Point gml:id="K2_4685712099_1-g" srsName="fguuid:jgd2011.bl">
<gml:pos>33.615677843 130.160954941</gml:pos>
</gml:Point>
</pos>
<type>標高点（測点）</type>
<alti>4</alti>
</ElevPt>
<ElevPt gml:id="K2_4686012093_1">
<fid>46860-12093-i-347</fid>
<lfSpanFr gml:id="K2_4686012093_1-1">
<gml:timePosition>2021-02-26</gml:timePosition>
</lfSpanFr>
<devDate gml:id="K2_4686012093_1-2">
<gml:timePosition>2021-03-22</gml:timePosition>
</devDate>
<orgGILvl>25000</orgGILvl>
<vis>表示</vis>
<pos>
<gml:Point gml:id="K2_4686012093_1-g" srsName="fguuid:jgd2011.bl">
<gml:pos>33.594635833 130.171422222</gml:pos>
</gml:Point>
</pos>
<type>標高点（測点）</type>
<alti>108</alti>
</ElevPt>
<ElevPt gml:id="K2_4686012096_1">
<fid>46860-12096-i-472</fid>
<lfSpanFr gml:id="K2_4686012096_1-1">
<gml:timePosition>2021-02-26</gml:timePosition>
</lfSpanFr>
<devDate gml:id="K2_4686012096_1-2">
<gml:timePosition>2021-03-22</gml:timePosition>
</devDate>
<orgGILvl>25000</orgGILvl>
<vis>表示</vis>
<pos>
<gml:Point gml:id="K2_4686012096_1-g" srsName="fguuid:jgd2011.bl">
<gml:pos>33.602435833 130.174118056</gml:pos>
</gml:Point>
</pos>
<type>標高点（測点）</type>
<alti>122</alti>
</ElevPt>
<ElevPt gml:id="K2_4686012102_1">
<fid>46860-12102-i-580</fid>
<lfSpanFr gml:id="K2_4686012102_1-1">
<gml:timePosition>2021-02-26</gml:timePosition>
</lfSpanFr>
<devDate gml:id="K2_4686012102_1-2">
<gml:timePosition>2021-03-22</gml:timePosition>
</devDate>
<orgGILvl>25000</orgGILvl>
<vis>表示</vis>
<pos>
<gml:Point gml:id="K2_4686012102_1-g" srsName="fguuid:jgd2011.bl">
<gml:pos>33.624118463 130.172990180</gml:pos>
</gml:Point>
</pos>
<type>標高点（測点）</type>
<alti>18</alti>
</ElevPt>
<ElevPt gml:id="K2_4686312096_1">
<fid>46863-12096-i-805</fid>
<lfSpanFr gml:id="K2_4686312096_1-1">
<gml:timePosition>2021-02-26</gml:timePosition>
</lfSpanFr>
<devDate gml:id="K2_4686312096_1-2">
<gml:timePosition>2021-03-22</gml:timePosition>
</devDate>
<orgGILvl>25000</orgGILvl>
<vis>表示</vis>
<pos>
<gml:Point gml:id="K2_4686312096_1-g" srsName="fguuid:jgd2011.bl">
<gml:pos>33.605238917 130.182300000</gml:pos>
</gml:Point>
</pos>
<type>標高点（測点）</type>
<alti>10</alti>
</ElevPt>
<ElevPt gml:id="K2_4686312102_1">
<fid>46863-12102-i-452</fid>
<lfSpanFr gml:id="K2_4686312102_1-1">
<gml:timePosition>2021-02-26</gml:timePosition>
</lfSpanFr>
<devDate gml:id="K2_4686312102_1-2">
<gml:timePosition>2021-03-22</gml:timePosition>
</devDate>
<orgGILvl>25000</orgGILvl>
<vis>表示</vis>
<pos>
<gml:Point gml:id="K2_4686312102_1-g" srsName="fguuid:jgd2011.bl">
<gml:pos>33.624041944 130.178050278</gml:pos>
</gml:Point>
</pos>
<type>標高点（測点）</type>
<alti>157</alti>
</ElevPt>
<ElevPt gml:id="K2_4686312105_1">
<fid>46863-12105-i-509</fid>
<lfSpanFr gml:id="K2_4686312105_1-1">
<gml:timePosition>2021-02-26</gml:timePosition>
</lfSpanFr>
<devDate gml:id="K2_4686312105_1-2">
<gml:timePosition>2021-03-22</gml:timePosition>
</devDate>
<orgGILvl>25000</orgGILvl>
<vis>表示</vis>
<pos>
<gml:Point gml:id="K2_4686312105_1-g" srsName="fguuid:jgd2011.bl">
<gml:pos>33.631475278 130.178208056</gml:pos>
</gml:Point>
</pos>
<type>標高点（測点）</type>
<alti>43</alti>
</ElevPt>
<ElevPt gml:id="K2_4686612090_1">
<fid>46866-12090-i-828</fid>
<lfSpanFr gml:id="K2_4686612090_1-1">
<gml:timePosition>2021-02-26</gml:timePosition>
</lfSpanFr>
<devDate gml:id="K2_4686612090_1-2">
<gml:timePosition>2021-03-22</gml:timePosition>
</devDate>
<orgGILvl>25000</orgGILvl>
<vis>表示</vis>
<pos>
<gml:Point gml:id="K2_4686612090_1-g" srsName="fguuid:jgd2011.bl">
<gml:pos>33.590057778 130.187600556</gml:pos>
</gml:Point>
</pos>
<type>標高点（測点）</type>
<alti>30</alti>
</ElevPt>
<ElevPt gml:id="K2_4686612093_1">
<fid>46866-12093-i-638</fid>
<lfSpanFr gml:id="K2_4686612093_1-1">
<gml:timePosition>2021-02-26</gml:timePosition>
</lfSpanFr>
<devDate gml:id="K2_4686612093_1-2">
<gml:timePosition>2021-03-22</gml:timePosition>
</devDate>
<orgGILvl>25000</orgGILvl>
<vis>表示</vis>
<pos>
<gml:Point gml:id="K2_4686612093_1-g" srsName="fguuid:jgd2011.bl">
<gml:pos>33.597744722 130.189159167</gml:pos>
</gml:Point>
</pos>
<type>標高点（測点）</type>
<alti>67</alti>
</ElevPt>
<ElevPt gml:id="K2_4686612099_1">
<fid>46866-12099-i-399</fid>
<lfSpanFr gml:id="K2_4686612099_1-1">
<gml:timePosition>2021-02-26</gml:timePosition>
</lfSpanFr>
<devDate gml:id="K2_4686612099_1-2">
<gml:timePosition>2021-03-22</gml:timePosition>
</devDate>
<orgGILvl>25000</orgGILvl>
<vis>表示</vis>
<pos>
<gml:Point gml:id="K2_4686612099_1-g" srsName="fguuid:jgd2011.bl">
<gml:pos>33.613576111 130.187371667</gml:pos>
</gml:Point>
</pos>
<type>標高点（測点）</type>
<alti>48</alti>
</ElevPt>
<ElevPt gml:id="K2_4686612105_1">
<fid>46866-12105-i-687</fid>
<lfSpanFr gml:id="K2_4686612105_1-1">
<gml:timePosition>2021-02-26</gml:timePosition>
</lfSpanFr>
<devDate gml:id="K2_4686612105_1-2">
<gml:timePosition>2021-03-22</gml:timePosition>
</devDate>
<orgGILvl>25000</orgGILvl>
<vis>表示</vis>
<pos>
<gml:Point gml:id="K2_4686612105_1-g" srsName="fguuid:jgd2011.bl">
<gml:pos>33.627563927 130.184579963</gml:pos>
</gml:Point>
</pos>
<type>標高点（測点）</type>
<alti>11</alti>
</ElevPt>
<ElevPt gml:id="K2_4686912096_1">
<fid>46869-12096-i-440</fid>
<lfSpanFr gml:id="K2_4686912096_1-1">
<gml:timePosition>2021-02-26</gml:timePosition>
</lfSpanFr>
<devDate gml:id="K2_4686912096_1-2">
<gml:timePosition>2021-03-22</gml:timePosition>
</devDate>
<orgGILvl>25000</orgGILvl>
<vis>表示</vis>
<pos>
<gml:Point gml:id="K2_4686912096_1-g" srsName="fguuid:jgd2011.bl">
<gml:pos>33.605695556 130.193391389</gml:pos>
</gml:Point>
</pos>
<type>標高点（測点）</type>
<alti>141</alti>
</ElevPt>
<ElevPt gml:id="K2_4686912096_2">
<fid>46869-12096-i-441</fid>
<lfSpanFr gml:id="K2_4686912096_2-1">
<gml:timePosition>2021-02-26</gml:timePosition>
</lfSpanFr>
<devDate gml:id="K2_4686912096_2-2">
<gml:timePosition>2021-03-22</gml:timePosition>
</devDate>
<orgGILvl>25000</orgGILvl>
<vis>表示</vis>
<pos>
<gml:Point gml:id="K2_4686912096_2-g" srsName="fguuid:jgd2011.bl">
<gml:pos>33.603019167 130.194772778</gml:pos>
</gml:Point>
</pos>
<type>標高点（測点）</type>
<alti>134</alti>
</ElevPt>
<ElevPt gml:id="K2_4686912099_1">
<fid>46869-12099-i-485</fid>
<lfSpanFr gml:id="K2_4686912099_1-1">
<gml:timePosition>2021-02-26</gml:timePosition>
</lfSpanFr>
<devDate gml:id="K2_4686912099_1-2">
<gml:timePosition>2021-03-22</gml:timePosition>
</devDate>
<orgGILvl>25000</orgGILvl>
<vis>表示</vis>
<pos>
<gml:Point gml:id="K2_4686912099_1-g" srsName="fguuid:jgd2011.bl">
<gml:pos>33.612019722 130.197069444</gml:pos>
</gml:Point>
</pos>
<type>標高点（測点）</type>
<alti>83</alti>
</ElevPt>
<ElevPt gml:id="K2_4686912102_1">
<fid>46869-12102-i-769</fid>
<lfSpanFr gml:id="K2_4686912102_1-1">
<gml:timePosition>2021-02-26</gml:timePosition>
</lfSpanFr>
<devDate gml:id="K2_4686912102_1-2">
<gml:timePosition>2021-03-22</gml:timePosition>
</devDate>
<orgGILvl>25000</orgGILvl>
<vis>表示</vis>
<pos>
<gml:Point gml:id="K2_4686912102_1-g" srsName="fguuid:jgd2011.bl">
<gml:pos>33.621003139 130.192241611</gml:pos>
</gml:Point>
</pos>
<type>標高点（測点）</type>
<alti>14</alti>
</ElevPt>
<ElevPt gml:id="K2_4686912108_1">
<fid>46869-12108-i-1067</fid>
<lfSpanFr gml:id="K2_4686912108_1-1">
<gml:timePosition>2021-02-26</gml:timePosition>
</lfSpanFr>
<devDate gml:id="K2_4686912108_1-2">
<gml:timePosition>2021-03-22</gml:timePosition>
</devDate>
<orgGILvl>25000</orgGILvl>
<vis>表示</vis>
<pos>
<gml:Point gml:id="K2_4686912108_1-g" srsName="fguuid:jgd2011.bl">
<gml:pos>33.639038738 130.197381824</gml:pos>
</gml:Point>
</pos>
<type>標高点（測点）</type>
<alti>7</alti>
</ElevPt>
<ElevPt gml:id="K2_4687212090_1">
<fid>46872-12090-i-946</fid>
<lfSpanFr gml:id="K2_4687212090_1-1">
<gml:timePosition>2021-02-26</gml:timePosition>
</lfSpanFr>
<devDate gml:id="K2_4687212090_1-2">
<gml:timePosition>2021-03-22</gml:timePosition>
</devDate>
<orgGILvl>25000</orgGILvl>
<vis>表示</vis>
<pos>
<gml:Point gml:id="K2_4687212090_1-g" srsName="fguuid:jgd2011.bl">
<gml:pos>33.584216667 130.204945000</gml:pos>
</gml:Point>
</pos>
<type>標高点（測点）</type>
<alti>50</alti>
</ElevPt>
<ElevPt gml:id="K2_4687212093_1">
<fid>46872-12093-i-908</fid>
<lfSpanFr gml:id="K2_4687212093_1-1">
<gml:timePosition>2021-02-26</gml:timePosition>
</lfSpanFr>
<devDate gml:id="K2_4687212093_1-2">
<gml:timePosition>2021-03-22</gml:timePosition>
</devDate>
<orgGILvl>25000</orgGILvl>
<vis>表示</vis>
<pos>
<gml:Point gml:id="K2_4687212093_1-g" srsName="fguuid:jgd2011.bl">
<gml:pos>33.591858056 130.201069444</gml:pos>
</gml:Point>
</pos>
<type>標高点（測点）</type>
<alti>91</alti>
</ElevPt>
<ElevPt gml:id="K2_4687212093_2">
<fid>46872-12093-i-909</fid>
<lfSpanFr gml:id="K2_4687212093_2-1">
<gml:timePosition>2021-02-26</gml:timePosition>
</lfSpanFr>
<devDate gml:id="K2_4687212093_2-2">
<gml:timePosition>2021-03-22</gml:timePosition>
</devDate>
<orgGILvl>25000</orgGILvl>
<vis>表示</vis>
<pos>
<gml:Point gml:id="K2_4687212093_2-g" srsName="fguuid:jgd2011.bl">
<gml:pos>33.597481944 130.207195278</gml:pos>
</gml:Point>
</pos>
<type>標高点（測点）</type>
<alti>121</alti>
</ElevPt>
<ElevPt gml:id="K2_4687212102_1">
<fid>46872-12102-i-269</fid>
<lfSpanFr gml:id="K2_4687212102_1-1">
<gml:timePosition>2021-02-26</gml:timePosition>
</lfSpanFr>
<devDate gml:id="K2_4687212102_1-2">
<gml:timePosition>2021-03-22</gml:timePosition>
</devDate>
<orgGILvl>25000</orgGILvl>
<vis>表示</vis>
<pos>
<gml:Point gml:id="K2_4687212102_1-g" srsName="fguuid:jgd2011.bl">
<gml:pos>33.621004167 130.205515556</gml:pos>
</gml:Point>
</pos>
<type>標高点（測点）</type>
<alti>261</alti>
</ElevPt>
<ElevPt gml:id="K2_4687212105_1">
<fid>46872-12105-i-1112</fid>
<lfSpanFr gml:id="K2_4687212105_1-1">
<gml:timePosition>2021-02-26</gml:timePosition>
</lfSpanFr>
<devDate gml:id="K2_4687212105_1-2">
<gml:timePosition>2021-03-22</gml:timePosition>
</devDate>
<orgGILvl>25000</orgGILvl>
<vis>表示</vis>
<pos>
<gml:Point gml:id="K2_4687212105_1-g" srsName="fguuid:jgd2011.bl">
<gml:pos>33.633248611 130.208271389</gml:pos>
</gml:Point>
</pos>
<type>標高点（測点）</type>
<alti>82</alti>
</ElevPt>
<ElevPt gml:id="K2_4687212105_2">
<fid>46872-12105-i-1113</fid>
<lfSpanFr gml:id="K2_4687212105_2-1">
<gml:timePosition>2021-02-26</gml:timePosition>
</lfSpanFr>
<devDate gml:id="K2_4687212105_2-2">
<gml:timePosition>2021-03-22</gml:timePosition>
</devDate>
<orgGILvl>25000</orgGILvl>
<vis>表示</vis>
<pos>
<gml:Point gml:id="K2_4687212105_2-g" srsName="fguuid:jgd2011.bl">
<gml:pos>33.628987778 130.201720278</gml:pos>
</gml:Point>
</pos>
<type>標高点（測点）</type>
<alti>110</alti>
</ElevPt>
<ElevPt gml:id="K2_4687212108_1">
<fid>46872-12108-i-1298</fid>
<lfSpanFr gml:id="K2_4687212108_1-1">
<gml:timePosition>2021-02-26</gml:timePosition>
</lfSpanFr>
<devDate gml:id="K2_4687212108_1-2">
<gml:timePosition>2021-03-22</gml:timePosition>
</devDate>
<orgGILvl>25000</orgGILvl>
<vis>表示</vis>
<pos>
<gml:Point gml:id="K2_4687212108_1-g" srsName="fguuid:jgd2011.bl">
<gml:pos>33.638586667 130.206557778</gml:pos>
</gml:Point>
</pos>
<type>標高点（測点）</type>
<alti>123</alti>
</ElevPt>
<ElevPt gml:id="K2_4687212111_1">
<fid>46872-12111-i-1362</fid>
<lfSpanFr gml:id="K2_4687212111_1-1">
<gml:timePosition>2018-08-06</gml:timePosition>
</lfSpanFr>
<devDate gml:id="K2_4687212111_1-2">
<gml:timePosition>2021-03-22</gml:timePosition>
</devDate>
<orgGILvl>25000</orgGILvl>
<vis>表示</vis>
<pos>
<gml:Point gml:id="K2_4687212111_1-g" srsName="fguuid:jgd2011.bl">
<gml:pos>33.642276667 130.204490278</gml:pos>
</gml:Point>
</pos>
<type>標高点（測点）</type>
<alti>43</alti>
</ElevPt>
<ElevPt gml:id="K2_4687512099_1">
<fid>46875-12099-i-653</fid>
<lfSpanFr gml:id="K2_4687512099_1-1">
<gml:timePosition>2018-08-06</gml:timePosition>
</lfSpanFr>
<devDate gml:id="K2_4687512099_1-2">
<gml:timePosition>2021-03-22</gml:timePosition>
</devDate>
<orgGILvl>25000</orgGILvl>
<vis>表示</vis>
<pos>
<gml:Point gml:id="K2_4687512099_1-g" srsName="fguuid:jgd2011.bl">
<gml:pos>33.614212500 130.211794722</gml:pos>
</gml:Point>
</pos>
<type>標高点（測点）</type>
<alti>124</alti>
</ElevPt>
<ElevPt gml:id="K2_4687512105_1">
<fid>46875-12105-i-1178</fid>
<lfSpanFr gml:id="K2_4687512105_1-1">
<gml:timePosition>2021-02-26</gml:timePosition>
</lfSpanFr>
<devDate gml:id="K2_4687512105_1-2">
<gml:timePosition>2021-03-22</gml:timePosition>
</devDate>
<orgGILvl>25000</orgGILvl>
<vis>表示</vis>
<pos>
<gml:Point gml:id="K2_4687512105_1-g" srsName="fguuid:jgd2011.bl">
<gml:pos>33.625211944 130.210989722</gml:pos>
</gml:Point>
</pos>
<type>標高点（測点）</type>
<alti>90</alti>
</ElevPt>
<ElevPt gml:id="K2_4687512111_1">
<fid>46875-12111-i-1481</fid>
<lfSpanFr gml:id="K2_4687512111_1-1">
<gml:timePosition>2021-02-26</gml:timePosition>
</lfSpanFr>
<devDate gml:id="K2_4687512111_1-2">
<gml:timePosition>2021-03-22</gml:timePosition>
</devDate>
<orgGILvl>25000</orgGILvl>
<vis>表示</vis>
<pos>
<gml:Point gml:id="K2_4687512111_1-g" srsName="fguuid:jgd2011.bl">
<gml:pos>33.647647500 130.215421111</gml:pos>
</gml:Point>
</pos>
<type>標高点（測点）</type>
<alti>32</alti>
</ElevPt>
<ElevPt gml:id="K2_4687512114_1">
<fid>46875-12114-i-1389</fid>
<lfSpanFr gml:id="K2_4687512114_1-1">
<gml:timePosition>2021-02-26</gml:timePosition>
</lfSpanFr>
<devDate gml:id="K2_4687512114_1-2">
<gml:timePosition>2021-03-22</gml:timePosition>
</devDate>
<orgGILvl>25000</orgGILvl>
<vis>表示</vis>
<pos>
<gml:Point gml:id="K2_4687512114_1-g" srsName="fguuid:jgd2011.bl">
<gml:pos>33.652834722 130.212827778</gml:pos>
</gml:Point>
</pos>
<type>標高点（測点）</type>
<alti>40</alti>
</ElevPt>
<ElevPt gml:id="K2_4687512117_1">
<fid>46875-12117-i-1216</fid>
<lfSpanFr gml:id="K2_4687512117_1-1">
<gml:timePosition>2021-02-26</gml:timePosition>
</lfSpanFr>
<devDate gml:id="K2_4687512117_1-2">
<gml:timePosition>2021-03-22</gml:timePosition>
</devDate>
<orgGILvl>25000</orgGILvl>
<vis>表示</vis>
<pos>
<gml:Point gml:id="K2_4687512117_1-g" srsName="fguuid:jgd2011.bl">
<gml:pos>33.660402778 130.214435000</gml:pos>
</gml:Point>
</pos>
<type>標高点（測点）</type>
<alti>151</alti>
</ElevPt>
<ElevPt gml:id="K2_4687812090_1">
<fid>46878-12090-i-1214</fid>
<lfSpanFr gml:id="K2_4687812090_1-1">
<gml:timePosition>2021-02-26</gml:timePosition>
</lfSpanFr>
<devDate gml:id="K2_4687812090_1-2">
<gml:timePosition>2021-03-22</gml:timePosition>
</devDate>
<orgGILvl>25000</orgGILvl>
<vis>表示</vis>
<pos>
<gml:Point gml:id="K2_4687812090_1-g" srsName="fguuid:jgd2011.bl">
<gml:pos>33.590082316 130.222609803</gml:pos>
</gml:Point>
</pos>
<type>標高点（測点）</type>
<alti>7</alti>
</ElevPt>
<ElevPt gml:id="K2_4687812105_1">
<fid>46878-12105-i-1221</fid>
<lfSpanFr gml:id="K2_4687812105_1-1">
<gml:timePosition>2021-02-26</gml:timePosition>
</lfSpanFr>
<devDate gml:id="K2_4687812105_1-2">
<gml:timePosition>2021-03-22</gml:timePosition>
</devDate>
<orgGILvl>25000</orgGILvl>
<vis>表示</vis>
<pos>
<gml:Point gml:id="K2_4687812105_1-g" srsName="fguuid:jgd2011.bl">
<gml:pos>33.632888333 130.220555278</gml:pos>
</gml:Point>
</pos>
<type>標高点（測点）</type>
<alti>36</alti>
</ElevPt>
<ElevPt gml:id="K2_4687812111_1">
<fid>46878-12111-i-847</fid>
<lfSpanFr gml:id="K2_4687812111_1-1">
<gml:timePosition>2021-02-26</gml:timePosition>
</lfSpanFr>
<devDate gml:id="K2_4687812111_1-2">
<gml:timePosition>2021-03-22</gml:timePosition>
</devDate>
<orgGILvl>25000</orgGILvl>
<vis>表示</vis>
<pos>
<gml:Point gml:id="K2_4687812111_1-g" srsName="fguuid:jgd2011.bl">
<gml:pos>33.642552278 130.224056159</gml:pos>
</gml:Point>
</pos>
<type>標高点（測点）</type>
<alti>9</alti>
</ElevPt>
<ElevPt gml:id="K2_4687812114_1">
<fid>46878-12114-i-691</fid>
<lfSpanFr gml:id="K2_4687812114_1-1">
<gml:timePosition>2021-02-26</gml:timePosition>
</lfSpanFr>
<devDate gml:id="K2_4687812114_1-2">
<gml:timePosition>2021-03-22</gml:timePosition>
</devDate>
<orgGILvl>25000</orgGILvl>
<vis>表示</vis>
<pos>
<gml:Point gml:id="K2_4687812114_1-g" srsName="fguuid:jgd2011.bl">
<gml:pos>33.656804722 130.218615556</gml:pos>
</gml:Point>
</pos>
<type>標高点（測点）</type>
<alti>72</alti>
</ElevPt>
<ElevPt gml:id="K2_4688112096_1">
<fid>46881-12096-i-947</fid>
<lfSpanFr gml:id="K2_4688112096_1-1">
<gml:timePosition>2021-02-26</gml:timePosition>
</lfSpanFr>
<devDate gml:id="K2_4688112096_1-2">
<gml:timePosition>2021-03-22</gml:timePosition>
</devDate>
<orgGILvl>25000</orgGILvl>
<vis>表示</vis>
<pos>
<gml:Point gml:id="K2_4688112096_1-g" srsName="fguuid:jgd2011.bl">
<gml:pos>33.602147500 130.225411389</gml:pos>
</gml:Point>
</pos>
<type>標高点（測点）</type>
<alti>74</alti>
</ElevPt>
<ElevPt gml:id="K2_4688112102_1">
<fid>46881-12102-i-2153</fid>
<lfSpanFr gml:id="K2_4688112102_1-1">
<gml:timePosition>2021-02-26</gml:timePosition>
</lfSpanFr>
<devDate gml:id="K2_4688112102_1-2">
<gml:timePosition>2021-03-22</gml:timePosition>
</devDate>
<orgGILvl>25000</orgGILvl>
<vis>表示</vis>
<pos>
<gml:Point gml:id="K2_4688112102_1-g" srsName="fguuid:jgd2011.bl">
<gml:pos>33.622918056 130.227338056</gml:pos>
</gml:Point>
</pos>
<type>標高点（測点）</type>
<alti>87</alti>
</ElevPt>
<ElevPt gml:id="K2_4688112108_1">
<fid>46881-12108-i-1033</fid>
<lfSpanFr gml:id="K2_4688112108_1-1">
<gml:timePosition>2021-02-26</gml:timePosition>
</lfSpanFr>
<devDate gml:id="K2_4688112108_1-2">
<gml:timePosition>2021-03-22</gml:timePosition>
</devDate>
<orgGILvl>25000</orgGILvl>
<vis>表示</vis>
<pos>
<gml:Point gml:id="K2_4688112108_1-g" srsName="fguuid:jgd2011.bl">
<gml:pos>33.638372222 130.227266944</gml:pos>
</gml:Point>
</pos>
<type>標高点（測点）</type>
<alti>65</alti>
</ElevPt>
<ElevPt gml:id="K2_4688112111_1">
<fid>46881-12111-i-1387</fid>
<lfSpanFr gml:id="K2_4688112111_1-1">
<gml:timePosition>2021-02-26</gml:timePosition>
</lfSpanFr>
<devDate gml:id="K2_4688112111_1-2">
<gml:timePosition>2021-03-22</gml:timePosition>
</devDate>
<orgGILvl>25000</orgGILvl>
<vis>表示</vis>
<pos>
<gml:Point gml:id="K2_4688112111_1-g" srsName="fguuid:jgd2011.bl">
<gml:pos>33.645601389 130.230168611</gml:pos>
</gml:Point>
</pos>
<type>標高点（測点）</type>
<alti>83</alti>
</ElevPt>
<ElevPt gml:id="K2_4688112114_1">
<fid>46881-12114-i-465</fid>
<lfSpanFr gml:id="K2_4688112114_1-1">
<gml:timePosition>2018-08-06</gml:timePosition>
</lfSpanFr>
<devDate gml:id="K2_4688112114_1-2">
<gml:timePosition>2021-03-22</gml:timePosition>
</devDate>
<orgGILvl>25000</orgGILvl>
<vis>表示</vis>
<pos>
<gml:Point gml:id="K2_4688112114_1-g" srsName="fguuid:jgd2011.bl">
<gml:pos>33.656396111 130.227704722</gml:pos>
</gml:Point>
</pos>
<type>標高点（測点）</type>
<alti>54</alti>
</ElevPt>
<ElevPt gml:id="K2_4688412111_1">
<fid>46884-12111-i-1277</fid>
<lfSpanFr gml:id="K2_4688412111_1-1">
<gml:timePosition>2021-02-26</gml:timePosition>
</lfSpanFr>
<devDate gml:id="K2_4688412111_1-2">
<gml:timePosition>2021-03-22</gml:timePosition>
</devDate>
<orgGILvl>25000</orgGILvl>
<vis>表示</vis>
<pos>
<gml:Point gml:id="K2_4688412111_1-g" srsName="fguuid:jgd2011.bl">
<gml:pos>33.647966389 130.234951389</gml:pos>
</gml:Point>
</pos>
<type>標高点（測点）</type>
<alti>72</alti>
</ElevPt>
<ElevPt gml:id="K2_4688712090_1">
<fid>46887-12090-i-1379</fid>
<lfSpanFr gml:id="K2_4688712090_1-1">
<gml:timePosition>2021-02-26</gml:timePosition>
</lfSpanFr>
<devDate gml:id="K2_4688712090_1-2">
<gml:timePosition>2021-03-22</gml:timePosition>
</devDate>
<orgGILvl>25000</orgGILvl>
<vis>表示</vis>
<pos>
<gml:Point gml:id="K2_4688712090_1-g" srsName="fguuid:jgd2011.bl">
<gml:pos>33.591214408 130.246247614</gml:pos>
</gml:Point>
</pos>
<type>標高点（測点）</type>
<alti>1</alti>
</ElevPt>
<ElevPt gml:id="K2_4688712090_2">
<fid>46887-12090-i-1380</fid>
<lfSpanFr gml:id="K2_4688712090_2-1">
<gml:timePosition>2021-02-26</gml:timePosition>
</lfSpanFr>
<devDate gml:id="K2_4688712090_2-2">
<gml:timePosition>2021-03-22</gml:timePosition>
</devDate>
<orgGILvl>25000</orgGILvl>
<vis>表示</vis>
<pos>
<gml:Point gml:id="K2_4688712090_2-g" srsName="fguuid:jgd2011.bl">
<gml:pos>33.590827970 130.249464246</gml:pos>
</gml:Point>
</pos>
<type>標高点（測点）</type>
<alti>1</alti>
</ElevPt>
<ElevPt gml:id="K2_4688712096_1">
<fid>46887-12096-i-2061</fid>
<lfSpanFr gml:id="K2_4688712096_1-1">
<gml:timePosition>2020-03-09</gml:timePosition>
</lfSpanFr>
<devDate gml:id="K2_4688712096_1-2">
<gml:timePosition>2021-03-22</gml:timePosition>
</devDate>
<orgGILvl>25000</orgGILvl>
<vis>表示</vis>
<pos>
<gml:Point gml:id="K2_4688712096_1-g" srsName="fguuid:jgd2011.bl">
<gml:pos>33.608069423 130.249243359</gml:pos>
</gml:Point>
</pos>
<type>標高点（測点）</type>
<alti>2</alti>
</ElevPt>
</Dataset>
