<?xml version="1.0" encoding="utf-8"?>
<Dataset xsi:schemaLocation="http://fgd.gsi.go.jp/spec/2008/FGD_GMLSchema FGD_GMLSchema.xsd"
	xmlns:gml="http://www.opengis.net/gml/3.2"
	xmlns:xsi="http://www.w3.org/2001/XMLSchema-instance"
	xmlns:xlink="http://www.w3.org/1999/xlink"
	xmlns="http://fgd.gsi.go.jp/spec/2008/FGD_GMLSchema"
	gml:id="Dataset1">
  <gml:description>基盤地図情報メタデータ ID=fmdid:21-0401</gml:description>
  <gml:name>基盤地図情報ダウンロードデータ（GML版）</gml:name>
<SBBdry gml:id="K10_4688712090_1">
<fid>46887-12090-i-1560</fid>
<lfSpanFr gml:id="K10_4688712090_1-1">
<gml:timePosition>2021-02-26</gml:timePosition>
</lfSpanFr>
<devDate gml:id="K10_4688712090_1-2">
<gml:timePosition>2021-03-22</gml:timePosition>
</devDate>
<orgGILvl>2500</orgGILvl>
<vis>表示</vis>
<loc>
<gml:Curve gml:id="K10_4688712090_1-g" srsName="fguuid:jgd2011.bl">
<gml:segments>
<gml:LineStringSegment>
<gml:posList>
33.584701988 130.244103499
33.584729962 130.244195794
33.584722106 130.244208683
</gml:posList>
</gml:LineStringSegment>
</gml:segments>
</gml:Curve>
</loc>
</SBBdry>
<SBBdry gml:id="K10_4688712090_2">
<fid>46887-12090-i-1561</fid>
<lfSpanFr gml:id="K10_4688712090_2-1">
<gml:timePosition>2021-02-26</gml:timePosition>
</lfSpanFr>
<devDate gml:id="K10_4688712090_2-2">
<gml:timePosition>2021-03-22</gml:timePosition>
</devDate>
<orgGILvl>2500</orgGILvl>
<vis>表示</vis>
<loc>
<gml:Curve gml:id="K10_4688712090_2-g" srsName="fguuid:jgd2011.bl">
<gml:segments>
<gml:LineStringSegment>
<gml:posList>
33.583530670 130.243634219
33.583575748 130.243780981
</gml:posList>
</gml:LineStringSegment>
</gml:segments>
</gml:Curve>
</loc>
</SBBdry>
<SBBdry gml:id="K10_4688712090_3">
<fid>46887-12090-i-1562</fid>
<lfSpanFr gml:id="K10_4688712090_3-1">
<gml:timePosition>2021-02-26</gml:timePosition>
</lfSpanFr>
<devDate gml:id="K10_4688712090_3-2">
<gml:timePosition>2021-03-22</gml:timePosition>
</devDate>
<orgGILvl>2500</orgGILvl>
<vis>表示</vis>
<loc>
<gml:Curve gml:id="K10_4688712090_3-g" srsName="fguuid:jgd2011.bl">
<gml:segments>
<gml:LineStringSegment>
<gml:posList>
33.584558842 130.243607796
33.584527465 130.243504651
</gml:posList>
</gml:LineStringSegment>
</gml:segments>
</gml:Curve>
</loc>
</SBBdry>
<SBBdry gml:id="K10_4688712090_4">
<fid>46887-12090-i-1563</fid>
<lfSpanFr gml:id="K10_4688712090_4-1">
<gml:timePosition>2021-02-26</gml:timePosition>
</lfSpanFr>
<devDate gml:id="K10_4688712090_4-2">
<gml:timePosition>2021-03-22</gml:timePosition>
</devDate>
<orgGILvl>2500</orgGILvl>
<vis>表示</vis>
<loc>
<gml:Curve gml:id="K10_4688712090_4-g" srsName="fguuid:jgd2011.bl">
<gml:segments>
<gml:LineStringSegment>
<gml:posList>
33.583333333 130.243701600
33.583438648 130.243654952
33.583482992 130.243666846
33.583569926 130.243949625
33.583566225 130.243993287
33.583333333 130.244091961
</gml:posList>
</gml:LineStringSegment>
</gml:segments>
</gml:Curve>
</loc>
</SBBdry>
<SBBdry gml:id="K10_4688712090_5">
<fid>46887-12090-i-1564</fid>
<lfSpanFr gml:id="K10_4688712090_5-1">
<gml:timePosition>2021-02-26</gml:timePosition>
</lfSpanFr>
<devDate gml:id="K10_4688712090_5-2">
<gml:timePosition>2021-03-22</gml:timePosition>
</devDate>
<orgGILvl>2500</orgGILvl>
<vis>表示</vis>
<loc>
<gml:Curve gml:id="K10_4688712090_5-g" srsName="fguuid:jgd2011.bl">
<gml:segments>
<gml:LineStringSegment>
<gml:posList>
33.583333333 130.244839543
33.583346513 130.244882658
33.583336106 130.244920776
33.583333333 130.244921826
</gml:posList>
</gml:LineStringSegment>
</gml:segments>
</gml:Curve>
</loc>
</SBBdry>
<SBBdry gml:id="K10_4688712090_6">
<fid>46887-12090-i-1565</fid>
<lfSpanFr gml:id="K10_4688712090_6-1">
<gml:timePosition>2021-02-26</gml:timePosition>
</lfSpanFr>
<devDate gml:id="K10_4688712090_6-2">
<gml:timePosition>2021-03-22</gml:timePosition>
</devDate>
<orgGILvl>2500</orgGILvl>
<vis>表示</vis>
<loc>
<gml:Curve gml:id="K10_4688712090_6-g" srsName="fguuid:jgd2011.bl">
<gml:segments>
<gml:LineStringSegment>
<gml:posList>
33.583333333 130.244651129
33.583397321 130.244860454
</gml:posList>
</gml:LineStringSegment>
</gml:segments>
</gml:Curve>
</loc>
</SBBdry>
<SBBdry gml:id="K10_4688712090_7">
<fid>46887-12090-i-1566</fid>
<lfSpanFr gml:id="K10_4688712090_7-1">
<gml:timePosition>2021-02-26</gml:timePosition>
</lfSpanFr>
<devDate gml:id="K10_4688712090_7-2">
<gml:timePosition>2021-03-22</gml:timePosition>
</devDate>
<orgGILvl>2500</orgGILvl>
<vis>表示</vis>
<loc>
<gml:Curve gml:id="K10_4688712090_7-g" srsName="fguuid:jgd2011.bl">
<gml:segments>
<gml:LineStringSegment>
<gml:posList>
33.583397321 130.244860454
33.583428007 130.244880224
33.583567551 130.244830639
33.583649133 130.244768739
33.583650878 130.244729512
33.583463927 130.244132608
33.583433910 130.244119081
33.583333333 130.244162139
</gml:posList>
</gml:LineStringSegment>
</gml:segments>
</gml:Curve>
</loc>
</SBBdry>
<SBBdry gml:id="K10_4688712090_8">
<fid>46887-12090-i-1567</fid>
<lfSpanFr gml:id="K10_4688712090_8-1">
<gml:timePosition>2021-02-26</gml:timePosition>
</lfSpanFr>
<devDate gml:id="K10_4688712090_8-2">
<gml:timePosition>2021-03-22</gml:timePosition>
</devDate>
<orgGILvl>2500</orgGILvl>
<vis>表示</vis>
<loc>
<gml:Curve gml:id="K10_4688712090_8-g" srsName="fguuid:jgd2011.bl">
<gml:segments>
<gml:LineStringSegment>
<gml:posList>
33.583623770 130.243937413
33.583652797 130.243951165
33.584237285 130.243691721
33.584185036 130.243507639
</gml:posList>
</gml:LineStringSegment>
</gml:segments>
</gml:Curve>
</loc>
</SBBdry>
<SBBdry gml:id="K10_4688712090_9">
<fid>46887-12090-i-1568</fid>
<lfSpanFr gml:id="K10_4688712090_9-1">
<gml:timePosition>2021-02-26</gml:timePosition>
</lfSpanFr>
<devDate gml:id="K10_4688712090_9-2">
<gml:timePosition>2021-03-22</gml:timePosition>
</devDate>
<orgGILvl>2500</orgGILvl>
<vis>表示</vis>
<loc>
<gml:Curve gml:id="K10_4688712090_9-g" srsName="fguuid:jgd2011.bl">
<gml:segments>
<gml:LineStringSegment>
<gml:posList>
33.583761012 130.243511339
33.583551305 130.243602583
33.583530670 130.243634219
</gml:posList>
</gml:LineStringSegment>
</gml:segments>
</gml:Curve>
</loc>
</SBBdry>
<SBBdry gml:id="K10_4688712090_10">
<fid>46887-12090-i-1569</fid>
<lfSpanFr gml:id="K10_4688712090_10-1">
<gml:timePosition>2021-02-26</gml:timePosition>
</lfSpanFr>
<devDate gml:id="K10_4688712090_10-2">
<gml:timePosition>2021-03-22</gml:timePosition>
</devDate>
<orgGILvl>2500</orgGILvl>
<vis>表示</vis>
<loc>
<gml:Curve gml:id="K10_4688712090_10-g" srsName="fguuid:jgd2011.bl">
<gml:segments>
<gml:LineStringSegment>
<gml:posList>
33.583532812 130.244073297
33.583751141 130.243976485
</gml:posList>
</gml:LineStringSegment>
</gml:segments>
</gml:Curve>
</loc>
</SBBdry>
<SBBdry gml:id="K10_4688712090_11">
<fid>46887-12090-i-1570</fid>
<lfSpanFr gml:id="K10_4688712090_11-1">
<gml:timePosition>2021-02-26</gml:timePosition>
</lfSpanFr>
<devDate gml:id="K10_4688712090_11-2">
<gml:timePosition>2021-03-22</gml:timePosition>
</devDate>
<orgGILvl>2500</orgGILvl>
<vis>表示</vis>
<loc>
<gml:Curve gml:id="K10_4688712090_11-g" srsName="fguuid:jgd2011.bl">
<gml:segments>
<gml:LineStringSegment>
<gml:posList>
33.583532812 130.244073297
33.583513483 130.244112031
33.583595094 130.244365018
33.583620215 130.244374063
33.583754296 130.244315799
</gml:posList>
</gml:LineStringSegment>
</gml:segments>
</gml:Curve>
</loc>
</SBBdry>
<SBBdry gml:id="K10_4688712090_12">
<fid>46887-12090-i-1571</fid>
<lfSpanFr gml:id="K10_4688712090_12-1">
<gml:timePosition>2021-02-26</gml:timePosition>
</lfSpanFr>
<devDate gml:id="K10_4688712090_12-2">
<gml:timePosition>2021-03-22</gml:timePosition>
</devDate>
<orgGILvl>2500</orgGILvl>
<vis>表示</vis>
<loc>
<gml:Curve gml:id="K10_4688712090_12-g" srsName="fguuid:jgd2011.bl">
<gml:segments>
<gml:LineStringSegment>
<gml:posList>
33.583639429 130.244434438
33.583768294 130.244378482
</gml:posList>
</gml:LineStringSegment>
</gml:segments>
</gml:Curve>
</loc>
</SBBdry>
<SBBdry gml:id="K10_4688712090_13">
<fid>46887-12090-i-1572</fid>
<lfSpanFr gml:id="K10_4688712090_13-1">
<gml:timePosition>2021-02-26</gml:timePosition>
</lfSpanFr>
<devDate gml:id="K10_4688712090_13-2">
<gml:timePosition>2021-03-22</gml:timePosition>
</devDate>
<orgGILvl>2500</orgGILvl>
<vis>表示</vis>
<loc>
<gml:Curve gml:id="K10_4688712090_13-g" srsName="fguuid:jgd2011.bl">
<gml:segments>
<gml:LineStringSegment>
<gml:posList>
33.583639429 130.244434438
33.583626626 130.244478934
33.583689625 130.244681343
33.583719608 130.244689161
33.583729481 130.244681858
</gml:posList>
</gml:LineStringSegment>
</gml:segments>
</gml:Curve>
</loc>
</SBBdry>
<SBBdry gml:id="K10_4688712090_14">
<fid>46887-12090-i-1573</fid>
<lfSpanFr gml:id="K10_4688712090_14-1">
<gml:timePosition>2021-02-26</gml:timePosition>
</lfSpanFr>
<devDate gml:id="K10_4688712090_14-2">
<gml:timePosition>2021-03-22</gml:timePosition>
</devDate>
<orgGILvl>2500</orgGILvl>
<vis>表示</vis>
<loc>
<gml:Curve gml:id="K10_4688712090_14-g" srsName="fguuid:jgd2011.bl">
<gml:segments>
<gml:LineStringSegment>
<gml:posList>
33.584226510 130.243507277
33.584449950 130.244246929
33.584483030 130.244274650
33.584571614 130.244251901
33.584696228 130.244223344
33.584724770 130.244216847
</gml:posList>
</gml:LineStringSegment>
</gml:segments>
</gml:Curve>
</loc>
</SBBdry>
<SBBdry gml:id="K10_4688712090_15">
<fid>46887-12090-i-1574</fid>
<lfSpanFr gml:id="K10_4688712090_15-1">
<gml:timePosition>2021-02-26</gml:timePosition>
</lfSpanFr>
<devDate gml:id="K10_4688712090_15-2">
<gml:timePosition>2021-03-22</gml:timePosition>
</devDate>
<orgGILvl>2500</orgGILvl>
<vis>表示</vis>
<loc>
<gml:Curve gml:id="K10_4688712090_15-g" srsName="fguuid:jgd2011.bl">
<gml:segments>
<gml:LineStringSegment>
<gml:posList>
33.584708727 130.244099670
33.584600338 130.243743818
</gml:posList>
</gml:LineStringSegment>
</gml:segments>
</gml:Curve>
</loc>
</SBBdry>
<SBBdry gml:id="K10_4688712090_16">
<fid>46887-12090-i-1575</fid>
<lfSpanFr gml:id="K10_4688712090_16-1">
<gml:timePosition>2021-02-26</gml:timePosition>
</lfSpanFr>
<devDate gml:id="K10_4688712090_16-2">
<gml:timePosition>2021-03-22</gml:timePosition>
</devDate>
<orgGILvl>2500</orgGILvl>
<vis>表示</vis>
<loc>
<gml:Curve gml:id="K10_4688712090_16-g" srsName="fguuid:jgd2011.bl">
<gml:segments>
<gml:LineStringSegment>
<gml:posList>
33.583743034 130.244671721
33.583729481 130.244681858
</gml:posList>
</gml:LineStringSegment>
</gml:segments>
</gml:Curve>
</loc>
</SBBdry>
<SBBdry gml:id="K10_4688712090_17">
<fid>46887-12090-i-1576</fid>
<lfSpanFr gml:id="K10_4688712090_17-1">
<gml:timePosition>2021-02-26</gml:timePosition>
</lfSpanFr>
<devDate gml:id="K10_4688712090_17-2">
<gml:timePosition>2021-03-22</gml:timePosition>
</devDate>
<orgGILvl>2500</orgGILvl>
<vis>表示</vis>
<loc>
<gml:Curve gml:id="K10_4688712090_17-g" srsName="fguuid:jgd2011.bl">
<gml:segments>
<gml:LineStringSegment>
<gml:posList>
33.583827825 130.244352539
33.583768294 130.244378482
</gml:posList>
</gml:LineStringSegment>
</gml:segments>
</gml:Curve>
</loc>
</SBBdry>
<SBBdry gml:id="K10_4688712090_18">
<fid>46887-12090-i-1577</fid>
<lfSpanFr gml:id="K10_4688712090_18-1">
<gml:timePosition>2021-02-26</gml:timePosition>
</lfSpanFr>
<devDate gml:id="K10_4688712090_18-2">
<gml:timePosition>2021-03-22</gml:timePosition>
</devDate>
<orgGILvl>2500</orgGILvl>
<vis>表示</vis>
<loc>
<gml:Curve gml:id="K10_4688712090_18-g" srsName="fguuid:jgd2011.bl">
<gml:segments>
<gml:LineStringSegment>
<gml:posList>
33.583768054 130.244309754
33.583754296 130.244315799
</gml:posList>
</gml:LineStringSegment>
</gml:segments>
</gml:Curve>
</loc>
</SBBdry>
<SBBdry gml:id="K10_4688712090_19">
<fid>46887-12090-i-1578</fid>
<lfSpanFr gml:id="K10_4688712090_19-1">
<gml:timePosition>2021-02-26</gml:timePosition>
</lfSpanFr>
<devDate gml:id="K10_4688712090_19-2">
<gml:timePosition>2021-03-22</gml:timePosition>
</devDate>
<orgGILvl>2500</orgGILvl>
<vis>表示</vis>
<loc>
<gml:Curve gml:id="K10_4688712090_19-g" srsName="fguuid:jgd2011.bl">
<gml:segments>
<gml:LineStringSegment>
<gml:posList>
33.583810939 130.243949893
33.583751141 130.243976485
</gml:posList>
</gml:LineStringSegment>
</gml:segments>
</gml:Curve>
</loc>
</SBBdry>
<SBBdry gml:id="K10_4688712090_20">
<fid>46887-12090-i-1579</fid>
<lfSpanFr gml:id="K10_4688712090_20-1">
<gml:timePosition>2021-02-26</gml:timePosition>
</lfSpanFr>
<devDate gml:id="K10_4688712090_20-2">
<gml:timePosition>2021-03-22</gml:timePosition>
</devDate>
<orgGILvl>2500</orgGILvl>
<vis>表示</vis>
<loc>
<gml:Curve gml:id="K10_4688712090_20-g" srsName="fguuid:jgd2011.bl">
<gml:segments>
<gml:LineStringSegment>
<gml:posList>
33.584589298 130.243707826
33.584600338 130.243743818
</gml:posList>
</gml:LineStringSegment>
</gml:segments>
</gml:Curve>
</loc>
</SBBdry>
<SBBdry gml:id="K10_4688712090_21">
<fid>46887-12090-i-1580</fid>
<lfSpanFr gml:id="K10_4688712090_21-1">
<gml:timePosition>2021-02-26</gml:timePosition>
</lfSpanFr>
<devDate gml:id="K10_4688712090_21-2">
<gml:timePosition>2021-03-22</gml:timePosition>
</devDate>
<orgGILvl>2500</orgGILvl>
<vis>表示</vis>
<loc>
<gml:Curve gml:id="K10_4688712090_21-g" srsName="fguuid:jgd2011.bl">
<gml:segments>
<gml:LineStringSegment>
<gml:posList>
33.583810939 130.243949893
33.584218103 130.243769237
</gml:posList>
</gml:LineStringSegment>
</gml:segments>
</gml:Curve>
</loc>
</SBBdry>
<SBBdry gml:id="K10_4688712090_22">
<fid>46887-12090-i-1581</fid>
<lfSpanFr gml:id="K10_4688712090_22-1">
<gml:timePosition>2021-02-26</gml:timePosition>
</lfSpanFr>
<devDate gml:id="K10_4688712090_22-2">
<gml:timePosition>2021-03-22</gml:timePosition>
</devDate>
<orgGILvl>2500</orgGILvl>
<vis>表示</vis>
<loc>
<gml:Curve gml:id="K10_4688712090_22-g" srsName="fguuid:jgd2011.bl">
<gml:segments>
<gml:LineStringSegment>
<gml:posList>
33.583768054 130.244309754
33.583867963 130.244266331
33.584322118 130.244073308
33.584336318 130.244036234
33.584257598 130.243784406
33.584218103 130.243769237
</gml:posList>
</gml:LineStringSegment>
</gml:segments>
</gml:Curve>
</loc>
</SBBdry>
<SBBdry gml:id="K10_4688712090_23">
<fid>46887-12090-i-1582</fid>
<lfSpanFr gml:id="K10_4688712090_23-1">
<gml:timePosition>2021-02-26</gml:timePosition>
</lfSpanFr>
<devDate gml:id="K10_4688712090_23-2">
<gml:timePosition>2021-03-22</gml:timePosition>
</devDate>
<orgGILvl>2500</orgGILvl>
<vis>表示</vis>
<loc>
<gml:Curve gml:id="K10_4688712090_23-g" srsName="fguuid:jgd2011.bl">
<gml:segments>
<gml:LineStringSegment>
<gml:posList>
33.583827825 130.244352539
33.583886277 130.244327145
33.584339802 130.244134344
</gml:posList>
</gml:LineStringSegment>
</gml:segments>
</gml:Curve>
</loc>
</SBBdry>
<SBBdry gml:id="K10_4688712090_24">
<fid>46887-12090-i-1583</fid>
<lfSpanFr gml:id="K10_4688712090_24-1">
<gml:timePosition>2021-02-26</gml:timePosition>
</lfSpanFr>
<devDate gml:id="K10_4688712090_24-2">
<gml:timePosition>2021-03-22</gml:timePosition>
</devDate>
<orgGILvl>2500</orgGILvl>
<vis>表示</vis>
<loc>
<gml:Curve gml:id="K10_4688712090_24-g" srsName="fguuid:jgd2011.bl">
<gml:segments>
<gml:LineStringSegment>
<gml:posList>
33.583743034 130.244671721
33.583793569 130.244634330
33.584003313 130.244475112
33.584069591 130.244431874
33.584125383 130.244399069
33.584196049 130.244365596
33.584259540 130.244338542
33.584320188 130.244318407
33.584400089 130.244291209
33.584406696 130.244265728
33.584368352 130.244143790
33.584339802 130.244134344
</gml:posList>
</gml:LineStringSegment>
</gml:segments>
</gml:Curve>
</loc>
</SBBdry>
<SBBdry gml:id="K10_4688712090_25">
<fid>46887-12090-i-1584</fid>
<lfSpanFr gml:id="K10_4688712090_25-1">
<gml:timePosition>2021-02-26</gml:timePosition>
</lfSpanFr>
<devDate gml:id="K10_4688712090_25-2">
<gml:timePosition>2021-03-22</gml:timePosition>
</devDate>
<orgGILvl>2500</orgGILvl>
<vis>表示</vis>
<loc>
<gml:Curve gml:id="K10_4688712090_25-g" srsName="fguuid:jgd2011.bl">
<gml:segments>
<gml:LineStringSegment>
<gml:posList>
33.584589298 130.243707826
33.584558842 130.243607796
</gml:posList>
</gml:LineStringSegment>
</gml:segments>
</gml:Curve>
</loc>
</SBBdry>
<SBBdry gml:id="K10_4688712090_26">
<fid>46887-12090-i-1585</fid>
<lfSpanFr gml:id="K10_4688712090_26-1">
<gml:timePosition>2021-02-26</gml:timePosition>
</lfSpanFr>
<devDate gml:id="K10_4688712090_26-2">
<gml:timePosition>2021-03-22</gml:timePosition>
</devDate>
<orgGILvl>2500</orgGILvl>
<vis>表示</vis>
<loc>
<gml:Curve gml:id="K10_4688712090_26-g" srsName="fguuid:jgd2011.bl">
<gml:segments>
<gml:LineStringSegment>
<gml:posList>
33.583575748 130.243780981
33.583623770 130.243937413
</gml:posList>
</gml:LineStringSegment>
</gml:segments>
</gml:Curve>
</loc>
</SBBdry>
<SBBdry gml:id="K10_4688712090_27">
<fid>46887-12090-i-1586</fid>
<lfSpanFr gml:id="K10_4688712090_27-1">
<gml:timePosition>2021-02-26</gml:timePosition>
</lfSpanFr>
<devDate gml:id="K10_4688712090_27-2">
<gml:timePosition>2021-03-22</gml:timePosition>
</devDate>
<orgGILvl>2500</orgGILvl>
<vis>表示</vis>
<loc>
<gml:Curve gml:id="K10_4688712090_27-g" srsName="fguuid:jgd2011.bl">
<gml:segments>
<gml:LineStringSegment>
<gml:posList>
33.584722106 130.244208683
33.584724770 130.244216847
</gml:posList>
</gml:LineStringSegment>
</gml:segments>
</gml:Curve>
</loc>
</SBBdry>
<SBBdry gml:id="K10_4688712090_28">
<fid>46887-12090-i-1587</fid>
<lfSpanFr gml:id="K10_4688712090_28-1">
<gml:timePosition>2021-02-26</gml:timePosition>
</lfSpanFr>
<devDate gml:id="K10_4688712090_28-2">
<gml:timePosition>2021-03-22</gml:timePosition>
</devDate>
<orgGILvl>2500</orgGILvl>
<vis>表示</vis>
<loc>
<gml:Curve gml:id="K10_4688712090_28-g" srsName="fguuid:jgd2011.bl">
<gml:segments>
<gml:LineStringSegment>
<gml:posList>
33.584701988 130.244103499
33.584708727 130.244099670
</gml:posList>
</gml:LineStringSegment>
</gml:segments>
</gml:Curve>
</loc>
</SBBdry>
<SBBdry gml:id="K10_4688712090_29">
<fid>46887-12090-i-1588</fid>
<lfSpanFr gml:id="K10_4688712090_29-1">
<gml:timePosition>2021-02-26</gml:timePosition>
</lfSpanFr>
<devDate gml:id="K10_4688712090_29-2">
<gml:timePosition>2021-03-22</gml:timePosition>
</devDate>
<orgGILvl>2500</orgGILvl>
<vis>表示</vis>
<loc>
<gml:Curve gml:id="K10_4688712090_29-g" srsName="fguuid:jgd2011.bl">
<gml:segments>
<gml:LineStringSegment>
<gml:posList>
33.584226510 130.243507277
33.584221368 130.243481458
33.584461150 130.243485803
33.584527465 130.243504651
</gml:posList>
</gml:LineStringSegment>
</gml:segments>
</gml:Curve>
</loc>
</SBBdry>
<SBBdry gml:id="K10_4688712090_30">
<fid>46887-12090-i-1589</fid>
<lfSpanFr gml:id="K10_4688712090_30-1">
<gml:timePosition>2021-02-26</gml:timePosition>
</lfSpanFr>
<devDate gml:id="K10_4688712090_30-2">
<gml:timePosition>2021-03-22</gml:timePosition>
</devDate>
<orgGILvl>2500</orgGILvl>
<vis>表示</vis>
<loc>
<gml:Curve gml:id="K10_4688712090_30-g" srsName="fguuid:jgd2011.bl">
<gml:segments>
<gml:LineStringSegment>
<gml:posList>
33.583761012 130.243511339
33.583883494 130.243458287
33.584130541 130.243448149
33.584172927 130.243459735
33.584185036 130.243507639
</gml:posList>
</gml:LineStringSegment>
</gml:segments>
</gml:Curve>
</loc>
</SBBdry>
</Dataset>
