<?xml version="1.0" encoding="utf-8"?>
<Dataset xsi:schemaLocation="http://fgd.gsi.go.jp/spec/2008/FGD_GMLSchema FGD_GMLSchema.xsd"
	xmlns:gml="http://www.opengis.net/gml/3.2"
	xmlns:xsi="http://www.w3.org/2001/XMLSchema-instance"
	xmlns:xlink="http://www.w3.org/1999/xlink"
	xmlns="http://fgd.gsi.go.jp/spec/2008/FGD_GMLSchema"
	gml:id="Dataset1">
  <gml:description>基盤地図情報メタデータ ID=fmdid:18-1001</gml:description>
  <gml:name>基盤地図情報ダウンロードデータ（GML版）</gml:name>
<WStrA gml:id="K28_4684512120_1">
<fid>20180904-46884-12126-s-3530</fid>
<lfSpanFr gml:id="K28_4684512120_1-1">
<gml:timePosition>2018-09-04</gml:timePosition>
</lfSpanFr>
<devDate gml:id="K28_4684512120_1-2">
<gml:timePosition>2018-09-05</gml:timePosition>
</devDate>
<orgGILvl>2500</orgGILvl>
<vis>表示</vis>
<area>
<gml:Surface gml:id="K28_4684512120_1-g" srsName="fguuid:jgd2011.bl">
<gml:patches>
<gml:PolygonPatch>
<gml:exterior>
<gml:Ring>
<gml:curveMember>
<gml:Curve gml:id="K28_4684512120_1-3">
<gml:segments>
<gml:LineStringSegment>
<gml:posList>
33.684025668 130.237510246
33.683749794 130.236944949
33.683575456 130.237053478
33.683575465 130.237053494
33.683612564 130.237120018
33.683651036 130.237217716
33.683718816 130.237360129
33.683764866 130.237473182
33.683804391 130.237566126
33.683849986 130.237664084
33.684025668 130.237510246
</gml:posList>
</gml:LineStringSegment>
</gml:segments>
</gml:Curve>
</gml:curveMember>
</gml:Ring>
</gml:exterior>
</gml:PolygonPatch>
</gml:patches>
</gml:Surface>
</area>
<type>敷石斜坂</type>
</WStrA>
<WStrA gml:id="K28_4684512120_2">
<fid>20180904-46881-12129-s-1432</fid>
<lfSpanFr gml:id="K28_4684512120_2-1">
<gml:timePosition>2018-09-04</gml:timePosition>
</lfSpanFr>
<devDate gml:id="K28_4684512120_2-2">
<gml:timePosition>2018-09-05</gml:timePosition>
</devDate>
<orgGILvl>2500</orgGILvl>
<vis>表示</vis>
<area>
<gml:Surface gml:id="K28_4684512120_2-g" srsName="fguuid:jgd2011.bl">
<gml:patches>
<gml:PolygonPatch>
<gml:exterior>
<gml:Ring>
<gml:curveMember>
<gml:Curve gml:id="K28_4684512120_2-3">
<gml:segments>
<gml:LineStringSegment>
<gml:posList>
33.693131777 130.232686672
33.693117263 130.232676889
33.693100625 130.232793918
33.693096253 130.232824665
33.693083114 130.232917124
33.693098530 130.232918389
33.693121580 130.232847825
33.69312232 130.23284798
33.693132954 130.232783211
33.693131777 130.232686672
</gml:posList>
</gml:LineStringSegment>
</gml:segments>
</gml:Curve>
</gml:curveMember>
</gml:Ring>
</gml:exterior>
</gml:PolygonPatch>
</gml:patches>
</gml:Surface>
</area>
<type>砂防ダム</type>
</WStrA>
</Dataset>
