<?xml version="1.0" encoding="utf-8"?>
<Dataset xsi:schemaLocation="http://fgd.gsi.go.jp/spec/2008/FGD_GMLSchema FGD_GMLSchema.xsd"
	xmlns:gml="http://www.opengis.net/gml/3.2"
	xmlns:xsi="http://www.w3.org/2001/XMLSchema-instance"
	xmlns:xlink="http://www.w3.org/1999/xlink"
	xmlns="http://fgd.gsi.go.jp/spec/2008/FGD_GMLSchema"
	gml:id="Dataset1">
  <gml:description>基盤地図情報メタデータ ID=fmdid:18-1001</gml:description>
  <gml:name>基盤地図情報ダウンロードデータ（GML版）</gml:name>
<AdmPt gml:id="K6_4687212120_1">
<fid>46872-12120-i-119</fid>
<lfSpanFr gml:id="K6_4687212120_1-1">
<gml:timePosition>2018-08-06</gml:timePosition>
</lfSpanFr>
<devDate gml:id="K6_4687212120_1-2">
<gml:timePosition>2018-09-05</gml:timePosition>
</devDate>
<orgGILvl>25000</orgGILvl>
<vis>非表示</vis>
<pos>
<gml:Point gml:id="K6_4687212120_1-g" srsName="fguuid:jgd2011.bl">
<gml:pos>33.666836626 130.207950386</gml:pos>
</gml:Point>
</pos>
<type>町村・指定都市の区</type>
<name>福岡市西区</name>
<admCode>40135</admCode>
</AdmPt>
<AdmPt gml:id="K6_4687512120_1">
<fid>46875-12120-i-368</fid>
<lfSpanFr gml:id="K6_4687512120_1-1">
<gml:timePosition>2018-08-06</gml:timePosition>
</lfSpanFr>
<devDate gml:id="K6_4687512120_1-2">
<gml:timePosition>2018-09-05</gml:timePosition>
</devDate>
<orgGILvl>25000</orgGILvl>
<vis>非表示</vis>
<pos>
<gml:Point gml:id="K6_4687512120_1-g" srsName="fguuid:jgd2011.bl">
<gml:pos>33.667233197 130.210085871</gml:pos>
</gml:Point>
</pos>
<type>町村・指定都市の区</type>
<name>福岡市西区</name>
<admCode>40135</admCode>
</AdmPt>
<AdmPt gml:id="K6_4688112126_1">
<fid>46881-12126-i-670</fid>
<lfSpanFr gml:id="K6_4688112126_1-1">
<gml:timePosition>2018-08-06</gml:timePosition>
</lfSpanFr>
<devDate gml:id="K6_4688112126_1-2">
<gml:timePosition>2018-09-05</gml:timePosition>
</devDate>
<orgGILvl>25000</orgGILvl>
<vis>非表示</vis>
<pos>
<gml:Point gml:id="K6_4688112126_1-g" srsName="fguuid:jgd2011.bl">
<gml:pos>33.688108799 130.232022790</gml:pos>
</gml:Point>
</pos>
<type>町村・指定都市の区</type>
<name>福岡市西区</name>
<admCode>40135</admCode>
</AdmPt>
</Dataset>
