<?xml version="1.0" encoding="utf-8"?>
<Dataset xsi:schemaLocation="http://fgd.gsi.go.jp/spec/2008/FGD_GMLSchema FGD_GMLSchema.xsd"
	xmlns:gml="http://www.opengis.net/gml/3.2"
	xmlns:xsi="http://www.w3.org/2001/XMLSchema-instance"
	xmlns:xlink="http://www.w3.org/1999/xlink"
	xmlns="http://fgd.gsi.go.jp/spec/2008/FGD_GMLSchema"
	gml:id="Dataset1">
  <gml:description>基盤地図情報メタデータ ID=fmdid:18-1001</gml:description>
  <gml:name>基盤地図情報ダウンロードデータ（GML版）</gml:name>
<ElevPt gml:id="K2_4687812123_1">
<fid>46878-12123-i-13</fid>
<lfSpanFr gml:id="K2_4687812123_1-1">
<gml:timePosition>2018-08-06</gml:timePosition>
</lfSpanFr>
<devDate gml:id="K2_4687812123_1-2">
<gml:timePosition>2018-09-05</gml:timePosition>
</devDate>
<orgGILvl>25000</orgGILvl>
<vis>表示</vis>
<pos>
<gml:Point gml:id="K2_4687812123_1-g" srsName="fguuid:jgd2011.bl">
<gml:pos>33.677652222 130.219417778</gml:pos>
</gml:Point>
</pos>
<type>標高点（測点）</type>
<alti>30</alti>
</ElevPt>
<ElevPt gml:id="K2_4687812129_1">
<fid>46878-12129-i-135</fid>
<lfSpanFr gml:id="K2_4687812129_1-1">
<gml:timePosition>2018-08-06</gml:timePosition>
</lfSpanFr>
<devDate gml:id="K2_4687812129_1-2">
<gml:timePosition>2018-09-05</gml:timePosition>
</devDate>
<orgGILvl>25000</orgGILvl>
<vis>表示</vis>
<pos>
<gml:Point gml:id="K2_4687812129_1-g" srsName="fguuid:jgd2011.bl">
<gml:pos>33.696328611 130.219385000</gml:pos>
</gml:Point>
</pos>
<type>標高点（測点）</type>
<alti>66</alti>
</ElevPt>
<ElevPt gml:id="K2_4688112126_1">
<fid>46881-12126-i-488</fid>
<lfSpanFr gml:id="K2_4688112126_1-1">
<gml:timePosition>2018-08-06</gml:timePosition>
</lfSpanFr>
<devDate gml:id="K2_4688112126_1-2">
<gml:timePosition>2018-09-05</gml:timePosition>
</devDate>
<orgGILvl>25000</orgGILvl>
<vis>表示</vis>
<pos>
<gml:Point gml:id="K2_4688112126_1-g" srsName="fguuid:jgd2011.bl">
<gml:pos>33.686715556 130.227508889</gml:pos>
</gml:Point>
</pos>
<type>標高点（測点）</type>
<alti>2</alti>
</ElevPt>
<ElevPt gml:id="K2_4688112129_1">
<fid>46881-12129-i-218</fid>
<lfSpanFr gml:id="K2_4688112129_1-1">
<gml:timePosition>2018-08-06</gml:timePosition>
</lfSpanFr>
<devDate gml:id="K2_4688112129_1-2">
<gml:timePosition>2018-09-05</gml:timePosition>
</devDate>
<orgGILvl>25000</orgGILvl>
<vis>表示</vis>
<pos>
<gml:Point gml:id="K2_4688112129_1-g" srsName="fguuid:jgd2011.bl">
<gml:pos>33.691676667 130.228366944</gml:pos>
</gml:Point>
</pos>
<type>標高点（測点）</type>
<alti>146</alti>
</ElevPt>
<ElevPt gml:id="K2_4688112129_2">
<fid>46881-12129-i-219</fid>
<lfSpanFr gml:id="K2_4688112129_2-1">
<gml:timePosition>2018-08-06</gml:timePosition>
</lfSpanFr>
<devDate gml:id="K2_4688112129_2-2">
<gml:timePosition>2018-09-05</gml:timePosition>
</devDate>
<orgGILvl>25000</orgGILvl>
<vis>表示</vis>
<pos>
<gml:Point gml:id="K2_4688112129_2-g" srsName="fguuid:jgd2011.bl">
<gml:pos>33.698529722 130.230417500</gml:pos>
</gml:Point>
</pos>
<type>標高点（測点）</type>
<alti>8</alti>
</ElevPt>
<ElevPt gml:id="K2_4688412126_1">
<fid>46884-12126-i-1139</fid>
<lfSpanFr gml:id="K2_4688412126_1-1">
<gml:timePosition>2018-08-06</gml:timePosition>
</lfSpanFr>
<devDate gml:id="K2_4688412126_1-2">
<gml:timePosition>2018-09-05</gml:timePosition>
</devDate>
<orgGILvl>25000</orgGILvl>
<vis>表示</vis>
<pos>
<gml:Point gml:id="K2_4688412126_1-g" srsName="fguuid:jgd2011.bl">
<gml:pos>33.688673611 130.236572778</gml:pos>
</gml:Point>
</pos>
<type>標高点（測点）</type>
<alti>42</alti>
</ElevPt>
</Dataset>
