<?xml version="1.0" encoding="utf-8"?>
<Dataset xsi:schemaLocation="http://fgd.gsi.go.jp/spec/2008/FGD_GMLSchema FGD_GMLSchema.xsd"
	xmlns:gml="http://www.opengis.net/gml/3.2"
	xmlns:xsi="http://www.w3.org/2001/XMLSchema-instance"
	xmlns:xlink="http://www.w3.org/1999/xlink"
	xmlns="http://fgd.gsi.go.jp/spec/2008/FGD_GMLSchema"
	gml:id="Dataset1">
  <gml:description>基盤地図情報メタデータ ID=fmdid:18-1001</gml:description>
  <gml:name>基盤地図情報ダウンロードデータ（GML版）</gml:name>
<WStrL gml:id="K27_4688112129_1">
<fid>46881-12129-s-1433</fid>
<lfSpanFr gml:id="K27_4688112129_1-1">
<gml:timePosition>2018-08-06</gml:timePosition>
</lfSpanFr>
<devDate gml:id="K27_4688112129_1-2">
<gml:timePosition>2018-09-05</gml:timePosition>
</devDate>
<orgGILvl>2500</orgGILvl>
<vis>表示</vis>
<loc>
<gml:Curve gml:id="K27_4688112129_1-g" srsName="fguuid:jgd2011.bl">
<gml:segments>
<gml:LineStringSegment>
<gml:posList>
33.693098530 130.232918389
33.693111667 130.232826858
</gml:posList>
</gml:LineStringSegment>
</gml:segments>
</gml:Curve>
</loc>
<type>砂防ダム</type>
</WStrL>
<WStrL gml:id="K27_4688112129_2">
<fid>46881-12129-s-1434</fid>
<lfSpanFr gml:id="K27_4688112129_2-1">
<gml:timePosition>2018-08-06</gml:timePosition>
</lfSpanFr>
<devDate gml:id="K27_4688112129_2-2">
<gml:timePosition>2018-09-05</gml:timePosition>
</devDate>
<orgGILvl>2500</orgGILvl>
<vis>表示</vis>
<loc>
<gml:Curve gml:id="K27_4688112129_2-g" srsName="fguuid:jgd2011.bl">
<gml:segments>
<gml:LineStringSegment>
<gml:posList>
33.693117263 130.232676889
33.693100625 130.232793918
</gml:posList>
</gml:LineStringSegment>
</gml:segments>
</gml:Curve>
</loc>
<type>砂防ダム</type>
</WStrL>
<WStrL gml:id="K27_4688112129_3">
<fid>46881-12129-s-1435</fid>
<lfSpanFr gml:id="K27_4688112129_3-1">
<gml:timePosition>2018-08-06</gml:timePosition>
</lfSpanFr>
<devDate gml:id="K27_4688112129_3-2">
<gml:timePosition>2018-09-05</gml:timePosition>
</devDate>
<orgGILvl>2500</orgGILvl>
<vis>表示</vis>
<loc>
<gml:Curve gml:id="K27_4688112129_3-g" srsName="fguuid:jgd2011.bl">
<gml:segments>
<gml:LineStringSegment>
<gml:posList>
33.693098530 130.232918389
33.693121580 130.232847825
33.693122320 130.232847980
33.693132954 130.232783211
33.693131777 130.232686672
</gml:posList>
</gml:LineStringSegment>
</gml:segments>
</gml:Curve>
</loc>
<type>砂防ダム</type>
</WStrL>
<WStrL gml:id="K27_4688112129_4">
<fid>46881-12129-s-1436</fid>
<lfSpanFr gml:id="K27_4688112129_4-1">
<gml:timePosition>2018-08-06</gml:timePosition>
</lfSpanFr>
<devDate gml:id="K27_4688112129_4-2">
<gml:timePosition>2018-09-05</gml:timePosition>
</devDate>
<orgGILvl>2500</orgGILvl>
<vis>表示</vis>
<loc>
<gml:Curve gml:id="K27_4688112129_4-g" srsName="fguuid:jgd2011.bl">
<gml:segments>
<gml:LineStringSegment>
<gml:posList>
33.693115919 130.232797201
33.693131777 130.232686672
</gml:posList>
</gml:LineStringSegment>
</gml:segments>
</gml:Curve>
</loc>
<type>砂防ダム</type>
</WStrL>
<WStrL gml:id="K27_4688112129_5">
<fid>46881-12129-s-1437</fid>
<lfSpanFr gml:id="K27_4688112129_5-1">
<gml:timePosition>2018-08-06</gml:timePosition>
</lfSpanFr>
<devDate gml:id="K27_4688112129_5-2">
<gml:timePosition>2018-09-05</gml:timePosition>
</devDate>
<orgGILvl>2500</orgGILvl>
<vis>表示</vis>
<loc>
<gml:Curve gml:id="K27_4688112129_5-g" srsName="fguuid:jgd2011.bl">
<gml:segments>
<gml:LineStringSegment>
<gml:posList>
33.693096253 130.232824665
33.693083114 130.232917124
</gml:posList>
</gml:LineStringSegment>
</gml:segments>
</gml:Curve>
</loc>
<type>砂防ダム</type>
</WStrL>
<WStrL gml:id="K27_4688112129_6">
<fid>46881-12129-s-1438</fid>
<lfSpanFr gml:id="K27_4688112129_6-1">
<gml:timePosition>2018-08-06</gml:timePosition>
</lfSpanFr>
<devDate gml:id="K27_4688112129_6-2">
<gml:timePosition>2018-09-05</gml:timePosition>
</devDate>
<orgGILvl>2500</orgGILvl>
<vis>表示</vis>
<loc>
<gml:Curve gml:id="K27_4688112129_6-g" srsName="fguuid:jgd2011.bl">
<gml:segments>
<gml:LineStringSegment>
<gml:posList>
33.693100625 130.232793918
33.693096253 130.232824665
</gml:posList>
</gml:LineStringSegment>
</gml:segments>
</gml:Curve>
</loc>
<type>砂防ダム</type>
</WStrL>
<WStrL gml:id="K27_4688112129_7">
<fid>46881-12129-s-1439</fid>
<lfSpanFr gml:id="K27_4688112129_7-1">
<gml:timePosition>2018-08-06</gml:timePosition>
</lfSpanFr>
<devDate gml:id="K27_4688112129_7-2">
<gml:timePosition>2018-09-05</gml:timePosition>
</devDate>
<orgGILvl>2500</orgGILvl>
<vis>表示</vis>
<loc>
<gml:Curve gml:id="K27_4688112129_7-g" srsName="fguuid:jgd2011.bl">
<gml:segments>
<gml:LineStringSegment>
<gml:posList>
33.693111667 130.232826858
33.693115919 130.232797201
</gml:posList>
</gml:LineStringSegment>
</gml:segments>
</gml:Curve>
</loc>
<type>砂防ダム</type>
</WStrL>
<WStrL gml:id="K27_4688112129_8">
<fid>46881-12129-s-1440</fid>
<lfSpanFr gml:id="K27_4688112129_8-1">
<gml:timePosition>2018-08-06</gml:timePosition>
</lfSpanFr>
<devDate gml:id="K27_4688112129_8-2">
<gml:timePosition>2018-09-05</gml:timePosition>
</devDate>
<orgGILvl>2500</orgGILvl>
<vis>表示</vis>
<loc>
<gml:Curve gml:id="K27_4688112129_8-g" srsName="fguuid:jgd2011.bl">
<gml:segments>
<gml:LineStringSegment>
<gml:posList>
33.693111667 130.232826858
33.693096253 130.232824665
</gml:posList>
</gml:LineStringSegment>
</gml:segments>
</gml:Curve>
</loc>
<type>砂防ダム</type>
</WStrL>
<WStrL gml:id="K27_4688112129_9">
<fid>46881-12129-s-1441</fid>
<lfSpanFr gml:id="K27_4688112129_9-1">
<gml:timePosition>2018-08-06</gml:timePosition>
</lfSpanFr>
<devDate gml:id="K27_4688112129_9-2">
<gml:timePosition>2018-09-05</gml:timePosition>
</devDate>
<orgGILvl>2500</orgGILvl>
<vis>表示</vis>
<loc>
<gml:Curve gml:id="K27_4688112129_9-g" srsName="fguuid:jgd2011.bl">
<gml:segments>
<gml:LineStringSegment>
<gml:posList>
33.693100625 130.232793918
33.693115919 130.232797201
</gml:posList>
</gml:LineStringSegment>
</gml:segments>
</gml:Curve>
</loc>
<type>砂防ダム</type>
</WStrL>
</Dataset>
