<?xml version="1.0" encoding="utf-8"?>
<Dataset xsi:schemaLocation="http://fgd.gsi.go.jp/spec/2008/FGD_GMLSchema FGD_GMLSchema.xsd"
	xmlns:gml="http://www.opengis.net/gml/3.2"
	xmlns:xsi="http://www.w3.org/2001/XMLSchema-instance"
	xmlns:xlink="http://www.w3.org/1999/xlink"
	xmlns="http://fgd.gsi.go.jp/spec/2008/FGD_GMLSchema"
	gml:id="Dataset1">
  <gml:description>基盤地図情報メタデータ ID=fmdid:21-0701</gml:description>
  <gml:name>基盤地図情報ダウンロードデータ（GML版）</gml:name>
<AdmPt gml:id="K6_4689612069_1">
<fid>46896-12069-i-570</fid>
<lfSpanFr gml:id="K6_4689612069_1-1">
<gml:timePosition>2021-02-26</gml:timePosition>
</lfSpanFr>
<devDate gml:id="K6_4689612069_1-2">
<gml:timePosition>2021-06-03</gml:timePosition>
</devDate>
<orgGILvl>25000</orgGILvl>
<vis>非表示</vis>
<pos>
<gml:Point gml:id="K6_4689612069_1-g" srsName="fguuid:jgd2011.bl">
<gml:pos>33.529149750 130.269203300</gml:pos>
</gml:Point>
</pos>
<type>郡市・東京都の区</type>
<name>糸島市</name>
<admCode>40230</admCode>
</AdmPt>
<AdmPt gml:id="K6_4690812075_1">
<fid>46908-12075-i-3529</fid>
<lfSpanFr gml:id="K6_4690812075_1-1">
<gml:timePosition>2020-10-29</gml:timePosition>
</lfSpanFr>
<devDate gml:id="K6_4690812075_1-2">
<gml:timePosition>2021-06-03</gml:timePosition>
</devDate>
<orgGILvl>25000</orgGILvl>
<vis>非表示</vis>
<pos>
<gml:Point gml:id="K6_4690812075_1-g" srsName="fguuid:jgd2011.bl">
<gml:pos>33.544344009 130.300249438</gml:pos>
</gml:Point>
</pos>
<type>町村・指定都市の区</type>
<name>福岡市西区</name>
<admCode>40135</admCode>
</AdmPt>
<AdmPt gml:id="K6_4692012075_1">
<fid>46920-12075-i-8158</fid>
<lfSpanFr gml:id="K6_4692012075_1-1">
<gml:timePosition>2020-10-29</gml:timePosition>
</lfSpanFr>
<devDate gml:id="K6_4692012075_1-2">
<gml:timePosition>2021-06-03</gml:timePosition>
</devDate>
<orgGILvl>25000</orgGILvl>
<vis>非表示</vis>
<pos>
<gml:Point gml:id="K6_4692012075_1-g" srsName="fguuid:jgd2011.bl">
<gml:pos>33.541705688 130.340119161</gml:pos>
</gml:Point>
</pos>
<type>町村・指定都市の区</type>
<name>福岡市早良区</name>
<admCode>40137</admCode>
</AdmPt>
<AdmPt gml:id="K6_4692912075_1">
<fid>46929-12075-i-4896</fid>
<lfSpanFr gml:id="K6_4692912075_1-1">
<gml:timePosition>2020-10-29</gml:timePosition>
</lfSpanFr>
<devDate gml:id="K6_4692912075_1-2">
<gml:timePosition>2021-06-03</gml:timePosition>
</devDate>
<orgGILvl>25000</orgGILvl>
<vis>非表示</vis>
<pos>
<gml:Point gml:id="K6_4692912075_1-g" srsName="fguuid:jgd2011.bl">
<gml:pos>33.548319014 130.362148401</gml:pos>
</gml:Point>
</pos>
<type>町村・指定都市の区</type>
<name>福岡市城南区</name>
<admCode>40136</admCode>
</AdmPt>
<AdmPt gml:id="K6_4693212060_1">
<fid>46932-12060-i-288</fid>
<lfSpanFr gml:id="K6_4693212060_1-1">
<gml:timePosition>2021-04-02</gml:timePosition>
</lfSpanFr>
<devDate gml:id="K6_4693212060_1-2">
<gml:timePosition>2021-06-03</gml:timePosition>
</devDate>
<orgGILvl>25000</orgGILvl>
<vis>非表示</vis>
<pos>
<gml:Point gml:id="K6_4693212060_1-g" srsName="fguuid:jgd2011.bl">
<gml:pos>33.503666403 130.373553308</gml:pos>
</gml:Point>
</pos>
<type>町村・指定都市の区</type>
<name>那珂川市</name>
<admCode>40231</admCode>
</AdmPt>
<AdmPt gml:id="K6_4693212063_1">
<fid>46932-12063-i-487</fid>
<lfSpanFr gml:id="K6_4693212063_1-1">
<gml:timePosition>2018-08-06</gml:timePosition>
</lfSpanFr>
<devDate gml:id="K6_4693212063_1-2">
<gml:timePosition>2021-06-03</gml:timePosition>
</devDate>
<orgGILvl>25000</orgGILvl>
<vis>非表示</vis>
<pos>
<gml:Point gml:id="K6_4693212063_1-g" srsName="fguuid:jgd2011.bl">
<gml:pos>33.511272917 130.370485569</gml:pos>
</gml:Point>
</pos>
<type>町村・指定都市の区</type>
<name>福岡市南区</name>
<admCode>40134</admCode>
</AdmPt>
<AdmPt gml:id="K6_4693212087_1">
<fid>46932-12087-i-11556</fid>
<lfSpanFr gml:id="K6_4693212087_1-1">
<gml:timePosition>2020-10-29</gml:timePosition>
</lfSpanFr>
<devDate gml:id="K6_4693212087_1-2">
<gml:timePosition>2021-06-03</gml:timePosition>
</devDate>
<orgGILvl>25000</orgGILvl>
<vis>非表示</vis>
<pos>
<gml:Point gml:id="K6_4693212087_1-g" srsName="fguuid:jgd2011.bl">
<gml:pos>33.579419444 130.373887005</gml:pos>
</gml:Point>
</pos>
<type>町村・指定都市の区</type>
<name>福岡市中央区</name>
<admCode>40133</admCode>
</AdmPt>
</Dataset>
