<?xml version="1.0" encoding="utf-8"?>
<Dataset xsi:schemaLocation="http://fgd.gsi.go.jp/spec/2008/FGD_GMLSchema FGD_GMLSchema.xsd"
	xmlns:gml="http://www.opengis.net/gml/3.2"
	xmlns:xsi="http://www.w3.org/2001/XMLSchema-instance"
	xmlns:xlink="http://www.w3.org/1999/xlink"
	xmlns="http://fgd.gsi.go.jp/spec/2008/FGD_GMLSchema"
	gml:id="Dataset1">
  <gml:description>基盤地図情報メタデータ ID=fmdid:21-0701</gml:description>
  <gml:name>基盤地図情報ダウンロードデータ（GML版）</gml:name>
<ElevPt gml:id="K2_4689012060_1">
<fid>46890-12060-i-88</fid>
<lfSpanFr gml:id="K2_4689012060_1-1">
<gml:timePosition>2021-02-26</gml:timePosition>
</lfSpanFr>
<devDate gml:id="K2_4689012060_1-2">
<gml:timePosition>2021-06-03</gml:timePosition>
</devDate>
<orgGILvl>25000</orgGILvl>
<vis>表示</vis>
<pos>
<gml:Point gml:id="K2_4689012060_1-g" srsName="fguuid:jgd2011.bl">
<gml:pos>33.501337500 130.256258056</gml:pos>
</gml:Point>
</pos>
<type>標高点（測点）</type>
<alti>569</alti>
</ElevPt>
<ElevPt gml:id="K2_4689012063_1">
<fid>46890-12063-i-428</fid>
<lfSpanFr gml:id="K2_4689012063_1-1">
<gml:timePosition>2021-02-26</gml:timePosition>
</lfSpanFr>
<devDate gml:id="K2_4689012063_1-2">
<gml:timePosition>2021-06-03</gml:timePosition>
</devDate>
<orgGILvl>25000</orgGILvl>
<vis>表示</vis>
<pos>
<gml:Point gml:id="K2_4689012063_1-g" srsName="fguuid:jgd2011.bl">
<gml:pos>33.513921944 130.251468056</gml:pos>
</gml:Point>
</pos>
<type>標高点（測点）</type>
<alti>122</alti>
</ElevPt>
<ElevPt gml:id="K2_4689012066_1">
<fid>46890-12066-i-1172</fid>
<lfSpanFr gml:id="K2_4689012066_1-1">
<gml:timePosition>2021-02-26</gml:timePosition>
</lfSpanFr>
<devDate gml:id="K2_4689012066_1-2">
<gml:timePosition>2021-06-03</gml:timePosition>
</devDate>
<orgGILvl>25000</orgGILvl>
<vis>表示</vis>
<pos>
<gml:Point gml:id="K2_4689012066_1-g" srsName="fguuid:jgd2011.bl">
<gml:pos>33.523528611 130.257856896</gml:pos>
</gml:Point>
</pos>
<type>標高点（測点）</type>
<alti>67</alti>
</ElevPt>
<ElevPt gml:id="K2_4689012075_1">
<fid>46890-12075-i-2444</fid>
<lfSpanFr gml:id="K2_4689012075_1-1">
<gml:timePosition>2021-02-26</gml:timePosition>
</lfSpanFr>
<devDate gml:id="K2_4689012075_1-2">
<gml:timePosition>2021-06-03</gml:timePosition>
</devDate>
<orgGILvl>25000</orgGILvl>
<vis>表示</vis>
<pos>
<gml:Point gml:id="K2_4689012075_1-g" srsName="fguuid:jgd2011.bl">
<gml:pos>33.547160000 130.257065000</gml:pos>
</gml:Point>
</pos>
<type>標高点（測点）</type>
<alti>91</alti>
</ElevPt>
<ElevPt gml:id="K2_4689012078_1">
<fid>46890-12078-i-915</fid>
<lfSpanFr gml:id="K2_4689012078_1-1">
<gml:timePosition>2021-02-26</gml:timePosition>
</lfSpanFr>
<devDate gml:id="K2_4689012078_1-2">
<gml:timePosition>2021-06-03</gml:timePosition>
</devDate>
<orgGILvl>25000</orgGILvl>
<vis>表示</vis>
<pos>
<gml:Point gml:id="K2_4689012078_1-g" srsName="fguuid:jgd2011.bl">
<gml:pos>33.551779722 130.252919722</gml:pos>
</gml:Point>
</pos>
<type>標高点（測点）</type>
<alti>79</alti>
</ElevPt>
<ElevPt gml:id="K2_4689012078_2">
<fid>46890-12078-i-916</fid>
<lfSpanFr gml:id="K2_4689012078_2-1">
<gml:timePosition>2021-02-26</gml:timePosition>
</lfSpanFr>
<devDate gml:id="K2_4689012078_2-2">
<gml:timePosition>2021-06-03</gml:timePosition>
</devDate>
<orgGILvl>25000</orgGILvl>
<vis>表示</vis>
<pos>
<gml:Point gml:id="K2_4689012078_2-g" srsName="fguuid:jgd2011.bl">
<gml:pos>33.557752417 130.255008417</gml:pos>
</gml:Point>
</pos>
<type>標高点（測点）</type>
<alti>172</alti>
</ElevPt>
<ElevPt gml:id="K2_4689012081_1">
<fid>46890-12081-i-619</fid>
<lfSpanFr gml:id="K2_4689012081_1-1">
<gml:timePosition>2018-08-06</gml:timePosition>
</lfSpanFr>
<devDate gml:id="K2_4689012081_1-2">
<gml:timePosition>2021-06-03</gml:timePosition>
</devDate>
<orgGILvl>25000</orgGILvl>
<vis>表示</vis>
<pos>
<gml:Point gml:id="K2_4689012081_1-g" srsName="fguuid:jgd2011.bl">
<gml:pos>33.565515278 130.253523056</gml:pos>
</gml:Point>
</pos>
<type>標高点（測点）</type>
<alti>92</alti>
</ElevPt>
<ElevPt gml:id="K2_4689012087_1">
<fid>46890-12087-i-3241</fid>
<lfSpanFr gml:id="K2_4689012087_1-1">
<gml:timePosition>2020-11-16</gml:timePosition>
</lfSpanFr>
<devDate gml:id="K2_4689012087_1-2">
<gml:timePosition>2021-06-03</gml:timePosition>
</devDate>
<orgGILvl>25000</orgGILvl>
<vis>表示</vis>
<pos>
<gml:Point gml:id="K2_4689012087_1-g" srsName="fguuid:jgd2011.bl">
<gml:pos>33.578569374 130.253762039</gml:pos>
</gml:Point>
</pos>
<type>標高点（測点）</type>
<alti>5</alti>
</ElevPt>
<ElevPt gml:id="K2_4689312063_1">
<fid>46893-12063-i-481</fid>
<lfSpanFr gml:id="K2_4689312063_1-1">
<gml:timePosition>2021-02-26</gml:timePosition>
</lfSpanFr>
<devDate gml:id="K2_4689312063_1-2">
<gml:timePosition>2021-06-03</gml:timePosition>
</devDate>
<orgGILvl>25000</orgGILvl>
<vis>表示</vis>
<pos>
<gml:Point gml:id="K2_4689312063_1-g" srsName="fguuid:jgd2011.bl">
<gml:pos>33.515015556 130.259192222</gml:pos>
</gml:Point>
</pos>
<type>標高点（測点）</type>
<alti>203</alti>
</ElevPt>
<ElevPt gml:id="K2_4689312069_1">
<fid>46893-12069-i-1299</fid>
<lfSpanFr gml:id="K2_4689312069_1-1">
<gml:timePosition>2021-02-26</gml:timePosition>
</lfSpanFr>
<devDate gml:id="K2_4689312069_1-2">
<gml:timePosition>2021-06-03</gml:timePosition>
</devDate>
<orgGILvl>25000</orgGILvl>
<vis>表示</vis>
<pos>
<gml:Point gml:id="K2_4689312069_1-g" srsName="fguuid:jgd2011.bl">
<gml:pos>33.532304167 130.261055556</gml:pos>
</gml:Point>
</pos>
<type>標高点（測点）</type>
<alti>61</alti>
</ElevPt>
<ElevPt gml:id="K2_4689312075_1">
<fid>46893-12075-i-766</fid>
<lfSpanFr gml:id="K2_4689312075_1-1">
<gml:timePosition>2021-02-26</gml:timePosition>
</lfSpanFr>
<devDate gml:id="K2_4689312075_1-2">
<gml:timePosition>2021-06-03</gml:timePosition>
</devDate>
<orgGILvl>25000</orgGILvl>
<vis>表示</vis>
<pos>
<gml:Point gml:id="K2_4689312075_1-g" srsName="fguuid:jgd2011.bl">
<gml:pos>33.544593750 130.262382944</gml:pos>
</gml:Point>
</pos>
<type>標高点（測点）</type>
<alti>123</alti>
</ElevPt>
<ElevPt gml:id="K2_4689312078_1">
<fid>46893-12078-i-587</fid>
<lfSpanFr gml:id="K2_4689312078_1-1">
<gml:timePosition>2021-02-26</gml:timePosition>
</lfSpanFr>
<devDate gml:id="K2_4689312078_1-2">
<gml:timePosition>2021-06-03</gml:timePosition>
</devDate>
<orgGILvl>25000</orgGILvl>
<vis>表示</vis>
<pos>
<gml:Point gml:id="K2_4689312078_1-g" srsName="fguuid:jgd2011.bl">
<gml:pos>33.553046500 130.266363167</gml:pos>
</gml:Point>
</pos>
<type>標高点（測点）</type>
<alti>328</alti>
</ElevPt>
<ElevPt gml:id="K2_4689312081_1">
<fid>46893-12081-i-786</fid>
<lfSpanFr gml:id="K2_4689312081_1-1">
<gml:timePosition>2018-08-06</gml:timePosition>
</lfSpanFr>
<devDate gml:id="K2_4689312081_1-2">
<gml:timePosition>2021-06-03</gml:timePosition>
</devDate>
<orgGILvl>25000</orgGILvl>
<vis>表示</vis>
<pos>
<gml:Point gml:id="K2_4689312081_1-g" srsName="fguuid:jgd2011.bl">
<gml:pos>33.560290000 130.260785000</gml:pos>
</gml:Point>
</pos>
<type>標高点（測点）</type>
<alti>228</alti>
</ElevPt>
<ElevPt gml:id="K2_4689312084_1">
<fid>46893-12084-i-2218</fid>
<lfSpanFr gml:id="K2_4689312084_1-1">
<gml:timePosition>2020-11-16</gml:timePosition>
</lfSpanFr>
<devDate gml:id="K2_4689312084_1-2">
<gml:timePosition>2021-06-03</gml:timePosition>
</devDate>
<orgGILvl>25000</orgGILvl>
<vis>表示</vis>
<pos>
<gml:Point gml:id="K2_4689312084_1-g" srsName="fguuid:jgd2011.bl">
<gml:pos>33.573134155 130.262552527</gml:pos>
</gml:Point>
</pos>
<type>標高点（測点）</type>
<alti>14</alti>
</ElevPt>
<ElevPt gml:id="K2_4689312087_1">
<fid>46893-12087-i-3454</fid>
<lfSpanFr gml:id="K2_4689312087_1-1">
<gml:timePosition>2020-11-16</gml:timePosition>
</lfSpanFr>
<devDate gml:id="K2_4689312087_1-2">
<gml:timePosition>2021-06-03</gml:timePosition>
</devDate>
<orgGILvl>25000</orgGILvl>
<vis>表示</vis>
<pos>
<gml:Point gml:id="K2_4689312087_1-g" srsName="fguuid:jgd2011.bl">
<gml:pos>33.581841944 130.262936667</gml:pos>
</gml:Point>
</pos>
<type>標高点（測点）</type>
<alti>4</alti>
</ElevPt>
<ElevPt gml:id="K2_4689612063_1">
<fid>46896-12063-i-772</fid>
<lfSpanFr gml:id="K2_4689612063_1-1">
<gml:timePosition>2021-02-26</gml:timePosition>
</lfSpanFr>
<devDate gml:id="K2_4689612063_1-2">
<gml:timePosition>2021-06-03</gml:timePosition>
</devDate>
<orgGILvl>25000</orgGILvl>
<vis>表示</vis>
<pos>
<gml:Point gml:id="K2_4689612063_1-g" srsName="fguuid:jgd2011.bl">
<gml:pos>33.509454444 130.268838333</gml:pos>
</gml:Point>
</pos>
<type>標高点（測点）</type>
<alti>218</alti>
</ElevPt>
<ElevPt gml:id="K2_4689612063_2">
<fid>46896-12063-i-880</fid>
<lfSpanFr gml:id="K2_4689612063_2-1">
<gml:timePosition>2021-02-26</gml:timePosition>
</lfSpanFr>
<devDate gml:id="K2_4689612063_2-2">
<gml:timePosition>2021-06-03</gml:timePosition>
</devDate>
<orgGILvl>25000</orgGILvl>
<vis>表示</vis>
<pos>
<gml:Point gml:id="K2_4689612063_2-g" srsName="fguuid:jgd2011.bl">
<gml:pos>33.516394944 130.271820861</gml:pos>
</gml:Point>
</pos>
<type>標高点（測点）</type>
<alti>128</alti>
</ElevPt>
<ElevPt gml:id="K2_4689612066_1">
<fid>46896-12066-i-1658</fid>
<lfSpanFr gml:id="K2_4689612066_1-1">
<gml:timePosition>2021-02-26</gml:timePosition>
</lfSpanFr>
<devDate gml:id="K2_4689612066_1-2">
<gml:timePosition>2021-06-03</gml:timePosition>
</devDate>
<orgGILvl>25000</orgGILvl>
<vis>表示</vis>
<pos>
<gml:Point gml:id="K2_4689612066_1-g" srsName="fguuid:jgd2011.bl">
<gml:pos>33.523167342 130.269095850</gml:pos>
</gml:Point>
</pos>
<type>標高点（測点）</type>
<alti>105</alti>
</ElevPt>
<ElevPt gml:id="K2_4689612072_1">
<fid>46896-12072-i-1502</fid>
<lfSpanFr gml:id="K2_4689612072_1-1">
<gml:timePosition>2021-02-26</gml:timePosition>
</lfSpanFr>
<devDate gml:id="K2_4689612072_1-2">
<gml:timePosition>2021-06-03</gml:timePosition>
</devDate>
<orgGILvl>25000</orgGILvl>
<vis>表示</vis>
<pos>
<gml:Point gml:id="K2_4689612072_1-g" srsName="fguuid:jgd2011.bl">
<gml:pos>33.538817500 130.269506389</gml:pos>
</gml:Point>
</pos>
<type>標高点（測点）</type>
<alti>134</alti>
</ElevPt>
<ElevPt gml:id="K2_4689612075_1">
<fid>46896-12075-i-638</fid>
<lfSpanFr gml:id="K2_4689612075_1-1">
<gml:timePosition>2021-02-26</gml:timePosition>
</lfSpanFr>
<devDate gml:id="K2_4689612075_1-2">
<gml:timePosition>2021-06-03</gml:timePosition>
</devDate>
<orgGILvl>25000</orgGILvl>
<vis>表示</vis>
<pos>
<gml:Point gml:id="K2_4689612075_1-g" srsName="fguuid:jgd2011.bl">
<gml:pos>33.547910000 130.268445278</gml:pos>
</gml:Point>
</pos>
<type>標高点（測点）</type>
<alti>416</alti>
</ElevPt>
<ElevPt gml:id="K2_4689612081_1">
<fid>46896-12081-i-449</fid>
<lfSpanFr gml:id="K2_4689612081_1-1">
<gml:timePosition>2018-08-06</gml:timePosition>
</lfSpanFr>
<devDate gml:id="K2_4689612081_1-2">
<gml:timePosition>2021-06-03</gml:timePosition>
</devDate>
<orgGILvl>25000</orgGILvl>
<vis>表示</vis>
<pos>
<gml:Point gml:id="K2_4689612081_1-g" srsName="fguuid:jgd2011.bl">
<gml:pos>33.562491944 130.272802222</gml:pos>
</gml:Point>
</pos>
<type>標高点（測点）</type>
<alti>112</alti>
</ElevPt>
<ElevPt gml:id="K2_4689612084_1">
<fid>46896-12084-i-2178</fid>
<lfSpanFr gml:id="K2_4689612084_1-1">
<gml:timePosition>2020-11-16</gml:timePosition>
</lfSpanFr>
<devDate gml:id="K2_4689612084_1-2">
<gml:timePosition>2021-06-03</gml:timePosition>
</devDate>
<orgGILvl>25000</orgGILvl>
<vis>表示</vis>
<pos>
<gml:Point gml:id="K2_4689612084_1-g" srsName="fguuid:jgd2011.bl">
<gml:pos>33.568832500 130.268585833</gml:pos>
</gml:Point>
</pos>
<type>標高点（測点）</type>
<alti>54</alti>
</ElevPt>
<ElevPt gml:id="K2_4689612087_1">
<fid>46896-12087-i-5624</fid>
<lfSpanFr gml:id="K2_4689612087_1-1">
<gml:timePosition>2020-11-16</gml:timePosition>
</lfSpanFr>
<devDate gml:id="K2_4689612087_1-2">
<gml:timePosition>2021-06-03</gml:timePosition>
</devDate>
<orgGILvl>25000</orgGILvl>
<vis>表示</vis>
<pos>
<gml:Point gml:id="K2_4689612087_1-g" srsName="fguuid:jgd2011.bl">
<gml:pos>33.576161114 130.269855110</gml:pos>
</gml:Point>
</pos>
<type>標高点（測点）</type>
<alti>4</alti>
</ElevPt>
<ElevPt gml:id="K2_4689912060_1">
<fid>46899-12060-i-167</fid>
<lfSpanFr gml:id="K2_4689912060_1-1">
<gml:timePosition>2021-02-26</gml:timePosition>
</lfSpanFr>
<devDate gml:id="K2_4689912060_1-2">
<gml:timePosition>2021-06-03</gml:timePosition>
</devDate>
<orgGILvl>25000</orgGILvl>
<vis>表示</vis>
<pos>
<gml:Point gml:id="K2_4689912060_1-g" srsName="fguuid:jgd2011.bl">
<gml:pos>33.505185833 130.278638611</gml:pos>
</gml:Point>
</pos>
<type>標高点（測点）</type>
<alti>517</alti>
</ElevPt>
<ElevPt gml:id="K2_4689912063_1">
<fid>46899-12063-i-155</fid>
<lfSpanFr gml:id="K2_4689912063_1-1">
<gml:timePosition>2021-02-26</gml:timePosition>
</lfSpanFr>
<devDate gml:id="K2_4689912063_1-2">
<gml:timePosition>2021-06-03</gml:timePosition>
</devDate>
<orgGILvl>25000</orgGILvl>
<vis>表示</vis>
<pos>
<gml:Point gml:id="K2_4689912063_1-g" srsName="fguuid:jgd2011.bl">
<gml:pos>33.514967222 130.280534167</gml:pos>
</gml:Point>
</pos>
<type>標高点（測点）</type>
<alti>182</alti>
</ElevPt>
<ElevPt gml:id="K2_4689912066_1">
<fid>46899-12066-i-127</fid>
<lfSpanFr gml:id="K2_4689912066_1-1">
<gml:timePosition>2021-02-26</gml:timePosition>
</lfSpanFr>
<devDate gml:id="K2_4689912066_1-2">
<gml:timePosition>2021-06-03</gml:timePosition>
</devDate>
<orgGILvl>25000</orgGILvl>
<vis>表示</vis>
<pos>
<gml:Point gml:id="K2_4689912066_1-g" srsName="fguuid:jgd2011.bl">
<gml:pos>33.522458889 130.277372500</gml:pos>
</gml:Point>
</pos>
<type>標高点（測点）</type>
<alti>348</alti>
</ElevPt>
<ElevPt gml:id="K2_4689912069_1">
<fid>46899-12069-i-308</fid>
<lfSpanFr gml:id="K2_4689912069_1-1">
<gml:timePosition>2021-02-26</gml:timePosition>
</lfSpanFr>
<devDate gml:id="K2_4689912069_1-2">
<gml:timePosition>2021-06-03</gml:timePosition>
</devDate>
<orgGILvl>25000</orgGILvl>
<vis>表示</vis>
<pos>
<gml:Point gml:id="K2_4689912069_1-g" srsName="fguuid:jgd2011.bl">
<gml:pos>33.529280278 130.275341389</gml:pos>
</gml:Point>
</pos>
<type>標高点（測点）</type>
<alti>286</alti>
</ElevPt>
<ElevPt gml:id="K2_4689912072_1">
<fid>46899-12072-i-1184</fid>
<lfSpanFr gml:id="K2_4689912072_1-1">
<gml:timePosition>2021-02-26</gml:timePosition>
</lfSpanFr>
<devDate gml:id="K2_4689912072_1-2">
<gml:timePosition>2021-06-03</gml:timePosition>
</devDate>
<orgGILvl>25000</orgGILvl>
<vis>表示</vis>
<pos>
<gml:Point gml:id="K2_4689912072_1-g" srsName="fguuid:jgd2011.bl">
<gml:pos>33.536311818 130.277044731</gml:pos>
</gml:Point>
</pos>
<type>標高点（測点）</type>
<alti>108</alti>
</ElevPt>
<ElevPt gml:id="K2_4689912075_1">
<fid>46899-12075-i-857</fid>
<lfSpanFr gml:id="K2_4689912075_1-1">
<gml:timePosition>2021-02-26</gml:timePosition>
</lfSpanFr>
<devDate gml:id="K2_4689912075_1-2">
<gml:timePosition>2021-06-03</gml:timePosition>
</devDate>
<orgGILvl>25000</orgGILvl>
<vis>表示</vis>
<pos>
<gml:Point gml:id="K2_4689912075_1-g" srsName="fguuid:jgd2011.bl">
<gml:pos>33.544303056 130.276813056</gml:pos>
</gml:Point>
</pos>
<type>標高点（測点）</type>
<alti>358</alti>
</ElevPt>
<ElevPt gml:id="K2_4689912078_1">
<fid>46899-12078-i-1204</fid>
<lfSpanFr gml:id="K2_4689912078_1-1">
<gml:timePosition>2018-08-06</gml:timePosition>
</lfSpanFr>
<devDate gml:id="K2_4689912078_1-2">
<gml:timePosition>2021-06-03</gml:timePosition>
</devDate>
<orgGILvl>25000</orgGILvl>
<vis>表示</vis>
<pos>
<gml:Point gml:id="K2_4689912078_1-g" srsName="fguuid:jgd2011.bl">
<gml:pos>33.552189444 130.278682222</gml:pos>
</gml:Point>
</pos>
<type>標高点（測点）</type>
<alti>143</alti>
</ElevPt>
<ElevPt gml:id="K2_4689912078_2">
<fid>46899-12078-i-1205</fid>
<lfSpanFr gml:id="K2_4689912078_2-1">
<gml:timePosition>2018-08-06</gml:timePosition>
</lfSpanFr>
<devDate gml:id="K2_4689912078_2-2">
<gml:timePosition>2021-06-03</gml:timePosition>
</devDate>
<orgGILvl>25000</orgGILvl>
<vis>表示</vis>
<pos>
<gml:Point gml:id="K2_4689912078_2-g" srsName="fguuid:jgd2011.bl">
<gml:pos>33.557955556 130.277504167</gml:pos>
</gml:Point>
</pos>
<type>標高点（測点）</type>
<alti>77</alti>
</ElevPt>
<ElevPt gml:id="K2_4689912081_1">
<fid>46899-12081-i-1989</fid>
<lfSpanFr gml:id="K2_4689912081_1-1">
<gml:timePosition>2020-11-16</gml:timePosition>
</lfSpanFr>
<devDate gml:id="K2_4689912081_1-2">
<gml:timePosition>2021-06-03</gml:timePosition>
</devDate>
<orgGILvl>25000</orgGILvl>
<vis>表示</vis>
<pos>
<gml:Point gml:id="K2_4689912081_1-g" srsName="fguuid:jgd2011.bl">
<gml:pos>33.560263889 130.283180556</gml:pos>
</gml:Point>
</pos>
<type>標高点（測点）</type>
<alti>63</alti>
</ElevPt>
<ElevPt gml:id="K2_4689912084_1">
<fid>46899-12084-i-4575</fid>
<lfSpanFr gml:id="K2_4689912084_1-1">
<gml:timePosition>2020-11-16</gml:timePosition>
</lfSpanFr>
<devDate gml:id="K2_4689912084_1-2">
<gml:timePosition>2021-06-03</gml:timePosition>
</devDate>
<orgGILvl>25000</orgGILvl>
<vis>表示</vis>
<pos>
<gml:Point gml:id="K2_4689912084_1-g" srsName="fguuid:jgd2011.bl">
<gml:pos>33.567232266 130.276973631</gml:pos>
</gml:Point>
</pos>
<type>標高点（測点）</type>
<alti>18</alti>
</ElevPt>
<ElevPt gml:id="K2_4689912087_1">
<fid>46899-12087-i-5754</fid>
<lfSpanFr gml:id="K2_4689912087_1-1">
<gml:timePosition>2020-11-16</gml:timePosition>
</lfSpanFr>
<devDate gml:id="K2_4689912087_1-2">
<gml:timePosition>2021-06-03</gml:timePosition>
</devDate>
<orgGILvl>25000</orgGILvl>
<vis>表示</vis>
<pos>
<gml:Point gml:id="K2_4689912087_1-g" srsName="fguuid:jgd2011.bl">
<gml:pos>33.575446212 130.277610504</gml:pos>
</gml:Point>
</pos>
<type>標高点（測点）</type>
<alti>7</alti>
</ElevPt>
<ElevPt gml:id="K2_4689912087_2">
<fid>46899-12087-i-5755</fid>
<lfSpanFr gml:id="K2_4689912087_2-1">
<gml:timePosition>2020-11-16</gml:timePosition>
</lfSpanFr>
<devDate gml:id="K2_4689912087_2-2">
<gml:timePosition>2021-06-03</gml:timePosition>
</devDate>
<orgGILvl>25000</orgGILvl>
<vis>表示</vis>
<pos>
<gml:Point gml:id="K2_4689912087_2-g" srsName="fguuid:jgd2011.bl">
<gml:pos>33.578164519 130.283242000</gml:pos>
</gml:Point>
</pos>
<type>標高点（測点）</type>
<alti>6</alti>
</ElevPt>
<ElevPt gml:id="K2_4689912087_3">
<fid>46899-12087-i-5756</fid>
<lfSpanFr gml:id="K2_4689912087_3-1">
<gml:timePosition>2020-11-16</gml:timePosition>
</lfSpanFr>
<devDate gml:id="K2_4689912087_3-2">
<gml:timePosition>2021-06-03</gml:timePosition>
</devDate>
<orgGILvl>25000</orgGILvl>
<vis>表示</vis>
<pos>
<gml:Point gml:id="K2_4689912087_3-g" srsName="fguuid:jgd2011.bl">
<gml:pos>33.580187135 130.276483236</gml:pos>
</gml:Point>
</pos>
<type>標高点（測点）</type>
<alti>4</alti>
</ElevPt>
<ElevPt gml:id="K2_4690212060_1">
<fid>46902-12060-i-565</fid>
<lfSpanFr gml:id="K2_4690212060_1-1">
<gml:timePosition>2021-02-26</gml:timePosition>
</lfSpanFr>
<devDate gml:id="K2_4690212060_1-2">
<gml:timePosition>2021-06-03</gml:timePosition>
</devDate>
<orgGILvl>25000</orgGILvl>
<vis>表示</vis>
<pos>
<gml:Point gml:id="K2_4690212060_1-g" srsName="fguuid:jgd2011.bl">
<gml:pos>33.504793611 130.289428889</gml:pos>
</gml:Point>
</pos>
<type>標高点（測点）</type>
<alti>361</alti>
</ElevPt>
<ElevPt gml:id="K2_4690212063_1">
<fid>46902-12063-i-432</fid>
<lfSpanFr gml:id="K2_4690212063_1-1">
<gml:timePosition>2021-02-26</gml:timePosition>
</lfSpanFr>
<devDate gml:id="K2_4690212063_1-2">
<gml:timePosition>2021-06-03</gml:timePosition>
</devDate>
<orgGILvl>25000</orgGILvl>
<vis>表示</vis>
<pos>
<gml:Point gml:id="K2_4690212063_1-g" srsName="fguuid:jgd2011.bl">
<gml:pos>33.512340833 130.291021944</gml:pos>
</gml:Point>
</pos>
<type>標高点（測点）</type>
<alti>393</alti>
</ElevPt>
<ElevPt gml:id="K2_4690212066_1">
<fid>46902-12066-i-165</fid>
<lfSpanFr gml:id="K2_4690212066_1-1">
<gml:timePosition>2021-02-26</gml:timePosition>
</lfSpanFr>
<devDate gml:id="K2_4690212066_1-2">
<gml:timePosition>2021-06-03</gml:timePosition>
</devDate>
<orgGILvl>25000</orgGILvl>
<vis>表示</vis>
<pos>
<gml:Point gml:id="K2_4690212066_1-g" srsName="fguuid:jgd2011.bl">
<gml:pos>33.522496667 130.286947778</gml:pos>
</gml:Point>
</pos>
<type>標高点（測点）</type>
<alti>475</alti>
</ElevPt>
<ElevPt gml:id="K2_4690212069_1">
<fid>46902-12069-i-451</fid>
<lfSpanFr gml:id="K2_4690212069_1-1">
<gml:timePosition>2021-02-26</gml:timePosition>
</lfSpanFr>
<devDate gml:id="K2_4690212069_1-2">
<gml:timePosition>2021-06-03</gml:timePosition>
</devDate>
<orgGILvl>25000</orgGILvl>
<vis>表示</vis>
<pos>
<gml:Point gml:id="K2_4690212069_1-g" srsName="fguuid:jgd2011.bl">
<gml:pos>33.530113262 130.288503409</gml:pos>
</gml:Point>
</pos>
<type>標高点（測点）</type>
<alti>244</alti>
</ElevPt>
<ElevPt gml:id="K2_4690212072_1">
<fid>46902-12072-i-211</fid>
<lfSpanFr gml:id="K2_4690212072_1-1">
<gml:timePosition>2021-02-26</gml:timePosition>
</lfSpanFr>
<devDate gml:id="K2_4690212072_1-2">
<gml:timePosition>2021-06-03</gml:timePosition>
</devDate>
<orgGILvl>25000</orgGILvl>
<vis>表示</vis>
<pos>
<gml:Point gml:id="K2_4690212072_1-g" srsName="fguuid:jgd2011.bl">
<gml:pos>33.534780278 130.288881111</gml:pos>
</gml:Point>
</pos>
<type>標高点（測点）</type>
<alti>365</alti>
</ElevPt>
<ElevPt gml:id="K2_4690212075_1">
<fid>46902-12075-i-223</fid>
<lfSpanFr gml:id="K2_4690212075_1-1">
<gml:timePosition>2018-08-06</gml:timePosition>
</lfSpanFr>
<devDate gml:id="K2_4690212075_1-2">
<gml:timePosition>2021-06-03</gml:timePosition>
</devDate>
<orgGILvl>25000</orgGILvl>
<vis>表示</vis>
<pos>
<gml:Point gml:id="K2_4690212075_1-g" srsName="fguuid:jgd2011.bl">
<gml:pos>33.546940556 130.287782222</gml:pos>
</gml:Point>
</pos>
<type>標高点（測点）</type>
<alti>281</alti>
</ElevPt>
<ElevPt gml:id="K2_4690212078_1">
<fid>46902-12078-i-687</fid>
<lfSpanFr gml:id="K2_4690212078_1-1">
<gml:timePosition>2020-11-16</gml:timePosition>
</lfSpanFr>
<devDate gml:id="K2_4690212078_1-2">
<gml:timePosition>2021-06-03</gml:timePosition>
</devDate>
<orgGILvl>25000</orgGILvl>
<vis>非表示</vis>
<pos>
<gml:Point gml:id="K2_4690212078_1-g" srsName="fguuid:jgd2011.bl">
<gml:pos>33.550773333 130.289838889</gml:pos>
</gml:Point>
</pos>
<type>標高点（測点）</type>
<alti>341</alti>
</ElevPt>
<ElevPt gml:id="K2_4690212084_1">
<fid>46902-12084-i-1639</fid>
<lfSpanFr gml:id="K2_4690212084_1-1">
<gml:timePosition>2020-11-16</gml:timePosition>
</lfSpanFr>
<devDate gml:id="K2_4690212084_1-2">
<gml:timePosition>2021-06-03</gml:timePosition>
</devDate>
<orgGILvl>25000</orgGILvl>
<vis>表示</vis>
<pos>
<gml:Point gml:id="K2_4690212084_1-g" srsName="fguuid:jgd2011.bl">
<gml:pos>33.573413611 130.285056944</gml:pos>
</gml:Point>
</pos>
<type>標高点（測点）</type>
<alti>31</alti>
</ElevPt>
<ElevPt gml:id="K2_4690212084_2">
<fid>46902-12084-i-1640</fid>
<lfSpanFr gml:id="K2_4690212084_2-1">
<gml:timePosition>2020-11-16</gml:timePosition>
</lfSpanFr>
<devDate gml:id="K2_4690212084_2-2">
<gml:timePosition>2021-06-03</gml:timePosition>
</devDate>
<orgGILvl>25000</orgGILvl>
<vis>表示</vis>
<pos>
<gml:Point gml:id="K2_4690212084_2-g" srsName="fguuid:jgd2011.bl">
<gml:pos>33.568454722 130.287421944</gml:pos>
</gml:Point>
</pos>
<type>標高点（測点）</type>
<alti>108</alti>
</ElevPt>
<ElevPt gml:id="K2_4690512063_1">
<fid>46905-12063-i-174</fid>
<lfSpanFr gml:id="K2_4690512063_1-1">
<gml:timePosition>2021-02-26</gml:timePosition>
</lfSpanFr>
<devDate gml:id="K2_4690512063_1-2">
<gml:timePosition>2021-06-03</gml:timePosition>
</devDate>
<orgGILvl>25000</orgGILvl>
<vis>表示</vis>
<pos>
<gml:Point gml:id="K2_4690512063_1-g" srsName="fguuid:jgd2011.bl">
<gml:pos>33.509766389 130.299775000</gml:pos>
</gml:Point>
</pos>
<type>標高点（測点）</type>
<alti>322</alti>
</ElevPt>
<ElevPt gml:id="K2_4690512069_1">
<fid>46905-12069-i-318</fid>
<lfSpanFr gml:id="K2_4690512069_1-1">
<gml:timePosition>2019-09-26</gml:timePosition>
</lfSpanFr>
<devDate gml:id="K2_4690512069_1-2">
<gml:timePosition>2021-06-03</gml:timePosition>
</devDate>
<orgGILvl>25000</orgGILvl>
<vis>表示</vis>
<pos>
<gml:Point gml:id="K2_4690512069_1-g" srsName="fguuid:jgd2011.bl">
<gml:pos>33.526378889 130.297801797</gml:pos>
</gml:Point>
</pos>
<type>標高点（測点）</type>
<alti>153</alti>
</ElevPt>
<ElevPt gml:id="K2_4690512075_1">
<fid>46905-12075-i-1237</fid>
<lfSpanFr gml:id="K2_4690512075_1-1">
<gml:timePosition>2018-08-06</gml:timePosition>
</lfSpanFr>
<devDate gml:id="K2_4690512075_1-2">
<gml:timePosition>2021-06-03</gml:timePosition>
</devDate>
<orgGILvl>25000</orgGILvl>
<vis>表示</vis>
<pos>
<gml:Point gml:id="K2_4690512075_1-g" srsName="fguuid:jgd2011.bl">
<gml:pos>33.543583056 130.295410556</gml:pos>
</gml:Point>
</pos>
<type>標高点（測点）</type>
<alti>175</alti>
</ElevPt>
<ElevPt gml:id="K2_4690512078_1">
<fid>46905-12078-i-3576</fid>
<lfSpanFr gml:id="K2_4690512078_1-1">
<gml:timePosition>2020-10-29</gml:timePosition>
</lfSpanFr>
<devDate gml:id="K2_4690512078_1-2">
<gml:timePosition>2021-06-03</gml:timePosition>
</devDate>
<orgGILvl>25000</orgGILvl>
<vis>表示</vis>
<pos>
<gml:Point gml:id="K2_4690512078_1-g" srsName="fguuid:jgd2011.bl">
<gml:pos>33.552077222 130.298083333</gml:pos>
</gml:Point>
</pos>
<type>標高点（測点）</type>
<alti>92</alti>
</ElevPt>
<ElevPt gml:id="K2_4690512078_2">
<fid>46905-12078-i-3577</fid>
<lfSpanFr gml:id="K2_4690512078_2-1">
<gml:timePosition>2020-10-29</gml:timePosition>
</lfSpanFr>
<devDate gml:id="K2_4690512078_2-2">
<gml:timePosition>2021-06-03</gml:timePosition>
</devDate>
<orgGILvl>25000</orgGILvl>
<vis>表示</vis>
<pos>
<gml:Point gml:id="K2_4690512078_2-g" srsName="fguuid:jgd2011.bl">
<gml:pos>33.556517500 130.293996944</gml:pos>
</gml:Point>
</pos>
<type>標高点（測点）</type>
<alti>180</alti>
</ElevPt>
<ElevPt gml:id="K2_4690512078_3">
<fid>46905-12078-i-4816</fid>
<lfSpanFr gml:id="K2_4690512078_3-1">
<gml:timePosition>2020-10-29</gml:timePosition>
</lfSpanFr>
<devDate gml:id="K2_4690512078_3-2">
<gml:timePosition>2021-06-03</gml:timePosition>
</devDate>
<orgGILvl>25000</orgGILvl>
<vis>表示</vis>
<pos>
<gml:Point gml:id="K2_4690512078_3-g" srsName="fguuid:jgd2011.bl">
<gml:pos>33.556723295 130.299939766</gml:pos>
</gml:Point>
</pos>
<type>標高点（測点）</type>
<alti>53</alti>
</ElevPt>
<ElevPt gml:id="K2_4690512084_1">
<fid>46905-12084-i-2715</fid>
<lfSpanFr gml:id="K2_4690512084_1-1">
<gml:timePosition>2020-10-29</gml:timePosition>
</lfSpanFr>
<devDate gml:id="K2_4690512084_1-2">
<gml:timePosition>2021-06-03</gml:timePosition>
</devDate>
<orgGILvl>25000</orgGILvl>
<vis>表示</vis>
<pos>
<gml:Point gml:id="K2_4690512084_1-g" srsName="fguuid:jgd2011.bl">
<gml:pos>33.574916389 130.293025278</gml:pos>
</gml:Point>
</pos>
<type>標高点（測点）</type>
<alti>127</alti>
</ElevPt>
<ElevPt gml:id="K2_4690512087_1">
<fid>46905-12087-i-3534</fid>
<lfSpanFr gml:id="K2_4690512087_1-1">
<gml:timePosition>2020-10-29</gml:timePosition>
</lfSpanFr>
<devDate gml:id="K2_4690512087_1-2">
<gml:timePosition>2021-06-03</gml:timePosition>
</devDate>
<orgGILvl>25000</orgGILvl>
<vis>表示</vis>
<pos>
<gml:Point gml:id="K2_4690512087_1-g" srsName="fguuid:jgd2011.bl">
<gml:pos>33.580845620 130.299722674</gml:pos>
</gml:Point>
</pos>
<type>標高点（測点）</type>
<alti>6</alti>
</ElevPt>
<ElevPt gml:id="K2_4690812060_1">
<fid>46908-12060-i-166</fid>
<lfSpanFr gml:id="K2_4690812060_1-1">
<gml:timePosition>2018-08-06</gml:timePosition>
</lfSpanFr>
<devDate gml:id="K2_4690812060_1-2">
<gml:timePosition>2021-06-03</gml:timePosition>
</devDate>
<orgGILvl>25000</orgGILvl>
<vis>表示</vis>
<pos>
<gml:Point gml:id="K2_4690812060_1-g" srsName="fguuid:jgd2011.bl">
<gml:pos>33.505575000 130.307624694</gml:pos>
</gml:Point>
</pos>
<type>標高点（測点）</type>
<alti>457</alti>
</ElevPt>
<ElevPt gml:id="K2_4690812066_1">
<fid>46908-12066-i-551</fid>
<lfSpanFr gml:id="K2_4690812066_1-1">
<gml:timePosition>2018-08-06</gml:timePosition>
</lfSpanFr>
<devDate gml:id="K2_4690812066_1-2">
<gml:timePosition>2021-06-03</gml:timePosition>
</devDate>
<orgGILvl>25000</orgGILvl>
<vis>表示</vis>
<pos>
<gml:Point gml:id="K2_4690812066_1-g" srsName="fguuid:jgd2011.bl">
<gml:pos>33.517566389 130.300513611</gml:pos>
</gml:Point>
</pos>
<type>標高点（測点）</type>
<alti>344</alti>
</ElevPt>
<ElevPt gml:id="K2_4690812066_2">
<fid>46908-12066-i-552</fid>
<lfSpanFr gml:id="K2_4690812066_2-1">
<gml:timePosition>2018-08-06</gml:timePosition>
</lfSpanFr>
<devDate gml:id="K2_4690812066_2-2">
<gml:timePosition>2021-06-03</gml:timePosition>
</devDate>
<orgGILvl>25000</orgGILvl>
<vis>表示</vis>
<pos>
<gml:Point gml:id="K2_4690812066_2-g" srsName="fguuid:jgd2011.bl">
<gml:pos>33.519967222 130.307640278</gml:pos>
</gml:Point>
</pos>
<type>標高点（測点）</type>
<alti>144</alti>
</ElevPt>
<ElevPt gml:id="K2_4690812069_1">
<fid>46908-12069-i-923</fid>
<lfSpanFr gml:id="K2_4690812069_1-1">
<gml:timePosition>2020-10-29</gml:timePosition>
</lfSpanFr>
<devDate gml:id="K2_4690812069_1-2">
<gml:timePosition>2021-06-03</gml:timePosition>
</devDate>
<orgGILvl>25000</orgGILvl>
<vis>表示</vis>
<pos>
<gml:Point gml:id="K2_4690812069_1-g" srsName="fguuid:jgd2011.bl">
<gml:pos>33.532799444 130.303957500</gml:pos>
</gml:Point>
</pos>
<type>標高点（測点）</type>
<alti>163</alti>
</ElevPt>
<ElevPt gml:id="K2_4690812069_2">
<fid>46908-12069-i-924</fid>
<lfSpanFr gml:id="K2_4690812069_2-1">
<gml:timePosition>2020-10-29</gml:timePosition>
</lfSpanFr>
<devDate gml:id="K2_4690812069_2-2">
<gml:timePosition>2021-06-03</gml:timePosition>
</devDate>
<orgGILvl>25000</orgGILvl>
<vis>表示</vis>
<pos>
<gml:Point gml:id="K2_4690812069_2-g" srsName="fguuid:jgd2011.bl">
<gml:pos>33.526055171 130.307583204</gml:pos>
</gml:Point>
</pos>
<type>標高点（測点）</type>
<alti>81</alti>
</ElevPt>
<ElevPt gml:id="K2_4690812075_1">
<fid>46908-12075-i-3486</fid>
<lfSpanFr gml:id="K2_4690812075_1-1">
<gml:timePosition>2020-10-29</gml:timePosition>
</lfSpanFr>
<devDate gml:id="K2_4690812075_1-2">
<gml:timePosition>2021-06-03</gml:timePosition>
</devDate>
<orgGILvl>25000</orgGILvl>
<vis>表示</vis>
<pos>
<gml:Point gml:id="K2_4690812075_1-g" srsName="fguuid:jgd2011.bl">
<gml:pos>33.543210000 130.304227778</gml:pos>
</gml:Point>
</pos>
<type>標高点（測点）</type>
<alti>94</alti>
</ElevPt>
<ElevPt gml:id="K2_4690812078_1">
<fid>46908-12078-i-8375</fid>
<lfSpanFr gml:id="K2_4690812078_1-1">
<gml:timePosition>2020-10-29</gml:timePosition>
</lfSpanFr>
<devDate gml:id="K2_4690812078_1-2">
<gml:timePosition>2021-06-03</gml:timePosition>
</devDate>
<orgGILvl>25000</orgGILvl>
<vis>表示</vis>
<pos>
<gml:Point gml:id="K2_4690812078_1-g" srsName="fguuid:jgd2011.bl">
<gml:pos>33.550974611 130.302257361</gml:pos>
</gml:Point>
</pos>
<type>標高点（測点）</type>
<alti>57</alti>
</ElevPt>
<ElevPt gml:id="K2_4690812078_2">
<fid>46908-12078-i-10543</fid>
<lfSpanFr gml:id="K2_4690812078_2-1">
<gml:timePosition>2020-10-29</gml:timePosition>
</lfSpanFr>
<devDate gml:id="K2_4690812078_2-2">
<gml:timePosition>2021-06-03</gml:timePosition>
</devDate>
<orgGILvl>25000</orgGILvl>
<vis>表示</vis>
<pos>
<gml:Point gml:id="K2_4690812078_2-g" srsName="fguuid:jgd2011.bl">
<gml:pos>33.550678167 130.306509972</gml:pos>
</gml:Point>
</pos>
<type>標高点（測点）</type>
<alti>40</alti>
</ElevPt>
<ElevPt gml:id="K2_4690812081_1">
<fid>46908-12081-i-8244</fid>
<lfSpanFr gml:id="K2_4690812081_1-1">
<gml:timePosition>2020-10-29</gml:timePosition>
</lfSpanFr>
<devDate gml:id="K2_4690812081_1-2">
<gml:timePosition>2021-06-03</gml:timePosition>
</devDate>
<orgGILvl>25000</orgGILvl>
<vis>表示</vis>
<pos>
<gml:Point gml:id="K2_4690812081_1-g" srsName="fguuid:jgd2011.bl">
<gml:pos>33.560549962 130.304567332</gml:pos>
</gml:Point>
</pos>
<type>標高点（測点）</type>
<alti>33</alti>
</ElevPt>
<ElevPt gml:id="K2_4690812084_1">
<fid>46908-12084-i-9895</fid>
<lfSpanFr gml:id="K2_4690812084_1-1">
<gml:timePosition>2020-10-29</gml:timePosition>
</lfSpanFr>
<devDate gml:id="K2_4690812084_1-2">
<gml:timePosition>2021-06-03</gml:timePosition>
</devDate>
<orgGILvl>25000</orgGILvl>
<vis>表示</vis>
<pos>
<gml:Point gml:id="K2_4690812084_1-g" srsName="fguuid:jgd2011.bl">
<gml:pos>33.574343078 130.302434078</gml:pos>
</gml:Point>
</pos>
<type>標高点（測点）</type>
<alti>7</alti>
</ElevPt>
<ElevPt gml:id="K2_4690812084_2">
<fid>46908-12084-i-9896</fid>
<lfSpanFr gml:id="K2_4690812084_2-1">
<gml:timePosition>2020-10-29</gml:timePosition>
</lfSpanFr>
<devDate gml:id="K2_4690812084_2-2">
<gml:timePosition>2021-06-03</gml:timePosition>
</devDate>
<orgGILvl>25000</orgGILvl>
<vis>表示</vis>
<pos>
<gml:Point gml:id="K2_4690812084_2-g" srsName="fguuid:jgd2011.bl">
<gml:pos>33.569109306 130.306609194</gml:pos>
</gml:Point>
</pos>
<type>標高点（測点）</type>
<alti>9</alti>
</ElevPt>
<ElevPt gml:id="K2_4691112072_1">
<fid>46911-12072-i-2146</fid>
<lfSpanFr gml:id="K2_4691112072_1-1">
<gml:timePosition>2020-10-29</gml:timePosition>
</lfSpanFr>
<devDate gml:id="K2_4691112072_1-2">
<gml:timePosition>2021-06-03</gml:timePosition>
</devDate>
<orgGILvl>25000</orgGILvl>
<vis>表示</vis>
<pos>
<gml:Point gml:id="K2_4691112072_1-g" srsName="fguuid:jgd2011.bl">
<gml:pos>33.539664444 130.315904167</gml:pos>
</gml:Point>
</pos>
<type>標高点（測点）</type>
<alti>25</alti>
</ElevPt>
<ElevPt gml:id="K2_4691112072_2">
<fid>46911-12072-i-2441</fid>
<lfSpanFr gml:id="K2_4691112072_2-1">
<gml:timePosition>2020-10-29</gml:timePosition>
</lfSpanFr>
<devDate gml:id="K2_4691112072_2-2">
<gml:timePosition>2021-06-03</gml:timePosition>
</devDate>
<orgGILvl>25000</orgGILvl>
<vis>表示</vis>
<pos>
<gml:Point gml:id="K2_4691112072_2-g" srsName="fguuid:jgd2011.bl">
<gml:pos>33.534426536 130.314379664</gml:pos>
</gml:Point>
</pos>
<type>標高点（測点）</type>
<alti>38</alti>
</ElevPt>
<ElevPt gml:id="K2_4691112075_1">
<fid>46911-12075-i-4680</fid>
<lfSpanFr gml:id="K2_4691112075_1-1">
<gml:timePosition>2020-10-29</gml:timePosition>
</lfSpanFr>
<devDate gml:id="K2_4691112075_1-2">
<gml:timePosition>2021-06-03</gml:timePosition>
</devDate>
<orgGILvl>25000</orgGILvl>
<vis>表示</vis>
<pos>
<gml:Point gml:id="K2_4691112075_1-g" srsName="fguuid:jgd2011.bl">
<gml:pos>33.547967000 130.310393194</gml:pos>
</gml:Point>
</pos>
<type>標高点（測点）</type>
<alti>33</alti>
</ElevPt>
<ElevPt gml:id="K2_4691112075_2">
<fid>46911-12075-i-4681</fid>
<lfSpanFr gml:id="K2_4691112075_2-1">
<gml:timePosition>2020-10-29</gml:timePosition>
</lfSpanFr>
<devDate gml:id="K2_4691112075_2-2">
<gml:timePosition>2021-06-03</gml:timePosition>
</devDate>
<orgGILvl>25000</orgGILvl>
<vis>表示</vis>
<pos>
<gml:Point gml:id="K2_4691112075_2-g" srsName="fguuid:jgd2011.bl">
<gml:pos>33.544774361 130.312296583</gml:pos>
</gml:Point>
</pos>
<type>標高点（測点）</type>
<alti>29</alti>
</ElevPt>
<ElevPt gml:id="K2_4691112078_1">
<fid>46911-12078-i-5815</fid>
<lfSpanFr gml:id="K2_4691112078_1-1">
<gml:timePosition>2020-10-29</gml:timePosition>
</lfSpanFr>
<devDate gml:id="K2_4691112078_1-2">
<gml:timePosition>2021-06-03</gml:timePosition>
</devDate>
<orgGILvl>25000</orgGILvl>
<vis>表示</vis>
<pos>
<gml:Point gml:id="K2_4691112078_1-g" srsName="fguuid:jgd2011.bl">
<gml:pos>33.555057598 130.311678310</gml:pos>
</gml:Point>
</pos>
<type>標高点（測点）</type>
<alti>22</alti>
</ElevPt>
<ElevPt gml:id="K2_4691112078_2">
<fid>46911-12078-i-5816</fid>
<lfSpanFr gml:id="K2_4691112078_2-1">
<gml:timePosition>2020-10-29</gml:timePosition>
</lfSpanFr>
<devDate gml:id="K2_4691112078_2-2">
<gml:timePosition>2021-06-03</gml:timePosition>
</devDate>
<orgGILvl>25000</orgGILvl>
<vis>表示</vis>
<pos>
<gml:Point gml:id="K2_4691112078_2-g" srsName="fguuid:jgd2011.bl">
<gml:pos>33.553383954 130.316363171</gml:pos>
</gml:Point>
</pos>
<type>標高点（測点）</type>
<alti>12</alti>
</ElevPt>
<ElevPt gml:id="K2_4691112081_1">
<fid>46911-12081-i-7960</fid>
<lfSpanFr gml:id="K2_4691112081_1-1">
<gml:timePosition>2020-10-29</gml:timePosition>
</lfSpanFr>
<devDate gml:id="K2_4691112081_1-2">
<gml:timePosition>2021-06-03</gml:timePosition>
</devDate>
<orgGILvl>25000</orgGILvl>
<vis>表示</vis>
<pos>
<gml:Point gml:id="K2_4691112081_1-g" srsName="fguuid:jgd2011.bl">
<gml:pos>33.561940833 130.313419139</gml:pos>
</gml:Point>
</pos>
<type>標高点（測点）</type>
<alti>10</alti>
</ElevPt>
<ElevPt gml:id="K2_4691112084_1">
<fid>46911-12084-i-6359</fid>
<lfSpanFr gml:id="K2_4691112084_1-1">
<gml:timePosition>2020-10-29</gml:timePosition>
</lfSpanFr>
<devDate gml:id="K2_4691112084_1-2">
<gml:timePosition>2021-06-03</gml:timePosition>
</devDate>
<orgGILvl>25000</orgGILvl>
<vis>表示</vis>
<pos>
<gml:Point gml:id="K2_4691112084_1-g" srsName="fguuid:jgd2011.bl">
<gml:pos>33.567837222 130.315209639</gml:pos>
</gml:Point>
</pos>
<type>標高点（測点）</type>
<alti>6</alti>
</ElevPt>
<ElevPt gml:id="K2_4691112087_1">
<fid>46911-12087-i-6960</fid>
<lfSpanFr gml:id="K2_4691112087_1-1">
<gml:timePosition>2020-10-29</gml:timePosition>
</lfSpanFr>
<devDate gml:id="K2_4691112087_1-2">
<gml:timePosition>2021-06-03</gml:timePosition>
</devDate>
<orgGILvl>25000</orgGILvl>
<vis>表示</vis>
<pos>
<gml:Point gml:id="K2_4691112087_1-g" srsName="fguuid:jgd2011.bl">
<gml:pos>33.579487722 130.316068972</gml:pos>
</gml:Point>
</pos>
<type>標高点（測点）</type>
<alti>3</alti>
</ElevPt>
<ElevPt gml:id="K2_4691412063_1">
<fid>46914-12063-i-1128</fid>
<lfSpanFr gml:id="K2_4691412063_1-1">
<gml:timePosition>2018-08-06</gml:timePosition>
</lfSpanFr>
<devDate gml:id="K2_4691412063_1-2">
<gml:timePosition>2021-06-03</gml:timePosition>
</devDate>
<orgGILvl>25000</orgGILvl>
<vis>表示</vis>
<pos>
<gml:Point gml:id="K2_4691412063_1-g" srsName="fguuid:jgd2011.bl">
<gml:pos>33.512916667 130.319163611</gml:pos>
</gml:Point>
</pos>
<type>標高点（測点）</type>
<alti>124</alti>
</ElevPt>
<ElevPt gml:id="K2_4691412069_1">
<fid>46914-12069-i-2051</fid>
<lfSpanFr gml:id="K2_4691412069_1-1">
<gml:timePosition>2020-10-29</gml:timePosition>
</lfSpanFr>
<devDate gml:id="K2_4691412069_1-2">
<gml:timePosition>2021-06-03</gml:timePosition>
</devDate>
<orgGILvl>25000</orgGILvl>
<vis>表示</vis>
<pos>
<gml:Point gml:id="K2_4691412069_1-g" srsName="fguuid:jgd2011.bl">
<gml:pos>33.526806105 130.319768495</gml:pos>
</gml:Point>
</pos>
<type>標高点（測点）</type>
<alti>26</alti>
</ElevPt>
<ElevPt gml:id="K2_4691412069_2">
<fid>46914-12069-i-2052</fid>
<lfSpanFr gml:id="K2_4691412069_2-1">
<gml:timePosition>2020-10-29</gml:timePosition>
</lfSpanFr>
<devDate gml:id="K2_4691412069_2-2">
<gml:timePosition>2021-06-03</gml:timePosition>
</devDate>
<orgGILvl>25000</orgGILvl>
<vis>表示</vis>
<pos>
<gml:Point gml:id="K2_4691412069_2-g" srsName="fguuid:jgd2011.bl">
<gml:pos>33.532929468 130.324595661</gml:pos>
</gml:Point>
</pos>
<type>標高点（測点）</type>
<alti>20</alti>
</ElevPt>
<ElevPt gml:id="K2_4691412075_1">
<fid>46914-12075-i-3417</fid>
<lfSpanFr gml:id="K2_4691412075_1-1">
<gml:timePosition>2020-10-29</gml:timePosition>
</lfSpanFr>
<devDate gml:id="K2_4691412075_1-2">
<gml:timePosition>2021-06-03</gml:timePosition>
</devDate>
<orgGILvl>25000</orgGILvl>
<vis>表示</vis>
<pos>
<gml:Point gml:id="K2_4691412075_1-g" srsName="fguuid:jgd2011.bl">
<gml:pos>33.548044083 130.323963917</gml:pos>
</gml:Point>
</pos>
<type>標高点（測点）</type>
<alti>15</alti>
</ElevPt>
<ElevPt gml:id="K2_4691412081_1">
<fid>46914-12081-i-3336</fid>
<lfSpanFr gml:id="K2_4691412081_1-1">
<gml:timePosition>2020-10-29</gml:timePosition>
</lfSpanFr>
<devDate gml:id="K2_4691412081_1-2">
<gml:timePosition>2021-06-03</gml:timePosition>
</devDate>
<orgGILvl>25000</orgGILvl>
<vis>表示</vis>
<pos>
<gml:Point gml:id="K2_4691412081_1-g" srsName="fguuid:jgd2011.bl">
<gml:pos>33.564781750 130.324622557</gml:pos>
</gml:Point>
</pos>
<type>標高点（測点）</type>
<alti>7</alti>
</ElevPt>
<ElevPt gml:id="K2_4691412084_1">
<fid>46914-12084-i-6814</fid>
<lfSpanFr gml:id="K2_4691412084_1-1">
<gml:timePosition>2020-10-29</gml:timePosition>
</lfSpanFr>
<devDate gml:id="K2_4691412084_1-2">
<gml:timePosition>2021-06-03</gml:timePosition>
</devDate>
<orgGILvl>25000</orgGILvl>
<vis>表示</vis>
<pos>
<gml:Point gml:id="K2_4691412084_1-g" srsName="fguuid:jgd2011.bl">
<gml:pos>33.573067083 130.322876611</gml:pos>
</gml:Point>
</pos>
<type>標高点（測点）</type>
<alti>5</alti>
</ElevPt>
<ElevPt gml:id="K2_4691712060_1">
<fid>46917-12060-i-1835</fid>
<lfSpanFr gml:id="K2_4691712060_1-1">
<gml:timePosition>2020-10-29</gml:timePosition>
</lfSpanFr>
<devDate gml:id="K2_4691712060_1-2">
<gml:timePosition>2021-06-03</gml:timePosition>
</devDate>
<orgGILvl>25000</orgGILvl>
<vis>表示</vis>
<pos>
<gml:Point gml:id="K2_4691712060_1-g" srsName="fguuid:jgd2011.bl">
<gml:pos>33.501251389 130.331746667</gml:pos>
</gml:Point>
</pos>
<type>標高点（測点）</type>
<alti>97</alti>
</ElevPt>
<ElevPt gml:id="K2_4691712060_2">
<fid>46917-12060-i-1836</fid>
<lfSpanFr gml:id="K2_4691712060_2-1">
<gml:timePosition>2020-10-29</gml:timePosition>
</lfSpanFr>
<devDate gml:id="K2_4691712060_2-2">
<gml:timePosition>2021-06-03</gml:timePosition>
</devDate>
<orgGILvl>25000</orgGILvl>
<vis>表示</vis>
<pos>
<gml:Point gml:id="K2_4691712060_2-g" srsName="fguuid:jgd2011.bl">
<gml:pos>33.507355833 130.332819167</gml:pos>
</gml:Point>
</pos>
<type>標高点（測点）</type>
<alti>51</alti>
</ElevPt>
<ElevPt gml:id="K2_4691712063_1">
<fid>46917-12063-i-1245</fid>
<lfSpanFr gml:id="K2_4691712063_1-1">
<gml:timePosition>2020-10-29</gml:timePosition>
</lfSpanFr>
<devDate gml:id="K2_4691712063_1-2">
<gml:timePosition>2021-06-03</gml:timePosition>
</devDate>
<orgGILvl>25000</orgGILvl>
<vis>表示</vis>
<pos>
<gml:Point gml:id="K2_4691712063_1-g" srsName="fguuid:jgd2011.bl">
<gml:pos>33.508922778 130.327793889</gml:pos>
</gml:Point>
</pos>
<type>標高点（測点）</type>
<alti>101</alti>
</ElevPt>
<ElevPt gml:id="K2_4691712063_2">
<fid>46917-12063-i-1246</fid>
<lfSpanFr gml:id="K2_4691712063_2-1">
<gml:timePosition>2020-10-29</gml:timePosition>
</lfSpanFr>
<devDate gml:id="K2_4691712063_2-2">
<gml:timePosition>2021-06-03</gml:timePosition>
</devDate>
<orgGILvl>25000</orgGILvl>
<vis>表示</vis>
<pos>
<gml:Point gml:id="K2_4691712063_2-g" srsName="fguuid:jgd2011.bl">
<gml:pos>33.515575646 130.327457296</gml:pos>
</gml:Point>
</pos>
<type>標高点（測点）</type>
<alti>36</alti>
</ElevPt>
<ElevPt gml:id="K2_4691712066_1">
<fid>46917-12066-i-848</fid>
<lfSpanFr gml:id="K2_4691712066_1-1">
<gml:timePosition>2020-10-29</gml:timePosition>
</lfSpanFr>
<devDate gml:id="K2_4691712066_1-2">
<gml:timePosition>2021-06-03</gml:timePosition>
</devDate>
<orgGILvl>25000</orgGILvl>
<vis>表示</vis>
<pos>
<gml:Point gml:id="K2_4691712066_1-g" srsName="fguuid:jgd2011.bl">
<gml:pos>33.522950000 130.325870556</gml:pos>
</gml:Point>
</pos>
<type>標高点（測点）</type>
<alti>32</alti>
</ElevPt>
<ElevPt gml:id="K2_4691712069_1">
<fid>46917-12069-i-2415</fid>
<lfSpanFr gml:id="K2_4691712069_1-1">
<gml:timePosition>2020-10-29</gml:timePosition>
</lfSpanFr>
<devDate gml:id="K2_4691712069_1-2">
<gml:timePosition>2021-06-03</gml:timePosition>
</devDate>
<orgGILvl>25000</orgGILvl>
<vis>表示</vis>
<pos>
<gml:Point gml:id="K2_4691712069_1-g" srsName="fguuid:jgd2011.bl">
<gml:pos>33.528769024 130.331757039</gml:pos>
</gml:Point>
</pos>
<type>標高点（測点）</type>
<alti>25</alti>
</ElevPt>
<ElevPt gml:id="K2_4691712075_1">
<fid>46917-12075-i-6178</fid>
<lfSpanFr gml:id="K2_4691712075_1-1">
<gml:timePosition>2020-10-29</gml:timePosition>
</lfSpanFr>
<devDate gml:id="K2_4691712075_1-2">
<gml:timePosition>2021-06-03</gml:timePosition>
</devDate>
<orgGILvl>25000</orgGILvl>
<vis>表示</vis>
<pos>
<gml:Point gml:id="K2_4691712075_1-g" srsName="fguuid:jgd2011.bl">
<gml:pos>33.542319528 130.325863722</gml:pos>
</gml:Point>
</pos>
<type>標高点（測点）</type>
<alti>16</alti>
</ElevPt>
<ElevPt gml:id="K2_4691712078_1">
<fid>46917-12078-i-7595</fid>
<lfSpanFr gml:id="K2_4691712078_1-1">
<gml:timePosition>2020-10-29</gml:timePosition>
</lfSpanFr>
<devDate gml:id="K2_4691712078_1-2">
<gml:timePosition>2021-06-03</gml:timePosition>
</devDate>
<orgGILvl>25000</orgGILvl>
<vis>表示</vis>
<pos>
<gml:Point gml:id="K2_4691712078_1-g" srsName="fguuid:jgd2011.bl">
<gml:pos>33.554468599 130.331231645</gml:pos>
</gml:Point>
</pos>
<type>標高点（測点）</type>
<alti>12</alti>
</ElevPt>
<ElevPt gml:id="K2_4691712081_1">
<fid>46917-12081-i-6710</fid>
<lfSpanFr gml:id="K2_4691712081_1-1">
<gml:timePosition>2020-10-29</gml:timePosition>
</lfSpanFr>
<devDate gml:id="K2_4691712081_1-2">
<gml:timePosition>2021-06-03</gml:timePosition>
</devDate>
<orgGILvl>25000</orgGILvl>
<vis>表示</vis>
<pos>
<gml:Point gml:id="K2_4691712081_1-g" srsName="fguuid:jgd2011.bl">
<gml:pos>33.559098644 130.325009150</gml:pos>
</gml:Point>
</pos>
<type>標高点（測点）</type>
<alti>10</alti>
</ElevPt>
<ElevPt gml:id="K2_4691712084_1">
<fid>46917-12084-i-6265</fid>
<lfSpanFr gml:id="K2_4691712084_1-1">
<gml:timePosition>2020-10-29</gml:timePosition>
</lfSpanFr>
<devDate gml:id="K2_4691712084_1-2">
<gml:timePosition>2021-06-03</gml:timePosition>
</devDate>
<orgGILvl>25000</orgGILvl>
<vis>表示</vis>
<pos>
<gml:Point gml:id="K2_4691712084_1-g" srsName="fguuid:jgd2011.bl">
<gml:pos>33.568262639 130.329776917</gml:pos>
</gml:Point>
</pos>
<type>標高点（測点）</type>
<alti>7</alti>
</ElevPt>
<ElevPt gml:id="K2_4691712087_1">
<fid>46917-12087-i-7476</fid>
<lfSpanFr gml:id="K2_4691712087_1-1">
<gml:timePosition>2020-10-29</gml:timePosition>
</lfSpanFr>
<devDate gml:id="K2_4691712087_1-2">
<gml:timePosition>2021-06-03</gml:timePosition>
</devDate>
<orgGILvl>25000</orgGILvl>
<vis>表示</vis>
<pos>
<gml:Point gml:id="K2_4691712087_1-g" srsName="fguuid:jgd2011.bl">
<gml:pos>33.582776722 130.330613389</gml:pos>
</gml:Point>
</pos>
<type>標高点（測点）</type>
<alti>3</alti>
</ElevPt>
<ElevPt gml:id="K2_4692012060_1">
<fid>46920-12060-i-1981</fid>
<lfSpanFr gml:id="K2_4692012060_1-1">
<gml:timePosition>2020-10-29</gml:timePosition>
</lfSpanFr>
<devDate gml:id="K2_4692012060_1-2">
<gml:timePosition>2021-06-03</gml:timePosition>
</devDate>
<orgGILvl>25000</orgGILvl>
<vis>表示</vis>
<pos>
<gml:Point gml:id="K2_4692012060_1-g" srsName="fguuid:jgd2011.bl">
<gml:pos>33.502002222 130.339653056</gml:pos>
</gml:Point>
</pos>
<type>標高点（測点）</type>
<alti>60</alti>
</ElevPt>
<ElevPt gml:id="K2_4692012066_1">
<fid>46920-12066-i-2131</fid>
<lfSpanFr gml:id="K2_4692012066_1-1">
<gml:timePosition>2020-10-29</gml:timePosition>
</lfSpanFr>
<devDate gml:id="K2_4692012066_1-2">
<gml:timePosition>2021-06-03</gml:timePosition>
</devDate>
<orgGILvl>25000</orgGILvl>
<vis>表示</vis>
<pos>
<gml:Point gml:id="K2_4692012066_1-g" srsName="fguuid:jgd2011.bl">
<gml:pos>33.524213889 130.337040556</gml:pos>
</gml:Point>
</pos>
<type>標高点（測点）</type>
<alti>34</alti>
</ElevPt>
<ElevPt gml:id="K2_4692012069_1">
<fid>46920-12069-i-1991</fid>
<lfSpanFr gml:id="K2_4692012069_1-1">
<gml:timePosition>2020-10-29</gml:timePosition>
</lfSpanFr>
<devDate gml:id="K2_4692012069_1-2">
<gml:timePosition>2021-06-03</gml:timePosition>
</devDate>
<orgGILvl>25000</orgGILvl>
<vis>表示</vis>
<pos>
<gml:Point gml:id="K2_4692012069_1-g" srsName="fguuid:jgd2011.bl">
<gml:pos>33.529447998 130.339341488</gml:pos>
</gml:Point>
</pos>
<type>標高点（測点）</type>
<alti>32</alti>
</ElevPt>
<ElevPt gml:id="K2_4692012075_1">
<fid>46920-12075-i-8157</fid>
<lfSpanFr gml:id="K2_4692012075_1-1">
<gml:timePosition>2020-10-29</gml:timePosition>
</lfSpanFr>
<devDate gml:id="K2_4692012075_1-2">
<gml:timePosition>2021-06-03</gml:timePosition>
</devDate>
<orgGILvl>25000</orgGILvl>
<vis>表示</vis>
<pos>
<gml:Point gml:id="K2_4692012075_1-g" srsName="fguuid:jgd2011.bl">
<gml:pos>33.547090168 130.334505331</gml:pos>
</gml:Point>
</pos>
<type>標高点（測点）</type>
<alti>15</alti>
</ElevPt>
<ElevPt gml:id="K2_4692012081_1">
<fid>46920-12081-i-8089</fid>
<lfSpanFr gml:id="K2_4692012081_1-1">
<gml:timePosition>2020-10-29</gml:timePosition>
</lfSpanFr>
<devDate gml:id="K2_4692012081_1-2">
<gml:timePosition>2021-06-03</gml:timePosition>
</devDate>
<orgGILvl>25000</orgGILvl>
<vis>表示</vis>
<pos>
<gml:Point gml:id="K2_4692012081_1-g" srsName="fguuid:jgd2011.bl">
<gml:pos>33.563483389 130.335042639</gml:pos>
</gml:Point>
</pos>
<type>標高点（測点）</type>
<alti>15</alti>
</ElevPt>
<ElevPt gml:id="K2_4692012081_2">
<fid>46920-12081-i-8188</fid>
<lfSpanFr gml:id="K2_4692012081_2-1">
<gml:timePosition>2020-10-29</gml:timePosition>
</lfSpanFr>
<devDate gml:id="K2_4692012081_2-2">
<gml:timePosition>2021-06-03</gml:timePosition>
</devDate>
<orgGILvl>25000</orgGILvl>
<vis>表示</vis>
<pos>
<gml:Point gml:id="K2_4692012081_2-g" srsName="fguuid:jgd2011.bl">
<gml:pos>33.558343570 130.341394557</gml:pos>
</gml:Point>
</pos>
<type>標高点（測点）</type>
<alti>10</alti>
</ElevPt>
<ElevPt gml:id="K2_4692012084_1">
<fid>46920-12084-i-7128</fid>
<lfSpanFr gml:id="K2_4692012084_1-1">
<gml:timePosition>2020-10-29</gml:timePosition>
</lfSpanFr>
<devDate gml:id="K2_4692012084_1-2">
<gml:timePosition>2021-06-03</gml:timePosition>
</devDate>
<orgGILvl>25000</orgGILvl>
<vis>表示</vis>
<pos>
<gml:Point gml:id="K2_4692012084_1-g" srsName="fguuid:jgd2011.bl">
<gml:pos>33.571901490 130.339714905</gml:pos>
</gml:Point>
</pos>
<type>標高点（測点）</type>
<alti>3</alti>
</ElevPt>
<ElevPt gml:id="K2_4692012087_1">
<fid>46920-12087-i-7692</fid>
<lfSpanFr gml:id="K2_4692012087_1-1">
<gml:timePosition>2020-10-29</gml:timePosition>
</lfSpanFr>
<devDate gml:id="K2_4692012087_1-2">
<gml:timePosition>2021-06-03</gml:timePosition>
</devDate>
<orgGILvl>25000</orgGILvl>
<vis>表示</vis>
<pos>
<gml:Point gml:id="K2_4692012087_1-g" srsName="fguuid:jgd2011.bl">
<gml:pos>33.575536449 130.333833079</gml:pos>
</gml:Point>
</pos>
<type>標高点（測点）</type>
<alti>4</alti>
</ElevPt>
<ElevPt gml:id="K2_4692312066_1">
<fid>46923-12066-i-413</fid>
<lfSpanFr gml:id="K2_4692312066_1-1">
<gml:timePosition>2018-08-06</gml:timePosition>
</lfSpanFr>
<devDate gml:id="K2_4692312066_1-2">
<gml:timePosition>2021-06-03</gml:timePosition>
</devDate>
<orgGILvl>25000</orgGILvl>
<vis>表示</vis>
<pos>
<gml:Point gml:id="K2_4692312066_1-g" srsName="fguuid:jgd2011.bl">
<gml:pos>33.517573056 130.342220556</gml:pos>
</gml:Point>
</pos>
<type>標高点（測点）</type>
<alti>218</alti>
</ElevPt>
<ElevPt gml:id="K2_4692312066_2">
<fid>46923-12066-i-414</fid>
<lfSpanFr gml:id="K2_4692312066_2-1">
<gml:timePosition>2018-08-06</gml:timePosition>
</lfSpanFr>
<devDate gml:id="K2_4692312066_2-2">
<gml:timePosition>2021-06-03</gml:timePosition>
</devDate>
<orgGILvl>25000</orgGILvl>
<vis>表示</vis>
<pos>
<gml:Point gml:id="K2_4692312066_2-g" srsName="fguuid:jgd2011.bl">
<gml:pos>33.519392778 130.347605556</gml:pos>
</gml:Point>
</pos>
<type>標高点（測点）</type>
<alti>173</alti>
</ElevPt>
<ElevPt gml:id="K2_4692312072_1">
<fid>46923-12072-i-2801</fid>
<lfSpanFr gml:id="K2_4692312072_1-1">
<gml:timePosition>2020-10-29</gml:timePosition>
</lfSpanFr>
<devDate gml:id="K2_4692312072_1-2">
<gml:timePosition>2021-06-03</gml:timePosition>
</devDate>
<orgGILvl>25000</orgGILvl>
<vis>表示</vis>
<pos>
<gml:Point gml:id="K2_4692312072_1-g" srsName="fguuid:jgd2011.bl">
<gml:pos>33.536706139 130.343406639</gml:pos>
</gml:Point>
</pos>
<type>標高点（測点）</type>
<alti>25</alti>
</ElevPt>
<ElevPt gml:id="K2_4692312075_1">
<fid>46923-12075-i-10923</fid>
<lfSpanFr gml:id="K2_4692312075_1-1">
<gml:timePosition>2020-10-29</gml:timePosition>
</lfSpanFr>
<devDate gml:id="K2_4692312075_1-2">
<gml:timePosition>2021-06-03</gml:timePosition>
</devDate>
<orgGILvl>25000</orgGILvl>
<vis>表示</vis>
<pos>
<gml:Point gml:id="K2_4692312075_1-g" srsName="fguuid:jgd2011.bl">
<gml:pos>33.544848250 130.342453972</gml:pos>
</gml:Point>
</pos>
<type>標高点（測点）</type>
<alti>18</alti>
</ElevPt>
<ElevPt gml:id="K2_4692312078_1">
<fid>46923-12078-i-11776</fid>
<lfSpanFr gml:id="K2_4692312078_1-1">
<gml:timePosition>2020-10-29</gml:timePosition>
</lfSpanFr>
<devDate gml:id="K2_4692312078_1-2">
<gml:timePosition>2021-06-03</gml:timePosition>
</devDate>
<orgGILvl>25000</orgGILvl>
<vis>表示</vis>
<pos>
<gml:Point gml:id="K2_4692312078_1-g" srsName="fguuid:jgd2011.bl">
<gml:pos>33.551337694 130.342602944</gml:pos>
</gml:Point>
</pos>
<type>標高点（測点）</type>
<alti>13</alti>
</ElevPt>
<ElevPt gml:id="K2_4692312078_2">
<fid>46923-12078-i-11777</fid>
<lfSpanFr gml:id="K2_4692312078_2-1">
<gml:timePosition>2020-10-29</gml:timePosition>
</lfSpanFr>
<devDate gml:id="K2_4692312078_2-2">
<gml:timePosition>2021-06-03</gml:timePosition>
</devDate>
<orgGILvl>25000</orgGILvl>
<vis>表示</vis>
<pos>
<gml:Point gml:id="K2_4692312078_2-g" srsName="fguuid:jgd2011.bl">
<gml:pos>33.552166389 130.349281389</gml:pos>
</gml:Point>
</pos>
<type>標高点（測点）</type>
<alti>14</alti>
</ElevPt>
<ElevPt gml:id="K2_4692312081_1">
<fid>46923-12081-i-8105</fid>
<lfSpanFr gml:id="K2_4692312081_1-1">
<gml:timePosition>2020-10-29</gml:timePosition>
</lfSpanFr>
<devDate gml:id="K2_4692312081_1-2">
<gml:timePosition>2021-06-03</gml:timePosition>
</devDate>
<orgGILvl>25000</orgGILvl>
<vis>表示</vis>
<pos>
<gml:Point gml:id="K2_4692312081_1-g" srsName="fguuid:jgd2011.bl">
<gml:pos>33.563147828 130.346695535</gml:pos>
</gml:Point>
</pos>
<type>標高点（測点）</type>
<alti>8</alti>
</ElevPt>
<ElevPt gml:id="K2_4692312084_1">
<fid>46923-12084-i-5795</fid>
<lfSpanFr gml:id="K2_4692312084_1-1">
<gml:timePosition>2020-10-29</gml:timePosition>
</lfSpanFr>
<devDate gml:id="K2_4692312084_1-2">
<gml:timePosition>2021-06-03</gml:timePosition>
</devDate>
<orgGILvl>25000</orgGILvl>
<vis>表示</vis>
<pos>
<gml:Point gml:id="K2_4692312084_1-g" srsName="fguuid:jgd2011.bl">
<gml:pos>33.566915972 130.343001694</gml:pos>
</gml:Point>
</pos>
<type>標高点（測点）</type>
<alti>6</alti>
</ElevPt>
<ElevPt gml:id="K2_4692312084_2">
<fid>46923-12084-i-5796</fid>
<lfSpanFr gml:id="K2_4692312084_2-1">
<gml:timePosition>2020-10-29</gml:timePosition>
</lfSpanFr>
<devDate gml:id="K2_4692312084_2-2">
<gml:timePosition>2021-06-03</gml:timePosition>
</devDate>
<orgGILvl>25000</orgGILvl>
<vis>表示</vis>
<pos>
<gml:Point gml:id="K2_4692312084_2-g" srsName="fguuid:jgd2011.bl">
<gml:pos>33.567609478 130.347892083</gml:pos>
</gml:Point>
</pos>
<type>標高点（測点）</type>
<alti>4</alti>
</ElevPt>
<ElevPt gml:id="K2_4692312087_1">
<fid>46923-12087-i-5657</fid>
<lfSpanFr gml:id="K2_4692312087_1-1">
<gml:timePosition>2020-10-29</gml:timePosition>
</lfSpanFr>
<devDate gml:id="K2_4692312087_1-2">
<gml:timePosition>2021-06-03</gml:timePosition>
</devDate>
<orgGILvl>25000</orgGILvl>
<vis>表示</vis>
<pos>
<gml:Point gml:id="K2_4692312087_1-g" srsName="fguuid:jgd2011.bl">
<gml:pos>33.577313994 130.343474463</gml:pos>
</gml:Point>
</pos>
<type>標高点（測点）</type>
<alti>3</alti>
</ElevPt>
<ElevPt gml:id="K2_4692612060_1">
<fid>46926-12060-i-128</fid>
<lfSpanFr gml:id="K2_4692612060_1-1">
<gml:timePosition>2020-10-29</gml:timePosition>
</lfSpanFr>
<devDate gml:id="K2_4692612060_1-2">
<gml:timePosition>2021-06-03</gml:timePosition>
</devDate>
<orgGILvl>25000</orgGILvl>
<vis>表示</vis>
<pos>
<gml:Point gml:id="K2_4692612060_1-g" srsName="fguuid:jgd2011.bl">
<gml:pos>33.502965278 130.355975278</gml:pos>
</gml:Point>
</pos>
<type>標高点（測点）</type>
<alti>242</alti>
</ElevPt>
<ElevPt gml:id="K2_4692612060_2">
<fid>46926-12060-i-129</fid>
<lfSpanFr gml:id="K2_4692612060_2-1">
<gml:timePosition>2020-10-29</gml:timePosition>
</lfSpanFr>
<devDate gml:id="K2_4692612060_2-2">
<gml:timePosition>2021-06-03</gml:timePosition>
</devDate>
<orgGILvl>25000</orgGILvl>
<vis>表示</vis>
<pos>
<gml:Point gml:id="K2_4692612060_2-g" srsName="fguuid:jgd2011.bl">
<gml:pos>33.506474167 130.351217222</gml:pos>
</gml:Point>
</pos>
<type>標高点（測点）</type>
<alti>293</alti>
</ElevPt>
<ElevPt gml:id="K2_4692612063_1">
<fid>46926-12063-i-101</fid>
<lfSpanFr gml:id="K2_4692612063_1-1">
<gml:timePosition>2020-10-29</gml:timePosition>
</lfSpanFr>
<devDate gml:id="K2_4692612063_1-2">
<gml:timePosition>2021-06-03</gml:timePosition>
</devDate>
<orgGILvl>25000</orgGILvl>
<vis>表示</vis>
<pos>
<gml:Point gml:id="K2_4692612063_1-g" srsName="fguuid:jgd2011.bl">
<gml:pos>33.511356111 130.358183056</gml:pos>
</gml:Point>
</pos>
<type>標高点（測点）</type>
<alti>439</alti>
</ElevPt>
<ElevPt gml:id="K2_4692612066_1">
<fid>46926-12066-i-115</fid>
<lfSpanFr gml:id="K2_4692612066_1-1">
<gml:timePosition>2018-08-06</gml:timePosition>
</lfSpanFr>
<devDate gml:id="K2_4692612066_1-2">
<gml:timePosition>2021-06-03</gml:timePosition>
</devDate>
<orgGILvl>25000</orgGILvl>
<vis>表示</vis>
<pos>
<gml:Point gml:id="K2_4692612066_1-g" srsName="fguuid:jgd2011.bl">
<gml:pos>33.517498056 130.356004444</gml:pos>
</gml:Point>
</pos>
<type>標高点（測点）</type>
<alti>311</alti>
</ElevPt>
<ElevPt gml:id="K2_4692612069_1">
<fid>46926-12069-i-1697</fid>
<lfSpanFr gml:id="K2_4692612069_1-1">
<gml:timePosition>2020-10-29</gml:timePosition>
</lfSpanFr>
<devDate gml:id="K2_4692612069_1-2">
<gml:timePosition>2021-06-03</gml:timePosition>
</devDate>
<orgGILvl>25000</orgGILvl>
<vis>表示</vis>
<pos>
<gml:Point gml:id="K2_4692612069_1-g" srsName="fguuid:jgd2011.bl">
<gml:pos>33.526158611 130.354552500</gml:pos>
</gml:Point>
</pos>
<type>標高点（測点）</type>
<alti>178</alti>
</ElevPt>
<ElevPt gml:id="K2_4692612072_1">
<fid>46926-12072-i-2107</fid>
<lfSpanFr gml:id="K2_4692612072_1-1">
<gml:timePosition>2020-10-29</gml:timePosition>
</lfSpanFr>
<devDate gml:id="K2_4692612072_1-2">
<gml:timePosition>2021-06-03</gml:timePosition>
</devDate>
<orgGILvl>25000</orgGILvl>
<vis>表示</vis>
<pos>
<gml:Point gml:id="K2_4692612072_1-g" srsName="fguuid:jgd2011.bl">
<gml:pos>33.535476944 130.351036389</gml:pos>
</gml:Point>
</pos>
<type>標高点（測点）</type>
<alti>50</alti>
</ElevPt>
<ElevPt gml:id="K2_4692612075_1">
<fid>46926-12075-i-11179</fid>
<lfSpanFr gml:id="K2_4692612075_1-1">
<gml:timePosition>2020-10-29</gml:timePosition>
</lfSpanFr>
<devDate gml:id="K2_4692612075_1-2">
<gml:timePosition>2021-06-03</gml:timePosition>
</devDate>
<orgGILvl>25000</orgGILvl>
<vis>表示</vis>
<pos>
<gml:Point gml:id="K2_4692612075_1-g" srsName="fguuid:jgd2011.bl">
<gml:pos>33.542423295 130.353982749</gml:pos>
</gml:Point>
</pos>
<type>標高点（測点）</type>
<alti>31</alti>
</ElevPt>
<ElevPt gml:id="K2_4692612078_1">
<fid>46926-12078-i-9789</fid>
<lfSpanFr gml:id="K2_4692612078_1-1">
<gml:timePosition>2020-10-29</gml:timePosition>
</lfSpanFr>
<devDate gml:id="K2_4692612078_1-2">
<gml:timePosition>2021-06-03</gml:timePosition>
</devDate>
<orgGILvl>25000</orgGILvl>
<vis>表示</vis>
<pos>
<gml:Point gml:id="K2_4692612078_1-g" srsName="fguuid:jgd2011.bl">
<gml:pos>33.550094668 130.354283332</gml:pos>
</gml:Point>
</pos>
<type>標高点（測点）</type>
<alti>21</alti>
</ElevPt>
<ElevPt gml:id="K2_4692612081_1">
<fid>46926-12081-i-9212</fid>
<lfSpanFr gml:id="K2_4692612081_1-1">
<gml:timePosition>2020-10-29</gml:timePosition>
</lfSpanFr>
<devDate gml:id="K2_4692612081_1-2">
<gml:timePosition>2021-06-03</gml:timePosition>
</devDate>
<orgGILvl>25000</orgGILvl>
<vis>表示</vis>
<pos>
<gml:Point gml:id="K2_4692612081_1-g" srsName="fguuid:jgd2011.bl">
<gml:pos>33.558520694 130.353712306</gml:pos>
</gml:Point>
</pos>
<type>標高点（測点）</type>
<alti>23</alti>
</ElevPt>
<ElevPt gml:id="K2_4692612084_1">
<fid>46926-12084-i-8691</fid>
<lfSpanFr gml:id="K2_4692612084_1-1">
<gml:timePosition>2020-10-29</gml:timePosition>
</lfSpanFr>
<devDate gml:id="K2_4692612084_1-2">
<gml:timePosition>2021-06-03</gml:timePosition>
</devDate>
<orgGILvl>25000</orgGILvl>
<vis>表示</vis>
<pos>
<gml:Point gml:id="K2_4692612084_1-g" srsName="fguuid:jgd2011.bl">
<gml:pos>33.573612028 130.350583750</gml:pos>
</gml:Point>
</pos>
<type>標高点（測点）</type>
<alti>3</alti>
</ElevPt>
<ElevPt gml:id="K2_4692612084_2">
<fid>46926-12084-i-8692</fid>
<lfSpanFr gml:id="K2_4692612084_2-1">
<gml:timePosition>2020-10-29</gml:timePosition>
</lfSpanFr>
<devDate gml:id="K2_4692612084_2-2">
<gml:timePosition>2021-06-03</gml:timePosition>
</devDate>
<orgGILvl>25000</orgGILvl>
<vis>表示</vis>
<pos>
<gml:Point gml:id="K2_4692612084_2-g" srsName="fguuid:jgd2011.bl">
<gml:pos>33.574623167 130.355018417</gml:pos>
</gml:Point>
</pos>
<type>標高点（測点）</type>
<alti>11</alti>
</ElevPt>
<ElevPt gml:id="K2_4692612087_1">
<fid>46926-12087-i-7435</fid>
<lfSpanFr gml:id="K2_4692612087_1-1">
<gml:timePosition>2020-10-29</gml:timePosition>
</lfSpanFr>
<devDate gml:id="K2_4692612087_1-2">
<gml:timePosition>2021-06-03</gml:timePosition>
</devDate>
<orgGILvl>25000</orgGILvl>
<vis>表示</vis>
<pos>
<gml:Point gml:id="K2_4692612087_1-g" srsName="fguuid:jgd2011.bl">
<gml:pos>33.577221873 130.350345416</gml:pos>
</gml:Point>
</pos>
<type>標高点（測点）</type>
<alti>2</alti>
</ElevPt>
<ElevPt gml:id="K2_4692912060_1">
<fid>46929-12060-i-217</fid>
<lfSpanFr gml:id="K2_4692912060_1-1">
<gml:timePosition>2018-08-06</gml:timePosition>
</lfSpanFr>
<devDate gml:id="K2_4692912060_1-2">
<gml:timePosition>2021-06-03</gml:timePosition>
</devDate>
<orgGILvl>25000</orgGILvl>
<vis>表示</vis>
<pos>
<gml:Point gml:id="K2_4692912060_1-g" srsName="fguuid:jgd2011.bl">
<gml:pos>33.500838056 130.362192500</gml:pos>
</gml:Point>
</pos>
<type>標高点（測点）</type>
<alti>241</alti>
</ElevPt>
<ElevPt gml:id="K2_4692912060_2">
<fid>46929-12060-i-218</fid>
<lfSpanFr gml:id="K2_4692912060_2-1">
<gml:timePosition>2018-08-06</gml:timePosition>
</lfSpanFr>
<devDate gml:id="K2_4692912060_2-2">
<gml:timePosition>2021-06-03</gml:timePosition>
</devDate>
<orgGILvl>25000</orgGILvl>
<vis>表示</vis>
<pos>
<gml:Point gml:id="K2_4692912060_2-g" srsName="fguuid:jgd2011.bl">
<gml:pos>33.506141111 130.361500000</gml:pos>
</gml:Point>
</pos>
<type>標高点（測点）</type>
<alti>388</alti>
</ElevPt>
<ElevPt gml:id="K2_4692912063_1">
<fid>46929-12063-i-202</fid>
<lfSpanFr gml:id="K2_4692912063_1-1">
<gml:timePosition>2020-10-29</gml:timePosition>
</lfSpanFr>
<devDate gml:id="K2_4692912063_1-2">
<gml:timePosition>2021-06-03</gml:timePosition>
</devDate>
<orgGILvl>25000</orgGILvl>
<vis>表示</vis>
<pos>
<gml:Point gml:id="K2_4692912063_1-g" srsName="fguuid:jgd2011.bl">
<gml:pos>33.512028333 130.364493333</gml:pos>
</gml:Point>
</pos>
<type>標高点（測点）</type>
<alti>597</alti>
</ElevPt>
<ElevPt gml:id="K2_4692912066_1">
<fid>46929-12066-i-195</fid>
<lfSpanFr gml:id="K2_4692912066_1-1">
<gml:timePosition>2018-08-06</gml:timePosition>
</lfSpanFr>
<devDate gml:id="K2_4692912066_1-2">
<gml:timePosition>2021-06-03</gml:timePosition>
</devDate>
<orgGILvl>25000</orgGILvl>
<vis>表示</vis>
<pos>
<gml:Point gml:id="K2_4692912066_1-g" srsName="fguuid:jgd2011.bl">
<gml:pos>33.524549167 130.365149167</gml:pos>
</gml:Point>
</pos>
<type>標高点（測点）</type>
<alti>452</alti>
</ElevPt>
<ElevPt gml:id="K2_4692912072_1">
<fid>46929-12072-i-324</fid>
<lfSpanFr gml:id="K2_4692912072_1-1">
<gml:timePosition>2018-08-06</gml:timePosition>
</lfSpanFr>
<devDate gml:id="K2_4692912072_1-2">
<gml:timePosition>2021-06-03</gml:timePosition>
</devDate>
<orgGILvl>25000</orgGILvl>
<vis>表示</vis>
<pos>
<gml:Point gml:id="K2_4692912072_1-g" srsName="fguuid:jgd2011.bl">
<gml:pos>33.535740833 130.363933611</gml:pos>
</gml:Point>
</pos>
<type>標高点（測点）</type>
<alti>246</alti>
</ElevPt>
<ElevPt gml:id="K2_4692912075_1">
<fid>46929-12075-i-4895</fid>
<lfSpanFr gml:id="K2_4692912075_1-1">
<gml:timePosition>2020-10-29</gml:timePosition>
</lfSpanFr>
<devDate gml:id="K2_4692912075_1-2">
<gml:timePosition>2021-06-03</gml:timePosition>
</devDate>
<orgGILvl>25000</orgGILvl>
<vis>表示</vis>
<pos>
<gml:Point gml:id="K2_4692912075_1-g" srsName="fguuid:jgd2011.bl">
<gml:pos>33.543589249 130.360504729</gml:pos>
</gml:Point>
</pos>
<type>標高点（測点）</type>
<alti>37</alti>
</ElevPt>
<ElevPt gml:id="K2_4692912078_1">
<fid>46929-12078-i-8501</fid>
<lfSpanFr gml:id="K2_4692912078_1-1">
<gml:timePosition>2020-10-29</gml:timePosition>
</lfSpanFr>
<devDate gml:id="K2_4692912078_1-2">
<gml:timePosition>2021-06-03</gml:timePosition>
</devDate>
<orgGILvl>25000</orgGILvl>
<vis>表示</vis>
<pos>
<gml:Point gml:id="K2_4692912078_1-g" srsName="fguuid:jgd2011.bl">
<gml:pos>33.553367000 130.360206667</gml:pos>
</gml:Point>
</pos>
<type>標高点（測点）</type>
<alti>26</alti>
</ElevPt>
<ElevPt gml:id="K2_4692912081_1">
<fid>46929-12081-i-7441</fid>
<lfSpanFr gml:id="K2_4692912081_1-1">
<gml:timePosition>2020-10-29</gml:timePosition>
</lfSpanFr>
<devDate gml:id="K2_4692912081_1-2">
<gml:timePosition>2021-06-03</gml:timePosition>
</devDate>
<orgGILvl>25000</orgGILvl>
<vis>表示</vis>
<pos>
<gml:Point gml:id="K2_4692912081_1-g" srsName="fguuid:jgd2011.bl">
<gml:pos>33.564576528 130.360224639</gml:pos>
</gml:Point>
</pos>
<type>標高点（測点）</type>
<alti>9</alti>
</ElevPt>
<ElevPt gml:id="K2_4692912081_2">
<fid>46929-12081-i-9269</fid>
<lfSpanFr gml:id="K2_4692912081_2-1">
<gml:timePosition>2020-10-29</gml:timePosition>
</lfSpanFr>
<devDate gml:id="K2_4692912081_2-2">
<gml:timePosition>2021-06-03</gml:timePosition>
</devDate>
<orgGILvl>25000</orgGILvl>
<vis>非表示</vis>
<pos>
<gml:Point gml:id="K2_4692912081_2-g" srsName="fguuid:jgd2011.bl">
<gml:pos>33.558655389 130.361242222</gml:pos>
</gml:Point>
</pos>
<type>標高点（測点）</type>
<alti>12</alti>
</ElevPt>
<ElevPt gml:id="K2_4692912084_1">
<fid>46929-12084-i-8393</fid>
<lfSpanFr gml:id="K2_4692912084_1-1">
<gml:timePosition>2020-10-29</gml:timePosition>
</lfSpanFr>
<devDate gml:id="K2_4692912084_1-2">
<gml:timePosition>2021-06-03</gml:timePosition>
</devDate>
<orgGILvl>25000</orgGILvl>
<vis>表示</vis>
<pos>
<gml:Point gml:id="K2_4692912084_1-g" srsName="fguuid:jgd2011.bl">
<gml:pos>33.571053194 130.359244417</gml:pos>
</gml:Point>
</pos>
<type>標高点（測点）</type>
<alti>6</alti>
</ElevPt>
<ElevPt gml:id="K2_4692912087_1">
<fid>46929-12087-i-11175</fid>
<lfSpanFr gml:id="K2_4692912087_1-1">
<gml:timePosition>2020-10-29</gml:timePosition>
</lfSpanFr>
<devDate gml:id="K2_4692912087_1-2">
<gml:timePosition>2021-06-03</gml:timePosition>
</devDate>
<orgGILvl>25000</orgGILvl>
<vis>表示</vis>
<pos>
<gml:Point gml:id="K2_4692912087_1-g" srsName="fguuid:jgd2011.bl">
<gml:pos>33.575529083 130.365214972</gml:pos>
</gml:Point>
</pos>
<type>標高点（測点）</type>
<alti>4</alti>
</ElevPt>
<ElevPt gml:id="K2_4693212060_1">
<fid>46932-12060-i-237</fid>
<lfSpanFr gml:id="K2_4693212060_1-1">
<gml:timePosition>2021-04-02</gml:timePosition>
</lfSpanFr>
<devDate gml:id="K2_4693212060_1-2">
<gml:timePosition>2021-06-03</gml:timePosition>
</devDate>
<orgGILvl>25000</orgGILvl>
<vis>表示</vis>
<pos>
<gml:Point gml:id="K2_4693212060_1-g" srsName="fguuid:jgd2011.bl">
<gml:pos>33.503998056 130.374431389</gml:pos>
</gml:Point>
</pos>
<type>標高点（測点）</type>
<alti>481</alti>
</ElevPt>
<ElevPt gml:id="K2_4693212060_2">
<fid>46932-12060-i-238</fid>
<lfSpanFr gml:id="K2_4693212060_2-1">
<gml:timePosition>2021-04-02</gml:timePosition>
</lfSpanFr>
<devDate gml:id="K2_4693212060_2-2">
<gml:timePosition>2021-06-03</gml:timePosition>
</devDate>
<orgGILvl>25000</orgGILvl>
<vis>表示</vis>
<pos>
<gml:Point gml:id="K2_4693212060_2-g" srsName="fguuid:jgd2011.bl">
<gml:pos>33.508077222 130.367391667</gml:pos>
</gml:Point>
</pos>
<type>標高点（測点）</type>
<alti>538</alti>
</ElevPt>
<ElevPt gml:id="K2_4693212069_1">
<fid>46932-12069-i-678</fid>
<lfSpanFr gml:id="K2_4693212069_1-1">
<gml:timePosition>2020-10-29</gml:timePosition>
</lfSpanFr>
<devDate gml:id="K2_4693212069_1-2">
<gml:timePosition>2021-06-03</gml:timePosition>
</devDate>
<orgGILvl>25000</orgGILvl>
<vis>表示</vis>
<pos>
<gml:Point gml:id="K2_4693212069_1-g" srsName="fguuid:jgd2011.bl">
<gml:pos>33.529577862 130.368765479</gml:pos>
</gml:Point>
</pos>
<type>標高点（測点）</type>
<alti>178</alti>
</ElevPt>
<ElevPt gml:id="K2_4693212072_1">
<fid>46932-12072-i-1524</fid>
<lfSpanFr gml:id="K2_4693212072_1-1">
<gml:timePosition>2020-10-29</gml:timePosition>
</lfSpanFr>
<devDate gml:id="K2_4693212072_1-2">
<gml:timePosition>2021-06-03</gml:timePosition>
</devDate>
<orgGILvl>25000</orgGILvl>
<vis>表示</vis>
<pos>
<gml:Point gml:id="K2_4693212072_1-g" srsName="fguuid:jgd2011.bl">
<gml:pos>33.533775000 130.374750278</gml:pos>
</gml:Point>
</pos>
<type>標高点（測点）</type>
<alti>92</alti>
</ElevPt>
<ElevPt gml:id="K2_4693212081_1">
<fid>46932-12081-i-8280</fid>
<lfSpanFr gml:id="K2_4693212081_1-1">
<gml:timePosition>2020-10-29</gml:timePosition>
</lfSpanFr>
<devDate gml:id="K2_4693212081_1-2">
<gml:timePosition>2021-06-03</gml:timePosition>
</devDate>
<orgGILvl>25000</orgGILvl>
<vis>表示</vis>
<pos>
<gml:Point gml:id="K2_4693212081_1-g" srsName="fguuid:jgd2011.bl">
<gml:pos>33.563865440 130.368040470</gml:pos>
</gml:Point>
</pos>
<type>標高点（測点）</type>
<alti>15</alti>
</ElevPt>
<ElevPt gml:id="K2_4693212084_1">
<fid>46932-12084-i-10730</fid>
<lfSpanFr gml:id="K2_4693212084_1-1">
<gml:timePosition>2020-10-29</gml:timePosition>
</lfSpanFr>
<devDate gml:id="K2_4693212084_1-2">
<gml:timePosition>2021-06-03</gml:timePosition>
</devDate>
<orgGILvl>25000</orgGILvl>
<vis>表示</vis>
<pos>
<gml:Point gml:id="K2_4693212084_1-g" srsName="fguuid:jgd2011.bl">
<gml:pos>33.568358694 130.366714250</gml:pos>
</gml:Point>
</pos>
<type>標高点（測点）</type>
<alti>23</alti>
</ElevPt>
<ElevPt gml:id="K2_4693212087_1">
<fid>46932-12087-i-9243</fid>
<lfSpanFr gml:id="K2_4693212087_1-1">
<gml:timePosition>2020-10-29</gml:timePosition>
</lfSpanFr>
<devDate gml:id="K2_4693212087_1-2">
<gml:timePosition>2021-06-03</gml:timePosition>
</devDate>
<orgGILvl>25000</orgGILvl>
<vis>表示</vis>
<pos>
<gml:Point gml:id="K2_4693212087_1-g" srsName="fguuid:jgd2011.bl">
<gml:pos>33.580653300 130.369829938</gml:pos>
</gml:Point>
</pos>
<type>標高点（測点）</type>
<alti>3</alti>
</ElevPt>
</Dataset>
