<?xml version="1.0" encoding="utf-8"?>
<Dataset xsi:schemaLocation="http://fgd.gsi.go.jp/spec/2008/FGD_GMLSchema FGD_GMLSchema.xsd"
	xmlns:gml="http://www.opengis.net/gml/3.2"
	xmlns:xsi="http://www.w3.org/2001/XMLSchema-instance"
	xmlns:xlink="http://www.w3.org/1999/xlink"
	xmlns="http://fgd.gsi.go.jp/spec/2008/FGD_GMLSchema"
	gml:id="Dataset1">
  <gml:description>基盤地図情報メタデータ ID=fmdid:21-0701</gml:description>
  <gml:name>基盤地図情報ダウンロードデータ（GML版）</gml:name>
<GCP gml:id="K1_503022_1">
<fid>10-00100-0-2105-131128</fid>
<lfSpanFr gml:id="K1_503022_1-1">
<gml:timePosition>2021-05-19</gml:timePosition>
</lfSpanFr>
<devDate gml:id="K1_503022_1-2">
<gml:timePosition>2021-06-03</gml:timePosition>
</devDate>
<orgGILvl>KJ10</orgGILvl>
<vis>表示</vis>
<pos>
<gml:Point gml:id="K1_503022_1-g" srsName="fguuid:jgd2011.bl">
<gml:pos>33.536143778 130.250817861</gml:pos>
</gml:Point>
</pos>
<orgName>国土地理院</orgName>
<type>電子基準点</type>
<gcpClass>電子基準点</gcpClass>
<gcpCode>EL05030224003</gcpCode>
<name>前原</name>
<B>120730.1176</B>
<L>468902.9443</L>
<alti>45.557</alti>
<altiAcc>3</altiAcc>
</GCP>
<GCP gml:id="K1_503022_2">
<fid>10-00100-0-2105-132439</fid>
<lfSpanFr gml:id="K1_503022_2-1">
<gml:timePosition>2021-05-19</gml:timePosition>
</lfSpanFr>
<devDate gml:id="K1_503022_2-2">
<gml:timePosition>2021-06-03</gml:timePosition>
</devDate>
<orgGILvl>KJ10</orgGILvl>
<vis>表示</vis>
<pos>
<gml:Point gml:id="K1_503022_2-g" srsName="fguuid:jgd2011.bl">
<gml:pos>33.536150083 130.250815306</gml:pos>
</gml:Point>
</pos>
<orgName>国土地理院</orgName>
<type>電子基準点</type>
<gcpClass>電子基準点</gcpClass>
<gcpCode>EL15030224002</gcpCode>
<name>前原（付）</name>
<B>120730.1403</B>
<L>468902.9351</L>
<alti>40.497</alti>
<altiAcc>3</altiAcc>
</GCP>
<GCP gml:id="K1_503022_3">
<fid>10-00100-0-2105-136643</fid>
<lfSpanFr gml:id="K1_503022_3-1">
<gml:timePosition>2021-05-19</gml:timePosition>
</lfSpanFr>
<devDate gml:id="K1_503022_3-2">
<gml:timePosition>2021-06-03</gml:timePosition>
</devDate>
<orgGILvl>SJ11</orgGILvl>
<vis>表示</vis>
<pos>
<gml:Point gml:id="K1_503022_3-g" srsName="fguuid:jgd2011.bl">
<gml:pos>33.579732833 130.344745917</gml:pos>
</gml:Point>
</pos>
<orgName>国土地理院</orgName>
<type>水準点</type>
<gcpClass>一等水準点</gcpClass>
<gcpCode>L010000003195</gcpCode>
<name>３１９５</name>
<B>120887.0382</B>
<L>469241.0853</L>
<alti>2.7962</alti>
<altiAcc>4</altiAcc>
</GCP>
<GCP gml:id="K1_503022_4">
<fid>10-00100-0-2105-136645</fid>
<lfSpanFr gml:id="K1_503022_4-1">
<gml:timePosition>2021-05-19</gml:timePosition>
</lfSpanFr>
<devDate gml:id="K1_503022_4-2">
<gml:timePosition>2021-06-03</gml:timePosition>
</devDate>
<orgGILvl>SJ11</orgGILvl>
<vis>表示</vis>
<pos>
<gml:Point gml:id="K1_503022_4-g" srsName="fguuid:jgd2011.bl">
<gml:pos>33.580971528 130.305538833</gml:pos>
</gml:Point>
</pos>
<orgName>国土地理院</orgName>
<type>水準点</type>
<gcpClass>一等水準点</gcpClass>
<gcpCode>L010000003197</gcpCode>
<name>３１９７</name>
<B>120891.4975</B>
<L>469099.9398</L>
<alti>4.5696</alti>
<altiAcc>4</altiAcc>
</GCP>
<GCP gml:id="K1_503022_5">
<fid>10-00100-0-2105-136646</fid>
<lfSpanFr gml:id="K1_503022_5-1">
<gml:timePosition>2021-05-19</gml:timePosition>
</lfSpanFr>
<devDate gml:id="K1_503022_5-2">
<gml:timePosition>2021-06-03</gml:timePosition>
</devDate>
<orgGILvl>SJ11</orgGILvl>
<vis>表示</vis>
<pos>
<gml:Point gml:id="K1_503022_5-g" srsName="fguuid:jgd2011.bl">
<gml:pos>33.582509222 130.286217639</gml:pos>
</gml:Point>
</pos>
<orgName>国土地理院</orgName>
<type>水準点</type>
<gcpClass>一等水準点</gcpClass>
<gcpCode>L010000003198</gcpCode>
<name>３１９８</name>
<B>120897.0332</B>
<L>469030.3835</L>
<alti>6.285</alti>
<altiAcc>4</altiAcc>
</GCP>
<GCP gml:id="K1_503022_6">
<fid>10-00100-0-2105-136647</fid>
<lfSpanFr gml:id="K1_503022_6-1">
<gml:timePosition>2021-05-19</gml:timePosition>
</lfSpanFr>
<devDate gml:id="K1_503022_6-2">
<gml:timePosition>2021-06-03</gml:timePosition>
</devDate>
<orgGILvl>SJ11</orgGILvl>
<vis>表示</vis>
<pos>
<gml:Point gml:id="K1_503022_6-g" srsName="fguuid:jgd2011.bl">
<gml:pos>33.580983139 130.268213639</gml:pos>
</gml:Point>
</pos>
<orgName>国土地理院</orgName>
<type>水準点</type>
<gcpClass>一等水準点</gcpClass>
<gcpCode>L010000003199</gcpCode>
<name>３１９９</name>
<B>120891.5393</B>
<L>468965.5691</L>
<alti>3.2991</alti>
<altiAcc>4</altiAcc>
</GCP>
<GCP gml:id="K1_503022_7">
<fid>10-00100-0-2105-136649</fid>
<lfSpanFr gml:id="K1_503022_7-1">
<gml:timePosition>2021-05-19</gml:timePosition>
</lfSpanFr>
<devDate gml:id="K1_503022_7-2">
<gml:timePosition>2021-06-03</gml:timePosition>
</devDate>
<orgGILvl>SJ11</orgGILvl>
<vis>表示</vis>
<pos>
<gml:Point gml:id="K1_503022_7-g" srsName="fguuid:jgd2011.bl">
<gml:pos>33.574185833 130.251164333</gml:pos>
</gml:Point>
</pos>
<orgName>国土地理院</orgName>
<type>水準点</type>
<gcpClass>一等水準点</gcpClass>
<gcpCode>L010000003200</gcpCode>
<name>３２００</name>
<B>120867.069</B>
<L>468904.1916</L>
<alti>9.6485</alti>
<altiAcc>4</altiAcc>
</GCP>
<GCP gml:id="K1_503022_8">
<fid>10-00100-0-2105-144950</fid>
<lfSpanFr gml:id="K1_503022_8-1">
<gml:timePosition>2021-05-19</gml:timePosition>
</lfSpanFr>
<devDate gml:id="K1_503022_8-2">
<gml:timePosition>2021-06-03</gml:timePosition>
</devDate>
<orgGILvl>SJ12</orgGILvl>
<vis>表示</vis>
<pos>
<gml:Point gml:id="K1_503022_8-g" srsName="fguuid:jgd2011.bl">
<gml:pos>33.543739528 130.338195917</gml:pos>
</gml:Point>
</pos>
<orgName>国土地理院</orgName>
<type>水準点</type>
<gcpClass>二等水準点</gcpClass>
<gcpCode>L020000004333</gcpCode>
<name>４３３３</name>
<B>120757.4623</B>
<L>469217.5053</L>
<alti>14.883</alti>
<altiAcc>3</altiAcc>
</GCP>
<GCP gml:id="K1_503022_9">
<fid>10-00100-0-2105-150588</fid>
<lfSpanFr gml:id="K1_503022_9-1">
<gml:timePosition>2021-05-19</gml:timePosition>
</lfSpanFr>
<devDate gml:id="K1_503022_9-2">
<gml:timePosition>2021-06-03</gml:timePosition>
</devDate>
<orgGILvl>SJ12</orgGILvl>
<vis>表示</vis>
<pos>
<gml:Point gml:id="K1_503022_9-g" srsName="fguuid:jgd2011.bl">
<gml:pos>33.536150083 130.250815306</gml:pos>
</gml:Point>
</pos>
<orgName>国土地理院</orgName>
<type>水準点</type>
<gcpClass>二等水準点</gcpClass>
<gcpCode>L0E000950450A</gcpCode>
<name>９５０４５０Ａ</name>
<B>120730.1403</B>
<L>468902.9351</L>
<alti>40.497</alti>
<altiAcc>3</altiAcc>
</GCP>
<GCP gml:id="K1_503022_10">
<fid>10-00100-0-2105-152877</fid>
<lfSpanFr gml:id="K1_503022_10-1">
<gml:timePosition>2021-05-19</gml:timePosition>
</lfSpanFr>
<devDate gml:id="K1_503022_10-2">
<gml:timePosition>2021-06-03</gml:timePosition>
</devDate>
<orgGILvl>KJ12</orgGILvl>
<vis>表示</vis>
<pos>
<gml:Point gml:id="K1_503022_10-g" srsName="fguuid:jgd2011.bl">
<gml:pos>33.517726333 130.365250361</gml:pos>
</gml:Point>
</pos>
<orgName>国土地理院</orgName>
<type>三角点</type>
<gcpClass>二等三角点</gcpClass>
<gcpCode>TR25030222901</gcpCode>
<name>油山</name>
<B>120663.8148</B>
<L>469314.9013</L>
<alti>569.3</alti>
<altiAcc>2</altiAcc>
</GCP>
<GCP gml:id="K1_503022_11">
<fid>10-00100-0-2105-152878</fid>
<lfSpanFr gml:id="K1_503022_11-1">
<gml:timePosition>2021-05-19</gml:timePosition>
</lfSpanFr>
<devDate gml:id="K1_503022_11-2">
<gml:timePosition>2021-06-03</gml:timePosition>
</devDate>
<orgGILvl>KJ12</orgGILvl>
<vis>表示</vis>
<pos>
<gml:Point gml:id="K1_503022_11-g" srsName="fguuid:jgd2011.bl">
<gml:pos>33.540319972 130.287013472</gml:pos>
</gml:Point>
</pos>
<orgName>国土地理院</orgName>
<type>三角点</type>
<gcpClass>二等三角点</gcpClass>
<gcpCode>TR25030224201</gcpCode>
<name>東ノ原</name>
<B>120745.1519</B>
<L>469033.2485</L>
<alti>419.42</alti>
<altiAcc>2</altiAcc>
</GCP>
<GCP gml:id="K1_503022_12">
<fid>10-00100-0-2105-161047</fid>
<lfSpanFr gml:id="K1_503022_12-1">
<gml:timePosition>2021-05-19</gml:timePosition>
</lfSpanFr>
<devDate gml:id="K1_503022_12-2">
<gml:timePosition>2021-06-03</gml:timePosition>
</devDate>
<orgGILvl>KJ13</orgGILvl>
<vis>表示</vis>
<pos>
<gml:Point gml:id="K1_503022_12-g" srsName="fguuid:jgd2011.bl">
<gml:pos>33.507153083 130.314234028</gml:pos>
</gml:Point>
</pos>
<orgName>国土地理院</orgName>
<type>三角点</type>
<gcpClass>三等三角点</gcpClass>
<gcpCode>TR35030220501</gcpCode>
<name>西ノ山</name>
<B>120625.7511</B>
<L>469131.2425</L>
<alti>430.08</alti>
<altiAcc>2</altiAcc>
</GCP>
<GCP gml:id="K1_503022_13">
<fid>10-00100-0-2105-161048</fid>
<lfSpanFr gml:id="K1_503022_13-1">
<gml:timePosition>2021-05-19</gml:timePosition>
</lfSpanFr>
<devDate gml:id="K1_503022_13-2">
<gml:timePosition>2021-06-03</gml:timePosition>
</devDate>
<orgGILvl>KJ13</orgGILvl>
<vis>表示</vis>
<pos>
<gml:Point gml:id="K1_503022_13-g" srsName="fguuid:jgd2011.bl">
<gml:pos>33.519070278 130.292122861</gml:pos>
</gml:Point>
</pos>
<orgName>国土地理院</orgName>
<type>三角点</type>
<gcpClass>三等三角点</gcpClass>
<gcpCode>TR35030222301</gcpCode>
<name>鍋谷</name>
<B>120668.653</B>
<L>469051.6423</L>
<alti>447.64</alti>
<altiAcc>2</altiAcc>
</GCP>
<GCP gml:id="K1_503022_14">
<fid>10-00100-0-2105-161049</fid>
<lfSpanFr gml:id="K1_503022_14-1">
<gml:timePosition>2021-05-19</gml:timePosition>
</lfSpanFr>
<devDate gml:id="K1_503022_14-2">
<gml:timePosition>2021-06-03</gml:timePosition>
</devDate>
<orgGILvl>KJ13</orgGILvl>
<vis>表示</vis>
<pos>
<gml:Point gml:id="K1_503022_14-g" srsName="fguuid:jgd2011.bl">
<gml:pos>33.527758028 130.255646556</gml:pos>
</gml:Point>
</pos>
<orgName>国土地理院</orgName>
<type>三角点</type>
<gcpClass>三等三角点</gcpClass>
<gcpCode>TR35030223001</gcpCode>
<name>西堂</name>
<B>120699.9289</B>
<L>468920.3276</L>
<alti>58.65</alti>
<altiAcc>2</altiAcc>
</GCP>
<GCP gml:id="K1_503022_15">
<fid>10-00100-0-2105-161050</fid>
<lfSpanFr gml:id="K1_503022_15-1">
<gml:timePosition>2021-05-19</gml:timePosition>
</lfSpanFr>
<devDate gml:id="K1_503022_15-2">
<gml:timePosition>2021-06-03</gml:timePosition>
</devDate>
<orgGILvl>KJ13</orgGILvl>
<vis>表示</vis>
<pos>
<gml:Point gml:id="K1_503022_15-g" srsName="fguuid:jgd2011.bl">
<gml:pos>33.528378639 130.310132333</gml:pos>
</gml:Point>
</pos>
<orgName>国土地理院</orgName>
<type>三角点</type>
<gcpClass>三等三角点</gcpClass>
<gcpCode>TR35030223401</gcpCode>
<name>熊山</name>
<B>120702.1631</B>
<L>469116.4764</L>
<alti>60.41</alti>
<altiAcc>2</altiAcc>
</GCP>
<GCP gml:id="K1_503022_16">
<fid>10-00100-0-2105-161051</fid>
<lfSpanFr gml:id="K1_503022_16-1">
<gml:timePosition>2021-05-19</gml:timePosition>
</lfSpanFr>
<devDate gml:id="K1_503022_16-2">
<gml:timePosition>2021-06-03</gml:timePosition>
</devDate>
<orgGILvl>KJ13</orgGILvl>
<vis>表示</vis>
<pos>
<gml:Point gml:id="K1_503022_16-g" srsName="fguuid:jgd2011.bl">
<gml:pos>33.540702667 130.336141111</gml:pos>
</gml:Point>
</pos>
<orgName>国土地理院</orgName>
<type>三角点</type>
<gcpClass>三等三角点</gcpClass>
<gcpCode>TR35030224601</gcpCode>
<name>市ノ坪</name>
<B>120746.5296</B>
<L>469210.108</L>
<alti>34.57</alti>
<altiAcc>2</altiAcc>
</GCP>
<GCP gml:id="K1_503022_17">
<fid>10-00100-0-2105-161052</fid>
<lfSpanFr gml:id="K1_503022_17-1">
<gml:timePosition>2021-05-19</gml:timePosition>
</lfSpanFr>
<devDate gml:id="K1_503022_17-2">
<gml:timePosition>2021-06-03</gml:timePosition>
</devDate>
<orgGILvl>KJ13</orgGILvl>
<vis>表示</vis>
<pos>
<gml:Point gml:id="K1_503022_17-g" srsName="fguuid:jgd2011.bl">
<gml:pos>33.556609306 130.367889167</gml:pos>
</gml:Point>
</pos>
<orgName>国土地理院</orgName>
<type>三角点</type>
<gcpClass>三等三角点</gcpClass>
<gcpCode>TR35030226901</gcpCode>
<name>金山</name>
<B>120803.7935</B>
<L>469324.401</L>
<alti>50.46</alti>
<altiAcc>2</altiAcc>
</GCP>
<GCP gml:id="K1_503022_18">
<fid>10-00100-0-2105-161053</fid>
<lfSpanFr gml:id="K1_503022_18-1">
<gml:timePosition>2021-05-19</gml:timePosition>
</lfSpanFr>
<devDate gml:id="K1_503022_18-2">
<gml:timePosition>2021-06-03</gml:timePosition>
</devDate>
<orgGILvl>KJ13</orgGILvl>
<vis>表示</vis>
<pos>
<gml:Point gml:id="K1_503022_18-g" srsName="fguuid:jgd2011.bl">
<gml:pos>33.559044306 130.266359944</gml:pos>
</gml:Point>
</pos>
<orgName>国土地理院</orgName>
<type>三角点</type>
<gcpClass>三等三角点</gcpClass>
<gcpCode>TR35030227101</gcpCode>
<name>高尾</name>
<B>120812.5595</B>
<L>468958.8958</L>
<alti>314.29</alti>
<altiAcc>2</altiAcc>
</GCP>
<GCP gml:id="K1_503022_19">
<fid>10-00100-0-2105-161054</fid>
<lfSpanFr gml:id="K1_503022_19-1">
<gml:timePosition>2021-05-19</gml:timePosition>
</lfSpanFr>
<devDate gml:id="K1_503022_19-2">
<gml:timePosition>2021-06-03</gml:timePosition>
</devDate>
<orgGILvl>KJ13</orgGILvl>
<vis>表示</vis>
<pos>
<gml:Point gml:id="K1_503022_19-g" srsName="fguuid:jgd2011.bl">
<gml:pos>33.574009861 130.311851417</gml:pos>
</gml:Point>
</pos>
<orgName>国土地理院</orgName>
<type>三角点</type>
<gcpClass>三等三角点</gcpClass>
<gcpCode>TR35030228401</gcpCode>
<name>敷町</name>
<B>120866.4355</B>
<L>469122.6651</L>
<alti>5.87</alti>
<altiAcc>2</altiAcc>
</GCP>
<GCP gml:id="K1_503022_20">
<fid>10-00100-0-2105-161055</fid>
<lfSpanFr gml:id="K1_503022_20-1">
<gml:timePosition>2021-05-19</gml:timePosition>
</lfSpanFr>
<devDate gml:id="K1_503022_20-2">
<gml:timePosition>2021-06-03</gml:timePosition>
</devDate>
<orgGILvl>KJ13</orgGILvl>
<vis>表示</vis>
<pos>
<gml:Point gml:id="K1_503022_20-g" srsName="fguuid:jgd2011.bl">
<gml:pos>33.580095278 130.289342278</gml:pos>
</gml:Point>
</pos>
<orgName>国土地理院</orgName>
<type>三角点</type>
<gcpClass>三等三角点</gcpClass>
<gcpCode>TR35030229301</gcpCode>
<name>青木</name>
<B>120888.343</B>
<L>469041.6322</L>
<alti>85.45</alti>
<altiAcc>2</altiAcc>
</GCP>
<GCP gml:id="K1_503022_21">
<fid>10-00100-0-2105-161056</fid>
<lfSpanFr gml:id="K1_503022_21-1">
<gml:timePosition>2021-05-19</gml:timePosition>
</lfSpanFr>
<devDate gml:id="K1_503022_21-2">
<gml:timePosition>2021-06-03</gml:timePosition>
</devDate>
<orgGILvl>KJ13</orgGILvl>
<vis>表示</vis>
<pos>
<gml:Point gml:id="K1_503022_21-g" srsName="fguuid:jgd2011.bl">
<gml:pos>33.576961833 130.356963139</gml:pos>
</gml:Point>
</pos>
<orgName>国土地理院</orgName>
<type>三角点</type>
<gcpClass>三等三角点</gcpClass>
<gcpCode>TR35030229801</gcpCode>
<name>麁原山</name>
<B>120877.0626</B>
<L>469285.0673</L>
<alti>33.18</alti>
<altiAcc>2</altiAcc>
</GCP>
<GCP gml:id="K1_503022_22">
<fid>10-00100-0-2105-200622</fid>
<lfSpanFr gml:id="K1_503022_22-1">
<gml:timePosition>2021-05-19</gml:timePosition>
</lfSpanFr>
<devDate gml:id="K1_503022_22-2">
<gml:timePosition>2021-06-03</gml:timePosition>
</devDate>
<orgGILvl>KJ14</orgGILvl>
<vis>表示</vis>
<pos>
<gml:Point gml:id="K1_503022_22-g" srsName="fguuid:jgd2011.bl">
<gml:pos>33.507221111 130.284267333</gml:pos>
</gml:Point>
</pos>
<orgName>国土地理院</orgName>
<type>三角点</type>
<gcpClass>四等三角点</gcpClass>
<gcpCode>TR45030220201</gcpCode>
<name>飯場</name>
<B>120625.996</B>
<L>469023.3624</L>
<alti>422.71</alti>
<altiAcc>2</altiAcc>
</GCP>
<GCP gml:id="K1_503022_23">
<fid>10-00100-0-2105-200623</fid>
<lfSpanFr gml:id="K1_503022_23-1">
<gml:timePosition>2021-05-19</gml:timePosition>
</lfSpanFr>
<devDate gml:id="K1_503022_23-2">
<gml:timePosition>2021-06-03</gml:timePosition>
</devDate>
<orgGILvl>KJ14</orgGILvl>
<vis>表示</vis>
<pos>
<gml:Point gml:id="K1_503022_23-g" srsName="fguuid:jgd2011.bl">
<gml:pos>33.508572306 130.258692778</gml:pos>
</gml:Point>
</pos>
<orgName>国土地理院</orgName>
<type>三角点</type>
<gcpClass>四等三角点</gcpClass>
<gcpCode>TR45030221001</gcpCode>
<name>作出</name>
<B>120630.8603</B>
<L>468931.294</L>
<alti>316.53</alti>
<altiAcc>2</altiAcc>
</GCP>
<GCP gml:id="K1_503022_24">
<fid>10-00100-0-2105-200624</fid>
<lfSpanFr gml:id="K1_503022_24-1">
<gml:timePosition>2021-05-19</gml:timePosition>
</lfSpanFr>
<devDate gml:id="K1_503022_24-2">
<gml:timePosition>2021-06-03</gml:timePosition>
</devDate>
<orgGILvl>KJ14</orgGILvl>
<vis>表示</vis>
<pos>
<gml:Point gml:id="K1_503022_24-g" srsName="fguuid:jgd2011.bl">
<gml:pos>33.509427583 130.275862861</gml:pos>
</gml:Point>
</pos>
<orgName>国土地理院</orgName>
<type>三角点</type>
<gcpClass>四等三角点</gcpClass>
<gcpCode>TR45030221201</gcpCode>
<name>川原</name>
<B>120633.9393</B>
<L>468993.1063</L>
<alti>408.31</alti>
<altiAcc>2</altiAcc>
</GCP>
<GCP gml:id="K1_503022_25">
<fid>10-00100-0-2105-200625</fid>
<lfSpanFr gml:id="K1_503022_25-1">
<gml:timePosition>2021-05-19</gml:timePosition>
</lfSpanFr>
<devDate gml:id="K1_503022_25-2">
<gml:timePosition>2021-06-03</gml:timePosition>
</devDate>
<orgGILvl>KJ14</orgGILvl>
<vis>表示</vis>
<pos>
<gml:Point gml:id="K1_503022_25-g" srsName="fguuid:jgd2011.bl">
<gml:pos>33.512430444 130.332588944</gml:pos>
</gml:Point>
</pos>
<orgName>国土地理院</orgName>
<type>三角点</type>
<gcpClass>四等三角点</gcpClass>
<gcpCode>TR45030221601</gcpCode>
<name>東入部</name>
<B>120644.7496</B>
<L>469197.3202</L>
<alti>37.96</alti>
<altiAcc>2</altiAcc>
</GCP>
<GCP gml:id="K1_503022_26">
<fid>10-00100-0-2105-200626</fid>
<lfSpanFr gml:id="K1_503022_26-1">
<gml:timePosition>2021-05-19</gml:timePosition>
</lfSpanFr>
<devDate gml:id="K1_503022_26-2">
<gml:timePosition>2021-06-03</gml:timePosition>
</devDate>
<orgGILvl>KJ14</orgGILvl>
<vis>表示</vis>
<pos>
<gml:Point gml:id="K1_503022_26-g" srsName="fguuid:jgd2011.bl">
<gml:pos>33.511339056 130.351267917</gml:pos>
</gml:Point>
</pos>
<orgName>国土地理院</orgName>
<type>三角点</type>
<gcpClass>四等三角点</gcpClass>
<gcpCode>TR45030221801</gcpCode>
<name>荒平山</name>
<B>120640.8206</B>
<L>469264.5645</L>
<alti>394.76</alti>
<altiAcc>2</altiAcc>
</GCP>
<GCP gml:id="K1_503022_27">
<fid>10-00100-0-2105-200627</fid>
<lfSpanFr gml:id="K1_503022_27-1">
<gml:timePosition>2021-05-19</gml:timePosition>
</lfSpanFr>
<devDate gml:id="K1_503022_27-2">
<gml:timePosition>2021-06-03</gml:timePosition>
</devDate>
<orgGILvl>KJ14</orgGILvl>
<vis>表示</vis>
<pos>
<gml:Point gml:id="K1_503022_27-g" srsName="fguuid:jgd2011.bl">
<gml:pos>33.524317556 130.281224806</gml:pos>
</gml:Point>
</pos>
<orgName>国土地理院</orgName>
<type>三角点</type>
<gcpClass>四等三角点</gcpClass>
<gcpCode>TR45030222201</gcpCode>
<name>王丸山</name>
<B>120687.5432</B>
<L>469012.4093</L>
<alti>452.89</alti>
<altiAcc>2</altiAcc>
</GCP>
<GCP gml:id="K1_503022_28">
<fid>10-00100-0-2105-200628</fid>
<lfSpanFr gml:id="K1_503022_28-1">
<gml:timePosition>2021-05-19</gml:timePosition>
</lfSpanFr>
<devDate gml:id="K1_503022_28-2">
<gml:timePosition>2021-06-03</gml:timePosition>
</devDate>
<orgGILvl>KJ14</orgGILvl>
<vis>表示</vis>
<pos>
<gml:Point gml:id="K1_503022_28-g" srsName="fguuid:jgd2011.bl">
<gml:pos>33.519749167 130.327076056</gml:pos>
</gml:Point>
</pos>
<orgName>国土地理院</orgName>
<type>三角点</type>
<gcpClass>四等三角点</gcpClass>
<gcpCode>TR45030222601</gcpCode>
<name>西入部</name>
<B>120671.097</B>
<L>469177.4738</L>
<alti>30.93</alti>
<altiAcc>2</altiAcc>
</GCP>
<GCP gml:id="K1_503022_29">
<fid>10-00100-0-2105-200629</fid>
<lfSpanFr gml:id="K1_503022_29-1">
<gml:timePosition>2021-05-19</gml:timePosition>
</lfSpanFr>
<devDate gml:id="K1_503022_29-2">
<gml:timePosition>2021-06-03</gml:timePosition>
</devDate>
<orgGILvl>KJ14</orgGILvl>
<vis>表示</vis>
<pos>
<gml:Point gml:id="K1_503022_29-g" srsName="fguuid:jgd2011.bl">
<gml:pos>33.523292222 130.339980556</gml:pos>
</gml:Point>
</pos>
<orgName>国土地理院</orgName>
<type>三角点</type>
<gcpClass>四等三角点</gcpClass>
<gcpCode>TR45030222701</gcpCode>
<name>古田</name>
<B>120683.852</B>
<L>469223.93</L>
<alti>72.29</alti>
<altiAcc>2</altiAcc>
</GCP>
<GCP gml:id="K1_503022_30">
<fid>10-00100-0-2105-200630</fid>
<lfSpanFr gml:id="K1_503022_30-1">
<gml:timePosition>2021-05-19</gml:timePosition>
</lfSpanFr>
<devDate gml:id="K1_503022_30-2">
<gml:timePosition>2021-06-03</gml:timePosition>
</devDate>
<orgGILvl>KJ14</orgGILvl>
<vis>表示</vis>
<pos>
<gml:Point gml:id="K1_503022_30-g" srsName="fguuid:jgd2011.bl">
<gml:pos>33.532386639 130.269879556</gml:pos>
</gml:Point>
</pos>
<orgName>国土地理院</orgName>
<type>三角点</type>
<gcpClass>四等三角点</gcpClass>
<gcpCode>TR45030223101</gcpCode>
<name>松ケ浦</name>
<B>120716.5919</B>
<L>468971.5664</L>
<alti>165.92</alti>
<altiAcc>2</altiAcc>
</GCP>
<GCP gml:id="K1_503022_31">
<fid>10-00100-0-2105-200631</fid>
<lfSpanFr gml:id="K1_503022_31-1">
<gml:timePosition>2021-05-19</gml:timePosition>
</lfSpanFr>
<devDate gml:id="K1_503022_31-2">
<gml:timePosition>2021-06-03</gml:timePosition>
</devDate>
<orgGILvl>KJ14</orgGILvl>
<vis>表示</vis>
<pos>
<gml:Point gml:id="K1_503022_31-g" srsName="fguuid:jgd2011.bl">
<gml:pos>33.531000417 130.361814389</gml:pos>
</gml:Point>
</pos>
<orgName>国土地理院</orgName>
<type>三角点</type>
<gcpClass>四等三角点</gcpClass>
<gcpCode>TR45030223801</gcpCode>
<name>西油山</name>
<B>120711.6015</B>
<L>469302.5318</L>
<alti>308.44</alti>
<altiAcc>2</altiAcc>
</GCP>
<GCP gml:id="K1_503022_32">
<fid>10-00100-0-2105-200632</fid>
<lfSpanFr gml:id="K1_503022_32-1">
<gml:timePosition>2021-05-19</gml:timePosition>
</lfSpanFr>
<devDate gml:id="K1_503022_32-2">
<gml:timePosition>2021-06-03</gml:timePosition>
</devDate>
<orgGILvl>KJ14</orgGILvl>
<vis>表示</vis>
<pos>
<gml:Point gml:id="K1_503022_32-g" srsName="fguuid:jgd2011.bl">
<gml:pos>33.539943111 130.256015417</gml:pos>
</gml:Point>
</pos>
<orgName>国土地理院</orgName>
<type>三角点</type>
<gcpClass>四等三角点</gcpClass>
<gcpCode>TR45030224001</gcpCode>
<name>榎町</name>
<B>120743.7952</B>
<L>468921.6555</L>
<alti>41.94</alti>
<altiAcc>2</altiAcc>
</GCP>
<GCP gml:id="K1_503022_33">
<fid>10-00100-0-2105-200633</fid>
<lfSpanFr gml:id="K1_503022_33-1">
<gml:timePosition>2021-05-19</gml:timePosition>
</lfSpanFr>
<devDate gml:id="K1_503022_33-2">
<gml:timePosition>2021-06-03</gml:timePosition>
</devDate>
<orgGILvl>KJ14</orgGILvl>
<vis>表示</vis>
<pos>
<gml:Point gml:id="K1_503022_33-g" srsName="fguuid:jgd2011.bl">
<gml:pos>33.536816306 130.298637972</gml:pos>
</gml:Point>
</pos>
<orgName>国土地理院</orgName>
<type>三角点</type>
<gcpClass>四等三角点</gcpClass>
<gcpCode>TR45030224301</gcpCode>
<name>飯盛山</name>
<B>120732.5387</B>
<L>469075.0967</L>
<alti>382.41</alti>
<altiAcc>2</altiAcc>
</GCP>
<GCP gml:id="K1_503022_34">
<fid>10-00100-0-2105-200634</fid>
<lfSpanFr gml:id="K1_503022_34-1">
<gml:timePosition>2021-05-19</gml:timePosition>
</lfSpanFr>
<devDate gml:id="K1_503022_34-2">
<gml:timePosition>2021-06-03</gml:timePosition>
</devDate>
<orgGILvl>KJ14</orgGILvl>
<vis>表示</vis>
<pos>
<gml:Point gml:id="K1_503022_34-g" srsName="fguuid:jgd2011.bl">
<gml:pos>33.547747639 130.366285333</gml:pos>
</gml:Point>
</pos>
<orgName>国土地理院</orgName>
<type>三角点</type>
<gcpClass>四等三角点</gcpClass>
<gcpCode>TR45030225901</gcpCode>
<name>福岡大学</name>
<B>120771.8915</B>
<L>469318.6272</L>
<alti>44.36</alti>
<altiAcc>2</altiAcc>
</GCP>
<GCP gml:id="K1_503022_35">
<fid>10-00100-0-2105-200635</fid>
<lfSpanFr gml:id="K1_503022_35-1">
<gml:timePosition>2021-05-19</gml:timePosition>
</lfSpanFr>
<devDate gml:id="K1_503022_35-2">
<gml:timePosition>2021-06-03</gml:timePosition>
</devDate>
<orgGILvl>KJ14</orgGILvl>
<vis>表示</vis>
<pos>
<gml:Point gml:id="K1_503022_35-g" srsName="fguuid:jgd2011.bl">
<gml:pos>33.561068917 130.292835472</gml:pos>
</gml:Point>
</pos>
<orgName>国土地理院</orgName>
<type>三角点</type>
<gcpClass>四等三角点</gcpClass>
<gcpCode>TR45030227301</gcpCode>
<name>浦山</name>
<B>120819.8481</B>
<L>469054.2077</L>
<alti>188.28</alti>
<altiAcc>2</altiAcc>
</GCP>
<GCP gml:id="K1_503022_36">
<fid>10-00100-0-2105-200636</fid>
<lfSpanFr gml:id="K1_503022_36-1">
<gml:timePosition>2021-05-19</gml:timePosition>
</lfSpanFr>
<devDate gml:id="K1_503022_36-2">
<gml:timePosition>2021-06-03</gml:timePosition>
</devDate>
<orgGILvl>KJ14</orgGILvl>
<vis>表示</vis>
<pos>
<gml:Point gml:id="K1_503022_36-g" srsName="fguuid:jgd2011.bl">
<gml:pos>33.571047194 130.253393000</gml:pos>
</gml:Point>
</pos>
<orgName>国土地理院</orgName>
<type>三角点</type>
<gcpClass>四等三角点</gcpClass>
<gcpCode>TR45030228001</gcpCode>
<name>飯氏</name>
<B>120855.7699</B>
<L>468912.2148</L>
<alti>73.65</alti>
<altiAcc>2</altiAcc>
</GCP>
<GCP gml:id="K1_503022_37">
<fid>10-00100-0-2105-200637</fid>
<lfSpanFr gml:id="K1_503022_37-1">
<gml:timePosition>2021-05-19</gml:timePosition>
</lfSpanFr>
<devDate gml:id="K1_503022_37-2">
<gml:timePosition>2021-06-03</gml:timePosition>
</devDate>
<orgGILvl>KJ14</orgGILvl>
<vis>表示</vis>
<pos>
<gml:Point gml:id="K1_503022_37-g" srsName="fguuid:jgd2011.bl">
<gml:pos>33.567845222 130.272673778</gml:pos>
</gml:Point>
</pos>
<orgName>国土地理院</orgName>
<type>三角点</type>
<gcpClass>四等三角点</gcpClass>
<gcpCode>TR45030228101</gcpCode>
<name>谷上</name>
<B>120844.2428</B>
<L>468981.6256</L>
<alti>62.35</alti>
<altiAcc>2</altiAcc>
</GCP>
</Dataset>
