<?xml version="1.0" encoding="utf-8"?>
<Dataset xsi:schemaLocation="http://fgd.gsi.go.jp/spec/2008/FGD_GMLSchema FGD_GMLSchema.xsd"
	xmlns:gml="http://www.opengis.net/gml/3.2"
	xmlns:xsi="http://www.w3.org/2001/XMLSchema-instance"
	xmlns:xlink="http://www.w3.org/1999/xlink"
	xmlns="http://fgd.gsi.go.jp/spec/2008/FGD_GMLSchema"
	gml:id="Dataset1">
  <gml:description>基盤地図情報メタデータ ID=fmdid:20-1001</gml:description>
  <gml:name>基盤地図情報ダウンロードデータ（GML版）</gml:name>
<GCP gml:id="K1_493104_1">
<fid>10-00100-0-2009-20542</fid>
<lfSpanFr gml:id="K1_493104_1-1">
<gml:timePosition>2020-09-04</gml:timePosition>
</lfSpanFr>
<devDate gml:id="K1_493104_1-2">
<gml:timePosition>2020-09-08</gml:timePosition>
</devDate>
<orgGILvl>KJ11</orgGILvl>
<vis>表示</vis>
<pos>
<gml:Point gml:id="K1_493104_1-g" srsName="fguuid:jgd2011.bl">
<gml:pos>32.737714500 131.513102306</gml:pos>
</gml:Point>
</pos>
<orgName>国土地理院</orgName>
<type>三角点</type>
<gcpClass>一等三角点</gcpClass>
<gcpCode>TR14931048101</gcpCode>
<name>祝子川山</name>
<B>117855.7722</B>
<L>473447.1683</L>
<alti>1643.31</alti>
<altiAcc>2</altiAcc>
</GCP>
<GCP gml:id="K1_493104_2">
<fid>10-00100-0-2009-21803</fid>
<lfSpanFr gml:id="K1_493104_2-1">
<gml:timePosition>2020-09-04</gml:timePosition>
</lfSpanFr>
<devDate gml:id="K1_493104_2-2">
<gml:timePosition>2020-09-08</gml:timePosition>
</devDate>
<orgGILvl>KJ12</orgGILvl>
<vis>表示</vis>
<pos>
<gml:Point gml:id="K1_493104_2-g" srsName="fguuid:jgd2011.bl">
<gml:pos>32.734174194 131.599148444</gml:pos>
</gml:Point>
</pos>
<orgName>国土地理院</orgName>
<type>三角点</type>
<gcpClass>二等三角点</gcpClass>
<gcpCode>TR24931048701</gcpCode>
<name>黒原峠</name>
<B>117843.0271</B>
<L>473756.9344</L>
<alti>880.83</alti>
<altiAcc>2</altiAcc>
</GCP>
<GCP gml:id="K1_493104_3">
<fid>10-00100-0-2009-28998</fid>
<lfSpanFr gml:id="K1_493104_3-1">
<gml:timePosition>2020-09-04</gml:timePosition>
</lfSpanFr>
<devDate gml:id="K1_493104_3-2">
<gml:timePosition>2020-09-08</gml:timePosition>
</devDate>
<orgGILvl>KJ13</orgGILvl>
<vis>表示</vis>
<pos>
<gml:Point gml:id="K1_493104_3-g" srsName="fguuid:jgd2011.bl">
<gml:pos>32.672178500 131.502536917</gml:pos>
</gml:Point>
</pos>
<orgName>国土地理院</orgName>
<type>三角点</type>
<gcpClass>三等三角点</gcpClass>
<gcpCode>TR34931040001</gcpCode>
<name>杉ノ内</name>
<B>117619.8426</B>
<L>473409.1329</L>
<alti>1052.58</alti>
<altiAcc>2</altiAcc>
</GCP>
<GCP gml:id="K1_493104_4">
<fid>10-00100-0-2009-28999</fid>
<lfSpanFr gml:id="K1_493104_4-1">
<gml:timePosition>2020-09-04</gml:timePosition>
</lfSpanFr>
<devDate gml:id="K1_493104_4-2">
<gml:timePosition>2020-09-08</gml:timePosition>
</devDate>
<orgGILvl>KJ13</orgGILvl>
<vis>表示</vis>
<pos>
<gml:Point gml:id="K1_493104_4-g" srsName="fguuid:jgd2011.bl">
<gml:pos>32.672693778 131.529189167</gml:pos>
</gml:Point>
</pos>
<orgName>国土地理院</orgName>
<type>三角点</type>
<gcpClass>三等三角点</gcpClass>
<gcpCode>TR34931040201</gcpCode>
<name>黒岩</name>
<B>117621.6976</B>
<L>473505.081</L>
<alti>1070.37</alti>
<altiAcc>2</altiAcc>
</GCP>
<GCP gml:id="K1_493104_5">
<fid>10-00100-0-2009-29000</fid>
<lfSpanFr gml:id="K1_493104_5-1">
<gml:timePosition>2020-09-04</gml:timePosition>
</lfSpanFr>
<devDate gml:id="K1_493104_5-2">
<gml:timePosition>2020-09-08</gml:timePosition>
</devDate>
<orgGILvl>KJ13</orgGILvl>
<vis>表示</vis>
<pos>
<gml:Point gml:id="K1_493104_5-g" srsName="fguuid:jgd2011.bl">
<gml:pos>32.676475889 131.565650333</gml:pos>
</gml:Point>
</pos>
<orgName>国土地理院</orgName>
<type>三角点</type>
<gcpClass>三等三角点</gcpClass>
<gcpCode>TR34931041501</gcpCode>
<name>吉ノ尻</name>
<B>117635.3132</B>
<L>473636.3412</L>
<alti>1026.57</alti>
<altiAcc>2</altiAcc>
</GCP>
<GCP gml:id="K1_493104_6">
<fid>10-00100-0-2009-29001</fid>
<lfSpanFr gml:id="K1_493104_6-1">
<gml:timePosition>2020-09-04</gml:timePosition>
</lfSpanFr>
<devDate gml:id="K1_493104_6-2">
<gml:timePosition>2020-09-08</gml:timePosition>
</devDate>
<orgGILvl>KJ13</orgGILvl>
<vis>表示</vis>
<pos>
<gml:Point gml:id="K1_493104_6-g" srsName="fguuid:jgd2011.bl">
<gml:pos>32.689132361 131.522113639</gml:pos>
</gml:Point>
</pos>
<orgName>国土地理院</orgName>
<type>三角点</type>
<gcpClass>三等三角点</gcpClass>
<gcpCode>TR34931042101</gcpCode>
<name>国見山</name>
<B>117680.8765</B>
<L>473479.6091</L>
<alti>1391.5</alti>
<altiAcc>2</altiAcc>
</GCP>
<GCP gml:id="K1_493104_7">
<fid>10-00100-0-2009-29002</fid>
<lfSpanFr gml:id="K1_493104_7-1">
<gml:timePosition>2020-09-04</gml:timePosition>
</lfSpanFr>
<devDate gml:id="K1_493104_7-2">
<gml:timePosition>2020-09-08</gml:timePosition>
</devDate>
<orgGILvl>KJ13</orgGILvl>
<vis>表示</vis>
<pos>
<gml:Point gml:id="K1_493104_7-g" srsName="fguuid:jgd2011.bl">
<gml:pos>32.688903722 131.595179639</gml:pos>
</gml:Point>
</pos>
<orgName>国土地理院</orgName>
<type>三角点</type>
<gcpClass>三等三角点</gcpClass>
<gcpCode>TR34931042701</gcpCode>
<name>宮ケ谷</name>
<B>117680.0534</B>
<L>473742.6467</L>
<alti>793.4</alti>
<altiAcc>2</altiAcc>
</GCP>
<GCP gml:id="K1_493104_8">
<fid>10-00100-0-2009-29003</fid>
<lfSpanFr gml:id="K1_493104_8-1">
<gml:timePosition>2020-09-04</gml:timePosition>
</lfSpanFr>
<devDate gml:id="K1_493104_8-2">
<gml:timePosition>2020-09-08</gml:timePosition>
</devDate>
<orgGILvl>KJ13</orgGILvl>
<vis>表示</vis>
<pos>
<gml:Point gml:id="K1_493104_8-g" srsName="fguuid:jgd2011.bl">
<gml:pos>32.694298056 131.557824722</gml:pos>
</gml:Point>
</pos>
<orgName>国土地理院</orgName>
<type>三角点</type>
<gcpClass>三等三角点</gcpClass>
<gcpCode>TR34931043401</gcpCode>
<name>檜山</name>
<B>117699.473</B>
<L>473608.169</L>
<alti>1244.86</alti>
<altiAcc>2</altiAcc>
</GCP>
<GCP gml:id="K1_493104_9">
<fid>10-00100-0-2009-29004</fid>
<lfSpanFr gml:id="K1_493104_9-1">
<gml:timePosition>2020-09-04</gml:timePosition>
</lfSpanFr>
<devDate gml:id="K1_493104_9-2">
<gml:timePosition>2020-09-08</gml:timePosition>
</devDate>
<orgGILvl>KJ13</orgGILvl>
<vis>表示</vis>
<pos>
<gml:Point gml:id="K1_493104_9-g" srsName="fguuid:jgd2011.bl">
<gml:pos>32.702574250 131.528453194</gml:pos>
</gml:Point>
</pos>
<orgName>国土地理院</orgName>
<type>三角点</type>
<gcpClass>三等三角点</gcpClass>
<gcpCode>TR34931044201</gcpCode>
<name>鬼目</name>
<B>117729.2673</B>
<L>473502.4315</L>
<alti>1491.0</alti>
<altiAcc>2</altiAcc>
</GCP>
<GCP gml:id="K1_493104_10">
<fid>10-00100-0-2009-29005</fid>
<lfSpanFr gml:id="K1_493104_10-1">
<gml:timePosition>2020-09-04</gml:timePosition>
</lfSpanFr>
<devDate gml:id="K1_493104_10-2">
<gml:timePosition>2020-09-08</gml:timePosition>
</devDate>
<orgGILvl>KJ13</orgGILvl>
<vis>表示</vis>
<pos>
<gml:Point gml:id="K1_493104_10-g" srsName="fguuid:jgd2011.bl">
<gml:pos>32.720493083 131.579333944</gml:pos>
</gml:Point>
</pos>
<orgName>国土地理院</orgName>
<type>三角点</type>
<gcpClass>三等三角点</gcpClass>
<gcpCode>TR34931046601</gcpCode>
<name>下祝子</name>
<B>117793.7751</B>
<L>473685.6022</L>
<alti>534.09</alti>
<altiAcc>2</altiAcc>
</GCP>
<GCP gml:id="K1_493104_11">
<fid>10-00100-0-2009-29006</fid>
<lfSpanFr gml:id="K1_493104_11-1">
<gml:timePosition>2020-09-04</gml:timePosition>
</lfSpanFr>
<devDate gml:id="K1_493104_11-2">
<gml:timePosition>2020-09-08</gml:timePosition>
</devDate>
<orgGILvl>KJ13</orgGILvl>
<vis>表示</vis>
<pos>
<gml:Point gml:id="K1_493104_11-g" srsName="fguuid:jgd2011.bl">
<gml:pos>32.735316778 131.548501833</gml:pos>
</gml:Point>
</pos>
<orgName>国土地理院</orgName>
<type>三角点</type>
<gcpClass>三等三角点</gcpClass>
<gcpCode>TR34931048301</gcpCode>
<name>大野原</name>
<B>117847.1404</B>
<L>473574.6066</L>
<alti>648.43</alti>
<altiAcc>2</altiAcc>
</GCP>
<GCP gml:id="K1_493104_12">
<fid>10-00100-0-2009-66621</fid>
<lfSpanFr gml:id="K1_493104_12-1">
<gml:timePosition>2020-09-04</gml:timePosition>
</lfSpanFr>
<devDate gml:id="K1_493104_12-2">
<gml:timePosition>2020-09-08</gml:timePosition>
</devDate>
<orgGILvl>KJ14</orgGILvl>
<vis>表示</vis>
<pos>
<gml:Point gml:id="K1_493104_12-g" srsName="fguuid:jgd2011.bl">
<gml:pos>32.689711306 131.618482778</gml:pos>
</gml:Point>
</pos>
<orgName>国土地理院</orgName>
<type>三角点</type>
<gcpClass>四等三角点</gcpClass>
<gcpCode>TR44931042901</gcpCode>
<name>入道石</name>
<B>117682.9607</B>
<L>473826.538</L>
<alti>209.62</alti>
<altiAcc>2</altiAcc>
</GCP>
<GCP gml:id="K1_493104_13">
<fid>10-00100-0-2009-66622</fid>
<lfSpanFr gml:id="K1_493104_13-1">
<gml:timePosition>2020-09-04</gml:timePosition>
</lfSpanFr>
<devDate gml:id="K1_493104_13-2">
<gml:timePosition>2020-09-08</gml:timePosition>
</devDate>
<orgGILvl>KJ14</orgGILvl>
<vis>表示</vis>
<pos>
<gml:Point gml:id="K1_493104_13-g" srsName="fguuid:jgd2011.bl">
<gml:pos>32.704089833 131.508386556</gml:pos>
</gml:Point>
</pos>
<orgName>国土地理院</orgName>
<type>三角点</type>
<gcpClass>四等三角点</gcpClass>
<gcpCode>TR44931044001</gcpCode>
<name>今村</name>
<B>117734.7234</B>
<L>473430.1916</L>
<alti>868.53</alti>
<altiAcc>2</altiAcc>
</GCP>
<GCP gml:id="K1_493104_14">
<fid>10-00100-0-2009-66623</fid>
<lfSpanFr gml:id="K1_493104_14-1">
<gml:timePosition>2020-09-04</gml:timePosition>
</lfSpanFr>
<devDate gml:id="K1_493104_14-2">
<gml:timePosition>2020-09-08</gml:timePosition>
</devDate>
<orgGILvl>KJ14</orgGILvl>
<vis>表示</vis>
<pos>
<gml:Point gml:id="K1_493104_14-g" srsName="fguuid:jgd2011.bl">
<gml:pos>32.703830833 131.611086750</gml:pos>
</gml:Point>
</pos>
<orgName>国土地理院</orgName>
<type>三角点</type>
<gcpClass>四等三角点</gcpClass>
<gcpCode>TR44931044801</gcpCode>
<name>鹿無ヶ内山</name>
<B>117733.791</B>
<L>473799.9123</L>
<alti>282.13</alti>
<altiAcc>2</altiAcc>
</GCP>
<GCP gml:id="K1_493104_15">
<fid>10-00100-0-2009-66624</fid>
<lfSpanFr gml:id="K1_493104_15-1">
<gml:timePosition>2020-09-04</gml:timePosition>
</lfSpanFr>
<devDate gml:id="K1_493104_15-2">
<gml:timePosition>2020-09-08</gml:timePosition>
</devDate>
<orgGILvl>KJ14</orgGILvl>
<vis>表示</vis>
<pos>
<gml:Point gml:id="K1_493104_15-g" srsName="fguuid:jgd2011.bl">
<gml:pos>32.717794111 131.512534333</gml:pos>
</gml:Point>
</pos>
<orgName>国土地理院</orgName>
<type>三角点</type>
<gcpClass>四等三角点</gcpClass>
<gcpCode>TR44931046101</gcpCode>
<name>鹿川越</name>
<B>117784.0588</B>
<L>473445.1236</L>
<alti>993.95</alti>
<altiAcc>2</altiAcc>
</GCP>
<GCP gml:id="K1_493104_16">
<fid>10-00100-0-2009-66625</fid>
<lfSpanFr gml:id="K1_493104_16-1">
<gml:timePosition>2020-09-04</gml:timePosition>
</lfSpanFr>
<devDate gml:id="K1_493104_16-2">
<gml:timePosition>2020-09-08</gml:timePosition>
</devDate>
<orgGILvl>KJ14</orgGILvl>
<vis>表示</vis>
<pos>
<gml:Point gml:id="K1_493104_16-g" srsName="fguuid:jgd2011.bl">
<gml:pos>32.719307250 131.607457861</gml:pos>
</gml:Point>
</pos>
<orgName>国土地理院</orgName>
<type>三角点</type>
<gcpClass>四等三角点</gcpClass>
<gcpCode>TR44931046801</gcpCode>
<name>大鹿倉山</name>
<B>117789.5061</B>
<L>473786.8483</L>
<alti>652.61</alti>
<altiAcc>2</altiAcc>
</GCP>
<GCP gml:id="K1_493104_17">
<fid>10-00100-0-2009-66626</fid>
<lfSpanFr gml:id="K1_493104_17-1">
<gml:timePosition>2020-09-04</gml:timePosition>
</lfSpanFr>
<devDate gml:id="K1_493104_17-2">
<gml:timePosition>2020-09-08</gml:timePosition>
</devDate>
<orgGILvl>KJ14</orgGILvl>
<vis>表示</vis>
<pos>
<gml:Point gml:id="K1_493104_17-g" srsName="fguuid:jgd2011.bl">
<gml:pos>32.741765861 131.585571694</gml:pos>
</gml:Point>
</pos>
<orgName>国土地理院</orgName>
<type>三角点</type>
<gcpClass>四等三角点</gcpClass>
<gcpCode>TR44931049601</gcpCode>
<name>相海山</name>
<B>117870.3571</B>
<L>473708.0581</L>
<alti>1032.82</alti>
<altiAcc>2</altiAcc>
</GCP>
<GCP gml:id="K1_493104_18">
<fid>10-00100-0-2009-66627</fid>
<lfSpanFr gml:id="K1_493104_18-1">
<gml:timePosition>2020-09-04</gml:timePosition>
</lfSpanFr>
<devDate gml:id="K1_493104_18-2">
<gml:timePosition>2020-09-08</gml:timePosition>
</devDate>
<orgGILvl>KJ14</orgGILvl>
<vis>表示</vis>
<pos>
<gml:Point gml:id="K1_493104_18-g" srsName="fguuid:jgd2011.bl">
<gml:pos>32.747271861 131.607526639</gml:pos>
</gml:Point>
</pos>
<orgName>国土地理院</orgName>
<type>三角点</type>
<gcpClass>四等三角点</gcpClass>
<gcpCode>TR44931049801</gcpCode>
<name>二ツ滝山</name>
<B>117890.1787</B>
<L>473787.0959</L>
<alti>323.5</alti>
<altiAcc>2</altiAcc>
</GCP>
<GCP gml:id="K1_493104_19">
<fid>10-00100-0-2009-66628</fid>
<lfSpanFr gml:id="K1_493104_19-1">
<gml:timePosition>2020-09-04</gml:timePosition>
</lfSpanFr>
<devDate gml:id="K1_493104_19-2">
<gml:timePosition>2020-09-08</gml:timePosition>
</devDate>
<orgGILvl>KJ14</orgGILvl>
<vis>表示</vis>
<pos>
<gml:Point gml:id="K1_493104_19-g" srsName="fguuid:jgd2011.bl">
<gml:pos>32.742150611 131.621465472</gml:pos>
</gml:Point>
</pos>
<orgName>国土地理院</orgName>
<type>三角点</type>
<gcpClass>四等三角点</gcpClass>
<gcpCode>TR44931049901</gcpCode>
<name>龍子山</name>
<B>117871.7422</B>
<L>473837.2757</L>
<alti>310.71</alti>
<altiAcc>2</altiAcc>
</GCP>
</Dataset>
