<?xml version="1.0" encoding="utf-8"?>
<Dataset xsi:schemaLocation="http://fgd.gsi.go.jp/spec/2008/FGD_GMLSchema FGD_GMLSchema.xsd"
	xmlns:gml="http://www.opengis.net/gml/3.2"
	xmlns:xsi="http://www.w3.org/2001/XMLSchema-instance"
	xmlns:xlink="http://www.w3.org/1999/xlink"
	xmlns="http://fgd.gsi.go.jp/spec/2008/FGD_GMLSchema"
	gml:id="Dataset1">
  <gml:description>基盤地図情報メタデータ ID=fmdid:20-1001</gml:description>
  <gml:name>基盤地図情報ダウンロードデータ（GML版）</gml:name>
<ElevPt gml:id="K2_4734011766_1">
<fid>47340-11766-i-5</fid>
<lfSpanFr gml:id="K2_4734011766_1-1">
<gml:timePosition>2015-11-12</gml:timePosition>
</lfSpanFr>
<devDate gml:id="K2_4734011766_1-2">
<gml:timePosition>2020-09-08</gml:timePosition>
</devDate>
<orgGILvl>25000</orgGILvl>
<vis>表示</vis>
<pos>
<gml:Point gml:id="K2_4734011766_1-g" srsName="fguuid:jgd2011.bl">
<gml:pos>32.690032778 131.506038056</gml:pos>
</gml:Point>
</pos>
<type>標高点（測点）</type>
<alti>1324</alti>
</ElevPt>
<ElevPt gml:id="K2_4734011772_1">
<fid>47340-11772-i-2</fid>
<lfSpanFr gml:id="K2_4734011772_1-1">
<gml:timePosition>2013-12-10</gml:timePosition>
</lfSpanFr>
<devDate gml:id="K2_4734011772_1-2">
<gml:timePosition>2020-09-08</gml:timePosition>
</devDate>
<orgGILvl>25000</orgGILvl>
<vis>表示</vis>
<pos>
<gml:Point gml:id="K2_4734011772_1-g" srsName="fguuid:jgd2011.bl">
<gml:pos>32.703276111 131.503771389</gml:pos>
</gml:Point>
</pos>
<type>標高点（測点）</type>
<alti>787</alti>
</ElevPt>
<ElevPt gml:id="K2_4734011781_1">
<fid>47340-11781-i-1</fid>
<lfSpanFr gml:id="K2_4734011781_1-1">
<gml:timePosition>2013-12-10</gml:timePosition>
</lfSpanFr>
<devDate gml:id="K2_4734011781_1-2">
<gml:timePosition>2020-09-08</gml:timePosition>
</devDate>
<orgGILvl>25000</orgGILvl>
<vis>表示</vis>
<pos>
<gml:Point gml:id="K2_4734011781_1-g" srsName="fguuid:jgd2011.bl">
<gml:pos>32.732480556 131.500218056</gml:pos>
</gml:Point>
</pos>
<type>標高点（測点）</type>
<alti>1285</alti>
</ElevPt>
<ElevPt gml:id="K2_4734011781_2">
<fid>47340-11781-i-2</fid>
<lfSpanFr gml:id="K2_4734011781_2-1">
<gml:timePosition>2013-12-10</gml:timePosition>
</lfSpanFr>
<devDate gml:id="K2_4734011781_2-2">
<gml:timePosition>2020-09-08</gml:timePosition>
</devDate>
<orgGILvl>25000</orgGILvl>
<vis>表示</vis>
<pos>
<gml:Point gml:id="K2_4734011781_2-g" srsName="fguuid:jgd2011.bl">
<gml:pos>32.727061667 131.503203056</gml:pos>
</gml:Point>
</pos>
<type>標高点（測点）</type>
<alti>1454</alti>
</ElevPt>
<ElevPt gml:id="K2_4734011784_1">
<fid>47340-11784-i-7</fid>
<lfSpanFr gml:id="K2_4734011784_1-1">
<gml:timePosition>2013-12-10</gml:timePosition>
</lfSpanFr>
<devDate gml:id="K2_4734011784_1-2">
<gml:timePosition>2020-09-08</gml:timePosition>
</devDate>
<orgGILvl>25000</orgGILvl>
<vis>表示</vis>
<pos>
<gml:Point gml:id="K2_4734011784_1-g" srsName="fguuid:jgd2011.bl">
<gml:pos>32.739771944 131.505033611</gml:pos>
</gml:Point>
</pos>
<type>標高点（測点）</type>
<alti>1541</alti>
</ElevPt>
<ElevPt gml:id="K2_4734311760_1">
<fid>47343-11760-i-43</fid>
<lfSpanFr gml:id="K2_4734311760_1-1">
<gml:timePosition>2015-11-12</gml:timePosition>
</lfSpanFr>
<devDate gml:id="K2_4734311760_1-2">
<gml:timePosition>2020-09-08</gml:timePosition>
</devDate>
<orgGILvl>25000</orgGILvl>
<vis>表示</vis>
<pos>
<gml:Point gml:id="K2_4734311760_1-g" srsName="fguuid:jgd2011.bl">
<gml:pos>32.671223889 131.515626389</gml:pos>
</gml:Point>
</pos>
<type>標高点（測点）</type>
<alti>554</alti>
</ElevPt>
<ElevPt gml:id="K2_4734311763_1">
<fid>47343-11763-i-11</fid>
<lfSpanFr gml:id="K2_4734311763_1-1">
<gml:timePosition>2015-11-12</gml:timePosition>
</lfSpanFr>
<devDate gml:id="K2_4734311763_1-2">
<gml:timePosition>2020-09-08</gml:timePosition>
</devDate>
<orgGILvl>25000</orgGILvl>
<vis>表示</vis>
<pos>
<gml:Point gml:id="K2_4734311763_1-g" srsName="fguuid:jgd2011.bl">
<gml:pos>32.681864167 131.510906667</gml:pos>
</gml:Point>
</pos>
<type>標高点（測点）</type>
<alti>782</alti>
</ElevPt>
<ElevPt gml:id="K2_4734311766_1">
<fid>47343-11766-i-5</fid>
<lfSpanFr gml:id="K2_4734311766_1-1">
<gml:timePosition>2015-11-12</gml:timePosition>
</lfSpanFr>
<devDate gml:id="K2_4734311766_1-2">
<gml:timePosition>2020-09-08</gml:timePosition>
</devDate>
<orgGILvl>25000</orgGILvl>
<vis>表示</vis>
<pos>
<gml:Point gml:id="K2_4734311766_1-g" srsName="fguuid:jgd2011.bl">
<gml:pos>32.690756111 131.512836667</gml:pos>
</gml:Point>
</pos>
<type>標高点（測点）</type>
<alti>1345</alti>
</ElevPt>
<ElevPt gml:id="K2_4734311769_1">
<fid>47343-11769-i-5</fid>
<lfSpanFr gml:id="K2_4734311769_1-1">
<gml:timePosition>2015-11-12</gml:timePosition>
</lfSpanFr>
<devDate gml:id="K2_4734311769_1-2">
<gml:timePosition>2020-09-08</gml:timePosition>
</devDate>
<orgGILvl>25000</orgGILvl>
<vis>表示</vis>
<pos>
<gml:Point gml:id="K2_4734311769_1-g" srsName="fguuid:jgd2011.bl">
<gml:pos>32.696823056 131.515509444</gml:pos>
</gml:Point>
</pos>
<type>標高点（測点）</type>
<alti>1264</alti>
</ElevPt>
<ElevPt gml:id="K2_4734311772_1">
<fid>47343-11772-i-8</fid>
<lfSpanFr gml:id="K2_4734311772_1-1">
<gml:timePosition>2013-12-10</gml:timePosition>
</lfSpanFr>
<devDate gml:id="K2_4734311772_1-2">
<gml:timePosition>2020-09-08</gml:timePosition>
</devDate>
<orgGILvl>25000</orgGILvl>
<vis>表示</vis>
<pos>
<gml:Point gml:id="K2_4734311772_1-g" srsName="fguuid:jgd2011.bl">
<gml:pos>32.703226111 131.514897222</gml:pos>
</gml:Point>
</pos>
<type>標高点（測点）</type>
<alti>1277</alti>
</ElevPt>
<ElevPt gml:id="K2_4734311775_1">
<fid>47343-11775-i-2</fid>
<lfSpanFr gml:id="K2_4734311775_1-1">
<gml:timePosition>2013-12-10</gml:timePosition>
</lfSpanFr>
<devDate gml:id="K2_4734311775_1-2">
<gml:timePosition>2020-09-08</gml:timePosition>
</devDate>
<orgGILvl>25000</orgGILvl>
<vis>表示</vis>
<pos>
<gml:Point gml:id="K2_4734311775_1-g" srsName="fguuid:jgd2011.bl">
<gml:pos>32.710701111 131.509651667</gml:pos>
</gml:Point>
</pos>
<type>標高点（測点）</type>
<alti>863</alti>
</ElevPt>
<ElevPt gml:id="K2_4734311778_1">
<fid>47343-11778-i-2</fid>
<lfSpanFr gml:id="K2_4734311778_1-1">
<gml:timePosition>2013-12-10</gml:timePosition>
</lfSpanFr>
<devDate gml:id="K2_4734311778_1-2">
<gml:timePosition>2020-09-08</gml:timePosition>
</devDate>
<orgGILvl>25000</orgGILvl>
<vis>表示</vis>
<pos>
<gml:Point gml:id="K2_4734311778_1-g" srsName="fguuid:jgd2011.bl">
<gml:pos>32.724990833 131.516415000</gml:pos>
</gml:Point>
</pos>
<type>標高点（測点）</type>
<alti>1127</alti>
</ElevPt>
<ElevPt gml:id="K2_4734311778_2">
<fid>47343-11778-i-3</fid>
<lfSpanFr gml:id="K2_4734311778_2-1">
<gml:timePosition>2013-12-10</gml:timePosition>
</lfSpanFr>
<devDate gml:id="K2_4734311778_2-2">
<gml:timePosition>2020-09-08</gml:timePosition>
</devDate>
<orgGILvl>25000</orgGILvl>
<vis>表示</vis>
<pos>
<gml:Point gml:id="K2_4734311778_2-g" srsName="fguuid:jgd2011.bl">
<gml:pos>32.718752222 131.511622500</gml:pos>
</gml:Point>
</pos>
<type>標高点（測点）</type>
<alti>1018</alti>
</ElevPt>
<ElevPt gml:id="K2_4734311784_1">
<fid>47343-11784-i-11</fid>
<lfSpanFr gml:id="K2_4734311784_1-1">
<gml:timePosition>2013-12-10</gml:timePosition>
</lfSpanFr>
<devDate gml:id="K2_4734311784_1-2">
<gml:timePosition>2020-09-08</gml:timePosition>
</devDate>
<orgGILvl>25000</orgGILvl>
<vis>表示</vis>
<pos>
<gml:Point gml:id="K2_4734311784_1-g" srsName="fguuid:jgd2011.bl">
<gml:pos>32.733959167 131.515402778</gml:pos>
</gml:Point>
</pos>
<type>標高点（測点）</type>
<alti>1574</alti>
</ElevPt>
<ElevPt gml:id="K2_4734311784_2">
<fid>47343-11784-i-27</fid>
<lfSpanFr gml:id="K2_4734311784_2-1">
<gml:timePosition>2014-06-04</gml:timePosition>
</lfSpanFr>
<devDate gml:id="K2_4734311784_2-2">
<gml:timePosition>2020-09-08</gml:timePosition>
</devDate>
<orgGILvl>25000</orgGILvl>
<vis>表示</vis>
<pos>
<gml:Point gml:id="K2_4734311784_2-g" srsName="fguuid:jgd2011.bl">
<gml:pos>32.737763315 131.513375913</gml:pos>
</gml:Point>
</pos>
<type>標高点（測点）</type>
<alti>1644</alti>
</ElevPt>
<ElevPt gml:id="K2_4734311787_1">
<fid>47343-11787-i-10</fid>
<lfSpanFr gml:id="K2_4734311787_1-1">
<gml:timePosition>2013-12-10</gml:timePosition>
</lfSpanFr>
<devDate gml:id="K2_4734311787_1-2">
<gml:timePosition>2020-09-08</gml:timePosition>
</devDate>
<orgGILvl>25000</orgGILvl>
<vis>表示</vis>
<pos>
<gml:Point gml:id="K2_4734311787_1-g" srsName="fguuid:jgd2011.bl">
<gml:pos>32.744109444 131.514224444</gml:pos>
</gml:Point>
</pos>
<type>標高点（測点）</type>
<alti>1571</alti>
</ElevPt>
<ElevPt gml:id="K2_4734611763_1">
<fid>47346-11763-i-5</fid>
<lfSpanFr gml:id="K2_4734611763_1-1">
<gml:timePosition>2015-11-12</gml:timePosition>
</lfSpanFr>
<devDate gml:id="K2_4734611763_1-2">
<gml:timePosition>2020-09-08</gml:timePosition>
</devDate>
<orgGILvl>25000</orgGILvl>
<vis>表示</vis>
<pos>
<gml:Point gml:id="K2_4734611763_1-g" srsName="fguuid:jgd2011.bl">
<gml:pos>32.677701111 131.524669167</gml:pos>
</gml:Point>
</pos>
<type>標高点（測点）</type>
<alti>1063</alti>
</ElevPt>
<ElevPt gml:id="K2_4734611766_1">
<fid>47346-11766-i-4</fid>
<lfSpanFr gml:id="K2_4734611766_1-1">
<gml:timePosition>2013-12-10</gml:timePosition>
</lfSpanFr>
<devDate gml:id="K2_4734611766_1-2">
<gml:timePosition>2020-09-08</gml:timePosition>
</devDate>
<orgGILvl>25000</orgGILvl>
<vis>表示</vis>
<pos>
<gml:Point gml:id="K2_4734611766_1-g" srsName="fguuid:jgd2011.bl">
<gml:pos>32.684366944 131.523073889</gml:pos>
</gml:Point>
</pos>
<type>標高点（測点）</type>
<alti>1214</alti>
</ElevPt>
<ElevPt gml:id="K2_4734611769_1">
<fid>47346-11769-i-4</fid>
<lfSpanFr gml:id="K2_4734611769_1-1">
<gml:timePosition>2013-12-10</gml:timePosition>
</lfSpanFr>
<devDate gml:id="K2_4734611769_1-2">
<gml:timePosition>2020-09-08</gml:timePosition>
</devDate>
<orgGILvl>25000</orgGILvl>
<vis>表示</vis>
<pos>
<gml:Point gml:id="K2_4734611769_1-g" srsName="fguuid:jgd2011.bl">
<gml:pos>32.694905556 131.521853056</gml:pos>
</gml:Point>
</pos>
<type>標高点（測点）</type>
<alti>1291</alti>
</ElevPt>
<ElevPt gml:id="K2_4734611775_1">
<fid>47346-11775-i-1</fid>
<lfSpanFr gml:id="K2_4734611775_1-1">
<gml:timePosition>2013-12-10</gml:timePosition>
</lfSpanFr>
<devDate gml:id="K2_4734611775_1-2">
<gml:timePosition>2020-09-08</gml:timePosition>
</devDate>
<orgGILvl>25000</orgGILvl>
<vis>表示</vis>
<pos>
<gml:Point gml:id="K2_4734611775_1-g" srsName="fguuid:jgd2011.bl">
<gml:pos>32.714150833 131.518437500</gml:pos>
</gml:Point>
</pos>
<type>標高点（測点）</type>
<alti>1002</alti>
</ElevPt>
<ElevPt gml:id="K2_4734611778_1">
<fid>47346-11778-i-8</fid>
<lfSpanFr gml:id="K2_4734611778_1-1">
<gml:timePosition>2013-12-10</gml:timePosition>
</lfSpanFr>
<devDate gml:id="K2_4734611778_1-2">
<gml:timePosition>2020-09-08</gml:timePosition>
</devDate>
<orgGILvl>25000</orgGILvl>
<vis>表示</vis>
<pos>
<gml:Point gml:id="K2_4734611778_1-g" srsName="fguuid:jgd2011.bl">
<gml:pos>32.723925833 131.520850833</gml:pos>
</gml:Point>
</pos>
<type>標高点（測点）</type>
<alti>1103</alti>
</ElevPt>
<ElevPt gml:id="K2_4734611784_1">
<fid>47346-11784-i-2</fid>
<lfSpanFr gml:id="K2_4734611784_1-1">
<gml:timePosition>2013-12-10</gml:timePosition>
</lfSpanFr>
<devDate gml:id="K2_4734611784_1-2">
<gml:timePosition>2020-09-08</gml:timePosition>
</devDate>
<orgGILvl>25000</orgGILvl>
<vis>表示</vis>
<pos>
<gml:Point gml:id="K2_4734611784_1-g" srsName="fguuid:jgd2011.bl">
<gml:pos>32.740765000 131.522263333</gml:pos>
</gml:Point>
</pos>
<type>標高点（測点）</type>
<alti>1330</alti>
</ElevPt>
<ElevPt gml:id="K2_4734611787_1">
<fid>47346-11787-i-7</fid>
<lfSpanFr gml:id="K2_4734611787_1-1">
<gml:timePosition>2013-12-10</gml:timePosition>
</lfSpanFr>
<devDate gml:id="K2_4734611787_1-2">
<gml:timePosition>2020-09-08</gml:timePosition>
</devDate>
<orgGILvl>25000</orgGILvl>
<vis>表示</vis>
<pos>
<gml:Point gml:id="K2_4734611787_1-g" srsName="fguuid:jgd2011.bl">
<gml:pos>32.747357778 131.522010000</gml:pos>
</gml:Point>
</pos>
<type>標高点（測点）</type>
<alti>1391</alti>
</ElevPt>
<ElevPt gml:id="K2_4734911760_1">
<fid>47349-11760-i-9</fid>
<lfSpanFr gml:id="K2_4734911760_1-1">
<gml:timePosition>2015-11-12</gml:timePosition>
</lfSpanFr>
<devDate gml:id="K2_4734911760_1-2">
<gml:timePosition>2020-09-08</gml:timePosition>
</devDate>
<orgGILvl>25000</orgGILvl>
<vis>表示</vis>
<pos>
<gml:Point gml:id="K2_4734911760_1-g" srsName="fguuid:jgd2011.bl">
<gml:pos>32.669514167 131.528457500</gml:pos>
</gml:Point>
</pos>
<type>標高点（測点）</type>
<alti>1026</alti>
</ElevPt>
<ElevPt gml:id="K2_4734911763_1">
<fid>47349-11763-i-5</fid>
<lfSpanFr gml:id="K2_4734911763_1-1">
<gml:timePosition>2015-11-12</gml:timePosition>
</lfSpanFr>
<devDate gml:id="K2_4734911763_1-2">
<gml:timePosition>2020-09-08</gml:timePosition>
</devDate>
<orgGILvl>25000</orgGILvl>
<vis>表示</vis>
<pos>
<gml:Point gml:id="K2_4734911763_1-g" srsName="fguuid:jgd2011.bl">
<gml:pos>32.681616944 131.532501944</gml:pos>
</gml:Point>
</pos>
<type>標高点（測点）</type>
<alti>864</alti>
</ElevPt>
<ElevPt gml:id="K2_4734911766_1">
<fid>47349-11766-i-5</fid>
<lfSpanFr gml:id="K2_4734911766_1-1">
<gml:timePosition>2015-11-12</gml:timePosition>
</lfSpanFr>
<devDate gml:id="K2_4734911766_1-2">
<gml:timePosition>2020-09-08</gml:timePosition>
</devDate>
<orgGILvl>25000</orgGILvl>
<vis>表示</vis>
<pos>
<gml:Point gml:id="K2_4734911766_1-g" srsName="fguuid:jgd2011.bl">
<gml:pos>32.689599444 131.531537500</gml:pos>
</gml:Point>
</pos>
<type>標高点（測点）</type>
<alti>984</alti>
</ElevPt>
<ElevPt gml:id="K2_4734911772_1">
<fid>47349-11772-i-6</fid>
<lfSpanFr gml:id="K2_4734911772_1-1">
<gml:timePosition>2013-12-10</gml:timePosition>
</lfSpanFr>
<devDate gml:id="K2_4734911772_1-2">
<gml:timePosition>2020-09-08</gml:timePosition>
</devDate>
<orgGILvl>25000</orgGILvl>
<vis>表示</vis>
<pos>
<gml:Point gml:id="K2_4734911772_1-g" srsName="fguuid:jgd2011.bl">
<gml:pos>32.705540833 131.532459722</gml:pos>
</gml:Point>
</pos>
<type>標高点（測点）</type>
<alti>1294</alti>
</ElevPt>
<ElevPt gml:id="K2_4734911775_1">
<fid>47349-11775-i-1</fid>
<lfSpanFr gml:id="K2_4734911775_1-1">
<gml:timePosition>2013-12-10</gml:timePosition>
</lfSpanFr>
<devDate gml:id="K2_4734911775_1-2">
<gml:timePosition>2020-09-08</gml:timePosition>
</devDate>
<orgGILvl>25000</orgGILvl>
<vis>表示</vis>
<pos>
<gml:Point gml:id="K2_4734911775_1-g" srsName="fguuid:jgd2011.bl">
<gml:pos>32.716636389 131.526297222</gml:pos>
</gml:Point>
</pos>
<type>標高点（測点）</type>
<alti>1235</alti>
</ElevPt>
<ElevPt gml:id="K2_4734911775_2">
<fid>47349-11775-i-2</fid>
<lfSpanFr gml:id="K2_4734911775_2-1">
<gml:timePosition>2013-12-10</gml:timePosition>
</lfSpanFr>
<devDate gml:id="K2_4734911775_2-2">
<gml:timePosition>2020-09-08</gml:timePosition>
</devDate>
<orgGILvl>25000</orgGILvl>
<vis>表示</vis>
<pos>
<gml:Point gml:id="K2_4734911775_2-g" srsName="fguuid:jgd2011.bl">
<gml:pos>32.708546111 131.527098889</gml:pos>
</gml:Point>
</pos>
<type>標高点（測点）</type>
<alti>1453</alti>
</ElevPt>
<ElevPt gml:id="K2_4734911775_3">
<fid>47349-11775-i-3</fid>
<lfSpanFr gml:id="K2_4734911775_3-1">
<gml:timePosition>2013-12-10</gml:timePosition>
</lfSpanFr>
<devDate gml:id="K2_4734911775_3-2">
<gml:timePosition>2020-09-08</gml:timePosition>
</devDate>
<orgGILvl>25000</orgGILvl>
<vis>表示</vis>
<pos>
<gml:Point gml:id="K2_4734911775_3-g" srsName="fguuid:jgd2011.bl">
<gml:pos>32.712906389 131.529321111</gml:pos>
</gml:Point>
</pos>
<type>標高点（測点）</type>
<alti>1326</alti>
</ElevPt>
<ElevPt gml:id="K2_4734911778_1">
<fid>47349-11778-i-3</fid>
<lfSpanFr gml:id="K2_4734911778_1-1">
<gml:timePosition>2013-12-10</gml:timePosition>
</lfSpanFr>
<devDate gml:id="K2_4734911778_1-2">
<gml:timePosition>2020-09-08</gml:timePosition>
</devDate>
<orgGILvl>25000</orgGILvl>
<vis>表示</vis>
<pos>
<gml:Point gml:id="K2_4734911778_1-g" srsName="fguuid:jgd2011.bl">
<gml:pos>32.721054167 131.530263611</gml:pos>
</gml:Point>
</pos>
<type>標高点（測点）</type>
<alti>895</alti>
</ElevPt>
<ElevPt gml:id="K2_4734911781_1">
<fid>47349-11781-i-1</fid>
<lfSpanFr gml:id="K2_4734911781_1-1">
<gml:timePosition>2013-12-10</gml:timePosition>
</lfSpanFr>
<devDate gml:id="K2_4734911781_1-2">
<gml:timePosition>2020-09-08</gml:timePosition>
</devDate>
<orgGILvl>25000</orgGILvl>
<vis>表示</vis>
<pos>
<gml:Point gml:id="K2_4734911781_1-g" srsName="fguuid:jgd2011.bl">
<gml:pos>32.726220278 131.532950278</gml:pos>
</gml:Point>
</pos>
<type>標高点（測点）</type>
<alti>804</alti>
</ElevPt>
<ElevPt gml:id="K2_4734911787_1">
<fid>47349-11787-i-5</fid>
<lfSpanFr gml:id="K2_4734911787_1-1">
<gml:timePosition>2013-12-10</gml:timePosition>
</lfSpanFr>
<devDate gml:id="K2_4734911787_1-2">
<gml:timePosition>2020-09-08</gml:timePosition>
</devDate>
<orgGILvl>25000</orgGILvl>
<vis>表示</vis>
<pos>
<gml:Point gml:id="K2_4734911787_1-g" srsName="fguuid:jgd2011.bl">
<gml:pos>32.741675833 131.529603056</gml:pos>
</gml:Point>
</pos>
<type>標高点（測点）</type>
<alti>1092</alti>
</ElevPt>
<ElevPt gml:id="K2_4735211763_1">
<fid>47352-11763-i-5</fid>
<lfSpanFr gml:id="K2_4735211763_1-1">
<gml:timePosition>2015-11-12</gml:timePosition>
</lfSpanFr>
<devDate gml:id="K2_4735211763_1-2">
<gml:timePosition>2020-09-08</gml:timePosition>
</devDate>
<orgGILvl>25000</orgGILvl>
<vis>表示</vis>
<pos>
<gml:Point gml:id="K2_4735211763_1-g" srsName="fguuid:jgd2011.bl">
<gml:pos>32.676256389 131.537731111</gml:pos>
</gml:Point>
</pos>
<type>標高点（測点）</type>
<alti>755</alti>
</ElevPt>
<ElevPt gml:id="K2_4735211766_1">
<fid>47352-11766-i-11</fid>
<lfSpanFr gml:id="K2_4735211766_1-1">
<gml:timePosition>2015-11-12</gml:timePosition>
</lfSpanFr>
<devDate gml:id="K2_4735211766_1-2">
<gml:timePosition>2020-09-08</gml:timePosition>
</devDate>
<orgGILvl>25000</orgGILvl>
<vis>表示</vis>
<pos>
<gml:Point gml:id="K2_4735211766_1-g" srsName="fguuid:jgd2011.bl">
<gml:pos>32.685088611 131.539760833</gml:pos>
</gml:Point>
</pos>
<type>標高点（測点）</type>
<alti>714</alti>
</ElevPt>
<ElevPt gml:id="K2_4735211769_1">
<fid>47352-11769-i-2</fid>
<lfSpanFr gml:id="K2_4735211769_1-1">
<gml:timePosition>2013-12-10</gml:timePosition>
</lfSpanFr>
<devDate gml:id="K2_4735211769_1-2">
<gml:timePosition>2020-09-08</gml:timePosition>
</devDate>
<orgGILvl>25000</orgGILvl>
<vis>表示</vis>
<pos>
<gml:Point gml:id="K2_4735211769_1-g" srsName="fguuid:jgd2011.bl">
<gml:pos>32.699873333 131.537603333</gml:pos>
</gml:Point>
</pos>
<type>標高点（測点）</type>
<alti>1134</alti>
</ElevPt>
<ElevPt gml:id="K2_4735211772_1">
<fid>47352-11772-i-3</fid>
<lfSpanFr gml:id="K2_4735211772_1-1">
<gml:timePosition>2013-12-10</gml:timePosition>
</lfSpanFr>
<devDate gml:id="K2_4735211772_1-2">
<gml:timePosition>2020-09-08</gml:timePosition>
</devDate>
<orgGILvl>25000</orgGILvl>
<vis>表示</vis>
<pos>
<gml:Point gml:id="K2_4735211772_1-g" srsName="fguuid:jgd2011.bl">
<gml:pos>32.707148889 131.539491389</gml:pos>
</gml:Point>
</pos>
<type>標高点（測点）</type>
<alti>1222</alti>
</ElevPt>
<ElevPt gml:id="K2_4735211775_1">
<fid>47352-11775-i-2</fid>
<lfSpanFr gml:id="K2_4735211775_1-1">
<gml:timePosition>2013-12-10</gml:timePosition>
</lfSpanFr>
<devDate gml:id="K2_4735211775_1-2">
<gml:timePosition>2020-09-08</gml:timePosition>
</devDate>
<orgGILvl>25000</orgGILvl>
<vis>表示</vis>
<pos>
<gml:Point gml:id="K2_4735211775_1-g" srsName="fguuid:jgd2011.bl">
<gml:pos>32.712022222 131.540224444</gml:pos>
</gml:Point>
</pos>
<type>標高点（測点）</type>
<alti>786</alti>
</ElevPt>
<ElevPt gml:id="K2_4735211778_1">
<fid>47352-11778-i-2</fid>
<lfSpanFr gml:id="K2_4735211778_1-1">
<gml:timePosition>2013-12-10</gml:timePosition>
</lfSpanFr>
<devDate gml:id="K2_4735211778_1-2">
<gml:timePosition>2020-09-08</gml:timePosition>
</devDate>
<orgGILvl>25000</orgGILvl>
<vis>表示</vis>
<pos>
<gml:Point gml:id="K2_4735211778_1-g" srsName="fguuid:jgd2011.bl">
<gml:pos>32.719017500 131.537299167</gml:pos>
</gml:Point>
</pos>
<type>標高点（測点）</type>
<alti>768</alti>
</ElevPt>
<ElevPt gml:id="K2_4735211781_1">
<fid>47352-11781-i-7</fid>
<lfSpanFr gml:id="K2_4735211781_1-1">
<gml:timePosition>2013-12-10</gml:timePosition>
</lfSpanFr>
<devDate gml:id="K2_4735211781_1-2">
<gml:timePosition>2020-09-08</gml:timePosition>
</devDate>
<orgGILvl>25000</orgGILvl>
<vis>表示</vis>
<pos>
<gml:Point gml:id="K2_4735211781_1-g" srsName="fguuid:jgd2011.bl">
<gml:pos>32.730814444 131.535198056</gml:pos>
</gml:Point>
</pos>
<type>標高点（測点）</type>
<alti>921</alti>
</ElevPt>
<ElevPt gml:id="K2_4735211784_1">
<fid>47352-11784-i-3</fid>
<lfSpanFr gml:id="K2_4735211784_1-1">
<gml:timePosition>2013-12-10</gml:timePosition>
</lfSpanFr>
<devDate gml:id="K2_4735211784_1-2">
<gml:timePosition>2020-09-08</gml:timePosition>
</devDate>
<orgGILvl>25000</orgGILvl>
<vis>表示</vis>
<pos>
<gml:Point gml:id="K2_4735211784_1-g" srsName="fguuid:jgd2011.bl">
<gml:pos>32.737382778 131.533600556</gml:pos>
</gml:Point>
</pos>
<type>標高点（測点）</type>
<alti>841</alti>
</ElevPt>
<ElevPt gml:id="K2_4735211787_1">
<fid>47352-11787-i-4</fid>
<lfSpanFr gml:id="K2_4735211787_1-1">
<gml:timePosition>2013-12-10</gml:timePosition>
</lfSpanFr>
<devDate gml:id="K2_4735211787_1-2">
<gml:timePosition>2020-09-08</gml:timePosition>
</devDate>
<orgGILvl>25000</orgGILvl>
<vis>表示</vis>
<pos>
<gml:Point gml:id="K2_4735211787_1-g" srsName="fguuid:jgd2011.bl">
<gml:pos>32.748782222 131.534087222</gml:pos>
</gml:Point>
</pos>
<type>標高点（測点）</type>
<alti>755</alti>
</ElevPt>
<ElevPt gml:id="K2_4735211787_2">
<fid>47352-11787-i-5</fid>
<lfSpanFr gml:id="K2_4735211787_2-1">
<gml:timePosition>2013-12-10</gml:timePosition>
</lfSpanFr>
<devDate gml:id="K2_4735211787_2-2">
<gml:timePosition>2020-09-08</gml:timePosition>
</devDate>
<orgGILvl>25000</orgGILvl>
<vis>表示</vis>
<pos>
<gml:Point gml:id="K2_4735211787_2-g" srsName="fguuid:jgd2011.bl">
<gml:pos>32.743290833 131.538117222</gml:pos>
</gml:Point>
</pos>
<type>標高点（測点）</type>
<alti>821</alti>
</ElevPt>
<ElevPt gml:id="K2_4735211787_3">
<fid>47352-11787-i-6</fid>
<lfSpanFr gml:id="K2_4735211787_3-1">
<gml:timePosition>2013-12-10</gml:timePosition>
</lfSpanFr>
<devDate gml:id="K2_4735211787_3-2">
<gml:timePosition>2020-09-08</gml:timePosition>
</devDate>
<orgGILvl>25000</orgGILvl>
<vis>表示</vis>
<pos>
<gml:Point gml:id="K2_4735211787_3-g" srsName="fguuid:jgd2011.bl">
<gml:pos>32.746247778 131.533977500</gml:pos>
</gml:Point>
</pos>
<type>標高点（測点）</type>
<alti>864</alti>
</ElevPt>
<ElevPt gml:id="K2_4735511763_1">
<fid>47355-11763-i-5</fid>
<lfSpanFr gml:id="K2_4735511763_1-1">
<gml:timePosition>2013-12-10</gml:timePosition>
</lfSpanFr>
<devDate gml:id="K2_4735511763_1-2">
<gml:timePosition>2020-09-08</gml:timePosition>
</devDate>
<orgGILvl>25000</orgGILvl>
<vis>表示</vis>
<pos>
<gml:Point gml:id="K2_4735511763_1-g" srsName="fguuid:jgd2011.bl">
<gml:pos>32.682158889 131.549556667</gml:pos>
</gml:Point>
</pos>
<type>標高点（測点）</type>
<alti>794</alti>
</ElevPt>
<ElevPt gml:id="K2_4735511769_1">
<fid>47355-11769-i-3</fid>
<lfSpanFr gml:id="K2_4735511769_1-1">
<gml:timePosition>2013-12-10</gml:timePosition>
</lfSpanFr>
<devDate gml:id="K2_4735511769_1-2">
<gml:timePosition>2020-09-08</gml:timePosition>
</devDate>
<orgGILvl>25000</orgGILvl>
<vis>表示</vis>
<pos>
<gml:Point gml:id="K2_4735511769_1-g" srsName="fguuid:jgd2011.bl">
<gml:pos>32.694921389 131.542692222</gml:pos>
</gml:Point>
</pos>
<type>標高点（測点）</type>
<alti>908</alti>
</ElevPt>
<ElevPt gml:id="K2_4735511772_1">
<fid>47355-11772-i-5</fid>
<lfSpanFr gml:id="K2_4735511772_1-1">
<gml:timePosition>2013-12-10</gml:timePosition>
</lfSpanFr>
<devDate gml:id="K2_4735511772_1-2">
<gml:timePosition>2020-09-08</gml:timePosition>
</devDate>
<orgGILvl>25000</orgGILvl>
<vis>表示</vis>
<pos>
<gml:Point gml:id="K2_4735511772_1-g" srsName="fguuid:jgd2011.bl">
<gml:pos>32.700381944 131.547295556</gml:pos>
</gml:Point>
</pos>
<type>標高点（測点）</type>
<alti>1128</alti>
</ElevPt>
<ElevPt gml:id="K2_4735511775_1">
<fid>47355-11775-i-7</fid>
<lfSpanFr gml:id="K2_4735511775_1-1">
<gml:timePosition>2013-12-10</gml:timePosition>
</lfSpanFr>
<devDate gml:id="K2_4735511775_1-2">
<gml:timePosition>2020-09-08</gml:timePosition>
</devDate>
<orgGILvl>25000</orgGILvl>
<vis>表示</vis>
<pos>
<gml:Point gml:id="K2_4735511775_1-g" srsName="fguuid:jgd2011.bl">
<gml:pos>32.708372222 131.546585000</gml:pos>
</gml:Point>
</pos>
<type>標高点（測点）</type>
<alti>1099</alti>
</ElevPt>
<ElevPt gml:id="K2_4735511778_1">
<fid>47355-11778-i-6</fid>
<lfSpanFr gml:id="K2_4735511778_1-1">
<gml:timePosition>2013-12-10</gml:timePosition>
</lfSpanFr>
<devDate gml:id="K2_4735511778_1-2">
<gml:timePosition>2020-09-08</gml:timePosition>
</devDate>
<orgGILvl>25000</orgGILvl>
<vis>表示</vis>
<pos>
<gml:Point gml:id="K2_4735511778_1-g" srsName="fguuid:jgd2011.bl">
<gml:pos>32.720873056 131.548241111</gml:pos>
</gml:Point>
</pos>
<type>標高点（測点）</type>
<alti>586</alti>
</ElevPt>
<ElevPt gml:id="K2_4735511781_1">
<fid>47355-11781-i-5</fid>
<lfSpanFr gml:id="K2_4735511781_1-1">
<gml:timePosition>2013-12-10</gml:timePosition>
</lfSpanFr>
<devDate gml:id="K2_4735511781_1-2">
<gml:timePosition>2020-09-08</gml:timePosition>
</devDate>
<orgGILvl>25000</orgGILvl>
<vis>表示</vis>
<pos>
<gml:Point gml:id="K2_4735511781_1-g" srsName="fguuid:jgd2011.bl">
<gml:pos>32.725756667 131.543416111</gml:pos>
</gml:Point>
</pos>
<type>標高点（測点）</type>
<alti>664</alti>
</ElevPt>
<ElevPt gml:id="K2_4735511784_1">
<fid>47355-11784-i-1</fid>
<lfSpanFr gml:id="K2_4735511784_1-1">
<gml:timePosition>2013-12-10</gml:timePosition>
</lfSpanFr>
<devDate gml:id="K2_4735511784_1-2">
<gml:timePosition>2020-09-08</gml:timePosition>
</devDate>
<orgGILvl>25000</orgGILvl>
<vis>表示</vis>
<pos>
<gml:Point gml:id="K2_4735511784_1-g" srsName="fguuid:jgd2011.bl">
<gml:pos>32.736504167 131.544783611</gml:pos>
</gml:Point>
</pos>
<type>標高点（測点）</type>
<alti>743</alti>
</ElevPt>
<ElevPt gml:id="K2_4735511787_1">
<fid>47355-11787-i-2</fid>
<lfSpanFr gml:id="K2_4735511787_1-1">
<gml:timePosition>2013-12-10</gml:timePosition>
</lfSpanFr>
<devDate gml:id="K2_4735511787_1-2">
<gml:timePosition>2020-09-08</gml:timePosition>
</devDate>
<orgGILvl>25000</orgGILvl>
<vis>表示</vis>
<pos>
<gml:Point gml:id="K2_4735511787_1-g" srsName="fguuid:jgd2011.bl">
<gml:pos>32.747895278 131.544952222</gml:pos>
</gml:Point>
</pos>
<type>標高点（測点）</type>
<alti>1097</alti>
</ElevPt>
<ElevPt gml:id="K2_4735811760_1">
<fid>47358-11760-i-7</fid>
<lfSpanFr gml:id="K2_4735811760_1-1">
<gml:timePosition>2015-11-12</gml:timePosition>
</lfSpanFr>
<devDate gml:id="K2_4735811760_1-2">
<gml:timePosition>2020-09-08</gml:timePosition>
</devDate>
<orgGILvl>25000</orgGILvl>
<vis>表示</vis>
<pos>
<gml:Point gml:id="K2_4735811760_1-g" srsName="fguuid:jgd2011.bl">
<gml:pos>32.670215556 131.555243056</gml:pos>
</gml:Point>
</pos>
<type>標高点（測点）</type>
<alti>862</alti>
</ElevPt>
<ElevPt gml:id="K2_4735811763_1">
<fid>47358-11763-i-7</fid>
<lfSpanFr gml:id="K2_4735811763_1-1">
<gml:timePosition>2013-12-10</gml:timePosition>
</lfSpanFr>
<devDate gml:id="K2_4735811763_1-2">
<gml:timePosition>2020-09-08</gml:timePosition>
</devDate>
<orgGILvl>25000</orgGILvl>
<vis>表示</vis>
<pos>
<gml:Point gml:id="K2_4735811763_1-g" srsName="fguuid:jgd2011.bl">
<gml:pos>32.680087500 131.557148056</gml:pos>
</gml:Point>
</pos>
<type>標高点（測点）</type>
<alti>644</alti>
</ElevPt>
<ElevPt gml:id="K2_4735811766_1">
<fid>47358-11766-i-5</fid>
<lfSpanFr gml:id="K2_4735811766_1-1">
<gml:timePosition>2015-11-12</gml:timePosition>
</lfSpanFr>
<devDate gml:id="K2_4735811766_1-2">
<gml:timePosition>2020-09-08</gml:timePosition>
</devDate>
<orgGILvl>25000</orgGILvl>
<vis>表示</vis>
<pos>
<gml:Point gml:id="K2_4735811766_1-g" srsName="fguuid:jgd2011.bl">
<gml:pos>32.686625000 131.553694444</gml:pos>
</gml:Point>
</pos>
<type>標高点（測点）</type>
<alti>974</alti>
</ElevPt>
<ElevPt gml:id="K2_4735811769_1">
<fid>47358-11769-i-9</fid>
<lfSpanFr gml:id="K2_4735811769_1-1">
<gml:timePosition>2015-11-12</gml:timePosition>
</lfSpanFr>
<devDate gml:id="K2_4735811769_1-2">
<gml:timePosition>2020-09-08</gml:timePosition>
</devDate>
<orgGILvl>25000</orgGILvl>
<vis>表示</vis>
<pos>
<gml:Point gml:id="K2_4735811769_1-g" srsName="fguuid:jgd2011.bl">
<gml:pos>32.698873333 131.552380833</gml:pos>
</gml:Point>
</pos>
<type>標高点（測点）</type>
<alti>1229</alti>
</ElevPt>
<ElevPt gml:id="K2_4735811772_1">
<fid>47358-11772-i-39</fid>
<lfSpanFr gml:id="K2_4735811772_1-1">
<gml:timePosition>2013-12-10</gml:timePosition>
</lfSpanFr>
<devDate gml:id="K2_4735811772_1-2">
<gml:timePosition>2020-09-08</gml:timePosition>
</devDate>
<orgGILvl>25000</orgGILvl>
<vis>表示</vis>
<pos>
<gml:Point gml:id="K2_4735811772_1-g" srsName="fguuid:jgd2011.bl">
<gml:pos>32.707752500 131.553697222</gml:pos>
</gml:Point>
</pos>
<type>標高点（測点）</type>
<alti>696</alti>
</ElevPt>
<ElevPt gml:id="K2_4735811775_1">
<fid>47358-11775-i-3</fid>
<lfSpanFr gml:id="K2_4735811775_1-1">
<gml:timePosition>2013-12-10</gml:timePosition>
</lfSpanFr>
<devDate gml:id="K2_4735811775_1-2">
<gml:timePosition>2020-09-08</gml:timePosition>
</devDate>
<orgGILvl>25000</orgGILvl>
<vis>表示</vis>
<pos>
<gml:Point gml:id="K2_4735811775_1-g" srsName="fguuid:jgd2011.bl">
<gml:pos>32.714375278 131.552296667</gml:pos>
</gml:Point>
</pos>
<type>標高点（測点）</type>
<alti>776</alti>
</ElevPt>
<ElevPt gml:id="K2_4735811781_1">
<fid>47358-11781-i-4</fid>
<lfSpanFr gml:id="K2_4735811781_1-1">
<gml:timePosition>2013-12-10</gml:timePosition>
</lfSpanFr>
<devDate gml:id="K2_4735811781_1-2">
<gml:timePosition>2020-09-08</gml:timePosition>
</devDate>
<orgGILvl>25000</orgGILvl>
<vis>表示</vis>
<pos>
<gml:Point gml:id="K2_4735811781_1-g" srsName="fguuid:jgd2011.bl">
<gml:pos>32.730503611 131.552479722</gml:pos>
</gml:Point>
</pos>
<type>標高点（測点）</type>
<alti>486</alti>
</ElevPt>
<ElevPt gml:id="K2_4735811781_2">
<fid>47358-11781-i-5</fid>
<lfSpanFr gml:id="K2_4735811781_2-1">
<gml:timePosition>2013-12-10</gml:timePosition>
</lfSpanFr>
<devDate gml:id="K2_4735811781_2-2">
<gml:timePosition>2020-09-08</gml:timePosition>
</devDate>
<orgGILvl>25000</orgGILvl>
<vis>表示</vis>
<pos>
<gml:Point gml:id="K2_4735811781_2-g" srsName="fguuid:jgd2011.bl">
<gml:pos>32.725346944 131.553846667</gml:pos>
</gml:Point>
</pos>
<type>標高点（測点）</type>
<alti>527</alti>
</ElevPt>
<ElevPt gml:id="K2_4735811784_1">
<fid>47358-11784-i-3</fid>
<lfSpanFr gml:id="K2_4735811784_1-1">
<gml:timePosition>2013-12-10</gml:timePosition>
</lfSpanFr>
<devDate gml:id="K2_4735811784_1-2">
<gml:timePosition>2020-09-08</gml:timePosition>
</devDate>
<orgGILvl>25000</orgGILvl>
<vis>表示</vis>
<pos>
<gml:Point gml:id="K2_4735811784_1-g" srsName="fguuid:jgd2011.bl">
<gml:pos>32.739830000 131.551382500</gml:pos>
</gml:Point>
</pos>
<type>標高点（測点）</type>
<alti>569</alti>
</ElevPt>
<ElevPt gml:id="K2_4735811787_1">
<fid>47358-11787-i-9</fid>
<lfSpanFr gml:id="K2_4735811787_1-1">
<gml:timePosition>2013-12-10</gml:timePosition>
</lfSpanFr>
<devDate gml:id="K2_4735811787_1-2">
<gml:timePosition>2020-09-08</gml:timePosition>
</devDate>
<orgGILvl>25000</orgGILvl>
<vis>表示</vis>
<pos>
<gml:Point gml:id="K2_4735811787_1-g" srsName="fguuid:jgd2011.bl">
<gml:pos>32.749034444 131.555330000</gml:pos>
</gml:Point>
</pos>
<type>標高点（測点）</type>
<alti>956</alti>
</ElevPt>
<ElevPt gml:id="K2_4736111760_1">
<fid>47361-11760-i-15</fid>
<lfSpanFr gml:id="K2_4736111760_1-1">
<gml:timePosition>2015-11-12</gml:timePosition>
</lfSpanFr>
<devDate gml:id="K2_4736111760_1-2">
<gml:timePosition>2020-09-08</gml:timePosition>
</devDate>
<orgGILvl>25000</orgGILvl>
<vis>表示</vis>
<pos>
<gml:Point gml:id="K2_4736111760_1-g" srsName="fguuid:jgd2011.bl">
<gml:pos>32.666748333 131.560105000</gml:pos>
</gml:Point>
</pos>
<type>標高点（測点）</type>
<alti>571</alti>
</ElevPt>
<ElevPt gml:id="K2_4736111766_1">
<fid>47361-11766-i-9</fid>
<lfSpanFr gml:id="K2_4736111766_1-1">
<gml:timePosition>2015-11-12</gml:timePosition>
</lfSpanFr>
<devDate gml:id="K2_4736111766_1-2">
<gml:timePosition>2020-09-08</gml:timePosition>
</devDate>
<orgGILvl>25000</orgGILvl>
<vis>表示</vis>
<pos>
<gml:Point gml:id="K2_4736111766_1-g" srsName="fguuid:jgd2011.bl">
<gml:pos>32.687532222 131.564048056</gml:pos>
</gml:Point>
</pos>
<type>標高点（測点）</type>
<alti>1123</alti>
</ElevPt>
<ElevPt gml:id="K2_4736111772_1">
<fid>47361-11772-i-7</fid>
<lfSpanFr gml:id="K2_4736111772_1-1">
<gml:timePosition>2013-12-10</gml:timePosition>
</lfSpanFr>
<devDate gml:id="K2_4736111772_1-2">
<gml:timePosition>2020-09-08</gml:timePosition>
</devDate>
<orgGILvl>25000</orgGILvl>
<vis>表示</vis>
<pos>
<gml:Point gml:id="K2_4736111772_1-g" srsName="fguuid:jgd2011.bl">
<gml:pos>32.703685000 131.562070278</gml:pos>
</gml:Point>
</pos>
<type>標高点（測点）</type>
<alti>749</alti>
</ElevPt>
<ElevPt gml:id="K2_4736111775_1">
<fid>47361-11775-i-8</fid>
<lfSpanFr gml:id="K2_4736111775_1-1">
<gml:timePosition>2013-12-10</gml:timePosition>
</lfSpanFr>
<devDate gml:id="K2_4736111775_1-2">
<gml:timePosition>2020-09-08</gml:timePosition>
</devDate>
<orgGILvl>25000</orgGILvl>
<vis>表示</vis>
<pos>
<gml:Point gml:id="K2_4736111775_1-g" srsName="fguuid:jgd2011.bl">
<gml:pos>32.710373889 131.564194444</gml:pos>
</gml:Point>
</pos>
<type>標高点（測点）</type>
<alti>674</alti>
</ElevPt>
<ElevPt gml:id="K2_4736111778_1">
<fid>47361-11778-i-1</fid>
<lfSpanFr gml:id="K2_4736111778_1-1">
<gml:timePosition>2013-12-10</gml:timePosition>
</lfSpanFr>
<devDate gml:id="K2_4736111778_1-2">
<gml:timePosition>2020-09-08</gml:timePosition>
</devDate>
<orgGILvl>25000</orgGILvl>
<vis>表示</vis>
<pos>
<gml:Point gml:id="K2_4736111778_1-g" srsName="fguuid:jgd2011.bl">
<gml:pos>32.716851667 131.562952500</gml:pos>
</gml:Point>
</pos>
<type>標高点（測点）</type>
<alti>652</alti>
</ElevPt>
<ElevPt gml:id="K2_4736111778_2">
<fid>47361-11778-i-2</fid>
<lfSpanFr gml:id="K2_4736111778_2-1">
<gml:timePosition>2013-12-10</gml:timePosition>
</lfSpanFr>
<devDate gml:id="K2_4736111778_2-2">
<gml:timePosition>2020-09-08</gml:timePosition>
</devDate>
<orgGILvl>25000</orgGILvl>
<vis>表示</vis>
<pos>
<gml:Point gml:id="K2_4736111778_2-g" srsName="fguuid:jgd2011.bl">
<gml:pos>32.720256944 131.563378056</gml:pos>
</gml:Point>
</pos>
<type>標高点（測点）</type>
<alti>542</alti>
</ElevPt>
<ElevPt gml:id="K2_4736111781_1">
<fid>47361-11781-i-9</fid>
<lfSpanFr gml:id="K2_4736111781_1-1">
<gml:timePosition>2013-12-10</gml:timePosition>
</lfSpanFr>
<devDate gml:id="K2_4736111781_1-2">
<gml:timePosition>2020-09-08</gml:timePosition>
</devDate>
<orgGILvl>25000</orgGILvl>
<vis>表示</vis>
<pos>
<gml:Point gml:id="K2_4736111781_1-g" srsName="fguuid:jgd2011.bl">
<gml:pos>32.726997222 131.563357222</gml:pos>
</gml:Point>
</pos>
<type>標高点（測点）</type>
<alti>402</alti>
</ElevPt>
<ElevPt gml:id="K2_4736111784_1">
<fid>47361-11784-i-2</fid>
<lfSpanFr gml:id="K2_4736111784_1-1">
<gml:timePosition>2013-12-10</gml:timePosition>
</lfSpanFr>
<devDate gml:id="K2_4736111784_1-2">
<gml:timePosition>2020-09-08</gml:timePosition>
</devDate>
<orgGILvl>25000</orgGILvl>
<vis>表示</vis>
<pos>
<gml:Point gml:id="K2_4736111784_1-g" srsName="fguuid:jgd2011.bl">
<gml:pos>32.736197222 131.559781667</gml:pos>
</gml:Point>
</pos>
<type>標高点（測点）</type>
<alti>624</alti>
</ElevPt>
<ElevPt gml:id="K2_4736111787_1">
<fid>47361-11787-i-4</fid>
<lfSpanFr gml:id="K2_4736111787_1-1">
<gml:timePosition>2013-12-10</gml:timePosition>
</lfSpanFr>
<devDate gml:id="K2_4736111787_1-2">
<gml:timePosition>2020-09-08</gml:timePosition>
</devDate>
<orgGILvl>25000</orgGILvl>
<vis>表示</vis>
<pos>
<gml:Point gml:id="K2_4736111787_1-g" srsName="fguuid:jgd2011.bl">
<gml:pos>32.746821111 131.562624444</gml:pos>
</gml:Point>
</pos>
<type>標高点（測点）</type>
<alti>1151</alti>
</ElevPt>
<ElevPt gml:id="K2_4736411763_1">
<fid>47364-11763-i-21</fid>
<lfSpanFr gml:id="K2_4736411763_1-1">
<gml:timePosition>2015-11-12</gml:timePosition>
</lfSpanFr>
<devDate gml:id="K2_4736411763_1-2">
<gml:timePosition>2020-09-08</gml:timePosition>
</devDate>
<orgGILvl>25000</orgGILvl>
<vis>表示</vis>
<pos>
<gml:Point gml:id="K2_4736411763_1-g" srsName="fguuid:jgd2011.bl">
<gml:pos>32.680586111 131.573183611</gml:pos>
</gml:Point>
</pos>
<type>標高点（測点）</type>
<alti>594</alti>
</ElevPt>
<ElevPt gml:id="K2_4736411766_1">
<fid>47364-11766-i-17</fid>
<lfSpanFr gml:id="K2_4736411766_1-1">
<gml:timePosition>2015-11-12</gml:timePosition>
</lfSpanFr>
<devDate gml:id="K2_4736411766_1-2">
<gml:timePosition>2020-09-08</gml:timePosition>
</devDate>
<orgGILvl>25000</orgGILvl>
<vis>表示</vis>
<pos>
<gml:Point gml:id="K2_4736411766_1-g" srsName="fguuid:jgd2011.bl">
<gml:pos>32.688899722 131.571684167</gml:pos>
</gml:Point>
</pos>
<type>標高点（測点）</type>
<alti>941</alti>
</ElevPt>
<ElevPt gml:id="K2_4736411769_1">
<fid>47364-11769-i-9</fid>
<lfSpanFr gml:id="K2_4736411769_1-1">
<gml:timePosition>2015-11-12</gml:timePosition>
</lfSpanFr>
<devDate gml:id="K2_4736411769_1-2">
<gml:timePosition>2020-09-08</gml:timePosition>
</devDate>
<orgGILvl>25000</orgGILvl>
<vis>表示</vis>
<pos>
<gml:Point gml:id="K2_4736411769_1-g" srsName="fguuid:jgd2011.bl">
<gml:pos>32.697943333 131.567576389</gml:pos>
</gml:Point>
</pos>
<type>標高点（測点）</type>
<alti>1074</alti>
</ElevPt>
<ElevPt gml:id="K2_4736411775_1">
<fid>47364-11775-i-4</fid>
<lfSpanFr gml:id="K2_4736411775_1-1">
<gml:timePosition>2013-12-10</gml:timePosition>
</lfSpanFr>
<devDate gml:id="K2_4736411775_1-2">
<gml:timePosition>2020-09-08</gml:timePosition>
</devDate>
<orgGILvl>25000</orgGILvl>
<vis>表示</vis>
<pos>
<gml:Point gml:id="K2_4736411775_1-g" srsName="fguuid:jgd2011.bl">
<gml:pos>32.715388333 131.571770556</gml:pos>
</gml:Point>
</pos>
<type>標高点（測点）</type>
<alti>472</alti>
</ElevPt>
<ElevPt gml:id="K2_4736411778_1">
<fid>47364-11778-i-5</fid>
<lfSpanFr gml:id="K2_4736411778_1-1">
<gml:timePosition>2013-12-10</gml:timePosition>
</lfSpanFr>
<devDate gml:id="K2_4736411778_1-2">
<gml:timePosition>2020-09-08</gml:timePosition>
</devDate>
<orgGILvl>25000</orgGILvl>
<vis>表示</vis>
<pos>
<gml:Point gml:id="K2_4736411778_1-g" srsName="fguuid:jgd2011.bl">
<gml:pos>32.722624444 131.571854722</gml:pos>
</gml:Point>
</pos>
<type>標高点（測点）</type>
<alti>392</alti>
</ElevPt>
<ElevPt gml:id="K2_4736411781_1">
<fid>47364-11781-i-5</fid>
<lfSpanFr gml:id="K2_4736411781_1-1">
<gml:timePosition>2013-12-10</gml:timePosition>
</lfSpanFr>
<devDate gml:id="K2_4736411781_1-2">
<gml:timePosition>2020-09-08</gml:timePosition>
</devDate>
<orgGILvl>25000</orgGILvl>
<vis>表示</vis>
<pos>
<gml:Point gml:id="K2_4736411781_1-g" srsName="fguuid:jgd2011.bl">
<gml:pos>32.730743611 131.573216944</gml:pos>
</gml:Point>
</pos>
<type>標高点（測点）</type>
<alti>647</alti>
</ElevPt>
<ElevPt gml:id="K2_4736411784_1">
<fid>47364-11784-i-5</fid>
<lfSpanFr gml:id="K2_4736411784_1-1">
<gml:timePosition>2013-12-10</gml:timePosition>
</lfSpanFr>
<devDate gml:id="K2_4736411784_1-2">
<gml:timePosition>2020-09-08</gml:timePosition>
</devDate>
<orgGILvl>25000</orgGILvl>
<vis>表示</vis>
<pos>
<gml:Point gml:id="K2_4736411784_1-g" srsName="fguuid:jgd2011.bl">
<gml:pos>32.739270000 131.569216944</gml:pos>
</gml:Point>
</pos>
<type>標高点（測点）</type>
<alti>888</alti>
</ElevPt>
<ElevPt gml:id="K2_4736711760_1">
<fid>47367-11760-i-15</fid>
<lfSpanFr gml:id="K2_4736711760_1-1">
<gml:timePosition>2015-11-12</gml:timePosition>
</lfSpanFr>
<devDate gml:id="K2_4736711760_1-2">
<gml:timePosition>2020-09-08</gml:timePosition>
</devDate>
<orgGILvl>25000</orgGILvl>
<vis>表示</vis>
<pos>
<gml:Point gml:id="K2_4736711760_1-g" srsName="fguuid:jgd2011.bl">
<gml:pos>32.667321389 131.581245833</gml:pos>
</gml:Point>
</pos>
<type>標高点（測点）</type>
<alti>716</alti>
</ElevPt>
<ElevPt gml:id="K2_4736711760_2">
<fid>47367-11760-i-16</fid>
<lfSpanFr gml:id="K2_4736711760_2-1">
<gml:timePosition>2015-11-12</gml:timePosition>
</lfSpanFr>
<devDate gml:id="K2_4736711760_2-2">
<gml:timePosition>2020-09-08</gml:timePosition>
</devDate>
<orgGILvl>25000</orgGILvl>
<vis>表示</vis>
<pos>
<gml:Point gml:id="K2_4736711760_2-g" srsName="fguuid:jgd2011.bl">
<gml:pos>32.673786944 131.576007500</gml:pos>
</gml:Point>
</pos>
<type>標高点（測点）</type>
<alti>832</alti>
</ElevPt>
<ElevPt gml:id="K2_4736711766_1">
<fid>47367-11766-i-21</fid>
<lfSpanFr gml:id="K2_4736711766_1-1">
<gml:timePosition>2015-11-12</gml:timePosition>
</lfSpanFr>
<devDate gml:id="K2_4736711766_1-2">
<gml:timePosition>2020-09-08</gml:timePosition>
</devDate>
<orgGILvl>25000</orgGILvl>
<vis>表示</vis>
<pos>
<gml:Point gml:id="K2_4736711766_1-g" srsName="fguuid:jgd2011.bl">
<gml:pos>32.684884444 131.580083889</gml:pos>
</gml:Point>
</pos>
<type>標高点（測点）</type>
<alti>659</alti>
</ElevPt>
<ElevPt gml:id="K2_4736711769_1">
<fid>47367-11769-i-27</fid>
<lfSpanFr gml:id="K2_4736711769_1-1">
<gml:timePosition>2015-11-12</gml:timePosition>
</lfSpanFr>
<devDate gml:id="K2_4736711769_1-2">
<gml:timePosition>2020-09-08</gml:timePosition>
</devDate>
<orgGILvl>25000</orgGILvl>
<vis>表示</vis>
<pos>
<gml:Point gml:id="K2_4736711769_1-g" srsName="fguuid:jgd2011.bl">
<gml:pos>32.692671389 131.578204167</gml:pos>
</gml:Point>
</pos>
<type>標高点（測点）</type>
<alti>653</alti>
</ElevPt>
<ElevPt gml:id="K2_4736711769_2">
<fid>47367-11769-i-28</fid>
<lfSpanFr gml:id="K2_4736711769_2-1">
<gml:timePosition>2015-11-12</gml:timePosition>
</lfSpanFr>
<devDate gml:id="K2_4736711769_2-2">
<gml:timePosition>2020-09-08</gml:timePosition>
</devDate>
<orgGILvl>25000</orgGILvl>
<vis>表示</vis>
<pos>
<gml:Point gml:id="K2_4736711769_2-g" srsName="fguuid:jgd2011.bl">
<gml:pos>32.697973889 131.583261389</gml:pos>
</gml:Point>
</pos>
<type>標高点（測点）</type>
<alti>894</alti>
</ElevPt>
<ElevPt gml:id="K2_4736711772_1">
<fid>47367-11772-i-29</fid>
<lfSpanFr gml:id="K2_4736711772_1-1">
<gml:timePosition>2015-11-12</gml:timePosition>
</lfSpanFr>
<devDate gml:id="K2_4736711772_1-2">
<gml:timePosition>2020-09-08</gml:timePosition>
</devDate>
<orgGILvl>25000</orgGILvl>
<vis>表示</vis>
<pos>
<gml:Point gml:id="K2_4736711772_1-g" srsName="fguuid:jgd2011.bl">
<gml:pos>32.704568333 131.577505000</gml:pos>
</gml:Point>
</pos>
<type>標高点（測点）</type>
<alti>926</alti>
</ElevPt>
<ElevPt gml:id="K2_4736711775_1">
<fid>47367-11775-i-4</fid>
<lfSpanFr gml:id="K2_4736711775_1-1">
<gml:timePosition>2013-12-10</gml:timePosition>
</lfSpanFr>
<devDate gml:id="K2_4736711775_1-2">
<gml:timePosition>2020-09-08</gml:timePosition>
</devDate>
<orgGILvl>25000</orgGILvl>
<vis>表示</vis>
<pos>
<gml:Point gml:id="K2_4736711775_1-g" srsName="fguuid:jgd2011.bl">
<gml:pos>32.713732222 131.579290278</gml:pos>
</gml:Point>
</pos>
<type>標高点（測点）</type>
<alti>445</alti>
</ElevPt>
<ElevPt gml:id="K2_4736711781_1">
<fid>47367-11781-i-6</fid>
<lfSpanFr gml:id="K2_4736711781_1-1">
<gml:timePosition>2013-12-10</gml:timePosition>
</lfSpanFr>
<devDate gml:id="K2_4736711781_1-2">
<gml:timePosition>2020-09-08</gml:timePosition>
</devDate>
<orgGILvl>25000</orgGILvl>
<vis>表示</vis>
<pos>
<gml:Point gml:id="K2_4736711781_1-g" srsName="fguuid:jgd2011.bl">
<gml:pos>32.725652778 131.578288056</gml:pos>
</gml:Point>
</pos>
<type>標高点（測点）</type>
<alti>492</alti>
</ElevPt>
<ElevPt gml:id="K2_4736711784_1">
<fid>47367-11784-i-2</fid>
<lfSpanFr gml:id="K2_4736711784_1-1">
<gml:timePosition>2013-12-10</gml:timePosition>
</lfSpanFr>
<devDate gml:id="K2_4736711784_1-2">
<gml:timePosition>2020-09-08</gml:timePosition>
</devDate>
<orgGILvl>25000</orgGILvl>
<vis>表示</vis>
<pos>
<gml:Point gml:id="K2_4736711784_1-g" srsName="fguuid:jgd2011.bl">
<gml:pos>32.739345833 131.579559167</gml:pos>
</gml:Point>
</pos>
<type>標高点（測点）</type>
<alti>816</alti>
</ElevPt>
<ElevPt gml:id="K2_4736711787_1">
<fid>47367-11787-i-9</fid>
<lfSpanFr gml:id="K2_4736711787_1-1">
<gml:timePosition>2013-12-10</gml:timePosition>
</lfSpanFr>
<devDate gml:id="K2_4736711787_1-2">
<gml:timePosition>2020-09-08</gml:timePosition>
</devDate>
<orgGILvl>25000</orgGILvl>
<vis>表示</vis>
<pos>
<gml:Point gml:id="K2_4736711787_1-g" srsName="fguuid:jgd2011.bl">
<gml:pos>32.747441944 131.581196111</gml:pos>
</gml:Point>
</pos>
<type>標高点（測点）</type>
<alti>938</alti>
</ElevPt>
<ElevPt gml:id="K2_4736711787_2">
<fid>47367-11787-i-10</fid>
<lfSpanFr gml:id="K2_4736711787_2-1">
<gml:timePosition>2013-12-10</gml:timePosition>
</lfSpanFr>
<devDate gml:id="K2_4736711787_2-2">
<gml:timePosition>2020-09-08</gml:timePosition>
</devDate>
<orgGILvl>25000</orgGILvl>
<vis>表示</vis>
<pos>
<gml:Point gml:id="K2_4736711787_2-g" srsName="fguuid:jgd2011.bl">
<gml:pos>32.745526389 131.575158611</gml:pos>
</gml:Point>
</pos>
<type>標高点（測点）</type>
<alti>1014</alti>
</ElevPt>
<ElevPt gml:id="K2_4737011760_1">
<fid>47370-11760-i-4</fid>
<lfSpanFr gml:id="K2_4737011760_1-1">
<gml:timePosition>2013-12-10</gml:timePosition>
</lfSpanFr>
<devDate gml:id="K2_4737011760_1-2">
<gml:timePosition>2020-09-08</gml:timePosition>
</devDate>
<orgGILvl>25000</orgGILvl>
<vis>表示</vis>
<pos>
<gml:Point gml:id="K2_4737011760_1-g" srsName="fguuid:jgd2011.bl">
<gml:pos>32.673497778 131.584842778</gml:pos>
</gml:Point>
</pos>
<type>標高点（測点）</type>
<alti>546</alti>
</ElevPt>
<ElevPt gml:id="K2_4737011763_1">
<fid>47370-11763-i-11</fid>
<lfSpanFr gml:id="K2_4737011763_1-1">
<gml:timePosition>2015-11-12</gml:timePosition>
</lfSpanFr>
<devDate gml:id="K2_4737011763_1-2">
<gml:timePosition>2020-09-08</gml:timePosition>
</devDate>
<orgGILvl>25000</orgGILvl>
<vis>表示</vis>
<pos>
<gml:Point gml:id="K2_4737011763_1-g" srsName="fguuid:jgd2011.bl">
<gml:pos>32.678387500 131.589560833</gml:pos>
</gml:Point>
</pos>
<type>標高点（測点）</type>
<alti>241</alti>
</ElevPt>
<ElevPt gml:id="K2_4737011766_1">
<fid>47370-11766-i-47</fid>
<lfSpanFr gml:id="K2_4737011766_1-1">
<gml:timePosition>2015-11-12</gml:timePosition>
</lfSpanFr>
<devDate gml:id="K2_4737011766_1-2">
<gml:timePosition>2020-09-08</gml:timePosition>
</devDate>
<orgGILvl>25000</orgGILvl>
<vis>表示</vis>
<pos>
<gml:Point gml:id="K2_4737011766_1-g" srsName="fguuid:jgd2011.bl">
<gml:pos>32.688026944 131.586909444</gml:pos>
</gml:Point>
</pos>
<type>標高点（測点）</type>
<alti>655</alti>
</ElevPt>
<ElevPt gml:id="K2_4737011769_1">
<fid>47370-11769-i-15</fid>
<lfSpanFr gml:id="K2_4737011769_1-1">
<gml:timePosition>2015-11-12</gml:timePosition>
</lfSpanFr>
<devDate gml:id="K2_4737011769_1-2">
<gml:timePosition>2020-09-08</gml:timePosition>
</devDate>
<orgGILvl>25000</orgGILvl>
<vis>表示</vis>
<pos>
<gml:Point gml:id="K2_4737011769_1-g" srsName="fguuid:jgd2011.bl">
<gml:pos>32.693395556 131.589885278</gml:pos>
</gml:Point>
</pos>
<type>標高点（測点）</type>
<alti>882</alti>
</ElevPt>
<ElevPt gml:id="K2_4737011769_2">
<fid>47370-11769-i-16</fid>
<lfSpanFr gml:id="K2_4737011769_2-1">
<gml:timePosition>2015-11-12</gml:timePosition>
</lfSpanFr>
<devDate gml:id="K2_4737011769_2-2">
<gml:timePosition>2020-09-08</gml:timePosition>
</devDate>
<orgGILvl>25000</orgGILvl>
<vis>表示</vis>
<pos>
<gml:Point gml:id="K2_4737011769_2-g" srsName="fguuid:jgd2011.bl">
<gml:pos>32.696262500 131.586056667</gml:pos>
</gml:Point>
</pos>
<type>標高点（測点）</type>
<alti>861</alti>
</ElevPt>
<ElevPt gml:id="K2_4737011772_1">
<fid>47370-11772-i-19</fid>
<lfSpanFr gml:id="K2_4737011772_1-1">
<gml:timePosition>2015-11-12</gml:timePosition>
</lfSpanFr>
<devDate gml:id="K2_4737011772_1-2">
<gml:timePosition>2020-09-08</gml:timePosition>
</devDate>
<orgGILvl>25000</orgGILvl>
<vis>表示</vis>
<pos>
<gml:Point gml:id="K2_4737011772_1-g" srsName="fguuid:jgd2011.bl">
<gml:pos>32.703126389 131.587666389</gml:pos>
</gml:Point>
</pos>
<type>標高点（測点）</type>
<alti>839</alti>
</ElevPt>
<ElevPt gml:id="K2_4737011772_2">
<fid>47370-11772-i-20</fid>
<lfSpanFr gml:id="K2_4737011772_2-1">
<gml:timePosition>2015-11-12</gml:timePosition>
</lfSpanFr>
<devDate gml:id="K2_4737011772_2-2">
<gml:timePosition>2020-09-08</gml:timePosition>
</devDate>
<orgGILvl>25000</orgGILvl>
<vis>表示</vis>
<pos>
<gml:Point gml:id="K2_4737011772_2-g" srsName="fguuid:jgd2011.bl">
<gml:pos>32.708091667 131.591105833</gml:pos>
</gml:Point>
</pos>
<type>標高点（測点）</type>
<alti>704</alti>
</ElevPt>
<ElevPt gml:id="K2_4737011775_1">
<fid>47370-11775-i-31</fid>
<lfSpanFr gml:id="K2_4737011775_1-1">
<gml:timePosition>2013-12-10</gml:timePosition>
</lfSpanFr>
<devDate gml:id="K2_4737011775_1-2">
<gml:timePosition>2020-09-08</gml:timePosition>
</devDate>
<orgGILvl>25000</orgGILvl>
<vis>表示</vis>
<pos>
<gml:Point gml:id="K2_4737011775_1-g" srsName="fguuid:jgd2011.bl">
<gml:pos>32.716330000 131.585846944</gml:pos>
</gml:Point>
</pos>
<type>標高点（測点）</type>
<alti>265</alti>
</ElevPt>
<ElevPt gml:id="K2_4737011781_1">
<fid>47370-11781-i-2</fid>
<lfSpanFr gml:id="K2_4737011781_1-1">
<gml:timePosition>2013-12-10</gml:timePosition>
</lfSpanFr>
<devDate gml:id="K2_4737011781_1-2">
<gml:timePosition>2020-09-08</gml:timePosition>
</devDate>
<orgGILvl>25000</orgGILvl>
<vis>表示</vis>
<pos>
<gml:Point gml:id="K2_4737011781_1-g" srsName="fguuid:jgd2011.bl">
<gml:pos>32.732255278 131.591375000</gml:pos>
</gml:Point>
</pos>
<type>標高点（測点）</type>
<alti>871</alti>
</ElevPt>
<ElevPt gml:id="K2_4737011784_1">
<fid>47370-11784-i-6</fid>
<lfSpanFr gml:id="K2_4737011784_1-1">
<gml:timePosition>2013-12-10</gml:timePosition>
</lfSpanFr>
<devDate gml:id="K2_4737011784_1-2">
<gml:timePosition>2020-09-08</gml:timePosition>
</devDate>
<orgGILvl>25000</orgGILvl>
<vis>表示</vis>
<pos>
<gml:Point gml:id="K2_4737011784_1-g" srsName="fguuid:jgd2011.bl">
<gml:pos>32.736174167 131.587196389</gml:pos>
</gml:Point>
</pos>
<type>標高点（測点）</type>
<alti>997</alti>
</ElevPt>
<ElevPt gml:id="K2_4737311760_1">
<fid>47373-11760-i-7</fid>
<lfSpanFr gml:id="K2_4737311760_1-1">
<gml:timePosition>2013-12-10</gml:timePosition>
</lfSpanFr>
<devDate gml:id="K2_4737311760_1-2">
<gml:timePosition>2020-09-08</gml:timePosition>
</devDate>
<orgGILvl>25000</orgGILvl>
<vis>表示</vis>
<pos>
<gml:Point gml:id="K2_4737311760_1-g" srsName="fguuid:jgd2011.bl">
<gml:pos>32.674278889 131.598476111</gml:pos>
</gml:Point>
</pos>
<type>標高点（測点）</type>
<alti>299</alti>
</ElevPt>
<ElevPt gml:id="K2_4737311766_1">
<fid>47373-11766-i-7</fid>
<lfSpanFr gml:id="K2_4737311766_1-1">
<gml:timePosition>2015-11-12</gml:timePosition>
</lfSpanFr>
<devDate gml:id="K2_4737311766_1-2">
<gml:timePosition>2020-09-08</gml:timePosition>
</devDate>
<orgGILvl>25000</orgGILvl>
<vis>表示</vis>
<pos>
<gml:Point gml:id="K2_4737311766_1-g" srsName="fguuid:jgd2011.bl">
<gml:pos>32.684653333 131.596484167</gml:pos>
</gml:Point>
</pos>
<type>標高点（測点）</type>
<alti>748</alti>
</ElevPt>
<ElevPt gml:id="K2_4737311769_1">
<fid>47373-11769-i-23</fid>
<lfSpanFr gml:id="K2_4737311769_1-1">
<gml:timePosition>2015-11-12</gml:timePosition>
</lfSpanFr>
<devDate gml:id="K2_4737311769_1-2">
<gml:timePosition>2020-09-08</gml:timePosition>
</devDate>
<orgGILvl>25000</orgGILvl>
<vis>表示</vis>
<pos>
<gml:Point gml:id="K2_4737311769_1-g" srsName="fguuid:jgd2011.bl">
<gml:pos>32.699609444 131.595941667</gml:pos>
</gml:Point>
</pos>
<type>標高点（測点）</type>
<alti>696</alti>
</ElevPt>
<ElevPt gml:id="K2_4737311772_1">
<fid>47373-11772-i-3</fid>
<lfSpanFr gml:id="K2_4737311772_1-1">
<gml:timePosition>2013-12-10</gml:timePosition>
</lfSpanFr>
<devDate gml:id="K2_4737311772_1-2">
<gml:timePosition>2020-09-08</gml:timePosition>
</devDate>
<orgGILvl>25000</orgGILvl>
<vis>表示</vis>
<pos>
<gml:Point gml:id="K2_4737311772_1-g" srsName="fguuid:jgd2011.bl">
<gml:pos>32.704294444 131.593593611</gml:pos>
</gml:Point>
</pos>
<type>標高点（測点）</type>
<alti>748</alti>
</ElevPt>
<ElevPt gml:id="K2_4737311772_2">
<fid>47373-11772-i-4</fid>
<lfSpanFr gml:id="K2_4737311772_2-1">
<gml:timePosition>2013-12-10</gml:timePosition>
</lfSpanFr>
<devDate gml:id="K2_4737311772_2-2">
<gml:timePosition>2020-09-08</gml:timePosition>
</devDate>
<orgGILvl>25000</orgGILvl>
<vis>表示</vis>
<pos>
<gml:Point gml:id="K2_4737311772_2-g" srsName="fguuid:jgd2011.bl">
<gml:pos>32.704630833 131.597177500</gml:pos>
</gml:Point>
</pos>
<type>標高点（測点）</type>
<alti>716</alti>
</ElevPt>
<ElevPt gml:id="K2_4737311778_1">
<fid>47373-11778-i-5</fid>
<lfSpanFr gml:id="K2_4737311778_1-1">
<gml:timePosition>2013-12-10</gml:timePosition>
</lfSpanFr>
<devDate gml:id="K2_4737311778_1-2">
<gml:timePosition>2020-09-08</gml:timePosition>
</devDate>
<orgGILvl>25000</orgGILvl>
<vis>表示</vis>
<pos>
<gml:Point gml:id="K2_4737311778_1-g" srsName="fguuid:jgd2011.bl">
<gml:pos>32.722151667 131.592969444</gml:pos>
</gml:Point>
</pos>
<type>標高点（測点）</type>
<alti>672</alti>
</ElevPt>
<ElevPt gml:id="K2_4737311781_1">
<fid>47373-11781-i-9</fid>
<lfSpanFr gml:id="K2_4737311781_1-1">
<gml:timePosition>2013-12-10</gml:timePosition>
</lfSpanFr>
<devDate gml:id="K2_4737311781_1-2">
<gml:timePosition>2020-09-08</gml:timePosition>
</devDate>
<orgGILvl>25000</orgGILvl>
<vis>表示</vis>
<pos>
<gml:Point gml:id="K2_4737311781_1-g" srsName="fguuid:jgd2011.bl">
<gml:pos>32.729645000 131.599746944</gml:pos>
</gml:Point>
</pos>
<type>標高点（測点）</type>
<alti>782</alti>
</ElevPt>
<ElevPt gml:id="K2_4737311781_2">
<fid>47373-11781-i-10</fid>
<lfSpanFr gml:id="K2_4737311781_2-1">
<gml:timePosition>2013-12-10</gml:timePosition>
</lfSpanFr>
<devDate gml:id="K2_4737311781_2-2">
<gml:timePosition>2020-09-08</gml:timePosition>
</devDate>
<orgGILvl>25000</orgGILvl>
<vis>表示</vis>
<pos>
<gml:Point gml:id="K2_4737311781_2-g" srsName="fguuid:jgd2011.bl">
<gml:pos>32.728672222 131.592863056</gml:pos>
</gml:Point>
</pos>
<type>標高点（測点）</type>
<alti>768</alti>
</ElevPt>
<ElevPt gml:id="K2_4737311784_1">
<fid>47373-11784-i-10</fid>
<lfSpanFr gml:id="K2_4737311784_1-1">
<gml:timePosition>2013-12-10</gml:timePosition>
</lfSpanFr>
<devDate gml:id="K2_4737311784_1-2">
<gml:timePosition>2020-09-08</gml:timePosition>
</devDate>
<orgGILvl>25000</orgGILvl>
<vis>表示</vis>
<pos>
<gml:Point gml:id="K2_4737311784_1-g" srsName="fguuid:jgd2011.bl">
<gml:pos>32.741335278 131.594244722</gml:pos>
</gml:Point>
</pos>
<type>標高点（測点）</type>
<alti>914</alti>
</ElevPt>
<ElevPt gml:id="K2_4737611760_1">
<fid>47376-11760-i-6</fid>
<lfSpanFr gml:id="K2_4737611760_1-1">
<gml:timePosition>2013-12-10</gml:timePosition>
</lfSpanFr>
<devDate gml:id="K2_4737611760_1-2">
<gml:timePosition>2020-09-08</gml:timePosition>
</devDate>
<orgGILvl>25000</orgGILvl>
<vis>表示</vis>
<pos>
<gml:Point gml:id="K2_4737611760_1-g" srsName="fguuid:jgd2011.bl">
<gml:pos>32.669208056 131.602231667</gml:pos>
</gml:Point>
</pos>
<type>標高点（測点）</type>
<alti>408</alti>
</ElevPt>
<ElevPt gml:id="K2_4737611763_1">
<fid>47376-11763-i-17</fid>
<lfSpanFr gml:id="K2_4737611763_1-1">
<gml:timePosition>2015-11-12</gml:timePosition>
</lfSpanFr>
<devDate gml:id="K2_4737611763_1-2">
<gml:timePosition>2020-09-08</gml:timePosition>
</devDate>
<orgGILvl>25000</orgGILvl>
<vis>表示</vis>
<pos>
<gml:Point gml:id="K2_4737611763_1-g" srsName="fguuid:jgd2011.bl">
<gml:pos>32.682355278 131.606668056</gml:pos>
</gml:Point>
</pos>
<type>標高点（測点）</type>
<alti>404</alti>
</ElevPt>
<ElevPt gml:id="K2_4737611769_1">
<fid>47376-11769-i-9</fid>
<lfSpanFr gml:id="K2_4737611769_1-1">
<gml:timePosition>2015-11-12</gml:timePosition>
</lfSpanFr>
<devDate gml:id="K2_4737611769_1-2">
<gml:timePosition>2020-09-08</gml:timePosition>
</devDate>
<orgGILvl>25000</orgGILvl>
<vis>表示</vis>
<pos>
<gml:Point gml:id="K2_4737611769_1-g" srsName="fguuid:jgd2011.bl">
<gml:pos>32.696058611 131.604542222</gml:pos>
</gml:Point>
</pos>
<type>標高点（測点）</type>
<alti>578</alti>
</ElevPt>
<ElevPt gml:id="K2_4737611772_1">
<fid>47376-11772-i-7</fid>
<lfSpanFr gml:id="K2_4737611772_1-1">
<gml:timePosition>2015-11-12</gml:timePosition>
</lfSpanFr>
<devDate gml:id="K2_4737611772_1-2">
<gml:timePosition>2020-09-08</gml:timePosition>
</devDate>
<orgGILvl>25000</orgGILvl>
<vis>表示</vis>
<pos>
<gml:Point gml:id="K2_4737611772_1-g" srsName="fguuid:jgd2011.bl">
<gml:pos>32.704641944 131.604553056</gml:pos>
</gml:Point>
</pos>
<type>標高点（測点）</type>
<alti>434</alti>
</ElevPt>
<ElevPt gml:id="K2_4737611772_2">
<fid>47376-11772-i-8</fid>
<lfSpanFr gml:id="K2_4737611772_2-1">
<gml:timePosition>2015-11-12</gml:timePosition>
</lfSpanFr>
<devDate gml:id="K2_4737611772_2-2">
<gml:timePosition>2020-09-08</gml:timePosition>
</devDate>
<orgGILvl>25000</orgGILvl>
<vis>表示</vis>
<pos>
<gml:Point gml:id="K2_4737611772_2-g" srsName="fguuid:jgd2011.bl">
<gml:pos>32.701008056 131.607973056</gml:pos>
</gml:Point>
</pos>
<type>標高点（測点）</type>
<alti>396</alti>
</ElevPt>
<ElevPt gml:id="K2_4737611778_1">
<fid>47376-11778-i-6</fid>
<lfSpanFr gml:id="K2_4737611778_1-1">
<gml:timePosition>2013-12-10</gml:timePosition>
</lfSpanFr>
<devDate gml:id="K2_4737611778_1-2">
<gml:timePosition>2020-09-08</gml:timePosition>
</devDate>
<orgGILvl>25000</orgGILvl>
<vis>表示</vis>
<pos>
<gml:Point gml:id="K2_4737611778_1-g" srsName="fguuid:jgd2011.bl">
<gml:pos>32.722553333 131.604951389</gml:pos>
</gml:Point>
</pos>
<type>標高点（測点）</type>
<alti>618</alti>
</ElevPt>
<ElevPt gml:id="K2_4737611778_2">
<fid>47376-11778-i-7</fid>
<lfSpanFr gml:id="K2_4737611778_2-1">
<gml:timePosition>2013-12-10</gml:timePosition>
</lfSpanFr>
<devDate gml:id="K2_4737611778_2-2">
<gml:timePosition>2020-09-08</gml:timePosition>
</devDate>
<orgGILvl>25000</orgGILvl>
<vis>表示</vis>
<pos>
<gml:Point gml:id="K2_4737611778_2-g" srsName="fguuid:jgd2011.bl">
<gml:pos>32.717172778 131.600181667</gml:pos>
</gml:Point>
</pos>
<type>標高点（測点）</type>
<alti>202</alti>
</ElevPt>
<ElevPt gml:id="K2_4737611781_1">
<fid>47376-11781-i-3</fid>
<lfSpanFr gml:id="K2_4737611781_1-1">
<gml:timePosition>2013-12-10</gml:timePosition>
</lfSpanFr>
<devDate gml:id="K2_4737611781_1-2">
<gml:timePosition>2020-09-08</gml:timePosition>
</devDate>
<orgGILvl>25000</orgGILvl>
<vis>表示</vis>
<pos>
<gml:Point gml:id="K2_4737611781_1-g" srsName="fguuid:jgd2011.bl">
<gml:pos>32.725385556 131.601236944</gml:pos>
</gml:Point>
</pos>
<type>標高点（測点）</type>
<alti>632</alti>
</ElevPt>
<ElevPt gml:id="K2_4737611781_2">
<fid>47376-11781-i-4</fid>
<lfSpanFr gml:id="K2_4737611781_2-1">
<gml:timePosition>2013-12-10</gml:timePosition>
</lfSpanFr>
<devDate gml:id="K2_4737611781_2-2">
<gml:timePosition>2020-09-08</gml:timePosition>
</devDate>
<orgGILvl>25000</orgGILvl>
<vis>表示</vis>
<pos>
<gml:Point gml:id="K2_4737611781_2-g" srsName="fguuid:jgd2011.bl">
<gml:pos>32.726953056 131.606162500</gml:pos>
</gml:Point>
</pos>
<type>標高点（測点）</type>
<alti>688</alti>
</ElevPt>
<ElevPt gml:id="K2_4737611787_1">
<fid>47376-11787-i-7</fid>
<lfSpanFr gml:id="K2_4737611787_1-1">
<gml:timePosition>2013-12-10</gml:timePosition>
</lfSpanFr>
<devDate gml:id="K2_4737611787_1-2">
<gml:timePosition>2020-09-08</gml:timePosition>
</devDate>
<orgGILvl>25000</orgGILvl>
<vis>表示</vis>
<pos>
<gml:Point gml:id="K2_4737611787_1-g" srsName="fguuid:jgd2011.bl">
<gml:pos>32.747309167 131.605611389</gml:pos>
</gml:Point>
</pos>
<type>標高点（測点）</type>
<alti>403</alti>
</ElevPt>
<ElevPt gml:id="K2_4737911760_1">
<fid>47379-11760-i-9</fid>
<lfSpanFr gml:id="K2_4737911760_1-1">
<gml:timePosition>2013-12-10</gml:timePosition>
</lfSpanFr>
<devDate gml:id="K2_4737911760_1-2">
<gml:timePosition>2020-09-08</gml:timePosition>
</devDate>
<orgGILvl>25000</orgGILvl>
<vis>表示</vis>
<pos>
<gml:Point gml:id="K2_4737911760_1-g" srsName="fguuid:jgd2011.bl">
<gml:pos>32.671273333 131.616626944</gml:pos>
</gml:Point>
</pos>
<type>標高点（測点）</type>
<alti>346</alti>
</ElevPt>
<ElevPt gml:id="K2_4737911763_1">
<fid>47379-11763-i-47</fid>
<lfSpanFr gml:id="K2_4737911763_1-1">
<gml:timePosition>2015-11-12</gml:timePosition>
</lfSpanFr>
<devDate gml:id="K2_4737911763_1-2">
<gml:timePosition>2020-09-08</gml:timePosition>
</devDate>
<orgGILvl>25000</orgGILvl>
<vis>表示</vis>
<pos>
<gml:Point gml:id="K2_4737911763_1-g" srsName="fguuid:jgd2011.bl">
<gml:pos>32.682133056 131.615983056</gml:pos>
</gml:Point>
</pos>
<type>標高点（測点）</type>
<alti>301</alti>
</ElevPt>
<ElevPt gml:id="K2_4737911763_2">
<fid>47379-11763-i-48</fid>
<lfSpanFr gml:id="K2_4737911763_2-1">
<gml:timePosition>2015-11-12</gml:timePosition>
</lfSpanFr>
<devDate gml:id="K2_4737911763_2-2">
<gml:timePosition>2020-09-08</gml:timePosition>
</devDate>
<orgGILvl>25000</orgGILvl>
<vis>表示</vis>
<pos>
<gml:Point gml:id="K2_4737911763_2-g" srsName="fguuid:jgd2011.bl">
<gml:pos>32.676467222 131.610958889</gml:pos>
</gml:Point>
</pos>
<type>標高点（測点）</type>
<alti>218</alti>
</ElevPt>
<ElevPt gml:id="K2_4737911766_1">
<fid>47379-11766-i-138</fid>
<lfSpanFr gml:id="K2_4737911766_1-1">
<gml:timePosition>2015-11-12</gml:timePosition>
</lfSpanFr>
<devDate gml:id="K2_4737911766_1-2">
<gml:timePosition>2020-09-08</gml:timePosition>
</devDate>
<orgGILvl>25000</orgGILvl>
<vis>表示</vis>
<pos>
<gml:Point gml:id="K2_4737911766_1-g" srsName="fguuid:jgd2011.bl">
<gml:pos>32.687622500 131.614701944</gml:pos>
</gml:Point>
</pos>
<type>標高点（測点）</type>
<alti>214</alti>
</ElevPt>
<ElevPt gml:id="K2_4737911766_2">
<fid>47379-11766-i-139</fid>
<lfSpanFr gml:id="K2_4737911766_2-1">
<gml:timePosition>2015-11-12</gml:timePosition>
</lfSpanFr>
<devDate gml:id="K2_4737911766_2-2">
<gml:timePosition>2020-09-08</gml:timePosition>
</devDate>
<orgGILvl>25000</orgGILvl>
<vis>表示</vis>
<pos>
<gml:Point gml:id="K2_4737911766_2-g" srsName="fguuid:jgd2011.bl">
<gml:pos>32.689941944 131.613804722</gml:pos>
</gml:Point>
</pos>
<type>標高点（測点）</type>
<alti>261</alti>
</ElevPt>
<ElevPt gml:id="K2_4737911775_1">
<fid>47379-11775-i-34</fid>
<lfSpanFr gml:id="K2_4737911775_1-1">
<gml:timePosition>2013-12-10</gml:timePosition>
</lfSpanFr>
<devDate gml:id="K2_4737911775_1-2">
<gml:timePosition>2020-09-08</gml:timePosition>
</devDate>
<orgGILvl>25000</orgGILvl>
<vis>表示</vis>
<pos>
<gml:Point gml:id="K2_4737911775_1-g" srsName="fguuid:jgd2011.bl">
<gml:pos>32.716578056 131.615480278</gml:pos>
</gml:Point>
</pos>
<type>標高点（測点）</type>
<alti>469</alti>
</ElevPt>
<ElevPt gml:id="K2_4737911775_2">
<fid>47379-11775-i-35</fid>
<lfSpanFr gml:id="K2_4737911775_2-1">
<gml:timePosition>2013-12-10</gml:timePosition>
</lfSpanFr>
<devDate gml:id="K2_4737911775_2-2">
<gml:timePosition>2020-09-08</gml:timePosition>
</devDate>
<orgGILvl>25000</orgGILvl>
<vis>表示</vis>
<pos>
<gml:Point gml:id="K2_4737911775_2-g" srsName="fguuid:jgd2011.bl">
<gml:pos>32.711939722 131.615531389</gml:pos>
</gml:Point>
</pos>
<type>標高点（測点）</type>
<alti>334</alti>
</ElevPt>
<ElevPt gml:id="K2_4737911781_1">
<fid>47379-11781-i-9</fid>
<lfSpanFr gml:id="K2_4737911781_1-1">
<gml:timePosition>2013-12-10</gml:timePosition>
</lfSpanFr>
<devDate gml:id="K2_4737911781_1-2">
<gml:timePosition>2020-09-08</gml:timePosition>
</devDate>
<orgGILvl>25000</orgGILvl>
<vis>表示</vis>
<pos>
<gml:Point gml:id="K2_4737911781_1-g" srsName="fguuid:jgd2011.bl">
<gml:pos>32.731495833 131.610197778</gml:pos>
</gml:Point>
</pos>
<type>標高点（測点）</type>
<alti>545</alti>
</ElevPt>
<ElevPt gml:id="K2_4737911784_1">
<fid>47379-11784-i-9</fid>
<lfSpanFr gml:id="K2_4737911784_1-1">
<gml:timePosition>2013-12-10</gml:timePosition>
</lfSpanFr>
<devDate gml:id="K2_4737911784_1-2">
<gml:timePosition>2020-09-08</gml:timePosition>
</devDate>
<orgGILvl>25000</orgGILvl>
<vis>表示</vis>
<pos>
<gml:Point gml:id="K2_4737911784_1-g" srsName="fguuid:jgd2011.bl">
<gml:pos>32.737622778 131.609405833</gml:pos>
</gml:Point>
</pos>
<type>標高点（測点）</type>
<alti>528</alti>
</ElevPt>
<ElevPt gml:id="K2_4737911787_1">
<fid>47379-11787-i-5</fid>
<lfSpanFr gml:id="K2_4737911787_1-1">
<gml:timePosition>2013-12-10</gml:timePosition>
</lfSpanFr>
<devDate gml:id="K2_4737911787_1-2">
<gml:timePosition>2020-09-08</gml:timePosition>
</devDate>
<orgGILvl>25000</orgGILvl>
<vis>表示</vis>
<pos>
<gml:Point gml:id="K2_4737911787_1-g" srsName="fguuid:jgd2011.bl">
<gml:pos>32.743126083 131.615246889</gml:pos>
</gml:Point>
</pos>
<type>標高点（測点）</type>
<alti>384</alti>
</ElevPt>
<ElevPt gml:id="K2_4738211760_1">
<fid>47382-11760-i-17</fid>
<lfSpanFr gml:id="K2_4738211760_1-1">
<gml:timePosition>2015-11-12</gml:timePosition>
</lfSpanFr>
<devDate gml:id="K2_4738211760_1-2">
<gml:timePosition>2020-09-08</gml:timePosition>
</devDate>
<orgGILvl>25000</orgGILvl>
<vis>表示</vis>
<pos>
<gml:Point gml:id="K2_4738211760_1-g" srsName="fguuid:jgd2011.bl">
<gml:pos>32.667203333 131.622058611</gml:pos>
</gml:Point>
</pos>
<type>標高点（測点）</type>
<alti>121</alti>
</ElevPt>
<ElevPt gml:id="K2_4738211763_1">
<fid>47382-11763-i-13</fid>
<lfSpanFr gml:id="K2_4738211763_1-1">
<gml:timePosition>2015-11-12</gml:timePosition>
</lfSpanFr>
<devDate gml:id="K2_4738211763_1-2">
<gml:timePosition>2020-09-08</gml:timePosition>
</devDate>
<orgGILvl>25000</orgGILvl>
<vis>表示</vis>
<pos>
<gml:Point gml:id="K2_4738211763_1-g" srsName="fguuid:jgd2011.bl">
<gml:pos>32.677112500 131.622775278</gml:pos>
</gml:Point>
</pos>
<type>標高点（測点）</type>
<alti>426</alti>
</ElevPt>
<ElevPt gml:id="K2_4738211766_1">
<fid>47382-11766-i-102</fid>
<lfSpanFr gml:id="K2_4738211766_1-1">
<gml:timePosition>2015-11-12</gml:timePosition>
</lfSpanFr>
<devDate gml:id="K2_4738211766_1-2">
<gml:timePosition>2020-09-08</gml:timePosition>
</devDate>
<orgGILvl>25000</orgGILvl>
<vis>表示</vis>
<pos>
<gml:Point gml:id="K2_4738211766_1-g" srsName="fguuid:jgd2011.bl">
<gml:pos>32.684027778 131.621875278</gml:pos>
</gml:Point>
</pos>
<type>標高点（測点）</type>
<alti>348</alti>
</ElevPt>
<ElevPt gml:id="K2_4738211769_1">
<fid>47382-11769-i-9</fid>
<lfSpanFr gml:id="K2_4738211769_1-1">
<gml:timePosition>2015-11-12</gml:timePosition>
</lfSpanFr>
<devDate gml:id="K2_4738211769_1-2">
<gml:timePosition>2020-09-08</gml:timePosition>
</devDate>
<orgGILvl>25000</orgGILvl>
<vis>表示</vis>
<pos>
<gml:Point gml:id="K2_4738211769_1-g" srsName="fguuid:jgd2011.bl">
<gml:pos>32.693299167 131.624306389</gml:pos>
</gml:Point>
</pos>
<type>標高点（測点）</type>
<alti>445</alti>
</ElevPt>
<ElevPt gml:id="K2_4738211772_1">
<fid>47382-11772-i-69</fid>
<lfSpanFr gml:id="K2_4738211772_1-1">
<gml:timePosition>2015-11-12</gml:timePosition>
</lfSpanFr>
<devDate gml:id="K2_4738211772_1-2">
<gml:timePosition>2020-09-08</gml:timePosition>
</devDate>
<orgGILvl>25000</orgGILvl>
<vis>表示</vis>
<pos>
<gml:Point gml:id="K2_4738211772_1-g" srsName="fguuid:jgd2011.bl">
<gml:pos>32.700472222 131.620448611</gml:pos>
</gml:Point>
</pos>
<type>標高点（測点）</type>
<alti>527</alti>
</ElevPt>
<ElevPt gml:id="K2_4738211778_1">
<fid>47382-11778-i-11</fid>
<lfSpanFr gml:id="K2_4738211778_1-1">
<gml:timePosition>2013-12-10</gml:timePosition>
</lfSpanFr>
<devDate gml:id="K2_4738211778_1-2">
<gml:timePosition>2020-09-08</gml:timePosition>
</devDate>
<orgGILvl>25000</orgGILvl>
<vis>表示</vis>
<pos>
<gml:Point gml:id="K2_4738211778_1-g" srsName="fguuid:jgd2011.bl">
<gml:pos>32.722298611 131.616705833</gml:pos>
</gml:Point>
</pos>
<type>標高点（測点）</type>
<alti>559</alti>
</ElevPt>
<ElevPt gml:id="K2_4738211781_1">
<fid>47382-11781-i-8</fid>
<lfSpanFr gml:id="K2_4738211781_1-1">
<gml:timePosition>2013-12-10</gml:timePosition>
</lfSpanFr>
<devDate gml:id="K2_4738211781_1-2">
<gml:timePosition>2020-09-08</gml:timePosition>
</devDate>
<orgGILvl>25000</orgGILvl>
<vis>表示</vis>
<pos>
<gml:Point gml:id="K2_4738211781_1-g" srsName="fguuid:jgd2011.bl">
<gml:pos>32.730323333 131.618948889</gml:pos>
</gml:Point>
</pos>
<type>標高点（測点）</type>
<alti>559</alti>
</ElevPt>
</Dataset>
