<?xml version="1.0" encoding="utf-8"?>
<Dataset xsi:schemaLocation="http://fgd.gsi.go.jp/spec/2008/FGD_GMLSchema FGD_GMLSchema.xsd"
	xmlns:gml="http://www.opengis.net/gml/3.2"
	xmlns:xsi="http://www.w3.org/2001/XMLSchema-instance"
	xmlns:xlink="http://www.w3.org/1999/xlink"
	xmlns="http://fgd.gsi.go.jp/spec/2008/FGD_GMLSchema"
	gml:id="Dataset1">
  <gml:description>基盤地図情報メタデータ ID=fmdid:21-0101</gml:description>
  <gml:name>基盤地図情報ダウンロードデータ（GML版）</gml:name>
<AdmPt gml:id="K6_4744811802_1">
<fid>47448-11802-i-71</fid>
<lfSpanFr gml:id="K6_4744811802_1-1">
<gml:timePosition>2020-11-04</gml:timePosition>
</lfSpanFr>
<devDate gml:id="K6_4744811802_1-2">
<gml:timePosition>2020-12-23</gml:timePosition>
</devDate>
<orgGILvl>25000</orgGILvl>
<vis>非表示</vis>
<pos>
<gml:Point gml:id="K6_4744811802_1-g" srsName="fguuid:jgd2011.bl">
<gml:pos>32.791654828 131.800357060</gml:pos>
</gml:Point>
</pos>
<type>郡市・東京都の区</type>
<name>延岡市</name>
<admCode>45203</admCode>
</AdmPt>
<AdmPt gml:id="K6_4746911802_1">
<fid>47469-11802-i-47</fid>
<lfSpanFr gml:id="K6_4746911802_1-1">
<gml:timePosition>2020-06-30</gml:timePosition>
</lfSpanFr>
<devDate gml:id="K6_4746911802_1-2">
<gml:timePosition>2020-12-23</gml:timePosition>
</devDate>
<orgGILvl>25000</orgGILvl>
<vis>非表示</vis>
<pos>
<gml:Point gml:id="K6_4746911802_1-g" srsName="fguuid:jgd2011.bl">
<gml:pos>32.791054673 131.862498108</gml:pos>
</gml:Point>
</pos>
<type>郡市・東京都の区</type>
<name>佐伯市</name>
<admCode>44205</admCode>
</AdmPt>
</Dataset>
