<?xml version="1.0" encoding="utf-8"?>
<Dataset xsi:schemaLocation="http://fgd.gsi.go.jp/spec/2008/FGD_GMLSchema FGD_GMLSchema.xsd"
	xmlns:gml="http://www.opengis.net/gml/3.2"
	xmlns:xsi="http://www.w3.org/2001/XMLSchema-instance"
	xmlns:xlink="http://www.w3.org/1999/xlink"
	xmlns="http://fgd.gsi.go.jp/spec/2008/FGD_GMLSchema"
	gml:id="Dataset1">
  <gml:description>基盤地図情報メタデータ ID=fmdid:21-0101</gml:description>
  <gml:name>基盤地図情報ダウンロードデータ（GML版）</gml:name>
<GCP gml:id="K1_493116_1">
<fid>10-00100-0-2012-21812</fid>
<lfSpanFr gml:id="K1_493116_1-1">
<gml:timePosition>2020-12-21</gml:timePosition>
</lfSpanFr>
<devDate gml:id="K1_493116_1-2">
<gml:timePosition>2020-12-23</gml:timePosition>
</devDate>
<orgGILvl>KJ12</orgGILvl>
<vis>表示</vis>
<pos>
<gml:Point gml:id="K1_493116_1-g" srsName="fguuid:jgd2011.bl">
<gml:pos>32.755969944 131.849778611</gml:pos>
</gml:Point>
</pos>
<orgName>国土地理院</orgName>
<type>三角点</type>
<gcpClass>二等三角点</gcpClass>
<gcpCode>TR24931160701</gcpCode>
<name>津島畑</name>
<B>117921.4918</B>
<L>474659.203</L>
<alti>506.29</alti>
<altiAcc>2</altiAcc>
</GCP>
<GCP gml:id="K1_493116_2">
<fid>10-00100-0-2012-21813</fid>
<lfSpanFr gml:id="K1_493116_2-1">
<gml:timePosition>2020-12-21</gml:timePosition>
</lfSpanFr>
<devDate gml:id="K1_493116_2-2">
<gml:timePosition>2020-12-23</gml:timePosition>
</devDate>
<orgGILvl>KJ12</orgGILvl>
<vis>表示</vis>
<pos>
<gml:Point gml:id="K1_493116_2-g" srsName="fguuid:jgd2011.bl">
<gml:pos>32.823223694 131.855433306</gml:pos>
</gml:Point>
</pos>
<orgName>国土地理院</orgName>
<type>三角点</type>
<gcpClass>二等三角点</gcpClass>
<gcpCode>TR24931168801</gcpCode>
<name>場照</name>
<B>118163.6053</B>
<L>474679.5599</L>
<alti>660.81</alti>
<altiAcc>2</altiAcc>
</GCP>
<GCP gml:id="K1_493116_3">
<fid>10-00100-0-2012-29082</fid>
<lfSpanFr gml:id="K1_493116_3-1">
<gml:timePosition>2020-12-21</gml:timePosition>
</lfSpanFr>
<devDate gml:id="K1_493116_3-2">
<gml:timePosition>2020-12-23</gml:timePosition>
</devDate>
<orgGILvl>KJ13</orgGILvl>
<vis>表示</vis>
<pos>
<gml:Point gml:id="K1_493116_3-g" srsName="fguuid:jgd2011.bl">
<gml:pos>32.760333417 131.816718639</gml:pos>
</gml:Point>
</pos>
<orgName>国土地理院</orgName>
<type>三角点</type>
<gcpClass>三等三角点</gcpClass>
<gcpCode>TR34931161501</gcpCode>
<name>中河原</name>
<B>117937.2003</B>
<L>474540.1871</L>
<alti>496.0</alti>
<altiAcc>2</altiAcc>
</GCP>
<GCP gml:id="K1_493116_4">
<fid>10-00100-0-2012-29083</fid>
<lfSpanFr gml:id="K1_493116_4-1">
<gml:timePosition>2020-12-21</gml:timePosition>
</lfSpanFr>
<devDate gml:id="K1_493116_4-2">
<gml:timePosition>2020-12-23</gml:timePosition>
</devDate>
<orgGILvl>KJ13</orgGILvl>
<vis>表示</vis>
<pos>
<gml:Point gml:id="K1_493116_4-g" srsName="fguuid:jgd2011.bl">
<gml:pos>32.774313750 131.784771972</gml:pos>
</gml:Point>
</pos>
<orgName>国土地理院</orgName>
<type>三角点</type>
<gcpClass>三等三角点</gcpClass>
<gcpCode>TR34931162201</gcpCode>
<name>三角</name>
<B>117987.5295</B>
<L>474425.1791</L>
<alti>408.54</alti>
<altiAcc>2</altiAcc>
</GCP>
<GCP gml:id="K1_493116_5">
<fid>10-00100-0-2012-29084</fid>
<lfSpanFr gml:id="K1_493116_5-1">
<gml:timePosition>2020-12-21</gml:timePosition>
</lfSpanFr>
<devDate gml:id="K1_493116_5-2">
<gml:timePosition>2020-12-23</gml:timePosition>
</devDate>
<orgGILvl>KJ13</orgGILvl>
<vis>表示</vis>
<pos>
<gml:Point gml:id="K1_493116_5-g" srsName="fguuid:jgd2011.bl">
<gml:pos>32.776174028 131.751769556</gml:pos>
</gml:Point>
</pos>
<orgName>国土地理院</orgName>
<type>三角点</type>
<gcpClass>三等三角点</gcpClass>
<gcpCode>TR34931163001</gcpCode>
<name>松ケ谷</name>
<B>117994.2265</B>
<L>474306.3704</L>
<alti>387.04</alti>
<altiAcc>2</altiAcc>
</GCP>
<GCP gml:id="K1_493116_6">
<fid>10-00100-0-2012-29085</fid>
<lfSpanFr gml:id="K1_493116_6-1">
<gml:timePosition>2020-12-21</gml:timePosition>
</lfSpanFr>
<devDate gml:id="K1_493116_6-2">
<gml:timePosition>2020-12-23</gml:timePosition>
</devDate>
<orgGILvl>KJ13</orgGILvl>
<vis>表示</vis>
<pos>
<gml:Point gml:id="K1_493116_6-g" srsName="fguuid:jgd2011.bl">
<gml:pos>32.786801639 131.827224611</gml:pos>
</gml:Point>
</pos>
<orgName>国土地理院</orgName>
<type>三角点</type>
<gcpClass>三等三角点</gcpClass>
<gcpCode>TR34931164601</gcpCode>
<name>大井</name>
<B>118032.4859</B>
<L>474578.0086</L>
<alti>393.52</alti>
<altiAcc>2</altiAcc>
</GCP>
<GCP gml:id="K1_493116_7">
<fid>10-00100-0-2012-29086</fid>
<lfSpanFr gml:id="K1_493116_7-1">
<gml:timePosition>2020-12-21</gml:timePosition>
</lfSpanFr>
<devDate gml:id="K1_493116_7-2">
<gml:timePosition>2020-12-23</gml:timePosition>
</devDate>
<orgGILvl>KJ13</orgGILvl>
<vis>表示</vis>
<pos>
<gml:Point gml:id="K1_493116_7-g" srsName="fguuid:jgd2011.bl">
<gml:pos>32.794870472 131.778852083</gml:pos>
</gml:Point>
</pos>
<orgName>国土地理院</orgName>
<type>三角点</type>
<gcpClass>三等三角点</gcpClass>
<gcpCode>TR34931165201</gcpCode>
<name>三方</name>
<B>118061.5337</B>
<L>474403.8675</L>
<alti>640.84</alti>
<altiAcc>2</altiAcc>
</GCP>
<GCP gml:id="K1_493116_8">
<fid>10-00100-0-2012-29087</fid>
<lfSpanFr gml:id="K1_493116_8-1">
<gml:timePosition>2020-12-21</gml:timePosition>
</lfSpanFr>
<devDate gml:id="K1_493116_8-2">
<gml:timePosition>2020-12-23</gml:timePosition>
</devDate>
<orgGILvl>KJ13</orgGILvl>
<vis>表示</vis>
<pos>
<gml:Point gml:id="K1_493116_8-g" srsName="fguuid:jgd2011.bl">
<gml:pos>32.796981806 131.854292611</gml:pos>
</gml:Point>
</pos>
<orgName>国土地理院</orgName>
<type>三角点</type>
<gcpClass>三等三角点</gcpClass>
<gcpCode>TR34931165801</gcpCode>
<name>船引</name>
<B>118069.1345</B>
<L>474675.4534</L>
<alti>500.6</alti>
<altiAcc>2</altiAcc>
</GCP>
<GCP gml:id="K1_493116_9">
<fid>10-00100-0-2012-29088</fid>
<lfSpanFr gml:id="K1_493116_9-1">
<gml:timePosition>2020-12-21</gml:timePosition>
</lfSpanFr>
<devDate gml:id="K1_493116_9-2">
<gml:timePosition>2020-12-23</gml:timePosition>
</devDate>
<orgGILvl>KJ13</orgGILvl>
<vis>表示</vis>
<pos>
<gml:Point gml:id="K1_493116_9-g" srsName="fguuid:jgd2011.bl">
<gml:pos>32.818321083 131.768421278</gml:pos>
</gml:Point>
</pos>
<orgName>国土地理院</orgName>
<type>三角点</type>
<gcpClass>三等三角点</gcpClass>
<gcpCode>TR34931168101</gcpCode>
<name>桑ヶ内</name>
<B>118145.9559</B>
<L>474366.3166</L>
<alti>427.87</alti>
<altiAcc>2</altiAcc>
</GCP>
<GCP gml:id="K1_493116_10">
<fid>10-00100-0-2012-29089</fid>
<lfSpanFr gml:id="K1_493116_10-1">
<gml:timePosition>2020-12-21</gml:timePosition>
</lfSpanFr>
<devDate gml:id="K1_493116_10-2">
<gml:timePosition>2020-12-23</gml:timePosition>
</devDate>
<orgGILvl>KJ13</orgGILvl>
<vis>表示</vis>
<pos>
<gml:Point gml:id="K1_493116_10-g" srsName="fguuid:jgd2011.bl">
<gml:pos>32.825327444 131.797948333</gml:pos>
</gml:Point>
</pos>
<orgName>国土地理院</orgName>
<type>三角点</type>
<gcpClass>三等三角点</gcpClass>
<gcpCode>TR34931169301</gcpCode>
<name>枯樅</name>
<B>118171.1788</B>
<L>474472.614</L>
<alti>664.86</alti>
<altiAcc>2</altiAcc>
</GCP>
<GCP gml:id="K1_493116_11">
<fid>10-00100-0-2012-29090</fid>
<lfSpanFr gml:id="K1_493116_11-1">
<gml:timePosition>2020-12-21</gml:timePosition>
</lfSpanFr>
<devDate gml:id="K1_493116_11-2">
<gml:timePosition>2020-12-23</gml:timePosition>
</devDate>
<orgGILvl>KJ13</orgGILvl>
<vis>表示</vis>
<pos>
<gml:Point gml:id="K1_493116_11-g" srsName="fguuid:jgd2011.bl">
<gml:pos>32.826535361 131.872272778</gml:pos>
</gml:Point>
</pos>
<orgName>国土地理院</orgName>
<type>三角点</type>
<gcpClass>三等三角点</gcpClass>
<gcpCode>TR34931169901</gcpCode>
<name>森崎</name>
<B>118175.5273</B>
<L>474740.182</L>
<alti>564.69</alti>
<altiAcc>2</altiAcc>
</GCP>
<GCP gml:id="K1_493116_12">
<fid>10-00100-0-2012-66821</fid>
<lfSpanFr gml:id="K1_493116_12-1">
<gml:timePosition>2020-12-21</gml:timePosition>
</lfSpanFr>
<devDate gml:id="K1_493116_12-2">
<gml:timePosition>2020-12-23</gml:timePosition>
</devDate>
<orgGILvl>KJ14</orgGILvl>
<vis>表示</vis>
<pos>
<gml:Point gml:id="K1_493116_12-g" srsName="fguuid:jgd2011.bl">
<gml:pos>32.756212333 131.791064778</gml:pos>
</gml:Point>
</pos>
<orgName>国土地理院</orgName>
<type>三角点</type>
<gcpClass>四等三角点</gcpClass>
<gcpCode>TR44931160301</gcpCode>
<name>日知屋</name>
<B>117922.3644</B>
<L>474447.8332</L>
<alti>365.46</alti>
<altiAcc>2</altiAcc>
</GCP>
<GCP gml:id="K1_493116_13">
<fid>10-00100-0-2012-66822</fid>
<lfSpanFr gml:id="K1_493116_13-1">
<gml:timePosition>2020-12-21</gml:timePosition>
</lfSpanFr>
<devDate gml:id="K1_493116_13-2">
<gml:timePosition>2020-12-23</gml:timePosition>
</devDate>
<orgGILvl>KJ14</orgGILvl>
<vis>表示</vis>
<pos>
<gml:Point gml:id="K1_493116_13-g" srsName="fguuid:jgd2011.bl">
<gml:pos>32.756600000 131.806629222</gml:pos>
</gml:Point>
</pos>
<orgName>国土地理院</orgName>
<type>三角点</type>
<gcpClass>四等三角点</gcpClass>
<gcpCode>TR44931160401</gcpCode>
<name>黒沢</name>
<B>117923.76</B>
<L>474503.8652</L>
<alti>279.89</alti>
<altiAcc>2</altiAcc>
</GCP>
<GCP gml:id="K1_493116_14">
<fid>10-00100-0-2012-66823</fid>
<lfSpanFr gml:id="K1_493116_14-1">
<gml:timePosition>2020-12-21</gml:timePosition>
</lfSpanFr>
<devDate gml:id="K1_493116_14-2">
<gml:timePosition>2020-12-23</gml:timePosition>
</devDate>
<orgGILvl>KJ14</orgGILvl>
<vis>表示</vis>
<pos>
<gml:Point gml:id="K1_493116_14-g" srsName="fguuid:jgd2011.bl">
<gml:pos>32.756490278 131.834207333</gml:pos>
</gml:Point>
</pos>
<orgName>国土地理院</orgName>
<type>三角点</type>
<gcpClass>四等三角点</gcpClass>
<gcpCode>TR44931160601</gcpCode>
<name>土々呂</name>
<B>117923.365</B>
<L>474603.1464</L>
<alti>484.83</alti>
<altiAcc>2</altiAcc>
</GCP>
<GCP gml:id="K1_493116_15">
<fid>10-00100-0-2012-66824</fid>
<lfSpanFr gml:id="K1_493116_15-1">
<gml:timePosition>2020-12-21</gml:timePosition>
</lfSpanFr>
<devDate gml:id="K1_493116_15-2">
<gml:timePosition>2020-12-23</gml:timePosition>
</devDate>
<orgGILvl>KJ14</orgGILvl>
<vis>表示</vis>
<pos>
<gml:Point gml:id="K1_493116_15-g" srsName="fguuid:jgd2011.bl">
<gml:pos>32.752904194 131.866395389</gml:pos>
</gml:Point>
</pos>
<orgName>国土地理院</orgName>
<type>三角点</type>
<gcpClass>四等三角点</gcpClass>
<gcpCode>TR44931160901</gcpCode>
<name>貝浦</name>
<B>117910.4551</B>
<L>474719.0234</L>
<alti>216.16</alti>
<altiAcc>2</altiAcc>
</GCP>
<GCP gml:id="K1_493116_16">
<fid>10-00100-0-2012-66825</fid>
<lfSpanFr gml:id="K1_493116_16-1">
<gml:timePosition>2020-12-21</gml:timePosition>
</lfSpanFr>
<devDate gml:id="K1_493116_16-2">
<gml:timePosition>2020-12-23</gml:timePosition>
</devDate>
<orgGILvl>KJ14</orgGILvl>
<vis>表示</vis>
<pos>
<gml:Point gml:id="K1_493116_16-g" srsName="fguuid:jgd2011.bl">
<gml:pos>32.764528417 131.773560333</gml:pos>
</gml:Point>
</pos>
<orgName>国土地理院</orgName>
<type>三角点</type>
<gcpClass>四等三角点</gcpClass>
<gcpCode>TR44931161101</gcpCode>
<name>走水</name>
<B>117952.3023</B>
<L>474384.8172</L>
<alti>173.9</alti>
<altiAcc>2</altiAcc>
</GCP>
<GCP gml:id="K1_493116_17">
<fid>10-00100-0-2012-66826</fid>
<lfSpanFr gml:id="K1_493116_17-1">
<gml:timePosition>2020-12-21</gml:timePosition>
</lfSpanFr>
<devDate gml:id="K1_493116_17-2">
<gml:timePosition>2020-12-23</gml:timePosition>
</devDate>
<orgGILvl>KJ14</orgGILvl>
<vis>表示</vis>
<pos>
<gml:Point gml:id="K1_493116_17-g" srsName="fguuid:jgd2011.bl">
<gml:pos>32.758502639 131.762821333</gml:pos>
</gml:Point>
</pos>
<orgName>国土地理院</orgName>
<type>三角点</type>
<gcpClass>四等三角点</gcpClass>
<gcpCode>TR44931161102</gcpCode>
<name>下塚</name>
<B>117930.6095</B>
<L>474346.1568</L>
<alti>323.17</alti>
<altiAcc>2</altiAcc>
</GCP>
<GCP gml:id="K1_493116_18">
<fid>10-00100-0-2012-66827</fid>
<lfSpanFr gml:id="K1_493116_18-1">
<gml:timePosition>2020-12-21</gml:timePosition>
</lfSpanFr>
<devDate gml:id="K1_493116_18-2">
<gml:timePosition>2020-12-23</gml:timePosition>
</devDate>
<orgGILvl>KJ14</orgGILvl>
<vis>表示</vis>
<pos>
<gml:Point gml:id="K1_493116_18-g" srsName="fguuid:jgd2011.bl">
<gml:pos>32.763368056 131.799806639</gml:pos>
</gml:Point>
</pos>
<orgName>国土地理院</orgName>
<type>三角点</type>
<gcpClass>四等三角点</gcpClass>
<gcpCode>TR44931161301</gcpCode>
<name>仏の越</name>
<B>117948.125</B>
<L>474479.3039</L>
<alti>221.87</alti>
<altiAcc>2</altiAcc>
</GCP>
<GCP gml:id="K1_493116_19">
<fid>10-00100-0-2012-66828</fid>
<lfSpanFr gml:id="K1_493116_19-1">
<gml:timePosition>2020-12-21</gml:timePosition>
</lfSpanFr>
<devDate gml:id="K1_493116_19-2">
<gml:timePosition>2020-12-23</gml:timePosition>
</devDate>
<orgGILvl>KJ14</orgGILvl>
<vis>表示</vis>
<pos>
<gml:Point gml:id="K1_493116_19-g" srsName="fguuid:jgd2011.bl">
<gml:pos>32.763053556 131.864283611</gml:pos>
</gml:Point>
</pos>
<orgName>国土地理院</orgName>
<type>三角点</type>
<gcpClass>四等三角点</gcpClass>
<gcpCode>TR44931161901</gcpCode>
<name>貝谷</name>
<B>117946.9928</B>
<L>474711.421</L>
<alti>376.53</alti>
<altiAcc>2</altiAcc>
</GCP>
<GCP gml:id="K1_493116_20">
<fid>10-00100-0-2012-66829</fid>
<lfSpanFr gml:id="K1_493116_20-1">
<gml:timePosition>2020-12-21</gml:timePosition>
</lfSpanFr>
<devDate gml:id="K1_493116_20-2">
<gml:timePosition>2020-12-23</gml:timePosition>
</devDate>
<orgGILvl>KJ14</orgGILvl>
<vis>表示</vis>
<pos>
<gml:Point gml:id="K1_493116_20-g" srsName="fguuid:jgd2011.bl">
<gml:pos>32.772864583 131.811249750</gml:pos>
</gml:Point>
</pos>
<orgName>国土地理院</orgName>
<type>三角点</type>
<gcpClass>四等三角点</gcpClass>
<gcpCode>TR44931162401</gcpCode>
<name>丸山</name>
<B>117982.3125</B>
<L>474520.4991</L>
<alti>177.08</alti>
<altiAcc>2</altiAcc>
</GCP>
<GCP gml:id="K1_493116_21">
<fid>10-00100-0-2012-66830</fid>
<lfSpanFr gml:id="K1_493116_21-1">
<gml:timePosition>2020-12-21</gml:timePosition>
</lfSpanFr>
<devDate gml:id="K1_493116_21-2">
<gml:timePosition>2020-12-23</gml:timePosition>
</devDate>
<orgGILvl>KJ14</orgGILvl>
<vis>表示</vis>
<pos>
<gml:Point gml:id="K1_493116_21-g" srsName="fguuid:jgd2011.bl">
<gml:pos>32.767369000 131.826298167</gml:pos>
</gml:Point>
</pos>
<orgName>国土地理院</orgName>
<type>三角点</type>
<gcpClass>四等三角点</gcpClass>
<gcpCode>TR44931162601</gcpCode>
<name>赤木</name>
<B>117962.5284</B>
<L>474574.6734</L>
<alti>355.05</alti>
<altiAcc>2</altiAcc>
</GCP>
<GCP gml:id="K1_493116_22">
<fid>10-00100-0-2012-66831</fid>
<lfSpanFr gml:id="K1_493116_22-1">
<gml:timePosition>2020-12-21</gml:timePosition>
</lfSpanFr>
<devDate gml:id="K1_493116_22-2">
<gml:timePosition>2020-12-23</gml:timePosition>
</devDate>
<orgGILvl>KJ14</orgGILvl>
<vis>表示</vis>
<pos>
<gml:Point gml:id="K1_493116_22-g" srsName="fguuid:jgd2011.bl">
<gml:pos>32.766943000 131.846541667</gml:pos>
</gml:Point>
</pos>
<orgName>国土地理院</orgName>
<type>三角点</type>
<gcpClass>四等三角点</gcpClass>
<gcpCode>TR44931162701</gcpCode>
<name>市尾内</name>
<B>117960.9948</B>
<L>474647.55</L>
<alti>383.68</alti>
<altiAcc>2</altiAcc>
</GCP>
<GCP gml:id="K1_493116_23">
<fid>10-00100-0-2012-66832</fid>
<lfSpanFr gml:id="K1_493116_23-1">
<gml:timePosition>2020-12-21</gml:timePosition>
</lfSpanFr>
<devDate gml:id="K1_493116_23-2">
<gml:timePosition>2020-12-23</gml:timePosition>
</devDate>
<orgGILvl>KJ14</orgGILvl>
<vis>表示</vis>
<pos>
<gml:Point gml:id="K1_493116_23-g" srsName="fguuid:jgd2011.bl">
<gml:pos>32.776971556 131.767656667</gml:pos>
</gml:Point>
</pos>
<orgName>国土地理院</orgName>
<type>三角点</type>
<gcpClass>四等三角点</gcpClass>
<gcpCode>TR44931163101</gcpCode>
<name>小長谷</name>
<B>117997.0976</B>
<L>474363.564</L>
<alti>404.25</alti>
<altiAcc>2</altiAcc>
</GCP>
<GCP gml:id="K1_493116_24">
<fid>10-00100-0-2012-66833</fid>
<lfSpanFr gml:id="K1_493116_24-1">
<gml:timePosition>2020-12-21</gml:timePosition>
</lfSpanFr>
<devDate gml:id="K1_493116_24-2">
<gml:timePosition>2020-12-23</gml:timePosition>
</devDate>
<orgGILvl>KJ14</orgGILvl>
<vis>表示</vis>
<pos>
<gml:Point gml:id="K1_493116_24-g" srsName="fguuid:jgd2011.bl">
<gml:pos>32.778930917 131.801966333</gml:pos>
</gml:Point>
</pos>
<orgName>国土地理院</orgName>
<type>三角点</type>
<gcpClass>四等三角点</gcpClass>
<gcpCode>TR44931163401</gcpCode>
<name>奥川内</name>
<B>118004.1513</B>
<L>474487.0788</L>
<alti>252.08</alti>
<altiAcc>2</altiAcc>
</GCP>
<GCP gml:id="K1_493116_25">
<fid>10-00100-0-2012-66834</fid>
<lfSpanFr gml:id="K1_493116_25-1">
<gml:timePosition>2020-12-21</gml:timePosition>
</lfSpanFr>
<devDate gml:id="K1_493116_25-2">
<gml:timePosition>2020-12-23</gml:timePosition>
</devDate>
<orgGILvl>KJ14</orgGILvl>
<vis>表示</vis>
<pos>
<gml:Point gml:id="K1_493116_25-g" srsName="fguuid:jgd2011.bl">
<gml:pos>32.776767306 131.844553889</gml:pos>
</gml:Point>
</pos>
<orgName>国土地理院</orgName>
<type>三角点</type>
<gcpClass>四等三角点</gcpClass>
<gcpCode>TR44931163701</gcpCode>
<name>大谷</name>
<B>117996.3623</B>
<L>474640.394</L>
<alti>387.43</alti>
<altiAcc>2</altiAcc>
</GCP>
<GCP gml:id="K1_493116_26">
<fid>10-00100-0-2012-66835</fid>
<lfSpanFr gml:id="K1_493116_26-1">
<gml:timePosition>2020-12-21</gml:timePosition>
</lfSpanFr>
<devDate gml:id="K1_493116_26-2">
<gml:timePosition>2020-12-23</gml:timePosition>
</devDate>
<orgGILvl>KJ14</orgGILvl>
<vis>表示</vis>
<pos>
<gml:Point gml:id="K1_493116_26-g" srsName="fguuid:jgd2011.bl">
<gml:pos>32.782754889 131.861879139</gml:pos>
</gml:Point>
</pos>
<orgName>国土地理院</orgName>
<type>三角点</type>
<gcpClass>四等三角点</gcpClass>
<gcpCode>TR44931163801</gcpCode>
<name>平尾</name>
<B>118017.9176</B>
<L>474702.7649</L>
<alti>254.75</alti>
<altiAcc>2</altiAcc>
</GCP>
<GCP gml:id="K1_493116_27">
<fid>10-00100-0-2012-66836</fid>
<lfSpanFr gml:id="K1_493116_27-1">
<gml:timePosition>2020-12-21</gml:timePosition>
</lfSpanFr>
<devDate gml:id="K1_493116_27-2">
<gml:timePosition>2020-12-23</gml:timePosition>
</devDate>
<orgGILvl>KJ14</orgGILvl>
<vis>表示</vis>
<pos>
<gml:Point gml:id="K1_493116_27-g" srsName="fguuid:jgd2011.bl">
<gml:pos>32.790433278 131.754326306</gml:pos>
</gml:Point>
</pos>
<orgName>国土地理院</orgName>
<type>三角点</type>
<gcpClass>四等三角点</gcpClass>
<gcpCode>TR44931164001</gcpCode>
<name>波帰ノ内山</name>
<B>118045.5598</B>
<L>474315.5747</L>
<alti>562.69</alti>
<altiAcc>2</altiAcc>
</GCP>
<GCP gml:id="K1_493116_28">
<fid>10-00100-0-2012-66837</fid>
<lfSpanFr gml:id="K1_493116_28-1">
<gml:timePosition>2020-12-21</gml:timePosition>
</lfSpanFr>
<devDate gml:id="K1_493116_28-2">
<gml:timePosition>2020-12-23</gml:timePosition>
</devDate>
<orgGILvl>KJ14</orgGILvl>
<vis>表示</vis>
<pos>
<gml:Point gml:id="K1_493116_28-g" srsName="fguuid:jgd2011.bl">
<gml:pos>32.788652444 131.814342250</gml:pos>
</gml:Point>
</pos>
<orgName>国土地理院</orgName>
<type>三角点</type>
<gcpClass>四等三角点</gcpClass>
<gcpCode>TR44931164501</gcpCode>
<name>笛ノ水流</name>
<B>118039.1488</B>
<L>474531.6321</L>
<alti>253.52</alti>
<altiAcc>2</altiAcc>
</GCP>
<GCP gml:id="K1_493116_29">
<fid>10-00100-0-2012-66838</fid>
<lfSpanFr gml:id="K1_493116_29-1">
<gml:timePosition>2020-12-21</gml:timePosition>
</lfSpanFr>
<devDate gml:id="K1_493116_29-2">
<gml:timePosition>2020-12-23</gml:timePosition>
</devDate>
<orgGILvl>KJ14</orgGILvl>
<vis>表示</vis>
<pos>
<gml:Point gml:id="K1_493116_29-g" srsName="fguuid:jgd2011.bl">
<gml:pos>32.786520944 131.849474306</gml:pos>
</gml:Point>
</pos>
<orgName>国土地理院</orgName>
<type>三角点</type>
<gcpClass>四等三角点</gcpClass>
<gcpCode>TR44931164701</gcpCode>
<name>樋掛</name>
<B>118031.4754</B>
<L>474658.1075</L>
<alti>381.17</alti>
<altiAcc>2</altiAcc>
</GCP>
<GCP gml:id="K1_493116_30">
<fid>10-00100-0-2012-66839</fid>
<lfSpanFr gml:id="K1_493116_30-1">
<gml:timePosition>2020-12-21</gml:timePosition>
</lfSpanFr>
<devDate gml:id="K1_493116_30-2">
<gml:timePosition>2020-12-23</gml:timePosition>
</devDate>
<orgGILvl>KJ14</orgGILvl>
<vis>表示</vis>
<pos>
<gml:Point gml:id="K1_493116_30-g" srsName="fguuid:jgd2011.bl">
<gml:pos>32.792072528 131.792792667</gml:pos>
</gml:Point>
</pos>
<orgName>国土地理院</orgName>
<type>三角点</type>
<gcpClass>四等三角点</gcpClass>
<gcpCode>TR44931165301</gcpCode>
<name>小原</name>
<B>118051.4611</B>
<L>474454.0536</L>
<alti>496.69</alti>
<altiAcc>2</altiAcc>
</GCP>
<GCP gml:id="K1_493116_31">
<fid>10-00100-0-2012-66840</fid>
<lfSpanFr gml:id="K1_493116_31-1">
<gml:timePosition>2020-12-21</gml:timePosition>
</lfSpanFr>
<devDate gml:id="K1_493116_31-2">
<gml:timePosition>2020-12-23</gml:timePosition>
</devDate>
<orgGILvl>KJ14</orgGILvl>
<vis>表示</vis>
<pos>
<gml:Point gml:id="K1_493116_31-g" srsName="fguuid:jgd2011.bl">
<gml:pos>32.793336889 131.835978222</gml:pos>
</gml:Point>
</pos>
<orgName>国土地理院</orgName>
<type>三角点</type>
<gcpClass>四等三角点</gcpClass>
<gcpCode>TR44931165601</gcpCode>
<name>椎木谷</name>
<B>118056.0128</B>
<L>474609.5216</L>
<alti>442.86</alti>
<altiAcc>2</altiAcc>
</GCP>
<GCP gml:id="K1_493116_32">
<fid>10-00100-0-2012-66841</fid>
<lfSpanFr gml:id="K1_493116_32-1">
<gml:timePosition>2020-12-21</gml:timePosition>
</lfSpanFr>
<devDate gml:id="K1_493116_32-2">
<gml:timePosition>2020-12-23</gml:timePosition>
</devDate>
<orgGILvl>KJ14</orgGILvl>
<vis>表示</vis>
<pos>
<gml:Point gml:id="K1_493116_32-g" srsName="fguuid:jgd2011.bl">
<gml:pos>32.805026472 131.806949361</gml:pos>
</gml:Point>
</pos>
<orgName>国土地理院</orgName>
<type>三角点</type>
<gcpClass>四等三角点</gcpClass>
<gcpCode>TR44931166401</gcpCode>
<name>白樫窪</name>
<B>118098.0953</B>
<L>474505.0177</L>
<alti>443.13</alti>
<altiAcc>2</altiAcc>
</GCP>
<GCP gml:id="K1_493116_33">
<fid>10-00100-0-2012-66842</fid>
<lfSpanFr gml:id="K1_493116_33-1">
<gml:timePosition>2020-12-21</gml:timePosition>
</lfSpanFr>
<devDate gml:id="K1_493116_33-2">
<gml:timePosition>2020-12-23</gml:timePosition>
</devDate>
<orgGILvl>KJ14</orgGILvl>
<vis>表示</vis>
<pos>
<gml:Point gml:id="K1_493116_33-g" srsName="fguuid:jgd2011.bl">
<gml:pos>32.803501056 131.865441389</gml:pos>
</gml:Point>
</pos>
<orgName>国土地理院</orgName>
<type>三角点</type>
<gcpClass>四等三角点</gcpClass>
<gcpCode>TR44931166901</gcpCode>
<name>地下</name>
<B>118092.6038</B>
<L>474715.589</L>
<alti>349.45</alti>
<altiAcc>2</altiAcc>
</GCP>
<GCP gml:id="K1_493116_34">
<fid>10-00100-0-2012-66843</fid>
<lfSpanFr gml:id="K1_493116_34-1">
<gml:timePosition>2020-12-21</gml:timePosition>
</lfSpanFr>
<devDate gml:id="K1_493116_34-2">
<gml:timePosition>2020-12-23</gml:timePosition>
</devDate>
<orgGILvl>KJ14</orgGILvl>
<vis>表示</vis>
<pos>
<gml:Point gml:id="K1_493116_34-g" srsName="fguuid:jgd2011.bl">
<gml:pos>32.811709694 131.789066083</gml:pos>
</gml:Point>
</pos>
<orgName>国土地理院</orgName>
<type>三角点</type>
<gcpClass>四等三角点</gcpClass>
<gcpCode>TR44931167301</gcpCode>
<name>勘掛</name>
<B>118122.1549</B>
<L>474440.6379</L>
<alti>510.82</alti>
<altiAcc>2</altiAcc>
</GCP>
<GCP gml:id="K1_493116_35">
<fid>10-00100-0-2012-66844</fid>
<lfSpanFr gml:id="K1_493116_35-1">
<gml:timePosition>2020-12-21</gml:timePosition>
</lfSpanFr>
<devDate gml:id="K1_493116_35-2">
<gml:timePosition>2020-12-23</gml:timePosition>
</devDate>
<orgGILvl>KJ14</orgGILvl>
<vis>表示</vis>
<pos>
<gml:Point gml:id="K1_493116_35-g" srsName="fguuid:jgd2011.bl">
<gml:pos>32.815182917 131.807762583</gml:pos>
</gml:Point>
</pos>
<orgName>国土地理院</orgName>
<type>三角点</type>
<gcpClass>四等三角点</gcpClass>
<gcpCode>TR44931167401</gcpCode>
<name>荒内</name>
<B>118134.6585</B>
<L>474507.9453</L>
<alti>495.18</alti>
<altiAcc>2</altiAcc>
</GCP>
<GCP gml:id="K1_493116_36">
<fid>10-00100-0-2012-66845</fid>
<lfSpanFr gml:id="K1_493116_36-1">
<gml:timePosition>2020-12-21</gml:timePosition>
</lfSpanFr>
<devDate gml:id="K1_493116_36-2">
<gml:timePosition>2020-12-23</gml:timePosition>
</devDate>
<orgGILvl>KJ14</orgGILvl>
<vis>表示</vis>
<pos>
<gml:Point gml:id="K1_493116_36-g" srsName="fguuid:jgd2011.bl">
<gml:pos>32.810621111 131.829448556</gml:pos>
</gml:Point>
</pos>
<orgName>国土地理院</orgName>
<type>三角点</type>
<gcpClass>四等三角点</gcpClass>
<gcpCode>TR44931167601</gcpCode>
<name>木内山</name>
<B>118118.236</B>
<L>474586.0148</L>
<alti>436.52</alti>
<altiAcc>2</altiAcc>
</GCP>
<GCP gml:id="K1_493116_37">
<fid>10-00100-0-2012-66846</fid>
<lfSpanFr gml:id="K1_493116_37-1">
<gml:timePosition>2020-12-21</gml:timePosition>
</lfSpanFr>
<devDate gml:id="K1_493116_37-2">
<gml:timePosition>2020-12-23</gml:timePosition>
</devDate>
<orgGILvl>KJ14</orgGILvl>
<vis>表示</vis>
<pos>
<gml:Point gml:id="K1_493116_37-g" srsName="fguuid:jgd2011.bl">
<gml:pos>32.810036333 131.845177944</gml:pos>
</gml:Point>
</pos>
<orgName>国土地理院</orgName>
<type>三角点</type>
<gcpClass>四等三角点</gcpClass>
<gcpCode>TR44931167701</gcpCode>
<name>三川内</name>
<B>118116.1308</B>
<L>474642.6406</L>
<alti>552.15</alti>
<altiAcc>2</altiAcc>
</GCP>
<GCP gml:id="K1_493116_38">
<fid>10-00100-0-2012-66847</fid>
<lfSpanFr gml:id="K1_493116_38-1">
<gml:timePosition>2020-12-21</gml:timePosition>
</lfSpanFr>
<devDate gml:id="K1_493116_38-2">
<gml:timePosition>2020-12-23</gml:timePosition>
</devDate>
<orgGILvl>KJ14</orgGILvl>
<vis>表示</vis>
<pos>
<gml:Point gml:id="K1_493116_38-g" srsName="fguuid:jgd2011.bl">
<gml:pos>32.811330750 131.859651167</gml:pos>
</gml:Point>
</pos>
<orgName>国土地理院</orgName>
<type>三角点</type>
<gcpClass>四等三角点</gcpClass>
<gcpCode>TR44931167801</gcpCode>
<name>塩見山</name>
<B>118120.7907</B>
<L>474694.7442</L>
<alti>554.51</alti>
<altiAcc>2</altiAcc>
</GCP>
<GCP gml:id="K1_493116_39">
<fid>10-00100-0-2012-66848</fid>
<lfSpanFr gml:id="K1_493116_39-1">
<gml:timePosition>2020-12-21</gml:timePosition>
</lfSpanFr>
<devDate gml:id="K1_493116_39-2">
<gml:timePosition>2020-12-23</gml:timePosition>
</devDate>
<orgGILvl>KJ14</orgGILvl>
<vis>表示</vis>
<pos>
<gml:Point gml:id="K1_493116_39-g" srsName="fguuid:jgd2011.bl">
<gml:pos>32.820237583 131.833698583</gml:pos>
</gml:Point>
</pos>
<orgName>国土地理院</orgName>
<type>三角点</type>
<gcpClass>四等三角点</gcpClass>
<gcpCode>TR44931168601</gcpCode>
<name>木和田</name>
<B>118152.8553</B>
<L>474601.3149</L>
<alti>572.19</alti>
<altiAcc>2</altiAcc>
</GCP>
<GCP gml:id="K1_493116_40">
<fid>10-00100-0-2012-66849</fid>
<lfSpanFr gml:id="K1_493116_40-1">
<gml:timePosition>2020-12-21</gml:timePosition>
</lfSpanFr>
<devDate gml:id="K1_493116_40-2">
<gml:timePosition>2020-12-23</gml:timePosition>
</devDate>
<orgGILvl>KJ14</orgGILvl>
<vis>表示</vis>
<pos>
<gml:Point gml:id="K1_493116_40-g" srsName="fguuid:jgd2011.bl">
<gml:pos>32.828057000 131.815372417</gml:pos>
</gml:Point>
</pos>
<orgName>国土地理院</orgName>
<type>三角点</type>
<gcpClass>四等三角点</gcpClass>
<gcpCode>TR44931169501</gcpCode>
<name>祝楠</name>
<B>118181.0052</B>
<L>474535.3407</L>
<alti>604.77</alti>
<altiAcc>2</altiAcc>
</GCP>
</Dataset>
