<?xml version="1.0" encoding="utf-8"?>
<Dataset xsi:schemaLocation="http://fgd.gsi.go.jp/spec/2008/FGD_GMLSchema FGD_GMLSchema.xsd"
	xmlns:gml="http://www.opengis.net/gml/3.2"
	xmlns:xsi="http://www.w3.org/2001/XMLSchema-instance"
	xmlns:xlink="http://www.w3.org/1999/xlink"
	xmlns="http://fgd.gsi.go.jp/spec/2008/FGD_GMLSchema"
	gml:id="Dataset1">
  <gml:description>基盤地図情報メタデータ ID=fmdid:21-0101</gml:description>
  <gml:name>基盤地図情報ダウンロードデータ（GML版）</gml:name>
<Cstline gml:id="K14_4747211790_1">
<fid>47472-11790-s-636</fid>
<lfSpanFr gml:id="K14_4747211790_1-1">
<gml:timePosition>2020-06-30</gml:timePosition>
</lfSpanFr>
<devDate gml:id="K14_4747211790_1-2">
<gml:timePosition>2020-12-23</gml:timePosition>
</devDate>
<orgGILvl>25000</orgGILvl>
<loc>
<gml:Curve gml:id="K14_4747211790_1-g" srsName="fguuid:jgd2011.bl">
<gml:segments>
<gml:LineStringSegment>
<gml:posList>
32.754977861 131.872872667
32.755004028 131.873022417
32.754984389 131.873231000
32.754906194 131.873768917
32.754887500 131.873902139
32.754882417 131.874047472
32.754882417 131.874148389
32.754901111 131.874221056
32.754928306 131.874309861
32.755074444 131.874693389
32.755122028 131.874832667
32.755015011 131.874825649
</gml:posList>
</gml:LineStringSegment>
</gml:segments>
</gml:Curve>
</loc>
<type>海岸線</type>
</Cstline>
<Cstline gml:id="K14_4747211790_2">
<fid>47472-11790-s-637</fid>
<lfSpanFr gml:id="K14_4747211790_2-1">
<gml:timePosition>2020-06-30</gml:timePosition>
</lfSpanFr>
<devDate gml:id="K14_4747211790_2-2">
<gml:timePosition>2020-12-23</gml:timePosition>
</devDate>
<orgGILvl>25000</orgGILvl>
<loc>
<gml:Curve gml:id="K14_4747211790_2-g" srsName="fguuid:jgd2011.bl">
<gml:segments>
<gml:LineStringSegment>
<gml:posList>
32.752060444 131.871845306
32.752088111 131.871870861
32.752169250 131.871896417
32.752203083 131.871941694
32.752312500 131.871978194
32.752356778 131.871964333
32.752387500 131.872027861
32.752421333 131.872051611
32.752495111 131.872058167
32.752538139 131.872024583
32.752539167 131.871968611
</gml:posList>
</gml:LineStringSegment>
</gml:segments>
</gml:Curve>
</loc>
<type>海岸線</type>
</Cstline>
<Cstline gml:id="K14_4747211790_3">
<fid>47472-11790-s-638</fid>
<lfSpanFr gml:id="K14_4747211790_3-1">
<gml:timePosition>2020-06-30</gml:timePosition>
</lfSpanFr>
<devDate gml:id="K14_4747211790_3-2">
<gml:timePosition>2020-12-23</gml:timePosition>
</devDate>
<orgGILvl>25000</orgGILvl>
<loc>
<gml:Curve gml:id="K14_4747211790_3-g" srsName="fguuid:jgd2011.bl">
<gml:segments>
<gml:LineStringSegment>
<gml:posList>
32.753212861 131.872135611
32.753188167 131.872186167
32.753186333 131.872237639
32.753218000 131.872283639
32.753285611 131.872280722
32.753343111 131.872355944
32.753406667 131.872323889
</gml:posList>
</gml:LineStringSegment>
</gml:segments>
</gml:Curve>
</loc>
<type>海岸線</type>
</Cstline>
<Cstline gml:id="K14_4747211790_4">
<fid>47472-11790-s-639</fid>
<lfSpanFr gml:id="K14_4747211790_4-1">
<gml:timePosition>2020-06-30</gml:timePosition>
</lfSpanFr>
<devDate gml:id="K14_4747211790_4-2">
<gml:timePosition>2020-12-23</gml:timePosition>
</devDate>
<orgGILvl>25000</orgGILvl>
<loc>
<gml:Curve gml:id="K14_4747211790_4-g" srsName="fguuid:jgd2011.bl">
<gml:segments>
<gml:LineStringSegment>
<gml:posList>
32.752539167 131.871968611
32.753212861 131.872135611
</gml:posList>
</gml:LineStringSegment>
</gml:segments>
</gml:Curve>
</loc>
<type>海岸線</type>
</Cstline>
<Cstline gml:id="K14_4747211790_5">
<fid>47472-11790-s-640</fid>
<lfSpanFr gml:id="K14_4747211790_5-1">
<gml:timePosition>2020-06-30</gml:timePosition>
</lfSpanFr>
<devDate gml:id="K14_4747211790_5-2">
<gml:timePosition>2020-12-23</gml:timePosition>
</devDate>
<orgGILvl>25000</orgGILvl>
<loc>
<gml:Curve gml:id="K14_4747211790_5-g" srsName="fguuid:jgd2011.bl">
<gml:segments>
<gml:LineStringSegment>
<gml:posList>
32.755015011 131.874825649
32.755010310 131.875000000
</gml:posList>
</gml:LineStringSegment>
</gml:segments>
</gml:Curve>
</loc>
<type>海岸線</type>
</Cstline>
<Cstline gml:id="K14_4747211790_6">
<fid>47472-11790-s-749</fid>
<lfSpanFr gml:id="K14_4747211790_6-1">
<gml:timePosition>2020-06-30</gml:timePosition>
</lfSpanFr>
<devDate gml:id="K14_4747211790_6-2">
<gml:timePosition>2020-12-23</gml:timePosition>
</devDate>
<orgGILvl>25000</orgGILvl>
<loc>
<gml:Curve gml:id="K14_4747211790_6-g" srsName="fguuid:jgd2011.bl">
<gml:segments>
<gml:LineStringSegment>
<gml:posList>
32.751825583 131.871667472
32.751941389 131.871768056
32.752060444 131.871845306
</gml:posList>
</gml:LineStringSegment>
</gml:segments>
</gml:Curve>
</loc>
<type>その他</type>
</Cstline>
<Cstline gml:id="K14_4747211790_7">
<fid>47472-11790-s-750</fid>
<lfSpanFr gml:id="K14_4747211790_7-1">
<gml:timePosition>2020-06-30</gml:timePosition>
</lfSpanFr>
<devDate gml:id="K14_4747211790_7-2">
<gml:timePosition>2020-12-23</gml:timePosition>
</devDate>
<orgGILvl>25000</orgGILvl>
<loc>
<gml:Curve gml:id="K14_4747211790_7-g" srsName="fguuid:jgd2011.bl">
<gml:segments>
<gml:LineStringSegment>
<gml:posList>
32.750000000 131.872682833
32.750159722 131.872568056
32.750443889 131.872335000
32.750658056 131.872188333
32.750860833 131.872088611
32.751260556 131.871935278
32.751825583 131.871667472
</gml:posList>
</gml:LineStringSegment>
</gml:segments>
</gml:Curve>
</loc>
<type>海岸線</type>
</Cstline>
<Cstline gml:id="K14_4747211790_8">
<fid>47472-11790-s-751</fid>
<lfSpanFr gml:id="K14_4747211790_8-1">
<gml:timePosition>2020-06-30</gml:timePosition>
</lfSpanFr>
<devDate gml:id="K14_4747211790_8-2">
<gml:timePosition>2020-12-23</gml:timePosition>
</devDate>
<orgGILvl>25000</orgGILvl>
<loc>
<gml:Curve gml:id="K14_4747211790_8-g" srsName="fguuid:jgd2011.bl">
<gml:segments>
<gml:LineStringSegment>
<gml:posList>
32.753406667 131.872323889
32.753443056 131.872317500
32.753553333 131.872304444
32.753795278 131.872321111
32.753930556 131.872394444
32.754129611 131.872571972
32.754528944 131.872860611
32.754690389 131.872971611
32.754753278 131.872985750
32.754816139 131.872977667
32.754875611 131.872961528
32.754900000 131.872939778
32.754977861 131.872872667
</gml:posList>
</gml:LineStringSegment>
</gml:segments>
</gml:Curve>
</loc>
<type>海岸線</type>
</Cstline>
<Cstline gml:id="K14_4747211796_1">
<fid>47472-11796-s-472</fid>
<lfSpanFr gml:id="K14_4747211796_1-1">
<gml:timePosition>2020-06-30</gml:timePosition>
</lfSpanFr>
<devDate gml:id="K14_4747211796_1-2">
<gml:timePosition>2020-12-23</gml:timePosition>
</devDate>
<orgGILvl>25000</orgGILvl>
<loc>
<gml:Curve gml:id="K14_4747211796_1-g" srsName="fguuid:jgd2011.bl">
<gml:segments>
<gml:LineStringSegment>
<gml:posList>
32.768514472 131.875000000
32.768524444 131.874940556
32.768563889 131.874933889
32.768647500 131.874860556
32.768670833 131.874820556
32.768678139 131.874747694
32.768689139 131.874721556
</gml:posList>
</gml:LineStringSegment>
</gml:segments>
</gml:Curve>
</loc>
<type>海岸線</type>
</Cstline>
<Cstline gml:id="K14_4747211796_2">
<fid>47472-11796-s-473</fid>
<lfSpanFr gml:id="K14_4747211796_2-1">
<gml:timePosition>2020-06-30</gml:timePosition>
</lfSpanFr>
<devDate gml:id="K14_4747211796_2-2">
<gml:timePosition>2020-12-23</gml:timePosition>
</devDate>
<orgGILvl>25000</orgGILvl>
<loc>
<gml:Curve gml:id="K14_4747211796_2-g" srsName="fguuid:jgd2011.bl">
<gml:segments>
<gml:LineStringSegment>
<gml:posList>
32.774975556 131.868554167
32.775000000 131.868566583
</gml:posList>
</gml:LineStringSegment>
</gml:segments>
</gml:Curve>
</loc>
<type>海岸線</type>
</Cstline>
<Cstline gml:id="K14_4747211796_3">
<fid>47472-11796-s-474</fid>
<lfSpanFr gml:id="K14_4747211796_3-1">
<gml:timePosition>2020-06-30</gml:timePosition>
</lfSpanFr>
<devDate gml:id="K14_4747211796_3-2">
<gml:timePosition>2020-12-23</gml:timePosition>
</devDate>
<orgGILvl>25000</orgGILvl>
<loc>
<gml:Curve gml:id="K14_4747211796_3-g" srsName="fguuid:jgd2011.bl">
<gml:segments>
<gml:LineStringSegment>
<gml:posList>
32.768935500 131.875000000
32.768913056 131.874980556
32.768924444 131.874907222
32.768873889 131.874847222
32.768845556 131.874847222
32.768665278 131.874900556
32.768654167 131.874993889
32.768650028 131.875000000
</gml:posList>
</gml:LineStringSegment>
</gml:segments>
</gml:Curve>
</loc>
<type>海岸線</type>
</Cstline>
<Cstline gml:id="K14_4747211796_4">
<fid>47472-11796-s-475</fid>
<lfSpanFr gml:id="K14_4747211796_4-1">
<gml:timePosition>2020-06-30</gml:timePosition>
</lfSpanFr>
<devDate gml:id="K14_4747211796_4-2">
<gml:timePosition>2020-12-23</gml:timePosition>
</devDate>
<orgGILvl>25000</orgGILvl>
<loc>
<gml:Curve gml:id="K14_4747211796_4-g" srsName="fguuid:jgd2011.bl">
<gml:segments>
<gml:LineStringSegment>
<gml:posList>
32.772167472 131.869204611
32.772468222 131.869070389
32.772695944 131.868941222
32.772950833 131.868824139
32.773277111 131.868674778
32.773426667 131.868650556
32.773722333 131.868590000
32.773926250 131.868577889
32.774136972 131.868553667
32.774344278 131.868537528
32.774605972 131.868533500
32.774825222 131.868516583
</gml:posList>
</gml:LineStringSegment>
</gml:segments>
</gml:Curve>
</loc>
<type>海岸線</type>
</Cstline>
<Cstline gml:id="K14_4747211796_5">
<fid>47472-11796-s-506</fid>
<lfSpanFr gml:id="K14_4747211796_5-1">
<gml:timePosition>2020-06-30</gml:timePosition>
</lfSpanFr>
<devDate gml:id="K14_4747211796_5-2">
<gml:timePosition>2020-12-23</gml:timePosition>
</devDate>
<orgGILvl>25000</orgGILvl>
<loc>
<gml:Curve gml:id="K14_4747211796_5-g" srsName="fguuid:jgd2011.bl">
<gml:segments>
<gml:LineStringSegment>
<gml:posList>
32.774825222 131.868516583
32.774891500 131.868530722
32.774967222 131.868550000
32.774975556 131.868554167
</gml:posList>
</gml:LineStringSegment>
</gml:segments>
</gml:Curve>
</loc>
<type>その他</type>
</Cstline>
<Cstline gml:id="K14_4747211796_6">
<fid>47472-11796-s-507</fid>
<lfSpanFr gml:id="K14_4747211796_6-1">
<gml:timePosition>2020-06-30</gml:timePosition>
</lfSpanFr>
<devDate gml:id="K14_4747211796_6-2">
<gml:timePosition>2020-12-23</gml:timePosition>
</devDate>
<orgGILvl>25000</orgGILvl>
<loc>
<gml:Curve gml:id="K14_4747211796_6-g" srsName="fguuid:jgd2011.bl">
<gml:segments>
<gml:LineStringSegment>
<gml:posList>
32.770324056 131.871138694
32.770675444 131.871215028
32.770830083 131.871247306
32.770938833 131.871255389
32.771057778 131.871249333
32.771169917 131.871237222
32.771287167 131.871206944
32.771308044 131.871207762
32.771349018 131.871214555
32.771579509 131.871189625
32.771609861 131.871142389
32.771876500 131.871304833
32.772072333 131.871874056
32.772660028 131.871618778
32.772632306 131.871546167
32.772109944 131.871766333
32.771929889 131.871244056
32.771660306 131.871089694
32.771720500 131.871024278
32.771740889 131.870953639
32.771761278 131.870822444
32.771798722 131.870749750
32.771853083 131.870634694
32.771919361 131.870489361
32.771966944 131.870307694
32.771999222 131.870138139
32.772058694 131.869750611
32.772109694 131.869430694
32.772138556 131.869279306
32.772167472 131.869204611
</gml:posList>
</gml:LineStringSegment>
</gml:segments>
</gml:Curve>
</loc>
<type>海岸線</type>
</Cstline>
<Cstline gml:id="K14_4747211796_7">
<fid>47472-11796-s-508</fid>
<lfSpanFr gml:id="K14_4747211796_7-1">
<gml:timePosition>2020-06-30</gml:timePosition>
</lfSpanFr>
<devDate gml:id="K14_4747211796_7-2">
<gml:timePosition>2020-12-23</gml:timePosition>
</devDate>
<orgGILvl>25000</orgGILvl>
<loc>
<gml:Curve gml:id="K14_4747211796_7-g" srsName="fguuid:jgd2011.bl">
<gml:segments>
<gml:LineStringSegment>
<gml:posList>
32.768689139 131.874721556
32.768788333 131.874647222
32.768866944 131.874560556
32.768957222 131.874407222
32.768996667 131.874260556
32.769100806 131.873854583
32.769147722 131.873668861
32.769182111 131.873446000
32.769182111 131.873301139
32.769175861 131.873137722
32.769171111 131.872900556
32.769116944 131.872507222
32.769111389 131.872273889
32.769128333 131.872133889
32.769173333 131.871980556
32.769251417 131.871860917
32.769365278 131.871687333
32.769460444 131.871590472
32.769645667 131.871459278
32.769822389 131.871370472
32.769968528 131.871299806
32.770184333 131.871221111
32.770324056 131.871138694
</gml:posList>
</gml:LineStringSegment>
</gml:segments>
</gml:Curve>
</loc>
<type>海岸線</type>
</Cstline>
<Cstline gml:id="K14_4747211796_8">
<fid>47472-11796-s-509</fid>
<lfSpanFr gml:id="K14_4747211796_8-1">
<gml:timePosition>2020-06-30</gml:timePosition>
</lfSpanFr>
<devDate gml:id="K14_4747211796_8-2">
<gml:timePosition>2020-12-23</gml:timePosition>
</devDate>
<orgGILvl>25000</orgGILvl>
<loc>
<gml:Curve gml:id="K14_4747211796_8-g" srsName="fguuid:jgd2011.bl">
<gml:segments>
<gml:LineStringSegment>
<gml:posList>
32.769482222 131.874673611
32.769515833 131.874633611
32.769521667 131.874587222
32.769561111 131.874527222
32.769561111 131.874480556
32.769549722 131.874427222
32.769499167 131.874400556
32.769515833 131.874340556
32.769515833 131.874300556
32.769465278 131.874247222
32.769414444 131.874273889
32.769369444 131.874227222
32.769307500 131.874233889
32.769290556 131.874253889
32.769290556 131.874293889
32.769251111 131.874347222
32.769238889 131.874440556
32.769238889 131.874480556
32.769279444 131.874520556
32.769266944 131.874640556
32.769311944 131.874673889
32.769368333 131.874707222
32.769408889 131.874706944
32.769482222 131.874673611
</gml:posList>
</gml:LineStringSegment>
</gml:segments>
</gml:Curve>
</loc>
<type>海岸線</type>
</Cstline>
<Cstline gml:id="K14_4747211799_1">
<fid>47472-11799-s-843</fid>
<lfSpanFr gml:id="K14_4747211799_1-1">
<gml:timePosition>2020-06-30</gml:timePosition>
</lfSpanFr>
<devDate gml:id="K14_4747211799_1-2">
<gml:timePosition>2020-12-23</gml:timePosition>
</devDate>
<orgGILvl>25000</orgGILvl>
<loc>
<gml:Curve gml:id="K14_4747211799_1-g" srsName="fguuid:jgd2011.bl">
<gml:segments>
<gml:LineStringSegment>
<gml:posList>
32.776107316 131.872433241
32.776165351 131.872632652
32.776271356 131.872835810
32.776344861 131.872959639
32.776431111 131.873086944
32.776537972 131.873158444
</gml:posList>
</gml:LineStringSegment>
</gml:segments>
</gml:Curve>
</loc>
<type>海岸線</type>
</Cstline>
<Cstline gml:id="K14_4747211799_2">
<fid>47472-11799-s-844</fid>
<lfSpanFr gml:id="K14_4747211799_2-1">
<gml:timePosition>2020-06-30</gml:timePosition>
</lfSpanFr>
<devDate gml:id="K14_4747211799_2-2">
<gml:timePosition>2020-12-23</gml:timePosition>
</devDate>
<orgGILvl>25000</orgGILvl>
<loc>
<gml:Curve gml:id="K14_4747211799_2-g" srsName="fguuid:jgd2011.bl">
<gml:segments>
<gml:LineStringSegment>
<gml:posList>
32.775000000 131.868566583
32.775330278 131.868734167
32.775848333 131.869073889
32.776023056 131.869213889
32.776259722 131.869453889
32.776395000 131.869640556
32.776496389 131.869820556
32.776597778 131.870067222
32.776670833 131.870347222
32.776704722 131.870573889
32.776744167 131.870880556
32.776761111 131.870947222
32.776763052 131.871073654
</gml:posList>
</gml:LineStringSegment>
</gml:segments>
</gml:Curve>
</loc>
<type>海岸線</type>
</Cstline>
<Cstline gml:id="K14_4747211799_3">
<fid>47472-11799-s-845</fid>
<lfSpanFr gml:id="K14_4747211799_3-1">
<gml:timePosition>2020-06-30</gml:timePosition>
</lfSpanFr>
<devDate gml:id="K14_4747211799_3-2">
<gml:timePosition>2020-12-23</gml:timePosition>
</devDate>
<orgGILvl>25000</orgGILvl>
<loc>
<gml:Curve gml:id="K14_4747211799_3-g" srsName="fguuid:jgd2011.bl">
<gml:segments>
<gml:LineStringSegment>
<gml:posList>
32.776537972 131.873158444
32.776528611 131.873260278
32.776539722 131.873286944
32.776573611 131.873320278
32.776641111 131.873300278
32.776770833 131.873400278
32.776814167 131.873400278
32.776832778 131.873380278
32.776877722 131.873325667
</gml:posList>
</gml:LineStringSegment>
</gml:segments>
</gml:Curve>
</loc>
<type>海岸線</type>
</Cstline>
<Cstline gml:id="K14_4747211799_4">
<fid>47472-11799-s-986</fid>
<lfSpanFr gml:id="K14_4747211799_4-1">
<gml:timePosition>2020-06-30</gml:timePosition>
</lfSpanFr>
<devDate gml:id="K14_4747211799_4-2">
<gml:timePosition>2020-12-23</gml:timePosition>
</devDate>
<orgGILvl>25000</orgGILvl>
<loc>
<gml:Curve gml:id="K14_4747211799_4-g" srsName="fguuid:jgd2011.bl">
<gml:segments>
<gml:LineStringSegment>
<gml:posList>
32.776763052 131.871073654
32.776723747 131.871087611
32.776559977 131.871118629
32.776304497 131.871109324
32.776241609 131.871188418
32.776104043 131.871438106
32.775985194 131.871386222
32.775738889 131.871224472
32.775703278 131.871294722
32.775948667 131.871456361
32.775994194 131.871475111
</gml:posList>
</gml:LineStringSegment>
</gml:segments>
</gml:Curve>
</loc>
<type>海岸線</type>
</Cstline>
<Cstline gml:id="K14_4747211799_5">
<fid>47472-11799-s-987</fid>
<lfSpanFr gml:id="K14_4747211799_5-1">
<gml:timePosition>2020-06-30</gml:timePosition>
</lfSpanFr>
<devDate gml:id="K14_4747211799_5-2">
<gml:timePosition>2020-12-23</gml:timePosition>
</devDate>
<orgGILvl>25000</orgGILvl>
<loc>
<gml:Curve gml:id="K14_4747211799_5-g" srsName="fguuid:jgd2011.bl">
<gml:segments>
<gml:LineStringSegment>
<gml:posList>
32.775994194 131.871475111
32.775968333 131.871520556
32.776007778 131.871593889
32.775995000 131.871660556
32.775996389 131.871753889
32.776023611 131.871784333
32.776024722 131.871887222
32.776047222 131.871927222
32.775979444 131.872007222
32.775956944 131.872060556
32.775962778 131.872127222
32.775940000 131.872193611
32.775945833 131.872240278
32.775971361 131.872267972
32.775985278 131.872273611
32.775985278 131.872326944
32.776007778 131.872400278
32.776034444 131.872433611
32.776078431 131.872433310
32.776107316 131.872433241
</gml:posList>
</gml:LineStringSegment>
</gml:segments>
</gml:Curve>
</loc>
<type>海岸線</type>
</Cstline>
<Cstline gml:id="K14_4747211799_6">
<fid>47472-11799-s-988</fid>
<lfSpanFr gml:id="K14_4747211799_6-1">
<gml:timePosition>2020-06-30</gml:timePosition>
</lfSpanFr>
<devDate gml:id="K14_4747211799_6-2">
<gml:timePosition>2020-12-23</gml:timePosition>
</devDate>
<orgGILvl>25000</orgGILvl>
<loc>
<gml:Curve gml:id="K14_4747211799_6-g" srsName="fguuid:jgd2011.bl">
<gml:segments>
<gml:LineStringSegment>
<gml:posList>
32.776359444 131.873066944
32.776303333 131.872986944
32.776308889 131.872946944
32.776245278 131.872880278
32.776188889 131.872880278
32.776138333 131.872893611
32.776104444 131.872913611
32.776093333 131.872966944
32.776123056 131.873026944
32.776128611 131.873126944
32.776162500 131.873146944
32.776134167 131.873246944
32.776241389 131.873286944
32.776320000 131.873273611
32.776358056 131.873220278
32.776359444 131.873066944
</gml:posList>
</gml:LineStringSegment>
</gml:segments>
</gml:Curve>
</loc>
<type>海岸線</type>
</Cstline>
<Cstline gml:id="K14_4747211799_7">
<fid>47472-11799-s-989</fid>
<lfSpanFr gml:id="K14_4747211799_7-1">
<gml:timePosition>2020-06-30</gml:timePosition>
</lfSpanFr>
<devDate gml:id="K14_4747211799_7-2">
<gml:timePosition>2020-12-23</gml:timePosition>
</devDate>
<orgGILvl>25000</orgGILvl>
<loc>
<gml:Curve gml:id="K14_4747211799_7-g" srsName="fguuid:jgd2011.bl">
<gml:segments>
<gml:LineStringSegment>
<gml:posList>
32.776877722 131.873325667
32.777124167 131.873426944
32.777169167 131.873440278
32.777284917 131.873478722
32.777326944 131.873506944
32.777349444 131.873520278
32.777710000 131.873720278
32.777859266 131.873788089
32.777925515 131.873828526
32.777975202 131.873862836
32.778025924 131.873908173
32.778066295 131.873959638
32.778092174 131.874011103
32.778124263 131.874080948
32.778146001 131.874137314
32.778150142 131.874197356
32.778143931 131.874286807
32.778138755 131.874457131
32.778146001 131.874556384
32.778157350 131.874615133
32.778186334 131.874667823
32.778453278 131.874803556
32.778541726 131.874858246
32.778584167 131.874898682
32.778620397 131.874940344
32.778645240 131.874999161
32.778645501 131.875000000
</gml:posList>
</gml:LineStringSegment>
</gml:segments>
</gml:Curve>
</loc>
<type>海岸線</type>
</Cstline>
<Cstline gml:id="K14_4747211799_8">
<fid>47472-11799-s-990</fid>
<lfSpanFr gml:id="K14_4747211799_8-1">
<gml:timePosition>2020-06-30</gml:timePosition>
</lfSpanFr>
<devDate gml:id="K14_4747211799_8-2">
<gml:timePosition>2020-12-23</gml:timePosition>
</devDate>
<orgGILvl>25000</orgGILvl>
<loc>
<gml:Curve gml:id="K14_4747211799_8-g" srsName="fguuid:jgd2011.bl">
<gml:segments>
<gml:LineStringSegment>
<gml:posList>
32.782710250 131.875000000
32.782717139 131.874977583
32.782783750 131.874856639
32.782957861 131.874657167
32.783073889 131.874574528
32.783128333 131.874546667
32.783161444 131.874534722
32.783251944 131.874493917
32.783330917 131.874456333
32.783333333 131.874454583
</gml:posList>
</gml:LineStringSegment>
</gml:segments>
</gml:Curve>
</loc>
<type>海岸線</type>
</Cstline>
<Cstline gml:id="K14_4747211802_1">
<fid>47472-11802-s-635</fid>
<lfSpanFr gml:id="K14_4747211802_1-1">
<gml:timePosition>2020-06-30</gml:timePosition>
</lfSpanFr>
<devDate gml:id="K14_4747211802_1-2">
<gml:timePosition>2020-12-23</gml:timePosition>
</devDate>
<orgGILvl>25000</orgGILvl>
<loc>
<gml:Curve gml:id="K14_4747211802_1-g" srsName="fguuid:jgd2011.bl">
<gml:segments>
<gml:LineStringSegment>
<gml:posList>
32.785891389 131.874593583
32.786157444 131.874587444
32.786434833 131.874555556
32.787137417 131.874751611
32.787384472 131.875000000
</gml:posList>
</gml:LineStringSegment>
</gml:segments>
</gml:Curve>
</loc>
<type>海岸線</type>
</Cstline>
<Cstline gml:id="K14_4747211802_2">
<fid>47472-11802-s-637</fid>
<lfSpanFr gml:id="K14_4747211802_2-1">
<gml:timePosition>2020-06-30</gml:timePosition>
</lfSpanFr>
<devDate gml:id="K14_4747211802_2-2">
<gml:timePosition>2020-12-23</gml:timePosition>
</devDate>
<orgGILvl>25000</orgGILvl>
<loc>
<gml:Curve gml:id="K14_4747211802_2-g" srsName="fguuid:jgd2011.bl">
<gml:segments>
<gml:LineStringSegment>
<gml:posList>
32.788755472 131.875000000
32.788810556 131.874982222
32.788912583 131.874920722
32.789005722 131.874834694
32.789075167 131.874724083
32.789394917 131.874106028
</gml:posList>
</gml:LineStringSegment>
</gml:segments>
</gml:Curve>
</loc>
<type>海岸線</type>
</Cstline>
<Cstline gml:id="K14_4747211802_3">
<fid>47472-11802-s-638</fid>
<lfSpanFr gml:id="K14_4747211802_3-1">
<gml:timePosition>2020-06-30</gml:timePosition>
</lfSpanFr>
<devDate gml:id="K14_4747211802_3-2">
<gml:timePosition>2020-12-23</gml:timePosition>
</devDate>
<orgGILvl>25000</orgGILvl>
<loc>
<gml:Curve gml:id="K14_4747211802_3-g" srsName="fguuid:jgd2011.bl">
<gml:segments>
<gml:LineStringSegment>
<gml:posList>
32.789742778 131.874268306
32.790133917 131.874466556
32.790231472 131.874536778
32.790420667 131.874698306
32.790521167 131.874852806
32.790607306 131.875000000
</gml:posList>
</gml:LineStringSegment>
</gml:segments>
</gml:Curve>
</loc>
<type>海岸線</type>
</Cstline>
<Cstline gml:id="K14_4747211802_4">
<fid>47472-11802-s-639</fid>
<lfSpanFr gml:id="K14_4747211802_4-1">
<gml:timePosition>2020-06-30</gml:timePosition>
</lfSpanFr>
<devDate gml:id="K14_4747211802_4-2">
<gml:timePosition>2020-12-23</gml:timePosition>
</devDate>
<orgGILvl>25000</orgGILvl>
<loc>
<gml:Curve gml:id="K14_4747211802_4-g" srsName="fguuid:jgd2011.bl">
<gml:segments>
<gml:LineStringSegment>
<gml:posList>
32.789681361 131.874248361
32.789569083 131.874956778
32.789639167 131.874970306
32.789742778 131.874268306
</gml:posList>
</gml:LineStringSegment>
</gml:segments>
</gml:Curve>
</loc>
<type>海岸線</type>
</Cstline>
<Cstline gml:id="K14_4747211802_5">
<fid>47472-11802-s-640</fid>
<lfSpanFr gml:id="K14_4747211802_5-1">
<gml:timePosition>2020-06-30</gml:timePosition>
</lfSpanFr>
<devDate gml:id="K14_4747211802_5-2">
<gml:timePosition>2020-12-23</gml:timePosition>
</devDate>
<orgGILvl>25000</orgGILvl>
<loc>
<gml:Curve gml:id="K14_4747211802_5-g" srsName="fguuid:jgd2011.bl">
<gml:segments>
<gml:LineStringSegment>
<gml:posList>
32.789394917 131.874106028
32.789681361 131.874248361
</gml:posList>
</gml:LineStringSegment>
</gml:segments>
</gml:Curve>
</loc>
<type>その他</type>
</Cstline>
<Cstline gml:id="K14_4747211802_6">
<fid>47472-11802-s-976</fid>
<lfSpanFr gml:id="K14_4747211802_6-1">
<gml:timePosition>2020-06-30</gml:timePosition>
</lfSpanFr>
<devDate gml:id="K14_4747211802_6-2">
<gml:timePosition>2020-12-23</gml:timePosition>
</devDate>
<orgGILvl>25000</orgGILvl>
<loc>
<gml:Curve gml:id="K14_4747211802_6-g" srsName="fguuid:jgd2011.bl">
<gml:segments>
<gml:LineStringSegment>
<gml:posList>
32.783333333 131.874454583
32.783389694 131.874435250
32.783663778 131.874330139
32.783738917 131.874303361
32.783783333 131.874282889
32.783858583 131.874257028
32.783867639 131.874249500
</gml:posList>
</gml:LineStringSegment>
</gml:segments>
</gml:Curve>
</loc>
<type>海岸線</type>
</Cstline>
<Cstline gml:id="K14_4747211802_7">
<fid>47472-11802-s-977</fid>
<lfSpanFr gml:id="K14_4747211802_7-1">
<gml:timePosition>2020-06-30</gml:timePosition>
</lfSpanFr>
<devDate gml:id="K14_4747211802_7-2">
<gml:timePosition>2020-12-23</gml:timePosition>
</devDate>
<orgGILvl>25000</orgGILvl>
<loc>
<gml:Curve gml:id="K14_4747211802_7-g" srsName="fguuid:jgd2011.bl">
<gml:segments>
<gml:LineStringSegment>
<gml:posList>
32.783867639 131.874249500
32.783939444 131.874340000
32.784096944 131.874386667
32.784454694 131.874428583
32.784561139 131.874453167
32.784747361 131.874526889
32.785031167 131.874646306
32.785315028 131.874692000
32.785548500 131.874587444
32.785696306 131.874555833
32.785891389 131.874593583
</gml:posList>
</gml:LineStringSegment>
</gml:segments>
</gml:Curve>
</loc>
<type>海岸線</type>
</Cstline>
<Cstline gml:id="K14_4747211802_8">
<fid>47472-11802-s-1048</fid>
<lfSpanFr gml:id="K14_4747211802_8-1">
<gml:timePosition>2020-06-30</gml:timePosition>
</lfSpanFr>
<devDate gml:id="K14_4747211802_8-2">
<gml:timePosition>2020-12-23</gml:timePosition>
</devDate>
<orgGILvl>25000</orgGILvl>
<loc>
<gml:Curve gml:id="K14_4747211802_8-g" srsName="fguuid:jgd2011.bl">
<gml:segments>
<gml:LineStringSegment>
<gml:posList>
32.787495361 131.875000000
32.787169083 131.874671944
32.786436833 131.874473556
32.786150083 131.874509750
</gml:posList>
</gml:LineStringSegment>
</gml:segments>
</gml:Curve>
</loc>
<type>海岸線</type>
</Cstline>
<Cstline gml:id="K14_4747211802_9">
<fid>47472-11802-s-1049</fid>
<lfSpanFr gml:id="K14_4747211802_9-1">
<gml:timePosition>2020-06-30</gml:timePosition>
</lfSpanFr>
<devDate gml:id="K14_4747211802_9-2">
<gml:timePosition>2020-12-23</gml:timePosition>
</devDate>
<orgGILvl>25000</orgGILvl>
<loc>
<gml:Curve gml:id="K14_4747211802_9-g" srsName="fguuid:jgd2011.bl">
<gml:segments>
<gml:LineStringSegment>
<gml:posList>
32.786209167 131.872922194
32.786221000 131.873034556
32.786294917 131.873122250
32.786537333 131.873090667
32.786750167 131.873030944
32.786933472 131.873062556
32.787193611 131.873115222
32.787554250 131.873210028
32.787749361 131.873276750
32.788044972 131.873382083
32.787953278 131.873578556
32.788773611 131.874056111
32.788226722 131.874840889
32.788161917 131.874930194
32.788216028 131.874983333
32.788279361 131.874884889
32.788349389 131.874945361
32.788466472 131.875000000
</gml:posList>
</gml:LineStringSegment>
</gml:segments>
</gml:Curve>
</loc>
<type>海岸線</type>
</Cstline>
<Cstline gml:id="K14_4747211802_10">
<fid>47472-11802-s-1050</fid>
<lfSpanFr gml:id="K14_4747211802_10-1">
<gml:timePosition>2020-06-30</gml:timePosition>
</lfSpanFr>
<devDate gml:id="K14_4747211802_10-2">
<gml:timePosition>2020-12-23</gml:timePosition>
</devDate>
<orgGILvl>25000</orgGILvl>
<loc>
<gml:Curve gml:id="K14_4747211802_10-g" srsName="fguuid:jgd2011.bl">
<gml:segments>
<gml:LineStringSegment>
<gml:posList>
32.786008167 131.873013472
32.786209167 131.872922194
</gml:posList>
</gml:LineStringSegment>
</gml:segments>
</gml:Curve>
</loc>
<type>海岸線</type>
</Cstline>
<Cstline gml:id="K14_4747211802_11">
<fid>47472-11802-s-1051</fid>
<lfSpanFr gml:id="K14_4747211802_11-1">
<gml:timePosition>2020-06-30</gml:timePosition>
</lfSpanFr>
<devDate gml:id="K14_4747211802_11-2">
<gml:timePosition>2020-12-23</gml:timePosition>
</devDate>
<orgGILvl>25000</orgGILvl>
<loc>
<gml:Curve gml:id="K14_4747211802_11-g" srsName="fguuid:jgd2011.bl">
<gml:segments>
<gml:LineStringSegment>
<gml:posList>
32.786127889 131.874264389
32.786192917 131.874255611
32.786008167 131.873013472
</gml:posList>
</gml:LineStringSegment>
</gml:segments>
</gml:Curve>
</loc>
<type>海岸線</type>
</Cstline>
<Cstline gml:id="K14_4747211802_12">
<fid>47472-11802-s-1052</fid>
<lfSpanFr gml:id="K14_4747211802_12-1">
<gml:timePosition>2020-06-30</gml:timePosition>
</lfSpanFr>
<devDate gml:id="K14_4747211802_12-2">
<gml:timePosition>2020-12-23</gml:timePosition>
</devDate>
<orgGILvl>25000</orgGILvl>
<loc>
<gml:Curve gml:id="K14_4747211802_12-g" srsName="fguuid:jgd2011.bl">
<gml:segments>
<gml:LineStringSegment>
<gml:posList>
32.786150083 131.874509750
32.786127889 131.874264389
</gml:posList>
</gml:LineStringSegment>
</gml:segments>
</gml:Curve>
</loc>
<type>海岸線</type>
</Cstline>
</Dataset>
