<?xml version="1.0" encoding="utf-8"?>
<Dataset xsi:schemaLocation="http://fgd.gsi.go.jp/spec/2008/FGD_GMLSchema FGD_GMLSchema.xsd"
	xmlns:gml="http://www.opengis.net/gml/3.2"
	xmlns:xsi="http://www.w3.org/2001/XMLSchema-instance"
	xmlns:xlink="http://www.w3.org/1999/xlink"
	xmlns="http://fgd.gsi.go.jp/spec/2008/FGD_GMLSchema"
	gml:id="Dataset1">
  <gml:description>基盤地図情報メタデータ ID=fmdid:21-0101</gml:description>
  <gml:name>基盤地図情報ダウンロードデータ（GML版）</gml:name>
<RdCompt gml:id="K24_4745411796_1">
<fid>47454-11796-s-303</fid>
<lfSpanFr gml:id="K24_4745411796_1-1">
<gml:timePosition>2014-03-06</gml:timePosition>
</lfSpanFr>
<devDate gml:id="K24_4745411796_1-2">
<gml:timePosition>2020-12-23</gml:timePosition>
</devDate>
<orgGILvl>5000</orgGILvl>
<vis>表示</vis>
<loc>
<gml:Curve gml:id="K24_4745411796_1-g" srsName="fguuid:jgd2011.bl">
<gml:segments>
<gml:LineStringSegment>
<gml:posList>
32.775000000 131.824010931
32.774487821 131.825000000
</gml:posList>
</gml:LineStringSegment>
</gml:segments>
</gml:Curve>
</loc>
<type>歩道</type>
<admOffice>不明</admOffice>
</RdCompt>
<RdCompt gml:id="K24_4745411799_1">
<fid>47454-11799-s-268</fid>
<lfSpanFr gml:id="K24_4745411799_1-1">
<gml:timePosition>2014-03-06</gml:timePosition>
</lfSpanFr>
<devDate gml:id="K24_4745411799_1-2">
<gml:timePosition>2020-12-23</gml:timePosition>
</devDate>
<orgGILvl>5000</orgGILvl>
<vis>表示</vis>
<loc>
<gml:Curve gml:id="K24_4745411799_1-g" srsName="fguuid:jgd2011.bl">
<gml:segments>
<gml:LineStringSegment>
<gml:posList>
32.775143249 131.823734303
32.775000000 131.824010931
</gml:posList>
</gml:LineStringSegment>
</gml:segments>
</gml:Curve>
</loc>
<type>歩道</type>
<admOffice>不明</admOffice>
</RdCompt>
<RdCompt gml:id="K24_4745711796_1">
<fid>47457-11796-s-287</fid>
<lfSpanFr gml:id="K24_4745711796_1-1">
<gml:timePosition>2014-03-06</gml:timePosition>
</lfSpanFr>
<devDate gml:id="K24_4745711796_1-2">
<gml:timePosition>2020-12-23</gml:timePosition>
</devDate>
<orgGILvl>5000</orgGILvl>
<vis>表示</vis>
<loc>
<gml:Curve gml:id="K24_4745711796_1-g" srsName="fguuid:jgd2011.bl">
<gml:segments>
<gml:LineStringSegment>
<gml:posList>
32.774487821 131.825000000
32.774425170 131.825120984
32.774220334 131.825499664
32.774152139 131.825666734
32.774121452 131.825792053
32.774096902 131.825940983
32.774075421 131.826104443
32.774037062 131.826993481
32.774003306 131.827790800
32.774010978 131.827956075
32.774027856 131.828088659
32.774058543 131.828212162
32.774106109 131.828330216
32.774153520 131.828425567
32.774222567 131.828516378
32.774294682 131.828598108
32.774383675 131.828674389
32.774486477 131.828737957
32.775000000 131.829036977
</gml:posList>
</gml:LineStringSegment>
</gml:segments>
</gml:Curve>
</loc>
<type>歩道</type>
<admOffice>不明</admOffice>
</RdCompt>
<RdCompt gml:id="K24_4745711799_1">
<fid>47457-11799-s-279</fid>
<lfSpanFr gml:id="K24_4745711799_1-1">
<gml:timePosition>2014-03-06</gml:timePosition>
</lfSpanFr>
<devDate gml:id="K24_4745711799_1-2">
<gml:timePosition>2020-12-23</gml:timePosition>
</devDate>
<orgGILvl>5000</orgGILvl>
<vis>表示</vis>
<loc>
<gml:Curve gml:id="K24_4745711799_1-g" srsName="fguuid:jgd2011.bl">
<gml:segments>
<gml:LineStringSegment>
<gml:posList>
32.775000000 131.829036977
32.775018287 131.829047625
32.775582165 131.829352752
32.775882900 131.829521663
</gml:posList>
</gml:LineStringSegment>
</gml:segments>
</gml:Curve>
</loc>
<type>歩道</type>
<admOffice>不明</admOffice>
</RdCompt>
<RdCompt gml:id="K24_4746911790_1">
<fid>47469-11790-s-287</fid>
<lfSpanFr gml:id="K24_4746911790_1-1">
<gml:timePosition>2020-06-30</gml:timePosition>
</lfSpanFr>
<devDate gml:id="K24_4746911790_1-2">
<gml:timePosition>2020-12-23</gml:timePosition>
</devDate>
<orgGILvl>2500</orgGILvl>
<vis>非表示</vis>
<loc>
<gml:Curve gml:id="K24_4746911790_1-g" srsName="fguuid:jgd2011.bl">
<gml:segments>
<gml:LineStringSegment>
<gml:posList>
32.750000000 131.859274199
32.750164403 131.859324138
32.750786823 131.859466208
32.751329197 131.859556889
32.751879227 131.859613311
32.752522934 131.859635477
32.753268014 131.859611290
32.754378502 131.859536709
32.757551003 131.859316903
32.758333333 131.859258779
</gml:posList>
</gml:LineStringSegment>
</gml:segments>
</gml:Curve>
</loc>
<type>分離帯</type>
<admOffice>不明</admOffice>
</RdCompt>
<RdCompt gml:id="K24_4746911790_2">
<fid>47469-11790-s-288</fid>
<lfSpanFr gml:id="K24_4746911790_2-1">
<gml:timePosition>2020-06-30</gml:timePosition>
</lfSpanFr>
<devDate gml:id="K24_4746911790_2-2">
<gml:timePosition>2020-12-23</gml:timePosition>
</devDate>
<orgGILvl>2500</orgGILvl>
<vis>非表示</vis>
<loc>
<gml:Curve gml:id="K24_4746911790_2-g" srsName="fguuid:jgd2011.bl">
<gml:segments>
<gml:LineStringSegment>
<gml:posList>
32.750000000 131.859279700
32.750163444 131.859329348
32.750786104 131.859471472
32.751328703 131.859562191
32.751878976 131.859618638
32.752522930 131.859640813
32.753268197 131.859616619
32.754378753 131.859542034
32.757551266 131.859322227
32.758333333 131.859264122
</gml:posList>
</gml:LineStringSegment>
</gml:segments>
</gml:Curve>
</loc>
<type>分離帯</type>
<admOffice>不明</admOffice>
</RdCompt>
<RdCompt gml:id="K24_4746911793_1">
<fid>47469-11793-s-245</fid>
<lfSpanFr gml:id="K24_4746911793_1-1">
<gml:timePosition>2020-06-30</gml:timePosition>
</lfSpanFr>
<devDate gml:id="K24_4746911793_1-2">
<gml:timePosition>2020-12-23</gml:timePosition>
</devDate>
<orgGILvl>2500</orgGILvl>
<vis>非表示</vis>
<loc>
<gml:Curve gml:id="K24_4746911793_1-g" srsName="fguuid:jgd2011.bl">
<gml:segments>
<gml:LineStringSegment>
<gml:posList>
32.758333333 131.859258779
32.759016229 131.859208042
32.760178704 131.859124883
32.761328404 131.859040209
32.762336314 131.858967633
32.763537132 131.858889001
32.764755855 131.858828509
32.765984808 131.858804308
32.766666667 131.858809797
</gml:posList>
</gml:LineStringSegment>
</gml:segments>
</gml:Curve>
</loc>
<type>分離帯</type>
<admOffice>不明</admOffice>
</RdCompt>
<RdCompt gml:id="K24_4746911793_2">
<fid>47469-11793-s-246</fid>
<lfSpanFr gml:id="K24_4746911793_2-1">
<gml:timePosition>2020-06-30</gml:timePosition>
</lfSpanFr>
<devDate gml:id="K24_4746911793_2-2">
<gml:timePosition>2020-12-23</gml:timePosition>
</devDate>
<orgGILvl>2500</orgGILvl>
<vis>非表示</vis>
<loc>
<gml:Curve gml:id="K24_4746911793_2-g" srsName="fguuid:jgd2011.bl">
<gml:segments>
<gml:LineStringSegment>
<gml:posList>
32.758333333 131.859264122
32.759016497 131.859213366
32.760178971 131.859130206
32.761328671 131.859045533
32.762336567 131.858972957
32.763537343 131.858894328
32.764755982 131.858833840
32.765984829 131.858809641
32.766666667 131.858815131
</gml:posList>
</gml:LineStringSegment>
</gml:segments>
</gml:Curve>
</loc>
<type>分離帯</type>
<admOffice>不明</admOffice>
</RdCompt>
<RdCompt gml:id="K24_4746911796_1">
<fid>47469-11796-s-313</fid>
<lfSpanFr gml:id="K24_4746911796_1-1">
<gml:timePosition>2020-06-30</gml:timePosition>
</lfSpanFr>
<devDate gml:id="K24_4746911796_1-2">
<gml:timePosition>2020-12-23</gml:timePosition>
</devDate>
<orgGILvl>2500</orgGILvl>
<vis>表示</vis>
<loc>
<gml:Curve gml:id="K24_4746911796_1-g" srsName="fguuid:jgd2011.bl">
<gml:segments>
<gml:LineStringSegment>
<gml:posList>
32.774362268 131.859714926
32.774567697 131.859761514
32.774878376 131.859831998
32.775000000 131.859861675
</gml:posList>
</gml:LineStringSegment>
</gml:segments>
</gml:Curve>
</loc>
<type>分離帯</type>
<admOffice>不明</admOffice>
</RdCompt>
<RdCompt gml:id="K24_4746911796_2">
<fid>47469-11796-s-314</fid>
<lfSpanFr gml:id="K24_4746911796_2-1">
<gml:timePosition>2020-06-30</gml:timePosition>
</lfSpanFr>
<devDate gml:id="K24_4746911796_2-2">
<gml:timePosition>2020-12-23</gml:timePosition>
</devDate>
<orgGILvl>2500</orgGILvl>
<vis>表示</vis>
<loc>
<gml:Curve gml:id="K24_4746911796_2-g" srsName="fguuid:jgd2011.bl">
<gml:segments>
<gml:LineStringSegment>
<gml:posList>
32.774361455 131.859720694
32.774566879 131.859766756
32.774877523 131.859837233
32.775000000 131.859867118
</gml:posList>
</gml:LineStringSegment>
</gml:segments>
</gml:Curve>
</loc>
<type>分離帯</type>
<admOffice>不明</admOffice>
</RdCompt>
<RdCompt gml:id="K24_4746911796_3">
<fid>47469-11796-s-317</fid>
<lfSpanFr gml:id="K24_4746911796_3-1">
<gml:timePosition>2020-06-30</gml:timePosition>
</lfSpanFr>
<devDate gml:id="K24_4746911796_3-2">
<gml:timePosition>2020-12-23</gml:timePosition>
</devDate>
<orgGILvl>2500</orgGILvl>
<vis>非表示</vis>
<loc>
<gml:Curve gml:id="K24_4746911796_3-g" srsName="fguuid:jgd2011.bl">
<gml:segments>
<gml:LineStringSegment>
<gml:posList>
32.766666667 131.858809797
32.767110295 131.858813369
32.768041604 131.858855696
32.769099372 131.858925243
32.770348768 131.859044688
32.771147207 131.859147504
32.772031240 131.859268466
32.773218048 131.859478643
32.774362268 131.859714926
</gml:posList>
</gml:LineStringSegment>
</gml:segments>
</gml:Curve>
</loc>
<type>分離帯</type>
<admOffice>不明</admOffice>
</RdCompt>
<RdCompt gml:id="K24_4746911796_4">
<fid>47469-11796-s-318</fid>
<lfSpanFr gml:id="K24_4746911796_4-1">
<gml:timePosition>2020-06-30</gml:timePosition>
</lfSpanFr>
<devDate gml:id="K24_4746911796_4-2">
<gml:timePosition>2020-12-23</gml:timePosition>
</devDate>
<orgGILvl>2500</orgGILvl>
<vis>非表示</vis>
<loc>
<gml:Curve gml:id="K24_4746911796_4-g" srsName="fguuid:jgd2011.bl">
<gml:segments>
<gml:LineStringSegment>
<gml:posList>
32.766666667 131.858815131
32.767110197 131.858818701
32.768041399 131.858861024
32.769099076 131.858930565
32.770348357 131.859049999
32.771146721 131.859152806
32.772030667 131.859273756
32.773217346 131.859483909
32.774361455 131.859720694
</gml:posList>
</gml:LineStringSegment>
</gml:segments>
</gml:Curve>
</loc>
<type>分離帯</type>
<admOffice>不明</admOffice>
</RdCompt>
<RdCompt gml:id="K24_4746911799_1">
<fid>47469-11799-s-488</fid>
<lfSpanFr gml:id="K24_4746911799_1-1">
<gml:timePosition>2020-06-30</gml:timePosition>
</lfSpanFr>
<devDate gml:id="K24_4746911799_1-2">
<gml:timePosition>2020-12-23</gml:timePosition>
</devDate>
<orgGILvl>2500</orgGILvl>
<vis>表示</vis>
<loc>
<gml:Curve gml:id="K24_4746911799_1-g" srsName="fguuid:jgd2011.bl">
<gml:segments>
<gml:LineStringSegment>
<gml:posList>
32.775000000 131.859861675
32.775383124 131.859955160
32.775883879 131.860085658
32.776242213 131.860183019
</gml:posList>
</gml:LineStringSegment>
</gml:segments>
</gml:Curve>
</loc>
<type>分離帯</type>
<admOffice>不明</admOffice>
</RdCompt>
<RdCompt gml:id="K24_4746911799_2">
<fid>47469-11799-s-489</fid>
<lfSpanFr gml:id="K24_4746911799_2-1">
<gml:timePosition>2020-06-30</gml:timePosition>
</lfSpanFr>
<devDate gml:id="K24_4746911799_2-2">
<gml:timePosition>2020-12-23</gml:timePosition>
</devDate>
<orgGILvl>2500</orgGILvl>
<vis>表示</vis>
<loc>
<gml:Curve gml:id="K24_4746911799_2-g" srsName="fguuid:jgd2011.bl">
<gml:segments>
<gml:LineStringSegment>
<gml:posList>
32.775000000 131.859867118
32.775382212 131.859960380
32.775882926 131.860090867
32.776241266 131.860187225
</gml:posList>
</gml:LineStringSegment>
</gml:segments>
</gml:Curve>
</loc>
<type>分離帯</type>
<admOffice>不明</admOffice>
</RdCompt>
<RdCompt gml:id="K24_4746911799_3">
<fid>47469-11799-s-492</fid>
<lfSpanFr gml:id="K24_4746911799_3-1">
<gml:timePosition>2020-06-30</gml:timePosition>
</lfSpanFr>
<devDate gml:id="K24_4746911799_3-2">
<gml:timePosition>2020-12-23</gml:timePosition>
</devDate>
<orgGILvl>2500</orgGILvl>
<vis>非表示</vis>
<loc>
<gml:Curve gml:id="K24_4746911799_3-g" srsName="fguuid:jgd2011.bl">
<gml:segments>
<gml:LineStringSegment>
<gml:posList>
32.776242213 131.860183019
32.776801249 131.860339574
32.777801111 131.860646048
32.778770728 131.860967068
32.780094221 131.861455522
32.781070254 131.861844177
32.782510001 131.862485386
32.783333333 131.862878190
</gml:posList>
</gml:LineStringSegment>
</gml:segments>
</gml:Curve>
</loc>
<type>分離帯</type>
<admOffice>不明</admOffice>
</RdCompt>
<RdCompt gml:id="K24_4746911799_4">
<fid>47469-11799-s-493</fid>
<lfSpanFr gml:id="K24_4746911799_4-1">
<gml:timePosition>2020-06-30</gml:timePosition>
</lfSpanFr>
<devDate gml:id="K24_4746911799_4-2">
<gml:timePosition>2020-12-23</gml:timePosition>
</devDate>
<orgGILvl>2500</orgGILvl>
<vis>非表示</vis>
<loc>
<gml:Curve gml:id="K24_4746911799_4-g" srsName="fguuid:jgd2011.bl">
<gml:segments>
<gml:LineStringSegment>
<gml:posList>
32.776241266 131.860187225
32.776800205 131.860344759
32.777799971 131.860651203
32.778769483 131.860972189
32.780092866 131.861460602
32.781068776 131.861849209
32.782508400 131.862490363
32.783333333 131.862883930
</gml:posList>
</gml:LineStringSegment>
</gml:segments>
</gml:Curve>
</loc>
<type>分離帯</type>
<admOffice>不明</admOffice>
</RdCompt>
<RdCompt gml:id="K24_4746911802_1">
<fid>47469-11802-s-423</fid>
<lfSpanFr gml:id="K24_4746911802_1-1">
<gml:timePosition>2020-06-30</gml:timePosition>
</lfSpanFr>
<devDate gml:id="K24_4746911802_1-2">
<gml:timePosition>2020-12-23</gml:timePosition>
</devDate>
<orgGILvl>2500</orgGILvl>
<vis>非表示</vis>
<loc>
<gml:Curve gml:id="K24_4746911802_1-g" srsName="fguuid:jgd2011.bl">
<gml:segments>
<gml:LineStringSegment>
<gml:posList>
32.783333333 131.862878190
32.783781133 131.863091831
32.785473830 131.864003768
32.786511187 131.864608726
32.788071042 131.865605402
32.789483999 131.866626311
32.789535406 131.866666667
</gml:posList>
</gml:LineStringSegment>
</gml:segments>
</gml:Curve>
</loc>
<type>分離帯</type>
<admOffice>不明</admOffice>
</RdCompt>
<RdCompt gml:id="K24_4746911802_2">
<fid>47469-11802-s-424</fid>
<lfSpanFr gml:id="K24_4746911802_2-1">
<gml:timePosition>2020-06-30</gml:timePosition>
</lfSpanFr>
<devDate gml:id="K24_4746911802_2-2">
<gml:timePosition>2020-12-23</gml:timePosition>
</devDate>
<orgGILvl>2500</orgGILvl>
<vis>非表示</vis>
<loc>
<gml:Curve gml:id="K24_4746911802_2-g" srsName="fguuid:jgd2011.bl">
<gml:segments>
<gml:LineStringSegment>
<gml:posList>
32.783333333 131.862883930
32.783779391 131.863096740
32.785471933 131.864008594
32.786509152 131.864613471
32.788068825 131.865610031
32.789481583 131.866630796
32.789527278 131.866666667
</gml:posList>
</gml:LineStringSegment>
</gml:segments>
</gml:Curve>
</loc>
<type>分離帯</type>
<admOffice>不明</admOffice>
</RdCompt>
<RdCompt gml:id="K24_4747211802_1">
<fid>47472-11802-s-649</fid>
<lfSpanFr gml:id="K24_4747211802_1-1">
<gml:timePosition>2020-06-30</gml:timePosition>
</lfSpanFr>
<devDate gml:id="K24_4747211802_1-2">
<gml:timePosition>2020-12-23</gml:timePosition>
</devDate>
<orgGILvl>2500</orgGILvl>
<vis>表示</vis>
<loc>
<gml:Curve gml:id="K24_4747211802_1-g" srsName="fguuid:jgd2011.bl">
<gml:segments>
<gml:LineStringSegment>
<gml:posList>
32.790029214 131.867054321
32.790315956 131.867289021
32.790573205 131.867500796
32.790987642 131.867851491
32.791399416 131.868214236
32.791666667 131.868452293
</gml:posList>
</gml:LineStringSegment>
</gml:segments>
</gml:Curve>
</loc>
<type>分離帯</type>
<admOffice>不明</admOffice>
</RdCompt>
<RdCompt gml:id="K24_4747211802_2">
<fid>47472-11802-s-650</fid>
<lfSpanFr gml:id="K24_4747211802_2-1">
<gml:timePosition>2020-06-30</gml:timePosition>
</lfSpanFr>
<devDate gml:id="K24_4747211802_2-2">
<gml:timePosition>2020-12-23</gml:timePosition>
</devDate>
<orgGILvl>2500</orgGILvl>
<vis>表示</vis>
<loc>
<gml:Curve gml:id="K24_4747211802_2-g" srsName="fguuid:jgd2011.bl">
<gml:segments>
<gml:LineStringSegment>
<gml:posList>
32.790026359 131.867058450
32.790313411 131.867293403
32.790570630 131.867505154
32.790985007 131.867855797
32.791396736 131.868218503
32.791666667 131.868458946
</gml:posList>
</gml:LineStringSegment>
</gml:segments>
</gml:Curve>
</loc>
<type>分離帯</type>
<admOffice>不明</admOffice>
</RdCompt>
<RdCompt gml:id="K24_4747211802_3">
<fid>47472-11802-s-653</fid>
<lfSpanFr gml:id="K24_4747211802_3-1">
<gml:timePosition>2020-06-30</gml:timePosition>
</lfSpanFr>
<devDate gml:id="K24_4747211802_3-2">
<gml:timePosition>2020-12-23</gml:timePosition>
</devDate>
<orgGILvl>2500</orgGILvl>
<vis>非表示</vis>
<loc>
<gml:Curve gml:id="K24_4747211802_3-g" srsName="fguuid:jgd2011.bl">
<gml:segments>
<gml:LineStringSegment>
<gml:posList>
32.789535406 131.866666667
32.790029214 131.867054321
</gml:posList>
</gml:LineStringSegment>
</gml:segments>
</gml:Curve>
</loc>
<type>分離帯</type>
<admOffice>不明</admOffice>
</RdCompt>
<RdCompt gml:id="K24_4747211802_4">
<fid>47472-11802-s-654</fid>
<lfSpanFr gml:id="K24_4747211802_4-1">
<gml:timePosition>2020-06-30</gml:timePosition>
</lfSpanFr>
<devDate gml:id="K24_4747211802_4-2">
<gml:timePosition>2020-12-23</gml:timePosition>
</devDate>
<orgGILvl>2500</orgGILvl>
<vis>非表示</vis>
<loc>
<gml:Curve gml:id="K24_4747211802_4-g" srsName="fguuid:jgd2011.bl">
<gml:segments>
<gml:LineStringSegment>
<gml:posList>
32.789527278 131.866666667
32.790026359 131.867058450
</gml:posList>
</gml:LineStringSegment>
</gml:segments>
</gml:Curve>
</loc>
<type>分離帯</type>
<admOffice>不明</admOffice>
</RdCompt>
<RdCompt gml:id="K24_4747211805_1">
<fid>47472-11805-s-554</fid>
<lfSpanFr gml:id="K24_4747211805_1-1">
<gml:timePosition>2020-06-30</gml:timePosition>
</lfSpanFr>
<devDate gml:id="K24_4747211805_1-2">
<gml:timePosition>2020-12-23</gml:timePosition>
</devDate>
<orgGILvl>2500</orgGILvl>
<vis>表示</vis>
<loc>
<gml:Curve gml:id="K24_4747211805_1-g" srsName="fguuid:jgd2011.bl">
<gml:segments>
<gml:LineStringSegment>
<gml:posList>
32.791666667 131.868452293
32.791864304 131.868628339
32.792416769 131.869123589
32.792932034 131.869585199
32.793282155 131.869900024
</gml:posList>
</gml:LineStringSegment>
</gml:segments>
</gml:Curve>
</loc>
<type>分離帯</type>
<admOffice>不明</admOffice>
</RdCompt>
<RdCompt gml:id="K24_4747211805_2">
<fid>47472-11805-s-555</fid>
<lfSpanFr gml:id="K24_4747211805_2-1">
<gml:timePosition>2020-06-30</gml:timePosition>
</lfSpanFr>
<devDate gml:id="K24_4747211805_2-2">
<gml:timePosition>2020-12-23</gml:timePosition>
</devDate>
<orgGILvl>2500</orgGILvl>
<vis>表示</vis>
<loc>
<gml:Curve gml:id="K24_4747211805_2-g" srsName="fguuid:jgd2011.bl">
<gml:segments>
<gml:LineStringSegment>
<gml:posList>
32.791666667 131.868458946
32.791861608 131.868632592
32.792414068 131.869127838
32.792929345 131.869589457
32.793278365 131.869903164
</gml:posList>
</gml:LineStringSegment>
</gml:segments>
</gml:Curve>
</loc>
<type>分離帯</type>
<admOffice>不明</admOffice>
</RdCompt>
<RdCompt gml:id="K24_4747211805_3">
<fid>47472-11805-s-556</fid>
<lfSpanFr gml:id="K24_4747211805_3-1">
<gml:timePosition>2020-06-30</gml:timePosition>
</lfSpanFr>
<devDate gml:id="K24_4747211805_3-2">
<gml:timePosition>2020-12-23</gml:timePosition>
</devDate>
<orgGILvl>2500</orgGILvl>
<vis>表示</vis>
<loc>
<gml:Curve gml:id="K24_4747211805_3-g" srsName="fguuid:jgd2011.bl">
<gml:segments>
<gml:LineStringSegment>
<gml:posList>
32.795687546 131.872045659
32.795991770 131.872320569
32.796260805 131.872561565
32.796561878 131.872828390
32.797019687 131.873239902
32.797450927 131.873624676
32.798002594 131.874119014
32.798432949 131.874501697
32.798789804 131.874820948
32.798992669 131.875000000
</gml:posList>
</gml:LineStringSegment>
</gml:segments>
</gml:Curve>
</loc>
<type>分離帯</type>
<admOffice>不明</admOffice>
</RdCompt>
<RdCompt gml:id="K24_4747211805_4">
<fid>47472-11805-s-557</fid>
<lfSpanFr gml:id="K24_4747211805_4-1">
<gml:timePosition>2020-06-30</gml:timePosition>
</lfSpanFr>
<devDate gml:id="K24_4747211805_4-2">
<gml:timePosition>2020-12-23</gml:timePosition>
</devDate>
<orgGILvl>2500</orgGILvl>
<vis>表示</vis>
<loc>
<gml:Curve gml:id="K24_4747211805_4-g" srsName="fguuid:jgd2011.bl">
<gml:segments>
<gml:LineStringSegment>
<gml:posList>
32.795684346 131.872050246
32.795988763 131.872324544
32.796258115 131.872565823
32.796559185 131.872832645
32.797016988 131.873244151
32.797448230 131.873628929
32.797999901 131.874123269
32.798430257 131.874505953
32.798787118 131.874825210
32.798985155 131.875000000
</gml:posList>
</gml:LineStringSegment>
</gml:segments>
</gml:Curve>
</loc>
<type>分離帯</type>
<admOffice>不明</admOffice>
</RdCompt>
<RdCompt gml:id="K24_4747211805_5">
<fid>47472-11805-s-560</fid>
<lfSpanFr gml:id="K24_4747211805_5-1">
<gml:timePosition>2020-06-30</gml:timePosition>
</lfSpanFr>
<devDate gml:id="K24_4747211805_5-2">
<gml:timePosition>2020-12-23</gml:timePosition>
</devDate>
<orgGILvl>2500</orgGILvl>
<vis>非表示</vis>
<loc>
<gml:Curve gml:id="K24_4747211805_5-g" srsName="fguuid:jgd2011.bl">
<gml:segments>
<gml:LineStringSegment>
<gml:posList>
32.793282155 131.869900024
32.793547095 131.870136181
32.794848399 131.871296737
32.795400269 131.871784769
32.795687546 131.872045659
</gml:posList>
</gml:LineStringSegment>
</gml:segments>
</gml:Curve>
</loc>
<type>分離帯</type>
<admOffice>不明</admOffice>
</RdCompt>
<RdCompt gml:id="K24_4747211805_6">
<fid>47472-11805-s-561</fid>
<lfSpanFr gml:id="K24_4747211805_6-1">
<gml:timePosition>2020-06-30</gml:timePosition>
</lfSpanFr>
<devDate gml:id="K24_4747211805_6-2">
<gml:timePosition>2020-12-23</gml:timePosition>
</devDate>
<orgGILvl>2500</orgGILvl>
<vis>非表示</vis>
<loc>
<gml:Curve gml:id="K24_4747211805_6-g" srsName="fguuid:jgd2011.bl">
<gml:segments>
<gml:LineStringSegment>
<gml:posList>
32.793278365 131.869903164
32.793544405 131.870140439
32.794845715 131.871301000
32.795397571 131.871789020
32.795684346 131.872050246
</gml:posList>
</gml:LineStringSegment>
</gml:segments>
</gml:Curve>
</loc>
<type>分離帯</type>
<admOffice>不明</admOffice>
</RdCompt>
<RdCompt gml:id="K24_4747211805_7">
<fid>47472-11805-s-644</fid>
<lfSpanFr gml:id="K24_4747211805_7-1">
<gml:timePosition>2020-06-30</gml:timePosition>
</lfSpanFr>
<devDate gml:id="K24_4747211805_7-2">
<gml:timePosition>2020-12-23</gml:timePosition>
</devDate>
<orgGILvl>25000</orgGILvl>
<vis>表示</vis>
<loc>
<gml:Curve gml:id="K24_4747211805_7-g" srsName="fguuid:jgd2011.bl">
<gml:segments>
<gml:LineStringSegment>
<gml:posList>
32.791666667 131.868452293
32.791667585 131.868453110
</gml:posList>
</gml:LineStringSegment>
</gml:segments>
</gml:Curve>
</loc>
<type>分離帯</type>
<admOffice>不明</admOffice>
</RdCompt>
<RdCompt gml:id="K24_4747211805_8">
<fid>47472-11805-s-645</fid>
<lfSpanFr gml:id="K24_4747211805_8-1">
<gml:timePosition>2020-06-30</gml:timePosition>
</lfSpanFr>
<devDate gml:id="K24_4747211805_8-2">
<gml:timePosition>2020-12-23</gml:timePosition>
</devDate>
<orgGILvl>25000</orgGILvl>
<vis>表示</vis>
<loc>
<gml:Curve gml:id="K24_4747211805_8-g" srsName="fguuid:jgd2011.bl">
<gml:segments>
<gml:LineStringSegment>
<gml:posList>
32.791666667 131.868458946
32.791667584 131.868459763
</gml:posList>
</gml:LineStringSegment>
</gml:segments>
</gml:Curve>
</loc>
<type>分離帯</type>
<admOffice>不明</admOffice>
</RdCompt>
</Dataset>
