<?xml version="1.0" encoding="utf-8"?>
<Dataset xsi:schemaLocation="http://fgd.gsi.go.jp/spec/2008/FGD_GMLSchema FGD_GMLSchema.xsd"
	xmlns:gml="http://www.opengis.net/gml/3.2"
	xmlns:xsi="http://www.w3.org/2001/XMLSchema-instance"
	xmlns:xlink="http://www.w3.org/1999/xlink"
	xmlns="http://fgd.gsi.go.jp/spec/2008/FGD_GMLSchema"
	gml:id="Dataset1">
  <gml:description>基盤地図情報メタデータ ID=fmdid:21-0101</gml:description>
  <gml:name>基盤地図情報ダウンロードデータ（GML版）</gml:name>
<AdmBdry gml:id="K5_4744211814_1">
<fid>47442-11814-i-1</fid>
<lfSpanFr gml:id="K5_4744211814_1-1">
<gml:timePosition>2013-12-10</gml:timePosition>
</lfSpanFr>
<devDate gml:id="K5_4744211814_1-2">
<gml:timePosition>2020-12-23</gml:timePosition>
</devDate>
<orgGILvl>25000</orgGILvl>
<vis>表示</vis>
<loc>
<gml:Curve gml:id="K5_4744211814_1-g" srsName="fguuid:jgd2011.bl">
<gml:segments>
<gml:LineStringSegment>
<gml:posList>
32.823886500 131.791666667
32.824063611 131.791259167
32.824723333 131.790487500
32.825000000 131.790301639
</gml:posList>
</gml:LineStringSegment>
</gml:segments>
</gml:Curve>
</loc>
<type>都道府県界</type>
</AdmBdry>
<AdmBdry gml:id="K5_4744211817_1">
<fid>47442-11817-i-1</fid>
<lfSpanFr gml:id="K5_4744211817_1-1">
<gml:timePosition>2013-12-10</gml:timePosition>
</lfSpanFr>
<devDate gml:id="K5_4744211817_1-2">
<gml:timePosition>2020-12-23</gml:timePosition>
</devDate>
<orgGILvl>25000</orgGILvl>
<vis>表示</vis>
<loc>
<gml:Curve gml:id="K5_4744211817_1-g" srsName="fguuid:jgd2011.bl">
<gml:segments>
<gml:LineStringSegment>
<gml:posList>
32.827931111 131.787799167
32.828051667 131.787795556
32.828267222 131.787848056
32.828757500 131.788173056
32.829016528 131.788343028
</gml:posList>
</gml:LineStringSegment>
</gml:segments>
</gml:Curve>
</loc>
<type>都道府県界</type>
</AdmBdry>
<AdmBdry gml:id="K5_4744211817_2">
<fid>47442-11817-i-2</fid>
<lfSpanFr gml:id="K5_4744211817_2-1">
<gml:timePosition>2013-12-10</gml:timePosition>
</lfSpanFr>
<devDate gml:id="K5_4744211817_2-2">
<gml:timePosition>2020-12-23</gml:timePosition>
</devDate>
<orgGILvl>25000</orgGILvl>
<vis>表示</vis>
<loc>
<gml:Curve gml:id="K5_4744211817_2-g" srsName="fguuid:jgd2011.bl">
<gml:segments>
<gml:LineStringSegment>
<gml:posList>
32.829016528 131.788343028
32.829172778 131.788445556
32.829538333 131.788445556
32.829771111 131.788204444
32.830103333 131.787973889
32.830605000 131.787649722
32.830762778 131.787576389
32.831585000 131.787502778
32.832191389 131.787649722
32.832731389 131.787681111
32.833005556 131.787628611
32.833246389 131.787597222
32.833333333 131.787526333
</gml:posList>
</gml:LineStringSegment>
</gml:segments>
</gml:Curve>
</loc>
<type>都道府県界</type>
</AdmBdry>
<AdmBdry gml:id="K5_4744211817_3">
<fid>47442-11817-i-3</fid>
<lfSpanFr gml:id="K5_4744211817_3-1">
<gml:timePosition>2013-12-10</gml:timePosition>
</lfSpanFr>
<devDate gml:id="K5_4744211817_3-2">
<gml:timePosition>2020-12-23</gml:timePosition>
</devDate>
<orgGILvl>25000</orgGILvl>
<vis>表示</vis>
<loc>
<gml:Curve gml:id="K5_4744211817_3-g" srsName="fguuid:jgd2011.bl">
<gml:segments>
<gml:LineStringSegment>
<gml:posList>
32.825000000 131.790301639
32.825481667 131.789978056
32.825952500 131.789746111
32.826417778 131.789470833
32.827024167 131.789009722
32.827569722 131.788267500
32.827810556 131.787900556
32.827931111 131.787799167
</gml:posList>
</gml:LineStringSegment>
</gml:segments>
</gml:Curve>
</loc>
<type>都道府県界</type>
</AdmBdry>
<AdmBdry gml:id="K5_4744511814_1">
<fid>47445-11814-i-1</fid>
<lfSpanFr gml:id="K5_4744511814_1-1">
<gml:timePosition>2013-12-10</gml:timePosition>
</lfSpanFr>
<devDate gml:id="K5_4744511814_1-2">
<gml:timePosition>2020-12-23</gml:timePosition>
</devDate>
<orgGILvl>25000</orgGILvl>
<vis>表示</vis>
<loc>
<gml:Curve gml:id="K5_4744511814_1-g" srsName="fguuid:jgd2011.bl">
<gml:segments>
<gml:LineStringSegment>
<gml:posList>
32.822014722 131.793842778
32.822410278 131.793512778
32.822651111 131.793250833
32.823224444 131.792538056
32.823548333 131.792192222
32.823781111 131.791909167
32.823886500 131.791666667
</gml:posList>
</gml:LineStringSegment>
</gml:segments>
</gml:Curve>
</loc>
<type>都道府県界</type>
</AdmBdry>
<AdmBdry gml:id="K5_4744511814_2">
<fid>47445-11814-i-2</fid>
<lfSpanFr gml:id="K5_4744511814_2-1">
<gml:timePosition>2013-12-10</gml:timePosition>
</lfSpanFr>
<devDate gml:id="K5_4744511814_2-2">
<gml:timePosition>2020-12-23</gml:timePosition>
</devDate>
<orgGILvl>25000</orgGILvl>
<vis>表示</vis>
<loc>
<gml:Curve gml:id="K5_4744511814_2-g" srsName="fguuid:jgd2011.bl">
<gml:segments>
<gml:LineStringSegment>
<gml:posList>
32.821945278 131.793900556
32.822014722 131.793842778
</gml:posList>
</gml:LineStringSegment>
</gml:segments>
</gml:Curve>
</loc>
<type>都道府県界</type>
</AdmBdry>
<AdmBdry gml:id="K5_4744511814_3">
<fid>47445-11814-i-3</fid>
<lfSpanFr gml:id="K5_4744511814_3-1">
<gml:timePosition>2013-12-10</gml:timePosition>
</lfSpanFr>
<devDate gml:id="K5_4744511814_3-2">
<gml:timePosition>2020-12-23</gml:timePosition>
</devDate>
<orgGILvl>25000</orgGILvl>
<vis>表示</vis>
<loc>
<gml:Curve gml:id="K5_4744511814_3-g" srsName="fguuid:jgd2011.bl">
<gml:segments>
<gml:LineStringSegment>
<gml:posList>
32.823906694 131.799608750
32.823947222 131.799512222
32.824260278 131.798998056
32.824742222 131.798405833
32.824891111 131.798151667
32.824700278 131.797983889
32.823653333 131.797051389
32.823337778 131.796757778
32.822955833 131.796579722
32.822767778 131.796374167
32.822676389 131.796185556
32.822543333 131.795933889
32.822410556 131.795368056
32.822327500 131.794718056
32.822219444 131.794518889
32.821978611 131.794183611
32.821945278 131.793900556
</gml:posList>
</gml:LineStringSegment>
</gml:segments>
</gml:Curve>
</loc>
<type>都道府県界</type>
</AdmBdry>
<AdmBdry gml:id="K5_4744511814_4">
<fid>47445-11814-i-4</fid>
<lfSpanFr gml:id="K5_4744511814_4-1">
<gml:timePosition>2013-12-10</gml:timePosition>
</lfSpanFr>
<devDate gml:id="K5_4744511814_4-2">
<gml:timePosition>2020-12-23</gml:timePosition>
</devDate>
<orgGILvl>25000</orgGILvl>
<vis>表示</vis>
<loc>
<gml:Curve gml:id="K5_4744511814_4-g" srsName="fguuid:jgd2011.bl">
<gml:segments>
<gml:LineStringSegment>
<gml:posList>
32.823822333 131.800000000
32.823828611 131.799794722
32.823906694 131.799608750
</gml:posList>
</gml:LineStringSegment>
</gml:segments>
</gml:Curve>
</loc>
<type>都道府県界</type>
</AdmBdry>
<AdmBdry gml:id="K5_4744811814_1">
<fid>47448-11814-i-1</fid>
<lfSpanFr gml:id="K5_4744811814_1-1">
<gml:timePosition>2013-12-10</gml:timePosition>
</lfSpanFr>
<devDate gml:id="K5_4744811814_1-2">
<gml:timePosition>2020-12-23</gml:timePosition>
</devDate>
<orgGILvl>25000</orgGILvl>
<vis>表示</vis>
<loc>
<gml:Curve gml:id="K5_4744811814_1-g" srsName="fguuid:jgd2011.bl">
<gml:segments>
<gml:LineStringSegment>
<gml:posList>
32.823630556 131.802917139
32.823630833 131.802906389
32.823488056 131.801733611
32.823546111 131.801450556
32.823936667 131.800978889
32.823923056 131.800576944
32.823820278 131.800066944
32.823822333 131.800000000
</gml:posList>
</gml:LineStringSegment>
</gml:segments>
</gml:Curve>
</loc>
<type>都道府県界</type>
</AdmBdry>
<AdmBdry gml:id="K5_4744811814_2">
<fid>47448-11814-i-2</fid>
<lfSpanFr gml:id="K5_4744811814_2-1">
<gml:timePosition>2013-12-10</gml:timePosition>
</lfSpanFr>
<devDate gml:id="K5_4744811814_2-2">
<gml:timePosition>2020-12-23</gml:timePosition>
</devDate>
<orgGILvl>25000</orgGILvl>
<vis>表示</vis>
<loc>
<gml:Curve gml:id="K5_4744811814_2-g" srsName="fguuid:jgd2011.bl">
<gml:segments>
<gml:LineStringSegment>
<gml:posList>
32.823311056 131.808333333
32.823195556 131.808106944
32.823042500 131.807854167
32.822814167 131.807583611
32.822508889 131.807122500
32.822450000 131.806934167
32.822150278 131.806660556
32.822134722 131.806340278
32.822366389 131.805560000
32.822308611 131.805160833
32.822291944 131.804888056
32.822350000 131.804542500
32.822474444 131.804385278
32.822790278 131.804270000
32.823060000 131.804204722
32.823279722 131.803990556
32.823421667 131.803808889
32.823562778 131.803599167
32.823620833 131.803295278
32.823630556 131.802917139
</gml:posList>
</gml:LineStringSegment>
</gml:segments>
</gml:Curve>
</loc>
<type>都道府県界</type>
</AdmBdry>
<AdmBdry gml:id="K5_4745111814_1">
<fid>47451-11814-i-1</fid>
<lfSpanFr gml:id="K5_4745111814_1-1">
<gml:timePosition>2013-12-10</gml:timePosition>
</lfSpanFr>
<devDate gml:id="K5_4745111814_1-2">
<gml:timePosition>2020-12-23</gml:timePosition>
</devDate>
<orgGILvl>25000</orgGILvl>
<vis>表示</vis>
<loc>
<gml:Curve gml:id="K5_4745111814_1-g" srsName="fguuid:jgd2011.bl">
<gml:segments>
<gml:LineStringSegment>
<gml:posList>
32.823494861 131.808865444
32.823413611 131.808666944
32.823348889 131.808407500
32.823311056 131.808333333
</gml:posList>
</gml:LineStringSegment>
</gml:segments>
</gml:Curve>
</loc>
<type>都道府県界</type>
</AdmBdry>
<AdmBdry gml:id="K5_4745111814_2">
<fid>47451-11814-i-2</fid>
<lfSpanFr gml:id="K5_4745111814_2-1">
<gml:timePosition>2013-12-10</gml:timePosition>
</lfSpanFr>
<devDate gml:id="K5_4745111814_2-2">
<gml:timePosition>2020-12-23</gml:timePosition>
</devDate>
<orgGILvl>25000</orgGILvl>
<vis>表示</vis>
<loc>
<gml:Curve gml:id="K5_4745111814_2-g" srsName="fguuid:jgd2011.bl">
<gml:segments>
<gml:LineStringSegment>
<gml:posList>
32.825000000 131.811620417
32.824898333 131.811281111
32.824833889 131.810821389
32.824792500 131.810496389
32.824817500 131.809835833
32.824867500 131.809515833
32.824860278 131.809319167
32.824784444 131.809180556
32.824070000 131.809243333
32.823687778 131.809138611
32.823546667 131.808991944
32.823494861 131.808865444
</gml:posList>
</gml:LineStringSegment>
</gml:segments>
</gml:Curve>
</loc>
<type>都道府県界</type>
</AdmBdry>
<AdmBdry gml:id="K5_4745111817_1">
<fid>47451-11817-i-1</fid>
<lfSpanFr gml:id="K5_4745111817_1-1">
<gml:timePosition>2013-12-10</gml:timePosition>
</lfSpanFr>
<devDate gml:id="K5_4745111817_1-2">
<gml:timePosition>2020-12-23</gml:timePosition>
</devDate>
<orgGILvl>25000</orgGILvl>
<vis>表示</vis>
<loc>
<gml:Curve gml:id="K5_4745111817_1-g" srsName="fguuid:jgd2011.bl">
<gml:segments>
<gml:LineStringSegment>
<gml:posList>
32.825008611 131.811649167
32.825000000 131.811620417
</gml:posList>
</gml:LineStringSegment>
</gml:segments>
</gml:Curve>
</loc>
<type>都道府県界</type>
</AdmBdry>
<AdmBdry gml:id="K5_4745111817_2">
<fid>47451-11817-i-2</fid>
<lfSpanFr gml:id="K5_4745111817_2-1">
<gml:timePosition>2013-12-10</gml:timePosition>
</lfSpanFr>
<devDate gml:id="K5_4745111817_2-2">
<gml:timePosition>2020-12-23</gml:timePosition>
</devDate>
<orgGILvl>25000</orgGILvl>
<vis>表示</vis>
<loc>
<gml:Curve gml:id="K5_4745111817_2-g" srsName="fguuid:jgd2011.bl">
<gml:segments>
<gml:LineStringSegment>
<gml:posList>
32.827860833 131.815790833
32.827894167 131.815702222
32.828123333 131.815405833
32.828301111 131.815200556
32.828349722 131.815111389
32.828315000 131.815054722
32.828243056 131.815052222
32.827906944 131.814900000
32.827645000 131.814779722
32.827071944 131.814454722
32.826803056 131.814447500
32.826370833 131.814153889
32.826188056 131.813944444
32.826022778 131.813685278
32.825988889 131.813116667
32.825789444 131.812906944
32.825531944 131.812823056
32.825400000 131.812725278
32.825278056 131.812523056
32.825224444 131.812288611
32.825174722 131.811984444
32.825008611 131.811649167
</gml:posList>
</gml:LineStringSegment>
</gml:segments>
</gml:Curve>
</loc>
<type>都道府県界</type>
</AdmBdry>
<AdmBdry gml:id="K5_4745111817_3">
<fid>47451-11817-i-3</fid>
<lfSpanFr gml:id="K5_4745111817_3-1">
<gml:timePosition>2013-12-10</gml:timePosition>
</lfSpanFr>
<devDate gml:id="K5_4745111817_3-2">
<gml:timePosition>2020-12-23</gml:timePosition>
</devDate>
<orgGILvl>25000</orgGILvl>
<vis>表示</vis>
<loc>
<gml:Curve gml:id="K5_4745111817_3-g" srsName="fguuid:jgd2011.bl">
<gml:segments>
<gml:LineStringSegment>
<gml:posList>
32.827708472 131.816211528
32.827728056 131.816142222
32.827860833 131.815790833
</gml:posList>
</gml:LineStringSegment>
</gml:segments>
</gml:Curve>
</loc>
<type>都道府県界</type>
</AdmBdry>
<AdmBdry gml:id="K5_4745111817_4">
<fid>47451-11817-i-4</fid>
<lfSpanFr gml:id="K5_4745111817_4-1">
<gml:timePosition>2013-12-10</gml:timePosition>
</lfSpanFr>
<devDate gml:id="K5_4745111817_4-2">
<gml:timePosition>2020-12-23</gml:timePosition>
</devDate>
<orgGILvl>25000</orgGILvl>
<vis>表示</vis>
<loc>
<gml:Curve gml:id="K5_4745111817_4-g" srsName="fguuid:jgd2011.bl">
<gml:segments>
<gml:LineStringSegment>
<gml:posList>
32.827601556 131.816666667
32.827621111 131.816520833
32.827708472 131.816211528
</gml:posList>
</gml:LineStringSegment>
</gml:segments>
</gml:Curve>
</loc>
<type>都道府県界</type>
</AdmBdry>
<AdmBdry gml:id="K5_4745411817_1">
<fid>47454-11817-i-1</fid>
<lfSpanFr gml:id="K5_4745411817_1-1">
<gml:timePosition>2013-12-10</gml:timePosition>
</lfSpanFr>
<devDate gml:id="K5_4745411817_1-2">
<gml:timePosition>2020-12-23</gml:timePosition>
</devDate>
<orgGILvl>25000</orgGILvl>
<vis>表示</vis>
<loc>
<gml:Curve gml:id="K5_4745411817_1-g" srsName="fguuid:jgd2011.bl">
<gml:segments>
<gml:LineStringSegment>
<gml:posList>
32.827732528 131.819512583
32.827722222 131.819328611
32.827794722 131.818510833
32.827828056 131.818007778
32.827795556 131.817658889
32.827694444 131.817352500
32.827562222 131.817001667
32.827590000 131.816752778
32.827601556 131.816666667
</gml:posList>
</gml:LineStringSegment>
</gml:segments>
</gml:Curve>
</loc>
<type>都道府県界</type>
</AdmBdry>
<AdmBdry gml:id="K5_4745411817_2">
<fid>47454-11817-i-2</fid>
<lfSpanFr gml:id="K5_4745411817_2-1">
<gml:timePosition>2013-12-10</gml:timePosition>
</lfSpanFr>
<devDate gml:id="K5_4745411817_2-2">
<gml:timePosition>2020-12-23</gml:timePosition>
</devDate>
<orgGILvl>25000</orgGILvl>
<vis>表示</vis>
<loc>
<gml:Curve gml:id="K5_4745411817_2-g" srsName="fguuid:jgd2011.bl">
<gml:segments>
<gml:LineStringSegment>
<gml:posList>
32.828870556 131.825000000
32.829872222 131.824503056
32.829927222 131.824427778
32.829927222 131.824186944
32.829694444 131.823652222
32.829506389 131.823115556
32.829523889 131.822847778
32.829450556 131.822556389
32.829234444 131.822259167
32.828813889 131.821797222
32.828561389 131.821646667
32.828366389 131.821355000
32.828274167 131.820916667
32.828151944 131.820638333
32.827902778 131.820386944
32.827778333 131.820166944
32.827753333 131.819883889
32.827732528 131.819512583
</gml:posList>
</gml:LineStringSegment>
</gml:segments>
</gml:Curve>
</loc>
<type>都道府県界</type>
</AdmBdry>
<AdmBdry gml:id="K5_4745711814_1">
<fid>47457-11814-i-34</fid>
<lfSpanFr gml:id="K5_4745711814_1-1">
<gml:timePosition>2020-11-04</gml:timePosition>
</lfSpanFr>
<devDate gml:id="K5_4745711814_1-2">
<gml:timePosition>2020-12-23</gml:timePosition>
</devDate>
<orgGILvl>25000</orgGILvl>
<vis>表示</vis>
<loc>
<gml:Curve gml:id="K5_4745711814_1-g" srsName="fguuid:jgd2011.bl">
<gml:segments>
<gml:LineStringSegment>
<gml:posList>
32.822650528 131.831965944
32.822763056 131.831953056
32.823245833 131.831813889
32.823528889 131.831624167
32.823794722 131.831372500
32.824052500 131.831058056
32.824251667 131.830691111
32.824243333 131.830366111
32.824193611 131.829810556
32.824260000 131.829559444
32.824434444 131.829014167
32.824791389 131.828320000
32.824833333 131.828238611
32.825000000 131.828100056
</gml:posList>
</gml:LineStringSegment>
</gml:segments>
</gml:Curve>
</loc>
<type>都道府県界</type>
</AdmBdry>
<AdmBdry gml:id="K5_4745711814_2">
<fid>47457-11814-i-35</fid>
<lfSpanFr gml:id="K5_4745711814_2-1">
<gml:timePosition>2020-11-04</gml:timePosition>
</lfSpanFr>
<devDate gml:id="K5_4745711814_2-2">
<gml:timePosition>2020-12-23</gml:timePosition>
</devDate>
<orgGILvl>25000</orgGILvl>
<vis>表示</vis>
<loc>
<gml:Curve gml:id="K5_4745711814_2-g" srsName="fguuid:jgd2011.bl">
<gml:segments>
<gml:LineStringSegment>
<gml:posList>
32.820639222 131.832931611
32.820877222 131.832707778
32.821076389 131.832487500
32.821491944 131.832225556
32.821799167 131.832036944
32.822264444 131.831953056
32.822488889 131.831984444
32.822650528 131.831965944
</gml:posList>
</gml:LineStringSegment>
</gml:segments>
</gml:Curve>
</loc>
<type>都道府県界</type>
</AdmBdry>
<AdmBdry gml:id="K5_4745711814_3">
<fid>47457-11814-i-36</fid>
<lfSpanFr gml:id="K5_4745711814_3-1">
<gml:timePosition>2020-11-04</gml:timePosition>
</lfSpanFr>
<devDate gml:id="K5_4745711814_3-2">
<gml:timePosition>2020-12-23</gml:timePosition>
</devDate>
<orgGILvl>25000</orgGILvl>
<vis>表示</vis>
<loc>
<gml:Curve gml:id="K5_4745711814_3-g" srsName="fguuid:jgd2011.bl">
<gml:segments>
<gml:LineStringSegment>
<gml:posList>
32.820249639 131.833333333
32.820387222 131.833168611
32.820639222 131.832931611
</gml:posList>
</gml:LineStringSegment>
</gml:segments>
</gml:Curve>
</loc>
<type>都道府県界</type>
</AdmBdry>
<AdmBdry gml:id="K5_4745711817_1">
<fid>47457-11817-i-1</fid>
<lfSpanFr gml:id="K5_4745711817_1-1">
<gml:timePosition>2013-12-10</gml:timePosition>
</lfSpanFr>
<devDate gml:id="K5_4745711817_1-2">
<gml:timePosition>2020-12-23</gml:timePosition>
</devDate>
<orgGILvl>25000</orgGILvl>
<vis>表示</vis>
<loc>
<gml:Curve gml:id="K5_4745711817_1-g" srsName="fguuid:jgd2011.bl">
<gml:segments>
<gml:LineStringSegment>
<gml:posList>
32.828607083 131.825136139
32.828655556 131.825106667
32.828870556 131.825000000
</gml:posList>
</gml:LineStringSegment>
</gml:segments>
</gml:Curve>
</loc>
<type>都道府県界</type>
</AdmBdry>
<AdmBdry gml:id="K5_4745711817_2">
<fid>47457-11817-i-2</fid>
<lfSpanFr gml:id="K5_4745711817_2-1">
<gml:timePosition>2013-12-10</gml:timePosition>
</lfSpanFr>
<devDate gml:id="K5_4745711817_2-2">
<gml:timePosition>2020-12-23</gml:timePosition>
</devDate>
<orgGILvl>25000</orgGILvl>
<vis>表示</vis>
<loc>
<gml:Curve gml:id="K5_4745711817_2-g" srsName="fguuid:jgd2011.bl">
<gml:segments>
<gml:LineStringSegment>
<gml:posList>
32.825738611 131.826750556
32.825979444 131.826394167
32.826295278 131.825974722
32.826589167 131.825819722
32.826777222 131.825745278
32.827150556 131.825723333
32.827350000 131.825660278
32.827707222 131.825607778
32.828072778 131.825461111
32.828607083 131.825136139
</gml:posList>
</gml:LineStringSegment>
</gml:segments>
</gml:Curve>
</loc>
<type>都道府県界</type>
</AdmBdry>
<AdmBdry gml:id="K5_4745711817_3">
<fid>47457-11817-i-3</fid>
<lfSpanFr gml:id="K5_4745711817_3-1">
<gml:timePosition>2013-12-10</gml:timePosition>
</lfSpanFr>
<devDate gml:id="K5_4745711817_3-2">
<gml:timePosition>2020-12-23</gml:timePosition>
</devDate>
<orgGILvl>25000</orgGILvl>
<vis>表示</vis>
<loc>
<gml:Curve gml:id="K5_4745711817_3-g" srsName="fguuid:jgd2011.bl">
<gml:segments>
<gml:LineStringSegment>
<gml:posList>
32.825000000 131.828100056
32.825088611 131.828026389
32.825198611 131.827934722
32.825394167 131.827786667
32.825638889 131.827274167
32.825738611 131.826750556
</gml:posList>
</gml:LineStringSegment>
</gml:segments>
</gml:Curve>
</loc>
<type>都道府県界</type>
</AdmBdry>
<AdmBdry gml:id="K5_4746011814_1">
<fid>47460-11814-i-13</fid>
<lfSpanFr gml:id="K5_4746011814_1-1">
<gml:timePosition>2020-06-30</gml:timePosition>
</lfSpanFr>
<devDate gml:id="K5_4746011814_1-2">
<gml:timePosition>2020-12-23</gml:timePosition>
</devDate>
<orgGILvl>25000</orgGILvl>
<vis>表示</vis>
<loc>
<gml:Curve gml:id="K5_4746011814_1-g" srsName="fguuid:jgd2011.bl">
<gml:segments>
<gml:LineStringSegment>
<gml:posList>
32.819951222 131.840625028
32.819955556 131.840589167
32.819955278 131.840253611
32.819946944 131.839729722
32.820030000 131.839341944
32.820163056 131.839006667
32.820287500 131.838660556
32.820351389 131.838133056
32.820345833 131.837665278
32.820285000 131.837116111
32.820038333 131.836407222
32.819971944 131.835904167
32.819855556 131.835212500
32.819706111 131.834814444
32.819697778 131.834499722
32.819805833 131.834185278
32.820063333 131.833556389
32.820249639 131.833333333
</gml:posList>
</gml:LineStringSegment>
</gml:segments>
</gml:Curve>
</loc>
<type>都道府県界</type>
</AdmBdry>
<AdmBdry gml:id="K5_4746011814_2">
<fid>47460-11814-i-14</fid>
<lfSpanFr gml:id="K5_4746011814_2-1">
<gml:timePosition>2020-06-30</gml:timePosition>
</lfSpanFr>
<devDate gml:id="K5_4746011814_2-2">
<gml:timePosition>2020-12-23</gml:timePosition>
</devDate>
<orgGILvl>25000</orgGILvl>
<vis>表示</vis>
<loc>
<gml:Curve gml:id="K5_4746011814_2-g" srsName="fguuid:jgd2011.bl">
<gml:segments>
<gml:LineStringSegment>
<gml:posList>
32.819700861 131.841666667
32.819789444 131.841375278
32.819913889 131.840935000
32.819951222 131.840625028
</gml:posList>
</gml:LineStringSegment>
</gml:segments>
</gml:Curve>
</loc>
<type>都道府県界</type>
</AdmBdry>
<AdmBdry gml:id="K5_4746311790_1">
<fid>47463-11790-i-23</fid>
<lfSpanFr gml:id="K5_4746311790_1-1">
<gml:timePosition>2020-06-30</gml:timePosition>
</lfSpanFr>
<devDate gml:id="K5_4746311790_1-2">
<gml:timePosition>2020-12-23</gml:timePosition>
</devDate>
<orgGILvl>25000</orgGILvl>
<vis>表示</vis>
<loc>
<gml:Curve gml:id="K5_4746311790_1-g" srsName="fguuid:jgd2011.bl">
<gml:segments>
<gml:LineStringSegment>
<gml:posList>
32.753405833 131.848552222
32.753142222 131.848515000
32.753020000 131.848454722
32.752595278 131.848040000
32.752292500 131.847751944
32.752090556 131.847591111
32.751729167 131.847363333
32.751362778 131.847236111
32.750714722 131.846988333
32.750504722 131.846775000
32.750005556 131.846118611
32.750000000 131.846111389
</gml:posList>
</gml:LineStringSegment>
</gml:segments>
</gml:Curve>
</loc>
<type>都道府県界</type>
</AdmBdry>
<AdmBdry gml:id="K5_4746311790_2">
<fid>47463-11790-i-24</fid>
<lfSpanFr gml:id="K5_4746311790_2-1">
<gml:timePosition>2020-06-30</gml:timePosition>
</lfSpanFr>
<devDate gml:id="K5_4746311790_2-2">
<gml:timePosition>2020-12-23</gml:timePosition>
</devDate>
<orgGILvl>25000</orgGILvl>
<vis>表示</vis>
<loc>
<gml:Curve gml:id="K5_4746311790_2-g" srsName="fguuid:jgd2011.bl">
<gml:segments>
<gml:LineStringSegment>
<gml:posList>
32.753405833 131.848552222
32.754920278 131.848861944
32.755127778 131.849008889
32.755476944 131.849239444
32.755958333 131.849805278
32.756348889 131.849721389
32.757387222 131.849511667
32.758156111 131.849481111
32.758333333 131.849435222
</gml:posList>
</gml:LineStringSegment>
</gml:segments>
</gml:Curve>
</loc>
<type>都道府県界</type>
</AdmBdry>
<AdmBdry gml:id="K5_4746311793_1">
<fid>47463-11793-i-6</fid>
<lfSpanFr gml:id="K5_4746311793_1-1">
<gml:timePosition>2020-06-30</gml:timePosition>
</lfSpanFr>
<devDate gml:id="K5_4746311793_1-2">
<gml:timePosition>2020-12-23</gml:timePosition>
</devDate>
<orgGILvl>25000</orgGILvl>
<vis>表示</vis>
<loc>
<gml:Curve gml:id="K5_4746311793_1-g" srsName="fguuid:jgd2011.bl">
<gml:segments>
<gml:LineStringSegment>
<gml:posList>
32.760498611 131.848422500
32.760623333 131.848453889
32.760714722 131.848527222
32.760905556 131.848904444
32.761155556 131.849061389
32.761454722 131.849071944
32.761643417 131.849133361
</gml:posList>
</gml:LineStringSegment>
</gml:segments>
</gml:Curve>
</loc>
<type>都道府県界</type>
</AdmBdry>
<AdmBdry gml:id="K5_4746311793_2">
<fid>47463-11793-i-7</fid>
<lfSpanFr gml:id="K5_4746311793_2-1">
<gml:timePosition>2020-06-30</gml:timePosition>
</lfSpanFr>
<devDate gml:id="K5_4746311793_2-2">
<gml:timePosition>2020-12-23</gml:timePosition>
</devDate>
<orgGILvl>25000</orgGILvl>
<vis>表示</vis>
<loc>
<gml:Curve gml:id="K5_4746311793_2-g" srsName="fguuid:jgd2011.bl">
<gml:segments>
<gml:LineStringSegment>
<gml:posList>
32.758333333 131.849435222
32.758480000 131.849397222
32.758687500 131.849229444
32.758895278 131.848978056
32.758978333 131.848956944
32.759244167 131.849040833
32.759568056 131.848946389
32.760041667 131.848715833
32.760282500 131.848579722
32.760498611 131.848422500
</gml:posList>
</gml:LineStringSegment>
</gml:segments>
</gml:Curve>
</loc>
<type>都道府県界</type>
</AdmBdry>
<AdmBdry gml:id="K5_4746311793_3">
<fid>47463-11793-i-8</fid>
<lfSpanFr gml:id="K5_4746311793_3-1">
<gml:timePosition>2020-06-30</gml:timePosition>
</lfSpanFr>
<devDate gml:id="K5_4746311793_3-2">
<gml:timePosition>2020-12-23</gml:timePosition>
</devDate>
<orgGILvl>25000</orgGILvl>
<vis>表示</vis>
<loc>
<gml:Curve gml:id="K5_4746311793_3-g" srsName="fguuid:jgd2011.bl">
<gml:segments>
<gml:LineStringSegment>
<gml:posList>
32.761643417 131.849133361
32.762260278 131.849334167
32.762733889 131.849449444
32.763140833 131.849355000
32.763415000 131.849302500
32.763971667 131.849208333
32.764337222 131.849103333
32.764503333 131.848988056
32.765051389 131.848453611
32.765317222 131.848160000
32.765657778 131.847730278
32.765981944 131.847258611
32.766280833 131.846902222
32.766646389 131.846556389
32.766666667 131.846552111
</gml:posList>
</gml:LineStringSegment>
</gml:segments>
</gml:Curve>
</loc>
<type>都道府県界</type>
</AdmBdry>
<AdmBdry gml:id="K5_4746311796_1">
<fid>47463-11796-i-14</fid>
<lfSpanFr gml:id="K5_4746311796_1-1">
<gml:timePosition>2020-06-30</gml:timePosition>
</lfSpanFr>
<devDate gml:id="K5_4746311796_1-2">
<gml:timePosition>2020-12-23</gml:timePosition>
</devDate>
<orgGILvl>25000</orgGILvl>
<vis>表示</vis>
<loc>
<gml:Curve gml:id="K5_4746311796_1-g" srsName="fguuid:jgd2011.bl">
<gml:segments>
<gml:LineStringSegment>
<gml:posList>
32.768102306 131.846657722
32.768178611 131.846734722
32.768427778 131.846839444
32.768627222 131.846891944
32.768818333 131.846881389
32.769225278 131.846839167
32.769613194 131.846730361
</gml:posList>
</gml:LineStringSegment>
</gml:segments>
</gml:Curve>
</loc>
<type>都道府県界</type>
</AdmBdry>
<AdmBdry gml:id="K5_4746311796_2">
<fid>47463-11796-i-15</fid>
<lfSpanFr gml:id="K5_4746311796_2-1">
<gml:timePosition>2020-06-30</gml:timePosition>
</lfSpanFr>
<devDate gml:id="K5_4746311796_2-2">
<gml:timePosition>2020-12-23</gml:timePosition>
</devDate>
<orgGILvl>25000</orgGILvl>
<vis>表示</vis>
<loc>
<gml:Curve gml:id="K5_4746311796_2-g" srsName="fguuid:jgd2011.bl">
<gml:segments>
<gml:LineStringSegment>
<gml:posList>
32.769613194 131.846730361
32.769673889 131.846713333
32.770591667 131.846452222
32.771421944 131.846347222
32.772443889 131.846368333
32.773116944 131.846221389
32.773532222 131.846169167
32.773889167 131.846074722
32.774796667 131.845194722
32.774845556 131.845152500
32.775000000 131.845018667
</gml:posList>
</gml:LineStringSegment>
</gml:segments>
</gml:Curve>
</loc>
<type>都道府県界</type>
</AdmBdry>
<AdmBdry gml:id="K5_4746311796_3">
<fid>47463-11796-i-16</fid>
<lfSpanFr gml:id="K5_4746311796_3-1">
<gml:timePosition>2020-06-30</gml:timePosition>
</lfSpanFr>
<devDate gml:id="K5_4746311796_3-2">
<gml:timePosition>2020-12-23</gml:timePosition>
</devDate>
<orgGILvl>25000</orgGILvl>
<vis>表示</vis>
<loc>
<gml:Curve gml:id="K5_4746311796_3-g" srsName="fguuid:jgd2011.bl">
<gml:segments>
<gml:LineStringSegment>
<gml:posList>
32.766666667 131.846552111
32.766845833 131.846514444
32.767140556 131.846305000
32.767339722 131.846263056
32.767514167 131.846283889
32.767696944 131.846367778
32.767970833 131.846525000
32.768102306 131.846657722
</gml:posList>
</gml:LineStringSegment>
</gml:segments>
</gml:Curve>
</loc>
<type>都道府県界</type>
</AdmBdry>
<AdmBdry gml:id="K5_4746311799_1">
<fid>47463-11799-i-14</fid>
<lfSpanFr gml:id="K5_4746311799_1-1">
<gml:timePosition>2020-06-30</gml:timePosition>
</lfSpanFr>
<devDate gml:id="K5_4746311799_1-2">
<gml:timePosition>2020-12-23</gml:timePosition>
</devDate>
<orgGILvl>25000</orgGILvl>
<vis>表示</vis>
<loc>
<gml:Curve gml:id="K5_4746311799_1-g" srsName="fguuid:jgd2011.bl">
<gml:segments>
<gml:LineStringSegment>
<gml:posList>
32.776666917 131.844221194
32.776923056 131.844335278
32.777388333 131.844712500
32.777872556 131.845156806
</gml:posList>
</gml:LineStringSegment>
</gml:segments>
</gml:Curve>
</loc>
<type>都道府県界</type>
</AdmBdry>
<AdmBdry gml:id="K5_4746311799_2">
<fid>47463-11799-i-15</fid>
<lfSpanFr gml:id="K5_4746311799_2-1">
<gml:timePosition>2020-06-30</gml:timePosition>
</lfSpanFr>
<devDate gml:id="K5_4746311799_2-2">
<gml:timePosition>2020-12-23</gml:timePosition>
</devDate>
<orgGILvl>25000</orgGILvl>
<vis>表示</vis>
<loc>
<gml:Curve gml:id="K5_4746311799_2-g" srsName="fguuid:jgd2011.bl">
<gml:segments>
<gml:LineStringSegment>
<gml:posList>
32.777872556 131.845156806
32.778302222 131.845551111
32.778759167 131.845771111
32.779215833 131.846095833
32.779315278 131.846232222
32.779485000 131.846512222
32.779892222 131.846837222
32.780232778 131.846931667
32.781071667 131.846847778
32.781290556 131.846860278
32.781619722 131.846879167
32.782018611 131.847130833
32.782251111 131.847319444
32.782384167 131.847571111
32.782525278 131.847927222
32.782716389 131.848241667
32.783107778 131.848523333
32.783323889 131.848575833
32.783333333 131.848578750
</gml:posList>
</gml:LineStringSegment>
</gml:segments>
</gml:Curve>
</loc>
<type>都道府県界</type>
</AdmBdry>
<AdmBdry gml:id="K5_4746311799_3">
<fid>47463-11799-i-16</fid>
<lfSpanFr gml:id="K5_4746311799_3-1">
<gml:timePosition>2020-06-30</gml:timePosition>
</lfSpanFr>
<devDate gml:id="K5_4746311799_3-2">
<gml:timePosition>2020-12-23</gml:timePosition>
</devDate>
<orgGILvl>25000</orgGILvl>
<vis>表示</vis>
<loc>
<gml:Curve gml:id="K5_4746311799_3-g" srsName="fguuid:jgd2011.bl">
<gml:segments>
<gml:LineStringSegment>
<gml:posList>
32.775000000 131.845018667
32.775353333 131.844712500
32.775726944 131.844387500
32.776009444 131.844272222
32.776325278 131.844209444
32.776640556 131.844209444
32.776666917 131.844221194
</gml:posList>
</gml:LineStringSegment>
</gml:segments>
</gml:Curve>
</loc>
<type>都道府県界</type>
</AdmBdry>
<AdmBdry gml:id="K5_4746311802_1">
<fid>47463-11802-i-24</fid>
<lfSpanFr gml:id="K5_4746311802_1-1">
<gml:timePosition>2020-06-30</gml:timePosition>
</lfSpanFr>
<devDate gml:id="K5_4746311802_1-2">
<gml:timePosition>2020-12-23</gml:timePosition>
</devDate>
<orgGILvl>25000</orgGILvl>
<vis>表示</vis>
<loc>
<gml:Curve gml:id="K5_4746311802_1-g" srsName="fguuid:jgd2011.bl">
<gml:segments>
<gml:LineStringSegment>
<gml:posList>
32.783333333 131.848578750
32.784104722 131.848816944
32.784345556 131.848911389
</gml:posList>
</gml:LineStringSegment>
</gml:segments>
</gml:Curve>
</loc>
<type>都道府県界</type>
</AdmBdry>
<AdmBdry gml:id="K5_4746311802_2">
<fid>47463-11802-i-25</fid>
<lfSpanFr gml:id="K5_4746311802_2-1">
<gml:timePosition>2020-06-30</gml:timePosition>
</lfSpanFr>
<devDate gml:id="K5_4746311802_2-2">
<gml:timePosition>2020-12-23</gml:timePosition>
</devDate>
<orgGILvl>25000</orgGILvl>
<vis>表示</vis>
<loc>
<gml:Curve gml:id="K5_4746311802_2-g" srsName="fguuid:jgd2011.bl">
<gml:segments>
<gml:LineStringSegment>
<gml:posList>
32.784345556 131.848911389
32.784661111 131.848995278
32.785234444 131.849100000
32.785566667 131.849120833
32.785789500 131.849157889
</gml:posList>
</gml:LineStringSegment>
</gml:segments>
</gml:Curve>
</loc>
<type>都道府県界</type>
</AdmBdry>
<AdmBdry gml:id="K5_4746311802_3">
<fid>47463-11802-i-26</fid>
<lfSpanFr gml:id="K5_4746311802_3-1">
<gml:timePosition>2020-06-30</gml:timePosition>
</lfSpanFr>
<devDate gml:id="K5_4746311802_3-2">
<gml:timePosition>2020-12-23</gml:timePosition>
</devDate>
<orgGILvl>25000</orgGILvl>
<vis>表示</vis>
<loc>
<gml:Curve gml:id="K5_4746311802_3-g" srsName="fguuid:jgd2011.bl">
<gml:segments>
<gml:LineStringSegment>
<gml:posList>
32.785789500 131.849157889
32.785882500 131.849173333
32.786173056 131.849351667
32.786521944 131.849498333
32.786821111 131.849602778
32.787635000 131.849823056
32.787875833 131.849938333
32.787975250 131.850000000
</gml:posList>
</gml:LineStringSegment>
</gml:segments>
</gml:Curve>
</loc>
<type>都道府県界</type>
</AdmBdry>
<AdmBdry gml:id="K5_4746311802_4">
<fid>47463-11802-i-27</fid>
<lfSpanFr gml:id="K5_4746311802_4-1">
<gml:timePosition>2020-06-30</gml:timePosition>
</lfSpanFr>
<devDate gml:id="K5_4746311802_4-2">
<gml:timePosition>2020-12-23</gml:timePosition>
</devDate>
<orgGILvl>25000</orgGILvl>
<vis>表示</vis>
<loc>
<gml:Curve gml:id="K5_4746311802_4-g" srsName="fguuid:jgd2011.bl">
<gml:segments>
<gml:LineStringSegment>
<gml:posList>
32.789508833 131.850000000
32.790122778 131.849518611
32.790430000 131.849309167
32.790687500 131.849351111
32.790837222 131.849508333
32.791053111 131.850000000
</gml:posList>
</gml:LineStringSegment>
</gml:segments>
</gml:Curve>
</loc>
<type>都道府県界</type>
</AdmBdry>
<AdmBdry gml:id="K5_4746311814_1">
<fid>47463-11814-i-12</fid>
<lfSpanFr gml:id="K5_4746311814_1-1">
<gml:timePosition>2020-06-30</gml:timePosition>
</lfSpanFr>
<devDate gml:id="K5_4746311814_1-2">
<gml:timePosition>2020-12-23</gml:timePosition>
</devDate>
<orgGILvl>25000</orgGILvl>
<vis>表示</vis>
<loc>
<gml:Curve gml:id="K5_4746311814_1-g" srsName="fguuid:jgd2011.bl">
<gml:segments>
<gml:LineStringSegment>
<gml:posList>
32.818885167 131.844028028
32.818885000 131.844019722
32.818926389 131.843694722
32.819042778 131.843327778
32.819208889 131.842887500
32.819549444 131.842164722
32.819700861 131.841666667
</gml:posList>
</gml:LineStringSegment>
</gml:segments>
</gml:Curve>
</loc>
<type>都道府県界</type>
</AdmBdry>
<AdmBdry gml:id="K5_4746311814_2">
<fid>47463-11814-i-13</fid>
<lfSpanFr gml:id="K5_4746311814_2-1">
<gml:timePosition>2020-06-30</gml:timePosition>
</lfSpanFr>
<devDate gml:id="K5_4746311814_2-2">
<gml:timePosition>2020-12-23</gml:timePosition>
</devDate>
<orgGILvl>25000</orgGILvl>
<vis>表示</vis>
<loc>
<gml:Curve gml:id="K5_4746311814_2-g" srsName="fguuid:jgd2011.bl">
<gml:segments>
<gml:LineStringSegment>
<gml:posList>
32.819348111 131.850000000
32.819211944 131.849720833
32.818924722 131.849108611
32.818802222 131.848882778
32.818411667 131.848505556
32.818129167 131.848316667
32.817846667 131.848149167
32.817771944 131.847970833
32.817805278 131.847698611
32.817913333 131.847478611
32.818096111 131.847226944
32.818336944 131.846923056
32.818561111 131.846377778
32.818793889 131.845770000
32.818926389 131.845182778
32.818926389 131.844921111
32.818893333 131.844418056
32.818885167 131.844028028
</gml:posList>
</gml:LineStringSegment>
</gml:segments>
</gml:Curve>
</loc>
<type>都道府県界</type>
</AdmBdry>
<AdmBdry gml:id="K5_4746611802_1">
<fid>47466-11802-i-31</fid>
<lfSpanFr gml:id="K5_4746611802_1-1">
<gml:timePosition>2020-06-30</gml:timePosition>
</lfSpanFr>
<devDate gml:id="K5_4746611802_1-2">
<gml:timePosition>2020-12-23</gml:timePosition>
</devDate>
<orgGILvl>25000</orgGILvl>
<vis>表示</vis>
<loc>
<gml:Curve gml:id="K5_4746611802_1-g" srsName="fguuid:jgd2011.bl">
<gml:segments>
<gml:LineStringSegment>
<gml:posList>
32.787975250 131.850000000
32.788382778 131.850252778
32.788715000 131.850357500
32.788964167 131.850420556
32.789267222 131.850189444
32.789508833 131.850000000
</gml:posList>
</gml:LineStringSegment>
</gml:segments>
</gml:Curve>
</loc>
<type>都道府県界</type>
</AdmBdry>
<AdmBdry gml:id="K5_4746611802_2">
<fid>47466-11802-i-32</fid>
<lfSpanFr gml:id="K5_4746611802_2-1">
<gml:timePosition>2020-06-30</gml:timePosition>
</lfSpanFr>
<devDate gml:id="K5_4746611802_2-2">
<gml:timePosition>2020-12-23</gml:timePosition>
</devDate>
<orgGILvl>25000</orgGILvl>
<vis>表示</vis>
<loc>
<gml:Curve gml:id="K5_4746611802_2-g" srsName="fguuid:jgd2011.bl">
<gml:segments>
<gml:LineStringSegment>
<gml:posList>
32.791053111 131.850000000
32.791177778 131.850283889
32.791291972 131.850387500
</gml:posList>
</gml:LineStringSegment>
</gml:segments>
</gml:Curve>
</loc>
<type>都道府県界</type>
</AdmBdry>
<AdmBdry gml:id="K5_4746611802_3">
<fid>47466-11802-i-33</fid>
<lfSpanFr gml:id="K5_4746611802_3-1">
<gml:timePosition>2020-06-30</gml:timePosition>
</lfSpanFr>
<devDate gml:id="K5_4746611802_3-2">
<gml:timePosition>2020-12-23</gml:timePosition>
</devDate>
<orgGILvl>25000</orgGILvl>
<vis>表示</vis>
<loc>
<gml:Curve gml:id="K5_4746611802_3-g" srsName="fguuid:jgd2011.bl">
<gml:segments>
<gml:LineStringSegment>
<gml:posList>
32.791291972 131.850387500
32.791651389 131.850713611
32.791666667 131.850723833
</gml:posList>
</gml:LineStringSegment>
</gml:segments>
</gml:Curve>
</loc>
<type>都道府県界</type>
</AdmBdry>
<AdmBdry gml:id="K5_4746611805_1">
<fid>47466-11805-i-34</fid>
<lfSpanFr gml:id="K5_4746611805_1-1">
<gml:timePosition>2020-06-30</gml:timePosition>
</lfSpanFr>
<devDate gml:id="K5_4746611805_1-2">
<gml:timePosition>2020-12-23</gml:timePosition>
</devDate>
<orgGILvl>25000</orgGILvl>
<vis>表示</vis>
<loc>
<gml:Curve gml:id="K5_4746611805_1-g" srsName="fguuid:jgd2011.bl">
<gml:segments>
<gml:LineStringSegment>
<gml:posList>
32.791666667 131.850723833
32.792666667 131.851393056
32.792821944 131.851486389
32.793102500 131.851654444
32.793330833 131.851791389
32.793577556 131.851957917
</gml:posList>
</gml:LineStringSegment>
</gml:segments>
</gml:Curve>
</loc>
<type>都道府県界</type>
</AdmBdry>
<AdmBdry gml:id="K5_4746611805_2">
<fid>47466-11805-i-35</fid>
<lfSpanFr gml:id="K5_4746611805_2-1">
<gml:timePosition>2020-06-30</gml:timePosition>
</lfSpanFr>
<devDate gml:id="K5_4746611805_2-2">
<gml:timePosition>2020-12-23</gml:timePosition>
</devDate>
<orgGILvl>25000</orgGILvl>
<vis>表示</vis>
<loc>
<gml:Curve gml:id="K5_4746611805_2-g" srsName="fguuid:jgd2011.bl">
<gml:segments>
<gml:LineStringSegment>
<gml:posList>
32.793577556 131.851957917
32.793688056 131.852032500
32.794161667 131.852430833
32.794502222 131.852745278
32.795133611 131.853206389
32.795341389 131.853426389
32.795457778 131.853688333
32.795673611 131.854285833
32.795806667 131.854411667
</gml:posList>
</gml:LineStringSegment>
</gml:segments>
</gml:Curve>
</loc>
<type>都道府県界</type>
</AdmBdry>
<AdmBdry gml:id="K5_4746611805_3">
<fid>47466-11805-i-36</fid>
<lfSpanFr gml:id="K5_4746611805_3-1">
<gml:timePosition>2020-06-30</gml:timePosition>
</lfSpanFr>
<devDate gml:id="K5_4746611805_3-2">
<gml:timePosition>2020-12-23</gml:timePosition>
</devDate>
<orgGILvl>25000</orgGILvl>
<vis>表示</vis>
<loc>
<gml:Curve gml:id="K5_4746611805_3-g" srsName="fguuid:jgd2011.bl">
<gml:segments>
<gml:LineStringSegment>
<gml:posList>
32.799223611 131.854076944
32.799672222 131.854674444
32.800000000 131.855116417
</gml:posList>
</gml:LineStringSegment>
</gml:segments>
</gml:Curve>
</loc>
<type>都道府県界</type>
</AdmBdry>
<AdmBdry gml:id="K5_4746611805_4">
<fid>47466-11805-i-37</fid>
<lfSpanFr gml:id="K5_4746611805_4-1">
<gml:timePosition>2020-06-30</gml:timePosition>
</lfSpanFr>
<devDate gml:id="K5_4746611805_4-2">
<gml:timePosition>2020-12-23</gml:timePosition>
</devDate>
<orgGILvl>25000</orgGILvl>
<vis>表示</vis>
<loc>
<gml:Curve gml:id="K5_4746611805_4-g" srsName="fguuid:jgd2011.bl">
<gml:segments>
<gml:LineStringSegment>
<gml:posList>
32.795806667 131.854411667
32.796072500 131.854453611
32.796628889 131.854359167
32.797401389 131.854212500
32.797658889 131.854055278
32.797861389 131.853909167
32.798044167 131.853741389
32.798235278 131.853646944
32.798467778 131.853699444
32.798825000 131.853814722
32.799024444 131.853877778
32.799223611 131.854076944
</gml:posList>
</gml:LineStringSegment>
</gml:segments>
</gml:Curve>
</loc>
<type>都道府県界</type>
</AdmBdry>
<AdmBdry gml:id="K5_4746611808_1">
<fid>47466-11808-i-6</fid>
<lfSpanFr gml:id="K5_4746611808_1-1">
<gml:timePosition>2020-06-30</gml:timePosition>
</lfSpanFr>
<devDate gml:id="K5_4746611808_1-2">
<gml:timePosition>2020-12-23</gml:timePosition>
</devDate>
<orgGILvl>25000</orgGILvl>
<vis>表示</vis>
<loc>
<gml:Curve gml:id="K5_4746611808_1-g" srsName="fguuid:jgd2011.bl">
<gml:segments>
<gml:LineStringSegment>
<gml:posList>
32.800000000 131.855116417
32.800029444 131.855156111
32.800237222 131.855313333
32.800494722 131.855407778
32.800777222 131.855638333
32.800991083 131.855820556
</gml:posList>
</gml:LineStringSegment>
</gml:segments>
</gml:Curve>
</loc>
<type>都道府県界</type>
</AdmBdry>
<AdmBdry gml:id="K5_4746611808_2">
<fid>47466-11808-i-7</fid>
<lfSpanFr gml:id="K5_4746611808_2-1">
<gml:timePosition>2020-06-30</gml:timePosition>
</lfSpanFr>
<devDate gml:id="K5_4746611808_2-2">
<gml:timePosition>2020-12-23</gml:timePosition>
</devDate>
<orgGILvl>25000</orgGILvl>
<vis>表示</vis>
<loc>
<gml:Curve gml:id="K5_4746611808_2-g" srsName="fguuid:jgd2011.bl">
<gml:segments>
<gml:LineStringSegment>
<gml:posList>
32.800991083 131.855820556
32.801109444 131.855921389
32.801693333 131.856275556
32.801926111 131.856411944
32.802117222 131.856631944
32.802333056 131.856904444
32.802781389 131.857302500
32.802972500 131.857396944
32.803280000 131.857396944
32.803454444 131.857428333
32.803595556 131.857554167
32.803711389 131.857656944
32.803802778 131.857929444
32.803972306 131.858333333
</gml:posList>
</gml:LineStringSegment>
</gml:segments>
</gml:Curve>
</loc>
<type>都道府県界</type>
</AdmBdry>
<AdmBdry gml:id="K5_4746611814_1">
<fid>47466-11814-i-19</fid>
<lfSpanFr gml:id="K5_4746611814_1-1">
<gml:timePosition>2020-06-30</gml:timePosition>
</lfSpanFr>
<devDate gml:id="K5_4746611814_1-2">
<gml:timePosition>2020-12-23</gml:timePosition>
</devDate>
<orgGILvl>25000</orgGILvl>
<vis>表示</vis>
<loc>
<gml:Curve gml:id="K5_4746611814_1-g" srsName="fguuid:jgd2011.bl">
<gml:segments>
<gml:LineStringSegment>
<gml:posList>
32.819420139 131.850147667
32.819348111 131.850000000
</gml:posList>
</gml:LineStringSegment>
</gml:segments>
</gml:Curve>
</loc>
<type>都道府県界</type>
</AdmBdry>
<AdmBdry gml:id="K5_4746611814_2">
<fid>47466-11814-i-20</fid>
<lfSpanFr gml:id="K5_4746611814_2-1">
<gml:timePosition>2020-06-30</gml:timePosition>
</lfSpanFr>
<devDate gml:id="K5_4746611814_2-2">
<gml:timePosition>2020-12-23</gml:timePosition>
</devDate>
<orgGILvl>25000</orgGILvl>
<vis>表示</vis>
<loc>
<gml:Curve gml:id="K5_4746611814_2-g" srsName="fguuid:jgd2011.bl">
<gml:segments>
<gml:LineStringSegment>
<gml:posList>
32.821820417 131.858333333
32.821938611 131.858190556
32.822113056 131.857855000
32.822353889 131.857173889
32.822636389 131.856450833
32.822893889 131.855947500
32.823184444 131.855486389
32.823234167 131.855276667
32.823167778 131.855088056
32.822037778 131.853704722
32.821558333 131.853258889
</gml:posList>
</gml:LineStringSegment>
</gml:segments>
</gml:Curve>
</loc>
<type>都道府県界</type>
</AdmBdry>
<AdmBdry gml:id="K5_4746611814_3">
<fid>47466-11814-i-21</fid>
<lfSpanFr gml:id="K5_4746611814_3-1">
<gml:timePosition>2020-06-30</gml:timePosition>
</lfSpanFr>
<devDate gml:id="K5_4746611814_3-2">
<gml:timePosition>2020-12-23</gml:timePosition>
</devDate>
<orgGILvl>25000</orgGILvl>
<vis>表示</vis>
<loc>
<gml:Curve gml:id="K5_4746611814_3-g" srsName="fguuid:jgd2011.bl">
<gml:segments>
<gml:LineStringSegment>
<gml:posList>
32.821558333 131.853258889
32.821325556 131.852902500
32.820985000 131.852211111
32.820777500 131.851959444
32.820461667 131.851561111
32.820270556 131.851257222
32.820079444 131.850858889
32.819738889 131.850491944
32.819429056 131.850163389
32.819420139 131.850147667
</gml:posList>
</gml:LineStringSegment>
</gml:segments>
</gml:Curve>
</loc>
<type>都道府県界</type>
</AdmBdry>
<AdmBdry gml:id="K5_4746911808_1">
<fid>47469-11808-i-17</fid>
<lfSpanFr gml:id="K5_4746911808_1-1">
<gml:timePosition>2020-06-30</gml:timePosition>
</lfSpanFr>
<devDate gml:id="K5_4746911808_1-2">
<gml:timePosition>2020-12-23</gml:timePosition>
</devDate>
<orgGILvl>25000</orgGILvl>
<vis>表示</vis>
<loc>
<gml:Curve gml:id="K5_4746911808_1-g" srsName="fguuid:jgd2011.bl">
<gml:segments>
<gml:LineStringSegment>
<gml:posList>
32.803972306 131.858333333
32.804101944 131.858642222
</gml:posList>
</gml:LineStringSegment>
</gml:segments>
</gml:Curve>
</loc>
<type>都道府県界</type>
</AdmBdry>
<AdmBdry gml:id="K5_4746911808_2">
<fid>47469-11808-i-18</fid>
<lfSpanFr gml:id="K5_4746911808_2-1">
<gml:timePosition>2020-06-30</gml:timePosition>
</lfSpanFr>
<devDate gml:id="K5_4746911808_2-2">
<gml:timePosition>2020-12-23</gml:timePosition>
</devDate>
<orgGILvl>25000</orgGILvl>
<vis>表示</vis>
<loc>
<gml:Curve gml:id="K5_4746911808_2-g" srsName="fguuid:jgd2011.bl">
<gml:segments>
<gml:LineStringSegment>
<gml:posList>
32.806397167 131.860106000
32.806660278 131.860098889
32.806884444 131.860109444
32.807059167 131.860004722
32.807527222 131.859669167
32.808008889 131.859511944
32.808241667 131.859459444
32.808333333 131.859451111
</gml:posList>
</gml:LineStringSegment>
</gml:segments>
</gml:Curve>
</loc>
<type>都道府県界</type>
</AdmBdry>
<AdmBdry gml:id="K5_4746911808_3">
<fid>47469-11808-i-19</fid>
<lfSpanFr gml:id="K5_4746911808_3-1">
<gml:timePosition>2020-06-30</gml:timePosition>
</lfSpanFr>
<devDate gml:id="K5_4746911808_3-2">
<gml:timePosition>2020-12-23</gml:timePosition>
</devDate>
<orgGILvl>25000</orgGILvl>
<vis>表示</vis>
<loc>
<gml:Curve gml:id="K5_4746911808_3-g" srsName="fguuid:jgd2011.bl">
<gml:segments>
<gml:LineStringSegment>
<gml:posList>
32.806269722 131.860109444
32.806397167 131.860106000
</gml:posList>
</gml:LineStringSegment>
</gml:segments>
</gml:Curve>
</loc>
<type>都道府県界</type>
</AdmBdry>
<AdmBdry gml:id="K5_4746911808_4">
<fid>47469-11808-i-20</fid>
<lfSpanFr gml:id="K5_4746911808_4-1">
<gml:timePosition>2020-06-30</gml:timePosition>
</lfSpanFr>
<devDate gml:id="K5_4746911808_4-2">
<gml:timePosition>2020-12-23</gml:timePosition>
</devDate>
<orgGILvl>25000</orgGILvl>
<vis>表示</vis>
<loc>
<gml:Curve gml:id="K5_4746911808_4-g" srsName="fguuid:jgd2011.bl">
<gml:segments>
<gml:LineStringSegment>
<gml:posList>
32.806070556 131.860078056
32.806269722 131.860109444
</gml:posList>
</gml:LineStringSegment>
</gml:segments>
</gml:Curve>
</loc>
<type>都道府県界</type>
</AdmBdry>
<AdmBdry gml:id="K5_4746911808_5">
<fid>47469-11808-i-21</fid>
<lfSpanFr gml:id="K5_4746911808_5-1">
<gml:timePosition>2020-06-30</gml:timePosition>
</lfSpanFr>
<devDate gml:id="K5_4746911808_5-2">
<gml:timePosition>2020-12-23</gml:timePosition>
</devDate>
<orgGILvl>25000</orgGILvl>
<vis>表示</vis>
<loc>
<gml:Curve gml:id="K5_4746911808_5-g" srsName="fguuid:jgd2011.bl">
<gml:segments>
<gml:LineStringSegment>
<gml:posList>
32.804101944 131.858642222
32.804251389 131.858747222
32.804758056 131.858998611
32.805198333 131.859208333
32.805406111 131.859396944
32.805738333 131.859805556
32.806070556 131.860078056
</gml:posList>
</gml:LineStringSegment>
</gml:segments>
</gml:Curve>
</loc>
<type>都道府県界</type>
</AdmBdry>
<AdmBdry gml:id="K5_4746911811_1">
<fid>47469-11811-i-19</fid>
<lfSpanFr gml:id="K5_4746911811_1-1">
<gml:timePosition>2020-06-30</gml:timePosition>
</lfSpanFr>
<devDate gml:id="K5_4746911811_1-2">
<gml:timePosition>2020-12-23</gml:timePosition>
</devDate>
<orgGILvl>25000</orgGILvl>
<vis>表示</vis>
<loc>
<gml:Curve gml:id="K5_4746911811_1-g" srsName="fguuid:jgd2011.bl">
<gml:segments>
<gml:LineStringSegment>
<gml:posList>
32.813734083 131.859240806
32.814033611 131.859155000
32.814714722 131.858913889
32.814868056 131.858877500
32.815379167 131.858756667
32.815686389 131.858683333
32.816135000 131.858798611
32.816666667 131.858928361
</gml:posList>
</gml:LineStringSegment>
</gml:segments>
</gml:Curve>
</loc>
<type>都道府県界</type>
</AdmBdry>
<AdmBdry gml:id="K5_4746911811_2">
<fid>47469-11811-i-20</fid>
<lfSpanFr gml:id="K5_4746911811_2-1">
<gml:timePosition>2020-06-30</gml:timePosition>
</lfSpanFr>
<devDate gml:id="K5_4746911811_2-2">
<gml:timePosition>2020-12-23</gml:timePosition>
</devDate>
<orgGILvl>25000</orgGILvl>
<vis>表示</vis>
<loc>
<gml:Curve gml:id="K5_4746911811_2-g" srsName="fguuid:jgd2011.bl">
<gml:segments>
<gml:LineStringSegment>
<gml:posList>
32.808575722 131.859429028
32.809047222 131.859386111
32.809313056 131.859459444
32.810127222 131.859491111
32.810418056 131.859532778
32.810933056 131.859522500
32.811165556 131.859637778
32.811416944 131.859679167
32.811682778 131.859626667
32.812081389 131.859553333
32.812322222 131.859396111
32.812530000 131.859196944
32.812870556 131.859186389
32.813310833 131.859196944
32.813668056 131.859259722
32.813734083 131.859240806
</gml:posList>
</gml:LineStringSegment>
</gml:segments>
</gml:Curve>
</loc>
<type>都道府県界</type>
</AdmBdry>
<AdmBdry gml:id="K5_4746911811_3">
<fid>47469-11811-i-21</fid>
<lfSpanFr gml:id="K5_4746911811_3-1">
<gml:timePosition>2020-06-30</gml:timePosition>
</lfSpanFr>
<devDate gml:id="K5_4746911811_3-2">
<gml:timePosition>2020-12-23</gml:timePosition>
</devDate>
<orgGILvl>25000</orgGILvl>
<vis>表示</vis>
<loc>
<gml:Curve gml:id="K5_4746911811_3-g" srsName="fguuid:jgd2011.bl">
<gml:segments>
<gml:LineStringSegment>
<gml:posList>
32.808333333 131.859451111
32.808575722 131.859429028
</gml:posList>
</gml:LineStringSegment>
</gml:segments>
</gml:Curve>
</loc>
<type>都道府県界</type>
</AdmBdry>
<AdmBdry gml:id="K5_4746911814_1">
<fid>47469-11814-i-7</fid>
<lfSpanFr gml:id="K5_4746911814_1-1">
<gml:timePosition>2020-06-30</gml:timePosition>
</lfSpanFr>
<devDate gml:id="K5_4746911814_1-2">
<gml:timePosition>2020-12-23</gml:timePosition>
</devDate>
<orgGILvl>25000</orgGILvl>
<vis>表示</vis>
<loc>
<gml:Curve gml:id="K5_4746911814_1-g" srsName="fguuid:jgd2011.bl">
<gml:segments>
<gml:LineStringSegment>
<gml:posList>
32.816666667 131.858928361
32.816691667 131.858934444
32.817337139 131.859250222
</gml:posList>
</gml:LineStringSegment>
</gml:segments>
</gml:Curve>
</loc>
<type>都道府県界</type>
</AdmBdry>
<AdmBdry gml:id="K5_4746911814_2">
<fid>47469-11814-i-8</fid>
<lfSpanFr gml:id="K5_4746911814_2-1">
<gml:timePosition>2020-06-30</gml:timePosition>
</lfSpanFr>
<devDate gml:id="K5_4746911814_2-2">
<gml:timePosition>2020-12-23</gml:timePosition>
</devDate>
<orgGILvl>25000</orgGILvl>
<vis>表示</vis>
<loc>
<gml:Curve gml:id="K5_4746911814_2-g" srsName="fguuid:jgd2011.bl">
<gml:segments>
<gml:LineStringSegment>
<gml:posList>
32.817337139 131.859250222
32.817374722 131.859268611
32.817756944 131.859363056
32.818139167 131.859373333
32.818454722 131.859289722
32.818961389 131.859195278
32.819501389 131.859237222
32.819733889 131.859247778
32.820223889 131.859142778
32.820440000 131.859058889
32.820963333 131.858975278
32.821436667 131.858796944
32.821512500 131.858705278
</gml:posList>
</gml:LineStringSegment>
</gml:segments>
</gml:Curve>
</loc>
<type>都道府県界</type>
</AdmBdry>
<AdmBdry gml:id="K5_4746911814_3">
<fid>47469-11814-i-9</fid>
<lfSpanFr gml:id="K5_4746911814_3-1">
<gml:timePosition>2020-06-30</gml:timePosition>
</lfSpanFr>
<devDate gml:id="K5_4746911814_3-2">
<gml:timePosition>2020-12-23</gml:timePosition>
</devDate>
<orgGILvl>25000</orgGILvl>
<vis>表示</vis>
<loc>
<gml:Curve gml:id="K5_4746911814_3-g" srsName="fguuid:jgd2011.bl">
<gml:segments>
<gml:LineStringSegment>
<gml:posList>
32.821512500 131.858705278
32.821820417 131.858333333
</gml:posList>
</gml:LineStringSegment>
</gml:segments>
</gml:Curve>
</loc>
<type>都道府県界</type>
</AdmBdry>
</Dataset>
