<?xml version="1.0" encoding="utf-8"?>
<Dataset xsi:schemaLocation="http://fgd.gsi.go.jp/spec/2008/FGD_GMLSchema FGD_GMLSchema.xsd"
	xmlns:gml="http://www.opengis.net/gml/3.2"
	xmlns:xsi="http://www.w3.org/2001/XMLSchema-instance"
	xmlns:xlink="http://www.w3.org/1999/xlink"
	xmlns="http://fgd.gsi.go.jp/spec/2008/FGD_GMLSchema"
	gml:id="Dataset1">
  <gml:description>基盤地図情報メタデータ ID=fmdid:21-0101</gml:description>
  <gml:name>基盤地図情報ダウンロードデータ（GML版）</gml:name>
<ElevPt gml:id="K2_4743011793_1">
<fid>47430-11793-i-79</fid>
<lfSpanFr gml:id="K2_4743011793_1-1">
<gml:timePosition>2020-11-04</gml:timePosition>
</lfSpanFr>
<devDate gml:id="K2_4743011793_1-2">
<gml:timePosition>2020-12-23</gml:timePosition>
</devDate>
<orgGILvl>25000</orgGILvl>
<vis>表示</vis>
<pos>
<gml:Point gml:id="K2_4743011793_1-g" srsName="fguuid:jgd2011.bl">
<gml:pos>32.766503611 131.752547778</gml:pos>
</gml:Point>
</pos>
<type>標高点（測点）</type>
<alti>55</alti>
</ElevPt>
<ElevPt gml:id="K2_4743011799_1">
<fid>47430-11799-i-1</fid>
<lfSpanFr gml:id="K2_4743011799_1-1">
<gml:timePosition>2013-12-10</gml:timePosition>
</lfSpanFr>
<devDate gml:id="K2_4743011799_1-2">
<gml:timePosition>2020-12-23</gml:timePosition>
</devDate>
<orgGILvl>25000</orgGILvl>
<vis>表示</vis>
<pos>
<gml:Point gml:id="K2_4743011799_1-g" srsName="fguuid:jgd2011.bl">
<gml:pos>32.782858889 131.756094167</gml:pos>
</gml:Point>
</pos>
<type>標高点（測点）</type>
<alti>326</alti>
</ElevPt>
<ElevPt gml:id="K2_4743011805_1">
<fid>47430-11805-i-1</fid>
<lfSpanFr gml:id="K2_4743011805_1-1">
<gml:timePosition>2013-12-10</gml:timePosition>
</lfSpanFr>
<devDate gml:id="K2_4743011805_1-2">
<gml:timePosition>2020-12-23</gml:timePosition>
</devDate>
<orgGILvl>25000</orgGILvl>
<vis>表示</vis>
<pos>
<gml:Point gml:id="K2_4743011805_1-g" srsName="fguuid:jgd2011.bl">
<gml:pos>32.799256667 131.757500278</gml:pos>
</gml:Point>
</pos>
<type>標高点（測点）</type>
<alti>452</alti>
</ElevPt>
<ElevPt gml:id="K2_4743011808_1">
<fid>47430-11808-i-1</fid>
<lfSpanFr gml:id="K2_4743011808_1-1">
<gml:timePosition>2013-12-10</gml:timePosition>
</lfSpanFr>
<devDate gml:id="K2_4743011808_1-2">
<gml:timePosition>2020-12-23</gml:timePosition>
</devDate>
<orgGILvl>25000</orgGILvl>
<vis>表示</vis>
<pos>
<gml:Point gml:id="K2_4743011808_1-g" srsName="fguuid:jgd2011.bl">
<gml:pos>32.803190833 131.754133889</gml:pos>
</gml:Point>
</pos>
<type>標高点（測点）</type>
<alti>450</alti>
</ElevPt>
<ElevPt gml:id="K2_4743011811_1">
<fid>47430-11811-i-2</fid>
<lfSpanFr gml:id="K2_4743011811_1-1">
<gml:timePosition>2013-12-10</gml:timePosition>
</lfSpanFr>
<devDate gml:id="K2_4743011811_1-2">
<gml:timePosition>2020-12-23</gml:timePosition>
</devDate>
<orgGILvl>25000</orgGILvl>
<vis>表示</vis>
<pos>
<gml:Point gml:id="K2_4743011811_1-g" srsName="fguuid:jgd2011.bl">
<gml:pos>32.813430556 131.754141944</gml:pos>
</gml:Point>
</pos>
<type>標高点（測点）</type>
<alti>204</alti>
</ElevPt>
<ElevPt gml:id="K2_4743011814_1">
<fid>47430-11814-i-18</fid>
<lfSpanFr gml:id="K2_4743011814_1-1">
<gml:timePosition>2020-11-04</gml:timePosition>
</lfSpanFr>
<devDate gml:id="K2_4743011814_1-2">
<gml:timePosition>2020-12-23</gml:timePosition>
</devDate>
<orgGILvl>25000</orgGILvl>
<vis>表示</vis>
<pos>
<gml:Point gml:id="K2_4743011814_1-g" srsName="fguuid:jgd2011.bl">
<gml:pos>32.824181944 131.751991389</gml:pos>
</gml:Point>
</pos>
<type>標高点（測点）</type>
<alti>434</alti>
</ElevPt>
<ElevPt gml:id="K2_4743311790_1">
<fid>47433-11790-i-2</fid>
<lfSpanFr gml:id="K2_4743311790_1-1">
<gml:timePosition>2013-12-10</gml:timePosition>
</lfSpanFr>
<devDate gml:id="K2_4743311790_1-2">
<gml:timePosition>2020-12-23</gml:timePosition>
</devDate>
<orgGILvl>25000</orgGILvl>
<vis>表示</vis>
<pos>
<gml:Point gml:id="K2_4743311790_1-g" srsName="fguuid:jgd2011.bl">
<gml:pos>32.754413333 131.764850000</gml:pos>
</gml:Point>
</pos>
<type>標高点（測点）</type>
<alti>402</alti>
</ElevPt>
<ElevPt gml:id="K2_4743311793_1">
<fid>47433-11793-i-1</fid>
<lfSpanFr gml:id="K2_4743311793_1-1">
<gml:timePosition>2013-12-10</gml:timePosition>
</lfSpanFr>
<devDate gml:id="K2_4743311793_1-2">
<gml:timePosition>2020-12-23</gml:timePosition>
</devDate>
<orgGILvl>25000</orgGILvl>
<vis>表示</vis>
<pos>
<gml:Point gml:id="K2_4743311793_1-g" srsName="fguuid:jgd2011.bl">
<gml:pos>32.763927222 131.759078056</gml:pos>
</gml:Point>
</pos>
<type>標高点（測点）</type>
<alti>196</alti>
</ElevPt>
<ElevPt gml:id="K2_4743311796_1">
<fid>47433-11796-i-112</fid>
<lfSpanFr gml:id="K2_4743311796_1-1">
<gml:timePosition>2020-11-04</gml:timePosition>
</lfSpanFr>
<devDate gml:id="K2_4743311796_1-2">
<gml:timePosition>2020-12-23</gml:timePosition>
</devDate>
<orgGILvl>25000</orgGILvl>
<vis>表示</vis>
<pos>
<gml:Point gml:id="K2_4743311796_1-g" srsName="fguuid:jgd2011.bl">
<gml:pos>32.770636667 131.760266111</gml:pos>
</gml:Point>
</pos>
<type>標高点（測点）</type>
<alti>214</alti>
</ElevPt>
<ElevPt gml:id="K2_4743311796_2">
<fid>47433-11796-i-113</fid>
<lfSpanFr gml:id="K2_4743311796_2-1">
<gml:timePosition>2020-11-04</gml:timePosition>
</lfSpanFr>
<devDate gml:id="K2_4743311796_2-2">
<gml:timePosition>2020-12-23</gml:timePosition>
</devDate>
<orgGILvl>25000</orgGILvl>
<vis>表示</vis>
<pos>
<gml:Point gml:id="K2_4743311796_2-g" srsName="fguuid:jgd2011.bl">
<gml:pos>32.771014167 131.764950833</gml:pos>
</gml:Point>
</pos>
<type>標高点（測点）</type>
<alti>61</alti>
</ElevPt>
<ElevPt gml:id="K2_4743311802_1">
<fid>47433-11802-i-17</fid>
<lfSpanFr gml:id="K2_4743311802_1-1">
<gml:timePosition>2013-12-10</gml:timePosition>
</lfSpanFr>
<devDate gml:id="K2_4743311802_1-2">
<gml:timePosition>2020-12-23</gml:timePosition>
</devDate>
<orgGILvl>25000</orgGILvl>
<vis>表示</vis>
<pos>
<gml:Point gml:id="K2_4743311802_1-g" srsName="fguuid:jgd2011.bl">
<gml:pos>32.784549444 131.764777778</gml:pos>
</gml:Point>
</pos>
<type>標高点（測点）</type>
<alti>194</alti>
</ElevPt>
<ElevPt gml:id="K2_4743311805_1">
<fid>47433-11805-i-1</fid>
<lfSpanFr gml:id="K2_4743311805_1-1">
<gml:timePosition>2013-12-10</gml:timePosition>
</lfSpanFr>
<devDate gml:id="K2_4743311805_1-2">
<gml:timePosition>2020-12-23</gml:timePosition>
</devDate>
<orgGILvl>25000</orgGILvl>
<vis>表示</vis>
<pos>
<gml:Point gml:id="K2_4743311805_1-g" srsName="fguuid:jgd2011.bl">
<gml:pos>32.793122222 131.760915833</gml:pos>
</gml:Point>
</pos>
<type>標高点（測点）</type>
<alti>574</alti>
</ElevPt>
<ElevPt gml:id="K2_4743311808_1">
<fid>47433-11808-i-4</fid>
<lfSpanFr gml:id="K2_4743311808_1-1">
<gml:timePosition>2013-12-10</gml:timePosition>
</lfSpanFr>
<devDate gml:id="K2_4743311808_1-2">
<gml:timePosition>2020-12-23</gml:timePosition>
</devDate>
<orgGILvl>25000</orgGILvl>
<vis>表示</vis>
<pos>
<gml:Point gml:id="K2_4743311808_1-g" srsName="fguuid:jgd2011.bl">
<gml:pos>32.804459722 131.762686111</gml:pos>
</gml:Point>
</pos>
<type>標高点（測点）</type>
<alti>346</alti>
</ElevPt>
<ElevPt gml:id="K2_4743311811_1">
<fid>47433-11811-i-2</fid>
<lfSpanFr gml:id="K2_4743311811_1-1">
<gml:timePosition>2013-12-10</gml:timePosition>
</lfSpanFr>
<devDate gml:id="K2_4743311811_1-2">
<gml:timePosition>2020-12-23</gml:timePosition>
</devDate>
<orgGILvl>25000</orgGILvl>
<vis>表示</vis>
<pos>
<gml:Point gml:id="K2_4743311811_1-g" srsName="fguuid:jgd2011.bl">
<gml:pos>32.814248889 131.762981389</gml:pos>
</gml:Point>
</pos>
<type>標高点（測点）</type>
<alti>358</alti>
</ElevPt>
<ElevPt gml:id="K2_4743311814_1">
<fid>47433-11814-i-3</fid>
<lfSpanFr gml:id="K2_4743311814_1-1">
<gml:timePosition>2013-12-10</gml:timePosition>
</lfSpanFr>
<devDate gml:id="K2_4743311814_1-2">
<gml:timePosition>2020-12-23</gml:timePosition>
</devDate>
<orgGILvl>25000</orgGILvl>
<vis>表示</vis>
<pos>
<gml:Point gml:id="K2_4743311814_1-g" srsName="fguuid:jgd2011.bl">
<gml:pos>32.821528889 131.761557778</gml:pos>
</gml:Point>
</pos>
<type>標高点（測点）</type>
<alti>274</alti>
</ElevPt>
<ElevPt gml:id="K2_4743311817_1">
<fid>47433-11817-i-23</fid>
<lfSpanFr gml:id="K2_4743311817_1-1">
<gml:timePosition>2020-11-04</gml:timePosition>
</lfSpanFr>
<devDate gml:id="K2_4743311817_1-2">
<gml:timePosition>2020-12-23</gml:timePosition>
</devDate>
<orgGILvl>25000</orgGILvl>
<vis>表示</vis>
<pos>
<gml:Point gml:id="K2_4743311817_1-g" srsName="fguuid:jgd2011.bl">
<gml:pos>32.829883611 131.763943611</gml:pos>
</gml:Point>
</pos>
<type>標高点（測点）</type>
<alti>341</alti>
</ElevPt>
<ElevPt gml:id="K2_4743611793_1">
<fid>47436-11793-i-2</fid>
<lfSpanFr gml:id="K2_4743611793_1-1">
<gml:timePosition>2013-12-10</gml:timePosition>
</lfSpanFr>
<devDate gml:id="K2_4743611793_1-2">
<gml:timePosition>2020-12-23</gml:timePosition>
</devDate>
<orgGILvl>25000</orgGILvl>
<vis>表示</vis>
<pos>
<gml:Point gml:id="K2_4743611793_1-g" srsName="fguuid:jgd2011.bl">
<gml:pos>32.759733056 131.773699722</gml:pos>
</gml:Point>
</pos>
<type>標高点（測点）</type>
<alti>335</alti>
</ElevPt>
<ElevPt gml:id="K2_4743611793_2">
<fid>47436-11793-i-3</fid>
<lfSpanFr gml:id="K2_4743611793_2-1">
<gml:timePosition>2013-12-10</gml:timePosition>
</lfSpanFr>
<devDate gml:id="K2_4743611793_2-2">
<gml:timePosition>2020-12-23</gml:timePosition>
</devDate>
<orgGILvl>25000</orgGILvl>
<vis>表示</vis>
<pos>
<gml:Point gml:id="K2_4743611793_2-g" srsName="fguuid:jgd2011.bl">
<gml:pos>32.765533056 131.770008611</gml:pos>
</gml:Point>
</pos>
<type>標高点（測点）</type>
<alti>86</alti>
</ElevPt>
<ElevPt gml:id="K2_4743611796_1">
<fid>47436-11796-i-129</fid>
<lfSpanFr gml:id="K2_4743611796_1-1">
<gml:timePosition>2020-11-04</gml:timePosition>
</lfSpanFr>
<devDate gml:id="K2_4743611796_1-2">
<gml:timePosition>2020-12-23</gml:timePosition>
</devDate>
<orgGILvl>25000</orgGILvl>
<vis>表示</vis>
<pos>
<gml:Point gml:id="K2_4743611796_1-g" srsName="fguuid:jgd2011.bl">
<gml:pos>32.767512222 131.771794444</gml:pos>
</gml:Point>
</pos>
<type>標高点（測点）</type>
<alti>66</alti>
</ElevPt>
<ElevPt gml:id="K2_4743611802_1">
<fid>47436-11802-i-1</fid>
<lfSpanFr gml:id="K2_4743611802_1-1">
<gml:timePosition>2013-12-10</gml:timePosition>
</lfSpanFr>
<devDate gml:id="K2_4743611802_1-2">
<gml:timePosition>2020-12-23</gml:timePosition>
</devDate>
<orgGILvl>25000</orgGILvl>
<vis>表示</vis>
<pos>
<gml:Point gml:id="K2_4743611802_1-g" srsName="fguuid:jgd2011.bl">
<gml:pos>32.788018611 131.771401389</gml:pos>
</gml:Point>
</pos>
<type>標高点（測点）</type>
<alti>446</alti>
</ElevPt>
<ElevPt gml:id="K2_4743611805_1">
<fid>47436-11805-i-15</fid>
<lfSpanFr gml:id="K2_4743611805_1-1">
<gml:timePosition>2020-11-04</gml:timePosition>
</lfSpanFr>
<devDate gml:id="K2_4743611805_1-2">
<gml:timePosition>2020-12-23</gml:timePosition>
</devDate>
<orgGILvl>25000</orgGILvl>
<vis>表示</vis>
<pos>
<gml:Point gml:id="K2_4743611805_1-g" srsName="fguuid:jgd2011.bl">
<gml:pos>32.792292500 131.773353889</gml:pos>
</gml:Point>
</pos>
<type>標高点（測点）</type>
<alti>623</alti>
</ElevPt>
<ElevPt gml:id="K2_4743611805_2">
<fid>47436-11805-i-16</fid>
<lfSpanFr gml:id="K2_4743611805_2-1">
<gml:timePosition>2020-11-04</gml:timePosition>
</lfSpanFr>
<devDate gml:id="K2_4743611805_2-2">
<gml:timePosition>2020-12-23</gml:timePosition>
</devDate>
<orgGILvl>25000</orgGILvl>
<vis>表示</vis>
<pos>
<gml:Point gml:id="K2_4743611805_2-g" srsName="fguuid:jgd2011.bl">
<gml:pos>32.798386111 131.766990000</gml:pos>
</gml:Point>
</pos>
<type>標高点（測点）</type>
<alti>398</alti>
</ElevPt>
<ElevPt gml:id="K2_4743611808_1">
<fid>47436-11808-i-2</fid>
<lfSpanFr gml:id="K2_4743611808_1-1">
<gml:timePosition>2013-12-10</gml:timePosition>
</lfSpanFr>
<devDate gml:id="K2_4743611808_1-2">
<gml:timePosition>2020-12-23</gml:timePosition>
</devDate>
<orgGILvl>25000</orgGILvl>
<vis>表示</vis>
<pos>
<gml:Point gml:id="K2_4743611808_1-g" srsName="fguuid:jgd2011.bl">
<gml:pos>32.803122222 131.773426111</gml:pos>
</gml:Point>
</pos>
<type>標高点（測点）</type>
<alti>478</alti>
</ElevPt>
<ElevPt gml:id="K2_4743611811_1">
<fid>47436-11811-i-1</fid>
<lfSpanFr gml:id="K2_4743611811_1-1">
<gml:timePosition>2013-12-10</gml:timePosition>
</lfSpanFr>
<devDate gml:id="K2_4743611811_1-2">
<gml:timePosition>2020-12-23</gml:timePosition>
</devDate>
<orgGILvl>25000</orgGILvl>
<vis>表示</vis>
<pos>
<gml:Point gml:id="K2_4743611811_1-g" srsName="fguuid:jgd2011.bl">
<gml:pos>32.811096389 131.774026389</gml:pos>
</gml:Point>
</pos>
<type>標高点（測点）</type>
<alti>301</alti>
</ElevPt>
<ElevPt gml:id="K2_4743611817_1">
<fid>47436-11817-i-3</fid>
<lfSpanFr gml:id="K2_4743611817_1-1">
<gml:timePosition>2013-12-10</gml:timePosition>
</lfSpanFr>
<devDate gml:id="K2_4743611817_1-2">
<gml:timePosition>2020-12-23</gml:timePosition>
</devDate>
<orgGILvl>25000</orgGILvl>
<vis>表示</vis>
<pos>
<gml:Point gml:id="K2_4743611817_1-g" srsName="fguuid:jgd2011.bl">
<gml:pos>32.830251944 131.772935278</gml:pos>
</gml:Point>
</pos>
<type>標高点（測点）</type>
<alti>362</alti>
</ElevPt>
<ElevPt gml:id="K2_4743911790_1">
<fid>47439-11790-i-1</fid>
<lfSpanFr gml:id="K2_4743911790_1-1">
<gml:timePosition>2013-12-10</gml:timePosition>
</lfSpanFr>
<devDate gml:id="K2_4743911790_1-2">
<gml:timePosition>2020-12-23</gml:timePosition>
</devDate>
<orgGILvl>25000</orgGILvl>
<vis>表示</vis>
<pos>
<gml:Point gml:id="K2_4743911790_1-g" srsName="fguuid:jgd2011.bl">
<gml:pos>32.753993333 131.778581111</gml:pos>
</gml:Point>
</pos>
<type>標高点（測点）</type>
<alti>433</alti>
</ElevPt>
<ElevPt gml:id="K2_4743911796_1">
<fid>47439-11796-i-1</fid>
<lfSpanFr gml:id="K2_4743911796_1-1">
<gml:timePosition>2013-12-10</gml:timePosition>
</lfSpanFr>
<devDate gml:id="K2_4743911796_1-2">
<gml:timePosition>2020-12-23</gml:timePosition>
</devDate>
<orgGILvl>25000</orgGILvl>
<vis>表示</vis>
<pos>
<gml:Point gml:id="K2_4743911796_1-g" srsName="fguuid:jgd2011.bl">
<gml:pos>32.769303333 131.778883333</gml:pos>
</gml:Point>
</pos>
<type>標高点（測点）</type>
<alti>262</alti>
</ElevPt>
<ElevPt gml:id="K2_4743911799_1">
<fid>47439-11799-i-5</fid>
<lfSpanFr gml:id="K2_4743911799_1-1">
<gml:timePosition>2013-12-10</gml:timePosition>
</lfSpanFr>
<devDate gml:id="K2_4743911799_1-2">
<gml:timePosition>2020-12-23</gml:timePosition>
</devDate>
<orgGILvl>25000</orgGILvl>
<vis>表示</vis>
<pos>
<gml:Point gml:id="K2_4743911799_1-g" srsName="fguuid:jgd2011.bl">
<gml:pos>32.783169444 131.779456111</gml:pos>
</gml:Point>
</pos>
<type>標高点（測点）</type>
<alti>211</alti>
</ElevPt>
<ElevPt gml:id="K2_4743911799_2">
<fid>47439-11799-i-6</fid>
<lfSpanFr gml:id="K2_4743911799_2-1">
<gml:timePosition>2013-12-10</gml:timePosition>
</lfSpanFr>
<devDate gml:id="K2_4743911799_2-2">
<gml:timePosition>2020-12-23</gml:timePosition>
</devDate>
<orgGILvl>25000</orgGILvl>
<vis>表示</vis>
<pos>
<gml:Point gml:id="K2_4743911799_2-g" srsName="fguuid:jgd2011.bl">
<gml:pos>32.779622222 131.776306111</gml:pos>
</gml:Point>
</pos>
<type>標高点（測点）</type>
<alti>235</alti>
</ElevPt>
<ElevPt gml:id="K2_4743911808_1">
<fid>47439-11808-i-1</fid>
<lfSpanFr gml:id="K2_4743911808_1-1">
<gml:timePosition>2013-12-10</gml:timePosition>
</lfSpanFr>
<devDate gml:id="K2_4743911808_1-2">
<gml:timePosition>2020-12-23</gml:timePosition>
</devDate>
<orgGILvl>25000</orgGILvl>
<vis>表示</vis>
<pos>
<gml:Point gml:id="K2_4743911808_1-g" srsName="fguuid:jgd2011.bl">
<gml:pos>32.801615833 131.778927222</gml:pos>
</gml:Point>
</pos>
<type>標高点（測点）</type>
<alti>553</alti>
</ElevPt>
<ElevPt gml:id="K2_4743911811_1">
<fid>47439-11811-i-1</fid>
<lfSpanFr gml:id="K2_4743911811_1-1">
<gml:timePosition>2013-12-10</gml:timePosition>
</lfSpanFr>
<devDate gml:id="K2_4743911811_1-2">
<gml:timePosition>2020-12-23</gml:timePosition>
</devDate>
<orgGILvl>25000</orgGILvl>
<vis>表示</vis>
<pos>
<gml:Point gml:id="K2_4743911811_1-g" srsName="fguuid:jgd2011.bl">
<gml:pos>32.810397222 131.781702778</gml:pos>
</gml:Point>
</pos>
<type>標高点（測点）</type>
<alti>462</alti>
</ElevPt>
<ElevPt gml:id="K2_4743911814_1">
<fid>47439-11814-i-1</fid>
<lfSpanFr gml:id="K2_4743911814_1-1">
<gml:timePosition>2013-12-10</gml:timePosition>
</lfSpanFr>
<devDate gml:id="K2_4743911814_1-2">
<gml:timePosition>2020-12-23</gml:timePosition>
</devDate>
<orgGILvl>25000</orgGILvl>
<vis>表示</vis>
<pos>
<gml:Point gml:id="K2_4743911814_1-g" srsName="fguuid:jgd2011.bl">
<gml:pos>32.823429167 131.777699167</gml:pos>
</gml:Point>
</pos>
<type>標高点（測点）</type>
<alti>422</alti>
</ElevPt>
<ElevPt gml:id="K2_4744211793_1">
<fid>47442-11793-i-35</fid>
<lfSpanFr gml:id="K2_4744211793_1-1">
<gml:timePosition>2013-12-10</gml:timePosition>
</lfSpanFr>
<devDate gml:id="K2_4744211793_1-2">
<gml:timePosition>2020-12-23</gml:timePosition>
</devDate>
<orgGILvl>25000</orgGILvl>
<vis>表示</vis>
<pos>
<gml:Point gml:id="K2_4744211793_1-g" srsName="fguuid:jgd2011.bl">
<gml:pos>32.763525833 131.784922500</gml:pos>
</gml:Point>
</pos>
<type>標高点（測点）</type>
<alti>174</alti>
</ElevPt>
<ElevPt gml:id="K2_4744211799_1">
<fid>47442-11799-i-1</fid>
<lfSpanFr gml:id="K2_4744211799_1-1">
<gml:timePosition>2013-12-10</gml:timePosition>
</lfSpanFr>
<devDate gml:id="K2_4744211799_1-2">
<gml:timePosition>2020-12-23</gml:timePosition>
</devDate>
<orgGILvl>25000</orgGILvl>
<vis>表示</vis>
<pos>
<gml:Point gml:id="K2_4744211799_1-g" srsName="fguuid:jgd2011.bl">
<gml:pos>32.779607500 131.790082500</gml:pos>
</gml:Point>
</pos>
<type>標高点（測点）</type>
<alti>125</alti>
</ElevPt>
<ElevPt gml:id="K2_4744211802_1">
<fid>47442-11802-i-1</fid>
<lfSpanFr gml:id="K2_4744211802_1-1">
<gml:timePosition>2013-12-10</gml:timePosition>
</lfSpanFr>
<devDate gml:id="K2_4744211802_1-2">
<gml:timePosition>2020-12-23</gml:timePosition>
</devDate>
<orgGILvl>25000</orgGILvl>
<vis>表示</vis>
<pos>
<gml:Point gml:id="K2_4744211802_1-g" srsName="fguuid:jgd2011.bl">
<gml:pos>32.786991944 131.784100278</gml:pos>
</gml:Point>
</pos>
<type>標高点（測点）</type>
<alti>404</alti>
</ElevPt>
<ElevPt gml:id="K2_4744211808_1">
<fid>47442-11808-i-3</fid>
<lfSpanFr gml:id="K2_4744211808_1-1">
<gml:timePosition>2013-12-10</gml:timePosition>
</lfSpanFr>
<devDate gml:id="K2_4744211808_1-2">
<gml:timePosition>2020-12-23</gml:timePosition>
</devDate>
<orgGILvl>25000</orgGILvl>
<vis>表示</vis>
<pos>
<gml:Point gml:id="K2_4744211808_1-g" srsName="fguuid:jgd2011.bl">
<gml:pos>32.802964167 131.785736944</gml:pos>
</gml:Point>
</pos>
<type>標高点（測点）</type>
<alti>569</alti>
</ElevPt>
<ElevPt gml:id="K2_4744211811_1">
<fid>47442-11811-i-1</fid>
<lfSpanFr gml:id="K2_4744211811_1-1">
<gml:timePosition>2013-12-10</gml:timePosition>
</lfSpanFr>
<devDate gml:id="K2_4744211811_1-2">
<gml:timePosition>2020-12-23</gml:timePosition>
</devDate>
<orgGILvl>25000</orgGILvl>
<vis>表示</vis>
<pos>
<gml:Point gml:id="K2_4744211811_1-g" srsName="fguuid:jgd2011.bl">
<gml:pos>32.810225278 131.787934167</gml:pos>
</gml:Point>
</pos>
<type>標高点（測点）</type>
<alti>538</alti>
</ElevPt>
<ElevPt gml:id="K2_4744211814_1">
<fid>47442-11814-i-2</fid>
<lfSpanFr gml:id="K2_4744211814_1-1">
<gml:timePosition>2013-12-10</gml:timePosition>
</lfSpanFr>
<devDate gml:id="K2_4744211814_1-2">
<gml:timePosition>2020-12-23</gml:timePosition>
</devDate>
<orgGILvl>25000</orgGILvl>
<vis>表示</vis>
<pos>
<gml:Point gml:id="K2_4744211814_1-g" srsName="fguuid:jgd2011.bl">
<gml:pos>32.817326389 131.784325833</gml:pos>
</gml:Point>
</pos>
<type>標高点（測点）</type>
<alti>454</alti>
</ElevPt>
<ElevPt gml:id="K2_4744211817_1">
<fid>47442-11817-i-12</fid>
<lfSpanFr gml:id="K2_4744211817_1-1">
<gml:timePosition>2013-12-10</gml:timePosition>
</lfSpanFr>
<devDate gml:id="K2_4744211817_1-2">
<gml:timePosition>2020-12-23</gml:timePosition>
</devDate>
<orgGILvl>25000</orgGILvl>
<vis>表示</vis>
<pos>
<gml:Point gml:id="K2_4744211817_1-g" srsName="fguuid:jgd2011.bl">
<gml:pos>32.828001667 131.787761389</gml:pos>
</gml:Point>
</pos>
<type>標高点（測点）</type>
<alti>608</alti>
</ElevPt>
<ElevPt gml:id="K2_4744511796_1">
<fid>47445-11796-i-29</fid>
<lfSpanFr gml:id="K2_4744511796_1-1">
<gml:timePosition>2020-11-04</gml:timePosition>
</lfSpanFr>
<devDate gml:id="K2_4744511796_1-2">
<gml:timePosition>2020-12-23</gml:timePosition>
</devDate>
<orgGILvl>25000</orgGILvl>
<vis>表示</vis>
<pos>
<gml:Point gml:id="K2_4744511796_1-g" srsName="fguuid:jgd2011.bl">
<gml:pos>32.772675833 131.797807500</gml:pos>
</gml:Point>
</pos>
<type>標高点（測点）</type>
<alti>256</alti>
</ElevPt>
<ElevPt gml:id="K2_4744511799_1">
<fid>47445-11799-i-26</fid>
<lfSpanFr gml:id="K2_4744511799_1-1">
<gml:timePosition>2020-11-04</gml:timePosition>
</lfSpanFr>
<devDate gml:id="K2_4744511799_1-2">
<gml:timePosition>2020-12-23</gml:timePosition>
</devDate>
<orgGILvl>25000</orgGILvl>
<vis>表示</vis>
<pos>
<gml:Point gml:id="K2_4744511799_1-g" srsName="fguuid:jgd2011.bl">
<gml:pos>32.782244444 131.793367500</gml:pos>
</gml:Point>
</pos>
<type>標高点（測点）</type>
<alti>316</alti>
</ElevPt>
<ElevPt gml:id="K2_4744511805_1">
<fid>47445-11805-i-1</fid>
<lfSpanFr gml:id="K2_4744511805_1-1">
<gml:timePosition>2013-12-10</gml:timePosition>
</lfSpanFr>
<devDate gml:id="K2_4744511805_1-2">
<gml:timePosition>2020-12-23</gml:timePosition>
</devDate>
<orgGILvl>25000</orgGILvl>
<vis>表示</vis>
<pos>
<gml:Point gml:id="K2_4744511805_1-g" srsName="fguuid:jgd2011.bl">
<gml:pos>32.798973833 131.795630611</gml:pos>
</gml:Point>
</pos>
<type>標高点（測点）</type>
<alti>421</alti>
</ElevPt>
<ElevPt gml:id="K2_4744511808_1">
<fid>47445-11808-i-1</fid>
<lfSpanFr gml:id="K2_4744511808_1-1">
<gml:timePosition>2013-12-10</gml:timePosition>
</lfSpanFr>
<devDate gml:id="K2_4744511808_1-2">
<gml:timePosition>2020-12-23</gml:timePosition>
</devDate>
<orgGILvl>25000</orgGILvl>
<vis>表示</vis>
<pos>
<gml:Point gml:id="K2_4744511808_1-g" srsName="fguuid:jgd2011.bl">
<gml:pos>32.806341944 131.799948333</gml:pos>
</gml:Point>
</pos>
<type>標高点（測点）</type>
<alti>179</alti>
</ElevPt>
<ElevPt gml:id="K2_4744511811_1">
<fid>47445-11811-i-1</fid>
<lfSpanFr gml:id="K2_4744511811_1-1">
<gml:timePosition>2013-12-10</gml:timePosition>
</lfSpanFr>
<devDate gml:id="K2_4744511811_1-2">
<gml:timePosition>2020-12-23</gml:timePosition>
</devDate>
<orgGILvl>25000</orgGILvl>
<vis>表示</vis>
<pos>
<gml:Point gml:id="K2_4744511811_1-g" srsName="fguuid:jgd2011.bl">
<gml:pos>32.812959444 131.796330833</gml:pos>
</gml:Point>
</pos>
<type>標高点（測点）</type>
<alti>328</alti>
</ElevPt>
<ElevPt gml:id="K2_4744511814_1">
<fid>47445-11814-i-5</fid>
<lfSpanFr gml:id="K2_4744511814_1-1">
<gml:timePosition>2013-12-10</gml:timePosition>
</lfSpanFr>
<devDate gml:id="K2_4744511814_1-2">
<gml:timePosition>2020-12-23</gml:timePosition>
</devDate>
<orgGILvl>25000</orgGILvl>
<vis>表示</vis>
<pos>
<gml:Point gml:id="K2_4744511814_1-g" srsName="fguuid:jgd2011.bl">
<gml:pos>32.821960556 131.793786389</gml:pos>
</gml:Point>
</pos>
<type>標高点（測点）</type>
<alti>634</alti>
</ElevPt>
<ElevPt gml:id="K2_4744811790_1">
<fid>47448-11790-i-1</fid>
<lfSpanFr gml:id="K2_4744811790_1-1">
<gml:timePosition>2013-12-10</gml:timePosition>
</lfSpanFr>
<devDate gml:id="K2_4744811790_1-2">
<gml:timePosition>2020-12-23</gml:timePosition>
</devDate>
<orgGILvl>25000</orgGILvl>
<vis>表示</vis>
<pos>
<gml:Point gml:id="K2_4744811790_1-g" srsName="fguuid:jgd2011.bl">
<gml:pos>32.750647778 131.801523056</gml:pos>
</gml:Point>
</pos>
<type>標高点（測点）</type>
<alti>115</alti>
</ElevPt>
<ElevPt gml:id="K2_4744811790_2">
<fid>47448-11790-i-2</fid>
<lfSpanFr gml:id="K2_4744811790_2-1">
<gml:timePosition>2013-12-10</gml:timePosition>
</lfSpanFr>
<devDate gml:id="K2_4744811790_2-2">
<gml:timePosition>2020-12-23</gml:timePosition>
</devDate>
<orgGILvl>25000</orgGILvl>
<vis>表示</vis>
<pos>
<gml:Point gml:id="K2_4744811790_2-g" srsName="fguuid:jgd2011.bl">
<gml:pos>32.755618333 131.804329722</gml:pos>
</gml:Point>
</pos>
<type>標高点（測点）</type>
<alti>234</alti>
</ElevPt>
<ElevPt gml:id="K2_4744811796_1">
<fid>47448-11796-i-133</fid>
<lfSpanFr gml:id="K2_4744811796_1-1">
<gml:timePosition>2020-11-04</gml:timePosition>
</lfSpanFr>
<devDate gml:id="K2_4744811796_1-2">
<gml:timePosition>2020-12-23</gml:timePosition>
</devDate>
<orgGILvl>25000</orgGILvl>
<vis>表示</vis>
<pos>
<gml:Point gml:id="K2_4744811796_1-g" srsName="fguuid:jgd2011.bl">
<gml:pos>32.770781667 131.806357778</gml:pos>
</gml:Point>
</pos>
<type>標高点（測点）</type>
<alti>97</alti>
</ElevPt>
<ElevPt gml:id="K2_4744811802_1">
<fid>47448-11802-i-46</fid>
<lfSpanFr gml:id="K2_4744811802_1-1">
<gml:timePosition>2020-11-04</gml:timePosition>
</lfSpanFr>
<devDate gml:id="K2_4744811802_1-2">
<gml:timePosition>2020-12-23</gml:timePosition>
</devDate>
<orgGILvl>25000</orgGILvl>
<vis>表示</vis>
<pos>
<gml:Point gml:id="K2_4744811802_1-g" srsName="fguuid:jgd2011.bl">
<gml:pos>32.791003333 131.803892778</gml:pos>
</gml:Point>
</pos>
<type>標高点（測点）</type>
<alti>322</alti>
</ElevPt>
<ElevPt gml:id="K2_4744811808_1">
<fid>47448-11808-i-1</fid>
<lfSpanFr gml:id="K2_4744811808_1-1">
<gml:timePosition>2013-12-10</gml:timePosition>
</lfSpanFr>
<devDate gml:id="K2_4744811808_1-2">
<gml:timePosition>2020-12-23</gml:timePosition>
</devDate>
<orgGILvl>25000</orgGILvl>
<vis>表示</vis>
<pos>
<gml:Point gml:id="K2_4744811808_1-g" srsName="fguuid:jgd2011.bl">
<gml:pos>32.801195556 131.806744722</gml:pos>
</gml:Point>
</pos>
<type>標高点（測点）</type>
<alti>381</alti>
</ElevPt>
<ElevPt gml:id="K2_4744811814_1">
<fid>47448-11814-i-3</fid>
<lfSpanFr gml:id="K2_4744811814_1-1">
<gml:timePosition>2013-12-10</gml:timePosition>
</lfSpanFr>
<devDate gml:id="K2_4744811814_1-2">
<gml:timePosition>2020-12-23</gml:timePosition>
</devDate>
<orgGILvl>25000</orgGILvl>
<vis>表示</vis>
<pos>
<gml:Point gml:id="K2_4744811814_1-g" srsName="fguuid:jgd2011.bl">
<gml:pos>32.819386389 131.806796667</gml:pos>
</gml:Point>
</pos>
<type>標高点（測点）</type>
<alti>564</alti>
</ElevPt>
<ElevPt gml:id="K2_4744811817_1">
<fid>47448-11817-i-1</fid>
<lfSpanFr gml:id="K2_4744811817_1-1">
<gml:timePosition>2013-12-10</gml:timePosition>
</lfSpanFr>
<devDate gml:id="K2_4744811817_1-2">
<gml:timePosition>2020-12-23</gml:timePosition>
</devDate>
<orgGILvl>25000</orgGILvl>
<vis>表示</vis>
<pos>
<gml:Point gml:id="K2_4744811817_1-g" srsName="fguuid:jgd2011.bl">
<gml:pos>32.832894722 131.800085278</gml:pos>
</gml:Point>
</pos>
<type>標高点（測点）</type>
<alti>514</alti>
</ElevPt>
<ElevPt gml:id="K2_4744811817_2">
<fid>47448-11817-i-2</fid>
<lfSpanFr gml:id="K2_4744811817_2-1">
<gml:timePosition>2013-12-10</gml:timePosition>
</lfSpanFr>
<devDate gml:id="K2_4744811817_2-2">
<gml:timePosition>2020-12-23</gml:timePosition>
</devDate>
<orgGILvl>25000</orgGILvl>
<vis>表示</vis>
<pos>
<gml:Point gml:id="K2_4744811817_2-g" srsName="fguuid:jgd2011.bl">
<gml:pos>32.832345000 131.805940556</gml:pos>
</gml:Point>
</pos>
<type>標高点（測点）</type>
<alti>524</alti>
</ElevPt>
<ElevPt gml:id="K2_4745111793_1">
<fid>47451-11793-i-23</fid>
<lfSpanFr gml:id="K2_4745111793_1-1">
<gml:timePosition>2020-11-04</gml:timePosition>
</lfSpanFr>
<devDate gml:id="K2_4745111793_1-2">
<gml:timePosition>2020-12-23</gml:timePosition>
</devDate>
<orgGILvl>25000</orgGILvl>
<vis>表示</vis>
<pos>
<gml:Point gml:id="K2_4745111793_1-g" srsName="fguuid:jgd2011.bl">
<gml:pos>32.761989722 131.809101944</gml:pos>
</gml:Point>
</pos>
<type>標高点（測点）</type>
<alti>374</alti>
</ElevPt>
<ElevPt gml:id="K2_4745111793_2">
<fid>47451-11793-i-24</fid>
<lfSpanFr gml:id="K2_4745111793_2-1">
<gml:timePosition>2020-11-04</gml:timePosition>
</lfSpanFr>
<devDate gml:id="K2_4745111793_2-2">
<gml:timePosition>2020-12-23</gml:timePosition>
</devDate>
<orgGILvl>25000</orgGILvl>
<vis>表示</vis>
<pos>
<gml:Point gml:id="K2_4745111793_2-g" srsName="fguuid:jgd2011.bl">
<gml:pos>32.765980000 131.812740833</gml:pos>
</gml:Point>
</pos>
<type>標高点（測点）</type>
<alti>379</alti>
</ElevPt>
<ElevPt gml:id="K2_4745111793_3">
<fid>47451-11793-i-25</fid>
<lfSpanFr gml:id="K2_4745111793_3-1">
<gml:timePosition>2020-11-04</gml:timePosition>
</lfSpanFr>
<devDate gml:id="K2_4745111793_3-2">
<gml:timePosition>2020-12-23</gml:timePosition>
</devDate>
<orgGILvl>25000</orgGILvl>
<vis>表示</vis>
<pos>
<gml:Point gml:id="K2_4745111793_3-g" srsName="fguuid:jgd2011.bl">
<gml:pos>32.758364722 131.812556667</gml:pos>
</gml:Point>
</pos>
<type>標高点（測点）</type>
<alti>433</alti>
</ElevPt>
<ElevPt gml:id="K2_4745111799_1">
<fid>47451-11799-i-40</fid>
<lfSpanFr gml:id="K2_4745111799_1-1">
<gml:timePosition>2020-11-04</gml:timePosition>
</lfSpanFr>
<devDate gml:id="K2_4745111799_1-2">
<gml:timePosition>2020-12-23</gml:timePosition>
</devDate>
<orgGILvl>25000</orgGILvl>
<vis>表示</vis>
<pos>
<gml:Point gml:id="K2_4745111799_1-g" srsName="fguuid:jgd2011.bl">
<gml:pos>32.775290278 131.809776389</gml:pos>
</gml:Point>
</pos>
<type>標高点（測点）</type>
<alti>209</alti>
</ElevPt>
<ElevPt gml:id="K2_4745111802_1">
<fid>47451-11802-i-42</fid>
<lfSpanFr gml:id="K2_4745111802_1-1">
<gml:timePosition>2020-11-04</gml:timePosition>
</lfSpanFr>
<devDate gml:id="K2_4745111802_1-2">
<gml:timePosition>2020-12-23</gml:timePosition>
</devDate>
<orgGILvl>25000</orgGILvl>
<vis>表示</vis>
<pos>
<gml:Point gml:id="K2_4745111802_1-g" srsName="fguuid:jgd2011.bl">
<gml:pos>32.784556111 131.810701944</gml:pos>
</gml:Point>
</pos>
<type>標高点（測点）</type>
<alti>174</alti>
</ElevPt>
<ElevPt gml:id="K2_4745111805_1">
<fid>47451-11805-i-1</fid>
<lfSpanFr gml:id="K2_4745111805_1-1">
<gml:timePosition>2013-12-10</gml:timePosition>
</lfSpanFr>
<devDate gml:id="K2_4745111805_1-2">
<gml:timePosition>2020-12-23</gml:timePosition>
</devDate>
<orgGILvl>25000</orgGILvl>
<vis>表示</vis>
<pos>
<gml:Point gml:id="K2_4745111805_1-g" srsName="fguuid:jgd2011.bl">
<gml:pos>32.798869722 131.814329167</gml:pos>
</gml:Point>
</pos>
<type>標高点（測点）</type>
<alti>473</alti>
</ElevPt>
<ElevPt gml:id="K2_4745111808_1">
<fid>47451-11808-i-14</fid>
<lfSpanFr gml:id="K2_4745111808_1-1">
<gml:timePosition>2020-11-04</gml:timePosition>
</lfSpanFr>
<devDate gml:id="K2_4745111808_1-2">
<gml:timePosition>2020-12-23</gml:timePosition>
</devDate>
<orgGILvl>25000</orgGILvl>
<vis>表示</vis>
<pos>
<gml:Point gml:id="K2_4745111808_1-g" srsName="fguuid:jgd2011.bl">
<gml:pos>32.806780000 131.809048889</gml:pos>
</gml:Point>
</pos>
<type>標高点（測点）</type>
<alti>499</alti>
</ElevPt>
<ElevPt gml:id="K2_4745111811_1">
<fid>47451-11811-i-2</fid>
<lfSpanFr gml:id="K2_4745111811_1-1">
<gml:timePosition>2013-12-10</gml:timePosition>
</lfSpanFr>
<devDate gml:id="K2_4745111811_1-2">
<gml:timePosition>2020-12-23</gml:timePosition>
</devDate>
<orgGILvl>25000</orgGILvl>
<vis>表示</vis>
<pos>
<gml:Point gml:id="K2_4745111811_1-g" srsName="fguuid:jgd2011.bl">
<gml:pos>32.813907222 131.816014167</gml:pos>
</gml:Point>
</pos>
<type>標高点（測点）</type>
<alti>402</alti>
</ElevPt>
<ElevPt gml:id="K2_4745111817_1">
<fid>47451-11817-i-5</fid>
<lfSpanFr gml:id="K2_4745111817_1-1">
<gml:timePosition>2013-12-10</gml:timePosition>
</lfSpanFr>
<devDate gml:id="K2_4745111817_1-2">
<gml:timePosition>2020-12-23</gml:timePosition>
</devDate>
<orgGILvl>25000</orgGILvl>
<vis>表示</vis>
<pos>
<gml:Point gml:id="K2_4745111817_1-g" srsName="fguuid:jgd2011.bl">
<gml:pos>32.825356389 131.808754167</gml:pos>
</gml:Point>
</pos>
<type>標高点（測点）</type>
<alti>634</alti>
</ElevPt>
<ElevPt gml:id="K2_4745411793_1">
<fid>47454-11793-i-1</fid>
<lfSpanFr gml:id="K2_4745411793_1-1">
<gml:timePosition>2013-12-10</gml:timePosition>
</lfSpanFr>
<devDate gml:id="K2_4745411793_1-2">
<gml:timePosition>2020-12-23</gml:timePosition>
</devDate>
<orgGILvl>25000</orgGILvl>
<vis>表示</vis>
<pos>
<gml:Point gml:id="K2_4745411793_1-g" srsName="fguuid:jgd2011.bl">
<gml:pos>32.759496667 131.823506944</gml:pos>
</gml:Point>
</pos>
<type>標高点（測点）</type>
<alti>403</alti>
</ElevPt>
<ElevPt gml:id="K2_4745411796_1">
<fid>47454-11796-i-11</fid>
<lfSpanFr gml:id="K2_4745411796_1-1">
<gml:timePosition>2013-12-10</gml:timePosition>
</lfSpanFr>
<devDate gml:id="K2_4745411796_1-2">
<gml:timePosition>2020-12-23</gml:timePosition>
</devDate>
<orgGILvl>25000</orgGILvl>
<vis>表示</vis>
<pos>
<gml:Point gml:id="K2_4745411796_1-g" srsName="fguuid:jgd2011.bl">
<gml:pos>32.773349722 131.818252222</gml:pos>
</gml:Point>
</pos>
<type>標高点（測点）</type>
<alti>101</alti>
</ElevPt>
<ElevPt gml:id="K2_4745411799_1">
<fid>47454-11799-i-3</fid>
<lfSpanFr gml:id="K2_4745411799_1-1">
<gml:timePosition>2013-12-10</gml:timePosition>
</lfSpanFr>
<devDate gml:id="K2_4745411799_1-2">
<gml:timePosition>2020-12-23</gml:timePosition>
</devDate>
<orgGILvl>25000</orgGILvl>
<vis>表示</vis>
<pos>
<gml:Point gml:id="K2_4745411799_1-g" srsName="fguuid:jgd2011.bl">
<gml:pos>32.782312500 131.818615556</gml:pos>
</gml:Point>
</pos>
<type>標高点（測点）</type>
<alti>301</alti>
</ElevPt>
<ElevPt gml:id="K2_4745411808_1">
<fid>47454-11808-i-23</fid>
<lfSpanFr gml:id="K2_4745411808_1-1">
<gml:timePosition>2020-11-04</gml:timePosition>
</lfSpanFr>
<devDate gml:id="K2_4745411808_1-2">
<gml:timePosition>2020-12-23</gml:timePosition>
</devDate>
<orgGILvl>25000</orgGILvl>
<vis>表示</vis>
<pos>
<gml:Point gml:id="K2_4745411808_1-g" srsName="fguuid:jgd2011.bl">
<gml:pos>32.805605278 131.819167500</gml:pos>
</gml:Point>
</pos>
<type>標高点（測点）</type>
<alti>298</alti>
</ElevPt>
<ElevPt gml:id="K2_4745411814_1">
<fid>47454-11814-i-3</fid>
<lfSpanFr gml:id="K2_4745411814_1-1">
<gml:timePosition>2013-12-10</gml:timePosition>
</lfSpanFr>
<devDate gml:id="K2_4745411814_1-2">
<gml:timePosition>2020-12-23</gml:timePosition>
</devDate>
<orgGILvl>25000</orgGILvl>
<vis>表示</vis>
<pos>
<gml:Point gml:id="K2_4745411814_1-g" srsName="fguuid:jgd2011.bl">
<gml:pos>32.819679444 131.820067222</gml:pos>
</gml:Point>
</pos>
<type>標高点（測点）</type>
<alti>338</alti>
</ElevPt>
<ElevPt gml:id="K2_4745411817_1">
<fid>47454-11817-i-3</fid>
<lfSpanFr gml:id="K2_4745411817_1-1">
<gml:timePosition>2013-12-10</gml:timePosition>
</lfSpanFr>
<devDate gml:id="K2_4745411817_1-2">
<gml:timePosition>2020-12-23</gml:timePosition>
</devDate>
<orgGILvl>25000</orgGILvl>
<vis>表示</vis>
<pos>
<gml:Point gml:id="K2_4745411817_1-g" srsName="fguuid:jgd2011.bl">
<gml:pos>32.830990000 131.824569444</gml:pos>
</gml:Point>
</pos>
<type>標高点（測点）</type>
<alti>602</alti>
</ElevPt>
<ElevPt gml:id="K2_4745711793_1">
<fid>47457-11793-i-1</fid>
<lfSpanFr gml:id="K2_4745711793_1-1">
<gml:timePosition>2013-12-10</gml:timePosition>
</lfSpanFr>
<devDate gml:id="K2_4745711793_1-2">
<gml:timePosition>2020-12-23</gml:timePosition>
</devDate>
<orgGILvl>25000</orgGILvl>
<vis>表示</vis>
<pos>
<gml:Point gml:id="K2_4745711793_1-g" srsName="fguuid:jgd2011.bl">
<gml:pos>32.759337500 131.829879722</gml:pos>
</gml:Point>
</pos>
<type>標高点（測点）</type>
<alti>539</alti>
</ElevPt>
<ElevPt gml:id="K2_4745711793_2">
<fid>47457-11793-i-2</fid>
<lfSpanFr gml:id="K2_4745711793_2-1">
<gml:timePosition>2013-12-10</gml:timePosition>
</lfSpanFr>
<devDate gml:id="K2_4745711793_2-2">
<gml:timePosition>2020-12-23</gml:timePosition>
</devDate>
<orgGILvl>25000</orgGILvl>
<vis>表示</vis>
<pos>
<gml:Point gml:id="K2_4745711793_2-g" srsName="fguuid:jgd2011.bl">
<gml:pos>32.764007778 131.828782778</gml:pos>
</gml:Point>
</pos>
<type>標高点（測点）</type>
<alti>446</alti>
</ElevPt>
<ElevPt gml:id="K2_4745711799_1">
<fid>47457-11799-i-44</fid>
<lfSpanFr gml:id="K2_4745711799_1-1">
<gml:timePosition>2020-11-04</gml:timePosition>
</lfSpanFr>
<devDate gml:id="K2_4745711799_1-2">
<gml:timePosition>2020-12-23</gml:timePosition>
</devDate>
<orgGILvl>25000</orgGILvl>
<vis>表示</vis>
<pos>
<gml:Point gml:id="K2_4745711799_1-g" srsName="fguuid:jgd2011.bl">
<gml:pos>32.779056389 131.826015833</gml:pos>
</gml:Point>
</pos>
<type>標高点（測点）</type>
<alti>321</alti>
</ElevPt>
<ElevPt gml:id="K2_4745711805_1">
<fid>47457-11805-i-4</fid>
<lfSpanFr gml:id="K2_4745711805_1-1">
<gml:timePosition>2013-12-10</gml:timePosition>
</lfSpanFr>
<devDate gml:id="K2_4745711805_1-2">
<gml:timePosition>2020-12-23</gml:timePosition>
</devDate>
<orgGILvl>25000</orgGILvl>
<vis>表示</vis>
<pos>
<gml:Point gml:id="K2_4745711805_1-g" srsName="fguuid:jgd2011.bl">
<gml:pos>32.795351111 131.825206389</gml:pos>
</gml:Point>
</pos>
<type>標高点（測点）</type>
<alti>301</alti>
</ElevPt>
<ElevPt gml:id="K2_4745711808_1">
<fid>47457-11808-i-16</fid>
<lfSpanFr gml:id="K2_4745711808_1-1">
<gml:timePosition>2020-11-04</gml:timePosition>
</lfSpanFr>
<devDate gml:id="K2_4745711808_1-2">
<gml:timePosition>2020-12-23</gml:timePosition>
</devDate>
<orgGILvl>25000</orgGILvl>
<vis>表示</vis>
<pos>
<gml:Point gml:id="K2_4745711808_1-g" srsName="fguuid:jgd2011.bl">
<gml:pos>32.808078056 131.826479167</gml:pos>
</gml:Point>
</pos>
<type>標高点（測点）</type>
<alti>416</alti>
</ElevPt>
<ElevPt gml:id="K2_4745711808_2">
<fid>47457-11808-i-17</fid>
<lfSpanFr gml:id="K2_4745711808_2-1">
<gml:timePosition>2020-11-04</gml:timePosition>
</lfSpanFr>
<devDate gml:id="K2_4745711808_2-2">
<gml:timePosition>2020-12-23</gml:timePosition>
</devDate>
<orgGILvl>25000</orgGILvl>
<vis>表示</vis>
<pos>
<gml:Point gml:id="K2_4745711808_2-g" srsName="fguuid:jgd2011.bl">
<gml:pos>32.802463056 131.825594167</gml:pos>
</gml:Point>
</pos>
<type>標高点（測点）</type>
<alti>292</alti>
</ElevPt>
<ElevPt gml:id="K2_4745711808_3">
<fid>47457-11808-i-18</fid>
<lfSpanFr gml:id="K2_4745711808_3-1">
<gml:timePosition>2020-11-04</gml:timePosition>
</lfSpanFr>
<devDate gml:id="K2_4745711808_3-2">
<gml:timePosition>2020-12-23</gml:timePosition>
</devDate>
<orgGILvl>25000</orgGILvl>
<vis>表示</vis>
<pos>
<gml:Point gml:id="K2_4745711808_3-g" srsName="fguuid:jgd2011.bl">
<gml:pos>32.804427500 131.832917222</gml:pos>
</gml:Point>
</pos>
<type>標高点（測点）</type>
<alti>331</alti>
</ElevPt>
<ElevPt gml:id="K2_4745711811_1">
<fid>47457-11811-i-7</fid>
<lfSpanFr gml:id="K2_4745711811_1-1">
<gml:timePosition>2013-12-10</gml:timePosition>
</lfSpanFr>
<devDate gml:id="K2_4745711811_1-2">
<gml:timePosition>2020-12-23</gml:timePosition>
</devDate>
<orgGILvl>25000</orgGILvl>
<vis>表示</vis>
<pos>
<gml:Point gml:id="K2_4745711811_1-g" srsName="fguuid:jgd2011.bl">
<gml:pos>32.815881111 131.829440556</gml:pos>
</gml:Point>
</pos>
<type>標高点（測点）</type>
<alti>532</alti>
</ElevPt>
<ElevPt gml:id="K2_4745711814_1">
<fid>47457-11814-i-37</fid>
<lfSpanFr gml:id="K2_4745711814_1-1">
<gml:timePosition>2020-11-04</gml:timePosition>
</lfSpanFr>
<devDate gml:id="K2_4745711814_1-2">
<gml:timePosition>2020-12-23</gml:timePosition>
</devDate>
<orgGILvl>25000</orgGILvl>
<vis>表示</vis>
<pos>
<gml:Point gml:id="K2_4745711814_1-g" srsName="fguuid:jgd2011.bl">
<gml:pos>32.824796389 131.828290000</gml:pos>
</gml:Point>
</pos>
<type>標高点（測点）</type>
<alti>466</alti>
</ElevPt>
<ElevPt gml:id="K2_4746011790_1">
<fid>47460-11790-i-10</fid>
<lfSpanFr gml:id="K2_4746011790_1-1">
<gml:timePosition>2020-06-30</gml:timePosition>
</lfSpanFr>
<devDate gml:id="K2_4746011790_1-2">
<gml:timePosition>2020-12-23</gml:timePosition>
</devDate>
<orgGILvl>25000</orgGILvl>
<vis>表示</vis>
<pos>
<gml:Point gml:id="K2_4746011790_1-g" srsName="fguuid:jgd2011.bl">
<gml:pos>32.751966111 131.836510000</gml:pos>
</gml:Point>
</pos>
<type>標高点（測点）</type>
<alti>493</alti>
</ElevPt>
<ElevPt gml:id="K2_4746011793_1">
<fid>47460-11793-i-11</fid>
<lfSpanFr gml:id="K2_4746011793_1-1">
<gml:timePosition>2020-06-30</gml:timePosition>
</lfSpanFr>
<devDate gml:id="K2_4746011793_1-2">
<gml:timePosition>2020-12-23</gml:timePosition>
</devDate>
<orgGILvl>25000</orgGILvl>
<vis>表示</vis>
<pos>
<gml:Point gml:id="K2_4746011793_1-g" srsName="fguuid:jgd2011.bl">
<gml:pos>32.765340306 131.839433556</gml:pos>
</gml:Point>
</pos>
<type>標高点（測点）</type>
<alti>156</alti>
</ElevPt>
<ElevPt gml:id="K2_4746011793_2">
<fid>47460-11793-i-12</fid>
<lfSpanFr gml:id="K2_4746011793_2-1">
<gml:timePosition>2020-06-30</gml:timePosition>
</lfSpanFr>
<devDate gml:id="K2_4746011793_2-2">
<gml:timePosition>2020-12-23</gml:timePosition>
</devDate>
<orgGILvl>25000</orgGILvl>
<vis>表示</vis>
<pos>
<gml:Point gml:id="K2_4746011793_2-g" srsName="fguuid:jgd2011.bl">
<gml:pos>32.759506667 131.840459444</gml:pos>
</gml:Point>
</pos>
<type>標高点（測点）</type>
<alti>175</alti>
</ElevPt>
<ElevPt gml:id="K2_4746011796_1">
<fid>47460-11796-i-24</fid>
<lfSpanFr gml:id="K2_4746011796_1-1">
<gml:timePosition>2020-06-30</gml:timePosition>
</lfSpanFr>
<devDate gml:id="K2_4746011796_1-2">
<gml:timePosition>2020-12-23</gml:timePosition>
</devDate>
<orgGILvl>25000</orgGILvl>
<vis>表示</vis>
<pos>
<gml:Point gml:id="K2_4746011796_1-g" srsName="fguuid:jgd2011.bl">
<gml:pos>32.774760556 131.835025000</gml:pos>
</gml:Point>
</pos>
<type>標高点（測点）</type>
<alti>271</alti>
</ElevPt>
<ElevPt gml:id="K2_4746011799_1">
<fid>47460-11799-i-27</fid>
<lfSpanFr gml:id="K2_4746011799_1-1">
<gml:timePosition>2020-06-30</gml:timePosition>
</lfSpanFr>
<devDate gml:id="K2_4746011799_1-2">
<gml:timePosition>2020-12-23</gml:timePosition>
</devDate>
<orgGILvl>25000</orgGILvl>
<vis>表示</vis>
<pos>
<gml:Point gml:id="K2_4746011799_1-g" srsName="fguuid:jgd2011.bl">
<gml:pos>32.782260278 131.835633611</gml:pos>
</gml:Point>
</pos>
<type>標高点（測点）</type>
<alti>126</alti>
</ElevPt>
<ElevPt gml:id="K2_4746011808_1">
<fid>47460-11808-i-11</fid>
<lfSpanFr gml:id="K2_4746011808_1-1">
<gml:timePosition>2020-06-30</gml:timePosition>
</lfSpanFr>
<devDate gml:id="K2_4746011808_1-2">
<gml:timePosition>2020-12-23</gml:timePosition>
</devDate>
<orgGILvl>25000</orgGILvl>
<vis>表示</vis>
<pos>
<gml:Point gml:id="K2_4746011808_1-g" srsName="fguuid:jgd2011.bl">
<gml:pos>32.801069722 131.838906389</gml:pos>
</gml:Point>
</pos>
<type>標高点（測点）</type>
<alti>156</alti>
</ElevPt>
<ElevPt gml:id="K2_4746011811_1">
<fid>47460-11811-i-9</fid>
<lfSpanFr gml:id="K2_4746011811_1-1">
<gml:timePosition>2020-06-30</gml:timePosition>
</lfSpanFr>
<devDate gml:id="K2_4746011811_1-2">
<gml:timePosition>2020-12-23</gml:timePosition>
</devDate>
<orgGILvl>25000</orgGILvl>
<vis>表示</vis>
<pos>
<gml:Point gml:id="K2_4746011811_1-g" srsName="fguuid:jgd2011.bl">
<gml:pos>32.813822222 131.841512222</gml:pos>
</gml:Point>
</pos>
<type>標高点（測点）</type>
<alti>403</alti>
</ElevPt>
<ElevPt gml:id="K2_4746011817_1">
<fid>47460-11817-i-10</fid>
<lfSpanFr gml:id="K2_4746011817_1-1">
<gml:timePosition>2013-12-10</gml:timePosition>
</lfSpanFr>
<devDate gml:id="K2_4746011817_1-2">
<gml:timePosition>2020-12-23</gml:timePosition>
</devDate>
<orgGILvl>25000</orgGILvl>
<vis>表示</vis>
<pos>
<gml:Point gml:id="K2_4746011817_1-g" srsName="fguuid:jgd2011.bl">
<gml:pos>32.826435000 131.839700833</gml:pos>
</gml:Point>
</pos>
<type>標高点（測点）</type>
<alti>334</alti>
</ElevPt>
<ElevPt gml:id="K2_4746311793_1">
<fid>47463-11793-i-9</fid>
<lfSpanFr gml:id="K2_4746311793_1-1">
<gml:timePosition>2020-06-30</gml:timePosition>
</lfSpanFr>
<devDate gml:id="K2_4746311793_1-2">
<gml:timePosition>2020-12-23</gml:timePosition>
</devDate>
<orgGILvl>25000</orgGILvl>
<vis>表示</vis>
<pos>
<gml:Point gml:id="K2_4746311793_1-g" srsName="fguuid:jgd2011.bl">
<gml:pos>32.762725833 131.849421667</gml:pos>
</gml:Point>
</pos>
<type>標高点（測点）</type>
<alti>418</alti>
</ElevPt>
<ElevPt gml:id="K2_4746311799_1">
<fid>47463-11799-i-17</fid>
<lfSpanFr gml:id="K2_4746311799_1-1">
<gml:timePosition>2020-06-30</gml:timePosition>
</lfSpanFr>
<devDate gml:id="K2_4746311799_1-2">
<gml:timePosition>2020-12-23</gml:timePosition>
</devDate>
<orgGILvl>25000</orgGILvl>
<vis>表示</vis>
<pos>
<gml:Point gml:id="K2_4746311799_1-g" srsName="fguuid:jgd2011.bl">
<gml:pos>32.782445556 131.847340000</gml:pos>
</gml:Point>
</pos>
<type>標高点（測点）</type>
<alti>325</alti>
</ElevPt>
<ElevPt gml:id="K2_4746311802_1">
<fid>47463-11802-i-28</fid>
<lfSpanFr gml:id="K2_4746311802_1-1">
<gml:timePosition>2020-06-30</gml:timePosition>
</lfSpanFr>
<devDate gml:id="K2_4746311802_1-2">
<gml:timePosition>2020-12-23</gml:timePosition>
</devDate>
<orgGILvl>25000</orgGILvl>
<vis>表示</vis>
<pos>
<gml:Point gml:id="K2_4746311802_1-g" srsName="fguuid:jgd2011.bl">
<gml:pos>32.790721667 131.849373333</gml:pos>
</gml:Point>
</pos>
<type>標高点（測点）</type>
<alti>471</alti>
</ElevPt>
<ElevPt gml:id="K2_4746311805_1">
<fid>47463-11805-i-26</fid>
<lfSpanFr gml:id="K2_4746311805_1-1">
<gml:timePosition>2020-06-30</gml:timePosition>
</lfSpanFr>
<devDate gml:id="K2_4746311805_1-2">
<gml:timePosition>2020-12-23</gml:timePosition>
</devDate>
<orgGILvl>25000</orgGILvl>
<vis>表示</vis>
<pos>
<gml:Point gml:id="K2_4746311805_1-g" srsName="fguuid:jgd2011.bl">
<gml:pos>32.799194444 131.846180556</gml:pos>
</gml:Point>
</pos>
<type>標高点（測点）</type>
<alti>329</alti>
</ElevPt>
<ElevPt gml:id="K2_4746311814_1">
<fid>47463-11814-i-14</fid>
<lfSpanFr gml:id="K2_4746311814_1-1">
<gml:timePosition>2020-06-30</gml:timePosition>
</lfSpanFr>
<devDate gml:id="K2_4746311814_1-2">
<gml:timePosition>2020-12-23</gml:timePosition>
</devDate>
<orgGILvl>25000</orgGILvl>
<vis>表示</vis>
<pos>
<gml:Point gml:id="K2_4746311814_1-g" srsName="fguuid:jgd2011.bl">
<gml:pos>32.819333611 131.849727500</gml:pos>
</gml:Point>
</pos>
<type>標高点（測点）</type>
<alti>586</alti>
</ElevPt>
<ElevPt gml:id="K2_4746311814_2">
<fid>47463-11814-i-15</fid>
<lfSpanFr gml:id="K2_4746311814_2-1">
<gml:timePosition>2020-06-30</gml:timePosition>
</lfSpanFr>
<devDate gml:id="K2_4746311814_2-2">
<gml:timePosition>2020-12-23</gml:timePosition>
</devDate>
<orgGILvl>25000</orgGILvl>
<vis>表示</vis>
<pos>
<gml:Point gml:id="K2_4746311814_2-g" srsName="fguuid:jgd2011.bl">
<gml:pos>32.817698889 131.847483333</gml:pos>
</gml:Point>
</pos>
<type>標高点（測点）</type>
<alti>576</alti>
</ElevPt>
<ElevPt gml:id="K2_4746611790_1">
<fid>47466-11790-i-14</fid>
<lfSpanFr gml:id="K2_4746611790_1-1">
<gml:timePosition>2020-06-30</gml:timePosition>
</lfSpanFr>
<devDate gml:id="K2_4746611790_1-2">
<gml:timePosition>2020-12-23</gml:timePosition>
</devDate>
<orgGILvl>25000</orgGILvl>
<vis>表示</vis>
<pos>
<gml:Point gml:id="K2_4746611790_1-g" srsName="fguuid:jgd2011.bl">
<gml:pos>32.758063056 131.856898056</gml:pos>
</gml:Point>
</pos>
<type>標高点（測点）</type>
<alti>462</alti>
</ElevPt>
<ElevPt gml:id="K2_4746611796_1">
<fid>47466-11796-i-24</fid>
<lfSpanFr gml:id="K2_4746611796_1-1">
<gml:timePosition>2020-06-30</gml:timePosition>
</lfSpanFr>
<devDate gml:id="K2_4746611796_1-2">
<gml:timePosition>2020-12-23</gml:timePosition>
</devDate>
<orgGILvl>25000</orgGILvl>
<vis>表示</vis>
<pos>
<gml:Point gml:id="K2_4746611796_1-g" srsName="fguuid:jgd2011.bl">
<gml:pos>32.767183333 131.857633611</gml:pos>
</gml:Point>
</pos>
<type>標高点（測点）</type>
<alti>286</alti>
</ElevPt>
<ElevPt gml:id="K2_4746611799_1">
<fid>47466-11799-i-45</fid>
<lfSpanFr gml:id="K2_4746611799_1-1">
<gml:timePosition>2020-06-30</gml:timePosition>
</lfSpanFr>
<devDate gml:id="K2_4746611799_1-2">
<gml:timePosition>2020-12-23</gml:timePosition>
</devDate>
<orgGILvl>25000</orgGILvl>
<vis>表示</vis>
<pos>
<gml:Point gml:id="K2_4746611799_1-g" srsName="fguuid:jgd2011.bl">
<gml:pos>32.775440278 131.852263333</gml:pos>
</gml:Point>
</pos>
<type>標高点（測点）</type>
<alti>74</alti>
</ElevPt>
<ElevPt gml:id="K2_4746611802_1">
<fid>47466-11802-i-34</fid>
<lfSpanFr gml:id="K2_4746611802_1-1">
<gml:timePosition>2020-06-30</gml:timePosition>
</lfSpanFr>
<devDate gml:id="K2_4746611802_1-2">
<gml:timePosition>2020-12-23</gml:timePosition>
</devDate>
<orgGILvl>25000</orgGILvl>
<vis>表示</vis>
<pos>
<gml:Point gml:id="K2_4746611802_1-g" srsName="fguuid:jgd2011.bl">
<gml:pos>32.786472778 131.854465278</gml:pos>
</gml:Point>
</pos>
<type>標高点（測点）</type>
<alti>321</alti>
</ElevPt>
<ElevPt gml:id="K2_4746611808_1">
<fid>47466-11808-i-8</fid>
<lfSpanFr gml:id="K2_4746611808_1-1">
<gml:timePosition>2020-06-30</gml:timePosition>
</lfSpanFr>
<devDate gml:id="K2_4746611808_1-2">
<gml:timePosition>2020-12-23</gml:timePosition>
</devDate>
<orgGILvl>25000</orgGILvl>
<vis>表示</vis>
<pos>
<gml:Point gml:id="K2_4746611808_1-g" srsName="fguuid:jgd2011.bl">
<gml:pos>32.801926111 131.856407500</gml:pos>
</gml:Point>
</pos>
<type>標高点（測点）</type>
<alti>463</alti>
</ElevPt>
<ElevPt gml:id="K2_4746611811_1">
<fid>47466-11811-i-22</fid>
<lfSpanFr gml:id="K2_4746611811_1-1">
<gml:timePosition>2020-06-30</gml:timePosition>
</lfSpanFr>
<devDate gml:id="K2_4746611811_1-2">
<gml:timePosition>2020-12-23</gml:timePosition>
</devDate>
<orgGILvl>25000</orgGILvl>
<vis>表示</vis>
<pos>
<gml:Point gml:id="K2_4746611811_1-g" srsName="fguuid:jgd2011.bl">
<gml:pos>32.811503056 131.852036944</gml:pos>
</gml:Point>
</pos>
<type>標高点（測点）</type>
<alti>218</alti>
</ElevPt>
<ElevPt gml:id="K2_4746611817_1">
<fid>47466-11817-i-7</fid>
<lfSpanFr gml:id="K2_4746611817_1-1">
<gml:timePosition>2013-12-10</gml:timePosition>
</lfSpanFr>
<devDate gml:id="K2_4746611817_1-2">
<gml:timePosition>2020-12-23</gml:timePosition>
</devDate>
<orgGILvl>25000</orgGILvl>
<vis>表示</vis>
<pos>
<gml:Point gml:id="K2_4746611817_1-g" srsName="fguuid:jgd2011.bl">
<gml:pos>32.831473056 131.857251389</gml:pos>
</gml:Point>
</pos>
<type>標高点（測点）</type>
<alti>616</alti>
</ElevPt>
<ElevPt gml:id="K2_4746611817_2">
<fid>47466-11817-i-8</fid>
<lfSpanFr gml:id="K2_4746611817_2-1">
<gml:timePosition>2013-12-10</gml:timePosition>
</lfSpanFr>
<devDate gml:id="K2_4746611817_2-2">
<gml:timePosition>2020-12-23</gml:timePosition>
</devDate>
<orgGILvl>25000</orgGILvl>
<vis>表示</vis>
<pos>
<gml:Point gml:id="K2_4746611817_2-g" srsName="fguuid:jgd2011.bl">
<gml:pos>32.827271389 131.856022778</gml:pos>
</gml:Point>
</pos>
<type>標高点（測点）</type>
<alti>594</alti>
</ElevPt>
<ElevPt gml:id="K2_4746911796_1">
<fid>47469-11796-i-96</fid>
<lfSpanFr gml:id="K2_4746911796_1-1">
<gml:timePosition>2020-06-30</gml:timePosition>
</lfSpanFr>
<devDate gml:id="K2_4746911796_1-2">
<gml:timePosition>2020-12-23</gml:timePosition>
</devDate>
<orgGILvl>25000</orgGILvl>
<vis>表示</vis>
<pos>
<gml:Point gml:id="K2_4746911796_1-g" srsName="fguuid:jgd2011.bl">
<gml:pos>32.773251667 131.859900556</gml:pos>
</gml:Point>
</pos>
<type>標高点（測点）</type>
<alti>74</alti>
</ElevPt>
<ElevPt gml:id="K2_4746911802_1">
<fid>47469-11802-i-35</fid>
<lfSpanFr gml:id="K2_4746911802_1-1">
<gml:timePosition>2020-06-30</gml:timePosition>
</lfSpanFr>
<devDate gml:id="K2_4746911802_1-2">
<gml:timePosition>2020-12-23</gml:timePosition>
</devDate>
<orgGILvl>25000</orgGILvl>
<vis>表示</vis>
<pos>
<gml:Point gml:id="K2_4746911802_1-g" srsName="fguuid:jgd2011.bl">
<gml:pos>32.783380000 131.866145556</gml:pos>
</gml:Point>
</pos>
<type>標高点（測点）</type>
<alti>245</alti>
</ElevPt>
<ElevPt gml:id="K2_4746911805_1">
<fid>47469-11805-i-17</fid>
<lfSpanFr gml:id="K2_4746911805_1-1">
<gml:timePosition>2020-06-30</gml:timePosition>
</lfSpanFr>
<devDate gml:id="K2_4746911805_1-2">
<gml:timePosition>2020-12-23</gml:timePosition>
</devDate>
<orgGILvl>25000</orgGILvl>
<vis>表示</vis>
<pos>
<gml:Point gml:id="K2_4746911805_1-g" srsName="fguuid:jgd2011.bl">
<gml:pos>32.793955556 131.862525000</gml:pos>
</gml:Point>
</pos>
<type>標高点（測点）</type>
<alti>215</alti>
</ElevPt>
<ElevPt gml:id="K2_4746911808_1">
<fid>47469-11808-i-22</fid>
<lfSpanFr gml:id="K2_4746911808_1-1">
<gml:timePosition>2020-06-30</gml:timePosition>
</lfSpanFr>
<devDate gml:id="K2_4746911808_1-2">
<gml:timePosition>2020-12-23</gml:timePosition>
</devDate>
<orgGILvl>25000</orgGILvl>
<vis>表示</vis>
<pos>
<gml:Point gml:id="K2_4746911808_1-g" srsName="fguuid:jgd2011.bl">
<gml:pos>32.806747222 131.860009167</gml:pos>
</gml:Point>
</pos>
<type>標高点（測点）</type>
<alti>488</alti>
</ElevPt>
<ElevPt gml:id="K2_4746911814_1">
<fid>47469-11814-i-10</fid>
<lfSpanFr gml:id="K2_4746911814_1-1">
<gml:timePosition>2020-06-30</gml:timePosition>
</lfSpanFr>
<devDate gml:id="K2_4746911814_1-2">
<gml:timePosition>2020-12-23</gml:timePosition>
</devDate>
<orgGILvl>25000</orgGILvl>
<vis>表示</vis>
<pos>
<gml:Point gml:id="K2_4746911814_1-g" srsName="fguuid:jgd2011.bl">
<gml:pos>32.818302222 131.865788056</gml:pos>
</gml:Point>
</pos>
<type>標高点（測点）</type>
<alti>446</alti>
</ElevPt>
<ElevPt gml:id="K2_4746911814_2">
<fid>47469-11814-i-11</fid>
<lfSpanFr gml:id="K2_4746911814_2-1">
<gml:timePosition>2020-06-30</gml:timePosition>
</lfSpanFr>
<devDate gml:id="K2_4746911814_2-2">
<gml:timePosition>2020-12-23</gml:timePosition>
</devDate>
<orgGILvl>25000</orgGILvl>
<vis>表示</vis>
<pos>
<gml:Point gml:id="K2_4746911814_2-g" srsName="fguuid:jgd2011.bl">
<gml:pos>32.821952778 131.861386944</gml:pos>
</gml:Point>
</pos>
<type>標高点（測点）</type>
<alti>599</alti>
</ElevPt>
<ElevPt gml:id="K2_4746911817_1">
<fid>47469-11817-i-2</fid>
<lfSpanFr gml:id="K2_4746911817_1-1">
<gml:timePosition>2013-12-10</gml:timePosition>
</lfSpanFr>
<devDate gml:id="K2_4746911817_1-2">
<gml:timePosition>2020-12-23</gml:timePosition>
</devDate>
<orgGILvl>25000</orgGILvl>
<vis>表示</vis>
<pos>
<gml:Point gml:id="K2_4746911817_1-g" srsName="fguuid:jgd2011.bl">
<gml:pos>32.830499167 131.863573611</gml:pos>
</gml:Point>
</pos>
<type>標高点（測点）</type>
<alti>376</alti>
</ElevPt>
<ElevPt gml:id="K2_4747211790_1">
<fid>47472-11790-i-240</fid>
<lfSpanFr gml:id="K2_4747211790_1-1">
<gml:timePosition>2020-06-30</gml:timePosition>
</lfSpanFr>
<devDate gml:id="K2_4747211790_1-2">
<gml:timePosition>2020-12-23</gml:timePosition>
</devDate>
<orgGILvl>25000</orgGILvl>
<vis>表示</vis>
<pos>
<gml:Point gml:id="K2_4747211790_1-g" srsName="fguuid:jgd2011.bl">
<gml:pos>32.756248333 131.870160278</gml:pos>
</gml:Point>
</pos>
<type>標高点（測点）</type>
<alti>8</alti>
</ElevPt>
<ElevPt gml:id="K2_4747211793_1">
<fid>47472-11793-i-3</fid>
<lfSpanFr gml:id="K2_4747211793_1-1">
<gml:timePosition>2020-06-30</gml:timePosition>
</lfSpanFr>
<devDate gml:id="K2_4747211793_1-2">
<gml:timePosition>2020-12-23</gml:timePosition>
</devDate>
<orgGILvl>25000</orgGILvl>
<vis>表示</vis>
<pos>
<gml:Point gml:id="K2_4747211793_1-g" srsName="fguuid:jgd2011.bl">
<gml:pos>32.762864159 131.874587993</gml:pos>
</gml:Point>
</pos>
<type>標高点（測点）</type>
<alti>234</alti>
</ElevPt>
<ElevPt gml:id="K2_4747211796_1">
<fid>47472-11796-i-46</fid>
<lfSpanFr gml:id="K2_4747211796_1-1">
<gml:timePosition>2020-06-30</gml:timePosition>
</lfSpanFr>
<devDate gml:id="K2_4747211796_1-2">
<gml:timePosition>2020-12-23</gml:timePosition>
</devDate>
<orgGILvl>25000</orgGILvl>
<vis>表示</vis>
<pos>
<gml:Point gml:id="K2_4747211796_1-g" srsName="fguuid:jgd2011.bl">
<gml:pos>32.768827627 131.872180095</gml:pos>
</gml:Point>
</pos>
<type>標高点（測点）</type>
<alti>6</alti>
</ElevPt>
<ElevPt gml:id="K2_4747211799_1">
<fid>47472-11799-i-134</fid>
<lfSpanFr gml:id="K2_4747211799_1-1">
<gml:timePosition>2020-06-30</gml:timePosition>
</lfSpanFr>
<devDate gml:id="K2_4747211799_1-2">
<gml:timePosition>2020-12-23</gml:timePosition>
</devDate>
<orgGILvl>25000</orgGILvl>
<vis>表示</vis>
<pos>
<gml:Point gml:id="K2_4747211799_1-g" srsName="fguuid:jgd2011.bl">
<gml:pos>32.779928611 131.871261111</gml:pos>
</gml:Point>
</pos>
<type>標高点（測点）</type>
<alti>181</alti>
</ElevPt>
<ElevPt gml:id="K2_4747211805_1">
<fid>47472-11805-i-192</fid>
<lfSpanFr gml:id="K2_4747211805_1-1">
<gml:timePosition>2020-06-30</gml:timePosition>
</lfSpanFr>
<devDate gml:id="K2_4747211805_1-2">
<gml:timePosition>2020-12-23</gml:timePosition>
</devDate>
<orgGILvl>25000</orgGILvl>
<vis>表示</vis>
<pos>
<gml:Point gml:id="K2_4747211805_1-g" srsName="fguuid:jgd2011.bl">
<gml:pos>32.797917222 131.868572222</gml:pos>
</gml:Point>
</pos>
<type>標高点（測点）</type>
<alti>191</alti>
</ElevPt>
<ElevPt gml:id="K2_4747211805_2">
<fid>47472-11805-i-193</fid>
<lfSpanFr gml:id="K2_4747211805_2-1">
<gml:timePosition>2020-06-30</gml:timePosition>
</lfSpanFr>
<devDate gml:id="K2_4747211805_2-2">
<gml:timePosition>2020-12-23</gml:timePosition>
</devDate>
<orgGILvl>25000</orgGILvl>
<vis>表示</vis>
<pos>
<gml:Point gml:id="K2_4747211805_2-g" srsName="fguuid:jgd2011.bl">
<gml:pos>32.792506500 131.870098472</gml:pos>
</gml:Point>
</pos>
<type>標高点（測点）</type>
<alti>10</alti>
</ElevPt>
<ElevPt gml:id="K2_4747211811_1">
<fid>47472-11811-i-7</fid>
<lfSpanFr gml:id="K2_4747211811_1-1">
<gml:timePosition>2020-06-30</gml:timePosition>
</lfSpanFr>
<devDate gml:id="K2_4747211811_1-2">
<gml:timePosition>2020-12-23</gml:timePosition>
</devDate>
<orgGILvl>25000</orgGILvl>
<vis>表示</vis>
<pos>
<gml:Point gml:id="K2_4747211811_1-g" srsName="fguuid:jgd2011.bl">
<gml:pos>32.808629722 131.871245556</gml:pos>
</gml:Point>
</pos>
<type>標高点（測点）</type>
<alti>34</alti>
</ElevPt>
<ElevPt gml:id="K2_4747211814_1">
<fid>47472-11814-i-3</fid>
<lfSpanFr gml:id="K2_4747211814_1-1">
<gml:timePosition>2020-06-30</gml:timePosition>
</lfSpanFr>
<devDate gml:id="K2_4747211814_1-2">
<gml:timePosition>2020-12-23</gml:timePosition>
</devDate>
<orgGILvl>25000</orgGILvl>
<vis>表示</vis>
<pos>
<gml:Point gml:id="K2_4747211814_1-g" srsName="fguuid:jgd2011.bl">
<gml:pos>32.822736111 131.869496111</gml:pos>
</gml:Point>
</pos>
<type>標高点（測点）</type>
<alti>574</alti>
</ElevPt>
</Dataset>
