<?xml version="1.0" encoding="utf-8"?>
<Dataset xsi:schemaLocation="http://fgd.gsi.go.jp/spec/2008/FGD_GMLSchema FGD_GMLSchema.xsd"
	xmlns:gml="http://www.opengis.net/gml/3.2"
	xmlns:xsi="http://www.w3.org/2001/XMLSchema-instance"
	xmlns:xlink="http://www.w3.org/1999/xlink"
	xmlns="http://fgd.gsi.go.jp/spec/2008/FGD_GMLSchema"
	gml:id="Dataset1">
  <gml:description>基盤地図情報メタデータ ID=fmdid:21-0401</gml:description>
  <gml:name>基盤地図情報ダウンロードデータ（GML版）</gml:name>
<GCP gml:id="K1_503036_1">
<fid>10-00100-0-2003-214</fid>
<lfSpanFr gml:id="K1_503036_1-1">
<gml:timePosition>2021-03-09</gml:timePosition>
</lfSpanFr>
<devDate gml:id="K1_503036_1-2">
<gml:timePosition>2021-03-22</gml:timePosition>
</devDate>
<orgGILvl>KJ10</orgGILvl>
<vis>表示</vis>
<pos>
<gml:Point gml:id="K1_503036_1-g" srsName="fguuid:jgd2011.bl">
<gml:pos>33.640464472 130.823886639</gml:pos>
</gml:Point>
</pos>
<orgName>国土地理院</orgName>
<type>電子基準点</type>
<gcpClass>電子基準点</gcpClass>
<gcpCode>EL05030366501</gcpCode>
<name>田川</name>
<B>121105.6721</B>
<L>470965.9919</L>
<alti>54.75</alti>
<altiAcc>2</altiAcc>
</GCP>
<GCP gml:id="K1_503036_2">
<fid>10-00100-0-2003-1524</fid>
<lfSpanFr gml:id="K1_503036_2-1">
<gml:timePosition>2021-03-09</gml:timePosition>
</lfSpanFr>
<devDate gml:id="K1_503036_2-2">
<gml:timePosition>2021-03-22</gml:timePosition>
</devDate>
<orgGILvl>KJ10</orgGILvl>
<vis>表示</vis>
<pos>
<gml:Point gml:id="K1_503036_2-g" srsName="fguuid:jgd2011.bl">
<gml:pos>33.640463083 130.823892861</gml:pos>
</gml:Point>
</pos>
<orgName>国土地理院</orgName>
<type>電子基準点</type>
<gcpClass>電子基準点</gcpClass>
<gcpCode>EL15030366502</gcpCode>
<name>田川（付）</name>
<B>121105.6671</B>
<L>470966.0143</L>
<alti>49.692</alti>
<altiAcc>3</altiAcc>
</GCP>
<GCP gml:id="K1_503036_3">
<fid>10-00100-0-2003-13024</fid>
<lfSpanFr gml:id="K1_503036_3-1">
<gml:timePosition>2021-03-09</gml:timePosition>
</lfSpanFr>
<devDate gml:id="K1_503036_3-2">
<gml:timePosition>2021-03-22</gml:timePosition>
</devDate>
<orgGILvl>SJ12</orgGILvl>
<vis>表示</vis>
<pos>
<gml:Point gml:id="K1_503036_3-g" srsName="fguuid:jgd2011.bl">
<gml:pos>33.658052778 130.779822222</gml:pos>
</gml:Point>
</pos>
<orgName>国土地理院</orgName>
<type>水準点</type>
<gcpClass>二等水準点</gcpClass>
<gcpCode>L020000000795</gcpCode>
<name>７９５</name>
<B>121168.99</B>
<L>470807.36</L>
<alti>22.851</alti>
<altiAcc>3</altiAcc>
</GCP>
<GCP gml:id="K1_503036_4">
<fid>10-00100-0-2003-13025</fid>
<lfSpanFr gml:id="K1_503036_4-1">
<gml:timePosition>2021-03-09</gml:timePosition>
</lfSpanFr>
<devDate gml:id="K1_503036_4-2">
<gml:timePosition>2021-03-22</gml:timePosition>
</devDate>
<orgGILvl>SJ12</orgGILvl>
<vis>表示</vis>
<pos>
<gml:Point gml:id="K1_503036_4-g" srsName="fguuid:jgd2011.bl">
<gml:pos>33.643166639 130.822192556</gml:pos>
</gml:Point>
</pos>
<orgName>国土地理院</orgName>
<type>水準点</type>
<gcpClass>二等水準点</gcpClass>
<gcpCode>L020000000796</gcpCode>
<name>７９６</name>
<B>121115.3999</B>
<L>470959.8932</L>
<alti>26.33</alti>
<altiAcc>3</altiAcc>
</GCP>
<GCP gml:id="K1_503036_5">
<fid>10-00100-0-2003-13154</fid>
<lfSpanFr gml:id="K1_503036_5-1">
<gml:timePosition>2021-03-09</gml:timePosition>
</lfSpanFr>
<devDate gml:id="K1_503036_5-2">
<gml:timePosition>2021-03-22</gml:timePosition>
</devDate>
<orgGILvl>SJ12</orgGILvl>
<vis>表示</vis>
<pos>
<gml:Point gml:id="K1_503036_5-g" srsName="fguuid:jgd2011.bl">
<gml:pos>33.634711111 130.839747222</gml:pos>
</gml:Point>
</pos>
<orgName>国土地理院</orgName>
<type>水準点</type>
<gcpClass>二等水準点</gcpClass>
<gcpCode>L020000001168</gcpCode>
<name>１１６８</name>
<B>121084.96</B>
<L>471023.09</L>
<alti>30.28</alti>
<altiAcc>3</altiAcc>
</GCP>
<GCP gml:id="K1_503036_6">
<fid>10-00100-0-2003-20309</fid>
<lfSpanFr gml:id="K1_503036_6-1">
<gml:timePosition>2021-03-09</gml:timePosition>
</lfSpanFr>
<devDate gml:id="K1_503036_6-2">
<gml:timePosition>2021-03-22</gml:timePosition>
</devDate>
<orgGILvl>SJ13</orgGILvl>
<vis>表示</vis>
<pos>
<gml:Point gml:id="K1_503036_6-g" srsName="fguuid:jgd2011.bl">
<gml:pos>33.640463083 130.823892861</gml:pos>
</gml:Point>
</pos>
<orgName>国土地理院</orgName>
<type>水準点</type>
<gcpClass>三等水準点</gcpClass>
<gcpCode>L0F000960687A</gcpCode>
<name>９６０６８７Ａ</name>
<B>121105.6671</B>
<L>470966.0143</L>
<alti>49.692</alti>
<altiAcc>3</altiAcc>
</GCP>
<GCP gml:id="K1_503036_7">
<fid>10-00100-0-2003-21976</fid>
<lfSpanFr gml:id="K1_503036_7-1">
<gml:timePosition>2021-03-09</gml:timePosition>
</lfSpanFr>
<devDate gml:id="K1_503036_7-2">
<gml:timePosition>2021-03-22</gml:timePosition>
</devDate>
<orgGILvl>KJ12</orgGILvl>
<vis>表示</vis>
<pos>
<gml:Point gml:id="K1_503036_7-g" srsName="fguuid:jgd2011.bl">
<gml:pos>33.594554889 130.775864167</gml:pos>
</gml:Point>
</pos>
<orgName>国土地理院</orgName>
<type>三角点</type>
<gcpClass>二等三角点</gcpClass>
<gcpCode>TR25030361201</gcpCode>
<name>金国山</name>
<B>120940.3976</B>
<L>470793.111</L>
<alti>421.51</alti>
<altiAcc>2</altiAcc>
</GCP>
<GCP gml:id="K1_503036_8">
<fid>10-00100-0-2003-21977</fid>
<lfSpanFr gml:id="K1_503036_8-1">
<gml:timePosition>2021-03-09</gml:timePosition>
</lfSpanFr>
<devDate gml:id="K1_503036_8-2">
<gml:timePosition>2021-03-22</gml:timePosition>
</devDate>
<orgGILvl>KJ12</orgGILvl>
<vis>表示</vis>
<pos>
<gml:Point gml:id="K1_503036_8-g" srsName="fguuid:jgd2011.bl">
<gml:pos>33.664744139 130.755535694</gml:pos>
</gml:Point>
</pos>
<orgName>国土地理院</orgName>
<type>三角点</type>
<gcpClass>二等三角点</gcpClass>
<gcpCode>TR25030369001</gcpCode>
<name>烏尾</name>
<B>121193.0789</B>
<L>470719.9285</L>
<alti>213.22</alti>
<altiAcc>2</altiAcc>
</GCP>
<GCP gml:id="K1_503036_9">
<fid>10-00100-0-2003-30227</fid>
<lfSpanFr gml:id="K1_503036_9-1">
<gml:timePosition>2021-03-09</gml:timePosition>
</lfSpanFr>
<devDate gml:id="K1_503036_9-2">
<gml:timePosition>2021-03-22</gml:timePosition>
</devDate>
<orgGILvl>KJ13</orgGILvl>
<vis>表示</vis>
<pos>
<gml:Point gml:id="K1_503036_9-g" srsName="fguuid:jgd2011.bl">
<gml:pos>33.587653083 130.750203611</gml:pos>
</gml:Point>
</pos>
<orgName>国土地理院</orgName>
<type>三角点</type>
<gcpClass>三等三角点</gcpClass>
<gcpCode>TR35030360001</gcpCode>
<name>鴨ケ岳</name>
<B>120915.5511</B>
<L>470700.733</L>
<alti>201.58</alti>
<altiAcc>2</altiAcc>
</GCP>
<GCP gml:id="K1_503036_10">
<fid>10-00100-0-2003-30228</fid>
<lfSpanFr gml:id="K1_503036_10-1">
<gml:timePosition>2021-03-09</gml:timePosition>
</lfSpanFr>
<devDate gml:id="K1_503036_10-2">
<gml:timePosition>2021-03-22</gml:timePosition>
</devDate>
<orgGILvl>KJ13</orgGILvl>
<vis>表示</vis>
<pos>
<gml:Point gml:id="K1_503036_10-g" srsName="fguuid:jgd2011.bl">
<gml:pos>33.589823583 130.870537556</gml:pos>
</gml:Point>
</pos>
<orgName>国土地理院</orgName>
<type>三角点</type>
<gcpClass>三等三角点</gcpClass>
<gcpCode>TR35030360901</gcpCode>
<name>赤</name>
<B>120923.3649</B>
<L>471133.9352</L>
<alti>321.97</alti>
<altiAcc>2</altiAcc>
</GCP>
<GCP gml:id="K1_503036_11">
<fid>10-00100-0-2003-30229</fid>
<lfSpanFr gml:id="K1_503036_11-1">
<gml:timePosition>2021-03-09</gml:timePosition>
</lfSpanFr>
<devDate gml:id="K1_503036_11-2">
<gml:timePosition>2021-03-22</gml:timePosition>
</devDate>
<orgGILvl>KJ13</orgGILvl>
<vis>表示</vis>
<pos>
<gml:Point gml:id="K1_503036_11-g" srsName="fguuid:jgd2011.bl">
<gml:pos>33.606234806 130.802529556</gml:pos>
</gml:Point>
</pos>
<orgName>国土地理院</orgName>
<type>三角点</type>
<gcpClass>三等三角点</gcpClass>
<gcpCode>TR35030362401</gcpCode>
<name>伊尻</name>
<B>120982.4453</B>
<L>470889.1064</L>
<alti>49.94</alti>
<altiAcc>2</altiAcc>
</GCP>
<GCP gml:id="K1_503036_12">
<fid>10-00100-0-2003-30230</fid>
<lfSpanFr gml:id="K1_503036_12-1">
<gml:timePosition>2021-03-09</gml:timePosition>
</lfSpanFr>
<devDate gml:id="K1_503036_12-2">
<gml:timePosition>2021-03-22</gml:timePosition>
</devDate>
<orgGILvl>KJ13</orgGILvl>
<vis>表示</vis>
<pos>
<gml:Point gml:id="K1_503036_12-g" srsName="fguuid:jgd2011.bl">
<gml:pos>33.605506694 130.831684639</gml:pos>
</gml:Point>
</pos>
<orgName>国土地理院</orgName>
<type>三角点</type>
<gcpClass>三等三角点</gcpClass>
<gcpCode>TR35030362601</gcpCode>
<name>安永山</name>
<B>120979.8241</B>
<L>470994.0647</L>
<alti>117.1</alti>
<altiAcc>2</altiAcc>
</GCP>
<GCP gml:id="K1_503036_13">
<fid>10-00100-0-2003-30231</fid>
<lfSpanFr gml:id="K1_503036_13-1">
<gml:timePosition>2021-03-09</gml:timePosition>
</lfSpanFr>
<devDate gml:id="K1_503036_13-2">
<gml:timePosition>2021-03-22</gml:timePosition>
</devDate>
<orgGILvl>KJ13</orgGILvl>
<vis>表示</vis>
<pos>
<gml:Point gml:id="K1_503036_13-g" srsName="fguuid:jgd2011.bl">
<gml:pos>33.613023417 130.770443250</gml:pos>
</gml:Point>
</pos>
<orgName>国土地理院</orgName>
<type>三角点</type>
<gcpClass>三等三角点</gcpClass>
<gcpCode>TR35030363101</gcpCode>
<name>女夫尾谷</name>
<B>121006.8843</B>
<L>470773.5957</L>
<alti>295.12</alti>
<altiAcc>2</altiAcc>
</GCP>
<GCP gml:id="K1_503036_14">
<fid>10-00100-0-2003-30232</fid>
<lfSpanFr gml:id="K1_503036_14-1">
<gml:timePosition>2021-03-09</gml:timePosition>
</lfSpanFr>
<devDate gml:id="K1_503036_14-2">
<gml:timePosition>2021-03-22</gml:timePosition>
</devDate>
<orgGILvl>KJ13</orgGILvl>
<vis>表示</vis>
<pos>
<gml:Point gml:id="K1_503036_14-g" srsName="fguuid:jgd2011.bl">
<gml:pos>33.614142611 130.863400611</gml:pos>
</gml:Point>
</pos>
<orgName>国土地理院</orgName>
<type>三角点</type>
<gcpClass>三等三角点</gcpClass>
<gcpCode>TR35030363901</gcpCode>
<name>高見野</name>
<B>121010.9134</B>
<L>471108.2422</L>
<alti>179.65</alti>
<altiAcc>2</altiAcc>
</GCP>
<GCP gml:id="K1_503036_15">
<fid>10-00100-0-2003-30233</fid>
<lfSpanFr gml:id="K1_503036_15-1">
<gml:timePosition>2021-03-09</gml:timePosition>
</lfSpanFr>
<devDate gml:id="K1_503036_15-2">
<gml:timePosition>2021-03-22</gml:timePosition>
</devDate>
<orgGILvl>KJ13</orgGILvl>
<vis>表示</vis>
<pos>
<gml:Point gml:id="K1_503036_15-g" srsName="fguuid:jgd2011.bl">
<gml:pos>33.640460194 130.774924083</gml:pos>
</gml:Point>
</pos>
<orgName>国土地理院</orgName>
<type>三角点</type>
<gcpClass>三等三角点</gcpClass>
<gcpCode>TR35030366101</gcpCode>
<name>下ノ原</name>
<B>121105.6567</B>
<L>470789.7267</L>
<alti>38.98</alti>
<altiAcc>2</altiAcc>
</GCP>
<GCP gml:id="K1_503036_16">
<fid>10-00100-0-2003-30234</fid>
<lfSpanFr gml:id="K1_503036_16-1">
<gml:timePosition>2021-03-09</gml:timePosition>
</lfSpanFr>
<devDate gml:id="K1_503036_16-2">
<gml:timePosition>2021-03-22</gml:timePosition>
</devDate>
<orgGILvl>KJ13</orgGILvl>
<vis>表示</vis>
<pos>
<gml:Point gml:id="K1_503036_16-g" srsName="fguuid:jgd2011.bl">
<gml:pos>33.638718639 130.800461583</gml:pos>
</gml:Point>
</pos>
<orgName>国土地理院</orgName>
<type>三角点</type>
<gcpClass>三等三角点</gcpClass>
<gcpCode>TR35030366401</gcpCode>
<name>高尾</name>
<B>121099.3871</B>
<L>470881.6617</L>
<alti>88.89</alti>
<altiAcc>2</altiAcc>
</GCP>
<GCP gml:id="K1_503036_17">
<fid>10-00100-0-2003-30235</fid>
<lfSpanFr gml:id="K1_503036_17-1">
<gml:timePosition>2021-03-09</gml:timePosition>
</lfSpanFr>
<devDate gml:id="K1_503036_17-2">
<gml:timePosition>2021-03-22</gml:timePosition>
</devDate>
<orgGILvl>KJ13</orgGILvl>
<vis>表示</vis>
<pos>
<gml:Point gml:id="K1_503036_17-g" srsName="fguuid:jgd2011.bl">
<gml:pos>33.643150806 130.846917556</gml:pos>
</gml:Point>
</pos>
<orgName>国土地理院</orgName>
<type>三角点</type>
<gcpClass>三等三角点</gcpClass>
<gcpCode>TR35030367701</gcpCode>
<name>中津原</name>
<B>121115.3429</B>
<L>471048.9032</L>
<alti>61.36</alti>
<altiAcc>2</altiAcc>
</GCP>
<GCP gml:id="K1_503036_18">
<fid>10-00100-0-2003-30236</fid>
<lfSpanFr gml:id="K1_503036_18-1">
<gml:timePosition>2021-03-09</gml:timePosition>
</lfSpanFr>
<devDate gml:id="K1_503036_18-2">
<gml:timePosition>2021-03-22</gml:timePosition>
</devDate>
<orgGILvl>KJ13</orgGILvl>
<vis>表示</vis>
<pos>
<gml:Point gml:id="K1_503036_18-g" srsName="fguuid:jgd2011.bl">
<gml:pos>33.655022472 130.824856333</gml:pos>
</gml:Point>
</pos>
<orgName>国土地理院</orgName>
<type>三角点</type>
<gcpClass>三等三角点</gcpClass>
<gcpCode>TR35030368501</gcpCode>
<name>浦野</name>
<B>121158.0809</B>
<L>470969.4828</L>
<alti>55.71</alti>
<altiAcc>2</altiAcc>
</GCP>
<GCP gml:id="K1_503036_19">
<fid>10-00100-0-2003-30237</fid>
<lfSpanFr gml:id="K1_503036_19-1">
<gml:timePosition>2021-03-09</gml:timePosition>
</lfSpanFr>
<devDate gml:id="K1_503036_19-2">
<gml:timePosition>2021-03-22</gml:timePosition>
</devDate>
<orgGILvl>KJ13</orgGILvl>
<vis>表示</vis>
<pos>
<gml:Point gml:id="K1_503036_19-g" srsName="fguuid:jgd2011.bl">
<gml:pos>33.661649694 130.801019806</gml:pos>
</gml:Point>
</pos>
<orgName>国土地理院</orgName>
<type>三角点</type>
<gcpClass>三等三角点</gcpClass>
<gcpCode>TR35030369401</gcpCode>
<name>長谷</name>
<B>121181.9389</B>
<L>470883.6713</L>
<alti>40.19</alti>
<altiAcc>2</altiAcc>
</GCP>
<GCP gml:id="K1_503036_20">
<fid>10-00100-0-2003-69940</fid>
<lfSpanFr gml:id="K1_503036_20-1">
<gml:timePosition>2021-03-09</gml:timePosition>
</lfSpanFr>
<devDate gml:id="K1_503036_20-2">
<gml:timePosition>2021-03-22</gml:timePosition>
</devDate>
<orgGILvl>KJ14</orgGILvl>
<vis>表示</vis>
<pos>
<gml:Point gml:id="K1_503036_20-g" srsName="fguuid:jgd2011.bl">
<gml:pos>33.585667556 130.761401611</gml:pos>
</gml:Point>
</pos>
<orgName>国土地理院</orgName>
<type>三角点</type>
<gcpClass>四等三角点</gcpClass>
<gcpCode>TR45030360002</gcpCode>
<name>大法山展望台</name>
<B>120908.4032</B>
<L>470741.0458</L>
<alti>258.09</alti>
<altiAcc>2</altiAcc>
</GCP>
<GCP gml:id="K1_503036_21">
<fid>10-00100-0-2003-69941</fid>
<lfSpanFr gml:id="K1_503036_21-1">
<gml:timePosition>2021-03-09</gml:timePosition>
</lfSpanFr>
<devDate gml:id="K1_503036_21-2">
<gml:timePosition>2021-03-22</gml:timePosition>
</devDate>
<orgGILvl>KJ14</orgGILvl>
<vis>表示</vis>
<pos>
<gml:Point gml:id="K1_503036_21-g" srsName="fguuid:jgd2011.bl">
<gml:pos>33.590535750 130.798523194</gml:pos>
</gml:Point>
</pos>
<orgName>国土地理院</orgName>
<type>三角点</type>
<gcpClass>四等三角点</gcpClass>
<gcpCode>TR45030360301</gcpCode>
<name>谷山</name>
<B>120925.9287</B>
<L>470874.6835</L>
<alti>170.24</alti>
<altiAcc>2</altiAcc>
</GCP>
<GCP gml:id="K1_503036_22">
<fid>10-00100-0-2003-69942</fid>
<lfSpanFr gml:id="K1_503036_22-1">
<gml:timePosition>2021-03-09</gml:timePosition>
</lfSpanFr>
<devDate gml:id="K1_503036_22-2">
<gml:timePosition>2021-03-22</gml:timePosition>
</devDate>
<orgGILvl>KJ14</orgGILvl>
<vis>表示</vis>
<pos>
<gml:Point gml:id="K1_503036_22-g" srsName="fguuid:jgd2011.bl">
<gml:pos>33.598715694 130.755324417</gml:pos>
</gml:Point>
</pos>
<orgName>国土地理院</orgName>
<type>三角点</type>
<gcpClass>四等三角点</gcpClass>
<gcpCode>TR45030361001</gcpCode>
<name>陣屋谷</name>
<B>120955.3765</B>
<L>470719.1679</L>
<alti>123.82</alti>
<altiAcc>2</altiAcc>
</GCP>
<GCP gml:id="K1_503036_23">
<fid>10-00100-0-2003-69943</fid>
<lfSpanFr gml:id="K1_503036_23-1">
<gml:timePosition>2021-03-09</gml:timePosition>
</lfSpanFr>
<devDate gml:id="K1_503036_23-2">
<gml:timePosition>2021-03-22</gml:timePosition>
</devDate>
<orgGILvl>KJ14</orgGILvl>
<vis>表示</vis>
<pos>
<gml:Point gml:id="K1_503036_23-g" srsName="fguuid:jgd2011.bl">
<gml:pos>33.592449167 130.764458306</gml:pos>
</gml:Point>
</pos>
<orgName>国土地理院</orgName>
<type>三角点</type>
<gcpClass>四等三角点</gcpClass>
<gcpCode>TR45030361101</gcpCode>
<name>平台</name>
<B>120932.817</B>
<L>470752.0499</L>
<alti>211.44</alti>
<altiAcc>2</altiAcc>
</GCP>
<GCP gml:id="K1_503036_24">
<fid>10-00100-0-2003-69944</fid>
<lfSpanFr gml:id="K1_503036_24-1">
<gml:timePosition>2021-03-09</gml:timePosition>
</lfSpanFr>
<devDate gml:id="K1_503036_24-2">
<gml:timePosition>2021-03-22</gml:timePosition>
</devDate>
<orgGILvl>KJ14</orgGILvl>
<vis>表示</vis>
<pos>
<gml:Point gml:id="K1_503036_24-g" srsName="fguuid:jgd2011.bl">
<gml:pos>33.594525028 130.839846083</gml:pos>
</gml:Point>
</pos>
<orgName>国土地理院</orgName>
<type>三角点</type>
<gcpClass>四等三角点</gcpClass>
<gcpCode>TR45030361702</gcpCode>
<name>大峰</name>
<B>120940.2901</B>
<L>471023.4459</L>
<alti>115.06</alti>
<altiAcc>2</altiAcc>
</GCP>
<GCP gml:id="K1_503036_25">
<fid>10-00100-0-2003-69945</fid>
<lfSpanFr gml:id="K1_503036_25-1">
<gml:timePosition>2021-03-09</gml:timePosition>
</lfSpanFr>
<devDate gml:id="K1_503036_25-2">
<gml:timePosition>2021-03-22</gml:timePosition>
</devDate>
<orgGILvl>KJ14</orgGILvl>
<vis>表示</vis>
<pos>
<gml:Point gml:id="K1_503036_25-g" srsName="fguuid:jgd2011.bl">
<gml:pos>33.591990667 130.854091750</gml:pos>
</gml:Point>
</pos>
<orgName>国土地理院</orgName>
<type>三角点</type>
<gcpClass>四等三角点</gcpClass>
<gcpCode>TR45030361801</gcpCode>
<name>元松</name>
<B>120931.1664</B>
<L>471074.7303</L>
<alti>50.33</alti>
<altiAcc>2</altiAcc>
</GCP>
<GCP gml:id="K1_503036_26">
<fid>10-00100-0-2003-69946</fid>
<lfSpanFr gml:id="K1_503036_26-1">
<gml:timePosition>2021-03-09</gml:timePosition>
</lfSpanFr>
<devDate gml:id="K1_503036_26-2">
<gml:timePosition>2021-03-22</gml:timePosition>
</devDate>
<orgGILvl>KJ14</orgGILvl>
<vis>表示</vis>
<pos>
<gml:Point gml:id="K1_503036_26-g" srsName="fguuid:jgd2011.bl">
<gml:pos>33.601533861 130.770677611</gml:pos>
</gml:Point>
</pos>
<orgName>国土地理院</orgName>
<type>三角点</type>
<gcpClass>四等三角点</gcpClass>
<gcpCode>TR45030362101</gcpCode>
<name>大山</name>
<B>120965.5219</B>
<L>470774.4394</L>
<alti>362.09</alti>
<altiAcc>2</altiAcc>
</GCP>
<GCP gml:id="K1_503036_27">
<fid>10-00100-0-2003-69947</fid>
<lfSpanFr gml:id="K1_503036_27-1">
<gml:timePosition>2021-03-09</gml:timePosition>
</lfSpanFr>
<devDate gml:id="K1_503036_27-2">
<gml:timePosition>2021-03-22</gml:timePosition>
</devDate>
<orgGILvl>KJ14</orgGILvl>
<vis>表示</vis>
<pos>
<gml:Point gml:id="K1_503036_27-g" srsName="fguuid:jgd2011.bl">
<gml:pos>33.600004278 130.786717833</gml:pos>
</gml:Point>
</pos>
<orgName>国土地理院</orgName>
<type>三角点</type>
<gcpClass>四等三角点</gcpClass>
<gcpCode>TR45030362201</gcpCode>
<name>金国</name>
<B>120960.0154</B>
<L>470832.1842</L>
<alti>90.43</alti>
<altiAcc>2</altiAcc>
</GCP>
<GCP gml:id="K1_503036_28">
<fid>10-00100-0-2003-69948</fid>
<lfSpanFr gml:id="K1_503036_28-1">
<gml:timePosition>2021-03-09</gml:timePosition>
</lfSpanFr>
<devDate gml:id="K1_503036_28-2">
<gml:timePosition>2021-03-22</gml:timePosition>
</devDate>
<orgGILvl>KJ14</orgGILvl>
<vis>表示</vis>
<pos>
<gml:Point gml:id="K1_503036_28-g" srsName="fguuid:jgd2011.bl">
<gml:pos>33.601512778 130.852973167</gml:pos>
</gml:Point>
</pos>
<orgName>国土地理院</orgName>
<type>三角点</type>
<gcpClass>四等三角点</gcpClass>
<gcpCode>TR45030362801</gcpCode>
<name>秋永</name>
<B>120965.446</B>
<L>471070.7034</L>
<alti>47.56</alti>
<altiAcc>2</altiAcc>
</GCP>
<GCP gml:id="K1_503036_29">
<fid>10-00100-0-2003-69949</fid>
<lfSpanFr gml:id="K1_503036_29-1">
<gml:timePosition>2021-03-09</gml:timePosition>
</lfSpanFr>
<devDate gml:id="K1_503036_29-2">
<gml:timePosition>2021-03-22</gml:timePosition>
</devDate>
<orgGILvl>KJ14</orgGILvl>
<vis>表示</vis>
<pos>
<gml:Point gml:id="K1_503036_29-g" srsName="fguuid:jgd2011.bl">
<gml:pos>33.602435528 130.866837944</gml:pos>
</gml:Point>
</pos>
<orgName>国土地理院</orgName>
<type>三角点</type>
<gcpClass>四等三角点</gcpClass>
<gcpCode>TR45030362901</gcpCode>
<name>上ノ切</name>
<B>120968.7679</B>
<L>471120.6166</L>
<alti>119.83</alti>
<altiAcc>2</altiAcc>
</GCP>
<GCP gml:id="K1_503036_30">
<fid>10-00100-0-2003-69950</fid>
<lfSpanFr gml:id="K1_503036_30-1">
<gml:timePosition>2021-03-09</gml:timePosition>
</lfSpanFr>
<devDate gml:id="K1_503036_30-2">
<gml:timePosition>2021-03-22</gml:timePosition>
</devDate>
<orgGILvl>KJ14</orgGILvl>
<vis>表示</vis>
<pos>
<gml:Point gml:id="K1_503036_30-g" srsName="fguuid:jgd2011.bl">
<gml:pos>33.611390111 130.752976083</gml:pos>
</gml:Point>
</pos>
<orgName>国土地理院</orgName>
<type>三角点</type>
<gcpClass>四等三角点</gcpClass>
<gcpCode>TR45030363001</gcpCode>
<name>市室</name>
<B>121001.0044</B>
<L>470710.7139</L>
<alti>157.4</alti>
<altiAcc>2</altiAcc>
</GCP>
<GCP gml:id="K1_503036_31">
<fid>10-00100-0-2003-69951</fid>
<lfSpanFr gml:id="K1_503036_31-1">
<gml:timePosition>2021-03-09</gml:timePosition>
</lfSpanFr>
<devDate gml:id="K1_503036_31-2">
<gml:timePosition>2021-03-22</gml:timePosition>
</devDate>
<orgGILvl>KJ14</orgGILvl>
<vis>表示</vis>
<pos>
<gml:Point gml:id="K1_503036_31-g" srsName="fguuid:jgd2011.bl">
<gml:pos>33.609436861 130.785953556</gml:pos>
</gml:Point>
</pos>
<orgName>国土地理院</orgName>
<type>三角点</type>
<gcpClass>四等三角点</gcpClass>
<gcpCode>TR45030363201</gcpCode>
<name>位登</name>
<B>120993.9727</B>
<L>470829.4328</L>
<alti>74.21</alti>
<altiAcc>2</altiAcc>
</GCP>
<GCP gml:id="K1_503036_32">
<fid>10-00100-0-2003-69952</fid>
<lfSpanFr gml:id="K1_503036_32-1">
<gml:timePosition>2021-03-09</gml:timePosition>
</lfSpanFr>
<devDate gml:id="K1_503036_32-2">
<gml:timePosition>2021-03-22</gml:timePosition>
</devDate>
<orgGILvl>KJ14</orgGILvl>
<vis>表示</vis>
<pos>
<gml:Point gml:id="K1_503036_32-g" srsName="fguuid:jgd2011.bl">
<gml:pos>33.611324333 130.849869833</gml:pos>
</gml:Point>
</pos>
<orgName>国土地理院</orgName>
<type>三角点</type>
<gcpClass>四等三角点</gcpClass>
<gcpCode>TR45030363701</gcpCode>
<name>安永</name>
<B>121000.7676</B>
<L>471059.5314</L>
<alti>39.43</alti>
<altiAcc>2</altiAcc>
</GCP>
<GCP gml:id="K1_503036_33">
<fid>10-00100-0-2003-69953</fid>
<lfSpanFr gml:id="K1_503036_33-1">
<gml:timePosition>2021-03-09</gml:timePosition>
</lfSpanFr>
<devDate gml:id="K1_503036_33-2">
<gml:timePosition>2021-03-22</gml:timePosition>
</devDate>
<orgGILvl>KJ14</orgGILvl>
<vis>表示</vis>
<pos>
<gml:Point gml:id="K1_503036_33-g" srsName="fguuid:jgd2011.bl">
<gml:pos>33.618184583 130.759965167</gml:pos>
</gml:Point>
</pos>
<orgName>国土地理院</orgName>
<type>三角点</type>
<gcpClass>四等三角点</gcpClass>
<gcpCode>TR45030364001</gcpCode>
<name>本峠</name>
<B>121025.4645</B>
<L>470735.8746</L>
<alti>215.61</alti>
<altiAcc>2</altiAcc>
</GCP>
<GCP gml:id="K1_503036_34">
<fid>10-00100-0-2003-69954</fid>
<lfSpanFr gml:id="K1_503036_34-1">
<gml:timePosition>2021-03-09</gml:timePosition>
</lfSpanFr>
<devDate gml:id="K1_503036_34-2">
<gml:timePosition>2021-03-22</gml:timePosition>
</devDate>
<orgGILvl>KJ14</orgGILvl>
<vis>表示</vis>
<pos>
<gml:Point gml:id="K1_503036_34-g" srsName="fguuid:jgd2011.bl">
<gml:pos>33.619349417 130.777799611</gml:pos>
</gml:Point>
</pos>
<orgName>国土地理院</orgName>
<type>三角点</type>
<gcpClass>四等三角点</gcpClass>
<gcpCode>TR45030364201</gcpCode>
<name>豊前坊</name>
<B>121029.6579</B>
<L>470800.0786</L>
<alti>203.94</alti>
<altiAcc>2</altiAcc>
</GCP>
<GCP gml:id="K1_503036_35">
<fid>10-00100-0-2003-69955</fid>
<lfSpanFr gml:id="K1_503036_35-1">
<gml:timePosition>2021-03-09</gml:timePosition>
</lfSpanFr>
<devDate gml:id="K1_503036_35-2">
<gml:timePosition>2021-03-22</gml:timePosition>
</devDate>
<orgGILvl>KJ14</orgGILvl>
<vis>表示</vis>
<pos>
<gml:Point gml:id="K1_503036_35-g" srsName="fguuid:jgd2011.bl">
<gml:pos>33.619177278 130.792189028</gml:pos>
</gml:Point>
</pos>
<orgName>国土地理院</orgName>
<type>三角点</type>
<gcpClass>四等三角点</gcpClass>
<gcpCode>TR45030364301</gcpCode>
<name>樋渡</name>
<B>121029.0382</B>
<L>470851.8805</L>
<alti>38.61</alti>
<altiAcc>2</altiAcc>
</GCP>
<GCP gml:id="K1_503036_36">
<fid>10-00100-0-2003-69956</fid>
<lfSpanFr gml:id="K1_503036_36-1">
<gml:timePosition>2021-03-09</gml:timePosition>
</lfSpanFr>
<devDate gml:id="K1_503036_36-2">
<gml:timePosition>2021-03-22</gml:timePosition>
</devDate>
<orgGILvl>KJ14</orgGILvl>
<vis>表示</vis>
<pos>
<gml:Point gml:id="K1_503036_36-g" srsName="fguuid:jgd2011.bl">
<gml:pos>33.616809222 130.814385222</gml:pos>
</gml:Point>
</pos>
<orgName>国土地理院</orgName>
<type>三角点</type>
<gcpClass>四等三角点</gcpClass>
<gcpCode>TR45030364501</gcpCode>
<name>大谷</name>
<B>121020.5132</B>
<L>470931.7868</L>
<alti>135.86</alti>
<altiAcc>2</altiAcc>
</GCP>
<GCP gml:id="K1_503036_37">
<fid>10-00100-0-2003-69957</fid>
<lfSpanFr gml:id="K1_503036_37-1">
<gml:timePosition>2021-03-09</gml:timePosition>
</lfSpanFr>
<devDate gml:id="K1_503036_37-2">
<gml:timePosition>2021-03-22</gml:timePosition>
</devDate>
<orgGILvl>KJ14</orgGILvl>
<vis>表示</vis>
<pos>
<gml:Point gml:id="K1_503036_37-g" srsName="fguuid:jgd2011.bl">
<gml:pos>33.622966778 130.827802194</gml:pos>
</gml:Point>
</pos>
<orgName>国土地理院</orgName>
<type>三角点</type>
<gcpClass>四等三角点</gcpClass>
<gcpCode>TR45030364601</gcpCode>
<name>城山団地</name>
<B>121042.6804</B>
<L>470980.0879</L>
<alti>64.42</alti>
<altiAcc>2</altiAcc>
</GCP>
<GCP gml:id="K1_503036_38">
<fid>10-00100-0-2003-69958</fid>
<lfSpanFr gml:id="K1_503036_38-1">
<gml:timePosition>2021-03-09</gml:timePosition>
</lfSpanFr>
<devDate gml:id="K1_503036_38-2">
<gml:timePosition>2021-03-22</gml:timePosition>
</devDate>
<orgGILvl>KJ14</orgGILvl>
<vis>表示</vis>
<pos>
<gml:Point gml:id="K1_503036_38-g" srsName="fguuid:jgd2011.bl">
<gml:pos>33.619970861 130.841316361</gml:pos>
</gml:Point>
</pos>
<orgName>国土地理院</orgName>
<type>三角点</type>
<gcpClass>四等三角点</gcpClass>
<gcpCode>TR45030364701</gcpCode>
<name>伊加利</name>
<B>121031.8951</B>
<L>471028.7389</L>
<alti>56.18</alti>
<altiAcc>2</altiAcc>
</GCP>
<GCP gml:id="K1_503036_39">
<fid>10-00100-0-2003-69959</fid>
<lfSpanFr gml:id="K1_503036_39-1">
<gml:timePosition>2021-03-09</gml:timePosition>
</lfSpanFr>
<devDate gml:id="K1_503036_39-2">
<gml:timePosition>2021-03-22</gml:timePosition>
</devDate>
<orgGILvl>KJ14</orgGILvl>
<vis>表示</vis>
<pos>
<gml:Point gml:id="K1_503036_39-g" srsName="fguuid:jgd2011.bl">
<gml:pos>33.622397250 130.861403611</gml:pos>
</gml:Point>
</pos>
<orgName>国土地理院</orgName>
<type>三角点</type>
<gcpClass>四等三角点</gcpClass>
<gcpCode>TR45030364801</gcpCode>
<name>野原越</name>
<B>121040.6301</B>
<L>471101.053</L>
<alti>86.16</alti>
<altiAcc>2</altiAcc>
</GCP>
<GCP gml:id="K1_503036_40">
<fid>10-00100-0-2003-69960</fid>
<lfSpanFr gml:id="K1_503036_40-1">
<gml:timePosition>2021-03-09</gml:timePosition>
</lfSpanFr>
<devDate gml:id="K1_503036_40-2">
<gml:timePosition>2021-03-22</gml:timePosition>
</devDate>
<orgGILvl>KJ14</orgGILvl>
<vis>表示</vis>
<pos>
<gml:Point gml:id="K1_503036_40-g" srsName="fguuid:jgd2011.bl">
<gml:pos>33.619802389 130.874689917</gml:pos>
</gml:Point>
</pos>
<orgName>国土地理院</orgName>
<type>三角点</type>
<gcpClass>四等三角点</gcpClass>
<gcpCode>TR45030364901</gcpCode>
<name>内田原</name>
<B>121031.2886</B>
<L>471148.8837</L>
<alti>89.72</alti>
<altiAcc>2</altiAcc>
</GCP>
<GCP gml:id="K1_503036_41">
<fid>10-00100-0-2003-69961</fid>
<lfSpanFr gml:id="K1_503036_41-1">
<gml:timePosition>2021-03-09</gml:timePosition>
</lfSpanFr>
<devDate gml:id="K1_503036_41-2">
<gml:timePosition>2021-03-22</gml:timePosition>
</devDate>
<orgGILvl>KJ14</orgGILvl>
<vis>表示</vis>
<pos>
<gml:Point gml:id="K1_503036_41-g" srsName="fguuid:jgd2011.bl">
<gml:pos>33.630566000 130.751794722</gml:pos>
</gml:Point>
</pos>
<orgName>国土地理院</orgName>
<type>三角点</type>
<gcpClass>四等三角点</gcpClass>
<gcpCode>TR45030365001</gcpCode>
<name>関ノ山</name>
<B>121070.0376</B>
<L>470706.461</L>
<alti>358.99</alti>
<altiAcc>2</altiAcc>
</GCP>
<GCP gml:id="K1_503036_42">
<fid>10-00100-0-2003-69962</fid>
<lfSpanFr gml:id="K1_503036_42-1">
<gml:timePosition>2021-03-09</gml:timePosition>
</lfSpanFr>
<devDate gml:id="K1_503036_42-2">
<gml:timePosition>2021-03-22</gml:timePosition>
</devDate>
<orgGILvl>KJ14</orgGILvl>
<vis>表示</vis>
<pos>
<gml:Point gml:id="K1_503036_42-g" srsName="fguuid:jgd2011.bl">
<gml:pos>33.632583139 130.773071417</gml:pos>
</gml:Point>
</pos>
<orgName>国土地理院</orgName>
<type>三角点</type>
<gcpClass>四等三角点</gcpClass>
<gcpCode>TR45030365101</gcpCode>
<name>船尾小学校</name>
<B>121077.2993</B>
<L>470783.0571</L>
<alti>49.05</alti>
<altiAcc>2</altiAcc>
</GCP>
<GCP gml:id="K1_503036_43">
<fid>10-00100-0-2003-69963</fid>
<lfSpanFr gml:id="K1_503036_43-1">
<gml:timePosition>2021-03-09</gml:timePosition>
</lfSpanFr>
<devDate gml:id="K1_503036_43-2">
<gml:timePosition>2021-03-22</gml:timePosition>
</devDate>
<orgGILvl>KJ14</orgGILvl>
<vis>表示</vis>
<pos>
<gml:Point gml:id="K1_503036_43-g" srsName="fguuid:jgd2011.bl">
<gml:pos>33.629126778 130.789429750</gml:pos>
</gml:Point>
</pos>
<orgName>国土地理院</orgName>
<type>三角点</type>
<gcpClass>四等三角点</gcpClass>
<gcpCode>TR45030365301</gcpCode>
<name>野上</name>
<B>121064.8564</B>
<L>470841.9471</L>
<alti>30.03</alti>
<altiAcc>2</altiAcc>
</GCP>
<GCP gml:id="K1_503036_44">
<fid>10-00100-0-2003-69964</fid>
<lfSpanFr gml:id="K1_503036_44-1">
<gml:timePosition>2021-03-09</gml:timePosition>
</lfSpanFr>
<devDate gml:id="K1_503036_44-2">
<gml:timePosition>2021-03-22</gml:timePosition>
</devDate>
<orgGILvl>KJ14</orgGILvl>
<vis>表示</vis>
<pos>
<gml:Point gml:id="K1_503036_44-g" srsName="fguuid:jgd2011.bl">
<gml:pos>33.631526444 130.806761944</gml:pos>
</gml:Point>
</pos>
<orgName>国土地理院</orgName>
<type>三角点</type>
<gcpClass>四等三角点</gcpClass>
<gcpCode>TR45030365401</gcpCode>
<name>後藤寺</name>
<B>121073.4952</B>
<L>470904.343</L>
<alti>103.09</alti>
<altiAcc>2</altiAcc>
</GCP>
<GCP gml:id="K1_503036_45">
<fid>10-00100-0-2003-69965</fid>
<lfSpanFr gml:id="K1_503036_45-1">
<gml:timePosition>2021-03-09</gml:timePosition>
</lfSpanFr>
<devDate gml:id="K1_503036_45-2">
<gml:timePosition>2021-03-22</gml:timePosition>
</devDate>
<orgGILvl>KJ14</orgGILvl>
<vis>表示</vis>
<pos>
<gml:Point gml:id="K1_503036_45-g" srsName="fguuid:jgd2011.bl">
<gml:pos>33.632587306 130.818240389</gml:pos>
</gml:Point>
</pos>
<orgName>国土地理院</orgName>
<type>三角点</type>
<gcpClass>四等三角点</gcpClass>
<gcpCode>TR45030365501</gcpCode>
<name>伊田</name>
<B>121077.3143</B>
<L>470945.6654</L>
<alti>70.44</alti>
<altiAcc>2</altiAcc>
</GCP>
<GCP gml:id="K1_503036_46">
<fid>10-00100-0-2003-69966</fid>
<lfSpanFr gml:id="K1_503036_46-1">
<gml:timePosition>2021-03-09</gml:timePosition>
</lfSpanFr>
<devDate gml:id="K1_503036_46-2">
<gml:timePosition>2021-03-22</gml:timePosition>
</devDate>
<orgGILvl>KJ14</orgGILvl>
<vis>表示</vis>
<pos>
<gml:Point gml:id="K1_503036_46-g" srsName="fguuid:jgd2011.bl">
<gml:pos>33.628436889 130.839096583</gml:pos>
</gml:Point>
</pos>
<orgName>国土地理院</orgName>
<type>三角点</type>
<gcpClass>四等三角点</gcpClass>
<gcpCode>TR45030365701</gcpCode>
<name>鎮西橋</name>
<B>121062.3728</B>
<L>471020.7477</L>
<alti>36.15</alti>
<altiAcc>2</altiAcc>
</GCP>
<GCP gml:id="K1_503036_47">
<fid>10-00100-0-2003-69967</fid>
<lfSpanFr gml:id="K1_503036_47-1">
<gml:timePosition>2021-03-09</gml:timePosition>
</lfSpanFr>
<devDate gml:id="K1_503036_47-2">
<gml:timePosition>2021-03-22</gml:timePosition>
</devDate>
<orgGILvl>KJ14</orgGILvl>
<vis>表示</vis>
<pos>
<gml:Point gml:id="K1_503036_47-g" srsName="fguuid:jgd2011.bl">
<gml:pos>33.629639972 130.853581528</gml:pos>
</gml:Point>
</pos>
<orgName>国土地理院</orgName>
<type>三角点</type>
<gcpClass>四等三角点</gcpClass>
<gcpCode>TR45030365801</gcpCode>
<name>今任原</name>
<B>121066.7039</B>
<L>471072.8935</L>
<alti>44.06</alti>
<altiAcc>2</altiAcc>
</GCP>
<GCP gml:id="K1_503036_48">
<fid>10-00100-0-2003-69968</fid>
<lfSpanFr gml:id="K1_503036_48-1">
<gml:timePosition>2021-03-09</gml:timePosition>
</lfSpanFr>
<devDate gml:id="K1_503036_48-2">
<gml:timePosition>2021-03-22</gml:timePosition>
</devDate>
<orgGILvl>KJ14</orgGILvl>
<vis>表示</vis>
<pos>
<gml:Point gml:id="K1_503036_48-g" srsName="fguuid:jgd2011.bl">
<gml:pos>33.635677556 130.831025139</gml:pos>
</gml:Point>
</pos>
<orgName>国土地理院</orgName>
<type>三角点</type>
<gcpClass>四等三角点</gcpClass>
<gcpCode>TR45030366601</gcpCode>
<name>鎮西中学校</name>
<B>121088.4392</B>
<L>470991.6905</L>
<alti>40.28</alti>
<altiAcc>2</altiAcc>
</GCP>
<GCP gml:id="K1_503036_49">
<fid>10-00100-0-2003-69969</fid>
<lfSpanFr gml:id="K1_503036_49-1">
<gml:timePosition>2021-03-09</gml:timePosition>
</lfSpanFr>
<devDate gml:id="K1_503036_49-2">
<gml:timePosition>2021-03-22</gml:timePosition>
</devDate>
<orgGILvl>KJ14</orgGILvl>
<vis>表示</vis>
<pos>
<gml:Point gml:id="K1_503036_49-g" srsName="fguuid:jgd2011.bl">
<gml:pos>33.636850194 130.863208806</gml:pos>
</gml:Point>
</pos>
<orgName>国土地理院</orgName>
<type>三角点</type>
<gcpClass>四等三角点</gcpClass>
<gcpCode>TR45030366901</gcpCode>
<name>前ヶ原</name>
<B>121092.6607</B>
<L>471107.5517</L>
<alti>57.56</alti>
<altiAcc>2</altiAcc>
</GCP>
<GCP gml:id="K1_503036_50">
<fid>10-00100-0-2003-69970</fid>
<lfSpanFr gml:id="K1_503036_50-1">
<gml:timePosition>2021-03-09</gml:timePosition>
</lfSpanFr>
<devDate gml:id="K1_503036_50-2">
<gml:timePosition>2021-03-22</gml:timePosition>
</devDate>
<orgGILvl>KJ14</orgGILvl>
<vis>表示</vis>
<pos>
<gml:Point gml:id="K1_503036_50-g" srsName="fguuid:jgd2011.bl">
<gml:pos>33.644805750 130.759359917</gml:pos>
</gml:Point>
</pos>
<orgName>国土地理院</orgName>
<type>三角点</type>
<gcpClass>四等三角点</gcpClass>
<gcpCode>TR45030367001</gcpCode>
<name>横道</name>
<B>121121.3007</B>
<L>470733.6957</L>
<alti>105.8</alti>
<altiAcc>2</altiAcc>
</GCP>
<GCP gml:id="K1_503036_51">
<fid>10-00100-0-2003-69971</fid>
<lfSpanFr gml:id="K1_503036_51-1">
<gml:timePosition>2021-03-09</gml:timePosition>
</lfSpanFr>
<devDate gml:id="K1_503036_51-2">
<gml:timePosition>2021-03-22</gml:timePosition>
</devDate>
<orgGILvl>KJ14</orgGILvl>
<vis>表示</vis>
<pos>
<gml:Point gml:id="K1_503036_51-g" srsName="fguuid:jgd2011.bl">
<gml:pos>33.649358417 130.861937444</gml:pos>
</gml:Point>
</pos>
<orgName>国土地理院</orgName>
<type>三角点</type>
<gcpClass>四等三角点</gcpClass>
<gcpCode>TR45030367801</gcpCode>
<name>榎ヶ本</name>
<B>121137.6903</B>
<L>471102.9748</L>
<alti>58.89</alti>
<altiAcc>2</altiAcc>
</GCP>
<GCP gml:id="K1_503036_52">
<fid>10-00100-0-2003-69972</fid>
<lfSpanFr gml:id="K1_503036_52-1">
<gml:timePosition>2021-03-09</gml:timePosition>
</lfSpanFr>
<devDate gml:id="K1_503036_52-2">
<gml:timePosition>2021-03-22</gml:timePosition>
</devDate>
<orgGILvl>KJ14</orgGILvl>
<vis>表示</vis>
<pos>
<gml:Point gml:id="K1_503036_52-g" srsName="fguuid:jgd2011.bl">
<gml:pos>33.653700333 130.781955056</gml:pos>
</gml:Point>
</pos>
<orgName>国土地理院</orgName>
<type>三角点</type>
<gcpClass>四等三角点</gcpClass>
<gcpCode>TR45030368201</gcpCode>
<name>糸田中学校</name>
<B>121153.3212</B>
<L>470815.0382</L>
<alti>45.7</alti>
<altiAcc>2</altiAcc>
</GCP>
<GCP gml:id="K1_503036_53">
<fid>10-00100-0-2003-69973</fid>
<lfSpanFr gml:id="K1_503036_53-1">
<gml:timePosition>2021-03-09</gml:timePosition>
</lfSpanFr>
<devDate gml:id="K1_503036_53-2">
<gml:timePosition>2021-03-22</gml:timePosition>
</devDate>
<orgGILvl>KJ14</orgGILvl>
<vis>表示</vis>
<pos>
<gml:Point gml:id="K1_503036_53-g" srsName="fguuid:jgd2011.bl">
<gml:pos>33.650886250 130.810987778</gml:pos>
</gml:Point>
</pos>
<orgName>国土地理院</orgName>
<type>三角点</type>
<gcpClass>四等三角点</gcpClass>
<gcpCode>TR45030368401</gcpCode>
<name>橋本</name>
<B>121143.1905</B>
<L>470919.556</L>
<alti>23.25</alti>
<altiAcc>2</altiAcc>
</GCP>
<GCP gml:id="K1_503036_54">
<fid>10-00100-0-2003-69974</fid>
<lfSpanFr gml:id="K1_503036_54-1">
<gml:timePosition>2021-03-09</gml:timePosition>
</lfSpanFr>
<devDate gml:id="K1_503036_54-2">
<gml:timePosition>2021-03-22</gml:timePosition>
</devDate>
<orgGILvl>KJ14</orgGILvl>
<vis>表示</vis>
<pos>
<gml:Point gml:id="K1_503036_54-g" srsName="fguuid:jgd2011.bl">
<gml:pos>33.663844806 130.777263556</gml:pos>
</gml:Point>
</pos>
<orgName>国土地理院</orgName>
<type>三角点</type>
<gcpClass>四等三角点</gcpClass>
<gcpCode>TR45030369201</gcpCode>
<name>深町</name>
<B>121189.8413</B>
<L>470798.1488</L>
<alti>18.49</alti>
<altiAcc>2</altiAcc>
</GCP>
<GCP gml:id="K1_503036_55">
<fid>10-00100-0-2003-69975</fid>
<lfSpanFr gml:id="K1_503036_55-1">
<gml:timePosition>2021-03-09</gml:timePosition>
</lfSpanFr>
<devDate gml:id="K1_503036_55-2">
<gml:timePosition>2021-03-22</gml:timePosition>
</devDate>
<orgGILvl>KJ14</orgGILvl>
<vis>表示</vis>
<pos>
<gml:Point gml:id="K1_503036_55-g" srsName="fguuid:jgd2011.bl">
<gml:pos>33.665595611 130.830654139</gml:pos>
</gml:Point>
</pos>
<orgName>国土地理院</orgName>
<type>三角点</type>
<gcpClass>四等三角点</gcpClass>
<gcpCode>TR45030369601</gcpCode>
<name>中川原</name>
<B>121196.1442</B>
<L>470990.3549</L>
<alti>30.61</alti>
<altiAcc>2</altiAcc>
</GCP>
<GCP gml:id="K1_503036_56">
<fid>10-00100-0-2003-69976</fid>
<lfSpanFr gml:id="K1_503036_56-1">
<gml:timePosition>2021-03-09</gml:timePosition>
</lfSpanFr>
<devDate gml:id="K1_503036_56-2">
<gml:timePosition>2021-03-22</gml:timePosition>
</devDate>
<orgGILvl>KJ14</orgGILvl>
<vis>表示</vis>
<pos>
<gml:Point gml:id="K1_503036_56-g" srsName="fguuid:jgd2011.bl">
<gml:pos>33.662635139 130.842265194</gml:pos>
</gml:Point>
</pos>
<orgName>国土地理院</orgName>
<type>三角点</type>
<gcpClass>四等三角点</gcpClass>
<gcpCode>TR45030369701</gcpCode>
<name>高野</name>
<B>121185.4865</B>
<L>471032.1547</L>
<alti>35.97</alti>
<altiAcc>2</altiAcc>
</GCP>
<GCP gml:id="K1_503036_57">
<fid>10-00100-0-2003-69977</fid>
<lfSpanFr gml:id="K1_503036_57-1">
<gml:timePosition>2021-03-09</gml:timePosition>
</lfSpanFr>
<devDate gml:id="K1_503036_57-2">
<gml:timePosition>2021-03-22</gml:timePosition>
</devDate>
<orgGILvl>KJ14</orgGILvl>
<vis>表示</vis>
<pos>
<gml:Point gml:id="K1_503036_57-g" srsName="fguuid:jgd2011.bl">
<gml:pos>33.662570833 130.866849028</gml:pos>
</gml:Point>
</pos>
<orgName>国土地理院</orgName>
<type>三角点</type>
<gcpClass>四等三角点</gcpClass>
<gcpCode>TR45030369901</gcpCode>
<name>鏡山</name>
<B>121185.255</B>
<L>471120.6565</L>
<alti>403.55</alti>
<altiAcc>2</altiAcc>
</GCP>
</Dataset>
