<?xml version="1.0" encoding="utf-8"?>
<Dataset xsi:schemaLocation="http://fgd.gsi.go.jp/spec/2008/FGD_GMLSchema FGD_GMLSchema.xsd"
	xmlns:gml="http://www.opengis.net/gml/3.2"
	xmlns:xsi="http://www.w3.org/2001/XMLSchema-instance"
	xmlns:xlink="http://www.w3.org/1999/xlink"
	xmlns="http://fgd.gsi.go.jp/spec/2008/FGD_GMLSchema"
	gml:id="Dataset1">
  <gml:description>基盤地図情報メタデータ ID=fmdid:21-0401</gml:description>
  <gml:name>基盤地図情報ダウンロードデータ（GML版）</gml:name>
<AdmPt gml:id="K6_4707012090_1">
<fid>47070-12090-i-128</fid>
<lfSpanFr gml:id="K6_4707012090_1-1">
<gml:timePosition>2014-11-14</gml:timePosition>
</lfSpanFr>
<devDate gml:id="K6_4707012090_1-2">
<gml:timePosition>2021-03-22</gml:timePosition>
</devDate>
<orgGILvl>25000</orgGILvl>
<vis>非表示</vis>
<pos>
<gml:Point gml:id="K6_4707012090_1-g" srsName="fguuid:jgd2011.bl">
<gml:pos>33.587084210 130.753051806</gml:pos>
</gml:Point>
</pos>
<type>郡市・東京都の区</type>
<name>嘉麻市</name>
<admCode>40227</admCode>
</AdmPt>
<AdmPt gml:id="K6_4707012099_1">
<fid>47070-12099-i-574</fid>
<lfSpanFr gml:id="K6_4707012099_1-1">
<gml:timePosition>2014-11-14</gml:timePosition>
</lfSpanFr>
<devDate gml:id="K6_4707012099_1-2">
<gml:timePosition>2021-03-22</gml:timePosition>
</devDate>
<orgGILvl>25000</orgGILvl>
<vis>非表示</vis>
<pos>
<gml:Point gml:id="K6_4707012099_1-g" srsName="fguuid:jgd2011.bl">
<gml:pos>33.611523403 130.757488096</gml:pos>
</gml:Point>
</pos>
<type>郡市・東京都の区</type>
<name>飯塚市</name>
<admCode>40205</admCode>
</AdmPt>
<AdmPt gml:id="K6_4707012114_1">
<fid>47070-12114-i-129</fid>
<lfSpanFr gml:id="K6_4707012114_1-1">
<gml:timePosition>2014-11-14</gml:timePosition>
</lfSpanFr>
<devDate gml:id="K6_4707012114_1-2">
<gml:timePosition>2021-03-22</gml:timePosition>
</devDate>
<orgGILvl>25000</orgGILvl>
<vis>非表示</vis>
<pos>
<gml:Point gml:id="K6_4707012114_1-g" srsName="fguuid:jgd2011.bl">
<gml:pos>33.654547960 130.755139518</gml:pos>
</gml:Point>
</pos>
<type>郡市・東京都の区</type>
<name>飯塚市</name>
<admCode>40205</admCode>
</AdmPt>
<AdmPt gml:id="K6_4707312117_1">
<fid>47073-12117-i-215</fid>
<lfSpanFr gml:id="K6_4707312117_1-1">
<gml:timePosition>2015-02-23</gml:timePosition>
</lfSpanFr>
<devDate gml:id="K6_4707312117_1-2">
<gml:timePosition>2021-03-22</gml:timePosition>
</devDate>
<orgGILvl>25000</orgGILvl>
<vis>非表示</vis>
<pos>
<gml:Point gml:id="K6_4707312117_1-g" srsName="fguuid:jgd2011.bl">
<gml:pos>33.665358472 130.758605645</gml:pos>
</gml:Point>
</pos>
<type>町村・指定都市の区</type>
<name>福智町</name>
<admCode>40610</admCode>
</AdmPt>
<AdmPt gml:id="K6_4707612117_1">
<fid>47076-12117-i-543</fid>
<lfSpanFr gml:id="K6_4707612117_1-1">
<gml:timePosition>2020-08-27</gml:timePosition>
</lfSpanFr>
<devDate gml:id="K6_4707612117_1-2">
<gml:timePosition>2021-03-22</gml:timePosition>
</devDate>
<orgGILvl>25000</orgGILvl>
<vis>非表示</vis>
<pos>
<gml:Point gml:id="K6_4707612117_1-g" srsName="fguuid:jgd2011.bl">
<gml:pos>33.666650694 130.773713360</gml:pos>
</gml:Point>
</pos>
<type>町村・指定都市の区</type>
<name>福智町</name>
<admCode>40610</admCode>
</AdmPt>
<AdmPt gml:id="K6_4707912114_1">
<fid>47079-12114-i-785</fid>
<lfSpanFr gml:id="K6_4707912114_1-1">
<gml:timePosition>2020-08-27</gml:timePosition>
</lfSpanFr>
<devDate gml:id="K6_4707912114_1-2">
<gml:timePosition>2021-03-22</gml:timePosition>
</devDate>
<orgGILvl>25000</orgGILvl>
<vis>非表示</vis>
<pos>
<gml:Point gml:id="K6_4707912114_1-g" srsName="fguuid:jgd2011.bl">
<gml:pos>33.653216583 130.776229384</gml:pos>
</gml:Point>
</pos>
<type>町村・指定都市の区</type>
<name>糸田町</name>
<admCode>40604</admCode>
</AdmPt>
<AdmPt gml:id="K6_4707912117_1">
<fid>47079-12117-i-609</fid>
<lfSpanFr gml:id="K6_4707912117_1-1">
<gml:timePosition>2020-08-27</gml:timePosition>
</lfSpanFr>
<devDate gml:id="K6_4707912117_1-2">
<gml:timePosition>2021-03-22</gml:timePosition>
</devDate>
<orgGILvl>25000</orgGILvl>
<vis>非表示</vis>
<pos>
<gml:Point gml:id="K6_4707912117_1-g" srsName="fguuid:jgd2011.bl">
<gml:pos>33.666402157 130.775460018</gml:pos>
</gml:Point>
</pos>
<type>町村・指定都市の区</type>
<name>福智町</name>
<admCode>40610</admCode>
</AdmPt>
<AdmPt gml:id="K6_4708212117_1">
<fid>47082-12117-i-656</fid>
<lfSpanFr gml:id="K6_4708212117_1-1">
<gml:timePosition>2020-08-27</gml:timePosition>
</lfSpanFr>
<devDate gml:id="K6_4708212117_1-2">
<gml:timePosition>2021-03-22</gml:timePosition>
</devDate>
<orgGILvl>25000</orgGILvl>
<vis>非表示</vis>
<pos>
<gml:Point gml:id="K6_4708212117_1-g" srsName="fguuid:jgd2011.bl">
<gml:pos>33.666192500 130.788667497</gml:pos>
</gml:Point>
</pos>
<type>町村・指定都市の区</type>
<name>福智町</name>
<admCode>40610</admCode>
</AdmPt>
<AdmPt gml:id="K6_4708512105_1">
<fid>47085-12105-i-1080</fid>
<lfSpanFr gml:id="K6_4708512105_1-1">
<gml:timePosition>2020-08-27</gml:timePosition>
</lfSpanFr>
<devDate gml:id="K6_4708512105_1-2">
<gml:timePosition>2021-03-22</gml:timePosition>
</devDate>
<orgGILvl>25000</orgGILvl>
<vis>非表示</vis>
<pos>
<gml:Point gml:id="K6_4708512105_1-g" srsName="fguuid:jgd2011.bl">
<gml:pos>33.626464961 130.798652135</gml:pos>
</gml:Point>
</pos>
<type>郡市・東京都の区</type>
<name>田川市</name>
<admCode>40206</admCode>
</AdmPt>
<AdmPt gml:id="K6_4708812108_1">
<fid>47088-12108-i-1500</fid>
<lfSpanFr gml:id="K6_4708812108_1-1">
<gml:timePosition>2020-08-27</gml:timePosition>
</lfSpanFr>
<devDate gml:id="K6_4708812108_1-2">
<gml:timePosition>2021-03-22</gml:timePosition>
</devDate>
<orgGILvl>2500</orgGILvl>
<vis>表示</vis>
<pos>
<gml:Point gml:id="K6_4708812108_1-g" srsName="fguuid:jgd2011.bl">
<gml:pos>33.638794748 130.805962821</gml:pos>
</gml:Point>
</pos>
<type>郡市・東京都の区</type>
<name>田川市</name>
<admCode>40206</admCode>
</AdmPt>
<AdmPt gml:id="K6_4709112096_1">
<fid>47091-12096-i-1436</fid>
<lfSpanFr gml:id="K6_4709112096_1-1">
<gml:timePosition>2020-08-27</gml:timePosition>
</lfSpanFr>
<devDate gml:id="K6_4709112096_1-2">
<gml:timePosition>2021-03-22</gml:timePosition>
</devDate>
<orgGILvl>25000</orgGILvl>
<vis>非表示</vis>
<pos>
<gml:Point gml:id="K6_4709112096_1-g" srsName="fguuid:jgd2011.bl">
<gml:pos>33.603895734 130.816515886</gml:pos>
</gml:Point>
</pos>
<type>町村・指定都市の区</type>
<name>川崎町</name>
<admCode>40605</admCode>
</AdmPt>
<AdmPt gml:id="K6_4710612090_1">
<fid>47106-12090-i-562</fid>
<lfSpanFr gml:id="K6_4710612090_1-1">
<gml:timePosition>2020-08-27</gml:timePosition>
</lfSpanFr>
<devDate gml:id="K6_4710612090_1-2">
<gml:timePosition>2021-03-22</gml:timePosition>
</devDate>
<orgGILvl>25000</orgGILvl>
<vis>非表示</vis>
<pos>
<gml:Point gml:id="K6_4710612090_1-g" srsName="fguuid:jgd2011.bl">
<gml:pos>33.587587186 130.852101220</gml:pos>
</gml:Point>
</pos>
<type>町村・指定都市の区</type>
<name>添田町</name>
<admCode>40602</admCode>
</AdmPt>
<AdmPt gml:id="K6_4710612099_1">
<fid>47106-12099-i-383</fid>
<lfSpanFr gml:id="K6_4710612099_1-1">
<gml:timePosition>2020-08-27</gml:timePosition>
</lfSpanFr>
<devDate gml:id="K6_4710612099_1-2">
<gml:timePosition>2021-03-22</gml:timePosition>
</devDate>
<orgGILvl>25000</orgGILvl>
<vis>非表示</vis>
<pos>
<gml:Point gml:id="K6_4710612099_1-g" srsName="fguuid:jgd2011.bl">
<gml:pos>33.615017364 130.852323240</gml:pos>
</gml:Point>
</pos>
<type>町村・指定都市の区</type>
<name>大任町</name>
<admCode>40608</admCode>
</AdmPt>
<AdmPt gml:id="K6_4710612114_1">
<fid>47106-12114-i-652</fid>
<lfSpanFr gml:id="K6_4710612114_1-1">
<gml:timePosition>2020-08-27</gml:timePosition>
</lfSpanFr>
<devDate gml:id="K6_4710612114_1-2">
<gml:timePosition>2021-03-22</gml:timePosition>
</devDate>
<orgGILvl>25000</orgGILvl>
<vis>非表示</vis>
<pos>
<gml:Point gml:id="K6_4710612114_1-g" srsName="fguuid:jgd2011.bl">
<gml:pos>33.653228683 130.852499592</gml:pos>
</gml:Point>
</pos>
<type>町村・指定都市の区</type>
<name>香春町</name>
<admCode>40601</admCode>
</AdmPt>
<AdmPt gml:id="K6_4711212090_1">
<fid>47112-12090-i-33</fid>
<lfSpanFr gml:id="K6_4711212090_1-1">
<gml:timePosition>2014-11-14</gml:timePosition>
</lfSpanFr>
<devDate gml:id="K6_4711212090_1-2">
<gml:timePosition>2021-03-22</gml:timePosition>
</devDate>
<orgGILvl>25000</orgGILvl>
<vis>非表示</vis>
<pos>
<gml:Point gml:id="K6_4711212090_1-g" srsName="fguuid:jgd2011.bl">
<gml:pos>33.583918189 130.868102709</gml:pos>
</gml:Point>
</pos>
<type>町村・指定都市の区</type>
<name>添田町</name>
<admCode>40602</admCode>
</AdmPt>
<AdmPt gml:id="K6_4711212099_1">
<fid>47112-12099-i-444</fid>
<lfSpanFr gml:id="K6_4711212099_1-1">
<gml:timePosition>2020-08-27</gml:timePosition>
</lfSpanFr>
<devDate gml:id="K6_4711212099_1-2">
<gml:timePosition>2021-03-22</gml:timePosition>
</devDate>
<orgGILvl>25000</orgGILvl>
<vis>非表示</vis>
<pos>
<gml:Point gml:id="K6_4711212099_1-g" srsName="fguuid:jgd2011.bl">
<gml:pos>33.615825187 130.868537146</gml:pos>
</gml:Point>
</pos>
<type>町村・指定都市の区</type>
<name>赤村</name>
<admCode>40609</admCode>
</AdmPt>
</Dataset>
