<?xml version="1.0" encoding="utf-8"?>
<Dataset xsi:schemaLocation="http://fgd.gsi.go.jp/spec/2008/FGD_GMLSchema FGD_GMLSchema.xsd"
	xmlns:gml="http://www.opengis.net/gml/3.2"
	xmlns:xsi="http://www.w3.org/2001/XMLSchema-instance"
	xmlns:xlink="http://www.w3.org/1999/xlink"
	xmlns="http://fgd.gsi.go.jp/spec/2008/FGD_GMLSchema"
	gml:id="Dataset1">
  <gml:description>基盤地図情報メタデータ ID=fmdid:21-0401</gml:description>
  <gml:name>基盤地図情報ダウンロードデータ（GML版）</gml:name>
<ElevPt gml:id="K2_4707012093_1">
<fid>47070-12093-i-163</fid>
<lfSpanFr gml:id="K2_4707012093_1-1">
<gml:timePosition>2014-06-04</gml:timePosition>
</lfSpanFr>
<devDate gml:id="K2_4707012093_1-2">
<gml:timePosition>2021-03-22</gml:timePosition>
</devDate>
<orgGILvl>25000</orgGILvl>
<vis>表示</vis>
<pos>
<gml:Point gml:id="K2_4707012093_1-g" srsName="fguuid:jgd2011.bl">
<gml:pos>33.597185556 130.752549722</gml:pos>
</gml:Point>
</pos>
<type>標高点（測点）</type>
<alti>63</alti>
</ElevPt>
<ElevPt gml:id="K2_4707012093_2">
<fid>47070-12093-i-164</fid>
<lfSpanFr gml:id="K2_4707012093_2-1">
<gml:timePosition>2014-06-04</gml:timePosition>
</lfSpanFr>
<devDate gml:id="K2_4707012093_2-2">
<gml:timePosition>2021-03-22</gml:timePosition>
</devDate>
<orgGILvl>25000</orgGILvl>
<vis>表示</vis>
<pos>
<gml:Point gml:id="K2_4707012093_2-g" srsName="fguuid:jgd2011.bl">
<gml:pos>33.591792778 130.755565278</gml:pos>
</gml:Point>
</pos>
<type>標高点（測点）</type>
<alti>121</alti>
</ElevPt>
<ElevPt gml:id="K2_4707012096_1">
<fid>47070-12096-i-774</fid>
<lfSpanFr gml:id="K2_4707012096_1-1">
<gml:timePosition>2020-08-27</gml:timePosition>
</lfSpanFr>
<devDate gml:id="K2_4707012096_1-2">
<gml:timePosition>2021-03-22</gml:timePosition>
</devDate>
<orgGILvl>25000</orgGILvl>
<vis>表示</vis>
<pos>
<gml:Point gml:id="K2_4707012096_1-g" srsName="fguuid:jgd2011.bl">
<gml:pos>33.602639444 130.753585000</gml:pos>
</gml:Point>
</pos>
<type>標高点（測点）</type>
<alti>116</alti>
</ElevPt>
<ElevPt gml:id="K2_4707012102_1">
<fid>47070-12102-i-250</fid>
<lfSpanFr gml:id="K2_4707012102_1-1">
<gml:timePosition>2015-02-23</gml:timePosition>
</lfSpanFr>
<devDate gml:id="K2_4707012102_1-2">
<gml:timePosition>2021-03-22</gml:timePosition>
</devDate>
<orgGILvl>25000</orgGILvl>
<vis>表示</vis>
<pos>
<gml:Point gml:id="K2_4707012102_1-g" srsName="fguuid:jgd2011.bl">
<gml:pos>33.617604444 130.752693611</gml:pos>
</gml:Point>
</pos>
<type>標高点（測点）</type>
<alti>53</alti>
</ElevPt>
<ElevPt gml:id="K2_4707012105_1">
<fid>47070-12105-i-8</fid>
<lfSpanFr gml:id="K2_4707012105_1-1">
<gml:timePosition>2013-12-10</gml:timePosition>
</lfSpanFr>
<devDate gml:id="K2_4707012105_1-2">
<gml:timePosition>2021-03-22</gml:timePosition>
</devDate>
<orgGILvl>25000</orgGILvl>
<vis>表示</vis>
<pos>
<gml:Point gml:id="K2_4707012105_1-g" srsName="fguuid:jgd2011.bl">
<gml:pos>33.625114167 130.753166944</gml:pos>
</gml:Point>
</pos>
<type>標高点（測点）</type>
<alti>181</alti>
</ElevPt>
<ElevPt gml:id="K2_4707012108_1">
<fid>47070-12108-i-21</fid>
<lfSpanFr gml:id="K2_4707012108_1-1">
<gml:timePosition>2013-12-10</gml:timePosition>
</lfSpanFr>
<devDate gml:id="K2_4707012108_1-2">
<gml:timePosition>2021-03-22</gml:timePosition>
</devDate>
<orgGILvl>25000</orgGILvl>
<vis>表示</vis>
<pos>
<gml:Point gml:id="K2_4707012108_1-g" srsName="fguuid:jgd2011.bl">
<gml:pos>33.636716667 130.755650556</gml:pos>
</gml:Point>
</pos>
<type>標高点（測点）</type>
<alti>116</alti>
</ElevPt>
<ElevPt gml:id="K2_4707012111_1">
<fid>47070-12111-i-30</fid>
<lfSpanFr gml:id="K2_4707012111_1-1">
<gml:timePosition>2013-12-10</gml:timePosition>
</lfSpanFr>
<devDate gml:id="K2_4707012111_1-2">
<gml:timePosition>2021-03-22</gml:timePosition>
</devDate>
<orgGILvl>25000</orgGILvl>
<vis>表示</vis>
<pos>
<gml:Point gml:id="K2_4707012111_1-g" srsName="fguuid:jgd2011.bl">
<gml:pos>33.647419444 130.752371111</gml:pos>
</gml:Point>
</pos>
<type>標高点（測点）</type>
<alti>282</alti>
</ElevPt>
<ElevPt gml:id="K2_4707012114_1">
<fid>47070-12114-i-16</fid>
<lfSpanFr gml:id="K2_4707012114_1-1">
<gml:timePosition>2013-12-10</gml:timePosition>
</lfSpanFr>
<devDate gml:id="K2_4707012114_1-2">
<gml:timePosition>2021-03-22</gml:timePosition>
</devDate>
<orgGILvl>25000</orgGILvl>
<vis>表示</vis>
<pos>
<gml:Point gml:id="K2_4707012114_1-g" srsName="fguuid:jgd2011.bl">
<gml:pos>33.652906944 130.750308333</gml:pos>
</gml:Point>
</pos>
<type>標高点（測点）</type>
<alti>163</alti>
</ElevPt>
<ElevPt gml:id="K2_4707312093_1">
<fid>47073-12093-i-96</fid>
<lfSpanFr gml:id="K2_4707312093_1-1">
<gml:timePosition>2014-06-04</gml:timePosition>
</lfSpanFr>
<devDate gml:id="K2_4707312093_1-2">
<gml:timePosition>2021-03-22</gml:timePosition>
</devDate>
<orgGILvl>25000</orgGILvl>
<vis>表示</vis>
<pos>
<gml:Point gml:id="K2_4707312093_1-g" srsName="fguuid:jgd2011.bl">
<gml:pos>33.596428333 130.766002222</gml:pos>
</gml:Point>
</pos>
<type>標高点（測点）</type>
<alti>131</alti>
</ElevPt>
<ElevPt gml:id="K2_4707312096_1">
<fid>47073-12096-i-652</fid>
<lfSpanFr gml:id="K2_4707312096_1-1">
<gml:timePosition>2020-08-27</gml:timePosition>
</lfSpanFr>
<devDate gml:id="K2_4707312096_1-2">
<gml:timePosition>2021-03-22</gml:timePosition>
</devDate>
<orgGILvl>25000</orgGILvl>
<vis>表示</vis>
<pos>
<gml:Point gml:id="K2_4707312096_1-g" srsName="fguuid:jgd2011.bl">
<gml:pos>33.606847778 130.759631667</gml:pos>
</gml:Point>
</pos>
<type>標高点（測点）</type>
<alti>69</alti>
</ElevPt>
<ElevPt gml:id="K2_4707312096_2">
<fid>47073-12096-i-653</fid>
<lfSpanFr gml:id="K2_4707312096_2-1">
<gml:timePosition>2020-08-27</gml:timePosition>
</lfSpanFr>
<devDate gml:id="K2_4707312096_2-2">
<gml:timePosition>2021-03-22</gml:timePosition>
</devDate>
<orgGILvl>25000</orgGILvl>
<vis>表示</vis>
<pos>
<gml:Point gml:id="K2_4707312096_2-g" srsName="fguuid:jgd2011.bl">
<gml:pos>33.600045278 130.761775278</gml:pos>
</gml:Point>
</pos>
<type>標高点（測点）</type>
<alti>145</alti>
</ElevPt>
<ElevPt gml:id="K2_4707312114_1">
<fid>47073-12114-i-147</fid>
<lfSpanFr gml:id="K2_4707312114_1-1">
<gml:timePosition>2020-08-27</gml:timePosition>
</lfSpanFr>
<devDate gml:id="K2_4707312114_1-2">
<gml:timePosition>2021-03-22</gml:timePosition>
</devDate>
<orgGILvl>25000</orgGILvl>
<vis>表示</vis>
<pos>
<gml:Point gml:id="K2_4707312114_1-g" srsName="fguuid:jgd2011.bl">
<gml:pos>33.654162500 130.761186111</gml:pos>
</gml:Point>
</pos>
<type>標高点（測点）</type>
<alti>177</alti>
</ElevPt>
<ElevPt gml:id="K2_4707312117_1">
<fid>47073-12117-i-136</fid>
<lfSpanFr gml:id="K2_4707312117_1-1">
<gml:timePosition>2015-02-23</gml:timePosition>
</lfSpanFr>
<devDate gml:id="K2_4707312117_1-2">
<gml:timePosition>2021-03-22</gml:timePosition>
</devDate>
<orgGILvl>25000</orgGILvl>
<vis>表示</vis>
<pos>
<gml:Point gml:id="K2_4707312117_1-g" srsName="fguuid:jgd2011.bl">
<gml:pos>33.663205000 130.762547778</gml:pos>
</gml:Point>
</pos>
<type>標高点（測点）</type>
<alti>99</alti>
</ElevPt>
<ElevPt gml:id="K2_4707612090_1">
<fid>47076-12090-i-297</fid>
<lfSpanFr gml:id="K2_4707612090_1-1">
<gml:timePosition>2015-02-23</gml:timePosition>
</lfSpanFr>
<devDate gml:id="K2_4707612090_1-2">
<gml:timePosition>2021-03-22</gml:timePosition>
</devDate>
<orgGILvl>25000</orgGILvl>
<vis>表示</vis>
<pos>
<gml:Point gml:id="K2_4707612090_1-g" srsName="fguuid:jgd2011.bl">
<gml:pos>33.584752222 130.770193056</gml:pos>
</gml:Point>
</pos>
<type>標高点（測点）</type>
<alti>171</alti>
</ElevPt>
<ElevPt gml:id="K2_4707612090_2">
<fid>47076-12090-i-298</fid>
<lfSpanFr gml:id="K2_4707612090_2-1">
<gml:timePosition>2015-02-23</gml:timePosition>
</lfSpanFr>
<devDate gml:id="K2_4707612090_2-2">
<gml:timePosition>2021-03-22</gml:timePosition>
</devDate>
<orgGILvl>25000</orgGILvl>
<vis>表示</vis>
<pos>
<gml:Point gml:id="K2_4707612090_2-g" srsName="fguuid:jgd2011.bl">
<gml:pos>33.589284722 130.769918056</gml:pos>
</gml:Point>
</pos>
<type>標高点（測点）</type>
<alti>170</alti>
</ElevPt>
<ElevPt gml:id="K2_4707612096_1">
<fid>47076-12096-i-7</fid>
<lfSpanFr gml:id="K2_4707612096_1-1">
<gml:timePosition>2013-12-10</gml:timePosition>
</lfSpanFr>
<devDate gml:id="K2_4707612096_1-2">
<gml:timePosition>2021-03-22</gml:timePosition>
</devDate>
<orgGILvl>25000</orgGILvl>
<vis>表示</vis>
<pos>
<gml:Point gml:id="K2_4707612096_1-g" srsName="fguuid:jgd2011.bl">
<gml:pos>33.608068611 130.767021667</gml:pos>
</gml:Point>
</pos>
<type>標高点（測点）</type>
<alti>232</alti>
</ElevPt>
<ElevPt gml:id="K2_4707612102_1">
<fid>47076-12102-i-4</fid>
<lfSpanFr gml:id="K2_4707612102_1-1">
<gml:timePosition>2013-12-10</gml:timePosition>
</lfSpanFr>
<devDate gml:id="K2_4707612102_1-2">
<gml:timePosition>2021-03-22</gml:timePosition>
</devDate>
<orgGILvl>25000</orgGILvl>
<vis>表示</vis>
<pos>
<gml:Point gml:id="K2_4707612102_1-g" srsName="fguuid:jgd2011.bl">
<gml:pos>33.622652222 130.768256667</gml:pos>
</gml:Point>
</pos>
<type>標高点（測点）</type>
<alti>228</alti>
</ElevPt>
<ElevPt gml:id="K2_4707612102_2">
<fid>47076-12102-i-5</fid>
<lfSpanFr gml:id="K2_4707612102_2-1">
<gml:timePosition>2013-12-10</gml:timePosition>
</lfSpanFr>
<devDate gml:id="K2_4707612102_2-2">
<gml:timePosition>2021-03-22</gml:timePosition>
</devDate>
<orgGILvl>25000</orgGILvl>
<vis>表示</vis>
<pos>
<gml:Point gml:id="K2_4707612102_2-g" srsName="fguuid:jgd2011.bl">
<gml:pos>33.619993611 130.770495000</gml:pos>
</gml:Point>
</pos>
<type>標高点（測点）</type>
<alti>177</alti>
</ElevPt>
<ElevPt gml:id="K2_4707612105_1">
<fid>47076-12105-i-7</fid>
<lfSpanFr gml:id="K2_4707612105_1-1">
<gml:timePosition>2013-12-10</gml:timePosition>
</lfSpanFr>
<devDate gml:id="K2_4707612105_1-2">
<gml:timePosition>2021-03-22</gml:timePosition>
</devDate>
<orgGILvl>25000</orgGILvl>
<vis>表示</vis>
<pos>
<gml:Point gml:id="K2_4707612105_1-g" srsName="fguuid:jgd2011.bl">
<gml:pos>33.625913333 130.770593611</gml:pos>
</gml:Point>
</pos>
<type>標高点（測点）</type>
<alti>47</alti>
</ElevPt>
<ElevPt gml:id="K2_4707612105_2">
<fid>47076-12105-i-8</fid>
<lfSpanFr gml:id="K2_4707612105_2-1">
<gml:timePosition>2013-12-10</gml:timePosition>
</lfSpanFr>
<devDate gml:id="K2_4707612105_2-2">
<gml:timePosition>2021-03-22</gml:timePosition>
</devDate>
<orgGILvl>25000</orgGILvl>
<vis>表示</vis>
<pos>
<gml:Point gml:id="K2_4707612105_2-g" srsName="fguuid:jgd2011.bl">
<gml:pos>33.629969722 130.773283889</gml:pos>
</gml:Point>
</pos>
<type>標高点（測点）</type>
<alti>45</alti>
</ElevPt>
<ElevPt gml:id="K2_4707612108_1">
<fid>47076-12108-i-857</fid>
<lfSpanFr gml:id="K2_4707612108_1-1">
<gml:timePosition>2020-08-27</gml:timePosition>
</lfSpanFr>
<devDate gml:id="K2_4707612108_1-2">
<gml:timePosition>2021-03-22</gml:timePosition>
</devDate>
<orgGILvl>25000</orgGILvl>
<vis>表示</vis>
<pos>
<gml:Point gml:id="K2_4707612108_1-g" srsName="fguuid:jgd2011.bl">
<gml:pos>33.636247500 130.766827500</gml:pos>
</gml:Point>
</pos>
<type>標高点（測点）</type>
<alti>75</alti>
</ElevPt>
<ElevPt gml:id="K2_4707612111_1">
<fid>47076-12111-i-541</fid>
<lfSpanFr gml:id="K2_4707612111_1-1">
<gml:timePosition>2020-08-27</gml:timePosition>
</lfSpanFr>
<devDate gml:id="K2_4707612111_1-2">
<gml:timePosition>2021-03-22</gml:timePosition>
</devDate>
<orgGILvl>25000</orgGILvl>
<vis>表示</vis>
<pos>
<gml:Point gml:id="K2_4707612111_1-g" srsName="fguuid:jgd2011.bl">
<gml:pos>33.641917222 130.769968056</gml:pos>
</gml:Point>
</pos>
<type>標高点（測点）</type>
<alti>36</alti>
</ElevPt>
<ElevPt gml:id="K2_4707612117_1">
<fid>47076-12117-i-472</fid>
<lfSpanFr gml:id="K2_4707612117_1-1">
<gml:timePosition>2020-08-27</gml:timePosition>
</lfSpanFr>
<devDate gml:id="K2_4707612117_1-2">
<gml:timePosition>2021-03-22</gml:timePosition>
</devDate>
<orgGILvl>25000</orgGILvl>
<vis>表示</vis>
<pos>
<gml:Point gml:id="K2_4707612117_1-g" srsName="fguuid:jgd2011.bl">
<gml:pos>33.660356111 130.769237222</gml:pos>
</gml:Point>
</pos>
<type>標高点（測点）</type>
<alti>43</alti>
</ElevPt>
<ElevPt gml:id="K2_4707912096_1">
<fid>47079-12096-i-11</fid>
<lfSpanFr gml:id="K2_4707912096_1-1">
<gml:timePosition>2013-12-10</gml:timePosition>
</lfSpanFr>
<devDate gml:id="K2_4707912096_1-2">
<gml:timePosition>2021-03-22</gml:timePosition>
</devDate>
<orgGILvl>25000</orgGILvl>
<vis>表示</vis>
<pos>
<gml:Point gml:id="K2_4707912096_1-g" srsName="fguuid:jgd2011.bl">
<gml:pos>33.600848333 130.775375556</gml:pos>
</gml:Point>
</pos>
<type>標高点（測点）</type>
<alti>355</alti>
</ElevPt>
<ElevPt gml:id="K2_4707912111_1">
<fid>47079-12111-i-565</fid>
<lfSpanFr gml:id="K2_4707912111_1-1">
<gml:timePosition>2015-02-23</gml:timePosition>
</lfSpanFr>
<devDate gml:id="K2_4707912111_1-2">
<gml:timePosition>2021-03-22</gml:timePosition>
</devDate>
<orgGILvl>25000</orgGILvl>
<vis>表示</vis>
<pos>
<gml:Point gml:id="K2_4707912111_1-g" srsName="fguuid:jgd2011.bl">
<gml:pos>33.648663611 130.779089722</gml:pos>
</gml:Point>
</pos>
<type>標高点（測点）</type>
<alti>22</alti>
</ElevPt>
<ElevPt gml:id="K2_4708212090_1">
<fid>47082-12090-i-364</fid>
<lfSpanFr gml:id="K2_4708212090_1-1">
<gml:timePosition>2015-02-23</gml:timePosition>
</lfSpanFr>
<devDate gml:id="K2_4708212090_1-2">
<gml:timePosition>2021-03-22</gml:timePosition>
</devDate>
<orgGILvl>25000</orgGILvl>
<vis>表示</vis>
<pos>
<gml:Point gml:id="K2_4708212090_1-g" srsName="fguuid:jgd2011.bl">
<gml:pos>33.590198889 130.786096944</gml:pos>
</gml:Point>
</pos>
<type>標高点（測点）</type>
<alti>255</alti>
</ElevPt>
<ElevPt gml:id="K2_4708212096_1">
<fid>47082-12096-i-225</fid>
<lfSpanFr gml:id="K2_4708212096_1-1">
<gml:timePosition>2015-02-23</gml:timePosition>
</lfSpanFr>
<devDate gml:id="K2_4708212096_1-2">
<gml:timePosition>2021-03-22</gml:timePosition>
</devDate>
<orgGILvl>25000</orgGILvl>
<vis>表示</vis>
<pos>
<gml:Point gml:id="K2_4708212096_1-g" srsName="fguuid:jgd2011.bl">
<gml:pos>33.603846944 130.787107500</gml:pos>
</gml:Point>
</pos>
<type>標高点（測点）</type>
<alti>113</alti>
</ElevPt>
<ElevPt gml:id="K2_4708212099_1">
<fid>47082-12099-i-610</fid>
<lfSpanFr gml:id="K2_4708212099_1-1">
<gml:timePosition>2015-02-23</gml:timePosition>
</lfSpanFr>
<devDate gml:id="K2_4708212099_1-2">
<gml:timePosition>2021-03-22</gml:timePosition>
</devDate>
<orgGILvl>25000</orgGILvl>
<vis>表示</vis>
<pos>
<gml:Point gml:id="K2_4708212099_1-g" srsName="fguuid:jgd2011.bl">
<gml:pos>33.614604167 130.789001944</gml:pos>
</gml:Point>
</pos>
<type>標高点（測点）</type>
<alti>43</alti>
</ElevPt>
<ElevPt gml:id="K2_4708212102_1">
<fid>47082-12102-i-407</fid>
<lfSpanFr gml:id="K2_4708212102_1-1">
<gml:timePosition>2015-02-23</gml:timePosition>
</lfSpanFr>
<devDate gml:id="K2_4708212102_1-2">
<gml:timePosition>2021-03-22</gml:timePosition>
</devDate>
<orgGILvl>25000</orgGILvl>
<vis>表示</vis>
<pos>
<gml:Point gml:id="K2_4708212102_1-g" srsName="fguuid:jgd2011.bl">
<gml:pos>33.623204444 130.786926667</gml:pos>
</gml:Point>
</pos>
<type>標高点（測点）</type>
<alti>35</alti>
</ElevPt>
<ElevPt gml:id="K2_4708212105_1">
<fid>47082-12105-i-1429</fid>
<lfSpanFr gml:id="K2_4708212105_1-1">
<gml:timePosition>2020-08-27</gml:timePosition>
</lfSpanFr>
<devDate gml:id="K2_4708212105_1-2">
<gml:timePosition>2021-03-22</gml:timePosition>
</devDate>
<orgGILvl>25000</orgGILvl>
<vis>表示</vis>
<pos>
<gml:Point gml:id="K2_4708212105_1-g" srsName="fguuid:jgd2011.bl">
<gml:pos>33.633057500 130.790221389</gml:pos>
</gml:Point>
</pos>
<type>標高点（測点）</type>
<alti>29</alti>
</ElevPt>
<ElevPt gml:id="K2_4708212105_2">
<fid>47082-12105-i-1430</fid>
<lfSpanFr gml:id="K2_4708212105_2-1">
<gml:timePosition>2020-08-27</gml:timePosition>
</lfSpanFr>
<devDate gml:id="K2_4708212105_2-2">
<gml:timePosition>2021-03-22</gml:timePosition>
</devDate>
<orgGILvl>25000</orgGILvl>
<vis>表示</vis>
<pos>
<gml:Point gml:id="K2_4708212105_2-g" srsName="fguuid:jgd2011.bl">
<gml:pos>33.625661167 130.790523861</gml:pos>
</gml:Point>
</pos>
<type>標高点（測点）</type>
<alti>32</alti>
</ElevPt>
<ElevPt gml:id="K2_4708212108_1">
<fid>47082-12108-i-492</fid>
<lfSpanFr gml:id="K2_4708212108_1-1">
<gml:timePosition>2015-02-23</gml:timePosition>
</lfSpanFr>
<devDate gml:id="K2_4708212108_1-2">
<gml:timePosition>2021-03-22</gml:timePosition>
</devDate>
<orgGILvl>25000</orgGILvl>
<vis>表示</vis>
<pos>
<gml:Point gml:id="K2_4708212108_1-g" srsName="fguuid:jgd2011.bl">
<gml:pos>33.641112500 130.785343056</gml:pos>
</gml:Point>
</pos>
<type>標高点（測点）</type>
<alti>28</alti>
</ElevPt>
<ElevPt gml:id="K2_4708212111_1">
<fid>47082-12111-i-1195</fid>
<lfSpanFr gml:id="K2_4708212111_1-1">
<gml:timePosition>2020-08-27</gml:timePosition>
</lfSpanFr>
<devDate gml:id="K2_4708212111_1-2">
<gml:timePosition>2021-03-22</gml:timePosition>
</devDate>
<orgGILvl>25000</orgGILvl>
<vis>表示</vis>
<pos>
<gml:Point gml:id="K2_4708212111_1-g" srsName="fguuid:jgd2011.bl">
<gml:pos>33.646847500 130.790469722</gml:pos>
</gml:Point>
</pos>
<type>標高点（測点）</type>
<alti>28</alti>
</ElevPt>
<ElevPt gml:id="K2_4708212114_1">
<fid>47082-12114-i-597</fid>
<lfSpanFr gml:id="K2_4708212114_1-1">
<gml:timePosition>2020-08-27</gml:timePosition>
</lfSpanFr>
<devDate gml:id="K2_4708212114_1-2">
<gml:timePosition>2021-03-22</gml:timePosition>
</devDate>
<orgGILvl>25000</orgGILvl>
<vis>表示</vis>
<pos>
<gml:Point gml:id="K2_4708212114_1-g" srsName="fguuid:jgd2011.bl">
<gml:pos>33.651072778 130.786849722</gml:pos>
</gml:Point>
</pos>
<type>標高点（測点）</type>
<alti>48</alti>
</ElevPt>
<ElevPt gml:id="K2_4708512096_1">
<fid>47085-12096-i-1173</fid>
<lfSpanFr gml:id="K2_4708512096_1-1">
<gml:timePosition>2020-08-27</gml:timePosition>
</lfSpanFr>
<devDate gml:id="K2_4708512096_1-2">
<gml:timePosition>2021-03-22</gml:timePosition>
</devDate>
<orgGILvl>25000</orgGILvl>
<vis>表示</vis>
<pos>
<gml:Point gml:id="K2_4708512096_1-g" srsName="fguuid:jgd2011.bl">
<gml:pos>33.607602222 130.795683889</gml:pos>
</gml:Point>
</pos>
<type>標高点（測点）</type>
<alti>40</alti>
</ElevPt>
<ElevPt gml:id="K2_4708512096_2">
<fid>47085-12096-i-1174</fid>
<lfSpanFr gml:id="K2_4708512096_2-1">
<gml:timePosition>2020-08-27</gml:timePosition>
</lfSpanFr>
<devDate gml:id="K2_4708512096_2-2">
<gml:timePosition>2021-03-22</gml:timePosition>
</devDate>
<orgGILvl>25000</orgGILvl>
<vis>表示</vis>
<pos>
<gml:Point gml:id="K2_4708512096_2-g" srsName="fguuid:jgd2011.bl">
<gml:pos>33.604414722 130.797567778</gml:pos>
</gml:Point>
</pos>
<type>標高点（測点）</type>
<alti>56</alti>
</ElevPt>
<ElevPt gml:id="K2_4708512099_1">
<fid>47085-12099-i-1531</fid>
<lfSpanFr gml:id="K2_4708512099_1-1">
<gml:timePosition>2020-08-27</gml:timePosition>
</lfSpanFr>
<devDate gml:id="K2_4708512099_1-2">
<gml:timePosition>2021-03-22</gml:timePosition>
</devDate>
<orgGILvl>25000</orgGILvl>
<vis>表示</vis>
<pos>
<gml:Point gml:id="K2_4708512099_1-g" srsName="fguuid:jgd2011.bl">
<gml:pos>33.612086111 130.799218333</gml:pos>
</gml:Point>
</pos>
<type>標高点（測点）</type>
<alti>38</alti>
</ElevPt>
<ElevPt gml:id="K2_4708512102_1">
<fid>47085-12102-i-1179</fid>
<lfSpanFr gml:id="K2_4708512102_1-1">
<gml:timePosition>2020-08-27</gml:timePosition>
</lfSpanFr>
<devDate gml:id="K2_4708512102_1-2">
<gml:timePosition>2021-03-22</gml:timePosition>
</devDate>
<orgGILvl>25000</orgGILvl>
<vis>表示</vis>
<pos>
<gml:Point gml:id="K2_4708512102_1-g" srsName="fguuid:jgd2011.bl">
<gml:pos>33.624719722 130.799998333</gml:pos>
</gml:Point>
</pos>
<type>標高点（測点）</type>
<alti>48</alti>
</ElevPt>
<ElevPt gml:id="K2_4708512102_2">
<fid>47085-12102-i-1180</fid>
<lfSpanFr gml:id="K2_4708512102_2-1">
<gml:timePosition>2020-08-27</gml:timePosition>
</lfSpanFr>
<devDate gml:id="K2_4708512102_2-2">
<gml:timePosition>2021-03-22</gml:timePosition>
</devDate>
<orgGILvl>25000</orgGILvl>
<vis>表示</vis>
<pos>
<gml:Point gml:id="K2_4708512102_2-g" srsName="fguuid:jgd2011.bl">
<gml:pos>33.617101111 130.799275556</gml:pos>
</gml:Point>
</pos>
<type>標高点（測点）</type>
<alti>36</alti>
</ElevPt>
<ElevPt gml:id="K2_4708512111_1">
<fid>47085-12111-i-1377</fid>
<lfSpanFr gml:id="K2_4708512111_1-1">
<gml:timePosition>2020-08-27</gml:timePosition>
</lfSpanFr>
<devDate gml:id="K2_4708512111_1-2">
<gml:timePosition>2021-03-22</gml:timePosition>
</devDate>
<orgGILvl>25000</orgGILvl>
<vis>表示</vis>
<pos>
<gml:Point gml:id="K2_4708512111_1-g" srsName="fguuid:jgd2011.bl">
<gml:pos>33.645589694 130.797915889</gml:pos>
</gml:Point>
</pos>
<type>標高点（測点）</type>
<alti>29</alti>
</ElevPt>
<ElevPt gml:id="K2_4708512114_1">
<fid>47085-12114-i-424</fid>
<lfSpanFr gml:id="K2_4708512114_1-1">
<gml:timePosition>2015-02-23</gml:timePosition>
</lfSpanFr>
<devDate gml:id="K2_4708512114_1-2">
<gml:timePosition>2021-03-22</gml:timePosition>
</devDate>
<orgGILvl>25000</orgGILvl>
<vis>表示</vis>
<pos>
<gml:Point gml:id="K2_4708512114_1-g" srsName="fguuid:jgd2011.bl">
<gml:pos>33.656113611 130.799660556</gml:pos>
</gml:Point>
</pos>
<type>標高点（測点）</type>
<alti>37</alti>
</ElevPt>
<ElevPt gml:id="K2_4708512114_2">
<fid>47085-12114-i-425</fid>
<lfSpanFr gml:id="K2_4708512114_2-1">
<gml:timePosition>2015-02-23</gml:timePosition>
</lfSpanFr>
<devDate gml:id="K2_4708512114_2-2">
<gml:timePosition>2021-03-22</gml:timePosition>
</devDate>
<orgGILvl>25000</orgGILvl>
<vis>表示</vis>
<pos>
<gml:Point gml:id="K2_4708512114_2-g" srsName="fguuid:jgd2011.bl">
<gml:pos>33.654361944 130.795382500</gml:pos>
</gml:Point>
</pos>
<type>標高点（測点）</type>
<alti>58</alti>
</ElevPt>
<ElevPt gml:id="K2_4708512114_3">
<fid>47085-12114-i-426</fid>
<lfSpanFr gml:id="K2_4708512114_3-1">
<gml:timePosition>2015-02-23</gml:timePosition>
</lfSpanFr>
<devDate gml:id="K2_4708512114_3-2">
<gml:timePosition>2021-03-22</gml:timePosition>
</devDate>
<orgGILvl>25000</orgGILvl>
<vis>表示</vis>
<pos>
<gml:Point gml:id="K2_4708512114_3-g" srsName="fguuid:jgd2011.bl">
<gml:pos>33.650827778 130.799803333</gml:pos>
</gml:Point>
</pos>
<type>標高点（測点）</type>
<alti>45</alti>
</ElevPt>
<ElevPt gml:id="K2_4708512117_1">
<fid>47085-12117-i-1305</fid>
<lfSpanFr gml:id="K2_4708512117_1-1">
<gml:timePosition>2020-08-27</gml:timePosition>
</lfSpanFr>
<devDate gml:id="K2_4708512117_1-2">
<gml:timePosition>2021-03-22</gml:timePosition>
</devDate>
<orgGILvl>25000</orgGILvl>
<vis>表示</vis>
<pos>
<gml:Point gml:id="K2_4708512117_1-g" srsName="fguuid:jgd2011.bl">
<gml:pos>33.661868333 130.795388889</gml:pos>
</gml:Point>
</pos>
<type>標高点（測点）</type>
<alti>22</alti>
</ElevPt>
<ElevPt gml:id="K2_4708812102_1">
<fid>47088-12102-i-1744</fid>
<lfSpanFr gml:id="K2_4708812102_1-1">
<gml:timePosition>2020-08-27</gml:timePosition>
</lfSpanFr>
<devDate gml:id="K2_4708812102_1-2">
<gml:timePosition>2021-03-22</gml:timePosition>
</devDate>
<orgGILvl>25000</orgGILvl>
<vis>表示</vis>
<pos>
<gml:Point gml:id="K2_4708812102_1-g" srsName="fguuid:jgd2011.bl">
<gml:pos>33.617213333 130.807933889</gml:pos>
</gml:Point>
</pos>
<type>標高点（測点）</type>
<alti>102</alti>
</ElevPt>
<ElevPt gml:id="K2_4708812108_1">
<fid>47088-12108-i-1470</fid>
<lfSpanFr gml:id="K2_4708812108_1-1">
<gml:timePosition>2020-08-27</gml:timePosition>
</lfSpanFr>
<devDate gml:id="K2_4708812108_1-2">
<gml:timePosition>2021-03-22</gml:timePosition>
</devDate>
<orgGILvl>25000</orgGILvl>
<vis>表示</vis>
<pos>
<gml:Point gml:id="K2_4708812108_1-g" srsName="fguuid:jgd2011.bl">
<gml:pos>33.634008611 130.807375556</gml:pos>
</gml:Point>
</pos>
<type>標高点（測点）</type>
<alti>67</alti>
</ElevPt>
<ElevPt gml:id="K2_4708812111_1">
<fid>47088-12111-i-1492</fid>
<lfSpanFr gml:id="K2_4708812111_1-1">
<gml:timePosition>2020-08-27</gml:timePosition>
</lfSpanFr>
<devDate gml:id="K2_4708812111_1-2">
<gml:timePosition>2021-03-22</gml:timePosition>
</devDate>
<orgGILvl>25000</orgGILvl>
<vis>表示</vis>
<pos>
<gml:Point gml:id="K2_4708812111_1-g" srsName="fguuid:jgd2011.bl">
<gml:pos>33.642346111 130.805126944</gml:pos>
</gml:Point>
</pos>
<type>標高点（測点）</type>
<alti>64</alti>
</ElevPt>
<ElevPt gml:id="K2_4708812111_2">
<fid>47088-12111-i-1493</fid>
<lfSpanFr gml:id="K2_4708812111_2-1">
<gml:timePosition>2020-08-27</gml:timePosition>
</lfSpanFr>
<devDate gml:id="K2_4708812111_2-2">
<gml:timePosition>2021-03-22</gml:timePosition>
</devDate>
<orgGILvl>25000</orgGILvl>
<vis>表示</vis>
<pos>
<gml:Point gml:id="K2_4708812111_2-g" srsName="fguuid:jgd2011.bl">
<gml:pos>33.647397778 130.807041667</gml:pos>
</gml:Point>
</pos>
<type>標高点（測点）</type>
<alti>50</alti>
</ElevPt>
<ElevPt gml:id="K2_4708812111_3">
<fid>47088-12111-i-1494</fid>
<lfSpanFr gml:id="K2_4708812111_3-1">
<gml:timePosition>2020-08-27</gml:timePosition>
</lfSpanFr>
<devDate gml:id="K2_4708812111_3-2">
<gml:timePosition>2021-03-22</gml:timePosition>
</devDate>
<orgGILvl>25000</orgGILvl>
<vis>表示</vis>
<pos>
<gml:Point gml:id="K2_4708812111_3-g" srsName="fguuid:jgd2011.bl">
<gml:pos>33.647225278 130.802021944</gml:pos>
</gml:Point>
</pos>
<type>標高点（測点）</type>
<alti>65</alti>
</ElevPt>
<ElevPt gml:id="K2_4708812114_1">
<fid>47088-12114-i-629</fid>
<lfSpanFr gml:id="K2_4708812114_1-1">
<gml:timePosition>2015-02-23</gml:timePosition>
</lfSpanFr>
<devDate gml:id="K2_4708812114_1-2">
<gml:timePosition>2021-03-22</gml:timePosition>
</devDate>
<orgGILvl>25000</orgGILvl>
<vis>表示</vis>
<pos>
<gml:Point gml:id="K2_4708812114_1-g" srsName="fguuid:jgd2011.bl">
<gml:pos>33.656555000 130.803827222</gml:pos>
</gml:Point>
</pos>
<type>標高点（測点）</type>
<alti>21</alti>
</ElevPt>
<ElevPt gml:id="K2_4708812117_1">
<fid>47088-12117-i-521</fid>
<lfSpanFr gml:id="K2_4708812117_1-1">
<gml:timePosition>2015-02-23</gml:timePosition>
</lfSpanFr>
<devDate gml:id="K2_4708812117_1-2">
<gml:timePosition>2021-03-22</gml:timePosition>
</devDate>
<orgGILvl>25000</orgGILvl>
<vis>表示</vis>
<pos>
<gml:Point gml:id="K2_4708812117_1-g" srsName="fguuid:jgd2011.bl">
<gml:pos>33.665436111 130.801708056</gml:pos>
</gml:Point>
</pos>
<type>標高点（測点）</type>
<alti>20</alti>
</ElevPt>
<ElevPt gml:id="K2_4709112096_1">
<fid>47091-12096-i-1393</fid>
<lfSpanFr gml:id="K2_4709112096_1-1">
<gml:timePosition>2020-08-27</gml:timePosition>
</lfSpanFr>
<devDate gml:id="K2_4709112096_1-2">
<gml:timePosition>2021-03-22</gml:timePosition>
</devDate>
<orgGILvl>25000</orgGILvl>
<vis>表示</vis>
<pos>
<gml:Point gml:id="K2_4709112096_1-g" srsName="fguuid:jgd2011.bl">
<gml:pos>33.603026444 130.812963611</gml:pos>
</gml:Point>
</pos>
<type>標高点（測点）</type>
<alti>48</alti>
</ElevPt>
<ElevPt gml:id="K2_4709112105_1">
<fid>47091-12105-i-978</fid>
<lfSpanFr gml:id="K2_4709112105_1-1">
<gml:timePosition>2020-08-27</gml:timePosition>
</lfSpanFr>
<devDate gml:id="K2_4709112105_1-2">
<gml:timePosition>2021-03-22</gml:timePosition>
</devDate>
<orgGILvl>25000</orgGILvl>
<vis>表示</vis>
<pos>
<gml:Point gml:id="K2_4709112105_1-g" srsName="fguuid:jgd2011.bl">
<gml:pos>33.625764444 130.812540556</gml:pos>
</gml:Point>
</pos>
<type>標高点（測点）</type>
<alti>116</alti>
</ElevPt>
<ElevPt gml:id="K2_4709112108_1">
<fid>47091-12108-i-635</fid>
<lfSpanFr gml:id="K2_4709112108_1-1">
<gml:timePosition>2015-02-23</gml:timePosition>
</lfSpanFr>
<devDate gml:id="K2_4709112108_1-2">
<gml:timePosition>2021-03-22</gml:timePosition>
</devDate>
<orgGILvl>25000</orgGILvl>
<vis>表示</vis>
<pos>
<gml:Point gml:id="K2_4709112108_1-g" srsName="fguuid:jgd2011.bl">
<gml:pos>33.640609444 130.816626111</gml:pos>
</gml:Point>
</pos>
<type>標高点（測点）</type>
<alti>59</alti>
</ElevPt>
<ElevPt gml:id="K2_4709112108_2">
<fid>47091-12108-i-636</fid>
<lfSpanFr gml:id="K2_4709112108_2-1">
<gml:timePosition>2015-02-23</gml:timePosition>
</lfSpanFr>
<devDate gml:id="K2_4709112108_2-2">
<gml:timePosition>2021-03-22</gml:timePosition>
</devDate>
<orgGILvl>25000</orgGILvl>
<vis>表示</vis>
<pos>
<gml:Point gml:id="K2_4709112108_2-g" srsName="fguuid:jgd2011.bl">
<gml:pos>33.634179444 130.814840278</gml:pos>
</gml:Point>
</pos>
<type>標高点（測点）</type>
<alti>84</alti>
</ElevPt>
<ElevPt gml:id="K2_4709112114_1">
<fid>47091-12114-i-699</fid>
<lfSpanFr gml:id="K2_4709112114_1-1">
<gml:timePosition>2015-02-23</gml:timePosition>
</lfSpanFr>
<devDate gml:id="K2_4709112114_1-2">
<gml:timePosition>2021-03-22</gml:timePosition>
</devDate>
<orgGILvl>25000</orgGILvl>
<vis>表示</vis>
<pos>
<gml:Point gml:id="K2_4709112114_1-g" srsName="fguuid:jgd2011.bl">
<gml:pos>33.654728056 130.810514444</gml:pos>
</gml:Point>
</pos>
<type>標高点（測点）</type>
<alti>22</alti>
</ElevPt>
<ElevPt gml:id="K2_4709112117_1">
<fid>47091-12117-i-804</fid>
<lfSpanFr gml:id="K2_4709112117_1-1">
<gml:timePosition>2015-02-23</gml:timePosition>
</lfSpanFr>
<devDate gml:id="K2_4709112117_1-2">
<gml:timePosition>2021-03-22</gml:timePosition>
</devDate>
<orgGILvl>25000</orgGILvl>
<vis>表示</vis>
<pos>
<gml:Point gml:id="K2_4709112117_1-g" srsName="fguuid:jgd2011.bl">
<gml:pos>33.666471944 130.811637222</gml:pos>
</gml:Point>
</pos>
<type>標高点（測点）</type>
<alti>22</alti>
</ElevPt>
<ElevPt gml:id="K2_4709112117_2">
<fid>47091-12117-i-805</fid>
<lfSpanFr gml:id="K2_4709112117_2-1">
<gml:timePosition>2015-02-23</gml:timePosition>
</lfSpanFr>
<devDate gml:id="K2_4709112117_2-2">
<gml:timePosition>2021-03-22</gml:timePosition>
</devDate>
<orgGILvl>25000</orgGILvl>
<vis>表示</vis>
<pos>
<gml:Point gml:id="K2_4709112117_2-g" srsName="fguuid:jgd2011.bl">
<gml:pos>33.658883889 130.814968889</gml:pos>
</gml:Point>
</pos>
<type>標高点（測点）</type>
<alti>44</alti>
</ElevPt>
<ElevPt gml:id="K2_4709412090_1">
<fid>47094-12090-i-1070</fid>
<lfSpanFr gml:id="K2_4709412090_1-1">
<gml:timePosition>2020-08-27</gml:timePosition>
</lfSpanFr>
<devDate gml:id="K2_4709412090_1-2">
<gml:timePosition>2021-03-22</gml:timePosition>
</devDate>
<orgGILvl>25000</orgGILvl>
<vis>表示</vis>
<pos>
<gml:Point gml:id="K2_4709412090_1-g" srsName="fguuid:jgd2011.bl">
<gml:pos>33.584546111 130.822272500</gml:pos>
</gml:Point>
</pos>
<type>標高点（測点）</type>
<alti>94</alti>
</ElevPt>
<ElevPt gml:id="K2_4709412093_1">
<fid>47094-12093-i-1881</fid>
<lfSpanFr gml:id="K2_4709412093_1-1">
<gml:timePosition>2020-08-27</gml:timePosition>
</lfSpanFr>
<devDate gml:id="K2_4709412093_1-2">
<gml:timePosition>2021-03-22</gml:timePosition>
</devDate>
<orgGILvl>25000</orgGILvl>
<vis>表示</vis>
<pos>
<gml:Point gml:id="K2_4709412093_1-g" srsName="fguuid:jgd2011.bl">
<gml:pos>33.592503611 130.818771389</gml:pos>
</gml:Point>
</pos>
<type>標高点（測点）</type>
<alti>83</alti>
</ElevPt>
<ElevPt gml:id="K2_4709412099_1">
<fid>47094-12099-i-617</fid>
<lfSpanFr gml:id="K2_4709412099_1-1">
<gml:timePosition>2020-08-27</gml:timePosition>
</lfSpanFr>
<devDate gml:id="K2_4709412099_1-2">
<gml:timePosition>2021-03-22</gml:timePosition>
</devDate>
<orgGILvl>25000</orgGILvl>
<vis>表示</vis>
<pos>
<gml:Point gml:id="K2_4709412099_1-g" srsName="fguuid:jgd2011.bl">
<gml:pos>33.609605278 130.824029444</gml:pos>
</gml:Point>
</pos>
<type>標高点（測点）</type>
<alti>114</alti>
</ElevPt>
<ElevPt gml:id="K2_4709412102_1">
<fid>47094-12102-i-351</fid>
<lfSpanFr gml:id="K2_4709412102_1-1">
<gml:timePosition>2015-02-23</gml:timePosition>
</lfSpanFr>
<devDate gml:id="K2_4709412102_1-2">
<gml:timePosition>2021-03-22</gml:timePosition>
</devDate>
<orgGILvl>25000</orgGILvl>
<vis>表示</vis>
<pos>
<gml:Point gml:id="K2_4709412102_1-g" srsName="fguuid:jgd2011.bl">
<gml:pos>33.623574722 130.821954444</gml:pos>
</gml:Point>
</pos>
<type>標高点（測点）</type>
<alti>87</alti>
</ElevPt>
<ElevPt gml:id="K2_4709412105_1">
<fid>47094-12105-i-742</fid>
<lfSpanFr gml:id="K2_4709412105_1-1">
<gml:timePosition>2015-02-23</gml:timePosition>
</lfSpanFr>
<devDate gml:id="K2_4709412105_1-2">
<gml:timePosition>2021-03-22</gml:timePosition>
</devDate>
<orgGILvl>25000</orgGILvl>
<vis>表示</vis>
<pos>
<gml:Point gml:id="K2_4709412105_1-g" srsName="fguuid:jgd2011.bl">
<gml:pos>33.630070833 130.819049444</gml:pos>
</gml:Point>
</pos>
<type>標高点（測点）</type>
<alti>56</alti>
</ElevPt>
<ElevPt gml:id="K2_4709412114_1">
<fid>47094-12114-i-659</fid>
<lfSpanFr gml:id="K2_4709412114_1-1">
<gml:timePosition>2015-02-23</gml:timePosition>
</lfSpanFr>
<devDate gml:id="K2_4709412114_1-2">
<gml:timePosition>2021-03-22</gml:timePosition>
</devDate>
<orgGILvl>25000</orgGILvl>
<vis>表示</vis>
<pos>
<gml:Point gml:id="K2_4709412114_1-g" srsName="fguuid:jgd2011.bl">
<gml:pos>33.651261667 130.819316389</gml:pos>
</gml:Point>
</pos>
<type>標高点（測点）</type>
<alti>43</alti>
</ElevPt>
<ElevPt gml:id="K2_4709712096_1">
<fid>47097-12096-i-1756</fid>
<lfSpanFr gml:id="K2_4709712096_1-1">
<gml:timePosition>2020-08-27</gml:timePosition>
</lfSpanFr>
<devDate gml:id="K2_4709712096_1-2">
<gml:timePosition>2021-03-22</gml:timePosition>
</devDate>
<orgGILvl>25000</orgGILvl>
<vis>表示</vis>
<pos>
<gml:Point gml:id="K2_4709712096_1-g" srsName="fguuid:jgd2011.bl">
<gml:pos>33.600745556 130.830313611</gml:pos>
</gml:Point>
</pos>
<type>標高点（測点）</type>
<alti>74</alti>
</ElevPt>
<ElevPt gml:id="K2_4709712099_1">
<fid>47097-12099-i-351</fid>
<lfSpanFr gml:id="K2_4709712099_1-1">
<gml:timePosition>2020-08-27</gml:timePosition>
</lfSpanFr>
<devDate gml:id="K2_4709712099_1-2">
<gml:timePosition>2021-03-22</gml:timePosition>
</devDate>
<orgGILvl>25000</orgGILvl>
<vis>表示</vis>
<pos>
<gml:Point gml:id="K2_4709712099_1-g" srsName="fguuid:jgd2011.bl">
<gml:pos>33.614937500 130.828301667</gml:pos>
</gml:Point>
</pos>
<type>標高点（測点）</type>
<alti>73</alti>
</ElevPt>
<ElevPt gml:id="K2_4709712105_1">
<fid>47097-12105-i-927</fid>
<lfSpanFr gml:id="K2_4709712105_1-1">
<gml:timePosition>2015-02-23</gml:timePosition>
</lfSpanFr>
<devDate gml:id="K2_4709712105_1-2">
<gml:timePosition>2021-03-22</gml:timePosition>
</devDate>
<orgGILvl>25000</orgGILvl>
<vis>表示</vis>
<pos>
<gml:Point gml:id="K2_4709712105_1-g" srsName="fguuid:jgd2011.bl">
<gml:pos>33.625313611 130.829853333</gml:pos>
</gml:Point>
</pos>
<type>標高点（測点）</type>
<alti>108</alti>
</ElevPt>
<ElevPt gml:id="K2_4709712108_1">
<fid>47097-12108-i-1113</fid>
<lfSpanFr gml:id="K2_4709712108_1-1">
<gml:timePosition>2020-08-27</gml:timePosition>
</lfSpanFr>
<devDate gml:id="K2_4709712108_1-2">
<gml:timePosition>2021-03-22</gml:timePosition>
</devDate>
<orgGILvl>25000</orgGILvl>
<vis>表示</vis>
<pos>
<gml:Point gml:id="K2_4709712108_1-g" srsName="fguuid:jgd2011.bl">
<gml:pos>33.633600278 130.829530000</gml:pos>
</gml:Point>
</pos>
<type>標高点（測点）</type>
<alti>45</alti>
</ElevPt>
<ElevPt gml:id="K2_4709712108_2">
<fid>47097-12108-i-1114</fid>
<lfSpanFr gml:id="K2_4709712108_2-1">
<gml:timePosition>2020-08-27</gml:timePosition>
</lfSpanFr>
<devDate gml:id="K2_4709712108_2-2">
<gml:timePosition>2021-03-22</gml:timePosition>
</devDate>
<orgGILvl>25000</orgGILvl>
<vis>表示</vis>
<pos>
<gml:Point gml:id="K2_4709712108_2-g" srsName="fguuid:jgd2011.bl">
<gml:pos>33.637963611 130.832169722</gml:pos>
</gml:Point>
</pos>
<type>標高点（測点）</type>
<alti>26</alti>
</ElevPt>
<ElevPt gml:id="K2_4709712111_1">
<fid>47097-12111-i-818</fid>
<lfSpanFr gml:id="K2_4709712111_1-1">
<gml:timePosition>2015-02-23</gml:timePosition>
</lfSpanFr>
<devDate gml:id="K2_4709712111_1-2">
<gml:timePosition>2021-03-22</gml:timePosition>
</devDate>
<orgGILvl>25000</orgGILvl>
<vis>表示</vis>
<pos>
<gml:Point gml:id="K2_4709712111_1-g" srsName="fguuid:jgd2011.bl">
<gml:pos>33.646202778 130.825283333</gml:pos>
</gml:Point>
</pos>
<type>標高点（測点）</type>
<alti>25</alti>
</ElevPt>
<ElevPt gml:id="K2_4709712117_1">
<fid>47097-12117-i-634</fid>
<lfSpanFr gml:id="K2_4709712117_1-1">
<gml:timePosition>2020-08-27</gml:timePosition>
</lfSpanFr>
<devDate gml:id="K2_4709712117_1-2">
<gml:timePosition>2021-03-22</gml:timePosition>
</devDate>
<orgGILvl>25000</orgGILvl>
<vis>表示</vis>
<pos>
<gml:Point gml:id="K2_4709712117_1-g" srsName="fguuid:jgd2011.bl">
<gml:pos>33.663153056 130.831700000</gml:pos>
</gml:Point>
</pos>
<type>標高点（測点）</type>
<alti>31</alti>
</ElevPt>
<ElevPt gml:id="K2_4710012093_1">
<fid>47100-12093-i-1077</fid>
<lfSpanFr gml:id="K2_4710012093_1-1">
<gml:timePosition>2020-08-27</gml:timePosition>
</lfSpanFr>
<devDate gml:id="K2_4710012093_1-2">
<gml:timePosition>2021-03-22</gml:timePosition>
</devDate>
<orgGILvl>25000</orgGILvl>
<vis>表示</vis>
<pos>
<gml:Point gml:id="K2_4710012093_1-g" srsName="fguuid:jgd2011.bl">
<gml:pos>33.591818333 130.833542500</gml:pos>
</gml:Point>
</pos>
<type>標高点（測点）</type>
<alti>78</alti>
</ElevPt>
<ElevPt gml:id="K2_4710012099_1">
<fid>47100-12099-i-475</fid>
<lfSpanFr gml:id="K2_4710012099_1-1">
<gml:timePosition>2020-08-27</gml:timePosition>
</lfSpanFr>
<devDate gml:id="K2_4710012099_1-2">
<gml:timePosition>2021-03-22</gml:timePosition>
</devDate>
<orgGILvl>25000</orgGILvl>
<vis>表示</vis>
<pos>
<gml:Point gml:id="K2_4710012099_1-g" srsName="fguuid:jgd2011.bl">
<gml:pos>33.610906944 130.833566111</gml:pos>
</gml:Point>
</pos>
<type>標高点（測点）</type>
<alti>77</alti>
</ElevPt>
<ElevPt gml:id="K2_4710012102_1">
<fid>47100-12102-i-874</fid>
<lfSpanFr gml:id="K2_4710012102_1-1">
<gml:timePosition>2020-08-27</gml:timePosition>
</lfSpanFr>
<devDate gml:id="K2_4710012102_1-2">
<gml:timePosition>2021-03-22</gml:timePosition>
</devDate>
<orgGILvl>25000</orgGILvl>
<vis>表示</vis>
<pos>
<gml:Point gml:id="K2_4710012102_1-g" srsName="fguuid:jgd2011.bl">
<gml:pos>33.620988889 130.834631944</gml:pos>
</gml:Point>
</pos>
<type>標高点（測点）</type>
<alti>70</alti>
</ElevPt>
<ElevPt gml:id="K2_4710012111_1">
<fid>47100-12111-i-625</fid>
<lfSpanFr gml:id="K2_4710012111_1-1">
<gml:timePosition>2015-02-23</gml:timePosition>
</lfSpanFr>
<devDate gml:id="K2_4710012111_1-2">
<gml:timePosition>2021-03-22</gml:timePosition>
</devDate>
<orgGILvl>25000</orgGILvl>
<vis>表示</vis>
<pos>
<gml:Point gml:id="K2_4710012111_1-g" srsName="fguuid:jgd2011.bl">
<gml:pos>33.646525278 130.837760833</gml:pos>
</gml:Point>
</pos>
<type>標高点（測点）</type>
<alti>42</alti>
</ElevPt>
<ElevPt gml:id="K2_4710312090_1">
<fid>47103-12090-i-575</fid>
<lfSpanFr gml:id="K2_4710312090_1-1">
<gml:timePosition>2020-08-27</gml:timePosition>
</lfSpanFr>
<devDate gml:id="K2_4710312090_1-2">
<gml:timePosition>2021-03-22</gml:timePosition>
</devDate>
<orgGILvl>25000</orgGILvl>
<vis>表示</vis>
<pos>
<gml:Point gml:id="K2_4710312090_1-g" srsName="fguuid:jgd2011.bl">
<gml:pos>33.583874722 130.843921944</gml:pos>
</gml:Point>
</pos>
<type>標高点（測点）</type>
<alti>62</alti>
</ElevPt>
<ElevPt gml:id="K2_4710312093_1">
<fid>47103-12093-i-500</fid>
<lfSpanFr gml:id="K2_4710312093_1-1">
<gml:timePosition>2020-08-27</gml:timePosition>
</lfSpanFr>
<devDate gml:id="K2_4710312093_1-2">
<gml:timePosition>2021-03-22</gml:timePosition>
</devDate>
<orgGILvl>25000</orgGILvl>
<vis>表示</vis>
<pos>
<gml:Point gml:id="K2_4710312093_1-g" srsName="fguuid:jgd2011.bl">
<gml:pos>33.595589167 130.843083889</gml:pos>
</gml:Point>
</pos>
<type>標高点（測点）</type>
<alti>91</alti>
</ElevPt>
<ElevPt gml:id="K2_4710312096_1">
<fid>47103-12096-i-332</fid>
<lfSpanFr gml:id="K2_4710312096_1-1">
<gml:timePosition>2020-08-27</gml:timePosition>
</lfSpanFr>
<devDate gml:id="K2_4710312096_1-2">
<gml:timePosition>2021-03-22</gml:timePosition>
</devDate>
<orgGILvl>25000</orgGILvl>
<vis>表示</vis>
<pos>
<gml:Point gml:id="K2_4710312096_1-g" srsName="fguuid:jgd2011.bl">
<gml:pos>33.602288333 130.849746389</gml:pos>
</gml:Point>
</pos>
<type>標高点（測点）</type>
<alti>80</alti>
</ElevPt>
<ElevPt gml:id="K2_4710312096_2">
<fid>47103-12096-i-333</fid>
<lfSpanFr gml:id="K2_4710312096_2-1">
<gml:timePosition>2020-08-27</gml:timePosition>
</lfSpanFr>
<devDate gml:id="K2_4710312096_2-2">
<gml:timePosition>2021-03-22</gml:timePosition>
</devDate>
<orgGILvl>25000</orgGILvl>
<vis>表示</vis>
<pos>
<gml:Point gml:id="K2_4710312096_2-g" srsName="fguuid:jgd2011.bl">
<gml:pos>33.606458889 130.842173611</gml:pos>
</gml:Point>
</pos>
<type>標高点（測点）</type>
<alti>66</alti>
</ElevPt>
<ElevPt gml:id="K2_4710312099_1">
<fid>47103-12099-i-287</fid>
<lfSpanFr gml:id="K2_4710312099_1-1">
<gml:timePosition>2020-08-27</gml:timePosition>
</lfSpanFr>
<devDate gml:id="K2_4710312099_1-2">
<gml:timePosition>2021-03-22</gml:timePosition>
</devDate>
<orgGILvl>25000</orgGILvl>
<vis>表示</vis>
<pos>
<gml:Point gml:id="K2_4710312099_1-g" srsName="fguuid:jgd2011.bl">
<gml:pos>33.616256111 130.842720278</gml:pos>
</gml:Point>
</pos>
<type>標高点（測点）</type>
<alti>62</alti>
</ElevPt>
<ElevPt gml:id="K2_4710312102_1">
<fid>47103-12102-i-615</fid>
<lfSpanFr gml:id="K2_4710312102_1-1">
<gml:timePosition>2020-08-27</gml:timePosition>
</lfSpanFr>
<devDate gml:id="K2_4710312102_1-2">
<gml:timePosition>2021-03-22</gml:timePosition>
</devDate>
<orgGILvl>25000</orgGILvl>
<vis>表示</vis>
<pos>
<gml:Point gml:id="K2_4710312102_1-g" srsName="fguuid:jgd2011.bl">
<gml:pos>33.623508056 130.841673333</gml:pos>
</gml:Point>
</pos>
<type>標高点（測点）</type>
<alti>36</alti>
</ElevPt>
<ElevPt gml:id="K2_4710312108_1">
<fid>47103-12108-i-561</fid>
<lfSpanFr gml:id="K2_4710312108_1-1">
<gml:timePosition>2020-08-27</gml:timePosition>
</lfSpanFr>
<devDate gml:id="K2_4710312108_1-2">
<gml:timePosition>2021-03-22</gml:timePosition>
</devDate>
<orgGILvl>25000</orgGILvl>
<vis>表示</vis>
<pos>
<gml:Point gml:id="K2_4710312108_1-g" srsName="fguuid:jgd2011.bl">
<gml:pos>33.640120556 130.842171667</gml:pos>
</gml:Point>
</pos>
<type>標高点（測点）</type>
<alti>51</alti>
</ElevPt>
<ElevPt gml:id="K2_4710312108_2">
<fid>47103-12108-i-562</fid>
<lfSpanFr gml:id="K2_4710312108_2-1">
<gml:timePosition>2020-08-27</gml:timePosition>
</lfSpanFr>
<devDate gml:id="K2_4710312108_2-2">
<gml:timePosition>2021-03-22</gml:timePosition>
</devDate>
<orgGILvl>25000</orgGILvl>
<vis>表示</vis>
<pos>
<gml:Point gml:id="K2_4710312108_2-g" srsName="fguuid:jgd2011.bl">
<gml:pos>33.633343611 130.845040278</gml:pos>
</gml:Point>
</pos>
<type>標高点（測点）</type>
<alti>58</alti>
</ElevPt>
<ElevPt gml:id="K2_4710312111_1">
<fid>47103-12111-i-499</fid>
<lfSpanFr gml:id="K2_4710312111_1-1">
<gml:timePosition>2020-08-27</gml:timePosition>
</lfSpanFr>
<devDate gml:id="K2_4710312111_1-2">
<gml:timePosition>2021-03-22</gml:timePosition>
</devDate>
<orgGILvl>25000</orgGILvl>
<vis>表示</vis>
<pos>
<gml:Point gml:id="K2_4710312111_1-g" srsName="fguuid:jgd2011.bl">
<gml:pos>33.649688889 130.845740278</gml:pos>
</gml:Point>
</pos>
<type>標高点（測点）</type>
<alti>46</alti>
</ElevPt>
<ElevPt gml:id="K2_4710312114_1">
<fid>47103-12114-i-687</fid>
<lfSpanFr gml:id="K2_4710312114_1-1">
<gml:timePosition>2020-08-27</gml:timePosition>
</lfSpanFr>
<devDate gml:id="K2_4710312114_1-2">
<gml:timePosition>2021-03-22</gml:timePosition>
</devDate>
<orgGILvl>25000</orgGILvl>
<vis>表示</vis>
<pos>
<gml:Point gml:id="K2_4710312114_1-g" srsName="fguuid:jgd2011.bl">
<gml:pos>33.657746389 130.844691944</gml:pos>
</gml:Point>
</pos>
<type>標高点（測点）</type>
<alti>32</alti>
</ElevPt>
<ElevPt gml:id="K2_4710612090_1">
<fid>47106-12090-i-538</fid>
<lfSpanFr gml:id="K2_4710612090_1-1">
<gml:timePosition>2020-08-27</gml:timePosition>
</lfSpanFr>
<devDate gml:id="K2_4710612090_1-2">
<gml:timePosition>2021-03-22</gml:timePosition>
</devDate>
<orgGILvl>25000</orgGILvl>
<vis>表示</vis>
<pos>
<gml:Point gml:id="K2_4710612090_1-g" srsName="fguuid:jgd2011.bl">
<gml:pos>33.589918333 130.851738611</gml:pos>
</gml:Point>
</pos>
<type>標高点（測点）</type>
<alti>57</alti>
</ElevPt>
<ElevPt gml:id="K2_4710612099_1">
<fid>47106-12099-i-326</fid>
<lfSpanFr gml:id="K2_4710612099_1-1">
<gml:timePosition>2020-08-27</gml:timePosition>
</lfSpanFr>
<devDate gml:id="K2_4710612099_1-2">
<gml:timePosition>2021-03-22</gml:timePosition>
</devDate>
<orgGILvl>25000</orgGILvl>
<vis>表示</vis>
<pos>
<gml:Point gml:id="K2_4710612099_1-g" srsName="fguuid:jgd2011.bl">
<gml:pos>33.608358333 130.856926111</gml:pos>
</gml:Point>
</pos>
<type>標高点（測点）</type>
<alti>67</alti>
</ElevPt>
<ElevPt gml:id="K2_4710612099_2">
<fid>47106-12099-i-327</fid>
<lfSpanFr gml:id="K2_4710612099_2-1">
<gml:timePosition>2020-08-27</gml:timePosition>
</lfSpanFr>
<devDate gml:id="K2_4710612099_2-2">
<gml:timePosition>2021-03-22</gml:timePosition>
</devDate>
<orgGILvl>25000</orgGILvl>
<vis>表示</vis>
<pos>
<gml:Point gml:id="K2_4710612099_2-g" srsName="fguuid:jgd2011.bl">
<gml:pos>33.614071111 130.852804444</gml:pos>
</gml:Point>
</pos>
<type>標高点（測点）</type>
<alti>68</alti>
</ElevPt>
<ElevPt gml:id="K2_4710612102_1">
<fid>47106-12102-i-474</fid>
<lfSpanFr gml:id="K2_4710612102_1-1">
<gml:timePosition>2020-08-27</gml:timePosition>
</lfSpanFr>
<devDate gml:id="K2_4710612102_1-2">
<gml:timePosition>2021-03-22</gml:timePosition>
</devDate>
<orgGILvl>25000</orgGILvl>
<vis>表示</vis>
<pos>
<gml:Point gml:id="K2_4710612102_1-g" srsName="fguuid:jgd2011.bl">
<gml:pos>33.621875556 130.852352222</gml:pos>
</gml:Point>
</pos>
<type>標高点（測点）</type>
<alti>62</alti>
</ElevPt>
<ElevPt gml:id="K2_4710612105_1">
<fid>47106-12105-i-299</fid>
<lfSpanFr gml:id="K2_4710612105_1-1">
<gml:timePosition>2020-08-27</gml:timePosition>
</lfSpanFr>
<devDate gml:id="K2_4710612105_1-2">
<gml:timePosition>2021-03-22</gml:timePosition>
</devDate>
<orgGILvl>25000</orgGILvl>
<vis>表示</vis>
<pos>
<gml:Point gml:id="K2_4710612105_1-g" srsName="fguuid:jgd2011.bl">
<gml:pos>33.630323056 130.854294167</gml:pos>
</gml:Point>
</pos>
<type>標高点（測点）</type>
<alti>61</alti>
</ElevPt>
<ElevPt gml:id="K2_4710612111_1">
<fid>47106-12111-i-355</fid>
<lfSpanFr gml:id="K2_4710612111_1-1">
<gml:timePosition>2020-08-27</gml:timePosition>
</lfSpanFr>
<devDate gml:id="K2_4710612111_1-2">
<gml:timePosition>2021-03-22</gml:timePosition>
</devDate>
<orgGILvl>25000</orgGILvl>
<vis>表示</vis>
<pos>
<gml:Point gml:id="K2_4710612111_1-g" srsName="fguuid:jgd2011.bl">
<gml:pos>33.646261944 130.853465833</gml:pos>
</gml:Point>
</pos>
<type>標高点（測点）</type>
<alti>70</alti>
</ElevPt>
<ElevPt gml:id="K2_4710612114_1">
<fid>47106-12114-i-586</fid>
<lfSpanFr gml:id="K2_4710612114_1-1">
<gml:timePosition>2020-08-27</gml:timePosition>
</lfSpanFr>
<devDate gml:id="K2_4710612114_1-2">
<gml:timePosition>2021-03-22</gml:timePosition>
</devDate>
<orgGILvl>25000</orgGILvl>
<vis>表示</vis>
<pos>
<gml:Point gml:id="K2_4710612114_1-g" srsName="fguuid:jgd2011.bl">
<gml:pos>33.652173333 130.852398889</gml:pos>
</gml:Point>
</pos>
<type>標高点（測点）</type>
<alti>56</alti>
</ElevPt>
<ElevPt gml:id="K2_4710612117_1">
<fid>47106-12117-i-440</fid>
<lfSpanFr gml:id="K2_4710612117_1-1">
<gml:timePosition>2020-08-27</gml:timePosition>
</lfSpanFr>
<devDate gml:id="K2_4710612117_1-2">
<gml:timePosition>2021-03-22</gml:timePosition>
</devDate>
<orgGILvl>25000</orgGILvl>
<vis>表示</vis>
<pos>
<gml:Point gml:id="K2_4710612117_1-g" srsName="fguuid:jgd2011.bl">
<gml:pos>33.658669444 130.853411667</gml:pos>
</gml:Point>
</pos>
<type>標高点（測点）</type>
<alti>69</alti>
</ElevPt>
<ElevPt gml:id="K2_4710912093_1">
<fid>47109-12093-i-218</fid>
<lfSpanFr gml:id="K2_4710912093_1-1">
<gml:timePosition>2020-08-27</gml:timePosition>
</lfSpanFr>
<devDate gml:id="K2_4710912093_1-2">
<gml:timePosition>2021-03-22</gml:timePosition>
</devDate>
<orgGILvl>25000</orgGILvl>
<vis>表示</vis>
<pos>
<gml:Point gml:id="K2_4710912093_1-g" srsName="fguuid:jgd2011.bl">
<gml:pos>33.592492500 130.865342500</gml:pos>
</gml:Point>
</pos>
<type>標高点（測点）</type>
<alti>152</alti>
</ElevPt>
<ElevPt gml:id="K2_4710912093_2">
<fid>47109-12093-i-219</fid>
<lfSpanFr gml:id="K2_4710912093_2-1">
<gml:timePosition>2020-08-27</gml:timePosition>
</lfSpanFr>
<devDate gml:id="K2_4710912093_2-2">
<gml:timePosition>2021-03-22</gml:timePosition>
</devDate>
<orgGILvl>25000</orgGILvl>
<vis>表示</vis>
<pos>
<gml:Point gml:id="K2_4710912093_2-g" srsName="fguuid:jgd2011.bl">
<gml:pos>33.599806667 130.858802778</gml:pos>
</gml:Point>
</pos>
<type>標高点（測点）</type>
<alti>57</alti>
</ElevPt>
<ElevPt gml:id="K2_4710912105_1">
<fid>47109-12105-i-144</fid>
<lfSpanFr gml:id="K2_4710912105_1-1">
<gml:timePosition>2020-08-27</gml:timePosition>
</lfSpanFr>
<devDate gml:id="K2_4710912105_1-2">
<gml:timePosition>2021-03-22</gml:timePosition>
</devDate>
<orgGILvl>25000</orgGILvl>
<vis>表示</vis>
<pos>
<gml:Point gml:id="K2_4710912105_1-g" srsName="fguuid:jgd2011.bl">
<gml:pos>33.625298611 130.862358611</gml:pos>
</gml:Point>
</pos>
<type>標高点（測点）</type>
<alti>170</alti>
</ElevPt>
<ElevPt gml:id="K2_4710912108_1">
<fid>47109-12108-i-176</fid>
<lfSpanFr gml:id="K2_4710912108_1-1">
<gml:timePosition>2020-08-27</gml:timePosition>
</lfSpanFr>
<devDate gml:id="K2_4710912108_1-2">
<gml:timePosition>2021-03-22</gml:timePosition>
</devDate>
<orgGILvl>25000</orgGILvl>
<vis>表示</vis>
<pos>
<gml:Point gml:id="K2_4710912108_1-g" srsName="fguuid:jgd2011.bl">
<gml:pos>33.637402500 130.866444722</gml:pos>
</gml:Point>
</pos>
<type>標高点（測点）</type>
<alti>92</alti>
</ElevPt>
<ElevPt gml:id="K2_4710912114_1">
<fid>47109-12114-i-451</fid>
<lfSpanFr gml:id="K2_4710912114_1-1">
<gml:timePosition>2020-08-27</gml:timePosition>
</lfSpanFr>
<devDate gml:id="K2_4710912114_1-2">
<gml:timePosition>2021-03-22</gml:timePosition>
</devDate>
<orgGILvl>25000</orgGILvl>
<vis>表示</vis>
<pos>
<gml:Point gml:id="K2_4710912114_1-g" srsName="fguuid:jgd2011.bl">
<gml:pos>33.656010833 130.861253889</gml:pos>
</gml:Point>
</pos>
<type>標高点（測点）</type>
<alti>104</alti>
</ElevPt>
<ElevPt gml:id="K2_4710912114_2">
<fid>47109-12114-i-452</fid>
<lfSpanFr gml:id="K2_4710912114_2-1">
<gml:timePosition>2020-08-27</gml:timePosition>
</lfSpanFr>
<devDate gml:id="K2_4710912114_2-2">
<gml:timePosition>2021-03-22</gml:timePosition>
</devDate>
<orgGILvl>25000</orgGILvl>
<vis>表示</vis>
<pos>
<gml:Point gml:id="K2_4710912114_2-g" srsName="fguuid:jgd2011.bl">
<gml:pos>33.653716944 130.866213333</gml:pos>
</gml:Point>
</pos>
<type>標高点（測点）</type>
<alti>125</alti>
</ElevPt>
<ElevPt gml:id="K2_4710912117_1">
<fid>47109-12117-i-1</fid>
<lfSpanFr gml:id="K2_4710912117_1-1">
<gml:timePosition>2013-12-10</gml:timePosition>
</lfSpanFr>
<devDate gml:id="K2_4710912117_1-2">
<gml:timePosition>2021-03-22</gml:timePosition>
</devDate>
<orgGILvl>25000</orgGILvl>
<vis>表示</vis>
<pos>
<gml:Point gml:id="K2_4710912117_1-g" srsName="fguuid:jgd2011.bl">
<gml:pos>33.662608611 130.859826389</gml:pos>
</gml:Point>
</pos>
<type>標高点（測点）</type>
<alti>215</alti>
</ElevPt>
<ElevPt gml:id="K2_4711212090_1">
<fid>47112-12090-i-9</fid>
<lfSpanFr gml:id="K2_4711212090_1-1">
<gml:timePosition>2013-12-10</gml:timePosition>
</lfSpanFr>
<devDate gml:id="K2_4711212090_1-2">
<gml:timePosition>2021-03-22</gml:timePosition>
</devDate>
<orgGILvl>25000</orgGILvl>
<vis>表示</vis>
<pos>
<gml:Point gml:id="K2_4711212090_1-g" srsName="fguuid:jgd2011.bl">
<gml:pos>33.584330000 130.868492500</gml:pos>
</gml:Point>
</pos>
<type>標高点（測点）</type>
<alti>278</alti>
</ElevPt>
<ElevPt gml:id="K2_4711212096_1">
<fid>47112-12096-i-155</fid>
<lfSpanFr gml:id="K2_4711212096_1-1">
<gml:timePosition>2020-08-27</gml:timePosition>
</lfSpanFr>
<devDate gml:id="K2_4711212096_1-2">
<gml:timePosition>2021-03-22</gml:timePosition>
</devDate>
<orgGILvl>25000</orgGILvl>
<vis>表示</vis>
<pos>
<gml:Point gml:id="K2_4711212096_1-g" srsName="fguuid:jgd2011.bl">
<gml:pos>33.604853889 130.868745278</gml:pos>
</gml:Point>
</pos>
<type>標高点（測点）</type>
<alti>160</alti>
</ElevPt>
<ElevPt gml:id="K2_4711212102_1">
<fid>47112-12102-i-334</fid>
<lfSpanFr gml:id="K2_4711212102_1-1">
<gml:timePosition>2020-08-27</gml:timePosition>
</lfSpanFr>
<devDate gml:id="K2_4711212102_1-2">
<gml:timePosition>2021-03-22</gml:timePosition>
</devDate>
<orgGILvl>25000</orgGILvl>
<vis>表示</vis>
<pos>
<gml:Point gml:id="K2_4711212102_1-g" srsName="fguuid:jgd2011.bl">
<gml:pos>33.619202222 130.869005556</gml:pos>
</gml:Point>
</pos>
<type>標高点（測点）</type>
<alti>128</alti>
</ElevPt>
<ElevPt gml:id="K2_4711212117_1">
<fid>47112-12117-i-25</fid>
<lfSpanFr gml:id="K2_4711212117_1-1">
<gml:timePosition>2020-08-27</gml:timePosition>
</lfSpanFr>
<devDate gml:id="K2_4711212117_1-2">
<gml:timePosition>2021-03-22</gml:timePosition>
</devDate>
<orgGILvl>25000</orgGILvl>
<vis>表示</vis>
<pos>
<gml:Point gml:id="K2_4711212117_1-g" srsName="fguuid:jgd2011.bl">
<gml:pos>33.662183889 130.868803889</gml:pos>
</gml:Point>
</pos>
<type>標高点（測点）</type>
<alti>476</alti>
</ElevPt>
</Dataset>
