<?xml version="1.0" encoding="utf-8"?>
<Dataset xsi:schemaLocation="http://fgd.gsi.go.jp/spec/2008/FGD_GMLSchema FGD_GMLSchema.xsd"
	xmlns:gml="http://www.opengis.net/gml/3.2"
	xmlns:xsi="http://www.w3.org/2001/XMLSchema-instance"
	xmlns:xlink="http://www.w3.org/1999/xlink"
	xmlns="http://fgd.gsi.go.jp/spec/2008/FGD_GMLSchema"
	gml:id="Dataset1">
  <gml:description>基盤地図情報メタデータ ID=fmdid:20-1001</gml:description>
  <gml:name>基盤地図情報ダウンロードデータ（GML版）</gml:name>
<AdmBdry gml:id="K5_4747511784_1">
<fid>47475-11784-i-25</fid>
<lfSpanFr gml:id="K5_4747511784_1-1">
<gml:timePosition>2020-06-30</gml:timePosition>
</lfSpanFr>
<devDate gml:id="K5_4747511784_1-2">
<gml:timePosition>2020-09-08</gml:timePosition>
</devDate>
<orgGILvl>25000</orgGILvl>
<vis>表示</vis>
<loc>
<gml:Curve gml:id="K5_4747511784_1-g" srsName="fguuid:jgd2011.bl">
<gml:segments>
<gml:LineStringSegment>
<gml:posList>
32.741039639 131.875000000
32.741326944 131.875528056
32.741666667 131.876043528
</gml:posList>
</gml:LineStringSegment>
</gml:segments>
</gml:Curve>
</loc>
<type>都道府県界</type>
</AdmBdry>
<AdmBdry gml:id="K5_4747511787_1">
<fid>47475-11787-i-52</fid>
<lfSpanFr gml:id="K5_4747511787_1-1">
<gml:timePosition>2020-06-30</gml:timePosition>
</lfSpanFr>
<devDate gml:id="K5_4747511787_1-2">
<gml:timePosition>2020-09-08</gml:timePosition>
</devDate>
<orgGILvl>25000</orgGILvl>
<vis>表示</vis>
<loc>
<gml:Curve gml:id="K5_4747511787_1-g" srsName="fguuid:jgd2011.bl">
<gml:segments>
<gml:LineStringSegment>
<gml:posList>
32.741666667 131.876043528
32.741927222 131.876438889
32.742138611 131.876810833
32.742684167 131.877238889
32.743049444 131.877490278
32.743186667 131.877873611
32.743219444 131.878113889
32.743386389 131.878440833
32.743677222 131.878863889
32.743838333 131.879040556
32.744124444 131.879284722
32.744219722 131.879476389
</gml:posList>
</gml:LineStringSegment>
</gml:segments>
</gml:Curve>
</loc>
<type>都道府県界</type>
</AdmBdry>
<AdmBdry gml:id="K5_4747511787_2">
<fid>47475-11787-i-53</fid>
<lfSpanFr gml:id="K5_4747511787_2-1">
<gml:timePosition>2020-06-30</gml:timePosition>
</lfSpanFr>
<devDate gml:id="K5_4747511787_2-2">
<gml:timePosition>2020-09-08</gml:timePosition>
</devDate>
<orgGILvl>25000</orgGILvl>
<vis>表示</vis>
<loc>
<gml:Curve gml:id="K5_4747511787_2-g" srsName="fguuid:jgd2011.bl">
<gml:segments>
<gml:LineStringSegment>
<gml:posList>
32.744219722 131.879476389
32.744288333 131.879735278
32.744344444 131.880410556
32.744404167 131.880545833
32.744830278 131.881409722
32.744941444 131.881626361
</gml:posList>
</gml:LineStringSegment>
</gml:segments>
</gml:Curve>
</loc>
<type>都道府県界</type>
</AdmBdry>
<AdmBdry gml:id="K5_4747511787_3">
<fid>47475-11787-i-54</fid>
<lfSpanFr gml:id="K5_4747511787_3-1">
<gml:timePosition>2020-06-30</gml:timePosition>
</lfSpanFr>
<devDate gml:id="K5_4747511787_3-2">
<gml:timePosition>2020-09-08</gml:timePosition>
</devDate>
<orgGILvl>25000</orgGILvl>
<vis>表示</vis>
<loc>
<gml:Curve gml:id="K5_4747511787_3-g" srsName="fguuid:jgd2011.bl">
<gml:segments>
<gml:LineStringSegment>
<gml:posList>
32.744941444 131.881626361
32.745315000 131.882354444
32.745613056 131.882805000
32.746072889 131.883333333
</gml:posList>
</gml:LineStringSegment>
</gml:segments>
</gml:Curve>
</loc>
<type>都道府県界</type>
</AdmBdry>
<AdmBdry gml:id="K5_4747811787_1">
<fid>47478-11787-i-8</fid>
<lfSpanFr gml:id="K5_4747811787_1-1">
<gml:timePosition>2020-06-30</gml:timePosition>
</lfSpanFr>
<devDate gml:id="K5_4747811787_1-2">
<gml:timePosition>2020-09-08</gml:timePosition>
</devDate>
<orgGILvl>25000</orgGILvl>
<vis>表示</vis>
<loc>
<gml:Curve gml:id="K5_4747811787_1-g" srsName="fguuid:jgd2011.bl">
<gml:segments>
<gml:LineStringSegment>
<gml:posList>
32.746072889 131.883333333
32.746299167 131.883593333
32.746707500 131.883987778
32.746877222 131.884250833
32.747026444 131.884499056
32.747073889 131.884652778
32.747076944 131.884705556
32.746960556 131.884934722
32.746728333 131.885088611
32.746317222 131.885265278
32.746316639 131.885265833
</gml:posList>
</gml:LineStringSegment>
</gml:segments>
</gml:Curve>
</loc>
<type>都道府県界</type>
</AdmBdry>
<AdmBdry gml:id="K5_4747811787_2">
<fid>47478-11787-i-9</fid>
<lfSpanFr gml:id="K5_4747811787_2-1">
<gml:timePosition>2020-06-30</gml:timePosition>
</lfSpanFr>
<devDate gml:id="K5_4747811787_2-2">
<gml:timePosition>2020-09-08</gml:timePosition>
</devDate>
<orgGILvl>25000</orgGILvl>
<vis>表示</vis>
<loc>
<gml:Curve gml:id="K5_4747811787_2-g" srsName="fguuid:jgd2011.bl">
<gml:segments>
<gml:LineStringSegment>
<gml:posList>
32.746316639 131.885265833
32.746133056 131.885436667
32.745868056 131.885707222
</gml:posList>
</gml:LineStringSegment>
</gml:segments>
</gml:Curve>
</loc>
<type>都道府県界</type>
</AdmBdry>
</Dataset>
