<?xml version="1.0" encoding="utf-8"?>
<Dataset xsi:schemaLocation="http://fgd.gsi.go.jp/spec/2008/FGD_GMLSchema FGD_GMLSchema.xsd"
	xmlns:gml="http://www.opengis.net/gml/3.2"
	xmlns:xsi="http://www.w3.org/2001/XMLSchema-instance"
	xmlns:xlink="http://www.w3.org/1999/xlink"
	xmlns="http://fgd.gsi.go.jp/spec/2008/FGD_GMLSchema"
	gml:id="Dataset1">
  <gml:description>基盤地図情報メタデータ ID=fmdid:20-1001</gml:description>
  <gml:name>基盤地図情報ダウンロードデータ（GML版）</gml:name>
<RdEdg gml:id="K19_4747511787_1">
<fid>47475-11787-s-1878</fid>
<lfSpanFr gml:id="K19_4747511787_1-1">
<gml:timePosition>2020-06-30</gml:timePosition>
</lfSpanFr>
<devDate gml:id="K19_4747511787_1-2">
<gml:timePosition>2020-09-08</gml:timePosition>
</devDate>
<orgGILvl>5000</orgGILvl>
<vis>表示</vis>
<loc>
<gml:Curve gml:id="K19_4747511787_1-g" srsName="fguuid:jgd2011.bl">
<gml:segments>
<gml:LineStringSegment>
<gml:posList>
32.748753317 131.875080136
32.748684518 131.875000000
</gml:posList>
</gml:LineStringSegment>
</gml:segments>
</gml:Curve>
</loc>
<type>真幅道路</type>
<admOffice>不明</admOffice>
</RdEdg>
<RdEdg gml:id="K19_4747511787_2">
<fid>47475-11787-s-1879</fid>
<lfSpanFr gml:id="K19_4747511787_2-1">
<gml:timePosition>2020-06-30</gml:timePosition>
</lfSpanFr>
<devDate gml:id="K19_4747511787_2-2">
<gml:timePosition>2020-09-08</gml:timePosition>
</devDate>
<orgGILvl>5000</orgGILvl>
<vis>表示</vis>
<loc>
<gml:Curve gml:id="K19_4747511787_2-g" srsName="fguuid:jgd2011.bl">
<gml:segments>
<gml:LineStringSegment>
<gml:posList>
32.749029433 131.875000000
32.749000210 131.875016550
32.748897328 131.875102934
32.748857611 131.875123062
32.748812819 131.875116525
32.748784393 131.875104836
32.748753317 131.875080136
</gml:posList>
</gml:LineStringSegment>
</gml:segments>
</gml:Curve>
</loc>
<type>真幅道路</type>
<admOffice>不明</admOffice>
</RdEdg>
<RdEdg gml:id="K19_4747511787_3">
<fid>47475-11787-s-1883</fid>
<lfSpanFr gml:id="K19_4747511787_3-1">
<gml:timePosition>2020-06-30</gml:timePosition>
</lfSpanFr>
<devDate gml:id="K19_4747511787_3-2">
<gml:timePosition>2020-09-08</gml:timePosition>
</devDate>
<orgGILvl>5000</orgGILvl>
<vis>表示</vis>
<loc>
<gml:Curve gml:id="K19_4747511787_3-g" srsName="fguuid:jgd2011.bl">
<gml:segments>
<gml:LineStringSegment>
<gml:posList>
32.748723540 131.875000000
32.748726252 131.875003422
32.748770524 131.875055249
32.748796575 131.875075955
32.748818983 131.875085170
32.748853674 131.875090233
32.748884027 131.875074851
32.748973173 131.875000000
</gml:posList>
</gml:LineStringSegment>
</gml:segments>
</gml:Curve>
</loc>
<type>真幅道路</type>
<admOffice>不明</admOffice>
</RdEdg>
<RdEdg gml:id="K19_4749011778_1">
<fid>47490-11778-s-2292</fid>
<lfSpanFr gml:id="K19_4749011778_1-1">
<gml:timePosition>2020-06-30</gml:timePosition>
</lfSpanFr>
<devDate gml:id="K19_4749011778_1-2">
<gml:timePosition>2020-09-08</gml:timePosition>
</devDate>
<orgGILvl>5000</orgGILvl>
<vis>表示</vis>
<loc>
<gml:Curve gml:id="K19_4749011778_1-g" srsName="fguuid:jgd2011.bl">
<gml:segments>
<gml:LineStringSegment>
<gml:posList>
32.718989836 131.925000000
32.718936465 131.924972622
32.718846611 131.924943405
32.718797602 131.924929335
32.718801856 131.924908603
32.718851129 131.924922749
32.718942472 131.924952451
32.719007686 131.924985903
32.719028079 131.925000000
</gml:posList>
</gml:LineStringSegment>
</gml:segments>
</gml:Curve>
</loc>
<type>真幅道路</type>
<admOffice>不明</admOffice>
</RdEdg>
<RdEdg gml:id="K19_4749011778_2">
<fid>47490-11778-s-2293</fid>
<lfSpanFr gml:id="K19_4749011778_2-1">
<gml:timePosition>2020-06-30</gml:timePosition>
</lfSpanFr>
<devDate gml:id="K19_4749011778_2-2">
<gml:timePosition>2020-09-08</gml:timePosition>
</devDate>
<orgGILvl>5000</orgGILvl>
<vis>表示</vis>
<loc>
<gml:Curve gml:id="K19_4749011778_2-g" srsName="fguuid:jgd2011.bl">
<gml:segments>
<gml:LineStringSegment>
<gml:posList>
32.722214937 131.925000000
32.722331940 131.924891335
32.722383312 131.924951894
32.722330107 131.925000000
</gml:posList>
</gml:LineStringSegment>
</gml:segments>
</gml:Curve>
</loc>
<type>真幅道路</type>
<admOffice>不明</admOffice>
</RdEdg>
<RdEdg gml:id="K19_4749011778_3">
<fid>47490-11778-i-21</fid>
<lfSpanFr gml:id="K19_4749011778_3-1">
<gml:timePosition>2020-06-30</gml:timePosition>
</lfSpanFr>
<devDate gml:id="K19_4749011778_3-2">
<gml:timePosition>2020-09-08</gml:timePosition>
</devDate>
<orgGILvl>25000</orgGILvl>
<vis>表示</vis>
<loc>
<gml:Curve gml:id="K19_4749011778_3-g" srsName="fguuid:jgd2011.bl">
<gml:segments>
<gml:LineStringSegment>
<gml:posList>
32.718799814 131.924918994
32.718744611 131.924840917
32.718375167 131.924570389
32.718197028 131.924437528
32.717965194 131.924374000
32.717674722 131.924463056
32.717524861 131.924614389
32.717362806 131.924981194
32.717351444 131.925000000
</gml:posList>
</gml:LineStringSegment>
</gml:segments>
</gml:Curve>
</loc>
<type>徒歩道</type>
<admOffice>不明</admOffice>
</RdEdg>
<RdEdg gml:id="K19_4749311775_1">
<fid>47493-11775-i-10</fid>
<lfSpanFr gml:id="K19_4749311775_1-1">
<gml:timePosition>2020-06-30</gml:timePosition>
</lfSpanFr>
<devDate gml:id="K19_4749311775_1-2">
<gml:timePosition>2020-09-08</gml:timePosition>
</devDate>
<orgGILvl>25000</orgGILvl>
<vis>表示</vis>
<loc>
<gml:Curve gml:id="K19_4749311775_1-g" srsName="fguuid:jgd2011.bl">
<gml:segments>
<gml:LineStringSegment>
<gml:posList>
32.716666667 131.926031667
32.716513361 131.926029361
32.716504889 131.926396528
32.716424750 131.926496361
32.716289556 131.926548861
32.715752472 131.926315722
32.715459306 131.926282833
32.715314806 131.926341111
</gml:posList>
</gml:LineStringSegment>
</gml:segments>
</gml:Curve>
</loc>
<type>徒歩道</type>
<admOffice>不明</admOffice>
</RdEdg>
<RdEdg gml:id="K19_4749311778_1">
<fid>47493-11778-s-3701</fid>
<lfSpanFr gml:id="K19_4749311778_1-1">
<gml:timePosition>2020-06-30</gml:timePosition>
</lfSpanFr>
<devDate gml:id="K19_4749311778_1-2">
<gml:timePosition>2020-09-08</gml:timePosition>
</devDate>
<orgGILvl>5000</orgGILvl>
<vis>表示</vis>
<loc>
<gml:Curve gml:id="K19_4749311778_1-g" srsName="fguuid:jgd2011.bl">
<gml:segments>
<gml:LineStringSegment>
<gml:posList>
32.722875685 131.928207736
32.722822490 131.928201537
32.722763685 131.928220004
32.722729339 131.928142856
32.722716772 131.928123964
32.722702047 131.928106706
32.722695281 131.928089795
32.722693226 131.928072680
32.722695876 131.928055183
32.722702310 131.928027479
32.722704974 131.928012063
32.722705016 131.928004883
32.722702326 131.927995469
32.722696093 131.928000076
32.722692511 131.928021012
32.722681904 131.928045694
32.722671295 131.928063346
32.722655849 131.928080233
32.722639363 131.928095146
32.722620461 131.928106344
32.722589755 131.928120993
32.722547916 131.928137777
32.722531963 131.928147629
32.722519832 131.928160134
32.722509127 131.928182190
32.722492733 131.928217544
32.722484764 131.928230615
32.722467420 131.928249328
32.722432740 131.928277024
32.722389694 131.928309499
32.722348391 131.928347517
32.722314483 131.928385602
32.722299641 131.928403615
32.722295856 131.928413049
32.722294867 131.928420069
32.722295379 131.928427637
32.722302856 131.928448144
32.722309297 131.928457534
32.722361974 131.928456821
32.722436669 131.928454000
32.722483973 131.928451856
32.722510869 131.928449862
32.722528404 131.928445553
32.722558738 131.928428724
32.722605965 131.928402928
32.722683867 131.928366484
32.722841927 131.928282438
32.722853406 131.928267814
32.722866873 131.928238158
32.722875685 131.928207736
</gml:posList>
</gml:LineStringSegment>
</gml:segments>
</gml:Curve>
</loc>
<type>真幅道路</type>
<admOffice>不明</admOffice>
</RdEdg>
<RdEdg gml:id="K19_4749311778_2">
<fid>47493-11778-s-3702</fid>
<lfSpanFr gml:id="K19_4749311778_2-1">
<gml:timePosition>2020-06-30</gml:timePosition>
</lfSpanFr>
<devDate gml:id="K19_4749311778_2-2">
<gml:timePosition>2020-09-08</gml:timePosition>
</devDate>
<orgGILvl>5000</orgGILvl>
<vis>表示</vis>
<loc>
<gml:Curve gml:id="K19_4749311778_2-g" srsName="fguuid:jgd2011.bl">
<gml:segments>
<gml:LineStringSegment>
<gml:posList>
32.719028079 131.925000000
32.719052701 131.925017021
32.719089322 131.925052671
32.719221247 131.925224101
32.719348907 131.925377799
32.719514710 131.925573058
32.719623599 131.925696652
32.719679461 131.925766691
32.719711156 131.925825618
32.719731350 131.925842558
32.719760065 131.925858144
32.719782896 131.925878754
32.719802719 131.925899565
32.719818097 131.925910443
32.719858786 131.925926761
32.719890601 131.925946837
32.719928402 131.925986711
32.719978338 131.926033112
32.720018882 131.926059954
32.720053285 131.926071843
32.720077487 131.926076460
32.720106029 131.926077709
32.720129317 131.926073235
32.720162265 131.926060942
32.720261702 131.926018477
32.720400607 131.925963666
32.720487305 131.925929284
32.720558846 131.925911091
32.720617891 131.925905591
32.720687035 131.925908475
32.720772492 131.925926589
32.720823198 131.925947551
32.720861514 131.925975615
32.720897452 131.926019992
32.720927532 131.926059129
32.720949720 131.926080977
32.720966962 131.926089477
32.721028742 131.926104975
32.721076760 131.926111438
32.721112868 131.926109236
32.721154368 131.926097450
32.721197534 131.926068753
32.721296643 131.926001059
32.721437155 131.925914249
32.721574402 131.925840507
32.721661247 131.925802982
32.721726682 131.925775874
32.721781414 131.925744815
32.721819417 131.925722955
32.721862266 131.925707806
32.721897286 131.925706867
32.721929727 131.925715069
32.721958625 131.925733196
32.721988626 131.925765476
32.722011759 131.925798311
32.722084376 131.925923701
32.722147467 131.926018178
32.722192817 131.926080220
32.722226023 131.926113476
32.722267569 131.926138001
32.722326146 131.926159577
32.722417659 131.926174471
32.722487829 131.926185937
32.722538559 131.926188363
32.722578677 131.926195652
32.722659372 131.926227769
32.722704052 131.926259475
32.722729167 131.926294050
32.722742226 131.926327269
32.722748264 131.926358256
32.722748240 131.926399663
32.722743546 131.926458854
32.722728503 131.926532415
32.722693239 131.926621933
32.722638283 131.926744233
32.722613529 131.926811516
32.722595517 131.926901251
32.722593657 131.926929636
32.722596078 131.926962975
32.722596871 131.927048722
32.722601724 131.927152191
32.722604557 131.927172194
32.722609131 131.927192886
32.722625013 131.927215515
32.722671342 131.927259912
32.722709047 131.927297832
32.722716031 131.927317253
32.722719842 131.927339791
32.722714172 131.927383821
32.722696392 131.927473198
32.722674991 131.927570452
32.722680686 131.927671959
32.722686391 131.927770973
32.722689258 131.927894053
32.722688429 131.927929280
32.722690417 131.927948225
32.722706524 131.927975979
32.722712042 131.927989499
32.722715848 131.928002820
32.722715788 131.928013401
32.722712839 131.928030461
32.722706440 131.928058013
32.722704184 131.928072914
32.722705763 131.928086073
32.722711014 131.928099196
32.722724862 131.928115426
32.722738453 131.928135857
32.722769241 131.928205015
32.722872236 131.928172671
32.722876160 131.928167644
32.722879382 131.928150193
32.722894685 131.928067378
32.722902938 131.928018412
32.722913372 131.927985376
32.722964946 131.927852210
32.723111889 131.927358714
32.723131667 131.927266738
32.723102649 131.927181333
32.723047467 131.927025468
32.722980501 131.926770949
32.722956499 131.926632166
32.722932870 131.926442852
32.722921691 131.926300421
32.722910424 131.926236921
32.722885850 131.926187176
32.722851696 131.926143409
32.722821847 131.926112712
32.722770739 131.926080058
32.722716201 131.926015242
32.722644426 131.925889417
32.722616866 131.925859713
32.722594258 131.925852558
32.722559172 131.925852195
32.722499926 131.925856774
32.722407144 131.925882302
32.722359183 131.925877503
32.722325817 131.925865968
32.722283781 131.925846598
32.722238307 131.925800508
32.722184751 131.925713256
32.722123612 131.925631715
32.722015115 131.925543161
32.721962420 131.925512602
32.721924562 131.925264266
32.722138777 131.925070732
32.722214937 131.925000000
</gml:posList>
</gml:LineStringSegment>
</gml:segments>
</gml:Curve>
</loc>
<type>真幅道路</type>
<admOffice>不明</admOffice>
</RdEdg>
<RdEdg gml:id="K19_4749311778_3">
<fid>47493-11778-s-3703</fid>
<lfSpanFr gml:id="K19_4749311778_3-1">
<gml:timePosition>2020-06-30</gml:timePosition>
</lfSpanFr>
<devDate gml:id="K19_4749311778_3-2">
<gml:timePosition>2020-09-08</gml:timePosition>
</devDate>
<orgGILvl>5000</orgGILvl>
<vis>表示</vis>
<loc>
<gml:Curve gml:id="K19_4749311778_3-g" srsName="fguuid:jgd2011.bl">
<gml:segments>
<gml:LineStringSegment>
<gml:posList>
32.722330107 131.925000000
32.721971997 131.925323790
32.721979506 131.925348576
32.722046545 131.925494919
32.722117513 131.925555473
32.722178498 131.925628927
32.722218638 131.925698266
32.722263192 131.925765050
32.722303591 131.925799279
32.722358435 131.925811549
32.722428747 131.925812276
32.722569621 131.925788433
32.722623238 131.925792874
32.722658080 131.925819153
32.722697129 131.925868803
32.722756636 131.925965318
32.722843512 131.926062116
32.722919938 131.926115031
32.722958584 131.926200667
32.722972395 131.926251177
32.722979355 131.926342941
32.722994651 131.926487743
32.723009585 131.926681615
32.723041112 131.926844664
32.723082563 131.926993611
32.723154884 131.927220135
32.723175072 131.927274014
32.723182449 131.927288620
32.723188857 131.927296378
32.723201780 131.927304896
32.723212890 131.927308414
32.723229747 131.927310382
32.723292398 131.927311798
32.723348808 131.927317939
32.723373601 131.927322958
32.723402179 131.927333272
32.723428067 131.927350162
32.723451796 131.927370402
32.723480684 131.927400679
32.723504924 131.927433435
32.723529886 131.927474733
32.723552130 131.927533498
32.723564786 131.927562208
32.723593576 131.927612677
32.723652402 131.927702267
32.723705678 131.927652264
32.723757205 131.927613144
32.723796223 131.927576755
32.723830571 131.927538930
32.723853754 131.927502462
32.723876529 131.927459087
32.723924740 131.927383129
32.723992181 131.927262586
32.724010238 131.927227911
32.724019006 131.927203209
32.724025824 131.927161664
32.724039407 131.927105190
32.724057157 131.927058413
32.724074813 131.927025504
32.724096931 131.926997698
32.724133100 131.926963646
32.724185059 131.926909948
32.724242759 131.926843348
32.724300143 131.926775560
32.724372555 131.926686410
32.724390277 131.926669023
32.724423429 131.926645459
32.724465915 131.926616950
32.724509523 131.926583157
32.724552565 131.926534115
32.724572896 131.926493412
32.724582944 131.926478178
32.724586220 131.926474267
32.724589839 131.926471202
32.724594483 131.926468957
32.724605619 131.926465283
32.724624984 131.926466670
32.724643068 131.926472646
32.724659805 131.926483772
32.724674631 131.926503543
32.724684111 131.926528328
32.724686543 131.926549568
32.724686656 131.926571695
32.724704754 131.926566000
32.724719883 131.926565371
32.724740117 131.926570788
32.724801784 131.926597469
32.724880515 131.926635844
32.724919414 131.926660345
32.724956013 131.926694445
32.724978349 131.926712771
32.724998043 131.926721448
32.725000000 131.926721479
</gml:posList>
</gml:LineStringSegment>
</gml:segments>
</gml:Curve>
</loc>
<type>真幅道路</type>
<admOffice>不明</admOffice>
</RdEdg>
<RdEdg gml:id="K19_4749311778_4">
<fid>47493-11778-s-3762</fid>
<lfSpanFr gml:id="K19_4749311778_4-1">
<gml:timePosition>2020-06-30</gml:timePosition>
</lfSpanFr>
<devDate gml:id="K19_4749311778_4-2">
<gml:timePosition>2020-09-08</gml:timePosition>
</devDate>
<orgGILvl>5000</orgGILvl>
<vis>表示</vis>
<loc>
<gml:Curve gml:id="K19_4749311778_4-g" srsName="fguuid:jgd2011.bl">
<gml:segments>
<gml:LineStringSegment>
<gml:posList>
32.724328182 131.926784444
32.724338354 131.926784297
32.724345483 131.926781909
32.724375028 131.926752660
32.724434055 131.926711097
32.724516167 131.926652086
32.724578753 131.926616425
32.724649430 131.926583408
32.724673151 131.926575944
32.724673023 131.926550695
32.724670973 131.926532794
32.724663153 131.926512348
32.724651196 131.926496404
32.724637861 131.926487539
32.724622731 131.926482540
32.724607066 131.926481418
32.724600998 131.926483419
32.724598397 131.926484758
32.724596073 131.926486303
32.724593687 131.926488761
32.724590714 131.926492409
32.724584097 131.926502441
32.724563274 131.926544130
32.724517994 131.926595721
32.724473326 131.926630336
32.724428472 131.926659785
32.724394272 131.926689781
32.724362983 131.926734658
32.724328182 131.926784444
</gml:posList>
</gml:LineStringSegment>
</gml:segments>
</gml:Curve>
</loc>
<type>真幅道路</type>
<admOffice>不明</admOffice>
</RdEdg>
<RdEdg gml:id="K19_4749311778_5">
<fid>47493-11778-s-3763</fid>
<lfSpanFr gml:id="K19_4749311778_5-1">
<gml:timePosition>2020-06-30</gml:timePosition>
</lfSpanFr>
<devDate gml:id="K19_4749311778_5-2">
<gml:timePosition>2020-09-08</gml:timePosition>
</devDate>
<orgGILvl>5000</orgGILvl>
<vis>表示</vis>
<loc>
<gml:Curve gml:id="K19_4749311778_5-g" srsName="fguuid:jgd2011.bl">
<gml:segments>
<gml:LineStringSegment>
<gml:posList>
32.725000000 131.926742816
32.724994677 131.926742731
32.724969933 131.926731830
32.724945284 131.926711607
32.724909519 131.926678283
32.724872824 131.926655170
32.724795249 131.926617358
32.724735009 131.926591295
32.724718182 131.926586790
32.724707422 131.926587238
32.724655079 131.926603707
32.724585987 131.926635984
32.724524782 131.926670859
32.724443349 131.926729381
32.724385494 131.926770119
32.724354103 131.926801196
32.724340965 131.926805596
32.724312096 131.926806013
32.724256229 131.926869314
32.724206650 131.926924221
32.724162646 131.926967878
32.724117965 131.927012893
32.724091878 131.927044478
32.724074383 131.927077516
32.724058637 131.927116750
32.724047275 131.927164244
32.724046514 131.927167667
32.724067374 131.927205897
32.724070329 131.927236021
32.724068908 131.927284908
32.724065368 131.927333772
32.724047984 131.927392525
32.724006117 131.927467324
32.723966480 131.927527100
32.723959809 131.927569663
32.723934871 131.927647145
32.723902518 131.927724551
32.723778559 131.927869970
32.723754254 131.928005137
32.723718179 131.927999180
32.723743732 131.927868251
32.723783285 131.927816379
32.723815689 131.927773313
32.723882931 131.927696082
32.723911668 131.927618888
32.723934373 131.927545378
32.723941272 131.927517238
32.723967025 131.927483850
32.723990703 131.927448460
32.724021403 131.927389312
32.724041177 131.927325449
32.724048603 131.927285793
32.724047668 131.927242078
32.724042853 131.927212229
32.724038345 131.927204377
32.724038181 131.927205114
32.724026113 131.927233526
32.723991080 131.927307828
32.723923258 131.927427375
32.723881469 131.927498386
32.723855975 131.927539908
32.723816060 131.927587927
32.723761647 131.927651467
32.723690736 131.927714335
32.723625916 131.927773041
32.723578544 131.927812395
32.723534713 131.927820475
32.723426569 131.927867435
32.723395640 131.927873409
32.723327976 131.927880229
32.723256220 131.927892810
32.723157704 131.927910927
32.723048406 131.927928688
32.723017800 131.927937289
32.722995154 131.927951083
32.722969898 131.927972616
32.722946363 131.928004226
32.722932851 131.928031577
32.722921684 131.928084395
32.722912140 131.928151813
32.722902798 131.928196883
32.722887419 131.928238819
32.722872711 131.928271812
32.722856219 131.928295921
32.722836276 131.928312441
32.722773884 131.928346454
32.722655094 131.928407587
32.722570977 131.928451594
32.722543051 131.928464693
32.722509890 131.928472478
32.722455567 131.928477580
32.722384087 131.928482141
32.722312223 131.928486165
32.722213797 131.928481219
32.722160878 131.928467080
32.722103705 131.928450262
32.722056093 131.928431900
32.722009199 131.928413994
32.721974415 131.928405867
32.721933830 131.928400507
32.721888561 131.928398203
32.721869973 131.928437534
32.721849193 131.928481921
32.721836153 131.928531956
32.721821568 131.928596899
32.721784339 131.928702123
32.721767989 131.928747333
32.721756343 131.928771087
32.721744688 131.928786231
32.721717886 131.928807225
32.721695859 131.928827479
32.721680319 131.928852248
32.721671363 131.928879251
32.721666013 131.928917321
32.721661927 131.928956397
32.721641491 131.928955428
32.721642720 131.928901537
32.721651195 131.928861589
32.721660702 131.928834453
32.721678296 131.928811284
32.721700706 131.928791632
32.721727191 131.928768470
32.721746850 131.928734260
32.721782100 131.928642947
32.721804303 131.928576888
32.721819940 131.928520832
32.721835807 131.928471413
32.721854204 131.928427408
32.721869698 131.928393101
32.721847371 131.928391856
32.721822837 131.928389073
32.721792865 131.928383813
32.721759193 131.928375293
32.721714138 131.928362409
32.721718027 131.928341402
32.721766612 131.928354973
32.721808885 131.928366068
32.721839840 131.928372523
32.721873768 131.928376832
32.721908858 131.928380172
32.721961266 131.928386486
32.722007835 131.928394788
32.722053973 131.928408868
32.722132308 131.928436914
32.722184418 131.928455579
32.722219362 131.928463909
32.722282181 131.928467227
32.722284724 131.928391790
32.722288350 131.928380723
32.722301396 131.928364003
32.722334923 131.928326245
32.722373325 131.928290245
32.722460554 131.928212079
32.722471076 131.928200070
32.722480474 131.928181552
32.722494942 131.928151779
32.722509693 131.928128900
32.722525460 131.928113734
32.722543361 131.928103828
32.722586722 131.928090942
32.722615762 131.928077193
32.722637882 131.928058924
32.722655233 131.928037982
32.722667585 131.928009104
32.722672072 131.927976667
32.722669411 131.927879296
32.722668398 131.927772424
32.722662692 131.927673391
32.722656802 131.927568419
32.722678885 131.927468066
32.722696452 131.927379764
32.722701535 131.927340291
32.722698711 131.927323588
32.722694120 131.927310822
32.722659824 131.927276331
32.722612277 131.927230766
32.722592697 131.927202868
32.722586904 131.927176664
32.722583773 131.927154552
32.722578842 131.927049430
32.722578052 131.926964006
32.722575562 131.926929725
32.722577645 131.926897942
32.722596353 131.926804742
32.722622028 131.926734954
32.722677093 131.926612414
32.722711397 131.926525331
32.722725712 131.926455331
32.722730206 131.926398657
32.722730228 131.926360676
32.722725076 131.926334239
32.722713865 131.926305719
32.722692274 131.926275996
32.722651770 131.926247253
32.722574401 131.926216460
32.722536820 131.926209632
32.722486227 131.926207213
32.722415191 131.926195606
32.722322209 131.926180472
32.722260818 131.926157860
32.722216028 131.926131419
32.722180093 131.926095430
32.722133563 131.926031774
32.722069845 131.925936357
32.721997361 131.925811198
32.721975570 131.925780267
32.721948171 131.925750786
32.721923500 131.925735311
32.721895582 131.925728253
32.721865103 131.925729070
32.721825985 131.925742900
32.721789257 131.925764027
32.721733584 131.925795620
32.721667321 131.925823071
32.721581234 131.925860268
32.721445065 131.925933431
32.721305330 131.926019761
32.721206461 131.926087291
32.721161017 131.926117502
32.721115459 131.926130440
32.721076201 131.926132835
32.721025845 131.926126057
32.720961576 131.926109934
32.720940273 131.926099432
32.720915031 131.926074578
32.720884267 131.926034550
32.720850075 131.925992329
32.720815383 131.925966920
32.720767898 131.925947290
32.720685117 131.925929742
32.720618282 131.925926954
32.720561461 131.925932247
32.720492081 131.925949891
32.720406326 131.925983899
32.720267618 131.926038632
32.720168041 131.926081157
32.720133496 131.926094046
32.720107152 131.926099107
32.720075711 131.926097731
32.720049306 131.926092693
32.720011860 131.926079753
32.719968303 131.926050916
32.719916819 131.926003077
32.719880209 131.925964459
32.719851599 131.925946405
32.719810489 131.925929918
32.719792012 131.925916849
32.719771424 131.925895234
32.719750720 131.925876544
32.719722295 131.925861116
32.719697839 131.925840600
32.719665167 131.925779856
32.719610790 131.925711679
32.719502104 131.925588316
32.719336113 131.925392835
32.719208142 131.925238764
32.719076860 131.925068169
32.719042356 131.925034579
32.718999519 131.925004968
32.718989836 131.925000000
</gml:posList>
</gml:LineStringSegment>
</gml:segments>
</gml:Curve>
</loc>
<type>真幅道路</type>
<admOffice>不明</admOffice>
</RdEdg>
<RdEdg gml:id="K19_4749311778_6">
<fid>47493-11778-s-3764</fid>
<lfSpanFr gml:id="K19_4749311778_6-1">
<gml:timePosition>2020-06-30</gml:timePosition>
</lfSpanFr>
<devDate gml:id="K19_4749311778_6-2">
<gml:timePosition>2020-09-08</gml:timePosition>
</devDate>
<orgGILvl>5000</orgGILvl>
<vis>表示</vis>
<loc>
<gml:Curve gml:id="K19_4749311778_6-g" srsName="fguuid:jgd2011.bl">
<gml:segments>
<gml:LineStringSegment>
<gml:posList>
32.722987482 131.927866685
32.723000616 131.927889341
32.723002938 131.927891072
32.723008257 131.927892567
32.723147641 131.927870734
32.723248686 131.927856909
32.723294386 131.927852059
32.723408392 131.927843938
32.723438051 131.927837887
32.723464572 131.927826886
32.723581091 131.927746152
32.723635445 131.927700299
32.723596557 131.927638684
32.723565419 131.927598581
32.723548381 131.927569772
32.723519553 131.927497796
32.723505672 131.927470066
32.723476775 131.927426892
32.723444898 131.927390259
32.723415038 131.927367441
32.723393956 131.927355755
32.723371677 131.927347886
32.723346490 131.927344468
32.723291148 131.927338443
32.723229316 131.927337046
32.723202376 131.927338943
32.723186593 131.927344029
32.723149884 131.927360931
32.723086031 131.927565593
32.723034745 131.927731779
32.722987482 131.927866685
</gml:posList>
</gml:LineStringSegment>
</gml:segments>
</gml:Curve>
</loc>
<type>真幅道路</type>
<admOffice>不明</admOffice>
</RdEdg>
<RdEdg gml:id="K19_4749311778_7">
<fid>47493-11778-i-120</fid>
<lfSpanFr gml:id="K19_4749311778_7-1">
<gml:timePosition>2020-06-30</gml:timePosition>
</lfSpanFr>
<devDate gml:id="K19_4749311778_7-2">
<gml:timePosition>2020-09-08</gml:timePosition>
</devDate>
<orgGILvl>25000</orgGILvl>
<vis>表示</vis>
<loc>
<gml:Curve gml:id="K19_4749311778_7-g" srsName="fguuid:jgd2011.bl">
<gml:segments>
<gml:LineStringSegment>
<gml:posList>
32.717351444 131.925000000
32.717079861 131.925449639
32.717001556 131.925659083
32.716877306 131.926034861
32.716666667 131.926031667
</gml:posList>
</gml:LineStringSegment>
</gml:segments>
</gml:Curve>
</loc>
<type>徒歩道</type>
<admOffice>不明</admOffice>
</RdEdg>
<RdEdg gml:id="K19_4749311781_1">
<fid>47493-11781-s-785</fid>
<lfSpanFr gml:id="K19_4749311781_1-1">
<gml:timePosition>2020-06-30</gml:timePosition>
</lfSpanFr>
<devDate gml:id="K19_4749311781_1-2">
<gml:timePosition>2020-09-08</gml:timePosition>
</devDate>
<orgGILvl>5000</orgGILvl>
<vis>表示</vis>
<loc>
<gml:Curve gml:id="K19_4749311781_1-g" srsName="fguuid:jgd2011.bl">
<gml:segments>
<gml:LineStringSegment>
<gml:posList>
32.725000000 131.926721479
32.725014922 131.926721717
32.725030057 131.926719954
32.725056209 131.926716249
32.725083721 131.926715947
32.725102252 131.926718231
32.725120662 131.926721772
32.725173791 131.926740447
32.725238996 131.926763626
32.725306222 131.926786353
32.725342654 131.926807968
32.725427519 131.926870034
32.725523944 131.926948501
32.725568754 131.926983859
32.725594638 131.926995974
32.725624924 131.927003555
32.725651928 131.927006346
32.725724828 131.927007716
32.725724542 131.927029049
32.725650999 131.927027667
32.725622263 131.927024696
32.725589417 131.927016475
32.725560339 131.927002865
32.725513829 131.926966165
32.725417661 131.926887908
32.725333853 131.926826614
32.725299645 131.926806319
32.725233924 131.926784101
32.725168627 131.926760889
32.725116631 131.926742612
32.725099869 131.926739388
32.725082867 131.926737293
32.725057369 131.926737573
32.725032013 131.926741165
32.725015686 131.926743067
32.725000000 131.926742816
</gml:posList>
</gml:LineStringSegment>
</gml:segments>
</gml:Curve>
</loc>
<type>真幅道路</type>
<admOffice>不明</admOffice>
</RdEdg>
</Dataset>
