<?xml version="1.0" encoding="utf-8"?>
<Dataset xsi:schemaLocation="http://fgd.gsi.go.jp/spec/2008/FGD_GMLSchema FGD_GMLSchema.xsd"
	xmlns:gml="http://www.opengis.net/gml/3.2"
	xmlns:xsi="http://www.w3.org/2001/XMLSchema-instance"
	xmlns:xlink="http://www.w3.org/1999/xlink"
	xmlns="http://fgd.gsi.go.jp/spec/2008/FGD_GMLSchema"
	gml:id="Dataset1">
  <gml:description>基盤地図情報メタデータ ID=fmdid:20-1001</gml:description>
  <gml:name>基盤地図情報ダウンロードデータ（GML版）</gml:name>
<GCP gml:id="K1_493107_1">
<fid>10-00100-0-2009-21805</fid>
<lfSpanFr gml:id="K1_493107_1-1">
<gml:timePosition>2020-09-04</gml:timePosition>
</lfSpanFr>
<devDate gml:id="K1_493107_1-2">
<gml:timePosition>2020-09-08</gml:timePosition>
</devDate>
<orgGILvl>KJ12</orgGILvl>
<vis>表示</vis>
<pos>
<gml:Point gml:id="K1_493107_1-g" srsName="fguuid:jgd2011.bl">
<gml:pos>32.725842278 131.924116250</gml:pos>
</gml:Point>
</pos>
<orgName>国土地理院</orgName>
<type>三角点</type>
<gcpClass>二等三角点</gcpClass>
<gcpCode>TR24931077301</gcpCode>
<name>深島</name>
<B>117813.0322</B>
<L>474926.8185</L>
<alti>98.13</alti>
<altiAcc>2</altiAcc>
</GCP>
<GCP gml:id="K1_493107_2">
<fid>10-00100-0-2009-66689</fid>
<lfSpanFr gml:id="K1_493107_2-1">
<gml:timePosition>2020-09-04</gml:timePosition>
</lfSpanFr>
<devDate gml:id="K1_493107_2-2">
<gml:timePosition>2020-09-08</gml:timePosition>
</devDate>
<orgGILvl>KJ14</orgGILvl>
<vis>表示</vis>
<pos>
<gml:Point gml:id="K1_493107_2-g" srsName="fguuid:jgd2011.bl">
<gml:pos>32.715159583 131.926481333</gml:pos>
</gml:Point>
</pos>
<orgName>国土地理院</orgName>
<type>三角点</type>
<gcpClass>四等三角点</gcpClass>
<gcpCode>TR44931075401</gcpCode>
<name>深島南</name>
<B>117774.5745</B>
<L>474935.3328</L>
<alti>79.86</alti>
<altiAcc>2</altiAcc>
</GCP>
<GCP gml:id="K1_493107_3">
<fid>10-00100-0-2009-66690</fid>
<lfSpanFr gml:id="K1_493107_3-1">
<gml:timePosition>2020-09-04</gml:timePosition>
</lfSpanFr>
<devDate gml:id="K1_493107_3-2">
<gml:timePosition>2020-09-08</gml:timePosition>
</devDate>
<orgGILvl>KJ14</orgGILvl>
<vis>表示</vis>
<pos>
<gml:Point gml:id="K1_493107_3-g" srsName="fguuid:jgd2011.bl">
<gml:pos>32.720620639 131.934740083</gml:pos>
</gml:Point>
</pos>
<orgName>国土地理院</orgName>
<type>三角点</type>
<gcpClass>四等三角点</gcpClass>
<gcpCode>TR44931076401</gcpCode>
<name>児託礁</name>
<B>117794.2343</B>
<L>474965.0643</L>
<alti>14.74</alti>
<altiAcc>2</altiAcc>
</GCP>
<GCP gml:id="K1_493107_4">
<fid>10-00100-0-2009-66691</fid>
<lfSpanFr gml:id="K1_493107_4-1">
<gml:timePosition>2020-09-04</gml:timePosition>
</lfSpanFr>
<devDate gml:id="K1_493107_4-2">
<gml:timePosition>2020-09-08</gml:timePosition>
</devDate>
<orgGILvl>KJ14</orgGILvl>
<vis>表示</vis>
<pos>
<gml:Point gml:id="K1_493107_4-g" srsName="fguuid:jgd2011.bl">
<gml:pos>32.749310056 131.883519583</gml:pos>
</gml:Point>
</pos>
<orgName>国土地理院</orgName>
<type>三角点</type>
<gcpClass>四等三角点</gcpClass>
<gcpCode>TR44931079001</gcpCode>
<name>宇土崎</name>
<B>117897.5162</B>
<L>474780.6705</L>
<alti>54.87</alti>
<altiAcc>2</altiAcc>
</GCP>
</Dataset>
