<?xml version="1.0" encoding="utf-8"?>
<Dataset xsi:schemaLocation="http://fgd.gsi.go.jp/spec/2008/FGD_GMLSchema FGD_GMLSchema.xsd"
	xmlns:gml="http://www.opengis.net/gml/3.2"
	xmlns:xsi="http://www.w3.org/2001/XMLSchema-instance"
	xmlns:xlink="http://www.w3.org/1999/xlink"
	xmlns="http://fgd.gsi.go.jp/spec/2008/FGD_GMLSchema"
	gml:id="Dataset1">
  <gml:description>基盤地図情報メタデータ ID=fmdid:20-1001</gml:description>
  <gml:name>基盤地図情報ダウンロードデータ（GML版）</gml:name>
<ElevPt gml:id="K2_4747511784_1">
<fid>47475-11784-i-38</fid>
<lfSpanFr gml:id="K2_4747511784_1-1">
<gml:timePosition>2020-06-30</gml:timePosition>
</lfSpanFr>
<devDate gml:id="K2_4747511784_1-2">
<gml:timePosition>2020-09-08</gml:timePosition>
</devDate>
<orgGILvl>25000</orgGILvl>
<vis>表示</vis>
<pos>
<gml:Point gml:id="K2_4747511784_1-g" srsName="fguuid:jgd2011.bl">
<gml:pos>32.735339444 131.875098333</gml:pos>
</gml:Point>
</pos>
<type>標高点（測点）</type>
<alti>138</alti>
</ElevPt>
<ElevPt gml:id="K2_4747511787_1">
<fid>47475-11787-i-91</fid>
<lfSpanFr gml:id="K2_4747511787_1-1">
<gml:timePosition>2020-06-30</gml:timePosition>
</lfSpanFr>
<devDate gml:id="K2_4747511787_1-2">
<gml:timePosition>2020-09-08</gml:timePosition>
</devDate>
<orgGILvl>25000</orgGILvl>
<vis>表示</vis>
<pos>
<gml:Point gml:id="K2_4747511787_1-g" srsName="fguuid:jgd2011.bl">
<gml:pos>32.744245833 131.879236944</gml:pos>
</gml:Point>
</pos>
<type>標高点（測点）</type>
<alti>193</alti>
</ElevPt>
<ElevPt gml:id="K2_4747811787_1">
<fid>47478-11787-i-10</fid>
<lfSpanFr gml:id="K2_4747811787_1-1">
<gml:timePosition>2020-06-30</gml:timePosition>
</lfSpanFr>
<devDate gml:id="K2_4747811787_1-2">
<gml:timePosition>2020-09-08</gml:timePosition>
</devDate>
<orgGILvl>25000</orgGILvl>
<vis>表示</vis>
<pos>
<gml:Point gml:id="K2_4747811787_1-g" srsName="fguuid:jgd2011.bl">
<gml:pos>32.746975000 131.884169444</gml:pos>
</gml:Point>
</pos>
<type>標高点（測点）</type>
<alti>113</alti>
</ElevPt>
<ElevPt gml:id="K2_4749311775_1">
<fid>47493-11775-i-9</fid>
<lfSpanFr gml:id="K2_4749311775_1-1">
<gml:timePosition>2020-06-30</gml:timePosition>
</lfSpanFr>
<devDate gml:id="K2_4749311775_1-2">
<gml:timePosition>2020-09-08</gml:timePosition>
</devDate>
<orgGILvl>25000</orgGILvl>
<vis>表示</vis>
<pos>
<gml:Point gml:id="K2_4749311775_1-g" srsName="fguuid:jgd2011.bl">
<gml:pos>32.715946611 131.925051861</gml:pos>
</gml:Point>
</pos>
<type>標高点（測点）</type>
<alti>89</alti>
</ElevPt>
<ElevPt gml:id="K2_4749311778_1">
<fid>47493-11778-i-66</fid>
<lfSpanFr gml:id="K2_4749311778_1-1">
<gml:timePosition>2020-06-30</gml:timePosition>
</lfSpanFr>
<devDate gml:id="K2_4749311778_1-2">
<gml:timePosition>2020-09-08</gml:timePosition>
</devDate>
<orgGILvl>25000</orgGILvl>
<vis>表示</vis>
<pos>
<gml:Point gml:id="K2_4749311778_1-g" srsName="fguuid:jgd2011.bl">
<gml:pos>32.721481917 131.927223917</gml:pos>
</gml:Point>
</pos>
<type>標高点（測点）</type>
<alti>61</alti>
</ElevPt>
</Dataset>
