<?xml version="1.0" encoding="utf-8"?>
<Dataset xsi:schemaLocation="http://fgd.gsi.go.jp/spec/2008/FGD_GMLSchema FGD_GMLSchema.xsd"
	xmlns:gml="http://www.opengis.net/gml/3.2"
	xmlns:xsi="http://www.w3.org/2001/XMLSchema-instance"
	xmlns:xlink="http://www.w3.org/1999/xlink"
	xmlns="http://fgd.gsi.go.jp/spec/2008/FGD_GMLSchema"
	gml:id="Dataset1">
  <gml:description>基盤地図情報メタデータ ID=fmdid:20-1001</gml:description>
  <gml:name>基盤地図情報ダウンロードデータ（GML版）</gml:name>
<BldL gml:id="K18_4747511787_1">
<fid>47475-11787-s-1880</fid>
<lfSpanFr gml:id="K18_4747511787_1-1">
<gml:timePosition>2020-06-30</gml:timePosition>
</lfSpanFr>
<devDate gml:id="K18_4747511787_1-2">
<gml:timePosition>2020-09-08</gml:timePosition>
</devDate>
<orgGILvl>5000</orgGILvl>
<loc>
<gml:Curve gml:id="K18_4747511787_1-g" srsName="fguuid:jgd2011.bl">
<gml:segments>
<gml:LineStringSegment>
<gml:posList>
32.748204193 131.875071093
32.748194500 131.875135450
32.748125300 131.875120856
32.748134992 131.875056499
32.748204193 131.875071093
</gml:posList>
</gml:LineStringSegment>
</gml:segments>
</gml:Curve>
</loc>
<type>普通建物</type>
</BldL>
<BldL gml:id="K18_4749311778_1">
<fid>47493-11778-s-3625</fid>
<lfSpanFr gml:id="K18_4749311778_1-1">
<gml:timePosition>2020-06-30</gml:timePosition>
</lfSpanFr>
<devDate gml:id="K18_4749311778_1-2">
<gml:timePosition>2020-09-08</gml:timePosition>
</devDate>
<orgGILvl>25000</orgGILvl>
<loc>
<gml:Curve gml:id="K18_4749311778_1-g" srsName="fguuid:jgd2011.bl">
<gml:segments>
<gml:LineStringSegment>
<gml:posList>
32.722408167 131.926718833
32.722403028 131.926860556
32.722405472 131.926914472
32.722354361 131.926916778
32.722336944 131.926910806
32.722332083 131.926803278
32.722345583 131.926721667
32.722408167 131.926718833
</gml:posList>
</gml:LineStringSegment>
</gml:segments>
</gml:Curve>
</loc>
<type>普通建物</type>
</BldL>
<BldL gml:id="K18_4749311778_2">
<fid>47493-11778-s-3704</fid>
<lfSpanFr gml:id="K18_4749311778_2-1">
<gml:timePosition>2020-06-30</gml:timePosition>
</lfSpanFr>
<devDate gml:id="K18_4749311778_2-2">
<gml:timePosition>2020-09-08</gml:timePosition>
</devDate>
<orgGILvl>5000</orgGILvl>
<loc>
<gml:Curve gml:id="K18_4749311778_2-g" srsName="fguuid:jgd2011.bl">
<gml:segments>
<gml:LineStringSegment>
<gml:posList>
32.723622522 131.926959244
32.723612295 131.927093334
32.723465492 131.927077663
32.723475721 131.926943573
32.723622522 131.926959244
</gml:posList>
</gml:LineStringSegment>
</gml:segments>
</gml:Curve>
</loc>
<type>普通建物</type>
</BldL>
<BldL gml:id="K18_4749311778_3">
<fid>47493-11778-s-3705</fid>
<lfSpanFr gml:id="K18_4749311778_3-1">
<gml:timePosition>2020-06-30</gml:timePosition>
</lfSpanFr>
<devDate gml:id="K18_4749311778_3-2">
<gml:timePosition>2020-09-08</gml:timePosition>
</devDate>
<orgGILvl>5000</orgGILvl>
<loc>
<gml:Curve gml:id="K18_4749311778_3-g" srsName="fguuid:jgd2011.bl">
<gml:segments>
<gml:LineStringSegment>
<gml:posList>
32.723570685 131.927701587
32.723412841 131.927812429
32.723375383 131.927737778
32.723533225 131.927626935
32.723570685 131.927701587
</gml:posList>
</gml:LineStringSegment>
</gml:segments>
</gml:Curve>
</loc>
<type>普通建物</type>
</BldL>
<BldL gml:id="K18_4749311778_4">
<fid>47493-11778-s-3706</fid>
<lfSpanFr gml:id="K18_4749311778_4-1">
<gml:timePosition>2020-06-30</gml:timePosition>
</lfSpanFr>
<devDate gml:id="K18_4749311778_4-2">
<gml:timePosition>2020-09-08</gml:timePosition>
</devDate>
<orgGILvl>5000</orgGILvl>
<loc>
<gml:Curve gml:id="K18_4749311778_4-g" srsName="fguuid:jgd2011.bl">
<gml:segments>
<gml:LineStringSegment>
<gml:posList>
32.723229202 131.927857738
32.723164420 131.927863365
32.723156606 131.927737482
32.723221387 131.927731855
32.723229202 131.927857738
</gml:posList>
</gml:LineStringSegment>
</gml:segments>
</gml:Curve>
</loc>
<type>普通建物</type>
</BldL>
<BldL gml:id="K18_4749311778_5">
<fid>47493-11778-s-3707</fid>
<lfSpanFr gml:id="K18_4749311778_5-1">
<gml:timePosition>2020-06-30</gml:timePosition>
</lfSpanFr>
<devDate gml:id="K18_4749311778_5-2">
<gml:timePosition>2020-09-08</gml:timePosition>
</devDate>
<orgGILvl>5000</orgGILvl>
<loc>
<gml:Curve gml:id="K18_4749311778_5-g" srsName="fguuid:jgd2011.bl">
<gml:segments>
<gml:LineStringSegment>
<gml:posList>
32.723408392 131.927296784
32.723274484 131.927281344
32.723281275 131.927198912
32.723415184 131.927214351
32.723408392 131.927296784
</gml:posList>
</gml:LineStringSegment>
</gml:segments>
</gml:Curve>
</loc>
<type>普通建物</type>
</BldL>
<BldL gml:id="K18_4749311778_6">
<fid>47493-11778-s-3708</fid>
<lfSpanFr gml:id="K18_4749311778_6-1">
<gml:timePosition>2020-06-30</gml:timePosition>
</lfSpanFr>
<devDate gml:id="K18_4749311778_6-2">
<gml:timePosition>2020-09-08</gml:timePosition>
</devDate>
<orgGILvl>5000</orgGILvl>
<loc>
<gml:Curve gml:id="K18_4749311778_6-g" srsName="fguuid:jgd2011.bl">
<gml:segments>
<gml:LineStringSegment>
<gml:posList>
32.723673581 131.927638760
32.723605013 131.927543998
32.723644679 131.927503829
32.723713249 131.927598591
32.723673581 131.927638760
</gml:posList>
</gml:LineStringSegment>
</gml:segments>
</gml:Curve>
</loc>
<type>普通建物</type>
</BldL>
<BldL gml:id="K18_4749311778_7">
<fid>47493-11778-s-3709</fid>
<lfSpanFr gml:id="K18_4749311778_7-1">
<gml:timePosition>2020-06-30</gml:timePosition>
</lfSpanFr>
<devDate gml:id="K18_4749311778_7-2">
<gml:timePosition>2020-09-08</gml:timePosition>
</devDate>
<orgGILvl>5000</orgGILvl>
<loc>
<gml:Curve gml:id="K18_4749311778_7-g" srsName="fguuid:jgd2011.bl">
<gml:segments>
<gml:LineStringSegment>
<gml:posList>
32.723597264 131.927723657
32.723567721 131.927673407
32.723600097 131.927646767
32.723629641 131.927697018
32.723597264 131.927723657
</gml:posList>
</gml:LineStringSegment>
</gml:segments>
</gml:Curve>
</loc>
<type>普通建物</type>
</BldL>
<BldL gml:id="K18_4749311778_8">
<fid>47493-11778-s-3710</fid>
<lfSpanFr gml:id="K18_4749311778_8-1">
<gml:timePosition>2020-06-30</gml:timePosition>
</lfSpanFr>
<devDate gml:id="K18_4749311778_8-2">
<gml:timePosition>2020-09-08</gml:timePosition>
</devDate>
<orgGILvl>5000</orgGILvl>
<loc>
<gml:Curve gml:id="K18_4749311778_8-g" srsName="fguuid:jgd2011.bl">
<gml:segments>
<gml:LineStringSegment>
<gml:posList>
32.723243727 131.927663431
32.723308285 131.927650072
32.723322759 131.927747954
32.723258202 131.927761314
32.723243727 131.927663431
</gml:posList>
</gml:LineStringSegment>
</gml:segments>
</gml:Curve>
</loc>
<type>普通建物</type>
</BldL>
<BldL gml:id="K18_4749311778_9">
<fid>47493-11778-s-3711</fid>
<lfSpanFr gml:id="K18_4749311778_9-1">
<gml:timePosition>2020-06-30</gml:timePosition>
</lfSpanFr>
<devDate gml:id="K18_4749311778_9-2">
<gml:timePosition>2020-09-08</gml:timePosition>
</devDate>
<orgGILvl>5000</orgGILvl>
<loc>
<gml:Curve gml:id="K18_4749311778_9-g" srsName="fguuid:jgd2011.bl">
<gml:segments>
<gml:LineStringSegment>
<gml:posList>
32.722967331 131.927839442
32.722919883 131.927825032
32.722946290 131.927703340
32.722993739 131.927717750
32.722967331 131.927839442
</gml:posList>
</gml:LineStringSegment>
</gml:segments>
</gml:Curve>
</loc>
<type>普通建物</type>
</BldL>
<BldL gml:id="K18_4749311778_10">
<fid>47493-11778-s-3712</fid>
<lfSpanFr gml:id="K18_4749311778_10-1">
<gml:timePosition>2020-06-30</gml:timePosition>
</lfSpanFr>
<devDate gml:id="K18_4749311778_10-2">
<gml:timePosition>2020-09-08</gml:timePosition>
</devDate>
<orgGILvl>5000</orgGILvl>
<loc>
<gml:Curve gml:id="K18_4749311778_10-g" srsName="fguuid:jgd2011.bl">
<gml:segments>
<gml:LineStringSegment>
<gml:posList>
32.723606258 131.927823315
32.723665735 131.927776709
32.723710386 131.927856454
32.723650909 131.927903061
32.723606258 131.927823315
</gml:posList>
</gml:LineStringSegment>
</gml:segments>
</gml:Curve>
</loc>
<type>普通建物</type>
</BldL>
<BldL gml:id="K18_4749311778_11">
<fid>47493-11778-s-3713</fid>
<lfSpanFr gml:id="K18_4749311778_11-1">
<gml:timePosition>2020-06-30</gml:timePosition>
</lfSpanFr>
<devDate gml:id="K18_4749311778_11-2">
<gml:timePosition>2020-09-08</gml:timePosition>
</devDate>
<orgGILvl>5000</orgGILvl>
<loc>
<gml:Curve gml:id="K18_4749311778_11-g" srsName="fguuid:jgd2011.bl">
<gml:segments>
<gml:LineStringSegment>
<gml:posList>
32.723807898 131.927639799
32.723862505 131.927689801
32.723801621 131.927782856
32.723747013 131.927732854
32.723807898 131.927639799
</gml:posList>
</gml:LineStringSegment>
</gml:segments>
</gml:Curve>
</loc>
<type>普通建物</type>
</BldL>
<BldL gml:id="K18_4749311778_12">
<fid>47493-11778-s-3714</fid>
<lfSpanFr gml:id="K18_4749311778_12-1">
<gml:timePosition>2020-06-30</gml:timePosition>
</lfSpanFr>
<devDate gml:id="K18_4749311778_12-2">
<gml:timePosition>2020-09-08</gml:timePosition>
</devDate>
<orgGILvl>5000</orgGILvl>
<loc>
<gml:Curve gml:id="K18_4749311778_12-g" srsName="fguuid:jgd2011.bl">
<gml:segments>
<gml:LineStringSegment>
<gml:posList>
32.723849959 131.927354831
32.723833338 131.927396850
32.723683713 131.927314023
32.723726651 131.927205473
32.723916437 131.927310534
32.723890122 131.927377063
32.723849959 131.927354831
</gml:posList>
</gml:LineStringSegment>
</gml:segments>
</gml:Curve>
</loc>
<type>普通建物</type>
</BldL>
<BldL gml:id="K18_4749311778_13">
<fid>47493-11778-s-3715</fid>
<lfSpanFr gml:id="K18_4749311778_13-1">
<gml:timePosition>2020-06-30</gml:timePosition>
</lfSpanFr>
<devDate gml:id="K18_4749311778_13-2">
<gml:timePosition>2020-09-08</gml:timePosition>
</devDate>
<orgGILvl>5000</orgGILvl>
<loc>
<gml:Curve gml:id="K18_4749311778_13-g" srsName="fguuid:jgd2011.bl">
<gml:segments>
<gml:LineStringSegment>
<gml:posList>
32.724026472 131.926837113
32.724007417 131.926879580
32.723940558 131.926837594
32.723959614 131.926795127
32.724026472 131.926837113
</gml:posList>
</gml:LineStringSegment>
</gml:segments>
</gml:Curve>
</loc>
<type>普通建物</type>
</BldL>
<BldL gml:id="K18_4749311778_14">
<fid>47493-11778-s-3716</fid>
<lfSpanFr gml:id="K18_4749311778_14-1">
<gml:timePosition>2020-06-30</gml:timePosition>
</lfSpanFr>
<devDate gml:id="K18_4749311778_14-2">
<gml:timePosition>2020-09-08</gml:timePosition>
</devDate>
<orgGILvl>5000</orgGILvl>
<loc>
<gml:Curve gml:id="K18_4749311778_14-g" srsName="fguuid:jgd2011.bl">
<gml:segments>
<gml:LineStringSegment>
<gml:posList>
32.723939195 131.926842264
32.723911319 131.926899264
32.723859715 131.926863944
32.723889666 131.926809374
32.723939195 131.926842264
</gml:posList>
</gml:LineStringSegment>
</gml:segments>
</gml:Curve>
</loc>
<type>普通建物</type>
</BldL>
<BldL gml:id="K18_4749311778_15">
<fid>47493-11778-s-3717</fid>
<lfSpanFr gml:id="K18_4749311778_15-1">
<gml:timePosition>2020-06-30</gml:timePosition>
</lfSpanFr>
<devDate gml:id="K18_4749311778_15-2">
<gml:timePosition>2020-09-08</gml:timePosition>
</devDate>
<orgGILvl>5000</orgGILvl>
<loc>
<gml:Curve gml:id="K18_4749311778_15-g" srsName="fguuid:jgd2011.bl">
<gml:segments>
<gml:LineStringSegment>
<gml:posList>
32.723974897 131.926956966
32.723910102 131.926909411
32.723939949 131.926852493
32.724004746 131.926900049
32.723974897 131.926956966
</gml:posList>
</gml:LineStringSegment>
</gml:segments>
</gml:Curve>
</loc>
<type>普通建物</type>
</BldL>
<BldL gml:id="K18_4749311778_16">
<fid>47493-11778-s-3718</fid>
<lfSpanFr gml:id="K18_4749311778_16-1">
<gml:timePosition>2020-06-30</gml:timePosition>
</lfSpanFr>
<devDate gml:id="K18_4749311778_16-2">
<gml:timePosition>2020-09-08</gml:timePosition>
</devDate>
<orgGILvl>5000</orgGILvl>
<loc>
<gml:Curve gml:id="K18_4749311778_16-g" srsName="fguuid:jgd2011.bl">
<gml:segments>
<gml:LineStringSegment>
<gml:posList>
32.722805957 131.927943387
32.722729081 131.927957987
32.722705103 131.927781296
32.722781981 131.927766696
32.722805957 131.927943387
</gml:posList>
</gml:LineStringSegment>
</gml:segments>
</gml:Curve>
</loc>
<type>普通建物</type>
</BldL>
<BldL gml:id="K18_4749311778_17">
<fid>47493-11778-s-3719</fid>
<lfSpanFr gml:id="K18_4749311778_17-1">
<gml:timePosition>2020-06-30</gml:timePosition>
</lfSpanFr>
<devDate gml:id="K18_4749311778_17-2">
<gml:timePosition>2020-09-08</gml:timePosition>
</devDate>
<orgGILvl>5000</orgGILvl>
<loc>
<gml:Curve gml:id="K18_4749311778_17-g" srsName="fguuid:jgd2011.bl">
<gml:segments>
<gml:LineStringSegment>
<gml:posList>
32.722852554 131.928154336
32.722770099 131.928180993
32.722752912 131.928106592
32.722835365 131.928079934
32.722852554 131.928154336
</gml:posList>
</gml:LineStringSegment>
</gml:segments>
</gml:Curve>
</loc>
<type>普通建物</type>
</BldL>
<BldL gml:id="K18_4749311778_18">
<fid>47493-11778-s-3720</fid>
<lfSpanFr gml:id="K18_4749311778_18-1">
<gml:timePosition>2020-06-30</gml:timePosition>
</lfSpanFr>
<devDate gml:id="K18_4749311778_18-2">
<gml:timePosition>2020-09-08</gml:timePosition>
</devDate>
<orgGILvl>5000</orgGILvl>
<loc>
<gml:Curve gml:id="K18_4749311778_18-g" srsName="fguuid:jgd2011.bl">
<gml:segments>
<gml:LineStringSegment>
<gml:posList>
32.722682002 131.928260614
32.722615720 131.928284649
32.722584966 131.928165953
32.722651249 131.928141920
32.722682002 131.928260614
</gml:posList>
</gml:LineStringSegment>
</gml:segments>
</gml:Curve>
</loc>
<type>普通建物</type>
</BldL>
<BldL gml:id="K18_4749311778_19">
<fid>47493-11778-s-3721</fid>
<lfSpanFr gml:id="K18_4749311778_19-1">
<gml:timePosition>2020-06-30</gml:timePosition>
</lfSpanFr>
<devDate gml:id="K18_4749311778_19-2">
<gml:timePosition>2020-09-08</gml:timePosition>
</devDate>
<orgGILvl>5000</orgGILvl>
<loc>
<gml:Curve gml:id="K18_4749311778_19-g" srsName="fguuid:jgd2011.bl">
<gml:segments>
<gml:LineStringSegment>
<gml:posList>
32.722482269 131.928265540
32.722529100 131.928365061
32.722461332 131.928409687
32.722414502 131.928310167
32.722482269 131.928265540
</gml:posList>
</gml:LineStringSegment>
</gml:segments>
</gml:Curve>
</loc>
<type>普通建物</type>
</BldL>
<BldL gml:id="K18_4749311778_20">
<fid>47493-11778-s-3722</fid>
<lfSpanFr gml:id="K18_4749311778_20-1">
<gml:timePosition>2020-06-30</gml:timePosition>
</lfSpanFr>
<devDate gml:id="K18_4749311778_20-2">
<gml:timePosition>2020-09-08</gml:timePosition>
</devDate>
<orgGILvl>5000</orgGILvl>
<loc>
<gml:Curve gml:id="K18_4749311778_20-g" srsName="fguuid:jgd2011.bl">
<gml:segments>
<gml:LineStringSegment>
<gml:posList>
32.722392104 131.928420084
32.722323488 131.928445665
32.722312049 131.928402728
32.722380665 131.928377146
32.722392104 131.928420084
</gml:posList>
</gml:LineStringSegment>
</gml:segments>
</gml:Curve>
</loc>
<type>普通建物</type>
</BldL>
<BldL gml:id="K18_4749311778_21">
<fid>47493-11778-s-3723</fid>
<lfSpanFr gml:id="K18_4749311778_21-1">
<gml:timePosition>2020-06-30</gml:timePosition>
</lfSpanFr>
<devDate gml:id="K18_4749311778_21-2">
<gml:timePosition>2020-09-08</gml:timePosition>
</devDate>
<orgGILvl>5000</orgGILvl>
<loc>
<gml:Curve gml:id="K18_4749311778_21-g" srsName="fguuid:jgd2011.bl">
<gml:segments>
<gml:LineStringSegment>
<gml:posList>
32.722281500 131.928390747
32.722279162 131.928438067
32.722202250 131.928432749
32.722204588 131.928385429
32.722281500 131.928390747
</gml:posList>
</gml:LineStringSegment>
</gml:segments>
</gml:Curve>
</loc>
<type>普通建物</type>
</BldL>
<BldL gml:id="K18_4749311778_22">
<fid>47493-11778-s-3724</fid>
<lfSpanFr gml:id="K18_4749311778_22-1">
<gml:timePosition>2020-06-30</gml:timePosition>
</lfSpanFr>
<devDate gml:id="K18_4749311778_22-2">
<gml:timePosition>2020-09-08</gml:timePosition>
</devDate>
<orgGILvl>5000</orgGILvl>
<loc>
<gml:Curve gml:id="K18_4749311778_22-g" srsName="fguuid:jgd2011.bl">
<gml:segments>
<gml:LineStringSegment>
<gml:posList>
32.721830295 131.928237567
32.721870606 131.928241518
32.721868195 131.928275947
32.721827884 131.928271997
32.721830295 131.928237567
</gml:posList>
</gml:LineStringSegment>
</gml:segments>
</gml:Curve>
</loc>
<type>普通建物</type>
</BldL>
<BldL gml:id="K18_4749311778_23">
<fid>47493-11778-s-3725</fid>
<lfSpanFr gml:id="K18_4749311778_23-1">
<gml:timePosition>2020-06-30</gml:timePosition>
</lfSpanFr>
<devDate gml:id="K18_4749311778_23-2">
<gml:timePosition>2020-09-08</gml:timePosition>
</devDate>
<orgGILvl>5000</orgGILvl>
<loc>
<gml:Curve gml:id="K18_4749311778_23-g" srsName="fguuid:jgd2011.bl">
<gml:segments>
<gml:LineStringSegment>
<gml:posList>
32.721729169 131.928461234
32.721699654 131.928452341
32.721706617 131.928420001
32.721736132 131.928428893
32.721729169 131.928461234
</gml:posList>
</gml:LineStringSegment>
</gml:segments>
</gml:Curve>
</loc>
<type>普通建物</type>
</BldL>
<BldL gml:id="K18_4749311778_24">
<fid>47493-11778-s-3726</fid>
<lfSpanFr gml:id="K18_4749311778_24-1">
<gml:timePosition>2020-06-30</gml:timePosition>
</lfSpanFr>
<devDate gml:id="K18_4749311778_24-2">
<gml:timePosition>2020-09-08</gml:timePosition>
</devDate>
<orgGILvl>5000</orgGILvl>
<loc>
<gml:Curve gml:id="K18_4749311778_24-g" srsName="fguuid:jgd2011.bl">
<gml:segments>
<gml:LineStringSegment>
<gml:posList>
32.723275061 131.927759174
32.723331673 131.927756443
32.723334500 131.927838417
32.723277887 131.927841149
32.723275061 131.927759174
</gml:posList>
</gml:LineStringSegment>
</gml:segments>
</gml:Curve>
</loc>
<type>普通建物</type>
</BldL>
<BldL gml:id="K18_4749311778_25">
<fid>47493-11778-s-3727</fid>
<lfSpanFr gml:id="K18_4749311778_25-1">
<gml:timePosition>2020-06-30</gml:timePosition>
</lfSpanFr>
<devDate gml:id="K18_4749311778_25-2">
<gml:timePosition>2020-09-08</gml:timePosition>
</devDate>
<orgGILvl>5000</orgGILvl>
<loc>
<gml:Curve gml:id="K18_4749311778_25-g" srsName="fguuid:jgd2011.bl">
<gml:segments>
<gml:LineStringSegment>
<gml:posList>
32.722363896 131.928486039
32.722438410 131.928485211
32.722439339 131.928602053
32.722364822 131.928602882
32.722363896 131.928486039
</gml:posList>
</gml:LineStringSegment>
</gml:segments>
</gml:Curve>
</loc>
<type>普通建物</type>
</BldL>
<BldL gml:id="K18_4749311778_26">
<fid>47493-11778-s-3728</fid>
<lfSpanFr gml:id="K18_4749311778_26-1">
<gml:timePosition>2020-06-30</gml:timePosition>
</lfSpanFr>
<devDate gml:id="K18_4749311778_26-2">
<gml:timePosition>2020-09-08</gml:timePosition>
</devDate>
<orgGILvl>5000</orgGILvl>
<loc>
<gml:Curve gml:id="K18_4749311778_26-g" srsName="fguuid:jgd2011.bl">
<gml:segments>
<gml:LineStringSegment>
<gml:posList>
32.723198919 131.927621464
32.723201566 131.927653461
32.723158822 131.927658411
32.723156174 131.927626412
32.723198919 131.927621464
</gml:posList>
</gml:LineStringSegment>
</gml:segments>
</gml:Curve>
</loc>
<type>普通建物</type>
</BldL>
<BldL gml:id="K18_4749311778_27">
<fid>47493-11778-s-3729</fid>
<lfSpanFr gml:id="K18_4749311778_27-1">
<gml:timePosition>2020-06-30</gml:timePosition>
</lfSpanFr>
<devDate gml:id="K18_4749311778_27-2">
<gml:timePosition>2020-09-08</gml:timePosition>
</devDate>
<orgGILvl>5000</orgGILvl>
<loc>
<gml:Curve gml:id="K18_4749311778_27-g" srsName="fguuid:jgd2011.bl">
<gml:segments>
<gml:LineStringSegment>
<gml:posList>
32.722771342 131.928367744
32.722841480 131.928315014
32.722870790 131.928369575
32.722800652 131.928422305
32.722771342 131.928367744
</gml:posList>
</gml:LineStringSegment>
</gml:segments>
</gml:Curve>
</loc>
<type>普通建物</type>
</BldL>
<BldL gml:id="K18_4749311778_28">
<fid>47493-11778-s-3730</fid>
<lfSpanFr gml:id="K18_4749311778_28-1">
<gml:timePosition>2020-06-30</gml:timePosition>
</lfSpanFr>
<devDate gml:id="K18_4749311778_28-2">
<gml:timePosition>2020-09-08</gml:timePosition>
</devDate>
<orgGILvl>5000</orgGILvl>
<loc>
<gml:Curve gml:id="K18_4749311778_28-g" srsName="fguuid:jgd2011.bl">
<gml:segments>
<gml:LineStringSegment>
<gml:posList>
32.722578187 131.928490783
32.722614016 131.928485982
32.722623880 131.928589009
32.722588051 131.928593810
32.722578187 131.928490783
</gml:posList>
</gml:LineStringSegment>
</gml:segments>
</gml:Curve>
</loc>
<type>普通建物</type>
</BldL>
<BldL gml:id="K18_4749311778_29">
<fid>47493-11778-s-3731</fid>
<lfSpanFr gml:id="K18_4749311778_29-1">
<gml:timePosition>2020-06-30</gml:timePosition>
</lfSpanFr>
<devDate gml:id="K18_4749311778_29-2">
<gml:timePosition>2020-09-08</gml:timePosition>
</devDate>
<orgGILvl>5000</orgGILvl>
<loc>
<gml:Curve gml:id="K18_4749311778_29-g" srsName="fguuid:jgd2011.bl">
<gml:segments>
<gml:LineStringSegment>
<gml:posList>
32.722601798 131.928621096
32.722633503 131.928698701
32.722542814 131.928750553
32.722511109 131.928672948
32.722601798 131.928621096
</gml:posList>
</gml:LineStringSegment>
</gml:segments>
</gml:Curve>
</loc>
<type>普通建物</type>
</BldL>
<BldL gml:id="K18_4749311778_30">
<fid>47493-11778-s-3732</fid>
<lfSpanFr gml:id="K18_4749311778_30-1">
<gml:timePosition>2020-06-30</gml:timePosition>
</lfSpanFr>
<devDate gml:id="K18_4749311778_30-2">
<gml:timePosition>2020-09-08</gml:timePosition>
</devDate>
<orgGILvl>5000</orgGILvl>
<loc>
<gml:Curve gml:id="K18_4749311778_30-g" srsName="fguuid:jgd2011.bl">
<gml:segments>
<gml:LineStringSegment>
<gml:posList>
32.723562169 131.927372318
32.723472057 131.927378845
32.723469553 131.927330465
32.723559664 131.927323938
32.723562169 131.927372318
</gml:posList>
</gml:LineStringSegment>
</gml:segments>
</gml:Curve>
</loc>
<type>普通建物</type>
</BldL>
<BldL gml:id="K18_4749311778_31">
<fid>47493-11778-s-3733</fid>
<lfSpanFr gml:id="K18_4749311778_31-1">
<gml:timePosition>2020-06-30</gml:timePosition>
</lfSpanFr>
<devDate gml:id="K18_4749311778_31-2">
<gml:timePosition>2020-09-08</gml:timePosition>
</devDate>
<orgGILvl>5000</orgGILvl>
<loc>
<gml:Curve gml:id="K18_4749311778_31-g" srsName="fguuid:jgd2011.bl">
<gml:segments>
<gml:LineStringSegment>
<gml:posList>
32.723460500 131.927230732
32.723418809 131.927229576
32.723421156 131.927111057
32.723474341 131.927112532
32.723474914 131.927094844
32.723599372 131.927100490
32.723596497 131.927189232
32.723562088 131.927187671
32.723568618 131.927316966
32.723465223 131.927324271
32.723460500 131.927230732
</gml:posList>
</gml:LineStringSegment>
</gml:segments>
</gml:Curve>
</loc>
<type>普通建物</type>
</BldL>
<BldL gml:id="K18_4749311778_32">
<fid>47493-11778-s-3734</fid>
<lfSpanFr gml:id="K18_4749311778_32-1">
<gml:timePosition>2020-06-30</gml:timePosition>
</lfSpanFr>
<devDate gml:id="K18_4749311778_32-2">
<gml:timePosition>2020-09-08</gml:timePosition>
</devDate>
<orgGILvl>5000</orgGILvl>
<loc>
<gml:Curve gml:id="K18_4749311778_32-g" srsName="fguuid:jgd2011.bl">
<gml:segments>
<gml:LineStringSegment>
<gml:posList>
32.722579746 131.928613576
32.722499235 131.928623595
32.722490734 131.928527996
32.722466972 131.928530953
32.722462469 131.928480319
32.722566741 131.928467343
32.722579746 131.928613576
</gml:posList>
</gml:LineStringSegment>
</gml:segments>
</gml:Curve>
</loc>
<type>普通建物</type>
</BldL>
<BldL gml:id="K18_4749311778_33">
<fid>47493-11778-s-3735</fid>
<lfSpanFr gml:id="K18_4749311778_33-1">
<gml:timePosition>2020-06-30</gml:timePosition>
</lfSpanFr>
<devDate gml:id="K18_4749311778_33-2">
<gml:timePosition>2020-09-08</gml:timePosition>
</devDate>
<orgGILvl>5000</orgGILvl>
<loc>
<gml:Curve gml:id="K18_4749311778_33-g" srsName="fguuid:jgd2011.bl">
<gml:segments>
<gml:LineStringSegment>
<gml:posList>
32.722710797 131.928415978
32.722761707 131.928381673
32.722794719 131.928450230
32.722743809 131.928484537
32.722710797 131.928415978
</gml:posList>
</gml:LineStringSegment>
</gml:segments>
</gml:Curve>
</loc>
<type>普通建物</type>
</BldL>
<BldL gml:id="K18_4749311778_34">
<fid>47493-11778-s-3736</fid>
<lfSpanFr gml:id="K18_4749311778_34-1">
<gml:timePosition>2020-06-30</gml:timePosition>
</lfSpanFr>
<devDate gml:id="K18_4749311778_34-2">
<gml:timePosition>2020-09-08</gml:timePosition>
</devDate>
<orgGILvl>5000</orgGILvl>
<loc>
<gml:Curve gml:id="K18_4749311778_34-g" srsName="fguuid:jgd2011.bl">
<gml:segments>
<gml:LineStringSegment>
<gml:posList>
32.723004274 131.927467362
32.722990861 131.927503264
32.722949454 131.927481615
32.722962867 131.927445713
32.723004274 131.927467362
</gml:posList>
</gml:LineStringSegment>
</gml:segments>
</gml:Curve>
</loc>
<type>普通建物</type>
</BldL>
<BldL gml:id="K18_4749311778_35">
<fid>47493-11778-s-3737</fid>
<lfSpanFr gml:id="K18_4749311778_35-1">
<gml:timePosition>2020-06-30</gml:timePosition>
</lfSpanFr>
<devDate gml:id="K18_4749311778_35-2">
<gml:timePosition>2020-09-08</gml:timePosition>
</devDate>
<orgGILvl>5000</orgGILvl>
<loc>
<gml:Curve gml:id="K18_4749311778_35-g" srsName="fguuid:jgd2011.bl">
<gml:segments>
<gml:LineStringSegment>
<gml:posList>
32.723206372 131.927672139
32.723209394 131.927720812
32.723168128 131.927724397
32.723165107 131.927675724
32.723206372 131.927672139
</gml:posList>
</gml:LineStringSegment>
</gml:segments>
</gml:Curve>
</loc>
<type>普通建物</type>
</BldL>
<BldL gml:id="K18_4749311778_36">
<fid>47493-11778-s-3738</fid>
<lfSpanFr gml:id="K18_4749311778_36-1">
<gml:timePosition>2020-06-30</gml:timePosition>
</lfSpanFr>
<devDate gml:id="K18_4749311778_36-2">
<gml:timePosition>2020-09-08</gml:timePosition>
</devDate>
<orgGILvl>5000</orgGILvl>
<loc>
<gml:Curve gml:id="K18_4749311778_36-g" srsName="fguuid:jgd2011.bl">
<gml:segments>
<gml:LineStringSegment>
<gml:posList>
32.723866418 131.927673625
32.723809223 131.927630130
32.723867534 131.927522819
32.723924729 131.927566314
32.723866418 131.927673625
</gml:posList>
</gml:LineStringSegment>
</gml:segments>
</gml:Curve>
</loc>
<type>普通建物</type>
</BldL>
<BldL gml:id="K18_4749311778_37">
<fid>47493-11778-s-3739</fid>
<lfSpanFr gml:id="K18_4749311778_37-1">
<gml:timePosition>2020-06-30</gml:timePosition>
</lfSpanFr>
<devDate gml:id="K18_4749311778_37-2">
<gml:timePosition>2020-09-08</gml:timePosition>
</devDate>
<orgGILvl>5000</orgGILvl>
<loc>
<gml:Curve gml:id="K18_4749311778_37-g" srsName="fguuid:jgd2011.bl">
<gml:segments>
<gml:LineStringSegment>
<gml:posList>
32.723999999 131.927424091
32.723960137 131.927402121
32.723988083 131.927331157
32.724027946 131.927353126
32.723999999 131.927424091
</gml:posList>
</gml:LineStringSegment>
</gml:segments>
</gml:Curve>
</loc>
<type>普通建物</type>
</BldL>
<BldL gml:id="K18_4749311778_38">
<fid>47493-11778-s-3740</fid>
<lfSpanFr gml:id="K18_4749311778_38-1">
<gml:timePosition>2020-06-30</gml:timePosition>
</lfSpanFr>
<devDate gml:id="K18_4749311778_38-2">
<gml:timePosition>2020-09-08</gml:timePosition>
</devDate>
<orgGILvl>5000</orgGILvl>
<loc>
<gml:Curve gml:id="K18_4749311778_38-g" srsName="fguuid:jgd2011.bl">
<gml:segments>
<gml:LineStringSegment>
<gml:posList>
32.724016967 131.927253605
32.724041134 131.927266924
32.724034733 131.927283179
32.724041468 131.927286891
32.724033795 131.927306376
32.724040444 131.927310041
32.724028051 131.927341511
32.723990499 131.927320814
32.724016967 131.927253605
</gml:posList>
</gml:LineStringSegment>
</gml:segments>
</gml:Curve>
</loc>
<type>普通建物</type>
</BldL>
<BldL gml:id="K18_4749311778_39">
<fid>47493-11778-s-3741</fid>
<lfSpanFr gml:id="K18_4749311778_39-1">
<gml:timePosition>2020-06-30</gml:timePosition>
</lfSpanFr>
<devDate gml:id="K18_4749311778_39-2">
<gml:timePosition>2020-09-08</gml:timePosition>
</devDate>
<orgGILvl>5000</orgGILvl>
<loc>
<gml:Curve gml:id="K18_4749311778_39-g" srsName="fguuid:jgd2011.bl">
<gml:segments>
<gml:LineStringSegment>
<gml:posList>
32.723697508 131.927759239
32.723728444 131.927718232
32.723795861 131.927789413
32.723764925 131.927830419
32.723697508 131.927759239
</gml:posList>
</gml:LineStringSegment>
</gml:segments>
</gml:Curve>
</loc>
<type>普通建物</type>
</BldL>
<BldL gml:id="K18_4749311778_40">
<fid>47493-11778-s-3742</fid>
<lfSpanFr gml:id="K18_4749311778_40-1">
<gml:timePosition>2020-06-30</gml:timePosition>
</lfSpanFr>
<devDate gml:id="K18_4749311778_40-2">
<gml:timePosition>2020-09-08</gml:timePosition>
</devDate>
<orgGILvl>5000</orgGILvl>
<loc>
<gml:Curve gml:id="K18_4749311778_40-g" srsName="fguuid:jgd2011.bl">
<gml:segments>
<gml:LineStringSegment>
<gml:posList>
32.723403760 131.927533248
32.723365081 131.927554156
32.723350990 131.927517675
32.723487781 131.927443734
32.723537228 131.927571759
32.723439118 131.927624791
32.723403760 131.927533248
</gml:posList>
</gml:LineStringSegment>
</gml:segments>
</gml:Curve>
</loc>
<type>普通建物</type>
</BldL>
<BldL gml:id="K18_4749311778_41">
<fid>47493-11778-s-3743</fid>
<lfSpanFr gml:id="K18_4749311778_41-1">
<gml:timePosition>2020-06-30</gml:timePosition>
</lfSpanFr>
<devDate gml:id="K18_4749311778_41-2">
<gml:timePosition>2020-09-08</gml:timePosition>
</devDate>
<orgGILvl>5000</orgGILvl>
<loc>
<gml:Curve gml:id="K18_4749311778_41-g" srsName="fguuid:jgd2011.bl">
<gml:segments>
<gml:LineStringSegment>
<gml:posList>
32.722258124 131.928564091
32.722210756 131.928554076
32.722219851 131.928493885
32.722316046 131.928514225
32.722301918 131.928607734
32.722253090 131.928597410
32.722258124 131.928564091
</gml:posList>
</gml:LineStringSegment>
</gml:segments>
</gml:Curve>
</loc>
<type>普通建物</type>
</BldL>
<BldL gml:id="K18_4749311778_42">
<fid>47493-11778-s-3744</fid>
<lfSpanFr gml:id="K18_4749311778_42-1">
<gml:timePosition>2020-06-30</gml:timePosition>
</lfSpanFr>
<devDate gml:id="K18_4749311778_42-2">
<gml:timePosition>2020-09-08</gml:timePosition>
</devDate>
<orgGILvl>5000</orgGILvl>
<loc>
<gml:Curve gml:id="K18_4749311778_42-g" srsName="fguuid:jgd2011.bl">
<gml:segments>
<gml:LineStringSegment>
<gml:posList>
32.722850284 131.928267074
32.722702209 131.928346142
32.722677343 131.928280971
32.722825418 131.928201902
32.722850284 131.928267074
</gml:posList>
</gml:LineStringSegment>
</gml:segments>
</gml:Curve>
</loc>
<type>普通建物</type>
</BldL>
<BldL gml:id="K18_4749311778_43">
<fid>47493-11778-s-3745</fid>
<lfSpanFr gml:id="K18_4749311778_43-1">
<gml:timePosition>2020-06-30</gml:timePosition>
</lfSpanFr>
<devDate gml:id="K18_4749311778_43-2">
<gml:timePosition>2020-09-08</gml:timePosition>
</devDate>
<orgGILvl>5000</orgGILvl>
<loc>
<gml:Curve gml:id="K18_4749311778_43-g" srsName="fguuid:jgd2011.bl">
<gml:segments>
<gml:LineStringSegment>
<gml:posList>
32.724589892 131.926460064
32.724544453 131.926517361
32.724513714 131.926483244
32.724559154 131.926425947
32.724589892 131.926460064
</gml:posList>
</gml:LineStringSegment>
</gml:segments>
</gml:Curve>
</loc>
<type>普通建物</type>
</BldL>
<BldL gml:id="K18_4749311778_44">
<fid>47493-11778-s-3746</fid>
<lfSpanFr gml:id="K18_4749311778_44-1">
<gml:timePosition>2020-06-30</gml:timePosition>
</lfSpanFr>
<devDate gml:id="K18_4749311778_44-2">
<gml:timePosition>2020-09-08</gml:timePosition>
</devDate>
<orgGILvl>5000</orgGILvl>
<loc>
<gml:Curve gml:id="K18_4749311778_44-g" srsName="fguuid:jgd2011.bl">
<gml:segments>
<gml:LineStringSegment>
<gml:posList>
32.723036919 131.927113321
32.723012339 131.927038712
32.723044882 131.927023708
32.723069461 131.927098317
32.723036919 131.927113321
</gml:posList>
</gml:LineStringSegment>
</gml:segments>
</gml:Curve>
</loc>
<type>普通建物</type>
</BldL>
<BldL gml:id="K18_4749311778_45">
<fid>47493-11778-s-3747</fid>
<lfSpanFr gml:id="K18_4749311778_45-1">
<gml:timePosition>2020-06-30</gml:timePosition>
</lfSpanFr>
<devDate gml:id="K18_4749311778_45-2">
<gml:timePosition>2020-09-08</gml:timePosition>
</devDate>
<orgGILvl>5000</orgGILvl>
<loc>
<gml:Curve gml:id="K18_4749311778_45-g" srsName="fguuid:jgd2011.bl">
<gml:segments>
<gml:LineStringSegment>
<gml:posList>
32.722967404 131.926713034
32.722927961 131.926767886
32.722872480 131.926712052
32.722911923 131.926657201
32.722967404 131.926713034
</gml:posList>
</gml:LineStringSegment>
</gml:segments>
</gml:Curve>
</loc>
<type>普通建物</type>
</BldL>
<BldL gml:id="K18_4749311781_1">
<fid>47493-11781-s-786</fid>
<lfSpanFr gml:id="K18_4749311781_1-1">
<gml:timePosition>2020-06-30</gml:timePosition>
</lfSpanFr>
<devDate gml:id="K18_4749311781_1-2">
<gml:timePosition>2020-09-08</gml:timePosition>
</devDate>
<orgGILvl>5000</orgGILvl>
<loc>
<gml:Curve gml:id="K18_4749311781_1-g" srsName="fguuid:jgd2011.bl">
<gml:segments>
<gml:LineStringSegment>
<gml:posList>
32.726143705 131.926684562
32.726220707 131.926698313
32.726195874 131.926892941
32.726217971 131.926896887
32.726211616 131.926946700
32.726164220 131.926938237
32.726152493 131.927030151
32.726100787 131.927020917
32.726143705 131.926684562
</gml:posList>
</gml:LineStringSegment>
</gml:segments>
</gml:Curve>
</loc>
<type>普通建物</type>
</BldL>
</Dataset>
