<?xml version="1.0" encoding="utf-8"?>
<Dataset xsi:schemaLocation="http://fgd.gsi.go.jp/spec/2008/FGD_GMLSchema FGD_GMLSchema.xsd"
	xmlns:gml="http://www.opengis.net/gml/3.2"
	xmlns:xsi="http://www.w3.org/2001/XMLSchema-instance"
	xmlns:xlink="http://www.w3.org/1999/xlink"
	xmlns="http://fgd.gsi.go.jp/spec/2008/FGD_GMLSchema"
	gml:id="Dataset1">
  <gml:description>基盤地図情報メタデータ ID=fmdid:21-0701</gml:description>
  <gml:name>基盤地図情報ダウンロードデータ（GML版）</gml:name>
<GCP gml:id="K1_493113_1">
<fid>10-00100-0-2105-159956</fid>
<lfSpanFr gml:id="K1_493113_1-1">
<gml:timePosition>2021-05-19</gml:timePosition>
</lfSpanFr>
<devDate gml:id="K1_493113_1-2">
<gml:timePosition>2021-06-03</gml:timePosition>
</devDate>
<orgGILvl>KJ13</orgGILvl>
<vis>表示</vis>
<pos>
<gml:Point gml:id="K1_493113_1-g" srsName="fguuid:jgd2011.bl">
<gml:pos>32.755879806 131.401026778</gml:pos>
</gml:Point>
</pos>
<orgName>国土地理院</orgName>
<type>三角点</type>
<gcpClass>三等三角点</gcpClass>
<gcpCode>TR34931130201</gcpCode>
<name>二ツ岳</name>
<B>117921.1673</B>
<L>473043.6964</L>
<alti>1257.04</alti>
<altiAcc>2</altiAcc>
</GCP>
<GCP gml:id="K1_493113_2">
<fid>10-00100-0-2105-159957</fid>
<lfSpanFr gml:id="K1_493113_2-1">
<gml:timePosition>2021-05-19</gml:timePosition>
</lfSpanFr>
<devDate gml:id="K1_493113_2-2">
<gml:timePosition>2021-06-03</gml:timePosition>
</devDate>
<orgGILvl>KJ13</orgGILvl>
<vis>表示</vis>
<pos>
<gml:Point gml:id="K1_493113_2-g" srsName="fguuid:jgd2011.bl">
<gml:pos>32.766967583 131.457029222</gml:pos>
</gml:Point>
</pos>
<orgName>国土地理院</orgName>
<type>三角点</type>
<gcpClass>三等三角点</gcpClass>
<gcpCode>TR34931132601</gcpCode>
<name>窓ノ口</name>
<B>117961.0833</B>
<L>473245.3052</L>
<alti>1218.09</alti>
<altiAcc>2</altiAcc>
</GCP>
<GCP gml:id="K1_493113_3">
<fid>10-00100-0-2105-159958</fid>
<lfSpanFr gml:id="K1_493113_3-1">
<gml:timePosition>2021-05-19</gml:timePosition>
</lfSpanFr>
<devDate gml:id="K1_493113_3-2">
<gml:timePosition>2021-06-03</gml:timePosition>
</devDate>
<orgGILvl>KJ13</orgGILvl>
<vis>表示</vis>
<pos>
<gml:Point gml:id="K1_493113_3-g" srsName="fguuid:jgd2011.bl">
<gml:pos>32.771320083 131.488056278</gml:pos>
</gml:Point>
</pos>
<orgName>国土地理院</orgName>
<type>三角点</type>
<gcpClass>三等三角点</gcpClass>
<gcpCode>TR34931132901</gcpCode>
<name>五様岳</name>
<B>117976.7523</B>
<L>473357.0026</L>
<alti>1569.57</alti>
<altiAcc>2</altiAcc>
</GCP>
<GCP gml:id="K1_493113_4">
<fid>10-00100-0-2105-159959</fid>
<lfSpanFr gml:id="K1_493113_4-1">
<gml:timePosition>2021-05-19</gml:timePosition>
</lfSpanFr>
<devDate gml:id="K1_493113_4-2">
<gml:timePosition>2021-06-03</gml:timePosition>
</devDate>
<orgGILvl>KJ13</orgGILvl>
<vis>表示</vis>
<pos>
<gml:Point gml:id="K1_493113_4-g" srsName="fguuid:jgd2011.bl">
<gml:pos>32.782801556 131.409476861</gml:pos>
</gml:Point>
</pos>
<orgName>国土地理院</orgName>
<type>三角点</type>
<gcpClass>三等三角点</gcpClass>
<gcpCode>TR34931133201</gcpCode>
<name>乙ノ山</name>
<B>118018.0856</B>
<L>473074.1167</L>
<alti>1100.87</alti>
<altiAcc>2</altiAcc>
</GCP>
<GCP gml:id="K1_493113_5">
<fid>10-00100-0-2105-159960</fid>
<lfSpanFr gml:id="K1_493113_5-1">
<gml:timePosition>2021-05-19</gml:timePosition>
</lfSpanFr>
<devDate gml:id="K1_493113_5-2">
<gml:timePosition>2021-06-03</gml:timePosition>
</devDate>
<orgGILvl>KJ13</orgGILvl>
<vis>表示</vis>
<pos>
<gml:Point gml:id="K1_493113_5-g" srsName="fguuid:jgd2011.bl">
<gml:pos>32.791492694 131.488049833</gml:pos>
</gml:Point>
</pos>
<orgName>国土地理院</orgName>
<type>三角点</type>
<gcpClass>三等三角点</gcpClass>
<gcpCode>TR34931134901</gcpCode>
<name>奥村</name>
<B>118049.3737</B>
<L>473356.9794</L>
<alti>1132.42</alti>
<altiAcc>2</altiAcc>
</GCP>
<GCP gml:id="K1_493113_6">
<fid>10-00100-0-2105-159961</fid>
<lfSpanFr gml:id="K1_493113_6-1">
<gml:timePosition>2021-05-19</gml:timePosition>
</lfSpanFr>
<devDate gml:id="K1_493113_6-2">
<gml:timePosition>2021-06-03</gml:timePosition>
</devDate>
<orgGILvl>KJ13</orgGILvl>
<vis>表示</vis>
<pos>
<gml:Point gml:id="K1_493113_6-g" srsName="fguuid:jgd2011.bl">
<gml:pos>32.797514750 131.439778500</gml:pos>
</gml:Point>
</pos>
<orgName>国土地理院</orgName>
<type>三角点</type>
<gcpClass>三等三角点</gcpClass>
<gcpCode>TR34931135501</gcpCode>
<name>池ノ原</name>
<B>118071.0531</B>
<L>473183.2026</L>
<alti>1229.72</alti>
<altiAcc>2</altiAcc>
</GCP>
<GCP gml:id="K1_493113_7">
<fid>10-00100-0-2105-159962</fid>
<lfSpanFr gml:id="K1_493113_7-1">
<gml:timePosition>2021-05-19</gml:timePosition>
</lfSpanFr>
<devDate gml:id="K1_493113_7-2">
<gml:timePosition>2021-06-03</gml:timePosition>
</devDate>
<orgGILvl>KJ13</orgGILvl>
<vis>表示</vis>
<pos>
<gml:Point gml:id="K1_493113_7-g" srsName="fguuid:jgd2011.bl">
<gml:pos>32.811609667 131.396054333</gml:pos>
</gml:Point>
</pos>
<orgName>国土地理院</orgName>
<type>三角点</type>
<gcpClass>三等三角点</gcpClass>
<gcpCode>TR34931137101</gcpCode>
<name>尾平越</name>
<B>118121.7948</B>
<L>473025.7956</L>
<alti>1334.17</alti>
<altiAcc>2</altiAcc>
</GCP>
<GCP gml:id="K1_493113_8">
<fid>10-00100-0-2105-159963</fid>
<lfSpanFr gml:id="K1_493113_8-1">
<gml:timePosition>2021-05-19</gml:timePosition>
</lfSpanFr>
<devDate gml:id="K1_493113_8-2">
<gml:timePosition>2021-06-03</gml:timePosition>
</devDate>
<orgGILvl>KJ13</orgGILvl>
<vis>表示</vis>
<pos>
<gml:Point gml:id="K1_493113_8-g" srsName="fguuid:jgd2011.bl">
<gml:pos>32.811803333 131.421180750</gml:pos>
</gml:Point>
</pos>
<orgName>国土地理院</orgName>
<type>三角点</type>
<gcpClass>三等三角点</gcpClass>
<gcpCode>TR34931137301</gcpCode>
<name>本谷山</name>
<B>118122.492</B>
<L>473116.2507</L>
<alti>1642.79</alti>
<altiAcc>2</altiAcc>
</GCP>
<GCP gml:id="K1_493113_9">
<fid>10-00100-0-2105-159964</fid>
<lfSpanFr gml:id="K1_493113_9-1">
<gml:timePosition>2021-05-19</gml:timePosition>
</lfSpanFr>
<devDate gml:id="K1_493113_9-2">
<gml:timePosition>2021-06-03</gml:timePosition>
</devDate>
<orgGILvl>KJ13</orgGILvl>
<vis>表示</vis>
<pos>
<gml:Point gml:id="K1_493113_9-g" srsName="fguuid:jgd2011.bl">
<gml:pos>32.817824167 131.460521250</gml:pos>
</gml:Point>
</pos>
<orgName>国土地理院</orgName>
<type>三角点</type>
<gcpClass>三等三角点</gcpClass>
<gcpCode>TR34931138601</gcpCode>
<name>高畑</name>
<B>118144.167</B>
<L>473257.8765</L>
<alti>1207.08</alti>
<altiAcc>2</altiAcc>
</GCP>
<GCP gml:id="K1_493113_10">
<fid>10-00100-0-2105-159965</fid>
<lfSpanFr gml:id="K1_493113_10-1">
<gml:timePosition>2021-05-19</gml:timePosition>
</lfSpanFr>
<devDate gml:id="K1_493113_10-2">
<gml:timePosition>2021-06-03</gml:timePosition>
</devDate>
<orgGILvl>KJ13</orgGILvl>
<vis>表示</vis>
<pos>
<gml:Point gml:id="K1_493113_10-g" srsName="fguuid:jgd2011.bl">
<gml:pos>32.825937861 131.436068889</gml:pos>
</gml:Point>
</pos>
<orgName>国土地理院</orgName>
<type>三角点</type>
<gcpClass>三等三角点</gcpClass>
<gcpCode>TR34931139401</gcpCode>
<name>黒仁田</name>
<B>118173.3763</B>
<L>473169.848</L>
<alti>1521.85</alti>
<altiAcc>2</altiAcc>
</GCP>
<GCP gml:id="K1_493113_11">
<fid>10-00100-0-2105-197652</fid>
<lfSpanFr gml:id="K1_493113_11-1">
<gml:timePosition>2021-05-19</gml:timePosition>
</lfSpanFr>
<devDate gml:id="K1_493113_11-2">
<gml:timePosition>2021-06-03</gml:timePosition>
</devDate>
<orgGILvl>KJ14</orgGILvl>
<vis>表示</vis>
<pos>
<gml:Point gml:id="K1_493113_11-g" srsName="fguuid:jgd2011.bl">
<gml:pos>32.750923306 131.412552194</gml:pos>
</gml:Point>
</pos>
<orgName>国土地理院</orgName>
<type>三角点</type>
<gcpClass>四等三角点</gcpClass>
<gcpCode>TR44931130301</gcpCode>
<name>名女石</name>
<B>117903.3239</B>
<L>473085.1879</L>
<alti>829.89</alti>
<altiAcc>2</altiAcc>
</GCP>
<GCP gml:id="K1_493113_12">
<fid>10-00100-0-2105-197653</fid>
<lfSpanFr gml:id="K1_493113_12-1">
<gml:timePosition>2021-05-19</gml:timePosition>
</lfSpanFr>
<devDate gml:id="K1_493113_12-2">
<gml:timePosition>2021-06-03</gml:timePosition>
</devDate>
<orgGILvl>KJ14</orgGILvl>
<vis>表示</vis>
<pos>
<gml:Point gml:id="K1_493113_12-g" srsName="fguuid:jgd2011.bl">
<gml:pos>32.751826444 131.437209250</gml:pos>
</gml:Point>
</pos>
<orgName>国土地理院</orgName>
<type>三角点</type>
<gcpClass>四等三角点</gcpClass>
<gcpCode>TR44931130401</gcpCode>
<name>大吹</name>
<B>117906.5752</B>
<L>473173.9533</L>
<alti>1019.35</alti>
<altiAcc>2</altiAcc>
</GCP>
<GCP gml:id="K1_493113_13">
<fid>10-00100-0-2105-197654</fid>
<lfSpanFr gml:id="K1_493113_13-1">
<gml:timePosition>2021-05-19</gml:timePosition>
</lfSpanFr>
<devDate gml:id="K1_493113_13-2">
<gml:timePosition>2021-06-03</gml:timePosition>
</devDate>
<orgGILvl>KJ14</orgGILvl>
<vis>表示</vis>
<pos>
<gml:Point gml:id="K1_493113_13-g" srsName="fguuid:jgd2011.bl">
<gml:pos>32.774371694 131.390468556</gml:pos>
</gml:Point>
</pos>
<orgName>国土地理院</orgName>
<type>三角点</type>
<gcpClass>四等三角点</gcpClass>
<gcpCode>TR44931132101</gcpCode>
<name>城山</name>
<B>117987.7381</B>
<L>473005.6868</L>
<alti>686.47</alti>
<altiAcc>2</altiAcc>
</GCP>
<GCP gml:id="K1_493113_14">
<fid>10-00100-0-2105-197655</fid>
<lfSpanFr gml:id="K1_493113_14-1">
<gml:timePosition>2021-05-19</gml:timePosition>
</lfSpanFr>
<devDate gml:id="K1_493113_14-2">
<gml:timePosition>2021-06-03</gml:timePosition>
</devDate>
<orgGILvl>KJ14</orgGILvl>
<vis>表示</vis>
<pos>
<gml:Point gml:id="K1_493113_14-g" srsName="fguuid:jgd2011.bl">
<gml:pos>32.768602889 131.416494556</gml:pos>
</gml:Point>
</pos>
<orgName>国土地理院</orgName>
<type>三角点</type>
<gcpClass>四等三角点</gcpClass>
<gcpCode>TR44931132301</gcpCode>
<name>赤川</name>
<B>117966.9704</B>
<L>473099.3804</L>
<alti>1034.48</alti>
<altiAcc>2</altiAcc>
</GCP>
<GCP gml:id="K1_493113_15">
<fid>10-00100-0-2105-197656</fid>
<lfSpanFr gml:id="K1_493113_15-1">
<gml:timePosition>2021-05-19</gml:timePosition>
</lfSpanFr>
<devDate gml:id="K1_493113_15-2">
<gml:timePosition>2021-06-03</gml:timePosition>
</devDate>
<orgGILvl>KJ14</orgGILvl>
<vis>表示</vis>
<pos>
<gml:Point gml:id="K1_493113_15-g" srsName="fguuid:jgd2011.bl">
<gml:pos>32.769261250 131.443028889</gml:pos>
</gml:Point>
</pos>
<orgName>国土地理院</orgName>
<type>三角点</type>
<gcpClass>四等三角点</gcpClass>
<gcpCode>TR44931132501</gcpCode>
<name>中村</name>
<B>117969.3405</B>
<L>473194.904</L>
<alti>950.05</alti>
<altiAcc>2</altiAcc>
</GCP>
<GCP gml:id="K1_493113_16">
<fid>10-00100-0-2105-197657</fid>
<lfSpanFr gml:id="K1_493113_16-1">
<gml:timePosition>2021-05-19</gml:timePosition>
</lfSpanFr>
<devDate gml:id="K1_493113_16-2">
<gml:timePosition>2021-06-03</gml:timePosition>
</devDate>
<orgGILvl>KJ14</orgGILvl>
<vis>表示</vis>
<pos>
<gml:Point gml:id="K1_493113_16-g" srsName="fguuid:jgd2011.bl">
<gml:pos>32.786889028 131.434652472</gml:pos>
</gml:Point>
</pos>
<orgName>国土地理院</orgName>
<type>三角点</type>
<gcpClass>四等三角点</gcpClass>
<gcpCode>TR44931134401</gcpCode>
<name>媒市</name>
<B>118032.8005</B>
<L>473164.7489</L>
<alti>948.1</alti>
<altiAcc>2</altiAcc>
</GCP>
<GCP gml:id="K1_493113_17">
<fid>10-00100-0-2105-197658</fid>
<lfSpanFr gml:id="K1_493113_17-1">
<gml:timePosition>2021-05-19</gml:timePosition>
</lfSpanFr>
<devDate gml:id="K1_493113_17-2">
<gml:timePosition>2021-06-03</gml:timePosition>
</devDate>
<orgGILvl>KJ14</orgGILvl>
<vis>表示</vis>
<pos>
<gml:Point gml:id="K1_493113_17-g" srsName="fguuid:jgd2011.bl">
<gml:pos>32.790492278 131.460653194</gml:pos>
</gml:Point>
</pos>
<orgName>国土地理院</orgName>
<type>三角点</type>
<gcpClass>四等三角点</gcpClass>
<gcpCode>TR44931134601</gcpCode>
<name>藤谷</name>
<B>118045.7722</B>
<L>473258.3515</L>
<alti>647.26</alti>
<altiAcc>2</altiAcc>
</GCP>
<GCP gml:id="K1_493113_18">
<fid>10-00100-0-2105-197659</fid>
<lfSpanFr gml:id="K1_493113_18-1">
<gml:timePosition>2021-05-19</gml:timePosition>
</lfSpanFr>
<devDate gml:id="K1_493113_18-2">
<gml:timePosition>2021-06-03</gml:timePosition>
</devDate>
<orgGILvl>KJ14</orgGILvl>
<vis>表示</vis>
<pos>
<gml:Point gml:id="K1_493113_18-g" srsName="fguuid:jgd2011.bl">
<gml:pos>32.793375056 131.381271111</gml:pos>
</gml:Point>
</pos>
<orgName>国土地理院</orgName>
<type>三角点</type>
<gcpClass>四等三角点</gcpClass>
<gcpCode>TR44931135001</gcpCode>
<name>西之内</name>
<B>118056.1502</B>
<L>472972.576</L>
<alti>973.79</alti>
<altiAcc>2</altiAcc>
</GCP>
<GCP gml:id="K1_493113_19">
<fid>10-00100-0-2105-197660</fid>
<lfSpanFr gml:id="K1_493113_19-1">
<gml:timePosition>2021-05-19</gml:timePosition>
</lfSpanFr>
<devDate gml:id="K1_493113_19-2">
<gml:timePosition>2021-06-03</gml:timePosition>
</devDate>
<orgGILvl>KJ14</orgGILvl>
<vis>表示</vis>
<pos>
<gml:Point gml:id="K1_493113_19-g" srsName="fguuid:jgd2011.bl">
<gml:pos>32.799065667 131.404745722</gml:pos>
</gml:Point>
</pos>
<orgName>国土地理院</orgName>
<type>三角点</type>
<gcpClass>四等三角点</gcpClass>
<gcpCode>TR44931135201</gcpCode>
<name>登尾</name>
<B>118076.6364</B>
<L>473057.0846</L>
<alti>1030.22</alti>
<altiAcc>2</altiAcc>
</GCP>
<GCP gml:id="K1_493113_20">
<fid>10-00100-0-2105-197661</fid>
<lfSpanFr gml:id="K1_493113_20-1">
<gml:timePosition>2021-05-19</gml:timePosition>
</lfSpanFr>
<devDate gml:id="K1_493113_20-2">
<gml:timePosition>2021-06-03</gml:timePosition>
</devDate>
<orgGILvl>KJ14</orgGILvl>
<vis>表示</vis>
<pos>
<gml:Point gml:id="K1_493113_20-g" srsName="fguuid:jgd2011.bl">
<gml:pos>32.797614472 131.420683722</gml:pos>
</gml:Point>
</pos>
<orgName>国土地理院</orgName>
<type>三角点</type>
<gcpClass>四等三角点</gcpClass>
<gcpCode>TR44931135301</gcpCode>
<name>追越</name>
<B>118071.4121</B>
<L>473114.4614</L>
<alti>1308.18</alti>
<altiAcc>2</altiAcc>
</GCP>
<GCP gml:id="K1_493113_21">
<fid>10-00100-0-2105-197662</fid>
<lfSpanFr gml:id="K1_493113_21-1">
<gml:timePosition>2021-05-19</gml:timePosition>
</lfSpanFr>
<devDate gml:id="K1_493113_21-2">
<gml:timePosition>2021-06-03</gml:timePosition>
</devDate>
<orgGILvl>KJ14</orgGILvl>
<vis>表示</vis>
<pos>
<gml:Point gml:id="K1_493113_21-g" srsName="fguuid:jgd2011.bl">
<gml:pos>32.800352194 131.392083694</gml:pos>
</gml:Point>
</pos>
<orgName>国土地理院</orgName>
<type>三角点</type>
<gcpClass>四等三角点</gcpClass>
<gcpCode>TR44931136101</gcpCode>
<name>中野内</name>
<B>118081.2679</B>
<L>473011.5013</L>
<alti>993.33</alti>
<altiAcc>2</altiAcc>
</GCP>
<GCP gml:id="K1_493113_22">
<fid>10-00100-0-2105-197663</fid>
<lfSpanFr gml:id="K1_493113_22-1">
<gml:timePosition>2021-05-19</gml:timePosition>
</lfSpanFr>
<devDate gml:id="K1_493113_22-2">
<gml:timePosition>2021-06-03</gml:timePosition>
</devDate>
<orgGILvl>KJ14</orgGILvl>
<vis>表示</vis>
<pos>
<gml:Point gml:id="K1_493113_22-g" srsName="fguuid:jgd2011.bl">
<gml:pos>32.800534167 131.468530139</gml:pos>
</gml:Point>
</pos>
<orgName>国土地理院</orgName>
<type>三角点</type>
<gcpClass>四等三角点</gcpClass>
<gcpCode>TR44931136701</gcpCode>
<name>水無</name>
<B>118081.923</B>
<L>473286.7085</L>
<alti>720.52</alti>
<altiAcc>2</altiAcc>
</GCP>
<GCP gml:id="K1_493113_23">
<fid>10-00100-0-2105-197664</fid>
<lfSpanFr gml:id="K1_493113_23-1">
<gml:timePosition>2021-05-19</gml:timePosition>
</lfSpanFr>
<devDate gml:id="K1_493113_23-2">
<gml:timePosition>2021-06-03</gml:timePosition>
</devDate>
<orgGILvl>KJ14</orgGILvl>
<vis>表示</vis>
<pos>
<gml:Point gml:id="K1_493113_23-g" srsName="fguuid:jgd2011.bl">
<gml:pos>32.806364389 131.481922194</gml:pos>
</gml:Point>
</pos>
<orgName>国土地理院</orgName>
<type>三角点</type>
<gcpClass>四等三角点</gcpClass>
<gcpCode>TR44931136801</gcpCode>
<name>桑鶴</name>
<B>118102.9118</B>
<L>473334.9199</L>
<alti>735.32</alti>
<altiAcc>2</altiAcc>
</GCP>
<GCP gml:id="K1_493113_24">
<fid>10-00100-0-2105-197665</fid>
<lfSpanFr gml:id="K1_493113_24-1">
<gml:timePosition>2021-05-19</gml:timePosition>
</lfSpanFr>
<devDate gml:id="K1_493113_24-2">
<gml:timePosition>2021-06-03</gml:timePosition>
</devDate>
<orgGILvl>KJ14</orgGILvl>
<vis>表示</vis>
<pos>
<gml:Point gml:id="K1_493113_24-g" srsName="fguuid:jgd2011.bl">
<gml:pos>32.809785306 131.379205694</gml:pos>
</gml:Point>
</pos>
<orgName>国土地理院</orgName>
<type>三角点</type>
<gcpClass>四等三角点</gcpClass>
<gcpCode>TR44931137001</gcpCode>
<name>コシキ岩</name>
<B>118115.2271</B>
<L>472965.1405</L>
<alti>1230.55</alti>
<altiAcc>2</altiAcc>
</GCP>
<GCP gml:id="K1_493113_25">
<fid>10-00100-0-2105-197666</fid>
<lfSpanFr gml:id="K1_493113_25-1">
<gml:timePosition>2021-05-19</gml:timePosition>
</lfSpanFr>
<devDate gml:id="K1_493113_25-2">
<gml:timePosition>2021-06-03</gml:timePosition>
</devDate>
<orgGILvl>KJ14</orgGILvl>
<vis>表示</vis>
<pos>
<gml:Point gml:id="K1_493113_25-g" srsName="fguuid:jgd2011.bl">
<gml:pos>32.822886167 131.386785111</gml:pos>
</gml:Point>
</pos>
<orgName>国土地理院</orgName>
<type>三角点</type>
<gcpClass>四等三角点</gcpClass>
<gcpCode>TR44931138001</gcpCode>
<name>尾平</name>
<B>118162.3902</B>
<L>472992.4264</L>
<alti>615.62</alti>
<altiAcc>2</altiAcc>
</GCP>
<GCP gml:id="K1_493113_26">
<fid>10-00100-0-2105-197667</fid>
<lfSpanFr gml:id="K1_493113_26-1">
<gml:timePosition>2021-05-19</gml:timePosition>
</lfSpanFr>
<devDate gml:id="K1_493113_26-2">
<gml:timePosition>2021-06-03</gml:timePosition>
</devDate>
<orgGILvl>KJ14</orgGILvl>
<vis>表示</vis>
<pos>
<gml:Point gml:id="K1_493113_26-g" srsName="fguuid:jgd2011.bl">
<gml:pos>32.826757056 131.407778750</gml:pos>
</gml:Point>
</pos>
<orgName>国土地理院</orgName>
<type>三角点</type>
<gcpClass>四等三角点</gcpClass>
<gcpCode>TR44931139201</gcpCode>
<name>下尾平</name>
<B>118176.3254</B>
<L>473068.0035</L>
<alti>744.09</alti>
<altiAcc>2</altiAcc>
</GCP>
</Dataset>
