<?xml version="1.0" encoding="utf-8"?>
<Dataset xsi:schemaLocation="http://fgd.gsi.go.jp/spec/2008/FGD_GMLSchema FGD_GMLSchema.xsd"
	xmlns:gml="http://www.opengis.net/gml/3.2"
	xmlns:xsi="http://www.w3.org/2001/XMLSchema-instance"
	xmlns:xlink="http://www.w3.org/1999/xlink"
	xmlns="http://fgd.gsi.go.jp/spec/2008/FGD_GMLSchema"
	gml:id="Dataset1">
  <gml:description>基盤地図情報メタデータ ID=fmdid:21-0701</gml:description>
  <gml:name>基盤地図情報ダウンロードデータ（GML版）</gml:name>
<AdmPt gml:id="K6_4730111799_1">
<fid>47301-11799-i-43</fid>
<lfSpanFr gml:id="K6_4730111799_1-1">
<gml:timePosition>2015-08-13</gml:timePosition>
</lfSpanFr>
<devDate gml:id="K6_4730111799_1-2">
<gml:timePosition>2021-06-03</gml:timePosition>
</devDate>
<orgGILvl>25000</orgGILvl>
<vis>非表示</vis>
<pos>
<gml:Point gml:id="K6_4730111799_1-g" srsName="fguuid:jgd2011.bl">
<gml:pos>32.782054168 131.392453752</gml:pos>
</gml:Point>
</pos>
<type>町村・指定都市の区</type>
<name>高千穂町</name>
<admCode>45441</admCode>
</AdmPt>
<AdmPt gml:id="K6_4730411814_1">
<fid>47304-11814-i-16</fid>
<lfSpanFr gml:id="K6_4730411814_1-1">
<gml:timePosition>2017-09-25</gml:timePosition>
</lfSpanFr>
<devDate gml:id="K6_4730411814_1-2">
<gml:timePosition>2021-06-03</gml:timePosition>
</devDate>
<orgGILvl>25000</orgGILvl>
<vis>非表示</vis>
<pos>
<gml:Point gml:id="K6_4730411814_1-g" srsName="fguuid:jgd2011.bl">
<gml:pos>32.821243944 131.403462401</gml:pos>
</gml:Point>
</pos>
<type>郡市・東京都の区</type>
<name>豊後大野市</name>
<admCode>44212</admCode>
</AdmPt>
<AdmPt gml:id="K6_4732211805_1">
<fid>47322-11805-i-32</fid>
<lfSpanFr gml:id="K6_4732211805_1-1">
<gml:timePosition>2021-04-02</gml:timePosition>
</lfSpanFr>
<devDate gml:id="K6_4732211805_1-2">
<gml:timePosition>2021-06-03</gml:timePosition>
</devDate>
<orgGILvl>25000</orgGILvl>
<vis>非表示</vis>
<pos>
<gml:Point gml:id="K6_4732211805_1-g" srsName="fguuid:jgd2011.bl">
<gml:pos>32.792010852 131.458221469</gml:pos>
</gml:Point>
</pos>
<type>町村・指定都市の区</type>
<name>日之影町</name>
<admCode>45442</admCode>
</AdmPt>
<AdmPt gml:id="K6_4733411793_1">
<fid>47334-11793-i-18</fid>
<lfSpanFr gml:id="K6_4733411793_1-1">
<gml:timePosition>2015-08-13</gml:timePosition>
</lfSpanFr>
<devDate gml:id="K6_4733411793_1-2">
<gml:timePosition>2021-06-03</gml:timePosition>
</devDate>
<orgGILvl>25000</orgGILvl>
<vis>非表示</vis>
<pos>
<gml:Point gml:id="K6_4733411793_1-g" srsName="fguuid:jgd2011.bl">
<gml:pos>32.762355804 131.491234465</gml:pos>
</gml:Point>
</pos>
<type>郡市・東京都の区</type>
<name>延岡市</name>
<admCode>45203</admCode>
</AdmPt>
<AdmPt gml:id="K6_4733711814_1">
<fid>47337-11814-i-19</fid>
<lfSpanFr gml:id="K6_4733711814_1-1">
<gml:timePosition>2015-08-13</gml:timePosition>
</lfSpanFr>
<devDate gml:id="K6_4733711814_1-2">
<gml:timePosition>2021-06-03</gml:timePosition>
</devDate>
<orgGILvl>25000</orgGILvl>
<vis>非表示</vis>
<pos>
<gml:Point gml:id="K6_4733711814_1-g" srsName="fguuid:jgd2011.bl">
<gml:pos>32.824330805 131.491887681</gml:pos>
</gml:Point>
</pos>
<type>郡市・東京都の区</type>
<name>佐伯市</name>
<admCode>44205</admCode>
</AdmPt>
</Dataset>
