<?xml version="1.0" encoding="utf-8"?>
<Dataset xsi:schemaLocation="http://fgd.gsi.go.jp/spec/2008/FGD_GMLSchema FGD_GMLSchema.xsd"
	xmlns:gml="http://www.opengis.net/gml/3.2"
	xmlns:xsi="http://www.w3.org/2001/XMLSchema-instance"
	xmlns:xlink="http://www.w3.org/1999/xlink"
	xmlns="http://fgd.gsi.go.jp/spec/2008/FGD_GMLSchema"
	gml:id="Dataset1">
  <gml:description>基盤地図情報メタデータ ID=fmdid:21-0701</gml:description>
  <gml:name>基盤地図情報ダウンロードデータ（GML版）</gml:name>
<ElevPt gml:id="K2_4729511790_1">
<fid>47295-11790-i-124</fid>
<lfSpanFr gml:id="K2_4729511790_1-1">
<gml:timePosition>2021-04-02</gml:timePosition>
</lfSpanFr>
<devDate gml:id="K2_4729511790_1-2">
<gml:timePosition>2021-06-03</gml:timePosition>
</devDate>
<orgGILvl>25000</orgGILvl>
<vis>表示</vis>
<pos>
<gml:Point gml:id="K2_4729511790_1-g" srsName="fguuid:jgd2011.bl">
<gml:pos>32.757551667 131.376407778</gml:pos>
</gml:Point>
</pos>
<type>標高点（測点）</type>
<alti>508</alti>
</ElevPt>
<ElevPt gml:id="K2_4729511799_1">
<fid>47295-11799-i-88</fid>
<lfSpanFr gml:id="K2_4729511799_1-1">
<gml:timePosition>2021-04-02</gml:timePosition>
</lfSpanFr>
<devDate gml:id="K2_4729511799_1-2">
<gml:timePosition>2021-06-03</gml:timePosition>
</devDate>
<orgGILvl>25000</orgGILvl>
<vis>表示</vis>
<pos>
<gml:Point gml:id="K2_4729511799_1-g" srsName="fguuid:jgd2011.bl">
<gml:pos>32.777677222 131.377215000</gml:pos>
</gml:Point>
</pos>
<type>標高点（測点）</type>
<alti>828</alti>
</ElevPt>
<ElevPt gml:id="K2_4729511802_1">
<fid>47295-11802-i-1</fid>
<lfSpanFr gml:id="K2_4729511802_1-1">
<gml:timePosition>2013-12-10</gml:timePosition>
</lfSpanFr>
<devDate gml:id="K2_4729511802_1-2">
<gml:timePosition>2021-06-03</gml:timePosition>
</devDate>
<orgGILvl>25000</orgGILvl>
<vis>表示</vis>
<pos>
<gml:Point gml:id="K2_4729511802_1-g" srsName="fguuid:jgd2011.bl">
<gml:pos>32.786320556 131.378504167</gml:pos>
</gml:Point>
</pos>
<type>標高点（測点）</type>
<alti>888</alti>
</ElevPt>
<ElevPt gml:id="K2_4729511811_1">
<fid>47295-11811-i-39</fid>
<lfSpanFr gml:id="K2_4729511811_1-1">
<gml:timePosition>2017-09-25</gml:timePosition>
</lfSpanFr>
<devDate gml:id="K2_4729511811_1-2">
<gml:timePosition>2021-06-03</gml:timePosition>
</devDate>
<orgGILvl>25000</orgGILvl>
<vis>表示</vis>
<pos>
<gml:Point gml:id="K2_4729511811_1-g" srsName="fguuid:jgd2011.bl">
<gml:pos>32.812571194 131.381409847</gml:pos>
</gml:Point>
</pos>
<type>標高点（測点）</type>
<alti>1045</alti>
</ElevPt>
<ElevPt gml:id="K2_4729511814_1">
<fid>47295-11814-i-101</fid>
<lfSpanFr gml:id="K2_4729511814_1-1">
<gml:timePosition>2017-09-25</gml:timePosition>
</lfSpanFr>
<devDate gml:id="K2_4729511814_1-2">
<gml:timePosition>2021-06-03</gml:timePosition>
</devDate>
<orgGILvl>25000</orgGILvl>
<vis>表示</vis>
<pos>
<gml:Point gml:id="K2_4729511814_1-g" srsName="fguuid:jgd2011.bl">
<gml:pos>32.824534009 131.376104509</gml:pos>
</gml:Point>
</pos>
<type>標高点（測点）</type>
<alti>782</alti>
</ElevPt>
<ElevPt gml:id="K2_4729511814_2">
<fid>47295-11814-i-102</fid>
<lfSpanFr gml:id="K2_4729511814_2-1">
<gml:timePosition>2017-09-25</gml:timePosition>
</lfSpanFr>
<devDate gml:id="K2_4729511814_2-2">
<gml:timePosition>2021-06-03</gml:timePosition>
</devDate>
<orgGILvl>25000</orgGILvl>
<vis>表示</vis>
<pos>
<gml:Point gml:id="K2_4729511814_2-g" srsName="fguuid:jgd2011.bl">
<gml:pos>32.823701226 131.379569261</gml:pos>
</gml:Point>
</pos>
<type>標高点（測点）</type>
<alti>742</alti>
</ElevPt>
<ElevPt gml:id="K2_4729811790_1">
<fid>47298-11790-i-1</fid>
<lfSpanFr gml:id="K2_4729811790_1-1">
<gml:timePosition>2013-12-10</gml:timePosition>
</lfSpanFr>
<devDate gml:id="K2_4729811790_1-2">
<gml:timePosition>2021-06-03</gml:timePosition>
</devDate>
<orgGILvl>25000</orgGILvl>
<vis>表示</vis>
<pos>
<gml:Point gml:id="K2_4729811790_1-g" srsName="fguuid:jgd2011.bl">
<gml:pos>32.755210833 131.384815556</gml:pos>
</gml:Point>
</pos>
<type>標高点（測点）</type>
<alti>686</alti>
</ElevPt>
<ElevPt gml:id="K2_4729811793_1">
<fid>47298-11793-i-129</fid>
<lfSpanFr gml:id="K2_4729811793_1-1">
<gml:timePosition>2021-04-02</gml:timePosition>
</lfSpanFr>
<devDate gml:id="K2_4729811793_1-2">
<gml:timePosition>2021-06-03</gml:timePosition>
</devDate>
<orgGILvl>25000</orgGILvl>
<vis>表示</vis>
<pos>
<gml:Point gml:id="K2_4729811793_1-g" srsName="fguuid:jgd2011.bl">
<gml:pos>32.766110556 131.391584444</gml:pos>
</gml:Point>
</pos>
<type>標高点（測点）</type>
<alti>594</alti>
</ElevPt>
<ElevPt gml:id="K2_4729811799_1">
<fid>47298-11799-i-132</fid>
<lfSpanFr gml:id="K2_4729811799_1-1">
<gml:timePosition>2021-04-02</gml:timePosition>
</lfSpanFr>
<devDate gml:id="K2_4729811799_1-2">
<gml:timePosition>2021-06-03</gml:timePosition>
</devDate>
<orgGILvl>25000</orgGILvl>
<vis>表示</vis>
<pos>
<gml:Point gml:id="K2_4729811799_1-g" srsName="fguuid:jgd2011.bl">
<gml:pos>32.781440556 131.385380556</gml:pos>
</gml:Point>
</pos>
<type>標高点（測点）</type>
<alti>646</alti>
</ElevPt>
<ElevPt gml:id="K2_4729811802_1">
<fid>47298-11802-i-95</fid>
<lfSpanFr gml:id="K2_4729811802_1-1">
<gml:timePosition>2021-04-02</gml:timePosition>
</lfSpanFr>
<devDate gml:id="K2_4729811802_1-2">
<gml:timePosition>2021-06-03</gml:timePosition>
</devDate>
<orgGILvl>25000</orgGILvl>
<vis>表示</vis>
<pos>
<gml:Point gml:id="K2_4729811802_1-g" srsName="fguuid:jgd2011.bl">
<gml:pos>32.785409167 131.384972778</gml:pos>
</gml:Point>
</pos>
<type>標高点（測点）</type>
<alti>798</alti>
</ElevPt>
<ElevPt gml:id="K2_4729811808_1">
<fid>47298-11808-i-58</fid>
<lfSpanFr gml:id="K2_4729811808_1-1">
<gml:timePosition>2017-09-25</gml:timePosition>
</lfSpanFr>
<devDate gml:id="K2_4729811808_1-2">
<gml:timePosition>2021-06-03</gml:timePosition>
</devDate>
<orgGILvl>25000</orgGILvl>
<vis>表示</vis>
<pos>
<gml:Point gml:id="K2_4729811808_1-g" srsName="fguuid:jgd2011.bl">
<gml:pos>32.801298141 131.387638201</gml:pos>
</gml:Point>
</pos>
<type>標高点（測点）</type>
<alti>839</alti>
</ElevPt>
<ElevPt gml:id="K2_4729811811_1">
<fid>47298-11811-i-84</fid>
<lfSpanFr gml:id="K2_4729811811_1-1">
<gml:timePosition>2017-09-25</gml:timePosition>
</lfSpanFr>
<devDate gml:id="K2_4729811811_1-2">
<gml:timePosition>2021-06-03</gml:timePosition>
</devDate>
<orgGILvl>25000</orgGILvl>
<vis>表示</vis>
<pos>
<gml:Point gml:id="K2_4729811811_1-g" srsName="fguuid:jgd2011.bl">
<gml:pos>32.808774521 131.384202365</gml:pos>
</gml:Point>
</pos>
<type>標高点（測点）</type>
<alti>1214</alti>
</ElevPt>
<ElevPt gml:id="K2_4729811814_1">
<fid>47298-11814-i-130</fid>
<lfSpanFr gml:id="K2_4729811814_1-1">
<gml:timePosition>2021-04-02</gml:timePosition>
</lfSpanFr>
<devDate gml:id="K2_4729811814_1-2">
<gml:timePosition>2021-06-03</gml:timePosition>
</devDate>
<orgGILvl>25000</orgGILvl>
<vis>表示</vis>
<pos>
<gml:Point gml:id="K2_4729811814_1-g" srsName="fguuid:jgd2011.bl">
<gml:pos>32.819476477 131.385702105</gml:pos>
</gml:Point>
</pos>
<type>標高点（測点）</type>
<alti>757</alti>
</ElevPt>
<ElevPt gml:id="K2_4729811817_1">
<fid>47298-11817-i-66</fid>
<lfSpanFr gml:id="K2_4729811817_1-1">
<gml:timePosition>2017-09-25</gml:timePosition>
</lfSpanFr>
<devDate gml:id="K2_4729811817_1-2">
<gml:timePosition>2021-06-03</gml:timePosition>
</devDate>
<orgGILvl>25000</orgGILvl>
<vis>表示</vis>
<pos>
<gml:Point gml:id="K2_4729811817_1-g" srsName="fguuid:jgd2011.bl">
<gml:pos>32.828889298 131.385766236</gml:pos>
</gml:Point>
</pos>
<type>標高点（測点）</type>
<alti>856</alti>
</ElevPt>
<ElevPt gml:id="K2_4730111790_1">
<fid>47301-11790-i-7</fid>
<lfSpanFr gml:id="K2_4730111790_1-1">
<gml:timePosition>2021-04-02</gml:timePosition>
</lfSpanFr>
<devDate gml:id="K2_4730111790_1-2">
<gml:timePosition>2021-06-03</gml:timePosition>
</devDate>
<orgGILvl>25000</orgGILvl>
<vis>表示</vis>
<pos>
<gml:Point gml:id="K2_4730111790_1-g" srsName="fguuid:jgd2011.bl">
<gml:pos>32.754572222 131.394002778</gml:pos>
</gml:Point>
</pos>
<type>標高点（測点）</type>
<alti>1064</alti>
</ElevPt>
<ElevPt gml:id="K2_4730111793_1">
<fid>47301-11793-i-2</fid>
<lfSpanFr gml:id="K2_4730111793_1-1">
<gml:timePosition>2013-12-10</gml:timePosition>
</lfSpanFr>
<devDate gml:id="K2_4730111793_1-2">
<gml:timePosition>2021-06-03</gml:timePosition>
</devDate>
<orgGILvl>25000</orgGILvl>
<vis>表示</vis>
<pos>
<gml:Point gml:id="K2_4730111793_1-g" srsName="fguuid:jgd2011.bl">
<gml:pos>32.766116111 131.395437222</gml:pos>
</gml:Point>
</pos>
<type>標高点（測点）</type>
<alti>755</alti>
</ElevPt>
<ElevPt gml:id="K2_4730111802_1">
<fid>47301-11802-i-112</fid>
<lfSpanFr gml:id="K2_4730111802_1-1">
<gml:timePosition>2021-04-02</gml:timePosition>
</lfSpanFr>
<devDate gml:id="K2_4730111802_1-2">
<gml:timePosition>2021-06-03</gml:timePosition>
</devDate>
<orgGILvl>25000</orgGILvl>
<vis>表示</vis>
<pos>
<gml:Point gml:id="K2_4730111802_1-g" srsName="fguuid:jgd2011.bl">
<gml:pos>32.785293889 131.393625556</gml:pos>
</gml:Point>
</pos>
<type>標高点（測点）</type>
<alti>532</alti>
</ElevPt>
<ElevPt gml:id="K2_4730111805_1">
<fid>47301-11805-i-37</fid>
<lfSpanFr gml:id="K2_4730111805_1-1">
<gml:timePosition>2021-04-02</gml:timePosition>
</lfSpanFr>
<devDate gml:id="K2_4730111805_1-2">
<gml:timePosition>2021-06-03</gml:timePosition>
</devDate>
<orgGILvl>25000</orgGILvl>
<vis>表示</vis>
<pos>
<gml:Point gml:id="K2_4730111805_1-g" srsName="fguuid:jgd2011.bl">
<gml:pos>32.794356638 131.394186604</gml:pos>
</gml:Point>
</pos>
<type>標高点（測点）</type>
<alti>847</alti>
</ElevPt>
<ElevPt gml:id="K2_4730111808_1">
<fid>47301-11808-i-19</fid>
<lfSpanFr gml:id="K2_4730111808_1-1">
<gml:timePosition>2017-09-25</gml:timePosition>
</lfSpanFr>
<devDate gml:id="K2_4730111808_1-2">
<gml:timePosition>2021-06-03</gml:timePosition>
</devDate>
<orgGILvl>25000</orgGILvl>
<vis>表示</vis>
<pos>
<gml:Point gml:id="K2_4730111808_1-g" srsName="fguuid:jgd2011.bl">
<gml:pos>32.802611568 131.396131740</gml:pos>
</gml:Point>
</pos>
<type>標高点（測点）</type>
<alti>1127</alti>
</ElevPt>
<ElevPt gml:id="K2_4730111814_1">
<fid>47301-11814-i-40</fid>
<lfSpanFr gml:id="K2_4730111814_1-1">
<gml:timePosition>2017-09-25</gml:timePosition>
</lfSpanFr>
<devDate gml:id="K2_4730111814_1-2">
<gml:timePosition>2021-06-03</gml:timePosition>
</devDate>
<orgGILvl>25000</orgGILvl>
<vis>表示</vis>
<pos>
<gml:Point gml:id="K2_4730111814_1-g" srsName="fguuid:jgd2011.bl">
<gml:pos>32.818586779 131.396295196</gml:pos>
</gml:Point>
</pos>
<type>標高点（測点）</type>
<alti>992</alti>
</ElevPt>
<ElevPt gml:id="K2_4730111817_1">
<fid>47301-11817-i-101</fid>
<lfSpanFr gml:id="K2_4730111817_1-1">
<gml:timePosition>2021-04-02</gml:timePosition>
</lfSpanFr>
<devDate gml:id="K2_4730111817_1-2">
<gml:timePosition>2021-06-03</gml:timePosition>
</devDate>
<orgGILvl>25000</orgGILvl>
<vis>表示</vis>
<pos>
<gml:Point gml:id="K2_4730111817_1-g" srsName="fguuid:jgd2011.bl">
<gml:pos>32.826361802 131.392847110</gml:pos>
</gml:Point>
</pos>
<type>標高点（測点）</type>
<alti>673</alti>
</ElevPt>
<ElevPt gml:id="K2_4730411790_1">
<fid>47304-11790-i-8</fid>
<lfSpanFr gml:id="K2_4730411790_1-1">
<gml:timePosition>2013-12-10</gml:timePosition>
</lfSpanFr>
<devDate gml:id="K2_4730411790_1-2">
<gml:timePosition>2021-06-03</gml:timePosition>
</devDate>
<orgGILvl>25000</orgGILvl>
<vis>表示</vis>
<pos>
<gml:Point gml:id="K2_4730411790_1-g" srsName="fguuid:jgd2011.bl">
<gml:pos>32.754082222 131.407495278</gml:pos>
</gml:Point>
</pos>
<type>標高点（測点）</type>
<alti>1118</alti>
</ElevPt>
<ElevPt gml:id="K2_4730411793_1">
<fid>47304-11793-i-8</fid>
<lfSpanFr gml:id="K2_4730411793_1-1">
<gml:timePosition>2013-12-10</gml:timePosition>
</lfSpanFr>
<devDate gml:id="K2_4730411793_1-2">
<gml:timePosition>2021-06-03</gml:timePosition>
</devDate>
<orgGILvl>25000</orgGILvl>
<vis>表示</vis>
<pos>
<gml:Point gml:id="K2_4730411793_1-g" srsName="fguuid:jgd2011.bl">
<gml:pos>32.763469444 131.404670833</gml:pos>
</gml:Point>
</pos>
<type>標高点（測点）</type>
<alti>1158</alti>
</ElevPt>
<ElevPt gml:id="K2_4730411796_1">
<fid>47304-11796-i-93</fid>
<lfSpanFr gml:id="K2_4730411796_1-1">
<gml:timePosition>2021-04-02</gml:timePosition>
</lfSpanFr>
<devDate gml:id="K2_4730411796_1-2">
<gml:timePosition>2021-06-03</gml:timePosition>
</devDate>
<orgGILvl>25000</orgGILvl>
<vis>表示</vis>
<pos>
<gml:Point gml:id="K2_4730411796_1-g" srsName="fguuid:jgd2011.bl">
<gml:pos>32.771874722 131.406297778</gml:pos>
</gml:Point>
</pos>
<type>標高点（測点）</type>
<alti>1138</alti>
</ElevPt>
<ElevPt gml:id="K2_4730411799_1">
<fid>47304-11799-i-3</fid>
<lfSpanFr gml:id="K2_4730411799_1-1">
<gml:timePosition>2013-12-10</gml:timePosition>
</lfSpanFr>
<devDate gml:id="K2_4730411799_1-2">
<gml:timePosition>2021-06-03</gml:timePosition>
</devDate>
<orgGILvl>25000</orgGILvl>
<vis>表示</vis>
<pos>
<gml:Point gml:id="K2_4730411799_1-g" srsName="fguuid:jgd2011.bl">
<gml:pos>32.775927500 131.401352500</gml:pos>
</gml:Point>
</pos>
<type>標高点（測点）</type>
<alti>923</alti>
</ElevPt>
<ElevPt gml:id="K2_4730411802_1">
<fid>47304-11802-i-29</fid>
<lfSpanFr gml:id="K2_4730411802_1-1">
<gml:timePosition>2021-04-02</gml:timePosition>
</lfSpanFr>
<devDate gml:id="K2_4730411802_1-2">
<gml:timePosition>2021-06-03</gml:timePosition>
</devDate>
<orgGILvl>25000</orgGILvl>
<vis>表示</vis>
<pos>
<gml:Point gml:id="K2_4730411802_1-g" srsName="fguuid:jgd2011.bl">
<gml:pos>32.786950278 131.400533333</gml:pos>
</gml:Point>
</pos>
<type>標高点（測点）</type>
<alti>718</alti>
</ElevPt>
<ElevPt gml:id="K2_4730411808_1">
<fid>47304-11808-i-21</fid>
<lfSpanFr gml:id="K2_4730411808_1-1">
<gml:timePosition>2017-09-25</gml:timePosition>
</lfSpanFr>
<devDate gml:id="K2_4730411808_1-2">
<gml:timePosition>2021-06-03</gml:timePosition>
</devDate>
<orgGILvl>25000</orgGILvl>
<vis>表示</vis>
<pos>
<gml:Point gml:id="K2_4730411808_1-g" srsName="fguuid:jgd2011.bl">
<gml:pos>32.807579024 131.404991065</gml:pos>
</gml:Point>
</pos>
<type>標高点（測点）</type>
<alti>1289</alti>
</ElevPt>
<ElevPt gml:id="K2_4730411811_1">
<fid>47304-11811-i-20</fid>
<lfSpanFr gml:id="K2_4730411811_1-1">
<gml:timePosition>2017-09-25</gml:timePosition>
</lfSpanFr>
<devDate gml:id="K2_4730411811_1-2">
<gml:timePosition>2021-06-03</gml:timePosition>
</devDate>
<orgGILvl>25000</orgGILvl>
<vis>表示</vis>
<pos>
<gml:Point gml:id="K2_4730411811_1-g" srsName="fguuid:jgd2011.bl">
<gml:pos>32.813210121 131.402026869</gml:pos>
</gml:Point>
</pos>
<type>標高点（測点）</type>
<alti>1388</alti>
</ElevPt>
<ElevPt gml:id="K2_4730411814_1">
<fid>47304-11814-i-20</fid>
<lfSpanFr gml:id="K2_4730411814_1-1">
<gml:timePosition>2017-09-25</gml:timePosition>
</lfSpanFr>
<devDate gml:id="K2_4730411814_1-2">
<gml:timePosition>2021-06-03</gml:timePosition>
</devDate>
<orgGILvl>25000</orgGILvl>
<vis>表示</vis>
<pos>
<gml:Point gml:id="K2_4730411814_1-g" srsName="fguuid:jgd2011.bl">
<gml:pos>32.824558501 131.405276312</gml:pos>
</gml:Point>
</pos>
<type>標高点（測点）</type>
<alti>842</alti>
</ElevPt>
<ElevPt gml:id="K2_4730411817_1">
<fid>47304-11817-i-198</fid>
<lfSpanFr gml:id="K2_4730411817_1-1">
<gml:timePosition>2021-04-02</gml:timePosition>
</lfSpanFr>
<devDate gml:id="K2_4730411817_1-2">
<gml:timePosition>2021-06-03</gml:timePosition>
</devDate>
<orgGILvl>25000</orgGILvl>
<pos>
<gml:Point gml:id="K2_4730411817_1-g" srsName="fguuid:jgd2011.bl">
<gml:pos>32.832329080 131.402901013</gml:pos>
</gml:Point>
</pos>
<type>標高点（測点）</type>
<alti>474</alti>
</ElevPt>
<ElevPt gml:id="K2_4730711796_1">
<fid>47307-11796-i-4</fid>
<lfSpanFr gml:id="K2_4730711796_1-1">
<gml:timePosition>2013-12-10</gml:timePosition>
</lfSpanFr>
<devDate gml:id="K2_4730711796_1-2">
<gml:timePosition>2021-06-03</gml:timePosition>
</devDate>
<orgGILvl>25000</orgGILvl>
<vis>表示</vis>
<pos>
<gml:Point gml:id="K2_4730711796_1-g" srsName="fguuid:jgd2011.bl">
<gml:pos>32.770205556 131.408908611</gml:pos>
</gml:Point>
</pos>
<type>標高点（測点）</type>
<alti>1117</alti>
</ElevPt>
<ElevPt gml:id="K2_4730711805_1">
<fid>47307-11805-i-2</fid>
<lfSpanFr gml:id="K2_4730711805_1-1">
<gml:timePosition>2013-12-10</gml:timePosition>
</lfSpanFr>
<devDate gml:id="K2_4730711805_1-2">
<gml:timePosition>2021-06-03</gml:timePosition>
</devDate>
<orgGILvl>25000</orgGILvl>
<vis>表示</vis>
<pos>
<gml:Point gml:id="K2_4730711805_1-g" srsName="fguuid:jgd2011.bl">
<gml:pos>32.791673611 131.416391667</gml:pos>
</gml:Point>
</pos>
<type>標高点（測点）</type>
<alti>1133</alti>
</ElevPt>
<ElevPt gml:id="K2_4730711805_2">
<fid>47307-11805-i-3</fid>
<lfSpanFr gml:id="K2_4730711805_2-1">
<gml:timePosition>2013-12-10</gml:timePosition>
</lfSpanFr>
<devDate gml:id="K2_4730711805_2-2">
<gml:timePosition>2021-06-03</gml:timePosition>
</devDate>
<orgGILvl>25000</orgGILvl>
<vis>表示</vis>
<pos>
<gml:Point gml:id="K2_4730711805_2-g" srsName="fguuid:jgd2011.bl">
<gml:pos>32.792573333 131.408915556</gml:pos>
</gml:Point>
</pos>
<type>標高点（測点）</type>
<alti>1007</alti>
</ElevPt>
<ElevPt gml:id="K2_4730711811_1">
<fid>47307-11811-i-25</fid>
<lfSpanFr gml:id="K2_4730711811_1-1">
<gml:timePosition>2017-09-25</gml:timePosition>
</lfSpanFr>
<devDate gml:id="K2_4730711811_1-2">
<gml:timePosition>2021-06-03</gml:timePosition>
</devDate>
<orgGILvl>25000</orgGILvl>
<vis>表示</vis>
<pos>
<gml:Point gml:id="K2_4730711811_1-g" srsName="fguuid:jgd2011.bl">
<gml:pos>32.812800423 131.409675760</gml:pos>
</gml:Point>
</pos>
<type>標高点（測点）</type>
<alti>1475</alti>
</ElevPt>
<ElevPt gml:id="K2_4730711814_1">
<fid>47307-11814-i-4</fid>
<lfSpanFr gml:id="K2_4730711814_1-1">
<gml:timePosition>2017-09-25</gml:timePosition>
</lfSpanFr>
<devDate gml:id="K2_4730711814_1-2">
<gml:timePosition>2021-06-03</gml:timePosition>
</devDate>
<orgGILvl>25000</orgGILvl>
<vis>表示</vis>
<pos>
<gml:Point gml:id="K2_4730711814_1-g" srsName="fguuid:jgd2011.bl">
<gml:pos>32.819752400 131.413513263</gml:pos>
</gml:Point>
</pos>
<type>標高点（測点）</type>
<alti>1252</alti>
</ElevPt>
<ElevPt gml:id="K2_4730711817_1">
<fid>47307-11817-i-34</fid>
<lfSpanFr gml:id="K2_4730711817_1-1">
<gml:timePosition>2017-09-25</gml:timePosition>
</lfSpanFr>
<devDate gml:id="K2_4730711817_1-2">
<gml:timePosition>2021-06-03</gml:timePosition>
</devDate>
<orgGILvl>25000</orgGILvl>
<vis>表示</vis>
<pos>
<gml:Point gml:id="K2_4730711817_1-g" srsName="fguuid:jgd2011.bl">
<gml:pos>32.827601037 131.411734092</gml:pos>
</gml:Point>
</pos>
<type>標高点（測点）</type>
<alti>875</alti>
</ElevPt>
<ElevPt gml:id="K2_4731011790_1">
<fid>47310-11790-i-49</fid>
<lfSpanFr gml:id="K2_4731011790_1-1">
<gml:timePosition>2021-04-02</gml:timePosition>
</lfSpanFr>
<devDate gml:id="K2_4731011790_1-2">
<gml:timePosition>2021-06-03</gml:timePosition>
</devDate>
<orgGILvl>25000</orgGILvl>
<vis>表示</vis>
<pos>
<gml:Point gml:id="K2_4731011790_1-g" srsName="fguuid:jgd2011.bl">
<gml:pos>32.750259167 131.423892778</gml:pos>
</gml:Point>
</pos>
<type>標高点（測点）</type>
<alti>476</alti>
</ElevPt>
<ElevPt gml:id="K2_4731011790_2">
<fid>47310-11790-i-50</fid>
<lfSpanFr gml:id="K2_4731011790_2-1">
<gml:timePosition>2021-04-02</gml:timePosition>
</lfSpanFr>
<devDate gml:id="K2_4731011790_2-2">
<gml:timePosition>2021-06-03</gml:timePosition>
</devDate>
<orgGILvl>25000</orgGILvl>
<vis>表示</vis>
<pos>
<gml:Point gml:id="K2_4731011790_2-g" srsName="fguuid:jgd2011.bl">
<gml:pos>32.753703333 131.419548333</gml:pos>
</gml:Point>
</pos>
<type>標高点（測点）</type>
<alti>527</alti>
</ElevPt>
<ElevPt gml:id="K2_4731011793_1">
<fid>47310-11793-i-3</fid>
<lfSpanFr gml:id="K2_4731011793_1-1">
<gml:timePosition>2013-12-10</gml:timePosition>
</lfSpanFr>
<devDate gml:id="K2_4731011793_1-2">
<gml:timePosition>2021-06-03</gml:timePosition>
</devDate>
<orgGILvl>25000</orgGILvl>
<vis>表示</vis>
<pos>
<gml:Point gml:id="K2_4731011793_1-g" srsName="fguuid:jgd2011.bl">
<gml:pos>32.758618889 131.417651389</gml:pos>
</gml:Point>
</pos>
<type>標高点（測点）</type>
<alti>676</alti>
</ElevPt>
<ElevPt gml:id="K2_4731011799_1">
<fid>47310-11799-i-11</fid>
<lfSpanFr gml:id="K2_4731011799_1-1">
<gml:timePosition>2013-12-10</gml:timePosition>
</lfSpanFr>
<devDate gml:id="K2_4731011799_1-2">
<gml:timePosition>2021-06-03</gml:timePosition>
</devDate>
<orgGILvl>25000</orgGILvl>
<vis>表示</vis>
<pos>
<gml:Point gml:id="K2_4731011799_1-g" srsName="fguuid:jgd2011.bl">
<gml:pos>32.776665000 131.417471944</gml:pos>
</gml:Point>
</pos>
<type>標高点（測点）</type>
<alti>845</alti>
</ElevPt>
<ElevPt gml:id="K2_4731011802_1">
<fid>47310-11802-i-4</fid>
<lfSpanFr gml:id="K2_4731011802_1-1">
<gml:timePosition>2013-12-10</gml:timePosition>
</lfSpanFr>
<devDate gml:id="K2_4731011802_1-2">
<gml:timePosition>2021-06-03</gml:timePosition>
</devDate>
<orgGILvl>25000</orgGILvl>
<vis>表示</vis>
<pos>
<gml:Point gml:id="K2_4731011802_1-g" srsName="fguuid:jgd2011.bl">
<gml:pos>32.785460833 131.417947500</gml:pos>
</gml:Point>
</pos>
<type>標高点（測点）</type>
<alti>924</alti>
</ElevPt>
<ElevPt gml:id="K2_4731011808_1">
<fid>47310-11808-i-11</fid>
<lfSpanFr gml:id="K2_4731011808_1-1">
<gml:timePosition>2017-09-25</gml:timePosition>
</lfSpanFr>
<devDate gml:id="K2_4731011808_1-2">
<gml:timePosition>2021-06-03</gml:timePosition>
</devDate>
<orgGILvl>25000</orgGILvl>
<vis>表示</vis>
<pos>
<gml:Point gml:id="K2_4731011808_1-g" srsName="fguuid:jgd2011.bl">
<gml:pos>32.805178541 131.421544777</gml:pos>
</gml:Point>
</pos>
<type>標高点（測点）</type>
<alti>1495</alti>
</ElevPt>
<ElevPt gml:id="K2_4731011814_1">
<fid>47310-11814-i-4</fid>
<lfSpanFr gml:id="K2_4731011814_1-1">
<gml:timePosition>2017-09-25</gml:timePosition>
</lfSpanFr>
<devDate gml:id="K2_4731011814_1-2">
<gml:timePosition>2021-06-03</gml:timePosition>
</devDate>
<orgGILvl>25000</orgGILvl>
<vis>表示</vis>
<pos>
<gml:Point gml:id="K2_4731011814_1-g" srsName="fguuid:jgd2011.bl">
<gml:pos>32.822042974 131.418657144</gml:pos>
</gml:Point>
</pos>
<type>標高点（測点）</type>
<alti>1306</alti>
</ElevPt>
<ElevPt gml:id="K2_4731011817_1">
<fid>47310-11817-i-30</fid>
<lfSpanFr gml:id="K2_4731011817_1-1">
<gml:timePosition>2017-09-25</gml:timePosition>
</lfSpanFr>
<devDate gml:id="K2_4731011817_1-2">
<gml:timePosition>2021-06-03</gml:timePosition>
</devDate>
<orgGILvl>25000</orgGILvl>
<vis>表示</vis>
<pos>
<gml:Point gml:id="K2_4731011817_1-g" srsName="fguuid:jgd2011.bl">
<gml:pos>32.829255224 131.418790748</gml:pos>
</gml:Point>
</pos>
<type>標高点（測点）</type>
<alti>929</alti>
</ElevPt>
<ElevPt gml:id="K2_4731311790_1">
<fid>47313-11790-i-3</fid>
<lfSpanFr gml:id="K2_4731311790_1-1">
<gml:timePosition>2013-12-10</gml:timePosition>
</lfSpanFr>
<devDate gml:id="K2_4731311790_1-2">
<gml:timePosition>2021-06-03</gml:timePosition>
</devDate>
<orgGILvl>25000</orgGILvl>
<vis>表示</vis>
<pos>
<gml:Point gml:id="K2_4731311790_1-g" srsName="fguuid:jgd2011.bl">
<gml:pos>32.757144444 131.432821111</gml:pos>
</gml:Point>
</pos>
<type>標高点（測点）</type>
<alti>728</alti>
</ElevPt>
<ElevPt gml:id="K2_4731311793_1">
<fid>47313-11793-i-142</fid>
<lfSpanFr gml:id="K2_4731311793_1-1">
<gml:timePosition>2021-04-02</gml:timePosition>
</lfSpanFr>
<devDate gml:id="K2_4731311793_1-2">
<gml:timePosition>2021-06-03</gml:timePosition>
</devDate>
<orgGILvl>25000</orgGILvl>
<vis>表示</vis>
<pos>
<gml:Point gml:id="K2_4731311793_1-g" srsName="fguuid:jgd2011.bl">
<gml:pos>32.763796667 131.426061389</gml:pos>
</gml:Point>
</pos>
<type>標高点（測点）</type>
<alti>527</alti>
</ElevPt>
<ElevPt gml:id="K2_4731311793_2">
<fid>47313-11793-i-143</fid>
<lfSpanFr gml:id="K2_4731311793_2-1">
<gml:timePosition>2021-04-02</gml:timePosition>
</lfSpanFr>
<devDate gml:id="K2_4731311793_2-2">
<gml:timePosition>2021-06-03</gml:timePosition>
</devDate>
<orgGILvl>25000</orgGILvl>
<vis>表示</vis>
<pos>
<gml:Point gml:id="K2_4731311793_2-g" srsName="fguuid:jgd2011.bl">
<gml:pos>32.762582500 131.431955000</gml:pos>
</gml:Point>
</pos>
<type>標高点（測点）</type>
<alti>548</alti>
</ElevPt>
<ElevPt gml:id="K2_4731311796_1">
<fid>47313-11796-i-67</fid>
<lfSpanFr gml:id="K2_4731311796_1-1">
<gml:timePosition>2021-04-02</gml:timePosition>
</lfSpanFr>
<devDate gml:id="K2_4731311796_1-2">
<gml:timePosition>2021-06-03</gml:timePosition>
</devDate>
<orgGILvl>25000</orgGILvl>
<vis>表示</vis>
<pos>
<gml:Point gml:id="K2_4731311796_1-g" srsName="fguuid:jgd2011.bl">
<gml:pos>32.770805833 131.425578611</gml:pos>
</gml:Point>
</pos>
<type>標高点（測点）</type>
<alti>644</alti>
</ElevPt>
<ElevPt gml:id="K2_4731311799_1">
<fid>47313-11799-i-1</fid>
<lfSpanFr gml:id="K2_4731311799_1-1">
<gml:timePosition>2013-12-10</gml:timePosition>
</lfSpanFr>
<devDate gml:id="K2_4731311799_1-2">
<gml:timePosition>2021-06-03</gml:timePosition>
</devDate>
<orgGILvl>25000</orgGILvl>
<vis>表示</vis>
<pos>
<gml:Point gml:id="K2_4731311799_1-g" srsName="fguuid:jgd2011.bl">
<gml:pos>32.776860278 131.432520278</gml:pos>
</gml:Point>
</pos>
<type>標高点（測点）</type>
<alti>616</alti>
</ElevPt>
<ElevPt gml:id="K2_4731311802_1">
<fid>47313-11802-i-76</fid>
<lfSpanFr gml:id="K2_4731311802_1-1">
<gml:timePosition>2021-04-02</gml:timePosition>
</lfSpanFr>
<devDate gml:id="K2_4731311802_1-2">
<gml:timePosition>2021-06-03</gml:timePosition>
</devDate>
<orgGILvl>25000</orgGILvl>
<vis>表示</vis>
<pos>
<gml:Point gml:id="K2_4731311802_1-g" srsName="fguuid:jgd2011.bl">
<gml:pos>32.784983611 131.427599444</gml:pos>
</gml:Point>
</pos>
<type>標高点（測点）</type>
<alti>629</alti>
</ElevPt>
<ElevPt gml:id="K2_4731311808_1">
<fid>47313-11808-i-28</fid>
<lfSpanFr gml:id="K2_4731311808_1-1">
<gml:timePosition>2017-09-25</gml:timePosition>
</lfSpanFr>
<devDate gml:id="K2_4731311808_1-2">
<gml:timePosition>2021-06-03</gml:timePosition>
</devDate>
<orgGILvl>25000</orgGILvl>
<vis>表示</vis>
<pos>
<gml:Point gml:id="K2_4731311808_1-g" srsName="fguuid:jgd2011.bl">
<gml:pos>32.801851089 131.430263529</gml:pos>
</gml:Point>
</pos>
<type>標高点（測点）</type>
<alti>1333</alti>
</ElevPt>
<ElevPt gml:id="K2_4731311811_1">
<fid>47313-11811-i-27</fid>
<lfSpanFr gml:id="K2_4731311811_1-1">
<gml:timePosition>2017-09-25</gml:timePosition>
</lfSpanFr>
<devDate gml:id="K2_4731311811_1-2">
<gml:timePosition>2021-06-03</gml:timePosition>
</devDate>
<orgGILvl>25000</orgGILvl>
<vis>表示</vis>
<pos>
<gml:Point gml:id="K2_4731311811_1-g" srsName="fguuid:jgd2011.bl">
<gml:pos>32.816205469 131.425657420</gml:pos>
</gml:Point>
</pos>
<type>標高点（測点）</type>
<alti>1606</alti>
</ElevPt>
<ElevPt gml:id="K2_4731311814_1">
<fid>47313-11814-i-25</fid>
<lfSpanFr gml:id="K2_4731311814_1-1">
<gml:timePosition>2017-09-25</gml:timePosition>
</lfSpanFr>
<devDate gml:id="K2_4731311814_1-2">
<gml:timePosition>2021-06-03</gml:timePosition>
</devDate>
<orgGILvl>25000</orgGILvl>
<vis>表示</vis>
<pos>
<gml:Point gml:id="K2_4731311814_1-g" srsName="fguuid:jgd2011.bl">
<gml:pos>32.821252156 131.432072954</gml:pos>
</gml:Point>
</pos>
<type>標高点（測点）</type>
<alti>1504</alti>
</ElevPt>
<ElevPt gml:id="K2_4731311817_1">
<fid>47313-11817-i-4</fid>
<lfSpanFr gml:id="K2_4731311817_1-1">
<gml:timePosition>2017-09-25</gml:timePosition>
</lfSpanFr>
<devDate gml:id="K2_4731311817_1-2">
<gml:timePosition>2021-06-03</gml:timePosition>
</devDate>
<orgGILvl>25000</orgGILvl>
<vis>表示</vis>
<pos>
<gml:Point gml:id="K2_4731311817_1-g" srsName="fguuid:jgd2011.bl">
<gml:pos>32.828182729 131.430261560</gml:pos>
</gml:Point>
</pos>
<type>標高点（測点）</type>
<alti>1334</alti>
</ElevPt>
<ElevPt gml:id="K2_4731611793_1">
<fid>47316-11793-i-1</fid>
<lfSpanFr gml:id="K2_4731611793_1-1">
<gml:timePosition>2013-12-10</gml:timePosition>
</lfSpanFr>
<devDate gml:id="K2_4731611793_1-2">
<gml:timePosition>2021-06-03</gml:timePosition>
</devDate>
<orgGILvl>25000</orgGILvl>
<vis>表示</vis>
<pos>
<gml:Point gml:id="K2_4731611793_1-g" srsName="fguuid:jgd2011.bl">
<gml:pos>32.763085833 131.439320278</gml:pos>
</gml:Point>
</pos>
<type>標高点（測点）</type>
<alti>768</alti>
</ElevPt>
<ElevPt gml:id="K2_4731611802_1">
<fid>47316-11802-i-1</fid>
<lfSpanFr gml:id="K2_4731611802_1-1">
<gml:timePosition>2013-12-10</gml:timePosition>
</lfSpanFr>
<devDate gml:id="K2_4731611802_1-2">
<gml:timePosition>2021-06-03</gml:timePosition>
</devDate>
<orgGILvl>25000</orgGILvl>
<vis>表示</vis>
<pos>
<gml:Point gml:id="K2_4731611802_1-g" srsName="fguuid:jgd2011.bl">
<gml:pos>32.788320278 131.441638056</gml:pos>
</gml:Point>
</pos>
<type>標高点（測点）</type>
<alti>839</alti>
</ElevPt>
<ElevPt gml:id="K2_4731611805_1">
<fid>47316-11805-i-1</fid>
<lfSpanFr gml:id="K2_4731611805_1-1">
<gml:timePosition>2013-12-10</gml:timePosition>
</lfSpanFr>
<devDate gml:id="K2_4731611805_1-2">
<gml:timePosition>2021-06-03</gml:timePosition>
</devDate>
<orgGILvl>25000</orgGILvl>
<vis>表示</vis>
<pos>
<gml:Point gml:id="K2_4731611805_1-g" srsName="fguuid:jgd2011.bl">
<gml:pos>32.792354722 131.434396667</gml:pos>
</gml:Point>
</pos>
<type>標高点（測点）</type>
<alti>1134</alti>
</ElevPt>
<ElevPt gml:id="K2_4731611811_1">
<fid>47316-11811-i-11</fid>
<lfSpanFr gml:id="K2_4731611811_1-1">
<gml:timePosition>2017-09-25</gml:timePosition>
</lfSpanFr>
<devDate gml:id="K2_4731611811_1-2">
<gml:timePosition>2021-06-03</gml:timePosition>
</devDate>
<orgGILvl>25000</orgGILvl>
<vis>表示</vis>
<pos>
<gml:Point gml:id="K2_4731611811_1-g" srsName="fguuid:jgd2011.bl">
<gml:pos>32.812491583 131.434811566</gml:pos>
</gml:Point>
</pos>
<type>標高点（測点）</type>
<alti>1325</alti>
</ElevPt>
<ElevPt gml:id="K2_4731611811_2">
<fid>47316-11811-i-12</fid>
<lfSpanFr gml:id="K2_4731611811_2-1">
<gml:timePosition>2017-09-25</gml:timePosition>
</lfSpanFr>
<devDate gml:id="K2_4731611811_2-2">
<gml:timePosition>2021-06-03</gml:timePosition>
</devDate>
<orgGILvl>25000</orgGILvl>
<vis>表示</vis>
<pos>
<gml:Point gml:id="K2_4731611811_2-g" srsName="fguuid:jgd2011.bl">
<gml:pos>32.816382996 131.439674959</gml:pos>
</gml:Point>
</pos>
<type>標高点（測点）</type>
<alti>1390</alti>
</ElevPt>
<ElevPt gml:id="K2_4731911796_1">
<fid>47319-11796-i-5</fid>
<lfSpanFr gml:id="K2_4731911796_1-1">
<gml:timePosition>2013-12-10</gml:timePosition>
</lfSpanFr>
<devDate gml:id="K2_4731911796_1-2">
<gml:timePosition>2021-06-03</gml:timePosition>
</devDate>
<orgGILvl>25000</orgGILvl>
<vis>表示</vis>
<pos>
<gml:Point gml:id="K2_4731911796_1-g" srsName="fguuid:jgd2011.bl">
<gml:pos>32.773470833 131.445915000</gml:pos>
</gml:Point>
</pos>
<type>標高点（測点）</type>
<alti>760</alti>
</ElevPt>
<ElevPt gml:id="K2_4731911796_2">
<fid>47319-11796-i-6</fid>
<lfSpanFr gml:id="K2_4731911796_2-1">
<gml:timePosition>2013-12-10</gml:timePosition>
</lfSpanFr>
<devDate gml:id="K2_4731911796_2-2">
<gml:timePosition>2021-06-03</gml:timePosition>
</devDate>
<orgGILvl>25000</orgGILvl>
<vis>表示</vis>
<pos>
<gml:Point gml:id="K2_4731911796_2-g" srsName="fguuid:jgd2011.bl">
<gml:pos>32.767930000 131.446529722</gml:pos>
</gml:Point>
</pos>
<type>標高点（測点）</type>
<alti>1045</alti>
</ElevPt>
<ElevPt gml:id="K2_4731911799_1">
<fid>47319-11799-i-47</fid>
<lfSpanFr gml:id="K2_4731911799_1-1">
<gml:timePosition>2021-04-02</gml:timePosition>
</lfSpanFr>
<devDate gml:id="K2_4731911799_1-2">
<gml:timePosition>2021-06-03</gml:timePosition>
</devDate>
<orgGILvl>25000</orgGILvl>
<vis>表示</vis>
<pos>
<gml:Point gml:id="K2_4731911799_1-g" srsName="fguuid:jgd2011.bl">
<gml:pos>32.778774444 131.444432222</gml:pos>
</gml:Point>
</pos>
<type>標高点（測点）</type>
<alti>586</alti>
</ElevPt>
<ElevPt gml:id="K2_4731911805_1">
<fid>47319-11805-i-2</fid>
<lfSpanFr gml:id="K2_4731911805_1-1">
<gml:timePosition>2013-12-10</gml:timePosition>
</lfSpanFr>
<devDate gml:id="K2_4731911805_1-2">
<gml:timePosition>2021-06-03</gml:timePosition>
</devDate>
<orgGILvl>25000</orgGILvl>
<vis>表示</vis>
<pos>
<gml:Point gml:id="K2_4731911805_1-g" srsName="fguuid:jgd2011.bl">
<gml:pos>32.791725556 131.448269167</gml:pos>
</gml:Point>
</pos>
<type>標高点（測点）</type>
<alti>768</alti>
</ElevPt>
<ElevPt gml:id="K2_4731911808_1">
<fid>47319-11808-i-39</fid>
<lfSpanFr gml:id="K2_4731911808_1-1">
<gml:timePosition>2017-09-25</gml:timePosition>
</lfSpanFr>
<devDate gml:id="K2_4731911808_1-2">
<gml:timePosition>2021-06-03</gml:timePosition>
</devDate>
<orgGILvl>25000</orgGILvl>
<vis>表示</vis>
<pos>
<gml:Point gml:id="K2_4731911808_1-g" srsName="fguuid:jgd2011.bl">
<gml:pos>32.807941108 131.449532209</gml:pos>
</gml:Point>
</pos>
<type>標高点（測点）</type>
<alti>934</alti>
</ElevPt>
<ElevPt gml:id="K2_4731911811_1">
<fid>47319-11811-i-37</fid>
<lfSpanFr gml:id="K2_4731911811_1-1">
<gml:timePosition>2021-04-02</gml:timePosition>
</lfSpanFr>
<devDate gml:id="K2_4731911811_1-2">
<gml:timePosition>2021-06-03</gml:timePosition>
</devDate>
<orgGILvl>25000</orgGILvl>
<vis>表示</vis>
<pos>
<gml:Point gml:id="K2_4731911811_1-g" srsName="fguuid:jgd2011.bl">
<gml:pos>32.812266896 131.442573939</gml:pos>
</gml:Point>
</pos>
<type>標高点（測点）</type>
<alti>1219</alti>
</ElevPt>
<ElevPt gml:id="K2_4731911811_2">
<fid>47319-11811-i-38</fid>
<lfSpanFr gml:id="K2_4731911811_2-1">
<gml:timePosition>2021-04-02</gml:timePosition>
</lfSpanFr>
<devDate gml:id="K2_4731911811_2-2">
<gml:timePosition>2021-06-03</gml:timePosition>
</devDate>
<orgGILvl>25000</orgGILvl>
<vis>表示</vis>
<pos>
<gml:Point gml:id="K2_4731911811_2-g" srsName="fguuid:jgd2011.bl">
<gml:pos>32.814812494 131.449026081</gml:pos>
</gml:Point>
</pos>
<type>標高点（測点）</type>
<alti>1118</alti>
</ElevPt>
<ElevPt gml:id="K2_4731911814_1">
<fid>47319-11814-i-35</fid>
<lfSpanFr gml:id="K2_4731911814_1-1">
<gml:timePosition>2021-04-02</gml:timePosition>
</lfSpanFr>
<devDate gml:id="K2_4731911814_1-2">
<gml:timePosition>2021-06-03</gml:timePosition>
</devDate>
<orgGILvl>25000</orgGILvl>
<vis>表示</vis>
<pos>
<gml:Point gml:id="K2_4731911814_1-g" srsName="fguuid:jgd2011.bl">
<gml:pos>32.821413841 131.443689404</gml:pos>
</gml:Point>
</pos>
<type>標高点（測点）</type>
<alti>1307</alti>
</ElevPt>
<ElevPt gml:id="K2_4731911817_1">
<fid>47319-11817-i-23</fid>
<lfSpanFr gml:id="K2_4731911817_1-1">
<gml:timePosition>2017-09-25</gml:timePosition>
</lfSpanFr>
<devDate gml:id="K2_4731911817_1-2">
<gml:timePosition>2021-06-03</gml:timePosition>
</devDate>
<orgGILvl>25000</orgGILvl>
<pos>
<gml:Point gml:id="K2_4731911817_1-g" srsName="fguuid:jgd2011.bl">
<gml:pos>32.829786616 131.445092355</gml:pos>
</gml:Point>
</pos>
<type>標高点（測点）</type>
<alti>1385</alti>
</ElevPt>
<ElevPt gml:id="K2_4732211790_1">
<fid>47322-11790-i-1</fid>
<lfSpanFr gml:id="K2_4732211790_1-1">
<gml:timePosition>2013-12-10</gml:timePosition>
</lfSpanFr>
<devDate gml:id="K2_4732211790_1-2">
<gml:timePosition>2021-06-03</gml:timePosition>
</devDate>
<orgGILvl>25000</orgGILvl>
<vis>表示</vis>
<pos>
<gml:Point gml:id="K2_4732211790_1-g" srsName="fguuid:jgd2011.bl">
<gml:pos>32.751444167 131.458201667</gml:pos>
</gml:Point>
</pos>
<type>標高点（測点）</type>
<alti>1275</alti>
</ElevPt>
<ElevPt gml:id="K2_4732211790_2">
<fid>47322-11790-i-2</fid>
<lfSpanFr gml:id="K2_4732211790_2-1">
<gml:timePosition>2013-12-10</gml:timePosition>
</lfSpanFr>
<devDate gml:id="K2_4732211790_2-2">
<gml:timePosition>2021-06-03</gml:timePosition>
</devDate>
<orgGILvl>25000</orgGILvl>
<vis>表示</vis>
<pos>
<gml:Point gml:id="K2_4732211790_2-g" srsName="fguuid:jgd2011.bl">
<gml:pos>32.753515833 131.452249167</gml:pos>
</gml:Point>
</pos>
<type>標高点（測点）</type>
<alti>1117</alti>
</ElevPt>
<ElevPt gml:id="K2_4732211793_1">
<fid>47322-11793-i-1</fid>
<lfSpanFr gml:id="K2_4732211793_1-1">
<gml:timePosition>2013-12-10</gml:timePosition>
</lfSpanFr>
<devDate gml:id="K2_4732211793_1-2">
<gml:timePosition>2021-06-03</gml:timePosition>
</devDate>
<orgGILvl>25000</orgGILvl>
<vis>表示</vis>
<pos>
<gml:Point gml:id="K2_4732211793_1-g" srsName="fguuid:jgd2011.bl">
<gml:pos>32.759583889 131.455410278</gml:pos>
</gml:Point>
</pos>
<type>標高点（測点）</type>
<alti>934</alti>
</ElevPt>
<ElevPt gml:id="K2_4732211793_2">
<fid>47322-11793-i-2</fid>
<lfSpanFr gml:id="K2_4732211793_2-1">
<gml:timePosition>2013-12-10</gml:timePosition>
</lfSpanFr>
<devDate gml:id="K2_4732211793_2-2">
<gml:timePosition>2021-06-03</gml:timePosition>
</devDate>
<orgGILvl>25000</orgGILvl>
<vis>表示</vis>
<pos>
<gml:Point gml:id="K2_4732211793_2-g" srsName="fguuid:jgd2011.bl">
<gml:pos>32.765784444 131.452113056</gml:pos>
</gml:Point>
</pos>
<type>標高点（測点）</type>
<alti>1177</alti>
</ElevPt>
<ElevPt gml:id="K2_4732211799_1">
<fid>47322-11799-i-1</fid>
<lfSpanFr gml:id="K2_4732211799_1-1">
<gml:timePosition>2013-12-10</gml:timePosition>
</lfSpanFr>
<devDate gml:id="K2_4732211799_1-2">
<gml:timePosition>2021-06-03</gml:timePosition>
</devDate>
<orgGILvl>25000</orgGILvl>
<vis>表示</vis>
<pos>
<gml:Point gml:id="K2_4732211799_1-g" srsName="fguuid:jgd2011.bl">
<gml:pos>32.776506111 131.453570000</gml:pos>
</gml:Point>
</pos>
<type>標高点（測点）</type>
<alti>983</alti>
</ElevPt>
<ElevPt gml:id="K2_4732211802_1">
<fid>47322-11802-i-6</fid>
<lfSpanFr gml:id="K2_4732211802_1-1">
<gml:timePosition>2013-12-10</gml:timePosition>
</lfSpanFr>
<devDate gml:id="K2_4732211802_1-2">
<gml:timePosition>2021-06-03</gml:timePosition>
</devDate>
<orgGILvl>25000</orgGILvl>
<vis>表示</vis>
<pos>
<gml:Point gml:id="K2_4732211802_1-g" srsName="fguuid:jgd2011.bl">
<gml:pos>32.785434167 131.451433333</gml:pos>
</gml:Point>
</pos>
<type>標高点（測点）</type>
<alti>497</alti>
</ElevPt>
<ElevPt gml:id="K2_4732211805_1">
<fid>47322-11805-i-24</fid>
<lfSpanFr gml:id="K2_4732211805_1-1">
<gml:timePosition>2021-04-02</gml:timePosition>
</lfSpanFr>
<devDate gml:id="K2_4732211805_1-2">
<gml:timePosition>2021-06-03</gml:timePosition>
</devDate>
<orgGILvl>25000</orgGILvl>
<vis>表示</vis>
<pos>
<gml:Point gml:id="K2_4732211805_1-g" srsName="fguuid:jgd2011.bl">
<gml:pos>32.799635556 131.457868889</gml:pos>
</gml:Point>
</pos>
<type>標高点（測点）</type>
<alti>955</alti>
</ElevPt>
<ElevPt gml:id="K2_4732211811_1">
<fid>47322-11811-i-2</fid>
<lfSpanFr gml:id="K2_4732211811_1-1">
<gml:timePosition>2013-12-10</gml:timePosition>
</lfSpanFr>
<devDate gml:id="K2_4732211811_1-2">
<gml:timePosition>2021-06-03</gml:timePosition>
</devDate>
<orgGILvl>25000</orgGILvl>
<vis>表示</vis>
<pos>
<gml:Point gml:id="K2_4732211811_1-g" srsName="fguuid:jgd2011.bl">
<gml:pos>32.808873333 131.457455000</gml:pos>
</gml:Point>
</pos>
<type>標高点（測点）</type>
<alti>1164</alti>
</ElevPt>
<ElevPt gml:id="K2_4732211814_1">
<fid>47322-11814-i-24</fid>
<lfSpanFr gml:id="K2_4732211814_1-1">
<gml:timePosition>2017-09-25</gml:timePosition>
</lfSpanFr>
<devDate gml:id="K2_4732211814_1-2">
<gml:timePosition>2021-06-03</gml:timePosition>
</devDate>
<orgGILvl>25000</orgGILvl>
<vis>表示</vis>
<pos>
<gml:Point gml:id="K2_4732211814_1-g" srsName="fguuid:jgd2011.bl">
<gml:pos>32.824244946 131.451401833</gml:pos>
</gml:Point>
</pos>
<type>標高点（測点）</type>
<alti>1251</alti>
</ElevPt>
<ElevPt gml:id="K2_4732211817_1">
<fid>47322-11817-i-56</fid>
<lfSpanFr gml:id="K2_4732211817_1-1">
<gml:timePosition>2021-04-02</gml:timePosition>
</lfSpanFr>
<devDate gml:id="K2_4732211817_1-2">
<gml:timePosition>2021-06-03</gml:timePosition>
</devDate>
<orgGILvl>25000</orgGILvl>
<vis>表示</vis>
<pos>
<gml:Point gml:id="K2_4732211817_1-g" srsName="fguuid:jgd2011.bl">
<gml:pos>32.828882166 131.454114004</gml:pos>
</gml:Point>
</pos>
<type>標高点（測点）</type>
<alti>1311</alti>
</ElevPt>
<ElevPt gml:id="K2_4732511793_1">
<fid>47325-11793-i-3</fid>
<lfSpanFr gml:id="K2_4732511793_1-1">
<gml:timePosition>2013-12-10</gml:timePosition>
</lfSpanFr>
<devDate gml:id="K2_4732511793_1-2">
<gml:timePosition>2021-06-03</gml:timePosition>
</devDate>
<orgGILvl>25000</orgGILvl>
<vis>表示</vis>
<pos>
<gml:Point gml:id="K2_4732511793_1-g" srsName="fguuid:jgd2011.bl">
<gml:pos>32.760183889 131.463977222</gml:pos>
</gml:Point>
</pos>
<type>標高点（測点）</type>
<alti>1141</alti>
</ElevPt>
<ElevPt gml:id="K2_4732511796_1">
<fid>47325-11796-i-43</fid>
<lfSpanFr gml:id="K2_4732511796_1-1">
<gml:timePosition>2021-04-02</gml:timePosition>
</lfSpanFr>
<devDate gml:id="K2_4732511796_1-2">
<gml:timePosition>2021-06-03</gml:timePosition>
</devDate>
<orgGILvl>25000</orgGILvl>
<vis>非表示</vis>
<pos>
<gml:Point gml:id="K2_4732511796_1-g" srsName="fguuid:jgd2011.bl">
<gml:pos>32.771580278 131.461520000</gml:pos>
</gml:Point>
</pos>
<type>標高点（測点）</type>
<alti>1242</alti>
</ElevPt>
<ElevPt gml:id="K2_4732511802_1">
<fid>47325-11802-i-4</fid>
<lfSpanFr gml:id="K2_4732511802_1-1">
<gml:timePosition>2013-12-10</gml:timePosition>
</lfSpanFr>
<devDate gml:id="K2_4732511802_1-2">
<gml:timePosition>2021-06-03</gml:timePosition>
</devDate>
<orgGILvl>25000</orgGILvl>
<vis>表示</vis>
<pos>
<gml:Point gml:id="K2_4732511802_1-g" srsName="fguuid:jgd2011.bl">
<gml:pos>32.783885833 131.465556944</gml:pos>
</gml:Point>
</pos>
<type>標高点（測点）</type>
<alti>994</alti>
</ElevPt>
<ElevPt gml:id="K2_4732511802_2">
<fid>47325-11802-i-5</fid>
<lfSpanFr gml:id="K2_4732511802_2-1">
<gml:timePosition>2013-12-10</gml:timePosition>
</lfSpanFr>
<devDate gml:id="K2_4732511802_2-2">
<gml:timePosition>2021-06-03</gml:timePosition>
</devDate>
<orgGILvl>25000</orgGILvl>
<vis>表示</vis>
<pos>
<gml:Point gml:id="K2_4732511802_2-g" srsName="fguuid:jgd2011.bl">
<gml:pos>32.789897222 131.458860833</gml:pos>
</gml:Point>
</pos>
<type>標高点（測点）</type>
<alti>527</alti>
</ElevPt>
<ElevPt gml:id="K2_4732511811_1">
<fid>47325-11811-i-2</fid>
<lfSpanFr gml:id="K2_4732511811_1-1">
<gml:timePosition>2013-12-10</gml:timePosition>
</lfSpanFr>
<devDate gml:id="K2_4732511811_1-2">
<gml:timePosition>2021-06-03</gml:timePosition>
</devDate>
<orgGILvl>25000</orgGILvl>
<vis>表示</vis>
<pos>
<gml:Point gml:id="K2_4732511811_1-g" srsName="fguuid:jgd2011.bl">
<gml:pos>32.808565000 131.466069722</gml:pos>
</gml:Point>
</pos>
<type>標高点（測点）</type>
<alti>868</alti>
</ElevPt>
<ElevPt gml:id="K2_4732511814_1">
<fid>47325-11814-i-11</fid>
<lfSpanFr gml:id="K2_4732511814_1-1">
<gml:timePosition>2021-04-02</gml:timePosition>
</lfSpanFr>
<devDate gml:id="K2_4732511814_1-2">
<gml:timePosition>2021-06-03</gml:timePosition>
</devDate>
<orgGILvl>25000</orgGILvl>
<vis>表示</vis>
<pos>
<gml:Point gml:id="K2_4732511814_1-g" srsName="fguuid:jgd2011.bl">
<gml:pos>32.824092720 131.464718210</gml:pos>
</gml:Point>
</pos>
<type>標高点（測点）</type>
<alti>1291</alti>
</ElevPt>
<ElevPt gml:id="K2_4732511817_1">
<fid>47325-11817-i-19</fid>
<lfSpanFr gml:id="K2_4732511817_1-1">
<gml:timePosition>2017-09-25</gml:timePosition>
</lfSpanFr>
<devDate gml:id="K2_4732511817_1-2">
<gml:timePosition>2021-06-03</gml:timePosition>
</devDate>
<orgGILvl>25000</orgGILvl>
<vis>表示</vis>
<pos>
<gml:Point gml:id="K2_4732511817_1-g" srsName="fguuid:jgd2011.bl">
<gml:pos>32.830890216 131.464672870</gml:pos>
</gml:Point>
</pos>
<type>標高点（測点）</type>
<alti>1378</alti>
</ElevPt>
<ElevPt gml:id="K2_4732811790_1">
<fid>47328-11790-i-1</fid>
<lfSpanFr gml:id="K2_4732811790_1-1">
<gml:timePosition>2013-12-10</gml:timePosition>
</lfSpanFr>
<devDate gml:id="K2_4732811790_1-2">
<gml:timePosition>2021-06-03</gml:timePosition>
</devDate>
<orgGILvl>25000</orgGILvl>
<vis>表示</vis>
<pos>
<gml:Point gml:id="K2_4732811790_1-g" srsName="fguuid:jgd2011.bl">
<gml:pos>32.755049444 131.471284444</gml:pos>
</gml:Point>
</pos>
<type>標高点（測点）</type>
<alti>1405</alti>
</ElevPt>
<ElevPt gml:id="K2_4732811793_1">
<fid>47328-11793-i-5</fid>
<lfSpanFr gml:id="K2_4732811793_1-1">
<gml:timePosition>2013-12-10</gml:timePosition>
</lfSpanFr>
<devDate gml:id="K2_4732811793_1-2">
<gml:timePosition>2021-06-03</gml:timePosition>
</devDate>
<orgGILvl>25000</orgGILvl>
<vis>表示</vis>
<pos>
<gml:Point gml:id="K2_4732811793_1-g" srsName="fguuid:jgd2011.bl">
<gml:pos>32.762560833 131.473225278</gml:pos>
</gml:Point>
</pos>
<type>標高点（測点）</type>
<alti>1266</alti>
</ElevPt>
<ElevPt gml:id="K2_4732811796_1">
<fid>47328-11796-i-1</fid>
<lfSpanFr gml:id="K2_4732811796_1-1">
<gml:timePosition>2013-12-10</gml:timePosition>
</lfSpanFr>
<devDate gml:id="K2_4732811796_1-2">
<gml:timePosition>2021-06-03</gml:timePosition>
</devDate>
<orgGILvl>25000</orgGILvl>
<vis>表示</vis>
<pos>
<gml:Point gml:id="K2_4732811796_1-g" srsName="fguuid:jgd2011.bl">
<gml:pos>32.768399167 131.471410278</gml:pos>
</gml:Point>
</pos>
<type>標高点（測点）</type>
<alti>1256</alti>
</ElevPt>
<ElevPt gml:id="K2_4732811799_1">
<fid>47328-11799-i-3</fid>
<lfSpanFr gml:id="K2_4732811799_1-1">
<gml:timePosition>2013-12-10</gml:timePosition>
</lfSpanFr>
<devDate gml:id="K2_4732811799_1-2">
<gml:timePosition>2021-06-03</gml:timePosition>
</devDate>
<orgGILvl>25000</orgGILvl>
<vis>表示</vis>
<pos>
<gml:Point gml:id="K2_4732811799_1-g" srsName="fguuid:jgd2011.bl">
<gml:pos>32.775400556 131.469993611</gml:pos>
</gml:Point>
</pos>
<type>標高点（測点）</type>
<alti>1356</alti>
</ElevPt>
<ElevPt gml:id="K2_4732811802_1">
<fid>47328-11802-i-2</fid>
<lfSpanFr gml:id="K2_4732811802_1-1">
<gml:timePosition>2013-12-10</gml:timePosition>
</lfSpanFr>
<devDate gml:id="K2_4732811802_1-2">
<gml:timePosition>2021-06-03</gml:timePosition>
</devDate>
<orgGILvl>25000</orgGILvl>
<vis>表示</vis>
<pos>
<gml:Point gml:id="K2_4732811802_1-g" srsName="fguuid:jgd2011.bl">
<gml:pos>32.791625000 131.468918611</gml:pos>
</gml:Point>
</pos>
<type>標高点（測点）</type>
<alti>978</alti>
</ElevPt>
<ElevPt gml:id="K2_4732811808_1">
<fid>47328-11808-i-40</fid>
<lfSpanFr gml:id="K2_4732811808_1-1">
<gml:timePosition>2021-04-02</gml:timePosition>
</lfSpanFr>
<devDate gml:id="K2_4732811808_1-2">
<gml:timePosition>2021-06-03</gml:timePosition>
</devDate>
<orgGILvl>25000</orgGILvl>
<vis>表示</vis>
<pos>
<gml:Point gml:id="K2_4732811808_1-g" srsName="fguuid:jgd2011.bl">
<gml:pos>32.807408333 131.470825278</gml:pos>
</gml:Point>
</pos>
<type>標高点（測点）</type>
<alti>869</alti>
</ElevPt>
<ElevPt gml:id="K2_4732811811_1">
<fid>47328-11811-i-2</fid>
<lfSpanFr gml:id="K2_4732811811_1-1">
<gml:timePosition>2013-12-10</gml:timePosition>
</lfSpanFr>
<devDate gml:id="K2_4732811811_1-2">
<gml:timePosition>2021-06-03</gml:timePosition>
</devDate>
<orgGILvl>25000</orgGILvl>
<vis>表示</vis>
<pos>
<gml:Point gml:id="K2_4732811811_1-g" srsName="fguuid:jgd2011.bl">
<gml:pos>32.816541111 131.468955556</gml:pos>
</gml:Point>
</pos>
<type>標高点（測点）</type>
<alti>1105</alti>
</ElevPt>
<ElevPt gml:id="K2_4732811817_1">
<fid>47328-11817-i-12</fid>
<lfSpanFr gml:id="K2_4732811817_1-1">
<gml:timePosition>2017-09-25</gml:timePosition>
</lfSpanFr>
<devDate gml:id="K2_4732811817_1-2">
<gml:timePosition>2021-06-03</gml:timePosition>
</devDate>
<orgGILvl>25000</orgGILvl>
<vis>表示</vis>
<pos>
<gml:Point gml:id="K2_4732811817_1-g" srsName="fguuid:jgd2011.bl">
<gml:pos>32.826694932 131.473632868</gml:pos>
</gml:Point>
</pos>
<type>標高点（測点）</type>
<alti>1041</alti>
</ElevPt>
<ElevPt gml:id="K2_4733111793_1">
<fid>47331-11793-i-23</fid>
<lfSpanFr gml:id="K2_4733111793_1-1">
<gml:timePosition>2021-04-02</gml:timePosition>
</lfSpanFr>
<devDate gml:id="K2_4733111793_1-2">
<gml:timePosition>2021-06-03</gml:timePosition>
</devDate>
<orgGILvl>25000</orgGILvl>
<vis>表示</vis>
<pos>
<gml:Point gml:id="K2_4733111793_1-g" srsName="fguuid:jgd2011.bl">
<gml:pos>32.759966667 131.482036111</gml:pos>
</gml:Point>
</pos>
<type>標高点（測点）</type>
<alti>1548</alti>
</ElevPt>
<ElevPt gml:id="K2_4733111793_2">
<fid>47331-11793-i-24</fid>
<lfSpanFr gml:id="K2_4733111793_2-1">
<gml:timePosition>2021-04-02</gml:timePosition>
</lfSpanFr>
<devDate gml:id="K2_4733111793_2-2">
<gml:timePosition>2021-06-03</gml:timePosition>
</devDate>
<orgGILvl>25000</orgGILvl>
<vis>表示</vis>
<pos>
<gml:Point gml:id="K2_4733111793_2-g" srsName="fguuid:jgd2011.bl">
<gml:pos>32.764556222 131.483204250</gml:pos>
</gml:Point>
</pos>
<type>標高点（測点）</type>
<alti>1571</alti>
</ElevPt>
<ElevPt gml:id="K2_4733111802_1">
<fid>47331-11802-i-1</fid>
<lfSpanFr gml:id="K2_4733111802_1-1">
<gml:timePosition>2013-12-10</gml:timePosition>
</lfSpanFr>
<devDate gml:id="K2_4733111802_1-2">
<gml:timePosition>2021-06-03</gml:timePosition>
</devDate>
<orgGILvl>25000</orgGILvl>
<vis>表示</vis>
<pos>
<gml:Point gml:id="K2_4733111802_1-g" srsName="fguuid:jgd2011.bl">
<gml:pos>32.784506944 131.477472222</gml:pos>
</gml:Point>
</pos>
<type>標高点（測点）</type>
<alti>1154</alti>
</ElevPt>
<ElevPt gml:id="K2_4733111805_1">
<fid>47331-11805-i-7</fid>
<lfSpanFr gml:id="K2_4733111805_1-1">
<gml:timePosition>2021-04-02</gml:timePosition>
</lfSpanFr>
<devDate gml:id="K2_4733111805_1-2">
<gml:timePosition>2021-06-03</gml:timePosition>
</devDate>
<orgGILvl>25000</orgGILvl>
<vis>表示</vis>
<pos>
<gml:Point gml:id="K2_4733111805_1-g" srsName="fguuid:jgd2011.bl">
<gml:pos>32.797871667 131.478065556</gml:pos>
</gml:Point>
</pos>
<type>標高点（測点）</type>
<alti>842</alti>
</ElevPt>
<ElevPt gml:id="K2_4733111814_1">
<fid>47331-11814-i-18</fid>
<lfSpanFr gml:id="K2_4733111814_1-1">
<gml:timePosition>2017-09-25</gml:timePosition>
</lfSpanFr>
<devDate gml:id="K2_4733111814_1-2">
<gml:timePosition>2021-06-03</gml:timePosition>
</devDate>
<orgGILvl>25000</orgGILvl>
<vis>表示</vis>
<pos>
<gml:Point gml:id="K2_4733111814_1-g" srsName="fguuid:jgd2011.bl">
<gml:pos>32.817775826 131.478084676</gml:pos>
</gml:Point>
</pos>
<type>標高点（測点）</type>
<alti>718</alti>
</ElevPt>
<ElevPt gml:id="K2_4733111817_1">
<fid>47331-11817-i-20</fid>
<lfSpanFr gml:id="K2_4733111817_1-1">
<gml:timePosition>2017-09-25</gml:timePosition>
</lfSpanFr>
<devDate gml:id="K2_4733111817_1-2">
<gml:timePosition>2021-06-03</gml:timePosition>
</devDate>
<orgGILvl>25000</orgGILvl>
<vis>表示</vis>
<pos>
<gml:Point gml:id="K2_4733111817_1-g" srsName="fguuid:jgd2011.bl">
<gml:pos>32.830100497 131.479903483</gml:pos>
</gml:Point>
</pos>
<type>標高点（測点）</type>
<alti>1198</alti>
</ElevPt>
<ElevPt gml:id="K2_4733411790_1">
<fid>47334-11790-i-28</fid>
<lfSpanFr gml:id="K2_4733411790_1-1">
<gml:timePosition>2021-04-02</gml:timePosition>
</lfSpanFr>
<devDate gml:id="K2_4733411790_1-2">
<gml:timePosition>2021-06-03</gml:timePosition>
</devDate>
<orgGILvl>25000</orgGILvl>
<vis>表示</vis>
<pos>
<gml:Point gml:id="K2_4733411790_1-g" srsName="fguuid:jgd2011.bl">
<gml:pos>32.756178889 131.488787222</gml:pos>
</gml:Point>
</pos>
<type>標高点（測点）</type>
<alti>1567</alti>
</ElevPt>
<ElevPt gml:id="K2_4733411799_1">
<fid>47334-11799-i-4</fid>
<lfSpanFr gml:id="K2_4733411799_1-1">
<gml:timePosition>2013-12-10</gml:timePosition>
</lfSpanFr>
<devDate gml:id="K2_4733411799_1-2">
<gml:timePosition>2021-06-03</gml:timePosition>
</devDate>
<orgGILvl>25000</orgGILvl>
<vis>表示</vis>
<pos>
<gml:Point gml:id="K2_4733411799_1-g" srsName="fguuid:jgd2011.bl">
<gml:pos>32.776607500 131.485691667</gml:pos>
</gml:Point>
</pos>
<type>標高点（測点）</type>
<alti>1488</alti>
</ElevPt>
<ElevPt gml:id="K2_4733411802_1">
<fid>47334-11802-i-1</fid>
<lfSpanFr gml:id="K2_4733411802_1-1">
<gml:timePosition>2013-12-10</gml:timePosition>
</lfSpanFr>
<devDate gml:id="K2_4733411802_1-2">
<gml:timePosition>2021-06-03</gml:timePosition>
</devDate>
<orgGILvl>25000</orgGILvl>
<vis>表示</vis>
<pos>
<gml:Point gml:id="K2_4733411802_1-g" srsName="fguuid:jgd2011.bl">
<gml:pos>32.787126111 131.489039167</gml:pos>
</gml:Point>
</pos>
<type>標高点（測点）</type>
<alti>1162</alti>
</ElevPt>
<ElevPt gml:id="K2_4733411805_1">
<fid>47334-11805-i-1</fid>
<lfSpanFr gml:id="K2_4733411805_1-1">
<gml:timePosition>2013-12-10</gml:timePosition>
</lfSpanFr>
<devDate gml:id="K2_4733411805_1-2">
<gml:timePosition>2021-06-03</gml:timePosition>
</devDate>
<orgGILvl>25000</orgGILvl>
<vis>表示</vis>
<pos>
<gml:Point gml:id="K2_4733411805_1-g" srsName="fguuid:jgd2011.bl">
<gml:pos>32.795612222 131.484545556</gml:pos>
</gml:Point>
</pos>
<type>標高点（測点）</type>
<alti>998</alti>
</ElevPt>
<ElevPt gml:id="K2_4733411808_1">
<fid>47334-11808-i-24</fid>
<lfSpanFr gml:id="K2_4733411808_1-1">
<gml:timePosition>2021-04-02</gml:timePosition>
</lfSpanFr>
<devDate gml:id="K2_4733411808_1-2">
<gml:timePosition>2021-06-03</gml:timePosition>
</devDate>
<orgGILvl>25000</orgGILvl>
<vis>表示</vis>
<pos>
<gml:Point gml:id="K2_4733411808_1-g" srsName="fguuid:jgd2011.bl">
<gml:pos>32.807221667 131.490926667</gml:pos>
</gml:Point>
</pos>
<type>標高点（測点）</type>
<alti>821</alti>
</ElevPt>
<ElevPt gml:id="K2_4733411811_1">
<fid>47334-11811-i-2</fid>
<lfSpanFr gml:id="K2_4733411811_1-1">
<gml:timePosition>2013-12-10</gml:timePosition>
</lfSpanFr>
<devDate gml:id="K2_4733411811_1-2">
<gml:timePosition>2021-06-03</gml:timePosition>
</devDate>
<orgGILvl>25000</orgGILvl>
<vis>表示</vis>
<pos>
<gml:Point gml:id="K2_4733411811_1-g" srsName="fguuid:jgd2011.bl">
<gml:pos>32.813711389 131.484956667</gml:pos>
</gml:Point>
</pos>
<type>標高点（測点）</type>
<alti>929</alti>
</ElevPt>
<ElevPt gml:id="K2_4733411814_1">
<fid>47334-11814-i-19</fid>
<lfSpanFr gml:id="K2_4733411814_1-1">
<gml:timePosition>2017-09-25</gml:timePosition>
</lfSpanFr>
<devDate gml:id="K2_4733411814_1-2">
<gml:timePosition>2021-06-03</gml:timePosition>
</devDate>
<orgGILvl>25000</orgGILvl>
<vis>非表示</vis>
<pos>
<gml:Point gml:id="K2_4733411814_1-g" srsName="fguuid:jgd2011.bl">
<gml:pos>32.821580551 131.486033023</gml:pos>
</gml:Point>
</pos>
<type>標高点（測点）</type>
<alti>1088</alti>
</ElevPt>
<ElevPt gml:id="K2_4733711790_1">
<fid>47337-11790-i-4</fid>
<lfSpanFr gml:id="K2_4733711790_1-1">
<gml:timePosition>2013-12-10</gml:timePosition>
</lfSpanFr>
<devDate gml:id="K2_4733711790_1-2">
<gml:timePosition>2021-06-03</gml:timePosition>
</devDate>
<orgGILvl>25000</orgGILvl>
<vis>表示</vis>
<pos>
<gml:Point gml:id="K2_4733711790_1-g" srsName="fguuid:jgd2011.bl">
<gml:pos>32.755556389 131.496678611</gml:pos>
</gml:Point>
</pos>
<type>標高点（測点）</type>
<alti>1277</alti>
</ElevPt>
<ElevPt gml:id="K2_4733711796_1">
<fid>47337-11796-i-7</fid>
<lfSpanFr gml:id="K2_4733711796_1-1">
<gml:timePosition>2013-12-10</gml:timePosition>
</lfSpanFr>
<devDate gml:id="K2_4733711796_1-2">
<gml:timePosition>2021-06-03</gml:timePosition>
</devDate>
<orgGILvl>25000</orgGILvl>
<vis>表示</vis>
<pos>
<gml:Point gml:id="K2_4733711796_1-g" srsName="fguuid:jgd2011.bl">
<gml:pos>32.766723889 131.492218056</gml:pos>
</gml:Point>
</pos>
<type>標高点（測点）</type>
<alti>1517</alti>
</ElevPt>
<ElevPt gml:id="K2_4733711796_2">
<fid>47337-11796-i-8</fid>
<lfSpanFr gml:id="K2_4733711796_2-1">
<gml:timePosition>2013-12-10</gml:timePosition>
</lfSpanFr>
<devDate gml:id="K2_4733711796_2-2">
<gml:timePosition>2021-06-03</gml:timePosition>
</devDate>
<orgGILvl>25000</orgGILvl>
<vis>表示</vis>
<pos>
<gml:Point gml:id="K2_4733711796_2-g" srsName="fguuid:jgd2011.bl">
<gml:pos>32.773904722 131.498568611</gml:pos>
</gml:Point>
</pos>
<type>標高点（測点）</type>
<alti>1402</alti>
</ElevPt>
<ElevPt gml:id="K2_4733711802_1">
<fid>47337-11802-i-1</fid>
<lfSpanFr gml:id="K2_4733711802_1-1">
<gml:timePosition>2013-12-10</gml:timePosition>
</lfSpanFr>
<devDate gml:id="K2_4733711802_1-2">
<gml:timePosition>2021-06-03</gml:timePosition>
</devDate>
<orgGILvl>25000</orgGILvl>
<vis>表示</vis>
<pos>
<gml:Point gml:id="K2_4733711802_1-g" srsName="fguuid:jgd2011.bl">
<gml:pos>32.788920278 131.498375833</gml:pos>
</gml:Point>
</pos>
<type>標高点（測点）</type>
<alti>787</alti>
</ElevPt>
<ElevPt gml:id="K2_4733711805_1">
<fid>47337-11805-i-1</fid>
<lfSpanFr gml:id="K2_4733711805_1-1">
<gml:timePosition>2013-12-10</gml:timePosition>
</lfSpanFr>
<devDate gml:id="K2_4733711805_1-2">
<gml:timePosition>2021-06-03</gml:timePosition>
</devDate>
<orgGILvl>25000</orgGILvl>
<vis>表示</vis>
<pos>
<gml:Point gml:id="K2_4733711805_1-g" srsName="fguuid:jgd2011.bl">
<gml:pos>32.798774722 131.497156389</gml:pos>
</gml:Point>
</pos>
<type>標高点（測点）</type>
<alti>734</alti>
</ElevPt>
<ElevPt gml:id="K2_4733711808_1">
<fid>47337-11808-i-1</fid>
<lfSpanFr gml:id="K2_4733711808_1-1">
<gml:timePosition>2013-12-10</gml:timePosition>
</lfSpanFr>
<devDate gml:id="K2_4733711808_1-2">
<gml:timePosition>2021-06-03</gml:timePosition>
</devDate>
<orgGILvl>25000</orgGILvl>
<vis>表示</vis>
<pos>
<gml:Point gml:id="K2_4733711808_1-g" srsName="fguuid:jgd2011.bl">
<gml:pos>32.804435833 131.499319444</gml:pos>
</gml:Point>
</pos>
<type>標高点（測点）</type>
<alti>854</alti>
</ElevPt>
<ElevPt gml:id="K2_4733711811_1">
<fid>47337-11811-i-44</fid>
<lfSpanFr gml:id="K2_4733711811_1-1">
<gml:timePosition>2015-08-13</gml:timePosition>
</lfSpanFr>
<devDate gml:id="K2_4733711811_1-2">
<gml:timePosition>2021-06-03</gml:timePosition>
</devDate>
<orgGILvl>25000</orgGILvl>
<vis>非表示</vis>
<pos>
<gml:Point gml:id="K2_4733711811_1-g" srsName="fguuid:jgd2011.bl">
<gml:pos>32.815902222 131.493202778</gml:pos>
</gml:Point>
</pos>
<type>標高点（測点）</type>
<alti>934</alti>
</ElevPt>
<ElevPt gml:id="K2_4733711814_1">
<fid>47337-11814-i-5</fid>
<lfSpanFr gml:id="K2_4733711814_1-1">
<gml:timePosition>2013-12-10</gml:timePosition>
</lfSpanFr>
<devDate gml:id="K2_4733711814_1-2">
<gml:timePosition>2021-06-03</gml:timePosition>
</devDate>
<orgGILvl>25000</orgGILvl>
<vis>表示</vis>
<pos>
<gml:Point gml:id="K2_4733711814_1-g" srsName="fguuid:jgd2011.bl">
<gml:pos>32.818938889 131.499640833</gml:pos>
</gml:Point>
</pos>
<type>標高点（測点）</type>
<alti>826</alti>
</ElevPt>
<ElevPt gml:id="K2_4733711817_1">
<fid>47337-11817-i-5</fid>
<lfSpanFr gml:id="K2_4733711817_1-1">
<gml:timePosition>2017-09-25</gml:timePosition>
</lfSpanFr>
<devDate gml:id="K2_4733711817_1-2">
<gml:timePosition>2021-06-03</gml:timePosition>
</devDate>
<orgGILvl>25000</orgGILvl>
<vis>表示</vis>
<pos>
<gml:Point gml:id="K2_4733711817_1-g" srsName="fguuid:jgd2011.bl">
<gml:pos>32.827129155 131.492049087</gml:pos>
</gml:Point>
</pos>
<type>標高点（測点）</type>
<alti>773</alti>
</ElevPt>
<ElevPt gml:id="K2_4733711817_2">
<fid>47337-11817-i-6</fid>
<lfSpanFr gml:id="K2_4733711817_2-1">
<gml:timePosition>2017-09-25</gml:timePosition>
</lfSpanFr>
<devDate gml:id="K2_4733711817_2-2">
<gml:timePosition>2021-06-03</gml:timePosition>
</devDate>
<orgGILvl>25000</orgGILvl>
<vis>表示</vis>
<pos>
<gml:Point gml:id="K2_4733711817_2-g" srsName="fguuid:jgd2011.bl">
<gml:pos>32.832174701 131.495617629</gml:pos>
</gml:Point>
</pos>
<type>標高点（測点）</type>
<alti>1063</alti>
</ElevPt>
</Dataset>
