<?xml version="1.0" encoding="utf-8"?>
<Dataset xsi:schemaLocation="http://fgd.gsi.go.jp/spec/2008/FGD_GMLSchema FGD_GMLSchema.xsd"
	xmlns:gml="http://www.opengis.net/gml/3.2"
	xmlns:xsi="http://www.w3.org/2001/XMLSchema-instance"
	xmlns:xlink="http://www.w3.org/1999/xlink"
	xmlns="http://fgd.gsi.go.jp/spec/2008/FGD_GMLSchema"
	gml:id="Dataset1">
  <gml:description>基盤地図情報メタデータ ID=fmdid:21-0701</gml:description>
  <gml:name>基盤地図情報ダウンロードデータ（GML版）</gml:name>
<AdmBdry gml:id="K5_4729511811_1">
<fid>47295-11811-i-25</fid>
<lfSpanFr gml:id="K5_4729511811_1-1">
<gml:timePosition>2017-09-25</gml:timePosition>
</lfSpanFr>
<devDate gml:id="K5_4729511811_1-2">
<gml:timePosition>2021-06-03</gml:timePosition>
</devDate>
<orgGILvl>25000</orgGILvl>
<vis>表示</vis>
<loc>
<gml:Curve gml:id="K5_4729511811_1-g" srsName="fguuid:jgd2011.bl">
<gml:segments>
<gml:LineStringSegment>
<gml:posList>
32.808447223 131.375000000
32.808454261 131.375196457
32.808517037 131.375830074
32.808692592 131.376510913
32.809006479 131.377350086
32.809282589 131.377856758
32.809470644 131.378284539
32.809546199 131.378569542
32.809596476 131.378917878
</gml:posList>
</gml:LineStringSegment>
</gml:segments>
</gml:Curve>
</loc>
<type>都道府県界</type>
</AdmBdry>
<AdmBdry gml:id="K5_4729511811_2">
<fid>47295-11811-i-26</fid>
<lfSpanFr gml:id="K5_4729511811_2-1">
<gml:timePosition>2017-09-25</gml:timePosition>
</lfSpanFr>
<devDate gml:id="K5_4729511811_2-2">
<gml:timePosition>2021-06-03</gml:timePosition>
</devDate>
<orgGILvl>25000</orgGILvl>
<vis>表示</vis>
<loc>
<gml:Curve gml:id="K5_4729511811_2-g" srsName="fguuid:jgd2011.bl">
<gml:segments>
<gml:LineStringSegment>
<gml:posList>
32.809596476 131.378917878
32.809521197 131.379453160
32.809182307 131.380022887
32.809056751 131.380371501
32.809056750 131.380688170
32.809132304 131.381289842
32.809295636 131.381970959
32.809408413 131.382525130
32.809408412 131.382778466
32.809406385 131.382786910
</gml:posList>
</gml:LineStringSegment>
</gml:segments>
</gml:Curve>
</loc>
<type>都道府県界</type>
</AdmBdry>
<AdmBdry gml:id="K5_4729511811_3">
<fid>47295-11811-i-27</fid>
<lfSpanFr gml:id="K5_4729511811_3-1">
<gml:timePosition>2017-09-25</gml:timePosition>
</lfSpanFr>
<devDate gml:id="K5_4729511811_3-2">
<gml:timePosition>2021-06-03</gml:timePosition>
</devDate>
<orgGILvl>25000</orgGILvl>
<vis>表示</vis>
<loc>
<gml:Curve gml:id="K5_4729511811_3-g" srsName="fguuid:jgd2011.bl">
<gml:segments>
<gml:LineStringSegment>
<gml:posList>
32.809406385 131.382786910
32.809320634 131.383142635
32.809228689 131.383332914
</gml:posList>
</gml:LineStringSegment>
</gml:segments>
</gml:Curve>
</loc>
<type>都道府県界</type>
</AdmBdry>
<AdmBdry gml:id="K5_4729511811_4">
<fid>47295-11811-i-28</fid>
<lfSpanFr gml:id="K5_4729511811_4-1">
<gml:timePosition>2017-09-25</gml:timePosition>
</lfSpanFr>
<devDate gml:id="K5_4729511811_4-2">
<gml:timePosition>2021-06-03</gml:timePosition>
</devDate>
<orgGILvl>25000</orgGILvl>
<vis>表示</vis>
<loc>
<gml:Curve gml:id="K5_4729511811_4-g" srsName="fguuid:jgd2011.bl">
<gml:segments>
<gml:LineStringSegment>
<gml:posList>
32.809228689 131.383332914
32.809228487 131.383333333
</gml:posList>
</gml:LineStringSegment>
</gml:segments>
</gml:Curve>
</loc>
<type>都道府県界</type>
</AdmBdry>
<AdmBdry gml:id="K5_4729811811_1">
<fid>47298-11811-i-61</fid>
<lfSpanFr gml:id="K5_4729811811_1-1">
<gml:timePosition>2017-09-25</gml:timePosition>
</lfSpanFr>
<devDate gml:id="K5_4729811811_1-2">
<gml:timePosition>2021-06-03</gml:timePosition>
</devDate>
<orgGILvl>25000</orgGILvl>
<vis>表示</vis>
<loc>
<gml:Curve gml:id="K5_4729811811_1-g" srsName="fguuid:jgd2011.bl">
<gml:segments>
<gml:LineStringSegment>
<gml:posList>
32.809228487 131.383333333
32.809085633 131.383629028
32.809022855 131.383803196
32.809010354 131.383930141
32.809073132 131.384120143
32.809223687 131.384405146
32.809600075 131.384911817
32.809976463 131.385466267
32.810127295 131.385845993
32.810491182 131.386717112
32.810735404 131.387145839
</gml:posList>
</gml:LineStringSegment>
</gml:segments>
</gml:Curve>
</loc>
<type>都道府県界</type>
</AdmBdry>
<AdmBdry gml:id="K5_4729811811_2">
<fid>47298-11811-i-62</fid>
<lfSpanFr gml:id="K5_4729811811_2-1">
<gml:timePosition>2017-09-25</gml:timePosition>
</lfSpanFr>
<devDate gml:id="K5_4729811811_2-2">
<gml:timePosition>2021-06-03</gml:timePosition>
</devDate>
<orgGILvl>25000</orgGILvl>
<vis>表示</vis>
<loc>
<gml:Curve gml:id="K5_4729811811_2-g" srsName="fguuid:jgd2011.bl">
<gml:segments>
<gml:LineStringSegment>
<gml:posList>
32.810735404 131.387145839
32.810779792 131.387223784
32.811357016 131.388094900
32.811782018 131.388700735
32.811920075 131.389049069
32.811970076 131.389350181
32.811907299 131.389841016
32.811819801 131.390205183
32.811857579 131.390489905
32.811957859 131.390917684
32.811982860 131.391186851
32.811957861 131.391630186
32.811955278 131.391666297
</gml:posList>
</gml:LineStringSegment>
</gml:segments>
</gml:Curve>
</loc>
<type>都道府県界</type>
</AdmBdry>
<AdmBdry gml:id="K5_4729811811_3">
<fid>47298-11811-i-63</fid>
<lfSpanFr gml:id="K5_4729811811_3-1">
<gml:timePosition>2017-09-25</gml:timePosition>
</lfSpanFr>
<devDate gml:id="K5_4729811811_3-2">
<gml:timePosition>2021-06-03</gml:timePosition>
</devDate>
<orgGILvl>25000</orgGILvl>
<vis>表示</vis>
<loc>
<gml:Curve gml:id="K5_4729811811_3-g" srsName="fguuid:jgd2011.bl">
<gml:segments>
<gml:LineStringSegment>
<gml:posList>
32.811955278 131.391666297
32.811955251 131.391666667
</gml:posList>
</gml:LineStringSegment>
</gml:segments>
</gml:Curve>
</loc>
<type>都道府県界</type>
</AdmBdry>
<AdmBdry gml:id="K5_4730111811_1">
<fid>47301-11811-i-20</fid>
<lfSpanFr gml:id="K5_4730111811_1-1">
<gml:timePosition>2017-09-25</gml:timePosition>
</lfSpanFr>
<devDate gml:id="K5_4730111811_1-2">
<gml:timePosition>2021-06-03</gml:timePosition>
</devDate>
<orgGILvl>25000</orgGILvl>
<vis>表示</vis>
<loc>
<gml:Curve gml:id="K5_4730111811_1-g" srsName="fguuid:jgd2011.bl">
<gml:segments>
<gml:LineStringSegment>
<gml:posList>
32.812108383 131.398038642
32.812208161 131.398211864
32.812458996 131.398591866
32.812772887 131.399003256
32.813111500 131.399399090
32.813312335 131.399716035
32.813412892 131.399969369
32.813421892 131.399999647
</gml:posList>
</gml:LineStringSegment>
</gml:segments>
</gml:Curve>
</loc>
<type>都道府県界</type>
</AdmBdry>
<AdmBdry gml:id="K5_4730111811_2">
<fid>47301-11811-i-21</fid>
<lfSpanFr gml:id="K5_4730111811_2-1">
<gml:timePosition>2017-09-25</gml:timePosition>
</lfSpanFr>
<devDate gml:id="K5_4730111811_2-2">
<gml:timePosition>2021-06-03</gml:timePosition>
</devDate>
<orgGILvl>25000</orgGILvl>
<vis>表示</vis>
<loc>
<gml:Curve gml:id="K5_4730111811_2-g" srsName="fguuid:jgd2011.bl">
<gml:segments>
<gml:LineStringSegment>
<gml:posList>
32.811955251 131.391666667
32.811932862 131.391978797
</gml:posList>
</gml:LineStringSegment>
</gml:segments>
</gml:Curve>
</loc>
<type>都道府県界</type>
</AdmBdry>
<AdmBdry gml:id="K5_4730111811_3">
<fid>47301-11811-i-22</fid>
<lfSpanFr gml:id="K5_4730111811_3-1">
<gml:timePosition>2017-09-25</gml:timePosition>
</lfSpanFr>
<devDate gml:id="K5_4730111811_3-2">
<gml:timePosition>2021-06-03</gml:timePosition>
</devDate>
<orgGILvl>25000</orgGILvl>
<vis>表示</vis>
<loc>
<gml:Curve gml:id="K5_4730111811_3-g" srsName="fguuid:jgd2011.bl">
<gml:segments>
<gml:LineStringSegment>
<gml:posList>
32.811932862 131.391978797
32.811907586 131.392358798
32.811807309 131.392786298
32.811631477 131.393166577
</gml:posList>
</gml:LineStringSegment>
</gml:segments>
</gml:Curve>
</loc>
<type>都道府県界</type>
</AdmBdry>
<AdmBdry gml:id="K5_4730111811_4">
<fid>47301-11811-i-23</fid>
<lfSpanFr gml:id="K5_4730111811_4-1">
<gml:timePosition>2017-09-25</gml:timePosition>
</lfSpanFr>
<devDate gml:id="K5_4730111811_4-2">
<gml:timePosition>2021-06-03</gml:timePosition>
</devDate>
<orgGILvl>25000</orgGILvl>
<vis>表示</vis>
<loc>
<gml:Curve gml:id="K5_4730111811_4-g" srsName="fguuid:jgd2011.bl">
<gml:segments>
<gml:LineStringSegment>
<gml:posList>
32.811631477 131.393166577
32.811191202 131.393967689
32.811116203 131.394252689
32.811078426 131.394522134
32.811078427 131.394822968
32.811203983 131.395171024
32.811404818 131.395582692
32.811542875 131.395788804
32.811743709 131.396026304
32.811843988 131.396279638
32.811919266 131.396501306
32.811944546 131.397024084
32.811919270 131.397578252
32.812007327 131.397863253
32.812108383 131.398038642
</gml:posList>
</gml:LineStringSegment>
</gml:segments>
</gml:Curve>
</loc>
<type>都道府県界</type>
</AdmBdry>
<AdmBdry gml:id="K5_4730111811_5">
<fid>47301-11811-i-24</fid>
<lfSpanFr gml:id="K5_4730111811_5-1">
<gml:timePosition>2017-09-25</gml:timePosition>
</lfSpanFr>
<devDate gml:id="K5_4730111811_5-2">
<gml:timePosition>2021-06-03</gml:timePosition>
</devDate>
<orgGILvl>25000</orgGILvl>
<vis>表示</vis>
<loc>
<gml:Curve gml:id="K5_4730111811_5-g" srsName="fguuid:jgd2011.bl">
<gml:segments>
<gml:LineStringSegment>
<gml:posList>
32.813421892 131.399999647
32.813421997 131.400000000
</gml:posList>
</gml:LineStringSegment>
</gml:segments>
</gml:Curve>
</loc>
<type>都道府県界</type>
</AdmBdry>
<AdmBdry gml:id="K5_4730411790_1">
<fid>47304-11790-i-4</fid>
<lfSpanFr gml:id="K5_4730411790_1-1">
<gml:timePosition>2013-12-10</gml:timePosition>
</lfSpanFr>
<devDate gml:id="K5_4730411790_1-2">
<gml:timePosition>2021-06-03</gml:timePosition>
</devDate>
<orgGILvl>25000</orgGILvl>
<vis>表示</vis>
<loc>
<gml:Curve gml:id="K5_4730411790_1-g" srsName="fguuid:jgd2011.bl">
<gml:segments>
<gml:LineStringSegment>
<gml:posList>
32.753392222 131.401017778
32.753205833 131.401087500
32.753102500 131.401129444
32.752828333 131.401203889
32.752557500 131.401303889
32.752315556 131.401423333
32.752057500 131.401568889
32.751893056 131.401643333
32.751709444 131.401678611
32.751535000 131.401688333
32.751396389 131.401688333
32.751264167 131.401736944
32.751012500 131.401795000
32.750653333 131.401830833
32.750478889 131.401824444
32.750111389 131.401785556
32.750000000 131.401778278
</gml:posList>
</gml:LineStringSegment>
</gml:segments>
</gml:Curve>
</loc>
<type>市区町村界</type>
</AdmBdry>
<AdmBdry gml:id="K5_4730411790_2">
<fid>47304-11790-i-5</fid>
<lfSpanFr gml:id="K5_4730411790_2-1">
<gml:timePosition>2013-12-10</gml:timePosition>
</lfSpanFr>
<devDate gml:id="K5_4730411790_2-2">
<gml:timePosition>2021-06-03</gml:timePosition>
</devDate>
<orgGILvl>25000</orgGILvl>
<vis>表示</vis>
<loc>
<gml:Curve gml:id="K5_4730411790_2-g" srsName="fguuid:jgd2011.bl">
<gml:segments>
<gml:LineStringSegment>
<gml:posList>
32.753821667 131.401037500
32.753679167 131.400998056
32.753392222 131.401017778
</gml:posList>
</gml:LineStringSegment>
</gml:segments>
</gml:Curve>
</loc>
<type>市区町村界</type>
</AdmBdry>
<AdmBdry gml:id="K5_4730411790_3">
<fid>47304-11790-i-6</fid>
<lfSpanFr gml:id="K5_4730411790_3-1">
<gml:timePosition>2013-12-10</gml:timePosition>
</lfSpanFr>
<devDate gml:id="K5_4730411790_3-2">
<gml:timePosition>2021-06-03</gml:timePosition>
</devDate>
<orgGILvl>25000</orgGILvl>
<vis>表示</vis>
<loc>
<gml:Curve gml:id="K5_4730411790_3-g" srsName="fguuid:jgd2011.bl">
<gml:segments>
<gml:LineStringSegment>
<gml:posList>
32.756341667 131.401582222
32.756281667 131.401556111
32.756156389 131.401429444
32.756068333 131.401223611
32.756011944 131.401096944
32.755936667 131.401057500
32.755792500 131.401176111
32.755346389 131.401322500
32.754982500 131.401409722
32.754675000 131.401583889
32.754461667 131.401694722
32.754323611 131.401694722
32.754204444 131.401623333
32.754085278 131.401401667
32.753947222 131.401140278
32.753821667 131.401037500
</gml:posList>
</gml:LineStringSegment>
</gml:segments>
</gml:Curve>
</loc>
<type>市区町村界</type>
</AdmBdry>
<AdmBdry gml:id="K5_4730411790_4">
<fid>47304-11790-i-7</fid>
<lfSpanFr gml:id="K5_4730411790_4-1">
<gml:timePosition>2013-12-10</gml:timePosition>
</lfSpanFr>
<devDate gml:id="K5_4730411790_4-2">
<gml:timePosition>2021-06-03</gml:timePosition>
</devDate>
<orgGILvl>25000</orgGILvl>
<vis>表示</vis>
<loc>
<gml:Curve gml:id="K5_4730411790_4-g" srsName="fguuid:jgd2011.bl">
<gml:segments>
<gml:LineStringSegment>
<gml:posList>
32.758333333 131.402469222
32.758167500 131.402426667
32.757586944 131.402181667
32.757335833 131.401967778
32.757072500 131.401809444
32.756739722 131.401722222
32.756445000 131.401627222
32.756341667 131.401582222
</gml:posList>
</gml:LineStringSegment>
</gml:segments>
</gml:Curve>
</loc>
<type>市区町村界</type>
</AdmBdry>
<AdmBdry gml:id="K5_4730411793_1">
<fid>47304-11793-i-5</fid>
<lfSpanFr gml:id="K5_4730411793_1-1">
<gml:timePosition>2013-12-10</gml:timePosition>
</lfSpanFr>
<devDate gml:id="K5_4730411793_1-2">
<gml:timePosition>2021-06-03</gml:timePosition>
</devDate>
<orgGILvl>25000</orgGILvl>
<vis>表示</vis>
<loc>
<gml:Curve gml:id="K5_4730411793_1-g" srsName="fguuid:jgd2011.bl">
<gml:segments>
<gml:LineStringSegment>
<gml:posList>
32.760119167 131.402822778
32.759723611 131.402719722
32.759341111 131.402664167
32.758945556 131.402593056
32.758537778 131.402521667
32.758333333 131.402469222
</gml:posList>
</gml:LineStringSegment>
</gml:segments>
</gml:Curve>
</loc>
<type>市区町村界</type>
</AdmBdry>
<AdmBdry gml:id="K5_4730411793_2">
<fid>47304-11793-i-6</fid>
<lfSpanFr gml:id="K5_4730411793_2-1">
<gml:timePosition>2013-12-10</gml:timePosition>
</lfSpanFr>
<devDate gml:id="K5_4730411793_2-2">
<gml:timePosition>2021-06-03</gml:timePosition>
</devDate>
<orgGILvl>25000</orgGILvl>
<vis>表示</vis>
<loc>
<gml:Curve gml:id="K5_4730411793_2-g" srsName="fguuid:jgd2011.bl">
<gml:segments>
<gml:LineStringSegment>
<gml:posList>
32.764653889 131.405130833
32.764576111 131.405151944
32.764375278 131.405191667
32.764199444 131.405167778
32.764106944 131.405092500
32.763856111 131.404823333
32.763730556 131.404696667
32.763623889 131.404657222
32.763460833 131.404657222
32.763297500 131.404673056
32.763265833 131.404666944
32.763216111 131.404657222
32.763109444 131.404570000
32.762973611 131.404345556
32.762791667 131.404195000
32.762509444 131.404044444
32.762057500 131.403815000
32.761518333 131.403664444
32.760997500 131.403316111
32.760119167 131.402822778
</gml:posList>
</gml:LineStringSegment>
</gml:segments>
</gml:Curve>
</loc>
<type>市区町村界</type>
</AdmBdry>
<AdmBdry gml:id="K5_4730411793_3">
<fid>47304-11793-i-7</fid>
<lfSpanFr gml:id="K5_4730411793_3-1">
<gml:timePosition>2013-12-10</gml:timePosition>
</lfSpanFr>
<devDate gml:id="K5_4730411793_3-2">
<gml:timePosition>2021-06-03</gml:timePosition>
</devDate>
<orgGILvl>25000</orgGILvl>
<vis>表示</vis>
<loc>
<gml:Curve gml:id="K5_4730411793_3-g" srsName="fguuid:jgd2011.bl">
<gml:segments>
<gml:LineStringSegment>
<gml:posList>
32.766666667 131.405677444
32.766524722 131.405563056
32.766330278 131.405499722
32.766031667 131.405428889
32.765648889 131.405357500
32.765071667 131.405231111
32.764845833 131.405112500
32.764751667 131.405104444
32.764653889 131.405130833
</gml:posList>
</gml:LineStringSegment>
</gml:segments>
</gml:Curve>
</loc>
<type>市区町村界</type>
</AdmBdry>
<AdmBdry gml:id="K5_4730411796_1">
<fid>47304-11796-i-90</fid>
<lfSpanFr gml:id="K5_4730411796_1-1">
<gml:timePosition>2021-04-02</gml:timePosition>
</lfSpanFr>
<devDate gml:id="K5_4730411796_1-2">
<gml:timePosition>2021-06-03</gml:timePosition>
</devDate>
<orgGILvl>25000</orgGILvl>
<vis>表示</vis>
<loc>
<gml:Curve gml:id="K5_4730411796_1-g" srsName="fguuid:jgd2011.bl">
<gml:segments>
<gml:LineStringSegment>
<gml:posList>
32.767566500 131.406125528
32.767233889 131.406014444
32.767051944 131.405943056
32.766750833 131.405745278
32.766666667 131.405677444
</gml:posList>
</gml:LineStringSegment>
</gml:segments>
</gml:Curve>
</loc>
<type>市区町村界</type>
</AdmBdry>
<AdmBdry gml:id="K5_4730411796_2">
<fid>47304-11796-i-91</fid>
<lfSpanFr gml:id="K5_4730411796_2-1">
<gml:timePosition>2021-04-02</gml:timePosition>
</lfSpanFr>
<devDate gml:id="K5_4730411796_2-2">
<gml:timePosition>2021-06-03</gml:timePosition>
</devDate>
<orgGILvl>25000</orgGILvl>
<vis>表示</vis>
<loc>
<gml:Curve gml:id="K5_4730411796_2-g" srsName="fguuid:jgd2011.bl">
<gml:segments>
<gml:LineStringSegment>
<gml:posList>
32.772928056 131.406725278
32.772312778 131.406365833
32.772111944 131.406286667
32.771967778 131.406263056
32.771779444 131.406334167
32.771490833 131.406484722
32.770907222 131.406852222
32.770812500 131.406911944
32.770429722 131.407165278
32.770122222 131.407450278
32.770028056 131.407505833
32.769933889 131.407490000
32.769683056 131.407379167
32.768499444 131.406595833
32.767660556 131.406156944
32.767566500 131.406125528
</gml:posList>
</gml:LineStringSegment>
</gml:segments>
</gml:Curve>
</loc>
<type>市区町村界</type>
</AdmBdry>
<AdmBdry gml:id="K5_4730411796_3">
<fid>47304-11796-i-92</fid>
<lfSpanFr gml:id="K5_4730411796_3-1">
<gml:timePosition>2021-04-02</gml:timePosition>
</lfSpanFr>
<devDate gml:id="K5_4730411796_3-2">
<gml:timePosition>2021-06-03</gml:timePosition>
</devDate>
<orgGILvl>25000</orgGILvl>
<vis>表示</vis>
<loc>
<gml:Curve gml:id="K5_4730411796_3-g" srsName="fguuid:jgd2011.bl">
<gml:segments>
<gml:LineStringSegment>
<gml:posList>
32.775000000 131.407781667
32.774910833 131.407774167
32.774553333 131.407686944
32.774126667 131.407457222
32.773991944 131.407368611
32.773706389 131.407180278
32.772928056 131.406725278
</gml:posList>
</gml:LineStringSegment>
</gml:segments>
</gml:Curve>
</loc>
<type>市区町村界</type>
</AdmBdry>
<AdmBdry gml:id="K5_4730411799_1">
<fid>47304-11799-i-1</fid>
<lfSpanFr gml:id="K5_4730411799_1-1">
<gml:timePosition>2013-12-10</gml:timePosition>
</lfSpanFr>
<devDate gml:id="K5_4730411799_1-2">
<gml:timePosition>2021-06-03</gml:timePosition>
</devDate>
<orgGILvl>25000</orgGILvl>
<vis>表示</vis>
<loc>
<gml:Curve gml:id="K5_4730411799_1-g" srsName="fguuid:jgd2011.bl">
<gml:segments>
<gml:LineStringSegment>
<gml:posList>
32.775563333 131.407869167
32.775287222 131.407805833
32.775000000 131.407781667
</gml:posList>
</gml:LineStringSegment>
</gml:segments>
</gml:Curve>
</loc>
<type>市区町村界</type>
</AdmBdry>
<AdmBdry gml:id="K5_4730411799_2">
<fid>47304-11799-i-2</fid>
<lfSpanFr gml:id="K5_4730411799_2-1">
<gml:timePosition>2013-12-10</gml:timePosition>
</lfSpanFr>
<devDate gml:id="K5_4730411799_2-2">
<gml:timePosition>2021-06-03</gml:timePosition>
</devDate>
<orgGILvl>25000</orgGILvl>
<vis>表示</vis>
<loc>
<gml:Curve gml:id="K5_4730411799_2-g" srsName="fguuid:jgd2011.bl">
<gml:segments>
<gml:LineStringSegment>
<gml:posList>
32.776326194 131.408333333
32.776206944 131.408240000
32.775563333 131.407869167
</gml:posList>
</gml:LineStringSegment>
</gml:segments>
</gml:Curve>
</loc>
<type>市区町村界</type>
</AdmBdry>
<AdmBdry gml:id="K5_4730411811_1">
<fid>47304-11811-i-13</fid>
<lfSpanFr gml:id="K5_4730411811_1-1">
<gml:timePosition>2017-09-25</gml:timePosition>
</lfSpanFr>
<devDate gml:id="K5_4730411811_1-2">
<gml:timePosition>2021-06-03</gml:timePosition>
</devDate>
<orgGILvl>25000</orgGILvl>
<vis>表示</vis>
<loc>
<gml:Curve gml:id="K5_4730411811_1-g" srsName="fguuid:jgd2011.bl">
<gml:segments>
<gml:LineStringSegment>
<gml:posList>
32.813421997 131.400000000
32.813488171 131.400222703
32.813488171 131.400523536
32.813475672 131.400824647
32.813450397 131.401522703
32.813425120 131.401760203
32.813324843 131.402108814
32.813225427 131.402324008
</gml:posList>
</gml:LineStringSegment>
</gml:segments>
</gml:Curve>
</loc>
<type>都道府県界</type>
</AdmBdry>
<AdmBdry gml:id="K5_4730411811_2">
<fid>47304-11811-i-14</fid>
<lfSpanFr gml:id="K5_4730411811_2-1">
<gml:timePosition>2017-09-25</gml:timePosition>
</lfSpanFr>
<devDate gml:id="K5_4730411811_2-2">
<gml:timePosition>2021-06-03</gml:timePosition>
</devDate>
<orgGILvl>25000</orgGILvl>
<vis>表示</vis>
<loc>
<gml:Curve gml:id="K5_4730411811_2-g" srsName="fguuid:jgd2011.bl">
<gml:segments>
<gml:LineStringSegment>
<gml:posList>
32.813225427 131.402324008
32.813149289 131.402488814
32.812910679 131.402979647
32.812760124 131.403454925
32.812609571 131.404088258
32.812509016 131.404515758
32.812421239 131.404753258
32.812270685 131.405259925
32.812170686 131.405656036
32.812170688 131.406051870
32.812208190 131.406859370
32.812245970 131.407366037
32.812208194 131.407983537
32.812173723 131.408332982
</gml:posList>
</gml:LineStringSegment>
</gml:segments>
</gml:Curve>
</loc>
<type>都道府県界</type>
</AdmBdry>
<AdmBdry gml:id="K5_4730411811_3">
<fid>47304-11811-i-15</fid>
<lfSpanFr gml:id="K5_4730411811_3-1">
<gml:timePosition>2017-09-25</gml:timePosition>
</lfSpanFr>
<devDate gml:id="K5_4730411811_3-2">
<gml:timePosition>2021-06-03</gml:timePosition>
</devDate>
<orgGILvl>25000</orgGILvl>
<vis>表示</vis>
<loc>
<gml:Curve gml:id="K5_4730411811_3-g" srsName="fguuid:jgd2011.bl">
<gml:segments>
<gml:LineStringSegment>
<gml:posList>
32.812173723 131.408332982
32.812173688 131.408333333
</gml:posList>
</gml:LineStringSegment>
</gml:segments>
</gml:Curve>
</loc>
<type>都道府県界</type>
</AdmBdry>
<AdmBdry gml:id="K5_4730711799_1">
<fid>47307-11799-i-4</fid>
<lfSpanFr gml:id="K5_4730711799_1-1">
<gml:timePosition>2013-12-10</gml:timePosition>
</lfSpanFr>
<devDate gml:id="K5_4730711799_1-2">
<gml:timePosition>2021-06-03</gml:timePosition>
</devDate>
<orgGILvl>25000</orgGILvl>
<vis>表示</vis>
<loc>
<gml:Curve gml:id="K5_4730711799_1-g" srsName="fguuid:jgd2011.bl">
<gml:segments>
<gml:LineStringSegment>
<gml:posList>
32.783241667 131.409960833
32.783040833 131.409675833
32.782964167 131.409557778
32.782901389 131.409502222
32.782801111 131.409478611
32.782518611 131.409652778
32.782016667 131.409930000
32.781696667 131.410040833
32.781175833 131.410175278
32.780996389 131.410229444
</gml:posList>
</gml:LineStringSegment>
</gml:segments>
</gml:Curve>
</loc>
<type>市区町村界</type>
</AdmBdry>
<AdmBdry gml:id="K5_4730711799_2">
<fid>47307-11799-i-5</fid>
<lfSpanFr gml:id="K5_4730711799_2-1">
<gml:timePosition>2013-12-10</gml:timePosition>
</lfSpanFr>
<devDate gml:id="K5_4730711799_2-2">
<gml:timePosition>2021-06-03</gml:timePosition>
</devDate>
<orgGILvl>25000</orgGILvl>
<vis>表示</vis>
<loc>
<gml:Curve gml:id="K5_4730711799_2-g" srsName="fguuid:jgd2011.bl">
<gml:segments>
<gml:LineStringSegment>
<gml:posList>
32.780996389 131.410229444
32.780836667 131.410277500
32.780704722 131.410333056
32.780460000 131.410523056
32.780328333 131.410578611
32.780158889 131.410570556
32.780014444 131.410554722
32.779826389 131.410404444
32.779531389 131.410111389
32.779379444 131.409969444
32.779247778 131.409945556
32.778795833 131.409938056
32.778463333 131.409945833
32.777993056 131.409779722
32.777223333 131.409388056
32.776815556 131.409039722
32.776595833 131.408778333
32.776464167 131.408540833
32.776338611 131.408343056
32.776326194 131.408333333
</gml:posList>
</gml:LineStringSegment>
</gml:segments>
</gml:Curve>
</loc>
<type>市区町村界</type>
</AdmBdry>
<AdmBdry gml:id="K5_4730711799_3">
<fid>47307-11799-i-6</fid>
<lfSpanFr gml:id="K5_4730711799_3-1">
<gml:timePosition>2013-12-10</gml:timePosition>
</lfSpanFr>
<devDate gml:id="K5_4730711799_3-2">
<gml:timePosition>2021-06-03</gml:timePosition>
</devDate>
<orgGILvl>25000</orgGILvl>
<vis>表示</vis>
<loc>
<gml:Curve gml:id="K5_4730711799_3-g" srsName="fguuid:jgd2011.bl">
<gml:segments>
<gml:LineStringSegment>
<gml:posList>
32.783333333 131.410055167
32.783241667 131.409960833
</gml:posList>
</gml:LineStringSegment>
</gml:segments>
</gml:Curve>
</loc>
<type>市区町村界</type>
</AdmBdry>
<AdmBdry gml:id="K5_4730711802_1">
<fid>47307-11802-i-27</fid>
<lfSpanFr gml:id="K5_4730711802_1-1">
<gml:timePosition>2021-04-02</gml:timePosition>
</lfSpanFr>
<devDate gml:id="K5_4730711802_1-2">
<gml:timePosition>2021-06-03</gml:timePosition>
</devDate>
<orgGILvl>25000</orgGILvl>
<vis>表示</vis>
<loc>
<gml:Curve gml:id="K5_4730711802_1-g" srsName="fguuid:jgd2011.bl">
<gml:segments>
<gml:LineStringSegment>
<gml:posList>
32.787556667 131.415348611
32.787466667 131.415487500
32.787410278 131.415519167
32.787386111 131.415513056
32.787316111 131.415495556
32.787102778 131.415257778
32.786933333 131.414956667
32.786820278 131.414592778
32.786713611 131.414196944
32.786594444 131.413951389
32.786307500 131.413355556
32.786138056 131.413102222
32.785529444 131.412215278
32.785290833 131.411922500
32.785090278 131.411740278
32.784910833 131.411615556
32.784446389 131.411219722
32.784038611 131.410744722
32.783718611 131.410451667
32.783333333 131.410055167
</gml:posList>
</gml:LineStringSegment>
</gml:segments>
</gml:Curve>
</loc>
<type>市区町村界</type>
</AdmBdry>
<AdmBdry gml:id="K5_4730711802_2">
<fid>47307-11802-i-28</fid>
<lfSpanFr gml:id="K5_4730711802_2-1">
<gml:timePosition>2021-04-02</gml:timePosition>
</lfSpanFr>
<devDate gml:id="K5_4730711802_2-2">
<gml:timePosition>2021-06-03</gml:timePosition>
</devDate>
<orgGILvl>25000</orgGILvl>
<vis>表示</vis>
<loc>
<gml:Curve gml:id="K5_4730711802_2-g" srsName="fguuid:jgd2011.bl">
<gml:segments>
<gml:LineStringSegment>
<gml:posList>
32.790706028 131.416409667
32.790694722 131.416409722
32.790556667 131.416338333
32.790399722 131.416219444
32.790029444 131.415847500
32.789759722 131.415554444
32.789640556 131.415459444
32.789376944 131.415403889
32.788950556 131.415340556
32.788161944 131.415265833
32.787653611 131.415273611
32.787579722 131.415313333
32.787556667 131.415348611
</gml:posList>
</gml:LineStringSegment>
</gml:segments>
</gml:Curve>
</loc>
<type>市区町村界</type>
</AdmBdry>
<AdmBdry gml:id="K5_4730711802_3">
<fid>47307-11802-i-29</fid>
<lfSpanFr gml:id="K5_4730711802_3-1">
<gml:timePosition>2021-04-02</gml:timePosition>
</lfSpanFr>
<devDate gml:id="K5_4730711802_3-2">
<gml:timePosition>2021-06-03</gml:timePosition>
</devDate>
<orgGILvl>25000</orgGILvl>
<vis>表示</vis>
<loc>
<gml:Curve gml:id="K5_4730711802_3-g" srsName="fguuid:jgd2011.bl">
<gml:segments>
<gml:LineStringSegment>
<gml:posList>
32.791666667 131.416410917
32.791564167 131.416400000
32.791218889 131.416407778
32.790706028 131.416409667
</gml:posList>
</gml:LineStringSegment>
</gml:segments>
</gml:Curve>
</loc>
<type>市区町村界</type>
</AdmBdry>
<AdmBdry gml:id="K5_4730711805_1">
<fid>47307-11805-i-1</fid>
<lfSpanFr gml:id="K5_4730711805_1-1">
<gml:timePosition>2013-12-10</gml:timePosition>
</lfSpanFr>
<devDate gml:id="K5_4730711805_1-2">
<gml:timePosition>2021-06-03</gml:timePosition>
</devDate>
<orgGILvl>25000</orgGILvl>
<vis>表示</vis>
<loc>
<gml:Curve gml:id="K5_4730711805_1-g" srsName="fguuid:jgd2011.bl">
<gml:segments>
<gml:LineStringSegment>
<gml:posList>
32.795412111 131.416666667
32.795377500 131.416613889
32.795195556 131.416408056
32.795101389 131.416336667
32.794976111 131.416336667
32.794407222 131.416404167
32.794024444 131.416459444
32.793805000 131.416570556
32.793591944 131.416610000
32.793240556 131.416601944
32.792870278 131.416538611
32.792009722 131.416447500
32.791666667 131.416410917
</gml:posList>
</gml:LineStringSegment>
</gml:segments>
</gml:Curve>
</loc>
<type>市区町村界</type>
</AdmBdry>
<AdmBdry gml:id="K5_4730711811_1">
<fid>47307-11811-i-17</fid>
<lfSpanFr gml:id="K5_4730711811_1-1">
<gml:timePosition>2017-09-25</gml:timePosition>
</lfSpanFr>
<devDate gml:id="K5_4730711811_1-2">
<gml:timePosition>2021-06-03</gml:timePosition>
</devDate>
<orgGILvl>25000</orgGILvl>
<vis>表示</vis>
<loc>
<gml:Curve gml:id="K5_4730711811_1-g" srsName="fguuid:jgd2011.bl">
<gml:segments>
<gml:LineStringSegment>
<gml:posList>
32.812173688 131.408333333
32.812170695 131.408363815
32.812170418 131.408665204
32.812283475 131.408855204
32.812459031 131.409061316
32.812785422 131.409377982
</gml:posList>
</gml:LineStringSegment>
</gml:segments>
</gml:Curve>
</loc>
<type>都道府県界</type>
</AdmBdry>
<AdmBdry gml:id="K5_4730711811_2">
<fid>47307-11811-i-18</fid>
<lfSpanFr gml:id="K5_4730711811_2-1">
<gml:timePosition>2017-09-25</gml:timePosition>
</lfSpanFr>
<devDate gml:id="K5_4730711811_2-2">
<gml:timePosition>2021-06-03</gml:timePosition>
</devDate>
<orgGILvl>25000</orgGILvl>
<vis>表示</vis>
<loc>
<gml:Curve gml:id="K5_4730711811_2-g" srsName="fguuid:jgd2011.bl">
<gml:segments>
<gml:LineStringSegment>
<gml:posList>
32.812785422 131.409377982
32.813011257 131.409710483
32.813199592 131.410011039
32.813262371 131.410327983
32.813262372 131.410692150
32.813237095 131.411008817
32.813161820 131.411816595
32.813136821 131.412164928
32.813186962 131.412607789
</gml:posList>
</gml:LineStringSegment>
</gml:segments>
</gml:Curve>
</loc>
<type>都道府県界</type>
</AdmBdry>
<AdmBdry gml:id="K5_4730711811_3">
<fid>47307-11811-i-19</fid>
<lfSpanFr gml:id="K5_4730711811_3-1">
<gml:timePosition>2017-09-25</gml:timePosition>
</lfSpanFr>
<devDate gml:id="K5_4730711811_3-2">
<gml:timePosition>2021-06-03</gml:timePosition>
</devDate>
<orgGILvl>25000</orgGILvl>
<vis>表示</vis>
<loc>
<gml:Curve gml:id="K5_4730711811_3-g" srsName="fguuid:jgd2011.bl">
<gml:segments>
<gml:LineStringSegment>
<gml:posList>
32.813186962 131.412607789
32.813199601 131.412719372
32.813274880 131.413495205
32.813274885 131.415537982
32.813262386 131.416044648
32.813161831 131.416567426
32.813138832 131.416666314
</gml:posList>
</gml:LineStringSegment>
</gml:segments>
</gml:Curve>
</loc>
<type>都道府県界</type>
</AdmBdry>
<AdmBdry gml:id="K5_4730711811_4">
<fid>47307-11811-i-20</fid>
<lfSpanFr gml:id="K5_4730711811_4-1">
<gml:timePosition>2017-09-25</gml:timePosition>
</lfSpanFr>
<devDate gml:id="K5_4730711811_4-2">
<gml:timePosition>2021-06-03</gml:timePosition>
</devDate>
<orgGILvl>25000</orgGILvl>
<vis>表示</vis>
<loc>
<gml:Curve gml:id="K5_4730711811_4-g" srsName="fguuid:jgd2011.bl">
<gml:segments>
<gml:LineStringSegment>
<gml:posList>
32.813138832 131.416666314
32.813138749 131.416666667
</gml:posList>
</gml:LineStringSegment>
</gml:segments>
</gml:Curve>
</loc>
<type>都道府県界</type>
</AdmBdry>
<AdmBdry gml:id="K5_4731011805_1">
<fid>47310-11805-i-1</fid>
<lfSpanFr gml:id="K5_4731011805_1-1">
<gml:timePosition>2013-12-10</gml:timePosition>
</lfSpanFr>
<devDate gml:id="K5_4731011805_1-2">
<gml:timePosition>2021-06-03</gml:timePosition>
</devDate>
<orgGILvl>25000</orgGILvl>
<vis>表示</vis>
<loc>
<gml:Curve gml:id="K5_4731011805_1-g" srsName="fguuid:jgd2011.bl">
<gml:segments>
<gml:LineStringSegment>
<gml:posList>
32.795831944 131.417404444
32.795647500 131.417025556
32.795412111 131.416666667
</gml:posList>
</gml:LineStringSegment>
</gml:segments>
</gml:Curve>
</loc>
<type>市区町村界</type>
</AdmBdry>
<AdmBdry gml:id="K5_4731011805_2">
<fid>47310-11805-i-2</fid>
<lfSpanFr gml:id="K5_4731011805_2-1">
<gml:timePosition>2013-12-10</gml:timePosition>
</lfSpanFr>
<devDate gml:id="K5_4731011805_2-2">
<gml:timePosition>2021-06-03</gml:timePosition>
</devDate>
<orgGILvl>25000</orgGILvl>
<vis>表示</vis>
<loc>
<gml:Curve gml:id="K5_4731011805_2-g" srsName="fguuid:jgd2011.bl">
<gml:segments>
<gml:LineStringSegment>
<gml:posList>
32.800000000 131.420072444
32.799761389 131.420053333
32.799315833 131.420029444
32.798634444 131.420100833
32.798364722 131.420116667
32.798355278 131.420115694
</gml:posList>
</gml:LineStringSegment>
</gml:segments>
</gml:Curve>
</loc>
<type>市区町村界</type>
</AdmBdry>
<AdmBdry gml:id="K5_4731011805_3">
<fid>47310-11805-i-3</fid>
<lfSpanFr gml:id="K5_4731011805_3-1">
<gml:timePosition>2013-12-10</gml:timePosition>
</lfSpanFr>
<devDate gml:id="K5_4731011805_3-2">
<gml:timePosition>2021-06-03</gml:timePosition>
</devDate>
<orgGILvl>25000</orgGILvl>
<vis>表示</vis>
<loc>
<gml:Curve gml:id="K5_4731011805_3-g" srsName="fguuid:jgd2011.bl">
<gml:segments>
<gml:LineStringSegment>
<gml:posList>
32.798355278 131.420115694
32.798057222 131.420085000
32.797938056 131.420029722
32.797768611 131.419800000
32.797348056 131.419269444
32.797122222 131.419031944
32.796952500 131.418870556
32.796607500 131.418633056
32.796218333 131.418158056
32.796017500 131.417785833
32.795831944 131.417404444
</gml:posList>
</gml:LineStringSegment>
</gml:segments>
</gml:Curve>
</loc>
<type>市区町村界</type>
</AdmBdry>
<AdmBdry gml:id="K5_4731011808_1">
<fid>47310-11808-i-7</fid>
<lfSpanFr gml:id="K5_4731011808_1-1">
<gml:timePosition>2017-09-25</gml:timePosition>
</lfSpanFr>
<devDate gml:id="K5_4731011808_1-2">
<gml:timePosition>2021-06-03</gml:timePosition>
</devDate>
<orgGILvl>25000</orgGILvl>
<vis>表示</vis>
<loc>
<gml:Curve gml:id="K5_4731011808_1-g" srsName="fguuid:jgd2011.bl">
<gml:segments>
<gml:LineStringSegment>
<gml:posList>
32.803644393 131.420045399
32.803481340 131.419808184
32.803268287 131.419594304
32.803017179 131.419420148
32.802873015 131.419388488
32.802709684 131.419396273
32.802458854 131.419475450
32.801886640 131.419724641
32.801654699 131.419787984
32.801002208 131.419898846
32.800614714 131.419966085
32.800357495 131.420053318
32.800156664 131.420084993
32.800000000 131.420072444
</gml:posList>
</gml:LineStringSegment>
</gml:segments>
</gml:Curve>
</loc>
<type>市区町村界</type>
</AdmBdry>
<AdmBdry gml:id="K5_4731011808_2">
<fid>47310-11808-i-8</fid>
<lfSpanFr gml:id="K5_4731011808_2-1">
<gml:timePosition>2017-09-25</gml:timePosition>
</lfSpanFr>
<devDate gml:id="K5_4731011808_2-2">
<gml:timePosition>2021-06-03</gml:timePosition>
</devDate>
<orgGILvl>25000</orgGILvl>
<vis>表示</vis>
<loc>
<gml:Curve gml:id="K5_4731011808_2-g" srsName="fguuid:jgd2011.bl">
<gml:segments>
<gml:LineStringSegment>
<gml:posList>
32.808333218 131.420424642
32.807597950 131.420484674
32.807033514 131.420587476
32.806732407 131.420713877
32.806370468 131.420875837
32.806000473 131.421105297
32.805498536 131.421421986
</gml:posList>
</gml:LineStringSegment>
</gml:segments>
</gml:Curve>
</loc>
<type>市区町村界</type>
</AdmBdry>
<AdmBdry gml:id="K5_4731011808_3">
<fid>47310-11808-i-9</fid>
<lfSpanFr gml:id="K5_4731011808_3-1">
<gml:timePosition>2017-09-25</gml:timePosition>
</lfSpanFr>
<devDate gml:id="K5_4731011808_3-2">
<gml:timePosition>2021-06-03</gml:timePosition>
</devDate>
<orgGILvl>25000</orgGILvl>
<vis>表示</vis>
<loc>
<gml:Curve gml:id="K5_4731011808_3-g" srsName="fguuid:jgd2011.bl">
<gml:segments>
<gml:LineStringSegment>
<gml:posList>
32.805498536 131.421421986
32.805272706 131.421548940
32.805166041 131.421548944
32.805034376 131.421501450
32.804726880 131.421279519
32.804226331 131.420780929
32.803856057 131.420353168
32.803644393 131.420045399
</gml:posList>
</gml:LineStringSegment>
</gml:segments>
</gml:Curve>
</loc>
<type>市区町村界</type>
</AdmBdry>
<AdmBdry gml:id="K5_4731011808_4">
<fid>47310-11808-i-10</fid>
<lfSpanFr gml:id="K5_4731011808_4-1">
<gml:timePosition>2017-09-25</gml:timePosition>
</lfSpanFr>
<devDate gml:id="K5_4731011808_4-2">
<gml:timePosition>2021-06-03</gml:timePosition>
</devDate>
<orgGILvl>25000</orgGILvl>
<vis>表示</vis>
<loc>
<gml:Curve gml:id="K5_4731011808_4-g" srsName="fguuid:jgd2011.bl">
<gml:segments>
<gml:LineStringSegment>
<gml:posList>
32.808333333 131.420424632
32.808333218 131.420424642
</gml:posList>
</gml:LineStringSegment>
</gml:segments>
</gml:Curve>
</loc>
<type>市区町村界</type>
</AdmBdry>
<AdmBdry gml:id="K5_4731011811_1">
<fid>47310-11811-i-31</fid>
<lfSpanFr gml:id="K5_4731011811_1-1">
<gml:timePosition>2021-04-02</gml:timePosition>
</lfSpanFr>
<devDate gml:id="K5_4731011811_1-2">
<gml:timePosition>2021-06-03</gml:timePosition>
</devDate>
<orgGILvl>25000</orgGILvl>
<vis>表示</vis>
<loc>
<gml:Curve gml:id="K5_4731011811_1-g" srsName="fguuid:jgd2011.bl">
<gml:segments>
<gml:LineStringSegment>
<gml:posList>
32.811916006 131.421208811
32.811777672 131.421193533
32.811555727 131.421168810
32.811097669 131.420875755
32.810557946 131.420614366
32.810127666 131.420508254
32.809462942 131.420413254
32.808992108 131.420389365
32.808377384 131.420421031
32.808333333 131.420424632
</gml:posList>
</gml:LineStringSegment>
</gml:segments>
</gml:Curve>
</loc>
<type>市区町村界</type>
</AdmBdry>
<AdmBdry gml:id="K5_4731011811_2">
<fid>47310-11811-i-32</fid>
<lfSpanFr gml:id="K5_4731011811_2-1">
<gml:timePosition>2021-04-02</gml:timePosition>
</lfSpanFr>
<devDate gml:id="K5_4731011811_2-2">
<gml:timePosition>2021-06-03</gml:timePosition>
</devDate>
<orgGILvl>25000</orgGILvl>
<vis>表示</vis>
<loc>
<gml:Curve gml:id="K5_4731011811_2-g" srsName="fguuid:jgd2011.bl">
<gml:segments>
<gml:LineStringSegment>
<gml:posList>
32.813138749 131.416666667
32.813036554 131.417105758
32.812886556 131.417873813
32.812736002 131.418634091
32.812597948 131.419552701
32.812422393 131.420249367
32.812234061 131.420677144
32.812008228 131.421025477
32.811907672 131.421167977
</gml:posList>
</gml:LineStringSegment>
</gml:segments>
</gml:Curve>
</loc>
<type>都道府県界</type>
</AdmBdry>
<AdmBdry gml:id="K5_4731011811_3">
<fid>47310-11811-i-33</fid>
<lfSpanFr gml:id="K5_4731011811_3-1">
<gml:timePosition>2021-04-02</gml:timePosition>
</lfSpanFr>
<devDate gml:id="K5_4731011811_3-2">
<gml:timePosition>2021-06-03</gml:timePosition>
</devDate>
<orgGILvl>25000</orgGILvl>
<vis>表示</vis>
<loc>
<gml:Curve gml:id="K5_4731011811_3-g" srsName="fguuid:jgd2011.bl">
<gml:segments>
<gml:LineStringSegment>
<gml:posList>
32.811907672 131.421167977
32.811916006 131.421208811
</gml:posList>
</gml:LineStringSegment>
</gml:segments>
</gml:Curve>
</loc>
<type>都道府県界</type>
</AdmBdry>
<AdmBdry gml:id="K5_4731011811_4">
<fid>47310-11811-i-34</fid>
<lfSpanFr gml:id="K5_4731011811_4-1">
<gml:timePosition>2021-04-02</gml:timePosition>
</lfSpanFr>
<devDate gml:id="K5_4731011811_4-2">
<gml:timePosition>2021-06-03</gml:timePosition>
</devDate>
<orgGILvl>25000</orgGILvl>
<vis>表示</vis>
<loc>
<gml:Curve gml:id="K5_4731011811_4-g" srsName="fguuid:jgd2011.bl">
<gml:segments>
<gml:LineStringSegment>
<gml:posList>
32.811916006 131.421208811
32.812510175 131.422022977
32.812987122 131.422767144
32.813162679 131.423179088
32.813300736 131.423574921
32.813363515 131.423907421
32.813438793 131.424097698
32.813564349 131.424255754
32.813978517 131.424493254
32.815078243 131.424918254
32.815254938 131.424999644
</gml:posList>
</gml:LineStringSegment>
</gml:segments>
</gml:Curve>
</loc>
<type>都道府県界</type>
</AdmBdry>
<AdmBdry gml:id="K5_4731011811_5">
<fid>47310-11811-i-35</fid>
<lfSpanFr gml:id="K5_4731011811_5-1">
<gml:timePosition>2021-04-02</gml:timePosition>
</lfSpanFr>
<devDate gml:id="K5_4731011811_5-2">
<gml:timePosition>2021-06-03</gml:timePosition>
</devDate>
<orgGILvl>25000</orgGILvl>
<vis>表示</vis>
<loc>
<gml:Curve gml:id="K5_4731011811_5-g" srsName="fguuid:jgd2011.bl">
<gml:segments>
<gml:LineStringSegment>
<gml:posList>
32.815254938 131.424999644
32.815255712 131.425000000
</gml:posList>
</gml:LineStringSegment>
</gml:segments>
</gml:Curve>
</loc>
<type>都道府県界</type>
</AdmBdry>
<AdmBdry gml:id="K5_4731311811_1">
<fid>47313-11811-i-18</fid>
<lfSpanFr gml:id="K5_4731311811_1-1">
<gml:timePosition>2017-09-25</gml:timePosition>
</lfSpanFr>
<devDate gml:id="K5_4731311811_1-2">
<gml:timePosition>2021-06-03</gml:timePosition>
</devDate>
<orgGILvl>25000</orgGILvl>
<vis>表示</vis>
<loc>
<gml:Curve gml:id="K5_4731311811_1-g" srsName="fguuid:jgd2011.bl">
<gml:segments>
<gml:LineStringSegment>
<gml:posList>
32.815255712 131.425000000
32.815868801 131.425282421
32.816358247 131.425535476
32.816521303 131.425709643
32.816634359 131.425978809
32.816634360 131.426279919
32.816596582 131.426944918
32.816634361 131.427341028
32.816666583 131.427419639
</gml:posList>
</gml:LineStringSegment>
</gml:segments>
</gml:Curve>
</loc>
<type>都道府県界</type>
</AdmBdry>
<AdmBdry gml:id="K5_4731311811_2">
<fid>47313-11811-i-19</fid>
<lfSpanFr gml:id="K5_4731311811_2-1">
<gml:timePosition>2017-09-25</gml:timePosition>
</lfSpanFr>
<devDate gml:id="K5_4731311811_2-2">
<gml:timePosition>2021-06-03</gml:timePosition>
</devDate>
<orgGILvl>25000</orgGILvl>
<vis>表示</vis>
<loc>
<gml:Curve gml:id="K5_4731311811_2-g" srsName="fguuid:jgd2011.bl">
<gml:segments>
<gml:LineStringSegment>
<gml:posList>
32.816666583 131.427419639
32.816666667 131.427419842
</gml:posList>
</gml:LineStringSegment>
</gml:segments>
</gml:Curve>
</loc>
<type>都道府県界</type>
</AdmBdry>
<AdmBdry gml:id="K5_4731311814_1">
<fid>47313-11814-i-16</fid>
<lfSpanFr gml:id="K5_4731311814_1-1">
<gml:timePosition>2017-09-25</gml:timePosition>
</lfSpanFr>
<devDate gml:id="K5_4731311814_1-2">
<gml:timePosition>2021-06-03</gml:timePosition>
</devDate>
<orgGILvl>25000</orgGILvl>
<vis>表示</vis>
<loc>
<gml:Curve gml:id="K5_4731311814_1-g" srsName="fguuid:jgd2011.bl">
<gml:segments>
<gml:LineStringSegment>
<gml:posList>
32.816666667 131.427419842
32.816822417 131.427799915
32.816860196 131.428053248
32.816784918 131.428338247
</gml:posList>
</gml:LineStringSegment>
</gml:segments>
</gml:Curve>
</loc>
<type>都道府県界</type>
</AdmBdry>
<AdmBdry gml:id="K5_4731311814_2">
<fid>47313-11814-i-17</fid>
<lfSpanFr gml:id="K5_4731311814_2-1">
<gml:timePosition>2017-09-25</gml:timePosition>
</lfSpanFr>
<devDate gml:id="K5_4731311814_2-2">
<gml:timePosition>2021-06-03</gml:timePosition>
</devDate>
<orgGILvl>25000</orgGILvl>
<vis>表示</vis>
<loc>
<gml:Curve gml:id="K5_4731311814_2-g" srsName="fguuid:jgd2011.bl">
<gml:segments>
<gml:LineStringSegment>
<gml:posList>
32.816784918 131.428338247
32.816684362 131.428702691
32.816684363 131.428861024
32.816753085 131.428990884
</gml:posList>
</gml:LineStringSegment>
</gml:segments>
</gml:Curve>
</loc>
<type>都道府県界</type>
</AdmBdry>
<AdmBdry gml:id="K5_4731311814_3">
<fid>47313-11814-i-18</fid>
<lfSpanFr gml:id="K5_4731311814_3-1">
<gml:timePosition>2017-09-25</gml:timePosition>
</lfSpanFr>
<devDate gml:id="K5_4731311814_3-2">
<gml:timePosition>2021-06-03</gml:timePosition>
</devDate>
<orgGILvl>25000</orgGILvl>
<vis>表示</vis>
<loc>
<gml:Curve gml:id="K5_4731311814_3-g" srsName="fguuid:jgd2011.bl">
<gml:segments>
<gml:LineStringSegment>
<gml:posList>
32.816753085 131.428990884
32.816784919 131.429051023
32.817315199 131.429845743
32.818017702 131.430827684
32.818369092 131.431271016
32.818720482 131.431460737
32.819611596 131.431635179
32.820705210 131.431824899
32.821244933 131.431919899
32.821483268 131.432014898
32.821671601 131.432252397
32.822426409 131.433332949
</gml:posList>
</gml:LineStringSegment>
</gml:segments>
</gml:Curve>
</loc>
<type>都道府県界</type>
</AdmBdry>
<AdmBdry gml:id="K5_4731311814_4">
<fid>47313-11814-i-19</fid>
<lfSpanFr gml:id="K5_4731311814_4-1">
<gml:timePosition>2017-09-25</gml:timePosition>
</lfSpanFr>
<devDate gml:id="K5_4731311814_4-2">
<gml:timePosition>2021-06-03</gml:timePosition>
</devDate>
<orgGILvl>25000</orgGILvl>
<vis>表示</vis>
<loc>
<gml:Curve gml:id="K5_4731311814_4-g" srsName="fguuid:jgd2011.bl">
<gml:segments>
<gml:LineStringSegment>
<gml:posList>
32.822426409 131.433332949
32.822426678 131.433333333
</gml:posList>
</gml:LineStringSegment>
</gml:segments>
</gml:Curve>
</loc>
<type>都道府県界</type>
</AdmBdry>
<AdmBdry gml:id="K5_4731611814_1">
<fid>47316-11814-i-9</fid>
<lfSpanFr gml:id="K5_4731611814_1-1">
<gml:timePosition>2017-09-25</gml:timePosition>
</lfSpanFr>
<devDate gml:id="K5_4731611814_1-2">
<gml:timePosition>2021-06-03</gml:timePosition>
</devDate>
<orgGILvl>25000</orgGILvl>
<vis>表示</vis>
<loc>
<gml:Curve gml:id="K5_4731611814_1-g" srsName="fguuid:jgd2011.bl">
<gml:segments>
<gml:LineStringSegment>
<gml:posList>
32.822426678 131.433333333
32.822512160 131.433455726
32.822775494 131.433819892
32.823039106 131.434025724
32.823302717 131.434089057
</gml:posList>
</gml:LineStringSegment>
</gml:segments>
</gml:Curve>
</loc>
<type>都道府県界</type>
</AdmBdry>
<AdmBdry gml:id="K5_4731611814_2">
<fid>47316-11814-i-10</fid>
<lfSpanFr gml:id="K5_4731611814_2-1">
<gml:timePosition>2017-09-25</gml:timePosition>
</lfSpanFr>
<devDate gml:id="K5_4731611814_2-2">
<gml:timePosition>2021-06-03</gml:timePosition>
</devDate>
<orgGILvl>25000</orgGILvl>
<vis>表示</vis>
<loc>
<gml:Curve gml:id="K5_4731611814_2-g" srsName="fguuid:jgd2011.bl">
<gml:segments>
<gml:LineStringSegment>
<gml:posList>
32.823302717 131.434089057
32.823716607 131.434136279
32.824117775 131.434269861
</gml:posList>
</gml:LineStringSegment>
</gml:segments>
</gml:Curve>
</loc>
<type>都道府県界</type>
</AdmBdry>
<AdmBdry gml:id="K5_4731611814_3">
<fid>47316-11814-i-11</fid>
<lfSpanFr gml:id="K5_4731611814_3-1">
<gml:timePosition>2017-09-25</gml:timePosition>
</lfSpanFr>
<devDate gml:id="K5_4731611814_3-2">
<gml:timePosition>2021-06-03</gml:timePosition>
</devDate>
<orgGILvl>25000</orgGILvl>
<vis>表示</vis>
<loc>
<gml:Curve gml:id="K5_4731611814_3-g" srsName="fguuid:jgd2011.bl">
<gml:segments>
<gml:LineStringSegment>
<gml:posList>
32.824117775 131.434269861
32.824250498 131.434314055
32.824999944 131.434663387
</gml:posList>
</gml:LineStringSegment>
</gml:segments>
</gml:Curve>
</loc>
<type>都道府県界</type>
</AdmBdry>
<AdmBdry gml:id="K5_4731611814_4">
<fid>47316-11814-i-12</fid>
<lfSpanFr gml:id="K5_4731611814_4-1">
<gml:timePosition>2017-09-25</gml:timePosition>
</lfSpanFr>
<devDate gml:id="K5_4731611814_4-2">
<gml:timePosition>2021-06-03</gml:timePosition>
</devDate>
<orgGILvl>25000</orgGILvl>
<vis>表示</vis>
<loc>
<gml:Curve gml:id="K5_4731611814_4-g" srsName="fguuid:jgd2011.bl">
<gml:segments>
<gml:LineStringSegment>
<gml:posList>
32.824999944 131.434663387
32.825000000 131.434663413
</gml:posList>
</gml:LineStringSegment>
</gml:segments>
</gml:Curve>
</loc>
<type>都道府県界</type>
</AdmBdry>
<AdmBdry gml:id="K5_4731611817_1">
<fid>47316-11817-i-29</fid>
<lfSpanFr gml:id="K5_4731611817_1-1">
<gml:timePosition>2021-04-02</gml:timePosition>
</lfSpanFr>
<devDate gml:id="K5_4731611817_1-2">
<gml:timePosition>2021-06-03</gml:timePosition>
</devDate>
<orgGILvl>25000</orgGILvl>
<vis>表示</vis>
<loc>
<gml:Curve gml:id="K5_4731611817_1-g" srsName="fguuid:jgd2011.bl">
<gml:segments>
<gml:LineStringSegment>
<gml:posList>
32.825000000 131.434663413
32.825066333 131.434694331
32.825304667 131.434868497
32.825429945 131.435042663
32.825593001 131.435390996
32.825718557 131.435834328
32.825881613 131.436040160
32.826270780 131.436150993
32.827098838 131.436214324
32.827763839 131.436435990
32.828328562 131.436673488
32.828538285 131.436811265
32.828626063 131.436969876
32.828638563 131.437270708
32.828676340 131.438458206
32.828751896 131.439329037
32.828804173 131.439593203
</gml:posList>
</gml:LineStringSegment>
</gml:segments>
</gml:Curve>
</loc>
<type>都道府県界</type>
</AdmBdry>
<AdmBdry gml:id="K5_4731611817_2">
<fid>47316-11817-i-30</fid>
<lfSpanFr gml:id="K5_4731611817_2-1">
<gml:timePosition>2021-04-02</gml:timePosition>
</lfSpanFr>
<devDate gml:id="K5_4731611817_2-2">
<gml:timePosition>2021-06-03</gml:timePosition>
</devDate>
<orgGILvl>25000</orgGILvl>
<vis>表示</vis>
<loc>
<gml:Curve gml:id="K5_4731611817_2-g" srsName="fguuid:jgd2011.bl">
<gml:segments>
<gml:LineStringSegment>
<gml:posList>
32.828804173 131.439593203
32.828827173 131.439709314
32.828965229 131.440025979
32.829278840 131.440516533
32.829404396 131.440754310
32.829542451 131.441165976
32.829557035 131.441229698
</gml:posList>
</gml:LineStringSegment>
</gml:segments>
</gml:Curve>
</loc>
<type>都道府県界</type>
</AdmBdry>
<AdmBdry gml:id="K5_4731611817_3">
<fid>47316-11817-i-31</fid>
<lfSpanFr gml:id="K5_4731611817_3-1">
<gml:timePosition>2021-04-02</gml:timePosition>
</lfSpanFr>
<devDate gml:id="K5_4731611817_3-2">
<gml:timePosition>2021-06-03</gml:timePosition>
</devDate>
<orgGILvl>25000</orgGILvl>
<vis>表示</vis>
<loc>
<gml:Curve gml:id="K5_4731611817_3-g" srsName="fguuid:jgd2011.bl">
<gml:segments>
<gml:LineStringSegment>
<gml:posList>
32.829557035 131.441229698
32.829656951 131.441666252
</gml:posList>
</gml:LineStringSegment>
</gml:segments>
</gml:Curve>
</loc>
<type>都道府県界</type>
</AdmBdry>
<AdmBdry gml:id="K5_4731611817_4">
<fid>47316-11817-i-32</fid>
<lfSpanFr gml:id="K5_4731611817_4-1">
<gml:timePosition>2021-04-02</gml:timePosition>
</lfSpanFr>
<devDate gml:id="K5_4731611817_4-2">
<gml:timePosition>2021-06-03</gml:timePosition>
</devDate>
<orgGILvl>25000</orgGILvl>
<vis>表示</vis>
<loc>
<gml:Curve gml:id="K5_4731611817_4-g" srsName="fguuid:jgd2011.bl">
<gml:segments>
<gml:LineStringSegment>
<gml:posList>
32.829656951 131.441666252
32.829657046 131.441666667
</gml:posList>
</gml:LineStringSegment>
</gml:segments>
</gml:Curve>
</loc>
<type>都道府県界</type>
</AdmBdry>
<AdmBdry gml:id="K5_4731911817_1">
<fid>47319-11817-i-16</fid>
<lfSpanFr gml:id="K5_4731911817_1-1">
<gml:timePosition>2017-09-25</gml:timePosition>
</lfSpanFr>
<devDate gml:id="K5_4731911817_1-2">
<gml:timePosition>2021-06-03</gml:timePosition>
</devDate>
<orgGILvl>25000</orgGILvl>
<vis>表示</vis>
<loc>
<gml:Curve gml:id="K5_4731911817_1-g" srsName="fguuid:jgd2011.bl">
<gml:segments>
<gml:LineStringSegment>
<gml:posList>
32.829657046 131.441666667
32.829705507 131.441878474
32.829893840 131.442480138
32.829969118 131.442923471
32.830031895 131.443572636
32.830031895 131.443920968
32.829969394 131.444364578
32.829818838 131.445013744
32.829812171 131.445450687
32.829862449 131.445846519
32.829837171 131.446210685
32.829787171 131.446416518
32.829623837 131.446733462
32.829348003 131.447350684
32.829272725 131.447920960
32.829184947 131.448712625
</gml:posList>
</gml:LineStringSegment>
</gml:segments>
</gml:Curve>
</loc>
<type>都道府県界</type>
</AdmBdry>
<AdmBdry gml:id="K5_4731911817_2">
<fid>47319-11817-i-17</fid>
<lfSpanFr gml:id="K5_4731911817_2-1">
<gml:timePosition>2017-09-25</gml:timePosition>
</lfSpanFr>
<devDate gml:id="K5_4731911817_2-2">
<gml:timePosition>2021-06-03</gml:timePosition>
</devDate>
<orgGILvl>25000</orgGILvl>
<vis>表示</vis>
<loc>
<gml:Curve gml:id="K5_4731911817_2-g" srsName="fguuid:jgd2011.bl">
<gml:segments>
<gml:LineStringSegment>
<gml:posList>
32.829184947 131.448712625
32.829009391 131.449393457
32.828921334 131.449995123
32.828921057 131.449999567
</gml:posList>
</gml:LineStringSegment>
</gml:segments>
</gml:Curve>
</loc>
<type>都道府県界</type>
</AdmBdry>
<AdmBdry gml:id="K5_4731911817_3">
<fid>47319-11817-i-18</fid>
<lfSpanFr gml:id="K5_4731911817_3-1">
<gml:timePosition>2017-09-25</gml:timePosition>
</lfSpanFr>
<devDate gml:id="K5_4731911817_3-2">
<gml:timePosition>2021-06-03</gml:timePosition>
</devDate>
<orgGILvl>25000</orgGILvl>
<vis>表示</vis>
<loc>
<gml:Curve gml:id="K5_4731911817_3-g" srsName="fguuid:jgd2011.bl">
<gml:segments>
<gml:LineStringSegment>
<gml:posList>
32.828921057 131.449999567
32.828921029 131.450000000
</gml:posList>
</gml:LineStringSegment>
</gml:segments>
</gml:Curve>
</loc>
<type>都道府県界</type>
</AdmBdry>
<AdmBdry gml:id="K5_4732211817_1">
<fid>47322-11817-i-50</fid>
<lfSpanFr gml:id="K5_4732211817_1-1">
<gml:timePosition>2021-04-02</gml:timePosition>
</lfSpanFr>
<devDate gml:id="K5_4732211817_1-2">
<gml:timePosition>2021-06-03</gml:timePosition>
</devDate>
<orgGILvl>25000</orgGILvl>
<vis>表示</vis>
<loc>
<gml:Curve gml:id="K5_4732211817_1-g" srsName="fguuid:jgd2011.bl">
<gml:segments>
<gml:LineStringSegment>
<gml:posList>
32.828921029 131.450000000
32.828896334 131.450391233
32.828996890 131.450897899
32.829134945 131.451515397
32.829210223 131.451895396
32.829212000 131.451930841
</gml:posList>
</gml:LineStringSegment>
</gml:segments>
</gml:Curve>
</loc>
<type>都道府県界</type>
</AdmBdry>
<AdmBdry gml:id="K5_4732211817_2">
<fid>47322-11817-i-51</fid>
<lfSpanFr gml:id="K5_4732211817_2-1">
<gml:timePosition>2021-04-02</gml:timePosition>
</lfSpanFr>
<devDate gml:id="K5_4732211817_2-2">
<gml:timePosition>2021-06-03</gml:timePosition>
</devDate>
<orgGILvl>25000</orgGILvl>
<vis>表示</vis>
<loc>
<gml:Curve gml:id="K5_4732211817_2-g" srsName="fguuid:jgd2011.bl">
<gml:segments>
<gml:LineStringSegment>
<gml:posList>
32.829212000 131.451930841
32.829235500 131.452402062
32.829260500 131.452924561
32.829229388 131.453418727
32.829091332 131.453925393
32.829016054 131.454226226
32.829053554 131.454448170
32.829216610 131.454701224
32.829693554 131.455302889
32.829894388 131.455587888
32.829982166 131.455793721
32.830057443 131.456126220
32.830095499 131.456601219
32.830107998 131.456886496
32.830104943 131.456902052
32.830045220 131.457218996
32.829919664 131.457899550
32.829919664 131.458089550
32.829928581 131.458332883
</gml:posList>
</gml:LineStringSegment>
</gml:segments>
</gml:Curve>
</loc>
<type>都道府県界</type>
</AdmBdry>
<AdmBdry gml:id="K5_4732211817_3">
<fid>47322-11817-i-52</fid>
<lfSpanFr gml:id="K5_4732211817_3-1">
<gml:timePosition>2021-04-02</gml:timePosition>
</lfSpanFr>
<devDate gml:id="K5_4732211817_3-2">
<gml:timePosition>2021-06-03</gml:timePosition>
</devDate>
<orgGILvl>25000</orgGILvl>
<vis>表示</vis>
<loc>
<gml:Curve gml:id="K5_4732211817_3-g" srsName="fguuid:jgd2011.bl">
<gml:segments>
<gml:LineStringSegment>
<gml:posList>
32.829928581 131.458332883
32.829928597 131.458333333
</gml:posList>
</gml:LineStringSegment>
</gml:segments>
</gml:Curve>
</loc>
<type>都道府県界</type>
</AdmBdry>
<AdmBdry gml:id="K5_4732511817_1">
<fid>47325-11817-i-12</fid>
<lfSpanFr gml:id="K5_4732511817_1-1">
<gml:timePosition>2017-09-25</gml:timePosition>
</lfSpanFr>
<devDate gml:id="K5_4732511817_1-2">
<gml:timePosition>2021-06-03</gml:timePosition>
</devDate>
<orgGILvl>25000</orgGILvl>
<vis>表示</vis>
<loc>
<gml:Curve gml:id="K5_4732511817_1-g" srsName="fguuid:jgd2011.bl">
<gml:segments>
<gml:LineStringSegment>
<gml:posList>
32.829928597 131.458333333
32.829932442 131.458438160
32.829982164 131.459060381
32.830107719 131.459645935
32.830204108 131.460025462
</gml:posList>
</gml:LineStringSegment>
</gml:segments>
</gml:Curve>
</loc>
<type>都道府県界</type>
</AdmBdry>
<AdmBdry gml:id="K5_4732511817_2">
<fid>47325-11817-i-13</fid>
<lfSpanFr gml:id="K5_4732511817_2-1">
<gml:timePosition>2017-09-25</gml:timePosition>
</lfSpanFr>
<devDate gml:id="K5_4732511817_2-2">
<gml:timePosition>2021-06-03</gml:timePosition>
</devDate>
<orgGILvl>25000</orgGILvl>
<vis>表示</vis>
<loc>
<gml:Curve gml:id="K5_4732511817_2-g" srsName="fguuid:jgd2011.bl">
<gml:segments>
<gml:LineStringSegment>
<gml:posList>
32.830204108 131.460025462
32.830308830 131.460437878
32.830477996 131.461298709
32.830578274 131.461647041
32.830741329 131.461963985
32.830856829 131.462303817
</gml:posList>
</gml:LineStringSegment>
</gml:segments>
</gml:Curve>
</loc>
<type>都道府県界</type>
</AdmBdry>
<AdmBdry gml:id="K5_4732511817_3">
<fid>47325-11817-i-14</fid>
<lfSpanFr gml:id="K5_4732511817_3-1">
<gml:timePosition>2017-09-25</gml:timePosition>
</lfSpanFr>
<devDate gml:id="K5_4732511817_3-2">
<gml:timePosition>2021-06-03</gml:timePosition>
</devDate>
<orgGILvl>25000</orgGILvl>
<vis>表示</vis>
<loc>
<gml:Curve gml:id="K5_4732511817_3-g" srsName="fguuid:jgd2011.bl">
<gml:segments>
<gml:LineStringSegment>
<gml:posList>
32.830856829 131.462303817
32.831004940 131.462739539
32.831142995 131.463167316
32.831173551 131.463401759
32.831173551 131.463623426
32.831060495 131.463955926
32.831022995 131.464240926
32.831022994 131.464510092
32.831085772 131.464605092
32.831562439 131.465001201
32.831951606 131.465270089
32.832302994 131.465602588
32.832516606 131.465903420
32.832901133 131.466666196
</gml:posList>
</gml:LineStringSegment>
</gml:segments>
</gml:Curve>
</loc>
<type>都道府県界</type>
</AdmBdry>
<AdmBdry gml:id="K5_4732511817_4">
<fid>47325-11817-i-15</fid>
<lfSpanFr gml:id="K5_4732511817_4-1">
<gml:timePosition>2017-09-25</gml:timePosition>
</lfSpanFr>
<devDate gml:id="K5_4732511817_4-2">
<gml:timePosition>2021-06-03</gml:timePosition>
</devDate>
<orgGILvl>25000</orgGILvl>
<vis>表示</vis>
<loc>
<gml:Curve gml:id="K5_4732511817_4-g" srsName="fguuid:jgd2011.bl">
<gml:segments>
<gml:LineStringSegment>
<gml:posList>
32.832901133 131.466666196
32.832901370 131.466666667
</gml:posList>
</gml:LineStringSegment>
</gml:segments>
</gml:Curve>
</loc>
<type>都道府県界</type>
</AdmBdry>
<AdmBdry gml:id="K5_4732811817_1">
<fid>47328-11817-i-8</fid>
<lfSpanFr gml:id="K5_4732811817_1-1">
<gml:timePosition>2017-09-25</gml:timePosition>
</lfSpanFr>
<devDate gml:id="K5_4732811817_1-2">
<gml:timePosition>2021-06-03</gml:timePosition>
</devDate>
<orgGILvl>25000</orgGILvl>
<vis>表示</vis>
<loc>
<gml:Curve gml:id="K5_4732811817_1-g" srsName="fguuid:jgd2011.bl">
<gml:segments>
<gml:LineStringSegment>
<gml:posList>
32.832901370 131.466666667
32.832990494 131.466843418
32.833178827 131.467191751
32.833333272 131.467421000
</gml:posList>
</gml:LineStringSegment>
</gml:segments>
</gml:Curve>
</loc>
<type>都道府県界</type>
</AdmBdry>
<AdmBdry gml:id="K5_4732811817_2">
<fid>47328-11817-i-9</fid>
<lfSpanFr gml:id="K5_4732811817_2-1">
<gml:timePosition>2017-09-25</gml:timePosition>
</lfSpanFr>
<devDate gml:id="K5_4732811817_2-2">
<gml:timePosition>2021-06-03</gml:timePosition>
</devDate>
<orgGILvl>25000</orgGILvl>
<vis>表示</vis>
<loc>
<gml:Curve gml:id="K5_4732811817_2-g" srsName="fguuid:jgd2011.bl">
<gml:segments>
<gml:LineStringSegment>
<gml:posList>
32.833333272 131.467421000
32.833333333 131.467421092
</gml:posList>
</gml:LineStringSegment>
</gml:segments>
</gml:Curve>
</loc>
<type>都道府県界</type>
</AdmBdry>
<AdmBdry gml:id="K5_4733111793_1">
<fid>47331-11793-i-21</fid>
<lfSpanFr gml:id="K5_4733111793_1-1">
<gml:timePosition>2021-04-02</gml:timePosition>
</lfSpanFr>
<devDate gml:id="K5_4733111793_1-2">
<gml:timePosition>2021-06-03</gml:timePosition>
</devDate>
<orgGILvl>25000</orgGILvl>
<vis>表示</vis>
<loc>
<gml:Curve gml:id="K5_4733111793_1-g" srsName="fguuid:jgd2011.bl">
<gml:segments>
<gml:LineStringSegment>
<gml:posList>
32.760261111 131.481994167
32.760062500 131.481994167
32.759893333 131.482065278
32.759792778 131.482184167
32.759723889 131.482358333
32.759679722 131.482571944
32.759711111 131.482793889
32.759717500 131.483023333
32.759686389 131.483245278
32.759648250 131.483333333
</gml:posList>
</gml:LineStringSegment>
</gml:segments>
</gml:Curve>
</loc>
<type>市区町村界</type>
</AdmBdry>
<AdmBdry gml:id="K5_4733111793_2">
<fid>47331-11793-i-22</fid>
<lfSpanFr gml:id="K5_4733111793_2-1">
<gml:timePosition>2021-04-02</gml:timePosition>
</lfSpanFr>
<devDate gml:id="K5_4733111793_2-2">
<gml:timePosition>2021-06-03</gml:timePosition>
</devDate>
<orgGILvl>25000</orgGILvl>
<vis>表示</vis>
<loc>
<gml:Curve gml:id="K5_4733111793_2-g" srsName="fguuid:jgd2011.bl">
<gml:segments>
<gml:LineStringSegment>
<gml:posList>
32.764667139 131.483333333
32.764665556 131.483331389
32.764527500 131.483204722
32.764364444 131.483117500
32.764157778 131.483062222
32.763887778 131.482888056
32.763699722 131.482745556
32.763492500 131.482626944
32.762814444 131.482555833
32.762356389 131.482468889
32.761741667 131.482302500
32.760978611 131.482089167
32.760677500 131.482025833
32.760275833 131.481994167
32.760261111 131.481994167
</gml:posList>
</gml:LineStringSegment>
</gml:segments>
</gml:Curve>
</loc>
<type>市区町村界</type>
</AdmBdry>
<AdmBdry gml:id="K5_4733111817_1">
<fid>47331-11817-i-12</fid>
<lfSpanFr gml:id="K5_4733111817_1-1">
<gml:timePosition>2017-09-25</gml:timePosition>
</lfSpanFr>
<devDate gml:id="K5_4733111817_1-2">
<gml:timePosition>2021-06-03</gml:timePosition>
</devDate>
<orgGILvl>25000</orgGILvl>
<vis>表示</vis>
<loc>
<gml:Curve gml:id="K5_4733111817_1-g" srsName="fguuid:jgd2011.bl">
<gml:segments>
<gml:LineStringSegment>
<gml:posList>
32.833333265 131.477958573
32.832894933 131.478073051
</gml:posList>
</gml:LineStringSegment>
</gml:segments>
</gml:Curve>
</loc>
<type>都道府県界</type>
</AdmBdry>
<AdmBdry gml:id="K5_4733111817_2">
<fid>47331-11817-i-13</fid>
<lfSpanFr gml:id="K5_4733111817_2-1">
<gml:timePosition>2017-09-25</gml:timePosition>
</lfSpanFr>
<devDate gml:id="K5_4733111817_2-2">
<gml:timePosition>2021-06-03</gml:timePosition>
</devDate>
<orgGILvl>25000</orgGILvl>
<vis>表示</vis>
<loc>
<gml:Curve gml:id="K5_4733111817_2-g" srsName="fguuid:jgd2011.bl">
<gml:segments>
<gml:LineStringSegment>
<gml:posList>
32.832894933 131.478073051
32.832801044 131.478097581
32.832311601 131.478192589
32.831696880 131.478430101
32.831245214 131.478651778
32.830943826 131.478889285
32.830592439 131.479301242
32.829939942 131.480124601
32.829701611 131.480472946
32.829525778 131.480584064
32.829161891 131.480679075
32.828860781 131.480710751
32.828859253 131.480711501
</gml:posList>
</gml:LineStringSegment>
</gml:segments>
</gml:Curve>
</loc>
<type>都道府県界</type>
</AdmBdry>
<AdmBdry gml:id="K5_4733111817_3">
<fid>47331-11817-i-14</fid>
<lfSpanFr gml:id="K5_4733111817_3-1">
<gml:timePosition>2017-09-25</gml:timePosition>
</lfSpanFr>
<devDate gml:id="K5_4733111817_3-2">
<gml:timePosition>2021-06-03</gml:timePosition>
</devDate>
<orgGILvl>25000</orgGILvl>
<vis>表示</vis>
<loc>
<gml:Curve gml:id="K5_4733111817_3-g" srsName="fguuid:jgd2011.bl">
<gml:segments>
<gml:LineStringSegment>
<gml:posList>
32.828859253 131.480711501
32.828448561 131.480914378
32.828024953 131.481387457
32.827573290 131.481926096
32.827309682 131.482195278
32.827159127 131.482337788
32.826970795 131.482385296
32.826356077 131.482543656
32.825991913 131.482797288
32.825540529 131.483224820
32.825459696 131.483333160
</gml:posList>
</gml:LineStringSegment>
</gml:segments>
</gml:Curve>
</loc>
<type>都道府県界</type>
</AdmBdry>
<AdmBdry gml:id="K5_4733111817_4">
<fid>47331-11817-i-15</fid>
<lfSpanFr gml:id="K5_4733111817_4-1">
<gml:timePosition>2017-09-25</gml:timePosition>
</lfSpanFr>
<devDate gml:id="K5_4733111817_4-2">
<gml:timePosition>2021-06-03</gml:timePosition>
</devDate>
<orgGILvl>25000</orgGILvl>
<vis>表示</vis>
<loc>
<gml:Curve gml:id="K5_4733111817_4-g" srsName="fguuid:jgd2011.bl">
<gml:segments>
<gml:LineStringSegment>
<gml:posList>
32.833333333 131.477958555
32.833333265 131.477958573
</gml:posList>
</gml:LineStringSegment>
</gml:segments>
</gml:Curve>
</loc>
<type>都道府県界</type>
</AdmBdry>
<AdmBdry gml:id="K5_4733111817_5">
<fid>47331-11817-i-16</fid>
<lfSpanFr gml:id="K5_4733111817_5-1">
<gml:timePosition>2017-09-25</gml:timePosition>
</lfSpanFr>
<devDate gml:id="K5_4733111817_5-2">
<gml:timePosition>2021-06-03</gml:timePosition>
</devDate>
<orgGILvl>25000</orgGILvl>
<vis>表示</vis>
<loc>
<gml:Curve gml:id="K5_4733111817_5-g" srsName="fguuid:jgd2011.bl">
<gml:segments>
<gml:LineStringSegment>
<gml:posList>
32.825459696 131.483333160
32.825459567 131.483333333
</gml:posList>
</gml:LineStringSegment>
</gml:segments>
</gml:Curve>
</loc>
<type>都道府県界</type>
</AdmBdry>
<AdmBdry gml:id="K5_4733411790_1">
<fid>47334-11790-i-24</fid>
<lfSpanFr gml:id="K5_4733411790_1-1">
<gml:timePosition>2021-04-02</gml:timePosition>
</lfSpanFr>
<devDate gml:id="K5_4733411790_1-2">
<gml:timePosition>2021-06-03</gml:timePosition>
</devDate>
<orgGILvl>25000</orgGILvl>
<vis>表示</vis>
<loc>
<gml:Curve gml:id="K5_4733411790_1-g" srsName="fguuid:jgd2011.bl">
<gml:segments>
<gml:LineStringSegment>
<gml:posList>
32.758333333 131.486587944
32.758274444 131.486702500
32.758061111 131.486829167
32.757766389 131.487050833
32.757603056 131.487272778
32.757502778 131.487446944
32.757295556 131.487652778
32.756894167 131.488096111
32.756626667 131.488530278
32.756426111 131.488688611
32.756225278 131.488775833
32.756068333 131.488767778
32.755785833 131.488704444
</gml:posList>
</gml:LineStringSegment>
</gml:segments>
</gml:Curve>
</loc>
<type>市区町村界</type>
</AdmBdry>
<AdmBdry gml:id="K5_4733411790_2">
<fid>47334-11790-i-25</fid>
<lfSpanFr gml:id="K5_4733411790_2-1">
<gml:timePosition>2021-04-02</gml:timePosition>
</lfSpanFr>
<devDate gml:id="K5_4733411790_2-2">
<gml:timePosition>2021-06-03</gml:timePosition>
</devDate>
<orgGILvl>25000</orgGILvl>
<vis>表示</vis>
<loc>
<gml:Curve gml:id="K5_4733411790_2-g" srsName="fguuid:jgd2011.bl">
<gml:segments>
<gml:LineStringSegment>
<gml:posList>
32.750934083 131.487685194
32.750846111 131.487711111
32.750683611 131.487796944
32.750457222 131.487948889
32.750068056 131.488239722
32.750000000 131.488313167
</gml:posList>
</gml:LineStringSegment>
</gml:segments>
</gml:Curve>
</loc>
<type>市区町村界</type>
</AdmBdry>
<AdmBdry gml:id="K5_4733411790_3">
<fid>47334-11790-i-26</fid>
<lfSpanFr gml:id="K5_4733411790_3-1">
<gml:timePosition>2021-04-02</gml:timePosition>
</lfSpanFr>
<devDate gml:id="K5_4733411790_3-2">
<gml:timePosition>2021-06-03</gml:timePosition>
</devDate>
<orgGILvl>25000</orgGILvl>
<vis>表示</vis>
<loc>
<gml:Curve gml:id="K5_4733411790_3-g" srsName="fguuid:jgd2011.bl">
<gml:segments>
<gml:LineStringSegment>
<gml:posList>
32.753395278 131.487871944
32.753333611 131.487977778
32.753303056 131.488018056
32.753253056 131.488108611
32.753216944 131.488201944
32.753178056 131.488265833
32.753135833 131.488291944
32.753094444 131.488313611
32.753039167 131.488321111
32.752973611 131.488303889
32.752866667 131.488269722
32.752552500 131.488094167
32.752245278 131.487931111
32.752125278 131.487875556
32.751891944 131.487767778
32.751723611 131.487675556
32.751662778 131.487644444
32.751575833 131.487620000
32.751496111 131.487611389
32.751202222 131.487636389
32.751017778 131.487660556
32.750934083 131.487685194
</gml:posList>
</gml:LineStringSegment>
</gml:segments>
</gml:Curve>
</loc>
<type>市区町村界</type>
</AdmBdry>
<AdmBdry gml:id="K5_4733411790_4">
<fid>47334-11790-i-27</fid>
<lfSpanFr gml:id="K5_4733411790_4-1">
<gml:timePosition>2021-04-02</gml:timePosition>
</lfSpanFr>
<devDate gml:id="K5_4733411790_4-2">
<gml:timePosition>2021-06-03</gml:timePosition>
</devDate>
<orgGILvl>25000</orgGILvl>
<vis>表示</vis>
<loc>
<gml:Curve gml:id="K5_4733411790_4-g" srsName="fguuid:jgd2011.bl">
<gml:segments>
<gml:LineStringSegment>
<gml:posList>
32.755785833 131.488704444
32.755510000 131.488585556
32.755215000 131.488411389
32.754878333 131.488210000
32.754200833 131.487988333
32.753786667 131.487948611
32.753395278 131.487871944
</gml:posList>
</gml:LineStringSegment>
</gml:segments>
</gml:Curve>
</loc>
<type>市区町村界</type>
</AdmBdry>
<AdmBdry gml:id="K5_4733411793_1">
<fid>47334-11793-i-5</fid>
<lfSpanFr gml:id="K5_4733411793_1-1">
<gml:timePosition>2013-12-10</gml:timePosition>
</lfSpanFr>
<devDate gml:id="K5_4733411793_1-2">
<gml:timePosition>2021-06-03</gml:timePosition>
</devDate>
<orgGILvl>25000</orgGILvl>
<vis>表示</vis>
<loc>
<gml:Curve gml:id="K5_4733411793_1-g" srsName="fguuid:jgd2011.bl">
<gml:segments>
<gml:LineStringSegment>
<gml:posList>
32.759648250 131.483333333
32.759573333 131.483506389
32.759441667 131.483688611
32.759347500 131.483886667
32.759253333 131.484377500
32.759134167 131.484939722
32.759102778 131.485072500
</gml:posList>
</gml:LineStringSegment>
</gml:segments>
</gml:Curve>
</loc>
<type>市区町村界</type>
</AdmBdry>
<AdmBdry gml:id="K5_4733411793_2">
<fid>47334-11793-i-6</fid>
<lfSpanFr gml:id="K5_4733411793_2-1">
<gml:timePosition>2013-12-10</gml:timePosition>
</lfSpanFr>
<devDate gml:id="K5_4733411793_2-2">
<gml:timePosition>2021-06-03</gml:timePosition>
</devDate>
<orgGILvl>25000</orgGILvl>
<vis>表示</vis>
<loc>
<gml:Curve gml:id="K5_4733411793_2-g" srsName="fguuid:jgd2011.bl">
<gml:segments>
<gml:LineStringSegment>
<gml:posList>
32.765627500 131.484569167
32.765318333 131.484202500
32.764904167 131.483624444
32.764667139 131.483333333
</gml:posList>
</gml:LineStringSegment>
</gml:segments>
</gml:Curve>
</loc>
<type>市区町村界</type>
</AdmBdry>
<AdmBdry gml:id="K5_4733411793_3">
<fid>47334-11793-i-7</fid>
<lfSpanFr gml:id="K5_4733411793_3-1">
<gml:timePosition>2013-12-10</gml:timePosition>
</lfSpanFr>
<devDate gml:id="K5_4733411793_3-2">
<gml:timePosition>2021-06-03</gml:timePosition>
</devDate>
<orgGILvl>25000</orgGILvl>
<vis>表示</vis>
<loc>
<gml:Curve gml:id="K5_4733411793_3-g" srsName="fguuid:jgd2011.bl">
<gml:segments>
<gml:LineStringSegment>
<gml:posList>
32.759102778 131.485072500
32.759014722 131.485443611
32.758939444 131.485657222
32.758801389 131.485783889
32.758518889 131.486053333
32.758393333 131.486219444
32.758355833 131.486385833
32.758355833 131.486544167
32.758333333 131.486587944
</gml:posList>
</gml:LineStringSegment>
</gml:segments>
</gml:Curve>
</loc>
<type>市区町村界</type>
</AdmBdry>
<AdmBdry gml:id="K5_4733411793_4">
<fid>47334-11793-i-8</fid>
<lfSpanFr gml:id="K5_4733411793_4-1">
<gml:timePosition>2013-12-10</gml:timePosition>
</lfSpanFr>
<devDate gml:id="K5_4733411793_4-2">
<gml:timePosition>2021-06-03</gml:timePosition>
</devDate>
<orgGILvl>25000</orgGILvl>
<vis>表示</vis>
<loc>
<gml:Curve gml:id="K5_4733411793_4-g" srsName="fguuid:jgd2011.bl">
<gml:segments>
<gml:LineStringSegment>
<gml:posList>
32.766666667 131.488246528
32.766454722 131.487943056
32.766297778 131.487563056
32.766253889 131.487159167
32.766098333 131.486670556
32.766085833 131.486432778
32.766098333 131.486235000
32.766186111 131.486028889
32.766242778 131.485743889
32.766186111 131.485498611
32.766041944 131.485197500
32.765853611 131.484896667
32.765631944 131.484574444
32.765627500 131.484569167
</gml:posList>
</gml:LineStringSegment>
</gml:segments>
</gml:Curve>
</loc>
<type>市区町村界</type>
</AdmBdry>
<AdmBdry gml:id="K5_4733411796_1">
<fid>47334-11796-i-33</fid>
<lfSpanFr gml:id="K5_4733411796_1-1">
<gml:timePosition>2021-04-02</gml:timePosition>
</lfSpanFr>
<devDate gml:id="K5_4733411796_1-2">
<gml:timePosition>2021-06-03</gml:timePosition>
</devDate>
<orgGILvl>25000</orgGILvl>
<vis>表示</vis>
<loc>
<gml:Curve gml:id="K5_4733411796_1-g" srsName="fguuid:jgd2011.bl">
<gml:segments>
<gml:LineStringSegment>
<gml:posList>
32.766686944 131.488275556
32.766666667 131.488246528
</gml:posList>
</gml:LineStringSegment>
</gml:segments>
</gml:Curve>
</loc>
<type>市区町村界</type>
</AdmBdry>
<AdmBdry gml:id="K5_4733411796_2">
<fid>47334-11796-i-34</fid>
<lfSpanFr gml:id="K5_4733411796_2-1">
<gml:timePosition>2021-04-02</gml:timePosition>
</lfSpanFr>
<devDate gml:id="K5_4733411796_2-2">
<gml:timePosition>2021-06-03</gml:timePosition>
</devDate>
<orgGILvl>25000</orgGILvl>
<vis>表示</vis>
<loc>
<gml:Curve gml:id="K5_4733411796_2-g" srsName="fguuid:jgd2011.bl">
<gml:segments>
<gml:LineStringSegment>
<gml:posList>
32.771906667 131.488749167
32.771830556 131.488693889
32.771642500 131.488480000
32.771456111 131.488109722
32.771343056 131.488030556
32.771073333 131.487990833
32.770753333 131.487998889
32.770508611 131.488054167
32.770144722 131.488196667
32.769825000 131.488363056
32.769529722 131.488512500
32.769347778 131.488552222
32.769103056 131.488591667
32.768770556 131.488583889
32.767678889 131.488576111
32.767170000 131.488536944
32.766956667 131.488489444
32.766686944 131.488275556
</gml:posList>
</gml:LineStringSegment>
</gml:segments>
</gml:Curve>
</loc>
<type>市区町村界</type>
</AdmBdry>
<AdmBdry gml:id="K5_4733411796_3">
<fid>47334-11796-i-35</fid>
<lfSpanFr gml:id="K5_4733411796_3-1">
<gml:timePosition>2021-04-02</gml:timePosition>
</lfSpanFr>
<devDate gml:id="K5_4733411796_3-2">
<gml:timePosition>2021-06-03</gml:timePosition>
</devDate>
<orgGILvl>25000</orgGILvl>
<vis>表示</vis>
<loc>
<gml:Curve gml:id="K5_4733411796_3-g" srsName="fguuid:jgd2011.bl">
<gml:segments>
<gml:LineStringSegment>
<gml:posList>
32.773796806 131.490308306
32.773739444 131.489983889
32.773645278 131.489738333
32.773557500 131.489667222
32.773016667 131.489350833
32.772658889 131.489073889
32.772219722 131.488852222
32.771993889 131.488812778
32.771906667 131.488749167
</gml:posList>
</gml:LineStringSegment>
</gml:segments>
</gml:Curve>
</loc>
<type>市区町村界</type>
</AdmBdry>
<AdmBdry gml:id="K5_4733411796_4">
<fid>47334-11796-i-36</fid>
<lfSpanFr gml:id="K5_4733411796_4-1">
<gml:timePosition>2021-04-02</gml:timePosition>
</lfSpanFr>
<devDate gml:id="K5_4733411796_4-2">
<gml:timePosition>2021-06-03</gml:timePosition>
</devDate>
<orgGILvl>25000</orgGILvl>
<vis>表示</vis>
<loc>
<gml:Curve gml:id="K5_4733411796_4-g" srsName="fguuid:jgd2011.bl">
<gml:segments>
<gml:LineStringSegment>
<gml:posList>
32.774011944 131.491666667
32.774028056 131.491630556
32.774065556 131.491345556
32.773984167 131.491060833
32.773883611 131.490799444
32.773796806 131.490308306
</gml:posList>
</gml:LineStringSegment>
</gml:segments>
</gml:Curve>
</loc>
<type>市区町村界</type>
</AdmBdry>
<AdmBdry gml:id="K5_4733411814_1">
<fid>47334-11814-i-4</fid>
<lfSpanFr gml:id="K5_4733411814_1-1">
<gml:timePosition>2013-12-10</gml:timePosition>
</lfSpanFr>
<devDate gml:id="K5_4733411814_1-2">
<gml:timePosition>2021-06-03</gml:timePosition>
</devDate>
<orgGILvl>25000</orgGILvl>
<vis>表示</vis>
<loc>
<gml:Curve gml:id="K5_4733411814_1-g" srsName="fguuid:jgd2011.bl">
<gml:segments>
<gml:LineStringSegment>
<gml:posList>
32.818715556 131.490607778
32.818552222 131.490718611
32.817891944 131.490930833
32.817628333 131.491089167
32.817251944 131.491516667
32.817133139 131.491666667
</gml:posList>
</gml:LineStringSegment>
</gml:segments>
</gml:Curve>
</loc>
<type>都道府県界</type>
</AdmBdry>
<AdmBdry gml:id="K5_4733411814_2">
<fid>47334-11814-i-13</fid>
<lfSpanFr gml:id="K5_4733411814_2-1">
<gml:timePosition>2017-09-25</gml:timePosition>
</lfSpanFr>
<devDate gml:id="K5_4733411814_2-2">
<gml:timePosition>2021-06-03</gml:timePosition>
</devDate>
<orgGILvl>25000</orgGILvl>
<vis>表示</vis>
<loc>
<gml:Curve gml:id="K5_4733411814_2-g" srsName="fguuid:jgd2011.bl">
<gml:segments>
<gml:LineStringSegment>
<gml:posList>
32.824999979 131.483797001
32.824696924 131.483731810
32.824420814 131.483732092
32.823969149 131.483954051
32.823881928 131.484035666
</gml:posList>
</gml:LineStringSegment>
</gml:segments>
</gml:Curve>
</loc>
<type>都道府県界</type>
</AdmBdry>
<AdmBdry gml:id="K5_4733411814_3">
<fid>47334-11814-i-14</fid>
<lfSpanFr gml:id="K5_4733411814_3-1">
<gml:timePosition>2017-09-25</gml:timePosition>
</lfSpanFr>
<devDate gml:id="K5_4733411814_3-2">
<gml:timePosition>2021-06-03</gml:timePosition>
</devDate>
<orgGILvl>25000</orgGILvl>
<vis>表示</vis>
<loc>
<gml:Curve gml:id="K5_4733411814_3-g" srsName="fguuid:jgd2011.bl">
<gml:segments>
<gml:LineStringSegment>
<gml:posList>
32.823881928 131.484035666
32.823579985 131.484318235
32.822877211 131.484682422
32.822525824 131.485046881
32.822224992 131.485426893
32.822024160 131.485711902
32.821785828 131.485886074
32.821626662 131.485999689
32.821563884 131.486158026
32.821557441 131.486342919
</gml:posList>
</gml:LineStringSegment>
</gml:segments>
</gml:Curve>
</loc>
<type>都道府県界</type>
</AdmBdry>
<AdmBdry gml:id="K5_4733411814_4">
<fid>47334-11814-i-15</fid>
<lfSpanFr gml:id="K5_4733411814_4-1">
<gml:timePosition>2017-09-25</gml:timePosition>
</lfSpanFr>
<devDate gml:id="K5_4733411814_4-2">
<gml:timePosition>2021-06-03</gml:timePosition>
</devDate>
<orgGILvl>25000</orgGILvl>
<vis>表示</vis>
<loc>
<gml:Curve gml:id="K5_4733411814_4-g" srsName="fguuid:jgd2011.bl">
<gml:segments>
<gml:LineStringSegment>
<gml:posList>
32.821557441 131.486342919
32.821526388 131.487234716
32.821476111 131.487693889
32.821325556 131.487947222
32.821036944 131.488184722
32.820522222 131.488501667
32.820308889 131.488770833
32.820183611 131.488976667
32.820045556 131.489087500
32.819681389 131.489277500
32.819455833 131.489546667
32.819230000 131.489831944
32.819029167 131.490132778
32.818928889 131.490354444
32.818715556 131.490607778
</gml:posList>
</gml:LineStringSegment>
</gml:segments>
</gml:Curve>
</loc>
<type>都道府県界</type>
</AdmBdry>
<AdmBdry gml:id="K5_4733411814_5">
<fid>47334-11814-i-16</fid>
<lfSpanFr gml:id="K5_4733411814_5-1">
<gml:timePosition>2017-09-25</gml:timePosition>
</lfSpanFr>
<devDate gml:id="K5_4733411814_5-2">
<gml:timePosition>2021-06-03</gml:timePosition>
</devDate>
<orgGILvl>25000</orgGILvl>
<vis>表示</vis>
<loc>
<gml:Curve gml:id="K5_4733411814_5-g" srsName="fguuid:jgd2011.bl">
<gml:segments>
<gml:LineStringSegment>
<gml:posList>
32.825000000 131.483797006
32.824999979 131.483797001
</gml:posList>
</gml:LineStringSegment>
</gml:segments>
</gml:Curve>
</loc>
<type>都道府県界</type>
</AdmBdry>
<AdmBdry gml:id="K5_4733411817_1">
<fid>47334-11817-i-11</fid>
<lfSpanFr gml:id="K5_4733411817_1-1">
<gml:timePosition>2017-09-25</gml:timePosition>
</lfSpanFr>
<devDate gml:id="K5_4733411817_1-2">
<gml:timePosition>2021-06-03</gml:timePosition>
</devDate>
<orgGILvl>25000</orgGILvl>
<vis>表示</vis>
<loc>
<gml:Curve gml:id="K5_4733411817_1-g" srsName="fguuid:jgd2011.bl">
<gml:segments>
<gml:LineStringSegment>
<gml:posList>
32.825459567 131.483333333
32.825339698 131.483494004
32.825164145 131.483779022
32.825063590 131.483810694
32.825000000 131.483797006
</gml:posList>
</gml:LineStringSegment>
</gml:segments>
</gml:Curve>
</loc>
<type>都道府県界</type>
</AdmBdry>
<AdmBdry gml:id="K5_4733711796_1">
<fid>47337-11796-i-4</fid>
<lfSpanFr gml:id="K5_4733711796_1-1">
<gml:timePosition>2013-12-10</gml:timePosition>
</lfSpanFr>
<devDate gml:id="K5_4733711796_1-2">
<gml:timePosition>2021-06-03</gml:timePosition>
</devDate>
<orgGILvl>25000</orgGILvl>
<vis>表示</vis>
<loc>
<gml:Curve gml:id="K5_4733711796_1-g" srsName="fguuid:jgd2011.bl">
<gml:segments>
<gml:LineStringSegment>
<gml:posList>
32.773527500 131.497599722
32.773515000 131.497551944
32.773445833 131.497361944
32.773364444 131.497235278
32.773195000 131.497021667
32.773056944 131.496760556
32.772925278 131.496610000
32.772661667 131.496269444
32.772630278 131.496063611
32.772649167 131.495636111
32.772787222 131.495073889
32.773103889 131.493872778
32.773455000 131.492914722
32.774011944 131.491666667
</gml:posList>
</gml:LineStringSegment>
</gml:segments>
</gml:Curve>
</loc>
<type>市区町村界</type>
</AdmBdry>
<AdmBdry gml:id="K5_4733711796_2">
<fid>47337-11796-i-5</fid>
<lfSpanFr gml:id="K5_4733711796_2-1">
<gml:timePosition>2013-12-10</gml:timePosition>
</lfSpanFr>
<devDate gml:id="K5_4733711796_2-2">
<gml:timePosition>2021-06-03</gml:timePosition>
</devDate>
<orgGILvl>25000</orgGILvl>
<vis>表示</vis>
<loc>
<gml:Curve gml:id="K5_4733711796_2-g" srsName="fguuid:jgd2011.bl">
<gml:segments>
<gml:LineStringSegment>
<gml:posList>
32.773676111 131.497941944
32.773527500 131.497599722
</gml:posList>
</gml:LineStringSegment>
</gml:segments>
</gml:Curve>
</loc>
<type>市区町村界</type>
</AdmBdry>
<AdmBdry gml:id="K5_4733711796_3">
<fid>47337-11796-i-6</fid>
<lfSpanFr gml:id="K5_4733711796_3-1">
<gml:timePosition>2013-12-10</gml:timePosition>
</lfSpanFr>
<devDate gml:id="K5_4733711796_3-2">
<gml:timePosition>2021-06-03</gml:timePosition>
</devDate>
<orgGILvl>25000</orgGILvl>
<vis>表示</vis>
<loc>
<gml:Curve gml:id="K5_4733711796_3-g" srsName="fguuid:jgd2011.bl">
<gml:segments>
<gml:LineStringSegment>
<gml:posList>
32.774044000 131.500000000
32.774082500 131.499577500
32.774011389 131.499145833
32.773875833 131.498550833
32.773753056 131.498119167
32.773676111 131.497941944
</gml:posList>
</gml:LineStringSegment>
</gml:segments>
</gml:Curve>
</loc>
<type>市区町村界</type>
</AdmBdry>
<AdmBdry gml:id="K5_4733711811_1">
<fid>47337-11811-i-1</fid>
<lfSpanFr gml:id="K5_4733711811_1-1">
<gml:timePosition>2013-12-10</gml:timePosition>
</lfSpanFr>
<devDate gml:id="K5_4733711811_1-2">
<gml:timePosition>2021-06-03</gml:timePosition>
</devDate>
<orgGILvl>25000</orgGILvl>
<vis>表示</vis>
<loc>
<gml:Curve gml:id="K5_4733711811_1-g" srsName="fguuid:jgd2011.bl">
<gml:segments>
<gml:LineStringSegment>
<gml:posList>
32.816666667 131.492245028
32.816285833 131.492656944
32.816047222 131.492942222
32.815934444 131.493163889
32.815846667 131.493448889
32.815835167 131.493933028
</gml:posList>
</gml:LineStringSegment>
</gml:segments>
</gml:Curve>
</loc>
<type>都道府県界</type>
</AdmBdry>
<AdmBdry gml:id="K5_4733711811_2">
<fid>47337-11811-i-2</fid>
<lfSpanFr gml:id="K5_4733711811_2-1">
<gml:timePosition>2013-12-10</gml:timePosition>
</lfSpanFr>
<devDate gml:id="K5_4733711811_2-2">
<gml:timePosition>2021-06-03</gml:timePosition>
</devDate>
<orgGILvl>25000</orgGILvl>
<vis>表示</vis>
<loc>
<gml:Curve gml:id="K5_4733711811_2-g" srsName="fguuid:jgd2011.bl">
<gml:segments>
<gml:LineStringSegment>
<gml:posList>
32.815835167 131.493933028
32.815833889 131.493987222
32.815859167 131.494937222
32.815852778 131.495716389
32.815614444 131.496540000
32.815463889 131.497331667
32.815471389 131.497597222
</gml:posList>
</gml:LineStringSegment>
</gml:segments>
</gml:Curve>
</loc>
<type>都道府県界</type>
</AdmBdry>
<AdmBdry gml:id="K5_4733711811_3">
<fid>47337-11811-i-3</fid>
<lfSpanFr gml:id="K5_4733711811_3-1">
<gml:timePosition>2013-12-10</gml:timePosition>
</lfSpanFr>
<devDate gml:id="K5_4733711811_3-2">
<gml:timePosition>2021-06-03</gml:timePosition>
</devDate>
<orgGILvl>25000</orgGILvl>
<vis>表示</vis>
<loc>
<gml:Curve gml:id="K5_4733711811_3-g" srsName="fguuid:jgd2011.bl">
<gml:segments>
<gml:LineStringSegment>
<gml:posList>
32.815471389 131.497597222
32.815534444 131.497883889
32.815573333 131.498373056
32.815599167 131.498959444
32.815521667 131.499415556
32.815331611 131.500000000
</gml:posList>
</gml:LineStringSegment>
</gml:segments>
</gml:Curve>
</loc>
<type>都道府県界</type>
</AdmBdry>
<AdmBdry gml:id="K5_4733711814_1">
<fid>47337-11814-i-1</fid>
<lfSpanFr gml:id="K5_4733711814_1-1">
<gml:timePosition>2013-12-10</gml:timePosition>
</lfSpanFr>
<devDate gml:id="K5_4733711814_1-2">
<gml:timePosition>2021-06-03</gml:timePosition>
</devDate>
<orgGILvl>25000</orgGILvl>
<vis>表示</vis>
<loc>
<gml:Curve gml:id="K5_4733711814_1-g" srsName="fguuid:jgd2011.bl">
<gml:segments>
<gml:LineStringSegment>
<gml:posList>
32.817133139 131.491666667
32.816725000 131.492181944
32.816666667 131.492245028
</gml:posList>
</gml:LineStringSegment>
</gml:segments>
</gml:Curve>
</loc>
<type>都道府県界</type>
</AdmBdry>
</Dataset>
