<?xml version="1.0" encoding="utf-8"?>
<Dataset xsi:schemaLocation="http://fgd.gsi.go.jp/spec/2008/FGD_GMLSchema FGD_GMLSchema.xsd"
	xmlns:gml="http://www.opengis.net/gml/3.2"
	xmlns:xsi="http://www.w3.org/2001/XMLSchema-instance"
	xmlns:xlink="http://www.w3.org/1999/xlink"
	xmlns="http://fgd.gsi.go.jp/spec/2008/FGD_GMLSchema"
	gml:id="Dataset1">
  <gml:description>基盤地図情報メタデータ ID=fmdid:17-0401</gml:description>
  <gml:name>基盤地図情報ダウンロードデータ（GML版）</gml:name>
<WL gml:id="K13_4681212189_1">
<fid>46812-12189-s-7</fid>
<lfSpanFr gml:id="K13_4681212189_1-1">
<gml:timePosition>2013-12-10</gml:timePosition>
</lfSpanFr>
<devDate gml:id="K13_4681212189_1-2">
<gml:timePosition>2017-03-03</gml:timePosition>
</devDate>
<orgGILvl>2500</orgGILvl>
<loc>
<gml:Curve gml:id="K13_4681212189_1-g" srsName="fguuid:jgd2011.bl">
<gml:segments>
<gml:LineStringSegment>
<gml:posList>
33.865399778 130.037830639
33.865354194 130.037929000
33.865127833 130.037783111
33.865173972 130.037686083
33.865399778 130.037830639
</gml:posList>
</gml:LineStringSegment>
</gml:segments>
</gml:Curve>
</loc>
<type>水涯線（河川）</type>
</WL>
<WL gml:id="K13_4681212192_1">
<fid>46812-12192-s-6</fid>
<lfSpanFr gml:id="K13_4681212192_1-1">
<gml:timePosition>2013-12-10</gml:timePosition>
</lfSpanFr>
<devDate gml:id="K13_4681212192_1-2">
<gml:timePosition>2017-03-03</gml:timePosition>
</devDate>
<orgGILvl>2500</orgGILvl>
<loc>
<gml:Curve gml:id="K13_4681212192_1-g" srsName="fguuid:jgd2011.bl">
<gml:segments>
<gml:LineStringSegment>
<gml:posList>
33.867375278 130.034435944
33.867373750 130.034474083
33.867345250 130.034472444
33.867346778 130.034434306
33.867375278 130.034435944
</gml:posList>
</gml:LineStringSegment>
</gml:segments>
</gml:Curve>
</loc>
<type>水涯線（河川）</type>
</WL>
<WL gml:id="K13_4681212192_2">
<fid>46812-12192-s-7</fid>
<lfSpanFr gml:id="K13_4681212192_2-1">
<gml:timePosition>2013-12-10</gml:timePosition>
</lfSpanFr>
<devDate gml:id="K13_4681212192_2-2">
<gml:timePosition>2017-03-03</gml:timePosition>
</devDate>
<orgGILvl>2500</orgGILvl>
<loc>
<gml:Curve gml:id="K13_4681212192_2-g" srsName="fguuid:jgd2011.bl">
<gml:segments>
<gml:LineStringSegment>
<gml:posList>
33.868689806 130.034528306
33.868713056 130.034451111
33.868767000 130.034474472
33.868743639 130.034552028
33.868689694 130.034528667
33.868689806 130.034528306
</gml:posList>
</gml:LineStringSegment>
</gml:segments>
</gml:Curve>
</loc>
<type>水涯線（河川）</type>
</WL>
<WL gml:id="K13_4681212192_3">
<fid>46812-12192-s-8</fid>
<lfSpanFr gml:id="K13_4681212192_3-1">
<gml:timePosition>2013-12-10</gml:timePosition>
</lfSpanFr>
<devDate gml:id="K13_4681212192_3-2">
<gml:timePosition>2017-03-03</gml:timePosition>
</devDate>
<orgGILvl>2500</orgGILvl>
<loc>
<gml:Curve gml:id="K13_4681212192_3-g" srsName="fguuid:jgd2011.bl">
<gml:segments>
<gml:LineStringSegment>
<gml:posList>
33.868487056 130.034519444
33.868486833 130.034672778
33.868555583 130.034668222
33.868498917 130.034874778
33.868394722 130.034874528
33.868400889 130.034521917
33.868487056 130.034519444
</gml:posList>
</gml:LineStringSegment>
</gml:segments>
</gml:Curve>
</loc>
<type>水涯線（河川）</type>
</WL>
<WL gml:id="K13_4681212192_4">
<fid>46812-12192-s-9</fid>
<lfSpanFr gml:id="K13_4681212192_4-1">
<gml:timePosition>2013-12-10</gml:timePosition>
</lfSpanFr>
<devDate gml:id="K13_4681212192_4-2">
<gml:timePosition>2017-03-03</gml:timePosition>
</devDate>
<orgGILvl>2500</orgGILvl>
<loc>
<gml:Curve gml:id="K13_4681212192_4-g" srsName="fguuid:jgd2011.bl">
<gml:segments>
<gml:LineStringSegment>
<gml:posList>
33.868586472 130.034714917
33.868750306 130.034775444
33.868714056 130.034917889
33.868549639 130.034858028
33.868586472 130.034714917
</gml:posList>
</gml:LineStringSegment>
</gml:segments>
</gml:Curve>
</loc>
<type>水涯線（河川）</type>
</WL>
<WL gml:id="K13_4681212192_5">
<fid>46812-12192-s-10</fid>
<lfSpanFr gml:id="K13_4681212192_5-1">
<gml:timePosition>2013-12-10</gml:timePosition>
</lfSpanFr>
<devDate gml:id="K13_4681212192_5-2">
<gml:timePosition>2017-03-03</gml:timePosition>
</devDate>
<orgGILvl>2500</orgGILvl>
<loc>
<gml:Curve gml:id="K13_4681212192_5-g" srsName="fguuid:jgd2011.bl">
<gml:segments>
<gml:LineStringSegment>
<gml:posList>
33.868712528 130.035159306
33.868544194 130.035095917
33.868574417 130.034980306
33.868741639 130.035045056
33.868712528 130.035159306
</gml:posList>
</gml:LineStringSegment>
</gml:segments>
</gml:Curve>
</loc>
<type>水涯線（河川）</type>
</WL>
</Dataset>
