<?xml version="1.0" encoding="utf-8"?>
<Dataset xsi:schemaLocation="http://fgd.gsi.go.jp/spec/2008/FGD_GMLSchema FGD_GMLSchema.xsd"
	xmlns:gml="http://www.opengis.net/gml/3.2"
	xmlns:xsi="http://www.w3.org/2001/XMLSchema-instance"
	xmlns:xlink="http://www.w3.org/1999/xlink"
	xmlns="http://fgd.gsi.go.jp/spec/2008/FGD_GMLSchema"
	gml:id="Dataset1">
  <gml:description>基盤地図情報メタデータ ID=fmdid:17-0401</gml:description>
  <gml:name>基盤地図情報ダウンロードデータ（GML版）</gml:name>
<GCP gml:id="K1_503060_1">
<fid>10-00100-0-1602-1342740</fid>
<lfSpanFr gml:id="K1_503060_1-1">
<gml:timePosition>2017-02-28</gml:timePosition>
</lfSpanFr>
<devDate gml:id="K1_503060_1-2">
<gml:timePosition>2017-03-03</gml:timePosition>
</devDate>
<orgGILvl>SJ12</orgGILvl>
<vis>表示</vis>
<pos>
<gml:Point gml:id="K1_503060_1-g" srsName="fguuid:jgd2011.bl">
<gml:pos>33.862500000 130.036388889</gml:pos>
</gml:Point>
</pos>
<orgName>国土地理院</orgName>
<type>水準点</type>
<gcpClass>二等水準点</gcpClass>
<gcpCode>L020000010748</gcpCode>
<name>10748</name>
<B>121905</B>
<L>468131</L>
<alti>3.344</alti>
<altiAcc>3</altiAcc>
</GCP>
<GCP gml:id="K1_503060_2">
<fid>10-00100-0-1602-1348961</fid>
<lfSpanFr gml:id="K1_503060_2-1">
<gml:timePosition>2017-02-28</gml:timePosition>
</lfSpanFr>
<devDate gml:id="K1_503060_2-2">
<gml:timePosition>2017-03-03</gml:timePosition>
</devDate>
<orgGILvl>KJ11</orgGILvl>
<vis>表示</vis>
<pos>
<gml:Point gml:id="K1_503060_2-g" srsName="fguuid:jgd2011.bl">
<gml:pos>33.866342694 130.036530528</gml:pos>
</gml:Point>
</pos>
<orgName>国土地理院</orgName>
<type>三角点</type>
<gcpClass>一等三角点</gcpClass>
<gcpCode>TR15030603201</gcpCode>
<name>小呂島</name>
<B>121918.8337</B>
<L>468131.5099</L>
<alti>109.26</alti>
<altiAcc>2</altiAcc>
</GCP>
</Dataset>
