<?xml version="1.0" encoding="utf-8"?>
<Dataset xsi:schemaLocation="http://fgd.gsi.go.jp/spec/2008/FGD_GMLSchema FGD_GMLSchema.xsd"
	xmlns:gml="http://www.opengis.net/gml/3.2"
	xmlns:xsi="http://www.w3.org/2001/XMLSchema-instance"
	xmlns:xlink="http://www.w3.org/1999/xlink"
	xmlns="http://fgd.gsi.go.jp/spec/2008/FGD_GMLSchema"
	gml:id="Dataset1">
  <gml:description>基盤地図情報メタデータ ID=fmdid:17-0401</gml:description>
  <gml:name>基盤地図情報ダウンロードデータ（GML版）</gml:name>
<WStrL gml:id="K27_4681212189_1">
<fid>46812-12189-s-825</fid>
<lfSpanFr gml:id="K27_4681212189_1-1">
<gml:timePosition>2017-01-04</gml:timePosition>
</lfSpanFr>
<devDate gml:id="K27_4681212189_1-2">
<gml:timePosition>2017-03-03</gml:timePosition>
</devDate>
<orgGILvl>2500</orgGILvl>
<vis>表示</vis>
<loc>
<gml:Curve gml:id="K27_4681212189_1-g" srsName="fguuid:jgd2011.bl">
<gml:segments>
<gml:LineStringSegment>
<gml:posList>
33.863342411 130.035226424
33.863296879 130.035117943
33.863280031 130.035128648
33.863154289 130.034850408
33.863212337 130.034815171
33.863340597 130.035094896
33.863325615 130.035103332
33.863374817 130.035216441
</gml:posList>
</gml:LineStringSegment>
</gml:segments>
</gml:Curve>
</loc>
<type>桟橋（鉄，コンクリート）</type>
</WStrL>
</Dataset>
