<?xml version="1.0" encoding="utf-8"?>
<Dataset xsi:schemaLocation="http://fgd.gsi.go.jp/spec/2008/FGD_GMLSchema FGD_GMLSchema.xsd"
	xmlns:gml="http://www.opengis.net/gml/3.2"
	xmlns:xsi="http://www.w3.org/2001/XMLSchema-instance"
	xmlns:xlink="http://www.w3.org/1999/xlink"
	xmlns="http://fgd.gsi.go.jp/spec/2008/FGD_GMLSchema"
	gml:id="Dataset1">
  <gml:description>基盤地図情報メタデータ ID=fmdid:17-0401</gml:description>
  <gml:name>基盤地図情報ダウンロードデータ（GML版）</gml:name>
<ElevPt gml:id="K2_4681212189_1">
<fid>46812-12189-i-8</fid>
<lfSpanFr gml:id="K2_4681212189_1-1">
<gml:timePosition>2013-12-10</gml:timePosition>
</lfSpanFr>
<devDate gml:id="K2_4681212189_1-2">
<gml:timePosition>2017-03-03</gml:timePosition>
</devDate>
<orgGILvl>25000</orgGILvl>
<vis>表示</vis>
<pos>
<gml:Point gml:id="K2_4681212189_1-g" srsName="fguuid:jgd2011.bl">
<gml:pos>33.863662500 130.036361111</gml:pos>
</gml:Point>
</pos>
<type>標高点（測点）</type>
<alti>28</alti>
</ElevPt>
<ElevPt gml:id="K2_4681212192_1">
<fid>46812-12192-i-6</fid>
<lfSpanFr gml:id="K2_4681212192_1-1">
<gml:timePosition>2013-12-10</gml:timePosition>
</lfSpanFr>
<devDate gml:id="K2_4681212192_1-2">
<gml:timePosition>2017-03-03</gml:timePosition>
</devDate>
<orgGILvl>25000</orgGILvl>
<vis>表示</vis>
<pos>
<gml:Point gml:id="K2_4681212192_1-g" srsName="fguuid:jgd2011.bl">
<gml:pos>33.873504722 130.036441389</gml:pos>
</gml:Point>
</pos>
<type>標高点（測点）</type>
<alti>44</alti>
</ElevPt>
<ElevPt gml:id="K2_4681212192_2">
<fid>46812-12192-i-7</fid>
<lfSpanFr gml:id="K2_4681212192_2-1">
<gml:timePosition>2013-12-10</gml:timePosition>
</lfSpanFr>
<devDate gml:id="K2_4681212192_2-2">
<gml:timePosition>2017-03-03</gml:timePosition>
</devDate>
<orgGILvl>25000</orgGILvl>
<vis>表示</vis>
<pos>
<gml:Point gml:id="K2_4681212192_2-g" srsName="fguuid:jgd2011.bl">
<gml:pos>33.866703611 130.033504167</gml:pos>
</gml:Point>
</pos>
<type>標高点（測点）</type>
<alti>62</alti>
</ElevPt>
<ElevPt gml:id="K2_4681212192_3">
<fid>46812-12192-i-8</fid>
<lfSpanFr gml:id="K2_4681212192_3-1">
<gml:timePosition>2013-12-10</gml:timePosition>
</lfSpanFr>
<devDate gml:id="K2_4681212192_3-2">
<gml:timePosition>2017-03-03</gml:timePosition>
</devDate>
<orgGILvl>25000</orgGILvl>
<vis>表示</vis>
<pos>
<gml:Point gml:id="K2_4681212192_3-g" srsName="fguuid:jgd2011.bl">
<gml:pos>33.869912778 130.037450000</gml:pos>
</gml:Point>
</pos>
<type>標高点（測点）</type>
<alti>109</alti>
</ElevPt>
</Dataset>
