<?xml version="1.0" encoding="utf-8"?>
<Dataset xsi:schemaLocation="http://fgd.gsi.go.jp/spec/2008/FGD_GMLSchema FGD_GMLSchema.xsd"
	xmlns:gml="http://www.opengis.net/gml/3.2"
	xmlns:xsi="http://www.w3.org/2001/XMLSchema-instance"
	xmlns:xlink="http://www.w3.org/1999/xlink"
	xmlns="http://fgd.gsi.go.jp/spec/2008/FGD_GMLSchema"
	gml:id="Dataset1">
  <gml:description>基盤地図情報メタデータ ID=fmdid:21-0701</gml:description>
  <gml:name>基盤地図情報ダウンロードデータ（GML版）</gml:name>
<ElevPt gml:id="K2_4734011733_1">
<fid>47340-11733-i-1</fid>
<lfSpanFr gml:id="K2_4734011733_1-1">
<gml:timePosition>2013-12-10</gml:timePosition>
</lfSpanFr>
<devDate gml:id="K2_4734011733_1-2">
<gml:timePosition>2021-06-03</gml:timePosition>
</devDate>
<orgGILvl>25000</orgGILvl>
<vis>表示</vis>
<pos>
<gml:Point gml:id="K2_4734011733_1-g" srsName="fguuid:jgd2011.bl">
<gml:pos>32.597959722 131.506908333</gml:pos>
</gml:Point>
</pos>
<type>標高点（測点）</type>
<alti>464</alti>
</ElevPt>
<ElevPt gml:id="K2_4734011733_2">
<fid>47340-11733-i-2</fid>
<lfSpanFr gml:id="K2_4734011733_2-1">
<gml:timePosition>2013-12-10</gml:timePosition>
</lfSpanFr>
<devDate gml:id="K2_4734011733_2-2">
<gml:timePosition>2021-06-03</gml:timePosition>
</devDate>
<orgGILvl>25000</orgGILvl>
<vis>表示</vis>
<pos>
<gml:Point gml:id="K2_4734011733_2-g" srsName="fguuid:jgd2011.bl">
<gml:pos>32.592008611 131.503579167</gml:pos>
</gml:Point>
</pos>
<type>標高点（測点）</type>
<alti>221</alti>
</ElevPt>
<ElevPt gml:id="K2_4734011736_1">
<fid>47340-11736-i-1</fid>
<lfSpanFr gml:id="K2_4734011736_1-1">
<gml:timePosition>2013-12-10</gml:timePosition>
</lfSpanFr>
<devDate gml:id="K2_4734011736_1-2">
<gml:timePosition>2021-06-03</gml:timePosition>
</devDate>
<orgGILvl>25000</orgGILvl>
<vis>表示</vis>
<pos>
<gml:Point gml:id="K2_4734011736_1-g" srsName="fguuid:jgd2011.bl">
<gml:pos>32.606182778 131.504352222</gml:pos>
</gml:Point>
</pos>
<type>標高点（測点）</type>
<alti>509</alti>
</ElevPt>
<ElevPt gml:id="K2_4734011739_1">
<fid>47340-11739-i-3</fid>
<lfSpanFr gml:id="K2_4734011739_1-1">
<gml:timePosition>2013-12-10</gml:timePosition>
</lfSpanFr>
<devDate gml:id="K2_4734011739_1-2">
<gml:timePosition>2021-06-03</gml:timePosition>
</devDate>
<orgGILvl>25000</orgGILvl>
<vis>表示</vis>
<pos>
<gml:Point gml:id="K2_4734011739_1-g" srsName="fguuid:jgd2011.bl">
<gml:pos>32.611680833 131.504714444</gml:pos>
</gml:Point>
</pos>
<type>標高点（測点）</type>
<alti>580</alti>
</ElevPt>
<ElevPt gml:id="K2_4734011742_1">
<fid>47340-11742-i-1</fid>
<lfSpanFr gml:id="K2_4734011742_1-1">
<gml:timePosition>2013-12-10</gml:timePosition>
</lfSpanFr>
<devDate gml:id="K2_4734011742_1-2">
<gml:timePosition>2021-06-03</gml:timePosition>
</devDate>
<orgGILvl>25000</orgGILvl>
<vis>表示</vis>
<pos>
<gml:Point gml:id="K2_4734011742_1-g" srsName="fguuid:jgd2011.bl">
<gml:pos>32.623050000 131.508227222</gml:pos>
</gml:Point>
</pos>
<type>標高点（測点）</type>
<alti>436</alti>
</ElevPt>
<ElevPt gml:id="K2_4734011742_2">
<fid>47340-11742-i-2</fid>
<lfSpanFr gml:id="K2_4734011742_2-1">
<gml:timePosition>2013-12-10</gml:timePosition>
</lfSpanFr>
<devDate gml:id="K2_4734011742_2-2">
<gml:timePosition>2021-06-03</gml:timePosition>
</devDate>
<orgGILvl>25000</orgGILvl>
<vis>表示</vis>
<pos>
<gml:Point gml:id="K2_4734011742_2-g" srsName="fguuid:jgd2011.bl">
<gml:pos>32.622946389 131.500011667</gml:pos>
</gml:Point>
</pos>
<type>標高点（測点）</type>
<alti>613</alti>
</ElevPt>
<ElevPt gml:id="K2_4734011745_1">
<fid>47340-11745-i-1</fid>
<lfSpanFr gml:id="K2_4734011745_1-1">
<gml:timePosition>2013-12-10</gml:timePosition>
</lfSpanFr>
<devDate gml:id="K2_4734011745_1-2">
<gml:timePosition>2021-06-03</gml:timePosition>
</devDate>
<orgGILvl>25000</orgGILvl>
<vis>表示</vis>
<pos>
<gml:Point gml:id="K2_4734011745_1-g" srsName="fguuid:jgd2011.bl">
<gml:pos>32.629801944 131.505935556</gml:pos>
</gml:Point>
</pos>
<type>標高点（測点）</type>
<alti>296</alti>
</ElevPt>
<ElevPt gml:id="K2_4734011754_1">
<fid>47340-11754-i-28</fid>
<lfSpanFr gml:id="K2_4734011754_1-1">
<gml:timePosition>2020-08-12</gml:timePosition>
</lfSpanFr>
<devDate gml:id="K2_4734011754_1-2">
<gml:timePosition>2021-06-03</gml:timePosition>
</devDate>
<orgGILvl>25000</orgGILvl>
<vis>表示</vis>
<pos>
<gml:Point gml:id="K2_4734011754_1-g" srsName="fguuid:jgd2011.bl">
<gml:pos>32.650771667 131.507597500</gml:pos>
</gml:Point>
</pos>
<type>標高点（測点）</type>
<alti>714</alti>
</ElevPt>
<ElevPt gml:id="K2_4734011754_2">
<fid>47340-11754-i-29</fid>
<lfSpanFr gml:id="K2_4734011754_2-1">
<gml:timePosition>2020-08-12</gml:timePosition>
</lfSpanFr>
<devDate gml:id="K2_4734011754_2-2">
<gml:timePosition>2021-06-03</gml:timePosition>
</devDate>
<orgGILvl>25000</orgGILvl>
<vis>表示</vis>
<pos>
<gml:Point gml:id="K2_4734011754_2-g" srsName="fguuid:jgd2011.bl">
<gml:pos>32.657986944 131.504124444</gml:pos>
</gml:Point>
</pos>
<type>標高点（測点）</type>
<alti>434</alti>
</ElevPt>
<ElevPt gml:id="K2_4734011754_3">
<fid>47340-11754-i-30</fid>
<lfSpanFr gml:id="K2_4734011754_3-1">
<gml:timePosition>2020-08-12</gml:timePosition>
</lfSpanFr>
<devDate gml:id="K2_4734011754_3-2">
<gml:timePosition>2021-06-03</gml:timePosition>
</devDate>
<orgGILvl>25000</orgGILvl>
<vis>表示</vis>
<pos>
<gml:Point gml:id="K2_4734011754_3-g" srsName="fguuid:jgd2011.bl">
<gml:pos>32.650125278 131.502587222</gml:pos>
</gml:Point>
</pos>
<type>標高点（測点）</type>
<alti>774</alti>
</ElevPt>
<ElevPt gml:id="K2_4734011757_1">
<fid>47340-11757-i-38</fid>
<lfSpanFr gml:id="K2_4734011757_1-1">
<gml:timePosition>2020-08-12</gml:timePosition>
</lfSpanFr>
<devDate gml:id="K2_4734011757_1-2">
<gml:timePosition>2021-06-03</gml:timePosition>
</devDate>
<orgGILvl>25000</orgGILvl>
<vis>表示</vis>
<pos>
<gml:Point gml:id="K2_4734011757_1-g" srsName="fguuid:jgd2011.bl">
<gml:pos>32.666301389 131.507864722</gml:pos>
</gml:Point>
</pos>
<type>標高点（測点）</type>
<alti>694</alti>
</ElevPt>
<ElevPt gml:id="K2_4734311730_1">
<fid>47343-11730-i-176</fid>
<lfSpanFr gml:id="K2_4734311730_1-1">
<gml:timePosition>2020-08-12</gml:timePosition>
</lfSpanFr>
<devDate gml:id="K2_4734311730_1-2">
<gml:timePosition>2021-06-03</gml:timePosition>
</devDate>
<orgGILvl>25000</orgGILvl>
<vis>表示</vis>
<pos>
<gml:Point gml:id="K2_4734311730_1-g" srsName="fguuid:jgd2011.bl">
<gml:pos>32.585537500 131.515076944</gml:pos>
</gml:Point>
</pos>
<type>標高点（測点）</type>
<alti>139</alti>
</ElevPt>
<ElevPt gml:id="K2_4734311733_1">
<fid>47343-11733-i-1</fid>
<lfSpanFr gml:id="K2_4734311733_1-1">
<gml:timePosition>2013-12-10</gml:timePosition>
</lfSpanFr>
<devDate gml:id="K2_4734311733_1-2">
<gml:timePosition>2021-06-03</gml:timePosition>
</devDate>
<orgGILvl>25000</orgGILvl>
<vis>表示</vis>
<pos>
<gml:Point gml:id="K2_4734311733_1-g" srsName="fguuid:jgd2011.bl">
<gml:pos>32.591743056 131.510258611</gml:pos>
</gml:Point>
</pos>
<type>標高点（測点）</type>
<alti>235</alti>
</ElevPt>
<ElevPt gml:id="K2_4734311739_1">
<fid>47343-11739-i-1</fid>
<lfSpanFr gml:id="K2_4734311739_1-1">
<gml:timePosition>2013-12-10</gml:timePosition>
</lfSpanFr>
<devDate gml:id="K2_4734311739_1-2">
<gml:timePosition>2021-06-03</gml:timePosition>
</devDate>
<orgGILvl>25000</orgGILvl>
<vis>表示</vis>
<pos>
<gml:Point gml:id="K2_4734311739_1-g" srsName="fguuid:jgd2011.bl">
<gml:pos>32.616510556 131.516531944</gml:pos>
</gml:Point>
</pos>
<type>標高点（測点）</type>
<alti>197</alti>
</ElevPt>
<ElevPt gml:id="K2_4734311739_2">
<fid>47343-11739-i-2</fid>
<lfSpanFr gml:id="K2_4734311739_2-1">
<gml:timePosition>2013-12-10</gml:timePosition>
</lfSpanFr>
<devDate gml:id="K2_4734311739_2-2">
<gml:timePosition>2021-06-03</gml:timePosition>
</devDate>
<orgGILvl>25000</orgGILvl>
<vis>表示</vis>
<pos>
<gml:Point gml:id="K2_4734311739_2-g" srsName="fguuid:jgd2011.bl">
<gml:pos>32.609581111 131.508791389</gml:pos>
</gml:Point>
</pos>
<type>標高点（測点）</type>
<alti>460</alti>
</ElevPt>
<ElevPt gml:id="K2_4734311748_1">
<fid>47343-11748-i-1</fid>
<lfSpanFr gml:id="K2_4734311748_1-1">
<gml:timePosition>2013-12-10</gml:timePosition>
</lfSpanFr>
<devDate gml:id="K2_4734311748_1-2">
<gml:timePosition>2021-06-03</gml:timePosition>
</devDate>
<orgGILvl>25000</orgGILvl>
<vis>表示</vis>
<pos>
<gml:Point gml:id="K2_4734311748_1-g" srsName="fguuid:jgd2011.bl">
<gml:pos>32.633369444 131.513659167</gml:pos>
</gml:Point>
</pos>
<type>標高点（測点）</type>
<alti>555</alti>
</ElevPt>
<ElevPt gml:id="K2_4734311751_1">
<fid>47343-11751-i-1</fid>
<lfSpanFr gml:id="K2_4734311751_1-1">
<gml:timePosition>2013-12-10</gml:timePosition>
</lfSpanFr>
<devDate gml:id="K2_4734311751_1-2">
<gml:timePosition>2021-06-03</gml:timePosition>
</devDate>
<orgGILvl>25000</orgGILvl>
<vis>表示</vis>
<pos>
<gml:Point gml:id="K2_4734311751_1-g" srsName="fguuid:jgd2011.bl">
<gml:pos>32.647639167 131.511101111</gml:pos>
</gml:Point>
</pos>
<type>標高点（測点）</type>
<alti>657</alti>
</ElevPt>
<ElevPt gml:id="K2_4734311751_2">
<fid>47343-11751-i-2</fid>
<lfSpanFr gml:id="K2_4734311751_2-1">
<gml:timePosition>2013-12-10</gml:timePosition>
</lfSpanFr>
<devDate gml:id="K2_4734311751_2-2">
<gml:timePosition>2021-06-03</gml:timePosition>
</devDate>
<orgGILvl>25000</orgGILvl>
<vis>表示</vis>
<pos>
<gml:Point gml:id="K2_4734311751_2-g" srsName="fguuid:jgd2011.bl">
<gml:pos>32.642854444 131.508359167</gml:pos>
</gml:Point>
</pos>
<type>標高点（測点）</type>
<alti>611</alti>
</ElevPt>
<ElevPt gml:id="K2_4734311751_3">
<fid>47343-11751-i-3</fid>
<lfSpanFr gml:id="K2_4734311751_3-1">
<gml:timePosition>2013-12-10</gml:timePosition>
</lfSpanFr>
<devDate gml:id="K2_4734311751_3-2">
<gml:timePosition>2021-06-03</gml:timePosition>
</devDate>
<orgGILvl>25000</orgGILvl>
<vis>表示</vis>
<pos>
<gml:Point gml:id="K2_4734311751_3-g" srsName="fguuid:jgd2011.bl">
<gml:pos>32.642474167 131.515435000</gml:pos>
</gml:Point>
</pos>
<type>標高点（測点）</type>
<alti>606</alti>
</ElevPt>
<ElevPt gml:id="K2_4734311757_1">
<fid>47343-11757-i-37</fid>
<lfSpanFr gml:id="K2_4734311757_1-1">
<gml:timePosition>2020-08-12</gml:timePosition>
</lfSpanFr>
<devDate gml:id="K2_4734311757_1-2">
<gml:timePosition>2021-06-03</gml:timePosition>
</devDate>
<orgGILvl>25000</orgGILvl>
<vis>表示</vis>
<pos>
<gml:Point gml:id="K2_4734311757_1-g" srsName="fguuid:jgd2011.bl">
<gml:pos>32.658995833 131.513682222</gml:pos>
</gml:Point>
</pos>
<type>標高点（測点）</type>
<alti>297</alti>
</ElevPt>
<ElevPt gml:id="K2_4734611730_1">
<fid>47346-11730-i-1</fid>
<lfSpanFr gml:id="K2_4734611730_1-1">
<gml:timePosition>2013-12-10</gml:timePosition>
</lfSpanFr>
<devDate gml:id="K2_4734611730_1-2">
<gml:timePosition>2021-06-03</gml:timePosition>
</devDate>
<orgGILvl>25000</orgGILvl>
<vis>表示</vis>
<pos>
<gml:Point gml:id="K2_4734611730_1-g" srsName="fguuid:jgd2011.bl">
<gml:pos>32.589089167 131.519290278</gml:pos>
</gml:Point>
</pos>
<type>標高点（測点）</type>
<alti>192</alti>
</ElevPt>
<ElevPt gml:id="K2_4734611733_1">
<fid>47346-11733-i-47</fid>
<lfSpanFr gml:id="K2_4734611733_1-1">
<gml:timePosition>2020-08-12</gml:timePosition>
</lfSpanFr>
<devDate gml:id="K2_4734611733_1-2">
<gml:timePosition>2021-06-03</gml:timePosition>
</devDate>
<orgGILvl>25000</orgGILvl>
<vis>表示</vis>
<pos>
<gml:Point gml:id="K2_4734611733_1-g" srsName="fguuid:jgd2011.bl">
<gml:pos>32.598171944 131.520085833</gml:pos>
</gml:Point>
</pos>
<type>標高点（測点）</type>
<alti>48</alti>
</ElevPt>
<ElevPt gml:id="K2_4734611733_2">
<fid>47346-11733-i-48</fid>
<lfSpanFr gml:id="K2_4734611733_2-1">
<gml:timePosition>2020-08-12</gml:timePosition>
</lfSpanFr>
<devDate gml:id="K2_4734611733_2-2">
<gml:timePosition>2021-06-03</gml:timePosition>
</devDate>
<orgGILvl>25000</orgGILvl>
<vis>表示</vis>
<pos>
<gml:Point gml:id="K2_4734611733_2-g" srsName="fguuid:jgd2011.bl">
<gml:pos>32.593921111 131.522967778</gml:pos>
</gml:Point>
</pos>
<type>標高点（測点）</type>
<alti>45</alti>
</ElevPt>
<ElevPt gml:id="K2_4734611736_1">
<fid>47346-11736-i-68</fid>
<lfSpanFr gml:id="K2_4734611736_1-1">
<gml:timePosition>2020-08-12</gml:timePosition>
</lfSpanFr>
<devDate gml:id="K2_4734611736_1-2">
<gml:timePosition>2021-06-03</gml:timePosition>
</devDate>
<orgGILvl>25000</orgGILvl>
<vis>表示</vis>
<pos>
<gml:Point gml:id="K2_4734611736_1-g" srsName="fguuid:jgd2011.bl">
<gml:pos>32.604276667 131.518215278</gml:pos>
</gml:Point>
</pos>
<type>標高点（測点）</type>
<alti>169</alti>
</ElevPt>
<ElevPt gml:id="K2_4734611739_1">
<fid>47346-11739-i-35</fid>
<lfSpanFr gml:id="K2_4734611739_1-1">
<gml:timePosition>2020-08-12</gml:timePosition>
</lfSpanFr>
<devDate gml:id="K2_4734611739_1-2">
<gml:timePosition>2021-06-03</gml:timePosition>
</devDate>
<orgGILvl>25000</orgGILvl>
<vis>表示</vis>
<pos>
<gml:Point gml:id="K2_4734611739_1-g" srsName="fguuid:jgd2011.bl">
<gml:pos>32.611949167 131.521471667</gml:pos>
</gml:Point>
</pos>
<type>標高点（測点）</type>
<alti>237</alti>
</ElevPt>
<ElevPt gml:id="K2_4734611742_1">
<fid>47346-11742-i-37</fid>
<lfSpanFr gml:id="K2_4734611742_1-1">
<gml:timePosition>2020-08-12</gml:timePosition>
</lfSpanFr>
<devDate gml:id="K2_4734611742_1-2">
<gml:timePosition>2021-06-03</gml:timePosition>
</devDate>
<orgGILvl>25000</orgGILvl>
<vis>表示</vis>
<pos>
<gml:Point gml:id="K2_4734611742_1-g" srsName="fguuid:jgd2011.bl">
<gml:pos>32.619748333 131.520291389</gml:pos>
</gml:Point>
</pos>
<type>標高点（測点）</type>
<alti>270</alti>
</ElevPt>
<ElevPt gml:id="K2_4734611745_1">
<fid>47346-11745-i-61</fid>
<lfSpanFr gml:id="K2_4734611745_1-1">
<gml:timePosition>2020-08-12</gml:timePosition>
</lfSpanFr>
<devDate gml:id="K2_4734611745_1-2">
<gml:timePosition>2021-06-03</gml:timePosition>
</devDate>
<orgGILvl>25000</orgGILvl>
<vis>表示</vis>
<pos>
<gml:Point gml:id="K2_4734611745_1-g" srsName="fguuid:jgd2011.bl">
<gml:pos>32.630925278 131.524945000</gml:pos>
</gml:Point>
</pos>
<type>標高点（測点）</type>
<alti>474</alti>
</ElevPt>
<ElevPt gml:id="K2_4734611745_2">
<fid>47346-11745-i-62</fid>
<lfSpanFr gml:id="K2_4734611745_2-1">
<gml:timePosition>2020-08-12</gml:timePosition>
</lfSpanFr>
<devDate gml:id="K2_4734611745_2-2">
<gml:timePosition>2021-06-03</gml:timePosition>
</devDate>
<orgGILvl>25000</orgGILvl>
<vis>表示</vis>
<pos>
<gml:Point gml:id="K2_4734611745_2-g" srsName="fguuid:jgd2011.bl">
<gml:pos>32.626071667 131.517846667</gml:pos>
</gml:Point>
</pos>
<type>標高点（測点）</type>
<alti>384</alti>
</ElevPt>
<ElevPt gml:id="K2_4734611748_1">
<fid>47346-11748-i-1</fid>
<lfSpanFr gml:id="K2_4734611748_1-1">
<gml:timePosition>2013-12-10</gml:timePosition>
</lfSpanFr>
<devDate gml:id="K2_4734611748_1-2">
<gml:timePosition>2021-06-03</gml:timePosition>
</devDate>
<orgGILvl>25000</orgGILvl>
<vis>表示</vis>
<pos>
<gml:Point gml:id="K2_4734611748_1-g" srsName="fguuid:jgd2011.bl">
<gml:pos>32.636160278 131.520411667</gml:pos>
</gml:Point>
</pos>
<type>標高点（測点）</type>
<alti>574</alti>
</ElevPt>
<ElevPt gml:id="K2_4734611751_1">
<fid>47346-11751-i-1</fid>
<lfSpanFr gml:id="K2_4734611751_1-1">
<gml:timePosition>2013-12-10</gml:timePosition>
</lfSpanFr>
<devDate gml:id="K2_4734611751_1-2">
<gml:timePosition>2021-06-03</gml:timePosition>
</devDate>
<orgGILvl>25000</orgGILvl>
<vis>表示</vis>
<pos>
<gml:Point gml:id="K2_4734611751_1-g" srsName="fguuid:jgd2011.bl">
<gml:pos>32.644446389 131.524231944</gml:pos>
</gml:Point>
</pos>
<type>標高点（測点）</type>
<alti>196</alti>
</ElevPt>
<ElevPt gml:id="K2_4734611751_2">
<fid>47346-11751-i-2</fid>
<lfSpanFr gml:id="K2_4734611751_2-1">
<gml:timePosition>2013-12-10</gml:timePosition>
</lfSpanFr>
<devDate gml:id="K2_4734611751_2-2">
<gml:timePosition>2021-06-03</gml:timePosition>
</devDate>
<orgGILvl>25000</orgGILvl>
<vis>表示</vis>
<pos>
<gml:Point gml:id="K2_4734611751_2-g" srsName="fguuid:jgd2011.bl">
<gml:pos>32.647553333 131.519341944</gml:pos>
</gml:Point>
</pos>
<type>標高点（測点）</type>
<alti>571</alti>
</ElevPt>
<ElevPt gml:id="K2_4734611754_1">
<fid>47346-11754-i-65</fid>
<lfSpanFr gml:id="K2_4734611754_1-1">
<gml:timePosition>2020-08-12</gml:timePosition>
</lfSpanFr>
<devDate gml:id="K2_4734611754_1-2">
<gml:timePosition>2021-06-03</gml:timePosition>
</devDate>
<orgGILvl>25000</orgGILvl>
<vis>表示</vis>
<pos>
<gml:Point gml:id="K2_4734611754_1-g" srsName="fguuid:jgd2011.bl">
<gml:pos>32.654316944 131.522264167</gml:pos>
</gml:Point>
</pos>
<type>標高点（測点）</type>
<alti>288</alti>
</ElevPt>
<ElevPt gml:id="K2_4734611757_1">
<fid>47346-11757-i-1</fid>
<lfSpanFr gml:id="K2_4734611757_1-1">
<gml:timePosition>2013-12-10</gml:timePosition>
</lfSpanFr>
<devDate gml:id="K2_4734611757_1-2">
<gml:timePosition>2021-06-03</gml:timePosition>
</devDate>
<orgGILvl>25000</orgGILvl>
<vis>表示</vis>
<pos>
<gml:Point gml:id="K2_4734611757_1-g" srsName="fguuid:jgd2011.bl">
<gml:pos>32.662126389 131.521096389</gml:pos>
</gml:Point>
</pos>
<type>標高点（測点）</type>
<alti>755</alti>
</ElevPt>
<ElevPt gml:id="K2_4734911730_1">
<fid>47349-11730-i-85</fid>
<lfSpanFr gml:id="K2_4734911730_1-1">
<gml:timePosition>2020-08-12</gml:timePosition>
</lfSpanFr>
<devDate gml:id="K2_4734911730_1-2">
<gml:timePosition>2021-06-03</gml:timePosition>
</devDate>
<orgGILvl>25000</orgGILvl>
<vis>表示</vis>
<pos>
<gml:Point gml:id="K2_4734911730_1-g" srsName="fguuid:jgd2011.bl">
<gml:pos>32.587672500 131.532466944</gml:pos>
</gml:Point>
</pos>
<type>標高点（測点）</type>
<alti>135</alti>
</ElevPt>
<ElevPt gml:id="K2_4734911730_2">
<fid>47349-11730-i-86</fid>
<lfSpanFr gml:id="K2_4734911730_2-1">
<gml:timePosition>2020-08-12</gml:timePosition>
</lfSpanFr>
<devDate gml:id="K2_4734911730_2-2">
<gml:timePosition>2021-06-03</gml:timePosition>
</devDate>
<orgGILvl>25000</orgGILvl>
<vis>表示</vis>
<pos>
<gml:Point gml:id="K2_4734911730_2-g" srsName="fguuid:jgd2011.bl">
<gml:pos>32.585518611 131.528319167</gml:pos>
</gml:Point>
</pos>
<type>標高点（測点）</type>
<alti>36</alti>
</ElevPt>
<ElevPt gml:id="K2_4734911733_1">
<fid>47349-11733-i-3</fid>
<lfSpanFr gml:id="K2_4734911733_1-1">
<gml:timePosition>2013-12-10</gml:timePosition>
</lfSpanFr>
<devDate gml:id="K2_4734911733_1-2">
<gml:timePosition>2021-06-03</gml:timePosition>
</devDate>
<orgGILvl>25000</orgGILvl>
<vis>表示</vis>
<pos>
<gml:Point gml:id="K2_4734911733_1-g" srsName="fguuid:jgd2011.bl">
<gml:pos>32.599582778 131.525800000</gml:pos>
</gml:Point>
</pos>
<type>標高点（測点）</type>
<alti>294</alti>
</ElevPt>
<ElevPt gml:id="K2_4734911736_1">
<fid>47349-11736-i-62</fid>
<lfSpanFr gml:id="K2_4734911736_1-1">
<gml:timePosition>2020-08-12</gml:timePosition>
</lfSpanFr>
<devDate gml:id="K2_4734911736_1-2">
<gml:timePosition>2021-06-03</gml:timePosition>
</devDate>
<orgGILvl>25000</orgGILvl>
<vis>表示</vis>
<pos>
<gml:Point gml:id="K2_4734911736_1-g" srsName="fguuid:jgd2011.bl">
<gml:pos>32.605094444 131.527427778</gml:pos>
</gml:Point>
</pos>
<type>標高点（測点）</type>
<alti>116</alti>
</ElevPt>
<ElevPt gml:id="K2_4734911739_1">
<fid>47349-11739-i-1</fid>
<lfSpanFr gml:id="K2_4734911739_1-1">
<gml:timePosition>2013-12-10</gml:timePosition>
</lfSpanFr>
<devDate gml:id="K2_4734911739_1-2">
<gml:timePosition>2021-06-03</gml:timePosition>
</devDate>
<orgGILvl>25000</orgGILvl>
<vis>表示</vis>
<pos>
<gml:Point gml:id="K2_4734911739_1-g" srsName="fguuid:jgd2011.bl">
<gml:pos>32.613481389 131.532390000</gml:pos>
</gml:Point>
</pos>
<type>標高点（測点）</type>
<alti>235</alti>
</ElevPt>
<ElevPt gml:id="K2_4734911745_1">
<fid>47349-11745-i-1</fid>
<lfSpanFr gml:id="K2_4734911745_1-1">
<gml:timePosition>2013-12-10</gml:timePosition>
</lfSpanFr>
<devDate gml:id="K2_4734911745_1-2">
<gml:timePosition>2021-06-03</gml:timePosition>
</devDate>
<orgGILvl>25000</orgGILvl>
<vis>表示</vis>
<pos>
<gml:Point gml:id="K2_4734911745_1-g" srsName="fguuid:jgd2011.bl">
<gml:pos>32.626393889 131.526884722</gml:pos>
</gml:Point>
</pos>
<type>標高点（測点）</type>
<alti>418</alti>
</ElevPt>
<ElevPt gml:id="K2_4734911748_1">
<fid>47349-11748-i-1</fid>
<lfSpanFr gml:id="K2_4734911748_1-1">
<gml:timePosition>2013-12-10</gml:timePosition>
</lfSpanFr>
<devDate gml:id="K2_4734911748_1-2">
<gml:timePosition>2021-06-03</gml:timePosition>
</devDate>
<orgGILvl>25000</orgGILvl>
<vis>表示</vis>
<pos>
<gml:Point gml:id="K2_4734911748_1-g" srsName="fguuid:jgd2011.bl">
<gml:pos>32.637466667 131.528732778</gml:pos>
</gml:Point>
</pos>
<type>標高点（測点）</type>
<alti>150</alti>
</ElevPt>
<ElevPt gml:id="K2_4734911754_1">
<fid>47349-11754-i-1</fid>
<lfSpanFr gml:id="K2_4734911754_1-1">
<gml:timePosition>2013-12-10</gml:timePosition>
</lfSpanFr>
<devDate gml:id="K2_4734911754_1-2">
<gml:timePosition>2021-06-03</gml:timePosition>
</devDate>
<orgGILvl>25000</orgGILvl>
<vis>表示</vis>
<pos>
<gml:Point gml:id="K2_4734911754_1-g" srsName="fguuid:jgd2011.bl">
<gml:pos>32.651456389 131.527013333</gml:pos>
</gml:Point>
</pos>
<type>標高点（測点）</type>
<alti>222</alti>
</ElevPt>
<ElevPt gml:id="K2_4735211730_1">
<fid>47352-11730-i-8</fid>
<lfSpanFr gml:id="K2_4735211730_1-1">
<gml:timePosition>2013-12-10</gml:timePosition>
</lfSpanFr>
<devDate gml:id="K2_4735211730_1-2">
<gml:timePosition>2021-06-03</gml:timePosition>
</devDate>
<orgGILvl>25000</orgGILvl>
<vis>表示</vis>
<pos>
<gml:Point gml:id="K2_4735211730_1-g" srsName="fguuid:jgd2011.bl">
<gml:pos>32.585976944 131.540371667</gml:pos>
</gml:Point>
</pos>
<type>標高点（測点）</type>
<alti>163</alti>
</ElevPt>
<ElevPt gml:id="K2_4735211733_1">
<fid>47352-11733-i-5</fid>
<lfSpanFr gml:id="K2_4735211733_1-1">
<gml:timePosition>2013-12-10</gml:timePosition>
</lfSpanFr>
<devDate gml:id="K2_4735211733_1-2">
<gml:timePosition>2021-06-03</gml:timePosition>
</devDate>
<orgGILvl>25000</orgGILvl>
<vis>表示</vis>
<pos>
<gml:Point gml:id="K2_4735211733_1-g" srsName="fguuid:jgd2011.bl">
<gml:pos>32.596887778 131.534983333</gml:pos>
</gml:Point>
</pos>
<type>標高点（測点）</type>
<alti>442</alti>
</ElevPt>
<ElevPt gml:id="K2_4735211736_1">
<fid>47352-11736-i-3</fid>
<lfSpanFr gml:id="K2_4735211736_1-1">
<gml:timePosition>2013-12-10</gml:timePosition>
</lfSpanFr>
<devDate gml:id="K2_4735211736_1-2">
<gml:timePosition>2021-06-03</gml:timePosition>
</devDate>
<orgGILvl>25000</orgGILvl>
<vis>表示</vis>
<pos>
<gml:Point gml:id="K2_4735211736_1-g" srsName="fguuid:jgd2011.bl">
<gml:pos>32.605644444 131.534163889</gml:pos>
</gml:Point>
</pos>
<type>標高点（測点）</type>
<alti>89</alti>
</ElevPt>
<ElevPt gml:id="K2_4735211739_1">
<fid>47352-11739-i-57</fid>
<lfSpanFr gml:id="K2_4735211739_1-1">
<gml:timePosition>2020-08-12</gml:timePosition>
</lfSpanFr>
<devDate gml:id="K2_4735211739_1-2">
<gml:timePosition>2021-06-03</gml:timePosition>
</devDate>
<orgGILvl>25000</orgGILvl>
<vis>表示</vis>
<pos>
<gml:Point gml:id="K2_4735211739_1-g" srsName="fguuid:jgd2011.bl">
<gml:pos>32.616444444 131.537156667</gml:pos>
</gml:Point>
</pos>
<type>標高点（測点）</type>
<alti>262</alti>
</ElevPt>
<ElevPt gml:id="K2_4735211742_1">
<fid>47352-11742-i-4</fid>
<lfSpanFr gml:id="K2_4735211742_1-1">
<gml:timePosition>2013-12-10</gml:timePosition>
</lfSpanFr>
<devDate gml:id="K2_4735211742_1-2">
<gml:timePosition>2021-06-03</gml:timePosition>
</devDate>
<orgGILvl>25000</orgGILvl>
<vis>表示</vis>
<pos>
<gml:Point gml:id="K2_4735211742_1-g" srsName="fguuid:jgd2011.bl">
<gml:pos>32.618201667 131.540300833</gml:pos>
</gml:Point>
</pos>
<type>標高点（測点）</type>
<alti>114</alti>
</ElevPt>
<ElevPt gml:id="K2_4735211745_1">
<fid>47352-11745-i-29</fid>
<lfSpanFr gml:id="K2_4735211745_1-1">
<gml:timePosition>2020-08-12</gml:timePosition>
</lfSpanFr>
<devDate gml:id="K2_4735211745_1-2">
<gml:timePosition>2021-06-03</gml:timePosition>
</devDate>
<orgGILvl>25000</orgGILvl>
<vis>表示</vis>
<pos>
<gml:Point gml:id="K2_4735211745_1-g" srsName="fguuid:jgd2011.bl">
<gml:pos>32.628966944 131.541004444</gml:pos>
</gml:Point>
</pos>
<type>標高点（測点）</type>
<alti>400</alti>
</ElevPt>
<ElevPt gml:id="K2_4735211745_2">
<fid>47352-11745-i-30</fid>
<lfSpanFr gml:id="K2_4735211745_2-1">
<gml:timePosition>2020-08-12</gml:timePosition>
</lfSpanFr>
<devDate gml:id="K2_4735211745_2-2">
<gml:timePosition>2021-06-03</gml:timePosition>
</devDate>
<orgGILvl>25000</orgGILvl>
<vis>表示</vis>
<pos>
<gml:Point gml:id="K2_4735211745_2-g" srsName="fguuid:jgd2011.bl">
<gml:pos>32.631104444 131.534904722</gml:pos>
</gml:Point>
</pos>
<type>標高点（測点）</type>
<alti>132</alti>
</ElevPt>
<ElevPt gml:id="K2_4735211748_1">
<fid>47352-11748-i-1</fid>
<lfSpanFr gml:id="K2_4735211748_1-1">
<gml:timePosition>2013-12-10</gml:timePosition>
</lfSpanFr>
<devDate gml:id="K2_4735211748_1-2">
<gml:timePosition>2021-06-03</gml:timePosition>
</devDate>
<orgGILvl>25000</orgGILvl>
<vis>表示</vis>
<pos>
<gml:Point gml:id="K2_4735211748_1-g" srsName="fguuid:jgd2011.bl">
<gml:pos>32.635024444 131.540769722</gml:pos>
</gml:Point>
</pos>
<type>標高点（測点）</type>
<alti>473</alti>
</ElevPt>
<ElevPt gml:id="K2_4735211751_1">
<fid>47352-11751-i-1</fid>
<lfSpanFr gml:id="K2_4735211751_1-1">
<gml:timePosition>2013-12-10</gml:timePosition>
</lfSpanFr>
<devDate gml:id="K2_4735211751_1-2">
<gml:timePosition>2021-06-03</gml:timePosition>
</devDate>
<orgGILvl>25000</orgGILvl>
<vis>表示</vis>
<pos>
<gml:Point gml:id="K2_4735211751_1-g" srsName="fguuid:jgd2011.bl">
<gml:pos>32.647855278 131.537775833</gml:pos>
</gml:Point>
</pos>
<type>標高点（測点）</type>
<alti>598</alti>
</ElevPt>
<ElevPt gml:id="K2_4735211754_1">
<fid>47352-11754-i-1</fid>
<lfSpanFr gml:id="K2_4735211754_1-1">
<gml:timePosition>2013-12-10</gml:timePosition>
</lfSpanFr>
<devDate gml:id="K2_4735211754_1-2">
<gml:timePosition>2021-06-03</gml:timePosition>
</devDate>
<orgGILvl>25000</orgGILvl>
<vis>表示</vis>
<pos>
<gml:Point gml:id="K2_4735211754_1-g" srsName="fguuid:jgd2011.bl">
<gml:pos>32.652957500 131.536959167</gml:pos>
</gml:Point>
</pos>
<type>標高点（測点）</type>
<alti>486</alti>
</ElevPt>
<ElevPt gml:id="K2_4735211757_1">
<fid>47352-11757-i-1</fid>
<lfSpanFr gml:id="K2_4735211757_1-1">
<gml:timePosition>2013-12-10</gml:timePosition>
</lfSpanFr>
<devDate gml:id="K2_4735211757_1-2">
<gml:timePosition>2021-06-03</gml:timePosition>
</devDate>
<orgGILvl>25000</orgGILvl>
<vis>表示</vis>
<pos>
<gml:Point gml:id="K2_4735211757_1-g" srsName="fguuid:jgd2011.bl">
<gml:pos>32.660791389 131.534640278</gml:pos>
</gml:Point>
</pos>
<type>標高点（測点）</type>
<alti>803</alti>
</ElevPt>
<ElevPt gml:id="K2_4735511730_1">
<fid>47355-11730-i-1</fid>
<lfSpanFr gml:id="K2_4735511730_1-1">
<gml:timePosition>2013-12-10</gml:timePosition>
</lfSpanFr>
<devDate gml:id="K2_4735511730_1-2">
<gml:timePosition>2021-06-03</gml:timePosition>
</devDate>
<orgGILvl>25000</orgGILvl>
<vis>表示</vis>
<pos>
<gml:Point gml:id="K2_4735511730_1-g" srsName="fguuid:jgd2011.bl">
<gml:pos>32.589013611 131.548751667</gml:pos>
</gml:Point>
</pos>
<type>標高点（測点）</type>
<alti>215</alti>
</ElevPt>
<ElevPt gml:id="K2_4735511730_2">
<fid>47355-11730-i-2</fid>
<lfSpanFr gml:id="K2_4735511730_2-1">
<gml:timePosition>2013-12-10</gml:timePosition>
</lfSpanFr>
<devDate gml:id="K2_4735511730_2-2">
<gml:timePosition>2021-06-03</gml:timePosition>
</devDate>
<orgGILvl>25000</orgGILvl>
<vis>表示</vis>
<pos>
<gml:Point gml:id="K2_4735511730_2-g" srsName="fguuid:jgd2011.bl">
<gml:pos>32.590636389 131.542685556</gml:pos>
</gml:Point>
</pos>
<type>標高点（測点）</type>
<alti>69</alti>
</ElevPt>
<ElevPt gml:id="K2_4735511733_1">
<fid>47355-11733-i-29</fid>
<lfSpanFr gml:id="K2_4735511733_1-1">
<gml:timePosition>2020-08-12</gml:timePosition>
</lfSpanFr>
<devDate gml:id="K2_4735511733_1-2">
<gml:timePosition>2021-06-03</gml:timePosition>
</devDate>
<orgGILvl>25000</orgGILvl>
<vis>表示</vis>
<pos>
<gml:Point gml:id="K2_4735511733_1-g" srsName="fguuid:jgd2011.bl">
<gml:pos>32.599890833 131.543588889</gml:pos>
</gml:Point>
</pos>
<type>標高点（測点）</type>
<alti>448</alti>
</ElevPt>
<ElevPt gml:id="K2_4735511733_2">
<fid>47355-11733-i-30</fid>
<lfSpanFr gml:id="K2_4735511733_2-1">
<gml:timePosition>2020-08-12</gml:timePosition>
</lfSpanFr>
<devDate gml:id="K2_4735511733_2-2">
<gml:timePosition>2021-06-03</gml:timePosition>
</devDate>
<orgGILvl>25000</orgGILvl>
<vis>表示</vis>
<pos>
<gml:Point gml:id="K2_4735511733_2-g" srsName="fguuid:jgd2011.bl">
<gml:pos>32.598479167 131.547741111</gml:pos>
</gml:Point>
</pos>
<type>標高点（測点）</type>
<alti>461</alti>
</ElevPt>
<ElevPt gml:id="K2_4735511742_1">
<fid>47355-11742-i-67</fid>
<lfSpanFr gml:id="K2_4735511742_1-1">
<gml:timePosition>2020-08-12</gml:timePosition>
</lfSpanFr>
<devDate gml:id="K2_4735511742_1-2">
<gml:timePosition>2021-06-03</gml:timePosition>
</devDate>
<orgGILvl>25000</orgGILvl>
<vis>表示</vis>
<pos>
<gml:Point gml:id="K2_4735511742_1-g" srsName="fguuid:jgd2011.bl">
<gml:pos>32.623669444 131.542735278</gml:pos>
</gml:Point>
</pos>
<type>標高点（測点）</type>
<alti>302</alti>
</ElevPt>
<ElevPt gml:id="K2_4735511754_1">
<fid>47355-11754-i-34</fid>
<lfSpanFr gml:id="K2_4735511754_1-1">
<gml:timePosition>2020-08-12</gml:timePosition>
</lfSpanFr>
<devDate gml:id="K2_4735511754_1-2">
<gml:timePosition>2021-06-03</gml:timePosition>
</devDate>
<orgGILvl>25000</orgGILvl>
<vis>表示</vis>
<pos>
<gml:Point gml:id="K2_4735511754_1-g" srsName="fguuid:jgd2011.bl">
<gml:pos>32.656997222 131.542764167</gml:pos>
</gml:Point>
</pos>
<type>標高点（測点）</type>
<alti>537</alti>
</ElevPt>
<ElevPt gml:id="K2_4735511757_1">
<fid>47355-11757-i-3</fid>
<lfSpanFr gml:id="K2_4735511757_1-1">
<gml:timePosition>2013-12-10</gml:timePosition>
</lfSpanFr>
<devDate gml:id="K2_4735511757_1-2">
<gml:timePosition>2021-06-03</gml:timePosition>
</devDate>
<orgGILvl>25000</orgGILvl>
<vis>表示</vis>
<pos>
<gml:Point gml:id="K2_4735511757_1-g" srsName="fguuid:jgd2011.bl">
<gml:pos>32.665077222 131.545043611</gml:pos>
</gml:Point>
</pos>
<type>標高点（測点）</type>
<alti>292</alti>
</ElevPt>
<ElevPt gml:id="K2_4735811730_1">
<fid>47358-11730-i-1</fid>
<lfSpanFr gml:id="K2_4735811730_1-1">
<gml:timePosition>2013-12-10</gml:timePosition>
</lfSpanFr>
<devDate gml:id="K2_4735811730_1-2">
<gml:timePosition>2021-06-03</gml:timePosition>
</devDate>
<orgGILvl>25000</orgGILvl>
<vis>表示</vis>
<pos>
<gml:Point gml:id="K2_4735811730_1-g" srsName="fguuid:jgd2011.bl">
<gml:pos>32.589289167 131.557441667</gml:pos>
</gml:Point>
</pos>
<type>標高点（測点）</type>
<alti>311</alti>
</ElevPt>
<ElevPt gml:id="K2_4735811739_1">
<fid>47358-11739-i-110</fid>
<lfSpanFr gml:id="K2_4735811739_1-1">
<gml:timePosition>2020-08-12</gml:timePosition>
</lfSpanFr>
<devDate gml:id="K2_4735811739_1-2">
<gml:timePosition>2021-06-03</gml:timePosition>
</devDate>
<orgGILvl>25000</orgGILvl>
<vis>表示</vis>
<pos>
<gml:Point gml:id="K2_4735811739_1-g" srsName="fguuid:jgd2011.bl">
<gml:pos>32.613000278 131.550143611</gml:pos>
</gml:Point>
</pos>
<type>標高点（測点）</type>
<alti>240</alti>
</ElevPt>
<ElevPt gml:id="K2_4735811739_2">
<fid>47358-11739-i-111</fid>
<lfSpanFr gml:id="K2_4735811739_2-1">
<gml:timePosition>2020-08-12</gml:timePosition>
</lfSpanFr>
<devDate gml:id="K2_4735811739_2-2">
<gml:timePosition>2021-06-03</gml:timePosition>
</devDate>
<orgGILvl>25000</orgGILvl>
<vis>表示</vis>
<pos>
<gml:Point gml:id="K2_4735811739_2-g" srsName="fguuid:jgd2011.bl">
<gml:pos>32.610232500 131.556047500</gml:pos>
</gml:Point>
</pos>
<type>標高点（測点）</type>
<alti>116</alti>
</ElevPt>
<ElevPt gml:id="K2_4735811742_1">
<fid>47358-11742-i-1</fid>
<lfSpanFr gml:id="K2_4735811742_1-1">
<gml:timePosition>2013-12-10</gml:timePosition>
</lfSpanFr>
<devDate gml:id="K2_4735811742_1-2">
<gml:timePosition>2021-06-03</gml:timePosition>
</devDate>
<orgGILvl>25000</orgGILvl>
<vis>表示</vis>
<pos>
<gml:Point gml:id="K2_4735811742_1-g" srsName="fguuid:jgd2011.bl">
<gml:pos>32.621355000 131.553536944</gml:pos>
</gml:Point>
</pos>
<type>標高点（測点）</type>
<alti>278</alti>
</ElevPt>
<ElevPt gml:id="K2_4735811748_1">
<fid>47358-11748-i-41</fid>
<lfSpanFr gml:id="K2_4735811748_1-1">
<gml:timePosition>2020-08-12</gml:timePosition>
</lfSpanFr>
<devDate gml:id="K2_4735811748_1-2">
<gml:timePosition>2021-06-03</gml:timePosition>
</devDate>
<orgGILvl>25000</orgGILvl>
<vis>表示</vis>
<pos>
<gml:Point gml:id="K2_4735811748_1-g" srsName="fguuid:jgd2011.bl">
<gml:pos>32.639288611 131.550036667</gml:pos>
</gml:Point>
</pos>
<type>標高点（測点）</type>
<alti>178</alti>
</ElevPt>
<ElevPt gml:id="K2_4735811751_1">
<fid>47358-11751-i-4</fid>
<lfSpanFr gml:id="K2_4735811751_1-1">
<gml:timePosition>2013-12-10</gml:timePosition>
</lfSpanFr>
<devDate gml:id="K2_4735811751_1-2">
<gml:timePosition>2021-06-03</gml:timePosition>
</devDate>
<orgGILvl>25000</orgGILvl>
<vis>表示</vis>
<pos>
<gml:Point gml:id="K2_4735811751_1-g" srsName="fguuid:jgd2011.bl">
<gml:pos>32.649650833 131.551656111</gml:pos>
</gml:Point>
</pos>
<type>標高点（測点）</type>
<alti>190</alti>
</ElevPt>
<ElevPt gml:id="K2_4735811754_1">
<fid>47358-11754-i-1</fid>
<lfSpanFr gml:id="K2_4735811754_1-1">
<gml:timePosition>2013-12-10</gml:timePosition>
</lfSpanFr>
<devDate gml:id="K2_4735811754_1-2">
<gml:timePosition>2021-06-03</gml:timePosition>
</devDate>
<orgGILvl>25000</orgGILvl>
<vis>表示</vis>
<pos>
<gml:Point gml:id="K2_4735811754_1-g" srsName="fguuid:jgd2011.bl">
<gml:pos>32.655038333 131.552833056</gml:pos>
</gml:Point>
</pos>
<type>標高点（測点）</type>
<alti>422</alti>
</ElevPt>
<ElevPt gml:id="K2_4735811757_1">
<fid>47358-11757-i-3</fid>
<lfSpanFr gml:id="K2_4735811757_1-1">
<gml:timePosition>2013-12-10</gml:timePosition>
</lfSpanFr>
<devDate gml:id="K2_4735811757_1-2">
<gml:timePosition>2021-06-03</gml:timePosition>
</devDate>
<orgGILvl>25000</orgGILvl>
<vis>表示</vis>
<pos>
<gml:Point gml:id="K2_4735811757_1-g" srsName="fguuid:jgd2011.bl">
<gml:pos>32.659601111 131.553207222</gml:pos>
</gml:Point>
</pos>
<type>標高点（測点）</type>
<alti>573</alti>
</ElevPt>
<ElevPt gml:id="K2_4736111730_1">
<fid>47361-11730-i-1</fid>
<lfSpanFr gml:id="K2_4736111730_1-1">
<gml:timePosition>2013-12-10</gml:timePosition>
</lfSpanFr>
<devDate gml:id="K2_4736111730_1-2">
<gml:timePosition>2021-06-03</gml:timePosition>
</devDate>
<orgGILvl>25000</orgGILvl>
<vis>表示</vis>
<pos>
<gml:Point gml:id="K2_4736111730_1-g" srsName="fguuid:jgd2011.bl">
<gml:pos>32.591665278 131.566623333</gml:pos>
</gml:Point>
</pos>
<type>標高点（測点）</type>
<alti>121</alti>
</ElevPt>
<ElevPt gml:id="K2_4736111730_2">
<fid>47361-11730-i-2</fid>
<lfSpanFr gml:id="K2_4736111730_2-1">
<gml:timePosition>2013-12-10</gml:timePosition>
</lfSpanFr>
<devDate gml:id="K2_4736111730_2-2">
<gml:timePosition>2021-06-03</gml:timePosition>
</devDate>
<orgGILvl>25000</orgGILvl>
<vis>表示</vis>
<pos>
<gml:Point gml:id="K2_4736111730_2-g" srsName="fguuid:jgd2011.bl">
<gml:pos>32.586060278 131.559365278</gml:pos>
</gml:Point>
</pos>
<type>標高点（測点）</type>
<alti>315</alti>
</ElevPt>
<ElevPt gml:id="K2_4736111733_1">
<fid>47361-11733-i-34</fid>
<lfSpanFr gml:id="K2_4736111733_1-1">
<gml:timePosition>2020-08-12</gml:timePosition>
</lfSpanFr>
<devDate gml:id="K2_4736111733_1-2">
<gml:timePosition>2021-06-03</gml:timePosition>
</devDate>
<orgGILvl>25000</orgGILvl>
<vis>表示</vis>
<pos>
<gml:Point gml:id="K2_4736111733_1-g" srsName="fguuid:jgd2011.bl">
<gml:pos>32.597441944 131.558843333</gml:pos>
</gml:Point>
</pos>
<type>標高点（測点）</type>
<alti>288</alti>
</ElevPt>
<ElevPt gml:id="K2_4736111736_1">
<fid>47361-11736-i-77</fid>
<lfSpanFr gml:id="K2_4736111736_1-1">
<gml:timePosition>2020-08-12</gml:timePosition>
</lfSpanFr>
<devDate gml:id="K2_4736111736_1-2">
<gml:timePosition>2021-06-03</gml:timePosition>
</devDate>
<orgGILvl>25000</orgGILvl>
<vis>表示</vis>
<pos>
<gml:Point gml:id="K2_4736111736_1-g" srsName="fguuid:jgd2011.bl">
<gml:pos>32.606797222 131.564233056</gml:pos>
</gml:Point>
</pos>
<type>標高点（測点）</type>
<alti>104</alti>
</ElevPt>
<ElevPt gml:id="K2_4736111736_2">
<fid>47361-11736-i-78</fid>
<lfSpanFr gml:id="K2_4736111736_2-1">
<gml:timePosition>2020-08-12</gml:timePosition>
</lfSpanFr>
<devDate gml:id="K2_4736111736_2-2">
<gml:timePosition>2021-06-03</gml:timePosition>
</devDate>
<orgGILvl>25000</orgGILvl>
<vis>表示</vis>
<pos>
<gml:Point gml:id="K2_4736111736_2-g" srsName="fguuid:jgd2011.bl">
<gml:pos>32.605358611 131.558526389</gml:pos>
</gml:Point>
</pos>
<type>標高点（測点）</type>
<alti>179</alti>
</ElevPt>
<ElevPt gml:id="K2_4736111739_1">
<fid>47361-11739-i-2</fid>
<lfSpanFr gml:id="K2_4736111739_1-1">
<gml:timePosition>2013-12-10</gml:timePosition>
</lfSpanFr>
<devDate gml:id="K2_4736111739_1-2">
<gml:timePosition>2021-06-03</gml:timePosition>
</devDate>
<orgGILvl>25000</orgGILvl>
<vis>表示</vis>
<pos>
<gml:Point gml:id="K2_4736111739_1-g" srsName="fguuid:jgd2011.bl">
<gml:pos>32.614921389 131.561146111</gml:pos>
</gml:Point>
</pos>
<type>標高点（測点）</type>
<alti>252</alti>
</ElevPt>
<ElevPt gml:id="K2_4736111742_1">
<fid>47361-11742-i-1</fid>
<lfSpanFr gml:id="K2_4736111742_1-1">
<gml:timePosition>2013-12-10</gml:timePosition>
</lfSpanFr>
<devDate gml:id="K2_4736111742_1-2">
<gml:timePosition>2021-06-03</gml:timePosition>
</devDate>
<orgGILvl>25000</orgGILvl>
<vis>表示</vis>
<pos>
<gml:Point gml:id="K2_4736111742_1-g" srsName="fguuid:jgd2011.bl">
<gml:pos>32.621654444 131.562386111</gml:pos>
</gml:Point>
</pos>
<type>標高点（測点）</type>
<alti>398</alti>
</ElevPt>
<ElevPt gml:id="K2_4736111745_1">
<fid>47361-11745-i-1</fid>
<lfSpanFr gml:id="K2_4736111745_1-1">
<gml:timePosition>2013-12-10</gml:timePosition>
</lfSpanFr>
<devDate gml:id="K2_4736111745_1-2">
<gml:timePosition>2021-06-03</gml:timePosition>
</devDate>
<orgGILvl>25000</orgGILvl>
<vis>表示</vis>
<pos>
<gml:Point gml:id="K2_4736111745_1-g" srsName="fguuid:jgd2011.bl">
<gml:pos>32.629444167 131.558967222</gml:pos>
</gml:Point>
</pos>
<type>標高点（測点）</type>
<alti>644</alti>
</ElevPt>
<ElevPt gml:id="K2_4736111751_1">
<fid>47361-11751-i-1</fid>
<lfSpanFr gml:id="K2_4736111751_1-1">
<gml:timePosition>2013-12-10</gml:timePosition>
</lfSpanFr>
<devDate gml:id="K2_4736111751_1-2">
<gml:timePosition>2021-06-03</gml:timePosition>
</devDate>
<orgGILvl>25000</orgGILvl>
<vis>表示</vis>
<pos>
<gml:Point gml:id="K2_4736111751_1-g" srsName="fguuid:jgd2011.bl">
<gml:pos>32.643682222 131.558650000</gml:pos>
</gml:Point>
</pos>
<type>標高点（測点）</type>
<alti>476</alti>
</ElevPt>
<ElevPt gml:id="K2_4736111754_1">
<fid>47361-11754-i-1</fid>
<lfSpanFr gml:id="K2_4736111754_1-1">
<gml:timePosition>2013-12-10</gml:timePosition>
</lfSpanFr>
<devDate gml:id="K2_4736111754_1-2">
<gml:timePosition>2021-06-03</gml:timePosition>
</devDate>
<orgGILvl>25000</orgGILvl>
<vis>表示</vis>
<pos>
<gml:Point gml:id="K2_4736111754_1-g" srsName="fguuid:jgd2011.bl">
<gml:pos>32.652228611 131.562955556</gml:pos>
</gml:Point>
</pos>
<type>標高点（測点）</type>
<alti>401</alti>
</ElevPt>
<ElevPt gml:id="K2_4736111757_1">
<fid>47361-11757-i-1</fid>
<lfSpanFr gml:id="K2_4736111757_1-1">
<gml:timePosition>2013-12-10</gml:timePosition>
</lfSpanFr>
<devDate gml:id="K2_4736111757_1-2">
<gml:timePosition>2021-06-03</gml:timePosition>
</devDate>
<orgGILvl>25000</orgGILvl>
<vis>表示</vis>
<pos>
<gml:Point gml:id="K2_4736111757_1-g" srsName="fguuid:jgd2011.bl">
<gml:pos>32.659402222 131.560286389</gml:pos>
</gml:Point>
</pos>
<type>標高点（測点）</type>
<alti>514</alti>
</ElevPt>
<ElevPt gml:id="K2_4736411733_1">
<fid>47364-11733-i-1</fid>
<lfSpanFr gml:id="K2_4736411733_1-1">
<gml:timePosition>2013-12-10</gml:timePosition>
</lfSpanFr>
<devDate gml:id="K2_4736411733_1-2">
<gml:timePosition>2021-06-03</gml:timePosition>
</devDate>
<orgGILvl>25000</orgGILvl>
<vis>表示</vis>
<pos>
<gml:Point gml:id="K2_4736411733_1-g" srsName="fguuid:jgd2011.bl">
<gml:pos>32.595907222 131.567606389</gml:pos>
</gml:Point>
</pos>
<type>標高点（測点）</type>
<alti>78</alti>
</ElevPt>
<ElevPt gml:id="K2_4736411739_1">
<fid>47364-11739-i-4</fid>
<lfSpanFr gml:id="K2_4736411739_1-1">
<gml:timePosition>2013-12-10</gml:timePosition>
</lfSpanFr>
<devDate gml:id="K2_4736411739_1-2">
<gml:timePosition>2021-06-03</gml:timePosition>
</devDate>
<orgGILvl>25000</orgGILvl>
<vis>表示</vis>
<pos>
<gml:Point gml:id="K2_4736411739_1-g" srsName="fguuid:jgd2011.bl">
<gml:pos>32.616090278 131.570141389</gml:pos>
</gml:Point>
</pos>
<type>標高点（測点）</type>
<alti>301</alti>
</ElevPt>
<ElevPt gml:id="K2_4736411739_2">
<fid>47364-11739-i-5</fid>
<lfSpanFr gml:id="K2_4736411739_2-1">
<gml:timePosition>2013-12-10</gml:timePosition>
</lfSpanFr>
<devDate gml:id="K2_4736411739_2-2">
<gml:timePosition>2021-06-03</gml:timePosition>
</devDate>
<orgGILvl>25000</orgGILvl>
<vis>表示</vis>
<pos>
<gml:Point gml:id="K2_4736411739_2-g" srsName="fguuid:jgd2011.bl">
<gml:pos>32.608806389 131.568816667</gml:pos>
</gml:Point>
</pos>
<type>標高点（測点）</type>
<alti>272</alti>
</ElevPt>
<ElevPt gml:id="K2_4736411745_1">
<fid>47364-11745-i-14</fid>
<lfSpanFr gml:id="K2_4736411745_1-1">
<gml:timePosition>2020-08-12</gml:timePosition>
</lfSpanFr>
<devDate gml:id="K2_4736411745_1-2">
<gml:timePosition>2021-06-03</gml:timePosition>
</devDate>
<orgGILvl>25000</orgGILvl>
<vis>表示</vis>
<pos>
<gml:Point gml:id="K2_4736411745_1-g" srsName="fguuid:jgd2011.bl">
<gml:pos>32.630433056 131.569452222</gml:pos>
</gml:Point>
</pos>
<type>標高点（測点）</type>
<alti>823</alti>
</ElevPt>
<ElevPt gml:id="K2_4736411748_1">
<fid>47364-11748-i-1</fid>
<lfSpanFr gml:id="K2_4736411748_1-1">
<gml:timePosition>2013-12-10</gml:timePosition>
</lfSpanFr>
<devDate gml:id="K2_4736411748_1-2">
<gml:timePosition>2021-06-03</gml:timePosition>
</devDate>
<orgGILvl>25000</orgGILvl>
<vis>表示</vis>
<pos>
<gml:Point gml:id="K2_4736411748_1-g" srsName="fguuid:jgd2011.bl">
<gml:pos>32.641166667 131.568401111</gml:pos>
</gml:Point>
</pos>
<type>標高点（測点）</type>
<alti>703</alti>
</ElevPt>
<ElevPt gml:id="K2_4736411748_2">
<fid>47364-11748-i-2</fid>
<lfSpanFr gml:id="K2_4736411748_2-1">
<gml:timePosition>2013-12-10</gml:timePosition>
</lfSpanFr>
<devDate gml:id="K2_4736411748_2-2">
<gml:timePosition>2021-06-03</gml:timePosition>
</devDate>
<orgGILvl>25000</orgGILvl>
<vis>表示</vis>
<pos>
<gml:Point gml:id="K2_4736411748_2-g" srsName="fguuid:jgd2011.bl">
<gml:pos>32.635678056 131.570396389</gml:pos>
</gml:Point>
</pos>
<type>標高点（測点）</type>
<alti>718</alti>
</ElevPt>
<ElevPt gml:id="K2_4736411751_1">
<fid>47364-11751-i-1</fid>
<lfSpanFr gml:id="K2_4736411751_1-1">
<gml:timePosition>2013-12-10</gml:timePosition>
</lfSpanFr>
<devDate gml:id="K2_4736411751_1-2">
<gml:timePosition>2021-06-03</gml:timePosition>
</devDate>
<orgGILvl>25000</orgGILvl>
<vis>表示</vis>
<pos>
<gml:Point gml:id="K2_4736411751_1-g" srsName="fguuid:jgd2011.bl">
<gml:pos>32.641791667 131.573539722</gml:pos>
</gml:Point>
</pos>
<type>標高点（測点）</type>
<alti>703</alti>
</ElevPt>
<ElevPt gml:id="K2_4736411754_1">
<fid>47364-11754-i-20</fid>
<lfSpanFr gml:id="K2_4736411754_1-1">
<gml:timePosition>2020-08-12</gml:timePosition>
</lfSpanFr>
<devDate gml:id="K2_4736411754_1-2">
<gml:timePosition>2021-06-03</gml:timePosition>
</devDate>
<orgGILvl>25000</orgGILvl>
<vis>表示</vis>
<pos>
<gml:Point gml:id="K2_4736411754_1-g" srsName="fguuid:jgd2011.bl">
<gml:pos>32.652197778 131.573640000</gml:pos>
</gml:Point>
</pos>
<type>標高点（測点）</type>
<alti>500</alti>
</ElevPt>
<ElevPt gml:id="K2_4736411757_1">
<fid>47364-11757-i-1</fid>
<lfSpanFr gml:id="K2_4736411757_1-1">
<gml:timePosition>2013-12-10</gml:timePosition>
</lfSpanFr>
<devDate gml:id="K2_4736411757_1-2">
<gml:timePosition>2021-06-03</gml:timePosition>
</devDate>
<orgGILvl>25000</orgGILvl>
<vis>表示</vis>
<pos>
<gml:Point gml:id="K2_4736411757_1-g" srsName="fguuid:jgd2011.bl">
<gml:pos>32.659548056 131.568879444</gml:pos>
</gml:Point>
</pos>
<type>標高点（測点）</type>
<alti>476</alti>
</ElevPt>
<ElevPt gml:id="K2_4736411757_2">
<fid>47364-11757-i-2</fid>
<lfSpanFr gml:id="K2_4736411757_2-1">
<gml:timePosition>2013-12-10</gml:timePosition>
</lfSpanFr>
<devDate gml:id="K2_4736411757_2-2">
<gml:timePosition>2021-06-03</gml:timePosition>
</devDate>
<orgGILvl>25000</orgGILvl>
<vis>表示</vis>
<pos>
<gml:Point gml:id="K2_4736411757_2-g" srsName="fguuid:jgd2011.bl">
<gml:pos>32.666099722 131.566826944</gml:pos>
</gml:Point>
</pos>
<type>標高点（測点）</type>
<alti>694</alti>
</ElevPt>
<ElevPt gml:id="K2_4736711730_1">
<fid>47367-11730-i-40</fid>
<lfSpanFr gml:id="K2_4736711730_1-1">
<gml:timePosition>2020-06-30</gml:timePosition>
</lfSpanFr>
<devDate gml:id="K2_4736711730_1-2">
<gml:timePosition>2021-06-03</gml:timePosition>
</devDate>
<orgGILvl>25000</orgGILvl>
<vis>表示</vis>
<pos>
<gml:Point gml:id="K2_4736711730_1-g" srsName="fguuid:jgd2011.bl">
<gml:pos>32.585781667 131.582274444</gml:pos>
</gml:Point>
</pos>
<type>標高点（測点）</type>
<alti>157</alti>
</ElevPt>
<ElevPt gml:id="K2_4736711730_2">
<fid>47367-11730-i-41</fid>
<lfSpanFr gml:id="K2_4736711730_2-1">
<gml:timePosition>2020-06-30</gml:timePosition>
</lfSpanFr>
<devDate gml:id="K2_4736711730_2-2">
<gml:timePosition>2021-06-03</gml:timePosition>
</devDate>
<orgGILvl>25000</orgGILvl>
<vis>表示</vis>
<pos>
<gml:Point gml:id="K2_4736711730_2-g" srsName="fguuid:jgd2011.bl">
<gml:pos>32.591030000 131.575079167</gml:pos>
</gml:Point>
</pos>
<type>標高点（測点）</type>
<alti>260</alti>
</ElevPt>
<ElevPt gml:id="K2_4736711739_1">
<fid>47367-11739-i-43</fid>
<lfSpanFr gml:id="K2_4736711739_1-1">
<gml:timePosition>2020-08-12</gml:timePosition>
</lfSpanFr>
<devDate gml:id="K2_4736711739_1-2">
<gml:timePosition>2021-06-03</gml:timePosition>
</devDate>
<orgGILvl>25000</orgGILvl>
<vis>表示</vis>
<pos>
<gml:Point gml:id="K2_4736711739_1-g" srsName="fguuid:jgd2011.bl">
<gml:pos>32.608607222 131.581240000</gml:pos>
</gml:Point>
</pos>
<type>標高点（測点）</type>
<alti>162</alti>
</ElevPt>
<ElevPt gml:id="K2_4736711739_2">
<fid>47367-11739-i-44</fid>
<lfSpanFr gml:id="K2_4736711739_2-1">
<gml:timePosition>2020-08-12</gml:timePosition>
</lfSpanFr>
<devDate gml:id="K2_4736711739_2-2">
<gml:timePosition>2021-06-03</gml:timePosition>
</devDate>
<orgGILvl>25000</orgGILvl>
<vis>表示</vis>
<pos>
<gml:Point gml:id="K2_4736711739_2-g" srsName="fguuid:jgd2011.bl">
<gml:pos>32.615378333 131.581920833</gml:pos>
</gml:Point>
</pos>
<type>標高点（測点）</type>
<alti>231</alti>
</ElevPt>
<ElevPt gml:id="K2_4736711742_1">
<fid>47367-11742-i-83</fid>
<lfSpanFr gml:id="K2_4736711742_1-1">
<gml:timePosition>2020-08-12</gml:timePosition>
</lfSpanFr>
<devDate gml:id="K2_4736711742_1-2">
<gml:timePosition>2021-06-03</gml:timePosition>
</devDate>
<orgGILvl>25000</orgGILvl>
<vis>表示</vis>
<pos>
<gml:Point gml:id="K2_4736711742_1-g" srsName="fguuid:jgd2011.bl">
<gml:pos>32.617435833 131.575658889</gml:pos>
</gml:Point>
</pos>
<type>標高点（測点）</type>
<alti>236</alti>
</ElevPt>
<ElevPt gml:id="K2_4736711745_1">
<fid>47367-11745-i-34</fid>
<lfSpanFr gml:id="K2_4736711745_1-1">
<gml:timePosition>2020-08-12</gml:timePosition>
</lfSpanFr>
<devDate gml:id="K2_4736711745_1-2">
<gml:timePosition>2021-06-03</gml:timePosition>
</devDate>
<orgGILvl>25000</orgGILvl>
<vis>表示</vis>
<pos>
<gml:Point gml:id="K2_4736711745_1-g" srsName="fguuid:jgd2011.bl">
<gml:pos>32.626154444 131.580921667</gml:pos>
</gml:Point>
</pos>
<type>標高点（測点）</type>
<alti>661</alti>
</ElevPt>
<ElevPt gml:id="K2_4736711748_1">
<fid>47367-11748-i-4</fid>
<lfSpanFr gml:id="K2_4736711748_1-1">
<gml:timePosition>2013-12-10</gml:timePosition>
</lfSpanFr>
<devDate gml:id="K2_4736711748_1-2">
<gml:timePosition>2021-06-03</gml:timePosition>
</devDate>
<orgGILvl>25000</orgGILvl>
<vis>表示</vis>
<pos>
<gml:Point gml:id="K2_4736711748_1-g" srsName="fguuid:jgd2011.bl">
<gml:pos>32.638470833 131.579856667</gml:pos>
</gml:Point>
</pos>
<type>標高点（測点）</type>
<alti>751</alti>
</ElevPt>
<ElevPt gml:id="K2_4736711751_1">
<fid>47367-11751-i-1</fid>
<lfSpanFr gml:id="K2_4736711751_1-1">
<gml:timePosition>2013-12-10</gml:timePosition>
</lfSpanFr>
<devDate gml:id="K2_4736711751_1-2">
<gml:timePosition>2021-06-03</gml:timePosition>
</devDate>
<orgGILvl>25000</orgGILvl>
<vis>表示</vis>
<pos>
<gml:Point gml:id="K2_4736711751_1-g" srsName="fguuid:jgd2011.bl">
<gml:pos>32.644230833 131.579951667</gml:pos>
</gml:Point>
</pos>
<type>標高点（測点）</type>
<alti>702</alti>
</ElevPt>
<ElevPt gml:id="K2_4736711754_1">
<fid>47367-11754-i-1</fid>
<lfSpanFr gml:id="K2_4736711754_1-1">
<gml:timePosition>2013-12-10</gml:timePosition>
</lfSpanFr>
<devDate gml:id="K2_4736711754_1-2">
<gml:timePosition>2021-06-03</gml:timePosition>
</devDate>
<orgGILvl>25000</orgGILvl>
<vis>表示</vis>
<pos>
<gml:Point gml:id="K2_4736711754_1-g" srsName="fguuid:jgd2011.bl">
<gml:pos>32.656060556 131.578248889</gml:pos>
</gml:Point>
</pos>
<type>標高点（測点）</type>
<alti>517</alti>
</ElevPt>
<ElevPt gml:id="K2_4736711757_1">
<fid>47367-11757-i-1</fid>
<lfSpanFr gml:id="K2_4736711757_1-1">
<gml:timePosition>2013-12-10</gml:timePosition>
</lfSpanFr>
<devDate gml:id="K2_4736711757_1-2">
<gml:timePosition>2021-06-03</gml:timePosition>
</devDate>
<orgGILvl>25000</orgGILvl>
<vis>表示</vis>
<pos>
<gml:Point gml:id="K2_4736711757_1-g" srsName="fguuid:jgd2011.bl">
<gml:pos>32.660344444 131.576734722</gml:pos>
</gml:Point>
</pos>
<type>標高点（測点）</type>
<alti>531</alti>
</ElevPt>
<ElevPt gml:id="K2_4737011730_1">
<fid>47370-11730-i-191</fid>
<lfSpanFr gml:id="K2_4737011730_1-1">
<gml:timePosition>2020-06-30</gml:timePosition>
</lfSpanFr>
<devDate gml:id="K2_4737011730_1-2">
<gml:timePosition>2021-06-03</gml:timePosition>
</devDate>
<orgGILvl>25000</orgGILvl>
<vis>非表示</vis>
<pos>
<gml:Point gml:id="K2_4737011730_1-g" srsName="fguuid:jgd2011.bl">
<gml:pos>32.589770483 131.587715277</gml:pos>
</gml:Point>
</pos>
<type>標高点（測点）</type>
<alti>40</alti>
</ElevPt>
<ElevPt gml:id="K2_4737011733_1">
<fid>47370-11733-i-56</fid>
<lfSpanFr gml:id="K2_4737011733_1-1">
<gml:timePosition>2020-06-30</gml:timePosition>
</lfSpanFr>
<devDate gml:id="K2_4737011733_1-2">
<gml:timePosition>2021-06-03</gml:timePosition>
</devDate>
<orgGILvl>25000</orgGILvl>
<vis>表示</vis>
<pos>
<gml:Point gml:id="K2_4737011733_1-g" srsName="fguuid:jgd2011.bl">
<gml:pos>32.595943056 131.590609444</gml:pos>
</gml:Point>
</pos>
<type>標高点（測点）</type>
<alti>206</alti>
</ElevPt>
<ElevPt gml:id="K2_4737011733_2">
<fid>47370-11733-i-57</fid>
<lfSpanFr gml:id="K2_4737011733_2-1">
<gml:timePosition>2020-06-30</gml:timePosition>
</lfSpanFr>
<devDate gml:id="K2_4737011733_2-2">
<gml:timePosition>2021-06-03</gml:timePosition>
</devDate>
<orgGILvl>25000</orgGILvl>
<vis>表示</vis>
<pos>
<gml:Point gml:id="K2_4737011733_2-g" srsName="fguuid:jgd2011.bl">
<gml:pos>32.597005000 131.585446389</gml:pos>
</gml:Point>
</pos>
<type>標高点（測点）</type>
<alti>46</alti>
</ElevPt>
<ElevPt gml:id="K2_4737011736_1">
<fid>47370-11736-i-55</fid>
<lfSpanFr gml:id="K2_4737011736_1-1">
<gml:timePosition>2020-06-30</gml:timePosition>
</lfSpanFr>
<devDate gml:id="K2_4737011736_1-2">
<gml:timePosition>2021-06-03</gml:timePosition>
</devDate>
<orgGILvl>25000</orgGILvl>
<vis>表示</vis>
<pos>
<gml:Point gml:id="K2_4737011736_1-g" srsName="fguuid:jgd2011.bl">
<gml:pos>32.602428333 131.587058056</gml:pos>
</gml:Point>
</pos>
<type>標高点（測点）</type>
<alti>156</alti>
</ElevPt>
<ElevPt gml:id="K2_4737011742_1">
<fid>47370-11742-i-1</fid>
<lfSpanFr gml:id="K2_4737011742_1-1">
<gml:timePosition>2013-12-10</gml:timePosition>
</lfSpanFr>
<devDate gml:id="K2_4737011742_1-2">
<gml:timePosition>2021-06-03</gml:timePosition>
</devDate>
<orgGILvl>25000</orgGILvl>
<vis>表示</vis>
<pos>
<gml:Point gml:id="K2_4737011742_1-g" srsName="fguuid:jgd2011.bl">
<gml:pos>32.617447778 131.586718333</gml:pos>
</gml:Point>
</pos>
<type>標高点（測点）</type>
<alti>267</alti>
</ElevPt>
<ElevPt gml:id="K2_4737011745_1">
<fid>47370-11745-i-8</fid>
<lfSpanFr gml:id="K2_4737011745_1-1">
<gml:timePosition>2013-12-10</gml:timePosition>
</lfSpanFr>
<devDate gml:id="K2_4737011745_1-2">
<gml:timePosition>2021-06-03</gml:timePosition>
</devDate>
<orgGILvl>25000</orgGILvl>
<vis>表示</vis>
<pos>
<gml:Point gml:id="K2_4737011745_1-g" srsName="fguuid:jgd2011.bl">
<gml:pos>32.629476667 131.587988056</gml:pos>
</gml:Point>
</pos>
<type>標高点（測点）</type>
<alti>809</alti>
</ElevPt>
<ElevPt gml:id="K2_4737011748_1">
<fid>47370-11748-i-4</fid>
<lfSpanFr gml:id="K2_4737011748_1-1">
<gml:timePosition>2013-12-10</gml:timePosition>
</lfSpanFr>
<devDate gml:id="K2_4737011748_1-2">
<gml:timePosition>2021-06-03</gml:timePosition>
</devDate>
<orgGILvl>25000</orgGILvl>
<vis>表示</vis>
<pos>
<gml:Point gml:id="K2_4737011748_1-g" srsName="fguuid:jgd2011.bl">
<gml:pos>32.635195556 131.584752500</gml:pos>
</gml:Point>
</pos>
<type>標高点（測点）</type>
<alti>726</alti>
</ElevPt>
<ElevPt gml:id="K2_4737011751_1">
<fid>47370-11751-i-1</fid>
<lfSpanFr gml:id="K2_4737011751_1-1">
<gml:timePosition>2013-12-10</gml:timePosition>
</lfSpanFr>
<devDate gml:id="K2_4737011751_1-2">
<gml:timePosition>2021-06-03</gml:timePosition>
</devDate>
<orgGILvl>25000</orgGILvl>
<vis>表示</vis>
<pos>
<gml:Point gml:id="K2_4737011751_1-g" srsName="fguuid:jgd2011.bl">
<gml:pos>32.646810278 131.590016944</gml:pos>
</gml:Point>
</pos>
<type>標高点（測点）</type>
<alti>623</alti>
</ElevPt>
<ElevPt gml:id="K2_4737011754_1">
<fid>47370-11754-i-2</fid>
<lfSpanFr gml:id="K2_4737011754_1-1">
<gml:timePosition>2013-12-10</gml:timePosition>
</lfSpanFr>
<devDate gml:id="K2_4737011754_1-2">
<gml:timePosition>2021-06-03</gml:timePosition>
</devDate>
<orgGILvl>25000</orgGILvl>
<vis>表示</vis>
<pos>
<gml:Point gml:id="K2_4737011754_1-g" srsName="fguuid:jgd2011.bl">
<gml:pos>32.655543056 131.589298889</gml:pos>
</gml:Point>
</pos>
<type>標高点（測点）</type>
<alti>545</alti>
</ElevPt>
<ElevPt gml:id="K2_4737011757_1">
<fid>47370-11757-i-4</fid>
<lfSpanFr gml:id="K2_4737011757_1-1">
<gml:timePosition>2013-12-10</gml:timePosition>
</lfSpanFr>
<devDate gml:id="K2_4737011757_1-2">
<gml:timePosition>2021-06-03</gml:timePosition>
</devDate>
<orgGILvl>25000</orgGILvl>
<vis>表示</vis>
<pos>
<gml:Point gml:id="K2_4737011757_1-g" srsName="fguuid:jgd2011.bl">
<gml:pos>32.662451667 131.586653056</gml:pos>
</gml:Point>
</pos>
<type>標高点（測点）</type>
<alti>636</alti>
</ElevPt>
<ElevPt gml:id="K2_4737311730_1">
<fid>47373-11730-i-96</fid>
<lfSpanFr gml:id="K2_4737311730_1-1">
<gml:timePosition>2020-06-30</gml:timePosition>
</lfSpanFr>
<devDate gml:id="K2_4737311730_1-2">
<gml:timePosition>2021-06-03</gml:timePosition>
</devDate>
<orgGILvl>25000</orgGILvl>
<vis>表示</vis>
<pos>
<gml:Point gml:id="K2_4737311730_1-g" srsName="fguuid:jgd2011.bl">
<gml:pos>32.585639722 131.599576667</gml:pos>
</gml:Point>
</pos>
<type>標高点（測点）</type>
<alti>128</alti>
</ElevPt>
<ElevPt gml:id="K2_4737311733_1">
<fid>47373-11733-i-38</fid>
<lfSpanFr gml:id="K2_4737311733_1-1">
<gml:timePosition>2020-06-30</gml:timePosition>
</lfSpanFr>
<devDate gml:id="K2_4737311733_1-2">
<gml:timePosition>2021-06-03</gml:timePosition>
</devDate>
<orgGILvl>25000</orgGILvl>
<vis>表示</vis>
<pos>
<gml:Point gml:id="K2_4737311733_1-g" srsName="fguuid:jgd2011.bl">
<gml:pos>32.592533333 131.597478889</gml:pos>
</gml:Point>
</pos>
<type>標高点（測点）</type>
<alti>148</alti>
</ElevPt>
<ElevPt gml:id="K2_4737311736_1">
<fid>47373-11736-i-17</fid>
<lfSpanFr gml:id="K2_4737311736_1-1">
<gml:timePosition>2020-06-30</gml:timePosition>
</lfSpanFr>
<devDate gml:id="K2_4737311736_1-2">
<gml:timePosition>2021-06-03</gml:timePosition>
</devDate>
<orgGILvl>25000</orgGILvl>
<vis>表示</vis>
<pos>
<gml:Point gml:id="K2_4737311736_1-g" srsName="fguuid:jgd2011.bl">
<gml:pos>32.601007500 131.598259167</gml:pos>
</gml:Point>
</pos>
<type>標高点（測点）</type>
<alti>298</alti>
</ElevPt>
<ElevPt gml:id="K2_4737311739_1">
<fid>47373-11739-i-1</fid>
<lfSpanFr gml:id="K2_4737311739_1-1">
<gml:timePosition>2013-12-10</gml:timePosition>
</lfSpanFr>
<devDate gml:id="K2_4737311739_1-2">
<gml:timePosition>2021-06-03</gml:timePosition>
</devDate>
<orgGILvl>25000</orgGILvl>
<vis>表示</vis>
<pos>
<gml:Point gml:id="K2_4737311739_1-g" srsName="fguuid:jgd2011.bl">
<gml:pos>32.608715278 131.592795000</gml:pos>
</gml:Point>
</pos>
<type>標高点（測点）</type>
<alti>316</alti>
</ElevPt>
<ElevPt gml:id="K2_4737311742_1">
<fid>47373-11742-i-3</fid>
<lfSpanFr gml:id="K2_4737311742_1-1">
<gml:timePosition>2013-12-10</gml:timePosition>
</lfSpanFr>
<devDate gml:id="K2_4737311742_1-2">
<gml:timePosition>2021-06-03</gml:timePosition>
</devDate>
<orgGILvl>25000</orgGILvl>
<vis>表示</vis>
<pos>
<gml:Point gml:id="K2_4737311742_1-g" srsName="fguuid:jgd2011.bl">
<gml:pos>32.617226111 131.596655833</gml:pos>
</gml:Point>
</pos>
<type>標高点（測点）</type>
<alti>318</alti>
</ElevPt>
<ElevPt gml:id="K2_4737311742_2">
<fid>47373-11742-i-4</fid>
<lfSpanFr gml:id="K2_4737311742_2-1">
<gml:timePosition>2013-12-10</gml:timePosition>
</lfSpanFr>
<devDate gml:id="K2_4737311742_2-2">
<gml:timePosition>2021-06-03</gml:timePosition>
</devDate>
<orgGILvl>25000</orgGILvl>
<vis>表示</vis>
<pos>
<gml:Point gml:id="K2_4737311742_2-g" srsName="fguuid:jgd2011.bl">
<gml:pos>32.622256111 131.591714167</gml:pos>
</gml:Point>
</pos>
<type>標高点（測点）</type>
<alti>364</alti>
</ElevPt>
<ElevPt gml:id="K2_4737311745_1">
<fid>47373-11745-i-3</fid>
<lfSpanFr gml:id="K2_4737311745_1-1">
<gml:timePosition>2013-12-10</gml:timePosition>
</lfSpanFr>
<devDate gml:id="K2_4737311745_1-2">
<gml:timePosition>2021-06-03</gml:timePosition>
</devDate>
<orgGILvl>25000</orgGILvl>
<vis>表示</vis>
<pos>
<gml:Point gml:id="K2_4737311745_1-g" srsName="fguuid:jgd2011.bl">
<gml:pos>32.630517778 131.594828056</gml:pos>
</gml:Point>
</pos>
<type>標高点（測点）</type>
<alti>718</alti>
</ElevPt>
<ElevPt gml:id="K2_4737311748_1">
<fid>47373-11748-i-4</fid>
<lfSpanFr gml:id="K2_4737311748_1-1">
<gml:timePosition>2013-12-10</gml:timePosition>
</lfSpanFr>
<devDate gml:id="K2_4737311748_1-2">
<gml:timePosition>2021-06-03</gml:timePosition>
</devDate>
<orgGILvl>25000</orgGILvl>
<vis>表示</vis>
<pos>
<gml:Point gml:id="K2_4737311748_1-g" srsName="fguuid:jgd2011.bl">
<gml:pos>32.637665833 131.593769722</gml:pos>
</gml:Point>
</pos>
<type>標高点（測点）</type>
<alti>435</alti>
</ElevPt>
<ElevPt gml:id="K2_4737311757_1">
<fid>47373-11757-i-4</fid>
<lfSpanFr gml:id="K2_4737311757_1-1">
<gml:timePosition>2013-12-10</gml:timePosition>
</lfSpanFr>
<devDate gml:id="K2_4737311757_1-2">
<gml:timePosition>2021-06-03</gml:timePosition>
</devDate>
<orgGILvl>25000</orgGILvl>
<vis>表示</vis>
<pos>
<gml:Point gml:id="K2_4737311757_1-g" srsName="fguuid:jgd2011.bl">
<gml:pos>32.665941389 131.592699722</gml:pos>
</gml:Point>
</pos>
<type>標高点（測点）</type>
<alti>567</alti>
</ElevPt>
<ElevPt gml:id="K2_4737611733_1">
<fid>47376-11733-i-30</fid>
<lfSpanFr gml:id="K2_4737611733_1-1">
<gml:timePosition>2020-06-30</gml:timePosition>
</lfSpanFr>
<devDate gml:id="K2_4737611733_1-2">
<gml:timePosition>2021-06-03</gml:timePosition>
</devDate>
<orgGILvl>25000</orgGILvl>
<vis>表示</vis>
<pos>
<gml:Point gml:id="K2_4737611733_1-g" srsName="fguuid:jgd2011.bl">
<gml:pos>32.593511111 131.605545000</gml:pos>
</gml:Point>
</pos>
<type>標高点（測点）</type>
<alti>155</alti>
</ElevPt>
<ElevPt gml:id="K2_4737611736_1">
<fid>47376-11736-i-9</fid>
<lfSpanFr gml:id="K2_4737611736_1-1">
<gml:timePosition>2020-06-30</gml:timePosition>
</lfSpanFr>
<devDate gml:id="K2_4737611736_1-2">
<gml:timePosition>2021-06-03</gml:timePosition>
</devDate>
<orgGILvl>25000</orgGILvl>
<vis>表示</vis>
<pos>
<gml:Point gml:id="K2_4737611736_1-g" srsName="fguuid:jgd2011.bl">
<gml:pos>32.606681111 131.600841944</gml:pos>
</gml:Point>
</pos>
<type>標高点（測点）</type>
<alti>366</alti>
</ElevPt>
<ElevPt gml:id="K2_4737611742_1">
<fid>47376-11742-i-53</fid>
<lfSpanFr gml:id="K2_4737611742_1-1">
<gml:timePosition>2020-08-12</gml:timePosition>
</lfSpanFr>
<devDate gml:id="K2_4737611742_1-2">
<gml:timePosition>2021-06-03</gml:timePosition>
</devDate>
<orgGILvl>25000</orgGILvl>
<vis>表示</vis>
<pos>
<gml:Point gml:id="K2_4737611742_1-g" srsName="fguuid:jgd2011.bl">
<gml:pos>32.620921111 131.600713056</gml:pos>
</gml:Point>
</pos>
<type>標高点（測点）</type>
<alti>214</alti>
</ElevPt>
<ElevPt gml:id="K2_4737611745_1">
<fid>47376-11745-i-1</fid>
<lfSpanFr gml:id="K2_4737611745_1-1">
<gml:timePosition>2013-12-10</gml:timePosition>
</lfSpanFr>
<devDate gml:id="K2_4737611745_1-2">
<gml:timePosition>2021-06-03</gml:timePosition>
</devDate>
<orgGILvl>25000</orgGILvl>
<vis>表示</vis>
<pos>
<gml:Point gml:id="K2_4737611745_1-g" srsName="fguuid:jgd2011.bl">
<gml:pos>32.632162778 131.603404722</gml:pos>
</gml:Point>
</pos>
<type>標高点（測点）</type>
<alti>664</alti>
</ElevPt>
<ElevPt gml:id="K2_4737611748_1">
<fid>47376-11748-i-4</fid>
<lfSpanFr gml:id="K2_4737611748_1-1">
<gml:timePosition>2013-12-10</gml:timePosition>
</lfSpanFr>
<devDate gml:id="K2_4737611748_1-2">
<gml:timePosition>2021-06-03</gml:timePosition>
</devDate>
<orgGILvl>25000</orgGILvl>
<vis>表示</vis>
<pos>
<gml:Point gml:id="K2_4737611748_1-g" srsName="fguuid:jgd2011.bl">
<gml:pos>32.638355278 131.602724722</gml:pos>
</gml:Point>
</pos>
<type>標高点（測点）</type>
<alti>479</alti>
</ElevPt>
<ElevPt gml:id="K2_4737611751_1">
<fid>47376-11751-i-1</fid>
<lfSpanFr gml:id="K2_4737611751_1-1">
<gml:timePosition>2013-12-10</gml:timePosition>
</lfSpanFr>
<devDate gml:id="K2_4737611751_1-2">
<gml:timePosition>2021-06-03</gml:timePosition>
</devDate>
<orgGILvl>25000</orgGILvl>
<vis>表示</vis>
<pos>
<gml:Point gml:id="K2_4737611751_1-g" srsName="fguuid:jgd2011.bl">
<gml:pos>32.645492778 131.601715000</gml:pos>
</gml:Point>
</pos>
<type>標高点（測点）</type>
<alti>218</alti>
</ElevPt>
<ElevPt gml:id="K2_4737611754_1">
<fid>47376-11754-i-1</fid>
<lfSpanFr gml:id="K2_4737611754_1-1">
<gml:timePosition>2013-12-10</gml:timePosition>
</lfSpanFr>
<devDate gml:id="K2_4737611754_1-2">
<gml:timePosition>2021-06-03</gml:timePosition>
</devDate>
<orgGILvl>25000</orgGILvl>
<vis>表示</vis>
<pos>
<gml:Point gml:id="K2_4737611754_1-g" srsName="fguuid:jgd2011.bl">
<gml:pos>32.650069444 131.604054167</gml:pos>
</gml:Point>
</pos>
<type>標高点（測点）</type>
<alti>596</alti>
</ElevPt>
<ElevPt gml:id="K2_4737611757_1">
<fid>47376-11757-i-22</fid>
<lfSpanFr gml:id="K2_4737611757_1-1">
<gml:timePosition>2020-08-12</gml:timePosition>
</lfSpanFr>
<devDate gml:id="K2_4737611757_1-2">
<gml:timePosition>2021-06-03</gml:timePosition>
</devDate>
<orgGILvl>25000</orgGILvl>
<vis>表示</vis>
<pos>
<gml:Point gml:id="K2_4737611757_1-g" srsName="fguuid:jgd2011.bl">
<gml:pos>32.661776944 131.600425000</gml:pos>
</gml:Point>
</pos>
<type>標高点（測点）</type>
<alti>382</alti>
</ElevPt>
<ElevPt gml:id="K2_4737911733_1">
<fid>47379-11733-i-22</fid>
<lfSpanFr gml:id="K2_4737911733_1-1">
<gml:timePosition>2020-06-30</gml:timePosition>
</lfSpanFr>
<devDate gml:id="K2_4737911733_1-2">
<gml:timePosition>2021-06-03</gml:timePosition>
</devDate>
<orgGILvl>25000</orgGILvl>
<vis>表示</vis>
<pos>
<gml:Point gml:id="K2_4737911733_1-g" srsName="fguuid:jgd2011.bl">
<gml:pos>32.596876389 131.614756389</gml:pos>
</gml:Point>
</pos>
<type>標高点（測点）</type>
<alti>309</alti>
</ElevPt>
<ElevPt gml:id="K2_4737911736_1">
<fid>47379-11736-i-17</fid>
<lfSpanFr gml:id="K2_4737911736_1-1">
<gml:timePosition>2020-06-30</gml:timePosition>
</lfSpanFr>
<devDate gml:id="K2_4737911736_1-2">
<gml:timePosition>2021-06-03</gml:timePosition>
</devDate>
<orgGILvl>25000</orgGILvl>
<vis>表示</vis>
<pos>
<gml:Point gml:id="K2_4737911736_1-g" srsName="fguuid:jgd2011.bl">
<gml:pos>32.605524444 131.613985556</gml:pos>
</gml:Point>
</pos>
<type>標高点（測点）</type>
<alti>211</alti>
</ElevPt>
<ElevPt gml:id="K2_4737911742_1">
<fid>47379-11742-i-38</fid>
<lfSpanFr gml:id="K2_4737911742_1-1">
<gml:timePosition>2020-08-12</gml:timePosition>
</lfSpanFr>
<devDate gml:id="K2_4737911742_1-2">
<gml:timePosition>2021-06-03</gml:timePosition>
</devDate>
<orgGILvl>25000</orgGILvl>
<vis>表示</vis>
<pos>
<gml:Point gml:id="K2_4737911742_1-g" srsName="fguuid:jgd2011.bl">
<gml:pos>32.622628611 131.609553611</gml:pos>
</gml:Point>
</pos>
<type>標高点（測点）</type>
<alti>236</alti>
</ElevPt>
<ElevPt gml:id="K2_4737911742_2">
<fid>47379-11742-i-39</fid>
<lfSpanFr gml:id="K2_4737911742_2-1">
<gml:timePosition>2020-08-12</gml:timePosition>
</lfSpanFr>
<devDate gml:id="K2_4737911742_2-2">
<gml:timePosition>2021-06-03</gml:timePosition>
</devDate>
<orgGILvl>25000</orgGILvl>
<vis>表示</vis>
<pos>
<gml:Point gml:id="K2_4737911742_2-g" srsName="fguuid:jgd2011.bl">
<gml:pos>32.617302500 131.614512778</gml:pos>
</gml:Point>
</pos>
<type>標高点（測点）</type>
<alti>28</alti>
</ElevPt>
<ElevPt gml:id="K2_4737911745_1">
<fid>47379-11745-i-1</fid>
<lfSpanFr gml:id="K2_4737911745_1-1">
<gml:timePosition>2013-12-10</gml:timePosition>
</lfSpanFr>
<devDate gml:id="K2_4737911745_1-2">
<gml:timePosition>2021-06-03</gml:timePosition>
</devDate>
<orgGILvl>25000</orgGILvl>
<vis>表示</vis>
<pos>
<gml:Point gml:id="K2_4737911745_1-g" srsName="fguuid:jgd2011.bl">
<gml:pos>32.633216389 131.613761111</gml:pos>
</gml:Point>
</pos>
<type>標高点（測点）</type>
<alti>313</alti>
</ElevPt>
<ElevPt gml:id="K2_4737911751_1">
<fid>47379-11751-i-25</fid>
<lfSpanFr gml:id="K2_4737911751_1-1">
<gml:timePosition>2020-08-12</gml:timePosition>
</lfSpanFr>
<devDate gml:id="K2_4737911751_1-2">
<gml:timePosition>2021-06-03</gml:timePosition>
</devDate>
<orgGILvl>25000</orgGILvl>
<vis>表示</vis>
<pos>
<gml:Point gml:id="K2_4737911751_1-g" srsName="fguuid:jgd2011.bl">
<gml:pos>32.648360000 131.615180000</gml:pos>
</gml:Point>
</pos>
<type>標高点（測点）</type>
<alti>245</alti>
</ElevPt>
<ElevPt gml:id="K2_4737911754_1">
<fid>47379-11754-i-20</fid>
<lfSpanFr gml:id="K2_4737911754_1-1">
<gml:timePosition>2020-08-12</gml:timePosition>
</lfSpanFr>
<devDate gml:id="K2_4737911754_1-2">
<gml:timePosition>2021-06-03</gml:timePosition>
</devDate>
<orgGILvl>25000</orgGILvl>
<vis>表示</vis>
<pos>
<gml:Point gml:id="K2_4737911754_1-g" srsName="fguuid:jgd2011.bl">
<gml:pos>32.650498333 131.609166667</gml:pos>
</gml:Point>
</pos>
<type>標高点（測点）</type>
<alti>492</alti>
</ElevPt>
<ElevPt gml:id="K2_4737911757_1">
<fid>47379-11757-i-1</fid>
<lfSpanFr gml:id="K2_4737911757_1-1">
<gml:timePosition>2013-12-10</gml:timePosition>
</lfSpanFr>
<devDate gml:id="K2_4737911757_1-2">
<gml:timePosition>2021-06-03</gml:timePosition>
</devDate>
<orgGILvl>25000</orgGILvl>
<vis>表示</vis>
<pos>
<gml:Point gml:id="K2_4737911757_1-g" srsName="fguuid:jgd2011.bl">
<gml:pos>32.660305000 131.609161111</gml:pos>
</gml:Point>
</pos>
<type>標高点（測点）</type>
<alti>428</alti>
</ElevPt>
<ElevPt gml:id="K2_4738211739_1">
<fid>47382-11739-i-74</fid>
<lfSpanFr gml:id="K2_4738211739_1-1">
<gml:timePosition>2020-06-30</gml:timePosition>
</lfSpanFr>
<devDate gml:id="K2_4738211739_1-2">
<gml:timePosition>2021-06-03</gml:timePosition>
</devDate>
<orgGILvl>25000</orgGILvl>
<vis>表示</vis>
<pos>
<gml:Point gml:id="K2_4738211739_1-g" srsName="fguuid:jgd2011.bl">
<gml:pos>32.610681389 131.624345556</gml:pos>
</gml:Point>
</pos>
<type>標高点（測点）</type>
<alti>132</alti>
</ElevPt>
<ElevPt gml:id="K2_4738211739_2">
<fid>47382-11739-i-75</fid>
<lfSpanFr gml:id="K2_4738211739_2-1">
<gml:timePosition>2020-06-30</gml:timePosition>
</lfSpanFr>
<devDate gml:id="K2_4738211739_2-2">
<gml:timePosition>2021-06-03</gml:timePosition>
</devDate>
<orgGILvl>25000</orgGILvl>
<vis>表示</vis>
<pos>
<gml:Point gml:id="K2_4738211739_2-g" srsName="fguuid:jgd2011.bl">
<gml:pos>32.609809167 131.621680000</gml:pos>
</gml:Point>
</pos>
<type>標高点（測点）</type>
<alti>146</alti>
</ElevPt>
<ElevPt gml:id="K2_4738211742_1">
<fid>47382-11742-i-119</fid>
<lfSpanFr gml:id="K2_4738211742_1-1">
<gml:timePosition>2020-06-30</gml:timePosition>
</lfSpanFr>
<devDate gml:id="K2_4738211742_1-2">
<gml:timePosition>2021-06-03</gml:timePosition>
</devDate>
<orgGILvl>25000</orgGILvl>
<vis>表示</vis>
<pos>
<gml:Point gml:id="K2_4738211742_1-g" srsName="fguuid:jgd2011.bl">
<gml:pos>32.619594722 131.617413056</gml:pos>
</gml:Point>
</pos>
<type>標高点（測点）</type>
<alti>174</alti>
</ElevPt>
<ElevPt gml:id="K2_4738211748_1">
<fid>47382-11748-i-2</fid>
<lfSpanFr gml:id="K2_4738211748_1-1">
<gml:timePosition>2013-12-10</gml:timePosition>
</lfSpanFr>
<devDate gml:id="K2_4738211748_1-2">
<gml:timePosition>2021-06-03</gml:timePosition>
</devDate>
<orgGILvl>25000</orgGILvl>
<vis>表示</vis>
<pos>
<gml:Point gml:id="K2_4738211748_1-g" srsName="fguuid:jgd2011.bl">
<gml:pos>32.634161944 131.620418056</gml:pos>
</gml:Point>
</pos>
<type>標高点（測点）</type>
<alti>193</alti>
</ElevPt>
<ElevPt gml:id="K2_4738211751_1">
<fid>47382-11751-i-1</fid>
<lfSpanFr gml:id="K2_4738211751_1-1">
<gml:timePosition>2013-12-10</gml:timePosition>
</lfSpanFr>
<devDate gml:id="K2_4738211751_1-2">
<gml:timePosition>2021-06-03</gml:timePosition>
</devDate>
<orgGILvl>25000</orgGILvl>
<vis>表示</vis>
<pos>
<gml:Point gml:id="K2_4738211751_1-g" srsName="fguuid:jgd2011.bl">
<gml:pos>32.644834444 131.620882500</gml:pos>
</gml:Point>
</pos>
<type>標高点（測点）</type>
<alti>32</alti>
</ElevPt>
<ElevPt gml:id="K2_4738211751_2">
<fid>47382-11751-i-2</fid>
<lfSpanFr gml:id="K2_4738211751_2-1">
<gml:timePosition>2013-12-10</gml:timePosition>
</lfSpanFr>
<devDate gml:id="K2_4738211751_2-2">
<gml:timePosition>2021-06-03</gml:timePosition>
</devDate>
<orgGILvl>25000</orgGILvl>
<vis>表示</vis>
<pos>
<gml:Point gml:id="K2_4738211751_2-g" srsName="fguuid:jgd2011.bl">
<gml:pos>32.648371389 131.624829167</gml:pos>
</gml:Point>
</pos>
<type>標高点（測点）</type>
<alti>254</alti>
</ElevPt>
<ElevPt gml:id="K2_4738211754_1">
<fid>47382-11754-i-38</fid>
<lfSpanFr gml:id="K2_4738211754_1-1">
<gml:timePosition>2020-08-12</gml:timePosition>
</lfSpanFr>
<devDate gml:id="K2_4738211754_1-2">
<gml:timePosition>2021-06-03</gml:timePosition>
</devDate>
<orgGILvl>25000</orgGILvl>
<vis>表示</vis>
<pos>
<gml:Point gml:id="K2_4738211754_1-g" srsName="fguuid:jgd2011.bl">
<gml:pos>32.654112500 131.624383333</gml:pos>
</gml:Point>
</pos>
<type>標高点（測点）</type>
<alti>224</alti>
</ElevPt>
<ElevPt gml:id="K2_4738211757_1">
<fid>47382-11757-i-38</fid>
<lfSpanFr gml:id="K2_4738211757_1-1">
<gml:timePosition>2020-08-12</gml:timePosition>
</lfSpanFr>
<devDate gml:id="K2_4738211757_1-2">
<gml:timePosition>2021-06-03</gml:timePosition>
</devDate>
<orgGILvl>25000</orgGILvl>
<vis>表示</vis>
<pos>
<gml:Point gml:id="K2_4738211757_1-g" srsName="fguuid:jgd2011.bl">
<gml:pos>32.659903889 131.620470000</gml:pos>
</gml:Point>
</pos>
<type>標高点（測点）</type>
<alti>74</alti>
</ElevPt>
</Dataset>
