<?xml version="1.0" encoding="utf-8"?>
<Dataset xsi:schemaLocation="http://fgd.gsi.go.jp/spec/2008/FGD_GMLSchema FGD_GMLSchema.xsd"
	xmlns:gml="http://www.opengis.net/gml/3.2"
	xmlns:xsi="http://www.w3.org/2001/XMLSchema-instance"
	xmlns:xlink="http://www.w3.org/1999/xlink"
	xmlns="http://fgd.gsi.go.jp/spec/2008/FGD_GMLSchema"
	gml:id="Dataset1">
  <gml:description>基盤地図情報メタデータ ID=fmdid:21-0701</gml:description>
  <gml:name>基盤地図情報ダウンロードデータ（GML版）</gml:name>
<GCP gml:id="K1_483174_1">
<fid>10-00100-0-2105-152576</fid>
<lfSpanFr gml:id="K1_483174_1-1">
<gml:timePosition>2021-05-19</gml:timePosition>
</lfSpanFr>
<devDate gml:id="K1_483174_1-2">
<gml:timePosition>2021-06-03</gml:timePosition>
</devDate>
<orgGILvl>KJ12</orgGILvl>
<vis>表示</vis>
<pos>
<gml:Point gml:id="K1_483174_1-g" srsName="fguuid:jgd2011.bl">
<gml:pos>32.616947778 131.503659139</gml:pos>
</gml:Point>
</pos>
<orgName>国土地理院</orgName>
<type>三角点</type>
<gcpClass>二等三角点</gcpClass>
<gcpCode>TR24831744001</gcpCode>
<name>横尾</name>
<B>117421.012</B>
<L>473413.1729</L>
<alti>630.88</alti>
<altiAcc>2</altiAcc>
</GCP>
<GCP gml:id="K1_483174_2">
<fid>10-00100-0-2105-152577</fid>
<lfSpanFr gml:id="K1_483174_2-1">
<gml:timePosition>2021-05-19</gml:timePosition>
</lfSpanFr>
<devDate gml:id="K1_483174_2-2">
<gml:timePosition>2021-06-03</gml:timePosition>
</devDate>
<orgGILvl>KJ12</orgGILvl>
<vis>表示</vis>
<pos>
<gml:Point gml:id="K1_483174_2-g" srsName="fguuid:jgd2011.bl">
<gml:pos>32.625935361 131.572271500</gml:pos>
</gml:Point>
</pos>
<orgName>国土地理院</orgName>
<type>三角点</type>
<gcpClass>二等三角点</gcpClass>
<gcpCode>TR24831745501</gcpCode>
<name>行騰山</name>
<B>117453.3673</B>
<L>473660.1774</L>
<alti>829.93</alti>
<altiAcc>2</altiAcc>
</GCP>
<GCP gml:id="K1_483174_3">
<fid>10-00100-0-2105-159080</fid>
<lfSpanFr gml:id="K1_483174_3-1">
<gml:timePosition>2021-05-19</gml:timePosition>
</lfSpanFr>
<devDate gml:id="K1_483174_3-2">
<gml:timePosition>2021-06-03</gml:timePosition>
</devDate>
<orgGILvl>KJ13</orgGILvl>
<vis>表示</vis>
<pos>
<gml:Point gml:id="K1_483174_3-g" srsName="fguuid:jgd2011.bl">
<gml:pos>32.592487583 131.551814056</gml:pos>
</gml:Point>
</pos>
<orgName>国土地理院</orgName>
<type>三角点</type>
<gcpClass>三等三角点</gcpClass>
<gcpCode>TR34831741401</gcpCode>
<name>霧子山</name>
<B>117332.9553</B>
<L>473586.5306</L>
<alti>460.56</alti>
<altiAcc>2</altiAcc>
</GCP>
<GCP gml:id="K1_483174_4">
<fid>10-00100-0-2105-159081</fid>
<lfSpanFr gml:id="K1_483174_4-1">
<gml:timePosition>2021-05-19</gml:timePosition>
</lfSpanFr>
<devDate gml:id="K1_483174_4-2">
<gml:timePosition>2021-06-03</gml:timePosition>
</devDate>
<orgGILvl>KJ13</orgGILvl>
<vis>表示</vis>
<pos>
<gml:Point gml:id="K1_483174_4-g" srsName="fguuid:jgd2011.bl">
<gml:pos>32.600169639 131.607537500</gml:pos>
</gml:Point>
</pos>
<orgName>国土地理院</orgName>
<type>三角点</type>
<gcpClass>三等三角点</gcpClass>
<gcpCode>TR34831742801</gcpCode>
<name>高鳥</name>
<B>117360.6107</B>
<L>473787.135</L>
<alti>386.16</alti>
<altiAcc>2</altiAcc>
</GCP>
<GCP gml:id="K1_483174_5">
<fid>10-00100-0-2105-159082</fid>
<lfSpanFr gml:id="K1_483174_5-1">
<gml:timePosition>2021-05-19</gml:timePosition>
</lfSpanFr>
<devDate gml:id="K1_483174_5-2">
<gml:timePosition>2021-06-03</gml:timePosition>
</devDate>
<orgGILvl>KJ13</orgGILvl>
<vis>表示</vis>
<pos>
<gml:Point gml:id="K1_483174_5-g" srsName="fguuid:jgd2011.bl">
<gml:pos>32.619702333 131.529370583</gml:pos>
</gml:Point>
</pos>
<orgName>国土地理院</orgName>
<type>三角点</type>
<gcpClass>三等三角点</gcpClass>
<gcpCode>TR34831744201</gcpCode>
<name>屋形原</name>
<B>117430.9284</B>
<L>473505.7341</L>
<alti>399.77</alti>
<altiAcc>2</altiAcc>
</GCP>
<GCP gml:id="K1_483174_6">
<fid>10-00100-0-2105-159083</fid>
<lfSpanFr gml:id="K1_483174_6-1">
<gml:timePosition>2021-05-19</gml:timePosition>
</lfSpanFr>
<devDate gml:id="K1_483174_6-2">
<gml:timePosition>2021-06-03</gml:timePosition>
</devDate>
<orgGILvl>KJ13</orgGILvl>
<vis>表示</vis>
<pos>
<gml:Point gml:id="K1_483174_6-g" srsName="fguuid:jgd2011.bl">
<gml:pos>32.625952194 131.615868694</gml:pos>
</gml:Point>
</pos>
<orgName>国土地理院</orgName>
<type>三角点</type>
<gcpClass>三等三角点</gcpClass>
<gcpCode>TR34831745901</gcpCode>
<name>小野</name>
<B>117453.4279</B>
<L>473817.1273</L>
<alti>248.62</alti>
<altiAcc>2</altiAcc>
</GCP>
<GCP gml:id="K1_483174_7">
<fid>10-00100-0-2105-159084</fid>
<lfSpanFr gml:id="K1_483174_7-1">
<gml:timePosition>2021-05-19</gml:timePosition>
</lfSpanFr>
<devDate gml:id="K1_483174_7-2">
<gml:timePosition>2021-06-03</gml:timePosition>
</devDate>
<orgGILvl>KJ13</orgGILvl>
<vis>表示</vis>
<pos>
<gml:Point gml:id="K1_483174_7-g" srsName="fguuid:jgd2011.bl">
<gml:pos>32.640805639 131.537309222</gml:pos>
</gml:Point>
</pos>
<orgName>国土地理院</orgName>
<type>三角点</type>
<gcpClass>三等三角点</gcpClass>
<gcpCode>TR34831746201</gcpCode>
<name>四倉</name>
<B>117506.9003</B>
<L>473534.3132</L>
<alti>527.79</alti>
<altiAcc>2</altiAcc>
</GCP>
<GCP gml:id="K1_483174_8">
<fid>10-00100-0-2105-159085</fid>
<lfSpanFr gml:id="K1_483174_8-1">
<gml:timePosition>2021-05-19</gml:timePosition>
</lfSpanFr>
<devDate gml:id="K1_483174_8-2">
<gml:timePosition>2021-06-03</gml:timePosition>
</devDate>
<orgGILvl>KJ13</orgGILvl>
<vis>表示</vis>
<pos>
<gml:Point gml:id="K1_483174_8-g" srsName="fguuid:jgd2011.bl">
<gml:pos>32.650756250 131.582884389</gml:pos>
</gml:Point>
</pos>
<orgName>国土地理院</orgName>
<type>三角点</type>
<gcpClass>三等三角点</gcpClass>
<gcpCode>TR34831748601</gcpCode>
<name>猪ノ内</name>
<B>117542.7225</B>
<L>473698.3838</L>
<alti>656.81</alti>
<altiAcc>2</altiAcc>
</GCP>
<GCP gml:id="K1_483174_9">
<fid>10-00100-0-2105-159086</fid>
<lfSpanFr gml:id="K1_483174_9-1">
<gml:timePosition>2021-05-19</gml:timePosition>
</lfSpanFr>
<devDate gml:id="K1_483174_9-2">
<gml:timePosition>2021-06-03</gml:timePosition>
</devDate>
<orgGILvl>KJ13</orgGILvl>
<vis>表示</vis>
<pos>
<gml:Point gml:id="K1_483174_9-g" srsName="fguuid:jgd2011.bl">
<gml:pos>32.655608250 131.601024639</gml:pos>
</gml:Point>
</pos>
<orgName>国土地理院</orgName>
<type>三角点</type>
<gcpClass>三等三角点</gcpClass>
<gcpCode>TR34831748801</gcpCode>
<name>小爪石</name>
<B>117560.1897</B>
<L>473763.6887</L>
<alti>599.28</alti>
<altiAcc>2</altiAcc>
</GCP>
<GCP gml:id="K1_483174_10">
<fid>10-00100-0-2105-195021</fid>
<lfSpanFr gml:id="K1_483174_10-1">
<gml:timePosition>2021-05-19</gml:timePosition>
</lfSpanFr>
<devDate gml:id="K1_483174_10-2">
<gml:timePosition>2021-06-03</gml:timePosition>
</devDate>
<orgGILvl>KJ14</orgGILvl>
<vis>表示</vis>
<pos>
<gml:Point gml:id="K1_483174_10-g" srsName="fguuid:jgd2011.bl">
<gml:pos>32.585503222 131.503189500</gml:pos>
</gml:Point>
</pos>
<orgName>国土地理院</orgName>
<type>三角点</type>
<gcpClass>四等三角点</gcpClass>
<gcpCode>TR44831740001</gcpCode>
<name>蔵田</name>
<B>117307.8116</B>
<L>473411.4822</L>
<alti>205.84</alti>
<altiAcc>2</altiAcc>
</GCP>
<GCP gml:id="K1_483174_11">
<fid>10-00100-0-2105-195022</fid>
<lfSpanFr gml:id="K1_483174_11-1">
<gml:timePosition>2021-05-19</gml:timePosition>
</lfSpanFr>
<devDate gml:id="K1_483174_11-2">
<gml:timePosition>2021-06-03</gml:timePosition>
</devDate>
<orgGILvl>KJ14</orgGILvl>
<vis>表示</vis>
<pos>
<gml:Point gml:id="K1_483174_11-g" srsName="fguuid:jgd2011.bl">
<gml:pos>32.589822972 131.563369611</gml:pos>
</gml:Point>
</pos>
<orgName>国土地理院</orgName>
<type>三角点</type>
<gcpClass>四等三角点</gcpClass>
<gcpCode>TR44831740501</gcpCode>
<name>津船</name>
<B>117323.3627</B>
<L>473628.1306</L>
<alti>180.4</alti>
<altiAcc>2</altiAcc>
</GCP>
<GCP gml:id="K1_483174_12">
<fid>10-00100-0-2105-195023</fid>
<lfSpanFr gml:id="K1_483174_12-1">
<gml:timePosition>2021-05-19</gml:timePosition>
</lfSpanFr>
<devDate gml:id="K1_483174_12-2">
<gml:timePosition>2021-06-03</gml:timePosition>
</devDate>
<orgGILvl>KJ14</orgGILvl>
<vis>表示</vis>
<pos>
<gml:Point gml:id="K1_483174_12-g" srsName="fguuid:jgd2011.bl">
<gml:pos>32.587579306 131.577725611</gml:pos>
</gml:Point>
</pos>
<orgName>国土地理院</orgName>
<type>三角点</type>
<gcpClass>四等三角点</gcpClass>
<gcpCode>TR44831740601</gcpCode>
<name>椛ケ谷</name>
<B>117315.2855</B>
<L>473679.8122</L>
<alti>187.64</alti>
<altiAcc>2</altiAcc>
</GCP>
<GCP gml:id="K1_483174_13">
<fid>10-00100-0-2105-195024</fid>
<lfSpanFr gml:id="K1_483174_13-1">
<gml:timePosition>2021-05-19</gml:timePosition>
</lfSpanFr>
<devDate gml:id="K1_483174_13-2">
<gml:timePosition>2021-06-03</gml:timePosition>
</devDate>
<orgGILvl>KJ14</orgGILvl>
<vis>表示</vis>
<pos>
<gml:Point gml:id="K1_483174_13-g" srsName="fguuid:jgd2011.bl">
<gml:pos>32.592258444 131.518166222</gml:pos>
</gml:Point>
</pos>
<orgName>国土地理院</orgName>
<type>三角点</type>
<gcpClass>四等三角点</gcpClass>
<gcpCode>TR44831741101</gcpCode>
<name>長瀬</name>
<B>117332.1304</B>
<L>473465.3984</L>
<alti>235.82</alti>
<altiAcc>2</altiAcc>
</GCP>
<GCP gml:id="K1_483174_14">
<fid>10-00100-0-2105-195025</fid>
<lfSpanFr gml:id="K1_483174_14-1">
<gml:timePosition>2021-05-19</gml:timePosition>
</lfSpanFr>
<devDate gml:id="K1_483174_14-2">
<gml:timePosition>2021-06-03</gml:timePosition>
</devDate>
<orgGILvl>KJ14</orgGILvl>
<vis>表示</vis>
<pos>
<gml:Point gml:id="K1_483174_14-g" srsName="fguuid:jgd2011.bl">
<gml:pos>32.597494972 131.531301778</gml:pos>
</gml:Point>
</pos>
<orgName>国土地理院</orgName>
<type>三角点</type>
<gcpClass>四等三角点</gcpClass>
<gcpCode>TR44831741201</gcpCode>
<name>うそ越</name>
<B>117350.9819</B>
<L>473512.6864</L>
<alti>413.79</alti>
<altiAcc>2</altiAcc>
</GCP>
<GCP gml:id="K1_483174_15">
<fid>10-00100-0-2105-195026</fid>
<lfSpanFr gml:id="K1_483174_15-1">
<gml:timePosition>2021-05-19</gml:timePosition>
</lfSpanFr>
<devDate gml:id="K1_483174_15-2">
<gml:timePosition>2021-06-03</gml:timePosition>
</devDate>
<orgGILvl>KJ14</orgGILvl>
<vis>表示</vis>
<pos>
<gml:Point gml:id="K1_483174_15-g" srsName="fguuid:jgd2011.bl">
<gml:pos>32.592031000 131.590344444</gml:pos>
</gml:Point>
</pos>
<orgName>国土地理院</orgName>
<type>三角点</type>
<gcpClass>四等三角点</gcpClass>
<gcpCode>TR44831741701</gcpCode>
<name>古野</name>
<B>117331.3116</B>
<L>473725.24</L>
<alti>123.5</alti>
<altiAcc>2</altiAcc>
</GCP>
<GCP gml:id="K1_483174_16">
<fid>10-00100-0-2105-195027</fid>
<lfSpanFr gml:id="K1_483174_16-1">
<gml:timePosition>2021-05-19</gml:timePosition>
</lfSpanFr>
<devDate gml:id="K1_483174_16-2">
<gml:timePosition>2021-06-03</gml:timePosition>
</devDate>
<orgGILvl>KJ14</orgGILvl>
<vis>表示</vis>
<pos>
<gml:Point gml:id="K1_483174_16-g" srsName="fguuid:jgd2011.bl">
<gml:pos>32.592326917 131.614581028</gml:pos>
</gml:Point>
</pos>
<orgName>国土地理院</orgName>
<type>三角点</type>
<gcpClass>四等三角点</gcpClass>
<gcpCode>TR44831741901</gcpCode>
<name>内山</name>
<B>117332.3769</B>
<L>473812.4917</L>
<alti>228.5</alti>
<altiAcc>2</altiAcc>
</GCP>
<GCP gml:id="K1_483174_17">
<fid>10-00100-0-2105-195028</fid>
<lfSpanFr gml:id="K1_483174_17-1">
<gml:timePosition>2021-05-19</gml:timePosition>
</lfSpanFr>
<devDate gml:id="K1_483174_17-2">
<gml:timePosition>2021-06-03</gml:timePosition>
</devDate>
<orgGILvl>KJ14</orgGILvl>
<vis>表示</vis>
<pos>
<gml:Point gml:id="K1_483174_17-g" srsName="fguuid:jgd2011.bl">
<gml:pos>32.602488722 131.505340167</gml:pos>
</gml:Point>
</pos>
<orgName>国土地理院</orgName>
<type>三角点</type>
<gcpClass>四等三角点</gcpClass>
<gcpCode>TR44831742001</gcpCode>
<name>木落</name>
<B>117368.9594</B>
<L>473419.2246</L>
<alti>442.29</alti>
<altiAcc>2</altiAcc>
</GCP>
<GCP gml:id="K1_483174_18">
<fid>10-00100-0-2105-195029</fid>
<lfSpanFr gml:id="K1_483174_18-1">
<gml:timePosition>2021-05-19</gml:timePosition>
</lfSpanFr>
<devDate gml:id="K1_483174_18-2">
<gml:timePosition>2021-06-03</gml:timePosition>
</devDate>
<orgGILvl>KJ14</orgGILvl>
<vis>表示</vis>
<pos>
<gml:Point gml:id="K1_483174_18-g" srsName="fguuid:jgd2011.bl">
<gml:pos>32.607022806 131.519704000</gml:pos>
</gml:Point>
</pos>
<orgName>国土地理院</orgName>
<type>三角点</type>
<gcpClass>四等三角点</gcpClass>
<gcpCode>TR44831742101</gcpCode>
<name>藤ノ木</name>
<B>117385.2821</B>
<L>473470.9344</L>
<alti>154.3</alti>
<altiAcc>2</altiAcc>
</GCP>
<GCP gml:id="K1_483174_19">
<fid>10-00100-0-2105-195030</fid>
<lfSpanFr gml:id="K1_483174_19-1">
<gml:timePosition>2021-05-19</gml:timePosition>
</lfSpanFr>
<devDate gml:id="K1_483174_19-2">
<gml:timePosition>2021-06-03</gml:timePosition>
</devDate>
<orgGILvl>KJ14</orgGILvl>
<vis>表示</vis>
<pos>
<gml:Point gml:id="K1_483174_19-g" srsName="fguuid:jgd2011.bl">
<gml:pos>32.603378139 131.542153528</gml:pos>
</gml:Point>
</pos>
<orgName>国土地理院</orgName>
<type>三角点</type>
<gcpClass>四等三角点</gcpClass>
<gcpCode>TR44831742301</gcpCode>
<name>板ヶ平</name>
<B>117372.1613</B>
<L>473551.7527</L>
<alti>342.59</alti>
<altiAcc>2</altiAcc>
</GCP>
<GCP gml:id="K1_483174_20">
<fid>10-00100-0-2105-195031</fid>
<lfSpanFr gml:id="K1_483174_20-1">
<gml:timePosition>2021-05-19</gml:timePosition>
</lfSpanFr>
<devDate gml:id="K1_483174_20-2">
<gml:timePosition>2021-06-03</gml:timePosition>
</devDate>
<orgGILvl>KJ14</orgGILvl>
<vis>表示</vis>
<pos>
<gml:Point gml:id="K1_483174_20-g" srsName="fguuid:jgd2011.bl">
<gml:pos>32.602409083 131.576169833</gml:pos>
</gml:Point>
</pos>
<orgName>国土地理院</orgName>
<type>三角点</type>
<gcpClass>四等三角点</gcpClass>
<gcpCode>TR44831742601</gcpCode>
<name>中原</name>
<B>117368.6727</B>
<L>473674.2114</L>
<alti>275.73</alti>
<altiAcc>2</altiAcc>
</GCP>
<GCP gml:id="K1_483174_21">
<fid>10-00100-0-2105-195032</fid>
<lfSpanFr gml:id="K1_483174_21-1">
<gml:timePosition>2021-05-19</gml:timePosition>
</lfSpanFr>
<devDate gml:id="K1_483174_21-2">
<gml:timePosition>2021-06-03</gml:timePosition>
</devDate>
<orgGILvl>KJ14</orgGILvl>
<vis>表示</vis>
<pos>
<gml:Point gml:id="K1_483174_21-g" srsName="fguuid:jgd2011.bl">
<gml:pos>32.611181917 131.609155917</gml:pos>
</gml:Point>
</pos>
<orgName>国土地理院</orgName>
<type>三角点</type>
<gcpClass>四等三角点</gcpClass>
<gcpCode>TR44831743801</gcpCode>
<name>岡富山</name>
<B>117400.2549</B>
<L>473792.9613</L>
<alti>214.45</alti>
<altiAcc>2</altiAcc>
</GCP>
<GCP gml:id="K1_483174_22">
<fid>10-00100-0-2105-195033</fid>
<lfSpanFr gml:id="K1_483174_22-1">
<gml:timePosition>2021-05-19</gml:timePosition>
</lfSpanFr>
<devDate gml:id="K1_483174_22-2">
<gml:timePosition>2021-06-03</gml:timePosition>
</devDate>
<orgGILvl>KJ14</orgGILvl>
<vis>表示</vis>
<pos>
<gml:Point gml:id="K1_483174_22-g" srsName="fguuid:jgd2011.bl">
<gml:pos>32.637936528 131.613329944</gml:pos>
</gml:Point>
</pos>
<orgName>国土地理院</orgName>
<type>三角点</type>
<gcpClass>四等三角点</gcpClass>
<gcpCode>TR44831746901</gcpCode>
<name>茶山</name>
<B>117496.5715</B>
<L>473807.9878</L>
<alti>411.2</alti>
<altiAcc>2</altiAcc>
</GCP>
<GCP gml:id="K1_483174_23">
<fid>10-00100-0-2105-195034</fid>
<lfSpanFr gml:id="K1_483174_23-1">
<gml:timePosition>2021-05-19</gml:timePosition>
</lfSpanFr>
<devDate gml:id="K1_483174_23-2">
<gml:timePosition>2021-06-03</gml:timePosition>
</devDate>
<orgGILvl>KJ14</orgGILvl>
<vis>表示</vis>
<pos>
<gml:Point gml:id="K1_483174_23-g" srsName="fguuid:jgd2011.bl">
<gml:pos>32.660104639 131.613173944</gml:pos>
</gml:Point>
</pos>
<orgName>国土地理院</orgName>
<type>三角点</type>
<gcpClass>四等三角点</gcpClass>
<gcpCode>TR44831749901</gcpCode>
<name>金炭</name>
<B>117576.3767</B>
<L>473807.4262</L>
<alti>356.68</alti>
<altiAcc>2</altiAcc>
</GCP>
</Dataset>
