<?xml version="1.0" encoding="utf-8"?>
<Dataset xsi:schemaLocation="http://fgd.gsi.go.jp/spec/2008/FGD_GMLSchema FGD_GMLSchema.xsd"
	xmlns:gml="http://www.opengis.net/gml/3.2"
	xmlns:xsi="http://www.w3.org/2001/XMLSchema-instance"
	xmlns:xlink="http://www.w3.org/1999/xlink"
	xmlns="http://fgd.gsi.go.jp/spec/2008/FGD_GMLSchema"
	gml:id="Dataset1">
  <gml:description>基盤地図情報メタデータ ID=fmdid:21-0101</gml:description>
  <gml:name>基盤地図情報ダウンロードデータ（GML版）</gml:name>
<AdmArea gml:id="K4_493125_1">
<fid>493125-44205-a-1-20201223</fid>
<lfSpanFr gml:id="K4_493125_1-1">
<gml:timePosition>2020-12-23</gml:timePosition>
</lfSpanFr>
<devDate gml:id="K4_493125_1-2">
<gml:timePosition>2020-12-23</gml:timePosition>
</devDate>
<orgGILvl>25000</orgGILvl>
<vis>表示</vis>
<area>
<gml:Surface gml:id="K4_493125_1-g" srsName="fguuid:jgd2011.bl">
<gml:patches>
<gml:PolygonPatch>
<gml:exterior>
<gml:Ring>
<gml:curveMember>
<gml:Curve gml:id="K4_493125_1-3">
<gml:segments>
<gml:LineStringSegment>
<gml:posList>
32.834141108 131.741184994
32.834292225 131.741333333
32.834359441 131.741552218
32.834319135 131.741666667
32.834247495 131.741870000
32.834051387 131.742159728
32.833738333 131.742543891
32.833581667 131.743101946
32.833581667 131.743419728
32.833598613 131.743801388
32.833475279 131.744006109
32.833333333 131.744202477
32.833333333 131.747741855
32.833547775 131.748189442
32.833725000 131.748443333
32.834157225 131.749187224
32.834398054 131.749616939
32.834522775 131.749973606
32.834526468 131.750000000
32.916666667 131.750000000
32.916666667 131.625000000
32.833333333 131.625000000
32.833333333 131.740639144
32.833721108 131.740874163
32.834141108 131.741184994
</gml:posList>
</gml:LineStringSegment>
</gml:segments>
</gml:Curve>
</gml:curveMember>
</gml:Ring>
</gml:exterior>
</gml:PolygonPatch>
</gml:patches>
</gml:Surface>
</area>
<type>郡市・東京都の区</type>
<name>佐伯市</name>
<admCode>44205</admCode>
</AdmArea>
<AdmArea gml:id="K4_493125_2">
<fid>493125-45203-a-2-20201223</fid>
<lfSpanFr gml:id="K4_493125_2-1">
<gml:timePosition>2020-12-23</gml:timePosition>
</lfSpanFr>
<devDate gml:id="K4_493125_2-2">
<gml:timePosition>2020-12-23</gml:timePosition>
</devDate>
<orgGILvl>25000</orgGILvl>
<vis>表示</vis>
<area>
<gml:Surface gml:id="K4_493125_2-g" srsName="fguuid:jgd2011.bl">
<gml:patches>
<gml:PolygonPatch>
<gml:exterior>
<gml:Ring>
<gml:curveMember>
<gml:Curve gml:id="K4_493125_2-3">
<gml:segments>
<gml:LineStringSegment>
<gml:posList>
32.833333333 131.744202477
32.833475279 131.744006109
32.833598613 131.743801388
32.833581667 131.743419728
32.833581667 131.743101946
32.833738333 131.742543891
32.834051387 131.742159728
32.834247495 131.741870000
32.834319135 131.741666667
32.834359441 131.741552218
32.834292225 131.741333333
32.834141108 131.741184994
32.833721108 131.740874163
32.833333333 131.740639144
32.833333333 131.744202477
</gml:posList>
</gml:LineStringSegment>
</gml:segments>
</gml:Curve>
</gml:curveMember>
</gml:Ring>
</gml:exterior>
</gml:PolygonPatch>
</gml:patches>
</gml:Surface>
</area>
<type>郡市・東京都の区</type>
<name>延岡市</name>
<admCode>45203</admCode>
</AdmArea>
<AdmArea gml:id="K4_493125_3">
<fid>493125-45203-a-3-20201223</fid>
<lfSpanFr gml:id="K4_493125_3-1">
<gml:timePosition>2020-12-23</gml:timePosition>
</lfSpanFr>
<devDate gml:id="K4_493125_3-2">
<gml:timePosition>2020-12-23</gml:timePosition>
</devDate>
<orgGILvl>25000</orgGILvl>
<vis>表示</vis>
<area>
<gml:Surface gml:id="K4_493125_3-g" srsName="fguuid:jgd2011.bl">
<gml:patches>
<gml:PolygonPatch>
<gml:exterior>
<gml:Ring>
<gml:curveMember>
<gml:Curve gml:id="K4_493125_3-3">
<gml:segments>
<gml:LineStringSegment>
<gml:posList>
32.834526468 131.750000000
32.834522775 131.749973606
32.834398054 131.749616939
32.834157225 131.749187224
32.833725000 131.748443333
32.833547775 131.748189442
32.833333333 131.747741855
32.833333333 131.750000000
32.834526468 131.750000000
</gml:posList>
</gml:LineStringSegment>
</gml:segments>
</gml:Curve>
</gml:curveMember>
</gml:Ring>
</gml:exterior>
</gml:PolygonPatch>
</gml:patches>
</gml:Surface>
</area>
<type>郡市・東京都の区</type>
<name>延岡市</name>
<admCode>45203</admCode>
</AdmArea>
</Dataset>
