<?xml version="1.0" encoding="utf-8"?>
<Dataset xsi:schemaLocation="http://fgd.gsi.go.jp/spec/2008/FGD_GMLSchema FGD_GMLSchema.xsd"
	xmlns:gml="http://www.opengis.net/gml/3.2"
	xmlns:xsi="http://www.w3.org/2001/XMLSchema-instance"
	xmlns:xlink="http://www.w3.org/1999/xlink"
	xmlns="http://fgd.gsi.go.jp/spec/2008/FGD_GMLSchema"
	gml:id="Dataset1">
  <gml:description>基盤地図情報メタデータ ID=fmdid:21-0101</gml:description>
  <gml:name>基盤地図情報ダウンロードデータ（GML版）</gml:name>
<AdmPt gml:id="K6_4740611832_1">
<fid>47406-11832-i-239</fid>
<lfSpanFr gml:id="K6_4740611832_1-1">
<gml:timePosition>2020-11-25</gml:timePosition>
</lfSpanFr>
<devDate gml:id="K6_4740611832_1-2">
<gml:timePosition>2020-12-23</gml:timePosition>
</devDate>
<orgGILvl>25000</orgGILvl>
<vis>非表示</vis>
<pos>
<gml:Point gml:id="K6_4740611832_1-g" srsName="fguuid:jgd2011.bl">
<gml:pos>32.874989826 131.687500000</gml:pos>
</gml:Point>
</pos>
<type>郡市・東京都の区</type>
<name>佐伯市</name>
<admCode>44205</admCode>
</AdmPt>
<AdmPt gml:id="K6_4742711820_1">
<fid>47427-11820-i-30</fid>
<lfSpanFr gml:id="K6_4742711820_1-1">
<gml:timePosition>2016-06-06</gml:timePosition>
</lfSpanFr>
<devDate gml:id="K6_4742711820_1-2">
<gml:timePosition>2020-12-23</gml:timePosition>
</devDate>
<orgGILvl>25000</orgGILvl>
<vis>非表示</vis>
<pos>
<gml:Point gml:id="K6_4742711820_1-g" srsName="fguuid:jgd2011.bl">
<gml:pos>32.833928090 131.749396414</gml:pos>
</gml:Point>
</pos>
<type>郡市・東京都の区</type>
<name>延岡市</name>
<admCode>45203</admCode>
</AdmPt>
<AdmPt gml:id="K6_4742711820_2">
<fid>47427-11820-i-31</fid>
<lfSpanFr gml:id="K6_4742711820_2-1">
<gml:timePosition>2016-06-06</gml:timePosition>
</lfSpanFr>
<devDate gml:id="K6_4742711820_2-2">
<gml:timePosition>2020-12-23</gml:timePosition>
</devDate>
<orgGILvl>25000</orgGILvl>
<vis>非表示</vis>
<pos>
<gml:Point gml:id="K6_4742711820_2-g" srsName="fguuid:jgd2011.bl">
<gml:pos>32.833844596 131.741689449</gml:pos>
</gml:Point>
</pos>
<type>郡市・東京都の区</type>
<name>延岡市</name>
<admCode>45203</admCode>
</AdmPt>
</Dataset>
