<?xml version="1.0" encoding="utf-8"?>
<Dataset xsi:schemaLocation="http://fgd.gsi.go.jp/spec/2008/FGD_GMLSchema FGD_GMLSchema.xsd"
	xmlns:gml="http://www.opengis.net/gml/3.2"
	xmlns:xsi="http://www.w3.org/2001/XMLSchema-instance"
	xmlns:xlink="http://www.w3.org/1999/xlink"
	xmlns="http://fgd.gsi.go.jp/spec/2008/FGD_GMLSchema"
	gml:id="Dataset1">
  <gml:description>基盤地図情報メタデータ ID=fmdid:21-0101</gml:description>
  <gml:name>基盤地図情報ダウンロードデータ（GML版）</gml:name>
<RailCL gml:id="K21_4741511820_1">
<fid>47415-11820-s-1148</fid>
<lfSpanFr gml:id="K21_4741511820_1-1">
<gml:timePosition>2016-10-25</gml:timePosition>
</lfSpanFr>
<devDate gml:id="K21_4741511820_1-2">
<gml:timePosition>2020-12-23</gml:timePosition>
</devDate>
<orgGILvl>25000</orgGILvl>
<vis>表示</vis>
<loc>
<gml:Curve gml:id="K21_4741511820_1-g" srsName="fguuid:jgd2011.bl">
<gml:segments>
<gml:LineStringSegment>
<gml:posList>
32.836138333 131.716228583
32.835479472 131.715945056
</gml:posList>
</gml:LineStringSegment>
</gml:segments>
</gml:Curve>
</loc>
<type>普通鉄道</type>
</RailCL>
<RailCL gml:id="K21_4741511820_2">
<fid>47415-11820-s-1192</fid>
<lfSpanFr gml:id="K21_4741511820_2-1">
<gml:timePosition>2020-01-16</gml:timePosition>
</lfSpanFr>
<devDate gml:id="K21_4741511820_2-2">
<gml:timePosition>2020-12-23</gml:timePosition>
</devDate>
<orgGILvl>25000</orgGILvl>
<vis>表示</vis>
<loc>
<gml:Curve gml:id="K21_4741511820_2-g" srsName="fguuid:jgd2011.bl">
<gml:segments>
<gml:LineStringSegment>
<gml:posList>
32.838876686 131.716180181
32.839190101 131.716041154
32.839535896 131.715897017
32.839987505 131.715765255
</gml:posList>
</gml:LineStringSegment>
</gml:segments>
</gml:Curve>
</loc>
<type>普通鉄道</type>
</RailCL>
<RailCL gml:id="K21_4741511820_3">
<fid>47415-11820-s-1193</fid>
<lfSpanFr gml:id="K21_4741511820_3-1">
<gml:timePosition>2020-01-16</gml:timePosition>
</lfSpanFr>
<devDate gml:id="K21_4741511820_3-2">
<gml:timePosition>2020-12-23</gml:timePosition>
</devDate>
<orgGILvl>25000</orgGILvl>
<vis>表示</vis>
<loc>
<gml:Curve gml:id="K21_4741511820_3-g" srsName="fguuid:jgd2011.bl">
<gml:segments>
<gml:LineStringSegment>
<gml:posList>
32.838876686 131.716180181
32.838624273 131.716312972
32.838357208 131.716429643
32.838176006 131.716487040
32.837950971 131.716557976
32.837763024 131.716592997
32.837550003 131.716612970
32.837295966 131.716614988
32.837057959 131.716589042
32.836801966 131.716523002
32.836527783 131.716422878
32.836438988 131.716370704
32.836378076 131.716341910
32.836138333 131.716228583
</gml:posList>
</gml:LineStringSegment>
</gml:segments>
</gml:Curve>
</loc>
<type>普通鉄道</type>
</RailCL>
<RailCL gml:id="K21_4741511820_4">
<fid>47415-11820-s-1194</fid>
<lfSpanFr gml:id="K21_4741511820_4-1">
<gml:timePosition>2020-01-16</gml:timePosition>
</lfSpanFr>
<devDate gml:id="K21_4741511820_4-2">
<gml:timePosition>2020-12-23</gml:timePosition>
</devDate>
<orgGILvl>25000</orgGILvl>
<vis>表示</vis>
<loc>
<gml:Curve gml:id="K21_4741511820_4-g" srsName="fguuid:jgd2011.bl">
<gml:segments>
<gml:LineStringSegment>
<gml:posList>
32.833333333 131.715472092
32.833836691 131.715563365
32.834834452 131.715743623
32.835155833 131.715812222
32.835479472 131.715945056
</gml:posList>
</gml:LineStringSegment>
</gml:segments>
</gml:Curve>
</loc>
<type>普通鉄道</type>
</RailCL>
<RailCL gml:id="K21_4741511820_5">
<fid>47415-11820-s-1195</fid>
<lfSpanFr gml:id="K21_4741511820_5-1">
<gml:timePosition>2020-01-16</gml:timePosition>
</lfSpanFr>
<devDate gml:id="K21_4741511820_5-2">
<gml:timePosition>2020-12-23</gml:timePosition>
</devDate>
<orgGILvl>25000</orgGILvl>
<vis>表示</vis>
<loc>
<gml:Curve gml:id="K21_4741511820_5-g" srsName="fguuid:jgd2011.bl">
<gml:segments>
<gml:LineStringSegment>
<gml:posList>
32.841643579 131.715653708
32.841311351 131.715594621
32.840951127 131.715575339
32.840791081 131.715586835
32.840590122 131.715619753
32.839987505 131.715765255
</gml:posList>
</gml:LineStringSegment>
</gml:segments>
</gml:Curve>
</loc>
<type>普通鉄道</type>
</RailCL>
<RailCL gml:id="K21_4741511820_6">
<fid>47415-11820-s-1196</fid>
<lfSpanFr gml:id="K21_4741511820_6-1">
<gml:timePosition>2020-01-16</gml:timePosition>
</lfSpanFr>
<devDate gml:id="K21_4741511820_6-2">
<gml:timePosition>2020-12-23</gml:timePosition>
</devDate>
<orgGILvl>25000</orgGILvl>
<vis>表示</vis>
<loc>
<gml:Curve gml:id="K21_4741511820_6-g" srsName="fguuid:jgd2011.bl">
<gml:segments>
<gml:LineStringSegment>
<gml:posList>
32.841666667 131.715660095
32.841643579 131.715653708
</gml:posList>
</gml:LineStringSegment>
</gml:segments>
</gml:Curve>
</loc>
<type>普通鉄道</type>
</RailCL>
<RailCL gml:id="K21_4741511820_7">
<fid>47415-11820-s-1197</fid>
<lfSpanFr gml:id="K21_4741511820_7-1">
<gml:timePosition>2020-01-16</gml:timePosition>
</lfSpanFr>
<devDate gml:id="K21_4741511820_7-2">
<gml:timePosition>2020-12-23</gml:timePosition>
</devDate>
<orgGILvl>25000</orgGILvl>
<vis>表示</vis>
<loc>
<gml:Curve gml:id="K21_4741511820_7-g" srsName="fguuid:jgd2011.bl">
<gml:segments>
<gml:LineStringSegment>
<gml:posList>
32.841643579 131.715653708
32.841373100 131.715551545
32.841159021 131.715488966
32.840943304 131.715468074
32.840817705 131.715476698
32.840742298 131.715487024
32.840428418 131.715559416
32.840011573 131.715658206
32.839807390 131.715707293
32.839653944 131.715752997
32.839465435 131.715827421
32.839310290 131.715904338
32.839160135 131.715994036
32.838876686 131.716180181
</gml:posList>
</gml:LineStringSegment>
</gml:segments>
</gml:Curve>
</loc>
<type>普通鉄道</type>
</RailCL>
<RailCL gml:id="K21_4741511823_1">
<fid>47415-11823-s-820</fid>
<lfSpanFr gml:id="K21_4741511823_1-1">
<gml:timePosition>2020-01-16</gml:timePosition>
</lfSpanFr>
<devDate gml:id="K21_4741511823_1-2">
<gml:timePosition>2020-12-23</gml:timePosition>
</devDate>
<orgGILvl>25000</orgGILvl>
<vis>表示</vis>
<loc>
<gml:Curve gml:id="K21_4741511823_1-g" srsName="fguuid:jgd2011.bl">
<gml:segments>
<gml:LineStringSegment>
<gml:posList>
32.844050917 131.716666667
32.843515278 131.716333889
32.843089722 131.716126667
32.842444246 131.715890162
32.842171356 131.715813229
32.841817149 131.715701725
32.841666667 131.715660095
</gml:posList>
</gml:LineStringSegment>
</gml:segments>
</gml:Curve>
</loc>
<type>普通鉄道</type>
</RailCL>
<RailCL gml:id="K21_4741811823_1">
<fid>47418-11823-s-854</fid>
<lfSpanFr gml:id="K21_4741811823_1-1">
<gml:timePosition>2016-10-07</gml:timePosition>
</lfSpanFr>
<devDate gml:id="K21_4741811823_1-2">
<gml:timePosition>2020-12-23</gml:timePosition>
</devDate>
<orgGILvl>25000</orgGILvl>
<vis>非表示</vis>
<loc>
<gml:Curve gml:id="K21_4741811823_1-g" srsName="fguuid:jgd2011.bl">
<gml:segments>
<gml:LineStringSegment>
<gml:posList>
32.844993806 131.717370194
32.844978611 131.717352222
32.844822083 131.717217833
</gml:posList>
</gml:LineStringSegment>
</gml:segments>
</gml:Curve>
</loc>
<type>普通鉄道</type>
</RailCL>
<RailCL gml:id="K21_4741811823_2">
<fid>47418-11823-s-855</fid>
<lfSpanFr gml:id="K21_4741811823_2-1">
<gml:timePosition>2016-10-07</gml:timePosition>
</lfSpanFr>
<devDate gml:id="K21_4741811823_2-2">
<gml:timePosition>2020-12-23</gml:timePosition>
</devDate>
<orgGILvl>25000</orgGILvl>
<vis>表示</vis>
<loc>
<gml:Curve gml:id="K21_4741811823_2-g" srsName="fguuid:jgd2011.bl">
<gml:segments>
<gml:LineStringSegment>
<gml:posList>
32.844822083 131.717217833
32.844506944 131.716950000
32.844050917 131.716666667
</gml:posList>
</gml:LineStringSegment>
</gml:segments>
</gml:Curve>
</loc>
<type>普通鉄道</type>
</RailCL>
<RailCL gml:id="K21_4741811823_3">
<fid>47418-11823-s-882</fid>
<lfSpanFr gml:id="K21_4741811823_3-1">
<gml:timePosition>2020-01-16</gml:timePosition>
</lfSpanFr>
<devDate gml:id="K21_4741811823_3-2">
<gml:timePosition>2020-12-23</gml:timePosition>
</devDate>
<orgGILvl>25000</orgGILvl>
<vis>非表示</vis>
<loc>
<gml:Curve gml:id="K21_4741811823_3-g" srsName="fguuid:jgd2011.bl">
<gml:segments>
<gml:LineStringSegment>
<gml:posList>
32.846410828 131.723642285
32.846236909 131.722556758
32.845913356 131.720618742
32.845819824 131.719925320
32.845698554 131.719008528
32.845623579 131.718670134
32.845509129 131.718300055
32.845379905 131.717989254
</gml:posList>
</gml:LineStringSegment>
</gml:segments>
</gml:Curve>
</loc>
<type>トンネル内の鉄道</type>
</RailCL>
<RailCL gml:id="K21_4741811823_4">
<fid>47418-11823-s-883</fid>
<lfSpanFr gml:id="K21_4741811823_4-1">
<gml:timePosition>2020-01-16</gml:timePosition>
</lfSpanFr>
<devDate gml:id="K21_4741811823_4-2">
<gml:timePosition>2020-12-23</gml:timePosition>
</devDate>
<orgGILvl>25000</orgGILvl>
<vis>表示</vis>
<loc>
<gml:Curve gml:id="K21_4741811823_4-g" srsName="fguuid:jgd2011.bl">
<gml:segments>
<gml:LineStringSegment>
<gml:posList>
32.845379905 131.717989254
32.845236956 131.717723326
32.844993806 131.717370194
</gml:posList>
</gml:LineStringSegment>
</gml:segments>
</gml:Curve>
</loc>
<type>普通鉄道</type>
</RailCL>
<RailCL gml:id="K21_4741811823_5">
<fid>47418-11823-s-884</fid>
<lfSpanFr gml:id="K21_4741811823_5-1">
<gml:timePosition>2020-01-16</gml:timePosition>
</lfSpanFr>
<devDate gml:id="K21_4741811823_5-2">
<gml:timePosition>2020-12-23</gml:timePosition>
</devDate>
<orgGILvl>25000</orgGILvl>
<vis>表示</vis>
<loc>
<gml:Curve gml:id="K21_4741811823_5-g" srsName="fguuid:jgd2011.bl">
<gml:segments>
<gml:LineStringSegment>
<gml:posList>
32.846645524 131.725000000
32.846590499 131.724744081
32.846533865 131.724433538
32.846410828 131.723642285
</gml:posList>
</gml:LineStringSegment>
</gml:segments>
</gml:Curve>
</loc>
<type>普通鉄道</type>
</RailCL>
<RailCL gml:id="K21_4742111823_1">
<fid>47421-11823-s-1193</fid>
<lfSpanFr gml:id="K21_4742111823_1-1">
<gml:timePosition>2020-01-16</gml:timePosition>
</lfSpanFr>
<devDate gml:id="K21_4742111823_1-2">
<gml:timePosition>2020-12-23</gml:timePosition>
</devDate>
<orgGILvl>25000</orgGILvl>
<vis>表示</vis>
<loc>
<gml:Curve gml:id="K21_4742111823_1-g" srsName="fguuid:jgd2011.bl">
<gml:segments>
<gml:LineStringSegment>
<gml:posList>
32.846663314 131.725082739
32.846645524 131.725000000
</gml:posList>
</gml:LineStringSegment>
</gml:segments>
</gml:Curve>
</loc>
<type>普通鉄道</type>
</RailCL>
<RailCL gml:id="K21_4742111823_2">
<fid>47421-11823-s-1194</fid>
<lfSpanFr gml:id="K21_4742111823_2-1">
<gml:timePosition>2020-01-16</gml:timePosition>
</lfSpanFr>
<devDate gml:id="K21_4742111823_2-2">
<gml:timePosition>2020-12-23</gml:timePosition>
</devDate>
<orgGILvl>25000</orgGILvl>
<vis>表示</vis>
<loc>
<gml:Curve gml:id="K21_4742111823_2-g" srsName="fguuid:jgd2011.bl">
<gml:segments>
<gml:LineStringSegment>
<gml:posList>
32.847568793 131.728903801
32.847504489 131.727836885
32.847455279 131.727285975
32.847384183 131.726927790
32.847269444 131.726581389
32.847092923 131.726119157
32.846808944 131.725514048
32.846663314 131.725082739
</gml:posList>
</gml:LineStringSegment>
</gml:segments>
</gml:Curve>
</loc>
<type>普通鉄道</type>
</RailCL>
<RailCL gml:id="K21_4742111823_3">
<fid>47421-11823-s-1195</fid>
<lfSpanFr gml:id="K21_4742111823_3-1">
<gml:timePosition>2020-01-16</gml:timePosition>
</lfSpanFr>
<devDate gml:id="K21_4742111823_3-2">
<gml:timePosition>2020-12-23</gml:timePosition>
</devDate>
<orgGILvl>25000</orgGILvl>
<vis>非表示</vis>
<loc>
<gml:Curve gml:id="K21_4742111823_3-g" srsName="fguuid:jgd2011.bl">
<gml:segments>
<gml:LineStringSegment>
<gml:posList>
32.847631139 131.730021274
32.847568793 131.728903801
</gml:posList>
</gml:LineStringSegment>
</gml:segments>
</gml:Curve>
</loc>
<type>トンネル内の鉄道</type>
</RailCL>
<RailCL gml:id="K21_4742111823_4">
<fid>47421-11823-s-1196</fid>
<lfSpanFr gml:id="K21_4742111823_4-1">
<gml:timePosition>2020-01-16</gml:timePosition>
</lfSpanFr>
<devDate gml:id="K21_4742111823_4-2">
<gml:timePosition>2020-12-23</gml:timePosition>
</devDate>
<orgGILvl>25000</orgGILvl>
<vis>表示</vis>
<loc>
<gml:Curve gml:id="K21_4742111823_4-g" srsName="fguuid:jgd2011.bl">
<gml:segments>
<gml:LineStringSegment>
<gml:posList>
32.847631139 131.730021274
32.847645956 131.730272968
32.847659013 131.730477012
32.847669962 131.730624953
32.847681044 131.730781015
32.847693963 131.730916046
32.847711023 131.731051966
32.847734003 131.731178000
32.847772958 131.731347964
32.847816968 131.731517009
32.847893986 131.731747004
32.847956004 131.731904980
32.848030996 131.732064985
32.848107990 131.732222016
32.848197992 131.732374988
32.848289963 131.732515050
32.848377014 131.732632958
32.848454014 131.732726960
32.848550969 131.732832024
32.848663996 131.732948970
32.848802044 131.733074029
32.849061966 131.733299015
32.849101229 131.733333333
</gml:posList>
</gml:LineStringSegment>
</gml:segments>
</gml:Curve>
</loc>
<type>普通鉄道</type>
</RailCL>
<RailCL gml:id="K21_4742411823_1">
<fid>47424-11823-s-498</fid>
<lfSpanFr gml:id="K21_4742411823_1-1">
<gml:timePosition>2016-10-07</gml:timePosition>
</lfSpanFr>
<devDate gml:id="K21_4742411823_1-2">
<gml:timePosition>2020-12-23</gml:timePosition>
</devDate>
<orgGILvl>25000</orgGILvl>
<vis>表示</vis>
<loc>
<gml:Curve gml:id="K21_4742411823_1-g" srsName="fguuid:jgd2011.bl">
<gml:segments>
<gml:LineStringSegment>
<gml:posList>
32.849101229 131.733333333
32.849252971 131.733465961
32.849403026 131.733604046
32.849494045 131.733691008
32.849572991 131.733775948
32.849648968 131.733860009
32.849724001 131.733951006
32.849795043 131.734046031
32.849855992 131.734140010
32.849914974 131.734230983
32.849962021 131.734312028
32.850000000 131.734378896
</gml:posList>
</gml:LineStringSegment>
</gml:segments>
</gml:Curve>
</loc>
<type>普通鉄道</type>
</RailCL>
<RailCL gml:id="K21_4742411826_1">
<fid>47424-11826-s-751</fid>
<lfSpanFr gml:id="K21_4742411826_1-1">
<gml:timePosition>2016-10-07</gml:timePosition>
</lfSpanFr>
<devDate gml:id="K21_4742411826_1-2">
<gml:timePosition>2020-12-23</gml:timePosition>
</devDate>
<orgGILvl>25000</orgGILvl>
<vis>表示</vis>
<loc>
<gml:Curve gml:id="K21_4742411826_1-g" srsName="fguuid:jgd2011.bl">
<gml:segments>
<gml:LineStringSegment>
<gml:posList>
32.850817983 131.736993964
32.850896970 131.737285951
32.850955972 131.737511002
32.851011996 131.737720966
32.851033992 131.737829049
32.851051955 131.737933040
32.851073033 131.738044001
32.851087979 131.738155017
32.851105977 131.738314028
32.851124991 131.738515032
32.851140033 131.738746985
32.851175966 131.739151967
32.851226014 131.739808019
32.851270991 131.740390956
32.851304034 131.740810979
32.851318979 131.741013019
32.851326986 131.741198976
32.851326984 131.741320980
32.851324007 131.741442959
32.851317999 131.741559038
32.851310817 131.741666667
</gml:posList>
</gml:LineStringSegment>
</gml:segments>
</gml:Curve>
</loc>
<type>普通鉄道</type>
</RailCL>
<RailCL gml:id="K21_4742411826_2">
<fid>47424-11826-s-752</fid>
<lfSpanFr gml:id="K21_4742411826_2-1">
<gml:timePosition>2016-10-07</gml:timePosition>
</lfSpanFr>
<devDate gml:id="K21_4742411826_2-2">
<gml:timePosition>2020-12-23</gml:timePosition>
</devDate>
<orgGILvl>25000</orgGILvl>
<vis>表示</vis>
<loc>
<gml:Curve gml:id="K21_4742411826_2-g" srsName="fguuid:jgd2011.bl">
<gml:segments>
<gml:LineStringSegment>
<gml:posList>
32.850423992 131.735524964
32.850482001 131.735766030
32.850567997 131.736078050
32.850679020 131.736488991
</gml:posList>
</gml:LineStringSegment>
</gml:segments>
</gml:Curve>
</loc>
<type>普通鉄道</type>
</RailCL>
<RailCL gml:id="K21_4742411826_3">
<fid>47424-11826-s-753</fid>
<lfSpanFr gml:id="K21_4742411826_3-1">
<gml:timePosition>2016-10-07</gml:timePosition>
</lfSpanFr>
<devDate gml:id="K21_4742411826_3-2">
<gml:timePosition>2020-12-23</gml:timePosition>
</devDate>
<orgGILvl>25000</orgGILvl>
<vis>表示</vis>
<loc>
<gml:Curve gml:id="K21_4742411826_3-g" srsName="fguuid:jgd2011.bl">
<gml:segments>
<gml:LineStringSegment>
<gml:posList>
32.850000000 131.734378896
32.850007987 131.734392958
32.850050959 131.734476962
</gml:posList>
</gml:LineStringSegment>
</gml:segments>
</gml:Curve>
</loc>
<type>普通鉄道</type>
</RailCL>
<RailCL gml:id="K21_4742411826_4">
<fid>47424-11826-s-840</fid>
<lfSpanFr gml:id="K21_4742411826_4-1">
<gml:timePosition>2020-01-16</gml:timePosition>
</lfSpanFr>
<devDate gml:id="K21_4742411826_4-2">
<gml:timePosition>2020-12-23</gml:timePosition>
</devDate>
<orgGILvl>25000</orgGILvl>
<vis>非表示</vis>
<loc>
<gml:Curve gml:id="K21_4742411826_4-g" srsName="fguuid:jgd2011.bl">
<gml:segments>
<gml:LineStringSegment>
<gml:posList>
32.850679020 131.736488991
32.850679014 131.736489953
32.850817983 131.736993964
</gml:posList>
</gml:LineStringSegment>
</gml:segments>
</gml:Curve>
</loc>
<type>トンネル内の鉄道</type>
</RailCL>
<RailCL gml:id="K21_4742411826_5">
<fid>47424-11826-s-841</fid>
<lfSpanFr gml:id="K21_4742411826_5-1">
<gml:timePosition>2020-01-16</gml:timePosition>
</lfSpanFr>
<devDate gml:id="K21_4742411826_5-2">
<gml:timePosition>2020-12-23</gml:timePosition>
</devDate>
<orgGILvl>25000</orgGILvl>
<vis>非表示</vis>
<loc>
<gml:Curve gml:id="K21_4742411826_5-g" srsName="fguuid:jgd2011.bl">
<gml:segments>
<gml:LineStringSegment>
<gml:posList>
32.850050959 131.734476962
32.850154026 131.734708034
32.850250957 131.734954975
32.850348972 131.735263033
32.850423992 131.735524964
</gml:posList>
</gml:LineStringSegment>
</gml:segments>
</gml:Curve>
</loc>
<type>トンネル内の鉄道</type>
</RailCL>
<RailCL gml:id="K21_4742711826_1">
<fid>47427-11826-s-1520</fid>
<lfSpanFr gml:id="K21_4742711826_1-1">
<gml:timePosition>2016-10-07</gml:timePosition>
</lfSpanFr>
<devDate gml:id="K21_4742711826_1-2">
<gml:timePosition>2020-12-23</gml:timePosition>
</devDate>
<orgGILvl>25000</orgGILvl>
<vis>表示</vis>
<loc>
<gml:Curve gml:id="K21_4742711826_1-g" srsName="fguuid:jgd2011.bl">
<gml:segments>
<gml:LineStringSegment>
<gml:posList>
32.851310817 131.741666667
32.851308993 131.741694000
32.851294027 131.741799961
32.851274997 131.741922021
32.851239031 131.742086992
32.851208039 131.742218994
32.851170958 131.742358958
32.851134037 131.742472001
32.851102976 131.742570029
</gml:posList>
</gml:LineStringSegment>
</gml:segments>
</gml:Curve>
</loc>
<type>普通鉄道</type>
</RailCL>
<RailCL gml:id="K21_4742711826_2">
<fid>47427-11826-s-1679</fid>
<lfSpanFr gml:id="K21_4742711826_2-1">
<gml:timePosition>2020-01-16</gml:timePosition>
</lfSpanFr>
<devDate gml:id="K21_4742711826_2-2">
<gml:timePosition>2020-12-23</gml:timePosition>
</devDate>
<orgGILvl>25000</orgGILvl>
<vis>非表示</vis>
<loc>
<gml:Curve gml:id="K21_4742711826_2-g" srsName="fguuid:jgd2011.bl">
<gml:segments>
<gml:LineStringSegment>
<gml:posList>
32.857333593 131.747185706
32.856752703 131.747822683
</gml:posList>
</gml:LineStringSegment>
</gml:segments>
</gml:Curve>
</loc>
<type>トンネル内の鉄道</type>
</RailCL>
<RailCL gml:id="K21_4742711826_3">
<fid>47427-11826-s-1680</fid>
<lfSpanFr gml:id="K21_4742711826_3-1">
<gml:timePosition>2020-01-16</gml:timePosition>
</lfSpanFr>
<devDate gml:id="K21_4742711826_3-2">
<gml:timePosition>2020-12-23</gml:timePosition>
</devDate>
<orgGILvl>25000</orgGILvl>
<vis>表示</vis>
<loc>
<gml:Curve gml:id="K21_4742711826_3-g" srsName="fguuid:jgd2011.bl">
<gml:segments>
<gml:LineStringSegment>
<gml:posList>
32.854131934 131.748595927
32.855214910 131.748581414
32.855518703 131.748538981
32.855800833 131.748477500
32.856025833 131.748384167
32.856268056 131.748250556
32.856752703 131.747822683
</gml:posList>
</gml:LineStringSegment>
</gml:segments>
</gml:Curve>
</loc>
<type>普通鉄道</type>
</RailCL>
<RailCL gml:id="K21_4742711826_4">
<fid>47427-11826-s-1681</fid>
<lfSpanFr gml:id="K21_4742711826_4-1">
<gml:timePosition>2020-01-16</gml:timePosition>
</lfSpanFr>
<devDate gml:id="K21_4742711826_4-2">
<gml:timePosition>2020-12-23</gml:timePosition>
</devDate>
<orgGILvl>25000</orgGILvl>
<vis>表示</vis>
<loc>
<gml:Curve gml:id="K21_4742711826_4-g" srsName="fguuid:jgd2011.bl">
<gml:segments>
<gml:LineStringSegment>
<gml:posList>
32.858332885 131.746284792
32.858071042 131.746459168
32.857831541 131.746668781
32.857333593 131.747185706
</gml:posList>
</gml:LineStringSegment>
</gml:segments>
</gml:Curve>
</loc>
<type>普通鉄道</type>
</RailCL>
<RailCL gml:id="K21_4742711826_5">
<fid>47427-11826-s-1682</fid>
<lfSpanFr gml:id="K21_4742711826_5-1">
<gml:timePosition>2020-01-16</gml:timePosition>
</lfSpanFr>
<devDate gml:id="K21_4742711826_5-2">
<gml:timePosition>2020-12-23</gml:timePosition>
</devDate>
<orgGILvl>25000</orgGILvl>
<vis>非表示</vis>
<loc>
<gml:Curve gml:id="K21_4742711826_5-g" srsName="fguuid:jgd2011.bl">
<gml:segments>
<gml:LineStringSegment>
<gml:posList>
32.852005989 131.748411590
32.852197811 131.748480178
32.852432259 131.748533213
32.853250663 131.748571301
32.853747398 131.748593076
32.854131934 131.748595927
</gml:posList>
</gml:LineStringSegment>
</gml:segments>
</gml:Curve>
</loc>
<type>トンネル内の鉄道</type>
</RailCL>
<RailCL gml:id="K21_4742711826_6">
<fid>47427-11826-s-1683</fid>
<lfSpanFr gml:id="K21_4742711826_6-1">
<gml:timePosition>2020-01-16</gml:timePosition>
</lfSpanFr>
<devDate gml:id="K21_4742711826_6-2">
<gml:timePosition>2020-12-23</gml:timePosition>
</devDate>
<orgGILvl>25000</orgGILvl>
<vis>表示</vis>
<loc>
<gml:Curve gml:id="K21_4742711826_6-g" srsName="fguuid:jgd2011.bl">
<gml:segments>
<gml:LineStringSegment>
<gml:posList>
32.850239621 131.745692149
32.850247997 131.745758046
32.850259966 131.745883034
32.850280978 131.746018993
32.850308044 131.746168037
32.850342992 131.746310951
32.850392957 131.746490954
32.850449963 131.746669949
32.850507008 131.746811980
32.850570016 131.746952031
32.850649023 131.747116040
32.850746997 131.747290037
32.850861016 131.747465024
32.850969021 131.747605026
32.851071009 131.747725962
32.851200037 131.747864004
32.851301037 131.747953951
32.851409040 131.748048977
32.851520987 131.748133033
32.851560645 131.748161166
32.851621811 131.748202575
32.851685889 131.748243983
32.852005989 131.748411590
</gml:posList>
</gml:LineStringSegment>
</gml:segments>
</gml:Curve>
</loc>
<type>普通鉄道</type>
</RailCL>
<RailCL gml:id="K21_4742711826_7">
<fid>47427-11826-s-1684</fid>
<lfSpanFr gml:id="K21_4742711826_7-1">
<gml:timePosition>2020-01-16</gml:timePosition>
</lfSpanFr>
<devDate gml:id="K21_4742711826_7-2">
<gml:timePosition>2020-12-23</gml:timePosition>
</devDate>
<orgGILvl>25000</orgGILvl>
<vis>非表示</vis>
<loc>
<gml:Curve gml:id="K21_4742711826_7-g" srsName="fguuid:jgd2011.bl">
<gml:segments>
<gml:LineStringSegment>
<gml:posList>
32.850621504 131.743673625
32.850485501 131.743983013
32.850366166 131.744342273
32.850319343 131.744501165
32.850279483 131.744740433
32.850244081 131.744992909
32.850232665 131.745420283
32.850239621 131.745692149
</gml:posList>
</gml:LineStringSegment>
</gml:segments>
</gml:Curve>
</loc>
<type>トンネル内の鉄道</type>
</RailCL>
<RailCL gml:id="K21_4742711826_8">
<fid>47427-11826-s-1685</fid>
<lfSpanFr gml:id="K21_4742711826_8-1">
<gml:timePosition>2020-01-16</gml:timePosition>
</lfSpanFr>
<devDate gml:id="K21_4742711826_8-2">
<gml:timePosition>2020-12-23</gml:timePosition>
</devDate>
<orgGILvl>25000</orgGILvl>
<vis>表示</vis>
<loc>
<gml:Curve gml:id="K21_4742711826_8-g" srsName="fguuid:jgd2011.bl">
<gml:segments>
<gml:LineStringSegment>
<gml:posList>
32.850829985 131.743227983
32.850621504 131.743673625
</gml:posList>
</gml:LineStringSegment>
</gml:segments>
</gml:Curve>
</loc>
<type>普通鉄道</type>
</RailCL>
<RailCL gml:id="K21_4742711826_9">
<fid>47427-11826-s-1686</fid>
<lfSpanFr gml:id="K21_4742711826_9-1">
<gml:timePosition>2020-01-16</gml:timePosition>
</lfSpanFr>
<devDate gml:id="K21_4742711826_9-2">
<gml:timePosition>2020-12-23</gml:timePosition>
</devDate>
<orgGILvl>25000</orgGILvl>
<vis>非表示</vis>
<loc>
<gml:Curve gml:id="K21_4742711826_9-g" srsName="fguuid:jgd2011.bl">
<gml:segments>
<gml:LineStringSegment>
<gml:posList>
32.851102976 131.742570029
32.850836026 131.743212969
32.850829985 131.743227983
</gml:posList>
</gml:LineStringSegment>
</gml:segments>
</gml:Curve>
</loc>
<type>トンネル内の鉄道</type>
</RailCL>
<RailCL gml:id="K21_4742711826_10">
<fid>47427-11826-s-1687</fid>
<lfSpanFr gml:id="K21_4742711826_10-1">
<gml:timePosition>2020-01-16</gml:timePosition>
</lfSpanFr>
<devDate gml:id="K21_4742711826_10-2">
<gml:timePosition>2020-12-23</gml:timePosition>
</devDate>
<orgGILvl>25000</orgGILvl>
<vis>表示</vis>
<loc>
<gml:Curve gml:id="K21_4742711826_10-g" srsName="fguuid:jgd2011.bl">
<gml:segments>
<gml:LineStringSegment>
<gml:posList>
32.858333333 131.746284589
32.858332885 131.746284792
</gml:posList>
</gml:LineStringSegment>
</gml:segments>
</gml:Curve>
</loc>
<type>普通鉄道</type>
</RailCL>
<RailCL gml:id="K21_4742711829_1">
<fid>47427-11829-s-1215</fid>
<lfSpanFr gml:id="K21_4742711829_1-1">
<gml:timePosition>2020-01-16</gml:timePosition>
</lfSpanFr>
<devDate gml:id="K21_4742711829_1-2">
<gml:timePosition>2020-12-23</gml:timePosition>
</devDate>
<orgGILvl>25000</orgGILvl>
<vis>非表示</vis>
<loc>
<gml:Curve gml:id="K21_4742711829_1-g" srsName="fguuid:jgd2011.bl">
<gml:segments>
<gml:LineStringSegment>
<gml:posList>
32.862476693 131.747402928
32.862312468 131.747187346
32.862162974 131.747008816
32.862006111 131.746851389
32.861745278 131.746674167
</gml:posList>
</gml:LineStringSegment>
</gml:segments>
</gml:Curve>
</loc>
<type>トンネル内の鉄道</type>
</RailCL>
<RailCL gml:id="K21_4742711829_2">
<fid>47427-11829-s-1216</fid>
<lfSpanFr gml:id="K21_4742711829_2-1">
<gml:timePosition>2020-01-16</gml:timePosition>
</lfSpanFr>
<devDate gml:id="K21_4742711829_2-2">
<gml:timePosition>2020-12-23</gml:timePosition>
</devDate>
<orgGILvl>25000</orgGILvl>
<vis>表示</vis>
<loc>
<gml:Curve gml:id="K21_4742711829_2-g" srsName="fguuid:jgd2011.bl">
<gml:segments>
<gml:LineStringSegment>
<gml:posList>
32.862476693 131.747402928
32.862602143 131.747604432
32.862716819 131.747812718
32.863026655 131.748400935
32.863240078 131.748772629
32.863567277 131.749195428
32.863796400 131.749418771
32.864054245 131.749616638
32.864298086 131.749762414
32.864491944 131.749845278
32.864834028 131.750000000
</gml:posList>
</gml:LineStringSegment>
</gml:segments>
</gml:Curve>
</loc>
<type>普通鉄道</type>
</RailCL>
<RailCL gml:id="K21_4742711829_3">
<fid>47427-11829-s-1217</fid>
<lfSpanFr gml:id="K21_4742711829_3-1">
<gml:timePosition>2020-01-16</gml:timePosition>
</lfSpanFr>
<devDate gml:id="K21_4742711829_3-2">
<gml:timePosition>2020-12-23</gml:timePosition>
</devDate>
<orgGILvl>25000</orgGILvl>
<vis>表示</vis>
<loc>
<gml:Curve gml:id="K21_4742711829_3-g" srsName="fguuid:jgd2011.bl">
<gml:segments>
<gml:LineStringSegment>
<gml:posList>
32.861745278 131.746674167
32.861323889 131.746442222
32.860748414 131.746230191
32.860377934 131.746130265
32.859949322 131.746023212
32.859511389 131.745963611
32.859126736 131.746005371
32.858713043 131.746112226
32.858333333 131.746284589
</gml:posList>
</gml:LineStringSegment>
</gml:segments>
</gml:Curve>
</loc>
<type>普通鉄道</type>
</RailCL>
</Dataset>
