<?xml version="1.0" encoding="utf-8"?>
<Dataset xsi:schemaLocation="http://fgd.gsi.go.jp/spec/2008/FGD_GMLSchema FGD_GMLSchema.xsd"
	xmlns:gml="http://www.opengis.net/gml/3.2"
	xmlns:xsi="http://www.w3.org/2001/XMLSchema-instance"
	xmlns:xlink="http://www.w3.org/1999/xlink"
	xmlns="http://fgd.gsi.go.jp/spec/2008/FGD_GMLSchema"
	gml:id="Dataset1">
  <gml:description>基盤地図情報メタデータ ID=fmdid:21-0101</gml:description>
  <gml:name>基盤地図情報ダウンロードデータ（GML版）</gml:name>
<GCP gml:id="K1_493125_1">
<fid>10-00100-0-2012-161</fid>
<lfSpanFr gml:id="K1_493125_1-1">
<gml:timePosition>2020-12-21</gml:timePosition>
</lfSpanFr>
<devDate gml:id="K1_493125_1-2">
<gml:timePosition>2020-12-23</gml:timePosition>
</devDate>
<orgGILvl>KJ10</orgGILvl>
<vis>表示</vis>
<pos>
<gml:Point gml:id="K1_493125_1-g" srsName="fguuid:jgd2011.bl">
<gml:pos>32.852225611 131.629225472</gml:pos>
</gml:Point>
</pos>
<orgName>国土地理院</orgName>
<type>電子基準点</type>
<gcpClass>電子基準点</gcpClass>
<gcpCode>EL04931252001</gcpCode>
<name>宇目</name>
<B>118268.0122</B>
<L>473865.2117</L>
<alti>183.01</alti>
<altiAcc>2</altiAcc>
</GCP>
<GCP gml:id="K1_493125_2">
<fid>10-00100-0-2012-1471</fid>
<lfSpanFr gml:id="K1_493125_2-1">
<gml:timePosition>2020-12-21</gml:timePosition>
</lfSpanFr>
<devDate gml:id="K1_493125_2-2">
<gml:timePosition>2020-12-23</gml:timePosition>
</devDate>
<orgGILvl>KJ10</orgGILvl>
<vis>表示</vis>
<pos>
<gml:Point gml:id="K1_493125_2-g" srsName="fguuid:jgd2011.bl">
<gml:pos>32.852219972 131.629228000</gml:pos>
</gml:Point>
</pos>
<orgName>国土地理院</orgName>
<type>電子基準点</type>
<gcpClass>電子基準点</gcpClass>
<gcpCode>EL14931252002</gcpCode>
<name>宇目（付）</name>
<B>118267.9919</B>
<L>473865.2208</L>
<alti>178.495</alti>
<altiAcc>3</altiAcc>
</GCP>
<GCP gml:id="K1_493125_3">
<fid>10-00100-0-2012-5160</fid>
<lfSpanFr gml:id="K1_493125_3-1">
<gml:timePosition>2020-12-21</gml:timePosition>
</lfSpanFr>
<devDate gml:id="K1_493125_3-2">
<gml:timePosition>2020-12-23</gml:timePosition>
</devDate>
<orgGILvl>SJ11</orgGILvl>
<vis>表示</vis>
<pos>
<gml:Point gml:id="K1_493125_3-g" srsName="fguuid:jgd2011.bl">
<gml:pos>32.841899167 131.716177444</gml:pos>
</gml:Point>
</pos>
<orgName>国土地理院</orgName>
<type>水準点</type>
<gcpClass>一等水準点</gcpClass>
<gcpCode>L010000002600</gcpCode>
<name>２６００</name>
<B>118230.837</B>
<L>474178.2388</L>
<alti>218.0278</alti>
<altiAcc>4</altiAcc>
</GCP>
<GCP gml:id="K1_493125_4">
<fid>10-00100-0-2012-5161</fid>
<lfSpanFr gml:id="K1_493125_4-1">
<gml:timePosition>2020-12-21</gml:timePosition>
</lfSpanFr>
<devDate gml:id="K1_493125_4-2">
<gml:timePosition>2020-12-23</gml:timePosition>
</devDate>
<orgGILvl>SJ11</orgGILvl>
<vis>表示</vis>
<pos>
<gml:Point gml:id="K1_493125_4-g" srsName="fguuid:jgd2011.bl">
<gml:pos>32.849055444 131.729867833</gml:pos>
</gml:Point>
</pos>
<orgName>国土地理院</orgName>
<type>水準点</type>
<gcpClass>一等水準点</gcpClass>
<gcpCode>L010000002601</gcpCode>
<name>２６０１</name>
<B>118256.5996</B>
<L>474227.5242</L>
<alti>175.7992</alti>
<altiAcc>4</altiAcc>
</GCP>
<GCP gml:id="K1_493125_5">
<fid>10-00100-0-2012-5162</fid>
<lfSpanFr gml:id="K1_493125_5-1">
<gml:timePosition>2020-12-21</gml:timePosition>
</lfSpanFr>
<devDate gml:id="K1_493125_5-2">
<gml:timePosition>2020-12-23</gml:timePosition>
</devDate>
<orgGILvl>SJ11</orgGILvl>
<vis>表示</vis>
<pos>
<gml:Point gml:id="K1_493125_5-g" srsName="fguuid:jgd2011.bl">
<gml:pos>32.857971639 131.746223583</gml:pos>
</gml:Point>
</pos>
<orgName>国土地理院</orgName>
<type>水準点</type>
<gcpClass>一等水準点</gcpClass>
<gcpCode>L010000002602</gcpCode>
<name>２６０２</name>
<B>118288.6979</B>
<L>474286.4049</L>
<alti>113.7761</alti>
<altiAcc>4</altiAcc>
</GCP>
<GCP gml:id="K1_493125_6">
<fid>10-00100-0-2012-17262</fid>
<lfSpanFr gml:id="K1_493125_6-1">
<gml:timePosition>2020-12-21</gml:timePosition>
</lfSpanFr>
<devDate gml:id="K1_493125_6-2">
<gml:timePosition>2020-12-23</gml:timePosition>
</devDate>
<orgGILvl>SJ11</orgGILvl>
<vis>表示</vis>
<pos>
<gml:Point gml:id="K1_493125_6-g" srsName="fguuid:jgd2011.bl">
<gml:pos>32.858522278 131.745811472</gml:pos>
</gml:Point>
</pos>
<orgName>国土地理院</orgName>
<type>水準点</type>
<gcpClass>一等水準点</gcpClass>
<gcpCode>L04000010-208</gcpCode>
<name>０１０－２０８</name>
<B>118290.6802</B>
<L>474284.9213</L>
<alti>114.718</alti>
<altiAcc>4</altiAcc>
</GCP>
<GCP gml:id="K1_493125_7">
<fid>10-00100-0-2012-17263</fid>
<lfSpanFr gml:id="K1_493125_7-1">
<gml:timePosition>2020-12-21</gml:timePosition>
</lfSpanFr>
<devDate gml:id="K1_493125_7-2">
<gml:timePosition>2020-12-23</gml:timePosition>
</devDate>
<orgGILvl>SJ11</orgGILvl>
<vis>表示</vis>
<pos>
<gml:Point gml:id="K1_493125_7-g" srsName="fguuid:jgd2011.bl">
<gml:pos>32.839478361 131.716523222</gml:pos>
</gml:Point>
</pos>
<orgName>国土地理院</orgName>
<type>水準点</type>
<gcpClass>一等水準点</gcpClass>
<gcpCode>L04000010-212</gcpCode>
<name>０１０－２１２</name>
<B>118222.1221</B>
<L>474179.4836</L>
<alti>214.7034</alti>
<altiAcc>4</altiAcc>
</GCP>
<GCP gml:id="K1_493125_8">
<fid>10-00100-0-2012-20058</fid>
<lfSpanFr gml:id="K1_493125_8-1">
<gml:timePosition>2020-12-21</gml:timePosition>
</lfSpanFr>
<devDate gml:id="K1_493125_8-2">
<gml:timePosition>2020-12-23</gml:timePosition>
</devDate>
<orgGILvl>SJ13</orgGILvl>
<vis>表示</vis>
<pos>
<gml:Point gml:id="K1_493125_8-g" srsName="fguuid:jgd2011.bl">
<gml:pos>32.852219972 131.629228000</gml:pos>
</gml:Point>
</pos>
<orgName>国土地理院</orgName>
<type>水準点</type>
<gcpClass>三等水準点</gcpClass>
<gcpCode>L0F000021082A</gcpCode>
<name>０２１０８２Ａ</name>
<B>118267.9919</B>
<L>473865.2208</L>
<alti>178.495</alti>
<altiAcc>3</altiAcc>
</GCP>
<GCP gml:id="K1_493125_9">
<fid>10-00100-0-2012-21820</fid>
<lfSpanFr gml:id="K1_493125_9-1">
<gml:timePosition>2020-12-21</gml:timePosition>
</lfSpanFr>
<devDate gml:id="K1_493125_9-2">
<gml:timePosition>2020-12-23</gml:timePosition>
</devDate>
<orgGILvl>KJ12</orgGILvl>
<vis>表示</vis>
<pos>
<gml:Point gml:id="K1_493125_9-g" srsName="fguuid:jgd2011.bl">
<gml:pos>32.888974639 131.662586444</gml:pos>
</gml:Point>
</pos>
<orgName>国土地理院</orgName>
<type>三角点</type>
<gcpClass>二等三角点</gcpClass>
<gcpCode>TR24931256301</gcpCode>
<name>酒利岳</name>
<B>118400.3087</B>
<L>473985.3112</L>
<alti>753.18</alti>
<altiAcc>2</altiAcc>
</GCP>
<GCP gml:id="K1_493125_10">
<fid>10-00100-0-2012-29147</fid>
<lfSpanFr gml:id="K1_493125_10-1">
<gml:timePosition>2020-12-21</gml:timePosition>
</lfSpanFr>
<devDate gml:id="K1_493125_10-2">
<gml:timePosition>2020-12-23</gml:timePosition>
</devDate>
<orgGILvl>KJ13</orgGILvl>
<vis>表示</vis>
<pos>
<gml:Point gml:id="K1_493125_10-g" srsName="fguuid:jgd2011.bl">
<gml:pos>32.839518611 131.657843111</gml:pos>
</gml:Point>
</pos>
<orgName>国土地理院</orgName>
<type>三角点</type>
<gcpClass>三等三角点</gcpClass>
<gcpCode>TR34931250201</gcpCode>
<name>大畑</name>
<B>118222.267</B>
<L>473968.2352</L>
<alti>400.34</alti>
<altiAcc>2</altiAcc>
</GCP>
<GCP gml:id="K1_493125_11">
<fid>10-00100-0-2012-29148</fid>
<lfSpanFr gml:id="K1_493125_11-1">
<gml:timePosition>2020-12-21</gml:timePosition>
</lfSpanFr>
<devDate gml:id="K1_493125_11-2">
<gml:timePosition>2020-12-23</gml:timePosition>
</devDate>
<orgGILvl>KJ13</orgGILvl>
<vis>表示</vis>
<pos>
<gml:Point gml:id="K1_493125_11-g" srsName="fguuid:jgd2011.bl">
<gml:pos>32.843416694 131.691687861</gml:pos>
</gml:Point>
</pos>
<orgName>国土地理院</orgName>
<type>三角点</type>
<gcpClass>三等三角点</gcpClass>
<gcpCode>TR34931251501</gcpCode>
<name>今城</name>
<B>118236.3001</B>
<L>474090.0763</L>
<alti>338.07</alti>
<altiAcc>2</altiAcc>
</GCP>
<GCP gml:id="K1_493125_12">
<fid>10-00100-0-2012-29149</fid>
<lfSpanFr gml:id="K1_493125_12-1">
<gml:timePosition>2020-12-21</gml:timePosition>
</lfSpanFr>
<devDate gml:id="K1_493125_12-2">
<gml:timePosition>2020-12-23</gml:timePosition>
</devDate>
<orgGILvl>KJ13</orgGILvl>
<vis>表示</vis>
<pos>
<gml:Point gml:id="K1_493125_12-g" srsName="fguuid:jgd2011.bl">
<gml:pos>32.863531917 131.658916306</gml:pos>
</gml:Point>
</pos>
<orgName>国土地理院</orgName>
<type>三角点</type>
<gcpClass>三等三角点</gcpClass>
<gcpCode>TR34931253201</gcpCode>
<name>清ノ木</name>
<B>118308.7149</B>
<L>473972.0987</L>
<alti>407.98</alti>
<altiAcc>2</altiAcc>
</GCP>
<GCP gml:id="K1_493125_13">
<fid>10-00100-0-2012-29150</fid>
<lfSpanFr gml:id="K1_493125_13-1">
<gml:timePosition>2020-12-21</gml:timePosition>
</lfSpanFr>
<devDate gml:id="K1_493125_13-2">
<gml:timePosition>2020-12-23</gml:timePosition>
</devDate>
<orgGILvl>KJ13</orgGILvl>
<vis>表示</vis>
<pos>
<gml:Point gml:id="K1_493125_13-g" srsName="fguuid:jgd2011.bl">
<gml:pos>32.858900833 131.711716278</gml:pos>
</gml:Point>
</pos>
<orgName>国土地理院</orgName>
<type>三角点</type>
<gcpClass>三等三角点</gcpClass>
<gcpCode>TR34931253601</gcpCode>
<name>代ノ峯</name>
<B>118292.043</B>
<L>474162.1786</L>
<alti>393.41</alti>
<altiAcc>2</altiAcc>
</GCP>
<GCP gml:id="K1_493125_14">
<fid>10-00100-0-2012-29151</fid>
<lfSpanFr gml:id="K1_493125_14-1">
<gml:timePosition>2020-12-21</gml:timePosition>
</lfSpanFr>
<devDate gml:id="K1_493125_14-2">
<gml:timePosition>2020-12-23</gml:timePosition>
</devDate>
<orgGILvl>KJ13</orgGILvl>
<vis>表示</vis>
<pos>
<gml:Point gml:id="K1_493125_14-g" srsName="fguuid:jgd2011.bl">
<gml:pos>32.866007694 131.735842417</gml:pos>
</gml:Point>
</pos>
<orgName>国土地理院</orgName>
<type>三角点</type>
<gcpClass>三等三角点</gcpClass>
<gcpCode>TR34931253801</gcpCode>
<name>井取</name>
<B>118317.6277</B>
<L>474249.0327</L>
<alti>358.69</alti>
<altiAcc>2</altiAcc>
</GCP>
<GCP gml:id="K1_493125_15">
<fid>10-00100-0-2012-29152</fid>
<lfSpanFr gml:id="K1_493125_15-1">
<gml:timePosition>2020-12-21</gml:timePosition>
</lfSpanFr>
<devDate gml:id="K1_493125_15-2">
<gml:timePosition>2020-12-23</gml:timePosition>
</devDate>
<orgGILvl>KJ13</orgGILvl>
<vis>表示</vis>
<pos>
<gml:Point gml:id="K1_493125_15-g" srsName="fguuid:jgd2011.bl">
<gml:pos>32.882900333 131.705164778</gml:pos>
</gml:Point>
</pos>
<orgName>国土地理院</orgName>
<type>三角点</type>
<gcpClass>三等三角点</gcpClass>
<gcpCode>TR34931255601</gcpCode>
<name>桃ノ木</name>
<B>118378.4412</B>
<L>474138.5932</L>
<alti>415.99</alti>
<altiAcc>2</altiAcc>
</GCP>
<GCP gml:id="K1_493125_16">
<fid>10-00100-0-2012-29153</fid>
<lfSpanFr gml:id="K1_493125_16-1">
<gml:timePosition>2020-12-21</gml:timePosition>
</lfSpanFr>
<devDate gml:id="K1_493125_16-2">
<gml:timePosition>2020-12-23</gml:timePosition>
</devDate>
<orgGILvl>KJ13</orgGILvl>
<vis>表示</vis>
<pos>
<gml:Point gml:id="K1_493125_16-g" srsName="fguuid:jgd2011.bl">
<gml:pos>32.897920167 131.633138722</gml:pos>
</gml:Point>
</pos>
<orgName>国土地理院</orgName>
<type>三角点</type>
<gcpClass>三等三角点</gcpClass>
<gcpCode>TR34931257001</gcpCode>
<name>小手畑</name>
<B>118432.5126</B>
<L>473879.2994</L>
<alti>547.37</alti>
<altiAcc>2</altiAcc>
</GCP>
<GCP gml:id="K1_493125_17">
<fid>10-00100-0-2012-29154</fid>
<lfSpanFr gml:id="K1_493125_17-1">
<gml:timePosition>2020-12-21</gml:timePosition>
</lfSpanFr>
<devDate gml:id="K1_493125_17-2">
<gml:timePosition>2020-12-23</gml:timePosition>
</devDate>
<orgGILvl>KJ13</orgGILvl>
<vis>表示</vis>
<pos>
<gml:Point gml:id="K1_493125_17-g" srsName="fguuid:jgd2011.bl">
<gml:pos>32.898921333 131.746985972</gml:pos>
</gml:Point>
</pos>
<orgName>国土地理院</orgName>
<type>三角点</type>
<gcpClass>三等三角点</gcpClass>
<gcpCode>TR34931257901</gcpCode>
<name>樫ノ峰</name>
<B>118436.1168</B>
<L>474289.1495</L>
<alti>346.22</alti>
<altiAcc>2</altiAcc>
</GCP>
<GCP gml:id="K1_493125_18">
<fid>10-00100-0-2012-29155</fid>
<lfSpanFr gml:id="K1_493125_18-1">
<gml:timePosition>2020-12-21</gml:timePosition>
</lfSpanFr>
<devDate gml:id="K1_493125_18-2">
<gml:timePosition>2020-12-23</gml:timePosition>
</devDate>
<orgGILvl>KJ13</orgGILvl>
<vis>表示</vis>
<pos>
<gml:Point gml:id="K1_493125_18-g" srsName="fguuid:jgd2011.bl">
<gml:pos>32.907969139 131.672727333</gml:pos>
</gml:Point>
</pos>
<orgName>国土地理院</orgName>
<type>三角点</type>
<gcpClass>三等三角点</gcpClass>
<gcpCode>TR34931258301</gcpCode>
<name>上津川</name>
<B>118468.6889</B>
<L>474021.8184</L>
<alti>686.36</alti>
<altiAcc>2</altiAcc>
</GCP>
<GCP gml:id="K1_493125_19">
<fid>10-00100-0-2012-67015</fid>
<lfSpanFr gml:id="K1_493125_19-1">
<gml:timePosition>2020-12-21</gml:timePosition>
</lfSpanFr>
<devDate gml:id="K1_493125_19-2">
<gml:timePosition>2020-12-23</gml:timePosition>
</devDate>
<orgGILvl>KJ14</orgGILvl>
<vis>表示</vis>
<pos>
<gml:Point gml:id="K1_493125_19-g" srsName="fguuid:jgd2011.bl">
<gml:pos>32.836901583 131.640889583</gml:pos>
</gml:Point>
</pos>
<orgName>国土地理院</orgName>
<type>三角点</type>
<gcpClass>四等三角点</gcpClass>
<gcpCode>TR44931250101</gcpCode>
<name>駒鳴</name>
<B>118212.8457</B>
<L>473907.2025</L>
<alti>362.89</alti>
<altiAcc>2</altiAcc>
</GCP>
<GCP gml:id="K1_493125_20">
<fid>10-00100-0-2012-67017</fid>
<lfSpanFr gml:id="K1_493125_20-1">
<gml:timePosition>2020-12-21</gml:timePosition>
</lfSpanFr>
<devDate gml:id="K1_493125_20-2">
<gml:timePosition>2020-12-23</gml:timePosition>
</devDate>
<orgGILvl>KJ14</orgGILvl>
<vis>表示</vis>
<pos>
<gml:Point gml:id="K1_493125_20-g" srsName="fguuid:jgd2011.bl">
<gml:pos>32.849843194 131.672392667</gml:pos>
</gml:Point>
</pos>
<orgName>国土地理院</orgName>
<type>三角点</type>
<gcpClass>四等三角点</gcpClass>
<gcpCode>TR44931251301</gcpCode>
<name>尾谷</name>
<B>118259.4355</B>
<L>474020.6136</L>
<alti>306.43</alti>
<altiAcc>2</altiAcc>
</GCP>
<GCP gml:id="K1_493125_21">
<fid>10-00100-0-2012-67018</fid>
<lfSpanFr gml:id="K1_493125_21-1">
<gml:timePosition>2020-12-21</gml:timePosition>
</lfSpanFr>
<devDate gml:id="K1_493125_21-2">
<gml:timePosition>2020-12-23</gml:timePosition>
</devDate>
<orgGILvl>KJ14</orgGILvl>
<vis>表示</vis>
<pos>
<gml:Point gml:id="K1_493125_21-g" srsName="fguuid:jgd2011.bl">
<gml:pos>32.844979167 131.710090083</gml:pos>
</gml:Point>
</pos>
<orgName>国土地理院</orgName>
<type>三角点</type>
<gcpClass>四等三角点</gcpClass>
<gcpCode>TR44931251601</gcpCode>
<name>仲山</name>
<B>118241.925</B>
<L>474156.3243</L>
<alti>305.78</alti>
<altiAcc>2</altiAcc>
</GCP>
<GCP gml:id="K1_493125_22">
<fid>10-00100-0-2012-67019</fid>
<lfSpanFr gml:id="K1_493125_22-1">
<gml:timePosition>2020-12-21</gml:timePosition>
</lfSpanFr>
<devDate gml:id="K1_493125_22-2">
<gml:timePosition>2020-12-23</gml:timePosition>
</devDate>
<orgGILvl>KJ14</orgGILvl>
<vis>表示</vis>
<pos>
<gml:Point gml:id="K1_493125_22-g" srsName="fguuid:jgd2011.bl">
<gml:pos>32.843148028 131.742223806</gml:pos>
</gml:Point>
</pos>
<orgName>国土地理院</orgName>
<type>三角点</type>
<gcpClass>四等三角点</gcpClass>
<gcpCode>TR44931251901</gcpCode>
<name>田詰</name>
<B>118235.3329</B>
<L>474272.0057</L>
<alti>437.85</alti>
<altiAcc>2</altiAcc>
</GCP>
<GCP gml:id="K1_493125_23">
<fid>10-00100-0-2012-67020</fid>
<lfSpanFr gml:id="K1_493125_23-1">
<gml:timePosition>2020-12-21</gml:timePosition>
</lfSpanFr>
<devDate gml:id="K1_493125_23-2">
<gml:timePosition>2020-12-23</gml:timePosition>
</devDate>
<orgGILvl>KJ14</orgGILvl>
<vis>表示</vis>
<pos>
<gml:Point gml:id="K1_493125_23-g" srsName="fguuid:jgd2011.bl">
<gml:pos>32.853026556 131.646104222</gml:pos>
</gml:Point>
</pos>
<orgName>国土地理院</orgName>
<type>三角点</type>
<gcpClass>四等三角点</gcpClass>
<gcpCode>TR44931252101</gcpCode>
<name>河尻</name>
<B>118270.8956</B>
<L>473925.9752</L>
<alti>350.2</alti>
<altiAcc>2</altiAcc>
</GCP>
<GCP gml:id="K1_493125_24">
<fid>10-00100-0-2012-67021</fid>
<lfSpanFr gml:id="K1_493125_24-1">
<gml:timePosition>2020-12-21</gml:timePosition>
</lfSpanFr>
<devDate gml:id="K1_493125_24-2">
<gml:timePosition>2020-12-23</gml:timePosition>
</devDate>
<orgGILvl>KJ14</orgGILvl>
<vis>表示</vis>
<pos>
<gml:Point gml:id="K1_493125_24-g" srsName="fguuid:jgd2011.bl">
<gml:pos>32.856103472 131.695521611</gml:pos>
</gml:Point>
</pos>
<orgName>国土地理院</orgName>
<type>三角点</type>
<gcpClass>四等三角点</gcpClass>
<gcpCode>TR44931252501</gcpCode>
<name>高谷口</name>
<B>118281.9725</B>
<L>474103.8778</L>
<alti>244.04</alti>
<altiAcc>2</altiAcc>
</GCP>
<GCP gml:id="K1_493125_25">
<fid>10-00100-0-2012-67022</fid>
<lfSpanFr gml:id="K1_493125_25-1">
<gml:timePosition>2020-12-21</gml:timePosition>
</lfSpanFr>
<devDate gml:id="K1_493125_25-2">
<gml:timePosition>2020-12-23</gml:timePosition>
</devDate>
<orgGILvl>KJ14</orgGILvl>
<vis>表示</vis>
<pos>
<gml:Point gml:id="K1_493125_25-g" srsName="fguuid:jgd2011.bl">
<gml:pos>32.855617778 131.724245028</gml:pos>
</gml:Point>
</pos>
<orgName>国土地理院</orgName>
<type>三角点</type>
<gcpClass>四等三角点</gcpClass>
<gcpCode>TR44931252701</gcpCode>
<name>椛ヶ内</name>
<B>118280.224</B>
<L>474207.2821</L>
<alti>328.68</alti>
<altiAcc>2</altiAcc>
</GCP>
<GCP gml:id="K1_493125_26">
<fid>10-00100-0-2012-67023</fid>
<lfSpanFr gml:id="K1_493125_26-1">
<gml:timePosition>2020-12-21</gml:timePosition>
</lfSpanFr>
<devDate gml:id="K1_493125_26-2">
<gml:timePosition>2020-12-23</gml:timePosition>
</devDate>
<orgGILvl>KJ14</orgGILvl>
<vis>表示</vis>
<pos>
<gml:Point gml:id="K1_493125_26-g" srsName="fguuid:jgd2011.bl">
<gml:pos>32.855502889 131.737351389</gml:pos>
</gml:Point>
</pos>
<orgName>国土地理院</orgName>
<type>三角点</type>
<gcpClass>四等三角点</gcpClass>
<gcpCode>TR44931252801</gcpCode>
<name>小原内</name>
<B>118279.8104</B>
<L>474254.465</L>
<alti>334.61</alti>
<altiAcc>2</altiAcc>
</GCP>
<GCP gml:id="K1_493125_27">
<fid>10-00100-0-2012-67024</fid>
<lfSpanFr gml:id="K1_493125_27-1">
<gml:timePosition>2020-12-21</gml:timePosition>
</lfSpanFr>
<devDate gml:id="K1_493125_27-2">
<gml:timePosition>2020-12-23</gml:timePosition>
</devDate>
<orgGILvl>KJ14</orgGILvl>
<vis>表示</vis>
<pos>
<gml:Point gml:id="K1_493125_27-g" srsName="fguuid:jgd2011.bl">
<gml:pos>32.852249944 131.748925750</gml:pos>
</gml:Point>
</pos>
<orgName>国土地理院</orgName>
<type>三角点</type>
<gcpClass>四等三角点</gcpClass>
<gcpCode>TR44931252901</gcpCode>
<name>打添</name>
<B>118268.0998</B>
<L>474296.1327</L>
<alti>203.31</alti>
<altiAcc>2</altiAcc>
</GCP>
<GCP gml:id="K1_493125_28">
<fid>10-00100-0-2012-67025</fid>
<lfSpanFr gml:id="K1_493125_28-1">
<gml:timePosition>2020-12-21</gml:timePosition>
</lfSpanFr>
<devDate gml:id="K1_493125_28-2">
<gml:timePosition>2020-12-23</gml:timePosition>
</devDate>
<orgGILvl>KJ14</orgGILvl>
<vis>表示</vis>
<pos>
<gml:Point gml:id="K1_493125_28-g" srsName="fguuid:jgd2011.bl">
<gml:pos>32.866144944 131.633252472</gml:pos>
</gml:Point>
</pos>
<orgName>国土地理院</orgName>
<type>三角点</type>
<gcpClass>四等三角点</gcpClass>
<gcpCode>TR44931253001</gcpCode>
<name>釘戸</name>
<B>118318.1218</B>
<L>473879.7089</L>
<alti>253.63</alti>
<altiAcc>2</altiAcc>
</GCP>
<GCP gml:id="K1_493125_29">
<fid>10-00100-0-2012-67026</fid>
<lfSpanFr gml:id="K1_493125_29-1">
<gml:timePosition>2020-12-21</gml:timePosition>
</lfSpanFr>
<devDate gml:id="K1_493125_29-2">
<gml:timePosition>2020-12-23</gml:timePosition>
</devDate>
<orgGILvl>KJ14</orgGILvl>
<vis>表示</vis>
<pos>
<gml:Point gml:id="K1_493125_29-g" srsName="fguuid:jgd2011.bl">
<gml:pos>32.864266500 131.682350083</gml:pos>
</gml:Point>
</pos>
<orgName>国土地理院</orgName>
<type>三角点</type>
<gcpClass>四等三角点</gcpClass>
<gcpCode>TR44931253401</gcpCode>
<name>田中</name>
<B>118311.3594</B>
<L>474056.4603</L>
<alti>245.26</alti>
<altiAcc>2</altiAcc>
</GCP>
<GCP gml:id="K1_493125_30">
<fid>10-00100-0-2012-67027</fid>
<lfSpanFr gml:id="K1_493125_30-1">
<gml:timePosition>2020-12-21</gml:timePosition>
</lfSpanFr>
<devDate gml:id="K1_493125_30-2">
<gml:timePosition>2020-12-23</gml:timePosition>
</devDate>
<orgGILvl>KJ14</orgGILvl>
<vis>表示</vis>
<pos>
<gml:Point gml:id="K1_493125_30-g" srsName="fguuid:jgd2011.bl">
<gml:pos>32.871947167 131.699031389</gml:pos>
</gml:Point>
</pos>
<orgName>国土地理院</orgName>
<type>三角点</type>
<gcpClass>四等三角点</gcpClass>
<gcpCode>TR44931254501</gcpCode>
<name>神田</name>
<B>118339.0098</B>
<L>474116.513</L>
<alti>308.99</alti>
<altiAcc>2</altiAcc>
</GCP>
<GCP gml:id="K1_493125_31">
<fid>10-00100-0-2012-67028</fid>
<lfSpanFr gml:id="K1_493125_31-1">
<gml:timePosition>2020-12-21</gml:timePosition>
</lfSpanFr>
<devDate gml:id="K1_493125_31-2">
<gml:timePosition>2020-12-23</gml:timePosition>
</devDate>
<orgGILvl>KJ14</orgGILvl>
<vis>表示</vis>
<pos>
<gml:Point gml:id="K1_493125_31-g" srsName="fguuid:jgd2011.bl">
<gml:pos>32.867888111 131.720203611</gml:pos>
</gml:Point>
</pos>
<orgName>国土地理院</orgName>
<type>三角点</type>
<gcpClass>四等三角点</gcpClass>
<gcpCode>TR44931254701</gcpCode>
<name>上井取</name>
<B>118324.3972</B>
<L>474192.733</L>
<alti>304.05</alti>
<altiAcc>2</altiAcc>
</GCP>
<GCP gml:id="K1_493125_32">
<fid>10-00100-0-2012-67029</fid>
<lfSpanFr gml:id="K1_493125_32-1">
<gml:timePosition>2020-12-21</gml:timePosition>
</lfSpanFr>
<devDate gml:id="K1_493125_32-2">
<gml:timePosition>2020-12-23</gml:timePosition>
</devDate>
<orgGILvl>KJ14</orgGILvl>
<vis>表示</vis>
<pos>
<gml:Point gml:id="K1_493125_32-g" srsName="fguuid:jgd2011.bl">
<gml:pos>32.874510389 131.731655389</gml:pos>
</gml:Point>
</pos>
<orgName>国土地理院</orgName>
<type>三角点</type>
<gcpClass>四等三角点</gcpClass>
<gcpCode>TR44931254801</gcpCode>
<name>椎家</name>
<B>118348.2374</B>
<L>474233.9594</L>
<alti>231.66</alti>
<altiAcc>2</altiAcc>
</GCP>
<GCP gml:id="K1_493125_33">
<fid>10-00100-0-2012-67030</fid>
<lfSpanFr gml:id="K1_493125_33-1">
<gml:timePosition>2020-12-21</gml:timePosition>
</lfSpanFr>
<devDate gml:id="K1_493125_33-2">
<gml:timePosition>2020-12-23</gml:timePosition>
</devDate>
<orgGILvl>KJ14</orgGILvl>
<vis>表示</vis>
<pos>
<gml:Point gml:id="K1_493125_33-g" srsName="fguuid:jgd2011.bl">
<gml:pos>32.878082222 131.646329917</gml:pos>
</gml:Point>
</pos>
<orgName>国土地理院</orgName>
<type>三角点</type>
<gcpClass>四等三角点</gcpClass>
<gcpCode>TR44931255101</gcpCode>
<name>横瀬</name>
<B>118361.096</B>
<L>473926.7877</L>
<alti>445.78</alti>
<altiAcc>2</altiAcc>
</GCP>
<GCP gml:id="K1_493125_34">
<fid>10-00100-0-2012-67031</fid>
<lfSpanFr gml:id="K1_493125_34-1">
<gml:timePosition>2020-12-21</gml:timePosition>
</lfSpanFr>
<devDate gml:id="K1_493125_34-2">
<gml:timePosition>2020-12-23</gml:timePosition>
</devDate>
<orgGILvl>KJ14</orgGILvl>
<vis>表示</vis>
<pos>
<gml:Point gml:id="K1_493125_34-g" srsName="fguuid:jgd2011.bl">
<gml:pos>32.878116333 131.673098722</gml:pos>
</gml:Point>
</pos>
<orgName>国土地理院</orgName>
<type>三角点</type>
<gcpClass>四等三角点</gcpClass>
<gcpCode>TR44931255301</gcpCode>
<name>瀬ノ口</name>
<B>118361.2188</B>
<L>474023.1554</L>
<alti>378.68</alti>
<altiAcc>2</altiAcc>
</GCP>
<GCP gml:id="K1_493125_35">
<fid>10-00100-0-2012-67032</fid>
<lfSpanFr gml:id="K1_493125_35-1">
<gml:timePosition>2020-12-21</gml:timePosition>
</lfSpanFr>
<devDate gml:id="K1_493125_35-2">
<gml:timePosition>2020-12-23</gml:timePosition>
</devDate>
<orgGILvl>KJ14</orgGILvl>
<vis>表示</vis>
<pos>
<gml:Point gml:id="K1_493125_35-g" srsName="fguuid:jgd2011.bl">
<gml:pos>32.881978167 131.687815028</gml:pos>
</gml:Point>
</pos>
<orgName>国土地理院</orgName>
<type>三角点</type>
<gcpClass>四等三角点</gcpClass>
<gcpCode>TR44931255501</gcpCode>
<name>観音岩</name>
<B>118375.1214</B>
<L>474076.1341</L>
<alti>322.0</alti>
<altiAcc>2</altiAcc>
</GCP>
<GCP gml:id="K1_493125_36">
<fid>10-00100-0-2012-67033</fid>
<lfSpanFr gml:id="K1_493125_36-1">
<gml:timePosition>2020-12-21</gml:timePosition>
</lfSpanFr>
<devDate gml:id="K1_493125_36-2">
<gml:timePosition>2020-12-23</gml:timePosition>
</devDate>
<orgGILvl>KJ14</orgGILvl>
<vis>表示</vis>
<pos>
<gml:Point gml:id="K1_493125_36-g" srsName="fguuid:jgd2011.bl">
<gml:pos>32.878090417 131.717927750</gml:pos>
</gml:Point>
</pos>
<orgName>国土地理院</orgName>
<type>三角点</type>
<gcpClass>四等三角点</gcpClass>
<gcpCode>TR44931255701</gcpCode>
<name>大石</name>
<B>118361.1255</B>
<L>474184.5399</L>
<alti>312.44</alti>
<altiAcc>2</altiAcc>
</GCP>
<GCP gml:id="K1_493125_37">
<fid>10-00100-0-2012-67034</fid>
<lfSpanFr gml:id="K1_493125_37-1">
<gml:timePosition>2020-12-21</gml:timePosition>
</lfSpanFr>
<devDate gml:id="K1_493125_37-2">
<gml:timePosition>2020-12-23</gml:timePosition>
</devDate>
<orgGILvl>KJ14</orgGILvl>
<vis>表示</vis>
<pos>
<gml:Point gml:id="K1_493125_37-g" srsName="fguuid:jgd2011.bl">
<gml:pos>32.880300889 131.747625611</gml:pos>
</gml:Point>
</pos>
<orgName>国土地理院</orgName>
<type>三角点</type>
<gcpClass>四等三角点</gcpClass>
<gcpCode>TR44931255901</gcpCode>
<name>岸上</name>
<B>118369.0832</B>
<L>474291.4522</L>
<alti>284.32</alti>
<altiAcc>2</altiAcc>
</GCP>
<GCP gml:id="K1_493125_38">
<fid>10-00100-0-2012-67035</fid>
<lfSpanFr gml:id="K1_493125_38-1">
<gml:timePosition>2020-12-21</gml:timePosition>
</lfSpanFr>
<devDate gml:id="K1_493125_38-2">
<gml:timePosition>2020-12-23</gml:timePosition>
</devDate>
<orgGILvl>KJ14</orgGILvl>
<vis>表示</vis>
<pos>
<gml:Point gml:id="K1_493125_38-g" srsName="fguuid:jgd2011.bl">
<gml:pos>32.884732194 131.631445083</gml:pos>
</gml:Point>
</pos>
<orgName>国土地理院</orgName>
<type>三角点</type>
<gcpClass>四等三角点</gcpClass>
<gcpCode>TR44931256001</gcpCode>
<name>寺ノ迫</name>
<B>118385.0359</B>
<L>473873.2023</L>
<alti>300.26</alti>
<altiAcc>2</altiAcc>
</GCP>
<GCP gml:id="K1_493125_39">
<fid>10-00100-0-2012-67036</fid>
<lfSpanFr gml:id="K1_493125_39-1">
<gml:timePosition>2020-12-21</gml:timePosition>
</lfSpanFr>
<devDate gml:id="K1_493125_39-2">
<gml:timePosition>2020-12-23</gml:timePosition>
</devDate>
<orgGILvl>KJ14</orgGILvl>
<vis>表示</vis>
<pos>
<gml:Point gml:id="K1_493125_39-g" srsName="fguuid:jgd2011.bl">
<gml:pos>32.889269306 131.718934806</gml:pos>
</gml:Point>
</pos>
<orgName>国土地理院</orgName>
<type>三角点</type>
<gcpClass>四等三角点</gcpClass>
<gcpCode>TR44931256701</gcpCode>
<name>瀧川迫</name>
<B>118401.3695</B>
<L>474188.1653</L>
<alti>400.25</alti>
<altiAcc>2</altiAcc>
</GCP>
<GCP gml:id="K1_493125_40">
<fid>10-00100-0-2012-67037</fid>
<lfSpanFr gml:id="K1_493125_40-1">
<gml:timePosition>2020-12-21</gml:timePosition>
</lfSpanFr>
<devDate gml:id="K1_493125_40-2">
<gml:timePosition>2020-12-23</gml:timePosition>
</devDate>
<orgGILvl>KJ14</orgGILvl>
<vis>表示</vis>
<pos>
<gml:Point gml:id="K1_493125_40-g" srsName="fguuid:jgd2011.bl">
<gml:pos>32.890572111 131.735437944</gml:pos>
</gml:Point>
</pos>
<orgName>国土地理院</orgName>
<type>三角点</type>
<gcpClass>四等三角点</gcpClass>
<gcpCode>TR44931256801</gcpCode>
<name>竹脇</name>
<B>118406.0596</B>
<L>474247.5766</L>
<alti>269.5</alti>
<altiAcc>2</altiAcc>
</GCP>
<GCP gml:id="K1_493125_41">
<fid>10-00100-0-2012-67038</fid>
<lfSpanFr gml:id="K1_493125_41-1">
<gml:timePosition>2020-12-21</gml:timePosition>
</lfSpanFr>
<devDate gml:id="K1_493125_41-2">
<gml:timePosition>2020-12-23</gml:timePosition>
</devDate>
<orgGILvl>KJ14</orgGILvl>
<vis>表示</vis>
<pos>
<gml:Point gml:id="K1_493125_41-g" srsName="fguuid:jgd2011.bl">
<gml:pos>32.892980500 131.649053194</gml:pos>
</gml:Point>
</pos>
<orgName>国土地理院</orgName>
<type>三角点</type>
<gcpClass>四等三角点</gcpClass>
<gcpCode>TR44931257101</gcpCode>
<name>中ノ内</name>
<B>118414.7298</B>
<L>473936.5915</L>
<alti>614.04</alti>
<altiAcc>2</altiAcc>
</GCP>
<GCP gml:id="K1_493125_42">
<fid>10-00100-0-2012-67039</fid>
<lfSpanFr gml:id="K1_493125_42-1">
<gml:timePosition>2020-12-21</gml:timePosition>
</lfSpanFr>
<devDate gml:id="K1_493125_42-2">
<gml:timePosition>2020-12-23</gml:timePosition>
</devDate>
<orgGILvl>KJ14</orgGILvl>
<vis>表示</vis>
<pos>
<gml:Point gml:id="K1_493125_42-g" srsName="fguuid:jgd2011.bl">
<gml:pos>32.892760500 131.678771083</gml:pos>
</gml:Point>
</pos>
<orgName>国土地理院</orgName>
<type>三角点</type>
<gcpClass>四等三角点</gcpClass>
<gcpCode>TR44931257401</gcpCode>
<name>ゴウシキ</name>
<B>118413.9378</B>
<L>474043.5759</L>
<alti>611.54</alti>
<altiAcc>2</altiAcc>
</GCP>
<GCP gml:id="K1_493125_43">
<fid>10-00100-0-2012-67040</fid>
<lfSpanFr gml:id="K1_493125_43-1">
<gml:timePosition>2020-12-21</gml:timePosition>
</lfSpanFr>
<devDate gml:id="K1_493125_43-2">
<gml:timePosition>2020-12-23</gml:timePosition>
</devDate>
<orgGILvl>KJ14</orgGILvl>
<vis>表示</vis>
<pos>
<gml:Point gml:id="K1_493125_43-g" srsName="fguuid:jgd2011.bl">
<gml:pos>32.898451500 131.697044833</gml:pos>
</gml:Point>
</pos>
<orgName>国土地理院</orgName>
<type>三角点</type>
<gcpClass>四等三角点</gcpClass>
<gcpCode>TR44931257501</gcpCode>
<name>丸岩</name>
<B>118434.4254</B>
<L>474109.3614</L>
<alti>320.53</alti>
<altiAcc>2</altiAcc>
</GCP>
<GCP gml:id="K1_493125_44">
<fid>10-00100-0-2012-67041</fid>
<lfSpanFr gml:id="K1_493125_44-1">
<gml:timePosition>2020-12-21</gml:timePosition>
</lfSpanFr>
<devDate gml:id="K1_493125_44-2">
<gml:timePosition>2020-12-23</gml:timePosition>
</devDate>
<orgGILvl>KJ14</orgGILvl>
<vis>表示</vis>
<pos>
<gml:Point gml:id="K1_493125_44-g" srsName="fguuid:jgd2011.bl">
<gml:pos>32.892940056 131.708722028</gml:pos>
</gml:Point>
</pos>
<orgName>国土地理院</orgName>
<type>三角点</type>
<gcpClass>四等三角点</gcpClass>
<gcpCode>TR44931257601</gcpCode>
<name>木浦内</name>
<B>118414.5842</B>
<L>474151.3993</L>
<alti>376.95</alti>
<altiAcc>2</altiAcc>
</GCP>
<GCP gml:id="K1_493125_45">
<fid>10-00100-0-2012-67042</fid>
<lfSpanFr gml:id="K1_493125_45-1">
<gml:timePosition>2020-12-21</gml:timePosition>
</lfSpanFr>
<devDate gml:id="K1_493125_45-2">
<gml:timePosition>2020-12-23</gml:timePosition>
</devDate>
<orgGILvl>KJ14</orgGILvl>
<vis>表示</vis>
<pos>
<gml:Point gml:id="K1_493125_45-g" srsName="fguuid:jgd2011.bl">
<gml:pos>32.897346167 131.729209778</gml:pos>
</gml:Point>
</pos>
<orgName>国土地理院</orgName>
<type>三角点</type>
<gcpClass>四等三角点</gcpClass>
<gcpCode>TR44931257801</gcpCode>
<name>竹脇</name>
<B>118430.4462</B>
<L>474225.1552</L>
<alti>353.45</alti>
<altiAcc>2</altiAcc>
</GCP>
<GCP gml:id="K1_493125_46">
<fid>10-00100-0-2012-67043</fid>
<lfSpanFr gml:id="K1_493125_46-1">
<gml:timePosition>2020-12-21</gml:timePosition>
</lfSpanFr>
<devDate gml:id="K1_493125_46-2">
<gml:timePosition>2020-12-23</gml:timePosition>
</devDate>
<orgGILvl>KJ14</orgGILvl>
<vis>表示</vis>
<pos>
<gml:Point gml:id="K1_493125_46-g" srsName="fguuid:jgd2011.bl">
<gml:pos>32.903105889 131.642113833</gml:pos>
</gml:Point>
</pos>
<orgName>国土地理院</orgName>
<type>三角点</type>
<gcpClass>四等三角点</gcpClass>
<gcpCode>TR44931258101</gcpCode>
<name>樫峰</name>
<B>118451.1812</B>
<L>473911.6098</L>
<alti>468.25</alti>
<altiAcc>2</altiAcc>
</GCP>
<GCP gml:id="K1_493125_47">
<fid>10-00100-0-2012-67044</fid>
<lfSpanFr gml:id="K1_493125_47-1">
<gml:timePosition>2020-12-21</gml:timePosition>
</lfSpanFr>
<devDate gml:id="K1_493125_47-2">
<gml:timePosition>2020-12-23</gml:timePosition>
</devDate>
<orgGILvl>KJ14</orgGILvl>
<vis>表示</vis>
<pos>
<gml:Point gml:id="K1_493125_47-g" srsName="fguuid:jgd2011.bl">
<gml:pos>32.901193361 131.664135583</gml:pos>
</gml:Point>
</pos>
<orgName>国土地理院</orgName>
<type>三角点</type>
<gcpClass>四等三角点</gcpClass>
<gcpCode>TR44931258302</gcpCode>
<name>矢ノ本</name>
<B>118444.2961</B>
<L>473990.8881</L>
<alti>731.53</alti>
<altiAcc>2</altiAcc>
</GCP>
<GCP gml:id="K1_493125_48">
<fid>10-00100-0-2012-67045</fid>
<lfSpanFr gml:id="K1_493125_48-1">
<gml:timePosition>2020-12-21</gml:timePosition>
</lfSpanFr>
<devDate gml:id="K1_493125_48-2">
<gml:timePosition>2020-12-23</gml:timePosition>
</devDate>
<orgGILvl>KJ14</orgGILvl>
<vis>表示</vis>
<pos>
<gml:Point gml:id="K1_493125_48-g" srsName="fguuid:jgd2011.bl">
<gml:pos>32.901230056 131.686609889</gml:pos>
</gml:Point>
</pos>
<orgName>国土地理院</orgName>
<type>三角点</type>
<gcpClass>四等三角点</gcpClass>
<gcpCode>TR44931258401</gcpCode>
<name>赤石</name>
<B>118444.4282</B>
<L>474071.7956</L>
<alti>577.53</alti>
<altiAcc>2</altiAcc>
</GCP>
<GCP gml:id="K1_493125_49">
<fid>10-00100-0-2012-67046</fid>
<lfSpanFr gml:id="K1_493125_49-1">
<gml:timePosition>2020-12-21</gml:timePosition>
</lfSpanFr>
<devDate gml:id="K1_493125_49-2">
<gml:timePosition>2020-12-23</gml:timePosition>
</devDate>
<orgGILvl>KJ14</orgGILvl>
<vis>表示</vis>
<pos>
<gml:Point gml:id="K1_493125_49-g" srsName="fguuid:jgd2011.bl">
<gml:pos>32.901671778 131.718885083</gml:pos>
</gml:Point>
</pos>
<orgName>国土地理院</orgName>
<type>三角点</type>
<gcpClass>四等三角点</gcpClass>
<gcpCode>TR44931258701</gcpCode>
<name>鹿渕</name>
<B>118446.0184</B>
<L>474187.9863</L>
<alti>389.57</alti>
<altiAcc>2</altiAcc>
</GCP>
<GCP gml:id="K1_493125_50">
<fid>10-00100-0-2012-67047</fid>
<lfSpanFr gml:id="K1_493125_50-1">
<gml:timePosition>2020-12-21</gml:timePosition>
</lfSpanFr>
<devDate gml:id="K1_493125_50-2">
<gml:timePosition>2020-12-23</gml:timePosition>
</devDate>
<orgGILvl>KJ14</orgGILvl>
<vis>表示</vis>
<pos>
<gml:Point gml:id="K1_493125_50-g" srsName="fguuid:jgd2011.bl">
<gml:pos>32.914768472 131.659391667</gml:pos>
</gml:Point>
</pos>
<orgName>国土地理院</orgName>
<type>三角点</type>
<gcpClass>四等三角点</gcpClass>
<gcpCode>TR44931259201</gcpCode>
<name>新開</name>
<B>118493.1665</B>
<L>473973.81</L>
<alti>535.28</alti>
<altiAcc>2</altiAcc>
</GCP>
<GCP gml:id="K1_493125_51">
<fid>10-00100-0-2012-67048</fid>
<lfSpanFr gml:id="K1_493125_51-1">
<gml:timePosition>2020-12-21</gml:timePosition>
</lfSpanFr>
<devDate gml:id="K1_493125_51-2">
<gml:timePosition>2020-12-23</gml:timePosition>
</devDate>
<orgGILvl>KJ14</orgGILvl>
<vis>表示</vis>
<pos>
<gml:Point gml:id="K1_493125_51-g" srsName="fguuid:jgd2011.bl">
<gml:pos>32.910787833 131.689260278</gml:pos>
</gml:Point>
</pos>
<orgName>国土地理院</orgName>
<type>三角点</type>
<gcpClass>四等三角点</gcpClass>
<gcpCode>TR44931259501</gcpCode>
<name>西平</name>
<B>118478.8362</B>
<L>474081.337</L>
<alti>529.79</alti>
<altiAcc>2</altiAcc>
</GCP>
<GCP gml:id="K1_493125_52">
<fid>10-00100-0-2012-67049</fid>
<lfSpanFr gml:id="K1_493125_52-1">
<gml:timePosition>2020-12-21</gml:timePosition>
</lfSpanFr>
<devDate gml:id="K1_493125_52-2">
<gml:timePosition>2020-12-23</gml:timePosition>
</devDate>
<orgGILvl>KJ14</orgGILvl>
<vis>表示</vis>
<pos>
<gml:Point gml:id="K1_493125_52-g" srsName="fguuid:jgd2011.bl">
<gml:pos>32.910516444 131.708036000</gml:pos>
</gml:Point>
</pos>
<orgName>国土地理院</orgName>
<type>三角点</type>
<gcpClass>四等三角点</gcpClass>
<gcpCode>TR44931259601</gcpCode>
<name>カイノキ</name>
<B>118477.8592</B>
<L>474148.9296</L>
<alti>384.88</alti>
<altiAcc>2</altiAcc>
</GCP>
<GCP gml:id="K1_493125_53">
<fid>10-00100-0-2012-67050</fid>
<lfSpanFr gml:id="K1_493125_53-1">
<gml:timePosition>2020-12-21</gml:timePosition>
</lfSpanFr>
<devDate gml:id="K1_493125_53-2">
<gml:timePosition>2020-12-23</gml:timePosition>
</devDate>
<orgGILvl>KJ14</orgGILvl>
<vis>表示</vis>
<pos>
<gml:Point gml:id="K1_493125_53-g" srsName="fguuid:jgd2011.bl">
<gml:pos>32.912086444 131.735831667</gml:pos>
</gml:Point>
</pos>
<orgName>国土地理院</orgName>
<type>三角点</type>
<gcpClass>四等三角点</gcpClass>
<gcpCode>TR44931259801</gcpCode>
<name>松ケ内</name>
<B>118483.5112</B>
<L>474248.994</L>
<alti>391.82</alti>
<altiAcc>2</altiAcc>
</GCP>
<GCP gml:id="K1_493125_54">
<fid>10-00100-0-2012-67051</fid>
<lfSpanFr gml:id="K1_493125_54-1">
<gml:timePosition>2020-12-21</gml:timePosition>
</lfSpanFr>
<devDate gml:id="K1_493125_54-2">
<gml:timePosition>2020-12-23</gml:timePosition>
</devDate>
<orgGILvl>KJ14</orgGILvl>
<vis>表示</vis>
<pos>
<gml:Point gml:id="K1_493125_54-g" srsName="fguuid:jgd2011.bl">
<gml:pos>32.910409083 131.725264194</gml:pos>
</gml:Point>
</pos>
<orgName>国土地理院</orgName>
<type>三角点</type>
<gcpClass>四等三角点</gcpClass>
<gcpCode>TR44931259802</gcpCode>
<name>因尾越</name>
<B>118477.4727</B>
<L>474210.9511</L>
<alti>426.4</alti>
<altiAcc>2</altiAcc>
</GCP>
</Dataset>
