<?xml version="1.0" encoding="utf-8"?>
<Dataset xsi:schemaLocation="http://fgd.gsi.go.jp/spec/2008/FGD_GMLSchema FGD_GMLSchema.xsd"
	xmlns:gml="http://www.opengis.net/gml/3.2"
	xmlns:xsi="http://www.w3.org/2001/XMLSchema-instance"
	xmlns:xlink="http://www.w3.org/1999/xlink"
	xmlns="http://fgd.gsi.go.jp/spec/2008/FGD_GMLSchema"
	gml:id="Dataset1">
  <gml:description>基盤地図情報メタデータ ID=fmdid:21-0101</gml:description>
  <gml:name>基盤地図情報ダウンロードデータ（GML版）</gml:name>
<AdmBdry gml:id="K5_4742411820_1">
<fid>47424-11820-i-24</fid>
<lfSpanFr gml:id="K5_4742411820_1-1">
<gml:timePosition>2016-06-06</gml:timePosition>
</lfSpanFr>
<devDate gml:id="K5_4742411820_1-2">
<gml:timePosition>2020-12-23</gml:timePosition>
</devDate>
<orgGILvl>25000</orgGILvl>
<vis>表示</vis>
<loc>
<gml:Curve gml:id="K5_4742411820_1-g" srsName="fguuid:jgd2011.bl">
<gml:segments>
<gml:LineStringSegment>
<gml:posList>
32.834141111 131.741185000
32.833721111 131.740874167
32.833333333 131.740639139
</gml:posList>
</gml:LineStringSegment>
</gml:segments>
</gml:Curve>
</loc>
<type>都道府県界</type>
</AdmBdry>
<AdmBdry gml:id="K5_4742411820_2">
<fid>47424-11820-i-25</fid>
<lfSpanFr gml:id="K5_4742411820_2-1">
<gml:timePosition>2016-06-06</gml:timePosition>
</lfSpanFr>
<devDate gml:id="K5_4742411820_2-2">
<gml:timePosition>2020-12-23</gml:timePosition>
</devDate>
<orgGILvl>25000</orgGILvl>
<vis>表示</vis>
<loc>
<gml:Curve gml:id="K5_4742411820_2-g" srsName="fguuid:jgd2011.bl">
<gml:segments>
<gml:LineStringSegment>
<gml:posList>
32.834319139 131.741666667
32.834359444 131.741552222
32.834292222 131.741333333
32.834141111 131.741185000
</gml:posList>
</gml:LineStringSegment>
</gml:segments>
</gml:Curve>
</loc>
<type>都道府県界</type>
</AdmBdry>
<AdmBdry gml:id="K5_4742711820_1">
<fid>47427-11820-i-27</fid>
<lfSpanFr gml:id="K5_4742711820_1-1">
<gml:timePosition>2016-06-06</gml:timePosition>
</lfSpanFr>
<devDate gml:id="K5_4742711820_1-2">
<gml:timePosition>2020-12-23</gml:timePosition>
</devDate>
<orgGILvl>25000</orgGILvl>
<vis>表示</vis>
<loc>
<gml:Curve gml:id="K5_4742711820_1-g" srsName="fguuid:jgd2011.bl">
<gml:segments>
<gml:LineStringSegment>
<gml:posList>
32.833333333 131.744202472
32.833475278 131.744006111
32.833598611 131.743801389
32.833581667 131.743419722
32.833581667 131.743101944
32.833738333 131.742543889
32.834051389 131.742159722
32.834247500 131.741870000
32.834319139 131.741666667
</gml:posList>
</gml:LineStringSegment>
</gml:segments>
</gml:Curve>
</loc>
<type>都道府県界</type>
</AdmBdry>
<AdmBdry gml:id="K5_4742711820_2">
<fid>47427-11820-i-28</fid>
<lfSpanFr gml:id="K5_4742711820_2-1">
<gml:timePosition>2016-06-06</gml:timePosition>
</lfSpanFr>
<devDate gml:id="K5_4742711820_2-2">
<gml:timePosition>2020-12-23</gml:timePosition>
</devDate>
<orgGILvl>25000</orgGILvl>
<vis>表示</vis>
<loc>
<gml:Curve gml:id="K5_4742711820_2-g" srsName="fguuid:jgd2011.bl">
<gml:segments>
<gml:LineStringSegment>
<gml:posList>
32.834526472 131.750000000
32.834522778 131.749973611
32.834398056 131.749616944
32.834157222 131.749187222
32.833725000 131.748443333
32.833547778 131.748189444
32.833333333 131.747741861
</gml:posList>
</gml:LineStringSegment>
</gml:segments>
</gml:Curve>
</loc>
<type>都道府県界</type>
</AdmBdry>
</Dataset>
