<?xml version="1.0" encoding="utf-8"?>
<Dataset xsi:schemaLocation="http://fgd.gsi.go.jp/spec/2008/FGD_GMLSchema FGD_GMLSchema.xsd"
	xmlns:gml="http://www.opengis.net/gml/3.2"
	xmlns:xsi="http://www.w3.org/2001/XMLSchema-instance"
	xmlns:xlink="http://www.w3.org/1999/xlink"
	xmlns="http://fgd.gsi.go.jp/spec/2008/FGD_GMLSchema"
	gml:id="Dataset1">
  <gml:description>基盤地図情報メタデータ ID=fmdid:21-0101</gml:description>
  <gml:name>基盤地図情報ダウンロードデータ（GML版）</gml:name>
<ElevPt gml:id="K2_4738511820_1">
<fid>47385-11820-i-119</fid>
<lfSpanFr gml:id="K2_4738511820_1-1">
<gml:timePosition>2016-06-06</gml:timePosition>
</lfSpanFr>
<devDate gml:id="K2_4738511820_1-2">
<gml:timePosition>2020-12-23</gml:timePosition>
</devDate>
<orgGILvl>25000</orgGILvl>
<vis>表示</vis>
<pos>
<gml:Point gml:id="K2_4738511820_1-g" srsName="fguuid:jgd2011.bl">
<gml:pos>32.835250278 131.631976667</gml:pos>
</gml:Point>
</pos>
<type>標高点（測点）</type>
<alti>253</alti>
</ElevPt>
<ElevPt gml:id="K2_4738511823_1">
<fid>47385-11823-i-313</fid>
<lfSpanFr gml:id="K2_4738511823_1-1">
<gml:timePosition>2020-11-25</gml:timePosition>
</lfSpanFr>
<devDate gml:id="K2_4738511823_1-2">
<gml:timePosition>2020-12-23</gml:timePosition>
</devDate>
<orgGILvl>25000</orgGILvl>
<vis>表示</vis>
<pos>
<gml:Point gml:id="K2_4738511823_1-g" srsName="fguuid:jgd2011.bl">
<gml:pos>32.844780556 131.630793056</gml:pos>
</gml:Point>
</pos>
<type>標高点（測点）</type>
<alti>219</alti>
</ElevPt>
<ElevPt gml:id="K2_4738511826_1">
<fid>47385-11826-i-332</fid>
<lfSpanFr gml:id="K2_4738511826_1-1">
<gml:timePosition>2020-11-25</gml:timePosition>
</lfSpanFr>
<devDate gml:id="K2_4738511826_1-2">
<gml:timePosition>2020-12-23</gml:timePosition>
</devDate>
<orgGILvl>25000</orgGILvl>
<vis>表示</vis>
<pos>
<gml:Point gml:id="K2_4738511826_1-g" srsName="fguuid:jgd2011.bl">
<gml:pos>32.855818611 131.631341667</gml:pos>
</gml:Point>
</pos>
<type>標高点（測点）</type>
<alti>185</alti>
</ElevPt>
<ElevPt gml:id="K2_4738511826_2">
<fid>47385-11826-i-333</fid>
<lfSpanFr gml:id="K2_4738511826_2-1">
<gml:timePosition>2020-11-25</gml:timePosition>
</lfSpanFr>
<devDate gml:id="K2_4738511826_2-2">
<gml:timePosition>2020-12-23</gml:timePosition>
</devDate>
<orgGILvl>25000</orgGILvl>
<vis>表示</vis>
<pos>
<gml:Point gml:id="K2_4738511826_2-g" srsName="fguuid:jgd2011.bl">
<gml:pos>32.851209722 131.627553056</gml:pos>
</gml:Point>
</pos>
<type>標高点（測点）</type>
<alti>216</alti>
</ElevPt>
<ElevPt gml:id="K2_4738511829_1">
<fid>47385-11829-i-281</fid>
<lfSpanFr gml:id="K2_4738511829_1-1">
<gml:timePosition>2020-11-25</gml:timePosition>
</lfSpanFr>
<devDate gml:id="K2_4738511829_1-2">
<gml:timePosition>2020-12-23</gml:timePosition>
</devDate>
<orgGILvl>25000</orgGILvl>
<vis>表示</vis>
<pos>
<gml:Point gml:id="K2_4738511829_1-g" srsName="fguuid:jgd2011.bl">
<gml:pos>32.864994167 131.628413056</gml:pos>
</gml:Point>
</pos>
<type>標高点（測点）</type>
<alti>252</alti>
</ElevPt>
<ElevPt gml:id="K2_4738511832_1">
<fid>47385-11832-i-149</fid>
<lfSpanFr gml:id="K2_4738511832_1-1">
<gml:timePosition>2016-06-06</gml:timePosition>
</lfSpanFr>
<devDate gml:id="K2_4738511832_1-2">
<gml:timePosition>2020-12-23</gml:timePosition>
</devDate>
<orgGILvl>25000</orgGILvl>
<vis>非表示</vis>
<pos>
<gml:Point gml:id="K2_4738511832_1-g" srsName="fguuid:jgd2011.bl">
<gml:pos>32.870894722 131.627866111</gml:pos>
</gml:Point>
</pos>
<type>標高点（測点）</type>
<alti>202</alti>
</ElevPt>
<ElevPt gml:id="K2_4738511835_1">
<fid>47385-11835-i-88</fid>
<lfSpanFr gml:id="K2_4738511835_1-1">
<gml:timePosition>2016-06-06</gml:timePosition>
</lfSpanFr>
<devDate gml:id="K2_4738511835_1-2">
<gml:timePosition>2020-12-23</gml:timePosition>
</devDate>
<orgGILvl>25000</orgGILvl>
<vis>非表示</vis>
<pos>
<gml:Point gml:id="K2_4738511835_1-g" srsName="fguuid:jgd2011.bl">
<gml:pos>32.881510833 131.627316944</gml:pos>
</gml:Point>
</pos>
<type>標高点（測点）</type>
<alti>217</alti>
</ElevPt>
<ElevPt gml:id="K2_4738511838_1">
<fid>47385-11838-i-109</fid>
<lfSpanFr gml:id="K2_4738511838_1-1">
<gml:timePosition>2016-06-06</gml:timePosition>
</lfSpanFr>
<devDate gml:id="K2_4738511838_1-2">
<gml:timePosition>2020-12-23</gml:timePosition>
</devDate>
<orgGILvl>25000</orgGILvl>
<vis>表示</vis>
<pos>
<gml:Point gml:id="K2_4738511838_1-g" srsName="fguuid:jgd2011.bl">
<gml:pos>32.888065278 131.632791667</gml:pos>
</gml:Point>
</pos>
<type>標高点（測点）</type>
<alti>370</alti>
</ElevPt>
<ElevPt gml:id="K2_4738511841_1">
<fid>47385-11841-i-18</fid>
<lfSpanFr gml:id="K2_4738511841_1-1">
<gml:timePosition>2016-06-06</gml:timePosition>
</lfSpanFr>
<devDate gml:id="K2_4738511841_1-2">
<gml:timePosition>2020-12-23</gml:timePosition>
</devDate>
<orgGILvl>25000</orgGILvl>
<vis>表示</vis>
<pos>
<gml:Point gml:id="K2_4738511841_1-g" srsName="fguuid:jgd2011.bl">
<gml:pos>32.892890833 131.629328611</gml:pos>
</gml:Point>
</pos>
<type>標高点（測点）</type>
<alti>395</alti>
</ElevPt>
<ElevPt gml:id="K2_4738511844_1">
<fid>47385-11844-i-29</fid>
<lfSpanFr gml:id="K2_4738511844_1-1">
<gml:timePosition>2016-06-06</gml:timePosition>
</lfSpanFr>
<devDate gml:id="K2_4738511844_1-2">
<gml:timePosition>2020-12-23</gml:timePosition>
</devDate>
<orgGILvl>25000</orgGILvl>
<vis>表示</vis>
<pos>
<gml:Point gml:id="K2_4738511844_1-g" srsName="fguuid:jgd2011.bl">
<gml:pos>32.907117222 131.633033889</gml:pos>
</gml:Point>
</pos>
<type>標高点（測点）</type>
<alti>458</alti>
</ElevPt>
<ElevPt gml:id="K2_4738511844_2">
<fid>47385-11844-i-30</fid>
<lfSpanFr gml:id="K2_4738511844_2-1">
<gml:timePosition>2016-06-06</gml:timePosition>
</lfSpanFr>
<devDate gml:id="K2_4738511844_2-2">
<gml:timePosition>2020-12-23</gml:timePosition>
</devDate>
<orgGILvl>25000</orgGILvl>
<vis>表示</vis>
<pos>
<gml:Point gml:id="K2_4738511844_2-g" srsName="fguuid:jgd2011.bl">
<gml:pos>32.908291389 131.626130833</gml:pos>
</gml:Point>
</pos>
<type>標高点（測点）</type>
<alti>488</alti>
</ElevPt>
<ElevPt gml:id="K2_4738511847_1">
<fid>47385-11847-i-80</fid>
<lfSpanFr gml:id="K2_4738511847_1-1">
<gml:timePosition>2020-11-25</gml:timePosition>
</lfSpanFr>
<devDate gml:id="K2_4738511847_1-2">
<gml:timePosition>2020-12-23</gml:timePosition>
</devDate>
<orgGILvl>25000</orgGILvl>
<vis>表示</vis>
<pos>
<gml:Point gml:id="K2_4738511847_1-g" srsName="fguuid:jgd2011.bl">
<gml:pos>32.915678554 131.631136837</gml:pos>
</gml:Point>
</pos>
<type>標高点（測点）</type>
<alti>578</alti>
</ElevPt>
<ElevPt gml:id="K2_4738811820_1">
<fid>47388-11820-i-38</fid>
<lfSpanFr gml:id="K2_4738811820_1-1">
<gml:timePosition>2020-11-25</gml:timePosition>
</lfSpanFr>
<devDate gml:id="K2_4738811820_1-2">
<gml:timePosition>2020-12-23</gml:timePosition>
</devDate>
<orgGILvl>25000</orgGILvl>
<vis>表示</vis>
<pos>
<gml:Point gml:id="K2_4738811820_1-g" srsName="fguuid:jgd2011.bl">
<gml:pos>32.838928333 131.637086667</gml:pos>
</gml:Point>
</pos>
<type>標高点（測点）</type>
<alti>283</alti>
</ElevPt>
<ElevPt gml:id="K2_4738811826_1">
<fid>47388-11826-i-89</fid>
<lfSpanFr gml:id="K2_4738811826_1-1">
<gml:timePosition>2020-11-25</gml:timePosition>
</lfSpanFr>
<devDate gml:id="K2_4738811826_1-2">
<gml:timePosition>2020-12-23</gml:timePosition>
</devDate>
<orgGILvl>25000</orgGILvl>
<vis>表示</vis>
<pos>
<gml:Point gml:id="K2_4738811826_1-g" srsName="fguuid:jgd2011.bl">
<gml:pos>32.850576389 131.637775556</gml:pos>
</gml:Point>
</pos>
<type>標高点（測点）</type>
<alti>339</alti>
</ElevPt>
<ElevPt gml:id="K2_4738811829_1">
<fid>47388-11829-i-55</fid>
<lfSpanFr gml:id="K2_4738811829_1-1">
<gml:timePosition>2016-06-06</gml:timePosition>
</lfSpanFr>
<devDate gml:id="K2_4738811829_1-2">
<gml:timePosition>2020-12-23</gml:timePosition>
</devDate>
<orgGILvl>25000</orgGILvl>
<vis>表示</vis>
<pos>
<gml:Point gml:id="K2_4738811829_1-g" srsName="fguuid:jgd2011.bl">
<gml:pos>32.861676389 131.638033889</gml:pos>
</gml:Point>
</pos>
<type>標高点（測点）</type>
<alti>327</alti>
</ElevPt>
<ElevPt gml:id="K2_4738811832_1">
<fid>47388-11832-i-32</fid>
<lfSpanFr gml:id="K2_4738811832_1-1">
<gml:timePosition>2016-06-06</gml:timePosition>
</lfSpanFr>
<devDate gml:id="K2_4738811832_1-2">
<gml:timePosition>2020-12-23</gml:timePosition>
</devDate>
<orgGILvl>25000</orgGILvl>
<vis>表示</vis>
<pos>
<gml:Point gml:id="K2_4738811832_1-g" srsName="fguuid:jgd2011.bl">
<gml:pos>32.873809167 131.633701944</gml:pos>
</gml:Point>
</pos>
<type>標高点（測点）</type>
<alti>302</alti>
</ElevPt>
<ElevPt gml:id="K2_4738811838_1">
<fid>47388-11838-i-32</fid>
<lfSpanFr gml:id="K2_4738811838_1-1">
<gml:timePosition>2016-06-06</gml:timePosition>
</lfSpanFr>
<devDate gml:id="K2_4738811838_1-2">
<gml:timePosition>2020-12-23</gml:timePosition>
</devDate>
<orgGILvl>25000</orgGILvl>
<vis>表示</vis>
<pos>
<gml:Point gml:id="K2_4738811838_1-g" srsName="fguuid:jgd2011.bl">
<gml:pos>32.885030278 131.636810278</gml:pos>
</gml:Point>
</pos>
<type>標高点（測点）</type>
<alti>239</alti>
</ElevPt>
<ElevPt gml:id="K2_4738811841_1">
<fid>47388-11841-i-83</fid>
<lfSpanFr gml:id="K2_4738811841_1-1">
<gml:timePosition>2016-06-06</gml:timePosition>
</lfSpanFr>
<devDate gml:id="K2_4738811841_1-2">
<gml:timePosition>2020-12-23</gml:timePosition>
</devDate>
<orgGILvl>25000</orgGILvl>
<vis>表示</vis>
<pos>
<gml:Point gml:id="K2_4738811841_1-g" srsName="fguuid:jgd2011.bl">
<gml:pos>32.892705000 131.639445833</gml:pos>
</gml:Point>
</pos>
<type>標高点（測点）</type>
<alti>331</alti>
</ElevPt>
<ElevPt gml:id="K2_4738811847_1">
<fid>47388-11847-i-59</fid>
<lfSpanFr gml:id="K2_4738811847_1-1">
<gml:timePosition>2017-09-25</gml:timePosition>
</lfSpanFr>
<devDate gml:id="K2_4738811847_1-2">
<gml:timePosition>2020-12-23</gml:timePosition>
</devDate>
<orgGILvl>25000</orgGILvl>
<vis>表示</vis>
<pos>
<gml:Point gml:id="K2_4738811847_1-g" srsName="fguuid:jgd2011.bl">
<gml:pos>32.915319116 131.638139933</gml:pos>
</gml:Point>
</pos>
<type>標高点（測点）</type>
<alti>557</alti>
</ElevPt>
<ElevPt gml:id="K2_4739111820_1">
<fid>47391-11820-i-47</fid>
<lfSpanFr gml:id="K2_4739111820_1-1">
<gml:timePosition>2016-06-06</gml:timePosition>
</lfSpanFr>
<devDate gml:id="K2_4739111820_1-2">
<gml:timePosition>2020-12-23</gml:timePosition>
</devDate>
<orgGILvl>25000</orgGILvl>
<vis>表示</vis>
<pos>
<gml:Point gml:id="K2_4739111820_1-g" srsName="fguuid:jgd2011.bl">
<gml:pos>32.839473056 131.645119722</gml:pos>
</gml:Point>
</pos>
<type>標高点（測点）</type>
<alti>370</alti>
</ElevPt>
<ElevPt gml:id="K2_4739111829_1">
<fid>47391-11829-i-15</fid>
<lfSpanFr gml:id="K2_4739111829_1-1">
<gml:timePosition>2016-06-06</gml:timePosition>
</lfSpanFr>
<devDate gml:id="K2_4739111829_1-2">
<gml:timePosition>2020-12-23</gml:timePosition>
</devDate>
<orgGILvl>25000</orgGILvl>
<vis>表示</vis>
<pos>
<gml:Point gml:id="K2_4739111829_1-g" srsName="fguuid:jgd2011.bl">
<gml:pos>32.861957222 131.645273056</gml:pos>
</gml:Point>
</pos>
<type>標高点（測点）</type>
<alti>359</alti>
</ElevPt>
<ElevPt gml:id="K2_4739111832_1">
<fid>47391-11832-i-32</fid>
<lfSpanFr gml:id="K2_4739111832_1-1">
<gml:timePosition>2016-06-06</gml:timePosition>
</lfSpanFr>
<devDate gml:id="K2_4739111832_1-2">
<gml:timePosition>2020-12-23</gml:timePosition>
</devDate>
<orgGILvl>25000</orgGILvl>
<vis>表示</vis>
<pos>
<gml:Point gml:id="K2_4739111832_1-g" srsName="fguuid:jgd2011.bl">
<gml:pos>32.871267778 131.643173611</gml:pos>
</gml:Point>
</pos>
<type>標高点（測点）</type>
<alti>312</alti>
</ElevPt>
<ElevPt gml:id="K2_4739111835_1">
<fid>47391-11835-i-34</fid>
<lfSpanFr gml:id="K2_4739111835_1-1">
<gml:timePosition>2016-06-06</gml:timePosition>
</lfSpanFr>
<devDate gml:id="K2_4739111835_1-2">
<gml:timePosition>2020-12-23</gml:timePosition>
</devDate>
<orgGILvl>25000</orgGILvl>
<vis>表示</vis>
<pos>
<gml:Point gml:id="K2_4739111835_1-g" srsName="fguuid:jgd2011.bl">
<gml:pos>32.876980000 131.643222222</gml:pos>
</gml:Point>
</pos>
<type>標高点（測点）</type>
<alti>419</alti>
</ElevPt>
<ElevPt gml:id="K2_4739111838_1">
<fid>47391-11838-i-25</fid>
<lfSpanFr gml:id="K2_4739111838_1-1">
<gml:timePosition>2016-06-06</gml:timePosition>
</lfSpanFr>
<devDate gml:id="K2_4739111838_1-2">
<gml:timePosition>2020-12-23</gml:timePosition>
</devDate>
<orgGILvl>25000</orgGILvl>
<vis>表示</vis>
<pos>
<gml:Point gml:id="K2_4739111838_1-g" srsName="fguuid:jgd2011.bl">
<gml:pos>32.884378333 131.644063889</gml:pos>
</gml:Point>
</pos>
<type>標高点（測点）</type>
<alti>462</alti>
</ElevPt>
<ElevPt gml:id="K2_4739111841_1">
<fid>47391-11841-i-68</fid>
<lfSpanFr gml:id="K2_4739111841_1-1">
<gml:timePosition>2016-06-06</gml:timePosition>
</lfSpanFr>
<devDate gml:id="K2_4739111841_1-2">
<gml:timePosition>2020-12-23</gml:timePosition>
</devDate>
<orgGILvl>25000</orgGILvl>
<vis>表示</vis>
<pos>
<gml:Point gml:id="K2_4739111841_1-g" srsName="fguuid:jgd2011.bl">
<gml:pos>32.891728889 131.645954167</gml:pos>
</gml:Point>
</pos>
<type>標高点（測点）</type>
<alti>561</alti>
</ElevPt>
<ElevPt gml:id="K2_4739111841_2">
<fid>47391-11841-i-69</fid>
<lfSpanFr gml:id="K2_4739111841_2-1">
<gml:timePosition>2016-06-06</gml:timePosition>
</lfSpanFr>
<devDate gml:id="K2_4739111841_2-2">
<gml:timePosition>2020-12-23</gml:timePosition>
</devDate>
<orgGILvl>25000</orgGILvl>
<vis>表示</vis>
<pos>
<gml:Point gml:id="K2_4739111841_2-g" srsName="fguuid:jgd2011.bl">
<gml:pos>32.899161667 131.645996389</gml:pos>
</gml:Point>
</pos>
<type>標高点（測点）</type>
<alti>471</alti>
</ElevPt>
<ElevPt gml:id="K2_4739111844_1">
<fid>47391-11844-i-69</fid>
<lfSpanFr gml:id="K2_4739111844_1-1">
<gml:timePosition>2016-06-06</gml:timePosition>
</lfSpanFr>
<devDate gml:id="K2_4739111844_1-2">
<gml:timePosition>2020-12-23</gml:timePosition>
</devDate>
<orgGILvl>25000</orgGILvl>
<vis>表示</vis>
<pos>
<gml:Point gml:id="K2_4739111844_1-g" srsName="fguuid:jgd2011.bl">
<gml:pos>32.907117222 131.647975278</gml:pos>
</gml:Point>
</pos>
<type>標高点（測点）</type>
<alti>500</alti>
</ElevPt>
<ElevPt gml:id="K2_4739111847_1">
<fid>47391-11847-i-54</fid>
<lfSpanFr gml:id="K2_4739111847_1-1">
<gml:timePosition>2017-09-25</gml:timePosition>
</lfSpanFr>
<devDate gml:id="K2_4739111847_1-2">
<gml:timePosition>2020-12-23</gml:timePosition>
</devDate>
<orgGILvl>25000</orgGILvl>
<vis>表示</vis>
<pos>
<gml:Point gml:id="K2_4739111847_1-g" srsName="fguuid:jgd2011.bl">
<gml:pos>32.910416936 131.643309664</gml:pos>
</gml:Point>
</pos>
<type>標高点（測点）</type>
<alti>408</alti>
</ElevPt>
<ElevPt gml:id="K2_4739411820_1">
<fid>47394-11820-i-36</fid>
<lfSpanFr gml:id="K2_4739411820_1-1">
<gml:timePosition>2016-06-06</gml:timePosition>
</lfSpanFr>
<devDate gml:id="K2_4739411820_1-2">
<gml:timePosition>2020-12-23</gml:timePosition>
</devDate>
<orgGILvl>25000</orgGILvl>
<vis>表示</vis>
<pos>
<gml:Point gml:id="K2_4739411820_1-g" srsName="fguuid:jgd2011.bl">
<gml:pos>32.841420278 131.651943611</gml:pos>
</gml:Point>
</pos>
<type>標高点（測点）</type>
<alti>357</alti>
</ElevPt>
<ElevPt gml:id="K2_4739411823_1">
<fid>47394-11823-i-45</fid>
<lfSpanFr gml:id="K2_4739411823_1-1">
<gml:timePosition>2016-06-06</gml:timePosition>
</lfSpanFr>
<devDate gml:id="K2_4739411823_1-2">
<gml:timePosition>2020-12-23</gml:timePosition>
</devDate>
<orgGILvl>25000</orgGILvl>
<vis>表示</vis>
<pos>
<gml:Point gml:id="K2_4739411823_1-g" srsName="fguuid:jgd2011.bl">
<gml:pos>32.845212778 131.650686111</gml:pos>
</gml:Point>
</pos>
<type>標高点（測点）</type>
<alti>287</alti>
</ElevPt>
<ElevPt gml:id="K2_4739411826_1">
<fid>47394-11826-i-78</fid>
<lfSpanFr gml:id="K2_4739411826_1-1">
<gml:timePosition>2016-06-06</gml:timePosition>
</lfSpanFr>
<devDate gml:id="K2_4739411826_1-2">
<gml:timePosition>2020-12-23</gml:timePosition>
</devDate>
<orgGILvl>25000</orgGILvl>
<vis>表示</vis>
<pos>
<gml:Point gml:id="K2_4739411826_1-g" srsName="fguuid:jgd2011.bl">
<gml:pos>32.852293889 131.654614722</gml:pos>
</gml:Point>
</pos>
<type>標高点（測点）</type>
<alti>214</alti>
</ElevPt>
<ElevPt gml:id="K2_4739411832_1">
<fid>47394-11832-i-20</fid>
<lfSpanFr gml:id="K2_4739411832_1-1">
<gml:timePosition>2016-06-06</gml:timePosition>
</lfSpanFr>
<devDate gml:id="K2_4739411832_1-2">
<gml:timePosition>2020-12-23</gml:timePosition>
</devDate>
<orgGILvl>25000</orgGILvl>
<vis>表示</vis>
<pos>
<gml:Point gml:id="K2_4739411832_1-g" srsName="fguuid:jgd2011.bl">
<gml:pos>32.874327500 131.653354444</gml:pos>
</gml:Point>
</pos>
<type>標高点（測点）</type>
<alti>407</alti>
</ElevPt>
<ElevPt gml:id="K2_4739411832_2">
<fid>47394-11832-i-21</fid>
<lfSpanFr gml:id="K2_4739411832_2-1">
<gml:timePosition>2016-06-06</gml:timePosition>
</lfSpanFr>
<devDate gml:id="K2_4739411832_2-2">
<gml:timePosition>2020-12-23</gml:timePosition>
</devDate>
<orgGILvl>25000</orgGILvl>
<vis>表示</vis>
<pos>
<gml:Point gml:id="K2_4739411832_2-g" srsName="fguuid:jgd2011.bl">
<gml:pos>32.866978056 131.652625000</gml:pos>
</gml:Point>
</pos>
<type>標高点（測点）</type>
<alti>320</alti>
</ElevPt>
<ElevPt gml:id="K2_4739411835_1">
<fid>47394-11835-i-40</fid>
<lfSpanFr gml:id="K2_4739411835_1-1">
<gml:timePosition>2016-10-07</gml:timePosition>
</lfSpanFr>
<devDate gml:id="K2_4739411835_1-2">
<gml:timePosition>2020-12-23</gml:timePosition>
</devDate>
<orgGILvl>25000</orgGILvl>
<vis>非表示</vis>
<pos>
<gml:Point gml:id="K2_4739411835_1-g" srsName="fguuid:jgd2011.bl">
<gml:pos>32.880748889 131.653061667</gml:pos>
</gml:Point>
</pos>
<type>標高点（測点）</type>
<alti>512</alti>
</ElevPt>
<ElevPt gml:id="K2_4739411838_1">
<fid>47394-11838-i-18</fid>
<lfSpanFr gml:id="K2_4739411838_1-1">
<gml:timePosition>2016-06-06</gml:timePosition>
</lfSpanFr>
<devDate gml:id="K2_4739411838_1-2">
<gml:timePosition>2020-12-23</gml:timePosition>
</devDate>
<orgGILvl>25000</orgGILvl>
<vis>表示</vis>
<pos>
<gml:Point gml:id="K2_4739411838_1-g" srsName="fguuid:jgd2011.bl">
<gml:pos>32.887140833 131.652865278</gml:pos>
</gml:Point>
</pos>
<type>標高点（測点）</type>
<alti>514</alti>
</ElevPt>
<ElevPt gml:id="K2_4739411841_1">
<fid>47394-11841-i-32</fid>
<lfSpanFr gml:id="K2_4739411841_1-1">
<gml:timePosition>2016-06-06</gml:timePosition>
</lfSpanFr>
<devDate gml:id="K2_4739411841_1-2">
<gml:timePosition>2020-12-23</gml:timePosition>
</devDate>
<orgGILvl>25000</orgGILvl>
<vis>表示</vis>
<pos>
<gml:Point gml:id="K2_4739411841_1-g" srsName="fguuid:jgd2011.bl">
<gml:pos>32.894648333 131.653055278</gml:pos>
</gml:Point>
</pos>
<type>標高点（測点）</type>
<alti>642</alti>
</ElevPt>
<ElevPt gml:id="K2_4739411841_2">
<fid>47394-11841-i-33</fid>
<lfSpanFr gml:id="K2_4739411841_2-1">
<gml:timePosition>2016-06-06</gml:timePosition>
</lfSpanFr>
<devDate gml:id="K2_4739411841_2-2">
<gml:timePosition>2020-12-23</gml:timePosition>
</devDate>
<orgGILvl>25000</orgGILvl>
<vis>表示</vis>
<pos>
<gml:Point gml:id="K2_4739411841_2-g" srsName="fguuid:jgd2011.bl">
<gml:pos>32.899832500 131.654081389</gml:pos>
</gml:Point>
</pos>
<type>標高点（測点）</type>
<alti>599</alti>
</ElevPt>
<ElevPt gml:id="K2_4739411844_1">
<fid>47394-11844-i-76</fid>
<lfSpanFr gml:id="K2_4739411844_1-1">
<gml:timePosition>2016-06-06</gml:timePosition>
</lfSpanFr>
<devDate gml:id="K2_4739411844_1-2">
<gml:timePosition>2020-12-23</gml:timePosition>
</devDate>
<orgGILvl>25000</orgGILvl>
<vis>表示</vis>
<pos>
<gml:Point gml:id="K2_4739411844_1-g" srsName="fguuid:jgd2011.bl">
<gml:pos>32.906703056 131.655082778</gml:pos>
</gml:Point>
</pos>
<type>標高点（測点）</type>
<alti>493</alti>
</ElevPt>
<ElevPt gml:id="K2_4739711820_1">
<fid>47397-11820-i-114</fid>
<lfSpanFr gml:id="K2_4739711820_1-1">
<gml:timePosition>2020-11-25</gml:timePosition>
</lfSpanFr>
<devDate gml:id="K2_4739711820_1-2">
<gml:timePosition>2020-12-23</gml:timePosition>
</devDate>
<orgGILvl>25000</orgGILvl>
<vis>表示</vis>
<pos>
<gml:Point gml:id="K2_4739711820_1-g" srsName="fguuid:jgd2011.bl">
<gml:pos>32.834131389 131.659808333</gml:pos>
</gml:Point>
</pos>
<type>標高点（測点）</type>
<alti>228</alti>
</ElevPt>
<ElevPt gml:id="K2_4739711823_1">
<fid>47397-11823-i-50</fid>
<lfSpanFr gml:id="K2_4739711823_1-1">
<gml:timePosition>2016-06-06</gml:timePosition>
</lfSpanFr>
<devDate gml:id="K2_4739711823_1-2">
<gml:timePosition>2020-12-23</gml:timePosition>
</devDate>
<orgGILvl>25000</orgGILvl>
<vis>表示</vis>
<pos>
<gml:Point gml:id="K2_4739711823_1-g" srsName="fguuid:jgd2011.bl">
<gml:pos>32.845912222 131.660406389</gml:pos>
</gml:Point>
</pos>
<type>標高点（測点）</type>
<alti>399</alti>
</ElevPt>
<ElevPt gml:id="K2_4739711826_1">
<fid>47397-11826-i-81</fid>
<lfSpanFr gml:id="K2_4739711826_1-1">
<gml:timePosition>2020-11-25</gml:timePosition>
</lfSpanFr>
<devDate gml:id="K2_4739711826_1-2">
<gml:timePosition>2020-12-23</gml:timePosition>
</devDate>
<orgGILvl>25000</orgGILvl>
<vis>表示</vis>
<pos>
<gml:Point gml:id="K2_4739711826_1-g" srsName="fguuid:jgd2011.bl">
<gml:pos>32.854748889 131.661281389</gml:pos>
</gml:Point>
</pos>
<type>標高点（測点）</type>
<alti>372</alti>
</ElevPt>
<ElevPt gml:id="K2_4739711832_1">
<fid>47397-11832-i-15</fid>
<lfSpanFr gml:id="K2_4739711832_1-1">
<gml:timePosition>2016-06-06</gml:timePosition>
</lfSpanFr>
<devDate gml:id="K2_4739711832_1-2">
<gml:timePosition>2020-12-23</gml:timePosition>
</devDate>
<orgGILvl>25000</orgGILvl>
<vis>表示</vis>
<pos>
<gml:Point gml:id="K2_4739711832_1-g" srsName="fguuid:jgd2011.bl">
<gml:pos>32.873381944 131.665073889</gml:pos>
</gml:Point>
</pos>
<type>標高点（測点）</type>
<alti>402</alti>
</ElevPt>
<ElevPt gml:id="K2_4739711838_1">
<fid>47397-11838-i-82</fid>
<lfSpanFr gml:id="K2_4739711838_1-1">
<gml:timePosition>2020-11-25</gml:timePosition>
</lfSpanFr>
<devDate gml:id="K2_4739711838_1-2">
<gml:timePosition>2020-12-23</gml:timePosition>
</devDate>
<orgGILvl>25000</orgGILvl>
<vis>非表示</vis>
<pos>
<gml:Point gml:id="K2_4739711838_1-g" srsName="fguuid:jgd2011.bl">
<gml:pos>32.883991667 131.660531111</gml:pos>
</gml:Point>
</pos>
<type>標高点（測点）</type>
<alti>697</alti>
</ElevPt>
<ElevPt gml:id="K2_4739711841_1">
<fid>47397-11841-i-21</fid>
<lfSpanFr gml:id="K2_4739711841_1-1">
<gml:timePosition>2016-06-06</gml:timePosition>
</lfSpanFr>
<devDate gml:id="K2_4739711841_1-2">
<gml:timePosition>2020-12-23</gml:timePosition>
</devDate>
<orgGILvl>25000</orgGILvl>
<vis>表示</vis>
<pos>
<gml:Point gml:id="K2_4739711841_1-g" srsName="fguuid:jgd2011.bl">
<gml:pos>32.896172222 131.659820000</gml:pos>
</gml:Point>
</pos>
<type>標高点（測点）</type>
<alti>714</alti>
</ElevPt>
<ElevPt gml:id="K2_4739711844_1">
<fid>47397-11844-i-63</fid>
<lfSpanFr gml:id="K2_4739711844_1-1">
<gml:timePosition>2016-06-06</gml:timePosition>
</lfSpanFr>
<devDate gml:id="K2_4739711844_1-2">
<gml:timePosition>2020-12-23</gml:timePosition>
</devDate>
<orgGILvl>25000</orgGILvl>
<vis>表示</vis>
<pos>
<gml:Point gml:id="K2_4739711844_1-g" srsName="fguuid:jgd2011.bl">
<gml:pos>32.907167778 131.664014722</gml:pos>
</gml:Point>
</pos>
<type>標高点（測点）</type>
<alti>634</alti>
</ElevPt>
<ElevPt gml:id="K2_4740011820_1">
<fid>47400-11820-i-561</fid>
<lfSpanFr gml:id="K2_4740011820_1-1">
<gml:timePosition>2020-11-25</gml:timePosition>
</lfSpanFr>
<devDate gml:id="K2_4740011820_1-2">
<gml:timePosition>2020-12-23</gml:timePosition>
</devDate>
<orgGILvl>25000</orgGILvl>
<vis>表示</vis>
<pos>
<gml:Point gml:id="K2_4740011820_1-g" srsName="fguuid:jgd2011.bl">
<gml:pos>32.840131667 131.666740000</gml:pos>
</gml:Point>
</pos>
<type>標高点（測点）</type>
<alti>217</alti>
</ElevPt>
<ElevPt gml:id="K2_4740011826_1">
<fid>47400-11826-i-65</fid>
<lfSpanFr gml:id="K2_4740011826_1-1">
<gml:timePosition>2016-06-06</gml:timePosition>
</lfSpanFr>
<devDate gml:id="K2_4740011826_1-2">
<gml:timePosition>2020-12-23</gml:timePosition>
</devDate>
<orgGILvl>25000</orgGILvl>
<vis>表示</vis>
<pos>
<gml:Point gml:id="K2_4740011826_1-g" srsName="fguuid:jgd2011.bl">
<gml:pos>32.850815278 131.666760278</gml:pos>
</gml:Point>
</pos>
<type>標高点（測点）</type>
<alti>294</alti>
</ElevPt>
<ElevPt gml:id="K2_4740011826_2">
<fid>47400-11826-i-66</fid>
<lfSpanFr gml:id="K2_4740011826_2-1">
<gml:timePosition>2016-06-06</gml:timePosition>
</lfSpanFr>
<devDate gml:id="K2_4740011826_2-2">
<gml:timePosition>2020-12-23</gml:timePosition>
</devDate>
<orgGILvl>25000</orgGILvl>
<vis>表示</vis>
<pos>
<gml:Point gml:id="K2_4740011826_2-g" srsName="fguuid:jgd2011.bl">
<gml:pos>32.856413333 131.670912222</gml:pos>
</gml:Point>
</pos>
<type>標高点（測点）</type>
<alti>253</alti>
</ElevPt>
<ElevPt gml:id="K2_4740011832_1">
<fid>47400-11832-i-17</fid>
<lfSpanFr gml:id="K2_4740011832_1-1">
<gml:timePosition>2016-06-06</gml:timePosition>
</lfSpanFr>
<devDate gml:id="K2_4740011832_1-2">
<gml:timePosition>2020-12-23</gml:timePosition>
</devDate>
<orgGILvl>25000</orgGILvl>
<vis>表示</vis>
<pos>
<gml:Point gml:id="K2_4740011832_1-g" srsName="fguuid:jgd2011.bl">
<gml:pos>32.867071389 131.669355833</gml:pos>
</gml:Point>
</pos>
<type>標高点（測点）</type>
<alti>396</alti>
</ElevPt>
<ElevPt gml:id="K2_4740011835_1">
<fid>47400-11835-i-27</fid>
<lfSpanFr gml:id="K2_4740011835_1-1">
<gml:timePosition>2016-06-06</gml:timePosition>
</lfSpanFr>
<devDate gml:id="K2_4740011835_1-2">
<gml:timePosition>2020-12-23</gml:timePosition>
</devDate>
<orgGILvl>25000</orgGILvl>
<vis>表示</vis>
<pos>
<gml:Point gml:id="K2_4740011835_1-g" srsName="fguuid:jgd2011.bl">
<gml:pos>32.882421667 131.667975000</gml:pos>
</gml:Point>
</pos>
<type>標高点（測点）</type>
<alti>483</alti>
</ElevPt>
<ElevPt gml:id="K2_4740011841_1">
<fid>47400-11841-i-4</fid>
<lfSpanFr gml:id="K2_4740011841_1-1">
<gml:timePosition>2016-06-06</gml:timePosition>
</lfSpanFr>
<devDate gml:id="K2_4740011841_1-2">
<gml:timePosition>2020-12-23</gml:timePosition>
</devDate>
<orgGILvl>25000</orgGILvl>
<vis>表示</vis>
<pos>
<gml:Point gml:id="K2_4740011841_1-g" srsName="fguuid:jgd2011.bl">
<gml:pos>32.894133056 131.670241667</gml:pos>
</gml:Point>
</pos>
<type>標高点（測点）</type>
<alti>602</alti>
</ElevPt>
<ElevPt gml:id="K2_4740011844_1">
<fid>47400-11844-i-30</fid>
<lfSpanFr gml:id="K2_4740011844_1-1">
<gml:timePosition>2016-06-06</gml:timePosition>
</lfSpanFr>
<devDate gml:id="K2_4740011844_1-2">
<gml:timePosition>2020-12-23</gml:timePosition>
</devDate>
<orgGILvl>25000</orgGILvl>
<vis>表示</vis>
<pos>
<gml:Point gml:id="K2_4740011844_1-g" srsName="fguuid:jgd2011.bl">
<gml:pos>32.901698611 131.673309444</gml:pos>
</gml:Point>
</pos>
<type>標高点（測点）</type>
<alti>557</alti>
</ElevPt>
<ElevPt gml:id="K2_4740311820_1">
<fid>47403-11820-i-279</fid>
<lfSpanFr gml:id="K2_4740311820_1-1">
<gml:timePosition>2020-11-25</gml:timePosition>
</lfSpanFr>
<devDate gml:id="K2_4740311820_1-2">
<gml:timePosition>2020-12-23</gml:timePosition>
</devDate>
<orgGILvl>25000</orgGILvl>
<vis>表示</vis>
<pos>
<gml:Point gml:id="K2_4740311820_1-g" srsName="fguuid:jgd2011.bl">
<gml:pos>32.835896667 131.676700556</gml:pos>
</gml:Point>
</pos>
<type>標高点（測点）</type>
<alti>186</alti>
</ElevPt>
<ElevPt gml:id="K2_4740311820_2">
<fid>47403-11820-i-280</fid>
<lfSpanFr gml:id="K2_4740311820_2-1">
<gml:timePosition>2020-11-25</gml:timePosition>
</lfSpanFr>
<devDate gml:id="K2_4740311820_2-2">
<gml:timePosition>2020-12-23</gml:timePosition>
</devDate>
<orgGILvl>25000</orgGILvl>
<vis>表示</vis>
<pos>
<gml:Point gml:id="K2_4740311820_2-g" srsName="fguuid:jgd2011.bl">
<gml:pos>32.839704722 131.681300000</gml:pos>
</gml:Point>
</pos>
<type>標高点（測点）</type>
<alti>254</alti>
</ElevPt>
<ElevPt gml:id="K2_4740311823_1">
<fid>47403-11823-i-269</fid>
<lfSpanFr gml:id="K2_4740311823_1-1">
<gml:timePosition>2020-11-25</gml:timePosition>
</lfSpanFr>
<devDate gml:id="K2_4740311823_1-2">
<gml:timePosition>2020-12-23</gml:timePosition>
</devDate>
<orgGILvl>25000</orgGILvl>
<vis>表示</vis>
<pos>
<gml:Point gml:id="K2_4740311823_1-g" srsName="fguuid:jgd2011.bl">
<gml:pos>32.845316667 131.677098333</gml:pos>
</gml:Point>
</pos>
<type>標高点（測点）</type>
<alti>184</alti>
</ElevPt>
<ElevPt gml:id="K2_4740311826_1">
<fid>47403-11826-i-353</fid>
<lfSpanFr gml:id="K2_4740311826_1-1">
<gml:timePosition>2020-11-25</gml:timePosition>
</lfSpanFr>
<devDate gml:id="K2_4740311826_1-2">
<gml:timePosition>2020-12-23</gml:timePosition>
</devDate>
<orgGILvl>25000</orgGILvl>
<vis>表示</vis>
<pos>
<gml:Point gml:id="K2_4740311826_1-g" srsName="fguuid:jgd2011.bl">
<gml:pos>32.857347778 131.679383611</gml:pos>
</gml:Point>
</pos>
<type>標高点（測点）</type>
<alti>238</alti>
</ElevPt>
<ElevPt gml:id="K2_4740311829_1">
<fid>47403-11829-i-329</fid>
<lfSpanFr gml:id="K2_4740311829_1-1">
<gml:timePosition>2020-11-25</gml:timePosition>
</lfSpanFr>
<devDate gml:id="K2_4740311829_1-2">
<gml:timePosition>2020-12-23</gml:timePosition>
</devDate>
<orgGILvl>25000</orgGILvl>
<vis>表示</vis>
<pos>
<gml:Point gml:id="K2_4740311829_1-g" srsName="fguuid:jgd2011.bl">
<gml:pos>32.863003056 131.675605278</gml:pos>
</gml:Point>
</pos>
<type>標高点（測点）</type>
<alti>277</alti>
</ElevPt>
<ElevPt gml:id="K2_4740311832_1">
<fid>47403-11832-i-122</fid>
<lfSpanFr gml:id="K2_4740311832_1-1">
<gml:timePosition>2020-11-25</gml:timePosition>
</lfSpanFr>
<devDate gml:id="K2_4740311832_1-2">
<gml:timePosition>2020-12-23</gml:timePosition>
</devDate>
<orgGILvl>25000</orgGILvl>
<vis>表示</vis>
<pos>
<gml:Point gml:id="K2_4740311832_1-g" srsName="fguuid:jgd2011.bl">
<gml:pos>32.874522500 131.676540833</gml:pos>
</gml:Point>
</pos>
<type>標高点（測点）</type>
<alti>349</alti>
</ElevPt>
<ElevPt gml:id="K2_4740311835_1">
<fid>47403-11835-i-35</fid>
<lfSpanFr gml:id="K2_4740311835_1-1">
<gml:timePosition>2016-06-06</gml:timePosition>
</lfSpanFr>
<devDate gml:id="K2_4740311835_1-2">
<gml:timePosition>2020-12-23</gml:timePosition>
</devDate>
<orgGILvl>25000</orgGILvl>
<vis>表示</vis>
<pos>
<gml:Point gml:id="K2_4740311835_1-g" srsName="fguuid:jgd2011.bl">
<gml:pos>32.877570833 131.681934167</gml:pos>
</gml:Point>
</pos>
<type>標高点（測点）</type>
<alti>312</alti>
</ElevPt>
<ElevPt gml:id="K2_4740311838_1">
<fid>47403-11838-i-38</fid>
<lfSpanFr gml:id="K2_4740311838_1-1">
<gml:timePosition>2016-06-06</gml:timePosition>
</lfSpanFr>
<devDate gml:id="K2_4740311838_1-2">
<gml:timePosition>2020-12-23</gml:timePosition>
</devDate>
<orgGILvl>25000</orgGILvl>
<vis>表示</vis>
<pos>
<gml:Point gml:id="K2_4740311838_1-g" srsName="fguuid:jgd2011.bl">
<gml:pos>32.885145833 131.678197222</gml:pos>
</gml:Point>
</pos>
<type>標高点（測点）</type>
<alti>418</alti>
</ElevPt>
<ElevPt gml:id="K2_4740311844_1">
<fid>47403-11844-i-4</fid>
<lfSpanFr gml:id="K2_4740311844_1-1">
<gml:timePosition>2016-06-06</gml:timePosition>
</lfSpanFr>
<devDate gml:id="K2_4740311844_1-2">
<gml:timePosition>2020-12-23</gml:timePosition>
</devDate>
<orgGILvl>25000</orgGILvl>
<vis>表示</vis>
<pos>
<gml:Point gml:id="K2_4740311844_1-g" srsName="fguuid:jgd2011.bl">
<gml:pos>32.906097778 131.683121667</gml:pos>
</gml:Point>
</pos>
<type>標高点（測点）</type>
<alti>615</alti>
</ElevPt>
<ElevPt gml:id="K2_4740311847_1">
<fid>47403-11847-i-15</fid>
<lfSpanFr gml:id="K2_4740311847_1-1">
<gml:timePosition>2016-06-06</gml:timePosition>
</lfSpanFr>
<devDate gml:id="K2_4740311847_1-2">
<gml:timePosition>2020-12-23</gml:timePosition>
</devDate>
<orgGILvl>25000</orgGILvl>
<vis>表示</vis>
<pos>
<gml:Point gml:id="K2_4740311847_1-g" srsName="fguuid:jgd2011.bl">
<gml:pos>32.914768611 131.676549167</gml:pos>
</gml:Point>
</pos>
<type>標高点（測点）</type>
<alti>613</alti>
</ElevPt>
<ElevPt gml:id="K2_4740611826_1">
<fid>47406-11826-i-103</fid>
<lfSpanFr gml:id="K2_4740611826_1-1">
<gml:timePosition>2020-11-25</gml:timePosition>
</lfSpanFr>
<devDate gml:id="K2_4740611826_1-2">
<gml:timePosition>2020-12-23</gml:timePosition>
</devDate>
<orgGILvl>25000</orgGILvl>
<vis>表示</vis>
<pos>
<gml:Point gml:id="K2_4740611826_1-g" srsName="fguuid:jgd2011.bl">
<gml:pos>32.852817778 131.685125833</gml:pos>
</gml:Point>
</pos>
<type>標高点（測点）</type>
<alti>279</alti>
</ElevPt>
<ElevPt gml:id="K2_4740611829_1">
<fid>47406-11829-i-56</fid>
<lfSpanFr gml:id="K2_4740611829_1-1">
<gml:timePosition>2016-06-06</gml:timePosition>
</lfSpanFr>
<devDate gml:id="K2_4740611829_1-2">
<gml:timePosition>2020-12-23</gml:timePosition>
</devDate>
<orgGILvl>25000</orgGILvl>
<vis>表示</vis>
<pos>
<gml:Point gml:id="K2_4740611829_1-g" srsName="fguuid:jgd2011.bl">
<gml:pos>32.865305556 131.688345833</gml:pos>
</gml:Point>
</pos>
<type>標高点（測点）</type>
<alti>270</alti>
</ElevPt>
<ElevPt gml:id="K2_4740611832_1">
<fid>47406-11832-i-197</fid>
<lfSpanFr gml:id="K2_4740611832_1-1">
<gml:timePosition>2020-11-25</gml:timePosition>
</lfSpanFr>
<devDate gml:id="K2_4740611832_1-2">
<gml:timePosition>2020-12-23</gml:timePosition>
</devDate>
<orgGILvl>25000</orgGILvl>
<vis>表示</vis>
<pos>
<gml:Point gml:id="K2_4740611832_1-g" srsName="fguuid:jgd2011.bl">
<gml:pos>32.871196667 131.686967222</gml:pos>
</gml:Point>
</pos>
<type>標高点（測点）</type>
<alti>248</alti>
</ElevPt>
<ElevPt gml:id="K2_4740611838_1">
<fid>47406-11838-i-21</fid>
<lfSpanFr gml:id="K2_4740611838_1-1">
<gml:timePosition>2016-06-06</gml:timePosition>
</lfSpanFr>
<devDate gml:id="K2_4740611838_1-2">
<gml:timePosition>2020-12-23</gml:timePosition>
</devDate>
<orgGILvl>25000</orgGILvl>
<vis>表示</vis>
<pos>
<gml:Point gml:id="K2_4740611838_1-g" srsName="fguuid:jgd2011.bl">
<gml:pos>32.887218889 131.689037222</gml:pos>
</gml:Point>
</pos>
<type>標高点（測点）</type>
<alti>412</alti>
</ElevPt>
<ElevPt gml:id="K2_4740611841_1">
<fid>47406-11841-i-22</fid>
<lfSpanFr gml:id="K2_4740611841_1-1">
<gml:timePosition>2016-06-06</gml:timePosition>
</lfSpanFr>
<devDate gml:id="K2_4740611841_1-2">
<gml:timePosition>2020-12-23</gml:timePosition>
</devDate>
<orgGILvl>25000</orgGILvl>
<vis>表示</vis>
<pos>
<gml:Point gml:id="K2_4740611841_1-g" srsName="fguuid:jgd2011.bl">
<gml:pos>32.898865833 131.690578333</gml:pos>
</gml:Point>
</pos>
<type>標高点（測点）</type>
<alti>438</alti>
</ElevPt>
<ElevPt gml:id="K2_4740611841_2">
<fid>47406-11841-i-23</fid>
<lfSpanFr gml:id="K2_4740611841_2-1">
<gml:timePosition>2016-06-06</gml:timePosition>
</lfSpanFr>
<devDate gml:id="K2_4740611841_2-2">
<gml:timePosition>2020-12-23</gml:timePosition>
</devDate>
<orgGILvl>25000</orgGILvl>
<vis>表示</vis>
<pos>
<gml:Point gml:id="K2_4740611841_2-g" srsName="fguuid:jgd2011.bl">
<gml:pos>32.893360556 131.689841111</gml:pos>
</gml:Point>
</pos>
<type>標高点（測点）</type>
<alti>195</alti>
</ElevPt>
<ElevPt gml:id="K2_4740911820_1">
<fid>47409-11820-i-151</fid>
<lfSpanFr gml:id="K2_4740911820_1-1">
<gml:timePosition>2020-11-25</gml:timePosition>
</lfSpanFr>
<devDate gml:id="K2_4740911820_1-2">
<gml:timePosition>2020-12-23</gml:timePosition>
</devDate>
<orgGILvl>25000</orgGILvl>
<vis>表示</vis>
<pos>
<gml:Point gml:id="K2_4740911820_1-g" srsName="fguuid:jgd2011.bl">
<gml:pos>32.834626111 131.694995833</gml:pos>
</gml:Point>
</pos>
<type>標高点（測点）</type>
<alti>264</alti>
</ElevPt>
<ElevPt gml:id="K2_4740911820_2">
<fid>47409-11820-i-152</fid>
<lfSpanFr gml:id="K2_4740911820_2-1">
<gml:timePosition>2020-11-25</gml:timePosition>
</lfSpanFr>
<devDate gml:id="K2_4740911820_2-2">
<gml:timePosition>2020-12-23</gml:timePosition>
</devDate>
<orgGILvl>25000</orgGILvl>
<vis>表示</vis>
<pos>
<gml:Point gml:id="K2_4740911820_2-g" srsName="fguuid:jgd2011.bl">
<gml:pos>32.838211111 131.694711389</gml:pos>
</gml:Point>
</pos>
<type>標高点（測点）</type>
<alti>280</alti>
</ElevPt>
<ElevPt gml:id="K2_4740911823_1">
<fid>47409-11823-i-71</fid>
<lfSpanFr gml:id="K2_4740911823_1-1">
<gml:timePosition>2016-06-06</gml:timePosition>
</lfSpanFr>
<devDate gml:id="K2_4740911823_1-2">
<gml:timePosition>2020-12-23</gml:timePosition>
</devDate>
<orgGILvl>25000</orgGILvl>
<vis>表示</vis>
<pos>
<gml:Point gml:id="K2_4740911823_1-g" srsName="fguuid:jgd2011.bl">
<gml:pos>32.848392222 131.692244167</gml:pos>
</gml:Point>
</pos>
<type>標高点（測点）</type>
<alti>265</alti>
</ElevPt>
<ElevPt gml:id="K2_4740911829_1">
<fid>47409-11829-i-187</fid>
<lfSpanFr gml:id="K2_4740911829_1-1">
<gml:timePosition>2020-11-25</gml:timePosition>
</lfSpanFr>
<devDate gml:id="K2_4740911829_1-2">
<gml:timePosition>2020-12-23</gml:timePosition>
</devDate>
<orgGILvl>25000</orgGILvl>
<vis>非表示</vis>
<pos>
<gml:Point gml:id="K2_4740911829_1-g" srsName="fguuid:jgd2011.bl">
<gml:pos>32.862493889 131.696661111</gml:pos>
</gml:Point>
</pos>
<type>標高点（測点）</type>
<alti>207</alti>
</ElevPt>
<ElevPt gml:id="K2_4740911835_1">
<fid>47409-11835-i-104</fid>
<lfSpanFr gml:id="K2_4740911835_1-1">
<gml:timePosition>2020-11-25</gml:timePosition>
</lfSpanFr>
<devDate gml:id="K2_4740911835_1-2">
<gml:timePosition>2020-12-23</gml:timePosition>
</devDate>
<orgGILvl>25000</orgGILvl>
<vis>表示</vis>
<pos>
<gml:Point gml:id="K2_4740911835_1-g" srsName="fguuid:jgd2011.bl">
<gml:pos>32.878330556 131.692174722</gml:pos>
</gml:Point>
</pos>
<type>標高点（測点）</type>
<alti>321</alti>
</ElevPt>
<ElevPt gml:id="K2_4740911835_2">
<fid>47409-11835-i-105</fid>
<lfSpanFr gml:id="K2_4740911835_2-1">
<gml:timePosition>2020-11-25</gml:timePosition>
</lfSpanFr>
<devDate gml:id="K2_4740911835_2-2">
<gml:timePosition>2020-12-23</gml:timePosition>
</devDate>
<orgGILvl>25000</orgGILvl>
<vis>表示</vis>
<pos>
<gml:Point gml:id="K2_4740911835_2-g" srsName="fguuid:jgd2011.bl">
<gml:pos>32.883331667 131.697488056</gml:pos>
</gml:Point>
</pos>
<type>標高点（測点）</type>
<alti>393</alti>
</ElevPt>
<ElevPt gml:id="K2_4740911838_1">
<fid>47409-11838-i-39</fid>
<lfSpanFr gml:id="K2_4740911838_1-1">
<gml:timePosition>2016-06-06</gml:timePosition>
</lfSpanFr>
<devDate gml:id="K2_4740911838_1-2">
<gml:timePosition>2020-12-23</gml:timePosition>
</devDate>
<orgGILvl>25000</orgGILvl>
<vis>表示</vis>
<pos>
<gml:Point gml:id="K2_4740911838_1-g" srsName="fguuid:jgd2011.bl">
<gml:pos>32.889885000 131.698659444</gml:pos>
</gml:Point>
</pos>
<type>標高点（測点）</type>
<alti>325</alti>
</ElevPt>
<ElevPt gml:id="K2_4740911844_1">
<fid>47409-11844-i-53</fid>
<lfSpanFr gml:id="K2_4740911844_1-1">
<gml:timePosition>2020-11-25</gml:timePosition>
</lfSpanFr>
<devDate gml:id="K2_4740911844_1-2">
<gml:timePosition>2020-12-23</gml:timePosition>
</devDate>
<orgGILvl>25000</orgGILvl>
<vis>表示</vis>
<pos>
<gml:Point gml:id="K2_4740911844_1-g" srsName="fguuid:jgd2011.bl">
<gml:pos>32.905568056 131.693115833</gml:pos>
</gml:Point>
</pos>
<type>標高点（測点）</type>
<alti>529</alti>
</ElevPt>
<ElevPt gml:id="K2_4741211820_1">
<fid>47412-11820-i-112</fid>
<lfSpanFr gml:id="K2_4741211820_1-1">
<gml:timePosition>2016-10-07</gml:timePosition>
</lfSpanFr>
<devDate gml:id="K2_4741211820_1-2">
<gml:timePosition>2020-12-23</gml:timePosition>
</devDate>
<orgGILvl>25000</orgGILvl>
<vis>非表示</vis>
<pos>
<gml:Point gml:id="K2_4741211820_1-g" srsName="fguuid:jgd2011.bl">
<gml:pos>32.841280833 131.702654722</gml:pos>
</gml:Point>
</pos>
<type>標高点（測点）</type>
<alti>332</alti>
</ElevPt>
<ElevPt gml:id="K2_4741211826_1">
<fid>47412-11826-i-42</fid>
<lfSpanFr gml:id="K2_4741211826_1-1">
<gml:timePosition>2020-11-25</gml:timePosition>
</lfSpanFr>
<devDate gml:id="K2_4741211826_1-2">
<gml:timePosition>2020-12-23</gml:timePosition>
</devDate>
<orgGILvl>25000</orgGILvl>
<vis>表示</vis>
<pos>
<gml:Point gml:id="K2_4741211826_1-g" srsName="fguuid:jgd2011.bl">
<gml:pos>32.852383611 131.701473611</gml:pos>
</gml:Point>
</pos>
<type>標高点（測点）</type>
<alti>343</alti>
</ElevPt>
<ElevPt gml:id="K2_4741211829_1">
<fid>47412-11829-i-23</fid>
<lfSpanFr gml:id="K2_4741211829_1-1">
<gml:timePosition>2016-06-06</gml:timePosition>
</lfSpanFr>
<devDate gml:id="K2_4741211829_1-2">
<gml:timePosition>2020-12-23</gml:timePosition>
</devDate>
<orgGILvl>25000</orgGILvl>
<vis>表示</vis>
<pos>
<gml:Point gml:id="K2_4741211829_1-g" srsName="fguuid:jgd2011.bl">
<gml:pos>32.865787778 131.706230833</gml:pos>
</gml:Point>
</pos>
<type>標高点（測点）</type>
<alti>319</alti>
</ElevPt>
<ElevPt gml:id="K2_4741211844_1">
<fid>47412-11844-i-113</fid>
<lfSpanFr gml:id="K2_4741211844_1-1">
<gml:timePosition>2020-11-25</gml:timePosition>
</lfSpanFr>
<devDate gml:id="K2_4741211844_1-2">
<gml:timePosition>2020-12-23</gml:timePosition>
</devDate>
<orgGILvl>25000</orgGILvl>
<vis>表示</vis>
<pos>
<gml:Point gml:id="K2_4741211844_1-g" srsName="fguuid:jgd2011.bl">
<gml:pos>32.900043333 131.701078333</gml:pos>
</gml:Point>
</pos>
<type>標高点（測点）</type>
<alti>276</alti>
</ElevPt>
<ElevPt gml:id="K2_4741211847_1">
<fid>47412-11847-i-130</fid>
<lfSpanFr gml:id="K2_4741211847_1-1">
<gml:timePosition>2020-11-25</gml:timePosition>
</lfSpanFr>
<devDate gml:id="K2_4741211847_1-2">
<gml:timePosition>2020-12-23</gml:timePosition>
</devDate>
<orgGILvl>25000</orgGILvl>
<vis>非表示</vis>
<pos>
<gml:Point gml:id="K2_4741211847_1-g" srsName="fguuid:jgd2011.bl">
<gml:pos>32.915206667 131.701733611</gml:pos>
</gml:Point>
</pos>
<type>標高点（測点）</type>
<alti>109</alti>
</ElevPt>
<ElevPt gml:id="K2_4741511820_1">
<fid>47415-11820-i-42</fid>
<lfSpanFr gml:id="K2_4741511820_1-1">
<gml:timePosition>2016-06-06</gml:timePosition>
</lfSpanFr>
<devDate gml:id="K2_4741511820_1-2">
<gml:timePosition>2020-12-23</gml:timePosition>
</devDate>
<orgGILvl>25000</orgGILvl>
<vis>表示</vis>
<pos>
<gml:Point gml:id="K2_4741511820_1-g" srsName="fguuid:jgd2011.bl">
<gml:pos>32.833931944 131.709348333</gml:pos>
</gml:Point>
</pos>
<type>標高点（測点）</type>
<alti>351</alti>
</ElevPt>
<ElevPt gml:id="K2_4741511826_1">
<fid>47415-11826-i-12</fid>
<lfSpanFr gml:id="K2_4741511826_1-1">
<gml:timePosition>2016-06-06</gml:timePosition>
</lfSpanFr>
<devDate gml:id="K2_4741511826_1-2">
<gml:timePosition>2020-12-23</gml:timePosition>
</devDate>
<orgGILvl>25000</orgGILvl>
<vis>表示</vis>
<pos>
<gml:Point gml:id="K2_4741511826_1-g" srsName="fguuid:jgd2011.bl">
<gml:pos>32.853874444 131.709494167</gml:pos>
</gml:Point>
</pos>
<type>標高点（測点）</type>
<alti>369</alti>
</ElevPt>
<ElevPt gml:id="K2_4741511832_1">
<fid>47415-11832-i-80</fid>
<lfSpanFr gml:id="K2_4741511832_1-1">
<gml:timePosition>2016-10-07</gml:timePosition>
</lfSpanFr>
<devDate gml:id="K2_4741511832_1-2">
<gml:timePosition>2020-12-23</gml:timePosition>
</devDate>
<orgGILvl>25000</orgGILvl>
<vis>非表示</vis>
<pos>
<gml:Point gml:id="K2_4741511832_1-g" srsName="fguuid:jgd2011.bl">
<gml:pos>32.871678333 131.712918333</gml:pos>
</gml:Point>
</pos>
<type>標高点（測点）</type>
<alti>304</alti>
</ElevPt>
<ElevPt gml:id="K2_4741511835_1">
<fid>47415-11835-i-7</fid>
<lfSpanFr gml:id="K2_4741511835_1-1">
<gml:timePosition>2016-06-06</gml:timePosition>
</lfSpanFr>
<devDate gml:id="K2_4741511835_1-2">
<gml:timePosition>2020-12-23</gml:timePosition>
</devDate>
<orgGILvl>25000</orgGILvl>
<vis>表示</vis>
<pos>
<gml:Point gml:id="K2_4741511835_1-g" srsName="fguuid:jgd2011.bl">
<gml:pos>32.877296111 131.708613056</gml:pos>
</gml:Point>
</pos>
<type>標高点（測点）</type>
<alti>328</alti>
</ElevPt>
<ElevPt gml:id="K2_4741511838_1">
<fid>47415-11838-i-11</fid>
<lfSpanFr gml:id="K2_4741511838_1-1">
<gml:timePosition>2016-06-06</gml:timePosition>
</lfSpanFr>
<devDate gml:id="K2_4741511838_1-2">
<gml:timePosition>2020-12-23</gml:timePosition>
</devDate>
<orgGILvl>25000</orgGILvl>
<vis>表示</vis>
<pos>
<gml:Point gml:id="K2_4741511838_1-g" srsName="fguuid:jgd2011.bl">
<gml:pos>32.884250000 131.716261667</gml:pos>
</gml:Point>
</pos>
<type>標高点（測点）</type>
<alti>281</alti>
</ElevPt>
<ElevPt gml:id="K2_4741511844_1">
<fid>47415-11844-i-16</fid>
<lfSpanFr gml:id="K2_4741511844_1-1">
<gml:timePosition>2016-06-06</gml:timePosition>
</lfSpanFr>
<devDate gml:id="K2_4741511844_1-2">
<gml:timePosition>2020-12-23</gml:timePosition>
</devDate>
<orgGILvl>25000</orgGILvl>
<vis>表示</vis>
<pos>
<gml:Point gml:id="K2_4741511844_1-g" srsName="fguuid:jgd2011.bl">
<gml:pos>32.900612500 131.711302778</gml:pos>
</gml:Point>
</pos>
<type>標高点（測点）</type>
<alti>306</alti>
</ElevPt>
<ElevPt gml:id="K2_4741511844_2">
<fid>47415-11844-i-17</fid>
<lfSpanFr gml:id="K2_4741511844_2-1">
<gml:timePosition>2016-06-06</gml:timePosition>
</lfSpanFr>
<devDate gml:id="K2_4741511844_2-2">
<gml:timePosition>2020-12-23</gml:timePosition>
</devDate>
<orgGILvl>25000</orgGILvl>
<vis>表示</vis>
<pos>
<gml:Point gml:id="K2_4741511844_2-g" srsName="fguuid:jgd2011.bl">
<gml:pos>32.905914444 131.712240556</gml:pos>
</gml:Point>
</pos>
<type>標高点（測点）</type>
<alti>334</alti>
</ElevPt>
<ElevPt gml:id="K2_4741811832_1">
<fid>47418-11832-i-38</fid>
<lfSpanFr gml:id="K2_4741811832_1-1">
<gml:timePosition>2016-06-06</gml:timePosition>
</lfSpanFr>
<devDate gml:id="K2_4741811832_1-2">
<gml:timePosition>2020-12-23</gml:timePosition>
</devDate>
<orgGILvl>25000</orgGILvl>
<vis>表示</vis>
<pos>
<gml:Point gml:id="K2_4741811832_1-g" srsName="fguuid:jgd2011.bl">
<gml:pos>32.874036944 131.721851667</gml:pos>
</gml:Point>
</pos>
<type>標高点（測点）</type>
<alti>217</alti>
</ElevPt>
<ElevPt gml:id="K2_4741811841_1">
<fid>47418-11841-i-12</fid>
<lfSpanFr gml:id="K2_4741811841_1-1">
<gml:timePosition>2016-06-06</gml:timePosition>
</lfSpanFr>
<devDate gml:id="K2_4741811841_1-2">
<gml:timePosition>2020-12-23</gml:timePosition>
</devDate>
<orgGILvl>25000</orgGILvl>
<vis>表示</vis>
<pos>
<gml:Point gml:id="K2_4741811841_1-g" srsName="fguuid:jgd2011.bl">
<gml:pos>32.895485833 131.717485556</gml:pos>
</gml:Point>
</pos>
<type>標高点（測点）</type>
<alti>384</alti>
</ElevPt>
<ElevPt gml:id="K2_4741811847_1">
<fid>47418-11847-i-6</fid>
<lfSpanFr gml:id="K2_4741811847_1-1">
<gml:timePosition>2016-06-06</gml:timePosition>
</lfSpanFr>
<devDate gml:id="K2_4741811847_1-2">
<gml:timePosition>2020-12-23</gml:timePosition>
</devDate>
<orgGILvl>25000</orgGILvl>
<vis>表示</vis>
<pos>
<gml:Point gml:id="K2_4741811847_1-g" srsName="fguuid:jgd2011.bl">
<gml:pos>32.916253056 131.724803333</gml:pos>
</gml:Point>
</pos>
<type>標高点（測点）</type>
<alti>384</alti>
</ElevPt>
<ElevPt gml:id="K2_4741811847_2">
<fid>47418-11847-i-7</fid>
<lfSpanFr gml:id="K2_4741811847_2-1">
<gml:timePosition>2016-06-06</gml:timePosition>
</lfSpanFr>
<devDate gml:id="K2_4741811847_2-2">
<gml:timePosition>2020-12-23</gml:timePosition>
</devDate>
<orgGILvl>25000</orgGILvl>
<vis>表示</vis>
<pos>
<gml:Point gml:id="K2_4741811847_2-g" srsName="fguuid:jgd2011.bl">
<gml:pos>32.911601944 131.718362500</gml:pos>
</gml:Point>
</pos>
<type>標高点（測点）</type>
<alti>355</alti>
</ElevPt>
<ElevPt gml:id="K2_4742111820_1">
<fid>47421-11820-i-21</fid>
<lfSpanFr gml:id="K2_4742111820_1-1">
<gml:timePosition>2016-06-06</gml:timePosition>
</lfSpanFr>
<devDate gml:id="K2_4742111820_1-2">
<gml:timePosition>2020-12-23</gml:timePosition>
</devDate>
<orgGILvl>25000</orgGILvl>
<vis>表示</vis>
<pos>
<gml:Point gml:id="K2_4742111820_1-g" srsName="fguuid:jgd2011.bl">
<gml:pos>32.836121944 131.728005556</gml:pos>
</gml:Point>
</pos>
<type>標高点（測点）</type>
<alti>406</alti>
</ElevPt>
<ElevPt gml:id="K2_4742111820_2">
<fid>47421-11820-i-48</fid>
<lfSpanFr gml:id="K2_4742111820_2-1">
<gml:timePosition>2017-09-25</gml:timePosition>
</lfSpanFr>
<devDate gml:id="K2_4742111820_2-2">
<gml:timePosition>2020-12-23</gml:timePosition>
</devDate>
<orgGILvl>25000</orgGILvl>
<vis>表示</vis>
<pos>
<gml:Point gml:id="K2_4742111820_2-g" srsName="fguuid:jgd2011.bl">
<gml:pos>32.840949589 131.726106670</gml:pos>
</gml:Point>
</pos>
<type>標高点（測点）</type>
<alti>367</alti>
</ElevPt>
<ElevPt gml:id="K2_4742111829_1">
<fid>47421-11829-i-8</fid>
<lfSpanFr gml:id="K2_4742111829_1-1">
<gml:timePosition>2016-06-06</gml:timePosition>
</lfSpanFr>
<devDate gml:id="K2_4742111829_1-2">
<gml:timePosition>2020-12-23</gml:timePosition>
</devDate>
<orgGILvl>25000</orgGILvl>
<vis>表示</vis>
<pos>
<gml:Point gml:id="K2_4742111829_1-g" srsName="fguuid:jgd2011.bl">
<gml:pos>32.864688056 131.725063056</gml:pos>
</gml:Point>
</pos>
<type>標高点（測点）</type>
<alti>151</alti>
</ElevPt>
<ElevPt gml:id="K2_4742111835_1">
<fid>47421-11835-i-137</fid>
<lfSpanFr gml:id="K2_4742111835_1-1">
<gml:timePosition>2020-11-25</gml:timePosition>
</lfSpanFr>
<devDate gml:id="K2_4742111835_1-2">
<gml:timePosition>2020-12-23</gml:timePosition>
</devDate>
<orgGILvl>25000</orgGILvl>
<vis>表示</vis>
<pos>
<gml:Point gml:id="K2_4742111835_1-g" srsName="fguuid:jgd2011.bl">
<gml:pos>32.883171111 131.726392222</gml:pos>
</gml:Point>
</pos>
<type>標高点（測点）</type>
<alti>295</alti>
</ElevPt>
<ElevPt gml:id="K2_4742111838_1">
<fid>47421-11838-i-11</fid>
<lfSpanFr gml:id="K2_4742111838_1-1">
<gml:timePosition>2016-10-07</gml:timePosition>
</lfSpanFr>
<devDate gml:id="K2_4742111838_1-2">
<gml:timePosition>2020-12-23</gml:timePosition>
</devDate>
<orgGILvl>25000</orgGILvl>
<vis>非表示</vis>
<pos>
<gml:Point gml:id="K2_4742111838_1-g" srsName="fguuid:jgd2011.bl">
<gml:pos>32.891603056 131.727252500</gml:pos>
</gml:Point>
</pos>
<type>標高点（測点）</type>
<alti>160</alti>
</ElevPt>
<ElevPt gml:id="K2_4742411835_1">
<fid>47424-11835-i-56</fid>
<lfSpanFr gml:id="K2_4742411835_1-1">
<gml:timePosition>2020-11-25</gml:timePosition>
</lfSpanFr>
<devDate gml:id="K2_4742411835_1-2">
<gml:timePosition>2020-12-23</gml:timePosition>
</devDate>
<orgGILvl>25000</orgGILvl>
<vis>表示</vis>
<pos>
<gml:Point gml:id="K2_4742411835_1-g" srsName="fguuid:jgd2011.bl">
<gml:pos>32.880085000 131.737991111</gml:pos>
</gml:Point>
</pos>
<type>標高点（測点）</type>
<alti>215</alti>
</ElevPt>
<ElevPt gml:id="K2_4742411841_1">
<fid>47424-11841-i-39</fid>
<lfSpanFr gml:id="K2_4742411841_1-1">
<gml:timePosition>2020-11-25</gml:timePosition>
</lfSpanFr>
<devDate gml:id="K2_4742411841_1-2">
<gml:timePosition>2020-12-23</gml:timePosition>
</devDate>
<orgGILvl>25000</orgGILvl>
<vis>表示</vis>
<pos>
<gml:Point gml:id="K2_4742411841_1-g" srsName="fguuid:jgd2011.bl">
<gml:pos>32.896961389 131.740091944</gml:pos>
</gml:Point>
</pos>
<type>標高点（測点）</type>
<alti>121</alti>
</ElevPt>
<ElevPt gml:id="K2_4742411844_1">
<fid>47424-11844-i-11</fid>
<lfSpanFr gml:id="K2_4742411844_1-1">
<gml:timePosition>2016-06-06</gml:timePosition>
</lfSpanFr>
<devDate gml:id="K2_4742411844_1-2">
<gml:timePosition>2020-12-23</gml:timePosition>
</devDate>
<orgGILvl>25000</orgGILvl>
<vis>表示</vis>
<pos>
<gml:Point gml:id="K2_4742411844_1-g" srsName="fguuid:jgd2011.bl">
<gml:pos>32.902745278 131.740221389</gml:pos>
</gml:Point>
</pos>
<type>標高点（測点）</type>
<alti>252</alti>
</ElevPt>
<ElevPt gml:id="K2_4742411844_2">
<fid>47424-11844-i-12</fid>
<lfSpanFr gml:id="K2_4742411844_2-1">
<gml:timePosition>2016-06-06</gml:timePosition>
</lfSpanFr>
<devDate gml:id="K2_4742411844_2-2">
<gml:timePosition>2020-12-23</gml:timePosition>
</devDate>
<orgGILvl>25000</orgGILvl>
<vis>表示</vis>
<pos>
<gml:Point gml:id="K2_4742411844_2-g" srsName="fguuid:jgd2011.bl">
<gml:pos>32.905481111 131.733343056</gml:pos>
</gml:Point>
</pos>
<type>標高点（測点）</type>
<alti>355</alti>
</ElevPt>
<ElevPt gml:id="K2_4742711835_1">
<fid>47427-11835-i-16</fid>
<lfSpanFr gml:id="K2_4742711835_1-1">
<gml:timePosition>2020-11-25</gml:timePosition>
</lfSpanFr>
<devDate gml:id="K2_4742711835_1-2">
<gml:timePosition>2020-12-23</gml:timePosition>
</devDate>
<orgGILvl>25000</orgGILvl>
<vis>表示</vis>
<pos>
<gml:Point gml:id="K2_4742711835_1-g" srsName="fguuid:jgd2011.bl">
<gml:pos>32.878029722 131.743979722</gml:pos>
</gml:Point>
</pos>
<type>標高点（測点）</type>
<alti>294</alti>
</ElevPt>
<ElevPt gml:id="K2_4742711838_1">
<fid>47427-11838-i-79</fid>
<lfSpanFr gml:id="K2_4742711838_1-1">
<gml:timePosition>2020-11-25</gml:timePosition>
</lfSpanFr>
<devDate gml:id="K2_4742711838_1-2">
<gml:timePosition>2020-12-23</gml:timePosition>
</devDate>
<orgGILvl>25000</orgGILvl>
<vis>表示</vis>
<pos>
<gml:Point gml:id="K2_4742711838_1-g" srsName="fguuid:jgd2011.bl">
<gml:pos>32.883965000 131.743277778</gml:pos>
</gml:Point>
</pos>
<type>標高点（測点）</type>
<alti>95</alti>
</ElevPt>
<ElevPt gml:id="K2_4742711847_1">
<fid>47427-11847-i-8</fid>
<lfSpanFr gml:id="K2_4742711847_1-1">
<gml:timePosition>2016-06-06</gml:timePosition>
</lfSpanFr>
<devDate gml:id="K2_4742711847_1-2">
<gml:timePosition>2020-12-23</gml:timePosition>
</devDate>
<orgGILvl>25000</orgGILvl>
<vis>表示</vis>
<pos>
<gml:Point gml:id="K2_4742711847_1-g" srsName="fguuid:jgd2011.bl">
<gml:pos>32.913051111 131.743848056</gml:pos>
</gml:Point>
</pos>
<type>標高点（測点）</type>
<alti>367</alti>
</ElevPt>
</Dataset>
