<?xml version="1.0" encoding="utf-8"?>
<Dataset xsi:schemaLocation="http://fgd.gsi.go.jp/spec/2008/FGD_GMLSchema FGD_GMLSchema.xsd"
	xmlns:gml="http://www.opengis.net/gml/3.2"
	xmlns:xsi="http://www.w3.org/2001/XMLSchema-instance"
	xmlns:xlink="http://www.w3.org/1999/xlink"
	xmlns="http://fgd.gsi.go.jp/spec/2008/FGD_GMLSchema"
	gml:id="Dataset1">
  <gml:description>基盤地図情報メタデータ ID=fmdid:21-0101</gml:description>
  <gml:name>基盤地図情報ダウンロードデータ（GML版）</gml:name>
<GCP gml:id="K1_493114_1">
<fid>10-00100-0-2012-21808</fid>
<lfSpanFr gml:id="K1_493114_1-1">
<gml:timePosition>2020-12-21</gml:timePosition>
</lfSpanFr>
<devDate gml:id="K1_493114_1-2">
<gml:timePosition>2020-12-23</gml:timePosition>
</devDate>
<orgGILvl>KJ12</orgGILvl>
<vis>表示</vis>
<pos>
<gml:Point gml:id="K1_493114_1-g" srsName="fguuid:jgd2011.bl">
<gml:pos>32.799771806 131.546244056</gml:pos>
</gml:Point>
</pos>
<orgName>国土地理院</orgName>
<type>三角点</type>
<gcpClass>二等三角点</gcpClass>
<gcpCode>TR24931145301</gcpCode>
<name>天神原</name>
<B>118079.1785</B>
<L>473566.4786</L>
<alti>995.08</alti>
<altiAcc>2</altiAcc>
</GCP>
<GCP gml:id="K1_493114_2">
<fid>10-00100-0-2012-29062</fid>
<lfSpanFr gml:id="K1_493114_2-1">
<gml:timePosition>2020-12-21</gml:timePosition>
</lfSpanFr>
<devDate gml:id="K1_493114_2-2">
<gml:timePosition>2020-12-23</gml:timePosition>
</devDate>
<orgGILvl>KJ13</orgGILvl>
<vis>表示</vis>
<pos>
<gml:Point gml:id="K1_493114_2-g" srsName="fguuid:jgd2011.bl">
<gml:pos>32.754060417 131.568669889</gml:pos>
</gml:Point>
</pos>
<orgName>国土地理院</orgName>
<type>三角点</type>
<gcpClass>三等三角点</gcpClass>
<gcpCode>TR34931140501</gcpCode>
<name>八本木</name>
<B>117914.6175</B>
<L>473647.2116</L>
<alti>1407.96</alti>
<altiAcc>2</altiAcc>
</GCP>
<GCP gml:id="K1_493114_3">
<fid>10-00100-0-2012-29063</fid>
<lfSpanFr gml:id="K1_493114_3-1">
<gml:timePosition>2020-12-21</gml:timePosition>
</lfSpanFr>
<devDate gml:id="K1_493114_3-2">
<gml:timePosition>2020-12-23</gml:timePosition>
</devDate>
<orgGILvl>KJ13</orgGILvl>
<vis>表示</vis>
<pos>
<gml:Point gml:id="K1_493114_3-g" srsName="fguuid:jgd2011.bl">
<gml:pos>32.758764000 131.536572222</gml:pos>
</gml:Point>
</pos>
<orgName>国土地理院</orgName>
<type>三角点</type>
<gcpClass>三等三角点</gcpClass>
<gcpCode>TR34931141201</gcpCode>
<name>木山ケ内</name>
<B>117931.5504</B>
<L>473531.66</L>
<alti>1401.16</alti>
<altiAcc>2</altiAcc>
</GCP>
<GCP gml:id="K1_493114_4">
<fid>10-00100-0-2012-29064</fid>
<lfSpanFr gml:id="K1_493114_4-1">
<gml:timePosition>2020-12-21</gml:timePosition>
</lfSpanFr>
<devDate gml:id="K1_493114_4-2">
<gml:timePosition>2020-12-23</gml:timePosition>
</devDate>
<orgGILvl>KJ13</orgGILvl>
<vis>表示</vis>
<pos>
<gml:Point gml:id="K1_493114_4-g" srsName="fguuid:jgd2011.bl">
<gml:pos>32.764222111 131.607441417</gml:pos>
</gml:Point>
</pos>
<orgName>国土地理院</orgName>
<type>三角点</type>
<gcpClass>三等三角点</gcpClass>
<gcpCode>TR34931141801</gcpCode>
<name>藤木山</name>
<B>117951.1996</B>
<L>473786.7891</L>
<alti>413.46</alti>
<altiAcc>2</altiAcc>
</GCP>
<GCP gml:id="K1_493114_5">
<fid>10-00100-0-2012-29065</fid>
<lfSpanFr gml:id="K1_493114_5-1">
<gml:timePosition>2020-12-21</gml:timePosition>
</lfSpanFr>
<devDate gml:id="K1_493114_5-2">
<gml:timePosition>2020-12-23</gml:timePosition>
</devDate>
<orgGILvl>KJ13</orgGILvl>
<vis>表示</vis>
<pos>
<gml:Point gml:id="K1_493114_5-g" srsName="fguuid:jgd2011.bl">
<gml:pos>32.776496944 131.509182500</gml:pos>
</gml:Point>
</pos>
<orgName>国土地理院</orgName>
<type>三角点</type>
<gcpClass>三等三角点</gcpClass>
<gcpCode>TR34931143001</gcpCode>
<name>奈月山</name>
<B>117995.389</B>
<L>473433.057</L>
<alti>1385.84</alti>
<altiAcc>2</altiAcc>
</GCP>
<GCP gml:id="K1_493114_6">
<fid>10-00100-0-2012-29066</fid>
<lfSpanFr gml:id="K1_493114_6-1">
<gml:timePosition>2020-12-21</gml:timePosition>
</lfSpanFr>
<devDate gml:id="K1_493114_6-2">
<gml:timePosition>2020-12-23</gml:timePosition>
</devDate>
<orgGILvl>KJ13</orgGILvl>
<vis>表示</vis>
<pos>
<gml:Point gml:id="K1_493114_6-g" srsName="fguuid:jgd2011.bl">
<gml:pos>32.780015028 131.549709417</gml:pos>
</gml:Point>
</pos>
<orgName>国土地理院</orgName>
<type>三角点</type>
<gcpClass>三等三角点</gcpClass>
<gcpCode>TR34931143301</gcpCode>
<name>奥ヶ迫</name>
<B>118008.0541</B>
<L>473578.9539</L>
<alti>814.11</alti>
<altiAcc>2</altiAcc>
</GCP>
<GCP gml:id="K1_493114_7">
<fid>10-00100-0-2012-29067</fid>
<lfSpanFr gml:id="K1_493114_7-1">
<gml:timePosition>2020-12-21</gml:timePosition>
</lfSpanFr>
<devDate gml:id="K1_493114_7-2">
<gml:timePosition>2020-12-23</gml:timePosition>
</devDate>
<orgGILvl>KJ13</orgGILvl>
<vis>表示</vis>
<pos>
<gml:Point gml:id="K1_493114_7-g" srsName="fguuid:jgd2011.bl">
<gml:pos>32.792155972 131.592522028</gml:pos>
</gml:Point>
</pos>
<orgName>国土地理院</orgName>
<type>三角点</type>
<gcpClass>三等三角点</gcpClass>
<gcpCode>TR34931145701</gcpCode>
<name>鷹鳥屋</name>
<B>118051.7615</B>
<L>473733.0793</L>
<alti>639.12</alti>
<altiAcc>2</altiAcc>
</GCP>
<GCP gml:id="K1_493114_8">
<fid>10-00100-0-2012-29068</fid>
<lfSpanFr gml:id="K1_493114_8-1">
<gml:timePosition>2020-12-21</gml:timePosition>
</lfSpanFr>
<devDate gml:id="K1_493114_8-2">
<gml:timePosition>2020-12-23</gml:timePosition>
</devDate>
<orgGILvl>KJ13</orgGILvl>
<vis>表示</vis>
<pos>
<gml:Point gml:id="K1_493114_8-g" srsName="fguuid:jgd2011.bl">
<gml:pos>32.800822639 131.517433806</gml:pos>
</gml:Point>
</pos>
<orgName>国土地理院</orgName>
<type>三角点</type>
<gcpClass>三等三角点</gcpClass>
<gcpCode>TR34931146101</gcpCode>
<name>新百姓山</name>
<B>118082.9615</B>
<L>473462.7617</L>
<alti>1272.36</alti>
<altiAcc>2</altiAcc>
</GCP>
<GCP gml:id="K1_493114_9">
<fid>10-00100-0-2012-29069</fid>
<lfSpanFr gml:id="K1_493114_9-1">
<gml:timePosition>2020-12-21</gml:timePosition>
</lfSpanFr>
<devDate gml:id="K1_493114_9-2">
<gml:timePosition>2020-12-23</gml:timePosition>
</devDate>
<orgGILvl>KJ13</orgGILvl>
<vis>表示</vis>
<pos>
<gml:Point gml:id="K1_493114_9-g" srsName="fguuid:jgd2011.bl">
<gml:pos>32.818045194 131.507742444</gml:pos>
</gml:Point>
</pos>
<orgName>国土地理院</orgName>
<type>三角点</type>
<gcpClass>三等三角点</gcpClass>
<gcpCode>TR34931148001</gcpCode>
<name>宇津尾木</name>
<B>118144.9627</B>
<L>473427.8728</L>
<alti>943.83</alti>
<altiAcc>2</altiAcc>
</GCP>
<GCP gml:id="K1_493114_10">
<fid>10-00100-0-2012-29070</fid>
<lfSpanFr gml:id="K1_493114_10-1">
<gml:timePosition>2020-12-21</gml:timePosition>
</lfSpanFr>
<devDate gml:id="K1_493114_10-2">
<gml:timePosition>2020-12-23</gml:timePosition>
</devDate>
<orgGILvl>KJ13</orgGILvl>
<vis>表示</vis>
<pos>
<gml:Point gml:id="K1_493114_10-g" srsName="fguuid:jgd2011.bl">
<gml:pos>32.822718417 131.531578722</gml:pos>
</gml:Point>
</pos>
<orgName>国土地理院</orgName>
<type>三角点</type>
<gcpClass>三等三角点</gcpClass>
<gcpCode>TR34931148201</gcpCode>
<name>赤樫</name>
<B>118161.7863</B>
<L>473513.6834</L>
<alti>727.15</alti>
<altiAcc>2</altiAcc>
</GCP>
<GCP gml:id="K1_493114_11">
<fid>10-00100-0-2012-29071</fid>
<lfSpanFr gml:id="K1_493114_11-1">
<gml:timePosition>2020-12-21</gml:timePosition>
</lfSpanFr>
<devDate gml:id="K1_493114_11-2">
<gml:timePosition>2020-12-23</gml:timePosition>
</devDate>
<orgGILvl>KJ13</orgGILvl>
<vis>表示</vis>
<pos>
<gml:Point gml:id="K1_493114_11-g" srsName="fguuid:jgd2011.bl">
<gml:pos>32.827582917 131.567718528</gml:pos>
</gml:Point>
</pos>
<orgName>国土地理院</orgName>
<type>三角点</type>
<gcpClass>三等三角点</gcpClass>
<gcpCode>TR34931149501</gcpCode>
<name>一ツ原</name>
<B>118179.2985</B>
<L>473643.7867</L>
<alti>480.67</alti>
<altiAcc>2</altiAcc>
</GCP>
<GCP gml:id="K1_493114_12">
<fid>10-00100-0-2012-29072</fid>
<lfSpanFr gml:id="K1_493114_12-1">
<gml:timePosition>2020-12-21</gml:timePosition>
</lfSpanFr>
<devDate gml:id="K1_493114_12-2">
<gml:timePosition>2020-12-23</gml:timePosition>
</devDate>
<orgGILvl>KJ13</orgGILvl>
<vis>表示</vis>
<pos>
<gml:Point gml:id="K1_493114_12-g" srsName="fguuid:jgd2011.bl">
<gml:pos>32.828626972 131.606558000</gml:pos>
</gml:Point>
</pos>
<orgName>国土地理院</orgName>
<type>三角点</type>
<gcpClass>三等三角点</gcpClass>
<gcpCode>TR34931149801</gcpCode>
<name>烏岳</name>
<B>118183.0571</B>
<L>473783.6088</L>
<alti>376.77</alti>
<altiAcc>2</altiAcc>
</GCP>
<GCP gml:id="K1_493114_13">
<fid>10-00100-0-2012-66782</fid>
<lfSpanFr gml:id="K1_493114_13-1">
<gml:timePosition>2020-12-21</gml:timePosition>
</lfSpanFr>
<devDate gml:id="K1_493114_13-2">
<gml:timePosition>2020-12-23</gml:timePosition>
</devDate>
<orgGILvl>KJ14</orgGILvl>
<vis>表示</vis>
<pos>
<gml:Point gml:id="K1_493114_13-g" srsName="fguuid:jgd2011.bl">
<gml:pos>32.753847889 131.591806889</gml:pos>
</gml:Point>
</pos>
<orgName>国土地理院</orgName>
<type>三角点</type>
<gcpClass>四等三角点</gcpClass>
<gcpCode>TR44931140701</gcpCode>
<name>井手ノ谷山</name>
<B>117913.8524</B>
<L>473730.5048</L>
<alti>768.66</alti>
<altiAcc>2</altiAcc>
</GCP>
<GCP gml:id="K1_493114_14">
<fid>10-00100-0-2012-66783</fid>
<lfSpanFr gml:id="K1_493114_14-1">
<gml:timePosition>2020-12-21</gml:timePosition>
</lfSpanFr>
<devDate gml:id="K1_493114_14-2">
<gml:timePosition>2020-12-23</gml:timePosition>
</devDate>
<orgGILvl>KJ14</orgGILvl>
<vis>表示</vis>
<pos>
<gml:Point gml:id="K1_493114_14-g" srsName="fguuid:jgd2011.bl">
<gml:pos>32.762587944 131.587955306</gml:pos>
</gml:Point>
</pos>
<orgName>国土地理院</orgName>
<type>三角点</type>
<gcpClass>四等三角点</gcpClass>
<gcpCode>TR44931141701</gcpCode>
<name>北ノ平山</name>
<B>117945.3166</B>
<L>473716.6391</L>
<alti>570.12</alti>
<altiAcc>2</altiAcc>
</GCP>
<GCP gml:id="K1_493114_15">
<fid>10-00100-0-2012-66784</fid>
<lfSpanFr gml:id="K1_493114_15-1">
<gml:timePosition>2020-12-21</gml:timePosition>
</lfSpanFr>
<devDate gml:id="K1_493114_15-2">
<gml:timePosition>2020-12-23</gml:timePosition>
</devDate>
<orgGILvl>KJ14</orgGILvl>
<vis>表示</vis>
<pos>
<gml:Point gml:id="K1_493114_15-g" srsName="fguuid:jgd2011.bl">
<gml:pos>32.772101833 131.547818056</gml:pos>
</gml:Point>
</pos>
<orgName>国土地理院</orgName>
<type>三角点</type>
<gcpClass>四等三角点</gcpClass>
<gcpCode>TR44931142301</gcpCode>
<name>竹野</name>
<B>117979.5666</B>
<L>473572.145</L>
<alti>867.23</alti>
<altiAcc>2</altiAcc>
</GCP>
<GCP gml:id="K1_493114_16">
<fid>10-00100-0-2012-66785</fid>
<lfSpanFr gml:id="K1_493114_16-1">
<gml:timePosition>2020-12-21</gml:timePosition>
</lfSpanFr>
<devDate gml:id="K1_493114_16-2">
<gml:timePosition>2020-12-23</gml:timePosition>
</devDate>
<orgGILvl>KJ14</orgGILvl>
<vis>表示</vis>
<pos>
<gml:Point gml:id="K1_493114_16-g" srsName="fguuid:jgd2011.bl">
<gml:pos>32.774244222 131.590005222</gml:pos>
</gml:Point>
</pos>
<orgName>国土地理院</orgName>
<type>三角点</type>
<gcpClass>四等三角点</gcpClass>
<gcpCode>TR44931142701</gcpCode>
<name>赤水上</name>
<B>117987.2792</B>
<L>473724.0188</L>
<alti>395.61</alti>
<altiAcc>2</altiAcc>
</GCP>
<GCP gml:id="K1_493114_17">
<fid>10-00100-0-2012-66786</fid>
<lfSpanFr gml:id="K1_493114_17-1">
<gml:timePosition>2020-12-21</gml:timePosition>
</lfSpanFr>
<devDate gml:id="K1_493114_17-2">
<gml:timePosition>2020-12-23</gml:timePosition>
</devDate>
<orgGILvl>KJ14</orgGILvl>
<vis>表示</vis>
<pos>
<gml:Point gml:id="K1_493114_17-g" srsName="fguuid:jgd2011.bl">
<gml:pos>32.771012278 131.622753861</gml:pos>
</gml:Point>
</pos>
<orgName>国土地理院</orgName>
<type>三角点</type>
<gcpClass>四等三角点</gcpClass>
<gcpCode>TR44931142901</gcpCode>
<name>飛瀬山</name>
<B>117975.6442</B>
<L>473841.9139</L>
<alti>279.14</alti>
<altiAcc>2</altiAcc>
</GCP>
<GCP gml:id="K1_493114_18">
<fid>10-00100-0-2012-66787</fid>
<lfSpanFr gml:id="K1_493114_18-1">
<gml:timePosition>2020-12-21</gml:timePosition>
</lfSpanFr>
<devDate gml:id="K1_493114_18-2">
<gml:timePosition>2020-12-23</gml:timePosition>
</devDate>
<orgGILvl>KJ14</orgGILvl>
<vis>表示</vis>
<pos>
<gml:Point gml:id="K1_493114_18-g" srsName="fguuid:jgd2011.bl">
<gml:pos>32.778909861 131.570388750</gml:pos>
</gml:Point>
</pos>
<orgName>国土地理院</orgName>
<type>三角点</type>
<gcpClass>四等三角点</gcpClass>
<gcpCode>TR44931143501</gcpCode>
<name>堀切</name>
<B>118004.0755</B>
<L>473653.3995</L>
<alti>879.7</alti>
<altiAcc>2</altiAcc>
</GCP>
<GCP gml:id="K1_493114_19">
<fid>10-00100-0-2012-66788</fid>
<lfSpanFr gml:id="K1_493114_19-1">
<gml:timePosition>2020-12-21</gml:timePosition>
</lfSpanFr>
<devDate gml:id="K1_493114_19-2">
<gml:timePosition>2020-12-23</gml:timePosition>
</devDate>
<orgGILvl>KJ14</orgGILvl>
<vis>表示</vis>
<pos>
<gml:Point gml:id="K1_493114_19-g" srsName="fguuid:jgd2011.bl">
<gml:pos>32.781421056 131.601606194</gml:pos>
</gml:Point>
</pos>
<orgName>国土地理院</orgName>
<type>三角点</type>
<gcpClass>四等三角点</gcpClass>
<gcpCode>TR44931143801</gcpCode>
<name>井田渕</name>
<B>118013.1158</B>
<L>473765.7823</L>
<alti>402.36</alti>
<altiAcc>2</altiAcc>
</GCP>
<GCP gml:id="K1_493114_20">
<fid>10-00100-0-2012-66789</fid>
<lfSpanFr gml:id="K1_493114_20-1">
<gml:timePosition>2020-12-21</gml:timePosition>
</lfSpanFr>
<devDate gml:id="K1_493114_20-2">
<gml:timePosition>2020-12-23</gml:timePosition>
</devDate>
<orgGILvl>KJ14</orgGILvl>
<vis>表示</vis>
<pos>
<gml:Point gml:id="K1_493114_20-g" srsName="fguuid:jgd2011.bl">
<gml:pos>32.789436194 131.535946611</gml:pos>
</gml:Point>
</pos>
<orgName>国土地理院</orgName>
<type>三角点</type>
<gcpClass>四等三角点</gcpClass>
<gcpCode>TR44931144201</gcpCode>
<name>大刈野</name>
<B>118041.9703</B>
<L>473529.4078</L>
<alti>685.61</alti>
<altiAcc>2</altiAcc>
</GCP>
<GCP gml:id="K1_493114_21">
<fid>10-00100-0-2012-66790</fid>
<lfSpanFr gml:id="K1_493114_21-1">
<gml:timePosition>2020-12-21</gml:timePosition>
</lfSpanFr>
<devDate gml:id="K1_493114_21-2">
<gml:timePosition>2020-12-23</gml:timePosition>
</devDate>
<orgGILvl>KJ14</orgGILvl>
<vis>表示</vis>
<pos>
<gml:Point gml:id="K1_493114_21-g" srsName="fguuid:jgd2011.bl">
<gml:pos>32.792622417 131.560520889</gml:pos>
</gml:Point>
</pos>
<orgName>国土地理院</orgName>
<type>三角点</type>
<gcpClass>四等三角点</gcpClass>
<gcpCode>TR44931145401</gcpCode>
<name>藤河内</name>
<B>118053.4407</B>
<L>473617.8752</L>
<alti>695.1</alti>
<altiAcc>2</altiAcc>
</GCP>
<GCP gml:id="K1_493114_22">
<fid>10-00100-0-2012-66791</fid>
<lfSpanFr gml:id="K1_493114_22-1">
<gml:timePosition>2020-12-21</gml:timePosition>
</lfSpanFr>
<devDate gml:id="K1_493114_22-2">
<gml:timePosition>2020-12-23</gml:timePosition>
</devDate>
<orgGILvl>KJ14</orgGILvl>
<vis>表示</vis>
<pos>
<gml:Point gml:id="K1_493114_22-g" srsName="fguuid:jgd2011.bl">
<gml:pos>32.796290306 131.620042639</gml:pos>
</gml:Point>
</pos>
<orgName>国土地理院</orgName>
<type>三角点</type>
<gcpClass>四等三角点</gcpClass>
<gcpCode>TR44931145901</gcpCode>
<name>北川</name>
<B>118066.6451</B>
<L>473832.1535</L>
<alti>415.84</alti>
<altiAcc>2</altiAcc>
</GCP>
<GCP gml:id="K1_493114_23">
<fid>10-00100-0-2012-66792</fid>
<lfSpanFr gml:id="K1_493114_23-1">
<gml:timePosition>2020-12-21</gml:timePosition>
</lfSpanFr>
<devDate gml:id="K1_493114_23-2">
<gml:timePosition>2020-12-23</gml:timePosition>
</devDate>
<orgGILvl>KJ14</orgGILvl>
<vis>表示</vis>
<pos>
<gml:Point gml:id="K1_493114_23-g" srsName="fguuid:jgd2011.bl">
<gml:pos>32.800417000 131.571418750</gml:pos>
</gml:Point>
</pos>
<orgName>国土地理院</orgName>
<type>三角点</type>
<gcpClass>四等三角点</gcpClass>
<gcpCode>TR44931146501</gcpCode>
<name>樫原</name>
<B>118081.5012</B>
<L>473657.1075</L>
<alti>698.14</alti>
<altiAcc>2</altiAcc>
</GCP>
<GCP gml:id="K1_493114_24">
<fid>10-00100-0-2012-66793</fid>
<lfSpanFr gml:id="K1_493114_24-1">
<gml:timePosition>2020-12-21</gml:timePosition>
</lfSpanFr>
<devDate gml:id="K1_493114_24-2">
<gml:timePosition>2020-12-23</gml:timePosition>
</devDate>
<orgGILvl>KJ14</orgGILvl>
<vis>表示</vis>
<pos>
<gml:Point gml:id="K1_493114_24-g" srsName="fguuid:jgd2011.bl">
<gml:pos>32.808448028 131.532881000</gml:pos>
</gml:Point>
</pos>
<orgName>国土地理院</orgName>
<type>三角点</type>
<gcpClass>四等三角点</gcpClass>
<gcpCode>TR44931147201</gcpCode>
<name>柿ノ木谷</name>
<B>118110.4129</B>
<L>473518.3716</L>
<alti>663.98</alti>
<altiAcc>2</altiAcc>
</GCP>
<GCP gml:id="K1_493114_25">
<fid>10-00100-0-2012-66794</fid>
<lfSpanFr gml:id="K1_493114_25-1">
<gml:timePosition>2020-12-21</gml:timePosition>
</lfSpanFr>
<devDate gml:id="K1_493114_25-2">
<gml:timePosition>2020-12-23</gml:timePosition>
</devDate>
<orgGILvl>KJ14</orgGILvl>
<vis>表示</vis>
<pos>
<gml:Point gml:id="K1_493114_25-g" srsName="fguuid:jgd2011.bl">
<gml:pos>32.813263083 131.559739778</gml:pos>
</gml:Point>
</pos>
<orgName>国土地理院</orgName>
<type>三角点</type>
<gcpClass>四等三角点</gcpClass>
<gcpCode>TR44931147401</gcpCode>
<name>横岳</name>
<B>118127.7471</B>
<L>473615.0632</L>
<alti>772.09</alti>
<altiAcc>2</altiAcc>
</GCP>
<GCP gml:id="K1_493114_26">
<fid>10-00100-0-2012-66795</fid>
<lfSpanFr gml:id="K1_493114_26-1">
<gml:timePosition>2020-12-21</gml:timePosition>
</lfSpanFr>
<devDate gml:id="K1_493114_26-2">
<gml:timePosition>2020-12-23</gml:timePosition>
</devDate>
<orgGILvl>KJ14</orgGILvl>
<vis>表示</vis>
<pos>
<gml:Point gml:id="K1_493114_26-g" srsName="fguuid:jgd2011.bl">
<gml:pos>32.813160139 131.583693472</gml:pos>
</gml:Point>
</pos>
<orgName>国土地理院</orgName>
<type>三角点</type>
<gcpClass>四等三角点</gcpClass>
<gcpCode>TR44931147601</gcpCode>
<name>後山</name>
<B>118127.3765</B>
<L>473701.2965</L>
<alti>395.28</alti>
<altiAcc>2</altiAcc>
</GCP>
<GCP gml:id="K1_493114_27">
<fid>10-00100-0-2012-66796</fid>
<lfSpanFr gml:id="K1_493114_27-1">
<gml:timePosition>2020-12-21</gml:timePosition>
</lfSpanFr>
<devDate gml:id="K1_493114_27-2">
<gml:timePosition>2020-12-23</gml:timePosition>
</devDate>
<orgGILvl>KJ14</orgGILvl>
<vis>表示</vis>
<pos>
<gml:Point gml:id="K1_493114_27-g" srsName="fguuid:jgd2011.bl">
<gml:pos>32.814328278 131.603917972</gml:pos>
</gml:Point>
</pos>
<orgName>国土地理院</orgName>
<type>三角点</type>
<gcpClass>四等三角点</gcpClass>
<gcpCode>TR44931147801</gcpCode>
<name>右ノ平</name>
<B>118131.5818</B>
<L>473774.1047</L>
<alti>242.82</alti>
<altiAcc>2</altiAcc>
</GCP>
<GCP gml:id="K1_493114_28">
<fid>10-00100-0-2012-66797</fid>
<lfSpanFr gml:id="K1_493114_28-1">
<gml:timePosition>2020-12-21</gml:timePosition>
</lfSpanFr>
<devDate gml:id="K1_493114_28-2">
<gml:timePosition>2020-12-23</gml:timePosition>
</devDate>
<orgGILvl>KJ14</orgGILvl>
<vis>表示</vis>
<pos>
<gml:Point gml:id="K1_493114_28-g" srsName="fguuid:jgd2011.bl">
<gml:pos>32.822278750 131.552936333</gml:pos>
</gml:Point>
</pos>
<orgName>国土地理院</orgName>
<type>三角点</type>
<gcpClass>四等三角点</gcpClass>
<gcpCode>TR44931148401</gcpCode>
<name>木浦鉱山</name>
<B>118160.2035</B>
<L>473590.5708</L>
<alti>451.11</alti>
<altiAcc>2</altiAcc>
</GCP>
<GCP gml:id="K1_493114_29">
<fid>10-00100-0-2012-66798</fid>
<lfSpanFr gml:id="K1_493114_29-1">
<gml:timePosition>2020-12-21</gml:timePosition>
</lfSpanFr>
<devDate gml:id="K1_493114_29-2">
<gml:timePosition>2020-12-23</gml:timePosition>
</devDate>
<orgGILvl>KJ14</orgGILvl>
<vis>表示</vis>
<pos>
<gml:Point gml:id="K1_493114_29-g" srsName="fguuid:jgd2011.bl">
<gml:pos>32.829477667 131.517189472</gml:pos>
</gml:Point>
</pos>
<orgName>国土地理院</orgName>
<type>三角点</type>
<gcpClass>四等三角点</gcpClass>
<gcpCode>TR44931149101</gcpCode>
<name>峯</name>
<B>118186.1196</B>
<L>473461.8821</L>
<alti>542.53</alti>
<altiAcc>2</altiAcc>
</GCP>
<GCP gml:id="K1_493114_30">
<fid>10-00100-0-2012-66799</fid>
<lfSpanFr gml:id="K1_493114_30-1">
<gml:timePosition>2020-12-21</gml:timePosition>
</lfSpanFr>
<devDate gml:id="K1_493114_30-2">
<gml:timePosition>2020-12-23</gml:timePosition>
</devDate>
<orgGILvl>KJ14</orgGILvl>
<vis>表示</vis>
<pos>
<gml:Point gml:id="K1_493114_30-g" srsName="fguuid:jgd2011.bl">
<gml:pos>32.832434278 131.532326583</gml:pos>
</gml:Point>
</pos>
<orgName>国土地理院</orgName>
<type>三角点</type>
<gcpClass>四等三角点</gcpClass>
<gcpCode>TR44931149201</gcpCode>
<name>御泊</name>
<B>118196.7634</B>
<L>473516.3757</L>
<alti>433.86</alti>
<altiAcc>2</altiAcc>
</GCP>
<GCP gml:id="K1_493114_31">
<fid>10-00100-0-2012-66800</fid>
<lfSpanFr gml:id="K1_493114_31-1">
<gml:timePosition>2020-12-21</gml:timePosition>
</lfSpanFr>
<devDate gml:id="K1_493114_31-2">
<gml:timePosition>2020-12-23</gml:timePosition>
</devDate>
<orgGILvl>KJ14</orgGILvl>
<vis>表示</vis>
<pos>
<gml:Point gml:id="K1_493114_31-g" srsName="fguuid:jgd2011.bl">
<gml:pos>32.829651972 131.583070722</gml:pos>
</gml:Point>
</pos>
<orgName>国土地理院</orgName>
<type>三角点</type>
<gcpClass>四等三角点</gcpClass>
<gcpCode>TR44931149601</gcpCode>
<name>柴屋</name>
<B>118186.7471</B>
<L>473699.0546</L>
<alti>297.24</alti>
<altiAcc>2</altiAcc>
</GCP>
</Dataset>
