<?xml version="1.0" encoding="utf-8"?>
<Dataset xsi:schemaLocation="http://fgd.gsi.go.jp/spec/2008/FGD_GMLSchema FGD_GMLSchema.xsd"
	xmlns:gml="http://www.opengis.net/gml/3.2"
	xmlns:xsi="http://www.w3.org/2001/XMLSchema-instance"
	xmlns:xlink="http://www.w3.org/1999/xlink"
	xmlns="http://fgd.gsi.go.jp/spec/2008/FGD_GMLSchema"
	gml:id="Dataset1">
  <gml:description>基盤地図情報メタデータ ID=fmdid:21-0101</gml:description>
  <gml:name>基盤地図情報ダウンロードデータ（GML版）</gml:name>
<AdmPt gml:id="K6_4734011805_1">
<fid>47340-11805-i-8</fid>
<lfSpanFr gml:id="K6_4734011805_1-1">
<gml:timePosition>2015-08-13</gml:timePosition>
</lfSpanFr>
<devDate gml:id="K6_4734011805_1-2">
<gml:timePosition>2020-12-23</gml:timePosition>
</devDate>
<orgGILvl>25000</orgGILvl>
<vis>非表示</vis>
<pos>
<gml:Point gml:id="K6_4734011805_1-g" srsName="fguuid:jgd2011.bl">
<gml:pos>32.794245150 131.507349353</gml:pos>
</gml:Point>
</pos>
<type>町村・指定都市の区</type>
<name>日之影町</name>
<admCode>45442</admCode>
</AdmPt>
<AdmPt gml:id="K6_4736411799_1">
<fid>47364-11799-i-5</fid>
<lfSpanFr gml:id="K6_4736411799_1-1">
<gml:timePosition>2015-08-13</gml:timePosition>
</lfSpanFr>
<devDate gml:id="K6_4736411799_1-2">
<gml:timePosition>2020-12-23</gml:timePosition>
</devDate>
<orgGILvl>25000</orgGILvl>
<vis>非表示</vis>
<pos>
<gml:Point gml:id="K6_4736411799_1-g" srsName="fguuid:jgd2011.bl">
<gml:pos>32.783325246 131.566833627</gml:pos>
</gml:Point>
</pos>
<type>郡市・東京都の区</type>
<name>佐伯市</name>
<admCode>44205</admCode>
</AdmPt>
<AdmPt gml:id="K6_4737611793_1">
<fid>47376-11793-i-85</fid>
<lfSpanFr gml:id="K6_4737611793_1-1">
<gml:timePosition>2020-11-25</gml:timePosition>
</lfSpanFr>
<devDate gml:id="K6_4737611793_1-2">
<gml:timePosition>2020-12-23</gml:timePosition>
</devDate>
<orgGILvl>25000</orgGILvl>
<vis>非表示</vis>
<pos>
<gml:Point gml:id="K6_4737611793_1-g" srsName="fguuid:jgd2011.bl">
<gml:pos>32.764801618 131.603540069</gml:pos>
</gml:Point>
</pos>
<type>郡市・東京都の区</type>
<name>延岡市</name>
<admCode>45203</admCode>
</AdmPt>
</Dataset>
