<?xml version="1.0" encoding="utf-8"?>
<Dataset xsi:schemaLocation="http://fgd.gsi.go.jp/spec/2008/FGD_GMLSchema FGD_GMLSchema.xsd"
	xmlns:gml="http://www.opengis.net/gml/3.2"
	xmlns:xsi="http://www.w3.org/2001/XMLSchema-instance"
	xmlns:xlink="http://www.w3.org/1999/xlink"
	xmlns="http://fgd.gsi.go.jp/spec/2008/FGD_GMLSchema"
	gml:id="Dataset1">
  <gml:description>基盤地図情報メタデータ ID=fmdid:21-0101</gml:description>
  <gml:name>基盤地図情報ダウンロードデータ（GML版）</gml:name>
<ElevPt gml:id="K2_4734011790_1">
<fid>47340-11790-i-3</fid>
<lfSpanFr gml:id="K2_4734011790_1-1">
<gml:timePosition>2013-12-10</gml:timePosition>
</lfSpanFr>
<devDate gml:id="K2_4734011790_1-2">
<gml:timePosition>2020-12-23</gml:timePosition>
</devDate>
<orgGILvl>25000</orgGILvl>
<vis>表示</vis>
<pos>
<gml:Point gml:id="K2_4734011790_1-g" srsName="fguuid:jgd2011.bl">
<gml:pos>32.758200556 131.507288056</gml:pos>
</gml:Point>
</pos>
<type>標高点（測点）</type>
<alti>1049</alti>
</ElevPt>
<ElevPt gml:id="K2_4734011793_1">
<fid>47340-11793-i-8</fid>
<lfSpanFr gml:id="K2_4734011793_1-1">
<gml:timePosition>2020-11-25</gml:timePosition>
</lfSpanFr>
<devDate gml:id="K2_4734011793_1-2">
<gml:timePosition>2020-12-23</gml:timePosition>
</devDate>
<orgGILvl>25000</orgGILvl>
<vis>表示</vis>
<pos>
<gml:Point gml:id="K2_4734011793_1-g" srsName="fguuid:jgd2011.bl">
<gml:pos>32.765061667 131.502444722</gml:pos>
</gml:Point>
</pos>
<type>標高点（測点）</type>
<alti>1393</alti>
</ElevPt>
<ElevPt gml:id="K2_4734011793_2">
<fid>47340-11793-i-9</fid>
<lfSpanFr gml:id="K2_4734011793_2-1">
<gml:timePosition>2020-11-25</gml:timePosition>
</lfSpanFr>
<devDate gml:id="K2_4734011793_2-2">
<gml:timePosition>2020-12-23</gml:timePosition>
</devDate>
<orgGILvl>25000</orgGILvl>
<vis>表示</vis>
<pos>
<gml:Point gml:id="K2_4734011793_2-g" srsName="fguuid:jgd2011.bl">
<gml:pos>32.764265000 131.507378056</gml:pos>
</gml:Point>
</pos>
<type>標高点（測点）</type>
<alti>1405</alti>
</ElevPt>
<ElevPt gml:id="K2_4734011799_1">
<fid>47340-11799-i-3</fid>
<lfSpanFr gml:id="K2_4734011799_1-1">
<gml:timePosition>2013-12-10</gml:timePosition>
</lfSpanFr>
<devDate gml:id="K2_4734011799_1-2">
<gml:timePosition>2020-12-23</gml:timePosition>
</devDate>
<orgGILvl>25000</orgGILvl>
<vis>表示</vis>
<pos>
<gml:Point gml:id="K2_4734011799_1-g" srsName="fguuid:jgd2011.bl">
<gml:pos>32.778137500 131.501186667</gml:pos>
</gml:Point>
</pos>
<type>標高点（測点）</type>
<alti>1198</alti>
</ElevPt>
<ElevPt gml:id="K2_4734011805_1">
<fid>47340-11805-i-2</fid>
<lfSpanFr gml:id="K2_4734011805_1-1">
<gml:timePosition>2013-12-10</gml:timePosition>
</lfSpanFr>
<devDate gml:id="K2_4734011805_1-2">
<gml:timePosition>2020-12-23</gml:timePosition>
</devDate>
<orgGILvl>25000</orgGILvl>
<vis>表示</vis>
<pos>
<gml:Point gml:id="K2_4734011805_1-g" srsName="fguuid:jgd2011.bl">
<gml:pos>32.794392778 131.501302778</gml:pos>
</gml:Point>
</pos>
<type>標高点（測点）</type>
<alti>871</alti>
</ElevPt>
<ElevPt gml:id="K2_4734011808_1">
<fid>47340-11808-i-3</fid>
<lfSpanFr gml:id="K2_4734011808_1-1">
<gml:timePosition>2013-12-10</gml:timePosition>
</lfSpanFr>
<devDate gml:id="K2_4734011808_1-2">
<gml:timePosition>2020-12-23</gml:timePosition>
</devDate>
<orgGILvl>25000</orgGILvl>
<vis>表示</vis>
<pos>
<gml:Point gml:id="K2_4734011808_1-g" srsName="fguuid:jgd2011.bl">
<gml:pos>32.800975556 131.508271111</gml:pos>
</gml:Point>
</pos>
<type>標高点（測点）</type>
<alti>1091</alti>
</ElevPt>
<ElevPt gml:id="K2_4734011811_1">
<fid>47340-11811-i-72</fid>
<lfSpanFr gml:id="K2_4734011811_1-1">
<gml:timePosition>2020-11-25</gml:timePosition>
</lfSpanFr>
<devDate gml:id="K2_4734011811_1-2">
<gml:timePosition>2020-12-23</gml:timePosition>
</devDate>
<orgGILvl>25000</orgGILvl>
<vis>表示</vis>
<pos>
<gml:Point gml:id="K2_4734011811_1-g" srsName="fguuid:jgd2011.bl">
<gml:pos>32.810751944 131.501744444</gml:pos>
</gml:Point>
</pos>
<type>標高点（測点）</type>
<alti>1004</alti>
</ElevPt>
<ElevPt gml:id="K2_4734011817_1">
<fid>47340-11817-i-25</fid>
<lfSpanFr gml:id="K2_4734011817_1-1">
<gml:timePosition>2020-11-25</gml:timePosition>
</lfSpanFr>
<devDate gml:id="K2_4734011817_1-2">
<gml:timePosition>2020-12-23</gml:timePosition>
</devDate>
<orgGILvl>25000</orgGILvl>
<vis>表示</vis>
<pos>
<gml:Point gml:id="K2_4734011817_1-g" srsName="fguuid:jgd2011.bl">
<gml:pos>32.829637778 131.503403333</gml:pos>
</gml:Point>
</pos>
<type>標高点（測点）</type>
<alti>684</alti>
</ElevPt>
<ElevPt gml:id="K2_4734311790_1">
<fid>47343-11790-i-4</fid>
<lfSpanFr gml:id="K2_4734311790_1-1">
<gml:timePosition>2013-12-10</gml:timePosition>
</lfSpanFr>
<devDate gml:id="K2_4734311790_1-2">
<gml:timePosition>2020-12-23</gml:timePosition>
</devDate>
<orgGILvl>25000</orgGILvl>
<vis>表示</vis>
<pos>
<gml:Point gml:id="K2_4734311790_1-g" srsName="fguuid:jgd2011.bl">
<gml:pos>32.754843333 131.514550278</gml:pos>
</gml:Point>
</pos>
<type>標高点（測点）</type>
<alti>1318</alti>
</ElevPt>
<ElevPt gml:id="K2_4734311796_1">
<fid>47343-11796-i-8</fid>
<lfSpanFr gml:id="K2_4734311796_1-1">
<gml:timePosition>2013-12-10</gml:timePosition>
</lfSpanFr>
<devDate gml:id="K2_4734311796_1-2">
<gml:timePosition>2020-12-23</gml:timePosition>
</devDate>
<orgGILvl>25000</orgGILvl>
<vis>表示</vis>
<pos>
<gml:Point gml:id="K2_4734311796_1-g" srsName="fguuid:jgd2011.bl">
<gml:pos>32.768343694 131.516467500</gml:pos>
</gml:Point>
</pos>
<type>標高点（測点）</type>
<alti>1312</alti>
</ElevPt>
<ElevPt gml:id="K2_4734311802_1">
<fid>47343-11802-i-8</fid>
<lfSpanFr gml:id="K2_4734311802_1-1">
<gml:timePosition>2013-12-10</gml:timePosition>
</lfSpanFr>
<devDate gml:id="K2_4734311802_1-2">
<gml:timePosition>2020-12-23</gml:timePosition>
</devDate>
<orgGILvl>25000</orgGILvl>
<vis>表示</vis>
<pos>
<gml:Point gml:id="K2_4734311802_1-g" srsName="fguuid:jgd2011.bl">
<gml:pos>32.787412500 131.510317222</gml:pos>
</gml:Point>
</pos>
<type>標高点（測点）</type>
<alti>1162</alti>
</ElevPt>
<ElevPt gml:id="K2_4734311805_1">
<fid>47343-11805-i-4</fid>
<lfSpanFr gml:id="K2_4734311805_1-1">
<gml:timePosition>2013-12-10</gml:timePosition>
</lfSpanFr>
<devDate gml:id="K2_4734311805_1-2">
<gml:timePosition>2020-12-23</gml:timePosition>
</devDate>
<orgGILvl>25000</orgGILvl>
<vis>表示</vis>
<pos>
<gml:Point gml:id="K2_4734311805_1-g" srsName="fguuid:jgd2011.bl">
<gml:pos>32.794937222 131.515250833</gml:pos>
</gml:Point>
</pos>
<type>標高点（測点）</type>
<alti>1297</alti>
</ElevPt>
<ElevPt gml:id="K2_4734311814_1">
<fid>47343-11814-i-2</fid>
<lfSpanFr gml:id="K2_4734311814_1-1">
<gml:timePosition>2013-12-10</gml:timePosition>
</lfSpanFr>
<devDate gml:id="K2_4734311814_1-2">
<gml:timePosition>2020-12-23</gml:timePosition>
</devDate>
<orgGILvl>25000</orgGILvl>
<vis>表示</vis>
<pos>
<gml:Point gml:id="K2_4734311814_1-g" srsName="fguuid:jgd2011.bl">
<gml:pos>32.822851111 131.509842222</gml:pos>
</gml:Point>
</pos>
<type>標高点（測点）</type>
<alti>809</alti>
</ElevPt>
<ElevPt gml:id="K2_4734611790_1">
<fid>47346-11790-i-21</fid>
<lfSpanFr gml:id="K2_4734611790_1-1">
<gml:timePosition>2020-11-25</gml:timePosition>
</lfSpanFr>
<devDate gml:id="K2_4734611790_1-2">
<gml:timePosition>2020-12-23</gml:timePosition>
</devDate>
<orgGILvl>25000</orgGILvl>
<vis>表示</vis>
<pos>
<gml:Point gml:id="K2_4734611790_1-g" srsName="fguuid:jgd2011.bl">
<gml:pos>32.750471944 131.521416111</gml:pos>
</gml:Point>
</pos>
<type>標高点（測点）</type>
<alti>1261</alti>
</ElevPt>
<ElevPt gml:id="K2_4734611793_1">
<fid>47346-11793-i-10</fid>
<lfSpanFr gml:id="K2_4734611793_1-1">
<gml:timePosition>2013-12-10</gml:timePosition>
</lfSpanFr>
<devDate gml:id="K2_4734611793_1-2">
<gml:timePosition>2020-12-23</gml:timePosition>
</devDate>
<orgGILvl>25000</orgGILvl>
<vis>表示</vis>
<pos>
<gml:Point gml:id="K2_4734611793_1-g" srsName="fguuid:jgd2011.bl">
<gml:pos>32.764078333 131.523707500</gml:pos>
</gml:Point>
</pos>
<type>標高点（測点）</type>
<alti>1298</alti>
</ElevPt>
<ElevPt gml:id="K2_4734611793_2">
<fid>47346-11793-i-11</fid>
<lfSpanFr gml:id="K2_4734611793_2-1">
<gml:timePosition>2013-12-10</gml:timePosition>
</lfSpanFr>
<devDate gml:id="K2_4734611793_2-2">
<gml:timePosition>2020-12-23</gml:timePosition>
</devDate>
<orgGILvl>25000</orgGILvl>
<vis>表示</vis>
<pos>
<gml:Point gml:id="K2_4734611793_2-g" srsName="fguuid:jgd2011.bl">
<gml:pos>32.760429167 131.517035000</gml:pos>
</gml:Point>
</pos>
<type>標高点（測点）</type>
<alti>1022</alti>
</ElevPt>
<ElevPt gml:id="K2_4734611793_3">
<fid>47346-11793-i-12</fid>
<lfSpanFr gml:id="K2_4734611793_3-1">
<gml:timePosition>2013-12-10</gml:timePosition>
</lfSpanFr>
<devDate gml:id="K2_4734611793_3-2">
<gml:timePosition>2020-12-23</gml:timePosition>
</devDate>
<orgGILvl>25000</orgGILvl>
<vis>表示</vis>
<pos>
<gml:Point gml:id="K2_4734611793_3-g" srsName="fguuid:jgd2011.bl">
<gml:pos>32.760125833 131.523946944</gml:pos>
</gml:Point>
</pos>
<type>標高点（測点）</type>
<alti>1162</alti>
</ElevPt>
<ElevPt gml:id="K2_4734611796_1">
<fid>47346-11796-i-2</fid>
<lfSpanFr gml:id="K2_4734611796_1-1">
<gml:timePosition>2013-12-10</gml:timePosition>
</lfSpanFr>
<devDate gml:id="K2_4734611796_1-2">
<gml:timePosition>2020-12-23</gml:timePosition>
</devDate>
<orgGILvl>25000</orgGILvl>
<vis>表示</vis>
<pos>
<gml:Point gml:id="K2_4734611796_1-g" srsName="fguuid:jgd2011.bl">
<gml:pos>32.774708611 131.523977222</gml:pos>
</gml:Point>
</pos>
<type>標高点（測点）</type>
<alti>886</alti>
</ElevPt>
<ElevPt gml:id="K2_4734611799_1">
<fid>47346-11799-i-2</fid>
<lfSpanFr gml:id="K2_4734611799_1-1">
<gml:timePosition>2013-12-10</gml:timePosition>
</lfSpanFr>
<devDate gml:id="K2_4734611799_1-2">
<gml:timePosition>2020-12-23</gml:timePosition>
</devDate>
<orgGILvl>25000</orgGILvl>
<vis>表示</vis>
<pos>
<gml:Point gml:id="K2_4734611799_1-g" srsName="fguuid:jgd2011.bl">
<gml:pos>32.782524167 131.521142778</gml:pos>
</gml:Point>
</pos>
<type>標高点（測点）</type>
<alti>896</alti>
</ElevPt>
<ElevPt gml:id="K2_4734611802_1">
<fid>47346-11802-i-2</fid>
<lfSpanFr gml:id="K2_4734611802_1-1">
<gml:timePosition>2013-12-10</gml:timePosition>
</lfSpanFr>
<devDate gml:id="K2_4734611802_1-2">
<gml:timePosition>2020-12-23</gml:timePosition>
</devDate>
<orgGILvl>25000</orgGILvl>
<vis>表示</vis>
<pos>
<gml:Point gml:id="K2_4734611802_1-g" srsName="fguuid:jgd2011.bl">
<gml:pos>32.789086944 131.523366111</gml:pos>
</gml:Point>
</pos>
<type>標高点（測点）</type>
<alti>889</alti>
</ElevPt>
<ElevPt gml:id="K2_4734611808_1">
<fid>47346-11808-i-3</fid>
<lfSpanFr gml:id="K2_4734611808_1-1">
<gml:timePosition>2013-12-10</gml:timePosition>
</lfSpanFr>
<devDate gml:id="K2_4734611808_1-2">
<gml:timePosition>2020-12-23</gml:timePosition>
</devDate>
<orgGILvl>25000</orgGILvl>
<vis>表示</vis>
<pos>
<gml:Point gml:id="K2_4734611808_1-g" srsName="fguuid:jgd2011.bl">
<gml:pos>32.805787778 131.524901667</gml:pos>
</gml:Point>
</pos>
<type>標高点（測点）</type>
<alti>1051</alti>
</ElevPt>
<ElevPt gml:id="K2_4734611811_1">
<fid>47346-11811-i-2</fid>
<lfSpanFr gml:id="K2_4734611811_1-1">
<gml:timePosition>2013-12-10</gml:timePosition>
</lfSpanFr>
<devDate gml:id="K2_4734611811_1-2">
<gml:timePosition>2020-12-23</gml:timePosition>
</devDate>
<orgGILvl>25000</orgGILvl>
<vis>表示</vis>
<pos>
<gml:Point gml:id="K2_4734611811_1-g" srsName="fguuid:jgd2011.bl">
<gml:pos>32.816031111 131.516816667</gml:pos>
</gml:Point>
</pos>
<type>標高点（測点）</type>
<alti>628</alti>
</ElevPt>
<ElevPt gml:id="K2_4734611811_2">
<fid>47346-11811-i-3</fid>
<lfSpanFr gml:id="K2_4734611811_2-1">
<gml:timePosition>2013-12-10</gml:timePosition>
</lfSpanFr>
<devDate gml:id="K2_4734611811_2-2">
<gml:timePosition>2020-12-23</gml:timePosition>
</devDate>
<orgGILvl>25000</orgGILvl>
<vis>表示</vis>
<pos>
<gml:Point gml:id="K2_4734611811_2-g" srsName="fguuid:jgd2011.bl">
<gml:pos>32.809594722 131.519518333</gml:pos>
</gml:Point>
</pos>
<type>標高点（測点）</type>
<alti>889</alti>
</ElevPt>
<ElevPt gml:id="K2_4734611817_1">
<fid>47346-11817-i-1</fid>
<lfSpanFr gml:id="K2_4734611817_1-1">
<gml:timePosition>2013-12-10</gml:timePosition>
</lfSpanFr>
<devDate gml:id="K2_4734611817_1-2">
<gml:timePosition>2020-12-23</gml:timePosition>
</devDate>
<orgGILvl>25000</orgGILvl>
<vis>表示</vis>
<pos>
<gml:Point gml:id="K2_4734611817_1-g" srsName="fguuid:jgd2011.bl">
<gml:pos>32.827212778 131.517552222</gml:pos>
</gml:Point>
</pos>
<type>標高点（測点）</type>
<alti>565</alti>
</ElevPt>
<ElevPt gml:id="K2_4734611817_2">
<fid>47346-11817-i-2</fid>
<lfSpanFr gml:id="K2_4734611817_2-1">
<gml:timePosition>2013-12-10</gml:timePosition>
</lfSpanFr>
<devDate gml:id="K2_4734611817_2-2">
<gml:timePosition>2020-12-23</gml:timePosition>
</devDate>
<orgGILvl>25000</orgGILvl>
<vis>表示</vis>
<pos>
<gml:Point gml:id="K2_4734611817_2-g" srsName="fguuid:jgd2011.bl">
<gml:pos>32.832228056 131.523526944</gml:pos>
</gml:Point>
</pos>
<type>標高点（測点）</type>
<alti>535</alti>
</ElevPt>
<ElevPt gml:id="K2_4734911790_1">
<fid>47349-11790-i-7</fid>
<lfSpanFr gml:id="K2_4734911790_1-1">
<gml:timePosition>2013-12-10</gml:timePosition>
</lfSpanFr>
<devDate gml:id="K2_4734911790_1-2">
<gml:timePosition>2020-12-23</gml:timePosition>
</devDate>
<orgGILvl>25000</orgGILvl>
<vis>表示</vis>
<pos>
<gml:Point gml:id="K2_4734911790_1-g" srsName="fguuid:jgd2011.bl">
<gml:pos>32.755230833 131.526310556</gml:pos>
</gml:Point>
</pos>
<type>標高点（測点）</type>
<alti>902</alti>
</ElevPt>
<ElevPt gml:id="K2_4734911796_1">
<fid>47349-11796-i-3</fid>
<lfSpanFr gml:id="K2_4734911796_1-1">
<gml:timePosition>2013-12-10</gml:timePosition>
</lfSpanFr>
<devDate gml:id="K2_4734911796_1-2">
<gml:timePosition>2020-12-23</gml:timePosition>
</devDate>
<orgGILvl>25000</orgGILvl>
<vis>表示</vis>
<pos>
<gml:Point gml:id="K2_4734911796_1-g" srsName="fguuid:jgd2011.bl">
<gml:pos>32.769283611 131.531555278</gml:pos>
</gml:Point>
</pos>
<type>標高点（測点）</type>
<alti>1022</alti>
</ElevPt>
<ElevPt gml:id="K2_4734911796_2">
<fid>47349-11796-i-8</fid>
<lfSpanFr gml:id="K2_4734911796_2-1">
<gml:timePosition>2013-12-10</gml:timePosition>
</lfSpanFr>
<devDate gml:id="K2_4734911796_2-2">
<gml:timePosition>2020-12-23</gml:timePosition>
</devDate>
<orgGILvl>25000</orgGILvl>
<vis>非表示</vis>
<pos>
<gml:Point gml:id="K2_4734911796_2-g" srsName="fguuid:jgd2011.bl">
<gml:pos>32.773676389 131.532109722</gml:pos>
</gml:Point>
</pos>
<type>標高点（測点）</type>
<alti>1037</alti>
</ElevPt>
<ElevPt gml:id="K2_4734911805_1">
<fid>47349-11805-i-2</fid>
<lfSpanFr gml:id="K2_4734911805_1-1">
<gml:timePosition>2013-12-10</gml:timePosition>
</lfSpanFr>
<devDate gml:id="K2_4734911805_1-2">
<gml:timePosition>2020-12-23</gml:timePosition>
</devDate>
<orgGILvl>25000</orgGILvl>
<vis>表示</vis>
<pos>
<gml:Point gml:id="K2_4734911805_1-g" srsName="fguuid:jgd2011.bl">
<gml:pos>32.798438056 131.528420556</gml:pos>
</gml:Point>
</pos>
<type>標高点（測点）</type>
<alti>1051</alti>
</ElevPt>
<ElevPt gml:id="K2_4734911814_1">
<fid>47349-11814-i-1</fid>
<lfSpanFr gml:id="K2_4734911814_1-1">
<gml:timePosition>2013-12-10</gml:timePosition>
</lfSpanFr>
<devDate gml:id="K2_4734911814_1-2">
<gml:timePosition>2020-12-23</gml:timePosition>
</devDate>
<orgGILvl>25000</orgGILvl>
<vis>表示</vis>
<pos>
<gml:Point gml:id="K2_4734911814_1-g" srsName="fguuid:jgd2011.bl">
<gml:pos>32.817087222 131.526486944</gml:pos>
</gml:Point>
</pos>
<type>標高点（測点）</type>
<alti>746</alti>
</ElevPt>
<ElevPt gml:id="K2_4734911817_1">
<fid>47349-11817-i-30</fid>
<lfSpanFr gml:id="K2_4734911817_1-1">
<gml:timePosition>2020-11-25</gml:timePosition>
</lfSpanFr>
<devDate gml:id="K2_4734911817_1-2">
<gml:timePosition>2020-12-23</gml:timePosition>
</devDate>
<orgGILvl>25000</orgGILvl>
<vis>表示</vis>
<pos>
<gml:Point gml:id="K2_4734911817_1-g" srsName="fguuid:jgd2011.bl">
<gml:pos>32.825455278 131.525602222</gml:pos>
</gml:Point>
</pos>
<type>標高点（測点）</type>
<alti>511</alti>
</ElevPt>
<ElevPt gml:id="K2_4735211790_1">
<fid>47352-11790-i-3</fid>
<lfSpanFr gml:id="K2_4735211790_1-1">
<gml:timePosition>2013-12-10</gml:timePosition>
</lfSpanFr>
<devDate gml:id="K2_4735211790_1-2">
<gml:timePosition>2020-12-23</gml:timePosition>
</devDate>
<orgGILvl>25000</orgGILvl>
<vis>表示</vis>
<pos>
<gml:Point gml:id="K2_4735211790_1-g" srsName="fguuid:jgd2011.bl">
<gml:pos>32.751685278 131.534814722</gml:pos>
</gml:Point>
</pos>
<type>標高点（測点）</type>
<alti>971</alti>
</ElevPt>
<ElevPt gml:id="K2_4735211793_1">
<fid>47352-11793-i-24</fid>
<lfSpanFr gml:id="K2_4735211793_1-1">
<gml:timePosition>2020-11-25</gml:timePosition>
</lfSpanFr>
<devDate gml:id="K2_4735211793_1-2">
<gml:timePosition>2020-12-23</gml:timePosition>
</devDate>
<orgGILvl>25000</orgGILvl>
<vis>表示</vis>
<pos>
<gml:Point gml:id="K2_4735211793_1-g" srsName="fguuid:jgd2011.bl">
<gml:pos>32.765830000 131.538940000</gml:pos>
</gml:Point>
</pos>
<type>標高点（測点）</type>
<alti>1144</alti>
</ElevPt>
<ElevPt gml:id="K2_4735211799_1">
<fid>47352-11799-i-3</fid>
<lfSpanFr gml:id="K2_4735211799_1-1">
<gml:timePosition>2013-12-10</gml:timePosition>
</lfSpanFr>
<devDate gml:id="K2_4735211799_1-2">
<gml:timePosition>2020-12-23</gml:timePosition>
</devDate>
<orgGILvl>25000</orgGILvl>
<vis>表示</vis>
<pos>
<gml:Point gml:id="K2_4735211799_1-g" srsName="fguuid:jgd2011.bl">
<gml:pos>32.777495278 131.538967500</gml:pos>
</gml:Point>
</pos>
<type>標高点（測点）</type>
<alti>887</alti>
</ElevPt>
<ElevPt gml:id="K2_4735211799_2">
<fid>47352-11799-i-4</fid>
<lfSpanFr gml:id="K2_4735211799_2-1">
<gml:timePosition>2013-12-10</gml:timePosition>
</lfSpanFr>
<devDate gml:id="K2_4735211799_2-2">
<gml:timePosition>2020-12-23</gml:timePosition>
</devDate>
<orgGILvl>25000</orgGILvl>
<vis>表示</vis>
<pos>
<gml:Point gml:id="K2_4735211799_2-g" srsName="fguuid:jgd2011.bl">
<gml:pos>32.781068889 131.534520833</gml:pos>
</gml:Point>
</pos>
<type>標高点（測点）</type>
<alti>728</alti>
</ElevPt>
<ElevPt gml:id="K2_4735211802_1">
<fid>47352-11802-i-5</fid>
<lfSpanFr gml:id="K2_4735211802_1-1">
<gml:timePosition>2013-12-10</gml:timePosition>
</lfSpanFr>
<devDate gml:id="K2_4735211802_1-2">
<gml:timePosition>2020-12-23</gml:timePosition>
</devDate>
<orgGILvl>25000</orgGILvl>
<vis>表示</vis>
<pos>
<gml:Point gml:id="K2_4735211802_1-g" srsName="fguuid:jgd2011.bl">
<gml:pos>32.790927222 131.535922500</gml:pos>
</gml:Point>
</pos>
<type>標高点（測点）</type>
<alti>745</alti>
</ElevPt>
<ElevPt gml:id="K2_4735211805_1">
<fid>47352-11805-i-3</fid>
<lfSpanFr gml:id="K2_4735211805_1-1">
<gml:timePosition>2013-12-10</gml:timePosition>
</lfSpanFr>
<devDate gml:id="K2_4735211805_1-2">
<gml:timePosition>2020-12-23</gml:timePosition>
</devDate>
<orgGILvl>25000</orgGILvl>
<vis>表示</vis>
<pos>
<gml:Point gml:id="K2_4735211805_1-g" srsName="fguuid:jgd2011.bl">
<gml:pos>32.797805833 131.539857500</gml:pos>
</gml:Point>
</pos>
<type>標高点（測点）</type>
<alti>911</alti>
</ElevPt>
<ElevPt gml:id="K2_4735211808_1">
<fid>47352-11808-i-60</fid>
<lfSpanFr gml:id="K2_4735211808_1-1">
<gml:timePosition>2020-11-25</gml:timePosition>
</lfSpanFr>
<devDate gml:id="K2_4735211808_1-2">
<gml:timePosition>2020-12-23</gml:timePosition>
</devDate>
<orgGILvl>25000</orgGILvl>
<vis>表示</vis>
<pos>
<gml:Point gml:id="K2_4735211808_1-g" srsName="fguuid:jgd2011.bl">
<gml:pos>32.807340000 131.541292222</gml:pos>
</gml:Point>
</pos>
<type>標高点（測点）</type>
<alti>664</alti>
</ElevPt>
<ElevPt gml:id="K2_4735211811_1">
<fid>47352-11811-i-1</fid>
<lfSpanFr gml:id="K2_4735211811_1-1">
<gml:timePosition>2013-12-10</gml:timePosition>
</lfSpanFr>
<devDate gml:id="K2_4735211811_1-2">
<gml:timePosition>2020-12-23</gml:timePosition>
</devDate>
<orgGILvl>25000</orgGILvl>
<vis>表示</vis>
<pos>
<gml:Point gml:id="K2_4735211811_1-g" srsName="fguuid:jgd2011.bl">
<gml:pos>32.809637778 131.533856111</gml:pos>
</gml:Point>
</pos>
<type>標高点（測点）</type>
<alti>623</alti>
</ElevPt>
<ElevPt gml:id="K2_4735211814_1">
<fid>47352-11814-i-70</fid>
<lfSpanFr gml:id="K2_4735211814_1-1">
<gml:timePosition>2020-11-25</gml:timePosition>
</lfSpanFr>
<devDate gml:id="K2_4735211814_1-2">
<gml:timePosition>2020-12-23</gml:timePosition>
</devDate>
<orgGILvl>25000</orgGILvl>
<vis>表示</vis>
<pos>
<gml:Point gml:id="K2_4735211814_1-g" srsName="fguuid:jgd2011.bl">
<gml:pos>32.817822778 131.540400278</gml:pos>
</gml:Point>
</pos>
<type>標高点（測点）</type>
<alti>321</alti>
</ElevPt>
<ElevPt gml:id="K2_4735211817_1">
<fid>47352-11817-i-33</fid>
<lfSpanFr gml:id="K2_4735211817_1-1">
<gml:timePosition>2020-11-25</gml:timePosition>
</lfSpanFr>
<devDate gml:id="K2_4735211817_1-2">
<gml:timePosition>2020-12-23</gml:timePosition>
</devDate>
<orgGILvl>25000</orgGILvl>
<vis>表示</vis>
<pos>
<gml:Point gml:id="K2_4735211817_1-g" srsName="fguuid:jgd2011.bl">
<gml:pos>32.831532222 131.538124167</gml:pos>
</gml:Point>
</pos>
<type>標高点（測点）</type>
<alti>551</alti>
</ElevPt>
<ElevPt gml:id="K2_4735211817_2">
<fid>47352-11817-i-34</fid>
<lfSpanFr gml:id="K2_4735211817_2-1">
<gml:timePosition>2020-11-25</gml:timePosition>
</lfSpanFr>
<devDate gml:id="K2_4735211817_2-2">
<gml:timePosition>2020-12-23</gml:timePosition>
</devDate>
<orgGILvl>25000</orgGILvl>
<vis>表示</vis>
<pos>
<gml:Point gml:id="K2_4735211817_2-g" srsName="fguuid:jgd2011.bl">
<gml:pos>32.826987500 131.541431667</gml:pos>
</gml:Point>
</pos>
<type>標高点（測点）</type>
<alti>472</alti>
</ElevPt>
<ElevPt gml:id="K2_4735511790_1">
<fid>47355-11790-i-4</fid>
<lfSpanFr gml:id="K2_4735511790_1-1">
<gml:timePosition>2013-12-10</gml:timePosition>
</lfSpanFr>
<devDate gml:id="K2_4735511790_1-2">
<gml:timePosition>2020-12-23</gml:timePosition>
</devDate>
<orgGILvl>25000</orgGILvl>
<vis>表示</vis>
<pos>
<gml:Point gml:id="K2_4735511790_1-g" srsName="fguuid:jgd2011.bl">
<gml:pos>32.757228056 131.549383333</gml:pos>
</gml:Point>
</pos>
<type>標高点（測点）</type>
<alti>1214</alti>
</ElevPt>
<ElevPt gml:id="K2_4735511790_2">
<fid>47355-11790-i-5</fid>
<lfSpanFr gml:id="K2_4735511790_2-1">
<gml:timePosition>2013-12-10</gml:timePosition>
</lfSpanFr>
<devDate gml:id="K2_4735511790_2-2">
<gml:timePosition>2020-12-23</gml:timePosition>
</devDate>
<orgGILvl>25000</orgGILvl>
<vis>表示</vis>
<pos>
<gml:Point gml:id="K2_4735511790_2-g" srsName="fguuid:jgd2011.bl">
<gml:pos>32.756345000 131.545480278</gml:pos>
</gml:Point>
</pos>
<type>標高点（測点）</type>
<alti>1273</alti>
</ElevPt>
<ElevPt gml:id="K2_4735511793_1">
<fid>47355-11793-i-1</fid>
<lfSpanFr gml:id="K2_4735511793_1-1">
<gml:timePosition>2013-12-10</gml:timePosition>
</lfSpanFr>
<devDate gml:id="K2_4735511793_1-2">
<gml:timePosition>2020-12-23</gml:timePosition>
</devDate>
<orgGILvl>25000</orgGILvl>
<vis>表示</vis>
<pos>
<gml:Point gml:id="K2_4735511793_1-g" srsName="fguuid:jgd2011.bl">
<gml:pos>32.764369722 131.547006667</gml:pos>
</gml:Point>
</pos>
<type>標高点（測点）</type>
<alti>1123</alti>
</ElevPt>
<ElevPt gml:id="K2_4735511802_1">
<fid>47355-11802-i-7</fid>
<lfSpanFr gml:id="K2_4735511802_1-1">
<gml:timePosition>2013-12-10</gml:timePosition>
</lfSpanFr>
<devDate gml:id="K2_4735511802_1-2">
<gml:timePosition>2020-12-23</gml:timePosition>
</devDate>
<orgGILvl>25000</orgGILvl>
<vis>表示</vis>
<pos>
<gml:Point gml:id="K2_4735511802_1-g" srsName="fguuid:jgd2011.bl">
<gml:pos>32.789936389 131.549802222</gml:pos>
</gml:Point>
</pos>
<type>標高点（測点）</type>
<alti>534</alti>
</ElevPt>
<ElevPt gml:id="K2_4735511802_2">
<fid>47355-11802-i-8</fid>
<lfSpanFr gml:id="K2_4735511802_2-1">
<gml:timePosition>2013-12-10</gml:timePosition>
</lfSpanFr>
<devDate gml:id="K2_4735511802_2-2">
<gml:timePosition>2020-12-23</gml:timePosition>
</devDate>
<orgGILvl>25000</orgGILvl>
<vis>表示</vis>
<pos>
<gml:Point gml:id="K2_4735511802_2-g" srsName="fguuid:jgd2011.bl">
<gml:pos>32.785050556 131.544908611</gml:pos>
</gml:Point>
</pos>
<type>標高点（測点）</type>
<alti>574</alti>
</ElevPt>
<ElevPt gml:id="K2_4735511805_1">
<fid>47355-11805-i-1</fid>
<lfSpanFr gml:id="K2_4735511805_1-1">
<gml:timePosition>2013-12-10</gml:timePosition>
</lfSpanFr>
<devDate gml:id="K2_4735511805_1-2">
<gml:timePosition>2020-12-23</gml:timePosition>
</devDate>
<orgGILvl>25000</orgGILvl>
<vis>表示</vis>
<pos>
<gml:Point gml:id="K2_4735511805_1-g" srsName="fguuid:jgd2011.bl">
<gml:pos>32.798476389 131.548991667</gml:pos>
</gml:Point>
</pos>
<type>標高点（測点）</type>
<alti>921</alti>
</ElevPt>
<ElevPt gml:id="K2_4735811790_1">
<fid>47358-11790-i-8</fid>
<lfSpanFr gml:id="K2_4735811790_1-1">
<gml:timePosition>2013-12-10</gml:timePosition>
</lfSpanFr>
<devDate gml:id="K2_4735811790_1-2">
<gml:timePosition>2020-12-23</gml:timePosition>
</devDate>
<orgGILvl>25000</orgGILvl>
<vis>表示</vis>
<pos>
<gml:Point gml:id="K2_4735811790_1-g" srsName="fguuid:jgd2011.bl">
<gml:pos>32.755548611 131.557532500</gml:pos>
</gml:Point>
</pos>
<type>標高点（測点）</type>
<alti>1241</alti>
</ElevPt>
<ElevPt gml:id="K2_4735811793_1">
<fid>47358-11793-i-3</fid>
<lfSpanFr gml:id="K2_4735811793_1-1">
<gml:timePosition>2013-12-10</gml:timePosition>
</lfSpanFr>
<devDate gml:id="K2_4735811793_1-2">
<gml:timePosition>2020-12-23</gml:timePosition>
</devDate>
<orgGILvl>25000</orgGILvl>
<vis>表示</vis>
<pos>
<gml:Point gml:id="K2_4735811793_1-g" srsName="fguuid:jgd2011.bl">
<gml:pos>32.764661667 131.553910833</gml:pos>
</gml:Point>
</pos>
<type>標高点（測点）</type>
<alti>899</alti>
</ElevPt>
<ElevPt gml:id="K2_4735811796_1">
<fid>47358-11796-i-5</fid>
<lfSpanFr gml:id="K2_4735811796_1-1">
<gml:timePosition>2013-12-10</gml:timePosition>
</lfSpanFr>
<devDate gml:id="K2_4735811796_1-2">
<gml:timePosition>2020-12-23</gml:timePosition>
</devDate>
<orgGILvl>25000</orgGILvl>
<vis>表示</vis>
<pos>
<gml:Point gml:id="K2_4735811796_1-g" srsName="fguuid:jgd2011.bl">
<gml:pos>32.769011667 131.554673889</gml:pos>
</gml:Point>
</pos>
<type>標高点（測点）</type>
<alti>776</alti>
</ElevPt>
<ElevPt gml:id="K2_4735811805_1">
<fid>47358-11805-i-6</fid>
<lfSpanFr gml:id="K2_4735811805_1-1">
<gml:timePosition>2013-12-10</gml:timePosition>
</lfSpanFr>
<devDate gml:id="K2_4735811805_1-2">
<gml:timePosition>2020-12-23</gml:timePosition>
</devDate>
<orgGILvl>25000</orgGILvl>
<vis>表示</vis>
<pos>
<gml:Point gml:id="K2_4735811805_1-g" srsName="fguuid:jgd2011.bl">
<gml:pos>32.797211111 131.555912500</gml:pos>
</gml:Point>
</pos>
<type>標高点（測点）</type>
<alti>876</alti>
</ElevPt>
<ElevPt gml:id="K2_4735811808_1">
<fid>47358-11808-i-60</fid>
<lfSpanFr gml:id="K2_4735811808_1-1">
<gml:timePosition>2020-11-25</gml:timePosition>
</lfSpanFr>
<devDate gml:id="K2_4735811808_1-2">
<gml:timePosition>2020-12-23</gml:timePosition>
</devDate>
<orgGILvl>25000</orgGILvl>
<vis>表示</vis>
<pos>
<gml:Point gml:id="K2_4735811808_1-g" srsName="fguuid:jgd2011.bl">
<gml:pos>32.807851667 131.551411389</gml:pos>
</gml:Point>
</pos>
<type>標高点（測点）</type>
<alti>851</alti>
</ElevPt>
<ElevPt gml:id="K2_4735811811_1">
<fid>47358-11811-i-3</fid>
<lfSpanFr gml:id="K2_4735811811_1-1">
<gml:timePosition>2013-12-10</gml:timePosition>
</lfSpanFr>
<devDate gml:id="K2_4735811811_1-2">
<gml:timePosition>2020-12-23</gml:timePosition>
</devDate>
<orgGILvl>25000</orgGILvl>
<vis>表示</vis>
<pos>
<gml:Point gml:id="K2_4735811811_1-g" srsName="fguuid:jgd2011.bl">
<gml:pos>32.813591389 131.550533056</gml:pos>
</gml:Point>
</pos>
<type>標高点（測点）</type>
<alti>641</alti>
</ElevPt>
<ElevPt gml:id="K2_4735811817_1">
<fid>47358-11817-i-1</fid>
<lfSpanFr gml:id="K2_4735811817_1-1">
<gml:timePosition>2013-12-10</gml:timePosition>
</lfSpanFr>
<devDate gml:id="K2_4735811817_1-2">
<gml:timePosition>2020-12-23</gml:timePosition>
</devDate>
<orgGILvl>25000</orgGILvl>
<vis>表示</vis>
<pos>
<gml:Point gml:id="K2_4735811817_1-g" srsName="fguuid:jgd2011.bl">
<gml:pos>32.826976111 131.556642500</gml:pos>
</gml:Point>
</pos>
<type>標高点（測点）</type>
<alti>452</alti>
</ElevPt>
<ElevPt gml:id="K2_4735811817_2">
<fid>47358-11817-i-2</fid>
<lfSpanFr gml:id="K2_4735811817_2-1">
<gml:timePosition>2013-12-10</gml:timePosition>
</lfSpanFr>
<devDate gml:id="K2_4735811817_2-2">
<gml:timePosition>2020-12-23</gml:timePosition>
</devDate>
<orgGILvl>25000</orgGILvl>
<vis>表示</vis>
<pos>
<gml:Point gml:id="K2_4735811817_2-g" srsName="fguuid:jgd2011.bl">
<gml:pos>32.829759167 131.550102500</gml:pos>
</gml:Point>
</pos>
<type>標高点（測点）</type>
<alti>379</alti>
</ElevPt>
<ElevPt gml:id="K2_4736111793_1">
<fid>47361-11793-i-2</fid>
<lfSpanFr gml:id="K2_4736111793_1-1">
<gml:timePosition>2013-12-10</gml:timePosition>
</lfSpanFr>
<devDate gml:id="K2_4736111793_1-2">
<gml:timePosition>2020-12-23</gml:timePosition>
</devDate>
<orgGILvl>25000</orgGILvl>
<vis>表示</vis>
<pos>
<gml:Point gml:id="K2_4736111793_1-g" srsName="fguuid:jgd2011.bl">
<gml:pos>32.762036667 131.565701389</gml:pos>
</gml:Point>
</pos>
<type>標高点（測点）</type>
<alti>1161</alti>
</ElevPt>
<ElevPt gml:id="K2_4736111799_1">
<fid>47361-11799-i-33</fid>
<lfSpanFr gml:id="K2_4736111799_1-1">
<gml:timePosition>2020-11-25</gml:timePosition>
</lfSpanFr>
<devDate gml:id="K2_4736111799_1-2">
<gml:timePosition>2020-12-23</gml:timePosition>
</devDate>
<orgGILvl>25000</orgGILvl>
<vis>表示</vis>
<pos>
<gml:Point gml:id="K2_4736111799_1-g" srsName="fguuid:jgd2011.bl">
<gml:pos>32.780498056 131.562461111</gml:pos>
</gml:Point>
</pos>
<type>標高点（測点）</type>
<alti>544</alti>
</ElevPt>
<ElevPt gml:id="K2_4736111802_1">
<fid>47361-11802-i-3</fid>
<lfSpanFr gml:id="K2_4736111802_1-1">
<gml:timePosition>2013-12-10</gml:timePosition>
</lfSpanFr>
<devDate gml:id="K2_4736111802_1-2">
<gml:timePosition>2020-12-23</gml:timePosition>
</devDate>
<orgGILvl>25000</orgGILvl>
<vis>表示</vis>
<pos>
<gml:Point gml:id="K2_4736111802_1-g" srsName="fguuid:jgd2011.bl">
<gml:pos>32.787229444 131.560658056</gml:pos>
</gml:Point>
</pos>
<type>標高点（測点）</type>
<alti>358</alti>
</ElevPt>
<ElevPt gml:id="K2_4736111808_1">
<fid>47361-11808-i-4</fid>
<lfSpanFr gml:id="K2_4736111808_1-1">
<gml:timePosition>2013-12-10</gml:timePosition>
</lfSpanFr>
<devDate gml:id="K2_4736111808_1-2">
<gml:timePosition>2020-12-23</gml:timePosition>
</devDate>
<orgGILvl>25000</orgGILvl>
<vis>表示</vis>
<pos>
<gml:Point gml:id="K2_4736111808_1-g" srsName="fguuid:jgd2011.bl">
<gml:pos>32.807540000 131.560753889</gml:pos>
</gml:Point>
</pos>
<type>標高点（測点）</type>
<alti>802</alti>
</ElevPt>
<ElevPt gml:id="K2_4736111814_1">
<fid>47361-11814-i-2</fid>
<lfSpanFr gml:id="K2_4736111814_1-1">
<gml:timePosition>2013-12-10</gml:timePosition>
</lfSpanFr>
<devDate gml:id="K2_4736111814_1-2">
<gml:timePosition>2020-12-23</gml:timePosition>
</devDate>
<orgGILvl>25000</orgGILvl>
<vis>表示</vis>
<pos>
<gml:Point gml:id="K2_4736111814_1-g" srsName="fguuid:jgd2011.bl">
<gml:pos>32.821142222 131.559455833</gml:pos>
</gml:Point>
</pos>
<type>標高点（測点）</type>
<alti>569</alti>
</ElevPt>
<ElevPt gml:id="K2_4736111817_1">
<fid>47361-11817-i-77</fid>
<lfSpanFr gml:id="K2_4736111817_1-1">
<gml:timePosition>2020-11-25</gml:timePosition>
</lfSpanFr>
<devDate gml:id="K2_4736111817_1-2">
<gml:timePosition>2020-12-23</gml:timePosition>
</devDate>
<orgGILvl>25000</orgGILvl>
<vis>表示</vis>
<pos>
<gml:Point gml:id="K2_4736111817_1-g" srsName="fguuid:jgd2011.bl">
<gml:pos>32.831801944 131.561555278</gml:pos>
</gml:Point>
</pos>
<type>標高点（測点）</type>
<alti>349</alti>
</ElevPt>
<ElevPt gml:id="K2_4736411793_1">
<fid>47364-11793-i-2</fid>
<lfSpanFr gml:id="K2_4736411793_1-1">
<gml:timePosition>2013-12-10</gml:timePosition>
</lfSpanFr>
<devDate gml:id="K2_4736411793_1-2">
<gml:timePosition>2020-12-23</gml:timePosition>
</devDate>
<orgGILvl>25000</orgGILvl>
<vis>表示</vis>
<pos>
<gml:Point gml:id="K2_4736411793_1-g" srsName="fguuid:jgd2011.bl">
<gml:pos>32.761992778 131.572885833</gml:pos>
</gml:Point>
</pos>
<type>標高点（測点）</type>
<alti>1063</alti>
</ElevPt>
<ElevPt gml:id="K2_4736411796_1">
<fid>47364-11796-i-8</fid>
<lfSpanFr gml:id="K2_4736411796_1-1">
<gml:timePosition>2020-11-25</gml:timePosition>
</lfSpanFr>
<devDate gml:id="K2_4736411796_1-2">
<gml:timePosition>2020-12-23</gml:timePosition>
</devDate>
<orgGILvl>25000</orgGILvl>
<vis>表示</vis>
<pos>
<gml:Point gml:id="K2_4736411796_1-g" srsName="fguuid:jgd2011.bl">
<gml:pos>32.767119444 131.568696111</gml:pos>
</gml:Point>
</pos>
<type>標高点（測点）</type>
<alti>1062</alti>
</ElevPt>
<ElevPt gml:id="K2_4736411796_2">
<fid>47364-11796-i-9</fid>
<lfSpanFr gml:id="K2_4736411796_2-1">
<gml:timePosition>2020-11-25</gml:timePosition>
</lfSpanFr>
<devDate gml:id="K2_4736411796_2-2">
<gml:timePosition>2020-12-23</gml:timePosition>
</devDate>
<orgGILvl>25000</orgGILvl>
<vis>表示</vis>
<pos>
<gml:Point gml:id="K2_4736411796_2-g" srsName="fguuid:jgd2011.bl">
<gml:pos>32.771420000 131.569546667</gml:pos>
</gml:Point>
</pos>
<type>標高点（測点）</type>
<alti>1032</alti>
</ElevPt>
<ElevPt gml:id="K2_4736411799_1">
<fid>47364-11799-i-1</fid>
<lfSpanFr gml:id="K2_4736411799_1-1">
<gml:timePosition>2013-12-10</gml:timePosition>
</lfSpanFr>
<devDate gml:id="K2_4736411799_1-2">
<gml:timePosition>2020-12-23</gml:timePosition>
</devDate>
<orgGILvl>25000</orgGILvl>
<vis>表示</vis>
<pos>
<gml:Point gml:id="K2_4736411799_1-g" srsName="fguuid:jgd2011.bl">
<gml:pos>32.777316944 131.574665278</gml:pos>
</gml:Point>
</pos>
<type>標高点（測点）</type>
<alti>806</alti>
</ElevPt>
<ElevPt gml:id="K2_4736411802_1">
<fid>47364-11802-i-1</fid>
<lfSpanFr gml:id="K2_4736411802_1-1">
<gml:timePosition>2013-12-10</gml:timePosition>
</lfSpanFr>
<devDate gml:id="K2_4736411802_1-2">
<gml:timePosition>2020-12-23</gml:timePosition>
</devDate>
<orgGILvl>25000</orgGILvl>
<vis>表示</vis>
<pos>
<gml:Point gml:id="K2_4736411802_1-g" srsName="fguuid:jgd2011.bl">
<gml:pos>32.786230278 131.574096389</gml:pos>
</gml:Point>
</pos>
<type>標高点（測点）</type>
<alti>644</alti>
</ElevPt>
<ElevPt gml:id="K2_4736411805_1">
<fid>47364-11805-i-4</fid>
<lfSpanFr gml:id="K2_4736411805_1-1">
<gml:timePosition>2013-12-10</gml:timePosition>
</lfSpanFr>
<devDate gml:id="K2_4736411805_1-2">
<gml:timePosition>2020-12-23</gml:timePosition>
</devDate>
<orgGILvl>25000</orgGILvl>
<vis>表示</vis>
<pos>
<gml:Point gml:id="K2_4736411805_1-g" srsName="fguuid:jgd2011.bl">
<gml:pos>32.796546944 131.567721111</gml:pos>
</gml:Point>
</pos>
<type>標高点（測点）</type>
<alti>684</alti>
</ElevPt>
<ElevPt gml:id="K2_4736411805_2">
<fid>47364-11805-i-5</fid>
<lfSpanFr gml:id="K2_4736411805_2-1">
<gml:timePosition>2013-12-10</gml:timePosition>
</lfSpanFr>
<devDate gml:id="K2_4736411805_2-2">
<gml:timePosition>2020-12-23</gml:timePosition>
</devDate>
<orgGILvl>25000</orgGILvl>
<vis>表示</vis>
<pos>
<gml:Point gml:id="K2_4736411805_2-g" srsName="fguuid:jgd2011.bl">
<gml:pos>32.793815278 131.572673333</gml:pos>
</gml:Point>
</pos>
<type>標高点（測点）</type>
<alti>442</alti>
</ElevPt>
<ElevPt gml:id="K2_4736411808_1">
<fid>47364-11808-i-1</fid>
<lfSpanFr gml:id="K2_4736411808_1-1">
<gml:timePosition>2013-12-10</gml:timePosition>
</lfSpanFr>
<devDate gml:id="K2_4736411808_1-2">
<gml:timePosition>2020-12-23</gml:timePosition>
</devDate>
<orgGILvl>25000</orgGILvl>
<vis>表示</vis>
<pos>
<gml:Point gml:id="K2_4736411808_1-g" srsName="fguuid:jgd2011.bl">
<gml:pos>32.804795556 131.571290833</gml:pos>
</gml:Point>
</pos>
<type>標高点（測点）</type>
<alti>577</alti>
</ElevPt>
<ElevPt gml:id="K2_4736411811_1">
<fid>47364-11811-i-5</fid>
<lfSpanFr gml:id="K2_4736411811_1-1">
<gml:timePosition>2013-12-10</gml:timePosition>
</lfSpanFr>
<devDate gml:id="K2_4736411811_1-2">
<gml:timePosition>2020-12-23</gml:timePosition>
</devDate>
<orgGILvl>25000</orgGILvl>
<vis>表示</vis>
<pos>
<gml:Point gml:id="K2_4736411811_1-g" srsName="fguuid:jgd2011.bl">
<gml:pos>32.816106667 131.569255833</gml:pos>
</gml:Point>
</pos>
<type>標高点（測点）</type>
<alti>493</alti>
</ElevPt>
<ElevPt gml:id="K2_4736411811_2">
<fid>47364-11811-i-6</fid>
<lfSpanFr gml:id="K2_4736411811_2-1">
<gml:timePosition>2013-12-10</gml:timePosition>
</lfSpanFr>
<devDate gml:id="K2_4736411811_2-2">
<gml:timePosition>2020-12-23</gml:timePosition>
</devDate>
<orgGILvl>25000</orgGILvl>
<vis>表示</vis>
<pos>
<gml:Point gml:id="K2_4736411811_2-g" srsName="fguuid:jgd2011.bl">
<gml:pos>32.811890833 131.574705000</gml:pos>
</gml:Point>
</pos>
<type>標高点（測点）</type>
<alti>368</alti>
</ElevPt>
<ElevPt gml:id="K2_4736411817_1">
<fid>47364-11817-i-6</fid>
<lfSpanFr gml:id="K2_4736411817_1-1">
<gml:timePosition>2013-12-10</gml:timePosition>
</lfSpanFr>
<devDate gml:id="K2_4736411817_1-2">
<gml:timePosition>2020-12-23</gml:timePosition>
</devDate>
<orgGILvl>25000</orgGILvl>
<vis>表示</vis>
<pos>
<gml:Point gml:id="K2_4736411817_1-g" srsName="fguuid:jgd2011.bl">
<gml:pos>32.825140833 131.573412778</gml:pos>
</gml:Point>
</pos>
<type>標高点（測点）</type>
<alti>319</alti>
</ElevPt>
<ElevPt gml:id="K2_4736711793_1">
<fid>47367-11793-i-5</fid>
<lfSpanFr gml:id="K2_4736711793_1-1">
<gml:timePosition>2013-12-10</gml:timePosition>
</lfSpanFr>
<devDate gml:id="K2_4736711793_1-2">
<gml:timePosition>2020-12-23</gml:timePosition>
</devDate>
<orgGILvl>25000</orgGILvl>
<vis>表示</vis>
<pos>
<gml:Point gml:id="K2_4736711793_1-g" srsName="fguuid:jgd2011.bl">
<gml:pos>32.760926667 131.579182778</gml:pos>
</gml:Point>
</pos>
<type>標高点（測点）</type>
<alti>982</alti>
</ElevPt>
<ElevPt gml:id="K2_4736711796_1">
<fid>47367-11796-i-1</fid>
<lfSpanFr gml:id="K2_4736711796_1-1">
<gml:timePosition>2013-12-10</gml:timePosition>
</lfSpanFr>
<devDate gml:id="K2_4736711796_1-2">
<gml:timePosition>2020-12-23</gml:timePosition>
</devDate>
<orgGILvl>25000</orgGILvl>
<vis>表示</vis>
<pos>
<gml:Point gml:id="K2_4736711796_1-g" srsName="fguuid:jgd2011.bl">
<gml:pos>32.772536389 131.582442500</gml:pos>
</gml:Point>
</pos>
<type>標高点（測点）</type>
<alti>471</alti>
</ElevPt>
<ElevPt gml:id="K2_4736711802_1">
<fid>47367-11802-i-3</fid>
<lfSpanFr gml:id="K2_4736711802_1-1">
<gml:timePosition>2013-12-10</gml:timePosition>
</lfSpanFr>
<devDate gml:id="K2_4736711802_1-2">
<gml:timePosition>2020-12-23</gml:timePosition>
</devDate>
<orgGILvl>25000</orgGILvl>
<vis>表示</vis>
<pos>
<gml:Point gml:id="K2_4736711802_1-g" srsName="fguuid:jgd2011.bl">
<gml:pos>32.786583889 131.582372222</gml:pos>
</gml:Point>
</pos>
<type>標高点（測点）</type>
<alti>299</alti>
</ElevPt>
<ElevPt gml:id="K2_4736711805_1">
<fid>47367-11805-i-9</fid>
<lfSpanFr gml:id="K2_4736711805_1-1">
<gml:timePosition>2013-12-10</gml:timePosition>
</lfSpanFr>
<devDate gml:id="K2_4736711805_1-2">
<gml:timePosition>2020-12-23</gml:timePosition>
</devDate>
<orgGILvl>25000</orgGILvl>
<vis>表示</vis>
<pos>
<gml:Point gml:id="K2_4736711805_1-g" srsName="fguuid:jgd2011.bl">
<gml:pos>32.794627222 131.581217778</gml:pos>
</gml:Point>
</pos>
<type>標高点（測点）</type>
<alti>534</alti>
</ElevPt>
<ElevPt gml:id="K2_4736711805_2">
<fid>47367-11805-i-10</fid>
<lfSpanFr gml:id="K2_4736711805_2-1">
<gml:timePosition>2013-12-10</gml:timePosition>
</lfSpanFr>
<devDate gml:id="K2_4736711805_2-2">
<gml:timePosition>2020-12-23</gml:timePosition>
</devDate>
<orgGILvl>25000</orgGILvl>
<vis>表示</vis>
<pos>
<gml:Point gml:id="K2_4736711805_2-g" srsName="fguuid:jgd2011.bl">
<gml:pos>32.799888889 131.582248889</gml:pos>
</gml:Point>
</pos>
<type>標高点（測点）</type>
<alti>367</alti>
</ElevPt>
<ElevPt gml:id="K2_4736711808_1">
<fid>47367-11808-i-95</fid>
<lfSpanFr gml:id="K2_4736711808_1-1">
<gml:timePosition>2020-11-25</gml:timePosition>
</lfSpanFr>
<devDate gml:id="K2_4736711808_1-2">
<gml:timePosition>2020-12-23</gml:timePosition>
</devDate>
<orgGILvl>25000</orgGILvl>
<vis>表示</vis>
<pos>
<gml:Point gml:id="K2_4736711808_1-g" srsName="fguuid:jgd2011.bl">
<gml:pos>32.807515000 131.580289167</gml:pos>
</gml:Point>
</pos>
<type>標高点（測点）</type>
<alti>454</alti>
</ElevPt>
<ElevPt gml:id="K2_4736711811_1">
<fid>47367-11811-i-29</fid>
<lfSpanFr gml:id="K2_4736711811_1-1">
<gml:timePosition>2020-11-25</gml:timePosition>
</lfSpanFr>
<devDate gml:id="K2_4736711811_1-2">
<gml:timePosition>2020-12-23</gml:timePosition>
</devDate>
<orgGILvl>25000</orgGILvl>
<vis>表示</vis>
<pos>
<gml:Point gml:id="K2_4736711811_1-g" srsName="fguuid:jgd2011.bl">
<gml:pos>32.813061944 131.576616111</gml:pos>
</gml:Point>
</pos>
<type>標高点（測点）</type>
<alti>373</alti>
</ElevPt>
<ElevPt gml:id="K2_4736711814_1">
<fid>47367-11814-i-3</fid>
<lfSpanFr gml:id="K2_4736711814_1-1">
<gml:timePosition>2013-12-10</gml:timePosition>
</lfSpanFr>
<devDate gml:id="K2_4736711814_1-2">
<gml:timePosition>2020-12-23</gml:timePosition>
</devDate>
<orgGILvl>25000</orgGILvl>
<vis>表示</vis>
<pos>
<gml:Point gml:id="K2_4736711814_1-g" srsName="fguuid:jgd2011.bl">
<gml:pos>32.822724167 131.579349167</gml:pos>
</gml:Point>
</pos>
<type>標高点（測点）</type>
<alti>392</alti>
</ElevPt>
<ElevPt gml:id="K2_4736711814_2">
<fid>47367-11814-i-4</fid>
<lfSpanFr gml:id="K2_4736711814_2-1">
<gml:timePosition>2013-12-10</gml:timePosition>
</lfSpanFr>
<devDate gml:id="K2_4736711814_2-2">
<gml:timePosition>2020-12-23</gml:timePosition>
</devDate>
<orgGILvl>25000</orgGILvl>
<vis>表示</vis>
<pos>
<gml:Point gml:id="K2_4736711814_2-g" srsName="fguuid:jgd2011.bl">
<gml:pos>32.817733611 131.579828056</gml:pos>
</gml:Point>
</pos>
<type>標高点（測点）</type>
<alti>299</alti>
</ElevPt>
<ElevPt gml:id="K2_4736711817_1">
<fid>47367-11817-i-72</fid>
<lfSpanFr gml:id="K2_4736711817_1-1">
<gml:timePosition>2020-11-25</gml:timePosition>
</lfSpanFr>
<devDate gml:id="K2_4736711817_1-2">
<gml:timePosition>2020-12-23</gml:timePosition>
</devDate>
<orgGILvl>25000</orgGILvl>
<vis>表示</vis>
<pos>
<gml:Point gml:id="K2_4736711817_1-g" srsName="fguuid:jgd2011.bl">
<gml:pos>32.832210833 131.575948333</gml:pos>
</gml:Point>
</pos>
<type>標高点（測点）</type>
<alti>422</alti>
</ElevPt>
<ElevPt gml:id="K2_4737011790_1">
<fid>47370-11790-i-9</fid>
<lfSpanFr gml:id="K2_4737011790_1-1">
<gml:timePosition>2013-12-10</gml:timePosition>
</lfSpanFr>
<devDate gml:id="K2_4737011790_1-2">
<gml:timePosition>2020-12-23</gml:timePosition>
</devDate>
<orgGILvl>25000</orgGILvl>
<vis>表示</vis>
<pos>
<gml:Point gml:id="K2_4737011790_1-g" srsName="fguuid:jgd2011.bl">
<gml:pos>32.751473889 131.591508056</gml:pos>
</gml:Point>
</pos>
<type>標高点（測点）</type>
<alti>794</alti>
</ElevPt>
<ElevPt gml:id="K2_4737011793_1">
<fid>47370-11793-i-3</fid>
<lfSpanFr gml:id="K2_4737011793_1-1">
<gml:timePosition>2013-12-10</gml:timePosition>
</lfSpanFr>
<devDate gml:id="K2_4737011793_1-2">
<gml:timePosition>2020-12-23</gml:timePosition>
</devDate>
<orgGILvl>25000</orgGILvl>
<vis>表示</vis>
<pos>
<gml:Point gml:id="K2_4737011793_1-g" srsName="fguuid:jgd2011.bl">
<gml:pos>32.765403611 131.587212500</gml:pos>
</gml:Point>
</pos>
<type>標高点（測点）</type>
<alti>568</alti>
</ElevPt>
<ElevPt gml:id="K2_4737011793_2">
<fid>47370-11793-i-4</fid>
<lfSpanFr gml:id="K2_4737011793_2-1">
<gml:timePosition>2013-12-10</gml:timePosition>
</lfSpanFr>
<devDate gml:id="K2_4737011793_2-2">
<gml:timePosition>2020-12-23</gml:timePosition>
</devDate>
<orgGILvl>25000</orgGILvl>
<vis>表示</vis>
<pos>
<gml:Point gml:id="K2_4737011793_2-g" srsName="fguuid:jgd2011.bl">
<gml:pos>32.759023611 131.584700000</gml:pos>
</gml:Point>
</pos>
<type>標高点（測点）</type>
<alti>746</alti>
</ElevPt>
<ElevPt gml:id="K2_4737011799_1">
<fid>47370-11799-i-21</fid>
<lfSpanFr gml:id="K2_4737011799_1-1">
<gml:timePosition>2013-12-10</gml:timePosition>
</lfSpanFr>
<devDate gml:id="K2_4737011799_1-2">
<gml:timePosition>2020-12-23</gml:timePosition>
</devDate>
<orgGILvl>25000</orgGILvl>
<vis>表示</vis>
<pos>
<gml:Point gml:id="K2_4737011799_1-g" srsName="fguuid:jgd2011.bl">
<gml:pos>32.779458889 131.585278333</gml:pos>
</gml:Point>
</pos>
<type>標高点（測点）</type>
<alti>428</alti>
</ElevPt>
<ElevPt gml:id="K2_4737011802_1">
<fid>47370-11802-i-29</fid>
<lfSpanFr gml:id="K2_4737011802_1-1">
<gml:timePosition>2020-11-25</gml:timePosition>
</lfSpanFr>
<devDate gml:id="K2_4737011802_1-2">
<gml:timePosition>2020-12-23</gml:timePosition>
</devDate>
<orgGILvl>25000</orgGILvl>
<vis>表示</vis>
<pos>
<gml:Point gml:id="K2_4737011802_1-g" srsName="fguuid:jgd2011.bl">
<gml:pos>32.786909167 131.590687778</gml:pos>
</gml:Point>
</pos>
<type>標高点（測点）</type>
<alti>373</alti>
</ElevPt>
<ElevPt gml:id="K2_4737011808_1">
<fid>47370-11808-i-3</fid>
<lfSpanFr gml:id="K2_4737011808_1-1">
<gml:timePosition>2013-12-10</gml:timePosition>
</lfSpanFr>
<devDate gml:id="K2_4737011808_1-2">
<gml:timePosition>2020-12-23</gml:timePosition>
</devDate>
<orgGILvl>25000</orgGILvl>
<vis>表示</vis>
<pos>
<gml:Point gml:id="K2_4737011808_1-g" srsName="fguuid:jgd2011.bl">
<gml:pos>32.800020556 131.590205833</gml:pos>
</gml:Point>
</pos>
<type>標高点（測点）</type>
<alti>568</alti>
</ElevPt>
<ElevPt gml:id="K2_4737011811_1">
<fid>47370-11811-i-45</fid>
<lfSpanFr gml:id="K2_4737011811_1-1">
<gml:timePosition>2020-11-25</gml:timePosition>
</lfSpanFr>
<devDate gml:id="K2_4737011811_1-2">
<gml:timePosition>2020-12-23</gml:timePosition>
</devDate>
<orgGILvl>25000</orgGILvl>
<vis>表示</vis>
<pos>
<gml:Point gml:id="K2_4737011811_1-g" srsName="fguuid:jgd2011.bl">
<gml:pos>32.814886667 131.590318333</gml:pos>
</gml:Point>
</pos>
<type>標高点（測点）</type>
<alti>229</alti>
</ElevPt>
<ElevPt gml:id="K2_4737011814_1">
<fid>47370-11814-i-7</fid>
<lfSpanFr gml:id="K2_4737011814_1-1">
<gml:timePosition>2013-12-10</gml:timePosition>
</lfSpanFr>
<devDate gml:id="K2_4737011814_1-2">
<gml:timePosition>2020-12-23</gml:timePosition>
</devDate>
<orgGILvl>25000</orgGILvl>
<vis>表示</vis>
<pos>
<gml:Point gml:id="K2_4737011814_1-g" srsName="fguuid:jgd2011.bl">
<gml:pos>32.823720278 131.588770000</gml:pos>
</gml:Point>
</pos>
<type>標高点（測点）</type>
<alti>206</alti>
</ElevPt>
<ElevPt gml:id="K2_4737311790_1">
<fid>47373-11790-i-1</fid>
<lfSpanFr gml:id="K2_4737311790_1-1">
<gml:timePosition>2013-12-10</gml:timePosition>
</lfSpanFr>
<devDate gml:id="K2_4737311790_1-2">
<gml:timePosition>2020-12-23</gml:timePosition>
</devDate>
<orgGILvl>25000</orgGILvl>
<vis>表示</vis>
<pos>
<gml:Point gml:id="K2_4737311790_1-g" srsName="fguuid:jgd2011.bl">
<gml:pos>32.753684167 131.598033889</gml:pos>
</gml:Point>
</pos>
<type>標高点（測点）</type>
<alti>563</alti>
</ElevPt>
<ElevPt gml:id="K2_4737311793_1">
<fid>47373-11793-i-80</fid>
<lfSpanFr gml:id="K2_4737311793_1-1">
<gml:timePosition>2020-11-25</gml:timePosition>
</lfSpanFr>
<devDate gml:id="K2_4737311793_1-2">
<gml:timePosition>2020-12-23</gml:timePosition>
</devDate>
<orgGILvl>25000</orgGILvl>
<vis>表示</vis>
<pos>
<gml:Point gml:id="K2_4737311793_1-g" srsName="fguuid:jgd2011.bl">
<gml:pos>32.762387500 131.598268333</gml:pos>
</gml:Point>
</pos>
<type>標高点（測点）</type>
<alti>408</alti>
</ElevPt>
<ElevPt gml:id="K2_4737311802_1">
<fid>47373-11802-i-7</fid>
<lfSpanFr gml:id="K2_4737311802_1-1">
<gml:timePosition>2013-12-10</gml:timePosition>
</lfSpanFr>
<devDate gml:id="K2_4737311802_1-2">
<gml:timePosition>2020-12-23</gml:timePosition>
</devDate>
<orgGILvl>25000</orgGILvl>
<vis>表示</vis>
<pos>
<gml:Point gml:id="K2_4737311802_1-g" srsName="fguuid:jgd2011.bl">
<gml:pos>32.784036667 131.598540556</gml:pos>
</gml:Point>
</pos>
<type>標高点（測点）</type>
<alti>482</alti>
</ElevPt>
<ElevPt gml:id="K2_4737311808_1">
<fid>47373-11808-i-33</fid>
<lfSpanFr gml:id="K2_4737311808_1-1">
<gml:timePosition>2020-11-25</gml:timePosition>
</lfSpanFr>
<devDate gml:id="K2_4737311808_1-2">
<gml:timePosition>2020-12-23</gml:timePosition>
</devDate>
<orgGILvl>25000</orgGILvl>
<vis>表示</vis>
<pos>
<gml:Point gml:id="K2_4737311808_1-g" srsName="fguuid:jgd2011.bl">
<gml:pos>32.804855000 131.593869722</gml:pos>
</gml:Point>
</pos>
<type>標高点（測点）</type>
<alti>464</alti>
</ElevPt>
<ElevPt gml:id="K2_4737311811_1">
<fid>47373-11811-i-2</fid>
<lfSpanFr gml:id="K2_4737311811_1-1">
<gml:timePosition>2013-12-10</gml:timePosition>
</lfSpanFr>
<devDate gml:id="K2_4737311811_1-2">
<gml:timePosition>2020-12-23</gml:timePosition>
</devDate>
<orgGILvl>25000</orgGILvl>
<vis>表示</vis>
<pos>
<gml:Point gml:id="K2_4737311811_1-g" srsName="fguuid:jgd2011.bl">
<gml:pos>32.811097778 131.595931389</gml:pos>
</gml:Point>
</pos>
<type>標高点（測点）</type>
<alti>326</alti>
</ElevPt>
<ElevPt gml:id="K2_4737311811_2">
<fid>47373-11811-i-3</fid>
<lfSpanFr gml:id="K2_4737311811_2-1">
<gml:timePosition>2013-12-10</gml:timePosition>
</lfSpanFr>
<devDate gml:id="K2_4737311811_2-2">
<gml:timePosition>2020-12-23</gml:timePosition>
</devDate>
<orgGILvl>25000</orgGILvl>
<vis>表示</vis>
<pos>
<gml:Point gml:id="K2_4737311811_2-g" srsName="fguuid:jgd2011.bl">
<gml:pos>32.814973611 131.599685000</gml:pos>
</gml:Point>
</pos>
<type>標高点（測点）</type>
<alti>206</alti>
</ElevPt>
<ElevPt gml:id="K2_4737311814_1">
<fid>47373-11814-i-1</fid>
<lfSpanFr gml:id="K2_4737311814_1-1">
<gml:timePosition>2013-12-10</gml:timePosition>
</lfSpanFr>
<devDate gml:id="K2_4737311814_1-2">
<gml:timePosition>2020-12-23</gml:timePosition>
</devDate>
<orgGILvl>25000</orgGILvl>
<vis>表示</vis>
<pos>
<gml:Point gml:id="K2_4737311814_1-g" srsName="fguuid:jgd2011.bl">
<gml:pos>32.818719444 131.594130833</gml:pos>
</gml:Point>
</pos>
<type>標高点（測点）</type>
<alti>218</alti>
</ElevPt>
<ElevPt gml:id="K2_4737311817_1">
<fid>47373-11817-i-9</fid>
<lfSpanFr gml:id="K2_4737311817_1-1">
<gml:timePosition>2013-12-10</gml:timePosition>
</lfSpanFr>
<devDate gml:id="K2_4737311817_1-2">
<gml:timePosition>2020-12-23</gml:timePosition>
</devDate>
<orgGILvl>25000</orgGILvl>
<vis>表示</vis>
<pos>
<gml:Point gml:id="K2_4737311817_1-g" srsName="fguuid:jgd2011.bl">
<gml:pos>32.825317222 131.598178889</gml:pos>
</gml:Point>
</pos>
<type>標高点（測点）</type>
<alti>364</alti>
</ElevPt>
<ElevPt gml:id="K2_4737311817_2">
<fid>47373-11817-i-10</fid>
<lfSpanFr gml:id="K2_4737311817_2-1">
<gml:timePosition>2013-12-10</gml:timePosition>
</lfSpanFr>
<devDate gml:id="K2_4737311817_2-2">
<gml:timePosition>2020-12-23</gml:timePosition>
</devDate>
<orgGILvl>25000</orgGILvl>
<vis>表示</vis>
<pos>
<gml:Point gml:id="K2_4737311817_2-g" srsName="fguuid:jgd2011.bl">
<gml:pos>32.830754444 131.598469722</gml:pos>
</gml:Point>
</pos>
<type>標高点（測点）</type>
<alti>302</alti>
</ElevPt>
<ElevPt gml:id="K2_4737611790_1">
<fid>47376-11790-i-1</fid>
<lfSpanFr gml:id="K2_4737611790_1-1">
<gml:timePosition>2013-12-10</gml:timePosition>
</lfSpanFr>
<devDate gml:id="K2_4737611790_1-2">
<gml:timePosition>2020-12-23</gml:timePosition>
</devDate>
<orgGILvl>25000</orgGILvl>
<vis>表示</vis>
<pos>
<gml:Point gml:id="K2_4737611790_1-g" srsName="fguuid:jgd2011.bl">
<gml:pos>32.755957222 131.604335556</gml:pos>
</gml:Point>
</pos>
<type>標高点（測点）</type>
<alti>385</alti>
</ElevPt>
<ElevPt gml:id="K2_4737611796_1">
<fid>47376-11796-i-10</fid>
<lfSpanFr gml:id="K2_4737611796_1-1">
<gml:timePosition>2013-12-10</gml:timePosition>
</lfSpanFr>
<devDate gml:id="K2_4737611796_1-2">
<gml:timePosition>2020-12-23</gml:timePosition>
</devDate>
<orgGILvl>25000</orgGILvl>
<vis>表示</vis>
<pos>
<gml:Point gml:id="K2_4737611796_1-g" srsName="fguuid:jgd2011.bl">
<gml:pos>32.767959444 131.600677222</gml:pos>
</gml:Point>
</pos>
<type>標高点（測点）</type>
<alti>349</alti>
</ElevPt>
<ElevPt gml:id="K2_4737611799_1">
<fid>47376-11799-i-1</fid>
<lfSpanFr gml:id="K2_4737611799_1-1">
<gml:timePosition>2013-12-10</gml:timePosition>
</lfSpanFr>
<devDate gml:id="K2_4737611799_1-2">
<gml:timePosition>2020-12-23</gml:timePosition>
</devDate>
<orgGILvl>25000</orgGILvl>
<vis>表示</vis>
<pos>
<gml:Point gml:id="K2_4737611799_1-g" srsName="fguuid:jgd2011.bl">
<gml:pos>32.781213056 131.607102222</gml:pos>
</gml:Point>
</pos>
<type>標高点（測点）</type>
<alti>265</alti>
</ElevPt>
<ElevPt gml:id="K2_4737611799_2">
<fid>47376-11799-i-2</fid>
<lfSpanFr gml:id="K2_4737611799_2-1">
<gml:timePosition>2013-12-10</gml:timePosition>
</lfSpanFr>
<devDate gml:id="K2_4737611799_2-2">
<gml:timePosition>2020-12-23</gml:timePosition>
</devDate>
<orgGILvl>25000</orgGILvl>
<vis>表示</vis>
<pos>
<gml:Point gml:id="K2_4737611799_2-g" srsName="fguuid:jgd2011.bl">
<gml:pos>32.775749444 131.601510278</gml:pos>
</gml:Point>
</pos>
<type>標高点（測点）</type>
<alti>284</alti>
</ElevPt>
<ElevPt gml:id="K2_4737611805_1">
<fid>47376-11805-i-2</fid>
<lfSpanFr gml:id="K2_4737611805_1-1">
<gml:timePosition>2013-12-10</gml:timePosition>
</lfSpanFr>
<devDate gml:id="K2_4737611805_1-2">
<gml:timePosition>2020-12-23</gml:timePosition>
</devDate>
<orgGILvl>25000</orgGILvl>
<vis>表示</vis>
<pos>
<gml:Point gml:id="K2_4737611805_1-g" srsName="fguuid:jgd2011.bl">
<gml:pos>32.798374722 131.603998889</gml:pos>
</gml:Point>
</pos>
<type>標高点（測点）</type>
<alti>362</alti>
</ElevPt>
<ElevPt gml:id="K2_4737611808_1">
<fid>47376-11808-i-118</fid>
<lfSpanFr gml:id="K2_4737611808_1-1">
<gml:timePosition>2020-11-25</gml:timePosition>
</lfSpanFr>
<devDate gml:id="K2_4737611808_1-2">
<gml:timePosition>2020-12-23</gml:timePosition>
</devDate>
<orgGILvl>25000</orgGILvl>
<vis>表示</vis>
<pos>
<gml:Point gml:id="K2_4737611808_1-g" srsName="fguuid:jgd2011.bl">
<gml:pos>32.805061389 131.605621389</gml:pos>
</gml:Point>
</pos>
<type>標高点（測点）</type>
<alti>202</alti>
</ElevPt>
<ElevPt gml:id="K2_4737611808_2">
<fid>47376-11808-i-119</fid>
<lfSpanFr gml:id="K2_4737611808_2-1">
<gml:timePosition>2020-11-25</gml:timePosition>
</lfSpanFr>
<devDate gml:id="K2_4737611808_2-2">
<gml:timePosition>2020-12-23</gml:timePosition>
</devDate>
<orgGILvl>25000</orgGILvl>
<vis>表示</vis>
<pos>
<gml:Point gml:id="K2_4737611808_2-g" srsName="fguuid:jgd2011.bl">
<gml:pos>32.803964167 131.601007778</gml:pos>
</gml:Point>
</pos>
<type>標高点（測点）</type>
<alti>346</alti>
</ElevPt>
<ElevPt gml:id="K2_4737611811_1">
<fid>47376-11811-i-1</fid>
<lfSpanFr gml:id="K2_4737611811_1-1">
<gml:timePosition>2013-12-10</gml:timePosition>
</lfSpanFr>
<devDate gml:id="K2_4737611811_1-2">
<gml:timePosition>2020-12-23</gml:timePosition>
</devDate>
<orgGILvl>25000</orgGILvl>
<vis>表示</vis>
<pos>
<gml:Point gml:id="K2_4737611811_1-g" srsName="fguuid:jgd2011.bl">
<gml:pos>32.814244722 131.607943056</gml:pos>
</gml:Point>
</pos>
<type>標高点（測点）</type>
<alti>294</alti>
</ElevPt>
<ElevPt gml:id="K2_4737611814_1">
<fid>47376-11814-i-45</fid>
<lfSpanFr gml:id="K2_4737611814_1-1">
<gml:timePosition>2020-11-25</gml:timePosition>
</lfSpanFr>
<devDate gml:id="K2_4737611814_1-2">
<gml:timePosition>2020-12-23</gml:timePosition>
</devDate>
<orgGILvl>25000</orgGILvl>
<vis>表示</vis>
<pos>
<gml:Point gml:id="K2_4737611814_1-g" srsName="fguuid:jgd2011.bl">
<gml:pos>32.820484444 131.607364722</gml:pos>
</gml:Point>
</pos>
<type>標高点（測点）</type>
<alti>326</alti>
</ElevPt>
<ElevPt gml:id="K2_4737611814_2">
<fid>47376-11814-i-46</fid>
<lfSpanFr gml:id="K2_4737611814_2-1">
<gml:timePosition>2020-11-25</gml:timePosition>
</lfSpanFr>
<devDate gml:id="K2_4737611814_2-2">
<gml:timePosition>2020-12-23</gml:timePosition>
</devDate>
<orgGILvl>25000</orgGILvl>
<vis>表示</vis>
<pos>
<gml:Point gml:id="K2_4737611814_2-g" srsName="fguuid:jgd2011.bl">
<gml:pos>32.819379444 131.600260833</gml:pos>
</gml:Point>
</pos>
<type>標高点（測点）</type>
<alti>276</alti>
</ElevPt>
<ElevPt gml:id="K2_4737611817_1">
<fid>47376-11817-i-1</fid>
<lfSpanFr gml:id="K2_4737611817_1-1">
<gml:timePosition>2013-12-10</gml:timePosition>
</lfSpanFr>
<devDate gml:id="K2_4737611817_1-2">
<gml:timePosition>2020-12-23</gml:timePosition>
</devDate>
<orgGILvl>25000</orgGILvl>
<vis>表示</vis>
<pos>
<gml:Point gml:id="K2_4737611817_1-g" srsName="fguuid:jgd2011.bl">
<gml:pos>32.833055278 131.604846667</gml:pos>
</gml:Point>
</pos>
<type>標高点（測点）</type>
<alti>312</alti>
</ElevPt>
<ElevPt gml:id="K2_4737911790_1">
<fid>47379-11790-i-35</fid>
<lfSpanFr gml:id="K2_4737911790_1-1">
<gml:timePosition>2020-11-25</gml:timePosition>
</lfSpanFr>
<devDate gml:id="K2_4737911790_1-2">
<gml:timePosition>2020-12-23</gml:timePosition>
</devDate>
<orgGILvl>25000</orgGILvl>
<vis>表示</vis>
<pos>
<gml:Point gml:id="K2_4737911790_1-g" srsName="fguuid:jgd2011.bl">
<gml:pos>32.754084722 131.615960556</gml:pos>
</gml:Point>
</pos>
<type>標高点（測点）</type>
<alti>378</alti>
</ElevPt>
<ElevPt gml:id="K2_4737911796_1">
<fid>47379-11796-i-237</fid>
<lfSpanFr gml:id="K2_4737911796_1-1">
<gml:timePosition>2020-11-25</gml:timePosition>
</lfSpanFr>
<devDate gml:id="K2_4737911796_1-2">
<gml:timePosition>2020-12-23</gml:timePosition>
</devDate>
<orgGILvl>25000</orgGILvl>
<vis>表示</vis>
<pos>
<gml:Point gml:id="K2_4737911796_1-g" srsName="fguuid:jgd2011.bl">
<gml:pos>32.771660000 131.610596667</gml:pos>
</gml:Point>
</pos>
<type>標高点（測点）</type>
<alti>204</alti>
</ElevPt>
<ElevPt gml:id="K2_4737911802_1">
<fid>47379-11802-i-3</fid>
<lfSpanFr gml:id="K2_4737911802_1-1">
<gml:timePosition>2013-12-10</gml:timePosition>
</lfSpanFr>
<devDate gml:id="K2_4737911802_1-2">
<gml:timePosition>2020-12-23</gml:timePosition>
</devDate>
<orgGILvl>25000</orgGILvl>
<vis>表示</vis>
<pos>
<gml:Point gml:id="K2_4737911802_1-g" srsName="fguuid:jgd2011.bl">
<gml:pos>32.784599444 131.615205278</gml:pos>
</gml:Point>
</pos>
<type>標高点（測点）</type>
<alti>349</alti>
</ElevPt>
<ElevPt gml:id="K2_4737911805_1">
<fid>47379-11805-i-1</fid>
<lfSpanFr gml:id="K2_4737911805_1-1">
<gml:timePosition>2013-12-10</gml:timePosition>
</lfSpanFr>
<devDate gml:id="K2_4737911805_1-2">
<gml:timePosition>2020-12-23</gml:timePosition>
</devDate>
<orgGILvl>25000</orgGILvl>
<vis>表示</vis>
<pos>
<gml:Point gml:id="K2_4737911805_1-g" srsName="fguuid:jgd2011.bl">
<gml:pos>32.799568889 131.616557778</gml:pos>
</gml:Point>
</pos>
<type>標高点（測点）</type>
<alti>352</alti>
</ElevPt>
<ElevPt gml:id="K2_4737911805_2">
<fid>47379-11805-i-2</fid>
<lfSpanFr gml:id="K2_4737911805_2-1">
<gml:timePosition>2013-12-10</gml:timePosition>
</lfSpanFr>
<devDate gml:id="K2_4737911805_2-2">
<gml:timePosition>2020-12-23</gml:timePosition>
</devDate>
<orgGILvl>25000</orgGILvl>
<vis>表示</vis>
<pos>
<gml:Point gml:id="K2_4737911805_2-g" srsName="fguuid:jgd2011.bl">
<gml:pos>32.792210833 131.611809167</gml:pos>
</gml:Point>
</pos>
<type>標高点（測点）</type>
<alti>261</alti>
</ElevPt>
<ElevPt gml:id="K2_4737911811_1">
<fid>47379-11811-i-2</fid>
<lfSpanFr gml:id="K2_4737911811_1-1">
<gml:timePosition>2013-12-10</gml:timePosition>
</lfSpanFr>
<devDate gml:id="K2_4737911811_1-2">
<gml:timePosition>2020-12-23</gml:timePosition>
</devDate>
<orgGILvl>25000</orgGILvl>
<vis>表示</vis>
<pos>
<gml:Point gml:id="K2_4737911811_1-g" srsName="fguuid:jgd2011.bl">
<gml:pos>32.809392500 131.610883333</gml:pos>
</gml:Point>
</pos>
<type>標高点（測点）</type>
<alti>294</alti>
</ElevPt>
<ElevPt gml:id="K2_4737911814_1">
<fid>47379-11814-i-4</fid>
<lfSpanFr gml:id="K2_4737911814_1-1">
<gml:timePosition>2013-12-10</gml:timePosition>
</lfSpanFr>
<devDate gml:id="K2_4737911814_1-2">
<gml:timePosition>2020-12-23</gml:timePosition>
</devDate>
<orgGILvl>25000</orgGILvl>
<vis>表示</vis>
<pos>
<gml:Point gml:id="K2_4737911814_1-g" srsName="fguuid:jgd2011.bl">
<gml:pos>32.819132778 131.614950278</gml:pos>
</gml:Point>
</pos>
<type>標高点（測点）</type>
<alti>266</alti>
</ElevPt>
<ElevPt gml:id="K2_4737911817_1">
<fid>47379-11817-i-7</fid>
<lfSpanFr gml:id="K2_4737911817_1-1">
<gml:timePosition>2013-12-10</gml:timePosition>
</lfSpanFr>
<devDate gml:id="K2_4737911817_1-2">
<gml:timePosition>2020-12-23</gml:timePosition>
</devDate>
<orgGILvl>25000</orgGILvl>
<vis>表示</vis>
<pos>
<gml:Point gml:id="K2_4737911817_1-g" srsName="fguuid:jgd2011.bl">
<gml:pos>32.828389722 131.615218333</gml:pos>
</gml:Point>
</pos>
<type>標高点（測点）</type>
<alti>223</alti>
</ElevPt>
<ElevPt gml:id="K2_4738211790_1">
<fid>47382-11790-i-6</fid>
<lfSpanFr gml:id="K2_4738211790_1-1">
<gml:timePosition>2013-12-10</gml:timePosition>
</lfSpanFr>
<devDate gml:id="K2_4738211790_1-2">
<gml:timePosition>2020-12-23</gml:timePosition>
</devDate>
<orgGILvl>25000</orgGILvl>
<vis>表示</vis>
<pos>
<gml:Point gml:id="K2_4738211790_1-g" srsName="fguuid:jgd2011.bl">
<gml:pos>32.751437500 131.624323889</gml:pos>
</gml:Point>
</pos>
<type>標高点（測点）</type>
<alti>318</alti>
</ElevPt>
<ElevPt gml:id="K2_4738211793_1">
<fid>47382-11793-i-221</fid>
<lfSpanFr gml:id="K2_4738211793_1-1">
<gml:timePosition>2020-11-25</gml:timePosition>
</lfSpanFr>
<devDate gml:id="K2_4738211793_1-2">
<gml:timePosition>2020-12-23</gml:timePosition>
</devDate>
<orgGILvl>25000</orgGILvl>
<vis>表示</vis>
<pos>
<gml:Point gml:id="K2_4738211793_1-g" srsName="fguuid:jgd2011.bl">
<gml:pos>32.764442222 131.616934444</gml:pos>
</gml:Point>
</pos>
<type>標高点（測点）</type>
<alti>61</alti>
</ElevPt>
<ElevPt gml:id="K2_4738211796_1">
<fid>47382-11796-i-9</fid>
<lfSpanFr gml:id="K2_4738211796_1-1">
<gml:timePosition>2013-12-10</gml:timePosition>
</lfSpanFr>
<devDate gml:id="K2_4738211796_1-2">
<gml:timePosition>2020-12-23</gml:timePosition>
</devDate>
<orgGILvl>25000</orgGILvl>
<vis>表示</vis>
<pos>
<gml:Point gml:id="K2_4738211796_1-g" srsName="fguuid:jgd2011.bl">
<gml:pos>32.770700556 131.621682222</gml:pos>
</gml:Point>
</pos>
<type>標高点（測点）</type>
<alti>317</alti>
</ElevPt>
<ElevPt gml:id="K2_4738211799_1">
<fid>47382-11799-i-1</fid>
<lfSpanFr gml:id="K2_4738211799_1-1">
<gml:timePosition>2013-12-10</gml:timePosition>
</lfSpanFr>
<devDate gml:id="K2_4738211799_1-2">
<gml:timePosition>2020-12-23</gml:timePosition>
</devDate>
<orgGILvl>25000</orgGILvl>
<vis>表示</vis>
<pos>
<gml:Point gml:id="K2_4738211799_1-g" srsName="fguuid:jgd2011.bl">
<gml:pos>32.778159722 131.618633333</gml:pos>
</gml:Point>
</pos>
<type>標高点（測点）</type>
<alti>445</alti>
</ElevPt>
<ElevPt gml:id="K2_4738211802_1">
<fid>47382-11802-i-1</fid>
<lfSpanFr gml:id="K2_4738211802_1-1">
<gml:timePosition>2013-12-10</gml:timePosition>
</lfSpanFr>
<devDate gml:id="K2_4738211802_1-2">
<gml:timePosition>2020-12-23</gml:timePosition>
</devDate>
<orgGILvl>25000</orgGILvl>
<vis>表示</vis>
<pos>
<gml:Point gml:id="K2_4738211802_1-g" srsName="fguuid:jgd2011.bl">
<gml:pos>32.790609722 131.624775278</gml:pos>
</gml:Point>
</pos>
<type>標高点（測点）</type>
<alti>677</alti>
</ElevPt>
<ElevPt gml:id="K2_4738211811_1">
<fid>47382-11811-i-3</fid>
<lfSpanFr gml:id="K2_4738211811_1-1">
<gml:timePosition>2013-12-10</gml:timePosition>
</lfSpanFr>
<devDate gml:id="K2_4738211811_1-2">
<gml:timePosition>2020-12-23</gml:timePosition>
</devDate>
<orgGILvl>25000</orgGILvl>
<vis>表示</vis>
<pos>
<gml:Point gml:id="K2_4738211811_1-g" srsName="fguuid:jgd2011.bl">
<gml:pos>32.813634722 131.617424167</gml:pos>
</gml:Point>
</pos>
<type>標高点（測点）</type>
<alti>244</alti>
</ElevPt>
<ElevPt gml:id="K2_4738211814_1">
<fid>47382-11814-i-2</fid>
<lfSpanFr gml:id="K2_4738211814_1-1">
<gml:timePosition>2013-12-10</gml:timePosition>
</lfSpanFr>
<devDate gml:id="K2_4738211814_1-2">
<gml:timePosition>2020-12-23</gml:timePosition>
</devDate>
<orgGILvl>25000</orgGILvl>
<vis>表示</vis>
<pos>
<gml:Point gml:id="K2_4738211814_1-g" srsName="fguuid:jgd2011.bl">
<gml:pos>32.822808333 131.621538056</gml:pos>
</gml:Point>
</pos>
<type>標高点（測点）</type>
<alti>227</alti>
</ElevPt>
</Dataset>
