<?xml version="1.0" encoding="utf-8"?>
<Dataset xsi:schemaLocation="http://fgd.gsi.go.jp/spec/2008/FGD_GMLSchema FGD_GMLSchema.xsd"
	xmlns:gml="http://www.opengis.net/gml/3.2"
	xmlns:xsi="http://www.w3.org/2001/XMLSchema-instance"
	xmlns:xlink="http://www.w3.org/1999/xlink"
	xmlns="http://fgd.gsi.go.jp/spec/2008/FGD_GMLSchema"
	gml:id="Dataset1">
  <gml:description>基盤地図情報メタデータ ID=fmdid:21-0101</gml:description>
  <gml:name>基盤地図情報ダウンロードデータ（GML版）</gml:name>
<AdmPt gml:id="K6_4702512117_1">
<fid>47025-12117-i-98</fid>
<lfSpanFr gml:id="K6_4702512117_1-1">
<gml:timePosition>2015-02-23</gml:timePosition>
</lfSpanFr>
<devDate gml:id="K6_4702512117_1-2">
<gml:timePosition>2020-12-07</gml:timePosition>
</devDate>
<orgGILvl>25000</orgGILvl>
<vis>非表示</vis>
<pos>
<gml:Point gml:id="K6_4702512117_1-g" srsName="fguuid:jgd2011.bl">
<gml:pos>33.666293658 130.628019961</gml:pos>
</gml:Point>
</pos>
<type>郡市・東京都の区</type>
<name>宮若市</name>
<admCode>40226</admCode>
</AdmPt>
<AdmPt gml:id="K6_4703712090_1">
<fid>47037-12090-i-1602</fid>
<lfSpanFr gml:id="K6_4703712090_1-1">
<gml:timePosition>2020-08-27</gml:timePosition>
</lfSpanFr>
<devDate gml:id="K6_4703712090_1-2">
<gml:timePosition>2020-12-07</gml:timePosition>
</devDate>
<orgGILvl>25000</orgGILvl>
<vis>非表示</vis>
<pos>
<gml:Point gml:id="K6_4703712090_1-g" srsName="fguuid:jgd2011.bl">
<gml:pos>33.584941273 130.666340260</gml:pos>
</gml:Point>
</pos>
<type>郡市・東京都の区</type>
<name>飯塚市</name>
<admCode>40205</admCode>
</AdmPt>
<AdmPt gml:id="K6_4703712102_1">
<fid>47037-12102-i-2179</fid>
<lfSpanFr gml:id="K6_4703712102_1-1">
<gml:timePosition>2020-08-27</gml:timePosition>
</lfSpanFr>
<devDate gml:id="K6_4703712102_1-2">
<gml:timePosition>2020-12-07</gml:timePosition>
</devDate>
<orgGILvl>25000</orgGILvl>
<vis>非表示</vis>
<pos>
<gml:Point gml:id="K6_4703712102_1-g" srsName="fguuid:jgd2011.bl">
<gml:pos>33.624298039 130.663505554</gml:pos>
</gml:Point>
</pos>
<type>郡市・東京都の区</type>
<name>飯塚市</name>
<admCode>40205</admCode>
</AdmPt>
<AdmPt gml:id="K6_4704312093_1">
<fid>47043-12093-i-631</fid>
<lfSpanFr gml:id="K6_4704312093_1-1">
<gml:timePosition>2020-08-27</gml:timePosition>
</lfSpanFr>
<devDate gml:id="K6_4704312093_1-2">
<gml:timePosition>2020-12-07</gml:timePosition>
</devDate>
<orgGILvl>25000</orgGILvl>
<vis>非表示</vis>
<pos>
<gml:Point gml:id="K6_4704312093_1-g" srsName="fguuid:jgd2011.bl">
<gml:pos>33.593072873 130.677189134</gml:pos>
</gml:Point>
</pos>
<type>町村・指定都市の区</type>
<name>桂川町</name>
<admCode>40421</admCode>
</AdmPt>
<AdmPt gml:id="K6_4704612111_1">
<fid>47046-12111-i-2204</fid>
<lfSpanFr gml:id="K6_4704612111_1-1">
<gml:timePosition>2020-08-27</gml:timePosition>
</lfSpanFr>
<devDate gml:id="K6_4704612111_1-2">
<gml:timePosition>2020-12-07</gml:timePosition>
</devDate>
<orgGILvl>2500</orgGILvl>
<vis>表示</vis>
<pos>
<gml:Point gml:id="K6_4704612111_1-g" srsName="fguuid:jgd2011.bl">
<gml:pos>33.645907339 130.691389968</gml:pos>
</gml:Point>
</pos>
<type>郡市・東京都の区</type>
<name>飯塚市</name>
<admCode>40205</admCode>
</AdmPt>
<AdmPt gml:id="K6_4705812096_1">
<fid>47058-12096-i-637</fid>
<lfSpanFr gml:id="K6_4705812096_1-1">
<gml:timePosition>2015-02-23</gml:timePosition>
</lfSpanFr>
<devDate gml:id="K6_4705812096_1-2">
<gml:timePosition>2020-12-07</gml:timePosition>
</devDate>
<orgGILvl>25000</orgGILvl>
<vis>非表示</vis>
<pos>
<gml:Point gml:id="K6_4705812096_1-g" srsName="fguuid:jgd2011.bl">
<gml:pos>33.604845889 130.718124834</gml:pos>
</gml:Point>
</pos>
<type>郡市・東京都の区</type>
<name>嘉麻市</name>
<admCode>40227</admCode>
</AdmPt>
<AdmPt gml:id="K6_4706712108_1">
<fid>47067-12108-i-126</fid>
<lfSpanFr gml:id="K6_4706712108_1-1">
<gml:timePosition>2015-10-08</gml:timePosition>
</lfSpanFr>
<devDate gml:id="K6_4706712108_1-2">
<gml:timePosition>2020-12-07</gml:timePosition>
</devDate>
<orgGILvl>25000</orgGILvl>
<vis>非表示</vis>
<pos>
<gml:Point gml:id="K6_4706712108_1-g" srsName="fguuid:jgd2011.bl">
<gml:pos>33.639804439 130.748936413</gml:pos>
</gml:Point>
</pos>
<type>郡市・東京都の区</type>
<name>田川市</name>
<admCode>40206</admCode>
</AdmPt>
</Dataset>
