<?xml version="1.0" encoding="utf-8"?>
<Dataset xsi:schemaLocation="http://fgd.gsi.go.jp/spec/2008/FGD_GMLSchema FGD_GMLSchema.xsd"
	xmlns:gml="http://www.opengis.net/gml/3.2"
	xmlns:xsi="http://www.w3.org/2001/XMLSchema-instance"
	xmlns:xlink="http://www.w3.org/1999/xlink"
	xmlns="http://fgd.gsi.go.jp/spec/2008/FGD_GMLSchema"
	gml:id="Dataset1">
  <gml:description>基盤地図情報メタデータ ID=fmdid:21-0101</gml:description>
  <gml:name>基盤地図情報ダウンロードデータ（GML版）</gml:name>
<WStrL gml:id="K27_4703712090_1">
<fid>47037-12090-s-8057</fid>
<lfSpanFr gml:id="K27_4703712090_1-1">
<gml:timePosition>2016-06-06</gml:timePosition>
</lfSpanFr>
<devDate gml:id="K27_4703712090_1-2">
<gml:timePosition>2020-12-07</gml:timePosition>
</devDate>
<orgGILvl>2500</orgGILvl>
<vis>表示</vis>
<loc>
<gml:Curve gml:id="K27_4703712090_1-g" srsName="fguuid:jgd2011.bl">
<gml:segments>
<gml:LineStringSegment>
<gml:posList>
33.589646866 130.659157711
33.589648928 130.659064887
</gml:posList>
</gml:LineStringSegment>
</gml:segments>
</gml:Curve>
</loc>
<type>せき</type>
</WStrL>
<WStrL gml:id="K27_4703712090_2">
<fid>47037-12090-s-8058</fid>
<lfSpanFr gml:id="K27_4703712090_2-1">
<gml:timePosition>2016-06-06</gml:timePosition>
</lfSpanFr>
<devDate gml:id="K27_4703712090_2-2">
<gml:timePosition>2020-12-07</gml:timePosition>
</devDate>
<orgGILvl>2500</orgGILvl>
<vis>表示</vis>
<loc>
<gml:Curve gml:id="K27_4703712090_2-g" srsName="fguuid:jgd2011.bl">
<gml:segments>
<gml:LineStringSegment>
<gml:posList>
33.589648928 130.659064887
33.589788114 130.659079520
33.589902931 130.659091598
33.589898534 130.659184421
33.589726246 130.659166137
33.589646866 130.659157711
</gml:posList>
</gml:LineStringSegment>
</gml:segments>
</gml:Curve>
</loc>
<type>せき</type>
</WStrL>
<WStrL gml:id="K27_4703712090_3">
<fid>47037-12090-s-8059</fid>
<lfSpanFr gml:id="K27_4703712090_3-1">
<gml:timePosition>2016-06-06</gml:timePosition>
</lfSpanFr>
<devDate gml:id="K27_4703712090_3-2">
<gml:timePosition>2020-12-07</gml:timePosition>
</devDate>
<orgGILvl>2500</orgGILvl>
<vis>表示</vis>
<loc>
<gml:Curve gml:id="K27_4703712090_3-g" srsName="fguuid:jgd2011.bl">
<gml:segments>
<gml:LineStringSegment>
<gml:posList>
33.591483781 130.662683228
33.591534952 130.662640612
33.591666667 130.662530902
</gml:posList>
</gml:LineStringSegment>
</gml:segments>
</gml:Curve>
</loc>
<type>せき</type>
</WStrL>
<WStrL gml:id="K27_4703712090_4">
<fid>47037-12090-s-8060</fid>
<lfSpanFr gml:id="K27_4703712090_4-1">
<gml:timePosition>2016-06-06</gml:timePosition>
</lfSpanFr>
<devDate gml:id="K27_4703712090_4-2">
<gml:timePosition>2020-12-07</gml:timePosition>
</devDate>
<orgGILvl>2500</orgGILvl>
<vis>表示</vis>
<loc>
<gml:Curve gml:id="K27_4703712090_4-g" srsName="fguuid:jgd2011.bl">
<gml:segments>
<gml:LineStringSegment>
<gml:posList>
33.591666667 130.662621501
33.591531527 130.662737020
33.591521739 130.662745387
</gml:posList>
</gml:LineStringSegment>
</gml:segments>
</gml:Curve>
</loc>
<type>せき</type>
</WStrL>
<WStrL gml:id="K27_4703712090_5">
<fid>47037-12090-s-8061</fid>
<lfSpanFr gml:id="K27_4703712090_5-1">
<gml:timePosition>2016-06-06</gml:timePosition>
</lfSpanFr>
<devDate gml:id="K27_4703712090_5-2">
<gml:timePosition>2020-12-07</gml:timePosition>
</devDate>
<orgGILvl>2500</orgGILvl>
<vis>表示</vis>
<loc>
<gml:Curve gml:id="K27_4703712090_5-g" srsName="fguuid:jgd2011.bl">
<gml:segments>
<gml:LineStringSegment>
<gml:posList>
33.591521739 130.662745387
33.591483781 130.662683228
</gml:posList>
</gml:LineStringSegment>
</gml:segments>
</gml:Curve>
</loc>
<type>せき</type>
</WStrL>
<WStrL gml:id="K27_4703712093_1">
<fid>47037-12093-s-5739</fid>
<lfSpanFr gml:id="K27_4703712093_1-1">
<gml:timePosition>2016-06-06</gml:timePosition>
</lfSpanFr>
<devDate gml:id="K27_4703712093_1-2">
<gml:timePosition>2020-12-07</gml:timePosition>
</devDate>
<orgGILvl>2500</orgGILvl>
<vis>表示</vis>
<loc>
<gml:Curve gml:id="K27_4703712093_1-g" srsName="fguuid:jgd2011.bl">
<gml:segments>
<gml:LineStringSegment>
<gml:posList>
33.591666667 130.662530902
33.591831956 130.662393226
33.591842895 130.662384111
33.591872720 130.662446000
33.591871596 130.662446952
33.591734049 130.662563901
33.591666667 130.662621501
</gml:posList>
</gml:LineStringSegment>
</gml:segments>
</gml:Curve>
</loc>
<type>せき</type>
</WStrL>
<WStrL gml:id="K27_4704012090_1">
<fid>47040-12090-s-7716</fid>
<lfSpanFr gml:id="K27_4704012090_1-1">
<gml:timePosition>2018-08-06</gml:timePosition>
</lfSpanFr>
<devDate gml:id="K27_4704012090_1-2">
<gml:timePosition>2020-12-07</gml:timePosition>
</devDate>
<orgGILvl>2500</orgGILvl>
<vis>表示</vis>
<loc>
<gml:Curve gml:id="K27_4704012090_1-g" srsName="fguuid:jgd2011.bl">
<gml:segments>
<gml:LineStringSegment>
<gml:posList>
33.586222545 130.673941362
33.586245701 130.673931375
</gml:posList>
</gml:LineStringSegment>
</gml:segments>
</gml:Curve>
</loc>
<type>水門</type>
</WStrL>
<WStrL gml:id="K27_4704012090_2">
<fid>47040-12090-s-7717</fid>
<lfSpanFr gml:id="K27_4704012090_2-1">
<gml:timePosition>2018-08-06</gml:timePosition>
</lfSpanFr>
<devDate gml:id="K27_4704012090_2-2">
<gml:timePosition>2020-12-07</gml:timePosition>
</devDate>
<orgGILvl>2500</orgGILvl>
<vis>表示</vis>
<loc>
<gml:Curve gml:id="K27_4704012090_2-g" srsName="fguuid:jgd2011.bl">
<gml:segments>
<gml:LineStringSegment>
<gml:posList>
33.586245701 130.673931375
33.586247725 130.673939609
33.586240250 130.673943224
33.586240569 130.673944494
33.586250965 130.673985416
33.586251521 130.673987611
33.586261837 130.673984631
33.586263814 130.673992327
33.586237609 130.674001658
33.586235549 130.673993133
33.586246646 130.673989019
33.586245827 130.673986103
33.586235124 130.673948232
33.586234268 130.673945186
33.586224525 130.673949984
33.586222545 130.673941362
</gml:posList>
</gml:LineStringSegment>
</gml:segments>
</gml:Curve>
</loc>
<type>水門</type>
</WStrL>
<WStrL gml:id="K27_4704012093_1">
<fid>47040-12093-s-6192</fid>
<lfSpanFr gml:id="K27_4704012093_1-1">
<gml:timePosition>2018-08-06</gml:timePosition>
</lfSpanFr>
<devDate gml:id="K27_4704012093_1-2">
<gml:timePosition>2020-12-07</gml:timePosition>
</devDate>
<orgGILvl>2500</orgGILvl>
<vis>表示</vis>
<loc>
<gml:Curve gml:id="K27_4704012093_1-g" srsName="fguuid:jgd2011.bl">
<gml:segments>
<gml:LineStringSegment>
<gml:posList>
33.596684644 130.666988294
33.596687712 130.666975934
</gml:posList>
</gml:LineStringSegment>
</gml:segments>
</gml:Curve>
</loc>
<type>せき</type>
</WStrL>
<WStrL gml:id="K27_4704012093_2">
<fid>47040-12093-s-6193</fid>
<lfSpanFr gml:id="K27_4704012093_2-1">
<gml:timePosition>2018-08-06</gml:timePosition>
</lfSpanFr>
<devDate gml:id="K27_4704012093_2-2">
<gml:timePosition>2020-12-07</gml:timePosition>
</devDate>
<orgGILvl>2500</orgGILvl>
<vis>表示</vis>
<loc>
<gml:Curve gml:id="K27_4704012093_2-g" srsName="fguuid:jgd2011.bl">
<gml:segments>
<gml:LineStringSegment>
<gml:posList>
33.596687712 130.666975934
33.596698753 130.666980837
33.596698418 130.666983716
33.596729445 130.666993886
33.596730817 130.666991004
33.596744615 130.666995476
33.596742226 130.667005775
33.596726717 130.667002128
33.596727731 130.666997190
33.596696703 130.666986610
33.596695336 130.666991140
33.596684644 130.666988294
</gml:posList>
</gml:LineStringSegment>
</gml:segments>
</gml:Curve>
</loc>
<type>せき</type>
</WStrL>
<WStrL gml:id="K27_4704012093_3">
<fid>47040-12093-s-6194</fid>
<lfSpanFr gml:id="K27_4704012093_3-1">
<gml:timePosition>2018-08-06</gml:timePosition>
</lfSpanFr>
<devDate gml:id="K27_4704012093_3-2">
<gml:timePosition>2020-12-07</gml:timePosition>
</devDate>
<orgGILvl>2500</orgGILvl>
<vis>表示</vis>
<loc>
<gml:Curve gml:id="K27_4704012093_3-g" srsName="fguuid:jgd2011.bl">
<gml:segments>
<gml:LineStringSegment>
<gml:posList>
33.596811782 130.666771525
33.596822617 130.666780265
33.596815328 130.666792490
33.596804512 130.666783890
33.596806464 130.666778711
33.596783507 130.666761840
33.596782169 130.666764065
33.596770641 130.666755489
33.596777834 130.666744568
33.596787883 130.666753171
33.596786684 130.666756591
33.596808682 130.666772259
33.596810680 130.666773975
</gml:posList>
</gml:LineStringSegment>
</gml:segments>
</gml:Curve>
</loc>
<type>せき</type>
</WStrL>
<WStrL gml:id="K27_4704012093_4">
<fid>47040-12093-s-6195</fid>
<lfSpanFr gml:id="K27_4704012093_4-1">
<gml:timePosition>2018-08-06</gml:timePosition>
</lfSpanFr>
<devDate gml:id="K27_4704012093_4-2">
<gml:timePosition>2020-12-07</gml:timePosition>
</devDate>
<orgGILvl>2500</orgGILvl>
<vis>表示</vis>
<loc>
<gml:Curve gml:id="K27_4704012093_4-g" srsName="fguuid:jgd2011.bl">
<gml:segments>
<gml:LineStringSegment>
<gml:posList>
33.599932230 130.669949307
33.599922741 130.669968275
33.599904999 130.669958979
33.599906165 130.669950020
33.599890294 130.669939489
33.599887931 130.669946017
33.599873589 130.669937117
33.599881706 130.669914275
33.599900827 130.669926422
33.599898804 130.669935383
33.599909048 130.669942477
33.599912440 130.669936150
</gml:posList>
</gml:LineStringSegment>
</gml:segments>
</gml:Curve>
</loc>
<type>せき</type>
</WStrL>
<WStrL gml:id="K27_4704012093_5">
<fid>47040-12093-s-6196</fid>
<lfSpanFr gml:id="K27_4704012093_5-1">
<gml:timePosition>2018-08-06</gml:timePosition>
</lfSpanFr>
<devDate gml:id="K27_4704012093_5-2">
<gml:timePosition>2020-12-07</gml:timePosition>
</devDate>
<orgGILvl>2500</orgGILvl>
<vis>表示</vis>
<loc>
<gml:Curve gml:id="K27_4704012093_5-g" srsName="fguuid:jgd2011.bl">
<gml:segments>
<gml:LineStringSegment>
<gml:posList>
33.599912440 130.669936150
33.599932230 130.669949307
</gml:posList>
</gml:LineStringSegment>
</gml:segments>
</gml:Curve>
</loc>
<type>せき</type>
</WStrL>
<WStrL gml:id="K27_4704012093_6">
<fid>47040-12093-s-6197</fid>
<lfSpanFr gml:id="K27_4704012093_6-1">
<gml:timePosition>2018-08-06</gml:timePosition>
</lfSpanFr>
<devDate gml:id="K27_4704012093_6-2">
<gml:timePosition>2020-12-07</gml:timePosition>
</devDate>
<orgGILvl>2500</orgGILvl>
<vis>表示</vis>
<loc>
<gml:Curve gml:id="K27_4704012093_6-g" srsName="fguuid:jgd2011.bl">
<gml:segments>
<gml:LineStringSegment>
<gml:posList>
33.600000000 130.669994591
33.599966749 130.669973764
33.599967534 130.669970701
33.600000000 130.669844638
</gml:posList>
</gml:LineStringSegment>
</gml:segments>
</gml:Curve>
</loc>
<type>せき</type>
</WStrL>
<WStrL gml:id="K27_4704012093_7">
<fid>47040-12093-s-6722</fid>
<lfSpanFr gml:id="K27_4704012093_7-1">
<gml:timePosition>2018-08-06</gml:timePosition>
</lfSpanFr>
<devDate gml:id="K27_4704012093_7-2">
<gml:timePosition>2020-12-07</gml:timePosition>
</devDate>
<orgGILvl>2500</orgGILvl>
<vis>表示</vis>
<loc>
<gml:Curve gml:id="K27_4704012093_7-g" srsName="fguuid:jgd2011.bl">
<gml:segments>
<gml:LineStringSegment>
<gml:posList>
33.596810680 130.666773975
33.596811782 130.666771525
</gml:posList>
</gml:LineStringSegment>
</gml:segments>
</gml:Curve>
</loc>
<type>せき</type>
</WStrL>
<WStrL gml:id="K27_4704012093_8">
<fid>47040-12093-s-6723</fid>
<lfSpanFr gml:id="K27_4704012093_8-1">
<gml:timePosition>2018-08-06</gml:timePosition>
</lfSpanFr>
<devDate gml:id="K27_4704012093_8-2">
<gml:timePosition>2020-12-07</gml:timePosition>
</devDate>
<orgGILvl>2500</orgGILvl>
<vis>表示</vis>
<loc>
<gml:Curve gml:id="K27_4704012093_8-g" srsName="fguuid:jgd2011.bl">
<gml:segments>
<gml:LineStringSegment>
<gml:posList>
33.599714107 130.669027957
33.599699619 130.669018703
33.599702937 130.669011783
33.599684666 130.669000410
33.599681120 130.669006544
33.599668408 130.668997024
33.599677709 130.668978369
33.599690187 130.668988159
33.599686204 130.668995889
33.599704703 130.669008048
33.599707583 130.669002725
33.599721401 130.669010915
</gml:posList>
</gml:LineStringSegment>
</gml:segments>
</gml:Curve>
</loc>
<type>水門</type>
</WStrL>
<WStrL gml:id="K27_4704012093_9">
<fid>47040-12093-s-6724</fid>
<lfSpanFr gml:id="K27_4704012093_9-1">
<gml:timePosition>2018-08-06</gml:timePosition>
</lfSpanFr>
<devDate gml:id="K27_4704012093_9-2">
<gml:timePosition>2020-12-07</gml:timePosition>
</devDate>
<orgGILvl>2500</orgGILvl>
<vis>表示</vis>
<loc>
<gml:Curve gml:id="K27_4704012093_9-g" srsName="fguuid:jgd2011.bl">
<gml:segments>
<gml:LineStringSegment>
<gml:posList>
33.599721401 130.669010915
33.599714107 130.669027957
</gml:posList>
</gml:LineStringSegment>
</gml:segments>
</gml:Curve>
</loc>
<type>水門</type>
</WStrL>
<WStrL gml:id="K27_4704012096_1">
<fid>47040-12096-s-10549</fid>
<lfSpanFr gml:id="K27_4704012096_1-1">
<gml:timePosition>2018-08-06</gml:timePosition>
</lfSpanFr>
<devDate gml:id="K27_4704012096_1-2">
<gml:timePosition>2020-12-07</gml:timePosition>
</devDate>
<orgGILvl>2500</orgGILvl>
<vis>表示</vis>
<loc>
<gml:Curve gml:id="K27_4704012096_1-g" srsName="fguuid:jgd2011.bl">
<gml:segments>
<gml:LineStringSegment>
<gml:posList>
33.600073891 130.669857610
33.600071788 130.669866755
33.600040725 130.670001885
33.600037430 130.670014181
33.600036547 130.670017482
33.600000000 130.669994591
</gml:posList>
</gml:LineStringSegment>
</gml:segments>
</gml:Curve>
</loc>
<type>せき</type>
</WStrL>
<WStrL gml:id="K27_4704012096_2">
<fid>47040-12096-s-10550</fid>
<lfSpanFr gml:id="K27_4704012096_2-1">
<gml:timePosition>2018-08-06</gml:timePosition>
</lfSpanFr>
<devDate gml:id="K27_4704012096_2-2">
<gml:timePosition>2020-12-07</gml:timePosition>
</devDate>
<orgGILvl>2500</orgGILvl>
<vis>表示</vis>
<loc>
<gml:Curve gml:id="K27_4704012096_2-g" srsName="fguuid:jgd2011.bl">
<gml:segments>
<gml:LineStringSegment>
<gml:posList>
33.600000000 130.669844638
33.600003222 130.669832127
33.600007684 130.669814794
</gml:posList>
</gml:LineStringSegment>
</gml:segments>
</gml:Curve>
</loc>
<type>せき</type>
</WStrL>
<WStrL gml:id="K27_4704012096_3">
<fid>47040-12096-s-10887</fid>
<lfSpanFr gml:id="K27_4704012096_3-1">
<gml:timePosition>2018-08-06</gml:timePosition>
</lfSpanFr>
<devDate gml:id="K27_4704012096_3-2">
<gml:timePosition>2020-12-07</gml:timePosition>
</devDate>
<orgGILvl>2500</orgGILvl>
<vis>表示</vis>
<loc>
<gml:Curve gml:id="K27_4704012096_3-g" srsName="fguuid:jgd2011.bl">
<gml:segments>
<gml:LineStringSegment>
<gml:posList>
33.600007684 130.669814794
33.600077528 130.669530950
33.600144460 130.669568386
33.600073891 130.669857610
</gml:posList>
</gml:LineStringSegment>
</gml:segments>
</gml:Curve>
</loc>
<type>せき</type>
</WStrL>
<WStrL gml:id="K27_4704012096_4">
<fid>47040-12096-s-10888</fid>
<lfSpanFr gml:id="K27_4704012096_4-1">
<gml:timePosition>2018-08-06</gml:timePosition>
</lfSpanFr>
<devDate gml:id="K27_4704012096_4-2">
<gml:timePosition>2020-12-07</gml:timePosition>
</devDate>
<orgGILvl>2500</orgGILvl>
<vis>表示</vis>
<loc>
<gml:Curve gml:id="K27_4704012096_4-g" srsName="fguuid:jgd2011.bl">
<gml:segments>
<gml:LineStringSegment>
<gml:posList>
33.600143086 130.669895037
33.600141298 130.669903837
33.600108804 130.670063658
33.600107736 130.670068920
33.600087764 130.670055711
33.600089466 130.670047828
33.600122724 130.669893930
33.600125770 130.669879857
</gml:posList>
</gml:LineStringSegment>
</gml:segments>
</gml:Curve>
</loc>
<type>せき</type>
</WStrL>
<WStrL gml:id="K27_4704012096_5">
<fid>47040-12096-s-10889</fid>
<lfSpanFr gml:id="K27_4704012096_5-1">
<gml:timePosition>2018-08-06</gml:timePosition>
</lfSpanFr>
<devDate gml:id="K27_4704012096_5-2">
<gml:timePosition>2020-12-07</gml:timePosition>
</devDate>
<orgGILvl>2500</orgGILvl>
<vis>表示</vis>
<loc>
<gml:Curve gml:id="K27_4704012096_5-g" srsName="fguuid:jgd2011.bl">
<gml:segments>
<gml:LineStringSegment>
<gml:posList>
33.600125770 130.669879857
33.600188077 130.669589759
33.600205370 130.669599563
33.600143086 130.669895037
</gml:posList>
</gml:LineStringSegment>
</gml:segments>
</gml:Curve>
</loc>
<type>せき</type>
</WStrL>
<WStrL gml:id="K27_4704012096_6">
<fid>47040-12096-s-10890</fid>
<lfSpanFr gml:id="K27_4704012096_6-1">
<gml:timePosition>2018-08-06</gml:timePosition>
</lfSpanFr>
<devDate gml:id="K27_4704012096_6-2">
<gml:timePosition>2020-12-07</gml:timePosition>
</devDate>
<orgGILvl>2500</orgGILvl>
<vis>表示</vis>
<loc>
<gml:Curve gml:id="K27_4704012096_6-g" srsName="fguuid:jgd2011.bl">
<gml:segments>
<gml:LineStringSegment>
<gml:posList>
33.600218589 130.670049103
33.600216433 130.670059067
33.600212514 130.670077195
33.600208150 130.670097394
33.600193177 130.670088744
33.600194516 130.670083481
33.600208070 130.670030157
33.600210997 130.670018628
</gml:posList>
</gml:LineStringSegment>
</gml:segments>
</gml:Curve>
</loc>
<type>せき</type>
</WStrL>
<WStrL gml:id="K27_4704012096_7">
<fid>47040-12096-s-10891</fid>
<lfSpanFr gml:id="K27_4704012096_7-1">
<gml:timePosition>2018-08-06</gml:timePosition>
</lfSpanFr>
<devDate gml:id="K27_4704012096_7-2">
<gml:timePosition>2020-12-07</gml:timePosition>
</devDate>
<orgGILvl>2500</orgGILvl>
<vis>表示</vis>
<loc>
<gml:Curve gml:id="K27_4704012096_7-g" srsName="fguuid:jgd2011.bl">
<gml:segments>
<gml:LineStringSegment>
<gml:posList>
33.600210997 130.670018628
33.600291853 130.669644995
33.600304638 130.669651228
33.600218589 130.670049103
</gml:posList>
</gml:LineStringSegment>
</gml:segments>
</gml:Curve>
</loc>
<type>せき</type>
</WStrL>
<WStrL gml:id="K27_4704312090_1">
<fid>47043-12090-s-3934</fid>
<lfSpanFr gml:id="K27_4704312090_1-1">
<gml:timePosition>2018-08-06</gml:timePosition>
</lfSpanFr>
<devDate gml:id="K27_4704312090_1-2">
<gml:timePosition>2020-12-07</gml:timePosition>
</devDate>
<orgGILvl>2500</orgGILvl>
<vis>表示</vis>
<loc>
<gml:Curve gml:id="K27_4704312090_1-g" srsName="fguuid:jgd2011.bl">
<gml:segments>
<gml:LineStringSegment>
<gml:posList>
33.584871362 130.679034362
33.584883045 130.679030149
33.584885652 130.679041042
33.584873680 130.679045180
33.584873102 130.679041433
33.584860000 130.679047956
33.584861434 130.679051700
33.584849471 130.679056172
33.584846871 130.679044256
33.584857424 130.679038830
33.584858862 130.679043942
33.584871951 130.679039046
</gml:posList>
</gml:LineStringSegment>
</gml:segments>
</gml:Curve>
</loc>
<type>水門</type>
</WStrL>
<WStrL gml:id="K27_4704312090_2">
<fid>47043-12090-s-3935</fid>
<lfSpanFr gml:id="K27_4704312090_2-1">
<gml:timePosition>2018-08-06</gml:timePosition>
</lfSpanFr>
<devDate gml:id="K27_4704312090_2-2">
<gml:timePosition>2020-12-07</gml:timePosition>
</devDate>
<orgGILvl>2500</orgGILvl>
<vis>表示</vis>
<loc>
<gml:Curve gml:id="K27_4704312090_2-g" srsName="fguuid:jgd2011.bl">
<gml:segments>
<gml:LineStringSegment>
<gml:posList>
33.585239137 130.681711753
33.585238747 130.681696866
33.585232260 130.681446736
33.585231850 130.681431019
33.585273711 130.681429465
33.585274062 130.681443059
33.585280638 130.681696411
33.585280998 130.681710210
33.585239137 130.681711753
</gml:posList>
</gml:LineStringSegment>
</gml:segments>
</gml:Curve>
</loc>
<type>せき</type>
</WStrL>
<WStrL gml:id="K27_4704312090_3">
<fid>47043-12090-s-3936</fid>
<lfSpanFr gml:id="K27_4704312090_3-1">
<gml:timePosition>2018-08-06</gml:timePosition>
</lfSpanFr>
<devDate gml:id="K27_4704312090_3-2">
<gml:timePosition>2020-12-07</gml:timePosition>
</devDate>
<orgGILvl>2500</orgGILvl>
<vis>表示</vis>
<loc>
<gml:Curve gml:id="K27_4704312090_3-g" srsName="fguuid:jgd2011.bl">
<gml:segments>
<gml:LineStringSegment>
<gml:posList>
33.586360547 130.681650181
33.586369396 130.681644655
33.586371462 130.681648536
33.586389632 130.681638364
33.586388224 130.681634297
33.586394777 130.681630211
33.586399402 130.681640537
33.586393210 130.681644804
33.586391044 130.681640567
33.586372914 130.681652054
33.586374473 130.681655151
33.586365732 130.681660688
</gml:posList>
</gml:LineStringSegment>
</gml:segments>
</gml:Curve>
</loc>
<type>水門</type>
</WStrL>
<WStrL gml:id="K27_4704312090_4">
<fid>47043-12090-s-4491</fid>
<lfSpanFr gml:id="K27_4704312090_4-1">
<gml:timePosition>2018-08-06</gml:timePosition>
</lfSpanFr>
<devDate gml:id="K27_4704312090_4-2">
<gml:timePosition>2020-12-07</gml:timePosition>
</devDate>
<orgGILvl>2500</orgGILvl>
<vis>表示</vis>
<loc>
<gml:Curve gml:id="K27_4704312090_4-g" srsName="fguuid:jgd2011.bl">
<gml:segments>
<gml:LineStringSegment>
<gml:posList>
33.584635674 130.681881158
33.584622722 130.681882940
33.584622010 130.681876231
33.584607696 130.681878050
33.584607931 130.681885202
33.584594922 130.681885929
33.584594473 130.681865537
33.584607402 130.681865220
33.584607424 130.681870327
33.584621283 130.681870297
33.584621092 130.681862617
33.584634802 130.681860800
</gml:posList>
</gml:LineStringSegment>
</gml:segments>
</gml:Curve>
</loc>
<type>水門</type>
</WStrL>
<WStrL gml:id="K27_4704312090_5">
<fid>47043-12090-s-4492</fid>
<lfSpanFr gml:id="K27_4704312090_5-1">
<gml:timePosition>2018-08-06</gml:timePosition>
</lfSpanFr>
<devDate gml:id="K27_4704312090_5-2">
<gml:timePosition>2020-12-07</gml:timePosition>
</devDate>
<orgGILvl>2500</orgGILvl>
<vis>表示</vis>
<loc>
<gml:Curve gml:id="K27_4704312090_5-g" srsName="fguuid:jgd2011.bl">
<gml:segments>
<gml:LineStringSegment>
<gml:posList>
33.584634802 130.681860800
33.584635674 130.681881158
</gml:posList>
</gml:LineStringSegment>
</gml:segments>
</gml:Curve>
</loc>
<type>水門</type>
</WStrL>
<WStrL gml:id="K27_4704312090_6">
<fid>47043-12090-s-4493</fid>
<lfSpanFr gml:id="K27_4704312090_6-1">
<gml:timePosition>2018-08-06</gml:timePosition>
</lfSpanFr>
<devDate gml:id="K27_4704312090_6-2">
<gml:timePosition>2020-12-07</gml:timePosition>
</devDate>
<orgGILvl>2500</orgGILvl>
<vis>表示</vis>
<loc>
<gml:Curve gml:id="K27_4704312090_6-g" srsName="fguuid:jgd2011.bl">
<gml:segments>
<gml:LineStringSegment>
<gml:posList>
33.584871951 130.679039046
33.584871362 130.679034362
</gml:posList>
</gml:LineStringSegment>
</gml:segments>
</gml:Curve>
</loc>
<type>水門</type>
</WStrL>
<WStrL gml:id="K27_4704312090_7">
<fid>47043-12090-s-4494</fid>
<lfSpanFr gml:id="K27_4704312090_7-1">
<gml:timePosition>2018-08-06</gml:timePosition>
</lfSpanFr>
<devDate gml:id="K27_4704312090_7-2">
<gml:timePosition>2020-12-07</gml:timePosition>
</devDate>
<orgGILvl>2500</orgGILvl>
<vis>表示</vis>
<loc>
<gml:Curve gml:id="K27_4704312090_7-g" srsName="fguuid:jgd2011.bl">
<gml:segments>
<gml:LineStringSegment>
<gml:posList>
33.586365732 130.681660688
33.586360547 130.681650181
</gml:posList>
</gml:LineStringSegment>
</gml:segments>
</gml:Curve>
</loc>
<type>水門</type>
</WStrL>
<WStrL gml:id="K27_4704312093_1">
<fid>47043-12093-s-7274</fid>
<lfSpanFr gml:id="K27_4704312093_1-1">
<gml:timePosition>2018-08-06</gml:timePosition>
</lfSpanFr>
<devDate gml:id="K27_4704312093_1-2">
<gml:timePosition>2020-12-07</gml:timePosition>
</devDate>
<orgGILvl>2500</orgGILvl>
<vis>表示</vis>
<loc>
<gml:Curve gml:id="K27_4704312093_1-g" srsName="fguuid:jgd2011.bl">
<gml:segments>
<gml:LineStringSegment>
<gml:posList>
33.593362931 130.675548973
33.593222158 130.675472271
33.593227000 130.675458429
</gml:posList>
</gml:LineStringSegment>
</gml:segments>
</gml:Curve>
</loc>
<type>せき</type>
</WStrL>
<WStrL gml:id="K27_4704312093_2">
<fid>47043-12093-s-7275</fid>
<lfSpanFr gml:id="K27_4704312093_2-1">
<gml:timePosition>2018-08-06</gml:timePosition>
</lfSpanFr>
<devDate gml:id="K27_4704312093_2-2">
<gml:timePosition>2020-12-07</gml:timePosition>
</devDate>
<orgGILvl>2500</orgGILvl>
<vis>表示</vis>
<loc>
<gml:Curve gml:id="K27_4704312093_2-g" srsName="fguuid:jgd2011.bl">
<gml:segments>
<gml:LineStringSegment>
<gml:posList>
33.593227000 130.675458429
33.593369575 130.675534985
33.593362931 130.675548973
</gml:posList>
</gml:LineStringSegment>
</gml:segments>
</gml:Curve>
</loc>
<type>せき</type>
</WStrL>
<WStrL gml:id="K27_4704312093_3">
<fid>47043-12093-s-7276</fid>
<lfSpanFr gml:id="K27_4704312093_3-1">
<gml:timePosition>2018-08-06</gml:timePosition>
</lfSpanFr>
<devDate gml:id="K27_4704312093_3-2">
<gml:timePosition>2020-12-07</gml:timePosition>
</devDate>
<orgGILvl>2500</orgGILvl>
<vis>表示</vis>
<loc>
<gml:Curve gml:id="K27_4704312093_3-g" srsName="fguuid:jgd2011.bl">
<gml:segments>
<gml:LineStringSegment>
<gml:posList>
33.593377899 130.675559519
33.593385596 130.675565136
33.593379724 130.675577861
33.593376766 130.675577872
33.593370912 130.675594120
33.593373271 130.675596234
33.593365631 130.675608965
33.593357346 130.675602639
33.593362634 130.675590628
33.593366180 130.675591315
33.593373810 130.675575060
33.593370856 130.675572949
</gml:posList>
</gml:LineStringSegment>
</gml:segments>
</gml:Curve>
</loc>
<type>せき</type>
</WStrL>
<WStrL gml:id="K27_4704312093_4">
<fid>47043-12093-s-7277</fid>
<lfSpanFr gml:id="K27_4704312093_4-1">
<gml:timePosition>2018-08-06</gml:timePosition>
</lfSpanFr>
<devDate gml:id="K27_4704312093_4-2">
<gml:timePosition>2020-12-07</gml:timePosition>
</devDate>
<orgGILvl>2500</orgGILvl>
<vis>表示</vis>
<loc>
<gml:Curve gml:id="K27_4704312093_4-g" srsName="fguuid:jgd2011.bl">
<gml:segments>
<gml:LineStringSegment>
<gml:posList>
33.593455915 130.675419593
33.593449384 130.675432471
33.593446758 130.675431543
33.593439192 130.675448196
33.593441824 130.675451322
33.593435293 130.675464200
33.593426618 130.675457025
33.593432620 130.675445398
33.593435512 130.675447898
33.593443085 130.675430297
33.593438867 130.675424042
33.593446707 130.675412096
</gml:posList>
</gml:LineStringSegment>
</gml:segments>
</gml:Curve>
</loc>
<type>水門</type>
</WStrL>
<WStrL gml:id="K27_4704312093_5">
<fid>47043-12093-s-7278</fid>
<lfSpanFr gml:id="K27_4704312093_5-1">
<gml:timePosition>2018-08-06</gml:timePosition>
</lfSpanFr>
<devDate gml:id="K27_4704312093_5-2">
<gml:timePosition>2020-12-07</gml:timePosition>
</devDate>
<orgGILvl>2500</orgGILvl>
<vis>表示</vis>
<loc>
<gml:Curve gml:id="K27_4704312093_5-g" srsName="fguuid:jgd2011.bl">
<gml:segments>
<gml:LineStringSegment>
<gml:posList>
33.593446707 130.675412096
33.593455915 130.675419593
</gml:posList>
</gml:LineStringSegment>
</gml:segments>
</gml:Curve>
</loc>
<type>水門</type>
</WStrL>
<WStrL gml:id="K27_4704312093_6">
<fid>47043-12093-s-7279</fid>
<lfSpanFr gml:id="K27_4704312093_6-1">
<gml:timePosition>2018-08-06</gml:timePosition>
</lfSpanFr>
<devDate gml:id="K27_4704312093_6-2">
<gml:timePosition>2020-12-07</gml:timePosition>
</devDate>
<orgGILvl>2500</orgGILvl>
<vis>表示</vis>
<loc>
<gml:Curve gml:id="K27_4704312093_6-g" srsName="fguuid:jgd2011.bl">
<gml:segments>
<gml:LineStringSegment>
<gml:posList>
33.597206264 130.675108206
33.597206803 130.675107547
33.597218300 130.675104239
33.597219984 130.675120588
33.597207948 130.675124566
33.597205197 130.675120655
33.597194505 130.675124811
33.597188244 130.675127258
33.597188801 130.675133150
33.597175126 130.675137781
33.597171811 130.675125359
33.597183293 130.675120079
33.597184943 130.675123349
33.597193366 130.675120257
33.597202995 130.675116730
33.597202434 130.675108877
33.597206264 130.675108206
</gml:posList>
</gml:LineStringSegment>
</gml:segments>
</gml:Curve>
</loc>
<type>水門</type>
</WStrL>
<WStrL gml:id="K27_4704312093_7">
<fid>47043-12093-s-7787</fid>
<lfSpanFr gml:id="K27_4704312093_7-1">
<gml:timePosition>2018-08-06</gml:timePosition>
</lfSpanFr>
<devDate gml:id="K27_4704312093_7-2">
<gml:timePosition>2020-12-07</gml:timePosition>
</devDate>
<orgGILvl>2500</orgGILvl>
<vis>表示</vis>
<loc>
<gml:Curve gml:id="K27_4704312093_7-g" srsName="fguuid:jgd2011.bl">
<gml:segments>
<gml:LineStringSegment>
<gml:posList>
33.593370856 130.675572949
33.593377899 130.675559519
</gml:posList>
</gml:LineStringSegment>
</gml:segments>
</gml:Curve>
</loc>
<type>せき</type>
</WStrL>
<WStrL gml:id="K27_4704912090_1">
<fid>47049-12090-s-5797</fid>
<lfSpanFr gml:id="K27_4704912090_1-1">
<gml:timePosition>2018-08-06</gml:timePosition>
</lfSpanFr>
<devDate gml:id="K27_4704912090_1-2">
<gml:timePosition>2020-12-07</gml:timePosition>
</devDate>
<orgGILvl>2500</orgGILvl>
<vis>表示</vis>
<loc>
<gml:Curve gml:id="K27_4704912090_1-g" srsName="fguuid:jgd2011.bl">
<gml:segments>
<gml:LineStringSegment>
<gml:posList>
33.585290461 130.694765029
33.585302382 130.694750712
</gml:posList>
</gml:LineStringSegment>
</gml:segments>
</gml:Curve>
</loc>
<type>水門</type>
</WStrL>
<WStrL gml:id="K27_4704912090_2">
<fid>47049-12090-s-5798</fid>
<lfSpanFr gml:id="K27_4704912090_2-1">
<gml:timePosition>2018-08-06</gml:timePosition>
</lfSpanFr>
<devDate gml:id="K27_4704912090_2-2">
<gml:timePosition>2020-12-07</gml:timePosition>
</devDate>
<orgGILvl>2500</orgGILvl>
<vis>表示</vis>
<loc>
<gml:Curve gml:id="K27_4704912090_2-g" srsName="fguuid:jgd2011.bl">
<gml:segments>
<gml:LineStringSegment>
<gml:posList>
33.585302382 130.694750712
33.585304588 130.694753333
33.585313577 130.694763999
33.585309604 130.694768775
33.585322388 130.694783015
33.585326362 130.694778239
33.585337957 130.694792484
33.585325635 130.694805380
33.585315241 130.694791605
33.585318809 130.694786831
33.585306025 130.694773075
33.585301250 130.694778317
33.585292993 130.694768144
33.585290461 130.694765029
</gml:posList>
</gml:LineStringSegment>
</gml:segments>
</gml:Curve>
</loc>
<type>水門</type>
</WStrL>
<WStrL gml:id="K27_4704912090_3">
<fid>47049-12090-s-5799</fid>
<lfSpanFr gml:id="K27_4704912090_3-1">
<gml:timePosition>2018-08-06</gml:timePosition>
</lfSpanFr>
<devDate gml:id="K27_4704912090_3-2">
<gml:timePosition>2020-12-07</gml:timePosition>
</devDate>
<orgGILvl>2500</orgGILvl>
<vis>表示</vis>
<loc>
<gml:Curve gml:id="K27_4704912090_3-g" srsName="fguuid:jgd2011.bl">
<gml:segments>
<gml:LineStringSegment>
<gml:posList>
33.591462348 130.692383990
33.591460329 130.692387822
33.591452324 130.692403031
33.591448603 130.692400501
33.591428604 130.692458849
33.591432315 130.692460732
33.591432082 130.692461379
33.591426529 130.692476590
33.591412190 130.692468410
33.591418526 130.692456353
33.591421026 130.692457281
33.591443828 130.692398622
33.591436907 130.692392936
33.591447994 130.692373267
</gml:posList>
</gml:LineStringSegment>
</gml:segments>
</gml:Curve>
</loc>
<type>水門</type>
</WStrL>
<WStrL gml:id="K27_4704912090_4">
<fid>47049-12090-s-6642</fid>
<lfSpanFr gml:id="K27_4704912090_4-1">
<gml:timePosition>2018-08-06</gml:timePosition>
</lfSpanFr>
<devDate gml:id="K27_4704912090_4-2">
<gml:timePosition>2020-12-07</gml:timePosition>
</devDate>
<orgGILvl>2500</orgGILvl>
<vis>表示</vis>
<loc>
<gml:Curve gml:id="K27_4704912090_4-g" srsName="fguuid:jgd2011.bl">
<gml:segments>
<gml:LineStringSegment>
<gml:posList>
33.591447994 130.692373267
33.591462348 130.692383990
</gml:posList>
</gml:LineStringSegment>
</gml:segments>
</gml:Curve>
</loc>
<type>水門</type>
</WStrL>
<WStrL gml:id="K27_4705212102_1">
<fid>47052-12102-s-5208</fid>
<lfSpanFr gml:id="K27_4705212102_1-1">
<gml:timePosition>2015-02-23</gml:timePosition>
</lfSpanFr>
<devDate gml:id="K27_4705212102_1-2">
<gml:timePosition>2020-12-07</gml:timePosition>
</devDate>
<orgGILvl>2500</orgGILvl>
<vis>表示</vis>
<loc>
<gml:Curve gml:id="K27_4705212102_1-g" srsName="fguuid:jgd2011.bl">
<gml:segments>
<gml:LineStringSegment>
<gml:posList>
33.624197782 130.703783125
33.624437268 130.703849556
33.624436111 130.703867387
33.624193786 130.703799443
</gml:posList>
</gml:LineStringSegment>
</gml:segments>
</gml:Curve>
</loc>
<type>ダム</type>
</WStrL>
<WStrL gml:id="K27_4705212102_2">
<fid>47052-12102-s-5209</fid>
<lfSpanFr gml:id="K27_4705212102_2-1">
<gml:timePosition>2015-02-23</gml:timePosition>
</lfSpanFr>
<devDate gml:id="K27_4705212102_2-2">
<gml:timePosition>2020-12-07</gml:timePosition>
</devDate>
<orgGILvl>2500</orgGILvl>
<vis>表示</vis>
<loc>
<gml:Curve gml:id="K27_4705212102_2-g" srsName="fguuid:jgd2011.bl">
<gml:segments>
<gml:LineStringSegment>
<gml:posList>
33.624193786 130.703799443
33.624181131 130.703795895
</gml:posList>
</gml:LineStringSegment>
</gml:segments>
</gml:Curve>
</loc>
<type>ダム</type>
</WStrL>
<WStrL gml:id="K27_4705212102_3">
<fid>47052-12102-s-5210</fid>
<lfSpanFr gml:id="K27_4705212102_3-1">
<gml:timePosition>2015-02-23</gml:timePosition>
</lfSpanFr>
<devDate gml:id="K27_4705212102_3-2">
<gml:timePosition>2020-12-07</gml:timePosition>
</devDate>
<orgGILvl>2500</orgGILvl>
<vis>表示</vis>
<loc>
<gml:Curve gml:id="K27_4705212102_3-g" srsName="fguuid:jgd2011.bl">
<gml:segments>
<gml:LineStringSegment>
<gml:posList>
33.624229828 130.703652291
33.624449462 130.703711921
33.624445937 130.703734739
33.624224177 130.703675364
</gml:posList>
</gml:LineStringSegment>
</gml:segments>
</gml:Curve>
</loc>
<type>ダム</type>
</WStrL>
<WStrL gml:id="K27_4705212102_4">
<fid>47052-12102-s-5211</fid>
<lfSpanFr gml:id="K27_4705212102_4-1">
<gml:timePosition>2015-02-23</gml:timePosition>
</lfSpanFr>
<devDate gml:id="K27_4705212102_4-2">
<gml:timePosition>2020-12-07</gml:timePosition>
</devDate>
<orgGILvl>2500</orgGILvl>
<vis>表示</vis>
<loc>
<gml:Curve gml:id="K27_4705212102_4-g" srsName="fguuid:jgd2011.bl">
<gml:segments>
<gml:LineStringSegment>
<gml:posList>
33.624224177 130.703675364
33.624214492 130.703672771
</gml:posList>
</gml:LineStringSegment>
</gml:segments>
</gml:Curve>
</loc>
<type>ダム</type>
</WStrL>
<WStrL gml:id="K27_4705212102_5">
<fid>47052-12102-s-5212</fid>
<lfSpanFr gml:id="K27_4705212102_5-1">
<gml:timePosition>2015-02-23</gml:timePosition>
</lfSpanFr>
<devDate gml:id="K27_4705212102_5-2">
<gml:timePosition>2020-12-07</gml:timePosition>
</devDate>
<orgGILvl>2500</orgGILvl>
<vis>表示</vis>
<loc>
<gml:Curve gml:id="K27_4705212102_5-g" srsName="fguuid:jgd2011.bl">
<gml:segments>
<gml:LineStringSegment>
<gml:posList>
33.624162416 130.703936051
33.624426318 130.704010004
33.624427453 130.703987183
33.624166442 130.703916399
</gml:posList>
</gml:LineStringSegment>
</gml:segments>
</gml:Curve>
</loc>
<type>ダム</type>
</WStrL>
<WStrL gml:id="K27_4705212102_6">
<fid>47052-12102-s-5213</fid>
<lfSpanFr gml:id="K27_4705212102_6-1">
<gml:timePosition>2015-02-23</gml:timePosition>
</lfSpanFr>
<devDate gml:id="K27_4705212102_6-2">
<gml:timePosition>2020-12-07</gml:timePosition>
</devDate>
<orgGILvl>2500</orgGILvl>
<vis>表示</vis>
<loc>
<gml:Curve gml:id="K27_4705212102_6-g" srsName="fguuid:jgd2011.bl">
<gml:segments>
<gml:LineStringSegment>
<gml:posList>
33.624166442 130.703916399
33.624149709 130.703911861
</gml:posList>
</gml:LineStringSegment>
</gml:segments>
</gml:Curve>
</loc>
<type>ダム</type>
</WStrL>
<WStrL gml:id="K27_4705212102_7">
<fid>47052-12102-s-5216</fid>
<lfSpanFr gml:id="K27_4705212102_7-1">
<gml:timePosition>2015-02-23</gml:timePosition>
</lfSpanFr>
<devDate gml:id="K27_4705212102_7-2">
<gml:timePosition>2020-12-07</gml:timePosition>
</devDate>
<orgGILvl>2500</orgGILvl>
<vis>表示</vis>
<loc>
<gml:Curve gml:id="K27_4705212102_7-g" srsName="fguuid:jgd2011.bl">
<gml:segments>
<gml:LineStringSegment>
<gml:posList>
33.624185513 130.703779722
33.624197782 130.703783125
</gml:posList>
</gml:LineStringSegment>
</gml:segments>
</gml:Curve>
</loc>
<type>ダム</type>
</WStrL>
<WStrL gml:id="K27_4705212102_8">
<fid>47052-12102-s-5218</fid>
<lfSpanFr gml:id="K27_4705212102_8-1">
<gml:timePosition>2015-02-23</gml:timePosition>
</lfSpanFr>
<devDate gml:id="K27_4705212102_8-2">
<gml:timePosition>2020-12-07</gml:timePosition>
</devDate>
<orgGILvl>2500</orgGILvl>
<vis>表示</vis>
<loc>
<gml:Curve gml:id="K27_4705212102_8-g" srsName="fguuid:jgd2011.bl">
<gml:segments>
<gml:LineStringSegment>
<gml:posList>
33.624144514 130.703931034
33.624162416 130.703936051
</gml:posList>
</gml:LineStringSegment>
</gml:segments>
</gml:Curve>
</loc>
<type>ダム</type>
</WStrL>
<WStrL gml:id="K27_4705212102_9">
<fid>47052-12102-s-6067</fid>
<lfSpanFr gml:id="K27_4705212102_9-1">
<gml:timePosition>2019-10-17</gml:timePosition>
</lfSpanFr>
<devDate gml:id="K27_4705212102_9-2">
<gml:timePosition>2020-12-07</gml:timePosition>
</devDate>
<orgGILvl>2500</orgGILvl>
<vis>表示</vis>
<loc>
<gml:Curve gml:id="K27_4705212102_9-g" srsName="fguuid:jgd2011.bl">
<gml:segments>
<gml:LineStringSegment>
<gml:posList>
33.624220712 130.703649816
33.624229828 130.703652291
</gml:posList>
</gml:LineStringSegment>
</gml:segments>
</gml:Curve>
</loc>
<type>ダム</type>
</WStrL>
</Dataset>
