<?xml version="1.0" encoding="utf-8"?>
<Dataset xsi:schemaLocation="http://fgd.gsi.go.jp/spec/2008/FGD_GMLSchema FGD_GMLSchema.xsd"
	xmlns:gml="http://www.opengis.net/gml/3.2"
	xmlns:xsi="http://www.w3.org/2001/XMLSchema-instance"
	xmlns:xlink="http://www.w3.org/1999/xlink"
	xmlns="http://fgd.gsi.go.jp/spec/2008/FGD_GMLSchema"
	gml:id="Dataset1">
  <gml:description>基盤地図情報メタデータ ID=fmdid:21-0101</gml:description>
  <gml:name>基盤地図情報ダウンロードデータ（GML版）</gml:name>
<ElevPt gml:id="K2_4702512090_1">
<fid>47025-12090-i-2369</fid>
<lfSpanFr gml:id="K2_4702512090_1-1">
<gml:timePosition>2020-08-27</gml:timePosition>
</lfSpanFr>
<devDate gml:id="K2_4702512090_1-2">
<gml:timePosition>2020-12-07</gml:timePosition>
</devDate>
<orgGILvl>25000</orgGILvl>
<vis>表示</vis>
<pos>
<gml:Point gml:id="K2_4702512090_1-g" srsName="fguuid:jgd2011.bl">
<gml:pos>33.590682778 130.631203889</gml:pos>
</gml:Point>
</pos>
<type>標高点（測点）</type>
<alti>63</alti>
</ElevPt>
<ElevPt gml:id="K2_4702512096_1">
<fid>47025-12096-i-1343</fid>
<lfSpanFr gml:id="K2_4702512096_1-1">
<gml:timePosition>2015-02-23</gml:timePosition>
</lfSpanFr>
<devDate gml:id="K2_4702512096_1-2">
<gml:timePosition>2020-12-07</gml:timePosition>
</devDate>
<orgGILvl>25000</orgGILvl>
<vis>表示</vis>
<pos>
<gml:Point gml:id="K2_4702512096_1-g" srsName="fguuid:jgd2011.bl">
<gml:pos>33.603576389 130.629052222</gml:pos>
</gml:Point>
</pos>
<type>標高点（測点）</type>
<alti>93</alti>
</ElevPt>
<ElevPt gml:id="K2_4702512099_1">
<fid>47025-12099-i-1122</fid>
<lfSpanFr gml:id="K2_4702512099_1-1">
<gml:timePosition>2020-08-27</gml:timePosition>
</lfSpanFr>
<devDate gml:id="K2_4702512099_1-2">
<gml:timePosition>2020-12-07</gml:timePosition>
</devDate>
<orgGILvl>25000</orgGILvl>
<vis>表示</vis>
<pos>
<gml:Point gml:id="K2_4702512099_1-g" srsName="fguuid:jgd2011.bl">
<gml:pos>33.614921389 130.627558611</gml:pos>
</gml:Point>
</pos>
<type>標高点（測点）</type>
<alti>141</alti>
</ElevPt>
<ElevPt gml:id="K2_4702512102_1">
<fid>47025-12102-i-260</fid>
<lfSpanFr gml:id="K2_4702512102_1-1">
<gml:timePosition>2015-02-23</gml:timePosition>
</lfSpanFr>
<devDate gml:id="K2_4702512102_1-2">
<gml:timePosition>2020-12-07</gml:timePosition>
</devDate>
<orgGILvl>25000</orgGILvl>
<vis>表示</vis>
<pos>
<gml:Point gml:id="K2_4702512102_1-g" srsName="fguuid:jgd2011.bl">
<gml:pos>33.618228611 130.632671111</gml:pos>
</gml:Point>
</pos>
<type>標高点（測点）</type>
<alti>108</alti>
</ElevPt>
<ElevPt gml:id="K2_4702512105_1">
<fid>47025-12105-i-182</fid>
<lfSpanFr gml:id="K2_4702512105_1-1">
<gml:timePosition>2014-08-11</gml:timePosition>
</lfSpanFr>
<devDate gml:id="K2_4702512105_1-2">
<gml:timePosition>2020-12-07</gml:timePosition>
</devDate>
<orgGILvl>25000</orgGILvl>
<vis>表示</vis>
<pos>
<gml:Point gml:id="K2_4702512105_1-g" srsName="fguuid:jgd2011.bl">
<gml:pos>33.628660556 130.631408889</gml:pos>
</gml:Point>
</pos>
<type>標高点（測点）</type>
<alti>267</alti>
</ElevPt>
<ElevPt gml:id="K2_4702512105_2">
<fid>47025-12105-i-183</fid>
<lfSpanFr gml:id="K2_4702512105_2-1">
<gml:timePosition>2014-08-11</gml:timePosition>
</lfSpanFr>
<devDate gml:id="K2_4702512105_2-2">
<gml:timePosition>2020-12-07</gml:timePosition>
</devDate>
<orgGILvl>25000</orgGILvl>
<vis>表示</vis>
<pos>
<gml:Point gml:id="K2_4702512105_2-g" srsName="fguuid:jgd2011.bl">
<gml:pos>33.632221389 130.626265000</gml:pos>
</gml:Point>
</pos>
<type>標高点（測点）</type>
<alti>288</alti>
</ElevPt>
<ElevPt gml:id="K2_4702512114_1">
<fid>47025-12114-i-725</fid>
<lfSpanFr gml:id="K2_4702512114_1-1">
<gml:timePosition>2020-08-27</gml:timePosition>
</lfSpanFr>
<devDate gml:id="K2_4702512114_1-2">
<gml:timePosition>2020-12-07</gml:timePosition>
</devDate>
<orgGILvl>25000</orgGILvl>
<vis>表示</vis>
<pos>
<gml:Point gml:id="K2_4702512114_1-g" srsName="fguuid:jgd2011.bl">
<gml:pos>33.654766667 130.626550833</gml:pos>
</gml:Point>
</pos>
<type>標高点（測点）</type>
<alti>163</alti>
</ElevPt>
<ElevPt gml:id="K2_4702512117_1">
<fid>47025-12117-i-3</fid>
<lfSpanFr gml:id="K2_4702512117_1-1">
<gml:timePosition>2013-12-10</gml:timePosition>
</lfSpanFr>
<devDate gml:id="K2_4702512117_1-2">
<gml:timePosition>2020-12-07</gml:timePosition>
</devDate>
<orgGILvl>25000</orgGILvl>
<vis>表示</vis>
<pos>
<gml:Point gml:id="K2_4702512117_1-g" srsName="fguuid:jgd2011.bl">
<gml:pos>33.663690556 130.629003333</gml:pos>
</gml:Point>
</pos>
<type>標高点（測点）</type>
<alti>296</alti>
</ElevPt>
<ElevPt gml:id="K2_4702812090_1">
<fid>47028-12090-i-957</fid>
<lfSpanFr gml:id="K2_4702812090_1-1">
<gml:timePosition>2020-08-27</gml:timePosition>
</lfSpanFr>
<devDate gml:id="K2_4702812090_1-2">
<gml:timePosition>2020-12-07</gml:timePosition>
</devDate>
<orgGILvl>25000</orgGILvl>
<vis>表示</vis>
<pos>
<gml:Point gml:id="K2_4702812090_1-g" srsName="fguuid:jgd2011.bl">
<gml:pos>33.588405556 130.637689444</gml:pos>
</gml:Point>
</pos>
<type>標高点（測点）</type>
<alti>114</alti>
</ElevPt>
<ElevPt gml:id="K2_4702812099_1">
<fid>47028-12099-i-1043</fid>
<lfSpanFr gml:id="K2_4702812099_1-1">
<gml:timePosition>2020-08-27</gml:timePosition>
</lfSpanFr>
<devDate gml:id="K2_4702812099_1-2">
<gml:timePosition>2020-12-07</gml:timePosition>
</devDate>
<orgGILvl>25000</orgGILvl>
<vis>表示</vis>
<pos>
<gml:Point gml:id="K2_4702812099_1-g" srsName="fguuid:jgd2011.bl">
<gml:pos>33.614661944 130.633672500</gml:pos>
</gml:Point>
</pos>
<type>標高点（測点）</type>
<alti>96</alti>
</ElevPt>
<ElevPt gml:id="K2_4702812108_1">
<fid>47028-12108-i-1022</fid>
<lfSpanFr gml:id="K2_4702812108_1-1">
<gml:timePosition>2020-08-27</gml:timePosition>
</lfSpanFr>
<devDate gml:id="K2_4702812108_1-2">
<gml:timePosition>2020-12-07</gml:timePosition>
</devDate>
<orgGILvl>25000</orgGILvl>
<vis>表示</vis>
<pos>
<gml:Point gml:id="K2_4702812108_1-g" srsName="fguuid:jgd2011.bl">
<gml:pos>33.634734444 130.636361111</gml:pos>
</gml:Point>
</pos>
<type>標高点（測点）</type>
<alti>96</alti>
</ElevPt>
<ElevPt gml:id="K2_4702812108_2">
<fid>47028-12108-i-1023</fid>
<lfSpanFr gml:id="K2_4702812108_2-1">
<gml:timePosition>2020-08-27</gml:timePosition>
</lfSpanFr>
<devDate gml:id="K2_4702812108_2-2">
<gml:timePosition>2020-12-07</gml:timePosition>
</devDate>
<orgGILvl>25000</orgGILvl>
<vis>表示</vis>
<pos>
<gml:Point gml:id="K2_4702812108_2-g" srsName="fguuid:jgd2011.bl">
<gml:pos>33.639767778 130.633702778</gml:pos>
</gml:Point>
</pos>
<type>標高点（測点）</type>
<alti>104</alti>
</ElevPt>
<ElevPt gml:id="K2_4702812111_1">
<fid>47028-12111-i-1302</fid>
<lfSpanFr gml:id="K2_4702812111_1-1">
<gml:timePosition>2020-08-27</gml:timePosition>
</lfSpanFr>
<devDate gml:id="K2_4702812111_1-2">
<gml:timePosition>2020-12-07</gml:timePosition>
</devDate>
<orgGILvl>25000</orgGILvl>
<vis>表示</vis>
<pos>
<gml:Point gml:id="K2_4702812111_1-g" srsName="fguuid:jgd2011.bl">
<gml:pos>33.649739722 130.636833056</gml:pos>
</gml:Point>
</pos>
<type>標高点（測点）</type>
<alti>78</alti>
</ElevPt>
<ElevPt gml:id="K2_4702812117_1">
<fid>47028-12117-i-863</fid>
<lfSpanFr gml:id="K2_4702812117_1-1">
<gml:timePosition>2020-08-27</gml:timePosition>
</lfSpanFr>
<devDate gml:id="K2_4702812117_1-2">
<gml:timePosition>2020-12-07</gml:timePosition>
</devDate>
<orgGILvl>25000</orgGILvl>
<vis>表示</vis>
<pos>
<gml:Point gml:id="K2_4702812117_1-g" srsName="fguuid:jgd2011.bl">
<gml:pos>33.666575833 130.633739444</gml:pos>
</gml:Point>
</pos>
<type>標高点（測点）</type>
<alti>222</alti>
</ElevPt>
<ElevPt gml:id="K2_4702812117_2">
<fid>47028-12117-i-864</fid>
<lfSpanFr gml:id="K2_4702812117_2-1">
<gml:timePosition>2020-08-27</gml:timePosition>
</lfSpanFr>
<devDate gml:id="K2_4702812117_2-2">
<gml:timePosition>2020-12-07</gml:timePosition>
</devDate>
<orgGILvl>25000</orgGILvl>
<vis>表示</vis>
<pos>
<gml:Point gml:id="K2_4702812117_2-g" srsName="fguuid:jgd2011.bl">
<gml:pos>33.660097778 130.637342222</gml:pos>
</gml:Point>
</pos>
<type>標高点（測点）</type>
<alti>87</alti>
</ElevPt>
<ElevPt gml:id="K2_4703112090_1">
<fid>47031-12090-i-906</fid>
<lfSpanFr gml:id="K2_4703112090_1-1">
<gml:timePosition>2020-08-27</gml:timePosition>
</lfSpanFr>
<devDate gml:id="K2_4703112090_1-2">
<gml:timePosition>2020-12-07</gml:timePosition>
</devDate>
<orgGILvl>25000</orgGILvl>
<vis>表示</vis>
<pos>
<gml:Point gml:id="K2_4703112090_1-g" srsName="fguuid:jgd2011.bl">
<gml:pos>33.588558889 130.648325833</gml:pos>
</gml:Point>
</pos>
<type>標高点（測点）</type>
<alti>135</alti>
</ElevPt>
<ElevPt gml:id="K2_4703112099_1">
<fid>47031-12099-i-1988</fid>
<lfSpanFr gml:id="K2_4703112099_1-1">
<gml:timePosition>2020-08-27</gml:timePosition>
</lfSpanFr>
<devDate gml:id="K2_4703112099_1-2">
<gml:timePosition>2020-12-07</gml:timePosition>
</devDate>
<orgGILvl>25000</orgGILvl>
<vis>表示</vis>
<pos>
<gml:Point gml:id="K2_4703112099_1-g" srsName="fguuid:jgd2011.bl">
<gml:pos>33.614718889 130.644506111</gml:pos>
</gml:Point>
</pos>
<type>標高点（測点）</type>
<alti>72</alti>
</ElevPt>
<ElevPt gml:id="K2_4703112108_1">
<fid>47031-12108-i-1323</fid>
<lfSpanFr gml:id="K2_4703112108_1-1">
<gml:timePosition>2020-08-27</gml:timePosition>
</lfSpanFr>
<devDate gml:id="K2_4703112108_1-2">
<gml:timePosition>2020-12-07</gml:timePosition>
</devDate>
<orgGILvl>25000</orgGILvl>
<vis>表示</vis>
<pos>
<gml:Point gml:id="K2_4703112108_1-g" srsName="fguuid:jgd2011.bl">
<gml:pos>33.636838889 130.645577222</gml:pos>
</gml:Point>
</pos>
<type>標高点（測点）</type>
<alti>35</alti>
</ElevPt>
<ElevPt gml:id="K2_4703112111_1">
<fid>47031-12111-i-1614</fid>
<lfSpanFr gml:id="K2_4703112111_1-1">
<gml:timePosition>2020-08-27</gml:timePosition>
</lfSpanFr>
<devDate gml:id="K2_4703112111_1-2">
<gml:timePosition>2020-12-07</gml:timePosition>
</devDate>
<orgGILvl>25000</orgGILvl>
<vis>表示</vis>
<pos>
<gml:Point gml:id="K2_4703112111_1-g" srsName="fguuid:jgd2011.bl">
<gml:pos>33.648606861 130.649774694</gml:pos>
</gml:Point>
</pos>
<type>標高点（測点）</type>
<alti>49</alti>
</ElevPt>
<ElevPt gml:id="K2_4703112117_1">
<fid>47031-12117-i-641</fid>
<lfSpanFr gml:id="K2_4703112117_1-1">
<gml:timePosition>2014-08-11</gml:timePosition>
</lfSpanFr>
<devDate gml:id="K2_4703112117_1-2">
<gml:timePosition>2020-12-07</gml:timePosition>
</devDate>
<orgGILvl>25000</orgGILvl>
<vis>表示</vis>
<pos>
<gml:Point gml:id="K2_4703112117_1-g" srsName="fguuid:jgd2011.bl">
<gml:pos>33.666024167 130.644806667</gml:pos>
</gml:Point>
</pos>
<type>標高点（測点）</type>
<alti>79</alti>
</ElevPt>
<ElevPt gml:id="K2_4703112117_2">
<fid>47031-12117-i-642</fid>
<lfSpanFr gml:id="K2_4703112117_2-1">
<gml:timePosition>2014-08-11</gml:timePosition>
</lfSpanFr>
<devDate gml:id="K2_4703112117_2-2">
<gml:timePosition>2020-12-07</gml:timePosition>
</devDate>
<orgGILvl>25000</orgGILvl>
<vis>表示</vis>
<pos>
<gml:Point gml:id="K2_4703112117_2-g" srsName="fguuid:jgd2011.bl">
<gml:pos>33.659424444 130.644854167</gml:pos>
</gml:Point>
</pos>
<type>標高点（測点）</type>
<alti>48</alti>
</ElevPt>
<ElevPt gml:id="K2_4703412090_1">
<fid>47034-12090-i-990</fid>
<lfSpanFr gml:id="K2_4703412090_1-1">
<gml:timePosition>2020-08-27</gml:timePosition>
</lfSpanFr>
<devDate gml:id="K2_4703412090_1-2">
<gml:timePosition>2020-12-07</gml:timePosition>
</devDate>
<orgGILvl>25000</orgGILvl>
<vis>表示</vis>
<pos>
<gml:Point gml:id="K2_4703412090_1-g" srsName="fguuid:jgd2011.bl">
<gml:pos>33.590508056 130.654800833</gml:pos>
</gml:Point>
</pos>
<type>標高点（測点）</type>
<alti>76</alti>
</ElevPt>
<ElevPt gml:id="K2_4703412093_1">
<fid>47034-12093-i-358</fid>
<lfSpanFr gml:id="K2_4703412093_1-1">
<gml:timePosition>2016-06-06</gml:timePosition>
</lfSpanFr>
<devDate gml:id="K2_4703412093_1-2">
<gml:timePosition>2020-12-07</gml:timePosition>
</devDate>
<orgGILvl>25000</orgGILvl>
<vis>表示</vis>
<pos>
<gml:Point gml:id="K2_4703412093_1-g" srsName="fguuid:jgd2011.bl">
<gml:pos>33.595913333 130.656492500</gml:pos>
</gml:Point>
</pos>
<type>標高点（測点）</type>
<alti>76</alti>
</ElevPt>
<ElevPt gml:id="K2_4703412096_1">
<fid>47034-12096-i-1095</fid>
<lfSpanFr gml:id="K2_4703412096_1-1">
<gml:timePosition>2020-08-27</gml:timePosition>
</lfSpanFr>
<devDate gml:id="K2_4703412096_1-2">
<gml:timePosition>2020-12-07</gml:timePosition>
</devDate>
<orgGILvl>25000</orgGILvl>
<vis>表示</vis>
<pos>
<gml:Point gml:id="K2_4703412096_1-g" srsName="fguuid:jgd2011.bl">
<gml:pos>33.605755000 130.652266389</gml:pos>
</gml:Point>
</pos>
<type>標高点（測点）</type>
<alti>29</alti>
</ElevPt>
<ElevPt gml:id="K2_4703412105_1">
<fid>47034-12105-i-678</fid>
<lfSpanFr gml:id="K2_4703412105_1-1">
<gml:timePosition>2020-08-27</gml:timePosition>
</lfSpanFr>
<devDate gml:id="K2_4703412105_1-2">
<gml:timePosition>2020-12-07</gml:timePosition>
</devDate>
<orgGILvl>25000</orgGILvl>
<vis>表示</vis>
<pos>
<gml:Point gml:id="K2_4703412105_1-g" srsName="fguuid:jgd2011.bl">
<gml:pos>33.631588889 130.651259722</gml:pos>
</gml:Point>
</pos>
<type>標高点（測点）</type>
<alti>32</alti>
</ElevPt>
<ElevPt gml:id="K2_4703412111_1">
<fid>47034-12111-i-1350</fid>
<lfSpanFr gml:id="K2_4703412111_1-1">
<gml:timePosition>2020-08-27</gml:timePosition>
</lfSpanFr>
<devDate gml:id="K2_4703412111_1-2">
<gml:timePosition>2020-12-07</gml:timePosition>
</devDate>
<orgGILvl>25000</orgGILvl>
<vis>表示</vis>
<pos>
<gml:Point gml:id="K2_4703412111_1-g" srsName="fguuid:jgd2011.bl">
<gml:pos>33.644034722 130.652714167</gml:pos>
</gml:Point>
</pos>
<type>標高点（測点）</type>
<alti>56</alti>
</ElevPt>
<ElevPt gml:id="K2_4703412114_1">
<fid>47034-12114-i-1630</fid>
<lfSpanFr gml:id="K2_4703412114_1-1">
<gml:timePosition>2020-08-27</gml:timePosition>
</lfSpanFr>
<devDate gml:id="K2_4703412114_1-2">
<gml:timePosition>2020-12-07</gml:timePosition>
</devDate>
<orgGILvl>25000</orgGILvl>
<vis>表示</vis>
<pos>
<gml:Point gml:id="K2_4703412114_1-g" srsName="fguuid:jgd2011.bl">
<gml:pos>33.653328889 130.656506944</gml:pos>
</gml:Point>
</pos>
<type>標高点（測点）</type>
<alti>29</alti>
</ElevPt>
<ElevPt gml:id="K2_4703412117_1">
<fid>47034-12117-i-1010</fid>
<lfSpanFr gml:id="K2_4703412117_1-1">
<gml:timePosition>2014-08-11</gml:timePosition>
</lfSpanFr>
<devDate gml:id="K2_4703412117_1-2">
<gml:timePosition>2020-12-07</gml:timePosition>
</devDate>
<orgGILvl>25000</orgGILvl>
<vis>表示</vis>
<pos>
<gml:Point gml:id="K2_4703412117_1-g" srsName="fguuid:jgd2011.bl">
<gml:pos>33.665217222 130.651443611</gml:pos>
</gml:Point>
</pos>
<type>標高点（測点）</type>
<alti>67</alti>
</ElevPt>
<ElevPt gml:id="K2_4703712090_1">
<fid>47037-12090-i-1541</fid>
<lfSpanFr gml:id="K2_4703712090_1-1">
<gml:timePosition>2020-08-27</gml:timePosition>
</lfSpanFr>
<devDate gml:id="K2_4703712090_1-2">
<gml:timePosition>2020-12-07</gml:timePosition>
</devDate>
<orgGILvl>25000</orgGILvl>
<vis>表示</vis>
<pos>
<gml:Point gml:id="K2_4703712090_1-g" srsName="fguuid:jgd2011.bl">
<gml:pos>33.589055948 130.664559077</gml:pos>
</gml:Point>
</pos>
<type>標高点（測点）</type>
<alti>35</alti>
</ElevPt>
<ElevPt gml:id="K2_4703712096_1">
<fid>47037-12096-i-2079</fid>
<lfSpanFr gml:id="K2_4703712096_1-1">
<gml:timePosition>2020-08-27</gml:timePosition>
</lfSpanFr>
<devDate gml:id="K2_4703712096_1-2">
<gml:timePosition>2020-12-07</gml:timePosition>
</devDate>
<orgGILvl>25000</orgGILvl>
<vis>表示</vis>
<pos>
<gml:Point gml:id="K2_4703712096_1-g" srsName="fguuid:jgd2011.bl">
<gml:pos>33.604251111 130.659494444</gml:pos>
</gml:Point>
</pos>
<type>標高点（測点）</type>
<alti>62</alti>
</ElevPt>
<ElevPt gml:id="K2_4703712099_1">
<fid>47037-12099-i-1015</fid>
<lfSpanFr gml:id="K2_4703712099_1-1">
<gml:timePosition>2015-02-23</gml:timePosition>
</lfSpanFr>
<devDate gml:id="K2_4703712099_1-2">
<gml:timePosition>2020-12-07</gml:timePosition>
</devDate>
<orgGILvl>25000</orgGILvl>
<vis>表示</vis>
<pos>
<gml:Point gml:id="K2_4703712099_1-g" srsName="fguuid:jgd2011.bl">
<gml:pos>33.616582222 130.662616944</gml:pos>
</gml:Point>
</pos>
<type>標高点（測点）</type>
<alti>22</alti>
</ElevPt>
<ElevPt gml:id="K2_4703712102_1">
<fid>47037-12102-i-2068</fid>
<lfSpanFr gml:id="K2_4703712102_1-1">
<gml:timePosition>2020-08-27</gml:timePosition>
</lfSpanFr>
<devDate gml:id="K2_4703712102_1-2">
<gml:timePosition>2020-12-07</gml:timePosition>
</devDate>
<orgGILvl>25000</orgGILvl>
<vis>表示</vis>
<pos>
<gml:Point gml:id="K2_4703712102_1-g" srsName="fguuid:jgd2011.bl">
<gml:pos>33.624801111 130.663506111</gml:pos>
</gml:Point>
</pos>
<type>標高点（測点）</type>
<alti>23</alti>
</ElevPt>
<ElevPt gml:id="K2_4703712105_1">
<fid>47037-12105-i-1694</fid>
<lfSpanFr gml:id="K2_4703712105_1-1">
<gml:timePosition>2020-08-27</gml:timePosition>
</lfSpanFr>
<devDate gml:id="K2_4703712105_1-2">
<gml:timePosition>2020-12-07</gml:timePosition>
</devDate>
<orgGILvl>25000</orgGILvl>
<vis>表示</vis>
<pos>
<gml:Point gml:id="K2_4703712105_1-g" srsName="fguuid:jgd2011.bl">
<gml:pos>33.631625556 130.660457778</gml:pos>
</gml:Point>
</pos>
<type>標高点（測点）</type>
<alti>22</alti>
</ElevPt>
<ElevPt gml:id="K2_4704012090_1">
<fid>47040-12090-i-1127</fid>
<lfSpanFr gml:id="K2_4704012090_1-1">
<gml:timePosition>2020-08-27</gml:timePosition>
</lfSpanFr>
<devDate gml:id="K2_4704012090_1-2">
<gml:timePosition>2020-12-07</gml:timePosition>
</devDate>
<orgGILvl>25000</orgGILvl>
<vis>表示</vis>
<pos>
<gml:Point gml:id="K2_4704012090_1-g" srsName="fguuid:jgd2011.bl">
<gml:pos>33.585466519 130.668402260</gml:pos>
</gml:Point>
</pos>
<type>標高点（測点）</type>
<alti>37</alti>
</ElevPt>
<ElevPt gml:id="K2_4704012090_2">
<fid>47040-12090-i-1128</fid>
<lfSpanFr gml:id="K2_4704012090_2-1">
<gml:timePosition>2020-08-27</gml:timePosition>
</lfSpanFr>
<devDate gml:id="K2_4704012090_2-2">
<gml:timePosition>2020-12-07</gml:timePosition>
</devDate>
<orgGILvl>25000</orgGILvl>
<vis>表示</vis>
<pos>
<gml:Point gml:id="K2_4704012090_2-g" srsName="fguuid:jgd2011.bl">
<gml:pos>33.588359722 130.674363333</gml:pos>
</gml:Point>
</pos>
<type>標高点（測点）</type>
<alti>29</alti>
</ElevPt>
<ElevPt gml:id="K2_4704012096_1">
<fid>47040-12096-i-925</fid>
<lfSpanFr gml:id="K2_4704012096_1-1">
<gml:timePosition>2020-08-27</gml:timePosition>
</lfSpanFr>
<devDate gml:id="K2_4704012096_1-2">
<gml:timePosition>2020-12-07</gml:timePosition>
</devDate>
<orgGILvl>25000</orgGILvl>
<vis>表示</vis>
<pos>
<gml:Point gml:id="K2_4704012096_1-g" srsName="fguuid:jgd2011.bl">
<gml:pos>33.602975000 130.669828333</gml:pos>
</gml:Point>
</pos>
<type>標高点（測点）</type>
<alti>27</alti>
</ElevPt>
<ElevPt gml:id="K2_4704012108_1">
<fid>47040-12108-i-2901</fid>
<lfSpanFr gml:id="K2_4704012108_1-1">
<gml:timePosition>2020-08-27</gml:timePosition>
</lfSpanFr>
<devDate gml:id="K2_4704012108_1-2">
<gml:timePosition>2020-12-07</gml:timePosition>
</devDate>
<orgGILvl>25000</orgGILvl>
<vis>表示</vis>
<pos>
<gml:Point gml:id="K2_4704012108_1-g" srsName="fguuid:jgd2011.bl">
<gml:pos>33.639768056 130.674411944</gml:pos>
</gml:Point>
</pos>
<type>標高点（測点）</type>
<alti>34</alti>
</ElevPt>
<ElevPt gml:id="K2_4704012108_2">
<fid>47040-12108-i-2902</fid>
<lfSpanFr gml:id="K2_4704012108_2-1">
<gml:timePosition>2020-08-27</gml:timePosition>
</lfSpanFr>
<devDate gml:id="K2_4704012108_2-2">
<gml:timePosition>2020-12-07</gml:timePosition>
</devDate>
<orgGILvl>25000</orgGILvl>
<vis>表示</vis>
<pos>
<gml:Point gml:id="K2_4704012108_2-g" srsName="fguuid:jgd2011.bl">
<gml:pos>33.634295556 130.673086111</gml:pos>
</gml:Point>
</pos>
<type>標高点（測点）</type>
<alti>15</alti>
</ElevPt>
<ElevPt gml:id="K2_4704012114_1">
<fid>47040-12114-i-1809</fid>
<lfSpanFr gml:id="K2_4704012114_1-1">
<gml:timePosition>2020-08-27</gml:timePosition>
</lfSpanFr>
<devDate gml:id="K2_4704012114_1-2">
<gml:timePosition>2020-12-07</gml:timePosition>
</devDate>
<orgGILvl>25000</orgGILvl>
<vis>表示</vis>
<pos>
<gml:Point gml:id="K2_4704012114_1-g" srsName="fguuid:jgd2011.bl">
<gml:pos>33.651481667 130.674547222</gml:pos>
</gml:Point>
</pos>
<type>標高点（測点）</type>
<alti>62</alti>
</ElevPt>
<ElevPt gml:id="K2_4704012117_1">
<fid>47040-12117-i-1120</fid>
<lfSpanFr gml:id="K2_4704012117_1-1">
<gml:timePosition>2015-02-23</gml:timePosition>
</lfSpanFr>
<devDate gml:id="K2_4704012117_1-2">
<gml:timePosition>2020-12-07</gml:timePosition>
</devDate>
<orgGILvl>25000</orgGILvl>
<vis>表示</vis>
<pos>
<gml:Point gml:id="K2_4704012117_1-g" srsName="fguuid:jgd2011.bl">
<gml:pos>33.665781667 130.670567778</gml:pos>
</gml:Point>
</pos>
<type>標高点（測点）</type>
<alti>163</alti>
</ElevPt>
<ElevPt gml:id="K2_4704312099_1">
<fid>47043-12099-i-837</fid>
<lfSpanFr gml:id="K2_4704312099_1-1">
<gml:timePosition>2020-08-27</gml:timePosition>
</lfSpanFr>
<devDate gml:id="K2_4704312099_1-2">
<gml:timePosition>2020-12-07</gml:timePosition>
</devDate>
<orgGILvl>25000</orgGILvl>
<vis>表示</vis>
<pos>
<gml:Point gml:id="K2_4704312099_1-g" srsName="fguuid:jgd2011.bl">
<gml:pos>33.609604722 130.678525000</gml:pos>
</gml:Point>
</pos>
<type>標高点（測点）</type>
<alti>22</alti>
</ElevPt>
<ElevPt gml:id="K2_4704312102_1">
<fid>47043-12102-i-1202</fid>
<lfSpanFr gml:id="K2_4704312102_1-1">
<gml:timePosition>2020-08-27</gml:timePosition>
</lfSpanFr>
<devDate gml:id="K2_4704312102_1-2">
<gml:timePosition>2020-12-07</gml:timePosition>
</devDate>
<orgGILvl>25000</orgGILvl>
<vis>表示</vis>
<pos>
<gml:Point gml:id="K2_4704312102_1-g" srsName="fguuid:jgd2011.bl">
<gml:pos>33.623767222 130.677850278</gml:pos>
</gml:Point>
</pos>
<type>標高点（測点）</type>
<alti>17</alti>
</ElevPt>
<ElevPt gml:id="K2_4704612090_1">
<fid>47046-12090-i-1134</fid>
<lfSpanFr gml:id="K2_4704612090_1-1">
<gml:timePosition>2020-08-27</gml:timePosition>
</lfSpanFr>
<devDate gml:id="K2_4704612090_1-2">
<gml:timePosition>2020-12-07</gml:timePosition>
</devDate>
<orgGILvl>25000</orgGILvl>
<vis>表示</vis>
<pos>
<gml:Point gml:id="K2_4704612090_1-g" srsName="fguuid:jgd2011.bl">
<gml:pos>33.589003491 130.690743805</gml:pos>
</gml:Point>
</pos>
<type>標高点（測点）</type>
<alti>32</alti>
</ElevPt>
<ElevPt gml:id="K2_4704612099_1">
<fid>47046-12099-i-1332</fid>
<lfSpanFr gml:id="K2_4704612099_1-1">
<gml:timePosition>2020-08-27</gml:timePosition>
</lfSpanFr>
<devDate gml:id="K2_4704612099_1-2">
<gml:timePosition>2020-12-07</gml:timePosition>
</devDate>
<orgGILvl>25000</orgGILvl>
<vis>表示</vis>
<pos>
<gml:Point gml:id="K2_4704612099_1-g" srsName="fguuid:jgd2011.bl">
<gml:pos>33.614550000 130.690757500</gml:pos>
</gml:Point>
</pos>
<type>標高点（測点）</type>
<alti>32</alti>
</ElevPt>
<ElevPt gml:id="K2_4704612105_1">
<fid>47046-12105-i-1582</fid>
<lfSpanFr gml:id="K2_4704612105_1-1">
<gml:timePosition>2020-08-27</gml:timePosition>
</lfSpanFr>
<devDate gml:id="K2_4704612105_1-2">
<gml:timePosition>2020-12-07</gml:timePosition>
</devDate>
<orgGILvl>25000</orgGILvl>
<vis>表示</vis>
<pos>
<gml:Point gml:id="K2_4704612105_1-g" srsName="fguuid:jgd2011.bl">
<gml:pos>33.629619722 130.690504444</gml:pos>
</gml:Point>
</pos>
<type>標高点（測点）</type>
<alti>19</alti>
</ElevPt>
<ElevPt gml:id="K2_4704612117_1">
<fid>47046-12117-i-2607</fid>
<lfSpanFr gml:id="K2_4704612117_1-1">
<gml:timePosition>2020-08-27</gml:timePosition>
</lfSpanFr>
<devDate gml:id="K2_4704612117_1-2">
<gml:timePosition>2020-12-07</gml:timePosition>
</devDate>
<orgGILvl>25000</orgGILvl>
<vis>表示</vis>
<pos>
<gml:Point gml:id="K2_4704612117_1-g" srsName="fguuid:jgd2011.bl">
<gml:pos>33.664003056 130.687832500</gml:pos>
</gml:Point>
</pos>
<type>標高点（測点）</type>
<alti>16</alti>
</ElevPt>
<ElevPt gml:id="K2_4704912096_1">
<fid>47049-12096-i-512</fid>
<lfSpanFr gml:id="K2_4704912096_1-1">
<gml:timePosition>2020-08-27</gml:timePosition>
</lfSpanFr>
<devDate gml:id="K2_4704912096_1-2">
<gml:timePosition>2020-12-07</gml:timePosition>
</devDate>
<orgGILvl>25000</orgGILvl>
<vis>表示</vis>
<pos>
<gml:Point gml:id="K2_4704912096_1-g" srsName="fguuid:jgd2011.bl">
<gml:pos>33.600888889 130.698707222</gml:pos>
</gml:Point>
</pos>
<type>標高点（測点）</type>
<alti>78</alti>
</ElevPt>
<ElevPt gml:id="K2_4704912102_1">
<fid>47049-12102-i-1925</fid>
<lfSpanFr gml:id="K2_4704912102_1-1">
<gml:timePosition>2020-08-27</gml:timePosition>
</lfSpanFr>
<devDate gml:id="K2_4704912102_1-2">
<gml:timePosition>2020-12-07</gml:timePosition>
</devDate>
<orgGILvl>25000</orgGILvl>
<vis>表示</vis>
<pos>
<gml:Point gml:id="K2_4704912102_1-g" srsName="fguuid:jgd2011.bl">
<gml:pos>33.619428333 130.697903889</gml:pos>
</gml:Point>
</pos>
<type>標高点（測点）</type>
<alti>62</alti>
</ElevPt>
<ElevPt gml:id="K2_4704912111_1">
<fid>47049-12111-i-1118</fid>
<lfSpanFr gml:id="K2_4704912111_1-1">
<gml:timePosition>2020-08-27</gml:timePosition>
</lfSpanFr>
<devDate gml:id="K2_4704912111_1-2">
<gml:timePosition>2020-12-07</gml:timePosition>
</devDate>
<orgGILvl>25000</orgGILvl>
<vis>表示</vis>
<pos>
<gml:Point gml:id="K2_4704912111_1-g" srsName="fguuid:jgd2011.bl">
<gml:pos>33.649875833 130.692798611</gml:pos>
</gml:Point>
</pos>
<type>標高点（測点）</type>
<alti>41</alti>
</ElevPt>
<ElevPt gml:id="K2_4705212099_1">
<fid>47052-12099-i-1221</fid>
<lfSpanFr gml:id="K2_4705212099_1-1">
<gml:timePosition>2020-08-27</gml:timePosition>
</lfSpanFr>
<devDate gml:id="K2_4705212099_1-2">
<gml:timePosition>2020-12-07</gml:timePosition>
</devDate>
<orgGILvl>25000</orgGILvl>
<vis>表示</vis>
<pos>
<gml:Point gml:id="K2_4705212099_1-g" srsName="fguuid:jgd2011.bl">
<gml:pos>33.614113889 130.706519722</gml:pos>
</gml:Point>
</pos>
<type>標高点（測点）</type>
<alti>20</alti>
</ElevPt>
<ElevPt gml:id="K2_4705212102_1">
<fid>47052-12102-i-953</fid>
<lfSpanFr gml:id="K2_4705212102_1-1">
<gml:timePosition>2020-08-27</gml:timePosition>
</lfSpanFr>
<devDate gml:id="K2_4705212102_1-2">
<gml:timePosition>2020-12-07</gml:timePosition>
</devDate>
<orgGILvl>25000</orgGILvl>
<vis>表示</vis>
<pos>
<gml:Point gml:id="K2_4705212102_1-g" srsName="fguuid:jgd2011.bl">
<gml:pos>33.622489444 130.701178056</gml:pos>
</gml:Point>
</pos>
<type>標高点（測点）</type>
<alti>35</alti>
</ElevPt>
<ElevPt gml:id="K2_4705212117_1">
<fid>47052-12117-i-1501</fid>
<lfSpanFr gml:id="K2_4705212117_1-1">
<gml:timePosition>2020-08-27</gml:timePosition>
</lfSpanFr>
<devDate gml:id="K2_4705212117_1-2">
<gml:timePosition>2020-12-07</gml:timePosition>
</devDate>
<orgGILvl>25000</orgGILvl>
<vis>表示</vis>
<pos>
<gml:Point gml:id="K2_4705212117_1-g" srsName="fguuid:jgd2011.bl">
<gml:pos>33.659147778 130.701607222</gml:pos>
</gml:Point>
</pos>
<type>標高点（測点）</type>
<alti>27</alti>
</ElevPt>
<ElevPt gml:id="K2_4705512093_1">
<fid>47055-12093-i-864</fid>
<lfSpanFr gml:id="K2_4705512093_1-1">
<gml:timePosition>2020-10-29</gml:timePosition>
</lfSpanFr>
<devDate gml:id="K2_4705512093_1-2">
<gml:timePosition>2020-12-07</gml:timePosition>
</devDate>
<orgGILvl>25000</orgGILvl>
<vis>表示</vis>
<pos>
<gml:Point gml:id="K2_4705512093_1-g" srsName="fguuid:jgd2011.bl">
<gml:pos>33.593322778 130.712333611</gml:pos>
</gml:Point>
</pos>
<type>標高点（測点）</type>
<alti>95</alti>
</ElevPt>
<ElevPt gml:id="K2_4705512096_1">
<fid>47055-12096-i-1604</fid>
<lfSpanFr gml:id="K2_4705512096_1-1">
<gml:timePosition>2020-10-29</gml:timePosition>
</lfSpanFr>
<devDate gml:id="K2_4705512096_1-2">
<gml:timePosition>2020-12-07</gml:timePosition>
</devDate>
<orgGILvl>25000</orgGILvl>
<vis>表示</vis>
<pos>
<gml:Point gml:id="K2_4705512096_1-g" srsName="fguuid:jgd2011.bl">
<gml:pos>33.600016667 130.715801389</gml:pos>
</gml:Point>
</pos>
<type>標高点（測点）</type>
<alti>63</alti>
</ElevPt>
<ElevPt gml:id="K2_4705512099_1">
<fid>47055-12099-i-1396</fid>
<lfSpanFr gml:id="K2_4705512099_1-1">
<gml:timePosition>2020-10-29</gml:timePosition>
</lfSpanFr>
<devDate gml:id="K2_4705512099_1-2">
<gml:timePosition>2020-12-07</gml:timePosition>
</devDate>
<orgGILvl>25000</orgGILvl>
<vis>表示</vis>
<pos>
<gml:Point gml:id="K2_4705512099_1-g" srsName="fguuid:jgd2011.bl">
<gml:pos>33.611490278 130.714214444</gml:pos>
</gml:Point>
</pos>
<type>標高点（測点）</type>
<alti>31</alti>
</ElevPt>
<ElevPt gml:id="K2_4705512114_1">
<fid>47055-12114-i-1322</fid>
<lfSpanFr gml:id="K2_4705512114_1-1">
<gml:timePosition>2020-08-27</gml:timePosition>
</lfSpanFr>
<devDate gml:id="K2_4705512114_1-2">
<gml:timePosition>2020-12-07</gml:timePosition>
</devDate>
<orgGILvl>25000</orgGILvl>
<vis>表示</vis>
<pos>
<gml:Point gml:id="K2_4705512114_1-g" srsName="fguuid:jgd2011.bl">
<gml:pos>33.655968889 130.713458611</gml:pos>
</gml:Point>
</pos>
<type>標高点（測点）</type>
<alti>14</alti>
</ElevPt>
<ElevPt gml:id="K2_4705512117_1">
<fid>47055-12117-i-1473</fid>
<lfSpanFr gml:id="K2_4705512117_1-1">
<gml:timePosition>2020-08-27</gml:timePosition>
</lfSpanFr>
<devDate gml:id="K2_4705512117_1-2">
<gml:timePosition>2020-12-07</gml:timePosition>
</devDate>
<orgGILvl>25000</orgGILvl>
<vis>表示</vis>
<pos>
<gml:Point gml:id="K2_4705512117_1-g" srsName="fguuid:jgd2011.bl">
<gml:pos>33.661342778 130.714168056</gml:pos>
</gml:Point>
</pos>
<type>標高点（測点）</type>
<alti>14</alti>
</ElevPt>
<ElevPt gml:id="K2_4705812090_1">
<fid>47058-12090-i-1438</fid>
<lfSpanFr gml:id="K2_4705812090_1-1">
<gml:timePosition>2020-10-29</gml:timePosition>
</lfSpanFr>
<devDate gml:id="K2_4705812090_1-2">
<gml:timePosition>2020-12-07</gml:timePosition>
</devDate>
<orgGILvl>25000</orgGILvl>
<vis>表示</vis>
<pos>
<gml:Point gml:id="K2_4705812090_1-g" srsName="fguuid:jgd2011.bl">
<gml:pos>33.583945278 130.718638611</gml:pos>
</gml:Point>
</pos>
<type>標高点（測点）</type>
<alti>78</alti>
</ElevPt>
<ElevPt gml:id="K2_4705812093_1">
<fid>47058-12093-i-1441</fid>
<lfSpanFr gml:id="K2_4705812093_1-1">
<gml:timePosition>2020-10-29</gml:timePosition>
</lfSpanFr>
<devDate gml:id="K2_4705812093_1-2">
<gml:timePosition>2020-12-07</gml:timePosition>
</devDate>
<orgGILvl>25000</orgGILvl>
<vis>表示</vis>
<pos>
<gml:Point gml:id="K2_4705812093_1-g" srsName="fguuid:jgd2011.bl">
<gml:pos>33.593967778 130.722362500</gml:pos>
</gml:Point>
</pos>
<type>標高点（測点）</type>
<alti>50</alti>
</ElevPt>
<ElevPt gml:id="K2_4705812102_1">
<fid>47058-12102-i-230</fid>
<lfSpanFr gml:id="K2_4705812102_1-1">
<gml:timePosition>2014-06-04</gml:timePosition>
</lfSpanFr>
<devDate gml:id="K2_4705812102_1-2">
<gml:timePosition>2020-12-07</gml:timePosition>
</devDate>
<orgGILvl>25000</orgGILvl>
<vis>表示</vis>
<pos>
<gml:Point gml:id="K2_4705812102_1-g" srsName="fguuid:jgd2011.bl">
<gml:pos>33.620408056 130.720328611</gml:pos>
</gml:Point>
</pos>
<type>標高点（測点）</type>
<alti>74</alti>
</ElevPt>
<ElevPt gml:id="K2_4705812108_1">
<fid>47058-12108-i-312</fid>
<lfSpanFr gml:id="K2_4705812108_1-1">
<gml:timePosition>2015-02-23</gml:timePosition>
</lfSpanFr>
<devDate gml:id="K2_4705812108_1-2">
<gml:timePosition>2020-12-07</gml:timePosition>
</devDate>
<orgGILvl>25000</orgGILvl>
<vis>表示</vis>
<pos>
<gml:Point gml:id="K2_4705812108_1-g" srsName="fguuid:jgd2011.bl">
<gml:pos>33.635478611 130.722372222</gml:pos>
</gml:Point>
</pos>
<type>標高点（測点）</type>
<alti>52</alti>
</ElevPt>
<ElevPt gml:id="K2_4705812108_2">
<fid>47058-12108-i-313</fid>
<lfSpanFr gml:id="K2_4705812108_2-1">
<gml:timePosition>2015-02-23</gml:timePosition>
</lfSpanFr>
<devDate gml:id="K2_4705812108_2-2">
<gml:timePosition>2020-12-07</gml:timePosition>
</devDate>
<orgGILvl>25000</orgGILvl>
<vis>表示</vis>
<pos>
<gml:Point gml:id="K2_4705812108_2-g" srsName="fguuid:jgd2011.bl">
<gml:pos>33.638990000 130.718725278</gml:pos>
</gml:Point>
</pos>
<type>標高点（測点）</type>
<alti>37</alti>
</ElevPt>
<ElevPt gml:id="K2_4705812114_1">
<fid>47058-12114-i-1535</fid>
<lfSpanFr gml:id="K2_4705812114_1-1">
<gml:timePosition>2020-08-27</gml:timePosition>
</lfSpanFr>
<devDate gml:id="K2_4705812114_1-2">
<gml:timePosition>2020-12-07</gml:timePosition>
</devDate>
<orgGILvl>25000</orgGILvl>
<vis>表示</vis>
<pos>
<gml:Point gml:id="K2_4705812114_1-g" srsName="fguuid:jgd2011.bl">
<gml:pos>33.651040278 130.716904722</gml:pos>
</gml:Point>
</pos>
<type>標高点（測点）</type>
<alti>43</alti>
</ElevPt>
<ElevPt gml:id="K2_4705812117_1">
<fid>47058-12117-i-1632</fid>
<lfSpanFr gml:id="K2_4705812117_1-1">
<gml:timePosition>2020-08-27</gml:timePosition>
</lfSpanFr>
<devDate gml:id="K2_4705812117_1-2">
<gml:timePosition>2020-12-07</gml:timePosition>
</devDate>
<orgGILvl>25000</orgGILvl>
<vis>表示</vis>
<pos>
<gml:Point gml:id="K2_4705812117_1-g" srsName="fguuid:jgd2011.bl">
<gml:pos>33.665497778 130.721690000</gml:pos>
</gml:Point>
</pos>
<type>標高点（測点）</type>
<alti>31</alti>
</ElevPt>
<ElevPt gml:id="K2_4706112090_1">
<fid>47061-12090-i-224</fid>
<lfSpanFr gml:id="K2_4706112090_1-1">
<gml:timePosition>2014-06-04</gml:timePosition>
</lfSpanFr>
<devDate gml:id="K2_4706112090_1-2">
<gml:timePosition>2020-12-07</gml:timePosition>
</devDate>
<orgGILvl>25000</orgGILvl>
<vis>表示</vis>
<pos>
<gml:Point gml:id="K2_4706112090_1-g" srsName="fguuid:jgd2011.bl">
<gml:pos>33.584818611 130.731845556</gml:pos>
</gml:Point>
</pos>
<type>標高点（測点）</type>
<alti>85</alti>
</ElevPt>
<ElevPt gml:id="K2_4706112090_2">
<fid>47061-12090-i-225</fid>
<lfSpanFr gml:id="K2_4706112090_2-1">
<gml:timePosition>2014-06-04</gml:timePosition>
</lfSpanFr>
<devDate gml:id="K2_4706112090_2-2">
<gml:timePosition>2020-12-07</gml:timePosition>
</devDate>
<orgGILvl>25000</orgGILvl>
<vis>表示</vis>
<pos>
<gml:Point gml:id="K2_4706112090_2-g" srsName="fguuid:jgd2011.bl">
<gml:pos>33.590981944 130.730473611</gml:pos>
</gml:Point>
</pos>
<type>標高点（測点）</type>
<alti>29</alti>
</ElevPt>
<ElevPt gml:id="K2_4706112096_1">
<fid>47061-12096-i-1680</fid>
<lfSpanFr gml:id="K2_4706112096_1-1">
<gml:timePosition>2020-10-29</gml:timePosition>
</lfSpanFr>
<devDate gml:id="K2_4706112096_1-2">
<gml:timePosition>2020-12-07</gml:timePosition>
</devDate>
<orgGILvl>25000</orgGILvl>
<vis>表示</vis>
<pos>
<gml:Point gml:id="K2_4706112096_1-g" srsName="fguuid:jgd2011.bl">
<gml:pos>33.603386944 130.726816667</gml:pos>
</gml:Point>
</pos>
<type>標高点（測点）</type>
<alti>50</alti>
</ElevPt>
<ElevPt gml:id="K2_4706112111_1">
<fid>47061-12111-i-1641</fid>
<lfSpanFr gml:id="K2_4706112111_1-1">
<gml:timePosition>2020-08-27</gml:timePosition>
</lfSpanFr>
<devDate gml:id="K2_4706112111_1-2">
<gml:timePosition>2020-12-07</gml:timePosition>
</devDate>
<orgGILvl>25000</orgGILvl>
<vis>表示</vis>
<pos>
<gml:Point gml:id="K2_4706112111_1-g" srsName="fguuid:jgd2011.bl">
<gml:pos>33.643901667 130.729045278</gml:pos>
</gml:Point>
</pos>
<type>標高点（測点）</type>
<alti>16</alti>
</ElevPt>
<ElevPt gml:id="K2_4706112114_1">
<fid>47061-12114-i-2185</fid>
<lfSpanFr gml:id="K2_4706112114_1-1">
<gml:timePosition>2020-08-27</gml:timePosition>
</lfSpanFr>
<devDate gml:id="K2_4706112114_1-2">
<gml:timePosition>2020-12-07</gml:timePosition>
</devDate>
<orgGILvl>25000</orgGILvl>
<vis>表示</vis>
<pos>
<gml:Point gml:id="K2_4706112114_1-g" srsName="fguuid:jgd2011.bl">
<gml:pos>33.657281944 130.733050000</gml:pos>
</gml:Point>
</pos>
<type>標高点（測点）</type>
<alti>53</alti>
</ElevPt>
<ElevPt gml:id="K2_4706112117_1">
<fid>47061-12117-i-1549</fid>
<lfSpanFr gml:id="K2_4706112117_1-1">
<gml:timePosition>2020-08-27</gml:timePosition>
</lfSpanFr>
<devDate gml:id="K2_4706112117_1-2">
<gml:timePosition>2020-12-07</gml:timePosition>
</devDate>
<orgGILvl>25000</orgGILvl>
<vis>表示</vis>
<pos>
<gml:Point gml:id="K2_4706112117_1-g" srsName="fguuid:jgd2011.bl">
<gml:pos>33.662138889 130.729392778</gml:pos>
</gml:Point>
</pos>
<type>標高点（測点）</type>
<alti>13</alti>
</ElevPt>
<ElevPt gml:id="K2_4706412090_1">
<fid>47064-12090-i-664</fid>
<lfSpanFr gml:id="K2_4706412090_1-1">
<gml:timePosition>2017-11-01</gml:timePosition>
</lfSpanFr>
<devDate gml:id="K2_4706412090_1-2">
<gml:timePosition>2020-12-07</gml:timePosition>
</devDate>
<orgGILvl>25000</orgGILvl>
<vis>非表示</vis>
<pos>
<gml:Point gml:id="K2_4706412090_1-g" srsName="fguuid:jgd2011.bl">
<gml:pos>33.590604167 130.739486389</gml:pos>
</gml:Point>
</pos>
<type>標高点（測点）</type>
<alti>53</alti>
</ElevPt>
<ElevPt gml:id="K2_4706412093_1">
<fid>47064-12093-i-1985</fid>
<lfSpanFr gml:id="K2_4706412093_1-1">
<gml:timePosition>2020-10-29</gml:timePosition>
</lfSpanFr>
<devDate gml:id="K2_4706412093_1-2">
<gml:timePosition>2020-12-07</gml:timePosition>
</devDate>
<orgGILvl>25000</orgGILvl>
<vis>表示</vis>
<pos>
<gml:Point gml:id="K2_4706412093_1-g" srsName="fguuid:jgd2011.bl">
<gml:pos>33.598706667 130.734015556</gml:pos>
</gml:Point>
</pos>
<type>標高点（測点）</type>
<alti>43</alti>
</ElevPt>
<ElevPt gml:id="K2_4706412108_1">
<fid>47064-12108-i-1308</fid>
<lfSpanFr gml:id="K2_4706412108_1-1">
<gml:timePosition>2020-08-27</gml:timePosition>
</lfSpanFr>
<devDate gml:id="K2_4706412108_1-2">
<gml:timePosition>2020-12-07</gml:timePosition>
</devDate>
<orgGILvl>25000</orgGILvl>
<vis>表示</vis>
<pos>
<gml:Point gml:id="K2_4706412108_1-g" srsName="fguuid:jgd2011.bl">
<gml:pos>33.639755556 130.738003889</gml:pos>
</gml:Point>
</pos>
<type>標高点（測点）</type>
<alti>52</alti>
</ElevPt>
<ElevPt gml:id="K2_4706412111_1">
<fid>47064-12111-i-1953</fid>
<lfSpanFr gml:id="K2_4706412111_1-1">
<gml:timePosition>2020-08-27</gml:timePosition>
</lfSpanFr>
<devDate gml:id="K2_4706412111_1-2">
<gml:timePosition>2020-12-07</gml:timePosition>
</devDate>
<orgGILvl>25000</orgGILvl>
<vis>表示</vis>
<pos>
<gml:Point gml:id="K2_4706412111_1-g" srsName="fguuid:jgd2011.bl">
<gml:pos>33.649973556 130.735906611</gml:pos>
</gml:Point>
</pos>
<type>標高点（測点）</type>
<alti>47</alti>
</ElevPt>
<ElevPt gml:id="K2_4706412111_2">
<fid>47064-12111-i-1954</fid>
<lfSpanFr gml:id="K2_4706412111_2-1">
<gml:timePosition>2020-08-27</gml:timePosition>
</lfSpanFr>
<devDate gml:id="K2_4706412111_2-2">
<gml:timePosition>2020-12-07</gml:timePosition>
</devDate>
<orgGILvl>25000</orgGILvl>
<vis>表示</vis>
<pos>
<gml:Point gml:id="K2_4706412111_2-g" srsName="fguuid:jgd2011.bl">
<gml:pos>33.643506944 130.740892222</gml:pos>
</gml:Point>
</pos>
<type>標高点（測点）</type>
<alti>51</alti>
</ElevPt>
<ElevPt gml:id="K2_4706712090_1">
<fid>47067-12090-i-746</fid>
<lfSpanFr gml:id="K2_4706712090_1-1">
<gml:timePosition>2020-10-29</gml:timePosition>
</lfSpanFr>
<devDate gml:id="K2_4706712090_1-2">
<gml:timePosition>2020-12-07</gml:timePosition>
</devDate>
<orgGILvl>25000</orgGILvl>
<vis>表示</vis>
<pos>
<gml:Point gml:id="K2_4706712090_1-g" srsName="fguuid:jgd2011.bl">
<gml:pos>33.583533333 130.744908333</gml:pos>
</gml:Point>
</pos>
<type>標高点（測点）</type>
<alti>29</alti>
</ElevPt>
<ElevPt gml:id="K2_4706712105_1">
<fid>47067-12105-i-784</fid>
<lfSpanFr gml:id="K2_4706712105_1-1">
<gml:timePosition>2020-08-27</gml:timePosition>
</lfSpanFr>
<devDate gml:id="K2_4706712105_1-2">
<gml:timePosition>2020-12-07</gml:timePosition>
</devDate>
<orgGILvl>25000</orgGILvl>
<vis>表示</vis>
<pos>
<gml:Point gml:id="K2_4706712105_1-g" srsName="fguuid:jgd2011.bl">
<gml:pos>33.633131389 130.744102500</gml:pos>
</gml:Point>
</pos>
<type>標高点（測点）</type>
<alti>159</alti>
</ElevPt>
<ElevPt gml:id="K2_4706712108_1">
<fid>47067-12108-i-23</fid>
<lfSpanFr gml:id="K2_4706712108_1-1">
<gml:timePosition>2013-12-10</gml:timePosition>
</lfSpanFr>
<devDate gml:id="K2_4706712108_1-2">
<gml:timePosition>2020-12-07</gml:timePosition>
</devDate>
<orgGILvl>25000</orgGILvl>
<vis>表示</vis>
<pos>
<gml:Point gml:id="K2_4706712108_1-g" srsName="fguuid:jgd2011.bl">
<gml:pos>33.638541111 130.745177500</gml:pos>
</gml:Point>
</pos>
<type>標高点（測点）</type>
<alti>259</alti>
</ElevPt>
<ElevPt gml:id="K2_4706712114_1">
<fid>47067-12114-i-869</fid>
<lfSpanFr gml:id="K2_4706712114_1-1">
<gml:timePosition>2015-02-23</gml:timePosition>
</lfSpanFr>
<devDate gml:id="K2_4706712114_1-2">
<gml:timePosition>2020-12-07</gml:timePosition>
</devDate>
<orgGILvl>25000</orgGILvl>
<vis>表示</vis>
<pos>
<gml:Point gml:id="K2_4706712114_1-g" srsName="fguuid:jgd2011.bl">
<gml:pos>33.653813056 130.742048889</gml:pos>
</gml:Point>
</pos>
<type>標高点（測点）</type>
<alti>46</alti>
</ElevPt>
</Dataset>
