<?xml version="1.0" encoding="utf-8"?>
<Dataset xsi:schemaLocation="http://fgd.gsi.go.jp/spec/2008/FGD_GMLSchema FGD_GMLSchema.xsd"
	xmlns:gml="http://www.opengis.net/gml/3.2"
	xmlns:xsi="http://www.w3.org/2001/XMLSchema-instance"
	xmlns:xlink="http://www.w3.org/1999/xlink"
	xmlns="http://fgd.gsi.go.jp/spec/2008/FGD_GMLSchema"
	gml:id="Dataset1">
  <gml:description>基盤地図情報メタデータ ID=fmdid:21-0101</gml:description>
  <gml:name>基盤地図情報ダウンロードデータ（GML版）</gml:name>
<WStrA gml:id="K28_4702512090_1">
<fid>20201207-47040-12096-s-10548</fid>
<lfSpanFr gml:id="K28_4702512090_1-1">
<gml:timePosition>2020-12-07</gml:timePosition>
</lfSpanFr>
<devDate gml:id="K28_4702512090_1-2">
<gml:timePosition>2020-12-07</gml:timePosition>
</devDate>
<orgGILvl>2500</orgGILvl>
<vis>表示</vis>
<area>
<gml:Surface gml:id="K28_4702512090_1-g" srsName="fguuid:jgd2011.bl">
<gml:patches>
<gml:PolygonPatch>
<gml:exterior>
<gml:Ring>
<gml:curveMember>
<gml:Curve gml:id="K28_4702512090_1-3">
<gml:segments>
<gml:LineStringSegment>
<gml:posList>
33.6 130.669994591
33.600036547 130.670017482
33.60003743 130.670014181
33.600040725 130.670001885
33.600071788 130.669866755
33.600073891 130.66985761
33.60014446 130.669568386
33.600077528 130.66953095
33.600007684 130.669814794
33.600003222 130.669832127
33.6 130.669844638
33.599967534 130.669970701
33.599966749 130.669973764
33.6 130.669994591
</gml:posList>
</gml:LineStringSegment>
</gml:segments>
</gml:Curve>
</gml:curveMember>
</gml:Ring>
</gml:exterior>
</gml:PolygonPatch>
</gml:patches>
</gml:Surface>
</area>
<type>せき</type>
</WStrA>
<WStrA gml:id="K28_4702512090_2">
<fid>20201207-47037-12090-s-8056</fid>
<lfSpanFr gml:id="K28_4702512090_2-1">
<gml:timePosition>2020-12-07</gml:timePosition>
</lfSpanFr>
<devDate gml:id="K28_4702512090_2-2">
<gml:timePosition>2020-12-07</gml:timePosition>
</devDate>
<orgGILvl>2500</orgGILvl>
<vis>表示</vis>
<area>
<gml:Surface gml:id="K28_4702512090_2-g" srsName="fguuid:jgd2011.bl">
<gml:patches>
<gml:PolygonPatch>
<gml:exterior>
<gml:Ring>
<gml:curveMember>
<gml:Curve gml:id="K28_4702512090_2-3">
<gml:segments>
<gml:LineStringSegment>
<gml:posList>
33.591666667 130.662621501
33.591734049 130.662563901
33.591871596 130.662446952
33.59187272 130.662446
33.591842895 130.662384111
33.591831956 130.662393226
33.591666667 130.662530902
33.591534952 130.662640612
33.591483781 130.662683228
33.591521739 130.662745387
33.591531527 130.66273702
33.591666667 130.662621501
</gml:posList>
</gml:LineStringSegment>
</gml:segments>
</gml:Curve>
</gml:curveMember>
</gml:Ring>
</gml:exterior>
</gml:PolygonPatch>
</gml:patches>
</gml:Surface>
</area>
<type>せき</type>
</WStrA>
<WStrA gml:id="K28_4702512090_3">
<fid>20201207-47037-12090-s-8055</fid>
<lfSpanFr gml:id="K28_4702512090_3-1">
<gml:timePosition>2020-12-07</gml:timePosition>
</lfSpanFr>
<devDate gml:id="K28_4702512090_3-2">
<gml:timePosition>2020-12-07</gml:timePosition>
</devDate>
<orgGILvl>2500</orgGILvl>
<vis>表示</vis>
<area>
<gml:Surface gml:id="K28_4702512090_3-g" srsName="fguuid:jgd2011.bl">
<gml:patches>
<gml:PolygonPatch>
<gml:exterior>
<gml:Ring>
<gml:curveMember>
<gml:Curve gml:id="K28_4702512090_3-3">
<gml:segments>
<gml:LineStringSegment>
<gml:posList>
33.589902931 130.659091598
33.589788114 130.65907952
33.589648928 130.659064887
33.589646866 130.659157711
33.589726246 130.659166137
33.589898534 130.659184421
33.589902931 130.659091598
</gml:posList>
</gml:LineStringSegment>
</gml:segments>
</gml:Curve>
</gml:curveMember>
</gml:Ring>
</gml:exterior>
</gml:PolygonPatch>
</gml:patches>
</gml:Surface>
</area>
<type>せき</type>
</WStrA>
<WStrA gml:id="K28_4702512090_4">
<fid>20201207-47043-12090-s-3930</fid>
<lfSpanFr gml:id="K28_4702512090_4-1">
<gml:timePosition>2020-12-07</gml:timePosition>
</lfSpanFr>
<devDate gml:id="K28_4702512090_4-2">
<gml:timePosition>2020-12-07</gml:timePosition>
</devDate>
<orgGILvl>2500</orgGILvl>
<vis>表示</vis>
<area>
<gml:Surface gml:id="K28_4702512090_4-g" srsName="fguuid:jgd2011.bl">
<gml:patches>
<gml:PolygonPatch>
<gml:exterior>
<gml:Ring>
<gml:curveMember>
<gml:Curve gml:id="K28_4702512090_4-3">
<gml:segments>
<gml:LineStringSegment>
<gml:posList>
33.585273711 130.681429465
33.58523185 130.681431019
33.58523226 130.681446736
33.585238747 130.681696866
33.585239137 130.681711753
33.585280998 130.68171021
33.585280638 130.681696411
33.585274062 130.681443059
33.585273711 130.681429465
</gml:posList>
</gml:LineStringSegment>
</gml:segments>
</gml:Curve>
</gml:curveMember>
</gml:Ring>
</gml:exterior>
</gml:PolygonPatch>
</gml:patches>
</gml:Surface>
</area>
<type>せき</type>
</WStrA>
<WStrA gml:id="K28_4702512090_5">
<fid>20201207-47040-12096-s-10546</fid>
<lfSpanFr gml:id="K28_4702512090_5-1">
<gml:timePosition>2020-12-07</gml:timePosition>
</lfSpanFr>
<devDate gml:id="K28_4702512090_5-2">
<gml:timePosition>2020-12-07</gml:timePosition>
</devDate>
<orgGILvl>2500</orgGILvl>
<vis>表示</vis>
<area>
<gml:Surface gml:id="K28_4702512090_5-g" srsName="fguuid:jgd2011.bl">
<gml:patches>
<gml:PolygonPatch>
<gml:exterior>
<gml:Ring>
<gml:curveMember>
<gml:Curve gml:id="K28_4702512090_5-3">
<gml:segments>
<gml:LineStringSegment>
<gml:posList>
33.60020537 130.669599563
33.600188077 130.669589759
33.60012577 130.669879857
33.600122724 130.66989393
33.600089466 130.670047828
33.600087764 130.670055711
33.600107736 130.67006892
33.600108804 130.670063658
33.600141298 130.669903837
33.600143086 130.669895037
33.60020537 130.669599563
</gml:posList>
</gml:LineStringSegment>
</gml:segments>
</gml:Curve>
</gml:curveMember>
</gml:Ring>
</gml:exterior>
</gml:PolygonPatch>
</gml:patches>
</gml:Surface>
</area>
<type>せき</type>
</WStrA>
<WStrA gml:id="K28_4702512090_6">
<fid>20201207-47040-12096-s-10545</fid>
<lfSpanFr gml:id="K28_4702512090_6-1">
<gml:timePosition>2020-12-07</gml:timePosition>
</lfSpanFr>
<devDate gml:id="K28_4702512090_6-2">
<gml:timePosition>2020-12-07</gml:timePosition>
</devDate>
<orgGILvl>2500</orgGILvl>
<vis>表示</vis>
<area>
<gml:Surface gml:id="K28_4702512090_6-g" srsName="fguuid:jgd2011.bl">
<gml:patches>
<gml:PolygonPatch>
<gml:exterior>
<gml:Ring>
<gml:curveMember>
<gml:Curve gml:id="K28_4702512090_6-3">
<gml:segments>
<gml:LineStringSegment>
<gml:posList>
33.600304638 130.669651228
33.600291853 130.669644995
33.600210997 130.670018628
33.60020807 130.670030157
33.600194516 130.670083481
33.600193177 130.670088744
33.60020815 130.670097394
33.600212514 130.670077195
33.600216433 130.670059067
33.600218589 130.670049103
33.600304638 130.669651228
</gml:posList>
</gml:LineStringSegment>
</gml:segments>
</gml:Curve>
</gml:curveMember>
</gml:Ring>
</gml:exterior>
</gml:PolygonPatch>
</gml:patches>
</gml:Surface>
</area>
<type>せき</type>
</WStrA>
<WStrA gml:id="K28_4702512090_7">
<fid>20201207-47052-12102-s-5783</fid>
<lfSpanFr gml:id="K28_4702512090_7-1">
<gml:timePosition>2020-12-07</gml:timePosition>
</lfSpanFr>
<devDate gml:id="K28_4702512090_7-2">
<gml:timePosition>2020-12-07</gml:timePosition>
</devDate>
<orgGILvl>2500</orgGILvl>
<vis>表示</vis>
<area>
<gml:Surface gml:id="K28_4702512090_7-g" srsName="fguuid:jgd2011.bl">
<gml:patches>
<gml:PolygonPatch>
<gml:exterior>
<gml:Ring>
<gml:curveMember>
<gml:Curve gml:id="K28_4702512090_7-3">
<gml:segments>
<gml:LineStringSegment>
<gml:posList>
33.624162416 130.703936051
33.624426318 130.704010004
33.624427453 130.703987183
33.624166442 130.703916399
33.624149709 130.703911861
33.624144514 130.703931034
33.624162416 130.703936051
</gml:posList>
</gml:LineStringSegment>
</gml:segments>
</gml:Curve>
</gml:curveMember>
</gml:Ring>
</gml:exterior>
</gml:PolygonPatch>
</gml:patches>
</gml:Surface>
</area>
<type>ダム</type>
</WStrA>
<WStrA gml:id="K28_4702512090_8">
<fid>20201207-47052-12102-s-5782</fid>
<lfSpanFr gml:id="K28_4702512090_8-1">
<gml:timePosition>2020-12-07</gml:timePosition>
</lfSpanFr>
<devDate gml:id="K28_4702512090_8-2">
<gml:timePosition>2020-12-07</gml:timePosition>
</devDate>
<orgGILvl>2500</orgGILvl>
<vis>表示</vis>
<area>
<gml:Surface gml:id="K28_4702512090_8-g" srsName="fguuid:jgd2011.bl">
<gml:patches>
<gml:PolygonPatch>
<gml:exterior>
<gml:Ring>
<gml:curveMember>
<gml:Curve gml:id="K28_4702512090_8-3">
<gml:segments>
<gml:LineStringSegment>
<gml:posList>
33.624229828 130.703652291
33.624220712 130.703649816
33.624214492 130.703672771
33.624224177 130.703675364
33.624445937 130.703734739
33.624449462 130.703711921
33.624229828 130.703652291
</gml:posList>
</gml:LineStringSegment>
</gml:segments>
</gml:Curve>
</gml:curveMember>
</gml:Ring>
</gml:exterior>
</gml:PolygonPatch>
</gml:patches>
</gml:Surface>
</area>
<type>ダム</type>
</WStrA>
<WStrA gml:id="K28_4702512090_9">
<fid>20201207-47043-12093-s-7270</fid>
<lfSpanFr gml:id="K28_4702512090_9-1">
<gml:timePosition>2020-12-07</gml:timePosition>
</lfSpanFr>
<devDate gml:id="K28_4702512090_9-2">
<gml:timePosition>2020-12-07</gml:timePosition>
</devDate>
<orgGILvl>2500</orgGILvl>
<vis>表示</vis>
<area>
<gml:Surface gml:id="K28_4702512090_9-g" srsName="fguuid:jgd2011.bl">
<gml:patches>
<gml:PolygonPatch>
<gml:exterior>
<gml:Ring>
<gml:curveMember>
<gml:Curve gml:id="K28_4702512090_9-3">
<gml:segments>
<gml:LineStringSegment>
<gml:posList>
33.598141531 130.676759035
33.598114875 130.676809916
33.598119769 130.67691255
33.598143598 130.676963447
33.598152275 130.676981969
33.598151837 130.676972909
33.598141979 130.676768343
33.598141531 130.676759035
</gml:posList>
</gml:LineStringSegment>
</gml:segments>
</gml:Curve>
</gml:curveMember>
</gml:Ring>
</gml:exterior>
</gml:PolygonPatch>
</gml:patches>
</gml:Surface>
</area>
<type>せき</type>
</WStrA>
<WStrA gml:id="K28_4702512090_10">
<fid>20201207-47052-12102-s-5781</fid>
<lfSpanFr gml:id="K28_4702512090_10-1">
<gml:timePosition>2020-12-07</gml:timePosition>
</lfSpanFr>
<devDate gml:id="K28_4702512090_10-2">
<gml:timePosition>2020-12-07</gml:timePosition>
</devDate>
<orgGILvl>2500</orgGILvl>
<vis>表示</vis>
<area>
<gml:Surface gml:id="K28_4702512090_10-g" srsName="fguuid:jgd2011.bl">
<gml:patches>
<gml:PolygonPatch>
<gml:exterior>
<gml:Ring>
<gml:curveMember>
<gml:Curve gml:id="K28_4702512090_10-3">
<gml:segments>
<gml:LineStringSegment>
<gml:posList>
33.624197782 130.703783125
33.624185513 130.703779722
33.624181131 130.703795895
33.624193786 130.703799443
33.624436111 130.703867387
33.624437268 130.703849556
33.624197782 130.703783125
</gml:posList>
</gml:LineStringSegment>
</gml:segments>
</gml:Curve>
</gml:curveMember>
</gml:Ring>
</gml:exterior>
</gml:PolygonPatch>
</gml:patches>
</gml:Surface>
</area>
<type>ダム</type>
</WStrA>
<WStrA gml:id="K28_4702512090_11">
<fid>20201207-47043-12093-s-7269</fid>
<lfSpanFr gml:id="K28_4702512090_11-1">
<gml:timePosition>2020-12-07</gml:timePosition>
</lfSpanFr>
<devDate gml:id="K28_4702512090_11-2">
<gml:timePosition>2020-12-07</gml:timePosition>
</devDate>
<orgGILvl>2500</orgGILvl>
<vis>表示</vis>
<area>
<gml:Surface gml:id="K28_4702512090_11-g" srsName="fguuid:jgd2011.bl">
<gml:patches>
<gml:PolygonPatch>
<gml:exterior>
<gml:Ring>
<gml:curveMember>
<gml:Curve gml:id="K28_4702512090_11-3">
<gml:segments>
<gml:LineStringSegment>
<gml:posList>
33.593369575 130.675534985
33.593227 130.675458429
33.593222158 130.675472271
33.593362931 130.675548973
33.593369575 130.675534985
</gml:posList>
</gml:LineStringSegment>
</gml:segments>
</gml:Curve>
</gml:curveMember>
</gml:Ring>
</gml:exterior>
</gml:PolygonPatch>
</gml:patches>
</gml:Surface>
</area>
<type>せき</type>
</WStrA>
<WStrA gml:id="K28_4702512090_12">
<fid>20201207-47040-12093-s-6191</fid>
<lfSpanFr gml:id="K28_4702512090_12-1">
<gml:timePosition>2020-12-07</gml:timePosition>
</lfSpanFr>
<devDate gml:id="K28_4702512090_12-2">
<gml:timePosition>2020-12-07</gml:timePosition>
</devDate>
<orgGILvl>2500</orgGILvl>
<vis>表示</vis>
<area>
<gml:Surface gml:id="K28_4702512090_12-g" srsName="fguuid:jgd2011.bl">
<gml:patches>
<gml:PolygonPatch>
<gml:exterior>
<gml:Ring>
<gml:curveMember>
<gml:Curve gml:id="K28_4702512090_12-3">
<gml:segments>
<gml:LineStringSegment>
<gml:posList>
33.599881706 130.669914275
33.599873589 130.669937117
33.599887931 130.669946017
33.599890294 130.669939489
33.599906165 130.66995002
33.599904999 130.669958979
33.599922741 130.669968275
33.59993223 130.669949307
33.59991244 130.66993615
33.599909048 130.669942477
33.599898804 130.669935383
33.599900827 130.669926422
33.599881706 130.669914275
</gml:posList>
</gml:LineStringSegment>
</gml:segments>
</gml:Curve>
</gml:curveMember>
</gml:Ring>
</gml:exterior>
</gml:PolygonPatch>
</gml:patches>
</gml:Surface>
</area>
<type>水門</type>
</WStrA>
<WStrA gml:id="K28_4702512090_13">
<fid>20201207-47049-12090-s-5796</fid>
<lfSpanFr gml:id="K28_4702512090_13-1">
<gml:timePosition>2020-12-07</gml:timePosition>
</lfSpanFr>
<devDate gml:id="K28_4702512090_13-2">
<gml:timePosition>2020-12-07</gml:timePosition>
</devDate>
<orgGILvl>2500</orgGILvl>
<vis>表示</vis>
<area>
<gml:Surface gml:id="K28_4702512090_13-g" srsName="fguuid:jgd2011.bl">
<gml:patches>
<gml:PolygonPatch>
<gml:exterior>
<gml:Ring>
<gml:curveMember>
<gml:Curve gml:id="K28_4702512090_13-3">
<gml:segments>
<gml:LineStringSegment>
<gml:posList>
33.591462348 130.69238399
33.591447994 130.692373267
33.591436907 130.692392936
33.591443828 130.692398622
33.591421026 130.692457281
33.591418526 130.692456353
33.59141219 130.69246841
33.591426529 130.69247659
33.591432082 130.692461379
33.591432315 130.692460732
33.591428604 130.692458849
33.591448603 130.692400501
33.591452324 130.692403031
33.591460329 130.692387822
33.591462348 130.69238399
</gml:posList>
</gml:LineStringSegment>
</gml:segments>
</gml:Curve>
</gml:curveMember>
</gml:Ring>
</gml:exterior>
</gml:PolygonPatch>
</gml:patches>
</gml:Surface>
</area>
<type>水門</type>
</WStrA>
<WStrA gml:id="K28_4702512090_14">
<fid>20201207-47049-12090-s-5795</fid>
<lfSpanFr gml:id="K28_4702512090_14-1">
<gml:timePosition>2020-12-07</gml:timePosition>
</lfSpanFr>
<devDate gml:id="K28_4702512090_14-2">
<gml:timePosition>2020-12-07</gml:timePosition>
</devDate>
<orgGILvl>2500</orgGILvl>
<vis>表示</vis>
<area>
<gml:Surface gml:id="K28_4702512090_14-g" srsName="fguuid:jgd2011.bl">
<gml:patches>
<gml:PolygonPatch>
<gml:exterior>
<gml:Ring>
<gml:curveMember>
<gml:Curve gml:id="K28_4702512090_14-3">
<gml:segments>
<gml:LineStringSegment>
<gml:posList>
33.585302382 130.694750712
33.585290461 130.694765029
33.585292993 130.694768144
33.58530125 130.694778317
33.585306025 130.694773075
33.585318809 130.694786831
33.585315241 130.694791605
33.585325635 130.69480538
33.585337957 130.694792484
33.585326362 130.694778239
33.585322388 130.694783015
33.585309604 130.694768775
33.585313577 130.694763999
33.585304588 130.694753333
33.585302382 130.694750712
</gml:posList>
</gml:LineStringSegment>
</gml:segments>
</gml:Curve>
</gml:curveMember>
</gml:Ring>
</gml:exterior>
</gml:PolygonPatch>
</gml:patches>
</gml:Surface>
</area>
<type>水門</type>
</WStrA>
<WStrA gml:id="K28_4702512090_15">
<fid>20201207-47040-12093-s-6190</fid>
<lfSpanFr gml:id="K28_4702512090_15-1">
<gml:timePosition>2020-12-07</gml:timePosition>
</lfSpanFr>
<devDate gml:id="K28_4702512090_15-2">
<gml:timePosition>2020-12-07</gml:timePosition>
</devDate>
<orgGILvl>2500</orgGILvl>
<vis>表示</vis>
<area>
<gml:Surface gml:id="K28_4702512090_15-g" srsName="fguuid:jgd2011.bl">
<gml:patches>
<gml:PolygonPatch>
<gml:exterior>
<gml:Ring>
<gml:curveMember>
<gml:Curve gml:id="K28_4702512090_15-3">
<gml:segments>
<gml:LineStringSegment>
<gml:posList>
33.599677709 130.668978369
33.599668408 130.668997024
33.59968112 130.669006544
33.599684666 130.66900041
33.599702937 130.669011783
33.599699619 130.669018703
33.599714107 130.669027957
33.599721401 130.669010915
33.599707583 130.669002725
33.599704703 130.669008048
33.599686204 130.668995889
33.599690187 130.668988159
33.599677709 130.668978369
</gml:posList>
</gml:LineStringSegment>
</gml:segments>
</gml:Curve>
</gml:curveMember>
</gml:Ring>
</gml:exterior>
</gml:PolygonPatch>
</gml:patches>
</gml:Surface>
</area>
<type>水門</type>
</WStrA>
<WStrA gml:id="K28_4702512090_16">
<fid>20201207-47040-12090-s-7715</fid>
<lfSpanFr gml:id="K28_4702512090_16-1">
<gml:timePosition>2020-12-07</gml:timePosition>
</lfSpanFr>
<devDate gml:id="K28_4702512090_16-2">
<gml:timePosition>2020-12-07</gml:timePosition>
</devDate>
<orgGILvl>2500</orgGILvl>
<vis>表示</vis>
<area>
<gml:Surface gml:id="K28_4702512090_16-g" srsName="fguuid:jgd2011.bl">
<gml:patches>
<gml:PolygonPatch>
<gml:exterior>
<gml:Ring>
<gml:curveMember>
<gml:Curve gml:id="K28_4702512090_16-3">
<gml:segments>
<gml:LineStringSegment>
<gml:posList>
33.586245701 130.673931375
33.586222545 130.673941362
33.586224525 130.673949984
33.586234268 130.673945186
33.586235124 130.673948232
33.586245827 130.673986103
33.586246646 130.673989019
33.586235549 130.673993133
33.586237609 130.674001658
33.586263814 130.673992327
33.586261837 130.673984631
33.586251521 130.673987611
33.586250965 130.673985416
33.586240569 130.673944494
33.58624025 130.673943224
33.586247725 130.673939609
33.586245701 130.673931375
</gml:posList>
</gml:LineStringSegment>
</gml:segments>
</gml:Curve>
</gml:curveMember>
</gml:Ring>
</gml:exterior>
</gml:PolygonPatch>
</gml:patches>
</gml:Surface>
</area>
<type>水門</type>
</WStrA>
<WStrA gml:id="K28_4702512090_17">
<fid>20201207-47043-12090-s-3932</fid>
<lfSpanFr gml:id="K28_4702512090_17-1">
<gml:timePosition>2020-12-07</gml:timePosition>
</lfSpanFr>
<devDate gml:id="K28_4702512090_17-2">
<gml:timePosition>2020-12-07</gml:timePosition>
</devDate>
<orgGILvl>2500</orgGILvl>
<vis>表示</vis>
<area>
<gml:Surface gml:id="K28_4702512090_17-g" srsName="fguuid:jgd2011.bl">
<gml:patches>
<gml:PolygonPatch>
<gml:exterior>
<gml:Ring>
<gml:curveMember>
<gml:Curve gml:id="K28_4702512090_17-3">
<gml:segments>
<gml:LineStringSegment>
<gml:posList>
33.584634802 130.6818608
33.584621092 130.681862617
33.584621283 130.681870297
33.584607424 130.681870327
33.584607402 130.68186522
33.584594473 130.681865537
33.584594922 130.681885929
33.584607931 130.681885202
33.584607696 130.68187805
33.58462201 130.681876231
33.584622722 130.68188294
33.584635674 130.681881158
33.584634802 130.6818608
</gml:posList>
</gml:LineStringSegment>
</gml:segments>
</gml:Curve>
</gml:curveMember>
</gml:Ring>
</gml:exterior>
</gml:PolygonPatch>
</gml:patches>
</gml:Surface>
</area>
<type>水門</type>
</WStrA>
<WStrA gml:id="K28_4702512090_18">
<fid>20201207-47040-12093-s-6188</fid>
<lfSpanFr gml:id="K28_4702512090_18-1">
<gml:timePosition>2020-12-07</gml:timePosition>
</lfSpanFr>
<devDate gml:id="K28_4702512090_18-2">
<gml:timePosition>2020-12-07</gml:timePosition>
</devDate>
<orgGILvl>2500</orgGILvl>
<vis>表示</vis>
<area>
<gml:Surface gml:id="K28_4702512090_18-g" srsName="fguuid:jgd2011.bl">
<gml:patches>
<gml:PolygonPatch>
<gml:exterior>
<gml:Ring>
<gml:curveMember>
<gml:Curve gml:id="K28_4702512090_18-3">
<gml:segments>
<gml:LineStringSegment>
<gml:posList>
33.596777834 130.666744568
33.596770641 130.666755489
33.596782169 130.666764065
33.596783507 130.66676184
33.596806464 130.666778711
33.596804512 130.66678389
33.596815328 130.66679249
33.596822617 130.666780265
33.596811782 130.666771525
33.59681068 130.666773975
33.596808682 130.666772259
33.596786684 130.666756591
33.596787883 130.666753171
33.596777834 130.666744568
</gml:posList>
</gml:LineStringSegment>
</gml:segments>
</gml:Curve>
</gml:curveMember>
</gml:Ring>
</gml:exterior>
</gml:PolygonPatch>
</gml:patches>
</gml:Surface>
</area>
<type>水門</type>
</WStrA>
<WStrA gml:id="K28_4702512090_19">
<fid>20201207-47043-12093-s-7273</fid>
<lfSpanFr gml:id="K28_4702512090_19-1">
<gml:timePosition>2020-12-07</gml:timePosition>
</lfSpanFr>
<devDate gml:id="K28_4702512090_19-2">
<gml:timePosition>2020-12-07</gml:timePosition>
</devDate>
<orgGILvl>2500</orgGILvl>
<vis>表示</vis>
<area>
<gml:Surface gml:id="K28_4702512090_19-g" srsName="fguuid:jgd2011.bl">
<gml:patches>
<gml:PolygonPatch>
<gml:exterior>
<gml:Ring>
<gml:curveMember>
<gml:Curve gml:id="K28_4702512090_19-3">
<gml:segments>
<gml:LineStringSegment>
<gml:posList>
33.5972183 130.675104239
33.597206803 130.675107547
33.597206264 130.675108206
33.597202434 130.675108877
33.597202995 130.67511673
33.597193366 130.675120257
33.597184943 130.675123349
33.597183293 130.675120079
33.597171811 130.675125359
33.597175126 130.675137781
33.597188801 130.67513315
33.597188244 130.675127258
33.597194505 130.675124811
33.597205197 130.675120655
33.597207948 130.675124566
33.597219984 130.675120588
33.5972183 130.675104239
</gml:posList>
</gml:LineStringSegment>
</gml:segments>
</gml:Curve>
</gml:curveMember>
</gml:Ring>
</gml:exterior>
</gml:PolygonPatch>
</gml:patches>
</gml:Surface>
</area>
<type>水門</type>
</WStrA>
<WStrA gml:id="K28_4702512090_20">
<fid>20201207-47040-12093-s-6189</fid>
<lfSpanFr gml:id="K28_4702512090_20-1">
<gml:timePosition>2020-12-07</gml:timePosition>
</lfSpanFr>
<devDate gml:id="K28_4702512090_20-2">
<gml:timePosition>2020-12-07</gml:timePosition>
</devDate>
<orgGILvl>2500</orgGILvl>
<vis>表示</vis>
<area>
<gml:Surface gml:id="K28_4702512090_20-g" srsName="fguuid:jgd2011.bl">
<gml:patches>
<gml:PolygonPatch>
<gml:exterior>
<gml:Ring>
<gml:curveMember>
<gml:Curve gml:id="K28_4702512090_20-3">
<gml:segments>
<gml:LineStringSegment>
<gml:posList>
33.596687712 130.666975934
33.596684644 130.666988294
33.596695336 130.66699114
33.596696703 130.66698661
33.596727731 130.66699719
33.596726717 130.667002128
33.596742226 130.667005775
33.596744615 130.666995476
33.596730817 130.666991004
33.596729445 130.666993886
33.596698418 130.666983716
33.596698753 130.666980837
33.596687712 130.666975934
</gml:posList>
</gml:LineStringSegment>
</gml:segments>
</gml:Curve>
</gml:curveMember>
</gml:Ring>
</gml:exterior>
</gml:PolygonPatch>
</gml:patches>
</gml:Surface>
</area>
<type>水門</type>
</WStrA>
<WStrA gml:id="K28_4702512090_21">
<fid>20201207-47043-12093-s-7271</fid>
<lfSpanFr gml:id="K28_4702512090_21-1">
<gml:timePosition>2020-12-07</gml:timePosition>
</lfSpanFr>
<devDate gml:id="K28_4702512090_21-2">
<gml:timePosition>2020-12-07</gml:timePosition>
</devDate>
<orgGILvl>2500</orgGILvl>
<vis>表示</vis>
<area>
<gml:Surface gml:id="K28_4702512090_21-g" srsName="fguuid:jgd2011.bl">
<gml:patches>
<gml:PolygonPatch>
<gml:exterior>
<gml:Ring>
<gml:curveMember>
<gml:Curve gml:id="K28_4702512090_21-3">
<gml:segments>
<gml:LineStringSegment>
<gml:posList>
33.593455915 130.675419593
33.593446707 130.675412096
33.593438867 130.675424042
33.593443085 130.675430297
33.593435512 130.675447898
33.59343262 130.675445398
33.593426618 130.675457025
33.593435293 130.6754642
33.593441824 130.675451322
33.593439192 130.675448196
33.593446758 130.675431543
33.593449384 130.675432471
33.593455915 130.675419593
</gml:posList>
</gml:LineStringSegment>
</gml:segments>
</gml:Curve>
</gml:curveMember>
</gml:Ring>
</gml:exterior>
</gml:PolygonPatch>
</gml:patches>
</gml:Surface>
</area>
<type>水門</type>
</WStrA>
<WStrA gml:id="K28_4702512090_22">
<fid>20201207-47043-12093-s-7272</fid>
<lfSpanFr gml:id="K28_4702512090_22-1">
<gml:timePosition>2020-12-07</gml:timePosition>
</lfSpanFr>
<devDate gml:id="K28_4702512090_22-2">
<gml:timePosition>2020-12-07</gml:timePosition>
</devDate>
<orgGILvl>2500</orgGILvl>
<vis>表示</vis>
<area>
<gml:Surface gml:id="K28_4702512090_22-g" srsName="fguuid:jgd2011.bl">
<gml:patches>
<gml:PolygonPatch>
<gml:exterior>
<gml:Ring>
<gml:curveMember>
<gml:Curve gml:id="K28_4702512090_22-3">
<gml:segments>
<gml:LineStringSegment>
<gml:posList>
33.593385596 130.675565136
33.593377899 130.675559519
33.593370856 130.675572949
33.59337381 130.67557506
33.59336618 130.675591315
33.593362634 130.675590628
33.593357346 130.675602639
33.593365631 130.675608965
33.593373271 130.675596234
33.593370912 130.67559412
33.593376766 130.675577872
33.593379724 130.675577861
33.593385596 130.675565136
</gml:posList>
</gml:LineStringSegment>
</gml:segments>
</gml:Curve>
</gml:curveMember>
</gml:Ring>
</gml:exterior>
</gml:PolygonPatch>
</gml:patches>
</gml:Surface>
</area>
<type>水門</type>
</WStrA>
<WStrA gml:id="K28_4702512090_23">
<fid>20201207-47043-12090-s-3931</fid>
<lfSpanFr gml:id="K28_4702512090_23-1">
<gml:timePosition>2020-12-07</gml:timePosition>
</lfSpanFr>
<devDate gml:id="K28_4702512090_23-2">
<gml:timePosition>2020-12-07</gml:timePosition>
</devDate>
<orgGILvl>2500</orgGILvl>
<vis>表示</vis>
<area>
<gml:Surface gml:id="K28_4702512090_23-g" srsName="fguuid:jgd2011.bl">
<gml:patches>
<gml:PolygonPatch>
<gml:exterior>
<gml:Ring>
<gml:curveMember>
<gml:Curve gml:id="K28_4702512090_23-3">
<gml:segments>
<gml:LineStringSegment>
<gml:posList>
33.584883045 130.679030149
33.584871362 130.679034362
33.584871951 130.679039046
33.584858862 130.679043942
33.584857424 130.67903883
33.584846871 130.679044256
33.584849471 130.679056172
33.584861434 130.6790517
33.58486 130.679047956
33.584873102 130.679041433
33.58487368 130.67904518
33.584885652 130.679041042
33.584883045 130.679030149
</gml:posList>
</gml:LineStringSegment>
</gml:segments>
</gml:Curve>
</gml:curveMember>
</gml:Ring>
</gml:exterior>
</gml:PolygonPatch>
</gml:patches>
</gml:Surface>
</area>
<type>水門</type>
</WStrA>
<WStrA gml:id="K28_4702512090_24">
<fid>20201207-47043-12090-s-3933</fid>
<lfSpanFr gml:id="K28_4702512090_24-1">
<gml:timePosition>2020-12-07</gml:timePosition>
</lfSpanFr>
<devDate gml:id="K28_4702512090_24-2">
<gml:timePosition>2020-12-07</gml:timePosition>
</devDate>
<orgGILvl>2500</orgGILvl>
<vis>表示</vis>
<area>
<gml:Surface gml:id="K28_4702512090_24-g" srsName="fguuid:jgd2011.bl">
<gml:patches>
<gml:PolygonPatch>
<gml:exterior>
<gml:Ring>
<gml:curveMember>
<gml:Curve gml:id="K28_4702512090_24-3">
<gml:segments>
<gml:LineStringSegment>
<gml:posList>
33.586394777 130.681630211
33.586388224 130.681634297
33.586389632 130.681638364
33.586371462 130.681648536
33.586369396 130.681644655
33.586360547 130.681650181
33.586365732 130.681660688
33.586374473 130.681655151
33.586372914 130.681652054
33.586391044 130.681640567
33.58639321 130.681644804
33.586399402 130.681640537
33.586394777 130.681630211
</gml:posList>
</gml:LineStringSegment>
</gml:segments>
</gml:Curve>
</gml:curveMember>
</gml:Ring>
</gml:exterior>
</gml:PolygonPatch>
</gml:patches>
</gml:Surface>
</area>
<type>水門</type>
</WStrA>
</Dataset>
