<?xml version="1.0" encoding="utf-8"?>
<Dataset xsi:schemaLocation="http://fgd.gsi.go.jp/spec/2008/FGD_GMLSchema FGD_GMLSchema.xsd"
	xmlns:gml="http://www.opengis.net/gml/3.2"
	xmlns:xsi="http://www.w3.org/2001/XMLSchema-instance"
	xmlns:xlink="http://www.w3.org/1999/xlink"
	xmlns="http://fgd.gsi.go.jp/spec/2008/FGD_GMLSchema"
	gml:id="Dataset1">
  <gml:description>基盤地図情報メタデータ ID=fmdid:21-0101</gml:description>
  <gml:name>基盤地図情報ダウンロードデータ（GML版）</gml:name>
<GCP gml:id="K1_503035_1">
<fid>10-00100-0-2011-15320</fid>
<lfSpanFr gml:id="K1_503035_1-1">
<gml:timePosition>2020-11-11</gml:timePosition>
</lfSpanFr>
<devDate gml:id="K1_503035_1-2">
<gml:timePosition>2020-12-07</gml:timePosition>
</devDate>
<orgGILvl>SJ12</orgGILvl>
<vis>表示</vis>
<pos>
<gml:Point gml:id="K1_503035_1-g" srsName="fguuid:jgd2011.bl">
<gml:pos>33.650405417 130.683372417</gml:pos>
</gml:Point>
</pos>
<orgName>国土地理院</orgName>
<type>水準点</type>
<gcpClass>二等水準点</gcpClass>
<gcpCode>L02000200-028</gcpCode>
<name>２００－０２８</name>
<B>121141.4595</B>
<L>470460.1407</L>
<alti>16.94</alti>
<altiAcc>3</altiAcc>
</GCP>
<GCP gml:id="K1_503035_2">
<fid>10-00100-0-2011-15321</fid>
<lfSpanFr gml:id="K1_503035_2-1">
<gml:timePosition>2020-11-11</gml:timePosition>
</lfSpanFr>
<devDate gml:id="K1_503035_2-2">
<gml:timePosition>2020-12-07</gml:timePosition>
</devDate>
<orgGILvl>SJ12</orgGILvl>
<vis>表示</vis>
<pos>
<gml:Point gml:id="K1_503035_2-g" srsName="fguuid:jgd2011.bl">
<gml:pos>33.641029917 130.685679472</gml:pos>
</gml:Point>
</pos>
<orgName>国土地理院</orgName>
<type>水準点</type>
<gcpClass>二等水準点</gcpClass>
<gcpCode>L02000200-029</gcpCode>
<name>２００－０２９</name>
<B>121107.7077</B>
<L>470468.4461</L>
<alti>16.758</alti>
<altiAcc>3</altiAcc>
</GCP>
<GCP gml:id="K1_503035_3">
<fid>10-00100-0-2011-15322</fid>
<lfSpanFr gml:id="K1_503035_3-1">
<gml:timePosition>2020-11-11</gml:timePosition>
</lfSpanFr>
<devDate gml:id="K1_503035_3-2">
<gml:timePosition>2020-12-07</gml:timePosition>
</devDate>
<orgGILvl>SJ12</orgGILvl>
<vis>表示</vis>
<pos>
<gml:Point gml:id="K1_503035_3-g" srsName="fguuid:jgd2011.bl">
<gml:pos>33.632246750 130.687031472</gml:pos>
</gml:Point>
</pos>
<orgName>国土地理院</orgName>
<type>水準点</type>
<gcpClass>二等水準点</gcpClass>
<gcpCode>L02000200-030</gcpCode>
<name>２００－０３０</name>
<B>121076.0883</B>
<L>470473.3133</L>
<alti>16.112</alti>
<altiAcc>3</altiAcc>
</GCP>
<GCP gml:id="K1_503035_4">
<fid>10-00100-0-2011-15323</fid>
<lfSpanFr gml:id="K1_503035_4-1">
<gml:timePosition>2020-11-11</gml:timePosition>
</lfSpanFr>
<devDate gml:id="K1_503035_4-2">
<gml:timePosition>2020-12-07</gml:timePosition>
</devDate>
<orgGILvl>SJ12</orgGILvl>
<vis>表示</vis>
<pos>
<gml:Point gml:id="K1_503035_4-g" srsName="fguuid:jgd2011.bl">
<gml:pos>33.624041583 130.685565139</gml:pos>
</gml:Point>
</pos>
<orgName>国土地理院</orgName>
<type>水準点</type>
<gcpClass>二等水準点</gcpClass>
<gcpCode>L02000200-031</gcpCode>
<name>２００－０３１</name>
<B>121046.5497</B>
<L>470468.0345</L>
<alti>17.466</alti>
<altiAcc>3</altiAcc>
</GCP>
<GCP gml:id="K1_503035_5">
<fid>10-00100-0-2011-15324</fid>
<lfSpanFr gml:id="K1_503035_5-1">
<gml:timePosition>2020-11-11</gml:timePosition>
</lfSpanFr>
<devDate gml:id="K1_503035_5-2">
<gml:timePosition>2020-12-07</gml:timePosition>
</devDate>
<orgGILvl>SJ12</orgGILvl>
<vis>表示</vis>
<pos>
<gml:Point gml:id="K1_503035_5-g" srsName="fguuid:jgd2011.bl">
<gml:pos>33.615908556 130.680735889</gml:pos>
</gml:Point>
</pos>
<orgName>国土地理院</orgName>
<type>水準点</type>
<gcpClass>二等水準点</gcpClass>
<gcpCode>L02000200-032</gcpCode>
<name>２００－０３２</name>
<B>121017.2708</B>
<L>470450.6492</L>
<alti>20.377</alti>
<altiAcc>3</altiAcc>
</GCP>
<GCP gml:id="K1_503035_6">
<fid>10-00100-0-2011-15325</fid>
<lfSpanFr gml:id="K1_503035_6-1">
<gml:timePosition>2020-11-11</gml:timePosition>
</lfSpanFr>
<devDate gml:id="K1_503035_6-2">
<gml:timePosition>2020-12-07</gml:timePosition>
</devDate>
<orgGILvl>SJ12</orgGILvl>
<vis>表示</vis>
<pos>
<gml:Point gml:id="K1_503035_6-g" srsName="fguuid:jgd2011.bl">
<gml:pos>33.606501194 130.677508556</gml:pos>
</gml:Point>
</pos>
<orgName>国土地理院</orgName>
<type>水準点</type>
<gcpClass>二等水準点</gcpClass>
<gcpCode>L02000200-033</gcpCode>
<name>２００－０３３</name>
<B>120983.4043</B>
<L>470439.0308</L>
<alti>21.944</alti>
<altiAcc>3</altiAcc>
</GCP>
<GCP gml:id="K1_503035_7">
<fid>10-00100-0-2011-15326</fid>
<lfSpanFr gml:id="K1_503035_7-1">
<gml:timePosition>2020-11-11</gml:timePosition>
</lfSpanFr>
<devDate gml:id="K1_503035_7-2">
<gml:timePosition>2020-12-07</gml:timePosition>
</devDate>
<orgGILvl>SJ12</orgGILvl>
<vis>表示</vis>
<pos>
<gml:Point gml:id="K1_503035_7-g" srsName="fguuid:jgd2011.bl">
<gml:pos>33.598299861 130.674090389</gml:pos>
</gml:Point>
</pos>
<orgName>国土地理院</orgName>
<type>水準点</type>
<gcpClass>二等水準点</gcpClass>
<gcpCode>L02000200-034</gcpCode>
<name>２００－０３４</name>
<B>120953.8795</B>
<L>470426.7254</L>
<alti>25.565</alti>
<altiAcc>3</altiAcc>
</GCP>
<GCP gml:id="K1_503035_8">
<fid>10-00100-0-2011-15334</fid>
<lfSpanFr gml:id="K1_503035_8-1">
<gml:timePosition>2020-11-11</gml:timePosition>
</lfSpanFr>
<devDate gml:id="K1_503035_8-2">
<gml:timePosition>2020-12-07</gml:timePosition>
</devDate>
<orgGILvl>SJ12</orgGILvl>
<vis>表示</vis>
<pos>
<gml:Point gml:id="K1_503035_8-g" srsName="fguuid:jgd2011.bl">
<gml:pos>33.651215444 130.653630500</gml:pos>
</gml:Point>
</pos>
<orgName>国土地理院</orgName>
<type>水準点</type>
<gcpClass>二等水準点</gcpClass>
<gcpCode>L02000201-108</gcpCode>
<name>２０１－１０８</name>
<B>121144.3756</B>
<L>470353.0698</L>
<alti>28.979</alti>
<altiAcc>3</altiAcc>
</GCP>
<GCP gml:id="K1_503035_9">
<fid>10-00100-0-2011-15335</fid>
<lfSpanFr gml:id="K1_503035_9-1">
<gml:timePosition>2020-11-11</gml:timePosition>
</lfSpanFr>
<devDate gml:id="K1_503035_9-2">
<gml:timePosition>2020-12-07</gml:timePosition>
</devDate>
<orgGILvl>SJ12</orgGILvl>
<vis>表示</vis>
<pos>
<gml:Point gml:id="K1_503035_9-g" srsName="fguuid:jgd2011.bl">
<gml:pos>33.652663111 130.663432917</gml:pos>
</gml:Point>
</pos>
<orgName>国土地理院</orgName>
<type>水準点</type>
<gcpClass>二等水準点</gcpClass>
<gcpCode>L02000201-109</gcpCode>
<name>２０１－１０９</name>
<B>121149.5872</B>
<L>470388.3585</L>
<alti>20.931</alti>
<altiAcc>3</altiAcc>
</GCP>
<GCP gml:id="K1_503035_10">
<fid>10-00100-0-2011-21981</fid>
<lfSpanFr gml:id="K1_503035_10-1">
<gml:timePosition>2020-11-11</gml:timePosition>
</lfSpanFr>
<devDate gml:id="K1_503035_10-2">
<gml:timePosition>2020-12-07</gml:timePosition>
</devDate>
<orgGILvl>KJ12</orgGILvl>
<vis>表示</vis>
<pos>
<gml:Point gml:id="K1_503035_10-g" srsName="fguuid:jgd2011.bl">
<gml:pos>33.601373944 130.679513917</gml:pos>
</gml:Point>
</pos>
<orgName>国土地理院</orgName>
<type>三角点</type>
<gcpClass>二等三角点</gcpClass>
<gcpCode>TR25030352402</gcpCode>
<name>大将軍山</name>
<B>120964.9462</B>
<L>470446.2501</L>
<alti>112.39</alti>
<altiAcc>2</altiAcc>
</GCP>
<GCP gml:id="K1_503035_11">
<fid>10-00100-0-2011-30228</fid>
<lfSpanFr gml:id="K1_503035_11-1">
<gml:timePosition>2020-11-11</gml:timePosition>
</lfSpanFr>
<devDate gml:id="K1_503035_11-2">
<gml:timePosition>2020-12-07</gml:timePosition>
</devDate>
<orgGILvl>KJ13</orgGILvl>
<vis>表示</vis>
<pos>
<gml:Point gml:id="K1_503035_11-g" srsName="fguuid:jgd2011.bl">
<gml:pos>33.590784694 130.643198917</gml:pos>
</gml:Point>
</pos>
<orgName>国土地理院</orgName>
<type>三角点</type>
<gcpClass>三等三角点</gcpClass>
<gcpCode>TR35030350101</gcpCode>
<name>城山</name>
<B>120926.8249</B>
<L>470315.5161</L>
<alti>152.42</alti>
<altiAcc>2</altiAcc>
</GCP>
<GCP gml:id="K1_503035_12">
<fid>10-00100-0-2011-30229</fid>
<lfSpanFr gml:id="K1_503035_12-1">
<gml:timePosition>2020-11-11</gml:timePosition>
</lfSpanFr>
<devDate gml:id="K1_503035_12-2">
<gml:timePosition>2020-12-07</gml:timePosition>
</devDate>
<orgGILvl>KJ13</orgGILvl>
<vis>表示</vis>
<pos>
<gml:Point gml:id="K1_503035_12-g" srsName="fguuid:jgd2011.bl">
<gml:pos>33.591268056 130.704474667</gml:pos>
</gml:Point>
</pos>
<orgName>国土地理院</orgName>
<type>三角点</type>
<gcpClass>三等三角点</gcpClass>
<gcpCode>TR35030350601</gcpCode>
<name>堤田</name>
<B>120928.565</B>
<L>470536.1088</L>
<alti>79.83</alti>
<altiAcc>2</altiAcc>
</GCP>
<GCP gml:id="K1_503035_13">
<fid>10-00100-0-2011-30230</fid>
<lfSpanFr gml:id="K1_503035_13-1">
<gml:timePosition>2020-11-11</gml:timePosition>
</lfSpanFr>
<devDate gml:id="K1_503035_13-2">
<gml:timePosition>2020-12-07</gml:timePosition>
</devDate>
<orgGILvl>KJ13</orgGILvl>
<vis>表示</vis>
<pos>
<gml:Point gml:id="K1_503035_13-g" srsName="fguuid:jgd2011.bl">
<gml:pos>33.623314917 130.648768583</gml:pos>
</gml:Point>
</pos>
<orgName>国土地理院</orgName>
<type>三角点</type>
<gcpClass>三等三角点</gcpClass>
<gcpCode>TR35030354101</gcpCode>
<name>彼岸原</name>
<B>121043.9337</B>
<L>470335.5669</L>
<alti>72.79</alti>
<altiAcc>2</altiAcc>
</GCP>
<GCP gml:id="K1_503035_14">
<fid>10-00100-0-2011-30231</fid>
<lfSpanFr gml:id="K1_503035_14-1">
<gml:timePosition>2020-11-11</gml:timePosition>
</lfSpanFr>
<devDate gml:id="K1_503035_14-2">
<gml:timePosition>2020-12-07</gml:timePosition>
</devDate>
<orgGILvl>KJ13</orgGILvl>
<vis>表示</vis>
<pos>
<gml:Point gml:id="K1_503035_14-g" srsName="fguuid:jgd2011.bl">
<gml:pos>33.624778083 130.693640361</gml:pos>
</gml:Point>
</pos>
<orgName>国土地理院</orgName>
<type>三角点</type>
<gcpClass>三等三角点</gcpClass>
<gcpCode>TR35030354501</gcpCode>
<name>五穀神</name>
<B>121049.2011</B>
<L>470497.1053</L>
<alti>54.82</alti>
<altiAcc>2</altiAcc>
</GCP>
<GCP gml:id="K1_503035_15">
<fid>10-00100-0-2011-30232</fid>
<lfSpanFr gml:id="K1_503035_15-1">
<gml:timePosition>2020-11-11</gml:timePosition>
</lfSpanFr>
<devDate gml:id="K1_503035_15-2">
<gml:timePosition>2020-12-07</gml:timePosition>
</devDate>
<orgGILvl>KJ13</orgGILvl>
<vis>表示</vis>
<pos>
<gml:Point gml:id="K1_503035_15-g" srsName="fguuid:jgd2011.bl">
<gml:pos>33.632453500 130.715543361</gml:pos>
</gml:Point>
</pos>
<orgName>国土地理院</orgName>
<type>三角点</type>
<gcpClass>三等三角点</gcpClass>
<gcpCode>TR35030355701</gcpCode>
<name>岡ノ浦</name>
<B>121076.8326</B>
<L>470575.9561</L>
<alti>75.44</alti>
<altiAcc>2</altiAcc>
</GCP>
<GCP gml:id="K1_503035_16">
<fid>10-00100-0-2011-30233</fid>
<lfSpanFr gml:id="K1_503035_16-1">
<gml:timePosition>2020-11-11</gml:timePosition>
</lfSpanFr>
<devDate gml:id="K1_503035_16-2">
<gml:timePosition>2020-12-07</gml:timePosition>
</devDate>
<orgGILvl>KJ13</orgGILvl>
<vis>表示</vis>
<pos>
<gml:Point gml:id="K1_503035_16-g" srsName="fguuid:jgd2011.bl">
<gml:pos>33.643662389 130.680211972</gml:pos>
</gml:Point>
</pos>
<orgName>国土地理院</orgName>
<type>三角点</type>
<gcpClass>三等三角点</gcpClass>
<gcpCode>TR35030357401</gcpCode>
<name>長浦</name>
<B>121117.1846</B>
<L>470448.7631</L>
<alti>41.15</alti>
<altiAcc>2</altiAcc>
</GCP>
<GCP gml:id="K1_503035_17">
<fid>10-00100-0-2011-30234</fid>
<lfSpanFr gml:id="K1_503035_17-1">
<gml:timePosition>2020-11-11</gml:timePosition>
</lfSpanFr>
<devDate gml:id="K1_503035_17-2">
<gml:timePosition>2020-12-07</gml:timePosition>
</devDate>
<orgGILvl>KJ13</orgGILvl>
<vis>表示</vis>
<pos>
<gml:Point gml:id="K1_503035_17-g" srsName="fguuid:jgd2011.bl">
<gml:pos>33.642131722 130.749835806</gml:pos>
</gml:Point>
</pos>
<orgName>国土地理院</orgName>
<type>三角点</type>
<gcpClass>三等三角点</gcpClass>
<gcpCode>TR35030357901</gcpCode>
<name>六ケ巣</name>
<B>121111.6742</B>
<L>470699.4089</L>
<alti>295.78</alti>
<altiAcc>2</altiAcc>
</GCP>
<GCP gml:id="K1_503035_18">
<fid>10-00100-0-2011-30235</fid>
<lfSpanFr gml:id="K1_503035_18-1">
<gml:timePosition>2020-11-11</gml:timePosition>
</lfSpanFr>
<devDate gml:id="K1_503035_18-2">
<gml:timePosition>2020-12-07</gml:timePosition>
</devDate>
<orgGILvl>KJ13</orgGILvl>
<vis>表示</vis>
<pos>
<gml:Point gml:id="K1_503035_18-g" srsName="fguuid:jgd2011.bl">
<gml:pos>33.653880222 130.641918917</gml:pos>
</gml:Point>
</pos>
<orgName>国土地理院</orgName>
<type>三角点</type>
<gcpClass>三等三角点</gcpClass>
<gcpCode>TR35030358101</gcpCode>
<name>尾辻</name>
<B>121153.9688</B>
<L>470310.9081</L>
<alti>70.61</alti>
<altiAcc>2</altiAcc>
</GCP>
<GCP gml:id="K1_503035_19">
<fid>10-00100-0-2011-30236</fid>
<lfSpanFr gml:id="K1_503035_19-1">
<gml:timePosition>2020-11-11</gml:timePosition>
</lfSpanFr>
<devDate gml:id="K1_503035_19-2">
<gml:timePosition>2020-12-07</gml:timePosition>
</devDate>
<orgGILvl>KJ13</orgGILvl>
<vis>表示</vis>
<pos>
<gml:Point gml:id="K1_503035_19-g" srsName="fguuid:jgd2011.bl">
<gml:pos>33.661867556 130.673699000</gml:pos>
</gml:Point>
</pos>
<orgName>国土地理院</orgName>
<type>三角点</type>
<gcpClass>三等三角点</gcpClass>
<gcpCode>TR35030359301</gcpCode>
<name>高雄</name>
<B>121182.7232</B>
<L>470425.3164</L>
<alti>124.24</alti>
<altiAcc>2</altiAcc>
</GCP>
<GCP gml:id="K1_503035_20">
<fid>10-00100-0-2011-69943</fid>
<lfSpanFr gml:id="K1_503035_20-1">
<gml:timePosition>2020-11-11</gml:timePosition>
</lfSpanFr>
<devDate gml:id="K1_503035_20-2">
<gml:timePosition>2020-12-07</gml:timePosition>
</devDate>
<orgGILvl>KJ14</orgGILvl>
<vis>表示</vis>
<pos>
<gml:Point gml:id="K1_503035_20-g" srsName="fguuid:jgd2011.bl">
<gml:pos>33.586303333 130.686286722</gml:pos>
</gml:Point>
</pos>
<orgName>国土地理院</orgName>
<type>三角点</type>
<gcpClass>四等三角点</gcpClass>
<gcpCode>TR45030350401</gcpCode>
<name>坪内</name>
<B>120910.692</B>
<L>470470.6322</L>
<alti>50.33</alti>
<altiAcc>2</altiAcc>
</GCP>
<GCP gml:id="K1_503035_21">
<fid>10-00100-0-2011-69944</fid>
<lfSpanFr gml:id="K1_503035_21-1">
<gml:timePosition>2020-11-11</gml:timePosition>
</lfSpanFr>
<devDate gml:id="K1_503035_21-2">
<gml:timePosition>2020-12-07</gml:timePosition>
</devDate>
<orgGILvl>KJ14</orgGILvl>
<vis>表示</vis>
<pos>
<gml:Point gml:id="K1_503035_21-g" srsName="fguuid:jgd2011.bl">
<gml:pos>33.596273417 130.628325694</gml:pos>
</gml:Point>
</pos>
<orgName>国土地理院</orgName>
<type>三角点</type>
<gcpClass>四等三角点</gcpClass>
<gcpCode>TR45030351001</gcpCode>
<name>高田</name>
<B>120946.5843</B>
<L>470261.9725</L>
<alti>125.25</alti>
<altiAcc>2</altiAcc>
</GCP>
<GCP gml:id="K1_503035_22">
<fid>10-00100-0-2011-69945</fid>
<lfSpanFr gml:id="K1_503035_22-1">
<gml:timePosition>2020-11-11</gml:timePosition>
</lfSpanFr>
<devDate gml:id="K1_503035_22-2">
<gml:timePosition>2020-12-07</gml:timePosition>
</devDate>
<orgGILvl>KJ14</orgGILvl>
<vis>表示</vis>
<pos>
<gml:Point gml:id="K1_503035_22-g" srsName="fguuid:jgd2011.bl">
<gml:pos>33.594247583 130.671952444</gml:pos>
</gml:Point>
</pos>
<orgName>国土地理院</orgName>
<type>三角点</type>
<gcpClass>四等三角点</gcpClass>
<gcpCode>TR45030351301</gcpCode>
<name>寿命</name>
<B>120939.2913</B>
<L>470419.0288</L>
<alti>88.06</alti>
<altiAcc>2</altiAcc>
</GCP>
<GCP gml:id="K1_503035_23">
<fid>10-00100-0-2011-69946</fid>
<lfSpanFr gml:id="K1_503035_23-1">
<gml:timePosition>2020-11-11</gml:timePosition>
</lfSpanFr>
<devDate gml:id="K1_503035_23-2">
<gml:timePosition>2020-12-07</gml:timePosition>
</devDate>
<orgGILvl>KJ14</orgGILvl>
<vis>表示</vis>
<pos>
<gml:Point gml:id="K1_503035_23-g" srsName="fguuid:jgd2011.bl">
<gml:pos>33.597841250 130.717803167</gml:pos>
</gml:Point>
</pos>
<orgName>国土地理院</orgName>
<type>三角点</type>
<gcpClass>四等三角点</gcpClass>
<gcpCode>TR45030351701</gcpCode>
<name>稲築病院</name>
<B>120952.2285</B>
<L>470584.0914</L>
<alti>37.89</alti>
<altiAcc>2</altiAcc>
</GCP>
<GCP gml:id="K1_503035_24">
<fid>10-00100-0-2011-69947</fid>
<lfSpanFr gml:id="K1_503035_24-1">
<gml:timePosition>2020-11-11</gml:timePosition>
</lfSpanFr>
<devDate gml:id="K1_503035_24-2">
<gml:timePosition>2020-12-07</gml:timePosition>
</devDate>
<orgGILvl>KJ14</orgGILvl>
<vis>表示</vis>
<pos>
<gml:Point gml:id="K1_503035_24-g" srsName="fguuid:jgd2011.bl">
<gml:pos>33.595034583 130.728594500</gml:pos>
</gml:Point>
</pos>
<orgName>国土地理院</orgName>
<type>三角点</type>
<gcpClass>四等三角点</gcpClass>
<gcpCode>TR45030351801</gcpCode>
<name>樋口</name>
<B>120942.1245</B>
<L>470622.9402</L>
<alti>30.89</alti>
<altiAcc>2</altiAcc>
</GCP>
<GCP gml:id="K1_503035_25">
<fid>10-00100-0-2011-69948</fid>
<lfSpanFr gml:id="K1_503035_25-1">
<gml:timePosition>2020-11-11</gml:timePosition>
</lfSpanFr>
<devDate gml:id="K1_503035_25-2">
<gml:timePosition>2020-12-07</gml:timePosition>
</devDate>
<orgGILvl>KJ14</orgGILvl>
<vis>表示</vis>
<pos>
<gml:Point gml:id="K1_503035_25-g" srsName="fguuid:jgd2011.bl">
<gml:pos>33.596799528 130.743300806</gml:pos>
</gml:Point>
</pos>
<orgName>国土地理院</orgName>
<type>三角点</type>
<gcpClass>四等三角点</gcpClass>
<gcpCode>TR45030351901</gcpCode>
<name>佛谷</name>
<B>120948.4783</B>
<L>470675.8829</L>
<alti>126.58</alti>
<altiAcc>2</altiAcc>
</GCP>
<GCP gml:id="K1_503035_26">
<fid>10-00100-0-2011-69949</fid>
<lfSpanFr gml:id="K1_503035_26-1">
<gml:timePosition>2020-11-11</gml:timePosition>
</lfSpanFr>
<devDate gml:id="K1_503035_26-2">
<gml:timePosition>2020-12-07</gml:timePosition>
</devDate>
<orgGILvl>KJ14</orgGILvl>
<vis>表示</vis>
<pos>
<gml:Point gml:id="K1_503035_26-g" srsName="fguuid:jgd2011.bl">
<gml:pos>33.606924306 130.686569111</gml:pos>
</gml:Point>
</pos>
<orgName>国土地理院</orgName>
<type>三角点</type>
<gcpClass>四等三角点</gcpClass>
<gcpCode>TR45030352401</gcpCode>
<name>葉広</name>
<B>120984.9275</B>
<L>470471.6488</L>
<alti>39.94</alti>
<altiAcc>2</altiAcc>
</GCP>
<GCP gml:id="K1_503035_27">
<fid>10-00100-0-2011-69950</fid>
<lfSpanFr gml:id="K1_503035_27-1">
<gml:timePosition>2020-11-11</gml:timePosition>
</lfSpanFr>
<devDate gml:id="K1_503035_27-2">
<gml:timePosition>2020-12-07</gml:timePosition>
</devDate>
<orgGILvl>KJ14</orgGILvl>
<vis>表示</vis>
<pos>
<gml:Point gml:id="K1_503035_27-g" srsName="fguuid:jgd2011.bl">
<gml:pos>33.604773139 130.697148111</gml:pos>
</gml:Point>
</pos>
<orgName>国土地理院</orgName>
<type>三角点</type>
<gcpClass>四等三角点</gcpClass>
<gcpCode>TR45030352501</gcpCode>
<name>平恒</name>
<B>120977.1833</B>
<L>470509.7332</L>
<alti>81.12</alti>
<altiAcc>2</altiAcc>
</GCP>
<GCP gml:id="K1_503035_28">
<fid>10-00100-0-2011-69951</fid>
<lfSpanFr gml:id="K1_503035_28-1">
<gml:timePosition>2020-11-11</gml:timePosition>
</lfSpanFr>
<devDate gml:id="K1_503035_28-2">
<gml:timePosition>2020-12-07</gml:timePosition>
</devDate>
<orgGILvl>KJ14</orgGILvl>
<vis>表示</vis>
<pos>
<gml:Point gml:id="K1_503035_28-g" srsName="fguuid:jgd2011.bl">
<gml:pos>33.615864750 130.626202139</gml:pos>
</gml:Point>
</pos>
<orgName>国土地理院</orgName>
<type>三角点</type>
<gcpClass>四等三角点</gcpClass>
<gcpCode>TR45030353001</gcpCode>
<name>竜王林道</name>
<B>121017.1131</B>
<L>470254.3277</L>
<alti>170.41</alti>
<altiAcc>2</altiAcc>
</GCP>
<GCP gml:id="K1_503035_29">
<fid>10-00100-0-2011-69952</fid>
<lfSpanFr gml:id="K1_503035_29-1">
<gml:timePosition>2020-11-11</gml:timePosition>
</lfSpanFr>
<devDate gml:id="K1_503035_29-2">
<gml:timePosition>2020-12-07</gml:timePosition>
</devDate>
<orgGILvl>KJ14</orgGILvl>
<vis>表示</vis>
<pos>
<gml:Point gml:id="K1_503035_29-g" srsName="fguuid:jgd2011.bl">
<gml:pos>33.608419889 130.632468667</gml:pos>
</gml:Point>
</pos>
<orgName>国土地理院</orgName>
<type>三角点</type>
<gcpClass>四等三角点</gcpClass>
<gcpCode>TR45030353002</gcpCode>
<name>舎利蔵</name>
<B>120990.3116</B>
<L>470276.8872</L>
<alti>101.14</alti>
<altiAcc>2</altiAcc>
</GCP>
<GCP gml:id="K1_503035_30">
<fid>10-00100-0-2011-69953</fid>
<lfSpanFr gml:id="K1_503035_30-1">
<gml:timePosition>2020-11-11</gml:timePosition>
</lfSpanFr>
<devDate gml:id="K1_503035_30-2">
<gml:timePosition>2020-12-07</gml:timePosition>
</devDate>
<orgGILvl>KJ14</orgGILvl>
<vis>表示</vis>
<pos>
<gml:Point gml:id="K1_503035_30-g" srsName="fguuid:jgd2011.bl">
<gml:pos>33.613347944 130.666148583</gml:pos>
</gml:Point>
</pos>
<orgName>国土地理院</orgName>
<type>三角点</type>
<gcpClass>四等三角点</gcpClass>
<gcpCode>TR45030353301</gcpCode>
<name>日掛井堰</name>
<B>121008.0526</B>
<L>470398.1349</L>
<alti>23.74</alti>
<altiAcc>2</altiAcc>
</GCP>
<GCP gml:id="K1_503035_31">
<fid>10-00100-0-2011-69954</fid>
<lfSpanFr gml:id="K1_503035_31-1">
<gml:timePosition>2020-11-11</gml:timePosition>
</lfSpanFr>
<devDate gml:id="K1_503035_31-2">
<gml:timePosition>2020-12-07</gml:timePosition>
</devDate>
<orgGILvl>KJ14</orgGILvl>
<vis>表示</vis>
<pos>
<gml:Point gml:id="K1_503035_31-g" srsName="fguuid:jgd2011.bl">
<gml:pos>33.611065167 130.700117667</gml:pos>
</gml:Point>
</pos>
<orgName>国土地理院</orgName>
<type>三角点</type>
<gcpClass>四等三角点</gcpClass>
<gcpCode>TR45030353601</gcpCode>
<name>本谷</name>
<B>120999.8346</B>
<L>470520.4236</L>
<alti>63.55</alti>
<altiAcc>2</altiAcc>
</GCP>
<GCP gml:id="K1_503035_32">
<fid>10-00100-0-2011-69955</fid>
<lfSpanFr gml:id="K1_503035_32-1">
<gml:timePosition>2020-11-11</gml:timePosition>
</lfSpanFr>
<devDate gml:id="K1_503035_32-2">
<gml:timePosition>2020-12-07</gml:timePosition>
</devDate>
<orgGILvl>KJ14</orgGILvl>
<vis>表示</vis>
<pos>
<gml:Point gml:id="K1_503035_32-g" srsName="fguuid:jgd2011.bl">
<gml:pos>33.612569028 130.720991944</gml:pos>
</gml:Point>
</pos>
<orgName>国土地理院</orgName>
<type>三角点</type>
<gcpClass>四等三角点</gcpClass>
<gcpCode>TR45030353701</gcpCode>
<name>山伏</name>
<B>121005.2485</B>
<L>470595.571</L>
<alti>54.5</alti>
<altiAcc>2</altiAcc>
</GCP>
<GCP gml:id="K1_503035_33">
<fid>10-00100-0-2011-69956</fid>
<lfSpanFr gml:id="K1_503035_33-1">
<gml:timePosition>2020-11-11</gml:timePosition>
</lfSpanFr>
<devDate gml:id="K1_503035_33-2">
<gml:timePosition>2020-12-07</gml:timePosition>
</devDate>
<orgGILvl>KJ14</orgGILvl>
<vis>表示</vis>
<pos>
<gml:Point gml:id="K1_503035_33-g" srsName="fguuid:jgd2011.bl">
<gml:pos>33.619255250 130.684683361</gml:pos>
</gml:Point>
</pos>
<orgName>国土地理院</orgName>
<type>三角点</type>
<gcpClass>四等三角点</gcpClass>
<gcpCode>TR45030354401</gcpCode>
<name>忠隈</name>
<B>121029.3189</B>
<L>470464.8601</L>
<alti>64.07</alti>
<altiAcc>2</altiAcc>
</GCP>
<GCP gml:id="K1_503035_34">
<fid>10-00100-0-2011-69957</fid>
<lfSpanFr gml:id="K1_503035_34-1">
<gml:timePosition>2020-11-11</gml:timePosition>
</lfSpanFr>
<devDate gml:id="K1_503035_34-2">
<gml:timePosition>2020-12-07</gml:timePosition>
</devDate>
<orgGILvl>KJ14</orgGILvl>
<vis>表示</vis>
<pos>
<gml:Point gml:id="K1_503035_34-g" srsName="fguuid:jgd2011.bl">
<gml:pos>33.619375417 130.727407806</gml:pos>
</gml:Point>
</pos>
<orgName>国土地理院</orgName>
<type>三角点</type>
<gcpClass>四等三角点</gcpClass>
<gcpCode>TR45030354801</gcpCode>
<name>浦山</name>
<B>121029.7515</B>
<L>470618.6681</L>
<alti>58.59</alti>
<altiAcc>2</altiAcc>
</GCP>
<GCP gml:id="K1_503035_35">
<fid>10-00100-0-2011-69958</fid>
<lfSpanFr gml:id="K1_503035_35-1">
<gml:timePosition>2020-11-11</gml:timePosition>
</lfSpanFr>
<devDate gml:id="K1_503035_35-2">
<gml:timePosition>2020-12-07</gml:timePosition>
</devDate>
<orgGILvl>KJ14</orgGILvl>
<vis>表示</vis>
<pos>
<gml:Point gml:id="K1_503035_35-g" srsName="fguuid:jgd2011.bl">
<gml:pos>33.621393250 130.741233472</gml:pos>
</gml:Point>
</pos>
<orgName>国土地理院</orgName>
<type>三角点</type>
<gcpClass>四等三角点</gcpClass>
<gcpCode>TR45030354901</gcpCode>
<name>見正</name>
<B>121037.0157</B>
<L>470668.4405</L>
<alti>75.84</alti>
<altiAcc>2</altiAcc>
</GCP>
<GCP gml:id="K1_503035_36">
<fid>10-00100-0-2011-69959</fid>
<lfSpanFr gml:id="K1_503035_36-1">
<gml:timePosition>2020-11-11</gml:timePosition>
</lfSpanFr>
<devDate gml:id="K1_503035_36-2">
<gml:timePosition>2020-12-07</gml:timePosition>
</devDate>
<orgGILvl>KJ14</orgGILvl>
<vis>表示</vis>
<pos>
<gml:Point gml:id="K1_503035_36-g" srsName="fguuid:jgd2011.bl">
<gml:pos>33.631537278 130.643132861</gml:pos>
</gml:Point>
</pos>
<orgName>国土地理院</orgName>
<type>三角点</type>
<gcpClass>四等三角点</gcpClass>
<gcpCode>TR45030355101</gcpCode>
<name>其田</name>
<B>121073.5342</B>
<L>470315.2783</L>
<alti>63.07</alti>
<altiAcc>2</altiAcc>
</GCP>
<GCP gml:id="K1_503035_37">
<fid>10-00100-0-2011-69960</fid>
<lfSpanFr gml:id="K1_503035_37-1">
<gml:timePosition>2020-11-11</gml:timePosition>
</lfSpanFr>
<devDate gml:id="K1_503035_37-2">
<gml:timePosition>2020-12-07</gml:timePosition>
</devDate>
<orgGILvl>KJ14</orgGILvl>
<vis>表示</vis>
<pos>
<gml:Point gml:id="K1_503035_37-g" srsName="fguuid:jgd2011.bl">
<gml:pos>33.631542833 130.734032833</gml:pos>
</gml:Point>
</pos>
<orgName>国土地理院</orgName>
<type>三角点</type>
<gcpClass>四等三角点</gcpClass>
<gcpCode>TR45030355801</gcpCode>
<name>本村</name>
<B>121073.5542</B>
<L>470642.5182</L>
<alti>67.82</alti>
<altiAcc>2</altiAcc>
</GCP>
<GCP gml:id="K1_503035_38">
<fid>10-00100-0-2011-69961</fid>
<lfSpanFr gml:id="K1_503035_38-1">
<gml:timePosition>2020-11-11</gml:timePosition>
</lfSpanFr>
<devDate gml:id="K1_503035_38-2">
<gml:timePosition>2020-12-07</gml:timePosition>
</devDate>
<orgGILvl>KJ14</orgGILvl>
<vis>表示</vis>
<pos>
<gml:Point gml:id="K1_503035_38-g" srsName="fguuid:jgd2011.bl">
<gml:pos>33.638110472 130.626011944</gml:pos>
</gml:Point>
</pos>
<orgName>国土地理院</orgName>
<type>三角点</type>
<gcpClass>四等三角点</gcpClass>
<gcpCode>TR45030356001</gcpCode>
<name>御手水</name>
<B>121097.1977</B>
<L>470253.643</L>
<alti>320.6</alti>
<altiAcc>2</altiAcc>
</GCP>
<GCP gml:id="K1_503035_39">
<fid>10-00100-0-2011-69962</fid>
<lfSpanFr gml:id="K1_503035_39-1">
<gml:timePosition>2020-11-11</gml:timePosition>
</lfSpanFr>
<devDate gml:id="K1_503035_39-2">
<gml:timePosition>2020-12-07</gml:timePosition>
</devDate>
<orgGILvl>KJ14</orgGILvl>
<vis>表示</vis>
<pos>
<gml:Point gml:id="K1_503035_39-g" srsName="fguuid:jgd2011.bl">
<gml:pos>33.639994389 130.690774111</gml:pos>
</gml:Point>
</pos>
<orgName>国土地理院</orgName>
<type>三角点</type>
<gcpClass>四等三角点</gcpClass>
<gcpCode>TR45030356501</gcpCode>
<name>飯塚病院</name>
<B>121103.9798</B>
<L>470486.7868</L>
<alti>19.98</alti>
<altiAcc>2</altiAcc>
</GCP>
<GCP gml:id="K1_503035_40">
<fid>10-00100-0-2011-69963</fid>
<lfSpanFr gml:id="K1_503035_40-1">
<gml:timePosition>2020-11-11</gml:timePosition>
</lfSpanFr>
<devDate gml:id="K1_503035_40-2">
<gml:timePosition>2020-12-07</gml:timePosition>
</devDate>
<orgGILvl>KJ14</orgGILvl>
<vis>表示</vis>
<pos>
<gml:Point gml:id="K1_503035_40-g" srsName="fguuid:jgd2011.bl">
<gml:pos>33.641161167 130.702436333</gml:pos>
</gml:Point>
</pos>
<orgName>国土地理院</orgName>
<type>三角点</type>
<gcpClass>四等三角点</gcpClass>
<gcpCode>TR45030356601</gcpCode>
<name>徳光</name>
<B>121108.1802</B>
<L>470528.7708</L>
<alti>59.81</alti>
<altiAcc>2</altiAcc>
</GCP>
<GCP gml:id="K1_503035_41">
<fid>10-00100-0-2011-69964</fid>
<lfSpanFr gml:id="K1_503035_41-1">
<gml:timePosition>2020-11-11</gml:timePosition>
</lfSpanFr>
<devDate gml:id="K1_503035_41-2">
<gml:timePosition>2020-12-07</gml:timePosition>
</devDate>
<orgGILvl>KJ14</orgGILvl>
<vis>表示</vis>
<pos>
<gml:Point gml:id="K1_503035_41-g" srsName="fguuid:jgd2011.bl">
<gml:pos>33.647037194 130.631875472</gml:pos>
</gml:Point>
</pos>
<orgName>国土地理院</orgName>
<type>三角点</type>
<gcpClass>四等三角点</gcpClass>
<gcpCode>TR45030357001</gcpCode>
<name>本村</name>
<B>121129.3339</B>
<L>470274.7517</L>
<alti>175.92</alti>
<altiAcc>2</altiAcc>
</GCP>
<GCP gml:id="K1_503035_42">
<fid>10-00100-0-2011-69965</fid>
<lfSpanFr gml:id="K1_503035_42-1">
<gml:timePosition>2020-11-11</gml:timePosition>
</lfSpanFr>
<devDate gml:id="K1_503035_42-2">
<gml:timePosition>2020-12-07</gml:timePosition>
</devDate>
<orgGILvl>KJ14</orgGILvl>
<vis>表示</vis>
<pos>
<gml:Point gml:id="K1_503035_42-g" srsName="fguuid:jgd2011.bl">
<gml:pos>33.643267333 130.642827500</gml:pos>
</gml:Point>
</pos>
<orgName>国土地理院</orgName>
<type>三角点</type>
<gcpClass>四等三角点</gcpClass>
<gcpCode>TR45030357101</gcpCode>
<name>北浦</name>
<B>121115.7624</B>
<L>470314.179</L>
<alti>64.34</alti>
<altiAcc>2</altiAcc>
</GCP>
<GCP gml:id="K1_503035_43">
<fid>10-00100-0-2011-69966</fid>
<lfSpanFr gml:id="K1_503035_43-1">
<gml:timePosition>2020-11-11</gml:timePosition>
</lfSpanFr>
<devDate gml:id="K1_503035_43-2">
<gml:timePosition>2020-12-07</gml:timePosition>
</devDate>
<orgGILvl>KJ14</orgGILvl>
<vis>表示</vis>
<pos>
<gml:Point gml:id="K1_503035_43-g" srsName="fguuid:jgd2011.bl">
<gml:pos>33.644838361 130.718867111</gml:pos>
</gml:Point>
</pos>
<orgName>国土地理院</orgName>
<type>三角点</type>
<gcpClass>四等三角点</gcpClass>
<gcpCode>TR45030357701</gcpCode>
<name>鳥羽</name>
<B>121121.4181</B>
<L>470587.9216</L>
<alti>61.83</alti>
<altiAcc>2</altiAcc>
</GCP>
<GCP gml:id="K1_503035_44">
<fid>10-00100-0-2011-69967</fid>
<lfSpanFr gml:id="K1_503035_44-1">
<gml:timePosition>2020-11-11</gml:timePosition>
</lfSpanFr>
<devDate gml:id="K1_503035_44-2">
<gml:timePosition>2020-12-07</gml:timePosition>
</devDate>
<orgGILvl>KJ14</orgGILvl>
<vis>表示</vis>
<pos>
<gml:Point gml:id="K1_503035_44-g" srsName="fguuid:jgd2011.bl">
<gml:pos>33.651937694 130.652989028</gml:pos>
</gml:Point>
</pos>
<orgName>国土地理院</orgName>
<type>三角点</type>
<gcpClass>四等三角点</gcpClass>
<gcpCode>TR45030358202</gcpCode>
<name>イリウ</name>
<B>121146.9757</B>
<L>470350.7605</L>
<alti>28.68</alti>
<altiAcc>2</altiAcc>
</GCP>
<GCP gml:id="K1_503035_45">
<fid>10-00100-0-2011-69968</fid>
<lfSpanFr gml:id="K1_503035_45-1">
<gml:timePosition>2020-11-11</gml:timePosition>
</lfSpanFr>
<devDate gml:id="K1_503035_45-2">
<gml:timePosition>2020-12-07</gml:timePosition>
</devDate>
<orgGILvl>KJ14</orgGILvl>
<vis>表示</vis>
<pos>
<gml:Point gml:id="K1_503035_45-g" srsName="fguuid:jgd2011.bl">
<gml:pos>33.652967611 130.684340889</gml:pos>
</gml:Point>
</pos>
<orgName>国土地理院</orgName>
<type>三角点</type>
<gcpClass>四等三角点</gcpClass>
<gcpCode>TR45030358401</gcpCode>
<name>門出</name>
<B>121150.6834</B>
<L>470463.6272</L>
<alti>18.85</alti>
<altiAcc>2</altiAcc>
</GCP>
<GCP gml:id="K1_503035_46">
<fid>10-00100-0-2011-69969</fid>
<lfSpanFr gml:id="K1_503035_46-1">
<gml:timePosition>2020-11-11</gml:timePosition>
</lfSpanFr>
<devDate gml:id="K1_503035_46-2">
<gml:timePosition>2020-12-07</gml:timePosition>
</devDate>
<orgGILvl>KJ14</orgGILvl>
<vis>表示</vis>
<pos>
<gml:Point gml:id="K1_503035_46-g" srsName="fguuid:jgd2011.bl">
<gml:pos>33.652771972 130.697445472</gml:pos>
</gml:Point>
</pos>
<orgName>国土地理院</orgName>
<type>三角点</type>
<gcpClass>四等三角点</gcpClass>
<gcpCode>TR45030358501</gcpCode>
<name>旌忠公園</name>
<B>121149.9791</B>
<L>470510.8037</L>
<alti>56.51</alti>
<altiAcc>2</altiAcc>
</GCP>
<GCP gml:id="K1_503035_47">
<fid>10-00100-0-2011-69970</fid>
<lfSpanFr gml:id="K1_503035_47-1">
<gml:timePosition>2020-11-11</gml:timePosition>
</lfSpanFr>
<devDate gml:id="K1_503035_47-2">
<gml:timePosition>2020-12-07</gml:timePosition>
</devDate>
<orgGILvl>KJ14</orgGILvl>
<vis>表示</vis>
<pos>
<gml:Point gml:id="K1_503035_47-g" srsName="fguuid:jgd2011.bl">
<gml:pos>33.656509306 130.706351389</gml:pos>
</gml:Point>
</pos>
<orgName>国土地理院</orgName>
<type>三角点</type>
<gcpClass>四等三角点</gcpClass>
<gcpCode>TR45030358601</gcpCode>
<name>運動公園</name>
<B>121163.4335</B>
<L>470542.865</L>
<alti>44.91</alti>
<altiAcc>2</altiAcc>
</GCP>
<GCP gml:id="K1_503035_48">
<fid>10-00100-0-2011-69971</fid>
<lfSpanFr gml:id="K1_503035_48-1">
<gml:timePosition>2020-11-11</gml:timePosition>
</lfSpanFr>
<devDate gml:id="K1_503035_48-2">
<gml:timePosition>2020-12-07</gml:timePosition>
</devDate>
<orgGILvl>KJ14</orgGILvl>
<vis>表示</vis>
<pos>
<gml:Point gml:id="K1_503035_48-g" srsName="fguuid:jgd2011.bl">
<gml:pos>33.657179472 130.721470889</gml:pos>
</gml:Point>
</pos>
<orgName>国土地理院</orgName>
<type>三角点</type>
<gcpClass>四等三角点</gcpClass>
<gcpCode>TR45030358701</gcpCode>
<name>大分ケ浦</name>
<B>121165.8461</B>
<L>470597.2952</L>
<alti>38.41</alti>
<altiAcc>2</altiAcc>
</GCP>
<GCP gml:id="K1_503035_49">
<fid>10-00100-0-2011-69972</fid>
<lfSpanFr gml:id="K1_503035_49-1">
<gml:timePosition>2020-11-11</gml:timePosition>
</lfSpanFr>
<devDate gml:id="K1_503035_49-2">
<gml:timePosition>2020-12-07</gml:timePosition>
</devDate>
<orgGILvl>KJ14</orgGILvl>
<vis>表示</vis>
<pos>
<gml:Point gml:id="K1_503035_49-g" srsName="fguuid:jgd2011.bl">
<gml:pos>33.650134111 130.745692111</gml:pos>
</gml:Point>
</pos>
<orgName>国土地理院</orgName>
<type>三角点</type>
<gcpClass>四等三角点</gcpClass>
<gcpCode>TR45030358901</gcpCode>
<name>立石</name>
<B>121140.4828</B>
<L>470684.4916</L>
<alti>189.27</alti>
<altiAcc>2</altiAcc>
</GCP>
<GCP gml:id="K1_503035_50">
<fid>10-00100-0-2011-69973</fid>
<lfSpanFr gml:id="K1_503035_50-1">
<gml:timePosition>2020-11-11</gml:timePosition>
</lfSpanFr>
<devDate gml:id="K1_503035_50-2">
<gml:timePosition>2020-12-07</gml:timePosition>
</devDate>
<orgGILvl>KJ14</orgGILvl>
<vis>表示</vis>
<pos>
<gml:Point gml:id="K1_503035_50-g" srsName="fguuid:jgd2011.bl">
<gml:pos>33.660862917 130.630127972</gml:pos>
</gml:Point>
</pos>
<orgName>国土地理院</orgName>
<type>三角点</type>
<gcpClass>四等三角点</gcpClass>
<gcpCode>TR45030359001</gcpCode>
<name>長浦</name>
<B>121179.1065</B>
<L>470268.4607</L>
<alti>267.81</alti>
<altiAcc>2</altiAcc>
</GCP>
<GCP gml:id="K1_503035_51">
<fid>10-00100-0-2011-69974</fid>
<lfSpanFr gml:id="K1_503035_51-1">
<gml:timePosition>2020-11-11</gml:timePosition>
</lfSpanFr>
<devDate gml:id="K1_503035_51-2">
<gml:timePosition>2020-12-07</gml:timePosition>
</devDate>
<orgGILvl>KJ14</orgGILvl>
<vis>表示</vis>
<pos>
<gml:Point gml:id="K1_503035_51-g" srsName="fguuid:jgd2011.bl">
<gml:pos>33.663861306 130.691789556</gml:pos>
</gml:Point>
</pos>
<orgName>国土地理院</orgName>
<type>三角点</type>
<gcpClass>四等三角点</gcpClass>
<gcpCode>TR45030359501</gcpCode>
<name>鯰田</name>
<B>121189.9007</B>
<L>470490.4424</L>
<alti>18.26</alti>
<altiAcc>2</altiAcc>
</GCP>
<GCP gml:id="K1_503035_52">
<fid>10-00100-0-2011-69975</fid>
<lfSpanFr gml:id="K1_503035_52-1">
<gml:timePosition>2020-11-11</gml:timePosition>
</lfSpanFr>
<devDate gml:id="K1_503035_52-2">
<gml:timePosition>2020-12-07</gml:timePosition>
</devDate>
<orgGILvl>KJ14</orgGILvl>
<vis>表示</vis>
<pos>
<gml:Point gml:id="K1_503035_52-g" srsName="fguuid:jgd2011.bl">
<gml:pos>33.661652889 130.738717806</gml:pos>
</gml:Point>
</pos>
<orgName>国土地理院</orgName>
<type>三角点</type>
<gcpClass>四等三角点</gcpClass>
<gcpCode>TR45030359901</gcpCode>
<name>大谷</name>
<B>121181.9504</B>
<L>470659.3841</L>
<alti>151.62</alti>
<altiAcc>2</altiAcc>
</GCP>
</Dataset>
