<?xml version="1.0" encoding="utf-8"?>
<Dataset xsi:schemaLocation="http://fgd.gsi.go.jp/spec/2008/FGD_GMLSchema FGD_GMLSchema.xsd"
	xmlns:gml="http://www.opengis.net/gml/3.2"
	xmlns:xsi="http://www.w3.org/2001/XMLSchema-instance"
	xmlns:xlink="http://www.w3.org/1999/xlink"
	xmlns="http://fgd.gsi.go.jp/spec/2008/FGD_GMLSchema"
	gml:id="Dataset1">
  <gml:description>基盤地図情報メタデータ ID=fmdid:21-0101</gml:description>
  <gml:name>基盤地図情報ダウンロードデータ（GML版）</gml:name>
<AdmPt gml:id="K6_4744211772_1">
<fid>47442-11772-i-21</fid>
<lfSpanFr gml:id="K6_4744211772_1-1">
<gml:timePosition>2020-06-30</gml:timePosition>
</lfSpanFr>
<devDate gml:id="K6_4744211772_1-2">
<gml:timePosition>2020-12-07</gml:timePosition>
</devDate>
<orgGILvl>25000</orgGILvl>
<vis>非表示</vis>
<pos>
<gml:Point gml:id="K6_4744211772_1-g" srsName="fguuid:jgd2011.bl">
<gml:pos>32.704957856 131.786050378</gml:pos>
</gml:Point>
</pos>
<type>郡市・東京都の区</type>
<name>延岡市</name>
<admCode>45203</admCode>
</AdmPt>
<AdmPt gml:id="K6_4744811760_1">
<fid>47448-11760-i-16</fid>
<lfSpanFr gml:id="K6_4744811760_1-1">
<gml:timePosition>2020-06-30</gml:timePosition>
</lfSpanFr>
<devDate gml:id="K6_4744811760_1-2">
<gml:timePosition>2020-12-07</gml:timePosition>
</devDate>
<orgGILvl>25000</orgGILvl>
<vis>非表示</vis>
<pos>
<gml:Point gml:id="K6_4744811760_1-g" srsName="fguuid:jgd2011.bl">
<gml:pos>32.667052848 131.806970125</gml:pos>
</gml:Point>
</pos>
<type>郡市・東京都の区</type>
<name>延岡市</name>
<admCode>45203</admCode>
</AdmPt>
<AdmPt gml:id="K6_4745111760_1">
<fid>47451-11760-i-92</fid>
<lfSpanFr gml:id="K6_4745111760_1-1">
<gml:timePosition>2020-06-30</gml:timePosition>
</lfSpanFr>
<devDate gml:id="K6_4745111760_1-2">
<gml:timePosition>2020-12-07</gml:timePosition>
</devDate>
<orgGILvl>25000</orgGILvl>
<vis>非表示</vis>
<pos>
<gml:Point gml:id="K6_4745111760_1-g" srsName="fguuid:jgd2011.bl">
<gml:pos>32.670594278 131.815972282</gml:pos>
</gml:Point>
</pos>
<type>郡市・東京都の区</type>
<name>延岡市</name>
<admCode>45203</admCode>
</AdmPt>
<AdmPt gml:id="K6_4746911787_1">
<fid>47469-11787-i-273</fid>
<lfSpanFr gml:id="K6_4746911787_1-1">
<gml:timePosition>2020-06-30</gml:timePosition>
</lfSpanFr>
<devDate gml:id="K6_4746911787_1-2">
<gml:timePosition>2020-12-07</gml:timePosition>
</devDate>
<orgGILvl>25000</orgGILvl>
<vis>非表示</vis>
<pos>
<gml:Point gml:id="K6_4746911787_1-g" srsName="fguuid:jgd2011.bl">
<gml:pos>32.742743439 131.860680139</gml:pos>
</gml:Point>
</pos>
<type>郡市・東京都の区</type>
<name>佐伯市</name>
<admCode>44205</admCode>
</AdmPt>
</Dataset>
