<?xml version="1.0" encoding="utf-8"?>
<Dataset xsi:schemaLocation="http://fgd.gsi.go.jp/spec/2008/FGD_GMLSchema FGD_GMLSchema.xsd"
	xmlns:gml="http://www.opengis.net/gml/3.2"
	xmlns:xsi="http://www.w3.org/2001/XMLSchema-instance"
	xmlns:xlink="http://www.w3.org/1999/xlink"
	xmlns="http://fgd.gsi.go.jp/spec/2008/FGD_GMLSchema"
	gml:id="Dataset1">
  <gml:description>基盤地図情報メタデータ ID=fmdid:21-0101</gml:description>
  <gml:name>基盤地図情報ダウンロードデータ（GML版）</gml:name>
<ElevPt gml:id="K2_4743011760_1">
<fid>47430-11760-i-24</fid>
<lfSpanFr gml:id="K2_4743011760_1-1">
<gml:timePosition>2020-06-30</gml:timePosition>
</lfSpanFr>
<devDate gml:id="K2_4743011760_1-2">
<gml:timePosition>2020-12-07</gml:timePosition>
</devDate>
<orgGILvl>25000</orgGILvl>
<vis>表示</vis>
<pos>
<gml:Point gml:id="K2_4743011760_1-g" srsName="fguuid:jgd2011.bl">
<gml:pos>32.671158889 131.757530556</gml:pos>
</gml:Point>
</pos>
<type>標高点（測点）</type>
<alti>169</alti>
</ElevPt>
<ElevPt gml:id="K2_4743011766_1">
<fid>47430-11766-i-9</fid>
<lfSpanFr gml:id="K2_4743011766_1-1">
<gml:timePosition>2020-06-30</gml:timePosition>
</lfSpanFr>
<devDate gml:id="K2_4743011766_1-2">
<gml:timePosition>2020-12-07</gml:timePosition>
</devDate>
<orgGILvl>25000</orgGILvl>
<vis>表示</vis>
<pos>
<gml:Point gml:id="K2_4743011766_1-g" srsName="fguuid:jgd2011.bl">
<gml:pos>32.686388333 131.755565833</gml:pos>
</gml:Point>
</pos>
<type>標高点（測点）</type>
<alti>204</alti>
</ElevPt>
<ElevPt gml:id="K2_4743011772_1">
<fid>47430-11772-i-27</fid>
<lfSpanFr gml:id="K2_4743011772_1-1">
<gml:timePosition>2020-06-30</gml:timePosition>
</lfSpanFr>
<devDate gml:id="K2_4743011772_1-2">
<gml:timePosition>2020-12-07</gml:timePosition>
</devDate>
<orgGILvl>25000</orgGILvl>
<vis>表示</vis>
<pos>
<gml:Point gml:id="K2_4743011772_1-g" srsName="fguuid:jgd2011.bl">
<gml:pos>32.704937778 131.756916667</gml:pos>
</gml:Point>
</pos>
<type>標高点（測点）</type>
<alti>568</alti>
</ElevPt>
<ElevPt gml:id="K2_4743011775_1">
<fid>47430-11775-i-1</fid>
<lfSpanFr gml:id="K2_4743011775_1-1">
<gml:timePosition>2013-12-10</gml:timePosition>
</lfSpanFr>
<devDate gml:id="K2_4743011775_1-2">
<gml:timePosition>2020-12-07</gml:timePosition>
</devDate>
<orgGILvl>25000</orgGILvl>
<vis>表示</vis>
<pos>
<gml:Point gml:id="K2_4743011775_1-g" srsName="fguuid:jgd2011.bl">
<gml:pos>32.715356111 131.750255000</gml:pos>
</gml:Point>
</pos>
<type>標高点（測点）</type>
<alti>418</alti>
</ElevPt>
<ElevPt gml:id="K2_4743011781_1">
<fid>47430-11781-i-1</fid>
<lfSpanFr gml:id="K2_4743011781_1-1">
<gml:timePosition>2013-12-10</gml:timePosition>
</lfSpanFr>
<devDate gml:id="K2_4743011781_1-2">
<gml:timePosition>2020-12-07</gml:timePosition>
</devDate>
<orgGILvl>25000</orgGILvl>
<vis>表示</vis>
<pos>
<gml:Point gml:id="K2_4743011781_1-g" srsName="fguuid:jgd2011.bl">
<gml:pos>32.730394167 131.755130278</gml:pos>
</gml:Point>
</pos>
<type>標高点（測点）</type>
<alti>245</alti>
</ElevPt>
<ElevPt gml:id="K2_4743011784_1">
<fid>47430-11784-i-4</fid>
<lfSpanFr gml:id="K2_4743011784_1-1">
<gml:timePosition>2013-12-10</gml:timePosition>
</lfSpanFr>
<devDate gml:id="K2_4743011784_1-2">
<gml:timePosition>2020-12-07</gml:timePosition>
</devDate>
<orgGILvl>25000</orgGILvl>
<vis>表示</vis>
<pos>
<gml:Point gml:id="K2_4743011784_1-g" srsName="fguuid:jgd2011.bl">
<gml:pos>32.738544444 131.750869167</gml:pos>
</gml:Point>
</pos>
<type>標高点（測点）</type>
<alti>474</alti>
</ElevPt>
<ElevPt gml:id="K2_4743311763_1">
<fid>47433-11763-i-162</fid>
<lfSpanFr gml:id="K2_4743311763_1-1">
<gml:timePosition>2020-06-30</gml:timePosition>
</lfSpanFr>
<devDate gml:id="K2_4743311763_1-2">
<gml:timePosition>2020-12-07</gml:timePosition>
</devDate>
<orgGILvl>25000</orgGILvl>
<vis>表示</vis>
<pos>
<gml:Point gml:id="K2_4743311763_1-g" srsName="fguuid:jgd2011.bl">
<gml:pos>32.681683611 131.760302222</gml:pos>
</gml:Point>
</pos>
<type>標高点（測点）</type>
<alti>163</alti>
</ElevPt>
<ElevPt gml:id="K2_4743311763_2">
<fid>47433-11763-i-163</fid>
<lfSpanFr gml:id="K2_4743311763_2-1">
<gml:timePosition>2020-06-30</gml:timePosition>
</lfSpanFr>
<devDate gml:id="K2_4743311763_2-2">
<gml:timePosition>2020-12-07</gml:timePosition>
</devDate>
<orgGILvl>25000</orgGILvl>
<vis>表示</vis>
<pos>
<gml:Point gml:id="K2_4743311763_2-g" srsName="fguuid:jgd2011.bl">
<gml:pos>32.680380278 131.766241667</gml:pos>
</gml:Point>
</pos>
<type>標高点（測点）</type>
<alti>242</alti>
</ElevPt>
<ElevPt gml:id="K2_4743311766_1">
<fid>47433-11766-i-7</fid>
<lfSpanFr gml:id="K2_4743311766_1-1">
<gml:timePosition>2020-06-30</gml:timePosition>
</lfSpanFr>
<devDate gml:id="K2_4743311766_1-2">
<gml:timePosition>2020-12-07</gml:timePosition>
</devDate>
<orgGILvl>25000</orgGILvl>
<vis>表示</vis>
<pos>
<gml:Point gml:id="K2_4743311766_1-g" srsName="fguuid:jgd2011.bl">
<gml:pos>32.690058333 131.761500833</gml:pos>
</gml:Point>
</pos>
<type>標高点（測点）</type>
<alti>305</alti>
</ElevPt>
<ElevPt gml:id="K2_4743311775_1">
<fid>47433-11775-i-8</fid>
<lfSpanFr gml:id="K2_4743311775_1-1">
<gml:timePosition>2013-12-10</gml:timePosition>
</lfSpanFr>
<devDate gml:id="K2_4743311775_1-2">
<gml:timePosition>2020-12-07</gml:timePosition>
</devDate>
<orgGILvl>25000</orgGILvl>
<vis>表示</vis>
<pos>
<gml:Point gml:id="K2_4743311775_1-g" srsName="fguuid:jgd2011.bl">
<gml:pos>32.713222500 131.759143889</gml:pos>
</gml:Point>
</pos>
<type>標高点（測点）</type>
<alti>388</alti>
</ElevPt>
<ElevPt gml:id="K2_4743311775_2">
<fid>47433-11775-i-9</fid>
<lfSpanFr gml:id="K2_4743311775_2-1">
<gml:timePosition>2013-12-10</gml:timePosition>
</lfSpanFr>
<devDate gml:id="K2_4743311775_2-2">
<gml:timePosition>2020-12-07</gml:timePosition>
</devDate>
<orgGILvl>25000</orgGILvl>
<vis>表示</vis>
<pos>
<gml:Point gml:id="K2_4743311775_2-g" srsName="fguuid:jgd2011.bl">
<gml:pos>32.708398889 131.766049444</gml:pos>
</gml:Point>
</pos>
<type>標高点（測点）</type>
<alti>404</alti>
</ElevPt>
<ElevPt gml:id="K2_4743311778_1">
<fid>47433-11778-i-51</fid>
<lfSpanFr gml:id="K2_4743311778_1-1">
<gml:timePosition>2020-11-04</gml:timePosition>
</lfSpanFr>
<devDate gml:id="K2_4743311778_1-2">
<gml:timePosition>2020-12-07</gml:timePosition>
</devDate>
<orgGILvl>25000</orgGILvl>
<vis>表示</vis>
<pos>
<gml:Point gml:id="K2_4743311778_1-g" srsName="fguuid:jgd2011.bl">
<gml:pos>32.720043611 131.764253611</gml:pos>
</gml:Point>
</pos>
<type>標高点（測点）</type>
<alti>216</alti>
</ElevPt>
<ElevPt gml:id="K2_4743311781_1">
<fid>47433-11781-i-2</fid>
<lfSpanFr gml:id="K2_4743311781_1-1">
<gml:timePosition>2013-12-10</gml:timePosition>
</lfSpanFr>
<devDate gml:id="K2_4743311781_1-2">
<gml:timePosition>2020-12-07</gml:timePosition>
</devDate>
<orgGILvl>25000</orgGILvl>
<vis>表示</vis>
<pos>
<gml:Point gml:id="K2_4743311781_1-g" srsName="fguuid:jgd2011.bl">
<gml:pos>32.725830278 131.761407500</gml:pos>
</gml:Point>
</pos>
<type>標高点（測点）</type>
<alti>239</alti>
</ElevPt>
<ElevPt gml:id="K2_4743311784_1">
<fid>47433-11784-i-2</fid>
<lfSpanFr gml:id="K2_4743311784_1-1">
<gml:timePosition>2013-12-10</gml:timePosition>
</lfSpanFr>
<devDate gml:id="K2_4743311784_1-2">
<gml:timePosition>2020-12-07</gml:timePosition>
</devDate>
<orgGILvl>25000</orgGILvl>
<vis>表示</vis>
<pos>
<gml:Point gml:id="K2_4743311784_1-g" srsName="fguuid:jgd2011.bl">
<gml:pos>32.740227222 131.758426944</gml:pos>
</gml:Point>
</pos>
<type>標高点（測点）</type>
<alti>566</alti>
</ElevPt>
<ElevPt gml:id="K2_4743311787_1">
<fid>47433-11787-i-3</fid>
<lfSpanFr gml:id="K2_4743311787_1-1">
<gml:timePosition>2013-12-10</gml:timePosition>
</lfSpanFr>
<devDate gml:id="K2_4743311787_1-2">
<gml:timePosition>2020-12-07</gml:timePosition>
</devDate>
<orgGILvl>25000</orgGILvl>
<vis>表示</vis>
<pos>
<gml:Point gml:id="K2_4743311787_1-g" srsName="fguuid:jgd2011.bl">
<gml:pos>32.746497500 131.759041944</gml:pos>
</gml:Point>
</pos>
<type>標高点（測点）</type>
<alti>322</alti>
</ElevPt>
<ElevPt gml:id="K2_4743611760_1">
<fid>47436-11760-i-37</fid>
<lfSpanFr gml:id="K2_4743611760_1-1">
<gml:timePosition>2020-06-30</gml:timePosition>
</lfSpanFr>
<devDate gml:id="K2_4743611760_1-2">
<gml:timePosition>2020-12-07</gml:timePosition>
</devDate>
<orgGILvl>25000</orgGILvl>
<vis>表示</vis>
<pos>
<gml:Point gml:id="K2_4743611760_1-g" srsName="fguuid:jgd2011.bl">
<gml:pos>32.669243056 131.771330000</gml:pos>
</gml:Point>
</pos>
<type>標高点（測点）</type>
<alti>158</alti>
</ElevPt>
<ElevPt gml:id="K2_4743611766_1">
<fid>47436-11766-i-27</fid>
<lfSpanFr gml:id="K2_4743611766_1-1">
<gml:timePosition>2020-06-30</gml:timePosition>
</lfSpanFr>
<devDate gml:id="K2_4743611766_1-2">
<gml:timePosition>2020-12-07</gml:timePosition>
</devDate>
<orgGILvl>25000</orgGILvl>
<vis>表示</vis>
<pos>
<gml:Point gml:id="K2_4743611766_1-g" srsName="fguuid:jgd2011.bl">
<gml:pos>32.686617778 131.768592778</gml:pos>
</gml:Point>
</pos>
<type>標高点（測点）</type>
<alti>168</alti>
</ElevPt>
<ElevPt gml:id="K2_4743611769_1">
<fid>47436-11769-i-32</fid>
<lfSpanFr gml:id="K2_4743611769_1-1">
<gml:timePosition>2020-06-30</gml:timePosition>
</lfSpanFr>
<devDate gml:id="K2_4743611769_1-2">
<gml:timePosition>2020-12-07</gml:timePosition>
</devDate>
<orgGILvl>25000</orgGILvl>
<vis>表示</vis>
<pos>
<gml:Point gml:id="K2_4743611769_1-g" srsName="fguuid:jgd2011.bl">
<gml:pos>32.698875833 131.768589444</gml:pos>
</gml:Point>
</pos>
<type>標高点（測点）</type>
<alti>541</alti>
</ElevPt>
<ElevPt gml:id="K2_4743611769_2">
<fid>47436-11769-i-33</fid>
<lfSpanFr gml:id="K2_4743611769_2-1">
<gml:timePosition>2020-06-30</gml:timePosition>
</lfSpanFr>
<devDate gml:id="K2_4743611769_2-2">
<gml:timePosition>2020-12-07</gml:timePosition>
</devDate>
<orgGILvl>25000</orgGILvl>
<vis>表示</vis>
<pos>
<gml:Point gml:id="K2_4743611769_2-g" srsName="fguuid:jgd2011.bl">
<gml:pos>32.691686667 131.771940278</gml:pos>
</gml:Point>
</pos>
<type>標高点（測点）</type>
<alti>242</alti>
</ElevPt>
<ElevPt gml:id="K2_4743611772_1">
<fid>47436-11772-i-37</fid>
<lfSpanFr gml:id="K2_4743611772_1-1">
<gml:timePosition>2020-06-30</gml:timePosition>
</lfSpanFr>
<devDate gml:id="K2_4743611772_1-2">
<gml:timePosition>2020-12-07</gml:timePosition>
</devDate>
<orgGILvl>25000</orgGILvl>
<vis>表示</vis>
<pos>
<gml:Point gml:id="K2_4743611772_1-g" srsName="fguuid:jgd2011.bl">
<gml:pos>32.704623333 131.770521389</gml:pos>
</gml:Point>
</pos>
<type>標高点（測点）</type>
<alti>558</alti>
</ElevPt>
<ElevPt gml:id="K2_4743611775_1">
<fid>47436-11775-i-45</fid>
<lfSpanFr gml:id="K2_4743611775_1-1">
<gml:timePosition>2020-11-04</gml:timePosition>
</lfSpanFr>
<devDate gml:id="K2_4743611775_1-2">
<gml:timePosition>2020-12-07</gml:timePosition>
</devDate>
<orgGILvl>25000</orgGILvl>
<vis>表示</vis>
<pos>
<gml:Point gml:id="K2_4743611775_1-g" srsName="fguuid:jgd2011.bl">
<gml:pos>32.715280278 131.772480278</gml:pos>
</gml:Point>
</pos>
<type>標高点（測点）</type>
<alti>389</alti>
</ElevPt>
<ElevPt gml:id="K2_4743611781_1">
<fid>47436-11781-i-4</fid>
<lfSpanFr gml:id="K2_4743611781_1-1">
<gml:timePosition>2013-12-10</gml:timePosition>
</lfSpanFr>
<devDate gml:id="K2_4743611781_1-2">
<gml:timePosition>2020-12-07</gml:timePosition>
</devDate>
<orgGILvl>25000</orgGILvl>
<vis>表示</vis>
<pos>
<gml:Point gml:id="K2_4743611781_1-g" srsName="fguuid:jgd2011.bl">
<gml:pos>32.731071111 131.766793889</gml:pos>
</gml:Point>
</pos>
<type>標高点（測点）</type>
<alti>370</alti>
</ElevPt>
<ElevPt gml:id="K2_4743611781_2">
<fid>47436-11781-i-5</fid>
<lfSpanFr gml:id="K2_4743611781_2-1">
<gml:timePosition>2013-12-10</gml:timePosition>
</lfSpanFr>
<devDate gml:id="K2_4743611781_2-2">
<gml:timePosition>2020-12-07</gml:timePosition>
</devDate>
<orgGILvl>25000</orgGILvl>
<vis>表示</vis>
<pos>
<gml:Point gml:id="K2_4743611781_2-g" srsName="fguuid:jgd2011.bl">
<gml:pos>32.725288056 131.770185000</gml:pos>
</gml:Point>
</pos>
<type>標高点（測点）</type>
<alti>224</alti>
</ElevPt>
<ElevPt gml:id="K2_4743611787_1">
<fid>47436-11787-i-4</fid>
<lfSpanFr gml:id="K2_4743611787_1-1">
<gml:timePosition>2013-12-10</gml:timePosition>
</lfSpanFr>
<devDate gml:id="K2_4743611787_1-2">
<gml:timePosition>2020-12-07</gml:timePosition>
</devDate>
<orgGILvl>25000</orgGILvl>
<vis>表示</vis>
<pos>
<gml:Point gml:id="K2_4743611787_1-g" srsName="fguuid:jgd2011.bl">
<gml:pos>32.746718333 131.767927778</gml:pos>
</gml:Point>
</pos>
<type>標高点（測点）</type>
<alti>499</alti>
</ElevPt>
<ElevPt gml:id="K2_4743911763_1">
<fid>47439-11763-i-146</fid>
<lfSpanFr gml:id="K2_4743911763_1-1">
<gml:timePosition>2020-06-30</gml:timePosition>
</lfSpanFr>
<devDate gml:id="K2_4743911763_1-2">
<gml:timePosition>2020-12-07</gml:timePosition>
</devDate>
<orgGILvl>25000</orgGILvl>
<vis>表示</vis>
<pos>
<gml:Point gml:id="K2_4743911763_1-g" srsName="fguuid:jgd2011.bl">
<gml:pos>32.677062778 131.777254722</gml:pos>
</gml:Point>
</pos>
<type>標高点（測点）</type>
<alti>91</alti>
</ElevPt>
<ElevPt gml:id="K2_4743911766_1">
<fid>47439-11766-i-130</fid>
<lfSpanFr gml:id="K2_4743911766_1-1">
<gml:timePosition>2020-06-30</gml:timePosition>
</lfSpanFr>
<devDate gml:id="K2_4743911766_1-2">
<gml:timePosition>2020-12-07</gml:timePosition>
</devDate>
<orgGILvl>25000</orgGILvl>
<vis>表示</vis>
<pos>
<gml:Point gml:id="K2_4743911766_1-g" srsName="fguuid:jgd2011.bl">
<gml:pos>32.683886111 131.776807778</gml:pos>
</gml:Point>
</pos>
<type>標高点（測点）</type>
<alti>197</alti>
</ElevPt>
<ElevPt gml:id="K2_4743911766_2">
<fid>47439-11766-i-131</fid>
<lfSpanFr gml:id="K2_4743911766_2-1">
<gml:timePosition>2020-06-30</gml:timePosition>
</lfSpanFr>
<devDate gml:id="K2_4743911766_2-2">
<gml:timePosition>2020-12-07</gml:timePosition>
</devDate>
<orgGILvl>25000</orgGILvl>
<vis>表示</vis>
<pos>
<gml:Point gml:id="K2_4743911766_2-g" srsName="fguuid:jgd2011.bl">
<gml:pos>32.688541389 131.782150556</gml:pos>
</gml:Point>
</pos>
<type>標高点（測点）</type>
<alti>73</alti>
</ElevPt>
<ElevPt gml:id="K2_4743911769_1">
<fid>47439-11769-i-39</fid>
<lfSpanFr gml:id="K2_4743911769_1-1">
<gml:timePosition>2020-06-30</gml:timePosition>
</lfSpanFr>
<devDate gml:id="K2_4743911769_1-2">
<gml:timePosition>2020-12-07</gml:timePosition>
</devDate>
<orgGILvl>25000</orgGILvl>
<vis>表示</vis>
<pos>
<gml:Point gml:id="K2_4743911769_1-g" srsName="fguuid:jgd2011.bl">
<gml:pos>32.698938611 131.780040278</gml:pos>
</gml:Point>
</pos>
<type>標高点（測点）</type>
<alti>197</alti>
</ElevPt>
<ElevPt gml:id="K2_4743911769_2">
<fid>47439-11769-i-40</fid>
<lfSpanFr gml:id="K2_4743911769_2-1">
<gml:timePosition>2020-06-30</gml:timePosition>
</lfSpanFr>
<devDate gml:id="K2_4743911769_2-2">
<gml:timePosition>2020-12-07</gml:timePosition>
</devDate>
<orgGILvl>25000</orgGILvl>
<vis>表示</vis>
<pos>
<gml:Point gml:id="K2_4743911769_2-g" srsName="fguuid:jgd2011.bl">
<gml:pos>32.693897778 131.778268611</gml:pos>
</gml:Point>
</pos>
<type>標高点（測点）</type>
<alti>198</alti>
</ElevPt>
<ElevPt gml:id="K2_4743911772_1">
<fid>47439-11772-i-22</fid>
<lfSpanFr gml:id="K2_4743911772_1-1">
<gml:timePosition>2020-06-30</gml:timePosition>
</lfSpanFr>
<devDate gml:id="K2_4743911772_1-2">
<gml:timePosition>2020-12-07</gml:timePosition>
</devDate>
<orgGILvl>25000</orgGILvl>
<vis>表示</vis>
<pos>
<gml:Point gml:id="K2_4743911772_1-g" srsName="fguuid:jgd2011.bl">
<gml:pos>32.704158056 131.775789167</gml:pos>
</gml:Point>
</pos>
<type>標高点（測点）</type>
<alti>456</alti>
</ElevPt>
<ElevPt gml:id="K2_4743911778_1">
<fid>47439-11778-i-1</fid>
<lfSpanFr gml:id="K2_4743911778_1-1">
<gml:timePosition>2013-12-10</gml:timePosition>
</lfSpanFr>
<devDate gml:id="K2_4743911778_1-2">
<gml:timePosition>2020-12-07</gml:timePosition>
</devDate>
<orgGILvl>25000</orgGILvl>
<vis>表示</vis>
<pos>
<gml:Point gml:id="K2_4743911778_1-g" srsName="fguuid:jgd2011.bl">
<gml:pos>32.723552778 131.778941389</gml:pos>
</gml:Point>
</pos>
<type>標高点（測点）</type>
<alti>312</alti>
</ElevPt>
<ElevPt gml:id="K2_4743911781_1">
<fid>47439-11781-i-4</fid>
<lfSpanFr gml:id="K2_4743911781_1-1">
<gml:timePosition>2013-12-10</gml:timePosition>
</lfSpanFr>
<devDate gml:id="K2_4743911781_1-2">
<gml:timePosition>2020-12-07</gml:timePosition>
</devDate>
<orgGILvl>25000</orgGILvl>
<vis>表示</vis>
<pos>
<gml:Point gml:id="K2_4743911781_1-g" srsName="fguuid:jgd2011.bl">
<gml:pos>32.729717778 131.777100278</gml:pos>
</gml:Point>
</pos>
<type>標高点（測点）</type>
<alti>359</alti>
</ElevPt>
<ElevPt gml:id="K2_4743911784_1">
<fid>47439-11784-i-3</fid>
<lfSpanFr gml:id="K2_4743911784_1-1">
<gml:timePosition>2013-12-10</gml:timePosition>
</lfSpanFr>
<devDate gml:id="K2_4743911784_1-2">
<gml:timePosition>2020-12-07</gml:timePosition>
</devDate>
<orgGILvl>25000</orgGILvl>
<vis>表示</vis>
<pos>
<gml:Point gml:id="K2_4743911784_1-g" srsName="fguuid:jgd2011.bl">
<gml:pos>32.736321111 131.778986111</gml:pos>
</gml:Point>
</pos>
<type>標高点（測点）</type>
<alti>623</alti>
</ElevPt>
<ElevPt gml:id="K2_4743911787_1">
<fid>47439-11787-i-1</fid>
<lfSpanFr gml:id="K2_4743911787_1-1">
<gml:timePosition>2013-12-10</gml:timePosition>
</lfSpanFr>
<devDate gml:id="K2_4743911787_1-2">
<gml:timePosition>2020-12-07</gml:timePosition>
</devDate>
<orgGILvl>25000</orgGILvl>
<vis>表示</vis>
<pos>
<gml:Point gml:id="K2_4743911787_1-g" srsName="fguuid:jgd2011.bl">
<gml:pos>32.744130278 131.780550556</gml:pos>
</gml:Point>
</pos>
<type>標高点（測点）</type>
<alti>514</alti>
</ElevPt>
<ElevPt gml:id="K2_4744211760_1">
<fid>47442-11760-i-359</fid>
<lfSpanFr gml:id="K2_4744211760_1-1">
<gml:timePosition>2020-06-30</gml:timePosition>
</lfSpanFr>
<devDate gml:id="K2_4744211760_1-2">
<gml:timePosition>2020-12-07</gml:timePosition>
</devDate>
<orgGILvl>25000</orgGILvl>
<vis>表示</vis>
<pos>
<gml:Point gml:id="K2_4744211760_1-g" srsName="fguuid:jgd2011.bl">
<gml:pos>32.673621389 131.789108056</gml:pos>
</gml:Point>
</pos>
<type>標高点（測点）</type>
<alti>102</alti>
</ElevPt>
<ElevPt gml:id="K2_4744211763_1">
<fid>47442-11763-i-224</fid>
<lfSpanFr gml:id="K2_4744211763_1-1">
<gml:timePosition>2020-06-30</gml:timePosition>
</lfSpanFr>
<devDate gml:id="K2_4744211763_1-2">
<gml:timePosition>2020-12-07</gml:timePosition>
</devDate>
<orgGILvl>25000</orgGILvl>
<vis>表示</vis>
<pos>
<gml:Point gml:id="K2_4744211763_1-g" srsName="fguuid:jgd2011.bl">
<gml:pos>32.676945556 131.790710833</gml:pos>
</gml:Point>
</pos>
<type>標高点（測点）</type>
<alti>103</alti>
</ElevPt>
<ElevPt gml:id="K2_4744211766_1">
<fid>47442-11766-i-213</fid>
<lfSpanFr gml:id="K2_4744211766_1-1">
<gml:timePosition>2020-06-30</gml:timePosition>
</lfSpanFr>
<devDate gml:id="K2_4744211766_1-2">
<gml:timePosition>2020-12-07</gml:timePosition>
</devDate>
<orgGILvl>25000</orgGILvl>
<vis>表示</vis>
<pos>
<gml:Point gml:id="K2_4744211766_1-g" srsName="fguuid:jgd2011.bl">
<gml:pos>32.689291944 131.791450556</gml:pos>
</gml:Point>
</pos>
<type>標高点（測点）</type>
<alti>106</alti>
</ElevPt>
<ElevPt gml:id="K2_4744211766_2">
<fid>47442-11766-i-214</fid>
<lfSpanFr gml:id="K2_4744211766_2-1">
<gml:timePosition>2020-06-30</gml:timePosition>
</lfSpanFr>
<devDate gml:id="K2_4744211766_2-2">
<gml:timePosition>2020-12-07</gml:timePosition>
</devDate>
<orgGILvl>25000</orgGILvl>
<vis>表示</vis>
<pos>
<gml:Point gml:id="K2_4744211766_2-g" srsName="fguuid:jgd2011.bl">
<gml:pos>32.689349167 131.785715000</gml:pos>
</gml:Point>
</pos>
<type>標高点（測点）</type>
<alti>6</alti>
</ElevPt>
<ElevPt gml:id="K2_4744211769_1">
<fid>47442-11769-i-97</fid>
<lfSpanFr gml:id="K2_4744211769_1-1">
<gml:timePosition>2020-06-30</gml:timePosition>
</lfSpanFr>
<devDate gml:id="K2_4744211769_1-2">
<gml:timePosition>2020-12-07</gml:timePosition>
</devDate>
<orgGILvl>25000</orgGILvl>
<vis>表示</vis>
<pos>
<gml:Point gml:id="K2_4744211769_1-g" srsName="fguuid:jgd2011.bl">
<gml:pos>32.696510278 131.789476389</gml:pos>
</gml:Point>
</pos>
<type>標高点（測点）</type>
<alti>121</alti>
</ElevPt>
<ElevPt gml:id="K2_4744211772_1">
<fid>47442-11772-i-16</fid>
<lfSpanFr gml:id="K2_4744211772_1-1">
<gml:timePosition>2020-06-30</gml:timePosition>
</lfSpanFr>
<devDate gml:id="K2_4744211772_1-2">
<gml:timePosition>2020-12-07</gml:timePosition>
</devDate>
<orgGILvl>25000</orgGILvl>
<vis>表示</vis>
<pos>
<gml:Point gml:id="K2_4744211772_1-g" srsName="fguuid:jgd2011.bl">
<gml:pos>32.703706944 131.785957222</gml:pos>
</gml:Point>
</pos>
<type>標高点（測点）</type>
<alti>38</alti>
</ElevPt>
<ElevPt gml:id="K2_4744211775_1">
<fid>47442-11775-i-4</fid>
<lfSpanFr gml:id="K2_4744211775_1-1">
<gml:timePosition>2013-12-10</gml:timePosition>
</lfSpanFr>
<devDate gml:id="K2_4744211775_1-2">
<gml:timePosition>2020-12-07</gml:timePosition>
</devDate>
<orgGILvl>25000</orgGILvl>
<vis>表示</vis>
<pos>
<gml:Point gml:id="K2_4744211775_1-g" srsName="fguuid:jgd2011.bl">
<gml:pos>32.710780278 131.791275000</gml:pos>
</gml:Point>
</pos>
<type>標高点（測点）</type>
<alti>232</alti>
</ElevPt>
<ElevPt gml:id="K2_4744211778_1">
<fid>47442-11778-i-4</fid>
<lfSpanFr gml:id="K2_4744211778_1-1">
<gml:timePosition>2013-12-10</gml:timePosition>
</lfSpanFr>
<devDate gml:id="K2_4744211778_1-2">
<gml:timePosition>2020-12-07</gml:timePosition>
</devDate>
<orgGILvl>25000</orgGILvl>
<vis>表示</vis>
<pos>
<gml:Point gml:id="K2_4744211778_1-g" srsName="fguuid:jgd2011.bl">
<gml:pos>32.720219722 131.784388611</gml:pos>
</gml:Point>
</pos>
<type>標高点（測点）</type>
<alti>522</alti>
</ElevPt>
<ElevPt gml:id="K2_4744211781_1">
<fid>47442-11781-i-38</fid>
<lfSpanFr gml:id="K2_4744211781_1-1">
<gml:timePosition>2020-11-04</gml:timePosition>
</lfSpanFr>
<devDate gml:id="K2_4744211781_1-2">
<gml:timePosition>2020-12-07</gml:timePosition>
</devDate>
<orgGILvl>25000</orgGILvl>
<vis>表示</vis>
<pos>
<gml:Point gml:id="K2_4744211781_1-g" srsName="fguuid:jgd2011.bl">
<gml:pos>32.731678889 131.788172222</gml:pos>
</gml:Point>
</pos>
<type>標高点（測点）</type>
<alti>534</alti>
</ElevPt>
<ElevPt gml:id="K2_4744211787_1">
<fid>47442-11787-i-3</fid>
<lfSpanFr gml:id="K2_4744211787_1-1">
<gml:timePosition>2013-12-10</gml:timePosition>
</lfSpanFr>
<devDate gml:id="K2_4744211787_1-2">
<gml:timePosition>2020-12-07</gml:timePosition>
</devDate>
<orgGILvl>25000</orgGILvl>
<vis>表示</vis>
<pos>
<gml:Point gml:id="K2_4744211787_1-g" srsName="fguuid:jgd2011.bl">
<gml:pos>32.745095278 131.791010000</gml:pos>
</gml:Point>
</pos>
<type>標高点（測点）</type>
<alti>428</alti>
</ElevPt>
<ElevPt gml:id="K2_4744511772_1">
<fid>47445-11772-i-103</fid>
<lfSpanFr gml:id="K2_4744511772_1-1">
<gml:timePosition>2020-06-30</gml:timePosition>
</lfSpanFr>
<devDate gml:id="K2_4744511772_1-2">
<gml:timePosition>2020-12-07</gml:timePosition>
</devDate>
<orgGILvl>25000</orgGILvl>
<vis>表示</vis>
<pos>
<gml:Point gml:id="K2_4744511772_1-g" srsName="fguuid:jgd2011.bl">
<gml:pos>32.702606111 131.795958611</gml:pos>
</gml:Point>
</pos>
<type>標高点（測点）</type>
<alti>322</alti>
</ElevPt>
<ElevPt gml:id="K2_4744511778_1">
<fid>47445-11778-i-25</fid>
<lfSpanFr gml:id="K2_4744511778_1-1">
<gml:timePosition>2020-06-30</gml:timePosition>
</lfSpanFr>
<devDate gml:id="K2_4744511778_1-2">
<gml:timePosition>2020-12-07</gml:timePosition>
</devDate>
<orgGILvl>25000</orgGILvl>
<vis>表示</vis>
<pos>
<gml:Point gml:id="K2_4744511778_1-g" srsName="fguuid:jgd2011.bl">
<gml:pos>32.721238056 131.796500833</gml:pos>
</gml:Point>
</pos>
<type>標高点（測点）</type>
<alti>353</alti>
</ElevPt>
<ElevPt gml:id="K2_4744511784_1">
<fid>47445-11784-i-17</fid>
<lfSpanFr gml:id="K2_4744511784_1-1">
<gml:timePosition>2020-06-30</gml:timePosition>
</lfSpanFr>
<devDate gml:id="K2_4744511784_1-2">
<gml:timePosition>2020-12-07</gml:timePosition>
</devDate>
<orgGILvl>25000</orgGILvl>
<vis>表示</vis>
<pos>
<gml:Point gml:id="K2_4744511784_1-g" srsName="fguuid:jgd2011.bl">
<gml:pos>32.739050000 131.797373889</gml:pos>
</gml:Point>
</pos>
<type>標高点（測点）</type>
<alti>252</alti>
</ElevPt>
<ElevPt gml:id="K2_4744811766_1">
<fid>47448-11766-i-564</fid>
<lfSpanFr gml:id="K2_4744811766_1-1">
<gml:timePosition>2020-06-30</gml:timePosition>
</lfSpanFr>
<devDate gml:id="K2_4744811766_1-2">
<gml:timePosition>2020-12-07</gml:timePosition>
</devDate>
<orgGILvl>25000</orgGILvl>
<vis>表示</vis>
<pos>
<gml:Point gml:id="K2_4744811766_1-g" srsName="fguuid:jgd2011.bl">
<gml:pos>32.687947222 131.802538889</gml:pos>
</gml:Point>
</pos>
<type>標高点（測点）</type>
<alti>132</alti>
</ElevPt>
<ElevPt gml:id="K2_4744811769_1">
<fid>47448-11769-i-46</fid>
<lfSpanFr gml:id="K2_4744811769_1-1">
<gml:timePosition>2020-06-30</gml:timePosition>
</lfSpanFr>
<devDate gml:id="K2_4744811769_1-2">
<gml:timePosition>2020-12-07</gml:timePosition>
</devDate>
<orgGILvl>25000</orgGILvl>
<vis>表示</vis>
<pos>
<gml:Point gml:id="K2_4744811769_1-g" srsName="fguuid:jgd2011.bl">
<gml:pos>32.694319167 131.801451944</gml:pos>
</gml:Point>
</pos>
<type>標高点（測点）</type>
<alti>166</alti>
</ElevPt>
<ElevPt gml:id="K2_4744811775_1">
<fid>47448-11775-i-43</fid>
<lfSpanFr gml:id="K2_4744811775_1-1">
<gml:timePosition>2020-06-30</gml:timePosition>
</lfSpanFr>
<devDate gml:id="K2_4744811775_1-2">
<gml:timePosition>2020-12-07</gml:timePosition>
</devDate>
<orgGILvl>25000</orgGILvl>
<vis>表示</vis>
<pos>
<gml:Point gml:id="K2_4744811775_1-g" srsName="fguuid:jgd2011.bl">
<gml:pos>32.712861667 131.805933333</gml:pos>
</gml:Point>
</pos>
<type>標高点（測点）</type>
<alti>276</alti>
</ElevPt>
<ElevPt gml:id="K2_4744811784_1">
<fid>47448-11784-i-9</fid>
<lfSpanFr gml:id="K2_4744811784_1-1">
<gml:timePosition>2020-06-30</gml:timePosition>
</lfSpanFr>
<devDate gml:id="K2_4744811784_1-2">
<gml:timePosition>2020-12-07</gml:timePosition>
</devDate>
<orgGILvl>25000</orgGILvl>
<vis>表示</vis>
<pos>
<gml:Point gml:id="K2_4744811784_1-g" srsName="fguuid:jgd2011.bl">
<gml:pos>32.737537500 131.806520000</gml:pos>
</gml:Point>
</pos>
<type>標高点（測点）</type>
<alti>335</alti>
</ElevPt>
<ElevPt gml:id="K2_4744811784_2">
<fid>47448-11784-i-10</fid>
<lfSpanFr gml:id="K2_4744811784_2-1">
<gml:timePosition>2020-06-30</gml:timePosition>
</lfSpanFr>
<devDate gml:id="K2_4744811784_2-2">
<gml:timePosition>2020-12-07</gml:timePosition>
</devDate>
<orgGILvl>25000</orgGILvl>
<vis>表示</vis>
<pos>
<gml:Point gml:id="K2_4744811784_2-g" srsName="fguuid:jgd2011.bl">
<gml:pos>32.734816389 131.801212222</gml:pos>
</gml:Point>
</pos>
<type>標高点（測点）</type>
<alti>299</alti>
</ElevPt>
<ElevPt gml:id="K2_4745111760_1">
<fid>47451-11760-i-66</fid>
<lfSpanFr gml:id="K2_4745111760_1-1">
<gml:timePosition>2020-06-30</gml:timePosition>
</lfSpanFr>
<devDate gml:id="K2_4745111760_1-2">
<gml:timePosition>2020-12-07</gml:timePosition>
</devDate>
<orgGILvl>25000</orgGILvl>
<vis>表示</vis>
<pos>
<gml:Point gml:id="K2_4745111760_1-g" srsName="fguuid:jgd2011.bl">
<gml:pos>32.669537500 131.810287500</gml:pos>
</gml:Point>
</pos>
<type>標高点（測点）</type>
<alti>41</alti>
</ElevPt>
<ElevPt gml:id="K2_4745111769_1">
<fid>47451-11769-i-128</fid>
<lfSpanFr gml:id="K2_4745111769_1-1">
<gml:timePosition>2020-06-30</gml:timePosition>
</lfSpanFr>
<devDate gml:id="K2_4745111769_1-2">
<gml:timePosition>2020-12-07</gml:timePosition>
</devDate>
<orgGILvl>25000</orgGILvl>
<vis>表示</vis>
<pos>
<gml:Point gml:id="K2_4745111769_1-g" srsName="fguuid:jgd2011.bl">
<gml:pos>32.694581111 131.815850278</gml:pos>
</gml:Point>
</pos>
<type>標高点（測点）</type>
<alti>46</alti>
</ElevPt>
<ElevPt gml:id="K2_4745111781_1">
<fid>47451-11781-i-38</fid>
<lfSpanFr gml:id="K2_4745111781_1-1">
<gml:timePosition>2020-06-30</gml:timePosition>
</lfSpanFr>
<devDate gml:id="K2_4745111781_1-2">
<gml:timePosition>2020-12-07</gml:timePosition>
</devDate>
<orgGILvl>25000</orgGILvl>
<vis>表示</vis>
<pos>
<gml:Point gml:id="K2_4745111781_1-g" srsName="fguuid:jgd2011.bl">
<gml:pos>32.725246944 131.810536944</gml:pos>
</gml:Point>
</pos>
<type>標高点（測点）</type>
<alti>425</alti>
</ElevPt>
<ElevPt gml:id="K2_4745111784_1">
<fid>47451-11784-i-44</fid>
<lfSpanFr gml:id="K2_4745111784_1-1">
<gml:timePosition>2020-06-30</gml:timePosition>
</lfSpanFr>
<devDate gml:id="K2_4745111784_1-2">
<gml:timePosition>2020-12-07</gml:timePosition>
</devDate>
<orgGILvl>25000</orgGILvl>
<vis>表示</vis>
<pos>
<gml:Point gml:id="K2_4745111784_1-g" srsName="fguuid:jgd2011.bl">
<gml:pos>32.738084995 131.812083522</gml:pos>
</gml:Point>
</pos>
<type>標高点（測点）</type>
<alti>127</alti>
</ElevPt>
<ElevPt gml:id="K2_4745111787_1">
<fid>47451-11787-i-65</fid>
<lfSpanFr gml:id="K2_4745111787_1-1">
<gml:timePosition>2020-06-30</gml:timePosition>
</lfSpanFr>
<devDate gml:id="K2_4745111787_1-2">
<gml:timePosition>2020-12-07</gml:timePosition>
</devDate>
<orgGILvl>25000</orgGILvl>
<vis>表示</vis>
<pos>
<gml:Point gml:id="K2_4745111787_1-g" srsName="fguuid:jgd2011.bl">
<gml:pos>32.746539861 131.812958778</gml:pos>
</gml:Point>
</pos>
<type>標高点（測点）</type>
<alti>103</alti>
</ElevPt>
<ElevPt gml:id="K2_4745411760_1">
<fid>47454-11760-i-59</fid>
<lfSpanFr gml:id="K2_4745411760_1-1">
<gml:timePosition>2020-06-30</gml:timePosition>
</lfSpanFr>
<devDate gml:id="K2_4745411760_1-2">
<gml:timePosition>2020-12-07</gml:timePosition>
</devDate>
<orgGILvl>25000</orgGILvl>
<vis>表示</vis>
<pos>
<gml:Point gml:id="K2_4745411760_1-g" srsName="fguuid:jgd2011.bl">
<gml:pos>32.672860556 131.818126111</gml:pos>
</gml:Point>
</pos>
<type>標高点（測点）</type>
<alti>59</alti>
</ElevPt>
<ElevPt gml:id="K2_4745411775_1">
<fid>47454-11775-i-514</fid>
<lfSpanFr gml:id="K2_4745411775_1-1">
<gml:timePosition>2020-06-30</gml:timePosition>
</lfSpanFr>
<devDate gml:id="K2_4745411775_1-2">
<gml:timePosition>2020-12-07</gml:timePosition>
</devDate>
<orgGILvl>25000</orgGILvl>
<vis>表示</vis>
<pos>
<gml:Point gml:id="K2_4745411775_1-g" srsName="fguuid:jgd2011.bl">
<gml:pos>32.714911422 131.822509229</gml:pos>
</gml:Point>
</pos>
<type>標高点（測点）</type>
<alti>14</alti>
</ElevPt>
<ElevPt gml:id="K2_4745411781_1">
<fid>47454-11781-i-51</fid>
<lfSpanFr gml:id="K2_4745411781_1-1">
<gml:timePosition>2020-06-30</gml:timePosition>
</lfSpanFr>
<devDate gml:id="K2_4745411781_1-2">
<gml:timePosition>2020-12-07</gml:timePosition>
</devDate>
<orgGILvl>25000</orgGILvl>
<vis>表示</vis>
<pos>
<gml:Point gml:id="K2_4745411781_1-g" srsName="fguuid:jgd2011.bl">
<gml:pos>32.729027778 131.820990833</gml:pos>
</gml:Point>
</pos>
<type>標高点（測点）</type>
<alti>215</alti>
</ElevPt>
<ElevPt gml:id="K2_4745411784_1">
<fid>47454-11784-i-20</fid>
<lfSpanFr gml:id="K2_4745411784_1-1">
<gml:timePosition>2020-06-30</gml:timePosition>
</lfSpanFr>
<devDate gml:id="K2_4745411784_1-2">
<gml:timePosition>2020-12-07</gml:timePosition>
</devDate>
<orgGILvl>25000</orgGILvl>
<vis>表示</vis>
<pos>
<gml:Point gml:id="K2_4745411784_1-g" srsName="fguuid:jgd2011.bl">
<gml:pos>32.739485833 131.820128889</gml:pos>
</gml:Point>
</pos>
<type>標高点（測点）</type>
<alti>299</alti>
</ElevPt>
<ElevPt gml:id="K2_4745411787_1">
<fid>47454-11787-i-35</fid>
<lfSpanFr gml:id="K2_4745411787_1-1">
<gml:timePosition>2020-06-30</gml:timePosition>
</lfSpanFr>
<devDate gml:id="K2_4745411787_1-2">
<gml:timePosition>2020-12-07</gml:timePosition>
</devDate>
<orgGILvl>25000</orgGILvl>
<vis>表示</vis>
<pos>
<gml:Point gml:id="K2_4745411787_1-g" srsName="fguuid:jgd2011.bl">
<gml:pos>32.745646111 131.820386111</gml:pos>
</gml:Point>
</pos>
<type>標高点（測点）</type>
<alti>162</alti>
</ElevPt>
<ElevPt gml:id="K2_4745711775_1">
<fid>47457-11775-i-84</fid>
<lfSpanFr gml:id="K2_4745711775_1-1">
<gml:timePosition>2020-06-30</gml:timePosition>
</lfSpanFr>
<devDate gml:id="K2_4745711775_1-2">
<gml:timePosition>2020-12-07</gml:timePosition>
</devDate>
<orgGILvl>25000</orgGILvl>
<vis>表示</vis>
<pos>
<gml:Point gml:id="K2_4745711775_1-g" srsName="fguuid:jgd2011.bl">
<gml:pos>32.710163611 131.828598056</gml:pos>
</gml:Point>
</pos>
<type>標高点（測点）</type>
<alti>94</alti>
</ElevPt>
<ElevPt gml:id="K2_4745711781_1">
<fid>47457-11781-i-125</fid>
<lfSpanFr gml:id="K2_4745711781_1-1">
<gml:timePosition>2020-06-30</gml:timePosition>
</lfSpanFr>
<devDate gml:id="K2_4745711781_1-2">
<gml:timePosition>2020-12-07</gml:timePosition>
</devDate>
<orgGILvl>25000</orgGILvl>
<vis>表示</vis>
<pos>
<gml:Point gml:id="K2_4745711781_1-g" srsName="fguuid:jgd2011.bl">
<gml:pos>32.729616667 131.831541111</gml:pos>
</gml:Point>
</pos>
<type>標高点（測点）</type>
<alti>204</alti>
</ElevPt>
<ElevPt gml:id="K2_4745711781_2">
<fid>47457-11781-i-126</fid>
<lfSpanFr gml:id="K2_4745711781_2-1">
<gml:timePosition>2020-06-30</gml:timePosition>
</lfSpanFr>
<devDate gml:id="K2_4745711781_2-2">
<gml:timePosition>2020-12-07</gml:timePosition>
</devDate>
<orgGILvl>25000</orgGILvl>
<vis>表示</vis>
<pos>
<gml:Point gml:id="K2_4745711781_2-g" srsName="fguuid:jgd2011.bl">
<gml:pos>32.725569722 131.825376944</gml:pos>
</gml:Point>
</pos>
<type>標高点（測点）</type>
<alti>37</alti>
</ElevPt>
<ElevPt gml:id="K2_4745711784_1">
<fid>47457-11784-i-51</fid>
<lfSpanFr gml:id="K2_4745711784_1-1">
<gml:timePosition>2020-06-30</gml:timePosition>
</lfSpanFr>
<devDate gml:id="K2_4745711784_1-2">
<gml:timePosition>2020-12-07</gml:timePosition>
</devDate>
<orgGILvl>25000</orgGILvl>
<vis>表示</vis>
<pos>
<gml:Point gml:id="K2_4745711784_1-g" srsName="fguuid:jgd2011.bl">
<gml:pos>32.736306944 131.828512778</gml:pos>
</gml:Point>
</pos>
<type>標高点（測点）</type>
<alti>278</alti>
</ElevPt>
<ElevPt gml:id="K2_4745711787_1">
<fid>47457-11787-i-19</fid>
<lfSpanFr gml:id="K2_4745711787_1-1">
<gml:timePosition>2020-06-30</gml:timePosition>
</lfSpanFr>
<devDate gml:id="K2_4745711787_1-2">
<gml:timePosition>2020-12-07</gml:timePosition>
</devDate>
<orgGILvl>25000</orgGILvl>
<vis>表示</vis>
<pos>
<gml:Point gml:id="K2_4745711787_1-g" srsName="fguuid:jgd2011.bl">
<gml:pos>32.747626667 131.829272500</gml:pos>
</gml:Point>
</pos>
<type>標高点（測点）</type>
<alti>343</alti>
</ElevPt>
<ElevPt gml:id="K2_4745711787_2">
<fid>47457-11787-i-20</fid>
<lfSpanFr gml:id="K2_4745711787_2-1">
<gml:timePosition>2020-06-30</gml:timePosition>
</lfSpanFr>
<devDate gml:id="K2_4745711787_2-2">
<gml:timePosition>2020-12-07</gml:timePosition>
</devDate>
<orgGILvl>25000</orgGILvl>
<vis>表示</vis>
<pos>
<gml:Point gml:id="K2_4745711787_2-g" srsName="fguuid:jgd2011.bl">
<gml:pos>32.742405556 131.829760833</gml:pos>
</gml:Point>
</pos>
<type>標高点（測点）</type>
<alti>198</alti>
</ElevPt>
<ElevPt gml:id="K2_4746011760_1">
<fid>47460-11760-i-47</fid>
<lfSpanFr gml:id="K2_4746011760_1-1">
<gml:timePosition>2020-06-30</gml:timePosition>
</lfSpanFr>
<devDate gml:id="K2_4746011760_1-2">
<gml:timePosition>2020-12-07</gml:timePosition>
</devDate>
<orgGILvl>25000</orgGILvl>
<vis>表示</vis>
<pos>
<gml:Point gml:id="K2_4746011760_1-g" srsName="fguuid:jgd2011.bl">
<gml:pos>32.670165833 131.834613611</gml:pos>
</gml:Point>
</pos>
<type>標高点（測点）</type>
<alti>82</alti>
</ElevPt>
<ElevPt gml:id="K2_4746011760_2">
<fid>47460-11760-i-48</fid>
<lfSpanFr gml:id="K2_4746011760_2-1">
<gml:timePosition>2020-06-30</gml:timePosition>
</lfSpanFr>
<devDate gml:id="K2_4746011760_2-2">
<gml:timePosition>2020-12-07</gml:timePosition>
</devDate>
<orgGILvl>25000</orgGILvl>
<vis>表示</vis>
<pos>
<gml:Point gml:id="K2_4746011760_2-g" srsName="fguuid:jgd2011.bl">
<gml:pos>32.666712222 131.835490556</gml:pos>
</gml:Point>
</pos>
<type>標高点（測点）</type>
<alti>139</alti>
</ElevPt>
<ElevPt gml:id="K2_4746011775_1">
<fid>47460-11775-i-76</fid>
<lfSpanFr gml:id="K2_4746011775_1-1">
<gml:timePosition>2020-06-30</gml:timePosition>
</lfSpanFr>
<devDate gml:id="K2_4746011775_1-2">
<gml:timePosition>2020-12-07</gml:timePosition>
</devDate>
<orgGILvl>25000</orgGILvl>
<vis>表示</vis>
<pos>
<gml:Point gml:id="K2_4746011775_1-g" srsName="fguuid:jgd2011.bl">
<gml:pos>32.713765000 131.836380833</gml:pos>
</gml:Point>
</pos>
<type>標高点（測点）</type>
<alti>25</alti>
</ElevPt>
<ElevPt gml:id="K2_4746011775_2">
<fid>47460-11775-i-77</fid>
<lfSpanFr gml:id="K2_4746011775_2-1">
<gml:timePosition>2020-06-30</gml:timePosition>
</lfSpanFr>
<devDate gml:id="K2_4746011775_2-2">
<gml:timePosition>2020-12-07</gml:timePosition>
</devDate>
<orgGILvl>25000</orgGILvl>
<vis>表示</vis>
<pos>
<gml:Point gml:id="K2_4746011775_2-g" srsName="fguuid:jgd2011.bl">
<gml:pos>32.708601667 131.836883611</gml:pos>
</gml:Point>
</pos>
<type>標高点（測点）</type>
<alti>94</alti>
</ElevPt>
<ElevPt gml:id="K2_4746011778_1">
<fid>47460-11778-i-57</fid>
<lfSpanFr gml:id="K2_4746011778_1-1">
<gml:timePosition>2020-06-30</gml:timePosition>
</lfSpanFr>
<devDate gml:id="K2_4746011778_1-2">
<gml:timePosition>2020-12-07</gml:timePosition>
</devDate>
<orgGILvl>25000</orgGILvl>
<vis>表示</vis>
<pos>
<gml:Point gml:id="K2_4746011778_1-g" srsName="fguuid:jgd2011.bl">
<gml:pos>32.721877500 131.833859444</gml:pos>
</gml:Point>
</pos>
<type>標高点（測点）</type>
<alti>221</alti>
</ElevPt>
<ElevPt gml:id="K2_4746011784_1">
<fid>47460-11784-i-32</fid>
<lfSpanFr gml:id="K2_4746011784_1-1">
<gml:timePosition>2020-06-30</gml:timePosition>
</lfSpanFr>
<devDate gml:id="K2_4746011784_1-2">
<gml:timePosition>2020-12-07</gml:timePosition>
</devDate>
<orgGILvl>25000</orgGILvl>
<vis>表示</vis>
<pos>
<gml:Point gml:id="K2_4746011784_1-g" srsName="fguuid:jgd2011.bl">
<gml:pos>32.740735278 131.836907222</gml:pos>
</gml:Point>
</pos>
<type>標高点（測点）</type>
<alti>157</alti>
</ElevPt>
<ElevPt gml:id="K2_4746011784_2">
<fid>47460-11784-i-33</fid>
<lfSpanFr gml:id="K2_4746011784_2-1">
<gml:timePosition>2020-06-30</gml:timePosition>
</lfSpanFr>
<devDate gml:id="K2_4746011784_2-2">
<gml:timePosition>2020-12-07</gml:timePosition>
</devDate>
<orgGILvl>25000</orgGILvl>
<vis>表示</vis>
<pos>
<gml:Point gml:id="K2_4746011784_2-g" srsName="fguuid:jgd2011.bl">
<gml:pos>32.733488611 131.841160278</gml:pos>
</gml:Point>
</pos>
<type>標高点（測点）</type>
<alti>392</alti>
</ElevPt>
<ElevPt gml:id="K2_4746311766_1">
<fid>47463-11766-i-148</fid>
<lfSpanFr gml:id="K2_4746311766_1-1">
<gml:timePosition>2020-06-30</gml:timePosition>
</lfSpanFr>
<devDate gml:id="K2_4746311766_1-2">
<gml:timePosition>2020-12-07</gml:timePosition>
</devDate>
<orgGILvl>25000</orgGILvl>
<vis>表示</vis>
<pos>
<gml:Point gml:id="K2_4746311766_1-g" srsName="fguuid:jgd2011.bl">
<gml:pos>32.684457222 131.843467778</gml:pos>
</gml:Point>
</pos>
<type>標高点（測点）</type>
<alti>58</alti>
</ElevPt>
<ElevPt gml:id="K2_4746311769_1">
<fid>47463-11769-i-114</fid>
<lfSpanFr gml:id="K2_4746311769_1-1">
<gml:timePosition>2020-06-30</gml:timePosition>
</lfSpanFr>
<devDate gml:id="K2_4746311769_1-2">
<gml:timePosition>2020-12-07</gml:timePosition>
</devDate>
<orgGILvl>25000</orgGILvl>
<vis>表示</vis>
<pos>
<gml:Point gml:id="K2_4746311769_1-g" srsName="fguuid:jgd2011.bl">
<gml:pos>32.694069444 131.843797500</gml:pos>
</gml:Point>
</pos>
<type>標高点（測点）</type>
<alti>98</alti>
</ElevPt>
<ElevPt gml:id="K2_4746311769_2">
<fid>47463-11769-i-115</fid>
<lfSpanFr gml:id="K2_4746311769_2-1">
<gml:timePosition>2020-06-30</gml:timePosition>
</lfSpanFr>
<devDate gml:id="K2_4746311769_2-2">
<gml:timePosition>2020-12-07</gml:timePosition>
</devDate>
<orgGILvl>25000</orgGILvl>
<vis>表示</vis>
<pos>
<gml:Point gml:id="K2_4746311769_2-g" srsName="fguuid:jgd2011.bl">
<gml:pos>32.698596389 131.844055278</gml:pos>
</gml:Point>
</pos>
<type>標高点（測点）</type>
<alti>40</alti>
</ElevPt>
<ElevPt gml:id="K2_4746311775_1">
<fid>47463-11775-i-12</fid>
<lfSpanFr gml:id="K2_4746311775_1-1">
<gml:timePosition>2020-06-30</gml:timePosition>
</lfSpanFr>
<devDate gml:id="K2_4746311775_1-2">
<gml:timePosition>2020-12-07</gml:timePosition>
</devDate>
<orgGILvl>25000</orgGILvl>
<vis>表示</vis>
<pos>
<gml:Point gml:id="K2_4746311775_1-g" srsName="fguuid:jgd2011.bl">
<gml:pos>32.712382778 131.843937778</gml:pos>
</gml:Point>
</pos>
<type>標高点（測点）</type>
<alti>233</alti>
</ElevPt>
<ElevPt gml:id="K2_4746311778_1">
<fid>47463-11778-i-73</fid>
<lfSpanFr gml:id="K2_4746311778_1-1">
<gml:timePosition>2020-06-30</gml:timePosition>
</lfSpanFr>
<devDate gml:id="K2_4746311778_1-2">
<gml:timePosition>2020-12-07</gml:timePosition>
</devDate>
<orgGILvl>25000</orgGILvl>
<vis>表示</vis>
<pos>
<gml:Point gml:id="K2_4746311778_1-g" srsName="fguuid:jgd2011.bl">
<gml:pos>32.718554722 131.844871667</gml:pos>
</gml:Point>
</pos>
<type>標高点（測点）</type>
<alti>221</alti>
</ElevPt>
<ElevPt gml:id="K2_4746311787_1">
<fid>47463-11787-i-21</fid>
<lfSpanFr gml:id="K2_4746311787_1-1">
<gml:timePosition>2020-06-30</gml:timePosition>
</lfSpanFr>
<devDate gml:id="K2_4746311787_1-2">
<gml:timePosition>2020-12-07</gml:timePosition>
</devDate>
<orgGILvl>25000</orgGILvl>
<vis>表示</vis>
<pos>
<gml:Point gml:id="K2_4746311787_1-g" srsName="fguuid:jgd2011.bl">
<gml:pos>32.742445278 131.846725556</gml:pos>
</gml:Point>
</pos>
<type>標高点（測点）</type>
<alti>396</alti>
</ElevPt>
<ElevPt gml:id="K2_4746311787_2">
<fid>47463-11787-i-22</fid>
<lfSpanFr gml:id="K2_4746311787_2-1">
<gml:timePosition>2020-06-30</gml:timePosition>
</lfSpanFr>
<devDate gml:id="K2_4746311787_2-2">
<gml:timePosition>2020-12-07</gml:timePosition>
</devDate>
<orgGILvl>25000</orgGILvl>
<vis>表示</vis>
<pos>
<gml:Point gml:id="K2_4746311787_2-g" srsName="fguuid:jgd2011.bl">
<gml:pos>32.747611389 131.844373611</gml:pos>
</gml:Point>
</pos>
<type>標高点（測点）</type>
<alti>482</alti>
</ElevPt>
<ElevPt gml:id="K2_4746611769_1">
<fid>47466-11769-i-20</fid>
<lfSpanFr gml:id="K2_4746611769_1-1">
<gml:timePosition>2020-06-30</gml:timePosition>
</lfSpanFr>
<devDate gml:id="K2_4746611769_1-2">
<gml:timePosition>2020-12-07</gml:timePosition>
</devDate>
<orgGILvl>25000</orgGILvl>
<vis>表示</vis>
<pos>
<gml:Point gml:id="K2_4746611769_1-g" srsName="fguuid:jgd2011.bl">
<gml:pos>32.696072778 131.856567778</gml:pos>
</gml:Point>
</pos>
<type>標高点（測点）</type>
<alti>71</alti>
</ElevPt>
<ElevPt gml:id="K2_4746611772_1">
<fid>47466-11772-i-16</fid>
<lfSpanFr gml:id="K2_4746611772_1-1">
<gml:timePosition>2020-06-30</gml:timePosition>
</lfSpanFr>
<devDate gml:id="K2_4746611772_1-2">
<gml:timePosition>2020-12-07</gml:timePosition>
</devDate>
<orgGILvl>25000</orgGILvl>
<vis>表示</vis>
<pos>
<gml:Point gml:id="K2_4746611772_1-g" srsName="fguuid:jgd2011.bl">
<gml:pos>32.700633056 131.851654167</gml:pos>
</gml:Point>
</pos>
<type>標高点（測点）</type>
<alti>149</alti>
</ElevPt>
<ElevPt gml:id="K2_4746611781_1">
<fid>47466-11781-i-107</fid>
<lfSpanFr gml:id="K2_4746611781_1-1">
<gml:timePosition>2020-06-30</gml:timePosition>
</lfSpanFr>
<devDate gml:id="K2_4746611781_1-2">
<gml:timePosition>2020-12-07</gml:timePosition>
</devDate>
<orgGILvl>25000</orgGILvl>
<vis>表示</vis>
<pos>
<gml:Point gml:id="K2_4746611781_1-g" srsName="fguuid:jgd2011.bl">
<gml:pos>32.727853889 131.850067500</gml:pos>
</gml:Point>
</pos>
<type>標高点（測点）</type>
<alti>130</alti>
</ElevPt>
<ElevPt gml:id="K2_4746611781_2">
<fid>47466-11781-i-108</fid>
<lfSpanFr gml:id="K2_4746611781_2-1">
<gml:timePosition>2020-06-30</gml:timePosition>
</lfSpanFr>
<devDate gml:id="K2_4746611781_2-2">
<gml:timePosition>2020-12-07</gml:timePosition>
</devDate>
<orgGILvl>25000</orgGILvl>
<vis>表示</vis>
<pos>
<gml:Point gml:id="K2_4746611781_2-g" srsName="fguuid:jgd2011.bl">
<gml:pos>32.732028611 131.851447222</gml:pos>
</gml:Point>
</pos>
<type>標高点（測点）</type>
<alti>275</alti>
</ElevPt>
<ElevPt gml:id="K2_4746611784_1">
<fid>47466-11784-i-73</fid>
<lfSpanFr gml:id="K2_4746611784_1-1">
<gml:timePosition>2020-06-30</gml:timePosition>
</lfSpanFr>
<devDate gml:id="K2_4746611784_1-2">
<gml:timePosition>2020-12-07</gml:timePosition>
</devDate>
<orgGILvl>25000</orgGILvl>
<vis>表示</vis>
<pos>
<gml:Point gml:id="K2_4746611784_1-g" srsName="fguuid:jgd2011.bl">
<gml:pos>32.737663611 131.857972778</gml:pos>
</gml:Point>
</pos>
<type>標高点（測点）</type>
<alti>264</alti>
</ElevPt>
<ElevPt gml:id="K2_4747211787_1">
<fid>47472-11787-i-254</fid>
<lfSpanFr gml:id="K2_4747211787_1-1">
<gml:timePosition>2020-06-30</gml:timePosition>
</lfSpanFr>
<devDate gml:id="K2_4747211787_1-2">
<gml:timePosition>2020-12-07</gml:timePosition>
</devDate>
<orgGILvl>25000</orgGILvl>
<vis>表示</vis>
<pos>
<gml:Point gml:id="K2_4747211787_1-g" srsName="fguuid:jgd2011.bl">
<gml:pos>32.747354216 131.867178799</gml:pos>
</gml:Point>
</pos>
<type>標高点（測点）</type>
<alti>7</alti>
</ElevPt>
</Dataset>
