<?xml version="1.0" encoding="utf-8"?>
<Dataset xsi:schemaLocation="http://fgd.gsi.go.jp/spec/2008/FGD_GMLSchema FGD_GMLSchema.xsd"
	xmlns:gml="http://www.opengis.net/gml/3.2"
	xmlns:xsi="http://www.w3.org/2001/XMLSchema-instance"
	xmlns:xlink="http://www.w3.org/1999/xlink"
	xmlns="http://fgd.gsi.go.jp/spec/2008/FGD_GMLSchema"
	gml:id="Dataset1">
  <gml:description>基盤地図情報メタデータ ID=fmdid:21-0101</gml:description>
  <gml:name>基盤地図情報ダウンロードデータ（GML版）</gml:name>
<GCP gml:id="K1_493106_1">
<fid>10-00100-0-2011-158</fid>
<lfSpanFr gml:id="K1_493106_1-1">
<gml:timePosition>2020-11-11</gml:timePosition>
</lfSpanFr>
<devDate gml:id="K1_493106_1-2">
<gml:timePosition>2020-12-07</gml:timePosition>
</devDate>
<orgGILvl>KJ10</orgGILvl>
<vis>表示</vis>
<pos>
<gml:Point gml:id="K1_493106_1-g" srsName="fguuid:jgd2011.bl">
<gml:pos>32.704017556 131.756840472</gml:pos>
</gml:Point>
</pos>
<orgName>国土地理院</orgName>
<type>電子基準点</type>
<gcpClass>電子基準点</gcpClass>
<gcpCode>EL04931064001</gcpCode>
<name>北川</name>
<B>117734.4632</B>
<L>474324.6257</L>
<alti>549.824</alti>
<altiAcc>3</altiAcc>
</GCP>
<GCP gml:id="K1_493106_2">
<fid>10-00100-0-2011-1469</fid>
<lfSpanFr gml:id="K1_493106_2-1">
<gml:timePosition>2020-11-11</gml:timePosition>
</lfSpanFr>
<devDate gml:id="K1_493106_2-2">
<gml:timePosition>2020-12-07</gml:timePosition>
</devDate>
<orgGILvl>KJ10</orgGILvl>
<vis>表示</vis>
<pos>
<gml:Point gml:id="K1_493106_2-g" srsName="fguuid:jgd2011.bl">
<gml:pos>32.704017222 131.756832778</gml:pos>
</gml:Point>
</pos>
<orgName>国土地理院</orgName>
<type>電子基準点</type>
<gcpClass>電子基準点</gcpClass>
<gcpCode>EL14931064002</gcpCode>
<name>北川（付）</name>
<B>117734.462</B>
<L>474324.598</L>
<alti>544.783</alti>
<altiAcc>3</altiAcc>
</GCP>
<GCP gml:id="K1_493106_3">
<fid>10-00100-0-2011-19702</fid>
<lfSpanFr gml:id="K1_493106_3-1">
<gml:timePosition>2020-11-11</gml:timePosition>
</lfSpanFr>
<devDate gml:id="K1_493106_3-2">
<gml:timePosition>2020-12-07</gml:timePosition>
</devDate>
<orgGILvl>SJ12</orgGILvl>
<vis>表示</vis>
<pos>
<gml:Point gml:id="K1_493106_3-g" srsName="fguuid:jgd2011.bl">
<gml:pos>32.704017222 131.756832778</gml:pos>
</gml:Point>
</pos>
<orgName>国土地理院</orgName>
<type>水準点</type>
<gcpClass>二等水準点</gcpClass>
<gcpCode>L0E000950476A</gcpCode>
<name>９５０４７６Ａ</name>
<B>117734.462</B>
<L>474324.598</L>
<alti>544.783</alti>
<altiAcc>3</altiAcc>
</GCP>
<GCP gml:id="K1_493106_4">
<fid>10-00100-0-2011-20541</fid>
<lfSpanFr gml:id="K1_493106_4-1">
<gml:timePosition>2020-11-11</gml:timePosition>
</lfSpanFr>
<devDate gml:id="K1_493106_4-2">
<gml:timePosition>2020-12-07</gml:timePosition>
</devDate>
<orgGILvl>KJ11</orgGILvl>
<vis>表示</vis>
<pos>
<gml:Point gml:id="K1_493106_4-g" srsName="fguuid:jgd2011.bl">
<gml:pos>32.700661389 131.757477111</gml:pos>
</gml:Point>
</pos>
<orgName>国土地理院</orgName>
<type>三角点</type>
<gcpClass>一等三角点</gcpClass>
<gcpCode>TR14931064003</gcpCode>
<name>鏡山</name>
<B>117722.381</B>
<L>474326.9176</L>
<alti>645.37</alti>
<altiAcc>2</altiAcc>
</GCP>
<GCP gml:id="K1_493106_5">
<fid>10-00100-0-2011-29014</fid>
<lfSpanFr gml:id="K1_493106_5-1">
<gml:timePosition>2020-11-11</gml:timePosition>
</lfSpanFr>
<devDate gml:id="K1_493106_5-2">
<gml:timePosition>2020-12-07</gml:timePosition>
</devDate>
<orgGILvl>KJ13</orgGILvl>
<vis>表示</vis>
<pos>
<gml:Point gml:id="K1_493106_5-g" srsName="fguuid:jgd2011.bl">
<gml:pos>32.681534111 131.845175306</gml:pos>
</gml:Point>
</pos>
<orgName>国土地理院</orgName>
<type>三角点</type>
<gcpClass>三等三角点</gcpClass>
<gcpCode>TR34931061701</gcpCode>
<name>高島</name>
<B>117653.5228</B>
<L>474642.6311</L>
<alti>77.24</alti>
<altiAcc>2</altiAcc>
</GCP>
<GCP gml:id="K1_493106_6">
<fid>10-00100-0-2011-29015</fid>
<lfSpanFr gml:id="K1_493106_6-1">
<gml:timePosition>2020-11-11</gml:timePosition>
</lfSpanFr>
<devDate gml:id="K1_493106_6-2">
<gml:timePosition>2020-12-07</gml:timePosition>
</devDate>
<orgGILvl>KJ13</orgGILvl>
<vis>表示</vis>
<pos>
<gml:Point gml:id="K1_493106_6-g" srsName="fguuid:jgd2011.bl">
<gml:pos>32.683856333 131.795160444</gml:pos>
</gml:Point>
</pos>
<orgName>国土地理院</orgName>
<type>三角点</type>
<gcpClass>三等三角点</gcpClass>
<gcpCode>TR34931062301</gcpCode>
<name>阿蘇</name>
<B>117661.8828</B>
<L>474462.5776</L>
<alti>183.53</alti>
<altiAcc>2</altiAcc>
</GCP>
<GCP gml:id="K1_493106_7">
<fid>10-00100-0-2011-29016</fid>
<lfSpanFr gml:id="K1_493106_7-1">
<gml:timePosition>2020-11-11</gml:timePosition>
</lfSpanFr>
<devDate gml:id="K1_493106_7-2">
<gml:timePosition>2020-12-07</gml:timePosition>
</devDate>
<orgGILvl>KJ13</orgGILvl>
<vis>表示</vis>
<pos>
<gml:Point gml:id="K1_493106_7-g" srsName="fguuid:jgd2011.bl">
<gml:pos>32.705447944 131.798179722</gml:pos>
</gml:Point>
</pos>
<orgName>国土地理院</orgName>
<type>三角点</type>
<gcpClass>三等三角点</gcpClass>
<gcpCode>TR34931064301</gcpCode>
<name>森</name>
<B>117739.6126</B>
<L>474473.447</L>
<alti>467.62</alti>
<altiAcc>2</altiAcc>
</GCP>
<GCP gml:id="K1_493106_8">
<fid>10-00100-0-2011-29017</fid>
<lfSpanFr gml:id="K1_493106_8-1">
<gml:timePosition>2020-11-11</gml:timePosition>
</lfSpanFr>
<devDate gml:id="K1_493106_8-2">
<gml:timePosition>2020-12-07</gml:timePosition>
</devDate>
<orgGILvl>KJ13</orgGILvl>
<vis>表示</vis>
<pos>
<gml:Point gml:id="K1_493106_8-g" srsName="fguuid:jgd2011.bl">
<gml:pos>32.704373472 131.843653389</gml:pos>
</gml:Point>
</pos>
<orgName>国土地理院</orgName>
<type>三角点</type>
<gcpClass>三等三角点</gcpClass>
<gcpCode>TR34931064701</gcpCode>
<name>畑ヶ平</name>
<B>117735.7445</B>
<L>474637.1522</L>
<alti>245.23</alti>
<altiAcc>2</altiAcc>
</GCP>
<GCP gml:id="K1_493106_9">
<fid>10-00100-0-2011-29018</fid>
<lfSpanFr gml:id="K1_493106_9-1">
<gml:timePosition>2020-11-11</gml:timePosition>
</lfSpanFr>
<devDate gml:id="K1_493106_9-2">
<gml:timePosition>2020-12-07</gml:timePosition>
</devDate>
<orgGILvl>KJ13</orgGILvl>
<vis>表示</vis>
<pos>
<gml:Point gml:id="K1_493106_9-g" srsName="fguuid:jgd2011.bl">
<gml:pos>32.728438778 131.789609972</gml:pos>
</gml:Point>
</pos>
<orgName>国土地理院</orgName>
<type>三角点</type>
<gcpClass>三等三角点</gcpClass>
<gcpCode>TR34931067301</gcpCode>
<name>飯塚</name>
<B>117822.3796</B>
<L>474442.5959</L>
<alti>613.75</alti>
<altiAcc>2</altiAcc>
</GCP>
<GCP gml:id="K1_493106_10">
<fid>10-00100-0-2011-29019</fid>
<lfSpanFr gml:id="K1_493106_10-1">
<gml:timePosition>2020-11-11</gml:timePosition>
</lfSpanFr>
<devDate gml:id="K1_493106_10-2">
<gml:timePosition>2020-12-07</gml:timePosition>
</devDate>
<orgGILvl>KJ13</orgGILvl>
<vis>表示</vis>
<pos>
<gml:Point gml:id="K1_493106_10-g" srsName="fguuid:jgd2011.bl">
<gml:pos>32.740155528 131.768399444</gml:pos>
</gml:Point>
</pos>
<orgName>国土地理院</orgName>
<type>三角点</type>
<gcpClass>三等三角点</gcpClass>
<gcpCode>TR34931068101</gcpCode>
<name>上塚</name>
<B>117864.5599</B>
<L>474366.238</L>
<alti>616.78</alti>
<altiAcc>2</altiAcc>
</GCP>
<GCP gml:id="K1_493106_11">
<fid>10-00100-0-2011-29020</fid>
<lfSpanFr gml:id="K1_493106_11-1">
<gml:timePosition>2020-11-11</gml:timePosition>
</lfSpanFr>
<devDate gml:id="K1_493106_11-2">
<gml:timePosition>2020-12-07</gml:timePosition>
</devDate>
<orgGILvl>KJ13</orgGILvl>
<vis>表示</vis>
<pos>
<gml:Point gml:id="K1_493106_11-g" srsName="fguuid:jgd2011.bl">
<gml:pos>32.734286000 131.820631278</gml:pos>
</gml:Point>
</pos>
<orgName>国土地理院</orgName>
<type>三角点</type>
<gcpClass>三等三角点</gcpClass>
<gcpCode>TR34931068501</gcpCode>
<name>古江</name>
<B>117843.4296</B>
<L>474554.2726</L>
<alti>359.13</alti>
<altiAcc>2</altiAcc>
</GCP>
<GCP gml:id="K1_493106_12">
<fid>10-00100-0-2011-29021</fid>
<lfSpanFr gml:id="K1_493106_12-1">
<gml:timePosition>2020-11-11</gml:timePosition>
</lfSpanFr>
<devDate gml:id="K1_493106_12-2">
<gml:timePosition>2020-12-07</gml:timePosition>
</devDate>
<orgGILvl>KJ13</orgGILvl>
<vis>表示</vis>
<pos>
<gml:Point gml:id="K1_493106_12-g" srsName="fguuid:jgd2011.bl">
<gml:pos>32.735931694 131.847134917</gml:pos>
</gml:Point>
</pos>
<orgName>国土地理院</orgName>
<type>三角点</type>
<gcpClass>三等三角点</gcpClass>
<gcpCode>TR34931068701</gcpCode>
<name>下直海</name>
<B>117849.3541</B>
<L>474649.6857</L>
<alti>430.98</alti>
<altiAcc>2</altiAcc>
</GCP>
<GCP gml:id="K1_493106_13">
<fid>10-00100-0-2011-29022</fid>
<lfSpanFr gml:id="K1_493106_13-1">
<gml:timePosition>2020-11-11</gml:timePosition>
</lfSpanFr>
<devDate gml:id="K1_493106_13-2">
<gml:timePosition>2020-12-07</gml:timePosition>
</devDate>
<orgGILvl>KJ13</orgGILvl>
<vis>表示</vis>
<pos>
<gml:Point gml:id="K1_493106_13-g" srsName="fguuid:jgd2011.bl">
<gml:pos>32.740595111 131.870281139</gml:pos>
</gml:Point>
</pos>
<orgName>国土地理院</orgName>
<type>三角点</type>
<gcpClass>三等三角点</gcpClass>
<gcpCode>TR34931068901</gcpCode>
<name>遠見</name>
<B>117866.1424</B>
<L>474733.0121</L>
<alti>317.22</alti>
<altiAcc>2</altiAcc>
</GCP>
<GCP gml:id="K1_493106_14">
<fid>10-00100-0-2011-66653</fid>
<lfSpanFr gml:id="K1_493106_14-1">
<gml:timePosition>2020-11-11</gml:timePosition>
</lfSpanFr>
<devDate gml:id="K1_493106_14-2">
<gml:timePosition>2020-12-07</gml:timePosition>
</devDate>
<orgGILvl>KJ14</orgGILvl>
<vis>表示</vis>
<pos>
<gml:Point gml:id="K1_493106_14-g" srsName="fguuid:jgd2011.bl">
<gml:pos>32.673734028 131.769791583</gml:pos>
</gml:Point>
</pos>
<orgName>国土地理院</orgName>
<type>三角点</type>
<gcpClass>四等三角点</gcpClass>
<gcpCode>TR44931060101</gcpCode>
<name>塔ノ内</name>
<B>117625.4425</B>
<L>474371.2497</L>
<alti>185.59</alti>
<altiAcc>2</altiAcc>
</GCP>
<GCP gml:id="K1_493106_15">
<fid>10-00100-0-2011-66655</fid>
<lfSpanFr gml:id="K1_493106_15-1">
<gml:timePosition>2020-11-11</gml:timePosition>
</lfSpanFr>
<devDate gml:id="K1_493106_15-2">
<gml:timePosition>2020-12-07</gml:timePosition>
</devDate>
<orgGILvl>KJ14</orgGILvl>
<vis>表示</vis>
<pos>
<gml:Point gml:id="K1_493106_15-g" srsName="fguuid:jgd2011.bl">
<gml:pos>32.687000361 131.761266944</gml:pos>
</gml:Point>
</pos>
<orgName>国土地理院</orgName>
<type>三角点</type>
<gcpClass>四等三角点</gcpClass>
<gcpCode>TR44931062001</gcpCode>
<name>須美江</name>
<B>117673.2013</B>
<L>474340.561</L>
<alti>268.27</alti>
<altiAcc>2</altiAcc>
</GCP>
<GCP gml:id="K1_493106_16">
<fid>10-00100-0-2011-66656</fid>
<lfSpanFr gml:id="K1_493106_16-1">
<gml:timePosition>2020-11-11</gml:timePosition>
</lfSpanFr>
<devDate gml:id="K1_493106_16-2">
<gml:timePosition>2020-12-07</gml:timePosition>
</devDate>
<orgGILvl>KJ14</orgGILvl>
<vis>表示</vis>
<pos>
<gml:Point gml:id="K1_493106_16-g" srsName="fguuid:jgd2011.bl">
<gml:pos>32.689595528 131.774388528</gml:pos>
</gml:Point>
</pos>
<orgName>国土地理院</orgName>
<type>三角点</type>
<gcpClass>四等三角点</gcpClass>
<gcpCode>TR44931062101</gcpCode>
<name>中村</name>
<B>117682.5439</B>
<L>474387.7987</L>
<alti>174.08</alti>
<altiAcc>2</altiAcc>
</GCP>
<GCP gml:id="K1_493106_17">
<fid>10-00100-0-2011-66657</fid>
<lfSpanFr gml:id="K1_493106_17-1">
<gml:timePosition>2020-11-11</gml:timePosition>
</lfSpanFr>
<devDate gml:id="K1_493106_17-2">
<gml:timePosition>2020-12-07</gml:timePosition>
</devDate>
<orgGILvl>KJ14</orgGILvl>
<vis>表示</vis>
<pos>
<gml:Point gml:id="K1_493106_17-g" srsName="fguuid:jgd2011.bl">
<gml:pos>32.684562833 131.786581583</gml:pos>
</gml:Point>
</pos>
<orgName>国土地理院</orgName>
<type>三角点</type>
<gcpClass>四等三角点</gcpClass>
<gcpCode>TR44931062201</gcpCode>
<name>熊野江</name>
<B>117664.4262</B>
<L>474431.6937</L>
<alti>4.31</alti>
<altiAcc>2</altiAcc>
</GCP>
<GCP gml:id="K1_493106_18">
<fid>10-00100-0-2011-66658</fid>
<lfSpanFr gml:id="K1_493106_18-1">
<gml:timePosition>2020-11-11</gml:timePosition>
</lfSpanFr>
<devDate gml:id="K1_493106_18-2">
<gml:timePosition>2020-12-07</gml:timePosition>
</devDate>
<orgGILvl>KJ14</orgGILvl>
<vis>表示</vis>
<pos>
<gml:Point gml:id="K1_493106_18-g" srsName="fguuid:jgd2011.bl">
<gml:pos>32.691642694 131.812671250</gml:pos>
</gml:Point>
</pos>
<orgName>国土地理院</orgName>
<type>三角点</type>
<gcpClass>四等三角点</gcpClass>
<gcpCode>TR44931062501</gcpCode>
<name>阿蘇東谷</name>
<B>117689.9137</B>
<L>474525.6165</L>
<alti>128.07</alti>
<altiAcc>2</altiAcc>
</GCP>
<GCP gml:id="K1_493106_19">
<fid>10-00100-0-2011-66659</fid>
<lfSpanFr gml:id="K1_493106_19-1">
<gml:timePosition>2020-11-11</gml:timePosition>
</lfSpanFr>
<devDate gml:id="K1_493106_19-2">
<gml:timePosition>2020-12-07</gml:timePosition>
</devDate>
<orgGILvl>KJ14</orgGILvl>
<vis>表示</vis>
<pos>
<gml:Point gml:id="K1_493106_19-g" srsName="fguuid:jgd2011.bl">
<gml:pos>32.693651417 131.784310889</gml:pos>
</gml:Point>
</pos>
<orgName>国土地理院</orgName>
<type>三角点</type>
<gcpClass>四等三角点</gcpClass>
<gcpCode>TR44931063201</gcpCode>
<name>別府</name>
<B>117697.1451</B>
<L>474423.5192</L>
<alti>70.62</alti>
<altiAcc>2</altiAcc>
</GCP>
<GCP gml:id="K1_493106_20">
<fid>10-00100-0-2011-66660</fid>
<lfSpanFr gml:id="K1_493106_20-1">
<gml:timePosition>2020-11-11</gml:timePosition>
</lfSpanFr>
<devDate gml:id="K1_493106_20-2">
<gml:timePosition>2020-12-07</gml:timePosition>
</devDate>
<orgGILvl>KJ14</orgGILvl>
<vis>表示</vis>
<pos>
<gml:Point gml:id="K1_493106_20-g" srsName="fguuid:jgd2011.bl">
<gml:pos>32.700907056 131.808196500</gml:pos>
</gml:Point>
</pos>
<orgName>国土地理院</orgName>
<type>三角点</type>
<gcpClass>四等三角点</gcpClass>
<gcpCode>TR44931064401</gcpCode>
<name>鶴山</name>
<B>117723.2654</B>
<L>474509.5074</L>
<alti>222.54</alti>
<altiAcc>2</altiAcc>
</GCP>
<GCP gml:id="K1_493106_21">
<fid>10-00100-0-2011-66661</fid>
<lfSpanFr gml:id="K1_493106_21-1">
<gml:timePosition>2020-11-11</gml:timePosition>
</lfSpanFr>
<devDate gml:id="K1_493106_21-2">
<gml:timePosition>2020-12-07</gml:timePosition>
</devDate>
<orgGILvl>KJ14</orgGILvl>
<vis>表示</vis>
<pos>
<gml:Point gml:id="K1_493106_21-g" srsName="fguuid:jgd2011.bl">
<gml:pos>32.710665306 131.777317222</gml:pos>
</gml:Point>
</pos>
<orgName>国土地理院</orgName>
<type>三角点</type>
<gcpClass>四等三角点</gcpClass>
<gcpCode>TR44931065201</gcpCode>
<name>黒岩峠</name>
<B>117758.3951</B>
<L>474398.342</L>
<alti>512.21</alti>
<altiAcc>2</altiAcc>
</GCP>
<GCP gml:id="K1_493106_22">
<fid>10-00100-0-2011-66662</fid>
<lfSpanFr gml:id="K1_493106_22-1">
<gml:timePosition>2020-11-11</gml:timePosition>
</lfSpanFr>
<devDate gml:id="K1_493106_22-2">
<gml:timePosition>2020-12-07</gml:timePosition>
</devDate>
<orgGILvl>KJ14</orgGILvl>
<vis>表示</vis>
<pos>
<gml:Point gml:id="K1_493106_22-g" srsName="fguuid:jgd2011.bl">
<gml:pos>32.716325472 131.798734194</gml:pos>
</gml:Point>
</pos>
<orgName>国土地理院</orgName>
<type>三角点</type>
<gcpClass>四等三角点</gcpClass>
<gcpCode>TR44931065301</gcpCode>
<name>蝉谷</name>
<B>117778.7717</B>
<L>474475.4431</L>
<alti>399.3</alti>
<altiAcc>2</altiAcc>
</GCP>
<GCP gml:id="K1_493106_23">
<fid>10-00100-0-2011-66663</fid>
<lfSpanFr gml:id="K1_493106_23-1">
<gml:timePosition>2020-11-11</gml:timePosition>
</lfSpanFr>
<devDate gml:id="K1_493106_23-2">
<gml:timePosition>2020-12-07</gml:timePosition>
</devDate>
<orgGILvl>KJ14</orgGILvl>
<vis>表示</vis>
<pos>
<gml:Point gml:id="K1_493106_23-g" srsName="fguuid:jgd2011.bl">
<gml:pos>32.709631833 131.821498139</gml:pos>
</gml:Point>
</pos>
<orgName>国土地理院</orgName>
<type>三角点</type>
<gcpClass>四等三角点</gcpClass>
<gcpCode>TR44931065501</gcpCode>
<name>役場</name>
<B>117754.6746</B>
<L>474557.3933</L>
<alti>23.8</alti>
<altiAcc>2</altiAcc>
</GCP>
<GCP gml:id="K1_493106_24">
<fid>10-00100-0-2011-66664</fid>
<lfSpanFr gml:id="K1_493106_24-1">
<gml:timePosition>2020-11-11</gml:timePosition>
</lfSpanFr>
<devDate gml:id="K1_493106_24-2">
<gml:timePosition>2020-12-07</gml:timePosition>
</devDate>
<orgGILvl>KJ14</orgGILvl>
<vis>表示</vis>
<pos>
<gml:Point gml:id="K1_493106_24-g" srsName="fguuid:jgd2011.bl">
<gml:pos>32.724306722 131.765594250</gml:pos>
</gml:Point>
</pos>
<orgName>国土地理院</orgName>
<type>三角点</type>
<gcpClass>四等三角点</gcpClass>
<gcpCode>TR44931066101</gcpCode>
<name>惣別当</name>
<B>117807.5042</B>
<L>474356.1393</L>
<alti>142.06</alti>
<altiAcc>2</altiAcc>
</GCP>
<GCP gml:id="K1_493106_25">
<fid>10-00100-0-2011-66665</fid>
<lfSpanFr gml:id="K1_493106_25-1">
<gml:timePosition>2020-11-11</gml:timePosition>
</lfSpanFr>
<devDate gml:id="K1_493106_25-2">
<gml:timePosition>2020-12-07</gml:timePosition>
</devDate>
<orgGILvl>KJ14</orgGILvl>
<vis>表示</vis>
<pos>
<gml:Point gml:id="K1_493106_25-g" srsName="fguuid:jgd2011.bl">
<gml:pos>32.720124528 131.815414139</gml:pos>
</gml:Point>
</pos>
<orgName>国土地理院</orgName>
<type>三角点</type>
<gcpClass>四等三角点</gcpClass>
<gcpCode>TR44931066501</gcpCode>
<name>中野内</name>
<B>117792.4483</B>
<L>474535.4909</L>
<alti>234.59</alti>
<altiAcc>2</altiAcc>
</GCP>
<GCP gml:id="K1_493106_26">
<fid>10-00100-0-2011-66666</fid>
<lfSpanFr gml:id="K1_493106_26-1">
<gml:timePosition>2020-11-11</gml:timePosition>
</lfSpanFr>
<devDate gml:id="K1_493106_26-2">
<gml:timePosition>2020-12-07</gml:timePosition>
</devDate>
<orgGILvl>KJ14</orgGILvl>
<vis>表示</vis>
<pos>
<gml:Point gml:id="K1_493106_26-g" srsName="fguuid:jgd2011.bl">
<gml:pos>32.717457833 131.831037778</gml:pos>
</gml:Point>
</pos>
<orgName>国土地理院</orgName>
<type>三角点</type>
<gcpClass>四等三角点</gcpClass>
<gcpCode>TR44931066601</gcpCode>
<name>市振</name>
<B>117782.8482</B>
<L>474591.736</L>
<alti>161.27</alti>
<altiAcc>2</altiAcc>
</GCP>
<GCP gml:id="K1_493106_27">
<fid>10-00100-0-2011-66667</fid>
<lfSpanFr gml:id="K1_493106_27-1">
<gml:timePosition>2020-11-11</gml:timePosition>
</lfSpanFr>
<devDate gml:id="K1_493106_27-2">
<gml:timePosition>2020-12-07</gml:timePosition>
</devDate>
<orgGILvl>KJ14</orgGILvl>
<vis>表示</vis>
<pos>
<gml:Point gml:id="K1_493106_27-g" srsName="fguuid:jgd2011.bl">
<gml:pos>32.719882833 131.861999611</gml:pos>
</gml:Point>
</pos>
<orgName>国土地理院</orgName>
<type>三角点</type>
<gcpClass>四等三角点</gcpClass>
<gcpCode>TR44931066801</gcpCode>
<name>展望台</name>
<B>117791.5782</B>
<L>474703.1986</L>
<alti>187.31</alti>
<altiAcc>2</altiAcc>
</GCP>
<GCP gml:id="K1_493106_28">
<fid>10-00100-0-2011-66668</fid>
<lfSpanFr gml:id="K1_493106_28-1">
<gml:timePosition>2020-11-11</gml:timePosition>
</lfSpanFr>
<devDate gml:id="K1_493106_28-2">
<gml:timePosition>2020-12-07</gml:timePosition>
</devDate>
<orgGILvl>KJ14</orgGILvl>
<vis>表示</vis>
<pos>
<gml:Point gml:id="K1_493106_28-g" srsName="fguuid:jgd2011.bl">
<gml:pos>32.725950333 131.804502500</gml:pos>
</gml:Point>
</pos>
<orgName>国土地理院</orgName>
<type>三角点</type>
<gcpClass>四等三角点</gcpClass>
<gcpCode>TR44931067401</gcpCode>
<name>本村</name>
<B>117813.4212</B>
<L>474496.209</L>
<alti>571.38</alti>
<altiAcc>2</altiAcc>
</GCP>
<GCP gml:id="K1_493106_29">
<fid>10-00100-0-2011-66669</fid>
<lfSpanFr gml:id="K1_493106_29-1">
<gml:timePosition>2020-11-11</gml:timePosition>
</lfSpanFr>
<devDate gml:id="K1_493106_29-2">
<gml:timePosition>2020-12-07</gml:timePosition>
</devDate>
<orgGILvl>KJ14</orgGILvl>
<vis>表示</vis>
<pos>
<gml:Point gml:id="K1_493106_29-g" srsName="fguuid:jgd2011.bl">
<gml:pos>32.726907028 131.839497000</gml:pos>
</gml:Point>
</pos>
<orgName>国土地理院</orgName>
<type>三角点</type>
<gcpClass>四等三角点</gcpClass>
<gcpCode>TR44931067701</gcpCode>
<name>地下２</name>
<B>117816.8653</B>
<L>474622.1892</L>
<alti>322.06</alti>
<altiAcc>2</altiAcc>
</GCP>
<GCP gml:id="K1_493106_30">
<fid>10-00100-0-2011-66670</fid>
<lfSpanFr gml:id="K1_493106_30-1">
<gml:timePosition>2020-11-11</gml:timePosition>
</lfSpanFr>
<devDate gml:id="K1_493106_30-2">
<gml:timePosition>2020-12-07</gml:timePosition>
</devDate>
<orgGILvl>KJ14</orgGILvl>
<vis>表示</vis>
<pos>
<gml:Point gml:id="K1_493106_30-g" srsName="fguuid:jgd2011.bl">
<gml:pos>32.728056472 131.854562361</gml:pos>
</gml:Point>
</pos>
<orgName>国土地理院</orgName>
<type>三角点</type>
<gcpClass>四等三角点</gcpClass>
<gcpCode>TR44931067801</gcpCode>
<name>直海</name>
<B>117821.0033</B>
<L>474676.4245</L>
<alti>208.86</alti>
<altiAcc>2</altiAcc>
</GCP>
<GCP gml:id="K1_493106_31">
<fid>10-00100-0-2011-66671</fid>
<lfSpanFr gml:id="K1_493106_31-1">
<gml:timePosition>2020-11-11</gml:timePosition>
</lfSpanFr>
<devDate gml:id="K1_493106_31-2">
<gml:timePosition>2020-12-07</gml:timePosition>
</devDate>
<orgGILvl>KJ14</orgGILvl>
<vis>表示</vis>
<pos>
<gml:Point gml:id="K1_493106_31-g" srsName="fguuid:jgd2011.bl">
<gml:pos>32.738467861 131.790135917</gml:pos>
</gml:Point>
</pos>
<orgName>国土地理院</orgName>
<type>三角点</type>
<gcpClass>四等三角点</gcpClass>
<gcpCode>TR44931068301</gcpCode>
<name>歌糸</name>
<B>117858.4843</B>
<L>474444.4893</L>
<alti>443.81</alti>
<altiAcc>2</altiAcc>
</GCP>
<GCP gml:id="K1_493106_32">
<fid>10-00100-0-2011-66672</fid>
<lfSpanFr gml:id="K1_493106_32-1">
<gml:timePosition>2020-11-11</gml:timePosition>
</lfSpanFr>
<devDate gml:id="K1_493106_32-2">
<gml:timePosition>2020-12-07</gml:timePosition>
</devDate>
<orgGILvl>KJ14</orgGILvl>
<vis>表示</vis>
<pos>
<gml:Point gml:id="K1_493106_32-g" srsName="fguuid:jgd2011.bl">
<gml:pos>32.746071389 131.751895694</gml:pos>
</gml:Point>
</pos>
<orgName>国土地理院</orgName>
<type>三角点</type>
<gcpClass>四等三角点</gcpClass>
<gcpCode>TR44931069001</gcpCode>
<name>市ノ内山</name>
<B>117885.857</B>
<L>474306.8245</L>
<alti>510.86</alti>
<altiAcc>2</altiAcc>
</GCP>
<GCP gml:id="K1_493106_33">
<fid>10-00100-0-2011-66673</fid>
<lfSpanFr gml:id="K1_493106_33-1">
<gml:timePosition>2020-11-11</gml:timePosition>
</lfSpanFr>
<devDate gml:id="K1_493106_33-2">
<gml:timePosition>2020-12-07</gml:timePosition>
</devDate>
<orgGILvl>KJ14</orgGILvl>
<vis>表示</vis>
<pos>
<gml:Point gml:id="K1_493106_33-g" srsName="fguuid:jgd2011.bl">
<gml:pos>32.747164556 131.780176806</gml:pos>
</gml:Point>
</pos>
<orgName>国土地理院</orgName>
<type>三角点</type>
<gcpClass>四等三角点</gcpClass>
<gcpCode>TR44931069201</gcpCode>
<name>内谷</name>
<B>117889.7924</B>
<L>474408.6365</L>
<alti>511.77</alti>
<altiAcc>2</altiAcc>
</GCP>
<GCP gml:id="K1_493106_34">
<fid>10-00100-0-2011-66674</fid>
<lfSpanFr gml:id="K1_493106_34-1">
<gml:timePosition>2020-11-11</gml:timePosition>
</lfSpanFr>
<devDate gml:id="K1_493106_34-2">
<gml:timePosition>2020-12-07</gml:timePosition>
</devDate>
<orgGILvl>KJ14</orgGILvl>
<vis>表示</vis>
<pos>
<gml:Point gml:id="K1_493106_34-g" srsName="fguuid:jgd2011.bl">
<gml:pos>32.744747361 131.804206444</gml:pos>
</gml:Point>
</pos>
<orgName>国土地理院</orgName>
<type>三角点</type>
<gcpClass>四等三角点</gcpClass>
<gcpCode>TR44931069401</gcpCode>
<name>池田</name>
<B>117881.0905</B>
<L>474495.1432</L>
<alti>220.37</alti>
<altiAcc>2</altiAcc>
</GCP>
<GCP gml:id="K1_493106_35">
<fid>10-00100-0-2011-66675</fid>
<lfSpanFr gml:id="K1_493106_35-1">
<gml:timePosition>2020-11-11</gml:timePosition>
</lfSpanFr>
<devDate gml:id="K1_493106_35-2">
<gml:timePosition>2020-12-07</gml:timePosition>
</devDate>
<orgGILvl>KJ14</orgGILvl>
<vis>表示</vis>
<pos>
<gml:Point gml:id="K1_493106_35-g" srsName="fguuid:jgd2011.bl">
<gml:pos>32.749066167 131.823217000</gml:pos>
</gml:Point>
</pos>
<orgName>国土地理院</orgName>
<type>三角点</type>
<gcpClass>四等三角点</gcpClass>
<gcpCode>TR44931069501</gcpCode>
<name>蓬原</name>
<B>117896.6382</B>
<L>474563.5812</L>
<alti>281.33</alti>
<altiAcc>2</altiAcc>
</GCP>
<GCP gml:id="K1_493106_36">
<fid>10-00100-0-2011-66676</fid>
<lfSpanFr gml:id="K1_493106_36-1">
<gml:timePosition>2020-11-11</gml:timePosition>
</lfSpanFr>
<devDate gml:id="K1_493106_36-2">
<gml:timePosition>2020-12-07</gml:timePosition>
</devDate>
<orgGILvl>KJ14</orgGILvl>
<vis>表示</vis>
<pos>
<gml:Point gml:id="K1_493106_36-g" srsName="fguuid:jgd2011.bl">
<gml:pos>32.744219806 131.815494583</gml:pos>
</gml:Point>
</pos>
<orgName>国土地理院</orgName>
<type>三角点</type>
<gcpClass>四等三角点</gcpClass>
<gcpCode>TR44931069502</gcpCode>
<name>竹ノ水流</name>
<B>117879.1913</B>
<L>474535.7805</L>
<alti>186.44</alti>
<altiAcc>2</altiAcc>
</GCP>
<GCP gml:id="K1_493106_37">
<fid>10-00100-0-2011-66677</fid>
<lfSpanFr gml:id="K1_493106_37-1">
<gml:timePosition>2020-11-11</gml:timePosition>
</lfSpanFr>
<devDate gml:id="K1_493106_37-2">
<gml:timePosition>2020-12-07</gml:timePosition>
</devDate>
<orgGILvl>KJ14</orgGILvl>
<vis>表示</vis>
<pos>
<gml:Point gml:id="K1_493106_37-g" srsName="fguuid:jgd2011.bl">
<gml:pos>32.742743889 131.834792028</gml:pos>
</gml:Point>
</pos>
<orgName>国土地理院</orgName>
<type>三角点</type>
<gcpClass>四等三角点</gcpClass>
<gcpCode>TR44931069601</gcpCode>
<name>橋ケ谷</name>
<B>117873.878</B>
<L>474605.2513</L>
<alti>295.15</alti>
<altiAcc>2</altiAcc>
</GCP>
<GCP gml:id="K1_493106_38">
<fid>10-00100-0-2011-66678</fid>
<lfSpanFr gml:id="K1_493106_38-1">
<gml:timePosition>2020-11-11</gml:timePosition>
</lfSpanFr>
<devDate gml:id="K1_493106_38-2">
<gml:timePosition>2020-12-07</gml:timePosition>
</devDate>
<orgGILvl>KJ14</orgGILvl>
<vis>表示</vis>
<pos>
<gml:Point gml:id="K1_493106_38-g" srsName="fguuid:jgd2011.bl">
<gml:pos>32.745423500 131.856140000</gml:pos>
</gml:Point>
</pos>
<orgName>国土地理院</orgName>
<type>三角点</type>
<gcpClass>四等三角点</gcpClass>
<gcpCode>TR44931069801</gcpCode>
<name>オオナギ谷</name>
<B>117883.5246</B>
<L>474682.104</L>
<alti>23.32</alti>
<altiAcc>2</altiAcc>
</GCP>
</Dataset>
