<?xml version="1.0" encoding="utf-8"?>
<Dataset xsi:schemaLocation="http://fgd.gsi.go.jp/spec/2008/FGD_GMLSchema FGD_GMLSchema.xsd"
	xmlns:gml="http://www.opengis.net/gml/3.2"
	xmlns:xsi="http://www.w3.org/2001/XMLSchema-instance"
	xmlns:xlink="http://www.w3.org/1999/xlink"
	xmlns="http://fgd.gsi.go.jp/spec/2008/FGD_GMLSchema"
	gml:id="Dataset1">
  <gml:description>基盤地図情報メタデータ ID=fmdid:21-0401</gml:description>
  <gml:name>基盤地図情報ダウンロードデータ（GML版）</gml:name>
<ElevPt gml:id="K2_4729511730_1">
<fid>47295-11730-i-3</fid>
<lfSpanFr gml:id="K2_4729511730_1-1">
<gml:timePosition>2013-12-10</gml:timePosition>
</lfSpanFr>
<devDate gml:id="K2_4729511730_1-2">
<gml:timePosition>2021-03-09</gml:timePosition>
</devDate>
<orgGILvl>25000</orgGILvl>
<vis>表示</vis>
<pos>
<gml:Point gml:id="K2_4729511730_1-g" srsName="fguuid:jgd2011.bl">
<gml:pos>32.589577500 131.376608333</gml:pos>
</gml:Point>
</pos>
<type>標高点（測点）</type>
<alti>807</alti>
</ElevPt>
<ElevPt gml:id="K2_4729511733_1">
<fid>47295-11733-i-3</fid>
<lfSpanFr gml:id="K2_4729511733_1-1">
<gml:timePosition>2013-12-10</gml:timePosition>
</lfSpanFr>
<devDate gml:id="K2_4729511733_1-2">
<gml:timePosition>2021-03-09</gml:timePosition>
</devDate>
<orgGILvl>25000</orgGILvl>
<vis>表示</vis>
<pos>
<gml:Point gml:id="K2_4729511733_1-g" srsName="fguuid:jgd2011.bl">
<gml:pos>32.598954722 131.377967500</gml:pos>
</gml:Point>
</pos>
<type>標高点（測点）</type>
<alti>626</alti>
</ElevPt>
<ElevPt gml:id="K2_4729511736_1">
<fid>47295-11736-i-118</fid>
<lfSpanFr gml:id="K2_4729511736_1-1">
<gml:timePosition>2020-08-12</gml:timePosition>
</lfSpanFr>
<devDate gml:id="K2_4729511736_1-2">
<gml:timePosition>2021-03-09</gml:timePosition>
</devDate>
<orgGILvl>25000</orgGILvl>
<vis>表示</vis>
<pos>
<gml:Point gml:id="K2_4729511736_1-g" srsName="fguuid:jgd2011.bl">
<gml:pos>32.607805000 131.377014722</gml:pos>
</gml:Point>
</pos>
<type>標高点（測点）</type>
<alti>285</alti>
</ElevPt>
<ElevPt gml:id="K2_4729511742_1">
<fid>47295-11742-i-69</fid>
<lfSpanFr gml:id="K2_4729511742_1-1">
<gml:timePosition>2020-08-12</gml:timePosition>
</lfSpanFr>
<devDate gml:id="K2_4729511742_1-2">
<gml:timePosition>2021-03-09</gml:timePosition>
</devDate>
<orgGILvl>25000</orgGILvl>
<vis>表示</vis>
<pos>
<gml:Point gml:id="K2_4729511742_1-g" srsName="fguuid:jgd2011.bl">
<gml:pos>32.618719167 131.382503889</gml:pos>
</gml:Point>
</pos>
<type>標高点（測点）</type>
<alti>446</alti>
</ElevPt>
<ElevPt gml:id="K2_4729511742_2">
<fid>47295-11742-i-70</fid>
<lfSpanFr gml:id="K2_4729511742_2-1">
<gml:timePosition>2020-08-12</gml:timePosition>
</lfSpanFr>
<devDate gml:id="K2_4729511742_2-2">
<gml:timePosition>2021-03-09</gml:timePosition>
</devDate>
<orgGILvl>25000</orgGILvl>
<vis>表示</vis>
<pos>
<gml:Point gml:id="K2_4729511742_2-g" srsName="fguuid:jgd2011.bl">
<gml:pos>32.620930556 131.375750556</gml:pos>
</gml:Point>
</pos>
<type>標高点（測点）</type>
<alti>209</alti>
</ElevPt>
<ElevPt gml:id="K2_4729511745_1">
<fid>47295-11745-i-2</fid>
<lfSpanFr gml:id="K2_4729511745_1-1">
<gml:timePosition>2013-12-10</gml:timePosition>
</lfSpanFr>
<devDate gml:id="K2_4729511745_1-2">
<gml:timePosition>2021-03-09</gml:timePosition>
</devDate>
<orgGILvl>25000</orgGILvl>
<vis>表示</vis>
<pos>
<gml:Point gml:id="K2_4729511745_1-g" srsName="fguuid:jgd2011.bl">
<gml:pos>32.629990000 131.379630556</gml:pos>
</gml:Point>
</pos>
<type>標高点（測点）</type>
<alti>241</alti>
</ElevPt>
<ElevPt gml:id="K2_4729511748_1">
<fid>47295-11748-i-62</fid>
<lfSpanFr gml:id="K2_4729511748_1-1">
<gml:timePosition>2020-08-12</gml:timePosition>
</lfSpanFr>
<devDate gml:id="K2_4729511748_1-2">
<gml:timePosition>2021-03-09</gml:timePosition>
</devDate>
<orgGILvl>25000</orgGILvl>
<vis>表示</vis>
<pos>
<gml:Point gml:id="K2_4729511748_1-g" srsName="fguuid:jgd2011.bl">
<gml:pos>32.637169444 131.377502778</gml:pos>
</gml:Point>
</pos>
<type>標高点（測点）</type>
<alti>455</alti>
</ElevPt>
<ElevPt gml:id="K2_4729511751_1">
<fid>47295-11751-i-114</fid>
<lfSpanFr gml:id="K2_4729511751_1-1">
<gml:timePosition>2020-08-12</gml:timePosition>
</lfSpanFr>
<devDate gml:id="K2_4729511751_1-2">
<gml:timePosition>2021-03-09</gml:timePosition>
</devDate>
<orgGILvl>25000</orgGILvl>
<vis>表示</vis>
<pos>
<gml:Point gml:id="K2_4729511751_1-g" srsName="fguuid:jgd2011.bl">
<gml:pos>32.642020278 131.378409444</gml:pos>
</gml:Point>
</pos>
<type>標高点（測点）</type>
<alti>311</alti>
</ElevPt>
<ElevPt gml:id="K2_4729511751_2">
<fid>47295-11751-i-115</fid>
<lfSpanFr gml:id="K2_4729511751_2-1">
<gml:timePosition>2020-08-12</gml:timePosition>
</lfSpanFr>
<devDate gml:id="K2_4729511751_2-2">
<gml:timePosition>2021-03-09</gml:timePosition>
</devDate>
<orgGILvl>25000</orgGILvl>
<vis>表示</vis>
<pos>
<gml:Point gml:id="K2_4729511751_2-g" srsName="fguuid:jgd2011.bl">
<gml:pos>32.648295278 131.375848056</gml:pos>
</gml:Point>
</pos>
<type>標高点（測点）</type>
<alti>368</alti>
</ElevPt>
<ElevPt gml:id="K2_4729811730_1">
<fid>47298-11730-i-7</fid>
<lfSpanFr gml:id="K2_4729811730_1-1">
<gml:timePosition>2013-12-10</gml:timePosition>
</lfSpanFr>
<devDate gml:id="K2_4729811730_1-2">
<gml:timePosition>2021-03-09</gml:timePosition>
</devDate>
<orgGILvl>25000</orgGILvl>
<vis>表示</vis>
<pos>
<gml:Point gml:id="K2_4729811730_1-g" srsName="fguuid:jgd2011.bl">
<gml:pos>32.584157222 131.385072222</gml:pos>
</gml:Point>
</pos>
<type>標高点（測点）</type>
<alti>721</alti>
</ElevPt>
<ElevPt gml:id="K2_4729811733_1">
<fid>47298-11733-i-2</fid>
<lfSpanFr gml:id="K2_4729811733_1-1">
<gml:timePosition>2013-12-10</gml:timePosition>
</lfSpanFr>
<devDate gml:id="K2_4729811733_1-2">
<gml:timePosition>2021-03-09</gml:timePosition>
</devDate>
<orgGILvl>25000</orgGILvl>
<vis>表示</vis>
<pos>
<gml:Point gml:id="K2_4729811733_1-g" srsName="fguuid:jgd2011.bl">
<gml:pos>32.596295000 131.386457778</gml:pos>
</gml:Point>
</pos>
<type>標高点（測点）</type>
<alti>685</alti>
</ElevPt>
<ElevPt gml:id="K2_4730111733_1">
<fid>47301-11733-i-147</fid>
<lfSpanFr gml:id="K2_4730111733_1-1">
<gml:timePosition>2020-08-12</gml:timePosition>
</lfSpanFr>
<devDate gml:id="K2_4730111733_1-2">
<gml:timePosition>2021-03-09</gml:timePosition>
</devDate>
<orgGILvl>25000</orgGILvl>
<vis>表示</vis>
<pos>
<gml:Point gml:id="K2_4730111733_1-g" srsName="fguuid:jgd2011.bl">
<gml:pos>32.594863056 131.394784444</gml:pos>
</gml:Point>
</pos>
<type>標高点（測点）</type>
<alti>481</alti>
</ElevPt>
<ElevPt gml:id="K2_4730111739_1">
<fid>47301-11739-i-143</fid>
<lfSpanFr gml:id="K2_4730111739_1-1">
<gml:timePosition>2020-08-12</gml:timePosition>
</lfSpanFr>
<devDate gml:id="K2_4730111739_1-2">
<gml:timePosition>2021-03-09</gml:timePosition>
</devDate>
<orgGILvl>25000</orgGILvl>
<vis>表示</vis>
<pos>
<gml:Point gml:id="K2_4730111739_1-g" srsName="fguuid:jgd2011.bl">
<gml:pos>32.612372222 131.397233056</gml:pos>
</gml:Point>
</pos>
<type>標高点（測点）</type>
<alti>265</alti>
</ElevPt>
<ElevPt gml:id="K2_4730111742_1">
<fid>47301-11742-i-141</fid>
<lfSpanFr gml:id="K2_4730111742_1-1">
<gml:timePosition>2020-08-12</gml:timePosition>
</lfSpanFr>
<devDate gml:id="K2_4730111742_1-2">
<gml:timePosition>2021-03-09</gml:timePosition>
</devDate>
<orgGILvl>25000</orgGILvl>
<vis>表示</vis>
<pos>
<gml:Point gml:id="K2_4730111742_1-g" srsName="fguuid:jgd2011.bl">
<gml:pos>32.620836667 131.396353611</gml:pos>
</gml:Point>
</pos>
<type>標高点（測点）</type>
<alti>425</alti>
</ElevPt>
<ElevPt gml:id="K2_4730111745_1">
<fid>47301-11745-i-6</fid>
<lfSpanFr gml:id="K2_4730111745_1-1">
<gml:timePosition>2013-12-10</gml:timePosition>
</lfSpanFr>
<devDate gml:id="K2_4730111745_1-2">
<gml:timePosition>2021-03-09</gml:timePosition>
</devDate>
<orgGILvl>25000</orgGILvl>
<vis>表示</vis>
<pos>
<gml:Point gml:id="K2_4730111745_1-g" srsName="fguuid:jgd2011.bl">
<gml:pos>32.628096389 131.392568889</gml:pos>
</gml:Point>
</pos>
<type>標高点（測点）</type>
<alti>414</alti>
</ElevPt>
<ElevPt gml:id="K2_4730111748_1">
<fid>47301-11748-i-175</fid>
<lfSpanFr gml:id="K2_4730111748_1-1">
<gml:timePosition>2020-08-12</gml:timePosition>
</lfSpanFr>
<devDate gml:id="K2_4730111748_1-2">
<gml:timePosition>2021-03-09</gml:timePosition>
</devDate>
<orgGILvl>25000</orgGILvl>
<vis>表示</vis>
<pos>
<gml:Point gml:id="K2_4730111748_1-g" srsName="fguuid:jgd2011.bl">
<gml:pos>32.638558611 131.391769167</gml:pos>
</gml:Point>
</pos>
<type>標高点（測点）</type>
<alti>221</alti>
</ElevPt>
<ElevPt gml:id="K2_4730111757_1">
<fid>47301-11757-i-132</fid>
<lfSpanFr gml:id="K2_4730111757_1-1">
<gml:timePosition>2020-08-12</gml:timePosition>
</lfSpanFr>
<devDate gml:id="K2_4730111757_1-2">
<gml:timePosition>2021-03-09</gml:timePosition>
</devDate>
<orgGILvl>25000</orgGILvl>
<vis>表示</vis>
<pos>
<gml:Point gml:id="K2_4730111757_1-g" srsName="fguuid:jgd2011.bl">
<gml:pos>32.660115278 131.399440556</gml:pos>
</gml:Point>
</pos>
<type>標高点（測点）</type>
<alti>425</alti>
</ElevPt>
<ElevPt gml:id="K2_4730411730_1">
<fid>47304-11730-i-169</fid>
<lfSpanFr gml:id="K2_4730411730_1-1">
<gml:timePosition>2020-08-12</gml:timePosition>
</lfSpanFr>
<devDate gml:id="K2_4730411730_1-2">
<gml:timePosition>2021-03-09</gml:timePosition>
</devDate>
<orgGILvl>25000</orgGILvl>
<vis>表示</vis>
<pos>
<gml:Point gml:id="K2_4730411730_1-g" srsName="fguuid:jgd2011.bl">
<gml:pos>32.591386111 131.402839722</gml:pos>
</gml:Point>
</pos>
<type>標高点（測点）</type>
<alti>447</alti>
</ElevPt>
<ElevPt gml:id="K2_4730411736_1">
<fid>47304-11736-i-98</fid>
<lfSpanFr gml:id="K2_4730411736_1-1">
<gml:timePosition>2020-08-12</gml:timePosition>
</lfSpanFr>
<devDate gml:id="K2_4730411736_1-2">
<gml:timePosition>2021-03-09</gml:timePosition>
</devDate>
<orgGILvl>25000</orgGILvl>
<vis>表示</vis>
<pos>
<gml:Point gml:id="K2_4730411736_1-g" srsName="fguuid:jgd2011.bl">
<gml:pos>32.602511389 131.400220556</gml:pos>
</gml:Point>
</pos>
<type>標高点（測点）</type>
<alti>318</alti>
</ElevPt>
<ElevPt gml:id="K2_4730411739_1">
<fid>47304-11739-i-147</fid>
<lfSpanFr gml:id="K2_4730411739_1-1">
<gml:timePosition>2020-08-12</gml:timePosition>
</lfSpanFr>
<devDate gml:id="K2_4730411739_1-2">
<gml:timePosition>2021-03-09</gml:timePosition>
</devDate>
<orgGILvl>25000</orgGILvl>
<vis>表示</vis>
<pos>
<gml:Point gml:id="K2_4730411739_1-g" srsName="fguuid:jgd2011.bl">
<gml:pos>32.616663889 131.403566667</gml:pos>
</gml:Point>
</pos>
<type>標高点（測点）</type>
<alti>506</alti>
</ElevPt>
<ElevPt gml:id="K2_4730411745_1">
<fid>47304-11745-i-3</fid>
<lfSpanFr gml:id="K2_4730411745_1-1">
<gml:timePosition>2013-12-10</gml:timePosition>
</lfSpanFr>
<devDate gml:id="K2_4730411745_1-2">
<gml:timePosition>2021-03-09</gml:timePosition>
</devDate>
<orgGILvl>25000</orgGILvl>
<vis>表示</vis>
<pos>
<gml:Point gml:id="K2_4730411745_1-g" srsName="fguuid:jgd2011.bl">
<gml:pos>32.632640000 131.404343611</gml:pos>
</gml:Point>
</pos>
<type>標高点（測点）</type>
<alti>224</alti>
</ElevPt>
<ElevPt gml:id="K2_4730411751_1">
<fid>47304-11751-i-2</fid>
<lfSpanFr gml:id="K2_4730411751_1-1">
<gml:timePosition>2013-12-10</gml:timePosition>
</lfSpanFr>
<devDate gml:id="K2_4730411751_1-2">
<gml:timePosition>2021-03-09</gml:timePosition>
</devDate>
<orgGILvl>25000</orgGILvl>
<vis>表示</vis>
<pos>
<gml:Point gml:id="K2_4730411751_1-g" srsName="fguuid:jgd2011.bl">
<gml:pos>32.642638056 131.406585833</gml:pos>
</gml:Point>
</pos>
<type>標高点（測点）</type>
<alti>489</alti>
</ElevPt>
<ElevPt gml:id="K2_4730711730_1">
<fid>47307-11730-i-150</fid>
<lfSpanFr gml:id="K2_4730711730_1-1">
<gml:timePosition>2020-08-12</gml:timePosition>
</lfSpanFr>
<devDate gml:id="K2_4730711730_1-2">
<gml:timePosition>2021-03-09</gml:timePosition>
</devDate>
<orgGILvl>25000</orgGILvl>
<vis>表示</vis>
<pos>
<gml:Point gml:id="K2_4730711730_1-g" srsName="fguuid:jgd2011.bl">
<gml:pos>32.589742778 131.409045556</gml:pos>
</gml:Point>
</pos>
<type>標高点（測点）</type>
<alti>474</alti>
</ElevPt>
<ElevPt gml:id="K2_4730711736_1">
<fid>47307-11736-i-100</fid>
<lfSpanFr gml:id="K2_4730711736_1-1">
<gml:timePosition>2020-08-12</gml:timePosition>
</lfSpanFr>
<devDate gml:id="K2_4730711736_1-2">
<gml:timePosition>2021-03-09</gml:timePosition>
</devDate>
<orgGILvl>25000</orgGILvl>
<vis>表示</vis>
<pos>
<gml:Point gml:id="K2_4730711736_1-g" srsName="fguuid:jgd2011.bl">
<gml:pos>32.603673611 131.411052222</gml:pos>
</gml:Point>
</pos>
<type>標高点（測点）</type>
<alti>614</alti>
</ElevPt>
<ElevPt gml:id="K2_4730711739_1">
<fid>47307-11739-i-119</fid>
<lfSpanFr gml:id="K2_4730711739_1-1">
<gml:timePosition>2020-08-12</gml:timePosition>
</lfSpanFr>
<devDate gml:id="K2_4730711739_1-2">
<gml:timePosition>2021-03-09</gml:timePosition>
</devDate>
<orgGILvl>25000</orgGILvl>
<vis>表示</vis>
<pos>
<gml:Point gml:id="K2_4730711739_1-g" srsName="fguuid:jgd2011.bl">
<gml:pos>32.610015556 131.415227778</gml:pos>
</gml:Point>
</pos>
<type>標高点（測点）</type>
<alti>367</alti>
</ElevPt>
<ElevPt gml:id="K2_4730711742_1">
<fid>47307-11742-i-180</fid>
<lfSpanFr gml:id="K2_4730711742_1-1">
<gml:timePosition>2020-08-12</gml:timePosition>
</lfSpanFr>
<devDate gml:id="K2_4730711742_1-2">
<gml:timePosition>2021-03-09</gml:timePosition>
</devDate>
<orgGILvl>25000</orgGILvl>
<vis>表示</vis>
<pos>
<gml:Point gml:id="K2_4730711742_1-g" srsName="fguuid:jgd2011.bl">
<gml:pos>32.619346944 131.413000556</gml:pos>
</gml:Point>
</pos>
<type>標高点（測点）</type>
<alti>311</alti>
</ElevPt>
<ElevPt gml:id="K2_4730711745_1">
<fid>47307-11745-i-2</fid>
<lfSpanFr gml:id="K2_4730711745_1-1">
<gml:timePosition>2013-12-10</gml:timePosition>
</lfSpanFr>
<devDate gml:id="K2_4730711745_1-2">
<gml:timePosition>2021-03-09</gml:timePosition>
</devDate>
<orgGILvl>25000</orgGILvl>
<vis>表示</vis>
<pos>
<gml:Point gml:id="K2_4730711745_1-g" srsName="fguuid:jgd2011.bl">
<gml:pos>32.631837778 131.416659722</gml:pos>
</gml:Point>
</pos>
<type>標高点（測点）</type>
<alti>427</alti>
</ElevPt>
<ElevPt gml:id="K2_4730711745_2">
<fid>47307-11745-i-3</fid>
<lfSpanFr gml:id="K2_4730711745_2-1">
<gml:timePosition>2013-12-10</gml:timePosition>
</lfSpanFr>
<devDate gml:id="K2_4730711745_2-2">
<gml:timePosition>2021-03-09</gml:timePosition>
</devDate>
<orgGILvl>25000</orgGILvl>
<vis>表示</vis>
<pos>
<gml:Point gml:id="K2_4730711745_2-g" srsName="fguuid:jgd2011.bl">
<gml:pos>32.626973889 131.410265556</gml:pos>
</gml:Point>
</pos>
<type>標高点（測点）</type>
<alti>82</alti>
</ElevPt>
<ElevPt gml:id="K2_4730711751_1">
<fid>47307-11751-i-1</fid>
<lfSpanFr gml:id="K2_4730711751_1-1">
<gml:timePosition>2013-12-10</gml:timePosition>
</lfSpanFr>
<devDate gml:id="K2_4730711751_1-2">
<gml:timePosition>2021-03-09</gml:timePosition>
</devDate>
<orgGILvl>25000</orgGILvl>
<vis>表示</vis>
<pos>
<gml:Point gml:id="K2_4730711751_1-g" srsName="fguuid:jgd2011.bl">
<gml:pos>32.648653333 131.410031111</gml:pos>
</gml:Point>
</pos>
<type>標高点（測点）</type>
<alti>678</alti>
</ElevPt>
<ElevPt gml:id="K2_4730711757_1">
<fid>47307-11757-i-1</fid>
<lfSpanFr gml:id="K2_4730711757_1-1">
<gml:timePosition>2013-12-10</gml:timePosition>
</lfSpanFr>
<devDate gml:id="K2_4730711757_1-2">
<gml:timePosition>2021-03-09</gml:timePosition>
</devDate>
<orgGILvl>25000</orgGILvl>
<vis>表示</vis>
<pos>
<gml:Point gml:id="K2_4730711757_1-g" srsName="fguuid:jgd2011.bl">
<gml:pos>32.661610556 131.412377778</gml:pos>
</gml:Point>
</pos>
<type>標高点（測点）</type>
<alti>571</alti>
</ElevPt>
<ElevPt gml:id="K2_4731011736_1">
<fid>47310-11736-i-148</fid>
<lfSpanFr gml:id="K2_4731011736_1-1">
<gml:timePosition>2020-08-12</gml:timePosition>
</lfSpanFr>
<devDate gml:id="K2_4731011736_1-2">
<gml:timePosition>2021-03-09</gml:timePosition>
</devDate>
<orgGILvl>25000</orgGILvl>
<vis>表示</vis>
<pos>
<gml:Point gml:id="K2_4731011736_1-g" srsName="fguuid:jgd2011.bl">
<gml:pos>32.602860000 131.423213333</gml:pos>
</gml:Point>
</pos>
<type>標高点（測点）</type>
<alti>387</alti>
</ElevPt>
<ElevPt gml:id="K2_4731011742_1">
<fid>47310-11742-i-137</fid>
<lfSpanFr gml:id="K2_4731011742_1-1">
<gml:timePosition>2020-08-12</gml:timePosition>
</lfSpanFr>
<devDate gml:id="K2_4731011742_1-2">
<gml:timePosition>2021-03-09</gml:timePosition>
</devDate>
<orgGILvl>25000</orgGILvl>
<vis>表示</vis>
<pos>
<gml:Point gml:id="K2_4731011742_1-g" srsName="fguuid:jgd2011.bl">
<gml:pos>32.620733333 131.419016389</gml:pos>
</gml:Point>
</pos>
<type>標高点（測点）</type>
<alti>224</alti>
</ElevPt>
<ElevPt gml:id="K2_4731011748_1">
<fid>47310-11748-i-1</fid>
<lfSpanFr gml:id="K2_4731011748_1-1">
<gml:timePosition>2013-12-10</gml:timePosition>
</lfSpanFr>
<devDate gml:id="K2_4731011748_1-2">
<gml:timePosition>2021-03-09</gml:timePosition>
</devDate>
<orgGILvl>25000</orgGILvl>
<vis>表示</vis>
<pos>
<gml:Point gml:id="K2_4731011748_1-g" srsName="fguuid:jgd2011.bl">
<gml:pos>32.635961944 131.424754722</gml:pos>
</gml:Point>
</pos>
<type>標高点（測点）</type>
<alti>232</alti>
</ElevPt>
<ElevPt gml:id="K2_4731011751_1">
<fid>47310-11751-i-86</fid>
<lfSpanFr gml:id="K2_4731011751_1-1">
<gml:timePosition>2020-08-12</gml:timePosition>
</lfSpanFr>
<devDate gml:id="K2_4731011751_1-2">
<gml:timePosition>2021-03-09</gml:timePosition>
</devDate>
<orgGILvl>25000</orgGILvl>
<vis>表示</vis>
<pos>
<gml:Point gml:id="K2_4731011751_1-g" srsName="fguuid:jgd2011.bl">
<gml:pos>32.643002222 131.419682222</gml:pos>
</gml:Point>
</pos>
<type>標高点（測点）</type>
<alti>422</alti>
</ElevPt>
<ElevPt gml:id="K2_4731011754_1">
<fid>47310-11754-i-113</fid>
<lfSpanFr gml:id="K2_4731011754_1-1">
<gml:timePosition>2020-08-12</gml:timePosition>
</lfSpanFr>
<devDate gml:id="K2_4731011754_1-2">
<gml:timePosition>2021-03-09</gml:timePosition>
</devDate>
<orgGILvl>25000</orgGILvl>
<vis>表示</vis>
<pos>
<gml:Point gml:id="K2_4731011754_1-g" srsName="fguuid:jgd2011.bl">
<gml:pos>32.650428333 131.424490000</gml:pos>
</gml:Point>
</pos>
<type>標高点（測点）</type>
<alti>666</alti>
</ElevPt>
<ElevPt gml:id="K2_4731011754_2">
<fid>47310-11754-i-114</fid>
<lfSpanFr gml:id="K2_4731011754_2-1">
<gml:timePosition>2020-08-12</gml:timePosition>
</lfSpanFr>
<devDate gml:id="K2_4731011754_2-2">
<gml:timePosition>2021-03-09</gml:timePosition>
</devDate>
<orgGILvl>25000</orgGILvl>
<vis>表示</vis>
<pos>
<gml:Point gml:id="K2_4731011754_2-g" srsName="fguuid:jgd2011.bl">
<gml:pos>32.657764167 131.419421667</gml:pos>
</gml:Point>
</pos>
<type>標高点（測点）</type>
<alti>815</alti>
</ElevPt>
<ElevPt gml:id="K2_4731011757_1">
<fid>47310-11757-i-3</fid>
<lfSpanFr gml:id="K2_4731011757_1-1">
<gml:timePosition>2013-12-10</gml:timePosition>
</lfSpanFr>
<devDate gml:id="K2_4731011757_1-2">
<gml:timePosition>2021-03-09</gml:timePosition>
</devDate>
<orgGILvl>25000</orgGILvl>
<vis>表示</vis>
<pos>
<gml:Point gml:id="K2_4731011757_1-g" srsName="fguuid:jgd2011.bl">
<gml:pos>32.666300556 131.424870556</gml:pos>
</gml:Point>
</pos>
<type>標高点（測点）</type>
<alti>607</alti>
</ElevPt>
<ElevPt gml:id="K2_4731311733_1">
<fid>47313-11733-i-3</fid>
<lfSpanFr gml:id="K2_4731311733_1-1">
<gml:timePosition>2013-12-10</gml:timePosition>
</lfSpanFr>
<devDate gml:id="K2_4731311733_1-2">
<gml:timePosition>2021-03-09</gml:timePosition>
</devDate>
<orgGILvl>25000</orgGILvl>
<vis>表示</vis>
<pos>
<gml:Point gml:id="K2_4731311733_1-g" srsName="fguuid:jgd2011.bl">
<gml:pos>32.594392222 131.431095556</gml:pos>
</gml:Point>
</pos>
<type>標高点（測点）</type>
<alti>702</alti>
</ElevPt>
<ElevPt gml:id="K2_4731311739_1">
<fid>47313-11739-i-1</fid>
<lfSpanFr gml:id="K2_4731311739_1-1">
<gml:timePosition>2013-12-10</gml:timePosition>
</lfSpanFr>
<devDate gml:id="K2_4731311739_1-2">
<gml:timePosition>2021-03-09</gml:timePosition>
</devDate>
<orgGILvl>25000</orgGILvl>
<vis>表示</vis>
<pos>
<gml:Point gml:id="K2_4731311739_1-g" srsName="fguuid:jgd2011.bl">
<gml:pos>32.616632222 131.429792500</gml:pos>
</gml:Point>
</pos>
<type>標高点（測点）</type>
<alti>135</alti>
</ElevPt>
<ElevPt gml:id="K2_4731311757_1">
<fid>47313-11757-i-2</fid>
<lfSpanFr gml:id="K2_4731311757_1-1">
<gml:timePosition>2013-12-10</gml:timePosition>
</lfSpanFr>
<devDate gml:id="K2_4731311757_1-2">
<gml:timePosition>2021-03-09</gml:timePosition>
</devDate>
<orgGILvl>25000</orgGILvl>
<vis>表示</vis>
<pos>
<gml:Point gml:id="K2_4731311757_1-g" srsName="fguuid:jgd2011.bl">
<gml:pos>32.659777222 131.428452778</gml:pos>
</gml:Point>
</pos>
<type>標高点（測点）</type>
<alti>509</alti>
</ElevPt>
<ElevPt gml:id="K2_4731611730_1">
<fid>47316-11730-i-1</fid>
<lfSpanFr gml:id="K2_4731611730_1-1">
<gml:timePosition>2013-12-10</gml:timePosition>
</lfSpanFr>
<devDate gml:id="K2_4731611730_1-2">
<gml:timePosition>2021-03-09</gml:timePosition>
</devDate>
<orgGILvl>25000</orgGILvl>
<vis>表示</vis>
<pos>
<gml:Point gml:id="K2_4731611730_1-g" srsName="fguuid:jgd2011.bl">
<gml:pos>32.589465556 131.436071111</gml:pos>
</gml:Point>
</pos>
<type>標高点（測点）</type>
<alti>652</alti>
</ElevPt>
<ElevPt gml:id="K2_4731611733_1">
<fid>47316-11733-i-61</fid>
<lfSpanFr gml:id="K2_4731611733_1-1">
<gml:timePosition>2020-08-12</gml:timePosition>
</lfSpanFr>
<devDate gml:id="K2_4731611733_1-2">
<gml:timePosition>2021-03-09</gml:timePosition>
</devDate>
<orgGILvl>25000</orgGILvl>
<vis>表示</vis>
<pos>
<gml:Point gml:id="K2_4731611733_1-g" srsName="fguuid:jgd2011.bl">
<gml:pos>32.591716111 131.441496389</gml:pos>
</gml:Point>
</pos>
<type>標高点（測点）</type>
<alti>581</alti>
</ElevPt>
<ElevPt gml:id="K2_4731611736_1">
<fid>47316-11736-i-102</fid>
<lfSpanFr gml:id="K2_4731611736_1-1">
<gml:timePosition>2020-08-12</gml:timePosition>
</lfSpanFr>
<devDate gml:id="K2_4731611736_1-2">
<gml:timePosition>2021-03-09</gml:timePosition>
</devDate>
<orgGILvl>25000</orgGILvl>
<vis>表示</vis>
<pos>
<gml:Point gml:id="K2_4731611736_1-g" srsName="fguuid:jgd2011.bl">
<gml:pos>32.607186944 131.439108611</gml:pos>
</gml:Point>
</pos>
<type>標高点（測点）</type>
<alti>374</alti>
</ElevPt>
<ElevPt gml:id="K2_4731611748_1">
<fid>47316-11748-i-91</fid>
<lfSpanFr gml:id="K2_4731611748_1-1">
<gml:timePosition>2020-08-12</gml:timePosition>
</lfSpanFr>
<devDate gml:id="K2_4731611748_1-2">
<gml:timePosition>2021-03-09</gml:timePosition>
</devDate>
<orgGILvl>25000</orgGILvl>
<vis>表示</vis>
<pos>
<gml:Point gml:id="K2_4731611748_1-g" srsName="fguuid:jgd2011.bl">
<gml:pos>32.634818333 131.439016667</gml:pos>
</gml:Point>
</pos>
<type>標高点（測点）</type>
<alti>227</alti>
</ElevPt>
<ElevPt gml:id="K2_4731611754_1">
<fid>47316-11754-i-12</fid>
<lfSpanFr gml:id="K2_4731611754_1-1">
<gml:timePosition>2013-12-10</gml:timePosition>
</lfSpanFr>
<devDate gml:id="K2_4731611754_1-2">
<gml:timePosition>2021-03-09</gml:timePosition>
</devDate>
<orgGILvl>25000</orgGILvl>
<vis>表示</vis>
<pos>
<gml:Point gml:id="K2_4731611754_1-g" srsName="fguuid:jgd2011.bl">
<gml:pos>32.652989444 131.435154722</gml:pos>
</gml:Point>
</pos>
<type>標高点（測点）</type>
<alti>666</alti>
</ElevPt>
<ElevPt gml:id="K2_4731611757_1">
<fid>47316-11757-i-10</fid>
<lfSpanFr gml:id="K2_4731611757_1-1">
<gml:timePosition>2013-12-10</gml:timePosition>
</lfSpanFr>
<devDate gml:id="K2_4731611757_1-2">
<gml:timePosition>2021-03-09</gml:timePosition>
</devDate>
<orgGILvl>25000</orgGILvl>
<vis>表示</vis>
<pos>
<gml:Point gml:id="K2_4731611757_1-g" srsName="fguuid:jgd2011.bl">
<gml:pos>32.661002778 131.441592222</gml:pos>
</gml:Point>
</pos>
<type>標高点（測点）</type>
<alti>402</alti>
</ElevPt>
<ElevPt gml:id="K2_4731911730_1">
<fid>47319-11730-i-96</fid>
<lfSpanFr gml:id="K2_4731911730_1-1">
<gml:timePosition>2020-08-12</gml:timePosition>
</lfSpanFr>
<devDate gml:id="K2_4731911730_1-2">
<gml:timePosition>2021-03-09</gml:timePosition>
</devDate>
<orgGILvl>25000</orgGILvl>
<vis>表示</vis>
<pos>
<gml:Point gml:id="K2_4731911730_1-g" srsName="fguuid:jgd2011.bl">
<gml:pos>32.587272778 131.449774444</gml:pos>
</gml:Point>
</pos>
<type>標高点（測点）</type>
<alti>462</alti>
</ElevPt>
<ElevPt gml:id="K2_4731911736_1">
<fid>47319-11736-i-121</fid>
<lfSpanFr gml:id="K2_4731911736_1-1">
<gml:timePosition>2020-08-12</gml:timePosition>
</lfSpanFr>
<devDate gml:id="K2_4731911736_1-2">
<gml:timePosition>2021-03-09</gml:timePosition>
</devDate>
<orgGILvl>25000</orgGILvl>
<vis>表示</vis>
<pos>
<gml:Point gml:id="K2_4731911736_1-g" srsName="fguuid:jgd2011.bl">
<gml:pos>32.603485000 131.444593333</gml:pos>
</gml:Point>
</pos>
<type>標高点（測点）</type>
<alti>300</alti>
</ElevPt>
<ElevPt gml:id="K2_4731911739_1">
<fid>47319-11739-i-155</fid>
<lfSpanFr gml:id="K2_4731911739_1-1">
<gml:timePosition>2020-08-12</gml:timePosition>
</lfSpanFr>
<devDate gml:id="K2_4731911739_1-2">
<gml:timePosition>2021-03-09</gml:timePosition>
</devDate>
<orgGILvl>25000</orgGILvl>
<vis>表示</vis>
<pos>
<gml:Point gml:id="K2_4731911739_1-g" srsName="fguuid:jgd2011.bl">
<gml:pos>32.614720833 131.449389167</gml:pos>
</gml:Point>
</pos>
<type>標高点（測点）</type>
<alti>193</alti>
</ElevPt>
<ElevPt gml:id="K2_4731911745_1">
<fid>47319-11745-i-146</fid>
<lfSpanFr gml:id="K2_4731911745_1-1">
<gml:timePosition>2020-08-12</gml:timePosition>
</lfSpanFr>
<devDate gml:id="K2_4731911745_1-2">
<gml:timePosition>2021-03-09</gml:timePosition>
</devDate>
<orgGILvl>25000</orgGILvl>
<vis>表示</vis>
<pos>
<gml:Point gml:id="K2_4731911745_1-g" srsName="fguuid:jgd2011.bl">
<gml:pos>32.632506111 131.449273611</gml:pos>
</gml:Point>
</pos>
<type>標高点（測点）</type>
<alti>244</alti>
</ElevPt>
<ElevPt gml:id="K2_4731911745_2">
<fid>47319-11745-i-147</fid>
<lfSpanFr gml:id="K2_4731911745_2-1">
<gml:timePosition>2020-08-12</gml:timePosition>
</lfSpanFr>
<devDate gml:id="K2_4731911745_2-2">
<gml:timePosition>2021-03-09</gml:timePosition>
</devDate>
<orgGILvl>25000</orgGILvl>
<vis>表示</vis>
<pos>
<gml:Point gml:id="K2_4731911745_2-g" srsName="fguuid:jgd2011.bl">
<gml:pos>32.625107222 131.448964444</gml:pos>
</gml:Point>
</pos>
<type>標高点（測点）</type>
<alti>88</alti>
</ElevPt>
<ElevPt gml:id="K2_4731911748_1">
<fid>47319-11748-i-162</fid>
<lfSpanFr gml:id="K2_4731911748_1-1">
<gml:timePosition>2020-08-12</gml:timePosition>
</lfSpanFr>
<devDate gml:id="K2_4731911748_1-2">
<gml:timePosition>2021-03-09</gml:timePosition>
</devDate>
<orgGILvl>25000</orgGILvl>
<vis>表示</vis>
<pos>
<gml:Point gml:id="K2_4731911748_1-g" srsName="fguuid:jgd2011.bl">
<gml:pos>32.637804722 131.446796944</gml:pos>
</gml:Point>
</pos>
<type>標高点（測点）</type>
<alti>336</alti>
</ElevPt>
<ElevPt gml:id="K2_4731911751_1">
<fid>47319-11751-i-3</fid>
<lfSpanFr gml:id="K2_4731911751_1-1">
<gml:timePosition>2013-12-10</gml:timePosition>
</lfSpanFr>
<devDate gml:id="K2_4731911751_1-2">
<gml:timePosition>2021-03-09</gml:timePosition>
</devDate>
<orgGILvl>25000</orgGILvl>
<vis>表示</vis>
<pos>
<gml:Point gml:id="K2_4731911751_1-g" srsName="fguuid:jgd2011.bl">
<gml:pos>32.645244167 131.441809444</gml:pos>
</gml:Point>
</pos>
<type>標高点（測点）</type>
<alti>319</alti>
</ElevPt>
<ElevPt gml:id="K2_4731911754_1">
<fid>47319-11754-i-12</fid>
<lfSpanFr gml:id="K2_4731911754_1-1">
<gml:timePosition>2013-12-10</gml:timePosition>
</lfSpanFr>
<devDate gml:id="K2_4731911754_1-2">
<gml:timePosition>2021-03-09</gml:timePosition>
</devDate>
<orgGILvl>25000</orgGILvl>
<vis>表示</vis>
<pos>
<gml:Point gml:id="K2_4731911754_1-g" srsName="fguuid:jgd2011.bl">
<gml:pos>32.652944444 131.447783611</gml:pos>
</gml:Point>
</pos>
<type>標高点（測点）</type>
<alti>760</alti>
</ElevPt>
<ElevPt gml:id="K2_4732211733_1">
<fid>47322-11733-i-89</fid>
<lfSpanFr gml:id="K2_4732211733_1-1">
<gml:timePosition>2020-08-12</gml:timePosition>
</lfSpanFr>
<devDate gml:id="K2_4732211733_1-2">
<gml:timePosition>2021-03-09</gml:timePosition>
</devDate>
<orgGILvl>25000</orgGILvl>
<vis>表示</vis>
<pos>
<gml:Point gml:id="K2_4732211733_1-g" srsName="fguuid:jgd2011.bl">
<gml:pos>32.592524722 131.457148333</gml:pos>
</gml:Point>
</pos>
<type>標高点（測点）</type>
<alti>300</alti>
</ElevPt>
<ElevPt gml:id="K2_4732211736_1">
<fid>47322-11736-i-122</fid>
<lfSpanFr gml:id="K2_4732211736_1-1">
<gml:timePosition>2020-08-12</gml:timePosition>
</lfSpanFr>
<devDate gml:id="K2_4732211736_1-2">
<gml:timePosition>2021-03-09</gml:timePosition>
</devDate>
<orgGILvl>25000</orgGILvl>
<vis>表示</vis>
<pos>
<gml:Point gml:id="K2_4732211736_1-g" srsName="fguuid:jgd2011.bl">
<gml:pos>32.601708889 131.450555833</gml:pos>
</gml:Point>
</pos>
<type>標高点（測点）</type>
<alti>374</alti>
</ElevPt>
<ElevPt gml:id="K2_4732211739_1">
<fid>47322-11739-i-135</fid>
<lfSpanFr gml:id="K2_4732211739_1-1">
<gml:timePosition>2020-08-12</gml:timePosition>
</lfSpanFr>
<devDate gml:id="K2_4732211739_1-2">
<gml:timePosition>2021-03-09</gml:timePosition>
</devDate>
<orgGILvl>25000</orgGILvl>
<vis>表示</vis>
<pos>
<gml:Point gml:id="K2_4732211739_1-g" srsName="fguuid:jgd2011.bl">
<gml:pos>32.611099722 131.457278056</gml:pos>
</gml:Point>
</pos>
<type>標高点（測点）</type>
<alti>308</alti>
</ElevPt>
<ElevPt gml:id="K2_4732211742_1">
<fid>47322-11742-i-10</fid>
<lfSpanFr gml:id="K2_4732211742_1-1">
<gml:timePosition>2013-12-10</gml:timePosition>
</lfSpanFr>
<devDate gml:id="K2_4732211742_1-2">
<gml:timePosition>2021-03-09</gml:timePosition>
</devDate>
<orgGILvl>25000</orgGILvl>
<vis>表示</vis>
<pos>
<gml:Point gml:id="K2_4732211742_1-g" srsName="fguuid:jgd2011.bl">
<gml:pos>32.624649167 131.456272222</gml:pos>
</gml:Point>
</pos>
<type>標高点（測点）</type>
<alti>369</alti>
</ElevPt>
<ElevPt gml:id="K2_4732211742_2">
<fid>47322-11742-i-11</fid>
<lfSpanFr gml:id="K2_4732211742_2-1">
<gml:timePosition>2013-12-10</gml:timePosition>
</lfSpanFr>
<devDate gml:id="K2_4732211742_2-2">
<gml:timePosition>2021-03-09</gml:timePosition>
</devDate>
<orgGILvl>25000</orgGILvl>
<vis>表示</vis>
<pos>
<gml:Point gml:id="K2_4732211742_2-g" srsName="fguuid:jgd2011.bl">
<gml:pos>32.617582778 131.454425833</gml:pos>
</gml:Point>
</pos>
<type>標高点（測点）</type>
<alti>225</alti>
</ElevPt>
<ElevPt gml:id="K2_4732211748_1">
<fid>47322-11748-i-1</fid>
<lfSpanFr gml:id="K2_4732211748_1-1">
<gml:timePosition>2013-12-10</gml:timePosition>
</lfSpanFr>
<devDate gml:id="K2_4732211748_1-2">
<gml:timePosition>2021-03-09</gml:timePosition>
</devDate>
<orgGILvl>25000</orgGILvl>
<vis>表示</vis>
<pos>
<gml:Point gml:id="K2_4732211748_1-g" srsName="fguuid:jgd2011.bl">
<gml:pos>32.637910278 131.453837222</gml:pos>
</gml:Point>
</pos>
<type>標高点（測点）</type>
<alti>387</alti>
</ElevPt>
<ElevPt gml:id="K2_4732211751_1">
<fid>47322-11751-i-1</fid>
<lfSpanFr gml:id="K2_4732211751_1-1">
<gml:timePosition>2013-12-10</gml:timePosition>
</lfSpanFr>
<devDate gml:id="K2_4732211751_1-2">
<gml:timePosition>2021-03-09</gml:timePosition>
</devDate>
<orgGILvl>25000</orgGILvl>
<vis>表示</vis>
<pos>
<gml:Point gml:id="K2_4732211751_1-g" srsName="fguuid:jgd2011.bl">
<gml:pos>32.644741389 131.455035556</gml:pos>
</gml:Point>
</pos>
<type>標高点（測点）</type>
<alti>581</alti>
</ElevPt>
<ElevPt gml:id="K2_4732211754_1">
<fid>47322-11754-i-7</fid>
<lfSpanFr gml:id="K2_4732211754_1-1">
<gml:timePosition>2013-12-10</gml:timePosition>
</lfSpanFr>
<devDate gml:id="K2_4732211754_1-2">
<gml:timePosition>2021-03-09</gml:timePosition>
</devDate>
<orgGILvl>25000</orgGILvl>
<vis>表示</vis>
<pos>
<gml:Point gml:id="K2_4732211754_1-g" srsName="fguuid:jgd2011.bl">
<gml:pos>32.652636667 131.457456111</gml:pos>
</gml:Point>
</pos>
<type>標高点（測点）</type>
<alti>864</alti>
</ElevPt>
<ElevPt gml:id="K2_4732211757_1">
<fid>47322-11757-i-66</fid>
<lfSpanFr gml:id="K2_4732211757_1-1">
<gml:timePosition>2020-08-12</gml:timePosition>
</lfSpanFr>
<devDate gml:id="K2_4732211757_1-2">
<gml:timePosition>2021-03-09</gml:timePosition>
</devDate>
<orgGILvl>25000</orgGILvl>
<vis>表示</vis>
<pos>
<gml:Point gml:id="K2_4732211757_1-g" srsName="fguuid:jgd2011.bl">
<gml:pos>32.658568333 131.454222778</gml:pos>
</gml:Point>
</pos>
<type>標高点（測点）</type>
<alti>564</alti>
</ElevPt>
<ElevPt gml:id="K2_4732211757_2">
<fid>47322-11757-i-67</fid>
<lfSpanFr gml:id="K2_4732211757_2-1">
<gml:timePosition>2020-08-12</gml:timePosition>
</lfSpanFr>
<devDate gml:id="K2_4732211757_2-2">
<gml:timePosition>2021-03-09</gml:timePosition>
</devDate>
<orgGILvl>25000</orgGILvl>
<vis>表示</vis>
<pos>
<gml:Point gml:id="K2_4732211757_2-g" srsName="fguuid:jgd2011.bl">
<gml:pos>32.663648889 131.451926389</gml:pos>
</gml:Point>
</pos>
<type>標高点（測点）</type>
<alti>712</alti>
</ElevPt>
<ElevPt gml:id="K2_4732511730_1">
<fid>47325-11730-i-3</fid>
<lfSpanFr gml:id="K2_4732511730_1-1">
<gml:timePosition>2013-12-10</gml:timePosition>
</lfSpanFr>
<devDate gml:id="K2_4732511730_1-2">
<gml:timePosition>2021-03-09</gml:timePosition>
</devDate>
<orgGILvl>25000</orgGILvl>
<vis>表示</vis>
<pos>
<gml:Point gml:id="K2_4732511730_1-g" srsName="fguuid:jgd2011.bl">
<gml:pos>32.591157222 131.464399722</gml:pos>
</gml:Point>
</pos>
<type>標高点（測点）</type>
<alti>289</alti>
</ElevPt>
<ElevPt gml:id="K2_4732511733_1">
<fid>47325-11733-i-112</fid>
<lfSpanFr gml:id="K2_4732511733_1-1">
<gml:timePosition>2020-08-12</gml:timePosition>
</lfSpanFr>
<devDate gml:id="K2_4732511733_1-2">
<gml:timePosition>2021-03-09</gml:timePosition>
</devDate>
<orgGILvl>25000</orgGILvl>
<vis>表示</vis>
<pos>
<gml:Point gml:id="K2_4732511733_1-g" srsName="fguuid:jgd2011.bl">
<gml:pos>32.598138333 131.458736111</gml:pos>
</gml:Point>
</pos>
<type>標高点（測点）</type>
<alti>318</alti>
</ElevPt>
<ElevPt gml:id="K2_4732511733_2">
<fid>47325-11733-i-113</fid>
<lfSpanFr gml:id="K2_4732511733_2-1">
<gml:timePosition>2020-08-12</gml:timePosition>
</lfSpanFr>
<devDate gml:id="K2_4732511733_2-2">
<gml:timePosition>2021-03-09</gml:timePosition>
</devDate>
<orgGILvl>25000</orgGILvl>
<vis>表示</vis>
<pos>
<gml:Point gml:id="K2_4732511733_2-g" srsName="fguuid:jgd2011.bl">
<gml:pos>32.597926389 131.466616111</gml:pos>
</gml:Point>
</pos>
<type>標高点（測点）</type>
<alti>206</alti>
</ElevPt>
<ElevPt gml:id="K2_4732511742_1">
<fid>47325-11742-i-1</fid>
<lfSpanFr gml:id="K2_4732511742_1-1">
<gml:timePosition>2013-12-10</gml:timePosition>
</lfSpanFr>
<devDate gml:id="K2_4732511742_1-2">
<gml:timePosition>2021-03-09</gml:timePosition>
</devDate>
<orgGILvl>25000</orgGILvl>
<vis>表示</vis>
<pos>
<gml:Point gml:id="K2_4732511742_1-g" srsName="fguuid:jgd2011.bl">
<gml:pos>32.618433333 131.461689167</gml:pos>
</gml:Point>
</pos>
<type>標高点（測点）</type>
<alti>424</alti>
</ElevPt>
<ElevPt gml:id="K2_4732511742_2">
<fid>47325-11742-i-2</fid>
<lfSpanFr gml:id="K2_4732511742_2-1">
<gml:timePosition>2013-12-10</gml:timePosition>
</lfSpanFr>
<devDate gml:id="K2_4732511742_2-2">
<gml:timePosition>2021-03-09</gml:timePosition>
</devDate>
<orgGILvl>25000</orgGILvl>
<vis>表示</vis>
<pos>
<gml:Point gml:id="K2_4732511742_2-g" srsName="fguuid:jgd2011.bl">
<gml:pos>32.623189444 131.464044722</gml:pos>
</gml:Point>
</pos>
<type>標高点（測点）</type>
<alti>474</alti>
</ElevPt>
<ElevPt gml:id="K2_4732511745_1">
<fid>47325-11745-i-3</fid>
<lfSpanFr gml:id="K2_4732511745_1-1">
<gml:timePosition>2013-12-10</gml:timePosition>
</lfSpanFr>
<devDate gml:id="K2_4732511745_1-2">
<gml:timePosition>2021-03-09</gml:timePosition>
</devDate>
<orgGILvl>25000</orgGILvl>
<vis>表示</vis>
<pos>
<gml:Point gml:id="K2_4732511745_1-g" srsName="fguuid:jgd2011.bl">
<gml:pos>32.632591111 131.465940278</gml:pos>
</gml:Point>
</pos>
<type>標高点（測点）</type>
<alti>345</alti>
</ElevPt>
<ElevPt gml:id="K2_4732511745_2">
<fid>47325-11745-i-4</fid>
<lfSpanFr gml:id="K2_4732511745_2-1">
<gml:timePosition>2013-12-10</gml:timePosition>
</lfSpanFr>
<devDate gml:id="K2_4732511745_2-2">
<gml:timePosition>2021-03-09</gml:timePosition>
</devDate>
<orgGILvl>25000</orgGILvl>
<vis>表示</vis>
<pos>
<gml:Point gml:id="K2_4732511745_2-g" srsName="fguuid:jgd2011.bl">
<gml:pos>32.630721667 131.459319167</gml:pos>
</gml:Point>
</pos>
<type>標高点（測点）</type>
<alti>218</alti>
</ElevPt>
<ElevPt gml:id="K2_4732511748_1">
<fid>47325-11748-i-1</fid>
<lfSpanFr gml:id="K2_4732511748_1-1">
<gml:timePosition>2013-12-10</gml:timePosition>
</lfSpanFr>
<devDate gml:id="K2_4732511748_1-2">
<gml:timePosition>2021-03-09</gml:timePosition>
</devDate>
<orgGILvl>25000</orgGILvl>
<vis>表示</vis>
<pos>
<gml:Point gml:id="K2_4732511748_1-g" srsName="fguuid:jgd2011.bl">
<gml:pos>32.639250000 131.466474444</gml:pos>
</gml:Point>
</pos>
<type>標高点（測点）</type>
<alti>390</alti>
</ElevPt>
<ElevPt gml:id="K2_4732511751_1">
<fid>47325-11751-i-1</fid>
<lfSpanFr gml:id="K2_4732511751_1-1">
<gml:timePosition>2013-12-10</gml:timePosition>
</lfSpanFr>
<devDate gml:id="K2_4732511751_1-2">
<gml:timePosition>2021-03-09</gml:timePosition>
</devDate>
<orgGILvl>25000</orgGILvl>
<vis>表示</vis>
<pos>
<gml:Point gml:id="K2_4732511751_1-g" srsName="fguuid:jgd2011.bl">
<gml:pos>32.648818056 131.466308889</gml:pos>
</gml:Point>
</pos>
<type>標高点（測点）</type>
<alti>833</alti>
</ElevPt>
<ElevPt gml:id="K2_4732511754_1">
<fid>47325-11754-i-7</fid>
<lfSpanFr gml:id="K2_4732511754_1-1">
<gml:timePosition>2013-12-10</gml:timePosition>
</lfSpanFr>
<devDate gml:id="K2_4732511754_1-2">
<gml:timePosition>2021-03-09</gml:timePosition>
</devDate>
<orgGILvl>25000</orgGILvl>
<vis>表示</vis>
<pos>
<gml:Point gml:id="K2_4732511754_1-g" srsName="fguuid:jgd2011.bl">
<gml:pos>32.657825000 131.460435556</gml:pos>
</gml:Point>
</pos>
<type>標高点（測点）</type>
<alti>755</alti>
</ElevPt>
<ElevPt gml:id="K2_4732511757_1">
<fid>47325-11757-i-2</fid>
<lfSpanFr gml:id="K2_4732511757_1-1">
<gml:timePosition>2013-12-10</gml:timePosition>
</lfSpanFr>
<devDate gml:id="K2_4732511757_1-2">
<gml:timePosition>2021-03-09</gml:timePosition>
</devDate>
<orgGILvl>25000</orgGILvl>
<vis>表示</vis>
<pos>
<gml:Point gml:id="K2_4732511757_1-g" srsName="fguuid:jgd2011.bl">
<gml:pos>32.666656667 131.461840556</gml:pos>
</gml:Point>
</pos>
<type>標高点（測点）</type>
<alti>551</alti>
</ElevPt>
<ElevPt gml:id="K2_4732811730_1">
<fid>47328-11730-i-1</fid>
<lfSpanFr gml:id="K2_4732811730_1-1">
<gml:timePosition>2013-12-10</gml:timePosition>
</lfSpanFr>
<devDate gml:id="K2_4732811730_1-2">
<gml:timePosition>2021-03-09</gml:timePosition>
</devDate>
<orgGILvl>25000</orgGILvl>
<vis>表示</vis>
<pos>
<gml:Point gml:id="K2_4732811730_1-g" srsName="fguuid:jgd2011.bl">
<gml:pos>32.587889722 131.472664167</gml:pos>
</gml:Point>
</pos>
<type>標高点（測点）</type>
<alti>517</alti>
</ElevPt>
<ElevPt gml:id="K2_4732811736_1">
<fid>47328-11736-i-169</fid>
<lfSpanFr gml:id="K2_4732811736_1-1">
<gml:timePosition>2020-08-12</gml:timePosition>
</lfSpanFr>
<devDate gml:id="K2_4732811736_1-2">
<gml:timePosition>2021-03-09</gml:timePosition>
</devDate>
<orgGILvl>25000</orgGILvl>
<vis>表示</vis>
<pos>
<gml:Point gml:id="K2_4732811736_1-g" srsName="fguuid:jgd2011.bl">
<gml:pos>32.600159722 131.474203611</gml:pos>
</gml:Point>
</pos>
<type>標高点（測点）</type>
<alti>152</alti>
</ElevPt>
<ElevPt gml:id="K2_4732811736_2">
<fid>47328-11736-i-170</fid>
<lfSpanFr gml:id="K2_4732811736_2-1">
<gml:timePosition>2020-08-12</gml:timePosition>
</lfSpanFr>
<devDate gml:id="K2_4732811736_2-2">
<gml:timePosition>2021-03-09</gml:timePosition>
</devDate>
<orgGILvl>25000</orgGILvl>
<vis>表示</vis>
<pos>
<gml:Point gml:id="K2_4732811736_2-g" srsName="fguuid:jgd2011.bl">
<gml:pos>32.605727222 131.468580278</gml:pos>
</gml:Point>
</pos>
<type>標高点（測点）</type>
<alti>161</alti>
</ElevPt>
<ElevPt gml:id="K2_4732811739_1">
<fid>47328-11739-i-1</fid>
<lfSpanFr gml:id="K2_4732811739_1-1">
<gml:timePosition>2013-12-10</gml:timePosition>
</lfSpanFr>
<devDate gml:id="K2_4732811739_1-2">
<gml:timePosition>2021-03-09</gml:timePosition>
</devDate>
<orgGILvl>25000</orgGILvl>
<vis>表示</vis>
<pos>
<gml:Point gml:id="K2_4732811739_1-g" srsName="fguuid:jgd2011.bl">
<gml:pos>32.612040278 131.467106944</gml:pos>
</gml:Point>
</pos>
<type>標高点（測点）</type>
<alti>142</alti>
</ElevPt>
<ElevPt gml:id="K2_4732811742_1">
<fid>47328-11742-i-1</fid>
<lfSpanFr gml:id="K2_4732811742_1-1">
<gml:timePosition>2013-12-10</gml:timePosition>
</lfSpanFr>
<devDate gml:id="K2_4732811742_1-2">
<gml:timePosition>2021-03-09</gml:timePosition>
</devDate>
<orgGILvl>25000</orgGILvl>
<vis>表示</vis>
<pos>
<gml:Point gml:id="K2_4732811742_1-g" srsName="fguuid:jgd2011.bl">
<gml:pos>32.620924722 131.472879722</gml:pos>
</gml:Point>
</pos>
<type>標高点（測点）</type>
<alti>506</alti>
</ElevPt>
<ElevPt gml:id="K2_4732811745_1">
<fid>47328-11745-i-1</fid>
<lfSpanFr gml:id="K2_4732811745_1-1">
<gml:timePosition>2013-12-10</gml:timePosition>
</lfSpanFr>
<devDate gml:id="K2_4732811745_1-2">
<gml:timePosition>2021-03-09</gml:timePosition>
</devDate>
<orgGILvl>25000</orgGILvl>
<vis>表示</vis>
<pos>
<gml:Point gml:id="K2_4732811745_1-g" srsName="fguuid:jgd2011.bl">
<gml:pos>32.632239444 131.474212778</gml:pos>
</gml:Point>
</pos>
<type>標高点（測点）</type>
<alti>543</alti>
</ElevPt>
<ElevPt gml:id="K2_4732811751_1">
<fid>47328-11751-i-1</fid>
<lfSpanFr gml:id="K2_4732811751_1-1">
<gml:timePosition>2013-12-10</gml:timePosition>
</lfSpanFr>
<devDate gml:id="K2_4732811751_1-2">
<gml:timePosition>2021-03-09</gml:timePosition>
</devDate>
<orgGILvl>25000</orgGILvl>
<vis>表示</vis>
<pos>
<gml:Point gml:id="K2_4732811751_1-g" srsName="fguuid:jgd2011.bl">
<gml:pos>32.643056944 131.471415278</gml:pos>
</gml:Point>
</pos>
<type>標高点（測点）</type>
<alti>486</alti>
</ElevPt>
<ElevPt gml:id="K2_4732811754_1">
<fid>47328-11754-i-1</fid>
<lfSpanFr gml:id="K2_4732811754_1-1">
<gml:timePosition>2013-12-10</gml:timePosition>
</lfSpanFr>
<devDate gml:id="K2_4732811754_1-2">
<gml:timePosition>2021-03-09</gml:timePosition>
</devDate>
<orgGILvl>25000</orgGILvl>
<vis>表示</vis>
<pos>
<gml:Point gml:id="K2_4732811754_1-g" srsName="fguuid:jgd2011.bl">
<gml:pos>32.651826667 131.474287500</gml:pos>
</gml:Point>
</pos>
<type>標高点（測点）</type>
<alti>951</alti>
</ElevPt>
<ElevPt gml:id="K2_4732811757_1">
<fid>47328-11757-i-1</fid>
<lfSpanFr gml:id="K2_4732811757_1-1">
<gml:timePosition>2013-12-10</gml:timePosition>
</lfSpanFr>
<devDate gml:id="K2_4732811757_1-2">
<gml:timePosition>2021-03-09</gml:timePosition>
</devDate>
<orgGILvl>25000</orgGILvl>
<vis>表示</vis>
<pos>
<gml:Point gml:id="K2_4732811757_1-g" srsName="fguuid:jgd2011.bl">
<gml:pos>32.659270000 131.467612500</gml:pos>
</gml:Point>
</pos>
<type>標高点（測点）</type>
<alti>771</alti>
</ElevPt>
<ElevPt gml:id="K2_4732811757_2">
<fid>47328-11757-i-2</fid>
<lfSpanFr gml:id="K2_4732811757_2-1">
<gml:timePosition>2013-12-10</gml:timePosition>
</lfSpanFr>
<devDate gml:id="K2_4732811757_2-2">
<gml:timePosition>2021-03-09</gml:timePosition>
</devDate>
<orgGILvl>25000</orgGILvl>
<vis>表示</vis>
<pos>
<gml:Point gml:id="K2_4732811757_2-g" srsName="fguuid:jgd2011.bl">
<gml:pos>32.665839722 131.469465278</gml:pos>
</gml:Point>
</pos>
<type>標高点（測点）</type>
<alti>691</alti>
</ElevPt>
<ElevPt gml:id="K2_4733111733_1">
<fid>47331-11733-i-84</fid>
<lfSpanFr gml:id="K2_4733111733_1-1">
<gml:timePosition>2015-04-16</gml:timePosition>
</lfSpanFr>
<devDate gml:id="K2_4733111733_1-2">
<gml:timePosition>2021-03-09</gml:timePosition>
</devDate>
<orgGILvl>25000</orgGILvl>
<vis>表示</vis>
<pos>
<gml:Point gml:id="K2_4733111733_1-g" srsName="fguuid:jgd2011.bl">
<gml:pos>32.595357778 131.476115278</gml:pos>
</gml:Point>
</pos>
<type>標高点（測点）</type>
<alti>286</alti>
</ElevPt>
<ElevPt gml:id="K2_4733111739_1">
<fid>47331-11739-i-99</fid>
<lfSpanFr gml:id="K2_4733111739_1-1">
<gml:timePosition>2020-08-12</gml:timePosition>
</lfSpanFr>
<devDate gml:id="K2_4733111739_1-2">
<gml:timePosition>2021-03-09</gml:timePosition>
</devDate>
<orgGILvl>25000</orgGILvl>
<vis>表示</vis>
<pos>
<gml:Point gml:id="K2_4733111739_1-g" srsName="fguuid:jgd2011.bl">
<gml:pos>32.612451111 131.476597778</gml:pos>
</gml:Point>
</pos>
<type>標高点（測点）</type>
<alti>364</alti>
</ElevPt>
<ElevPt gml:id="K2_4733111742_1">
<fid>47331-11742-i-86</fid>
<lfSpanFr gml:id="K2_4733111742_1-1">
<gml:timePosition>2020-08-12</gml:timePosition>
</lfSpanFr>
<devDate gml:id="K2_4733111742_1-2">
<gml:timePosition>2021-03-09</gml:timePosition>
</devDate>
<orgGILvl>25000</orgGILvl>
<vis>表示</vis>
<pos>
<gml:Point gml:id="K2_4733111742_1-g" srsName="fguuid:jgd2011.bl">
<gml:pos>32.618112500 131.482467778</gml:pos>
</gml:Point>
</pos>
<type>標高点（測点）</type>
<alti>103</alti>
</ElevPt>
<ElevPt gml:id="K2_4733111745_1">
<fid>47331-11745-i-1</fid>
<lfSpanFr gml:id="K2_4733111745_1-1">
<gml:timePosition>2013-12-10</gml:timePosition>
</lfSpanFr>
<devDate gml:id="K2_4733111745_1-2">
<gml:timePosition>2021-03-09</gml:timePosition>
</devDate>
<orgGILvl>25000</orgGILvl>
<vis>表示</vis>
<pos>
<gml:Point gml:id="K2_4733111745_1-g" srsName="fguuid:jgd2011.bl">
<gml:pos>32.628395556 131.479756111</gml:pos>
</gml:Point>
</pos>
<type>標高点（測点）</type>
<alti>340</alti>
</ElevPt>
<ElevPt gml:id="K2_4733111751_1">
<fid>47331-11751-i-56</fid>
<lfSpanFr gml:id="K2_4733111751_1-1">
<gml:timePosition>2020-08-12</gml:timePosition>
</lfSpanFr>
<devDate gml:id="K2_4733111751_1-2">
<gml:timePosition>2021-03-09</gml:timePosition>
</devDate>
<orgGILvl>25000</orgGILvl>
<vis>表示</vis>
<pos>
<gml:Point gml:id="K2_4733111751_1-g" srsName="fguuid:jgd2011.bl">
<gml:pos>32.649059722 131.479369722</gml:pos>
</gml:Point>
</pos>
<type>標高点（測点）</type>
<alti>885</alti>
</ElevPt>
<ElevPt gml:id="K2_4733111751_2">
<fid>47331-11751-i-64</fid>
<lfSpanFr gml:id="K2_4733111751_2-1">
<gml:timePosition>2020-08-12</gml:timePosition>
</lfSpanFr>
<devDate gml:id="K2_4733111751_2-2">
<gml:timePosition>2021-03-09</gml:timePosition>
</devDate>
<orgGILvl>25000</orgGILvl>
<vis>非表示</vis>
<pos>
<gml:Point gml:id="K2_4733111751_2-g" srsName="fguuid:jgd2011.bl">
<gml:pos>32.643156389 131.479270000</gml:pos>
</gml:Point>
</pos>
<type>標高点（測点）</type>
<alti>738</alti>
</ElevPt>
<ElevPt gml:id="K2_4733111754_1">
<fid>47331-11754-i-3</fid>
<lfSpanFr gml:id="K2_4733111754_1-1">
<gml:timePosition>2013-12-10</gml:timePosition>
</lfSpanFr>
<devDate gml:id="K2_4733111754_1-2">
<gml:timePosition>2021-03-09</gml:timePosition>
</devDate>
<orgGILvl>25000</orgGILvl>
<vis>表示</vis>
<pos>
<gml:Point gml:id="K2_4733111754_1-g" srsName="fguuid:jgd2011.bl">
<gml:pos>32.657285000 131.475814722</gml:pos>
</gml:Point>
</pos>
<type>標高点（測点）</type>
<alti>922</alti>
</ElevPt>
<ElevPt gml:id="K2_4733111757_1">
<fid>47331-11757-i-1</fid>
<lfSpanFr gml:id="K2_4733111757_1-1">
<gml:timePosition>2013-12-10</gml:timePosition>
</lfSpanFr>
<devDate gml:id="K2_4733111757_1-2">
<gml:timePosition>2021-03-09</gml:timePosition>
</devDate>
<orgGILvl>25000</orgGILvl>
<vis>表示</vis>
<pos>
<gml:Point gml:id="K2_4733111757_1-g" srsName="fguuid:jgd2011.bl">
<gml:pos>32.661721667 131.480812222</gml:pos>
</gml:Point>
</pos>
<type>標高点（測点）</type>
<alti>860</alti>
</ElevPt>
<ElevPt gml:id="K2_4733111757_2">
<fid>47331-11757-i-2</fid>
<lfSpanFr gml:id="K2_4733111757_2-1">
<gml:timePosition>2013-12-10</gml:timePosition>
</lfSpanFr>
<devDate gml:id="K2_4733111757_2-2">
<gml:timePosition>2021-03-09</gml:timePosition>
</devDate>
<orgGILvl>25000</orgGILvl>
<vis>表示</vis>
<pos>
<gml:Point gml:id="K2_4733111757_2-g" srsName="fguuid:jgd2011.bl">
<gml:pos>32.665046389 131.476443611</gml:pos>
</gml:Point>
</pos>
<type>標高点（測点）</type>
<alti>762</alti>
</ElevPt>
<ElevPt gml:id="K2_4733411730_1">
<fid>47334-11730-i-97</fid>
<lfSpanFr gml:id="K2_4733411730_1-1">
<gml:timePosition>2020-08-12</gml:timePosition>
</lfSpanFr>
<devDate gml:id="K2_4733411730_1-2">
<gml:timePosition>2021-03-09</gml:timePosition>
</devDate>
<orgGILvl>25000</orgGILvl>
<vis>表示</vis>
<pos>
<gml:Point gml:id="K2_4733411730_1-g" srsName="fguuid:jgd2011.bl">
<gml:pos>32.589462222 131.485091667</gml:pos>
</gml:Point>
</pos>
<type>標高点（測点）</type>
<alti>224</alti>
</ElevPt>
<ElevPt gml:id="K2_4733411733_1">
<fid>47334-11733-i-313</fid>
<lfSpanFr gml:id="K2_4733411733_1-1">
<gml:timePosition>2020-08-12</gml:timePosition>
</lfSpanFr>
<devDate gml:id="K2_4733411733_1-2">
<gml:timePosition>2021-03-09</gml:timePosition>
</devDate>
<orgGILvl>25000</orgGILvl>
<vis>表示</vis>
<pos>
<gml:Point gml:id="K2_4733411733_1-g" srsName="fguuid:jgd2011.bl">
<gml:pos>32.599175556 131.490782500</gml:pos>
</gml:Point>
</pos>
<type>標高点（測点）</type>
<alti>127</alti>
</ElevPt>
<ElevPt gml:id="K2_4733411733_2">
<fid>47334-11733-i-314</fid>
<lfSpanFr gml:id="K2_4733411733_2-1">
<gml:timePosition>2020-08-12</gml:timePosition>
</lfSpanFr>
<devDate gml:id="K2_4733411733_2-2">
<gml:timePosition>2021-03-09</gml:timePosition>
</devDate>
<orgGILvl>25000</orgGILvl>
<vis>表示</vis>
<pos>
<gml:Point gml:id="K2_4733411733_2-g" srsName="fguuid:jgd2011.bl">
<gml:pos>32.596208611 131.484653056</gml:pos>
</gml:Point>
</pos>
<type>標高点（測点）</type>
<alti>273</alti>
</ElevPt>
<ElevPt gml:id="K2_4733411739_1">
<fid>47334-11739-i-101</fid>
<lfSpanFr gml:id="K2_4733411739_1-1">
<gml:timePosition>2020-08-12</gml:timePosition>
</lfSpanFr>
<devDate gml:id="K2_4733411739_1-2">
<gml:timePosition>2021-03-09</gml:timePosition>
</devDate>
<orgGILvl>25000</orgGILvl>
<vis>表示</vis>
<pos>
<gml:Point gml:id="K2_4733411739_1-g" srsName="fguuid:jgd2011.bl">
<gml:pos>32.612679167 131.488637778</gml:pos>
</gml:Point>
</pos>
<type>標高点（測点）</type>
<alti>298</alti>
</ElevPt>
<ElevPt gml:id="K2_4733411745_1">
<fid>47334-11745-i-107</fid>
<lfSpanFr gml:id="K2_4733411745_1-1">
<gml:timePosition>2020-08-12</gml:timePosition>
</lfSpanFr>
<devDate gml:id="K2_4733411745_1-2">
<gml:timePosition>2021-03-09</gml:timePosition>
</devDate>
<orgGILvl>25000</orgGILvl>
<vis>表示</vis>
<pos>
<gml:Point gml:id="K2_4733411745_1-g" srsName="fguuid:jgd2011.bl">
<gml:pos>32.627592500 131.486579722</gml:pos>
</gml:Point>
</pos>
<type>標高点（測点）</type>
<alti>352</alti>
</ElevPt>
<ElevPt gml:id="K2_4733411748_1">
<fid>47334-11748-i-1</fid>
<lfSpanFr gml:id="K2_4733411748_1-1">
<gml:timePosition>2013-12-10</gml:timePosition>
</lfSpanFr>
<devDate gml:id="K2_4733411748_1-2">
<gml:timePosition>2021-03-09</gml:timePosition>
</devDate>
<orgGILvl>25000</orgGILvl>
<vis>表示</vis>
<pos>
<gml:Point gml:id="K2_4733411748_1-g" srsName="fguuid:jgd2011.bl">
<gml:pos>32.639731944 131.486053333</gml:pos>
</gml:Point>
</pos>
<type>標高点（測点）</type>
<alti>428</alti>
</ElevPt>
<ElevPt gml:id="K2_4733411748_2">
<fid>47334-11748-i-2</fid>
<lfSpanFr gml:id="K2_4733411748_2-1">
<gml:timePosition>2013-12-10</gml:timePosition>
</lfSpanFr>
<devDate gml:id="K2_4733411748_2-2">
<gml:timePosition>2021-03-09</gml:timePosition>
</devDate>
<orgGILvl>25000</orgGILvl>
<vis>表示</vis>
<pos>
<gml:Point gml:id="K2_4733411748_2-g" srsName="fguuid:jgd2011.bl">
<gml:pos>32.634698611 131.491520556</gml:pos>
</gml:Point>
</pos>
<type>標高点（測点）</type>
<alti>489</alti>
</ElevPt>
<ElevPt gml:id="K2_4733411751_1">
<fid>47334-11751-i-1</fid>
<lfSpanFr gml:id="K2_4733411751_1-1">
<gml:timePosition>2013-12-10</gml:timePosition>
</lfSpanFr>
<devDate gml:id="K2_4733411751_1-2">
<gml:timePosition>2021-03-09</gml:timePosition>
</devDate>
<orgGILvl>25000</orgGILvl>
<vis>表示</vis>
<pos>
<gml:Point gml:id="K2_4733411751_1-g" srsName="fguuid:jgd2011.bl">
<gml:pos>32.645323889 131.488636944</gml:pos>
</gml:Point>
</pos>
<type>標高点（測点）</type>
<alti>647</alti>
</ElevPt>
<ElevPt gml:id="K2_4733411754_1">
<fid>47334-11754-i-6</fid>
<lfSpanFr gml:id="K2_4733411754_1-1">
<gml:timePosition>2013-12-10</gml:timePosition>
</lfSpanFr>
<devDate gml:id="K2_4733411754_1-2">
<gml:timePosition>2021-03-09</gml:timePosition>
</devDate>
<orgGILvl>25000</orgGILvl>
<vis>表示</vis>
<pos>
<gml:Point gml:id="K2_4733411754_1-g" srsName="fguuid:jgd2011.bl">
<gml:pos>32.650736944 131.489602222</gml:pos>
</gml:Point>
</pos>
<type>標高点（測点）</type>
<alti>862</alti>
</ElevPt>
<ElevPt gml:id="K2_4733411754_2">
<fid>47334-11754-i-7</fid>
<lfSpanFr gml:id="K2_4733411754_2-1">
<gml:timePosition>2013-12-10</gml:timePosition>
</lfSpanFr>
<devDate gml:id="K2_4733411754_2-2">
<gml:timePosition>2021-03-09</gml:timePosition>
</devDate>
<orgGILvl>25000</orgGILvl>
<vis>表示</vis>
<pos>
<gml:Point gml:id="K2_4733411754_2-g" srsName="fguuid:jgd2011.bl">
<gml:pos>32.652502500 131.483373611</gml:pos>
</gml:Point>
</pos>
<type>標高点（測点）</type>
<alti>901</alti>
</ElevPt>
<ElevPt gml:id="K2_4733411754_3">
<fid>47334-11754-i-8</fid>
<lfSpanFr gml:id="K2_4733411754_3-1">
<gml:timePosition>2013-12-10</gml:timePosition>
</lfSpanFr>
<devDate gml:id="K2_4733411754_3-2">
<gml:timePosition>2021-03-09</gml:timePosition>
</devDate>
<orgGILvl>25000</orgGILvl>
<vis>表示</vis>
<pos>
<gml:Point gml:id="K2_4733411754_3-g" srsName="fguuid:jgd2011.bl">
<gml:pos>32.657030278 131.486033056</gml:pos>
</gml:Point>
</pos>
<type>標高点（測点）</type>
<alti>882</alti>
</ElevPt>
<ElevPt gml:id="K2_4733411757_1">
<fid>47334-11757-i-1</fid>
<lfSpanFr gml:id="K2_4733411757_1-1">
<gml:timePosition>2013-12-10</gml:timePosition>
</lfSpanFr>
<devDate gml:id="K2_4733411757_1-2">
<gml:timePosition>2021-03-09</gml:timePosition>
</devDate>
<orgGILvl>25000</orgGILvl>
<vis>表示</vis>
<pos>
<gml:Point gml:id="K2_4733411757_1-g" srsName="fguuid:jgd2011.bl">
<gml:pos>32.660211389 131.490253889</gml:pos>
</gml:Point>
</pos>
<type>標高点（測点）</type>
<alti>642</alti>
</ElevPt>
<ElevPt gml:id="K2_4733711742_1">
<fid>47337-11742-i-1</fid>
<lfSpanFr gml:id="K2_4733711742_1-1">
<gml:timePosition>2013-12-10</gml:timePosition>
</lfSpanFr>
<devDate gml:id="K2_4733711742_1-2">
<gml:timePosition>2021-03-09</gml:timePosition>
</devDate>
<orgGILvl>25000</orgGILvl>
<vis>表示</vis>
<pos>
<gml:Point gml:id="K2_4733711742_1-g" srsName="fguuid:jgd2011.bl">
<gml:pos>32.617811667 131.495803333</gml:pos>
</gml:Point>
</pos>
<type>標高点（測点）</type>
<alti>550</alti>
</ElevPt>
<ElevPt gml:id="K2_4733711745_1">
<fid>47337-11745-i-1</fid>
<lfSpanFr gml:id="K2_4733711745_1-1">
<gml:timePosition>2013-12-10</gml:timePosition>
</lfSpanFr>
<devDate gml:id="K2_4733711745_1-2">
<gml:timePosition>2021-03-09</gml:timePosition>
</devDate>
<orgGILvl>25000</orgGILvl>
<vis>表示</vis>
<pos>
<gml:Point gml:id="K2_4733711745_1-g" srsName="fguuid:jgd2011.bl">
<gml:pos>32.626737778 131.494071944</gml:pos>
</gml:Point>
</pos>
<type>標高点（測点）</type>
<alti>436</alti>
</ElevPt>
<ElevPt gml:id="K2_4733711748_1">
<fid>47337-11748-i-1</fid>
<lfSpanFr gml:id="K2_4733711748_1-1">
<gml:timePosition>2013-12-10</gml:timePosition>
</lfSpanFr>
<devDate gml:id="K2_4733711748_1-2">
<gml:timePosition>2021-03-09</gml:timePosition>
</devDate>
<orgGILvl>25000</orgGILvl>
<vis>表示</vis>
<pos>
<gml:Point gml:id="K2_4733711748_1-g" srsName="fguuid:jgd2011.bl">
<gml:pos>32.641130833 131.495249444</gml:pos>
</gml:Point>
</pos>
<type>標高点（測点）</type>
<alti>727</alti>
</ElevPt>
<ElevPt gml:id="K2_4733711748_2">
<fid>47337-11748-i-2</fid>
<lfSpanFr gml:id="K2_4733711748_2-1">
<gml:timePosition>2013-12-10</gml:timePosition>
</lfSpanFr>
<devDate gml:id="K2_4733711748_2-2">
<gml:timePosition>2021-03-09</gml:timePosition>
</devDate>
<orgGILvl>25000</orgGILvl>
<vis>表示</vis>
<pos>
<gml:Point gml:id="K2_4733711748_2-g" srsName="fguuid:jgd2011.bl">
<gml:pos>32.633730833 131.497810556</gml:pos>
</gml:Point>
</pos>
<type>標高点（測点）</type>
<alti>680</alti>
</ElevPt>
</Dataset>
