<?xml version="1.0" encoding="utf-8"?>
<Dataset xsi:schemaLocation="http://fgd.gsi.go.jp/spec/2008/FGD_GMLSchema FGD_GMLSchema.xsd"
	xmlns:gml="http://www.opengis.net/gml/3.2"
	xmlns:xsi="http://www.w3.org/2001/XMLSchema-instance"
	xmlns:xlink="http://www.w3.org/1999/xlink"
	xmlns="http://fgd.gsi.go.jp/spec/2008/FGD_GMLSchema"
	gml:id="Dataset1">
  <gml:description>基盤地図情報メタデータ ID=fmdid:21-0401</gml:description>
  <gml:name>基盤地図情報ダウンロードデータ（GML版）</gml:name>
<GCP gml:id="K1_483173_1">
<fid>10-00100-0-2002-267162</fid>
<lfSpanFr gml:id="K1_483173_1-1">
<gml:timePosition>2021-02-22</gml:timePosition>
</lfSpanFr>
<devDate gml:id="K1_483173_1-2">
<gml:timePosition>2021-03-09</gml:timePosition>
</devDate>
<orgGILvl>SJ11</orgGILvl>
<vis>表示</vis>
<pos>
<gml:Point gml:id="K1_483173_1-g" srsName="fguuid:jgd2011.bl">
<gml:pos>32.588122222 131.499844444</gml:pos>
</gml:Point>
</pos>
<orgName>国土地理院</orgName>
<type>水準点</type>
<gcpClass>一等水準点</gcpClass>
<gcpCode>L010000002645</gcpCode>
<name>２６４５</name>
<B>117317.24</B>
<L>473399.44</L>
<alti>122.4091</alti>
<altiAcc>4</altiAcc>
</GCP>
<GCP gml:id="K1_483173_2">
<fid>10-00100-0-2002-267163</fid>
<lfSpanFr gml:id="K1_483173_2-1">
<gml:timePosition>2021-02-22</gml:timePosition>
</lfSpanFr>
<devDate gml:id="K1_483173_2-2">
<gml:timePosition>2021-03-09</gml:timePosition>
</devDate>
<orgGILvl>SJ11</orgGILvl>
<vis>表示</vis>
<pos>
<gml:Point gml:id="K1_483173_2-g" srsName="fguuid:jgd2011.bl">
<gml:pos>32.601563889 131.494530556</gml:pos>
</gml:Point>
</pos>
<orgName>国土地理院</orgName>
<type>水準点</type>
<gcpClass>一等水準点</gcpClass>
<gcpCode>L010000002646</gcpCode>
<name>２６４６</name>
<B>117365.63</B>
<L>473380.31</L>
<alti>42.4101</alti>
<altiAcc>4</altiAcc>
</GCP>
<GCP gml:id="K1_483173_3">
<fid>10-00100-0-2002-267164</fid>
<lfSpanFr gml:id="K1_483173_3-1">
<gml:timePosition>2021-02-22</gml:timePosition>
</lfSpanFr>
<devDate gml:id="K1_483173_3-2">
<gml:timePosition>2021-03-09</gml:timePosition>
</devDate>
<orgGILvl>SJ11</orgGILvl>
<vis>表示</vis>
<pos>
<gml:Point gml:id="K1_483173_3-g" srsName="fguuid:jgd2011.bl">
<gml:pos>32.604202778 131.476908333</gml:pos>
</gml:Point>
</pos>
<orgName>国土地理院</orgName>
<type>水準点</type>
<gcpClass>一等水準点</gcpClass>
<gcpCode>L010000002647</gcpCode>
<name>２６４７</name>
<B>117375.13</B>
<L>473316.87</L>
<alti>55.1223</alti>
<altiAcc>4</altiAcc>
</GCP>
<GCP gml:id="K1_483173_4">
<fid>10-00100-0-2002-267165</fid>
<lfSpanFr gml:id="K1_483173_4-1">
<gml:timePosition>2021-02-22</gml:timePosition>
</lfSpanFr>
<devDate gml:id="K1_483173_4-2">
<gml:timePosition>2021-03-09</gml:timePosition>
</devDate>
<orgGILvl>SJ11</orgGILvl>
<vis>表示</vis>
<pos>
<gml:Point gml:id="K1_483173_4-g" srsName="fguuid:jgd2011.bl">
<gml:pos>32.607413889 131.465813889</gml:pos>
</gml:Point>
</pos>
<orgName>国土地理院</orgName>
<type>水準点</type>
<gcpClass>一等水準点</gcpClass>
<gcpCode>L010000002648</gcpCode>
<name>２６４８</name>
<B>117386.69</B>
<L>473276.93</L>
<alti>57.003</alti>
<altiAcc>4</altiAcc>
</GCP>
<GCP gml:id="K1_483173_5">
<fid>10-00100-0-2002-267166</fid>
<lfSpanFr gml:id="K1_483173_5-1">
<gml:timePosition>2021-02-22</gml:timePosition>
</lfSpanFr>
<devDate gml:id="K1_483173_5-2">
<gml:timePosition>2021-03-09</gml:timePosition>
</devDate>
<orgGILvl>SJ11</orgGILvl>
<vis>表示</vis>
<pos>
<gml:Point gml:id="K1_483173_5-g" srsName="fguuid:jgd2011.bl">
<gml:pos>32.611450000 131.447105556</gml:pos>
</gml:Point>
</pos>
<orgName>国土地理院</orgName>
<type>水準点</type>
<gcpClass>一等水準点</gcpClass>
<gcpCode>L010000002649</gcpCode>
<name>２６４９</name>
<B>117401.22</B>
<L>473209.58</L>
<alti>69.1569</alti>
<altiAcc>4</altiAcc>
</GCP>
<GCP gml:id="K1_483173_6">
<fid>10-00100-0-2002-267167</fid>
<lfSpanFr gml:id="K1_483173_6-1">
<gml:timePosition>2021-02-22</gml:timePosition>
</lfSpanFr>
<devDate gml:id="K1_483173_6-2">
<gml:timePosition>2021-03-09</gml:timePosition>
</devDate>
<orgGILvl>SJ11</orgGILvl>
<vis>表示</vis>
<pos>
<gml:Point gml:id="K1_483173_6-g" srsName="fguuid:jgd2011.bl">
<gml:pos>32.619977778 131.442063889</gml:pos>
</gml:Point>
</pos>
<orgName>国土地理院</orgName>
<type>水準点</type>
<gcpClass>一等水準点</gcpClass>
<gcpCode>L010000002650</gcpCode>
<name>２６５０</name>
<B>117431.92</B>
<L>473191.43</L>
<alti>184.5826</alti>
<altiAcc>4</altiAcc>
</GCP>
<GCP gml:id="K1_483173_7">
<fid>10-00100-0-2002-267168</fid>
<lfSpanFr gml:id="K1_483173_7-1">
<gml:timePosition>2021-02-22</gml:timePosition>
</lfSpanFr>
<devDate gml:id="K1_483173_7-2">
<gml:timePosition>2021-03-09</gml:timePosition>
</devDate>
<orgGILvl>SJ11</orgGILvl>
<vis>表示</vis>
<pos>
<gml:Point gml:id="K1_483173_7-g" srsName="fguuid:jgd2011.bl">
<gml:pos>32.626813889 131.430594444</gml:pos>
</gml:Point>
</pos>
<orgName>国土地理院</orgName>
<type>水準点</type>
<gcpClass>一等水準点</gcpClass>
<gcpCode>L010000002651</gcpCode>
<name>２６５１</name>
<B>117456.53</B>
<L>473150.14</L>
<alti>166.9306</alti>
<altiAcc>4</altiAcc>
</GCP>
<GCP gml:id="K1_483173_8">
<fid>10-00100-0-2002-267169</fid>
<lfSpanFr gml:id="K1_483173_8-1">
<gml:timePosition>2021-02-22</gml:timePosition>
</lfSpanFr>
<devDate gml:id="K1_483173_8-2">
<gml:timePosition>2021-03-09</gml:timePosition>
</devDate>
<orgGILvl>SJ11</orgGILvl>
<vis>表示</vis>
<pos>
<gml:Point gml:id="K1_483173_8-g" srsName="fguuid:jgd2011.bl">
<gml:pos>32.627736111 131.418552778</gml:pos>
</gml:Point>
</pos>
<orgName>国土地理院</orgName>
<type>水準点</type>
<gcpClass>一等水準点</gcpClass>
<gcpCode>L010000002652</gcpCode>
<name>２６５２</name>
<B>117459.85</B>
<L>473106.79</L>
<alti>229.9869</alti>
<altiAcc>4</altiAcc>
</GCP>
<GCP gml:id="K1_483173_9">
<fid>10-00100-0-2002-267170</fid>
<lfSpanFr gml:id="K1_483173_9-1">
<gml:timePosition>2021-02-22</gml:timePosition>
</lfSpanFr>
<devDate gml:id="K1_483173_9-2">
<gml:timePosition>2021-03-09</gml:timePosition>
</devDate>
<orgGILvl>SJ11</orgGILvl>
<vis>表示</vis>
<pos>
<gml:Point gml:id="K1_483173_9-g" srsName="fguuid:jgd2011.bl">
<gml:pos>32.635141667 131.409158333</gml:pos>
</gml:Point>
</pos>
<orgName>国土地理院</orgName>
<type>水準点</type>
<gcpClass>一等水準点</gcpClass>
<gcpCode>L010000002653</gcpCode>
<name>２６５３</name>
<B>117486.51</B>
<L>473072.97</L>
<alti>225.021</alti>
<altiAcc>4</altiAcc>
</GCP>
<GCP gml:id="K1_483173_10">
<fid>10-00100-0-2002-267171</fid>
<lfSpanFr gml:id="K1_483173_10-1">
<gml:timePosition>2021-02-22</gml:timePosition>
</lfSpanFr>
<devDate gml:id="K1_483173_10-2">
<gml:timePosition>2021-03-09</gml:timePosition>
</devDate>
<orgGILvl>SJ11</orgGILvl>
<vis>表示</vis>
<pos>
<gml:Point gml:id="K1_483173_10-g" srsName="fguuid:jgd2011.bl">
<gml:pos>32.637763306 131.398254750</gml:pos>
</gml:Point>
</pos>
<orgName>国土地理院</orgName>
<type>水準点</type>
<gcpClass>一等水準点</gcpClass>
<gcpCode>L010000002654</gcpCode>
<name>２６５４</name>
<B>117495.9479</B>
<L>473033.7171</L>
<alti>248.4027</alti>
<altiAcc>4</altiAcc>
</GCP>
<GCP gml:id="K1_483173_11">
<fid>10-00100-0-2002-267172</fid>
<lfSpanFr gml:id="K1_483173_11-1">
<gml:timePosition>2021-02-22</gml:timePosition>
</lfSpanFr>
<devDate gml:id="K1_483173_11-2">
<gml:timePosition>2021-03-09</gml:timePosition>
</devDate>
<orgGILvl>SJ11</orgGILvl>
<vis>表示</vis>
<pos>
<gml:Point gml:id="K1_483173_11-g" srsName="fguuid:jgd2011.bl">
<gml:pos>32.650323944 131.392254500</gml:pos>
</gml:Point>
</pos>
<orgName>国土地理院</orgName>
<type>水準点</type>
<gcpClass>一等水準点</gcpClass>
<gcpCode>L010000002655</gcpCode>
<name>２６５５</name>
<B>117541.1662</B>
<L>473012.1162</L>
<alti>152.0186</alti>
<altiAcc>4</altiAcc>
</GCP>
<GCP gml:id="K1_483173_12">
<fid>10-00100-0-2002-267173</fid>
<lfSpanFr gml:id="K1_483173_12-1">
<gml:timePosition>2021-02-22</gml:timePosition>
</lfSpanFr>
<devDate gml:id="K1_483173_12-2">
<gml:timePosition>2021-03-09</gml:timePosition>
</devDate>
<orgGILvl>SJ11</orgGILvl>
<vis>表示</vis>
<pos>
<gml:Point gml:id="K1_483173_12-g" srsName="fguuid:jgd2011.bl">
<gml:pos>32.660760556 131.387618444</gml:pos>
</gml:Point>
</pos>
<orgName>国土地理院</orgName>
<type>水準点</type>
<gcpClass>一等水準点</gcpClass>
<gcpCode>L010000002656</gcpCode>
<name>２６５６</name>
<B>117578.738</B>
<L>472995.4264</L>
<alti>228.0803</alti>
<altiAcc>4</altiAcc>
</GCP>
<GCP gml:id="K1_483173_13">
<fid>10-00100-0-2002-280709</fid>
<lfSpanFr gml:id="K1_483173_13-1">
<gml:timePosition>2021-02-22</gml:timePosition>
</lfSpanFr>
<devDate gml:id="K1_483173_13-2">
<gml:timePosition>2021-03-09</gml:timePosition>
</devDate>
<orgGILvl>SJ11</orgGILvl>
<vis>表示</vis>
<pos>
<gml:Point gml:id="K1_483173_13-g" srsName="fguuid:jgd2011.bl">
<gml:pos>32.594469444 131.494905556</gml:pos>
</gml:Point>
</pos>
<orgName>国土地理院</orgName>
<type>水準点</type>
<gcpClass>一等水準点</gcpClass>
<gcpCode>L050000002317</gcpCode>
<name>準基２３１７</name>
<B>117340.09</B>
<L>473381.66</L>
<alti>47.898</alti>
<altiAcc>4</altiAcc>
</GCP>
<GCP gml:id="K1_483173_14">
<fid>10-00100-0-2002-280710</fid>
<lfSpanFr gml:id="K1_483173_14-1">
<gml:timePosition>2021-02-22</gml:timePosition>
</lfSpanFr>
<devDate gml:id="K1_483173_14-2">
<gml:timePosition>2021-03-09</gml:timePosition>
</devDate>
<orgGILvl>SJ11</orgGILvl>
<vis>表示</vis>
<pos>
<gml:Point gml:id="K1_483173_14-g" srsName="fguuid:jgd2011.bl">
<gml:pos>32.653275333 131.388526139</gml:pos>
</gml:Point>
</pos>
<orgName>国土地理院</orgName>
<type>水準点</type>
<gcpClass>一等水準点</gcpClass>
<gcpCode>L050000002319</gcpCode>
<name>準基２３１９</name>
<B>117551.7912</B>
<L>472998.6941</L>
<alti>100.6903</alti>
<altiAcc>4</altiAcc>
</GCP>
<GCP gml:id="K1_483173_15">
<fid>10-00100-0-2002-283627</fid>
<lfSpanFr gml:id="K1_483173_15-1">
<gml:timePosition>2021-02-22</gml:timePosition>
</lfSpanFr>
<devDate gml:id="K1_483173_15-2">
<gml:timePosition>2021-03-09</gml:timePosition>
</devDate>
<orgGILvl>KJ12</orgGILvl>
<vis>表示</vis>
<pos>
<gml:Point gml:id="K1_483173_15-g" srsName="fguuid:jgd2011.bl">
<gml:pos>32.653269361 131.417507861</gml:pos>
</gml:Point>
</pos>
<orgName>国土地理院</orgName>
<type>三角点</type>
<gcpClass>二等三角点</gcpClass>
<gcpCode>TR24831738301</gcpCode>
<name>矢筈岳</name>
<B>117551.7697</B>
<L>473103.0283</L>
<alti>736.34</alti>
<altiAcc>2</altiAcc>
</GCP>
<GCP gml:id="K1_483173_16">
<fid>10-00100-0-2002-290125</fid>
<lfSpanFr gml:id="K1_483173_16-1">
<gml:timePosition>2021-02-22</gml:timePosition>
</lfSpanFr>
<devDate gml:id="K1_483173_16-2">
<gml:timePosition>2021-03-09</gml:timePosition>
</devDate>
<orgGILvl>KJ13</orgGILvl>
<vis>表示</vis>
<pos>
<gml:Point gml:id="K1_483173_16-g" srsName="fguuid:jgd2011.bl">
<gml:pos>32.589734306 131.422555361</gml:pos>
</gml:Point>
</pos>
<orgName>国土地理院</orgName>
<type>三角点</type>
<gcpClass>三等三角点</gcpClass>
<gcpCode>TR34831730301</gcpCode>
<name>田谷</name>
<B>117323.0435</B>
<L>473121.1993</L>
<alti>737.53</alti>
<altiAcc>2</altiAcc>
</GCP>
<GCP gml:id="K1_483173_17">
<fid>10-00100-0-2002-290126</fid>
<lfSpanFr gml:id="K1_483173_17-1">
<gml:timePosition>2021-02-22</gml:timePosition>
</lfSpanFr>
<devDate gml:id="K1_483173_17-2">
<gml:timePosition>2021-03-09</gml:timePosition>
</devDate>
<orgGILvl>KJ13</orgGILvl>
<vis>表示</vis>
<pos>
<gml:Point gml:id="K1_483173_17-g" srsName="fguuid:jgd2011.bl">
<gml:pos>32.592903444 131.380545444</gml:pos>
</gml:Point>
</pos>
<orgName>国土地理院</orgName>
<type>三角点</type>
<gcpClass>三等三角点</gcpClass>
<gcpCode>TR34831731001</gcpCode>
<name>鳥屋ノ平</name>
<B>117334.4524</B>
<L>472969.9636</L>
<alti>781.39</alti>
<altiAcc>2</altiAcc>
</GCP>
<GCP gml:id="K1_483173_18">
<fid>10-00100-0-2002-290127</fid>
<lfSpanFr gml:id="K1_483173_18-1">
<gml:timePosition>2021-02-22</gml:timePosition>
</lfSpanFr>
<devDate gml:id="K1_483173_18-2">
<gml:timePosition>2021-03-09</gml:timePosition>
</devDate>
<orgGILvl>KJ13</orgGILvl>
<vis>表示</vis>
<pos>
<gml:Point gml:id="K1_483173_18-g" srsName="fguuid:jgd2011.bl">
<gml:pos>32.596454306 131.449599389</gml:pos>
</gml:Point>
</pos>
<orgName>国土地理院</orgName>
<type>三角点</type>
<gcpClass>三等三角点</gcpClass>
<gcpCode>TR34831731501</gcpCode>
<name>滝下</name>
<B>117347.2355</B>
<L>473218.5578</L>
<alti>518.06</alti>
<altiAcc>2</altiAcc>
</GCP>
<GCP gml:id="K1_483173_19">
<fid>10-00100-0-2002-290128</fid>
<lfSpanFr gml:id="K1_483173_19-1">
<gml:timePosition>2021-02-22</gml:timePosition>
</lfSpanFr>
<devDate gml:id="K1_483173_19-2">
<gml:timePosition>2021-03-09</gml:timePosition>
</devDate>
<orgGILvl>KJ13</orgGILvl>
<vis>表示</vis>
<pos>
<gml:Point gml:id="K1_483173_19-g" srsName="fguuid:jgd2011.bl">
<gml:pos>32.623772083 131.401340472</gml:pos>
</gml:Point>
</pos>
<orgName>国土地理院</orgName>
<type>三角点</type>
<gcpClass>三等三角点</gcpClass>
<gcpCode>TR34831734201</gcpCode>
<name>弓儀ヶ塚</name>
<B>117445.5795</B>
<L>473044.8257</L>
<alti>538.38</alti>
<altiAcc>2</altiAcc>
</GCP>
<GCP gml:id="K1_483173_20">
<fid>10-00100-0-2002-290129</fid>
<lfSpanFr gml:id="K1_483173_20-1">
<gml:timePosition>2021-02-22</gml:timePosition>
</lfSpanFr>
<devDate gml:id="K1_483173_20-2">
<gml:timePosition>2021-03-09</gml:timePosition>
</devDate>
<orgGILvl>KJ13</orgGILvl>
<vis>表示</vis>
<pos>
<gml:Point gml:id="K1_483173_20-g" srsName="fguuid:jgd2011.bl">
<gml:pos>32.628863222 131.437851528</gml:pos>
</gml:Point>
</pos>
<orgName>国土地理院</orgName>
<type>三角点</type>
<gcpClass>三等三角点</gcpClass>
<gcpCode>TR34831735501</gcpCode>
<name>新町</name>
<B>117463.9076</B>
<L>473176.2655</L>
<alti>285.31</alti>
<altiAcc>2</altiAcc>
</GCP>
<GCP gml:id="K1_483173_21">
<fid>10-00100-0-2002-290130</fid>
<lfSpanFr gml:id="K1_483173_21-1">
<gml:timePosition>2021-02-22</gml:timePosition>
</lfSpanFr>
<devDate gml:id="K1_483173_21-2">
<gml:timePosition>2021-03-09</gml:timePosition>
</devDate>
<orgGILvl>KJ13</orgGILvl>
<vis>表示</vis>
<pos>
<gml:Point gml:id="K1_483173_21-g" srsName="fguuid:jgd2011.bl">
<gml:pos>32.625928556 131.471969278</gml:pos>
</gml:Point>
</pos>
<orgName>国土地理院</orgName>
<type>三角点</type>
<gcpClass>三等三角点</gcpClass>
<gcpCode>TR34831735701</gcpCode>
<name>日平山</name>
<B>117453.3428</B>
<L>473299.0894</L>
<alti>548.2</alti>
<altiAcc>2</altiAcc>
</GCP>
<GCP gml:id="K1_483173_22">
<fid>10-00100-0-2002-290131</fid>
<lfSpanFr gml:id="K1_483173_22-1">
<gml:timePosition>2021-02-22</gml:timePosition>
</lfSpanFr>
<devDate gml:id="K1_483173_22-2">
<gml:timePosition>2021-03-09</gml:timePosition>
</devDate>
<orgGILvl>KJ13</orgGILvl>
<vis>表示</vis>
<pos>
<gml:Point gml:id="K1_483173_22-g" srsName="fguuid:jgd2011.bl">
<gml:pos>32.646800917 131.494621667</gml:pos>
</gml:Point>
</pos>
<orgName>国土地理院</orgName>
<type>三角点</type>
<gcpClass>三等三角点</gcpClass>
<gcpCode>TR34831737901</gcpCode>
<name>犬返山</name>
<B>117528.4833</B>
<L>473380.638</L>
<alti>859.95</alti>
<altiAcc>2</altiAcc>
</GCP>
<GCP gml:id="K1_483173_23">
<fid>10-00100-0-2002-290132</fid>
<lfSpanFr gml:id="K1_483173_23-1">
<gml:timePosition>2021-02-22</gml:timePosition>
</lfSpanFr>
<devDate gml:id="K1_483173_23-2">
<gml:timePosition>2021-03-09</gml:timePosition>
</devDate>
<orgGILvl>KJ13</orgGILvl>
<vis>表示</vis>
<pos>
<gml:Point gml:id="K1_483173_23-g" srsName="fguuid:jgd2011.bl">
<gml:pos>32.652187889 131.462135972</gml:pos>
</gml:Point>
</pos>
<orgName>国土地理院</orgName>
<type>三角点</type>
<gcpClass>三等三角点</gcpClass>
<gcpCode>TR34831738601</gcpCode>
<name>稗ノ山</name>
<B>117547.8764</B>
<L>473263.6895</L>
<alti>918.05</alti>
<altiAcc>2</altiAcc>
</GCP>
<GCP gml:id="K1_483173_24">
<fid>10-00100-0-2002-326050</fid>
<lfSpanFr gml:id="K1_483173_24-1">
<gml:timePosition>2021-02-22</gml:timePosition>
</lfSpanFr>
<devDate gml:id="K1_483173_24-2">
<gml:timePosition>2021-03-09</gml:timePosition>
</devDate>
<orgGILvl>KJ14</orgGILvl>
<vis>表示</vis>
<pos>
<gml:Point gml:id="K1_483173_24-g" srsName="fguuid:jgd2011.bl">
<gml:pos>32.584285528 131.397442139</gml:pos>
</gml:Point>
</pos>
<orgName>国土地理院</orgName>
<type>三角点</type>
<gcpClass>四等三角点</gcpClass>
<gcpCode>TR44831730101</gcpCode>
<name>小原平</name>
<B>117303.4279</B>
<L>473030.7917</L>
<alti>704.47</alti>
<altiAcc>2</altiAcc>
</GCP>
<GCP gml:id="K1_483173_25">
<fid>10-00100-0-2002-326051</fid>
<lfSpanFr gml:id="K1_483173_25-1">
<gml:timePosition>2021-02-22</gml:timePosition>
</lfSpanFr>
<devDate gml:id="K1_483173_25-2">
<gml:timePosition>2021-03-09</gml:timePosition>
</devDate>
<orgGILvl>KJ14</orgGILvl>
<vis>表示</vis>
<pos>
<gml:Point gml:id="K1_483173_25-g" srsName="fguuid:jgd2011.bl">
<gml:pos>32.583751556 131.441837583</gml:pos>
</gml:Point>
</pos>
<orgName>国土地理院</orgName>
<type>三角点</type>
<gcpClass>四等三角点</gcpClass>
<gcpCode>TR44831730501</gcpCode>
<name>荒口</name>
<B>117301.5056</B>
<L>473190.6153</L>
<alti>725.95</alti>
<altiAcc>2</altiAcc>
</GCP>
<GCP gml:id="K1_483173_26">
<fid>10-00100-0-2002-326052</fid>
<lfSpanFr gml:id="K1_483173_26-1">
<gml:timePosition>2021-02-22</gml:timePosition>
</lfSpanFr>
<devDate gml:id="K1_483173_26-2">
<gml:timePosition>2021-03-09</gml:timePosition>
</devDate>
<orgGILvl>KJ14</orgGILvl>
<vis>表示</vis>
<pos>
<gml:Point gml:id="K1_483173_26-g" srsName="fguuid:jgd2011.bl">
<gml:pos>32.591500028 131.460657444</gml:pos>
</gml:Point>
</pos>
<orgName>国土地理院</orgName>
<type>三角点</type>
<gcpClass>四等三角点</gcpClass>
<gcpCode>TR44831730601</gcpCode>
<name>猪原</name>
<B>117329.4001</B>
<L>473258.3668</L>
<alti>142.45</alti>
<altiAcc>2</altiAcc>
</GCP>
<GCP gml:id="K1_483173_27">
<fid>10-00100-0-2002-326053</fid>
<lfSpanFr gml:id="K1_483173_27-1">
<gml:timePosition>2021-02-22</gml:timePosition>
</lfSpanFr>
<devDate gml:id="K1_483173_27-2">
<gml:timePosition>2021-03-09</gml:timePosition>
</devDate>
<orgGILvl>KJ14</orgGILvl>
<vis>表示</vis>
<pos>
<gml:Point gml:id="K1_483173_27-g" srsName="fguuid:jgd2011.bl">
<gml:pos>32.597992472 131.413447500</gml:pos>
</gml:Point>
</pos>
<orgName>国土地理院</orgName>
<type>三角点</type>
<gcpClass>四等三角点</gcpClass>
<gcpCode>TR44831731301</gcpCode>
<name>日出松</name>
<B>117352.7729</B>
<L>473088.411</L>
<alti>641.98</alti>
<altiAcc>2</altiAcc>
</GCP>
<GCP gml:id="K1_483173_28">
<fid>10-00100-0-2002-326054</fid>
<lfSpanFr gml:id="K1_483173_28-1">
<gml:timePosition>2021-02-22</gml:timePosition>
</lfSpanFr>
<devDate gml:id="K1_483173_28-2">
<gml:timePosition>2021-03-09</gml:timePosition>
</devDate>
<orgGILvl>KJ14</orgGILvl>
<vis>表示</vis>
<pos>
<gml:Point gml:id="K1_483173_28-g" srsName="fguuid:jgd2011.bl">
<gml:pos>32.594969972 131.486550444</gml:pos>
</gml:Point>
</pos>
<orgName>国土地理院</orgName>
<type>三角点</type>
<gcpClass>四等三角点</gcpClass>
<gcpCode>TR44831731801</gcpCode>
<name>早日渡</name>
<B>117341.8919</B>
<L>473351.5816</L>
<alti>203.52</alti>
<altiAcc>2</altiAcc>
</GCP>
<GCP gml:id="K1_483173_29">
<fid>10-00100-0-2002-326055</fid>
<lfSpanFr gml:id="K1_483173_29-1">
<gml:timePosition>2021-02-22</gml:timePosition>
</lfSpanFr>
<devDate gml:id="K1_483173_29-2">
<gml:timePosition>2021-03-09</gml:timePosition>
</devDate>
<orgGILvl>KJ14</orgGILvl>
<vis>表示</vis>
<pos>
<gml:Point gml:id="K1_483173_29-g" srsName="fguuid:jgd2011.bl">
<gml:pos>32.603862750 131.389415500</gml:pos>
</gml:Point>
</pos>
<orgName>国土地理院</orgName>
<type>三角点</type>
<gcpClass>四等三角点</gcpClass>
<gcpCode>TR44831732101</gcpCode>
<name>尾崎</name>
<B>117373.9059</B>
<L>473001.8958</L>
<alti>640.68</alti>
<altiAcc>2</altiAcc>
</GCP>
<GCP gml:id="K1_483173_30">
<fid>10-00100-0-2002-326056</fid>
<lfSpanFr gml:id="K1_483173_30-1">
<gml:timePosition>2021-02-22</gml:timePosition>
</lfSpanFr>
<devDate gml:id="K1_483173_30-2">
<gml:timePosition>2021-03-09</gml:timePosition>
</devDate>
<orgGILvl>KJ14</orgGILvl>
<vis>表示</vis>
<pos>
<gml:Point gml:id="K1_483173_30-g" srsName="fguuid:jgd2011.bl">
<gml:pos>32.607842056 131.407235083</gml:pos>
</gml:Point>
</pos>
<orgName>国土地理院</orgName>
<type>三角点</type>
<gcpClass>四等三角点</gcpClass>
<gcpCode>TR44831732201</gcpCode>
<name>分城</name>
<B>117388.2314</B>
<L>473066.0463</L>
<alti>637.61</alti>
<altiAcc>2</altiAcc>
</GCP>
<GCP gml:id="K1_483173_31">
<fid>10-00100-0-2002-326057</fid>
<lfSpanFr gml:id="K1_483173_31-1">
<gml:timePosition>2021-02-22</gml:timePosition>
</lfSpanFr>
<devDate gml:id="K1_483173_31-2">
<gml:timePosition>2021-03-09</gml:timePosition>
</devDate>
<orgGILvl>KJ14</orgGILvl>
<vis>表示</vis>
<pos>
<gml:Point gml:id="K1_483173_31-g" srsName="fguuid:jgd2011.bl">
<gml:pos>32.602543694 131.431273889</gml:pos>
</gml:Point>
</pos>
<orgName>国土地理院</orgName>
<type>三角点</type>
<gcpClass>四等三角点</gcpClass>
<gcpCode>TR44831732401</gcpCode>
<name>尾越</name>
<B>117369.1573</B>
<L>473152.586</L>
<alti>561.76</alti>
<altiAcc>2</altiAcc>
</GCP>
<GCP gml:id="K1_483173_32">
<fid>10-00100-0-2002-326058</fid>
<lfSpanFr gml:id="K1_483173_32-1">
<gml:timePosition>2021-02-22</gml:timePosition>
</lfSpanFr>
<devDate gml:id="K1_483173_32-2">
<gml:timePosition>2021-03-09</gml:timePosition>
</devDate>
<orgGILvl>KJ14</orgGILvl>
<vis>表示</vis>
<pos>
<gml:Point gml:id="K1_483173_32-g" srsName="fguuid:jgd2011.bl">
<gml:pos>32.607229250 131.481459306</gml:pos>
</gml:Point>
</pos>
<orgName>国土地理院</orgName>
<type>三角点</type>
<gcpClass>四等三角点</gcpClass>
<gcpCode>TR44831732801</gcpCode>
<name>船迫</name>
<B>117386.0253</B>
<L>473333.2535</L>
<alti>147.25</alti>
<altiAcc>2</altiAcc>
</GCP>
<GCP gml:id="K1_483173_33">
<fid>10-00100-0-2002-326059</fid>
<lfSpanFr gml:id="K1_483173_33-1">
<gml:timePosition>2021-02-22</gml:timePosition>
</lfSpanFr>
<devDate gml:id="K1_483173_33-2">
<gml:timePosition>2021-03-09</gml:timePosition>
</devDate>
<orgGILvl>KJ14</orgGILvl>
<vis>表示</vis>
<pos>
<gml:Point gml:id="K1_483173_33-g" srsName="fguuid:jgd2011.bl">
<gml:pos>32.607410056 131.491946278</gml:pos>
</gml:Point>
</pos>
<orgName>国土地理院</orgName>
<type>三角点</type>
<gcpClass>四等三角点</gcpClass>
<gcpCode>TR44831732901</gcpCode>
<name>尾払</name>
<B>117386.6762</B>
<L>473371.0066</L>
<alti>182.6</alti>
<altiAcc>2</altiAcc>
</GCP>
<GCP gml:id="K1_483173_34">
<fid>10-00100-0-2002-326060</fid>
<lfSpanFr gml:id="K1_483173_34-1">
<gml:timePosition>2021-02-22</gml:timePosition>
</lfSpanFr>
<devDate gml:id="K1_483173_34-2">
<gml:timePosition>2021-03-09</gml:timePosition>
</devDate>
<orgGILvl>KJ14</orgGILvl>
<vis>表示</vis>
<pos>
<gml:Point gml:id="K1_483173_34-g" srsName="fguuid:jgd2011.bl">
<gml:pos>32.614635306 131.384613500</gml:pos>
</gml:Point>
</pos>
<orgName>国土地理院</orgName>
<type>三角点</type>
<gcpClass>四等三角点</gcpClass>
<gcpCode>TR44831733001</gcpCode>
<name>横迫</name>
<B>117412.6871</B>
<L>472984.6086</L>
<alti>503.82</alti>
<altiAcc>2</altiAcc>
</GCP>
<GCP gml:id="K1_483173_35">
<fid>10-00100-0-2002-326061</fid>
<lfSpanFr gml:id="K1_483173_35-1">
<gml:timePosition>2021-02-22</gml:timePosition>
</lfSpanFr>
<devDate gml:id="K1_483173_35-2">
<gml:timePosition>2021-03-09</gml:timePosition>
</devDate>
<orgGILvl>KJ14</orgGILvl>
<vis>表示</vis>
<pos>
<gml:Point gml:id="K1_483173_35-g" srsName="fguuid:jgd2011.bl">
<gml:pos>32.614093639 131.424854583</gml:pos>
</gml:Point>
</pos>
<orgName>国土地理院</orgName>
<type>三角点</type>
<gcpClass>四等三角点</gcpClass>
<gcpCode>TR44831733301</gcpCode>
<name>杉の平</name>
<B>117410.7371</B>
<L>473129.4765</L>
<alti>422.8</alti>
<altiAcc>2</altiAcc>
</GCP>
<GCP gml:id="K1_483173_36">
<fid>10-00100-0-2002-326062</fid>
<lfSpanFr gml:id="K1_483173_36-1">
<gml:timePosition>2021-02-22</gml:timePosition>
</lfSpanFr>
<devDate gml:id="K1_483173_36-2">
<gml:timePosition>2021-03-09</gml:timePosition>
</devDate>
<orgGILvl>KJ14</orgGILvl>
<vis>表示</vis>
<pos>
<gml:Point gml:id="K1_483173_36-g" srsName="fguuid:jgd2011.bl">
<gml:pos>32.611778083 131.441916417</gml:pos>
</gml:Point>
</pos>
<orgName>国土地理院</orgName>
<type>三角点</type>
<gcpClass>四等三角点</gcpClass>
<gcpCode>TR44831733501</gcpCode>
<name>星山</name>
<B>117402.4011</B>
<L>473190.8991</L>
<alti>298.17</alti>
<altiAcc>2</altiAcc>
</GCP>
<GCP gml:id="K1_483173_37">
<fid>10-00100-0-2002-326063</fid>
<lfSpanFr gml:id="K1_483173_37-1">
<gml:timePosition>2021-02-22</gml:timePosition>
</lfSpanFr>
<devDate gml:id="K1_483173_37-2">
<gml:timePosition>2021-03-09</gml:timePosition>
</devDate>
<orgGILvl>KJ14</orgGILvl>
<vis>表示</vis>
<pos>
<gml:Point gml:id="K1_483173_37-g" srsName="fguuid:jgd2011.bl">
<gml:pos>32.613022278 131.458309111</gml:pos>
</gml:Point>
</pos>
<orgName>国土地理院</orgName>
<type>三角点</type>
<gcpClass>四等三角点</gcpClass>
<gcpCode>TR44831733601</gcpCode>
<name>椎木原</name>
<B>117406.8802</B>
<L>473249.9128</L>
<alti>347.78</alti>
<altiAcc>2</altiAcc>
</GCP>
<GCP gml:id="K1_483173_38">
<fid>10-00100-0-2002-326064</fid>
<lfSpanFr gml:id="K1_483173_38-1">
<gml:timePosition>2021-02-22</gml:timePosition>
</lfSpanFr>
<devDate gml:id="K1_483173_38-2">
<gml:timePosition>2021-03-09</gml:timePosition>
</devDate>
<orgGILvl>KJ14</orgGILvl>
<vis>表示</vis>
<pos>
<gml:Point gml:id="K1_483173_38-g" srsName="fguuid:jgd2011.bl">
<gml:pos>32.611667167 131.471129056</gml:pos>
</gml:Point>
</pos>
<orgName>国土地理院</orgName>
<type>三角点</type>
<gcpClass>四等三角点</gcpClass>
<gcpCode>TR44831733701</gcpCode>
<name>前小谷</name>
<B>117402.0018</B>
<L>473296.0646</L>
<alti>200.04</alti>
<altiAcc>2</altiAcc>
</GCP>
<GCP gml:id="K1_483173_39">
<fid>10-00100-0-2002-326065</fid>
<lfSpanFr gml:id="K1_483173_39-1">
<gml:timePosition>2021-02-22</gml:timePosition>
</lfSpanFr>
<devDate gml:id="K1_483173_39-2">
<gml:timePosition>2021-03-09</gml:timePosition>
</devDate>
<orgGILvl>KJ14</orgGILvl>
<vis>表示</vis>
<pos>
<gml:Point gml:id="K1_483173_39-g" srsName="fguuid:jgd2011.bl">
<gml:pos>32.623340833 131.456453333</gml:pos>
</gml:Point>
</pos>
<orgName>国土地理院</orgName>
<type>三角点</type>
<gcpClass>四等三角点</gcpClass>
<gcpCode>TR44831734601</gcpCode>
<name>綱ノ瀬</name>
<B>117444.027</B>
<L>473243.232</L>
<alti>287.98</alti>
<altiAcc>2</altiAcc>
</GCP>
<GCP gml:id="K1_483173_40">
<fid>10-00100-0-2002-326066</fid>
<lfSpanFr gml:id="K1_483173_40-1">
<gml:timePosition>2021-02-22</gml:timePosition>
</lfSpanFr>
<devDate gml:id="K1_483173_40-2">
<gml:timePosition>2021-03-09</gml:timePosition>
</devDate>
<orgGILvl>KJ14</orgGILvl>
<vis>表示</vis>
<pos>
<gml:Point gml:id="K1_483173_40-g" srsName="fguuid:jgd2011.bl">
<gml:pos>32.620670861 131.490193139</gml:pos>
</gml:Point>
</pos>
<orgName>国土地理院</orgName>
<type>三角点</type>
<gcpClass>四等三角点</gcpClass>
<gcpCode>TR44831734901</gcpCode>
<name>高良谷</name>
<B>117434.4151</B>
<L>473364.6953</L>
<alti>354.67</alti>
<altiAcc>2</altiAcc>
</GCP>
<GCP gml:id="K1_483173_41">
<fid>10-00100-0-2002-326067</fid>
<lfSpanFr gml:id="K1_483173_41-1">
<gml:timePosition>2021-02-22</gml:timePosition>
</lfSpanFr>
<devDate gml:id="K1_483173_41-2">
<gml:timePosition>2021-03-09</gml:timePosition>
</devDate>
<orgGILvl>KJ14</orgGILvl>
<vis>表示</vis>
<pos>
<gml:Point gml:id="K1_483173_41-g" srsName="fguuid:jgd2011.bl">
<gml:pos>32.628856417 131.385584167</gml:pos>
</gml:Point>
</pos>
<orgName>国土地理院</orgName>
<type>三角点</type>
<gcpClass>四等三角点</gcpClass>
<gcpCode>TR44831735001</gcpCode>
<name>小崎</name>
<B>117463.8831</B>
<L>472988.103</L>
<alti>287.61</alti>
<altiAcc>2</altiAcc>
</GCP>
<GCP gml:id="K1_483173_42">
<fid>10-00100-0-2002-326068</fid>
<lfSpanFr gml:id="K1_483173_42-1">
<gml:timePosition>2021-02-22</gml:timePosition>
</lfSpanFr>
<devDate gml:id="K1_483173_42-2">
<gml:timePosition>2021-03-09</gml:timePosition>
</devDate>
<orgGILvl>KJ14</orgGILvl>
<vis>表示</vis>
<pos>
<gml:Point gml:id="K1_483173_42-g" srsName="fguuid:jgd2011.bl">
<gml:pos>32.627631111 131.424437194</gml:pos>
</gml:Point>
</pos>
<orgName>国土地理院</orgName>
<type>三角点</type>
<gcpClass>四等三角点</gcpClass>
<gcpCode>TR44831735301</gcpCode>
<name>舟の尾</name>
<B>117459.472</B>
<L>473127.9739</L>
<alti>256.24</alti>
<altiAcc>2</altiAcc>
</GCP>
<GCP gml:id="K1_483173_43">
<fid>10-00100-0-2002-326069</fid>
<lfSpanFr gml:id="K1_483173_43-1">
<gml:timePosition>2021-02-22</gml:timePosition>
</lfSpanFr>
<devDate gml:id="K1_483173_43-2">
<gml:timePosition>2021-03-09</gml:timePosition>
</devDate>
<orgGILvl>KJ14</orgGILvl>
<vis>表示</vis>
<pos>
<gml:Point gml:id="K1_483173_43-g" srsName="fguuid:jgd2011.bl">
<gml:pos>32.632702361 131.496752056</gml:pos>
</gml:Point>
</pos>
<orgName>国土地理院</orgName>
<type>三角点</type>
<gcpClass>四等三角点</gcpClass>
<gcpCode>TR44831735901</gcpCode>
<name>内の口山</name>
<B>117477.7285</B>
<L>473388.3074</L>
<alti>631.05</alti>
<altiAcc>2</altiAcc>
</GCP>
<GCP gml:id="K1_483173_44">
<fid>10-00100-0-2002-326070</fid>
<lfSpanFr gml:id="K1_483173_44-1">
<gml:timePosition>2021-02-22</gml:timePosition>
</lfSpanFr>
<devDate gml:id="K1_483173_44-2">
<gml:timePosition>2021-03-09</gml:timePosition>
</devDate>
<orgGILvl>KJ14</orgGILvl>
<vis>表示</vis>
<pos>
<gml:Point gml:id="K1_483173_44-g" srsName="fguuid:jgd2011.bl">
<gml:pos>32.640956417 131.412899194</gml:pos>
</gml:Point>
</pos>
<orgName>国土地理院</orgName>
<type>三角点</type>
<gcpClass>四等三角点</gcpClass>
<gcpCode>TR44831736301</gcpCode>
<name>阿下</name>
<B>117507.4431</B>
<L>473086.4371</L>
<alti>512.51</alti>
<altiAcc>2</altiAcc>
</GCP>
<GCP gml:id="K1_483173_45">
<fid>10-00100-0-2002-326071</fid>
<lfSpanFr gml:id="K1_483173_45-1">
<gml:timePosition>2021-02-22</gml:timePosition>
</lfSpanFr>
<devDate gml:id="K1_483173_45-2">
<gml:timePosition>2021-03-09</gml:timePosition>
</devDate>
<orgGILvl>KJ14</orgGILvl>
<vis>表示</vis>
<pos>
<gml:Point gml:id="K1_483173_45-g" srsName="fguuid:jgd2011.bl">
<gml:pos>32.640700583 131.433326500</gml:pos>
</gml:Point>
</pos>
<orgName>国土地理院</orgName>
<type>三角点</type>
<gcpClass>四等三角点</gcpClass>
<gcpCode>TR44831736401</gcpCode>
<name>滝の内</name>
<B>117506.5221</B>
<L>473159.9754</L>
<alti>395.51</alti>
<altiAcc>2</altiAcc>
</GCP>
<GCP gml:id="K1_483173_46">
<fid>10-00100-0-2002-326072</fid>
<lfSpanFr gml:id="K1_483173_46-1">
<gml:timePosition>2021-02-22</gml:timePosition>
</lfSpanFr>
<devDate gml:id="K1_483173_46-2">
<gml:timePosition>2021-03-09</gml:timePosition>
</devDate>
<orgGILvl>KJ14</orgGILvl>
<vis>表示</vis>
<pos>
<gml:Point gml:id="K1_483173_46-g" srsName="fguuid:jgd2011.bl">
<gml:pos>32.636908750 131.475167361</gml:pos>
</gml:Point>
</pos>
<orgName>国土地理院</orgName>
<type>三角点</type>
<gcpClass>四等三角点</gcpClass>
<gcpCode>TR44831736801</gcpCode>
<name>松八重</name>
<B>117492.8715</B>
<L>473310.6025</L>
<alti>623.95</alti>
<altiAcc>2</altiAcc>
</GCP>
<GCP gml:id="K1_483173_47">
<fid>10-00100-0-2002-326073</fid>
<lfSpanFr gml:id="K1_483173_47-1">
<gml:timePosition>2021-02-22</gml:timePosition>
</lfSpanFr>
<devDate gml:id="K1_483173_47-2">
<gml:timePosition>2021-03-09</gml:timePosition>
</devDate>
<orgGILvl>KJ14</orgGILvl>
<vis>表示</vis>
<pos>
<gml:Point gml:id="K1_483173_47-g" srsName="fguuid:jgd2011.bl">
<gml:pos>32.646807694 131.384369222</gml:pos>
</gml:Point>
</pos>
<orgName>国土地理院</orgName>
<type>三角点</type>
<gcpClass>四等三角点</gcpClass>
<gcpCode>TR44831737001</gcpCode>
<name>金毘羅山</name>
<B>117528.5077</B>
<L>472983.7292</L>
<alti>395.1</alti>
<altiAcc>2</altiAcc>
</GCP>
<GCP gml:id="K1_483173_48">
<fid>10-00100-0-2002-326074</fid>
<lfSpanFr gml:id="K1_483173_48-1">
<gml:timePosition>2021-02-22</gml:timePosition>
</lfSpanFr>
<devDate gml:id="K1_483173_48-2">
<gml:timePosition>2021-03-09</gml:timePosition>
</devDate>
<orgGILvl>KJ14</orgGILvl>
<vis>表示</vis>
<pos>
<gml:Point gml:id="K1_483173_48-g" srsName="fguuid:jgd2011.bl">
<gml:pos>32.643816972 131.397305639</gml:pos>
</gml:Point>
</pos>
<orgName>国土地理院</orgName>
<type>三角点</type>
<gcpClass>四等三角点</gcpClass>
<gcpCode>TR44831737101</gcpCode>
<name>下顔</name>
<B>117517.7411</B>
<L>473030.3003</L>
<alti>314.81</alti>
<altiAcc>2</altiAcc>
</GCP>
<GCP gml:id="K1_483173_49">
<fid>10-00100-0-2002-326075</fid>
<lfSpanFr gml:id="K1_483173_49-1">
<gml:timePosition>2021-02-22</gml:timePosition>
</lfSpanFr>
<devDate gml:id="K1_483173_49-2">
<gml:timePosition>2021-03-09</gml:timePosition>
</devDate>
<orgGILvl>KJ14</orgGILvl>
<vis>表示</vis>
<pos>
<gml:Point gml:id="K1_483173_49-g" srsName="fguuid:jgd2011.bl">
<gml:pos>32.653711139 131.403329194</gml:pos>
</gml:Point>
</pos>
<orgName>国土地理院</orgName>
<type>三角点</type>
<gcpClass>四等三角点</gcpClass>
<gcpCode>TR44831738201</gcpCode>
<name>上顔</name>
<B>117553.3601</B>
<L>473051.9851</L>
<alti>538.35</alti>
<altiAcc>2</altiAcc>
</GCP>
<GCP gml:id="K1_483173_50">
<fid>10-00100-0-2002-326076</fid>
<lfSpanFr gml:id="K1_483173_50-1">
<gml:timePosition>2021-02-22</gml:timePosition>
</lfSpanFr>
<devDate gml:id="K1_483173_50-2">
<gml:timePosition>2021-03-09</gml:timePosition>
</devDate>
<orgGILvl>KJ14</orgGILvl>
<vis>表示</vis>
<pos>
<gml:Point gml:id="K1_483173_50-g" srsName="fguuid:jgd2011.bl">
<gml:pos>32.658774389 131.381043889</gml:pos>
</gml:Point>
</pos>
<orgName>国土地理院</orgName>
<type>三角点</type>
<gcpClass>四等三角点</gcpClass>
<gcpCode>TR44831739001</gcpCode>
<name>崎野原</name>
<B>117571.5878</B>
<L>472971.758</L>
<alti>303.42</alti>
<altiAcc>2</altiAcc>
</GCP>
<GCP gml:id="K1_483173_51">
<fid>10-00100-0-2002-326077</fid>
<lfSpanFr gml:id="K1_483173_51-1">
<gml:timePosition>2021-02-22</gml:timePosition>
</lfSpanFr>
<devDate gml:id="K1_483173_51-2">
<gml:timePosition>2021-03-09</gml:timePosition>
</devDate>
<orgGILvl>KJ14</orgGILvl>
<vis>表示</vis>
<pos>
<gml:Point gml:id="K1_483173_51-g" srsName="fguuid:jgd2011.bl">
<gml:pos>32.663066111 131.394062028</gml:pos>
</gml:Point>
</pos>
<orgName>国土地理院</orgName>
<type>三角点</type>
<gcpClass>四等三角点</gcpClass>
<gcpCode>TR44831739101</gcpCode>
<name>中島</name>
<B>117587.038</B>
<L>473018.6233</L>
<alti>269.88</alti>
<altiAcc>2</altiAcc>
</GCP>
<GCP gml:id="K1_483173_52">
<fid>10-00100-0-2002-326078</fid>
<lfSpanFr gml:id="K1_483173_52-1">
<gml:timePosition>2021-02-22</gml:timePosition>
</lfSpanFr>
<devDate gml:id="K1_483173_52-2">
<gml:timePosition>2021-03-09</gml:timePosition>
</devDate>
<orgGILvl>KJ14</orgGILvl>
<vis>表示</vis>
<pos>
<gml:Point gml:id="K1_483173_52-g" srsName="fguuid:jgd2011.bl">
<gml:pos>32.664891611 131.436265556</gml:pos>
</gml:Point>
</pos>
<orgName>国土地理院</orgName>
<type>三角点</type>
<gcpClass>四等三角点</gcpClass>
<gcpCode>TR44831739401</gcpCode>
<name>田下</name>
<B>117593.6098</B>
<L>473170.556</L>
<alti>417.89</alti>
<altiAcc>2</altiAcc>
</GCP>
</Dataset>
