<?xml version="1.0" encoding="utf-8"?>
<Dataset xsi:schemaLocation="http://fgd.gsi.go.jp/spec/2008/FGD_GMLSchema FGD_GMLSchema.xsd"
	xmlns:gml="http://www.opengis.net/gml/3.2"
	xmlns:xsi="http://www.w3.org/2001/XMLSchema-instance"
	xmlns:xlink="http://www.w3.org/1999/xlink"
	xmlns="http://fgd.gsi.go.jp/spec/2008/FGD_GMLSchema"
	gml:id="Dataset1">
  <gml:description>基盤地図情報メタデータ ID=fmdid:21-0401</gml:description>
  <gml:name>基盤地図情報ダウンロードデータ（GML版）</gml:name>
<ElevPt gml:id="K2_4738511700_1">
<fid>47385-11700-i-1</fid>
<lfSpanFr gml:id="K2_4738511700_1-1">
<gml:timePosition>2013-12-10</gml:timePosition>
</lfSpanFr>
<devDate gml:id="K2_4738511700_1-2">
<gml:timePosition>2021-03-22</gml:timePosition>
</devDate>
<orgGILvl>25000</orgGILvl>
<vis>表示</vis>
<pos>
<gml:Point gml:id="K2_4738511700_1-g" srsName="fguuid:jgd2011.bl">
<gml:pos>32.507586667 131.627387778</gml:pos>
</gml:Point>
</pos>
<type>標高点（測点）</type>
<alti>66</alti>
</ElevPt>
<ElevPt gml:id="K2_4738511703_1">
<fid>47385-11703-i-2</fid>
<lfSpanFr gml:id="K2_4738511703_1-1">
<gml:timePosition>2013-12-10</gml:timePosition>
</lfSpanFr>
<devDate gml:id="K2_4738511703_1-2">
<gml:timePosition>2021-03-22</gml:timePosition>
</devDate>
<orgGILvl>25000</orgGILvl>
<vis>表示</vis>
<pos>
<gml:Point gml:id="K2_4738511703_1-g" srsName="fguuid:jgd2011.bl">
<gml:pos>32.512320000 131.631890000</gml:pos>
</gml:Point>
</pos>
<type>標高点（測点）</type>
<alti>254</alti>
</ElevPt>
<ElevPt gml:id="K2_4738511706_1">
<fid>47385-11706-i-5</fid>
<lfSpanFr gml:id="K2_4738511706_1-1">
<gml:timePosition>2013-12-10</gml:timePosition>
</lfSpanFr>
<devDate gml:id="K2_4738511706_1-2">
<gml:timePosition>2021-03-22</gml:timePosition>
</devDate>
<orgGILvl>25000</orgGILvl>
<vis>表示</vis>
<pos>
<gml:Point gml:id="K2_4738511706_1-g" srsName="fguuid:jgd2011.bl">
<gml:pos>32.519305278 131.625678333</gml:pos>
</gml:Point>
</pos>
<type>標高点（測点）</type>
<alti>285</alti>
</ElevPt>
<ElevPt gml:id="K2_4738511712_1">
<fid>47385-11712-i-5</fid>
<lfSpanFr gml:id="K2_4738511712_1-1">
<gml:timePosition>2013-12-10</gml:timePosition>
</lfSpanFr>
<devDate gml:id="K2_4738511712_1-2">
<gml:timePosition>2021-03-22</gml:timePosition>
</devDate>
<orgGILvl>25000</orgGILvl>
<vis>表示</vis>
<pos>
<gml:Point gml:id="K2_4738511712_1-g" srsName="fguuid:jgd2011.bl">
<gml:pos>32.536217500 131.631215833</gml:pos>
</gml:Point>
</pos>
<type>標高点（測点）</type>
<alti>96</alti>
</ElevPt>
<ElevPt gml:id="K2_4738511712_2">
<fid>47385-11712-i-6</fid>
<lfSpanFr gml:id="K2_4738511712_2-1">
<gml:timePosition>2013-12-10</gml:timePosition>
</lfSpanFr>
<devDate gml:id="K2_4738511712_2-2">
<gml:timePosition>2021-03-22</gml:timePosition>
</devDate>
<orgGILvl>25000</orgGILvl>
<vis>表示</vis>
<pos>
<gml:Point gml:id="K2_4738511712_2-g" srsName="fguuid:jgd2011.bl">
<gml:pos>32.539898333 131.625209444</gml:pos>
</gml:Point>
</pos>
<type>標高点（測点）</type>
<alti>249</alti>
</ElevPt>
<ElevPt gml:id="K2_4738511715_1">
<fid>47385-11715-i-22</fid>
<lfSpanFr gml:id="K2_4738511715_1-1">
<gml:timePosition>2020-06-30</gml:timePosition>
</lfSpanFr>
<devDate gml:id="K2_4738511715_1-2">
<gml:timePosition>2021-03-22</gml:timePosition>
</devDate>
<orgGILvl>25000</orgGILvl>
<vis>表示</vis>
<pos>
<gml:Point gml:id="K2_4738511715_1-g" srsName="fguuid:jgd2011.bl">
<gml:pos>32.543351667 131.631093056</gml:pos>
</gml:Point>
</pos>
<type>標高点（測点）</type>
<alti>310</alti>
</ElevPt>
<ElevPt gml:id="K2_4738511718_1">
<fid>47385-11718-i-184</fid>
<lfSpanFr gml:id="K2_4738511718_1-1">
<gml:timePosition>2020-06-30</gml:timePosition>
</lfSpanFr>
<devDate gml:id="K2_4738511718_1-2">
<gml:timePosition>2021-03-22</gml:timePosition>
</devDate>
<orgGILvl>25000</orgGILvl>
<vis>表示</vis>
<pos>
<gml:Point gml:id="K2_4738511718_1-g" srsName="fguuid:jgd2011.bl">
<gml:pos>32.553036667 131.626428889</gml:pos>
</gml:Point>
</pos>
<type>標高点（測点）</type>
<alti>158</alti>
</ElevPt>
<ElevPt gml:id="K2_4738511724_1">
<fid>47385-11724-i-1138</fid>
<lfSpanFr gml:id="K2_4738511724_1-1">
<gml:timePosition>2021-02-01</gml:timePosition>
</lfSpanFr>
<devDate gml:id="K2_4738511724_1-2">
<gml:timePosition>2021-03-22</gml:timePosition>
</devDate>
<orgGILvl>25000</orgGILvl>
<vis>表示</vis>
<pos>
<gml:Point gml:id="K2_4738511724_1-g" srsName="fguuid:jgd2011.bl">
<gml:pos>32.570383611 131.625335000</gml:pos>
</gml:Point>
</pos>
<type>標高点（測点）</type>
<alti>33</alti>
</ElevPt>
<ElevPt gml:id="K2_4738811700_1">
<fid>47388-11700-i-48</fid>
<lfSpanFr gml:id="K2_4738811700_1-1">
<gml:timePosition>2020-06-30</gml:timePosition>
</lfSpanFr>
<devDate gml:id="K2_4738811700_1-2">
<gml:timePosition>2021-03-22</gml:timePosition>
</devDate>
<orgGILvl>25000</orgGILvl>
<vis>表示</vis>
<pos>
<gml:Point gml:id="K2_4738811700_1-g" srsName="fguuid:jgd2011.bl">
<gml:pos>32.502523333 131.635476111</gml:pos>
</gml:Point>
</pos>
<type>標高点（測点）</type>
<alti>184</alti>
</ElevPt>
<ElevPt gml:id="K2_4738811706_1">
<fid>47388-11706-i-11</fid>
<lfSpanFr gml:id="K2_4738811706_1-1">
<gml:timePosition>2020-06-30</gml:timePosition>
</lfSpanFr>
<devDate gml:id="K2_4738811706_1-2">
<gml:timePosition>2021-03-22</gml:timePosition>
</devDate>
<orgGILvl>25000</orgGILvl>
<vis>表示</vis>
<pos>
<gml:Point gml:id="K2_4738811706_1-g" srsName="fguuid:jgd2011.bl">
<gml:pos>32.519095833 131.634550000</gml:pos>
</gml:Point>
</pos>
<type>標高点（測点）</type>
<alti>177</alti>
</ElevPt>
<ElevPt gml:id="K2_4738811709_1">
<fid>47388-11709-i-15</fid>
<lfSpanFr gml:id="K2_4738811709_1-1">
<gml:timePosition>2020-06-30</gml:timePosition>
</lfSpanFr>
<devDate gml:id="K2_4738811709_1-2">
<gml:timePosition>2021-03-22</gml:timePosition>
</devDate>
<orgGILvl>25000</orgGILvl>
<vis>表示</vis>
<pos>
<gml:Point gml:id="K2_4738811709_1-g" srsName="fguuid:jgd2011.bl">
<gml:pos>32.533008611 131.640078056</gml:pos>
</gml:Point>
</pos>
<type>標高点（測点）</type>
<alti>180</alti>
</ElevPt>
<ElevPt gml:id="K2_4738811709_2">
<fid>47388-11709-i-16</fid>
<lfSpanFr gml:id="K2_4738811709_2-1">
<gml:timePosition>2020-06-30</gml:timePosition>
</lfSpanFr>
<devDate gml:id="K2_4738811709_2-2">
<gml:timePosition>2021-03-22</gml:timePosition>
</devDate>
<orgGILvl>25000</orgGILvl>
<vis>表示</vis>
<pos>
<gml:Point gml:id="K2_4738811709_2-g" srsName="fguuid:jgd2011.bl">
<gml:pos>32.526594167 131.636724167</gml:pos>
</gml:Point>
</pos>
<type>標高点（測点）</type>
<alti>104</alti>
</ElevPt>
<ElevPt gml:id="K2_4738811712_1">
<fid>47388-11712-i-15</fid>
<lfSpanFr gml:id="K2_4738811712_1-1">
<gml:timePosition>2020-06-30</gml:timePosition>
</lfSpanFr>
<devDate gml:id="K2_4738811712_1-2">
<gml:timePosition>2021-03-22</gml:timePosition>
</devDate>
<orgGILvl>25000</orgGILvl>
<vis>表示</vis>
<pos>
<gml:Point gml:id="K2_4738811712_1-g" srsName="fguuid:jgd2011.bl">
<gml:pos>32.541415278 131.640441389</gml:pos>
</gml:Point>
</pos>
<type>標高点（測点）</type>
<alti>162</alti>
</ElevPt>
<ElevPt gml:id="K2_4738811724_1">
<fid>47388-11724-i-1665</fid>
<lfSpanFr gml:id="K2_4738811724_1-1">
<gml:timePosition>2020-06-30</gml:timePosition>
</lfSpanFr>
<devDate gml:id="K2_4738811724_1-2">
<gml:timePosition>2021-03-22</gml:timePosition>
</devDate>
<orgGILvl>25000</orgGILvl>
<vis>表示</vis>
<pos>
<gml:Point gml:id="K2_4738811724_1-g" srsName="fguuid:jgd2011.bl">
<gml:pos>32.570201389 131.635178056</gml:pos>
</gml:Point>
</pos>
<type>標高点（測点）</type>
<alti>63</alti>
</ElevPt>
<ElevPt gml:id="K2_4738811727_1">
<fid>47388-11727-i-877</fid>
<lfSpanFr gml:id="K2_4738811727_1-1">
<gml:timePosition>2020-06-30</gml:timePosition>
</lfSpanFr>
<devDate gml:id="K2_4738811727_1-2">
<gml:timePosition>2021-03-22</gml:timePosition>
</devDate>
<orgGILvl>25000</orgGILvl>
<vis>表示</vis>
<pos>
<gml:Point gml:id="K2_4738811727_1-g" srsName="fguuid:jgd2011.bl">
<gml:pos>32.577687694 131.638008033</gml:pos>
</gml:Point>
</pos>
<type>標高点（測点）</type>
<alti>8</alti>
</ElevPt>
<ElevPt gml:id="K2_4739111700_1">
<fid>47391-11700-i-120</fid>
<lfSpanFr gml:id="K2_4739111700_1-1">
<gml:timePosition>2020-06-30</gml:timePosition>
</lfSpanFr>
<devDate gml:id="K2_4739111700_1-2">
<gml:timePosition>2021-03-22</gml:timePosition>
</devDate>
<orgGILvl>25000</orgGILvl>
<vis>表示</vis>
<pos>
<gml:Point gml:id="K2_4739111700_1-g" srsName="fguuid:jgd2011.bl">
<gml:pos>32.504322778 131.648324444</gml:pos>
</gml:Point>
</pos>
<type>標高点（測点）</type>
<alti>99</alti>
</ElevPt>
<ElevPt gml:id="K2_4739111703_1">
<fid>47391-11703-i-29</fid>
<lfSpanFr gml:id="K2_4739111703_1-1">
<gml:timePosition>2020-06-30</gml:timePosition>
</lfSpanFr>
<devDate gml:id="K2_4739111703_1-2">
<gml:timePosition>2021-03-22</gml:timePosition>
</devDate>
<orgGILvl>25000</orgGILvl>
<vis>表示</vis>
<pos>
<gml:Point gml:id="K2_4739111703_1-g" srsName="fguuid:jgd2011.bl">
<gml:pos>32.510066944 131.644412222</gml:pos>
</gml:Point>
</pos>
<type>標高点（測点）</type>
<alti>185</alti>
</ElevPt>
<ElevPt gml:id="K2_4739111703_2">
<fid>47391-11703-i-30</fid>
<lfSpanFr gml:id="K2_4739111703_2-1">
<gml:timePosition>2020-06-30</gml:timePosition>
</lfSpanFr>
<devDate gml:id="K2_4739111703_2-2">
<gml:timePosition>2021-03-22</gml:timePosition>
</devDate>
<orgGILvl>25000</orgGILvl>
<vis>表示</vis>
<pos>
<gml:Point gml:id="K2_4739111703_2-g" srsName="fguuid:jgd2011.bl">
<gml:pos>32.513890000 131.649124722</gml:pos>
</gml:Point>
</pos>
<type>標高点（測点）</type>
<alti>250</alti>
</ElevPt>
<ElevPt gml:id="K2_4739111706_1">
<fid>47391-11706-i-33</fid>
<lfSpanFr gml:id="K2_4739111706_1-1">
<gml:timePosition>2020-06-30</gml:timePosition>
</lfSpanFr>
<devDate gml:id="K2_4739111706_1-2">
<gml:timePosition>2021-03-22</gml:timePosition>
</devDate>
<orgGILvl>25000</orgGILvl>
<vis>表示</vis>
<pos>
<gml:Point gml:id="K2_4739111706_1-g" srsName="fguuid:jgd2011.bl">
<gml:pos>32.523860076 131.647572104</gml:pos>
</gml:Point>
</pos>
<type>標高点（測点）</type>
<alti>11</alti>
</ElevPt>
<ElevPt gml:id="K2_4739111712_1">
<fid>47391-11712-i-29</fid>
<lfSpanFr gml:id="K2_4739111712_1-1">
<gml:timePosition>2020-06-30</gml:timePosition>
</lfSpanFr>
<devDate gml:id="K2_4739111712_1-2">
<gml:timePosition>2021-03-22</gml:timePosition>
</devDate>
<orgGILvl>25000</orgGILvl>
<vis>表示</vis>
<pos>
<gml:Point gml:id="K2_4739111712_1-g" srsName="fguuid:jgd2011.bl">
<gml:pos>32.535089722 131.647995833</gml:pos>
</gml:Point>
</pos>
<type>標高点（測点）</type>
<alti>145</alti>
</ElevPt>
<ElevPt gml:id="K2_4739111715_1">
<fid>47391-11715-i-232</fid>
<lfSpanFr gml:id="K2_4739111715_1-1">
<gml:timePosition>2020-06-30</gml:timePosition>
</lfSpanFr>
<devDate gml:id="K2_4739111715_1-2">
<gml:timePosition>2021-03-22</gml:timePosition>
</devDate>
<orgGILvl>25000</orgGILvl>
<vis>表示</vis>
<pos>
<gml:Point gml:id="K2_4739111715_1-g" srsName="fguuid:jgd2011.bl">
<gml:pos>32.546978056 131.642865278</gml:pos>
</gml:Point>
</pos>
<type>標高点（測点）</type>
<alti>191</alti>
</ElevPt>
<ElevPt gml:id="K2_4739111718_1">
<fid>47391-11718-i-368</fid>
<lfSpanFr gml:id="K2_4739111718_1-1">
<gml:timePosition>2020-06-30</gml:timePosition>
</lfSpanFr>
<devDate gml:id="K2_4739111718_1-2">
<gml:timePosition>2021-03-22</gml:timePosition>
</devDate>
<orgGILvl>25000</orgGILvl>
<vis>表示</vis>
<pos>
<gml:Point gml:id="K2_4739111718_1-g" srsName="fguuid:jgd2011.bl">
<gml:pos>32.555975278 131.649294444</gml:pos>
</gml:Point>
</pos>
<type>標高点（測点）</type>
<alti>80</alti>
</ElevPt>
<ElevPt gml:id="K2_4739111718_2">
<fid>47391-11718-i-369</fid>
<lfSpanFr gml:id="K2_4739111718_2-1">
<gml:timePosition>2020-06-30</gml:timePosition>
</lfSpanFr>
<devDate gml:id="K2_4739111718_2-2">
<gml:timePosition>2021-03-22</gml:timePosition>
</devDate>
<orgGILvl>25000</orgGILvl>
<vis>表示</vis>
<pos>
<gml:Point gml:id="K2_4739111718_2-g" srsName="fguuid:jgd2011.bl">
<gml:pos>32.556815396 131.642078136</gml:pos>
</gml:Point>
</pos>
<type>標高点（測点）</type>
<alti>7</alti>
</ElevPt>
<ElevPt gml:id="K2_4739111721_1">
<fid>47391-11721-i-1002</fid>
<lfSpanFr gml:id="K2_4739111721_1-1">
<gml:timePosition>2020-06-30</gml:timePosition>
</lfSpanFr>
<devDate gml:id="K2_4739111721_1-2">
<gml:timePosition>2021-03-22</gml:timePosition>
</devDate>
<orgGILvl>25000</orgGILvl>
<vis>表示</vis>
<pos>
<gml:Point gml:id="K2_4739111721_1-g" srsName="fguuid:jgd2011.bl">
<gml:pos>32.562186281 131.646059940</gml:pos>
</gml:Point>
</pos>
<type>標高点（測点）</type>
<alti>11</alti>
</ElevPt>
<ElevPt gml:id="K2_4739111724_1">
<fid>47391-11724-i-1622</fid>
<lfSpanFr gml:id="K2_4739111724_1-1">
<gml:timePosition>2021-02-01</gml:timePosition>
</lfSpanFr>
<devDate gml:id="K2_4739111724_1-2">
<gml:timePosition>2021-03-22</gml:timePosition>
</devDate>
<orgGILvl>25000</orgGILvl>
<vis>表示</vis>
<pos>
<gml:Point gml:id="K2_4739111724_1-g" srsName="fguuid:jgd2011.bl">
<gml:pos>32.568562778 131.642843889</gml:pos>
</gml:Point>
</pos>
<type>標高点（測点）</type>
<alti>38</alti>
</ElevPt>
<ElevPt gml:id="K2_4739411706_1">
<fid>47394-11706-i-254</fid>
<lfSpanFr gml:id="K2_4739411706_1-1">
<gml:timePosition>2020-06-30</gml:timePosition>
</lfSpanFr>
<devDate gml:id="K2_4739411706_1-2">
<gml:timePosition>2021-03-22</gml:timePosition>
</devDate>
<orgGILvl>25000</orgGILvl>
<vis>表示</vis>
<pos>
<gml:Point gml:id="K2_4739411706_1-g" srsName="fguuid:jgd2011.bl">
<gml:pos>32.517133256 131.656800999</gml:pos>
</gml:Point>
</pos>
<type>標高点（測点）</type>
<alti>18</alti>
</ElevPt>
<ElevPt gml:id="K2_4739411706_2">
<fid>47394-11706-i-255</fid>
<lfSpanFr gml:id="K2_4739411706_2-1">
<gml:timePosition>2020-06-30</gml:timePosition>
</lfSpanFr>
<devDate gml:id="K2_4739411706_2-2">
<gml:timePosition>2021-03-22</gml:timePosition>
</devDate>
<orgGILvl>25000</orgGILvl>
<vis>表示</vis>
<pos>
<gml:Point gml:id="K2_4739411706_2-g" srsName="fguuid:jgd2011.bl">
<gml:pos>32.522306944 131.656183889</gml:pos>
</gml:Point>
</pos>
<type>標高点（測点）</type>
<alti>9</alti>
</ElevPt>
<ElevPt gml:id="K2_4739411709_1">
<fid>47394-11709-i-61</fid>
<lfSpanFr gml:id="K2_4739411709_1-1">
<gml:timePosition>2020-06-30</gml:timePosition>
</lfSpanFr>
<devDate gml:id="K2_4739411709_1-2">
<gml:timePosition>2021-03-22</gml:timePosition>
</devDate>
<orgGILvl>25000</orgGILvl>
<vis>表示</vis>
<pos>
<gml:Point gml:id="K2_4739411709_1-g" srsName="fguuid:jgd2011.bl">
<gml:pos>32.529147500 131.652015000</gml:pos>
</gml:Point>
</pos>
<type>標高点（測点）</type>
<alti>194</alti>
</ElevPt>
<ElevPt gml:id="K2_4739411712_1">
<fid>47394-11712-i-125</fid>
<lfSpanFr gml:id="K2_4739411712_1-1">
<gml:timePosition>2020-06-30</gml:timePosition>
</lfSpanFr>
<devDate gml:id="K2_4739411712_1-2">
<gml:timePosition>2021-03-22</gml:timePosition>
</devDate>
<orgGILvl>25000</orgGILvl>
<vis>表示</vis>
<pos>
<gml:Point gml:id="K2_4739411712_1-g" srsName="fguuid:jgd2011.bl">
<gml:pos>32.540134167 131.654002222</gml:pos>
</gml:Point>
</pos>
<type>標高点（測点）</type>
<alti>106</alti>
</ElevPt>
<ElevPt gml:id="K2_4739411715_1">
<fid>47394-11715-i-303</fid>
<lfSpanFr gml:id="K2_4739411715_1-1">
<gml:timePosition>2020-06-30</gml:timePosition>
</lfSpanFr>
<devDate gml:id="K2_4739411715_1-2">
<gml:timePosition>2021-03-22</gml:timePosition>
</devDate>
<orgGILvl>25000</orgGILvl>
<vis>表示</vis>
<pos>
<gml:Point gml:id="K2_4739411715_1-g" srsName="fguuid:jgd2011.bl">
<gml:pos>32.548296654 131.651189891</gml:pos>
</gml:Point>
</pos>
<type>標高点（測点）</type>
<alti>3</alti>
</ElevPt>
<ElevPt gml:id="K2_4739411721_1">
<fid>47394-11721-i-699</fid>
<lfSpanFr gml:id="K2_4739411721_1-1">
<gml:timePosition>2021-02-01</gml:timePosition>
</lfSpanFr>
<devDate gml:id="K2_4739411721_1-2">
<gml:timePosition>2021-03-22</gml:timePosition>
</devDate>
<orgGILvl>25000</orgGILvl>
<vis>表示</vis>
<pos>
<gml:Point gml:id="K2_4739411721_1-g" srsName="fguuid:jgd2011.bl">
<gml:pos>32.564585000 131.653975278</gml:pos>
</gml:Point>
</pos>
<type>標高点（測点）</type>
<alti>68</alti>
</ElevPt>
<ElevPt gml:id="K2_4739411721_2">
<fid>47394-11721-i-700</fid>
<lfSpanFr gml:id="K2_4739411721_2-1">
<gml:timePosition>2021-02-01</gml:timePosition>
</lfSpanFr>
<devDate gml:id="K2_4739411721_2-2">
<gml:timePosition>2021-03-22</gml:timePosition>
</devDate>
<orgGILvl>25000</orgGILvl>
<vis>表示</vis>
<pos>
<gml:Point gml:id="K2_4739411721_2-g" srsName="fguuid:jgd2011.bl">
<gml:pos>32.558933611 131.658267500</gml:pos>
</gml:Point>
</pos>
<type>標高点（測点）</type>
<alti>151</alti>
</ElevPt>
<ElevPt gml:id="K2_4739711703_1">
<fid>47397-11703-i-94</fid>
<lfSpanFr gml:id="K2_4739711703_1-1">
<gml:timePosition>2020-06-30</gml:timePosition>
</lfSpanFr>
<devDate gml:id="K2_4739711703_1-2">
<gml:timePosition>2021-03-22</gml:timePosition>
</devDate>
<orgGILvl>25000</orgGILvl>
<vis>表示</vis>
<pos>
<gml:Point gml:id="K2_4739711703_1-g" srsName="fguuid:jgd2011.bl">
<gml:pos>32.509597778 131.660594167</gml:pos>
</gml:Point>
</pos>
<type>標高点（測点）</type>
<alti>182</alti>
</ElevPt>
<ElevPt gml:id="K2_4739711706_1">
<fid>47397-11706-i-255</fid>
<lfSpanFr gml:id="K2_4739711706_1-1">
<gml:timePosition>2020-06-30</gml:timePosition>
</lfSpanFr>
<devDate gml:id="K2_4739711706_1-2">
<gml:timePosition>2021-03-22</gml:timePosition>
</devDate>
<orgGILvl>25000</orgGILvl>
<vis>表示</vis>
<pos>
<gml:Point gml:id="K2_4739711706_1-g" srsName="fguuid:jgd2011.bl">
<gml:pos>32.520548611 131.666286111</gml:pos>
</gml:Point>
</pos>
<type>標高点（測点）</type>
<alti>82</alti>
</ElevPt>
<ElevPt gml:id="K2_4739711712_1">
<fid>47397-11712-i-449</fid>
<lfSpanFr gml:id="K2_4739711712_1-1">
<gml:timePosition>2020-06-30</gml:timePosition>
</lfSpanFr>
<devDate gml:id="K2_4739711712_1-2">
<gml:timePosition>2021-03-22</gml:timePosition>
</devDate>
<orgGILvl>25000</orgGILvl>
<vis>表示</vis>
<pos>
<gml:Point gml:id="K2_4739711712_1-g" srsName="fguuid:jgd2011.bl">
<gml:pos>32.536542748 131.659960160</gml:pos>
</gml:Point>
</pos>
<type>標高点（測点）</type>
<alti>52</alti>
</ElevPt>
<ElevPt gml:id="K2_4739711715_1">
<fid>47397-11715-i-426</fid>
<lfSpanFr gml:id="K2_4739711715_1-1">
<gml:timePosition>2020-06-30</gml:timePosition>
</lfSpanFr>
<devDate gml:id="K2_4739711715_1-2">
<gml:timePosition>2021-03-22</gml:timePosition>
</devDate>
<orgGILvl>25000</orgGILvl>
<vis>表示</vis>
<pos>
<gml:Point gml:id="K2_4739711715_1-g" srsName="fguuid:jgd2011.bl">
<gml:pos>32.549125306 131.665192639</gml:pos>
</gml:Point>
</pos>
<type>標高点（測点）</type>
<alti>4</alti>
</ElevPt>
<ElevPt gml:id="K2_4739711724_1">
<fid>47397-11724-i-1419</fid>
<lfSpanFr gml:id="K2_4739711724_1-1">
<gml:timePosition>2021-02-01</gml:timePosition>
</lfSpanFr>
<devDate gml:id="K2_4739711724_1-2">
<gml:timePosition>2021-03-22</gml:timePosition>
</devDate>
<orgGILvl>25000</orgGILvl>
<vis>表示</vis>
<pos>
<gml:Point gml:id="K2_4739711724_1-g" srsName="fguuid:jgd2011.bl">
<gml:pos>32.573147008 131.660124820</gml:pos>
</gml:Point>
</pos>
<type>標高点（測点）</type>
<alti>10</alti>
</ElevPt>
<ElevPt gml:id="K2_4740011712_1">
<fid>47400-11712-i-755</fid>
<lfSpanFr gml:id="K2_4740011712_1-1">
<gml:timePosition>2020-06-30</gml:timePosition>
</lfSpanFr>
<devDate gml:id="K2_4740011712_1-2">
<gml:timePosition>2021-03-22</gml:timePosition>
</devDate>
<orgGILvl>25000</orgGILvl>
<vis>表示</vis>
<pos>
<gml:Point gml:id="K2_4740011712_1-g" srsName="fguuid:jgd2011.bl">
<gml:pos>32.537824092 131.671113228</gml:pos>
</gml:Point>
</pos>
<type>標高点（測点）</type>
<alti>2</alti>
</ElevPt>
<ElevPt gml:id="K2_4740011715_1">
<fid>47400-11715-i-583</fid>
<lfSpanFr gml:id="K2_4740011715_1-1">
<gml:timePosition>2020-06-30</gml:timePosition>
</lfSpanFr>
<devDate gml:id="K2_4740011715_1-2">
<gml:timePosition>2021-03-22</gml:timePosition>
</devDate>
<orgGILvl>25000</orgGILvl>
<vis>表示</vis>
<pos>
<gml:Point gml:id="K2_4740011715_1-g" srsName="fguuid:jgd2011.bl">
<gml:pos>32.543345833 131.670670556</gml:pos>
</gml:Point>
</pos>
<type>標高点（測点）</type>
<alti>65</alti>
</ElevPt>
<ElevPt gml:id="K2_4740011718_1">
<fid>47400-11718-i-600</fid>
<lfSpanFr gml:id="K2_4740011718_1-1">
<gml:timePosition>2020-06-30</gml:timePosition>
</lfSpanFr>
<devDate gml:id="K2_4740011718_1-2">
<gml:timePosition>2021-03-22</gml:timePosition>
</devDate>
<orgGILvl>25000</orgGILvl>
<vis>表示</vis>
<pos>
<gml:Point gml:id="K2_4740011718_1-g" srsName="fguuid:jgd2011.bl">
<gml:pos>32.553015833 131.670652778</gml:pos>
</gml:Point>
</pos>
<type>標高点（測点）</type>
<alti>72</alti>
</ElevPt>
<ElevPt gml:id="K2_4740011724_1">
<fid>47400-11724-i-829</fid>
<lfSpanFr gml:id="K2_4740011724_1-1">
<gml:timePosition>2020-06-30</gml:timePosition>
</lfSpanFr>
<devDate gml:id="K2_4740011724_1-2">
<gml:timePosition>2021-03-22</gml:timePosition>
</devDate>
<orgGILvl>25000</orgGILvl>
<vis>表示</vis>
<pos>
<gml:Point gml:id="K2_4740011724_1-g" srsName="fguuid:jgd2011.bl">
<gml:pos>32.571582722 131.668723538</gml:pos>
</gml:Point>
</pos>
<type>標高点（測点）</type>
<alti>4</alti>
</ElevPt>
<ElevPt gml:id="K2_4740311700_1">
<fid>47403-11700-i-1054</fid>
<lfSpanFr gml:id="K2_4740311700_1-1">
<gml:timePosition>2020-06-30</gml:timePosition>
</lfSpanFr>
<devDate gml:id="K2_4740311700_1-2">
<gml:timePosition>2021-03-22</gml:timePosition>
</devDate>
<orgGILvl>25000</orgGILvl>
<vis>表示</vis>
<pos>
<gml:Point gml:id="K2_4740311700_1-g" srsName="fguuid:jgd2011.bl">
<gml:pos>32.500536667 131.682791111</gml:pos>
</gml:Point>
</pos>
<type>標高点（測点）</type>
<alti>47</alti>
</ElevPt>
<ElevPt gml:id="K2_4740311700_2">
<fid>47403-11700-i-1055</fid>
<lfSpanFr gml:id="K2_4740311700_2-1">
<gml:timePosition>2020-06-30</gml:timePosition>
</lfSpanFr>
<devDate gml:id="K2_4740311700_2-2">
<gml:timePosition>2021-03-22</gml:timePosition>
</devDate>
<orgGILvl>25000</orgGILvl>
<vis>表示</vis>
<pos>
<gml:Point gml:id="K2_4740311700_2-g" srsName="fguuid:jgd2011.bl">
<gml:pos>32.501814167 131.675405278</gml:pos>
</gml:Point>
</pos>
<type>標高点（測点）</type>
<alti>42</alti>
</ElevPt>
<ElevPt gml:id="K2_4740311706_1">
<fid>47403-11706-i-1045</fid>
<lfSpanFr gml:id="K2_4740311706_1-1">
<gml:timePosition>2020-06-30</gml:timePosition>
</lfSpanFr>
<devDate gml:id="K2_4740311706_1-2">
<gml:timePosition>2021-03-22</gml:timePosition>
</devDate>
<orgGILvl>25000</orgGILvl>
<vis>表示</vis>
<pos>
<gml:Point gml:id="K2_4740311706_1-g" srsName="fguuid:jgd2011.bl">
<gml:pos>32.523882778 131.676477222</gml:pos>
</gml:Point>
</pos>
<type>標高点（測点）</type>
<alti>31</alti>
</ElevPt>
<ElevPt gml:id="K2_4740311724_1">
<fid>47403-11724-i-861</fid>
<lfSpanFr gml:id="K2_4740311724_1-1">
<gml:timePosition>2020-06-30</gml:timePosition>
</lfSpanFr>
<devDate gml:id="K2_4740311724_1-2">
<gml:timePosition>2021-03-22</gml:timePosition>
</devDate>
<orgGILvl>25000</orgGILvl>
<vis>非表示</vis>
<pos>
<gml:Point gml:id="K2_4740311724_1-g" srsName="fguuid:jgd2011.bl">
<gml:pos>32.574729923 131.676655497</gml:pos>
</gml:Point>
</pos>
<type>標高点（測点）</type>
<alti>4</alti>
</ElevPt>
<ElevPt gml:id="K2_4740311727_1">
<fid>47403-11727-i-1054</fid>
<lfSpanFr gml:id="K2_4740311727_1-1">
<gml:timePosition>2020-06-30</gml:timePosition>
</lfSpanFr>
<devDate gml:id="K2_4740311727_1-2">
<gml:timePosition>2021-03-22</gml:timePosition>
</devDate>
<orgGILvl>25000</orgGILvl>
<vis>表示</vis>
<pos>
<gml:Point gml:id="K2_4740311727_1-g" srsName="fguuid:jgd2011.bl">
<gml:pos>32.578198329 131.682395091</gml:pos>
</gml:Point>
</pos>
<type>標高点（測点）</type>
<alti>3</alti>
</ElevPt>
<ElevPt gml:id="K2_4740311727_2">
<fid>47403-11727-i-1055</fid>
<lfSpanFr gml:id="K2_4740311727_2-1">
<gml:timePosition>2020-06-30</gml:timePosition>
</lfSpanFr>
<devDate gml:id="K2_4740311727_2-2">
<gml:timePosition>2021-03-22</gml:timePosition>
</devDate>
<orgGILvl>25000</orgGILvl>
<vis>表示</vis>
<pos>
<gml:Point gml:id="K2_4740311727_2-g" srsName="fguuid:jgd2011.bl">
<gml:pos>32.582251684 131.681679968</gml:pos>
</gml:Point>
</pos>
<type>標高点（測点）</type>
<alti>7</alti>
</ElevPt>
<ElevPt gml:id="K2_4740611703_1">
<fid>47406-11703-i-370</fid>
<lfSpanFr gml:id="K2_4740611703_1-1">
<gml:timePosition>2020-06-30</gml:timePosition>
</lfSpanFr>
<devDate gml:id="K2_4740611703_1-2">
<gml:timePosition>2021-03-22</gml:timePosition>
</devDate>
<orgGILvl>25000</orgGILvl>
<vis>表示</vis>
<pos>
<gml:Point gml:id="K2_4740611703_1-g" srsName="fguuid:jgd2011.bl">
<gml:pos>32.513083611 131.688595556</gml:pos>
</gml:Point>
</pos>
<type>標高点（測点）</type>
<alti>32</alti>
</ElevPt>
<ElevPt gml:id="K2_4740611721_1">
<fid>47406-11721-i-640</fid>
<lfSpanFr gml:id="K2_4740611721_1-1">
<gml:timePosition>2020-06-30</gml:timePosition>
</lfSpanFr>
<devDate gml:id="K2_4740611721_1-2">
<gml:timePosition>2021-03-22</gml:timePosition>
</devDate>
<orgGILvl>25000</orgGILvl>
<vis>表示</vis>
<pos>
<gml:Point gml:id="K2_4740611721_1-g" srsName="fguuid:jgd2011.bl">
<gml:pos>32.564686209 131.689454080</gml:pos>
</gml:Point>
</pos>
<type>標高点（測点）</type>
<alti>10</alti>
</ElevPt>
<ElevPt gml:id="K2_4740611724_1">
<fid>47406-11724-i-573</fid>
<lfSpanFr gml:id="K2_4740611724_1-1">
<gml:timePosition>2020-06-30</gml:timePosition>
</lfSpanFr>
<devDate gml:id="K2_4740611724_1-2">
<gml:timePosition>2021-03-22</gml:timePosition>
</devDate>
<orgGILvl>25000</orgGILvl>
<vis>表示</vis>
<pos>
<gml:Point gml:id="K2_4740611724_1-g" srsName="fguuid:jgd2011.bl">
<gml:pos>32.574168914 131.688584166</gml:pos>
</gml:Point>
</pos>
<type>標高点（測点）</type>
<alti>2</alti>
</ElevPt>
<ElevPt gml:id="K2_4740611727_1">
<fid>47406-11727-i-565</fid>
<lfSpanFr gml:id="K2_4740611727_1-1">
<gml:timePosition>2020-06-30</gml:timePosition>
</lfSpanFr>
<devDate gml:id="K2_4740611727_1-2">
<gml:timePosition>2021-03-22</gml:timePosition>
</devDate>
<orgGILvl>25000</orgGILvl>
<vis>表示</vis>
<pos>
<gml:Point gml:id="K2_4740611727_1-g" srsName="fguuid:jgd2011.bl">
<gml:pos>32.581726891 131.688076846</gml:pos>
</gml:Point>
</pos>
<type>標高点（測点）</type>
<alti>3</alti>
</ElevPt>
<ElevPt gml:id="K2_4740911700_1">
<fid>47409-11700-i-199</fid>
<lfSpanFr gml:id="K2_4740911700_1-1">
<gml:timePosition>2020-06-30</gml:timePosition>
</lfSpanFr>
<devDate gml:id="K2_4740911700_1-2">
<gml:timePosition>2021-03-22</gml:timePosition>
</devDate>
<orgGILvl>25000</orgGILvl>
<vis>表示</vis>
<pos>
<gml:Point gml:id="K2_4740911700_1-g" srsName="fguuid:jgd2011.bl">
<gml:pos>32.502194444 131.695755833</gml:pos>
</gml:Point>
</pos>
<type>標高点（測点）</type>
<alti>70</alti>
</ElevPt>
<ElevPt gml:id="K2_4740911703_1">
<fid>47409-11703-i-191</fid>
<lfSpanFr gml:id="K2_4740911703_1-1">
<gml:timePosition>2020-06-30</gml:timePosition>
</lfSpanFr>
<devDate gml:id="K2_4740911703_1-2">
<gml:timePosition>2021-03-22</gml:timePosition>
</devDate>
<orgGILvl>25000</orgGILvl>
<vis>表示</vis>
<pos>
<gml:Point gml:id="K2_4740911703_1-g" srsName="fguuid:jgd2011.bl">
<gml:pos>32.509506389 131.695221389</gml:pos>
</gml:Point>
</pos>
<type>標高点（測点）</type>
<alti>46</alti>
</ElevPt>
<ElevPt gml:id="K2_4741211703_1">
<fid>47412-11703-i-168</fid>
<lfSpanFr gml:id="K2_4741211703_1-1">
<gml:timePosition>2020-06-30</gml:timePosition>
</lfSpanFr>
<devDate gml:id="K2_4741211703_1-2">
<gml:timePosition>2021-03-22</gml:timePosition>
</devDate>
<orgGILvl>25000</orgGILvl>
<vis>表示</vis>
<pos>
<gml:Point gml:id="K2_4741211703_1-g" srsName="fguuid:jgd2011.bl">
<gml:pos>32.515382778 131.703224722</gml:pos>
</gml:Point>
</pos>
<type>標高点（測点）</type>
<alti>64</alti>
</ElevPt>
<ElevPt gml:id="K2_4741511700_1">
<fid>47415-11700-i-90</fid>
<lfSpanFr gml:id="K2_4741511700_1-1">
<gml:timePosition>2020-06-30</gml:timePosition>
</lfSpanFr>
<devDate gml:id="K2_4741511700_1-2">
<gml:timePosition>2021-03-22</gml:timePosition>
</devDate>
<orgGILvl>25000</orgGILvl>
<vis>表示</vis>
<pos>
<gml:Point gml:id="K2_4741511700_1-g" srsName="fguuid:jgd2011.bl">
<gml:pos>32.503644444 131.708434722</gml:pos>
</gml:Point>
</pos>
<type>標高点（測点）</type>
<alti>98</alti>
</ElevPt>
<ElevPt gml:id="K2_4741511700_2">
<fid>47415-11700-i-113</fid>
<lfSpanFr gml:id="K2_4741511700_2-1">
<gml:timePosition>2020-06-30</gml:timePosition>
</lfSpanFr>
<devDate gml:id="K2_4741511700_2-2">
<gml:timePosition>2021-03-22</gml:timePosition>
</devDate>
<orgGILvl>25000</orgGILvl>
<pos>
<gml:Point gml:id="K2_4741511700_2-g" srsName="fguuid:jgd2011.bl">
<gml:pos>32.501592530 131.709418945</gml:pos>
</gml:Point>
</pos>
<type>標高点（測点）</type>
<alti>33</alti>
</ElevPt>
<ElevPt gml:id="K2_4741511703_1">
<fid>47415-11703-i-26</fid>
<lfSpanFr gml:id="K2_4741511703_1-1">
<gml:timePosition>2020-06-30</gml:timePosition>
</lfSpanFr>
<devDate gml:id="K2_4741511703_1-2">
<gml:timePosition>2021-03-22</gml:timePosition>
</devDate>
<orgGILvl>25000</orgGILvl>
<vis>表示</vis>
<pos>
<gml:Point gml:id="K2_4741511703_1-g" srsName="fguuid:jgd2011.bl">
<gml:pos>32.515016389 131.711140833</gml:pos>
</gml:Point>
</pos>
<type>標高点（測点）</type>
<alti>46</alti>
</ElevPt>
</Dataset>
