<?xml version="1.0" encoding="utf-8"?>
<Dataset xsi:schemaLocation="http://fgd.gsi.go.jp/spec/2008/FGD_GMLSchema FGD_GMLSchema.xsd"
	xmlns:gml="http://www.opengis.net/gml/3.2"
	xmlns:xsi="http://www.w3.org/2001/XMLSchema-instance"
	xmlns:xlink="http://www.w3.org/1999/xlink"
	xmlns="http://fgd.gsi.go.jp/spec/2008/FGD_GMLSchema"
	gml:id="Dataset1">
  <gml:description>基盤地図情報メタデータ ID=fmdid:21-0401</gml:description>
  <gml:name>基盤地図情報ダウンロードデータ（GML版）</gml:name>
<AdmPt gml:id="K6_4738811703_1">
<fid>47388-11703-i-24</fid>
<lfSpanFr gml:id="K6_4738811703_1-1">
<gml:timePosition>2020-06-30</gml:timePosition>
</lfSpanFr>
<devDate gml:id="K6_4738811703_1-2">
<gml:timePosition>2021-03-22</gml:timePosition>
</devDate>
<orgGILvl>25000</orgGILvl>
<vis>非表示</vis>
<pos>
<gml:Point gml:id="K6_4738811703_1-g" srsName="fguuid:jgd2011.bl">
<gml:pos>32.511258803 131.641082499</gml:pos>
</gml:Point>
</pos>
<type>町村・指定都市の区</type>
<name>門川町</name>
<admCode>45421</admCode>
</AdmPt>
<AdmPt gml:id="K6_4739411712_1">
<fid>47394-11712-i-144</fid>
<lfSpanFr gml:id="K6_4739411712_1-1">
<gml:timePosition>2020-06-30</gml:timePosition>
</lfSpanFr>
<devDate gml:id="K6_4739411712_1-2">
<gml:timePosition>2021-03-22</gml:timePosition>
</devDate>
<orgGILvl>25000</orgGILvl>
<vis>非表示</vis>
<pos>
<gml:Point gml:id="K6_4739411712_1-g" srsName="fguuid:jgd2011.bl">
<gml:pos>32.538033553 131.653656064</gml:pos>
</gml:Point>
</pos>
<type>郡市・東京都の区</type>
<name>延岡市</name>
<admCode>45203</admCode>
</AdmPt>
</Dataset>
