<?xml version="1.0" encoding="utf-8"?>
<Dataset xsi:schemaLocation="http://fgd.gsi.go.jp/spec/2008/FGD_GMLSchema FGD_GMLSchema.xsd"
	xmlns:gml="http://www.opengis.net/gml/3.2"
	xmlns:xsi="http://www.w3.org/2001/XMLSchema-instance"
	xmlns:xlink="http://www.w3.org/1999/xlink"
	xmlns="http://fgd.gsi.go.jp/spec/2008/FGD_GMLSchema"
	gml:id="Dataset1">
  <gml:description>基盤地図情報メタデータ ID=fmdid:21-0401</gml:description>
  <gml:name>基盤地図情報ダウンロードデータ（GML版）</gml:name>
<GCP gml:id="K1_483165_1">
<fid>10-00100-0-2003-5193</fid>
<lfSpanFr gml:id="K1_483165_1-1">
<gml:timePosition>2021-03-09</gml:timePosition>
</lfSpanFr>
<devDate gml:id="K1_483165_1-2">
<gml:timePosition>2021-03-22</gml:timePosition>
</devDate>
<orgGILvl>SJ11</orgGILvl>
<vis>表示</vis>
<pos>
<gml:Point gml:id="K1_483165_1-g" srsName="fguuid:jgd2011.bl">
<gml:pos>32.580418667 131.656621000</gml:pos>
</gml:Point>
</pos>
<orgName>国土地理院</orgName>
<type>水準点</type>
<gcpClass>一等水準点</gcpClass>
<gcpCode>L010000002636</gcpCode>
<name>２６３６</name>
<B>117289.5072</B>
<L>473963.8356</L>
<alti>6.1511</alti>
<altiAcc>4</altiAcc>
</GCP>
<GCP gml:id="K1_483165_2">
<fid>10-00100-0-2003-5266</fid>
<lfSpanFr gml:id="K1_483165_2-1">
<gml:timePosition>2021-03-09</gml:timePosition>
</lfSpanFr>
<devDate gml:id="K1_483165_2-2">
<gml:timePosition>2021-03-22</gml:timePosition>
</devDate>
<orgGILvl>SJ11</orgGILvl>
<vis>表示</vis>
<pos>
<gml:Point gml:id="K1_483165_2-g" srsName="fguuid:jgd2011.bl">
<gml:pos>32.569623667 131.669360361</gml:pos>
</gml:Point>
</pos>
<orgName>国土地理院</orgName>
<type>水準点</type>
<gcpClass>一等水準点</gcpClass>
<gcpCode>L010000002708</gcpCode>
<name>２７０８</name>
<B>117250.6452</B>
<L>474009.6973</L>
<alti>4.6317</alti>
<altiAcc>4</altiAcc>
</GCP>
<GCP gml:id="K1_483165_3">
<fid>10-00100-0-2003-5267</fid>
<lfSpanFr gml:id="K1_483165_3-1">
<gml:timePosition>2021-03-09</gml:timePosition>
</lfSpanFr>
<devDate gml:id="K1_483165_3-2">
<gml:timePosition>2021-03-22</gml:timePosition>
</devDate>
<orgGILvl>SJ11</orgGILvl>
<vis>表示</vis>
<pos>
<gml:Point gml:id="K1_483165_3-g" srsName="fguuid:jgd2011.bl">
<gml:pos>32.545501111 131.677675444</gml:pos>
</gml:Point>
</pos>
<orgName>国土地理院</orgName>
<type>水準点</type>
<gcpClass>一等水準点</gcpClass>
<gcpCode>L010000002709</gcpCode>
<name>２７０９</name>
<B>117163.804</B>
<L>474039.6316</L>
<alti>7.3269</alti>
<altiAcc>4</altiAcc>
</GCP>
<GCP gml:id="K1_483165_4">
<fid>10-00100-0-2003-5268</fid>
<lfSpanFr gml:id="K1_483165_4-1">
<gml:timePosition>2021-03-09</gml:timePosition>
</lfSpanFr>
<devDate gml:id="K1_483165_4-2">
<gml:timePosition>2021-03-22</gml:timePosition>
</devDate>
<orgGILvl>SJ11</orgGILvl>
<vis>表示</vis>
<pos>
<gml:Point gml:id="K1_483165_4-g" srsName="fguuid:jgd2011.bl">
<gml:pos>32.531577250 131.672098222</gml:pos>
</gml:Point>
</pos>
<orgName>国土地理院</orgName>
<type>水準点</type>
<gcpClass>一等水準点</gcpClass>
<gcpCode>L010000002710</gcpCode>
<name>２７１０</name>
<B>117113.6781</B>
<L>474019.5536</L>
<alti>4.183</alti>
<altiAcc>4</altiAcc>
</GCP>
<GCP gml:id="K1_483165_5">
<fid>10-00100-0-2003-5269</fid>
<lfSpanFr gml:id="K1_483165_5-1">
<gml:timePosition>2021-03-09</gml:timePosition>
</lfSpanFr>
<devDate gml:id="K1_483165_5-2">
<gml:timePosition>2021-03-22</gml:timePosition>
</devDate>
<orgGILvl>SJ11</orgGILvl>
<vis>表示</vis>
<pos>
<gml:Point gml:id="K1_483165_5-g" srsName="fguuid:jgd2011.bl">
<gml:pos>32.518463944 131.682193833</gml:pos>
</gml:Point>
</pos>
<orgName>国土地理院</orgName>
<type>水準点</type>
<gcpClass>一等水準点</gcpClass>
<gcpCode>L010000002711</gcpCode>
<name>２７１１</name>
<B>117066.4702</B>
<L>474055.8978</L>
<alti>5.3694</alti>
<altiAcc>4</altiAcc>
</GCP>
<GCP gml:id="K1_483165_6">
<fid>10-00100-0-2003-5270</fid>
<lfSpanFr gml:id="K1_483165_6-1">
<gml:timePosition>2021-03-09</gml:timePosition>
</lfSpanFr>
<devDate gml:id="K1_483165_6-2">
<gml:timePosition>2021-03-22</gml:timePosition>
</devDate>
<orgGILvl>SJ11</orgGILvl>
<vis>表示</vis>
<pos>
<gml:Point gml:id="K1_483165_6-g" srsName="fguuid:jgd2011.bl">
<gml:pos>32.506968667 131.672689417</gml:pos>
</gml:Point>
</pos>
<orgName>国土地理院</orgName>
<type>水準点</type>
<gcpClass>一等水準点</gcpClass>
<gcpCode>L010000002712</gcpCode>
<name>２７１２</name>
<B>117025.0872</B>
<L>474021.6819</L>
<alti>2.8405</alti>
<altiAcc>4</altiAcc>
</GCP>
<GCP gml:id="K1_483165_7">
<fid>10-00100-0-2003-17269</fid>
<lfSpanFr gml:id="K1_483165_7-1">
<gml:timePosition>2021-03-09</gml:timePosition>
</lfSpanFr>
<devDate gml:id="K1_483165_7-2">
<gml:timePosition>2021-03-22</gml:timePosition>
</devDate>
<orgGILvl>SJ11</orgGILvl>
<vis>表示</vis>
<pos>
<gml:Point gml:id="K1_483165_7-g" srsName="fguuid:jgd2011.bl">
<gml:pos>32.568806917 131.669694722</gml:pos>
</gml:Point>
</pos>
<orgName>国土地理院</orgName>
<type>水準点</type>
<gcpClass>一等水準点</gcpClass>
<gcpCode>L04000010-250</gcpCode>
<name>０１０－２５０</name>
<B>117247.7049</B>
<L>474010.901</L>
<alti>3.8495</alti>
<altiAcc>4</altiAcc>
</GCP>
<GCP gml:id="K1_483165_8">
<fid>10-00100-0-2003-17270</fid>
<lfSpanFr gml:id="K1_483165_8-1">
<gml:timePosition>2021-03-09</gml:timePosition>
</lfSpanFr>
<devDate gml:id="K1_483165_8-2">
<gml:timePosition>2021-03-22</gml:timePosition>
</devDate>
<orgGILvl>SJ11</orgGILvl>
<vis>表示</vis>
<pos>
<gml:Point gml:id="K1_483165_8-g" srsName="fguuid:jgd2011.bl">
<gml:pos>32.551923667 131.675402444</gml:pos>
</gml:Point>
</pos>
<orgName>国土地理院</orgName>
<type>水準点</type>
<gcpClass>一等水準点</gcpClass>
<gcpCode>L04000010-252</gcpCode>
<name>０１０－２５２</name>
<B>117186.9252</B>
<L>474031.4488</L>
<alti>4.3142</alti>
<altiAcc>4</altiAcc>
</GCP>
<GCP gml:id="K1_483165_9">
<fid>10-00100-0-2003-17271</fid>
<lfSpanFr gml:id="K1_483165_9-1">
<gml:timePosition>2021-03-09</gml:timePosition>
</lfSpanFr>
<devDate gml:id="K1_483165_9-2">
<gml:timePosition>2021-03-22</gml:timePosition>
</devDate>
<orgGILvl>SJ11</orgGILvl>
<vis>表示</vis>
<pos>
<gml:Point gml:id="K1_483165_9-g" srsName="fguuid:jgd2011.bl">
<gml:pos>32.527134806 131.682305889</gml:pos>
</gml:Point>
</pos>
<orgName>国土地理院</orgName>
<type>水準点</type>
<gcpClass>一等水準点</gcpClass>
<gcpCode>L04000010-255</gcpCode>
<name>０１０－２５５</name>
<B>117097.6853</B>
<L>474056.3012</L>
<alti>7.4614</alti>
<altiAcc>4</altiAcc>
</GCP>
<GCP gml:id="K1_483165_10">
<fid>10-00100-0-2003-17272</fid>
<lfSpanFr gml:id="K1_483165_10-1">
<gml:timePosition>2021-03-09</gml:timePosition>
</lfSpanFr>
<devDate gml:id="K1_483165_10-2">
<gml:timePosition>2021-03-22</gml:timePosition>
</devDate>
<orgGILvl>SJ11</orgGILvl>
<vis>表示</vis>
<pos>
<gml:Point gml:id="K1_483165_10-g" srsName="fguuid:jgd2011.bl">
<gml:pos>32.508821694 131.677776944</gml:pos>
</gml:Point>
</pos>
<orgName>国土地理院</orgName>
<type>水準点</type>
<gcpClass>一等水準点</gcpClass>
<gcpCode>L04000010-257</gcpCode>
<name>０１０－２５７</name>
<B>117031.7581</B>
<L>474039.997</L>
<alti>2.4114</alti>
<altiAcc>4</altiAcc>
</GCP>
<GCP gml:id="K1_483165_11">
<fid>10-00100-0-2003-17273</fid>
<lfSpanFr gml:id="K1_483165_11-1">
<gml:timePosition>2021-03-09</gml:timePosition>
</lfSpanFr>
<devDate gml:id="K1_483165_11-2">
<gml:timePosition>2021-03-22</gml:timePosition>
</devDate>
<orgGILvl>SJ11</orgGILvl>
<vis>表示</vis>
<pos>
<gml:Point gml:id="K1_483165_11-g" srsName="fguuid:jgd2011.bl">
<gml:pos>32.504371222 131.670019611</gml:pos>
</gml:Point>
</pos>
<orgName>国土地理院</orgName>
<type>水準点</type>
<gcpClass>一等水準点</gcpClass>
<gcpCode>L04000010-258</gcpCode>
<name>０１０－２５８</name>
<B>117015.7364</B>
<L>474012.0706</L>
<alti>3.6187</alti>
<altiAcc>4</altiAcc>
</GCP>
<GCP gml:id="K1_483165_12">
<fid>10-00100-0-2003-18916</fid>
<lfSpanFr gml:id="K1_483165_12-1">
<gml:timePosition>2021-03-09</gml:timePosition>
</lfSpanFr>
<devDate gml:id="K1_483165_12-2">
<gml:timePosition>2021-03-22</gml:timePosition>
</devDate>
<orgGILvl>SJ11</orgGILvl>
<vis>表示</vis>
<pos>
<gml:Point gml:id="K1_483165_12-g" srsName="fguuid:jgd2011.bl">
<gml:pos>32.581214167 131.665492500</gml:pos>
</gml:Point>
</pos>
<orgName>国土地理院</orgName>
<type>水準点</type>
<gcpClass>一等水準点</gcpClass>
<gcpCode>L060000002635</gcpCode>
<name>交２６３５</name>
<B>117292.371</B>
<L>473995.773</L>
<alti>5.8749</alti>
<altiAcc>4</altiAcc>
</GCP>
<GCP gml:id="K1_483165_13">
<fid>10-00100-0-2003-21656</fid>
<lfSpanFr gml:id="K1_483165_13-1">
<gml:timePosition>2021-03-09</gml:timePosition>
</lfSpanFr>
<devDate gml:id="K1_483165_13-2">
<gml:timePosition>2021-03-22</gml:timePosition>
</devDate>
<orgGILvl>KJ12</orgGILvl>
<vis>表示</vis>
<pos>
<gml:Point gml:id="K1_483165_13-g" srsName="fguuid:jgd2011.bl">
<gml:pos>32.558538778 131.664386472</gml:pos>
</gml:Point>
</pos>
<orgName>国土地理院</orgName>
<type>三角点</type>
<gcpClass>二等三角点</gcpClass>
<gcpCode>TR24831657301</gcpCode>
<name>愛宕山</name>
<B>117210.7396</B>
<L>473991.7913</L>
<alti>251.32</alti>
<altiAcc>2</altiAcc>
</GCP>
<GCP gml:id="K1_483165_14">
<fid>10-00100-0-2003-28122</fid>
<lfSpanFr gml:id="K1_483165_14-1">
<gml:timePosition>2021-03-09</gml:timePosition>
</lfSpanFr>
<devDate gml:id="K1_483165_14-2">
<gml:timePosition>2021-03-22</gml:timePosition>
</devDate>
<orgGILvl>KJ13</orgGILvl>
<vis>表示</vis>
<pos>
<gml:Point gml:id="K1_483165_14-g" srsName="fguuid:jgd2011.bl">
<gml:pos>32.515739722 131.663860722</gml:pos>
</gml:Point>
</pos>
<orgName>国土地理院</orgName>
<type>三角点</type>
<gcpClass>三等三角点</gcpClass>
<gcpCode>TR34831651301</gcpCode>
<name>畑ケ田</name>
<B>117056.663</B>
<L>473989.8986</L>
<alti>220.33</alti>
<altiAcc>2</altiAcc>
</GCP>
<GCP gml:id="K1_483165_15">
<fid>10-00100-0-2003-28123</fid>
<lfSpanFr gml:id="K1_483165_15-1">
<gml:timePosition>2021-03-09</gml:timePosition>
</lfSpanFr>
<devDate gml:id="K1_483165_15-2">
<gml:timePosition>2021-03-22</gml:timePosition>
</devDate>
<orgGILvl>KJ13</orgGILvl>
<vis>表示</vis>
<pos>
<gml:Point gml:id="K1_483165_15-g" srsName="fguuid:jgd2011.bl">
<gml:pos>32.509059806 131.705585278</gml:pos>
</gml:Point>
</pos>
<orgName>国土地理院</orgName>
<type>三角点</type>
<gcpClass>三等三角点</gcpClass>
<gcpCode>TR34831651601</gcpCode>
<name>赤水</name>
<B>117032.6153</B>
<L>474140.107</L>
<alti>223.07</alti>
<altiAcc>2</altiAcc>
</GCP>
<GCP gml:id="K1_483165_16">
<fid>10-00100-0-2003-28124</fid>
<lfSpanFr gml:id="K1_483165_16-1">
<gml:timePosition>2021-03-09</gml:timePosition>
</lfSpanFr>
<devDate gml:id="K1_483165_16-2">
<gml:timePosition>2021-03-22</gml:timePosition>
</devDate>
<orgGILvl>KJ13</orgGILvl>
<vis>表示</vis>
<pos>
<gml:Point gml:id="K1_483165_16-g" srsName="fguuid:jgd2011.bl">
<gml:pos>32.539555806 131.646173917</gml:pos>
</gml:Point>
</pos>
<orgName>国土地理院</orgName>
<type>三角点</type>
<gcpClass>三等三角点</gcpClass>
<gcpCode>TR34831654101</gcpCode>
<name>阿部ケ内</name>
<B>117142.4009</B>
<L>473926.2261</L>
<alti>162.13</alti>
<altiAcc>2</altiAcc>
</GCP>
<GCP gml:id="K1_483165_17">
<fid>10-00100-0-2003-28125</fid>
<lfSpanFr gml:id="K1_483165_17-1">
<gml:timePosition>2021-03-09</gml:timePosition>
</lfSpanFr>
<devDate gml:id="K1_483165_17-2">
<gml:timePosition>2021-03-22</gml:timePosition>
</devDate>
<orgGILvl>KJ13</orgGILvl>
<vis>表示</vis>
<pos>
<gml:Point gml:id="K1_483165_17-g" srsName="fguuid:jgd2011.bl">
<gml:pos>32.536190750 131.677197194</gml:pos>
</gml:Point>
</pos>
<orgName>国土地理院</orgName>
<type>三角点</type>
<gcpClass>三等三角点</gcpClass>
<gcpCode>TR34831654401</gcpCode>
<name>港山</name>
<B>117130.2867</B>
<L>474037.9099</L>
<alti>51.38</alti>
<altiAcc>2</altiAcc>
</GCP>
<GCP gml:id="K1_483165_18">
<fid>10-00100-0-2003-28126</fid>
<lfSpanFr gml:id="K1_483165_18-1">
<gml:timePosition>2021-03-09</gml:timePosition>
</lfSpanFr>
<devDate gml:id="K1_483165_18-2">
<gml:timePosition>2021-03-22</gml:timePosition>
</devDate>
<orgGILvl>KJ13</orgGILvl>
<vis>表示</vis>
<pos>
<gml:Point gml:id="K1_483165_18-g" srsName="fguuid:jgd2011.bl">
<gml:pos>32.572645528 131.693030361</gml:pos>
</gml:Point>
</pos>
<orgName>国土地理院</orgName>
<type>三角点</type>
<gcpClass>三等三角点</gcpClass>
<gcpCode>TR34831658501</gcpCode>
<name>浜ノ輪</name>
<B>117261.5239</B>
<L>474094.9093</L>
<alti>2.75</alti>
<altiAcc>2</altiAcc>
</GCP>
<GCP gml:id="K1_483165_19">
<fid>10-00100-0-2003-28127</fid>
<lfSpanFr gml:id="K1_483165_19-1">
<gml:timePosition>2021-03-09</gml:timePosition>
</lfSpanFr>
<devDate gml:id="K1_483165_19-2">
<gml:timePosition>2021-03-22</gml:timePosition>
</devDate>
<orgGILvl>KJ13</orgGILvl>
<vis>表示</vis>
<pos>
<gml:Point gml:id="K1_483165_19-g" srsName="fguuid:jgd2011.bl">
<gml:pos>32.577406750 131.633197222</gml:pos>
</gml:Point>
</pos>
<orgName>国土地理院</orgName>
<type>三角点</type>
<gcpClass>三等三角点</gcpClass>
<gcpCode>TR34831659001</gcpCode>
<name>井ノ迫</name>
<B>117278.6643</B>
<L>473879.51</L>
<alti>16.95</alti>
<altiAcc>2</altiAcc>
</GCP>
<GCP gml:id="K1_483165_20">
<fid>10-00100-0-2003-28128</fid>
<lfSpanFr gml:id="K1_483165_20-1">
<gml:timePosition>2021-03-09</gml:timePosition>
</lfSpanFr>
<devDate gml:id="K1_483165_20-2">
<gml:timePosition>2021-03-22</gml:timePosition>
</devDate>
<orgGILvl>KJ13</orgGILvl>
<vis>表示</vis>
<pos>
<gml:Point gml:id="K1_483165_20-g" srsName="fguuid:jgd2011.bl">
<gml:pos>32.580455167 131.662965833</gml:pos>
</gml:Point>
</pos>
<orgName>国土地理院</orgName>
<type>三角点</type>
<gcpClass>三等三角点</gcpClass>
<gcpCode>TR34831659301</gcpCode>
<name>城山</name>
<B>117289.6386</B>
<L>473986.677</L>
<alti>53.47</alti>
<altiAcc>2</altiAcc>
</GCP>
<GCP gml:id="K1_483165_21">
<fid>10-00100-0-2003-63987</fid>
<lfSpanFr gml:id="K1_483165_21-1">
<gml:timePosition>2021-03-09</gml:timePosition>
</lfSpanFr>
<devDate gml:id="K1_483165_21-2">
<gml:timePosition>2021-03-22</gml:timePosition>
</devDate>
<orgGILvl>KJ14</orgGILvl>
<vis>表示</vis>
<pos>
<gml:Point gml:id="K1_483165_21-g" srsName="fguuid:jgd2011.bl">
<gml:pos>32.504281611 131.632994639</gml:pos>
</gml:Point>
</pos>
<orgName>国土地理院</orgName>
<type>三角点</type>
<gcpClass>四等三角点</gcpClass>
<gcpCode>TR44831650001</gcpCode>
<name>受</name>
<B>117015.4138</B>
<L>473878.7807</L>
<alti>260.14</alti>
<altiAcc>2</altiAcc>
</GCP>
<GCP gml:id="K1_483165_22">
<fid>10-00100-0-2003-63988</fid>
<lfSpanFr gml:id="K1_483165_22-1">
<gml:timePosition>2021-03-09</gml:timePosition>
</lfSpanFr>
<devDate gml:id="K1_483165_22-2">
<gml:timePosition>2021-03-22</gml:timePosition>
</devDate>
<orgGILvl>KJ14</orgGILvl>
<vis>表示</vis>
<pos>
<gml:Point gml:id="K1_483165_22-g" srsName="fguuid:jgd2011.bl">
<gml:pos>32.501885389 131.649479556</gml:pos>
</gml:Point>
</pos>
<orgName>国土地理院</orgName>
<type>三角点</type>
<gcpClass>四等三角点</gcpClass>
<gcpCode>TR44831650101</gcpCode>
<name>小田</name>
<B>117006.7874</B>
<L>473938.1264</L>
<alti>108.42</alti>
<altiAcc>2</altiAcc>
</GCP>
<GCP gml:id="K1_483165_23">
<fid>10-00100-0-2003-63989</fid>
<lfSpanFr gml:id="K1_483165_23-1">
<gml:timePosition>2021-03-09</gml:timePosition>
</lfSpanFr>
<devDate gml:id="K1_483165_23-2">
<gml:timePosition>2021-03-22</gml:timePosition>
</devDate>
<orgGILvl>KJ14</orgGILvl>
<vis>表示</vis>
<pos>
<gml:Point gml:id="K1_483165_23-g" srsName="fguuid:jgd2011.bl">
<gml:pos>32.504434667 131.688408333</gml:pos>
</gml:Point>
</pos>
<orgName>国土地理院</orgName>
<type>三角点</type>
<gcpClass>四等三角点</gcpClass>
<gcpCode>TR44831650501</gcpCode>
<name>土々呂</name>
<B>117015.9648</B>
<L>474078.27</L>
<alti>107.25</alti>
<altiAcc>2</altiAcc>
</GCP>
<GCP gml:id="K1_483165_24">
<fid>10-00100-0-2003-63990</fid>
<lfSpanFr gml:id="K1_483165_24-1">
<gml:timePosition>2021-03-09</gml:timePosition>
</lfSpanFr>
<devDate gml:id="K1_483165_24-2">
<gml:timePosition>2021-03-22</gml:timePosition>
</devDate>
<orgGILvl>KJ14</orgGILvl>
<vis>表示</vis>
<pos>
<gml:Point gml:id="K1_483165_24-g" srsName="fguuid:jgd2011.bl">
<gml:pos>32.514921333 131.676239167</gml:pos>
</gml:Point>
</pos>
<orgName>国土地理院</orgName>
<type>三角点</type>
<gcpClass>四等三角点</gcpClass>
<gcpCode>TR44831651401</gcpCode>
<name>海咲</name>
<B>117053.7168</B>
<L>474034.461</L>
<alti>64.78</alti>
<altiAcc>2</altiAcc>
</GCP>
<GCP gml:id="K1_483165_25">
<fid>10-00100-0-2003-63991</fid>
<lfSpanFr gml:id="K1_483165_25-1">
<gml:timePosition>2021-03-09</gml:timePosition>
</lfSpanFr>
<devDate gml:id="K1_483165_25-2">
<gml:timePosition>2021-03-22</gml:timePosition>
</devDate>
<orgGILvl>KJ14</orgGILvl>
<vis>表示</vis>
<pos>
<gml:Point gml:id="K1_483165_25-g" srsName="fguuid:jgd2011.bl">
<gml:pos>32.519155417 131.642704556</gml:pos>
</gml:Point>
</pos>
<orgName>国土地理院</orgName>
<type>三角点</type>
<gcpClass>四等三角点</gcpClass>
<gcpCode>TR44831652101</gcpCode>
<name>羽迫</name>
<B>117068.9595</B>
<L>473913.7364</L>
<alti>264.8</alti>
<altiAcc>2</altiAcc>
</GCP>
<GCP gml:id="K1_483165_26">
<fid>10-00100-0-2003-63992</fid>
<lfSpanFr gml:id="K1_483165_26-1">
<gml:timePosition>2021-03-09</gml:timePosition>
</lfSpanFr>
<devDate gml:id="K1_483165_26-2">
<gml:timePosition>2021-03-22</gml:timePosition>
</devDate>
<orgGILvl>KJ14</orgGILvl>
<vis>表示</vis>
<pos>
<gml:Point gml:id="K1_483165_26-g" srsName="fguuid:jgd2011.bl">
<gml:pos>32.529223194 131.625827778</gml:pos>
</gml:Point>
</pos>
<orgName>国土地理院</orgName>
<type>三角点</type>
<gcpClass>四等三角点</gcpClass>
<gcpCode>TR44831653001</gcpCode>
<name>伊形</name>
<B>117105.2035</B>
<L>473852.98</L>
<alti>135.23</alti>
<altiAcc>2</altiAcc>
</GCP>
<GCP gml:id="K1_483165_27">
<fid>10-00100-0-2003-63993</fid>
<lfSpanFr gml:id="K1_483165_27-1">
<gml:timePosition>2021-03-09</gml:timePosition>
</lfSpanFr>
<devDate gml:id="K1_483165_27-2">
<gml:timePosition>2021-03-22</gml:timePosition>
</devDate>
<orgGILvl>KJ14</orgGILvl>
<vis>表示</vis>
<pos>
<gml:Point gml:id="K1_483165_27-g" srsName="fguuid:jgd2011.bl">
<gml:pos>32.528736778 131.660328250</gml:pos>
</gml:Point>
</pos>
<orgName>国土地理院</orgName>
<type>三角点</type>
<gcpClass>四等三角点</gcpClass>
<gcpCode>TR44831653201</gcpCode>
<name>越路</name>
<B>117103.4524</B>
<L>473977.1817</L>
<alti>152.36</alti>
<altiAcc>2</altiAcc>
</GCP>
<GCP gml:id="K1_483165_28">
<fid>10-00100-0-2003-63994</fid>
<lfSpanFr gml:id="K1_483165_28-1">
<gml:timePosition>2021-03-09</gml:timePosition>
</lfSpanFr>
<devDate gml:id="K1_483165_28-2">
<gml:timePosition>2021-03-22</gml:timePosition>
</devDate>
<orgGILvl>KJ14</orgGILvl>
<vis>表示</vis>
<pos>
<gml:Point gml:id="K1_483165_28-g" srsName="fguuid:jgd2011.bl">
<gml:pos>32.526203194 131.680253361</gml:pos>
</gml:Point>
</pos>
<orgName>国土地理院</orgName>
<type>三角点</type>
<gcpClass>四等三角点</gcpClass>
<gcpCode>TR44831653401</gcpCode>
<name>一ヶ岡</name>
<B>117094.3315</B>
<L>474048.9121</L>
<alti>3.69</alti>
<altiAcc>2</altiAcc>
</GCP>
<GCP gml:id="K1_483165_29">
<fid>10-00100-0-2003-63995</fid>
<lfSpanFr gml:id="K1_483165_29-1">
<gml:timePosition>2021-03-09</gml:timePosition>
</lfSpanFr>
<devDate gml:id="K1_483165_29-2">
<gml:timePosition>2021-03-22</gml:timePosition>
</devDate>
<orgGILvl>KJ14</orgGILvl>
<vis>表示</vis>
<pos>
<gml:Point gml:id="K1_483165_29-g" srsName="fguuid:jgd2011.bl">
<gml:pos>32.548748333 131.663005556</gml:pos>
</gml:Point>
</pos>
<orgName>国土地理院</orgName>
<type>三角点</type>
<gcpClass>四等三角点</gcpClass>
<gcpCode>TR44831655301</gcpCode>
<name>片田</name>
<B>117175.494</B>
<L>473986.82</L>
<alti>3.62</alti>
<altiAcc>2</altiAcc>
</GCP>
<GCP gml:id="K1_483165_30">
<fid>10-00100-0-2003-63996</fid>
<lfSpanFr gml:id="K1_483165_30-1">
<gml:timePosition>2021-03-09</gml:timePosition>
</lfSpanFr>
<devDate gml:id="K1_483165_30-2">
<gml:timePosition>2021-03-22</gml:timePosition>
</devDate>
<orgGILvl>KJ14</orgGILvl>
<vis>表示</vis>
<pos>
<gml:Point gml:id="K1_483165_30-g" srsName="fguuid:jgd2011.bl">
<gml:pos>32.550020028 131.636670194</gml:pos>
</gml:Point>
</pos>
<orgName>国土地理院</orgName>
<type>三角点</type>
<gcpClass>四等三角点</gcpClass>
<gcpCode>TR44831656001</gcpCode>
<name>小野</name>
<B>117180.0721</B>
<L>473892.0127</L>
<alti>243.4</alti>
<altiAcc>2</altiAcc>
</GCP>
<GCP gml:id="K1_483165_31">
<fid>10-00100-0-2003-63997</fid>
<lfSpanFr gml:id="K1_483165_31-1">
<gml:timePosition>2021-03-09</gml:timePosition>
</lfSpanFr>
<devDate gml:id="K1_483165_31-2">
<gml:timePosition>2021-03-22</gml:timePosition>
</devDate>
<orgGILvl>KJ14</orgGILvl>
<vis>表示</vis>
<pos>
<gml:Point gml:id="K1_483165_31-g" srsName="fguuid:jgd2011.bl">
<gml:pos>32.552739750 131.653904056</gml:pos>
</gml:Point>
</pos>
<orgName>国土地理院</orgName>
<type>三角点</type>
<gcpClass>四等三角点</gcpClass>
<gcpCode>TR44831656201</gcpCode>
<name>三須</name>
<B>117189.8631</B>
<L>473954.0546</L>
<alti>93.67</alti>
<altiAcc>2</altiAcc>
</GCP>
<GCP gml:id="K1_483165_32">
<fid>10-00100-0-2003-63998</fid>
<lfSpanFr gml:id="K1_483165_32-1">
<gml:timePosition>2021-03-09</gml:timePosition>
</lfSpanFr>
<devDate gml:id="K1_483165_32-2">
<gml:timePosition>2021-03-22</gml:timePosition>
</devDate>
<orgGILvl>KJ14</orgGILvl>
<vis>表示</vis>
<pos>
<gml:Point gml:id="K1_483165_32-g" srsName="fguuid:jgd2011.bl">
<gml:pos>32.552793667 131.683383000</gml:pos>
</gml:Point>
</pos>
<orgName>国土地理院</orgName>
<type>三角点</type>
<gcpClass>四等三角点</gcpClass>
<gcpCode>TR44831656402</gcpCode>
<name>緑ヶ丘</name>
<B>117190.0572</B>
<L>474060.1788</L>
<alti>20.13</alti>
<altiAcc>2</altiAcc>
</GCP>
<GCP gml:id="K1_483165_33">
<fid>10-00100-0-2003-63999</fid>
<lfSpanFr gml:id="K1_483165_33-1">
<gml:timePosition>2021-03-09</gml:timePosition>
</lfSpanFr>
<devDate gml:id="K1_483165_33-2">
<gml:timePosition>2021-03-22</gml:timePosition>
</devDate>
<orgGILvl>KJ14</orgGILvl>
<vis>表示</vis>
<pos>
<gml:Point gml:id="K1_483165_33-g" srsName="fguuid:jgd2011.bl">
<gml:pos>32.560585556 131.634204806</gml:pos>
</gml:Point>
</pos>
<orgName>国土地理院</orgName>
<type>三角点</type>
<gcpClass>四等三角点</gcpClass>
<gcpCode>TR44831657001</gcpCode>
<name>島戸山</name>
<B>117218.108</B>
<L>473883.1373</L>
<alti>169.05</alti>
<altiAcc>2</altiAcc>
</GCP>
<GCP gml:id="K1_483165_34">
<fid>10-00100-0-2003-64000</fid>
<lfSpanFr gml:id="K1_483165_34-1">
<gml:timePosition>2021-03-09</gml:timePosition>
</lfSpanFr>
<devDate gml:id="K1_483165_34-2">
<gml:timePosition>2021-03-22</gml:timePosition>
</devDate>
<orgGILvl>KJ14</orgGILvl>
<vis>表示</vis>
<pos>
<gml:Point gml:id="K1_483165_34-g" srsName="fguuid:jgd2011.bl">
<gml:pos>32.571129722 131.636403361</gml:pos>
</gml:Point>
</pos>
<orgName>国土地理院</orgName>
<type>三角点</type>
<gcpClass>四等三角点</gcpClass>
<gcpCode>TR44831658001</gcpCode>
<name>西階</name>
<B>117256.067</B>
<L>473891.0521</L>
<alti>47.27</alti>
<altiAcc>2</altiAcc>
</GCP>
<GCP gml:id="K1_483165_35">
<fid>10-00100-0-2003-64001</fid>
<lfSpanFr gml:id="K1_483165_35-1">
<gml:timePosition>2021-03-09</gml:timePosition>
</lfSpanFr>
<devDate gml:id="K1_483165_35-2">
<gml:timePosition>2021-03-22</gml:timePosition>
</devDate>
<orgGILvl>KJ14</orgGILvl>
<vis>表示</vis>
<pos>
<gml:Point gml:id="K1_483165_35-g" srsName="fguuid:jgd2011.bl">
<gml:pos>32.570304333 131.649595278</gml:pos>
</gml:Point>
</pos>
<orgName>国土地理院</orgName>
<type>三角点</type>
<gcpClass>四等三角点</gcpClass>
<gcpCode>TR44831658101</gcpCode>
<name>大貫</name>
<B>117253.0956</B>
<L>473938.543</L>
<alti>17.88</alti>
<altiAcc>2</altiAcc>
</GCP>
<GCP gml:id="K1_483165_36">
<fid>10-00100-0-2003-64002</fid>
<lfSpanFr gml:id="K1_483165_36-1">
<gml:timePosition>2021-03-09</gml:timePosition>
</lfSpanFr>
<devDate gml:id="K1_483165_36-2">
<gml:timePosition>2021-03-22</gml:timePosition>
</devDate>
<orgGILvl>KJ14</orgGILvl>
<vis>表示</vis>
<pos>
<gml:Point gml:id="K1_483165_36-g" srsName="fguuid:jgd2011.bl">
<gml:pos>32.568955389 131.680838861</gml:pos>
</gml:Point>
</pos>
<orgName>国土地理院</orgName>
<type>三角点</type>
<gcpClass>四等三角点</gcpClass>
<gcpCode>TR44831658401</gcpCode>
<name>別府</name>
<B>117248.2394</B>
<L>474051.0199</L>
<alti>3.86</alti>
<altiAcc>2</altiAcc>
</GCP>
</Dataset>
