<?xml version="1.0" encoding="utf-8"?>
<Dataset xsi:schemaLocation="http://fgd.gsi.go.jp/spec/2008/FGD_GMLSchema FGD_GMLSchema.xsd"
	xmlns:gml="http://www.opengis.net/gml/3.2"
	xmlns:xsi="http://www.w3.org/2001/XMLSchema-instance"
	xmlns:xlink="http://www.w3.org/1999/xlink"
	xmlns="http://fgd.gsi.go.jp/spec/2008/FGD_GMLSchema"
	gml:id="Dataset1">
  <gml:description>基盤地図情報メタデータ ID=fmdid:21-0701</gml:description>
  <gml:name>基盤地図情報ダウンロードデータ（GML版）</gml:name>
<ElevPt gml:id="K2_4693512120_1">
<fid>46935-12120-i-1179</fid>
<lfSpanFr gml:id="K2_4693512120_1-1">
<gml:timePosition>2020-08-27</gml:timePosition>
</lfSpanFr>
<devDate gml:id="K2_4693512120_1-2">
<gml:timePosition>2021-06-03</gml:timePosition>
</devDate>
<orgGILvl>25000</orgGILvl>
<vis>非表示</vis>
<pos>
<gml:Point gml:id="K2_4693512120_1-g" srsName="fguuid:jgd2011.bl">
<gml:pos>33.672025861 130.377847972</gml:pos>
</gml:Point>
</pos>
<type>標高点（測点）</type>
<alti>12</alti>
</ElevPt>
<ElevPt gml:id="K2_4693812120_1">
<fid>46938-12120-i-426</fid>
<lfSpanFr gml:id="K2_4693812120_1-1">
<gml:timePosition>2018-08-06</gml:timePosition>
</lfSpanFr>
<devDate gml:id="K2_4693812120_1-2">
<gml:timePosition>2021-06-03</gml:timePosition>
</devDate>
<orgGILvl>25000</orgGILvl>
<vis>表示</vis>
<pos>
<gml:Point gml:id="K2_4693812120_1-g" srsName="fguuid:jgd2011.bl">
<gml:pos>33.668612778 130.384150833</gml:pos>
</gml:Point>
</pos>
<type>標高点（測点）</type>
<alti>6</alti>
</ElevPt>
<ElevPt gml:id="K2_4694412123_1">
<fid>46944-12123-i-1664</fid>
<lfSpanFr gml:id="K2_4694412123_1-1">
<gml:timePosition>2020-08-27</gml:timePosition>
</lfSpanFr>
<devDate gml:id="K2_4694412123_1-2">
<gml:timePosition>2021-06-03</gml:timePosition>
</devDate>
<orgGILvl>25000</orgGILvl>
<vis>表示</vis>
<pos>
<gml:Point gml:id="K2_4694412123_1-g" srsName="fguuid:jgd2011.bl">
<gml:pos>33.675710556 130.402741944</gml:pos>
</gml:Point>
</pos>
<type>標高点（測点）</type>
<alti>5</alti>
</ElevPt>
<ElevPt gml:id="K2_4694412126_1">
<fid>46944-12126-i-2496</fid>
<lfSpanFr gml:id="K2_4694412126_1-1">
<gml:timePosition>2020-08-27</gml:timePosition>
</lfSpanFr>
<devDate gml:id="K2_4694412126_1-2">
<gml:timePosition>2021-06-03</gml:timePosition>
</devDate>
<orgGILvl>25000</orgGILvl>
<vis>表示</vis>
<pos>
<gml:Point gml:id="K2_4694412126_1-g" srsName="fguuid:jgd2011.bl">
<gml:pos>33.687915833 130.402360000</gml:pos>
</gml:Point>
</pos>
<type>標高点（測点）</type>
<alti>34</alti>
</ElevPt>
<ElevPt gml:id="K2_4694712126_1">
<fid>46947-12126-i-4257</fid>
<lfSpanFr gml:id="K2_4694712126_1-1">
<gml:timePosition>2020-08-27</gml:timePosition>
</lfSpanFr>
<devDate gml:id="K2_4694712126_1-2">
<gml:timePosition>2021-06-03</gml:timePosition>
</devDate>
<orgGILvl>25000</orgGILvl>
<vis>表示</vis>
<pos>
<gml:Point gml:id="K2_4694712126_1-g" srsName="fguuid:jgd2011.bl">
<gml:pos>33.684894776 130.410229208</gml:pos>
</gml:Point>
</pos>
<type>標高点（測点）</type>
<alti>4</alti>
</ElevPt>
<ElevPt gml:id="K2_4694712129_1">
<fid>46947-12129-i-2698</fid>
<lfSpanFr gml:id="K2_4694712129_1-1">
<gml:timePosition>2020-08-27</gml:timePosition>
</lfSpanFr>
<devDate gml:id="K2_4694712129_1-2">
<gml:timePosition>2021-06-03</gml:timePosition>
</devDate>
<orgGILvl>25000</orgGILvl>
<vis>表示</vis>
<pos>
<gml:Point gml:id="K2_4694712129_1-g" srsName="fguuid:jgd2011.bl">
<gml:pos>33.699664167 130.414720000</gml:pos>
</gml:Point>
</pos>
<type>標高点（測点）</type>
<alti>15</alti>
</ElevPt>
<ElevPt gml:id="K2_4695012126_1">
<fid>46950-12126-i-1599</fid>
<lfSpanFr gml:id="K2_4695012126_1-1">
<gml:timePosition>2020-08-27</gml:timePosition>
</lfSpanFr>
<devDate gml:id="K2_4695012126_1-2">
<gml:timePosition>2021-06-03</gml:timePosition>
</devDate>
<orgGILvl>25000</orgGILvl>
<vis>表示</vis>
<pos>
<gml:Point gml:id="K2_4695012126_1-g" srsName="fguuid:jgd2011.bl">
<gml:pos>33.689223891 130.418636654</gml:pos>
</gml:Point>
</pos>
<type>標高点（測点）</type>
<alti>2</alti>
</ElevPt>
<ElevPt gml:id="K2_4695012129_1">
<fid>46950-12129-i-3066</fid>
<lfSpanFr gml:id="K2_4695012129_1-1">
<gml:timePosition>2020-08-27</gml:timePosition>
</lfSpanFr>
<devDate gml:id="K2_4695012129_1-2">
<gml:timePosition>2021-06-03</gml:timePosition>
</devDate>
<orgGILvl>25000</orgGILvl>
<vis>表示</vis>
<pos>
<gml:Point gml:id="K2_4695012129_1-g" srsName="fguuid:jgd2011.bl">
<gml:pos>33.696959722 130.419304167</gml:pos>
</gml:Point>
</pos>
<type>標高点（測点）</type>
<alti>3</alti>
</ElevPt>
<ElevPt gml:id="K2_4695012132_1">
<fid>46950-12132-i-2743</fid>
<lfSpanFr gml:id="K2_4695012132_1-1">
<gml:timePosition>2020-08-27</gml:timePosition>
</lfSpanFr>
<devDate gml:id="K2_4695012132_1-2">
<gml:timePosition>2021-06-03</gml:timePosition>
</devDate>
<orgGILvl>25000</orgGILvl>
<vis>表示</vis>
<pos>
<gml:Point gml:id="K2_4695012132_1-g" srsName="fguuid:jgd2011.bl">
<gml:pos>33.703186852 130.420312804</gml:pos>
</gml:Point>
</pos>
<type>標高点（測点）</type>
<alti>2</alti>
</ElevPt>
<ElevPt gml:id="K2_4695012135_1">
<fid>46950-12135-i-1154</fid>
<lfSpanFr gml:id="K2_4695012135_1-1">
<gml:timePosition>2020-08-27</gml:timePosition>
</lfSpanFr>
<devDate gml:id="K2_4695012135_1-2">
<gml:timePosition>2021-06-03</gml:timePosition>
</devDate>
<orgGILvl>25000</orgGILvl>
<vis>表示</vis>
<pos>
<gml:Point gml:id="K2_4695012135_1-g" srsName="fguuid:jgd2011.bl">
<gml:pos>33.711477500 130.418131389</gml:pos>
</gml:Point>
</pos>
<type>標高点（測点）</type>
<alti>44</alti>
</ElevPt>
<ElevPt gml:id="K2_4695012135_2">
<fid>46950-12135-i-1155</fid>
<lfSpanFr gml:id="K2_4695012135_2-1">
<gml:timePosition>2020-08-27</gml:timePosition>
</lfSpanFr>
<devDate gml:id="K2_4695012135_2-2">
<gml:timePosition>2021-06-03</gml:timePosition>
</devDate>
<orgGILvl>25000</orgGILvl>
<vis>表示</vis>
<pos>
<gml:Point gml:id="K2_4695012135_2-g" srsName="fguuid:jgd2011.bl">
<gml:pos>33.709725469 130.423871036</gml:pos>
</gml:Point>
</pos>
<type>標高点（測点）</type>
<alti>2</alti>
</ElevPt>
<ElevPt gml:id="K2_4695312120_1">
<fid>46953-12120-i-7139</fid>
<lfSpanFr gml:id="K2_4695312120_1-1">
<gml:timePosition>2020-08-27</gml:timePosition>
</lfSpanFr>
<devDate gml:id="K2_4695312120_1-2">
<gml:timePosition>2021-06-03</gml:timePosition>
</devDate>
<orgGILvl>25000</orgGILvl>
<vis>表示</vis>
<pos>
<gml:Point gml:id="K2_4695312120_1-g" srsName="fguuid:jgd2011.bl">
<gml:pos>33.672460139 130.430533639</gml:pos>
</gml:Point>
</pos>
<type>標高点（測点）</type>
<alti>41</alti>
</ElevPt>
<ElevPt gml:id="K2_4695312126_1">
<fid>46953-12126-i-2322</fid>
<lfSpanFr gml:id="K2_4695312126_1-1">
<gml:timePosition>2020-08-27</gml:timePosition>
</lfSpanFr>
<devDate gml:id="K2_4695312126_1-2">
<gml:timePosition>2021-06-03</gml:timePosition>
</devDate>
<orgGILvl>25000</orgGILvl>
<vis>表示</vis>
<pos>
<gml:Point gml:id="K2_4695312126_1-g" srsName="fguuid:jgd2011.bl">
<gml:pos>33.688024444 130.431870000</gml:pos>
</gml:Point>
</pos>
<type>標高点（測点）</type>
<alti>28</alti>
</ElevPt>
<ElevPt gml:id="K2_4695312135_1">
<fid>46953-12135-i-1780</fid>
<lfSpanFr gml:id="K2_4695312135_1-1">
<gml:timePosition>2020-08-27</gml:timePosition>
</lfSpanFr>
<devDate gml:id="K2_4695312135_1-2">
<gml:timePosition>2021-06-03</gml:timePosition>
</devDate>
<orgGILvl>25000</orgGILvl>
<vis>表示</vis>
<pos>
<gml:Point gml:id="K2_4695312135_1-g" srsName="fguuid:jgd2011.bl">
<gml:pos>33.714380556 130.429467222</gml:pos>
</gml:Point>
</pos>
<type>標高点（測点）</type>
<alti>12</alti>
</ElevPt>
<ElevPt gml:id="K2_4695312135_2">
<fid>46953-12135-i-1781</fid>
<lfSpanFr gml:id="K2_4695312135_2-1">
<gml:timePosition>2020-08-27</gml:timePosition>
</lfSpanFr>
<devDate gml:id="K2_4695312135_2-2">
<gml:timePosition>2021-06-03</gml:timePosition>
</devDate>
<orgGILvl>25000</orgGILvl>
<vis>表示</vis>
<pos>
<gml:Point gml:id="K2_4695312135_2-g" srsName="fguuid:jgd2011.bl">
<gml:pos>33.710539135 130.430621299</gml:pos>
</gml:Point>
</pos>
<type>標高点（測点）</type>
<alti>12</alti>
</ElevPt>
<ElevPt gml:id="K2_4695612120_1">
<fid>46956-12120-i-5365</fid>
<lfSpanFr gml:id="K2_4695612120_1-1">
<gml:timePosition>2020-08-27</gml:timePosition>
</lfSpanFr>
<devDate gml:id="K2_4695612120_1-2">
<gml:timePosition>2021-06-03</gml:timePosition>
</devDate>
<orgGILvl>25000</orgGILvl>
<vis>表示</vis>
<pos>
<gml:Point gml:id="K2_4695612120_1-g" srsName="fguuid:jgd2011.bl">
<gml:pos>33.666796111 130.434497306</gml:pos>
</gml:Point>
</pos>
<type>標高点（測点）</type>
<alti>2</alti>
</ElevPt>
<ElevPt gml:id="K2_4695612126_1">
<fid>46956-12126-i-2898</fid>
<lfSpanFr gml:id="K2_4695612126_1-1">
<gml:timePosition>2020-08-27</gml:timePosition>
</lfSpanFr>
<devDate gml:id="K2_4695612126_1-2">
<gml:timePosition>2021-06-03</gml:timePosition>
</devDate>
<orgGILvl>25000</orgGILvl>
<vis>表示</vis>
<pos>
<gml:Point gml:id="K2_4695612126_1-g" srsName="fguuid:jgd2011.bl">
<gml:pos>33.685062222 130.440024444</gml:pos>
</gml:Point>
</pos>
<type>標高点（測点）</type>
<alti>56</alti>
</ElevPt>
<ElevPt gml:id="K2_4695612132_1">
<fid>46956-12132-i-3517</fid>
<lfSpanFr gml:id="K2_4695612132_1-1">
<gml:timePosition>2020-08-27</gml:timePosition>
</lfSpanFr>
<devDate gml:id="K2_4695612132_1-2">
<gml:timePosition>2021-06-03</gml:timePosition>
</devDate>
<orgGILvl>25000</orgGILvl>
<vis>表示</vis>
<pos>
<gml:Point gml:id="K2_4695612132_1-g" srsName="fguuid:jgd2011.bl">
<gml:pos>33.702567160 130.433423175</gml:pos>
</gml:Point>
</pos>
<type>標高点（測点）</type>
<alti>35</alti>
</ElevPt>
<ElevPt gml:id="K2_4695612135_1">
<fid>46956-12135-i-2224</fid>
<lfSpanFr gml:id="K2_4695612135_1-1">
<gml:timePosition>2020-08-27</gml:timePosition>
</lfSpanFr>
<devDate gml:id="K2_4695612135_1-2">
<gml:timePosition>2021-06-03</gml:timePosition>
</devDate>
<orgGILvl>25000</orgGILvl>
<vis>表示</vis>
<pos>
<gml:Point gml:id="K2_4695612135_1-g" srsName="fguuid:jgd2011.bl">
<gml:pos>33.710993628 130.439249011</gml:pos>
</gml:Point>
</pos>
<type>標高点（測点）</type>
<alti>4</alti>
</ElevPt>
<ElevPt gml:id="K2_4695612138_1">
<fid>46956-12138-i-763</fid>
<lfSpanFr gml:id="K2_4695612138_1-1">
<gml:timePosition>2018-08-06</gml:timePosition>
</lfSpanFr>
<devDate gml:id="K2_4695612138_1-2">
<gml:timePosition>2021-06-03</gml:timePosition>
</devDate>
<orgGILvl>25000</orgGILvl>
<vis>表示</vis>
<pos>
<gml:Point gml:id="K2_4695612138_1-g" srsName="fguuid:jgd2011.bl">
<gml:pos>33.717030278 130.438663889</gml:pos>
</gml:Point>
</pos>
<type>標高点（測点）</type>
<alti>11</alti>
</ElevPt>
<ElevPt gml:id="K2_4695912132_1">
<fid>46959-12132-i-3179</fid>
<lfSpanFr gml:id="K2_4695912132_1-1">
<gml:timePosition>2020-08-27</gml:timePosition>
</lfSpanFr>
<devDate gml:id="K2_4695912132_1-2">
<gml:timePosition>2021-06-03</gml:timePosition>
</devDate>
<orgGILvl>25000</orgGILvl>
<vis>表示</vis>
<pos>
<gml:Point gml:id="K2_4695912132_1-g" srsName="fguuid:jgd2011.bl">
<gml:pos>33.706820964 130.443406924</gml:pos>
</gml:Point>
</pos>
<type>標高点（測点）</type>
<alti>2</alti>
</ElevPt>
<ElevPt gml:id="K2_4696212123_1">
<fid>46962-12123-i-2326</fid>
<lfSpanFr gml:id="K2_4696212123_1-1">
<gml:timePosition>2020-08-27</gml:timePosition>
</lfSpanFr>
<devDate gml:id="K2_4696212123_1-2">
<gml:timePosition>2021-06-03</gml:timePosition>
</devDate>
<orgGILvl>25000</orgGILvl>
<vis>表示</vis>
<pos>
<gml:Point gml:id="K2_4696212123_1-g" srsName="fguuid:jgd2011.bl">
<gml:pos>33.675106667 130.454168889</gml:pos>
</gml:Point>
</pos>
<type>標高点（測点）</type>
<alti>32</alti>
</ElevPt>
<ElevPt gml:id="K2_4696212123_2">
<fid>46962-12123-i-2327</fid>
<lfSpanFr gml:id="K2_4696212123_2-1">
<gml:timePosition>2020-08-27</gml:timePosition>
</lfSpanFr>
<devDate gml:id="K2_4696212123_2-2">
<gml:timePosition>2021-06-03</gml:timePosition>
</devDate>
<orgGILvl>25000</orgGILvl>
<vis>表示</vis>
<pos>
<gml:Point gml:id="K2_4696212123_2-g" srsName="fguuid:jgd2011.bl">
<gml:pos>33.682915556 130.454701389</gml:pos>
</gml:Point>
</pos>
<type>標高点（測点）</type>
<alti>52</alti>
</ElevPt>
<ElevPt gml:id="K2_4696212126_1">
<fid>46962-12126-i-3057</fid>
<lfSpanFr gml:id="K2_4696212126_1-1">
<gml:timePosition>2020-08-27</gml:timePosition>
</lfSpanFr>
<devDate gml:id="K2_4696212126_1-2">
<gml:timePosition>2021-06-03</gml:timePosition>
</devDate>
<orgGILvl>25000</orgGILvl>
<vis>非表示</vis>
<pos>
<gml:Point gml:id="K2_4696212126_1-g" srsName="fguuid:jgd2011.bl">
<gml:pos>33.691546389 130.453517222</gml:pos>
</gml:Point>
</pos>
<type>標高点（測点）</type>
<alti>27</alti>
</ElevPt>
<ElevPt gml:id="K2_4696212129_1">
<fid>46962-12129-i-2844</fid>
<lfSpanFr gml:id="K2_4696212129_1-1">
<gml:timePosition>2020-08-27</gml:timePosition>
</lfSpanFr>
<devDate gml:id="K2_4696212129_1-2">
<gml:timePosition>2021-06-03</gml:timePosition>
</devDate>
<orgGILvl>25000</orgGILvl>
<vis>表示</vis>
<pos>
<gml:Point gml:id="K2_4696212129_1-g" srsName="fguuid:jgd2011.bl">
<gml:pos>33.698273333 130.453113611</gml:pos>
</gml:Point>
</pos>
<type>標高点（測点）</type>
<alti>8</alti>
</ElevPt>
<ElevPt gml:id="K2_4696212132_1">
<fid>46962-12132-i-2973</fid>
<lfSpanFr gml:id="K2_4696212132_1-1">
<gml:timePosition>2020-08-27</gml:timePosition>
</lfSpanFr>
<devDate gml:id="K2_4696212132_1-2">
<gml:timePosition>2021-06-03</gml:timePosition>
</devDate>
<orgGILvl>25000</orgGILvl>
<vis>表示</vis>
<pos>
<gml:Point gml:id="K2_4696212132_1-g" srsName="fguuid:jgd2011.bl">
<gml:pos>33.702021540 130.450748568</gml:pos>
</gml:Point>
</pos>
<type>標高点（測点）</type>
<alti>12</alti>
</ElevPt>
<ElevPt gml:id="K2_4696212135_1">
<fid>46962-12135-i-1715</fid>
<lfSpanFr gml:id="K2_4696212135_1-1">
<gml:timePosition>2020-08-27</gml:timePosition>
</lfSpanFr>
<devDate gml:id="K2_4696212135_1-2">
<gml:timePosition>2021-06-03</gml:timePosition>
</devDate>
<orgGILvl>25000</orgGILvl>
<vis>表示</vis>
<pos>
<gml:Point gml:id="K2_4696212135_1-g" srsName="fguuid:jgd2011.bl">
<gml:pos>33.709436704 130.455732983</gml:pos>
</gml:Point>
</pos>
<type>標高点（測点）</type>
<alti>9</alti>
</ElevPt>
<ElevPt gml:id="K2_4696212141_1">
<fid>46962-12141-i-890</fid>
<lfSpanFr gml:id="K2_4696212141_1-1">
<gml:timePosition>2020-08-27</gml:timePosition>
</lfSpanFr>
<devDate gml:id="K2_4696212141_1-2">
<gml:timePosition>2021-06-03</gml:timePosition>
</devDate>
<orgGILvl>25000</orgGILvl>
<vis>表示</vis>
<pos>
<gml:Point gml:id="K2_4696212141_1-g" srsName="fguuid:jgd2011.bl">
<gml:pos>33.728393056 130.454751389</gml:pos>
</gml:Point>
</pos>
<type>標高点（測点）</type>
<alti>22</alti>
</ElevPt>
<ElevPt gml:id="K2_4696512123_1">
<fid>46965-12123-i-411</fid>
<lfSpanFr gml:id="K2_4696512123_1-1">
<gml:timePosition>2018-08-06</gml:timePosition>
</lfSpanFr>
<devDate gml:id="K2_4696512123_1-2">
<gml:timePosition>2021-06-03</gml:timePosition>
</devDate>
<orgGILvl>25000</orgGILvl>
<vis>表示</vis>
<pos>
<gml:Point gml:id="K2_4696512123_1-g" srsName="fguuid:jgd2011.bl">
<gml:pos>33.682664444 130.465588889</gml:pos>
</gml:Point>
</pos>
<type>標高点（測点）</type>
<alti>343</alti>
</ElevPt>
<ElevPt gml:id="K2_4696512126_1">
<fid>46965-12126-i-903</fid>
<lfSpanFr gml:id="K2_4696512126_1-1">
<gml:timePosition>2020-08-27</gml:timePosition>
</lfSpanFr>
<devDate gml:id="K2_4696512126_1-2">
<gml:timePosition>2021-06-03</gml:timePosition>
</devDate>
<orgGILvl>25000</orgGILvl>
<vis>表示</vis>
<pos>
<gml:Point gml:id="K2_4696512126_1-g" srsName="fguuid:jgd2011.bl">
<gml:pos>33.688215833 130.459308056</gml:pos>
</gml:Point>
</pos>
<type>標高点（測点）</type>
<alti>69</alti>
</ElevPt>
<ElevPt gml:id="K2_4696512129_1">
<fid>46965-12129-i-1052</fid>
<lfSpanFr gml:id="K2_4696512129_1-1">
<gml:timePosition>2018-08-06</gml:timePosition>
</lfSpanFr>
<devDate gml:id="K2_4696512129_1-2">
<gml:timePosition>2021-06-03</gml:timePosition>
</devDate>
<orgGILvl>25000</orgGILvl>
<vis>表示</vis>
<pos>
<gml:Point gml:id="K2_4696512129_1-g" srsName="fguuid:jgd2011.bl">
<gml:pos>33.693048214 130.459027484</gml:pos>
</gml:Point>
</pos>
<type>標高点（測点）</type>
<alti>22</alti>
</ElevPt>
<ElevPt gml:id="K2_4696512129_2">
<fid>46965-12129-i-1053</fid>
<lfSpanFr gml:id="K2_4696512129_2-1">
<gml:timePosition>2018-08-06</gml:timePosition>
</lfSpanFr>
<devDate gml:id="K2_4696512129_2-2">
<gml:timePosition>2021-06-03</gml:timePosition>
</devDate>
<orgGILvl>25000</orgGILvl>
<vis>表示</vis>
<pos>
<gml:Point gml:id="K2_4696512129_2-g" srsName="fguuid:jgd2011.bl">
<gml:pos>33.698700278 130.465180833</gml:pos>
</gml:Point>
</pos>
<type>標高点（測点）</type>
<alti>26</alti>
</ElevPt>
<ElevPt gml:id="K2_4696512144_1">
<fid>46965-12144-i-1763</fid>
<lfSpanFr gml:id="K2_4696512144_1-1">
<gml:timePosition>2020-08-27</gml:timePosition>
</lfSpanFr>
<devDate gml:id="K2_4696512144_1-2">
<gml:timePosition>2021-06-03</gml:timePosition>
</devDate>
<orgGILvl>25000</orgGILvl>
<vis>表示</vis>
<pos>
<gml:Point gml:id="K2_4696512144_1-g" srsName="fguuid:jgd2011.bl">
<gml:pos>33.733466972 130.464070889</gml:pos>
</gml:Point>
</pos>
<type>標高点（測点）</type>
<alti>8</alti>
</ElevPt>
<ElevPt gml:id="K2_4696812120_1">
<fid>46968-12120-i-511</fid>
<lfSpanFr gml:id="K2_4696812120_1-1">
<gml:timePosition>2020-08-27</gml:timePosition>
</lfSpanFr>
<devDate gml:id="K2_4696812120_1-2">
<gml:timePosition>2021-06-03</gml:timePosition>
</devDate>
<orgGILvl>25000</orgGILvl>
<vis>表示</vis>
<pos>
<gml:Point gml:id="K2_4696812120_1-g" srsName="fguuid:jgd2011.bl">
<gml:pos>33.671700361 130.468597111</gml:pos>
</gml:Point>
</pos>
<type>標高点（測点）</type>
<alti>272</alti>
</ElevPt>
<ElevPt gml:id="K2_4696812129_1">
<fid>46968-12129-i-1124</fid>
<lfSpanFr gml:id="K2_4696812129_1-1">
<gml:timePosition>2020-08-27</gml:timePosition>
</lfSpanFr>
<devDate gml:id="K2_4696812129_1-2">
<gml:timePosition>2021-06-03</gml:timePosition>
</devDate>
<orgGILvl>25000</orgGILvl>
<vis>表示</vis>
<pos>
<gml:Point gml:id="K2_4696812129_1-g" srsName="fguuid:jgd2011.bl">
<gml:pos>33.691940278 130.468697222</gml:pos>
</gml:Point>
</pos>
<type>標高点（測点）</type>
<alti>156</alti>
</ElevPt>
<ElevPt gml:id="K2_4696812135_1">
<fid>46968-12135-i-798</fid>
<lfSpanFr gml:id="K2_4696812135_1-1">
<gml:timePosition>2020-08-27</gml:timePosition>
</lfSpanFr>
<devDate gml:id="K2_4696812135_1-2">
<gml:timePosition>2021-06-03</gml:timePosition>
</devDate>
<orgGILvl>25000</orgGILvl>
<vis>表示</vis>
<pos>
<gml:Point gml:id="K2_4696812135_1-g" srsName="fguuid:jgd2011.bl">
<gml:pos>33.714384981 130.469807787</gml:pos>
</gml:Point>
</pos>
<type>標高点（測点）</type>
<alti>13</alti>
</ElevPt>
<ElevPt gml:id="K2_4696812144_1">
<fid>46968-12144-i-1304</fid>
<lfSpanFr gml:id="K2_4696812144_1-1">
<gml:timePosition>2020-08-27</gml:timePosition>
</lfSpanFr>
<devDate gml:id="K2_4696812144_1-2">
<gml:timePosition>2021-06-03</gml:timePosition>
</devDate>
<orgGILvl>25000</orgGILvl>
<vis>表示</vis>
<pos>
<gml:Point gml:id="K2_4696812144_1-g" srsName="fguuid:jgd2011.bl">
<gml:pos>33.735121944 130.472410833</gml:pos>
</gml:Point>
</pos>
<type>標高点（測点）</type>
<alti>16</alti>
</ElevPt>
<ElevPt gml:id="K2_4697112123_1">
<fid>46971-12123-i-586</fid>
<lfSpanFr gml:id="K2_4697112123_1-1">
<gml:timePosition>2018-08-06</gml:timePosition>
</lfSpanFr>
<devDate gml:id="K2_4697112123_1-2">
<gml:timePosition>2021-06-03</gml:timePosition>
</devDate>
<orgGILvl>25000</orgGILvl>
<vis>表示</vis>
<pos>
<gml:Point gml:id="K2_4697112123_1-g" srsName="fguuid:jgd2011.bl">
<gml:pos>33.682041111 130.481967500</gml:pos>
</gml:Point>
</pos>
<type>標高点（測点）</type>
<alti>148</alti>
</ElevPt>
<ElevPt gml:id="K2_4697112126_1">
<fid>46971-12126-i-1397</fid>
<lfSpanFr gml:id="K2_4697112126_1-1">
<gml:timePosition>2020-08-27</gml:timePosition>
</lfSpanFr>
<devDate gml:id="K2_4697112126_1-2">
<gml:timePosition>2021-06-03</gml:timePosition>
</devDate>
<orgGILvl>25000</orgGILvl>
<vis>表示</vis>
<pos>
<gml:Point gml:id="K2_4697112126_1-g" srsName="fguuid:jgd2011.bl">
<gml:pos>33.687630278 130.482835556</gml:pos>
</gml:Point>
</pos>
<type>標高点（測点）</type>
<alti>56</alti>
</ElevPt>
<ElevPt gml:id="K2_4697112141_1">
<fid>46971-12141-i-1135</fid>
<lfSpanFr gml:id="K2_4697112141_1-1">
<gml:timePosition>2020-08-27</gml:timePosition>
</lfSpanFr>
<devDate gml:id="K2_4697112141_1-2">
<gml:timePosition>2021-06-03</gml:timePosition>
</devDate>
<orgGILvl>25000</orgGILvl>
<vis>表示</vis>
<pos>
<gml:Point gml:id="K2_4697112141_1-g" srsName="fguuid:jgd2011.bl">
<gml:pos>33.728910611 130.479595222</gml:pos>
</gml:Point>
</pos>
<type>標高点（測点）</type>
<alti>16</alti>
</ElevPt>
<ElevPt gml:id="K2_4697412120_1">
<fid>46974-12120-i-1302</fid>
<lfSpanFr gml:id="K2_4697412120_1-1">
<gml:timePosition>2020-08-27</gml:timePosition>
</lfSpanFr>
<devDate gml:id="K2_4697412120_1-2">
<gml:timePosition>2021-06-03</gml:timePosition>
</devDate>
<orgGILvl>25000</orgGILvl>
<vis>表示</vis>
<pos>
<gml:Point gml:id="K2_4697412120_1-g" srsName="fguuid:jgd2011.bl">
<gml:pos>33.672160222 130.491514861</gml:pos>
</gml:Point>
</pos>
<type>標高点（測点）</type>
<alti>48</alti>
</ElevPt>
<ElevPt gml:id="K2_4697412120_2">
<fid>46974-12120-i-1559</fid>
<lfSpanFr gml:id="K2_4697412120_2-1">
<gml:timePosition>2020-08-27</gml:timePosition>
</lfSpanFr>
<devDate gml:id="K2_4697412120_2-2">
<gml:timePosition>2021-06-03</gml:timePosition>
</devDate>
<orgGILvl>25000</orgGILvl>
<vis>表示</vis>
<pos>
<gml:Point gml:id="K2_4697412120_2-g" srsName="fguuid:jgd2011.bl">
<gml:pos>33.669147248 130.485284358</gml:pos>
</gml:Point>
</pos>
<type>標高点（測点）</type>
<alti>32</alti>
</ElevPt>
<ElevPt gml:id="K2_4697412123_1">
<fid>46974-12123-i-956</fid>
<lfSpanFr gml:id="K2_4697412123_1-1">
<gml:timePosition>2020-08-27</gml:timePosition>
</lfSpanFr>
<devDate gml:id="K2_4697412123_1-2">
<gml:timePosition>2021-06-03</gml:timePosition>
</devDate>
<orgGILvl>25000</orgGILvl>
<vis>表示</vis>
<pos>
<gml:Point gml:id="K2_4697412123_1-g" srsName="fguuid:jgd2011.bl">
<gml:pos>33.676383889 130.484847500</gml:pos>
</gml:Point>
</pos>
<type>標高点（測点）</type>
<alti>48</alti>
</ElevPt>
<ElevPt gml:id="K2_4697412129_1">
<fid>46974-12129-i-682</fid>
<lfSpanFr gml:id="K2_4697412129_1-1">
<gml:timePosition>2018-08-06</gml:timePosition>
</lfSpanFr>
<devDate gml:id="K2_4697412129_1-2">
<gml:timePosition>2021-06-03</gml:timePosition>
</devDate>
<orgGILvl>25000</orgGILvl>
<vis>表示</vis>
<pos>
<gml:Point gml:id="K2_4697412129_1-g" srsName="fguuid:jgd2011.bl">
<gml:pos>33.696938333 130.491529167</gml:pos>
</gml:Point>
</pos>
<type>標高点（測点）</type>
<alti>67</alti>
</ElevPt>
<ElevPt gml:id="K2_4697412132_1">
<fid>46974-12132-i-111</fid>
<lfSpanFr gml:id="K2_4697412132_1-1">
<gml:timePosition>2014-06-04</gml:timePosition>
</lfSpanFr>
<devDate gml:id="K2_4697412132_1-2">
<gml:timePosition>2021-06-03</gml:timePosition>
</devDate>
<orgGILvl>25000</orgGILvl>
<vis>表示</vis>
<pos>
<gml:Point gml:id="K2_4697412132_1-g" srsName="fguuid:jgd2011.bl">
<gml:pos>33.707681944 130.489237778</gml:pos>
</gml:Point>
</pos>
<type>標高点（測点）</type>
<alti>64</alti>
</ElevPt>
<ElevPt gml:id="K2_4697412141_1">
<fid>46974-12141-i-931</fid>
<lfSpanFr gml:id="K2_4697412141_1-1">
<gml:timePosition>2020-08-27</gml:timePosition>
</lfSpanFr>
<devDate gml:id="K2_4697412141_1-2">
<gml:timePosition>2021-06-03</gml:timePosition>
</devDate>
<orgGILvl>25000</orgGILvl>
<vis>表示</vis>
<pos>
<gml:Point gml:id="K2_4697412141_1-g" srsName="fguuid:jgd2011.bl">
<gml:pos>33.730445278 130.488710000</gml:pos>
</gml:Point>
</pos>
<type>標高点（測点）</type>
<alti>22</alti>
</ElevPt>
<ElevPt gml:id="K2_4697412147_1">
<fid>46974-12147-i-1807</fid>
<lfSpanFr gml:id="K2_4697412147_1-1">
<gml:timePosition>2020-08-27</gml:timePosition>
</lfSpanFr>
<devDate gml:id="K2_4697412147_1-2">
<gml:timePosition>2021-06-03</gml:timePosition>
</devDate>
<orgGILvl>25000</orgGILvl>
<vis>表示</vis>
<pos>
<gml:Point gml:id="K2_4697412147_1-g" srsName="fguuid:jgd2011.bl">
<gml:pos>33.749631384 130.486908887</gml:pos>
</gml:Point>
</pos>
<type>標高点（測点）</type>
<alti>21</alti>
</ElevPt>
<ElevPt gml:id="K2_4697412147_2">
<fid>46974-12147-i-1808</fid>
<lfSpanFr gml:id="K2_4697412147_2-1">
<gml:timePosition>2020-08-27</gml:timePosition>
</lfSpanFr>
<devDate gml:id="K2_4697412147_2-2">
<gml:timePosition>2021-06-03</gml:timePosition>
</devDate>
<orgGILvl>25000</orgGILvl>
<vis>表示</vis>
<pos>
<gml:Point gml:id="K2_4697412147_2-g" srsName="fguuid:jgd2011.bl">
<gml:pos>33.743894556 130.487668278</gml:pos>
</gml:Point>
</pos>
<type>標高点（測点）</type>
<alti>22</alti>
</ElevPt>
<ElevPt gml:id="K2_4697412147_3">
<fid>46974-12147-i-1809</fid>
<lfSpanFr gml:id="K2_4697412147_3-1">
<gml:timePosition>2020-08-27</gml:timePosition>
</lfSpanFr>
<devDate gml:id="K2_4697412147_3-2">
<gml:timePosition>2021-06-03</gml:timePosition>
</devDate>
<orgGILvl>25000</orgGILvl>
<vis>表示</vis>
<pos>
<gml:Point gml:id="K2_4697412147_3-g" srsName="fguuid:jgd2011.bl">
<gml:pos>33.746146576 130.483823896</gml:pos>
</gml:Point>
</pos>
<type>標高点（測点）</type>
<alti>20</alti>
</ElevPt>
<ElevPt gml:id="K2_4697712123_1">
<fid>46977-12123-i-1210</fid>
<lfSpanFr gml:id="K2_4697712123_1-1">
<gml:timePosition>2020-08-27</gml:timePosition>
</lfSpanFr>
<devDate gml:id="K2_4697712123_1-2">
<gml:timePosition>2021-06-03</gml:timePosition>
</devDate>
<orgGILvl>25000</orgGILvl>
<vis>表示</vis>
<pos>
<gml:Point gml:id="K2_4697712123_1-g" srsName="fguuid:jgd2011.bl">
<gml:pos>33.677762778 130.491999444</gml:pos>
</gml:Point>
</pos>
<type>標高点（測点）</type>
<alti>152</alti>
</ElevPt>
<ElevPt gml:id="K2_4697712144_1">
<fid>46977-12144-i-899</fid>
<lfSpanFr gml:id="K2_4697712144_1-1">
<gml:timePosition>2020-08-27</gml:timePosition>
</lfSpanFr>
<devDate gml:id="K2_4697712144_1-2">
<gml:timePosition>2021-06-03</gml:timePosition>
</devDate>
<orgGILvl>25000</orgGILvl>
<vis>表示</vis>
<pos>
<gml:Point gml:id="K2_4697712144_1-g" srsName="fguuid:jgd2011.bl">
<gml:pos>33.734997222 130.498535278</gml:pos>
</gml:Point>
</pos>
<type>標高点（測点）</type>
<alti>60</alti>
</ElevPt>
</Dataset>
