<?xml version="1.0" encoding="utf-8"?>
<Dataset xsi:schemaLocation="http://fgd.gsi.go.jp/spec/2008/FGD_GMLSchema FGD_GMLSchema.xsd"
	xmlns:gml="http://www.opengis.net/gml/3.2"
	xmlns:xsi="http://www.w3.org/2001/XMLSchema-instance"
	xmlns:xlink="http://www.w3.org/1999/xlink"
	xmlns="http://fgd.gsi.go.jp/spec/2008/FGD_GMLSchema"
	gml:id="Dataset1">
  <gml:description>基盤地図情報メタデータ ID=fmdid:21-0701</gml:description>
  <gml:name>基盤地図情報ダウンロードデータ（GML版）</gml:name>
<GCP gml:id="K1_503043_1">
<fid>10-00100-0-2105-131134</fid>
<lfSpanFr gml:id="K1_503043_1-1">
<gml:timePosition>2021-05-19</gml:timePosition>
</lfSpanFr>
<devDate gml:id="K1_503043_1-2">
<gml:timePosition>2021-06-03</gml:timePosition>
</devDate>
<orgGILvl>KJ10</orgGILvl>
<vis>表示</vis>
<pos>
<gml:Point gml:id="K1_503043_1-g" srsName="fguuid:jgd2011.bl">
<gml:pos>33.730721472 130.476765528</gml:pos>
</gml:Point>
</pos>
<orgName>国土地理院</orgName>
<type>電子基準点</type>
<gcpClass>電子基準点</gcpClass>
<gcpCode>EL05030437802</gcpCode>
<name>古賀</name>
<B>121430.5973</B>
<L>469716.3559</L>
<alti>16.553</alti>
<altiAcc>3</altiAcc>
</GCP>
<GCP gml:id="K1_503043_2">
<fid>10-00100-0-2105-132445</fid>
<lfSpanFr gml:id="K1_503043_2-1">
<gml:timePosition>2021-05-19</gml:timePosition>
</lfSpanFr>
<devDate gml:id="K1_503043_2-2">
<gml:timePosition>2021-06-03</gml:timePosition>
</devDate>
<orgGILvl>KJ10</orgGILvl>
<vis>表示</vis>
<pos>
<gml:Point gml:id="K1_503043_2-g" srsName="fguuid:jgd2011.bl">
<gml:pos>33.730722111 130.476771972</gml:pos>
</gml:Point>
</pos>
<orgName>国土地理院</orgName>
<type>電子基準点</type>
<gcpClass>電子基準点</gcpClass>
<gcpCode>EL15030437801</gcpCode>
<name>古賀（付）</name>
<B>121430.5996</B>
<L>469716.3791</L>
<alti>11.535</alti>
<altiAcc>3</altiAcc>
</GCP>
<GCP gml:id="K1_503043_3">
<fid>10-00100-0-2105-135316</fid>
<lfSpanFr gml:id="K1_503043_3-1">
<gml:timePosition>2021-05-19</gml:timePosition>
</lfSpanFr>
<devDate gml:id="K1_503043_3-2">
<gml:timePosition>2021-06-03</gml:timePosition>
</devDate>
<orgGILvl>SJ11</orgGILvl>
<vis>表示</vis>
<pos>
<gml:Point gml:id="K1_503043_3-g" srsName="fguuid:jgd2011.bl">
<gml:pos>33.743879944 130.468750639</gml:pos>
</gml:Point>
</pos>
<orgName>国土地理院</orgName>
<type>水準点</type>
<gcpClass>一等水準点</gcpClass>
<gcpCode>L010000001806</gcpCode>
<name>１８０６</name>
<B>121477.9678</B>
<L>469687.5023</L>
<alti>7.9415</alti>
<altiAcc>4</altiAcc>
</GCP>
<GCP gml:id="K1_503043_4">
<fid>10-00100-0-2105-135317</fid>
<lfSpanFr gml:id="K1_503043_4-1">
<gml:timePosition>2021-05-19</gml:timePosition>
</lfSpanFr>
<devDate gml:id="K1_503043_4-2">
<gml:timePosition>2021-06-03</gml:timePosition>
</devDate>
<orgGILvl>SJ11</orgGILvl>
<vis>表示</vis>
<pos>
<gml:Point gml:id="K1_503043_4-g" srsName="fguuid:jgd2011.bl">
<gml:pos>33.728232167 130.460723889</gml:pos>
</gml:Point>
</pos>
<orgName>国土地理院</orgName>
<type>水準点</type>
<gcpClass>一等水準点</gcpClass>
<gcpCode>L010000001807</gcpCode>
<name>１８０７</name>
<B>121421.6358</B>
<L>469658.606</L>
<alti>5.217</alti>
<altiAcc>4</altiAcc>
</GCP>
<GCP gml:id="K1_503043_5">
<fid>10-00100-0-2105-135318</fid>
<lfSpanFr gml:id="K1_503043_5-1">
<gml:timePosition>2021-05-19</gml:timePosition>
</lfSpanFr>
<devDate gml:id="K1_503043_5-2">
<gml:timePosition>2021-06-03</gml:timePosition>
</devDate>
<orgGILvl>SJ11</orgGILvl>
<vis>表示</vis>
<pos>
<gml:Point gml:id="K1_503043_5-g" srsName="fguuid:jgd2011.bl">
<gml:pos>33.713381417 130.446092500</gml:pos>
</gml:Point>
</pos>
<orgName>国土地理院</orgName>
<type>水準点</type>
<gcpClass>一等水準点</gcpClass>
<gcpCode>L010000001808</gcpCode>
<name>１８０８</name>
<B>121368.1731</B>
<L>469605.933</L>
<alti>7.2256</alti>
<altiAcc>4</altiAcc>
</GCP>
<GCP gml:id="K1_503043_6">
<fid>10-00100-0-2105-135319</fid>
<lfSpanFr gml:id="K1_503043_6-1">
<gml:timePosition>2021-05-19</gml:timePosition>
</lfSpanFr>
<devDate gml:id="K1_503043_6-2">
<gml:timePosition>2021-06-03</gml:timePosition>
</devDate>
<orgGILvl>SJ11</orgGILvl>
<vis>表示</vis>
<pos>
<gml:Point gml:id="K1_503043_6-g" srsName="fguuid:jgd2011.bl">
<gml:pos>33.697793944 130.437474722</gml:pos>
</gml:Point>
</pos>
<orgName>国土地理院</orgName>
<type>水準点</type>
<gcpClass>一等水準点</gcpClass>
<gcpCode>L010000001809</gcpCode>
<name>１８０９</name>
<B>121312.0582</B>
<L>469574.909</L>
<alti>12.1199</alti>
<altiAcc>4</altiAcc>
</GCP>
<GCP gml:id="K1_503043_7">
<fid>10-00100-0-2105-135320</fid>
<lfSpanFr gml:id="K1_503043_7-1">
<gml:timePosition>2021-05-19</gml:timePosition>
</lfSpanFr>
<devDate gml:id="K1_503043_7-2">
<gml:timePosition>2021-06-03</gml:timePosition>
</devDate>
<orgGILvl>SJ11</orgGILvl>
<vis>表示</vis>
<pos>
<gml:Point gml:id="K1_503043_7-g" srsName="fguuid:jgd2011.bl">
<gml:pos>33.680958861 130.435739167</gml:pos>
</gml:Point>
</pos>
<orgName>国土地理院</orgName>
<type>水準点</type>
<gcpClass>一等水準点</gcpClass>
<gcpCode>L010000001810</gcpCode>
<name>１８１０</name>
<B>121251.4519</B>
<L>469568.661</L>
<alti>5.051</alti>
<altiAcc>4</altiAcc>
</GCP>
<GCP gml:id="K1_503043_8">
<fid>10-00100-0-2105-147380</fid>
<lfSpanFr gml:id="K1_503043_8-1">
<gml:timePosition>2021-05-19</gml:timePosition>
</lfSpanFr>
<devDate gml:id="K1_503043_8-2">
<gml:timePosition>2021-06-03</gml:timePosition>
</devDate>
<orgGILvl>SJ11</orgGILvl>
<vis>表示</vis>
<pos>
<gml:Point gml:id="K1_503043_8-g" srsName="fguuid:jgd2011.bl">
<gml:pos>33.721845250 130.455816389</gml:pos>
</gml:Point>
</pos>
<orgName>国土地理院</orgName>
<type>水準点</type>
<gcpClass>一等水準点</gcpClass>
<gcpCode>L04000003-063</gcpCode>
<name>００３－０６３</name>
<B>121398.6429</B>
<L>469640.939</L>
<alti>8.6923</alti>
<altiAcc>4</altiAcc>
</GCP>
<GCP gml:id="K1_503043_9">
<fid>10-00100-0-2105-147381</fid>
<lfSpanFr gml:id="K1_503043_9-1">
<gml:timePosition>2021-05-19</gml:timePosition>
</lfSpanFr>
<devDate gml:id="K1_503043_9-2">
<gml:timePosition>2021-06-03</gml:timePosition>
</devDate>
<orgGILvl>SJ11</orgGILvl>
<vis>表示</vis>
<pos>
<gml:Point gml:id="K1_503043_9-g" srsName="fguuid:jgd2011.bl">
<gml:pos>33.717263361 130.451850556</gml:pos>
</gml:Point>
</pos>
<orgName>国土地理院</orgName>
<type>水準点</type>
<gcpClass>一等水準点</gcpClass>
<gcpCode>L04000003-064</gcpCode>
<name>００３－０６４</name>
<B>121382.1481</B>
<L>469626.662</L>
<alti>7.3366</alti>
<altiAcc>4</altiAcc>
</GCP>
<GCP gml:id="K1_503043_10">
<fid>10-00100-0-2105-150333</fid>
<lfSpanFr gml:id="K1_503043_10-1">
<gml:timePosition>2021-05-19</gml:timePosition>
</lfSpanFr>
<devDate gml:id="K1_503043_10-2">
<gml:timePosition>2021-06-03</gml:timePosition>
</devDate>
<orgGILvl>SJ12</orgGILvl>
<vis>表示</vis>
<pos>
<gml:Point gml:id="K1_503043_10-g" srsName="fguuid:jgd2011.bl">
<gml:pos>33.730722111 130.476771972</gml:pos>
</gml:Point>
</pos>
<orgName>国土地理院</orgName>
<type>水準点</type>
<gcpClass>二等水準点</gcpClass>
<gcpCode>L0E000940087A</gcpCode>
<name>９４００８７Ａ</name>
<B>121430.5996</B>
<L>469716.3791</L>
<alti>11.535</alti>
<altiAcc>3</altiAcc>
</GCP>
<GCP gml:id="K1_503043_11">
<fid>10-00100-0-2105-152895</fid>
<lfSpanFr gml:id="K1_503043_11-1">
<gml:timePosition>2021-05-19</gml:timePosition>
</lfSpanFr>
<devDate gml:id="K1_503043_11-2">
<gml:timePosition>2021-06-03</gml:timePosition>
</devDate>
<orgGILvl>KJ12</orgGILvl>
<vis>表示</vis>
<pos>
<gml:Point gml:id="K1_503043_11-g" srsName="fguuid:jgd2011.bl">
<gml:pos>33.679722806 130.468313833</gml:pos>
</gml:Point>
</pos>
<orgName>国土地理院</orgName>
<type>三角点</type>
<gcpClass>二等三角点</gcpClass>
<gcpCode>TR25030431701</gcpCode>
<name>立花山</name>
<B>121247.0021</B>
<L>469685.9298</L>
<alti>367.04</alti>
<altiAcc>2</altiAcc>
</GCP>
<GCP gml:id="K1_503043_12">
<fid>10-00100-0-2105-152896</fid>
<lfSpanFr gml:id="K1_503043_12-1">
<gml:timePosition>2021-05-19</gml:timePosition>
</lfSpanFr>
<devDate gml:id="K1_503043_12-2">
<gml:timePosition>2021-06-03</gml:timePosition>
</devDate>
<orgGILvl>KJ12</orgGILvl>
<vis>表示</vis>
<pos>
<gml:Point gml:id="K1_503043_12-g" srsName="fguuid:jgd2011.bl">
<gml:pos>33.690925333 130.411095361</gml:pos>
</gml:Point>
</pos>
<orgName>国土地理院</orgName>
<type>三角点</type>
<gcpClass>二等三角点</gcpClass>
<gcpCode>TR25030432201</gcpCode>
<name>奈多</name>
<B>121287.3312</B>
<L>469479.9433</L>
<alti>16.41</alti>
<altiAcc>2</altiAcc>
</GCP>
<GCP gml:id="K1_503043_13">
<fid>10-00100-0-2105-161160</fid>
<lfSpanFr gml:id="K1_503043_13-1">
<gml:timePosition>2021-05-19</gml:timePosition>
</lfSpanFr>
<devDate gml:id="K1_503043_13-2">
<gml:timePosition>2021-06-03</gml:timePosition>
</devDate>
<orgGILvl>KJ13</orgGILvl>
<vis>表示</vis>
<pos>
<gml:Point gml:id="K1_503043_13-g" srsName="fguuid:jgd2011.bl">
<gml:pos>33.668771389 130.494980750</gml:pos>
</gml:Point>
</pos>
<orgName>国土地理院</orgName>
<type>三角点</type>
<gcpClass>三等三角点</gcpClass>
<gcpCode>TR35030430901</gcpCode>
<name>内ノ木</name>
<B>121207.577</B>
<L>469781.9307</L>
<alti>162.8</alti>
<altiAcc>2</altiAcc>
</GCP>
<GCP gml:id="K1_503043_14">
<fid>10-00100-0-2105-161161</fid>
<lfSpanFr gml:id="K1_503043_14-1">
<gml:timePosition>2021-05-19</gml:timePosition>
</lfSpanFr>
<devDate gml:id="K1_503043_14-2">
<gml:timePosition>2021-06-03</gml:timePosition>
</devDate>
<orgGILvl>KJ13</orgGILvl>
<vis>表示</vis>
<pos>
<gml:Point gml:id="K1_503043_14-g" srsName="fguuid:jgd2011.bl">
<gml:pos>33.679605306 130.448232417</gml:pos>
</gml:Point>
</pos>
<orgName>国土地理院</orgName>
<type>三角点</type>
<gcpClass>三等三角点</gcpClass>
<gcpCode>TR35030431501</gcpCode>
<name>丸尾</name>
<B>121246.5791</B>
<L>469613.6367</L>
<alti>100.63</alti>
<altiAcc>2</altiAcc>
</GCP>
<GCP gml:id="K1_503043_15">
<fid>10-00100-0-2105-161162</fid>
<lfSpanFr gml:id="K1_503043_15-1">
<gml:timePosition>2021-05-19</gml:timePosition>
</lfSpanFr>
<devDate gml:id="K1_503043_15-2">
<gml:timePosition>2021-06-03</gml:timePosition>
</devDate>
<orgGILvl>KJ13</orgGILvl>
<vis>表示</vis>
<pos>
<gml:Point gml:id="K1_503043_15-g" srsName="fguuid:jgd2011.bl">
<gml:pos>33.706465167 130.432441139</gml:pos>
</gml:Point>
</pos>
<orgName>国土地理院</orgName>
<type>三角点</type>
<gcpClass>三等三角点</gcpClass>
<gcpCode>TR35030434401</gcpCode>
<name>四十ヶ浦</name>
<B>121343.2746</B>
<L>469556.7881</L>
<alti>56.48</alti>
<altiAcc>2</altiAcc>
</GCP>
<GCP gml:id="K1_503043_16">
<fid>10-00100-0-2105-161163</fid>
<lfSpanFr gml:id="K1_503043_16-1">
<gml:timePosition>2021-05-19</gml:timePosition>
</lfSpanFr>
<devDate gml:id="K1_503043_16-2">
<gml:timePosition>2021-06-03</gml:timePosition>
</devDate>
<orgGILvl>KJ13</orgGILvl>
<vis>表示</vis>
<pos>
<gml:Point gml:id="K1_503043_16-g" srsName="fguuid:jgd2011.bl">
<gml:pos>33.702838167 130.491698944</gml:pos>
</gml:Point>
</pos>
<orgName>国土地理院</orgName>
<type>三角点</type>
<gcpClass>三等三角点</gcpClass>
<gcpCode>TR35030434902</gcpCode>
<name>砥石ヶ浦</name>
<B>121330.2174</B>
<L>469770.1162</L>
<alti>90.74</alti>
<altiAcc>2</altiAcc>
</GCP>
<GCP gml:id="K1_503043_17">
<fid>10-00100-0-2105-161164</fid>
<lfSpanFr gml:id="K1_503043_17-1">
<gml:timePosition>2021-05-19</gml:timePosition>
</lfSpanFr>
<devDate gml:id="K1_503043_17-2">
<gml:timePosition>2021-06-03</gml:timePosition>
</devDate>
<orgGILvl>KJ13</orgGILvl>
<vis>表示</vis>
<pos>
<gml:Point gml:id="K1_503043_17-g" srsName="fguuid:jgd2011.bl">
<gml:pos>33.726796639 130.499841528</gml:pos>
</gml:Point>
</pos>
<orgName>国土地理院</orgName>
<type>三角点</type>
<gcpClass>三等三角点</gcpClass>
<gcpCode>TR35030437901</gcpCode>
<name>医王寺山</name>
<B>121416.4679</B>
<L>469799.4295</L>
<alti>89.46</alti>
<altiAcc>2</altiAcc>
</GCP>
<GCP gml:id="K1_503043_18">
<fid>10-00100-0-2105-200925</fid>
<lfSpanFr gml:id="K1_503043_18-1">
<gml:timePosition>2021-05-19</gml:timePosition>
</lfSpanFr>
<devDate gml:id="K1_503043_18-2">
<gml:timePosition>2021-06-03</gml:timePosition>
</devDate>
<orgGILvl>KJ14</orgGILvl>
<vis>表示</vis>
<pos>
<gml:Point gml:id="K1_503043_18-g" srsName="fguuid:jgd2011.bl">
<gml:pos>33.668970667 130.470979861</gml:pos>
</gml:Point>
</pos>
<orgName>国土地理院</orgName>
<type>三角点</type>
<gcpClass>四等三角点</gcpClass>
<gcpCode>TR45030430701</gcpCode>
<name>伏谷</name>
<B>121208.2944</B>
<L>469695.5275</L>
<alti>246.3</alti>
<altiAcc>2</altiAcc>
</GCP>
<GCP gml:id="K1_503043_19">
<fid>10-00100-0-2105-200926</fid>
<lfSpanFr gml:id="K1_503043_19-1">
<gml:timePosition>2021-05-19</gml:timePosition>
</lfSpanFr>
<devDate gml:id="K1_503043_19-2">
<gml:timePosition>2021-06-03</gml:timePosition>
</devDate>
<orgGILvl>KJ14</orgGILvl>
<vis>表示</vis>
<pos>
<gml:Point gml:id="K1_503043_19-g" srsName="fguuid:jgd2011.bl">
<gml:pos>33.674076917 130.481407056</gml:pos>
</gml:Point>
</pos>
<orgName>国土地理院</orgName>
<type>三角点</type>
<gcpClass>四等三角点</gcpClass>
<gcpCode>TR45030430801</gcpCode>
<name>大谷</name>
<B>121226.6769</B>
<L>469733.0654</L>
<alti>78.01</alti>
<altiAcc>2</altiAcc>
</GCP>
<GCP gml:id="K1_503043_20">
<fid>10-00100-0-2105-200927</fid>
<lfSpanFr gml:id="K1_503043_20-1">
<gml:timePosition>2021-05-19</gml:timePosition>
</lfSpanFr>
<devDate gml:id="K1_503043_20-2">
<gml:timePosition>2021-06-03</gml:timePosition>
</devDate>
<orgGILvl>KJ14</orgGILvl>
<vis>表示</vis>
<pos>
<gml:Point gml:id="K1_503043_20-g" srsName="fguuid:jgd2011.bl">
<gml:pos>33.687428306 130.492755528</gml:pos>
</gml:Point>
</pos>
<orgName>国土地理院</orgName>
<type>三角点</type>
<gcpClass>四等三角点</gcpClass>
<gcpCode>TR45030432901</gcpCode>
<name>寺浦</name>
<B>121274.7419</B>
<L>469773.9199</L>
<alti>91.77</alti>
<altiAcc>2</altiAcc>
</GCP>
<GCP gml:id="K1_503043_21">
<fid>10-00100-0-2105-200928</fid>
<lfSpanFr gml:id="K1_503043_21-1">
<gml:timePosition>2021-05-19</gml:timePosition>
</lfSpanFr>
<devDate gml:id="K1_503043_21-2">
<gml:timePosition>2021-06-03</gml:timePosition>
</devDate>
<orgGILvl>KJ14</orgGILvl>
<vis>表示</vis>
<pos>
<gml:Point gml:id="K1_503043_21-g" srsName="fguuid:jgd2011.bl">
<gml:pos>33.697923472 130.458488944</gml:pos>
</gml:Point>
</pos>
<orgName>国土地理院</orgName>
<type>三角点</type>
<gcpClass>四等三角点</gcpClass>
<gcpCode>TR45030433601</gcpCode>
<name>三代</name>
<B>121312.5245</B>
<L>469650.5602</L>
<alti>14.5</alti>
<altiAcc>2</altiAcc>
</GCP>
<GCP gml:id="K1_503043_22">
<fid>10-00100-0-2105-200929</fid>
<lfSpanFr gml:id="K1_503043_22-1">
<gml:timePosition>2021-05-19</gml:timePosition>
</lfSpanFr>
<devDate gml:id="K1_503043_22-2">
<gml:timePosition>2021-06-03</gml:timePosition>
</devDate>
<orgGILvl>KJ14</orgGILvl>
<vis>表示</vis>
<pos>
<gml:Point gml:id="K1_503043_22-g" srsName="fguuid:jgd2011.bl">
<gml:pos>33.694229333 130.472173889</gml:pos>
</gml:Point>
</pos>
<orgName>国土地理院</orgName>
<type>三角点</type>
<gcpClass>四等三角点</gcpClass>
<gcpCode>TR45030433701</gcpCode>
<name>前岳</name>
<B>121299.2256</B>
<L>469699.826</L>
<alti>159.53</alti>
<altiAcc>2</altiAcc>
</GCP>
<GCP gml:id="K1_503043_23">
<fid>10-00100-0-2105-200930</fid>
<lfSpanFr gml:id="K1_503043_23-1">
<gml:timePosition>2021-05-19</gml:timePosition>
</lfSpanFr>
<devDate gml:id="K1_503043_23-2">
<gml:timePosition>2021-06-03</gml:timePosition>
</devDate>
<orgGILvl>KJ14</orgGILvl>
<vis>表示</vis>
<pos>
<gml:Point gml:id="K1_503043_23-g" srsName="fguuid:jgd2011.bl">
<gml:pos>33.707586861 130.496694472</gml:pos>
</gml:Point>
</pos>
<orgName>国土地理院</orgName>
<type>三角点</type>
<gcpClass>四等三角点</gcpClass>
<gcpCode>TR45030434901</gcpCode>
<name>良仙寺</name>
<B>121347.3127</B>
<L>469788.1001</L>
<alti>73.28</alti>
<altiAcc>2</altiAcc>
</GCP>
<GCP gml:id="K1_503043_24">
<fid>10-00100-0-2105-200931</fid>
<lfSpanFr gml:id="K1_503043_24-1">
<gml:timePosition>2021-05-19</gml:timePosition>
</lfSpanFr>
<devDate gml:id="K1_503043_24-2">
<gml:timePosition>2021-06-03</gml:timePosition>
</devDate>
<orgGILvl>KJ14</orgGILvl>
<vis>表示</vis>
<pos>
<gml:Point gml:id="K1_503043_24-g" srsName="fguuid:jgd2011.bl">
<gml:pos>33.708977944 130.444864833</gml:pos>
</gml:Point>
</pos>
<orgName>国土地理院</orgName>
<type>三角点</type>
<gcpClass>四等三角点</gcpClass>
<gcpCode>TR45030435501</gcpCode>
<name>汐入</name>
<B>121352.3206</B>
<L>469601.5134</L>
<alti>4.04</alti>
<altiAcc>2</altiAcc>
</GCP>
<GCP gml:id="K1_503043_25">
<fid>10-00100-0-2105-200932</fid>
<lfSpanFr gml:id="K1_503043_25-1">
<gml:timePosition>2021-05-19</gml:timePosition>
</lfSpanFr>
<devDate gml:id="K1_503043_25-2">
<gml:timePosition>2021-06-03</gml:timePosition>
</devDate>
<orgGILvl>KJ14</orgGILvl>
<vis>表示</vis>
<pos>
<gml:Point gml:id="K1_503043_25-g" srsName="fguuid:jgd2011.bl">
<gml:pos>33.714821861 130.459134444</gml:pos>
</gml:Point>
</pos>
<orgName>国土地理院</orgName>
<type>三角点</type>
<gcpClass>四等三角点</gcpClass>
<gcpCode>TR45030435601</gcpCode>
<name>上府</name>
<B>121373.3587</B>
<L>469652.884</L>
<alti>14.59</alti>
<altiAcc>2</altiAcc>
</GCP>
<GCP gml:id="K1_503043_26">
<fid>10-00100-0-2105-200933</fid>
<lfSpanFr gml:id="K1_503043_26-1">
<gml:timePosition>2021-05-19</gml:timePosition>
</lfSpanFr>
<devDate gml:id="K1_503043_26-2">
<gml:timePosition>2021-06-03</gml:timePosition>
</devDate>
<orgGILvl>KJ14</orgGILvl>
<vis>表示</vis>
<pos>
<gml:Point gml:id="K1_503043_26-g" srsName="fguuid:jgd2011.bl">
<gml:pos>33.708814806 130.470830417</gml:pos>
</gml:Point>
</pos>
<orgName>国土地理院</orgName>
<type>三角点</type>
<gcpClass>四等三角点</gcpClass>
<gcpCode>TR45030435701</gcpCode>
<name>嶽越山</name>
<B>121351.7333</B>
<L>469694.9895</L>
<alti>118.81</alti>
<altiAcc>2</altiAcc>
</GCP>
<GCP gml:id="K1_503043_27">
<fid>10-00100-0-2105-200934</fid>
<lfSpanFr gml:id="K1_503043_27-1">
<gml:timePosition>2021-05-19</gml:timePosition>
</lfSpanFr>
<devDate gml:id="K1_503043_27-2">
<gml:timePosition>2021-06-03</gml:timePosition>
</devDate>
<orgGILvl>KJ14</orgGILvl>
<vis>表示</vis>
<pos>
<gml:Point gml:id="K1_503043_27-g" srsName="fguuid:jgd2011.bl">
<gml:pos>33.712759917 130.486733639</gml:pos>
</gml:Point>
</pos>
<orgName>国土地理院</orgName>
<type>三角点</type>
<gcpClass>四等三角点</gcpClass>
<gcpCode>TR45030435802</gcpCode>
<name>道田</name>
<B>121365.9357</B>
<L>469752.2411</L>
<alti>30.85</alti>
<altiAcc>2</altiAcc>
</GCP>
<GCP gml:id="K1_503043_28">
<fid>10-00100-0-2105-200935</fid>
<lfSpanFr gml:id="K1_503043_28-1">
<gml:timePosition>2021-05-19</gml:timePosition>
</lfSpanFr>
<devDate gml:id="K1_503043_28-2">
<gml:timePosition>2021-06-03</gml:timePosition>
</devDate>
<orgGILvl>KJ14</orgGILvl>
<vis>表示</vis>
<pos>
<gml:Point gml:id="K1_503043_28-g" srsName="fguuid:jgd2011.bl">
<gml:pos>33.717130361 130.422569639</gml:pos>
</gml:Point>
</pos>
<orgName>国土地理院</orgName>
<type>三角点</type>
<gcpClass>四等三角点</gcpClass>
<gcpCode>TR45030436301</gcpCode>
<name>磯崎</name>
<B>121381.6693</B>
<L>469521.2507</L>
<alti>60.07</alti>
<altiAcc>2</altiAcc>
</GCP>
<GCP gml:id="K1_503043_29">
<fid>10-00100-0-2105-200936</fid>
<lfSpanFr gml:id="K1_503043_29-1">
<gml:timePosition>2021-05-19</gml:timePosition>
</lfSpanFr>
<devDate gml:id="K1_503043_29-2">
<gml:timePosition>2021-06-03</gml:timePosition>
</devDate>
<orgGILvl>KJ14</orgGILvl>
<vis>表示</vis>
<pos>
<gml:Point gml:id="K1_503043_29-g" srsName="fguuid:jgd2011.bl">
<gml:pos>33.719647167 130.443221056</gml:pos>
</gml:Point>
</pos>
<orgName>国土地理院</orgName>
<type>三角点</type>
<gcpClass>四等三角点</gcpClass>
<gcpCode>TR45030436501</gcpCode>
<name>下府</name>
<B>121390.7298</B>
<L>469595.5958</L>
<alti>15.55</alti>
<altiAcc>2</altiAcc>
</GCP>
<GCP gml:id="K1_503043_30">
<fid>10-00100-0-2105-200937</fid>
<lfSpanFr gml:id="K1_503043_30-1">
<gml:timePosition>2021-05-19</gml:timePosition>
</lfSpanFr>
<devDate gml:id="K1_503043_30-2">
<gml:timePosition>2021-06-03</gml:timePosition>
</devDate>
<orgGILvl>KJ14</orgGILvl>
<vis>表示</vis>
<pos>
<gml:Point gml:id="K1_503043_30-g" srsName="fguuid:jgd2011.bl">
<gml:pos>33.724055778 130.467075278</gml:pos>
</gml:Point>
</pos>
<orgName>国土地理院</orgName>
<type>三角点</type>
<gcpClass>四等三角点</gcpClass>
<gcpCode>TR45030436702</gcpCode>
<name>鹿部山</name>
<B>121406.6008</B>
<L>469681.471</L>
<alti>54.77</alti>
<altiAcc>2</altiAcc>
</GCP>
<GCP gml:id="K1_503043_31">
<fid>10-00100-0-2105-200938</fid>
<lfSpanFr gml:id="K1_503043_31-1">
<gml:timePosition>2021-05-19</gml:timePosition>
</lfSpanFr>
<devDate gml:id="K1_503043_31-2">
<gml:timePosition>2021-06-03</gml:timePosition>
</devDate>
<orgGILvl>KJ14</orgGILvl>
<vis>表示</vis>
<pos>
<gml:Point gml:id="K1_503043_31-g" srsName="fguuid:jgd2011.bl">
<gml:pos>33.732860500 130.458770083</gml:pos>
</gml:Point>
</pos>
<orgName>国土地理院</orgName>
<type>三角点</type>
<gcpClass>四等三角点</gcpClass>
<gcpCode>TR45030437601</gcpCode>
<name>花鶴が丘公園</name>
<B>121438.2978</B>
<L>469651.5723</L>
<alti>2.92</alti>
<altiAcc>2</altiAcc>
</GCP>
<GCP gml:id="K1_503043_32">
<fid>10-00100-0-2105-200939</fid>
<lfSpanFr gml:id="K1_503043_32-1">
<gml:timePosition>2021-05-19</gml:timePosition>
</lfSpanFr>
<devDate gml:id="K1_503043_32-2">
<gml:timePosition>2021-06-03</gml:timePosition>
</devDate>
<orgGILvl>KJ14</orgGILvl>
<vis>表示</vis>
<pos>
<gml:Point gml:id="K1_503043_32-g" srsName="fguuid:jgd2011.bl">
<gml:pos>33.740439528 130.479808611</gml:pos>
</gml:Point>
</pos>
<orgName>国土地理院</orgName>
<type>三角点</type>
<gcpClass>四等三角点</gcpClass>
<gcpCode>TR45030438801</gcpCode>
<name>千鳥</name>
<B>121465.5823</B>
<L>469727.311</L>
<alti>19.34</alti>
<altiAcc>2</altiAcc>
</GCP>
<GCP gml:id="K1_503043_33">
<fid>10-00100-0-2105-200940</fid>
<lfSpanFr gml:id="K1_503043_33-1">
<gml:timePosition>2021-05-19</gml:timePosition>
</lfSpanFr>
<devDate gml:id="K1_503043_33-2">
<gml:timePosition>2021-06-03</gml:timePosition>
</devDate>
<orgGILvl>KJ14</orgGILvl>
<vis>表示</vis>
<pos>
<gml:Point gml:id="K1_503043_33-g" srsName="fguuid:jgd2011.bl">
<gml:pos>33.745910417 130.464112472</gml:pos>
</gml:Point>
</pos>
<orgName>国土地理院</orgName>
<type>三角点</type>
<gcpClass>四等三角点</gcpClass>
<gcpCode>TR45030439702</gcpCode>
<name>花見</name>
<B>121485.2775</B>
<L>469670.8049</L>
<alti>3.18</alti>
<altiAcc>2</altiAcc>
</GCP>
<GCP gml:id="K1_503043_34">
<fid>10-00100-0-2105-200941</fid>
<lfSpanFr gml:id="K1_503043_34-1">
<gml:timePosition>2021-05-19</gml:timePosition>
</lfSpanFr>
<devDate gml:id="K1_503043_34-2">
<gml:timePosition>2021-06-03</gml:timePosition>
</devDate>
<orgGILvl>KJ14</orgGILvl>
<vis>表示</vis>
<pos>
<gml:Point gml:id="K1_503043_34-g" srsName="fguuid:jgd2011.bl">
<gml:pos>33.748465139 130.490240333</gml:pos>
</gml:Point>
</pos>
<orgName>国土地理院</orgName>
<type>三角点</type>
<gcpClass>四等三角点</gcpClass>
<gcpCode>TR45030439901</gcpCode>
<name>有弥の里</name>
<B>121494.4745</B>
<L>469764.8652</L>
<alti>30.8</alti>
<altiAcc>2</altiAcc>
</GCP>
</Dataset>
