<?xml version="1.0" encoding="utf-8"?>
<Dataset xsi:schemaLocation="http://fgd.gsi.go.jp/spec/2008/FGD_GMLSchema FGD_GMLSchema.xsd"
	xmlns:gml="http://www.opengis.net/gml/3.2"
	xmlns:xsi="http://www.w3.org/2001/XMLSchema-instance"
	xmlns:xlink="http://www.w3.org/1999/xlink"
	xmlns="http://fgd.gsi.go.jp/spec/2008/FGD_GMLSchema"
	gml:id="Dataset1">
  <gml:description>基盤地図情報メタデータ ID=fmdid:21-0701</gml:description>
  <gml:name>基盤地図情報ダウンロードデータ（GML版）</gml:name>
<SBAPt gml:id="K11_4695012120_1">
<fid>46950-12120-i-641</fid>
<lfSpanFr gml:id="K11_4695012120_1-1">
<gml:timePosition>2018-08-06</gml:timePosition>
</lfSpanFr>
<devDate gml:id="K11_4695012120_1-2">
<gml:timePosition>2021-06-03</gml:timePosition>
</devDate>
<orgGILvl>2500</orgGILvl>
<vis>表示</vis>
<pos>
<gml:Point gml:id="K11_4695012120_1-g" srsName="fguuid:jgd2011.bl">
<gml:pos>33.667934000 130.423188000</gml:pos>
</gml:Point>
</pos>
<sbaNo>2</sbaNo>
</SBAPt>
<SBAPt gml:id="K11_4695012120_2">
<fid>46950-12120-i-642</fid>
<lfSpanFr gml:id="K11_4695012120_2-1">
<gml:timePosition>2018-08-06</gml:timePosition>
</lfSpanFr>
<devDate gml:id="K11_4695012120_2-2">
<gml:timePosition>2021-06-03</gml:timePosition>
</devDate>
<orgGILvl>2500</orgGILvl>
<vis>表示</vis>
<pos>
<gml:Point gml:id="K11_4695012120_2-g" srsName="fguuid:jgd2011.bl">
<gml:pos>33.666680040 130.423692611</gml:pos>
</gml:Point>
</pos>
<sbaNo>6</sbaNo>
</SBAPt>
<SBAPt gml:id="K11_4695312120_1">
<fid>46953-12120-i-8491</fid>
<lfSpanFr gml:id="K11_4695312120_1-1">
<gml:timePosition>2020-08-27</gml:timePosition>
</lfSpanFr>
<devDate gml:id="K11_4695312120_1-2">
<gml:timePosition>2021-06-03</gml:timePosition>
</devDate>
<orgGILvl>2500</orgGILvl>
<vis>表示</vis>
<pos>
<gml:Point gml:id="K11_4695312120_1-g" srsName="fguuid:jgd2011.bl">
<gml:pos>33.669268329 130.433162135</gml:pos>
</gml:Point>
</pos>
<sbaNo>1</sbaNo>
</SBAPt>
<SBAPt gml:id="K11_4695312120_2">
<fid>46953-12120-i-8492</fid>
<lfSpanFr gml:id="K11_4695312120_2-1">
<gml:timePosition>2020-08-27</gml:timePosition>
</lfSpanFr>
<devDate gml:id="K11_4695312120_2-2">
<gml:timePosition>2021-06-03</gml:timePosition>
</devDate>
<orgGILvl>2500</orgGILvl>
<vis>表示</vis>
<pos>
<gml:Point gml:id="K11_4695312120_2-g" srsName="fguuid:jgd2011.bl">
<gml:pos>33.673377335 130.429346657</gml:pos>
</gml:Point>
</pos>
<sbaNo>3</sbaNo>
</SBAPt>
<SBAPt gml:id="K11_4695312120_3">
<fid>46953-12120-i-8493</fid>
<lfSpanFr gml:id="K11_4695312120_3-1">
<gml:timePosition>2020-08-27</gml:timePosition>
</lfSpanFr>
<devDate gml:id="K11_4695312120_3-2">
<gml:timePosition>2021-06-03</gml:timePosition>
</devDate>
<orgGILvl>2500</orgGILvl>
<vis>表示</vis>
<pos>
<gml:Point gml:id="K11_4695312120_3-g" srsName="fguuid:jgd2011.bl">
<gml:pos>33.672914000 130.429159000</gml:pos>
</gml:Point>
</pos>
<sbaNo>2</sbaNo>
</SBAPt>
<SBAPt gml:id="K11_4695312120_4">
<fid>46953-12120-i-8494</fid>
<lfSpanFr gml:id="K11_4695312120_4-1">
<gml:timePosition>2020-08-27</gml:timePosition>
</lfSpanFr>
<devDate gml:id="K11_4695312120_4-2">
<gml:timePosition>2021-06-03</gml:timePosition>
</devDate>
<orgGILvl>2500</orgGILvl>
<vis>表示</vis>
<pos>
<gml:Point gml:id="K11_4695312120_4-g" srsName="fguuid:jgd2011.bl">
<gml:pos>33.672645000 130.428565000</gml:pos>
</gml:Point>
</pos>
<sbaNo>1</sbaNo>
</SBAPt>
<SBAPt gml:id="K11_4695312120_5">
<fid>46953-12120-i-8495</fid>
<lfSpanFr gml:id="K11_4695312120_5-1">
<gml:timePosition>2020-08-27</gml:timePosition>
</lfSpanFr>
<devDate gml:id="K11_4695312120_5-2">
<gml:timePosition>2021-06-03</gml:timePosition>
</devDate>
<orgGILvl>2500</orgGILvl>
<vis>表示</vis>
<pos>
<gml:Point gml:id="K11_4695312120_5-g" srsName="fguuid:jgd2011.bl">
<gml:pos>33.674076000 130.428388000</gml:pos>
</gml:Point>
</pos>
<sbaNo>6</sbaNo>
</SBAPt>
<SBAPt gml:id="K11_4695312120_6">
<fid>46953-12120-i-8496</fid>
<lfSpanFr gml:id="K11_4695312120_6-1">
<gml:timePosition>2020-08-27</gml:timePosition>
</lfSpanFr>
<devDate gml:id="K11_4695312120_6-2">
<gml:timePosition>2021-06-03</gml:timePosition>
</devDate>
<orgGILvl>2500</orgGILvl>
<vis>表示</vis>
<pos>
<gml:Point gml:id="K11_4695312120_6-g" srsName="fguuid:jgd2011.bl">
<gml:pos>33.674022000 130.429203000</gml:pos>
</gml:Point>
</pos>
<sbaNo>5</sbaNo>
</SBAPt>
<SBAPt gml:id="K11_4695312120_7">
<fid>46953-12120-i-8497</fid>
<lfSpanFr gml:id="K11_4695312120_7-1">
<gml:timePosition>2020-08-27</gml:timePosition>
</lfSpanFr>
<devDate gml:id="K11_4695312120_7-2">
<gml:timePosition>2021-06-03</gml:timePosition>
</devDate>
<orgGILvl>2500</orgGILvl>
<vis>表示</vis>
<pos>
<gml:Point gml:id="K11_4695312120_7-g" srsName="fguuid:jgd2011.bl">
<gml:pos>33.673452000 130.430006000</gml:pos>
</gml:Point>
</pos>
<sbaNo>4</sbaNo>
</SBAPt>
<SBAPt gml:id="K11_4695312120_8">
<fid>46953-12120-i-8498</fid>
<lfSpanFr gml:id="K11_4695312120_8-1">
<gml:timePosition>2020-08-27</gml:timePosition>
</lfSpanFr>
<devDate gml:id="K11_4695312120_8-2">
<gml:timePosition>2021-06-03</gml:timePosition>
</devDate>
<orgGILvl>2500</orgGILvl>
<vis>表示</vis>
<pos>
<gml:Point gml:id="K11_4695312120_8-g" srsName="fguuid:jgd2011.bl">
<gml:pos>33.671572000 130.428731000</gml:pos>
</gml:Point>
</pos>
<sbaNo>42</sbaNo>
</SBAPt>
<SBAPt gml:id="K11_4695312120_9">
<fid>46953-12120-i-8499</fid>
<lfSpanFr gml:id="K11_4695312120_9-1">
<gml:timePosition>2020-08-27</gml:timePosition>
</lfSpanFr>
<devDate gml:id="K11_4695312120_9-2">
<gml:timePosition>2021-06-03</gml:timePosition>
</devDate>
<orgGILvl>2500</orgGILvl>
<vis>表示</vis>
<pos>
<gml:Point gml:id="K11_4695312120_9-g" srsName="fguuid:jgd2011.bl">
<gml:pos>33.670838000 130.429410000</gml:pos>
</gml:Point>
</pos>
<sbaNo>41</sbaNo>
</SBAPt>
<SBAPt gml:id="K11_4695312120_10">
<fid>46953-12120-i-8500</fid>
<lfSpanFr gml:id="K11_4695312120_10-1">
<gml:timePosition>2020-08-27</gml:timePosition>
</lfSpanFr>
<devDate gml:id="K11_4695312120_10-2">
<gml:timePosition>2021-06-03</gml:timePosition>
</devDate>
<orgGILvl>2500</orgGILvl>
<vis>表示</vis>
<pos>
<gml:Point gml:id="K11_4695312120_10-g" srsName="fguuid:jgd2011.bl">
<gml:pos>33.670750000 130.429115000</gml:pos>
</gml:Point>
</pos>
<sbaNo>40</sbaNo>
</SBAPt>
<SBAPt gml:id="K11_4695312120_11">
<fid>46953-12120-i-8501</fid>
<lfSpanFr gml:id="K11_4695312120_11-1">
<gml:timePosition>2020-08-27</gml:timePosition>
</lfSpanFr>
<devDate gml:id="K11_4695312120_11-2">
<gml:timePosition>2021-06-03</gml:timePosition>
</devDate>
<orgGILvl>2500</orgGILvl>
<vis>表示</vis>
<pos>
<gml:Point gml:id="K11_4695312120_11-g" srsName="fguuid:jgd2011.bl">
<gml:pos>33.668573000 130.431262000</gml:pos>
</gml:Point>
</pos>
<sbaNo>34</sbaNo>
</SBAPt>
<SBAPt gml:id="K11_4695312120_12">
<fid>46953-12120-i-8502</fid>
<lfSpanFr gml:id="K11_4695312120_12-1">
<gml:timePosition>2020-08-27</gml:timePosition>
</lfSpanFr>
<devDate gml:id="K11_4695312120_12-2">
<gml:timePosition>2021-06-03</gml:timePosition>
</devDate>
<orgGILvl>2500</orgGILvl>
<vis>表示</vis>
<pos>
<gml:Point gml:id="K11_4695312120_12-g" srsName="fguuid:jgd2011.bl">
<gml:pos>33.669344000 130.431792000</gml:pos>
</gml:Point>
</pos>
<sbaNo>33</sbaNo>
</SBAPt>
<SBAPt gml:id="K11_4695312120_13">
<fid>46953-12120-i-8503</fid>
<lfSpanFr gml:id="K11_4695312120_13-1">
<gml:timePosition>2020-08-27</gml:timePosition>
</lfSpanFr>
<devDate gml:id="K11_4695312120_13-2">
<gml:timePosition>2021-06-03</gml:timePosition>
</devDate>
<orgGILvl>2500</orgGILvl>
<vis>表示</vis>
<pos>
<gml:Point gml:id="K11_4695312120_13-g" srsName="fguuid:jgd2011.bl">
<gml:pos>33.669688000 130.431130000</gml:pos>
</gml:Point>
</pos>
<sbaNo>32</sbaNo>
</SBAPt>
<SBAPt gml:id="K11_4695312120_14">
<fid>46953-12120-i-8504</fid>
<lfSpanFr gml:id="K11_4695312120_14-1">
<gml:timePosition>2020-08-27</gml:timePosition>
</lfSpanFr>
<devDate gml:id="K11_4695312120_14-2">
<gml:timePosition>2021-06-03</gml:timePosition>
</devDate>
<orgGILvl>2500</orgGILvl>
<vis>表示</vis>
<pos>
<gml:Point gml:id="K11_4695312120_14-g" srsName="fguuid:jgd2011.bl">
<gml:pos>33.670423000 130.429465000</gml:pos>
</gml:Point>
</pos>
<sbaNo>39</sbaNo>
</SBAPt>
<SBAPt gml:id="K11_4695312120_15">
<fid>46953-12120-i-8505</fid>
<lfSpanFr gml:id="K11_4695312120_15-1">
<gml:timePosition>2020-08-27</gml:timePosition>
</lfSpanFr>
<devDate gml:id="K11_4695312120_15-2">
<gml:timePosition>2021-06-03</gml:timePosition>
</devDate>
<orgGILvl>2500</orgGILvl>
<vis>表示</vis>
<pos>
<gml:Point gml:id="K11_4695312120_15-g" srsName="fguuid:jgd2011.bl">
<gml:pos>33.670334566 130.433083250</gml:pos>
</gml:Point>
</pos>
<sbaNo>27</sbaNo>
</SBAPt>
<SBAPt gml:id="K11_4695312120_16">
<fid>46953-12120-i-8506</fid>
<lfSpanFr gml:id="K11_4695312120_16-1">
<gml:timePosition>2020-08-27</gml:timePosition>
</lfSpanFr>
<devDate gml:id="K11_4695312120_16-2">
<gml:timePosition>2021-06-03</gml:timePosition>
</devDate>
<orgGILvl>2500</orgGILvl>
<vis>表示</vis>
<pos>
<gml:Point gml:id="K11_4695312120_16-g" srsName="fguuid:jgd2011.bl">
<gml:pos>33.667105000 130.426266000</gml:pos>
</gml:Point>
</pos>
<sbaNo>4</sbaNo>
</SBAPt>
<SBAPt gml:id="K11_4695312120_17">
<fid>46953-12120-i-8507</fid>
<lfSpanFr gml:id="K11_4695312120_17-1">
<gml:timePosition>2020-08-27</gml:timePosition>
</lfSpanFr>
<devDate gml:id="K11_4695312120_17-2">
<gml:timePosition>2021-06-03</gml:timePosition>
</devDate>
<orgGILvl>2500</orgGILvl>
<vis>表示</vis>
<pos>
<gml:Point gml:id="K11_4695312120_17-g" srsName="fguuid:jgd2011.bl">
<gml:pos>33.668627000 130.425277000</gml:pos>
</gml:Point>
</pos>
<sbaNo>3</sbaNo>
</SBAPt>
<SBAPt gml:id="K11_4695312120_18">
<fid>46953-12120-i-8508</fid>
<lfSpanFr gml:id="K11_4695312120_18-1">
<gml:timePosition>2020-08-27</gml:timePosition>
</lfSpanFr>
<devDate gml:id="K11_4695312120_18-2">
<gml:timePosition>2021-06-03</gml:timePosition>
</devDate>
<orgGILvl>2500</orgGILvl>
<vis>表示</vis>
<pos>
<gml:Point gml:id="K11_4695312120_18-g" srsName="fguuid:jgd2011.bl">
<gml:pos>33.672644000 130.432786000</gml:pos>
</gml:Point>
</pos>
<sbaNo>10</sbaNo>
</SBAPt>
<SBAPt gml:id="K11_4695312120_19">
<fid>46953-12120-i-8509</fid>
<lfSpanFr gml:id="K11_4695312120_19-1">
<gml:timePosition>2020-08-27</gml:timePosition>
</lfSpanFr>
<devDate gml:id="K11_4695312120_19-2">
<gml:timePosition>2021-06-03</gml:timePosition>
</devDate>
<orgGILvl>2500</orgGILvl>
<vis>表示</vis>
<pos>
<gml:Point gml:id="K11_4695312120_19-g" srsName="fguuid:jgd2011.bl">
<gml:pos>33.674379000 130.431488000</gml:pos>
</gml:Point>
</pos>
<sbaNo>20</sbaNo>
</SBAPt>
<SBAPt gml:id="K11_4695312120_20">
<fid>46953-12120-i-8510</fid>
<lfSpanFr gml:id="K11_4695312120_20-1">
<gml:timePosition>2020-08-27</gml:timePosition>
</lfSpanFr>
<devDate gml:id="K11_4695312120_20-2">
<gml:timePosition>2021-06-03</gml:timePosition>
</devDate>
<orgGILvl>2500</orgGILvl>
<vis>表示</vis>
<pos>
<gml:Point gml:id="K11_4695312120_20-g" srsName="fguuid:jgd2011.bl">
<gml:pos>33.674689000 130.432374000</gml:pos>
</gml:Point>
</pos>
<sbaNo>19</sbaNo>
</SBAPt>
<SBAPt gml:id="K11_4695312120_21">
<fid>46953-12120-i-8511</fid>
<lfSpanFr gml:id="K11_4695312120_21-1">
<gml:timePosition>2020-08-27</gml:timePosition>
</lfSpanFr>
<devDate gml:id="K11_4695312120_21-2">
<gml:timePosition>2021-06-03</gml:timePosition>
</devDate>
<orgGILvl>2500</orgGILvl>
<vis>表示</vis>
<pos>
<gml:Point gml:id="K11_4695312120_21-g" srsName="fguuid:jgd2011.bl">
<gml:pos>33.674545000 130.433250000</gml:pos>
</gml:Point>
</pos>
<sbaNo>18</sbaNo>
</SBAPt>
<SBAPt gml:id="K11_4695312120_22">
<fid>46953-12120-i-8512</fid>
<lfSpanFr gml:id="K11_4695312120_22-1">
<gml:timePosition>2020-08-27</gml:timePosition>
</lfSpanFr>
<devDate gml:id="K11_4695312120_22-2">
<gml:timePosition>2021-06-03</gml:timePosition>
</devDate>
<orgGILvl>2500</orgGILvl>
<vis>表示</vis>
<pos>
<gml:Point gml:id="K11_4695312120_22-g" srsName="fguuid:jgd2011.bl">
<gml:pos>33.673879000 130.430970000</gml:pos>
</gml:Point>
</pos>
<sbaNo>23</sbaNo>
</SBAPt>
<SBAPt gml:id="K11_4695312120_23">
<fid>46953-12120-i-8513</fid>
<lfSpanFr gml:id="K11_4695312120_23-1">
<gml:timePosition>2020-08-27</gml:timePosition>
</lfSpanFr>
<devDate gml:id="K11_4695312120_23-2">
<gml:timePosition>2021-06-03</gml:timePosition>
</devDate>
<orgGILvl>2500</orgGILvl>
<vis>表示</vis>
<pos>
<gml:Point gml:id="K11_4695312120_23-g" srsName="fguuid:jgd2011.bl">
<gml:pos>33.672842000 130.431530000</gml:pos>
</gml:Point>
</pos>
<sbaNo>22</sbaNo>
</SBAPt>
<SBAPt gml:id="K11_4695312120_24">
<fid>46953-12120-i-8514</fid>
<lfSpanFr gml:id="K11_4695312120_24-1">
<gml:timePosition>2020-08-27</gml:timePosition>
</lfSpanFr>
<devDate gml:id="K11_4695312120_24-2">
<gml:timePosition>2021-06-03</gml:timePosition>
</devDate>
<orgGILvl>2500</orgGILvl>
<vis>表示</vis>
<pos>
<gml:Point gml:id="K11_4695312120_24-g" srsName="fguuid:jgd2011.bl">
<gml:pos>33.673653000 130.431903000</gml:pos>
</gml:Point>
</pos>
<sbaNo>21</sbaNo>
</SBAPt>
<SBAPt gml:id="K11_4695312120_25">
<fid>46953-12120-i-8515</fid>
<lfSpanFr gml:id="K11_4695312120_25-1">
<gml:timePosition>2020-08-27</gml:timePosition>
</lfSpanFr>
<devDate gml:id="K11_4695312120_25-2">
<gml:timePosition>2021-06-03</gml:timePosition>
</devDate>
<orgGILvl>2500</orgGILvl>
<vis>表示</vis>
<pos>
<gml:Point gml:id="K11_4695312120_25-g" srsName="fguuid:jgd2011.bl">
<gml:pos>33.673659000 130.433051000</gml:pos>
</gml:Point>
</pos>
<sbaNo>13</sbaNo>
</SBAPt>
<SBAPt gml:id="K11_4695312120_26">
<fid>46953-12120-i-8516</fid>
<lfSpanFr gml:id="K11_4695312120_26-1">
<gml:timePosition>2020-08-27</gml:timePosition>
</lfSpanFr>
<devDate gml:id="K11_4695312120_26-2">
<gml:timePosition>2021-06-03</gml:timePosition>
</devDate>
<orgGILvl>2500</orgGILvl>
<vis>表示</vis>
<pos>
<gml:Point gml:id="K11_4695312120_26-g" srsName="fguuid:jgd2011.bl">
<gml:pos>33.673413000 130.432759000</gml:pos>
</gml:Point>
</pos>
<sbaNo>12</sbaNo>
</SBAPt>
<SBAPt gml:id="K11_4695312120_27">
<fid>46953-12120-i-8517</fid>
<lfSpanFr gml:id="K11_4695312120_27-1">
<gml:timePosition>2020-08-27</gml:timePosition>
</lfSpanFr>
<devDate gml:id="K11_4695312120_27-2">
<gml:timePosition>2021-06-03</gml:timePosition>
</devDate>
<orgGILvl>2500</orgGILvl>
<vis>表示</vis>
<pos>
<gml:Point gml:id="K11_4695312120_27-g" srsName="fguuid:jgd2011.bl">
<gml:pos>33.673083000 130.432697000</gml:pos>
</gml:Point>
</pos>
<sbaNo>11</sbaNo>
</SBAPt>
<SBAPt gml:id="K11_4695312120_28">
<fid>46953-12120-i-8518</fid>
<lfSpanFr gml:id="K11_4695312120_28-1">
<gml:timePosition>2020-08-27</gml:timePosition>
</lfSpanFr>
<devDate gml:id="K11_4695312120_28-2">
<gml:timePosition>2021-06-03</gml:timePosition>
</devDate>
<orgGILvl>2500</orgGILvl>
<vis>表示</vis>
<pos>
<gml:Point gml:id="K11_4695312120_28-g" srsName="fguuid:jgd2011.bl">
<gml:pos>33.674038000 130.433145000</gml:pos>
</gml:Point>
</pos>
<sbaNo>17</sbaNo>
</SBAPt>
<SBAPt gml:id="K11_4695312120_29">
<fid>46953-12120-i-8519</fid>
<lfSpanFr gml:id="K11_4695312120_29-1">
<gml:timePosition>2020-08-27</gml:timePosition>
</lfSpanFr>
<devDate gml:id="K11_4695312120_29-2">
<gml:timePosition>2021-06-03</gml:timePosition>
</devDate>
<orgGILvl>2500</orgGILvl>
<vis>表示</vis>
<pos>
<gml:Point gml:id="K11_4695312120_29-g" srsName="fguuid:jgd2011.bl">
<gml:pos>33.674225000 130.432292000</gml:pos>
</gml:Point>
</pos>
<sbaNo>15</sbaNo>
</SBAPt>
<SBAPt gml:id="K11_4695312120_30">
<fid>46953-12120-i-8520</fid>
<lfSpanFr gml:id="K11_4695312120_30-1">
<gml:timePosition>2020-08-27</gml:timePosition>
</lfSpanFr>
<devDate gml:id="K11_4695312120_30-2">
<gml:timePosition>2021-06-03</gml:timePosition>
</devDate>
<orgGILvl>2500</orgGILvl>
<vis>表示</vis>
<pos>
<gml:Point gml:id="K11_4695312120_30-g" srsName="fguuid:jgd2011.bl">
<gml:pos>33.673778000 130.432523000</gml:pos>
</gml:Point>
</pos>
<sbaNo>14</sbaNo>
</SBAPt>
<SBAPt gml:id="K11_4695312120_31">
<fid>46953-12120-i-8521</fid>
<lfSpanFr gml:id="K11_4695312120_31-1">
<gml:timePosition>2020-08-27</gml:timePosition>
</lfSpanFr>
<devDate gml:id="K11_4695312120_31-2">
<gml:timePosition>2021-06-03</gml:timePosition>
</devDate>
<orgGILvl>2500</orgGILvl>
<vis>表示</vis>
<pos>
<gml:Point gml:id="K11_4695312120_31-g" srsName="fguuid:jgd2011.bl">
<gml:pos>33.674962000 130.429115000</gml:pos>
</gml:Point>
</pos>
<sbaNo>16</sbaNo>
</SBAPt>
<SBAPt gml:id="K11_4695312120_32">
<fid>46953-12120-i-8522</fid>
<lfSpanFr gml:id="K11_4695312120_32-1">
<gml:timePosition>2020-08-27</gml:timePosition>
</lfSpanFr>
<devDate gml:id="K11_4695312120_32-2">
<gml:timePosition>2021-06-03</gml:timePosition>
</devDate>
<orgGILvl>2500</orgGILvl>
<vis>表示</vis>
<pos>
<gml:Point gml:id="K11_4695312120_32-g" srsName="fguuid:jgd2011.bl">
<gml:pos>33.674536000 130.430474000</gml:pos>
</gml:Point>
</pos>
<sbaNo>20</sbaNo>
</SBAPt>
<SBAPt gml:id="K11_4695312120_33">
<fid>46953-12120-i-8523</fid>
<lfSpanFr gml:id="K11_4695312120_33-1">
<gml:timePosition>2020-08-27</gml:timePosition>
</lfSpanFr>
<devDate gml:id="K11_4695312120_33-2">
<gml:timePosition>2021-06-03</gml:timePosition>
</devDate>
<orgGILvl>2500</orgGILvl>
<vis>表示</vis>
<pos>
<gml:Point gml:id="K11_4695312120_33-g" srsName="fguuid:jgd2011.bl">
<gml:pos>33.674574000 130.429884000</gml:pos>
</gml:Point>
</pos>
<sbaNo>19</sbaNo>
</SBAPt>
<SBAPt gml:id="K11_4695312120_34">
<fid>46953-12120-i-8524</fid>
<lfSpanFr gml:id="K11_4695312120_34-1">
<gml:timePosition>2020-08-27</gml:timePosition>
</lfSpanFr>
<devDate gml:id="K11_4695312120_34-2">
<gml:timePosition>2021-06-03</gml:timePosition>
</devDate>
<orgGILvl>2500</orgGILvl>
<vis>表示</vis>
<pos>
<gml:Point gml:id="K11_4695312120_34-g" srsName="fguuid:jgd2011.bl">
<gml:pos>33.673535000 130.427890000</gml:pos>
</gml:Point>
</pos>
<sbaNo>7</sbaNo>
</SBAPt>
<SBAPt gml:id="K11_4695312120_35">
<fid>46953-12120-i-8525</fid>
<lfSpanFr gml:id="K11_4695312120_35-1">
<gml:timePosition>2020-08-27</gml:timePosition>
</lfSpanFr>
<devDate gml:id="K11_4695312120_35-2">
<gml:timePosition>2021-06-03</gml:timePosition>
</devDate>
<orgGILvl>2500</orgGILvl>
<vis>表示</vis>
<pos>
<gml:Point gml:id="K11_4695312120_35-g" srsName="fguuid:jgd2011.bl">
<gml:pos>33.674500000 130.429124000</gml:pos>
</gml:Point>
</pos>
<sbaNo>15</sbaNo>
</SBAPt>
<SBAPt gml:id="K11_4695312120_36">
<fid>46953-12120-i-8526</fid>
<lfSpanFr gml:id="K11_4695312120_36-1">
<gml:timePosition>2020-08-27</gml:timePosition>
</lfSpanFr>
<devDate gml:id="K11_4695312120_36-2">
<gml:timePosition>2021-06-03</gml:timePosition>
</devDate>
<orgGILvl>2500</orgGILvl>
<vis>表示</vis>
<pos>
<gml:Point gml:id="K11_4695312120_36-g" srsName="fguuid:jgd2011.bl">
<gml:pos>33.674920000 130.428319000</gml:pos>
</gml:Point>
</pos>
<sbaNo>14</sbaNo>
</SBAPt>
<SBAPt gml:id="K11_4695312120_37">
<fid>46953-12120-i-8527</fid>
<lfSpanFr gml:id="K11_4695312120_37-1">
<gml:timePosition>2020-08-27</gml:timePosition>
</lfSpanFr>
<devDate gml:id="K11_4695312120_37-2">
<gml:timePosition>2021-06-03</gml:timePosition>
</devDate>
<orgGILvl>2500</orgGILvl>
<vis>表示</vis>
<pos>
<gml:Point gml:id="K11_4695312120_37-g" srsName="fguuid:jgd2011.bl">
<gml:pos>33.672264000 130.432326000</gml:pos>
</gml:Point>
</pos>
<sbaNo>14</sbaNo>
</SBAPt>
<SBAPt gml:id="K11_4695312120_38">
<fid>46953-12120-i-8528</fid>
<lfSpanFr gml:id="K11_4695312120_38-1">
<gml:timePosition>2020-08-27</gml:timePosition>
</lfSpanFr>
<devDate gml:id="K11_4695312120_38-2">
<gml:timePosition>2021-06-03</gml:timePosition>
</devDate>
<orgGILvl>2500</orgGILvl>
<vis>表示</vis>
<pos>
<gml:Point gml:id="K11_4695312120_38-g" srsName="fguuid:jgd2011.bl">
<gml:pos>33.671836000 130.432548000</gml:pos>
</gml:Point>
</pos>
<sbaNo>13</sbaNo>
</SBAPt>
<SBAPt gml:id="K11_4695312120_39">
<fid>46953-12120-i-8529</fid>
<lfSpanFr gml:id="K11_4695312120_39-1">
<gml:timePosition>2020-08-27</gml:timePosition>
</lfSpanFr>
<devDate gml:id="K11_4695312120_39-2">
<gml:timePosition>2021-06-03</gml:timePosition>
</devDate>
<orgGILvl>2500</orgGILvl>
<vis>表示</vis>
<pos>
<gml:Point gml:id="K11_4695312120_39-g" srsName="fguuid:jgd2011.bl">
<gml:pos>33.671036000 130.432682000</gml:pos>
</gml:Point>
</pos>
<sbaNo>12</sbaNo>
</SBAPt>
<SBAPt gml:id="K11_4695312120_40">
<fid>46953-12120-i-8530</fid>
<lfSpanFr gml:id="K11_4695312120_40-1">
<gml:timePosition>2020-08-27</gml:timePosition>
</lfSpanFr>
<devDate gml:id="K11_4695312120_40-2">
<gml:timePosition>2021-06-03</gml:timePosition>
</devDate>
<orgGILvl>2500</orgGILvl>
<vis>表示</vis>
<pos>
<gml:Point gml:id="K11_4695312120_40-g" srsName="fguuid:jgd2011.bl">
<gml:pos>33.672117000 130.431202000</gml:pos>
</gml:Point>
</pos>
<sbaNo>17</sbaNo>
</SBAPt>
<SBAPt gml:id="K11_4695312120_41">
<fid>46953-12120-i-8531</fid>
<lfSpanFr gml:id="K11_4695312120_41-1">
<gml:timePosition>2020-08-27</gml:timePosition>
</lfSpanFr>
<devDate gml:id="K11_4695312120_41-2">
<gml:timePosition>2021-06-03</gml:timePosition>
</devDate>
<orgGILvl>2500</orgGILvl>
<vis>表示</vis>
<pos>
<gml:Point gml:id="K11_4695312120_41-g" srsName="fguuid:jgd2011.bl">
<gml:pos>33.671771000 130.431549000</gml:pos>
</gml:Point>
</pos>
<sbaNo>16</sbaNo>
</SBAPt>
<SBAPt gml:id="K11_4695312120_42">
<fid>46953-12120-i-8532</fid>
<lfSpanFr gml:id="K11_4695312120_42-1">
<gml:timePosition>2020-08-27</gml:timePosition>
</lfSpanFr>
<devDate gml:id="K11_4695312120_42-2">
<gml:timePosition>2021-06-03</gml:timePosition>
</devDate>
<orgGILvl>2500</orgGILvl>
<vis>表示</vis>
<pos>
<gml:Point gml:id="K11_4695312120_42-g" srsName="fguuid:jgd2011.bl">
<gml:pos>33.672229000 130.431979000</gml:pos>
</gml:Point>
</pos>
<sbaNo>15</sbaNo>
</SBAPt>
<SBAPt gml:id="K11_4695312120_43">
<fid>46953-12120-i-8533</fid>
<lfSpanFr gml:id="K11_4695312120_43-1">
<gml:timePosition>2020-08-27</gml:timePosition>
</lfSpanFr>
<devDate gml:id="K11_4695312120_43-2">
<gml:timePosition>2021-06-03</gml:timePosition>
</devDate>
<orgGILvl>2500</orgGILvl>
<vis>表示</vis>
<pos>
<gml:Point gml:id="K11_4695312120_43-g" srsName="fguuid:jgd2011.bl">
<gml:pos>33.671768000 130.433033000</gml:pos>
</gml:Point>
</pos>
<sbaNo>11</sbaNo>
</SBAPt>
<SBAPt gml:id="K11_4695312120_44">
<fid>46953-12120-i-8534</fid>
<lfSpanFr gml:id="K11_4695312120_44-1">
<gml:timePosition>2020-08-27</gml:timePosition>
</lfSpanFr>
<devDate gml:id="K11_4695312120_44-2">
<gml:timePosition>2021-06-03</gml:timePosition>
</devDate>
<orgGILvl>2500</orgGILvl>
<vis>表示</vis>
<pos>
<gml:Point gml:id="K11_4695312120_44-g" srsName="fguuid:jgd2011.bl">
<gml:pos>33.670702000 130.432230000</gml:pos>
</gml:Point>
</pos>
<sbaNo>26</sbaNo>
</SBAPt>
<SBAPt gml:id="K11_4695312120_45">
<fid>46953-12120-i-8535</fid>
<lfSpanFr gml:id="K11_4695312120_45-1">
<gml:timePosition>2020-08-27</gml:timePosition>
</lfSpanFr>
<devDate gml:id="K11_4695312120_45-2">
<gml:timePosition>2021-06-03</gml:timePosition>
</devDate>
<orgGILvl>2500</orgGILvl>
<vis>表示</vis>
<pos>
<gml:Point gml:id="K11_4695312120_45-g" srsName="fguuid:jgd2011.bl">
<gml:pos>33.671055000 130.431954000</gml:pos>
</gml:Point>
</pos>
<sbaNo>25</sbaNo>
</SBAPt>
<SBAPt gml:id="K11_4695312120_46">
<fid>46953-12120-i-8536</fid>
<lfSpanFr gml:id="K11_4695312120_46-1">
<gml:timePosition>2020-08-27</gml:timePosition>
</lfSpanFr>
<devDate gml:id="K11_4695312120_46-2">
<gml:timePosition>2021-06-03</gml:timePosition>
</devDate>
<orgGILvl>2500</orgGILvl>
<vis>表示</vis>
<pos>
<gml:Point gml:id="K11_4695312120_46-g" srsName="fguuid:jgd2011.bl">
<gml:pos>33.671398000 130.431611000</gml:pos>
</gml:Point>
</pos>
<sbaNo>24</sbaNo>
</SBAPt>
<SBAPt gml:id="K11_4695312120_47">
<fid>46953-12120-i-8537</fid>
<lfSpanFr gml:id="K11_4695312120_47-1">
<gml:timePosition>2020-08-27</gml:timePosition>
</lfSpanFr>
<devDate gml:id="K11_4695312120_47-2">
<gml:timePosition>2021-06-03</gml:timePosition>
</devDate>
<orgGILvl>2500</orgGILvl>
<vis>表示</vis>
<pos>
<gml:Point gml:id="K11_4695312120_47-g" srsName="fguuid:jgd2011.bl">
<gml:pos>33.669874000 130.431441000</gml:pos>
</gml:Point>
</pos>
<sbaNo>31</sbaNo>
</SBAPt>
<SBAPt gml:id="K11_4695312120_48">
<fid>46953-12120-i-8538</fid>
<lfSpanFr gml:id="K11_4695312120_48-1">
<gml:timePosition>2020-08-27</gml:timePosition>
</lfSpanFr>
<devDate gml:id="K11_4695312120_48-2">
<gml:timePosition>2021-06-03</gml:timePosition>
</devDate>
<orgGILvl>2500</orgGILvl>
<vis>表示</vis>
<pos>
<gml:Point gml:id="K11_4695312120_48-g" srsName="fguuid:jgd2011.bl">
<gml:pos>33.670038000 130.431768000</gml:pos>
</gml:Point>
</pos>
<sbaNo>30</sbaNo>
</SBAPt>
<SBAPt gml:id="K11_4695312120_49">
<fid>46953-12120-i-8539</fid>
<lfSpanFr gml:id="K11_4695312120_49-1">
<gml:timePosition>2020-08-27</gml:timePosition>
</lfSpanFr>
<devDate gml:id="K11_4695312120_49-2">
<gml:timePosition>2021-06-03</gml:timePosition>
</devDate>
<orgGILvl>2500</orgGILvl>
<vis>表示</vis>
<pos>
<gml:Point gml:id="K11_4695312120_49-g" srsName="fguuid:jgd2011.bl">
<gml:pos>33.669672000 130.432358000</gml:pos>
</gml:Point>
</pos>
<sbaNo>29</sbaNo>
</SBAPt>
<SBAPt gml:id="K11_4695312120_50">
<fid>46953-12120-i-8540</fid>
<lfSpanFr gml:id="K11_4695312120_50-1">
<gml:timePosition>2020-08-27</gml:timePosition>
</lfSpanFr>
<devDate gml:id="K11_4695312120_50-2">
<gml:timePosition>2021-06-03</gml:timePosition>
</devDate>
<orgGILvl>2500</orgGILvl>
<vis>表示</vis>
<pos>
<gml:Point gml:id="K11_4695312120_50-g" srsName="fguuid:jgd2011.bl">
<gml:pos>33.672231000 130.429953000</gml:pos>
</gml:Point>
</pos>
<sbaNo>20</sbaNo>
</SBAPt>
<SBAPt gml:id="K11_4695312120_51">
<fid>46953-12120-i-8541</fid>
<lfSpanFr gml:id="K11_4695312120_51-1">
<gml:timePosition>2020-08-27</gml:timePosition>
</lfSpanFr>
<devDate gml:id="K11_4695312120_51-2">
<gml:timePosition>2021-06-03</gml:timePosition>
</devDate>
<orgGILvl>2500</orgGILvl>
<vis>表示</vis>
<pos>
<gml:Point gml:id="K11_4695312120_51-g" srsName="fguuid:jgd2011.bl">
<gml:pos>33.673018000 130.430021000</gml:pos>
</gml:Point>
</pos>
<sbaNo>19</sbaNo>
</SBAPt>
<SBAPt gml:id="K11_4695312120_52">
<fid>46953-12120-i-8542</fid>
<lfSpanFr gml:id="K11_4695312120_52-1">
<gml:timePosition>2020-08-27</gml:timePosition>
</lfSpanFr>
<devDate gml:id="K11_4695312120_52-2">
<gml:timePosition>2021-06-03</gml:timePosition>
</devDate>
<orgGILvl>2500</orgGILvl>
<vis>表示</vis>
<pos>
<gml:Point gml:id="K11_4695312120_52-g" srsName="fguuid:jgd2011.bl">
<gml:pos>33.672501000 130.430497000</gml:pos>
</gml:Point>
</pos>
<sbaNo>18</sbaNo>
</SBAPt>
<SBAPt gml:id="K11_4695312120_53">
<fid>46953-12120-i-8543</fid>
<lfSpanFr gml:id="K11_4695312120_53-1">
<gml:timePosition>2020-08-27</gml:timePosition>
</lfSpanFr>
<devDate gml:id="K11_4695312120_53-2">
<gml:timePosition>2021-06-03</gml:timePosition>
</devDate>
<orgGILvl>2500</orgGILvl>
<vis>表示</vis>
<pos>
<gml:Point gml:id="K11_4695312120_53-g" srsName="fguuid:jgd2011.bl">
<gml:pos>33.670989000 130.431036000</gml:pos>
</gml:Point>
</pos>
<sbaNo>23</sbaNo>
</SBAPt>
<SBAPt gml:id="K11_4695312120_54">
<fid>46953-12120-i-8544</fid>
<lfSpanFr gml:id="K11_4695312120_54-1">
<gml:timePosition>2020-08-27</gml:timePosition>
</lfSpanFr>
<devDate gml:id="K11_4695312120_54-2">
<gml:timePosition>2021-06-03</gml:timePosition>
</devDate>
<orgGILvl>2500</orgGILvl>
<vis>表示</vis>
<pos>
<gml:Point gml:id="K11_4695312120_54-g" srsName="fguuid:jgd2011.bl">
<gml:pos>33.670768000 130.430294000</gml:pos>
</gml:Point>
</pos>
<sbaNo>22</sbaNo>
</SBAPt>
<SBAPt gml:id="K11_4695312120_55">
<fid>46953-12120-i-8545</fid>
<lfSpanFr gml:id="K11_4695312120_55-1">
<gml:timePosition>2020-08-27</gml:timePosition>
</lfSpanFr>
<devDate gml:id="K11_4695312120_55-2">
<gml:timePosition>2021-06-03</gml:timePosition>
</devDate>
<orgGILvl>2500</orgGILvl>
<vis>表示</vis>
<pos>
<gml:Point gml:id="K11_4695312120_55-g" srsName="fguuid:jgd2011.bl">
<gml:pos>33.671847000 130.429423000</gml:pos>
</gml:Point>
</pos>
<sbaNo>21</sbaNo>
</SBAPt>
<SBAPt gml:id="K11_4695312120_56">
<fid>46953-12120-i-8546</fid>
<lfSpanFr gml:id="K11_4695312120_56-1">
<gml:timePosition>2020-08-27</gml:timePosition>
</lfSpanFr>
<devDate gml:id="K11_4695312120_56-2">
<gml:timePosition>2021-06-03</gml:timePosition>
</devDate>
<orgGILvl>2500</orgGILvl>
<vis>表示</vis>
<pos>
<gml:Point gml:id="K11_4695312120_56-g" srsName="fguuid:jgd2011.bl">
<gml:pos>33.667518728 130.430841262</gml:pos>
</gml:Point>
</pos>
<sbaNo>3</sbaNo>
</SBAPt>
<SBAPt gml:id="K11_4695312120_57">
<fid>46953-12120-i-8547</fid>
<lfSpanFr gml:id="K11_4695312120_57-1">
<gml:timePosition>2020-08-27</gml:timePosition>
</lfSpanFr>
<devDate gml:id="K11_4695312120_57-2">
<gml:timePosition>2021-06-03</gml:timePosition>
</devDate>
<orgGILvl>2500</orgGILvl>
<vis>表示</vis>
<pos>
<gml:Point gml:id="K11_4695312120_57-g" srsName="fguuid:jgd2011.bl">
<gml:pos>33.669169000 130.429881000</gml:pos>
</gml:Point>
</pos>
<sbaNo>36</sbaNo>
</SBAPt>
<SBAPt gml:id="K11_4695312120_58">
<fid>46953-12120-i-8548</fid>
<lfSpanFr gml:id="K11_4695312120_58-1">
<gml:timePosition>2020-08-27</gml:timePosition>
</lfSpanFr>
<devDate gml:id="K11_4695312120_58-2">
<gml:timePosition>2021-06-03</gml:timePosition>
</devDate>
<orgGILvl>2500</orgGILvl>
<vis>表示</vis>
<pos>
<gml:Point gml:id="K11_4695312120_58-g" srsName="fguuid:jgd2011.bl">
<gml:pos>33.668285000 130.430521000</gml:pos>
</gml:Point>
</pos>
<sbaNo>35</sbaNo>
</SBAPt>
<SBAPt gml:id="K11_4695312120_59">
<fid>46953-12120-i-8549</fid>
<lfSpanFr gml:id="K11_4695312120_59-1">
<gml:timePosition>2020-08-27</gml:timePosition>
</lfSpanFr>
<devDate gml:id="K11_4695312120_59-2">
<gml:timePosition>2021-06-03</gml:timePosition>
</devDate>
<orgGILvl>2500</orgGILvl>
<vis>表示</vis>
<pos>
<gml:Point gml:id="K11_4695312120_59-g" srsName="fguuid:jgd2011.bl">
<gml:pos>33.674240811 130.427371862</gml:pos>
</gml:Point>
</pos>
<sbaNo>8</sbaNo>
</SBAPt>
<SBAPt gml:id="K11_4695312120_60">
<fid>46953-12120-i-8550</fid>
<lfSpanFr gml:id="K11_4695312120_60-1">
<gml:timePosition>2020-08-27</gml:timePosition>
</lfSpanFr>
<devDate gml:id="K11_4695312120_60-2">
<gml:timePosition>2021-06-03</gml:timePosition>
</devDate>
<orgGILvl>2500</orgGILvl>
<vis>表示</vis>
<pos>
<gml:Point gml:id="K11_4695312120_60-g" srsName="fguuid:jgd2011.bl">
<gml:pos>33.674151893 130.432620906</gml:pos>
</gml:Point>
</pos>
<sbaNo>16</sbaNo>
</SBAPt>
<SBAPt gml:id="K11_4695312120_61">
<fid>46953-12120-i-8551</fid>
<lfSpanFr gml:id="K11_4695312120_61-1">
<gml:timePosition>2020-08-27</gml:timePosition>
</lfSpanFr>
<devDate gml:id="K11_4695312120_61-2">
<gml:timePosition>2021-06-03</gml:timePosition>
</devDate>
<orgGILvl>2500</orgGILvl>
<vis>表示</vis>
<pos>
<gml:Point gml:id="K11_4695312120_61-g" srsName="fguuid:jgd2011.bl">
<gml:pos>33.670125312 130.429621167</gml:pos>
</gml:Point>
</pos>
<sbaNo>38</sbaNo>
</SBAPt>
<SBAPt gml:id="K11_4695312120_62">
<fid>46953-12120-i-8552</fid>
<lfSpanFr gml:id="K11_4695312120_62-1">
<gml:timePosition>2020-08-27</gml:timePosition>
</lfSpanFr>
<devDate gml:id="K11_4695312120_62-2">
<gml:timePosition>2021-06-03</gml:timePosition>
</devDate>
<orgGILvl>2500</orgGILvl>
<vis>表示</vis>
<pos>
<gml:Point gml:id="K11_4695312120_62-g" srsName="fguuid:jgd2011.bl">
<gml:pos>33.669439488 130.430459825</gml:pos>
</gml:Point>
</pos>
<sbaNo>37</sbaNo>
</SBAPt>
<SBAPt gml:id="K11_4695312120_63">
<fid>46953-12120-i-8553</fid>
<lfSpanFr gml:id="K11_4695312120_63-1">
<gml:timePosition>2020-08-27</gml:timePosition>
</lfSpanFr>
<devDate gml:id="K11_4695312120_63-2">
<gml:timePosition>2021-06-03</gml:timePosition>
</devDate>
<orgGILvl>2500</orgGILvl>
<vis>表示</vis>
<pos>
<gml:Point gml:id="K11_4695312120_63-g" srsName="fguuid:jgd2011.bl">
<gml:pos>33.670102306 130.432601022</gml:pos>
</gml:Point>
</pos>
<sbaNo>28</sbaNo>
</SBAPt>
<SBAPt gml:id="K11_4695312120_64">
<fid>46953-12120-i-8554</fid>
<lfSpanFr gml:id="K11_4695312120_64-1">
<gml:timePosition>2020-08-27</gml:timePosition>
</lfSpanFr>
<devDate gml:id="K11_4695312120_64-2">
<gml:timePosition>2021-06-03</gml:timePosition>
</devDate>
<orgGILvl>2500</orgGILvl>
<vis>表示</vis>
<pos>
<gml:Point gml:id="K11_4695312120_64-g" srsName="fguuid:jgd2011.bl">
<gml:pos>33.667162239 130.431925723</gml:pos>
</gml:Point>
</pos>
<sbaNo>4</sbaNo>
</SBAPt>
<SBAPt gml:id="K11_4695312123_1">
<fid>46953-12123-i-3205</fid>
<lfSpanFr gml:id="K11_4695312123_1-1">
<gml:timePosition>2020-08-27</gml:timePosition>
</lfSpanFr>
<devDate gml:id="K11_4695312123_1-2">
<gml:timePosition>2021-06-03</gml:timePosition>
</devDate>
<orgGILvl>2500</orgGILvl>
<vis>表示</vis>
<pos>
<gml:Point gml:id="K11_4695312123_1-g" srsName="fguuid:jgd2011.bl">
<gml:pos>33.676431000 130.430471000</gml:pos>
</gml:Point>
</pos>
<sbaNo>38</sbaNo>
</SBAPt>
<SBAPt gml:id="K11_4695312123_2">
<fid>46953-12123-i-3206</fid>
<lfSpanFr gml:id="K11_4695312123_2-1">
<gml:timePosition>2020-08-27</gml:timePosition>
</lfSpanFr>
<devDate gml:id="K11_4695312123_2-2">
<gml:timePosition>2021-06-03</gml:timePosition>
</devDate>
<orgGILvl>2500</orgGILvl>
<vis>表示</vis>
<pos>
<gml:Point gml:id="K11_4695312123_2-g" srsName="fguuid:jgd2011.bl">
<gml:pos>33.677648000 130.430990000</gml:pos>
</gml:Point>
</pos>
<sbaNo>42</sbaNo>
</SBAPt>
<SBAPt gml:id="K11_4695312123_3">
<fid>46953-12123-i-3207</fid>
<lfSpanFr gml:id="K11_4695312123_3-1">
<gml:timePosition>2020-08-27</gml:timePosition>
</lfSpanFr>
<devDate gml:id="K11_4695312123_3-2">
<gml:timePosition>2021-06-03</gml:timePosition>
</devDate>
<orgGILvl>2500</orgGILvl>
<vis>表示</vis>
<pos>
<gml:Point gml:id="K11_4695312123_3-g" srsName="fguuid:jgd2011.bl">
<gml:pos>33.677213000 130.430900000</gml:pos>
</gml:Point>
</pos>
<sbaNo>41</sbaNo>
</SBAPt>
<SBAPt gml:id="K11_4695312123_4">
<fid>46953-12123-i-3208</fid>
<lfSpanFr gml:id="K11_4695312123_4-1">
<gml:timePosition>2020-08-27</gml:timePosition>
</lfSpanFr>
<devDate gml:id="K11_4695312123_4-2">
<gml:timePosition>2021-06-03</gml:timePosition>
</devDate>
<orgGILvl>2500</orgGILvl>
<vis>表示</vis>
<pos>
<gml:Point gml:id="K11_4695312123_4-g" srsName="fguuid:jgd2011.bl">
<gml:pos>33.676217000 130.429530000</gml:pos>
</gml:Point>
</pos>
<sbaNo>18</sbaNo>
</SBAPt>
<SBAPt gml:id="K11_4695312123_5">
<fid>46953-12123-i-3209</fid>
<lfSpanFr gml:id="K11_4695312123_5-1">
<gml:timePosition>2020-08-27</gml:timePosition>
</lfSpanFr>
<devDate gml:id="K11_4695312123_5-2">
<gml:timePosition>2021-06-03</gml:timePosition>
</devDate>
<orgGILvl>2500</orgGILvl>
<vis>表示</vis>
<pos>
<gml:Point gml:id="K11_4695312123_5-g" srsName="fguuid:jgd2011.bl">
<gml:pos>33.675616000 130.428876000</gml:pos>
</gml:Point>
</pos>
<sbaNo>17</sbaNo>
</SBAPt>
<SBAPt gml:id="K11_4695312123_6">
<fid>46953-12123-i-3210</fid>
<lfSpanFr gml:id="K11_4695312123_6-1">
<gml:timePosition>2020-08-27</gml:timePosition>
</lfSpanFr>
<devDate gml:id="K11_4695312123_6-2">
<gml:timePosition>2021-06-03</gml:timePosition>
</devDate>
<orgGILvl>2500</orgGILvl>
<vis>表示</vis>
<pos>
<gml:Point gml:id="K11_4695312123_6-g" srsName="fguuid:jgd2011.bl">
<gml:pos>33.676087000 130.427666000</gml:pos>
</gml:Point>
</pos>
<sbaNo>11</sbaNo>
</SBAPt>
<SBAPt gml:id="K11_4695312123_7">
<fid>46953-12123-i-3211</fid>
<lfSpanFr gml:id="K11_4695312123_7-1">
<gml:timePosition>2020-08-27</gml:timePosition>
</lfSpanFr>
<devDate gml:id="K11_4695312123_7-2">
<gml:timePosition>2021-06-03</gml:timePosition>
</devDate>
<orgGILvl>2500</orgGILvl>
<vis>表示</vis>
<pos>
<gml:Point gml:id="K11_4695312123_7-g" srsName="fguuid:jgd2011.bl">
<gml:pos>33.675064000 130.426425000</gml:pos>
</gml:Point>
</pos>
<sbaNo>9</sbaNo>
</SBAPt>
<SBAPt gml:id="K11_4695312123_8">
<fid>46953-12123-i-3212</fid>
<lfSpanFr gml:id="K11_4695312123_8-1">
<gml:timePosition>2020-08-27</gml:timePosition>
</lfSpanFr>
<devDate gml:id="K11_4695312123_8-2">
<gml:timePosition>2021-06-03</gml:timePosition>
</devDate>
<orgGILvl>2500</orgGILvl>
<vis>表示</vis>
<pos>
<gml:Point gml:id="K11_4695312123_8-g" srsName="fguuid:jgd2011.bl">
<gml:pos>33.675007000 130.427454000</gml:pos>
</gml:Point>
</pos>
<sbaNo>13</sbaNo>
</SBAPt>
<SBAPt gml:id="K11_4695312123_9">
<fid>46953-12123-i-3213</fid>
<lfSpanFr gml:id="K11_4695312123_9-1">
<gml:timePosition>2020-08-27</gml:timePosition>
</lfSpanFr>
<devDate gml:id="K11_4695312123_9-2">
<gml:timePosition>2021-06-03</gml:timePosition>
</devDate>
<orgGILvl>2500</orgGILvl>
<vis>表示</vis>
<pos>
<gml:Point gml:id="K11_4695312123_9-g" srsName="fguuid:jgd2011.bl">
<gml:pos>33.675389000 130.430711000</gml:pos>
</gml:Point>
</pos>
<sbaNo>24</sbaNo>
</SBAPt>
<SBAPt gml:id="K11_4695312123_10">
<fid>46953-12123-i-3214</fid>
<lfSpanFr gml:id="K11_4695312123_10-1">
<gml:timePosition>2020-08-27</gml:timePosition>
</lfSpanFr>
<devDate gml:id="K11_4695312123_10-2">
<gml:timePosition>2021-06-03</gml:timePosition>
</devDate>
<orgGILvl>2500</orgGILvl>
<vis>表示</vis>
<pos>
<gml:Point gml:id="K11_4695312123_10-g" srsName="fguuid:jgd2011.bl">
<gml:pos>33.676780000 130.431601000</gml:pos>
</gml:Point>
</pos>
<sbaNo>34</sbaNo>
</SBAPt>
<SBAPt gml:id="K11_4695312123_11">
<fid>46953-12123-i-3215</fid>
<lfSpanFr gml:id="K11_4695312123_11-1">
<gml:timePosition>2020-08-27</gml:timePosition>
</lfSpanFr>
<devDate gml:id="K11_4695312123_11-2">
<gml:timePosition>2021-06-03</gml:timePosition>
</devDate>
<orgGILvl>2500</orgGILvl>
<vis>表示</vis>
<pos>
<gml:Point gml:id="K11_4695312123_11-g" srsName="fguuid:jgd2011.bl">
<gml:pos>33.676670000 130.432257000</gml:pos>
</gml:Point>
</pos>
<sbaNo>32</sbaNo>
</SBAPt>
<SBAPt gml:id="K11_4695312123_12">
<fid>46953-12123-i-3216</fid>
<lfSpanFr gml:id="K11_4695312123_12-1">
<gml:timePosition>2020-08-27</gml:timePosition>
</lfSpanFr>
<devDate gml:id="K11_4695312123_12-2">
<gml:timePosition>2021-06-03</gml:timePosition>
</devDate>
<orgGILvl>2500</orgGILvl>
<vis>表示</vis>
<pos>
<gml:Point gml:id="K11_4695312123_12-g" srsName="fguuid:jgd2011.bl">
<gml:pos>33.676212000 130.433173000</gml:pos>
</gml:Point>
</pos>
<sbaNo>31</sbaNo>
</SBAPt>
<SBAPt gml:id="K11_4695312123_13">
<fid>46953-12123-i-3217</fid>
<lfSpanFr gml:id="K11_4695312123_13-1">
<gml:timePosition>2020-08-27</gml:timePosition>
</lfSpanFr>
<devDate gml:id="K11_4695312123_13-2">
<gml:timePosition>2021-06-03</gml:timePosition>
</devDate>
<orgGILvl>2500</orgGILvl>
<vis>表示</vis>
<pos>
<gml:Point gml:id="K11_4695312123_13-g" srsName="fguuid:jgd2011.bl">
<gml:pos>33.676214000 130.430708000</gml:pos>
</gml:Point>
</pos>
<sbaNo>37</sbaNo>
</SBAPt>
<SBAPt gml:id="K11_4695312123_14">
<fid>46953-12123-i-3218</fid>
<lfSpanFr gml:id="K11_4695312123_14-1">
<gml:timePosition>2020-08-27</gml:timePosition>
</lfSpanFr>
<devDate gml:id="K11_4695312123_14-2">
<gml:timePosition>2021-06-03</gml:timePosition>
</devDate>
<orgGILvl>2500</orgGILvl>
<vis>表示</vis>
<pos>
<gml:Point gml:id="K11_4695312123_14-g" srsName="fguuid:jgd2011.bl">
<gml:pos>33.676628000 130.431147000</gml:pos>
</gml:Point>
</pos>
<sbaNo>36</sbaNo>
</SBAPt>
<SBAPt gml:id="K11_4695312123_15">
<fid>46953-12123-i-3219</fid>
<lfSpanFr gml:id="K11_4695312123_15-1">
<gml:timePosition>2020-08-27</gml:timePosition>
</lfSpanFr>
<devDate gml:id="K11_4695312123_15-2">
<gml:timePosition>2021-06-03</gml:timePosition>
</devDate>
<orgGILvl>2500</orgGILvl>
<vis>表示</vis>
<pos>
<gml:Point gml:id="K11_4695312123_15-g" srsName="fguuid:jgd2011.bl">
<gml:pos>33.676233000 130.431460000</gml:pos>
</gml:Point>
</pos>
<sbaNo>35</sbaNo>
</SBAPt>
<SBAPt gml:id="K11_4695312123_16">
<fid>46953-12123-i-3220</fid>
<lfSpanFr gml:id="K11_4695312123_16-1">
<gml:timePosition>2020-08-27</gml:timePosition>
</lfSpanFr>
<devDate gml:id="K11_4695312123_16-2">
<gml:timePosition>2021-06-03</gml:timePosition>
</devDate>
<orgGILvl>2500</orgGILvl>
<vis>表示</vis>
<pos>
<gml:Point gml:id="K11_4695312123_16-g" srsName="fguuid:jgd2011.bl">
<gml:pos>33.675319000 130.432514000</gml:pos>
</gml:Point>
</pos>
<sbaNo>27</sbaNo>
</SBAPt>
<SBAPt gml:id="K11_4695312123_17">
<fid>46953-12123-i-3221</fid>
<lfSpanFr gml:id="K11_4695312123_17-1">
<gml:timePosition>2020-08-27</gml:timePosition>
</lfSpanFr>
<devDate gml:id="K11_4695312123_17-2">
<gml:timePosition>2021-06-03</gml:timePosition>
</devDate>
<orgGILvl>2500</orgGILvl>
<vis>表示</vis>
<pos>
<gml:Point gml:id="K11_4695312123_17-g" srsName="fguuid:jgd2011.bl">
<gml:pos>33.675308000 130.431996000</gml:pos>
</gml:Point>
</pos>
<sbaNo>26</sbaNo>
</SBAPt>
<SBAPt gml:id="K11_4695312123_18">
<fid>46953-12123-i-3222</fid>
<lfSpanFr gml:id="K11_4695312123_18-1">
<gml:timePosition>2020-08-27</gml:timePosition>
</lfSpanFr>
<devDate gml:id="K11_4695312123_18-2">
<gml:timePosition>2021-06-03</gml:timePosition>
</devDate>
<orgGILvl>2500</orgGILvl>
<vis>表示</vis>
<pos>
<gml:Point gml:id="K11_4695312123_18-g" srsName="fguuid:jgd2011.bl">
<gml:pos>33.675391000 130.431254000</gml:pos>
</gml:Point>
</pos>
<sbaNo>25</sbaNo>
</SBAPt>
<SBAPt gml:id="K11_4695312123_19">
<fid>46953-12123-i-3223</fid>
<lfSpanFr gml:id="K11_4695312123_19-1">
<gml:timePosition>2020-08-27</gml:timePosition>
</lfSpanFr>
<devDate gml:id="K11_4695312123_19-2">
<gml:timePosition>2021-06-03</gml:timePosition>
</devDate>
<orgGILvl>2500</orgGILvl>
<vis>表示</vis>
<pos>
<gml:Point gml:id="K11_4695312123_19-g" srsName="fguuid:jgd2011.bl">
<gml:pos>33.675255000 130.433317000</gml:pos>
</gml:Point>
</pos>
<sbaNo>29</sbaNo>
</SBAPt>
<SBAPt gml:id="K11_4695312123_20">
<fid>46953-12123-i-3224</fid>
<lfSpanFr gml:id="K11_4695312123_20-1">
<gml:timePosition>2020-08-27</gml:timePosition>
</lfSpanFr>
<devDate gml:id="K11_4695312123_20-2">
<gml:timePosition>2021-06-03</gml:timePosition>
</devDate>
<orgGILvl>2500</orgGILvl>
<vis>表示</vis>
<pos>
<gml:Point gml:id="K11_4695312123_20-g" srsName="fguuid:jgd2011.bl">
<gml:pos>33.675324000 130.432932000</gml:pos>
</gml:Point>
</pos>
<sbaNo>28</sbaNo>
</SBAPt>
<SBAPt gml:id="K11_4695312123_21">
<fid>46953-12123-i-3225</fid>
<lfSpanFr gml:id="K11_4695312123_21-1">
<gml:timePosition>2020-08-27</gml:timePosition>
</lfSpanFr>
<devDate gml:id="K11_4695312123_21-2">
<gml:timePosition>2021-06-03</gml:timePosition>
</devDate>
<orgGILvl>2500</orgGILvl>
<vis>表示</vis>
<pos>
<gml:Point gml:id="K11_4695312123_21-g" srsName="fguuid:jgd2011.bl">
<gml:pos>33.677423000 130.431842000</gml:pos>
</gml:Point>
</pos>
<sbaNo>40</sbaNo>
</SBAPt>
<SBAPt gml:id="K11_4695312123_22">
<fid>46953-12123-i-3226</fid>
<lfSpanFr gml:id="K11_4695312123_22-1">
<gml:timePosition>2020-08-27</gml:timePosition>
</lfSpanFr>
<devDate gml:id="K11_4695312123_22-2">
<gml:timePosition>2021-06-03</gml:timePosition>
</devDate>
<orgGILvl>2500</orgGILvl>
<vis>表示</vis>
<pos>
<gml:Point gml:id="K11_4695312123_22-g" srsName="fguuid:jgd2011.bl">
<gml:pos>33.677008000 130.431161000</gml:pos>
</gml:Point>
</pos>
<sbaNo>39</sbaNo>
</SBAPt>
<SBAPt gml:id="K11_4695312123_23">
<fid>46953-12123-i-3227</fid>
<lfSpanFr gml:id="K11_4695312123_23-1">
<gml:timePosition>2020-08-27</gml:timePosition>
</lfSpanFr>
<devDate gml:id="K11_4695312123_23-2">
<gml:timePosition>2021-06-03</gml:timePosition>
</devDate>
<orgGILvl>2500</orgGILvl>
<vis>表示</vis>
<pos>
<gml:Point gml:id="K11_4695312123_23-g" srsName="fguuid:jgd2011.bl">
<gml:pos>33.675566447 130.427713222</gml:pos>
</gml:Point>
</pos>
<sbaNo>12</sbaNo>
</SBAPt>
<SBAPt gml:id="K11_4695312123_24">
<fid>46953-12123-i-3228</fid>
<lfSpanFr gml:id="K11_4695312123_24-1">
<gml:timePosition>2020-08-27</gml:timePosition>
</lfSpanFr>
<devDate gml:id="K11_4695312123_24-2">
<gml:timePosition>2021-06-03</gml:timePosition>
</devDate>
<orgGILvl>2500</orgGILvl>
<vis>表示</vis>
<pos>
<gml:Point gml:id="K11_4695312123_24-g" srsName="fguuid:jgd2011.bl">
<gml:pos>33.675925793 130.426451959</gml:pos>
</gml:Point>
</pos>
<sbaNo>10</sbaNo>
</SBAPt>
<SBAPt gml:id="K11_4695312123_25">
<fid>46953-12123-i-3229</fid>
<lfSpanFr gml:id="K11_4695312123_25-1">
<gml:timePosition>2020-08-27</gml:timePosition>
</lfSpanFr>
<devDate gml:id="K11_4695312123_25-2">
<gml:timePosition>2021-06-03</gml:timePosition>
</devDate>
<orgGILvl>2500</orgGILvl>
<vis>表示</vis>
<pos>
<gml:Point gml:id="K11_4695312123_25-g" srsName="fguuid:jgd2011.bl">
<gml:pos>33.675505643 130.430327802</gml:pos>
</gml:Point>
</pos>
<sbaNo>21</sbaNo>
</SBAPt>
<SBAPt gml:id="K11_4695312123_26">
<fid>46953-12123-i-3230</fid>
<lfSpanFr gml:id="K11_4695312123_26-1">
<gml:timePosition>2020-08-27</gml:timePosition>
</lfSpanFr>
<devDate gml:id="K11_4695312123_26-2">
<gml:timePosition>2021-06-03</gml:timePosition>
</devDate>
<orgGILvl>2500</orgGILvl>
<vis>表示</vis>
<pos>
<gml:Point gml:id="K11_4695312123_26-g" srsName="fguuid:jgd2011.bl">
<gml:pos>33.676734869 130.430073584</gml:pos>
</gml:Point>
</pos>
<sbaNo>22</sbaNo>
</SBAPt>
<SBAPt gml:id="K11_4695312123_27">
<fid>46953-12123-i-3231</fid>
<lfSpanFr gml:id="K11_4695312123_27-1">
<gml:timePosition>2020-08-27</gml:timePosition>
</lfSpanFr>
<devDate gml:id="K11_4695312123_27-2">
<gml:timePosition>2021-06-03</gml:timePosition>
</devDate>
<orgGILvl>2500</orgGILvl>
<vis>表示</vis>
<pos>
<gml:Point gml:id="K11_4695312123_27-g" srsName="fguuid:jgd2011.bl">
<gml:pos>33.675935883 130.431895808</gml:pos>
</gml:Point>
</pos>
<sbaNo>33</sbaNo>
</SBAPt>
<SBAPt gml:id="K11_4695312123_28">
<fid>46953-12123-i-3232</fid>
<lfSpanFr gml:id="K11_4695312123_28-1">
<gml:timePosition>2020-08-27</gml:timePosition>
</lfSpanFr>
<devDate gml:id="K11_4695312123_28-2">
<gml:timePosition>2021-06-03</gml:timePosition>
</devDate>
<orgGILvl>2500</orgGILvl>
<vis>表示</vis>
<pos>
<gml:Point gml:id="K11_4695312123_28-g" srsName="fguuid:jgd2011.bl">
<gml:pos>33.677254000 130.433129000</gml:pos>
</gml:Point>
</pos>
<sbaNo>10</sbaNo>
</SBAPt>
<SBAPt gml:id="K11_4695312123_29">
<fid>46953-12123-i-3233</fid>
<lfSpanFr gml:id="K11_4695312123_29-1">
<gml:timePosition>2020-08-27</gml:timePosition>
</lfSpanFr>
<devDate gml:id="K11_4695312123_29-2">
<gml:timePosition>2021-06-03</gml:timePosition>
</devDate>
<orgGILvl>2500</orgGILvl>
<vis>表示</vis>
<pos>
<gml:Point gml:id="K11_4695312123_29-g" srsName="fguuid:jgd2011.bl">
<gml:pos>33.678169000 130.432175000</gml:pos>
</gml:Point>
</pos>
<sbaNo>13</sbaNo>
</SBAPt>
<SBAPt gml:id="K11_4695312123_30">
<fid>46953-12123-i-3234</fid>
<lfSpanFr gml:id="K11_4695312123_30-1">
<gml:timePosition>2020-08-27</gml:timePosition>
</lfSpanFr>
<devDate gml:id="K11_4695312123_30-2">
<gml:timePosition>2021-06-03</gml:timePosition>
</devDate>
<orgGILvl>2500</orgGILvl>
<vis>表示</vis>
<pos>
<gml:Point gml:id="K11_4695312123_30-g" srsName="fguuid:jgd2011.bl">
<gml:pos>33.677885000 130.432483000</gml:pos>
</gml:Point>
</pos>
<sbaNo>12</sbaNo>
</SBAPt>
<SBAPt gml:id="K11_4695312123_31">
<fid>46953-12123-i-3235</fid>
<lfSpanFr gml:id="K11_4695312123_31-1">
<gml:timePosition>2020-08-27</gml:timePosition>
</lfSpanFr>
<devDate gml:id="K11_4695312123_31-2">
<gml:timePosition>2021-06-03</gml:timePosition>
</devDate>
<orgGILvl>2500</orgGILvl>
<vis>表示</vis>
<pos>
<gml:Point gml:id="K11_4695312123_31-g" srsName="fguuid:jgd2011.bl">
<gml:pos>33.677478000 130.432819000</gml:pos>
</gml:Point>
</pos>
<sbaNo>11</sbaNo>
</SBAPt>
<SBAPt gml:id="K11_4695312123_32">
<fid>46953-12123-i-3236</fid>
<lfSpanFr gml:id="K11_4695312123_32-1">
<gml:timePosition>2020-08-27</gml:timePosition>
</lfSpanFr>
<devDate gml:id="K11_4695312123_32-2">
<gml:timePosition>2021-06-03</gml:timePosition>
</devDate>
<orgGILvl>2500</orgGILvl>
<vis>表示</vis>
<pos>
<gml:Point gml:id="K11_4695312123_32-g" srsName="fguuid:jgd2011.bl">
<gml:pos>33.678118000 130.433011000</gml:pos>
</gml:Point>
</pos>
<sbaNo>16</sbaNo>
</SBAPt>
<SBAPt gml:id="K11_4695612120_1">
<fid>46956-12120-i-6139</fid>
<lfSpanFr gml:id="K11_4695612120_1-1">
<gml:timePosition>2020-08-27</gml:timePosition>
</lfSpanFr>
<devDate gml:id="K11_4695612120_1-2">
<gml:timePosition>2021-06-03</gml:timePosition>
</devDate>
<orgGILvl>2500</orgGILvl>
<vis>表示</vis>
<pos>
<gml:Point gml:id="K11_4695612120_1-g" srsName="fguuid:jgd2011.bl">
<gml:pos>33.669694000 130.435115000</gml:pos>
</gml:Point>
</pos>
<sbaNo>27</sbaNo>
</SBAPt>
<SBAPt gml:id="K11_4695612120_2">
<fid>46956-12120-i-6140</fid>
<lfSpanFr gml:id="K11_4695612120_2-1">
<gml:timePosition>2020-08-27</gml:timePosition>
</lfSpanFr>
<devDate gml:id="K11_4695612120_2-2">
<gml:timePosition>2021-06-03</gml:timePosition>
</devDate>
<orgGILvl>2500</orgGILvl>
<vis>表示</vis>
<pos>
<gml:Point gml:id="K11_4695612120_2-g" srsName="fguuid:jgd2011.bl">
<gml:pos>33.673138000 130.433927000</gml:pos>
</gml:Point>
</pos>
<sbaNo>7</sbaNo>
</SBAPt>
<SBAPt gml:id="K11_4695612120_3">
<fid>46956-12120-i-6141</fid>
<lfSpanFr gml:id="K11_4695612120_3-1">
<gml:timePosition>2020-08-27</gml:timePosition>
</lfSpanFr>
<devDate gml:id="K11_4695612120_3-2">
<gml:timePosition>2021-06-03</gml:timePosition>
</devDate>
<orgGILvl>2500</orgGILvl>
<vis>表示</vis>
<pos>
<gml:Point gml:id="K11_4695612120_3-g" srsName="fguuid:jgd2011.bl">
<gml:pos>33.673920000 130.433822000</gml:pos>
</gml:Point>
</pos>
<sbaNo>5</sbaNo>
</SBAPt>
<SBAPt gml:id="K11_4695612120_4">
<fid>46956-12120-i-6142</fid>
<lfSpanFr gml:id="K11_4695612120_4-1">
<gml:timePosition>2020-08-27</gml:timePosition>
</lfSpanFr>
<devDate gml:id="K11_4695612120_4-2">
<gml:timePosition>2021-06-03</gml:timePosition>
</devDate>
<orgGILvl>2500</orgGILvl>
<vis>表示</vis>
<pos>
<gml:Point gml:id="K11_4695612120_4-g" srsName="fguuid:jgd2011.bl">
<gml:pos>33.674437000 130.433938000</gml:pos>
</gml:Point>
</pos>
<sbaNo>4</sbaNo>
</SBAPt>
<SBAPt gml:id="K11_4695612120_5">
<fid>46956-12120-i-6143</fid>
<lfSpanFr gml:id="K11_4695612120_5-1">
<gml:timePosition>2020-08-27</gml:timePosition>
</lfSpanFr>
<devDate gml:id="K11_4695612120_5-2">
<gml:timePosition>2021-06-03</gml:timePosition>
</devDate>
<orgGILvl>2500</orgGILvl>
<vis>表示</vis>
<pos>
<gml:Point gml:id="K11_4695612120_5-g" srsName="fguuid:jgd2011.bl">
<gml:pos>33.672644000 130.433650000</gml:pos>
</gml:Point>
</pos>
<sbaNo>9</sbaNo>
</SBAPt>
<SBAPt gml:id="K11_4695612120_6">
<fid>46956-12120-i-6144</fid>
<lfSpanFr gml:id="K11_4695612120_6-1">
<gml:timePosition>2020-08-27</gml:timePosition>
</lfSpanFr>
<devDate gml:id="K11_4695612120_6-2">
<gml:timePosition>2021-06-03</gml:timePosition>
</devDate>
<orgGILvl>2500</orgGILvl>
<vis>表示</vis>
<pos>
<gml:Point gml:id="K11_4695612120_6-g" srsName="fguuid:jgd2011.bl">
<gml:pos>33.673172000 130.433415000</gml:pos>
</gml:Point>
</pos>
<sbaNo>8</sbaNo>
</SBAPt>
<SBAPt gml:id="K11_4695612120_7">
<fid>46956-12120-i-6145</fid>
<lfSpanFr gml:id="K11_4695612120_7-1">
<gml:timePosition>2020-08-27</gml:timePosition>
</lfSpanFr>
<devDate gml:id="K11_4695612120_7-2">
<gml:timePosition>2021-06-03</gml:timePosition>
</devDate>
<orgGILvl>2500</orgGILvl>
<vis>表示</vis>
<pos>
<gml:Point gml:id="K11_4695612120_7-g" srsName="fguuid:jgd2011.bl">
<gml:pos>33.671416000 130.435236000</gml:pos>
</gml:Point>
</pos>
<sbaNo>34</sbaNo>
</SBAPt>
<SBAPt gml:id="K11_4695612120_8">
<fid>46956-12120-i-6146</fid>
<lfSpanFr gml:id="K11_4695612120_8-1">
<gml:timePosition>2020-08-27</gml:timePosition>
</lfSpanFr>
<devDate gml:id="K11_4695612120_8-2">
<gml:timePosition>2021-06-03</gml:timePosition>
</devDate>
<orgGILvl>2500</orgGILvl>
<vis>表示</vis>
<pos>
<gml:Point gml:id="K11_4695612120_8-g" srsName="fguuid:jgd2011.bl">
<gml:pos>33.671720000 130.435411000</gml:pos>
</gml:Point>
</pos>
<sbaNo>33</sbaNo>
</SBAPt>
<SBAPt gml:id="K11_4695612120_9">
<fid>46956-12120-i-6147</fid>
<lfSpanFr gml:id="K11_4695612120_9-1">
<gml:timePosition>2020-08-27</gml:timePosition>
</lfSpanFr>
<devDate gml:id="K11_4695612120_9-2">
<gml:timePosition>2021-06-03</gml:timePosition>
</devDate>
<orgGILvl>2500</orgGILvl>
<vis>表示</vis>
<pos>
<gml:Point gml:id="K11_4695612120_9-g" srsName="fguuid:jgd2011.bl">
<gml:pos>33.672166000 130.435328000</gml:pos>
</gml:Point>
</pos>
<sbaNo>32</sbaNo>
</SBAPt>
<SBAPt gml:id="K11_4695612120_10">
<fid>46956-12120-i-6148</fid>
<lfSpanFr gml:id="K11_4695612120_10-1">
<gml:timePosition>2020-08-27</gml:timePosition>
</lfSpanFr>
<devDate gml:id="K11_4695612120_10-2">
<gml:timePosition>2021-06-03</gml:timePosition>
</devDate>
<orgGILvl>2500</orgGILvl>
<vis>表示</vis>
<pos>
<gml:Point gml:id="K11_4695612120_10-g" srsName="fguuid:jgd2011.bl">
<gml:pos>33.674384000 130.434612000</gml:pos>
</gml:Point>
</pos>
<sbaNo>3</sbaNo>
</SBAPt>
<SBAPt gml:id="K11_4695612120_11">
<fid>46956-12120-i-6149</fid>
<lfSpanFr gml:id="K11_4695612120_11-1">
<gml:timePosition>2020-08-27</gml:timePosition>
</lfSpanFr>
<devDate gml:id="K11_4695612120_11-2">
<gml:timePosition>2021-06-03</gml:timePosition>
</devDate>
<orgGILvl>2500</orgGILvl>
<vis>表示</vis>
<pos>
<gml:Point gml:id="K11_4695612120_11-g" srsName="fguuid:jgd2011.bl">
<gml:pos>33.673709000 130.434551000</gml:pos>
</gml:Point>
</pos>
<sbaNo>2</sbaNo>
</SBAPt>
<SBAPt gml:id="K11_4695612120_12">
<fid>46956-12120-i-6150</fid>
<lfSpanFr gml:id="K11_4695612120_12-1">
<gml:timePosition>2020-08-27</gml:timePosition>
</lfSpanFr>
<devDate gml:id="K11_4695612120_12-2">
<gml:timePosition>2021-06-03</gml:timePosition>
</devDate>
<orgGILvl>2500</orgGILvl>
<vis>表示</vis>
<pos>
<gml:Point gml:id="K11_4695612120_12-g" srsName="fguuid:jgd2011.bl">
<gml:pos>33.671001000 130.435058000</gml:pos>
</gml:Point>
</pos>
<sbaNo>35</sbaNo>
</SBAPt>
<SBAPt gml:id="K11_4695612120_13">
<fid>46956-12120-i-6151</fid>
<lfSpanFr gml:id="K11_4695612120_13-1">
<gml:timePosition>2020-08-27</gml:timePosition>
</lfSpanFr>
<devDate gml:id="K11_4695612120_13-2">
<gml:timePosition>2021-06-03</gml:timePosition>
</devDate>
<orgGILvl>2500</orgGILvl>
<vis>表示</vis>
<pos>
<gml:Point gml:id="K11_4695612120_13-g" srsName="fguuid:jgd2011.bl">
<gml:pos>33.670279000 130.436261000</gml:pos>
</gml:Point>
</pos>
<sbaNo>2</sbaNo>
</SBAPt>
<SBAPt gml:id="K11_4695612120_14">
<fid>46956-12120-i-6152</fid>
<lfSpanFr gml:id="K11_4695612120_14-1">
<gml:timePosition>2020-08-27</gml:timePosition>
</lfSpanFr>
<devDate gml:id="K11_4695612120_14-2">
<gml:timePosition>2021-06-03</gml:timePosition>
</devDate>
<orgGILvl>2500</orgGILvl>
<vis>表示</vis>
<pos>
<gml:Point gml:id="K11_4695612120_14-g" srsName="fguuid:jgd2011.bl">
<gml:pos>33.672708000 130.436221000</gml:pos>
</gml:Point>
</pos>
<sbaNo>28</sbaNo>
</SBAPt>
<SBAPt gml:id="K11_4695612120_15">
<fid>46956-12120-i-6153</fid>
<lfSpanFr gml:id="K11_4695612120_15-1">
<gml:timePosition>2020-08-27</gml:timePosition>
</lfSpanFr>
<devDate gml:id="K11_4695612120_15-2">
<gml:timePosition>2021-06-03</gml:timePosition>
</devDate>
<orgGILvl>2500</orgGILvl>
<vis>表示</vis>
<pos>
<gml:Point gml:id="K11_4695612120_15-g" srsName="fguuid:jgd2011.bl">
<gml:pos>33.673507000 130.435722000</gml:pos>
</gml:Point>
</pos>
<sbaNo>26</sbaNo>
</SBAPt>
<SBAPt gml:id="K11_4695612120_16">
<fid>46956-12120-i-6154</fid>
<lfSpanFr gml:id="K11_4695612120_16-1">
<gml:timePosition>2020-08-27</gml:timePosition>
</lfSpanFr>
<devDate gml:id="K11_4695612120_16-2">
<gml:timePosition>2021-06-03</gml:timePosition>
</devDate>
<orgGILvl>2500</orgGILvl>
<vis>表示</vis>
<pos>
<gml:Point gml:id="K11_4695612120_16-g" srsName="fguuid:jgd2011.bl">
<gml:pos>33.673186000 130.435296000</gml:pos>
</gml:Point>
</pos>
<sbaNo>25</sbaNo>
</SBAPt>
<SBAPt gml:id="K11_4695612120_17">
<fid>46956-12120-i-6155</fid>
<lfSpanFr gml:id="K11_4695612120_17-1">
<gml:timePosition>2020-08-27</gml:timePosition>
</lfSpanFr>
<devDate gml:id="K11_4695612120_17-2">
<gml:timePosition>2021-06-03</gml:timePosition>
</devDate>
<orgGILvl>2500</orgGILvl>
<vis>表示</vis>
<pos>
<gml:Point gml:id="K11_4695612120_17-g" srsName="fguuid:jgd2011.bl">
<gml:pos>33.672075000 130.435875000</gml:pos>
</gml:Point>
</pos>
<sbaNo>31</sbaNo>
</SBAPt>
<SBAPt gml:id="K11_4695612120_18">
<fid>46956-12120-i-6156</fid>
<lfSpanFr gml:id="K11_4695612120_18-1">
<gml:timePosition>2020-08-27</gml:timePosition>
</lfSpanFr>
<devDate gml:id="K11_4695612120_18-2">
<gml:timePosition>2021-06-03</gml:timePosition>
</devDate>
<orgGILvl>2500</orgGILvl>
<vis>表示</vis>
<pos>
<gml:Point gml:id="K11_4695612120_18-g" srsName="fguuid:jgd2011.bl">
<gml:pos>33.672673000 130.435611000</gml:pos>
</gml:Point>
</pos>
<sbaNo>30</sbaNo>
</SBAPt>
<SBAPt gml:id="K11_4695612120_19">
<fid>46956-12120-i-6157</fid>
<lfSpanFr gml:id="K11_4695612120_19-1">
<gml:timePosition>2020-08-27</gml:timePosition>
</lfSpanFr>
<devDate gml:id="K11_4695612120_19-2">
<gml:timePosition>2021-06-03</gml:timePosition>
</devDate>
<orgGILvl>2500</orgGILvl>
<vis>表示</vis>
<pos>
<gml:Point gml:id="K11_4695612120_19-g" srsName="fguuid:jgd2011.bl">
<gml:pos>33.673037000 130.435857000</gml:pos>
</gml:Point>
</pos>
<sbaNo>29</sbaNo>
</SBAPt>
<SBAPt gml:id="K11_4695612120_20">
<fid>46956-12120-i-6158</fid>
<lfSpanFr gml:id="K11_4695612120_20-1">
<gml:timePosition>2020-08-27</gml:timePosition>
</lfSpanFr>
<devDate gml:id="K11_4695612120_20-2">
<gml:timePosition>2021-06-03</gml:timePosition>
</devDate>
<orgGILvl>2500</orgGILvl>
<vis>表示</vis>
<pos>
<gml:Point gml:id="K11_4695612120_20-g" srsName="fguuid:jgd2011.bl">
<gml:pos>33.671205000 130.436498000</gml:pos>
</gml:Point>
</pos>
<sbaNo>5</sbaNo>
</SBAPt>
<SBAPt gml:id="K11_4695612120_21">
<fid>46956-12120-i-6159</fid>
<lfSpanFr gml:id="K11_4695612120_21-1">
<gml:timePosition>2020-08-27</gml:timePosition>
</lfSpanFr>
<devDate gml:id="K11_4695612120_21-2">
<gml:timePosition>2021-06-03</gml:timePosition>
</devDate>
<orgGILvl>2500</orgGILvl>
<vis>表示</vis>
<pos>
<gml:Point gml:id="K11_4695612120_21-g" srsName="fguuid:jgd2011.bl">
<gml:pos>33.670992000 130.436017000</gml:pos>
</gml:Point>
</pos>
<sbaNo>4</sbaNo>
</SBAPt>
<SBAPt gml:id="K11_4695612120_22">
<fid>46956-12120-i-6160</fid>
<lfSpanFr gml:id="K11_4695612120_22-1">
<gml:timePosition>2020-08-27</gml:timePosition>
</lfSpanFr>
<devDate gml:id="K11_4695612120_22-2">
<gml:timePosition>2021-06-03</gml:timePosition>
</devDate>
<orgGILvl>2500</orgGILvl>
<vis>表示</vis>
<pos>
<gml:Point gml:id="K11_4695612120_22-g" srsName="fguuid:jgd2011.bl">
<gml:pos>33.670711000 130.435655000</gml:pos>
</gml:Point>
</pos>
<sbaNo>3</sbaNo>
</SBAPt>
<SBAPt gml:id="K11_4695612120_23">
<fid>46956-12120-i-6161</fid>
<lfSpanFr gml:id="K11_4695612120_23-1">
<gml:timePosition>2020-08-27</gml:timePosition>
</lfSpanFr>
<devDate gml:id="K11_4695612120_23-2">
<gml:timePosition>2021-06-03</gml:timePosition>
</devDate>
<orgGILvl>2500</orgGILvl>
<vis>表示</vis>
<pos>
<gml:Point gml:id="K11_4695612120_23-g" srsName="fguuid:jgd2011.bl">
<gml:pos>33.674130000 130.435532000</gml:pos>
</gml:Point>
</pos>
<sbaNo>24</sbaNo>
</SBAPt>
<SBAPt gml:id="K11_4695612120_24">
<fid>46956-12120-i-6162</fid>
<lfSpanFr gml:id="K11_4695612120_24-1">
<gml:timePosition>2020-08-27</gml:timePosition>
</lfSpanFr>
<devDate gml:id="K11_4695612120_24-2">
<gml:timePosition>2021-06-03</gml:timePosition>
</devDate>
<orgGILvl>2500</orgGILvl>
<vis>表示</vis>
<pos>
<gml:Point gml:id="K11_4695612120_24-g" srsName="fguuid:jgd2011.bl">
<gml:pos>33.674998000 130.435850000</gml:pos>
</gml:Point>
</pos>
<sbaNo>20</sbaNo>
</SBAPt>
<SBAPt gml:id="K11_4695612120_25">
<fid>46956-12120-i-6163</fid>
<lfSpanFr gml:id="K11_4695612120_25-1">
<gml:timePosition>2020-08-27</gml:timePosition>
</lfSpanFr>
<devDate gml:id="K11_4695612120_25-2">
<gml:timePosition>2021-06-03</gml:timePosition>
</devDate>
<orgGILvl>2500</orgGILvl>
<vis>表示</vis>
<pos>
<gml:Point gml:id="K11_4695612120_25-g" srsName="fguuid:jgd2011.bl">
<gml:pos>33.673943000 130.435978000</gml:pos>
</gml:Point>
</pos>
<sbaNo>18</sbaNo>
</SBAPt>
<SBAPt gml:id="K11_4695612120_26">
<fid>46956-12120-i-6164</fid>
<lfSpanFr gml:id="K11_4695612120_26-1">
<gml:timePosition>2020-08-27</gml:timePosition>
</lfSpanFr>
<devDate gml:id="K11_4695612120_26-2">
<gml:timePosition>2021-06-03</gml:timePosition>
</devDate>
<orgGILvl>2500</orgGILvl>
<vis>表示</vis>
<pos>
<gml:Point gml:id="K11_4695612120_26-g" srsName="fguuid:jgd2011.bl">
<gml:pos>33.671135000 130.433667000</gml:pos>
</gml:Point>
</pos>
<sbaNo>8</sbaNo>
</SBAPt>
<SBAPt gml:id="K11_4695612120_27">
<fid>46956-12120-i-6165</fid>
<lfSpanFr gml:id="K11_4695612120_27-1">
<gml:timePosition>2020-08-27</gml:timePosition>
</lfSpanFr>
<devDate gml:id="K11_4695612120_27-2">
<gml:timePosition>2021-06-03</gml:timePosition>
</devDate>
<orgGILvl>2500</orgGILvl>
<vis>表示</vis>
<pos>
<gml:Point gml:id="K11_4695612120_27-g" srsName="fguuid:jgd2011.bl">
<gml:pos>33.670693000 130.433401000</gml:pos>
</gml:Point>
</pos>
<sbaNo>7</sbaNo>
</SBAPt>
<SBAPt gml:id="K11_4695612120_28">
<fid>46956-12120-i-6166</fid>
<lfSpanFr gml:id="K11_4695612120_28-1">
<gml:timePosition>2020-08-27</gml:timePosition>
</lfSpanFr>
<devDate gml:id="K11_4695612120_28-2">
<gml:timePosition>2021-06-03</gml:timePosition>
</devDate>
<orgGILvl>2500</orgGILvl>
<vis>表示</vis>
<pos>
<gml:Point gml:id="K11_4695612120_28-g" srsName="fguuid:jgd2011.bl">
<gml:pos>33.671404000 130.434351000</gml:pos>
</gml:Point>
</pos>
<sbaNo>6</sbaNo>
</SBAPt>
<SBAPt gml:id="K11_4695612120_29">
<fid>46956-12120-i-6167</fid>
<lfSpanFr gml:id="K11_4695612120_29-1">
<gml:timePosition>2020-08-27</gml:timePosition>
</lfSpanFr>
<devDate gml:id="K11_4695612120_29-2">
<gml:timePosition>2021-06-03</gml:timePosition>
</devDate>
<orgGILvl>2500</orgGILvl>
<vis>表示</vis>
<pos>
<gml:Point gml:id="K11_4695612120_29-g" srsName="fguuid:jgd2011.bl">
<gml:pos>33.671774000 130.433517000</gml:pos>
</gml:Point>
</pos>
<sbaNo>10</sbaNo>
</SBAPt>
<SBAPt gml:id="K11_4695612120_30">
<fid>46956-12120-i-6168</fid>
<lfSpanFr gml:id="K11_4695612120_30-1">
<gml:timePosition>2020-08-27</gml:timePosition>
</lfSpanFr>
<devDate gml:id="K11_4695612120_30-2">
<gml:timePosition>2021-06-03</gml:timePosition>
</devDate>
<orgGILvl>2500</orgGILvl>
<vis>表示</vis>
<pos>
<gml:Point gml:id="K11_4695612120_30-g" srsName="fguuid:jgd2011.bl">
<gml:pos>33.671574000 130.433774000</gml:pos>
</gml:Point>
</pos>
<sbaNo>9</sbaNo>
</SBAPt>
<SBAPt gml:id="K11_4695612120_31">
<fid>46956-12120-i-6169</fid>
<lfSpanFr gml:id="K11_4695612120_31-1">
<gml:timePosition>2020-08-27</gml:timePosition>
</lfSpanFr>
<devDate gml:id="K11_4695612120_31-2">
<gml:timePosition>2021-06-03</gml:timePosition>
</devDate>
<orgGILvl>2500</orgGILvl>
<vis>表示</vis>
<pos>
<gml:Point gml:id="K11_4695612120_31-g" srsName="fguuid:jgd2011.bl">
<gml:pos>33.669695575 130.433732458</gml:pos>
</gml:Point>
</pos>
<sbaNo>2</sbaNo>
</SBAPt>
<SBAPt gml:id="K11_4695612120_32">
<fid>46956-12120-i-6170</fid>
<lfSpanFr gml:id="K11_4695612120_32-1">
<gml:timePosition>2020-08-27</gml:timePosition>
</lfSpanFr>
<devDate gml:id="K11_4695612120_32-2">
<gml:timePosition>2021-06-03</gml:timePosition>
</devDate>
<orgGILvl>2500</orgGILvl>
<vis>表示</vis>
<pos>
<gml:Point gml:id="K11_4695612120_32-g" srsName="fguuid:jgd2011.bl">
<gml:pos>33.668145000 130.433371000</gml:pos>
</gml:Point>
</pos>
<sbaNo>2</sbaNo>
</SBAPt>
<SBAPt gml:id="K11_4695612120_33">
<fid>46956-12120-i-6171</fid>
<lfSpanFr gml:id="K11_4695612120_33-1">
<gml:timePosition>2020-08-27</gml:timePosition>
</lfSpanFr>
<devDate gml:id="K11_4695612120_33-2">
<gml:timePosition>2021-06-03</gml:timePosition>
</devDate>
<orgGILvl>2500</orgGILvl>
<vis>表示</vis>
<pos>
<gml:Point gml:id="K11_4695612120_33-g" srsName="fguuid:jgd2011.bl">
<gml:pos>33.670546000 130.434336000</gml:pos>
</gml:Point>
</pos>
<sbaNo>5</sbaNo>
</SBAPt>
<SBAPt gml:id="K11_4695612120_34">
<fid>46956-12120-i-6172</fid>
<lfSpanFr gml:id="K11_4695612120_34-1">
<gml:timePosition>2020-08-27</gml:timePosition>
</lfSpanFr>
<devDate gml:id="K11_4695612120_34-2">
<gml:timePosition>2021-06-03</gml:timePosition>
</devDate>
<orgGILvl>2500</orgGILvl>
<vis>表示</vis>
<pos>
<gml:Point gml:id="K11_4695612120_34-g" srsName="fguuid:jgd2011.bl">
<gml:pos>33.670380000 130.434047000</gml:pos>
</gml:Point>
</pos>
<sbaNo>4</sbaNo>
</SBAPt>
<SBAPt gml:id="K11_4695612120_35">
<fid>46956-12120-i-6173</fid>
<lfSpanFr gml:id="K11_4695612120_35-1">
<gml:timePosition>2020-08-27</gml:timePosition>
</lfSpanFr>
<devDate gml:id="K11_4695612120_35-2">
<gml:timePosition>2021-06-03</gml:timePosition>
</devDate>
<orgGILvl>2500</orgGILvl>
<vis>表示</vis>
<pos>
<gml:Point gml:id="K11_4695612120_35-g" srsName="fguuid:jgd2011.bl">
<gml:pos>33.670073000 130.433854000</gml:pos>
</gml:Point>
</pos>
<sbaNo>3</sbaNo>
</SBAPt>
<SBAPt gml:id="K11_4695612120_36">
<fid>46956-12120-i-6174</fid>
<lfSpanFr gml:id="K11_4695612120_36-1">
<gml:timePosition>2020-08-27</gml:timePosition>
</lfSpanFr>
<devDate gml:id="K11_4695612120_36-2">
<gml:timePosition>2021-06-03</gml:timePosition>
</devDate>
<orgGILvl>2500</orgGILvl>
<vis>表示</vis>
<pos>
<gml:Point gml:id="K11_4695612120_36-g" srsName="fguuid:jgd2011.bl">
<gml:pos>33.674837575 130.435400805</gml:pos>
</gml:Point>
</pos>
<sbaNo>23</sbaNo>
</SBAPt>
<SBAPt gml:id="K11_4695612120_37">
<fid>46956-12120-i-6175</fid>
<lfSpanFr gml:id="K11_4695612120_37-1">
<gml:timePosition>2020-08-27</gml:timePosition>
</lfSpanFr>
<devDate gml:id="K11_4695612120_37-2">
<gml:timePosition>2021-06-03</gml:timePosition>
</devDate>
<orgGILvl>2500</orgGILvl>
<vis>表示</vis>
<pos>
<gml:Point gml:id="K11_4695612120_37-g" srsName="fguuid:jgd2011.bl">
<gml:pos>33.669797738 130.434420188</gml:pos>
</gml:Point>
</pos>
<sbaNo>1</sbaNo>
</SBAPt>
<SBAPt gml:id="K11_4695612120_38">
<fid>46956-12120-i-6176</fid>
<lfSpanFr gml:id="K11_4695612120_38-1">
<gml:timePosition>2020-08-27</gml:timePosition>
</lfSpanFr>
<devDate gml:id="K11_4695612120_38-2">
<gml:timePosition>2021-06-03</gml:timePosition>
</devDate>
<orgGILvl>2500</orgGILvl>
<vis>表示</vis>
<pos>
<gml:Point gml:id="K11_4695612120_38-g" srsName="fguuid:jgd2011.bl">
<gml:pos>33.672704030 130.434449893</gml:pos>
</gml:Point>
</pos>
<sbaNo>1</sbaNo>
</SBAPt>
<SBAPt gml:id="K11_4695612120_39">
<fid>46956-12120-i-6177</fid>
<lfSpanFr gml:id="K11_4695612120_39-1">
<gml:timePosition>2020-08-27</gml:timePosition>
</lfSpanFr>
<devDate gml:id="K11_4695612120_39-2">
<gml:timePosition>2021-06-03</gml:timePosition>
</devDate>
<orgGILvl>2500</orgGILvl>
<vis>表示</vis>
<pos>
<gml:Point gml:id="K11_4695612120_39-g" srsName="fguuid:jgd2011.bl">
<gml:pos>33.673395346 130.436271881</gml:pos>
</gml:Point>
</pos>
<sbaNo>27</sbaNo>
</SBAPt>
<SBAPt gml:id="K11_4695612120_40">
<fid>46956-12120-i-6178</fid>
<lfSpanFr gml:id="K11_4695612120_40-1">
<gml:timePosition>2020-08-27</gml:timePosition>
</lfSpanFr>
<devDate gml:id="K11_4695612120_40-2">
<gml:timePosition>2021-06-03</gml:timePosition>
</devDate>
<orgGILvl>2500</orgGILvl>
<vis>表示</vis>
<pos>
<gml:Point gml:id="K11_4695612120_40-g" srsName="fguuid:jgd2011.bl">
<gml:pos>33.674528867 130.435868420</gml:pos>
</gml:Point>
</pos>
<sbaNo>19</sbaNo>
</SBAPt>
<SBAPt gml:id="K11_4695612120_41">
<fid>46956-12120-i-6179</fid>
<lfSpanFr gml:id="K11_4695612120_41-1">
<gml:timePosition>2020-08-27</gml:timePosition>
</lfSpanFr>
<devDate gml:id="K11_4695612120_41-2">
<gml:timePosition>2021-06-03</gml:timePosition>
</devDate>
<orgGILvl>2500</orgGILvl>
<vis>表示</vis>
<pos>
<gml:Point gml:id="K11_4695612120_41-g" srsName="fguuid:jgd2011.bl">
<gml:pos>33.673495468 130.433737778</gml:pos>
</gml:Point>
</pos>
<sbaNo>6</sbaNo>
</SBAPt>
<SBAPt gml:id="K11_4695612120_42">
<fid>46956-12120-i-6180</fid>
<lfSpanFr gml:id="K11_4695612120_42-1">
<gml:timePosition>2020-08-27</gml:timePosition>
</lfSpanFr>
<devDate gml:id="K11_4695612120_42-2">
<gml:timePosition>2021-06-03</gml:timePosition>
</devDate>
<orgGILvl>2500</orgGILvl>
<vis>表示</vis>
<pos>
<gml:Point gml:id="K11_4695612120_42-g" srsName="fguuid:jgd2011.bl">
<gml:pos>33.674478000 130.436337000</gml:pos>
</gml:Point>
</pos>
<sbaNo>20</sbaNo>
</SBAPt>
<SBAPt gml:id="K11_4695612120_43">
<fid>46956-12120-i-6181</fid>
<lfSpanFr gml:id="K11_4695612120_43-1">
<gml:timePosition>2020-08-27</gml:timePosition>
</lfSpanFr>
<devDate gml:id="K11_4695612120_43-2">
<gml:timePosition>2021-06-03</gml:timePosition>
</devDate>
<orgGILvl>2500</orgGILvl>
<vis>表示</vis>
<pos>
<gml:Point gml:id="K11_4695612120_43-g" srsName="fguuid:jgd2011.bl">
<gml:pos>33.674699619 130.436481187</gml:pos>
</gml:Point>
</pos>
<sbaNo>19</sbaNo>
</SBAPt>
<SBAPt gml:id="K11_4695612120_44">
<fid>46956-12120-i-6182</fid>
<lfSpanFr gml:id="K11_4695612120_44-1">
<gml:timePosition>2020-08-27</gml:timePosition>
</lfSpanFr>
<devDate gml:id="K11_4695612120_44-2">
<gml:timePosition>2021-06-03</gml:timePosition>
</devDate>
<orgGILvl>2500</orgGILvl>
<vis>表示</vis>
<pos>
<gml:Point gml:id="K11_4695612120_44-g" srsName="fguuid:jgd2011.bl">
<gml:pos>33.668134182 130.435886745</gml:pos>
</gml:Point>
</pos>
<sbaNo>26</sbaNo>
</SBAPt>
<SBAPt gml:id="K11_4695612123_1">
<fid>46956-12123-i-5014</fid>
<lfSpanFr gml:id="K11_4695612123_1-1">
<gml:timePosition>2020-08-27</gml:timePosition>
</lfSpanFr>
<devDate gml:id="K11_4695612123_1-2">
<gml:timePosition>2021-06-03</gml:timePosition>
</devDate>
<orgGILvl>2500</orgGILvl>
<vis>表示</vis>
<pos>
<gml:Point gml:id="K11_4695612123_1-g" srsName="fguuid:jgd2011.bl">
<gml:pos>33.675302000 130.434055000</gml:pos>
</gml:Point>
</pos>
<sbaNo>30</sbaNo>
</SBAPt>
<SBAPt gml:id="K11_4695612123_2">
<fid>46956-12123-i-5015</fid>
<lfSpanFr gml:id="K11_4695612123_2-1">
<gml:timePosition>2020-08-27</gml:timePosition>
</lfSpanFr>
<devDate gml:id="K11_4695612123_2-2">
<gml:timePosition>2021-06-03</gml:timePosition>
</devDate>
<orgGILvl>2500</orgGILvl>
<vis>表示</vis>
<pos>
<gml:Point gml:id="K11_4695612123_2-g" srsName="fguuid:jgd2011.bl">
<gml:pos>33.675288123 130.435499888</gml:pos>
</gml:Point>
</pos>
<sbaNo>21</sbaNo>
</SBAPt>
<SBAPt gml:id="K11_4695612123_3">
<fid>46956-12123-i-5016</fid>
<lfSpanFr gml:id="K11_4695612123_3-1">
<gml:timePosition>2020-08-27</gml:timePosition>
</lfSpanFr>
<devDate gml:id="K11_4695612123_3-2">
<gml:timePosition>2021-06-03</gml:timePosition>
</devDate>
<orgGILvl>2500</orgGILvl>
<vis>表示</vis>
<pos>
<gml:Point gml:id="K11_4695612123_3-g" srsName="fguuid:jgd2011.bl">
<gml:pos>33.675353679 130.435374430</gml:pos>
</gml:Point>
</pos>
<sbaNo>22</sbaNo>
</SBAPt>
<SBAPt gml:id="K11_4695612123_4">
<fid>46956-12123-i-5017</fid>
<lfSpanFr gml:id="K11_4695612123_4-1">
<gml:timePosition>2020-08-27</gml:timePosition>
</lfSpanFr>
<devDate gml:id="K11_4695612123_4-2">
<gml:timePosition>2021-06-03</gml:timePosition>
</devDate>
<orgGILvl>2500</orgGILvl>
<vis>表示</vis>
<pos>
<gml:Point gml:id="K11_4695612123_4-g" srsName="fguuid:jgd2011.bl">
<gml:pos>33.676832000 130.433975000</gml:pos>
</gml:Point>
</pos>
<sbaNo>7</sbaNo>
</SBAPt>
<SBAPt gml:id="K11_4695612123_5">
<fid>46956-12123-i-5018</fid>
<lfSpanFr gml:id="K11_4695612123_5-1">
<gml:timePosition>2020-08-27</gml:timePosition>
</lfSpanFr>
<devDate gml:id="K11_4695612123_5-2">
<gml:timePosition>2021-06-03</gml:timePosition>
</devDate>
<orgGILvl>2500</orgGILvl>
<vis>表示</vis>
<pos>
<gml:Point gml:id="K11_4695612123_5-g" srsName="fguuid:jgd2011.bl">
<gml:pos>33.676641000 130.434199000</gml:pos>
</gml:Point>
</pos>
<sbaNo>6</sbaNo>
</SBAPt>
<SBAPt gml:id="K11_4695612123_6">
<fid>46956-12123-i-5019</fid>
<lfSpanFr gml:id="K11_4695612123_6-1">
<gml:timePosition>2020-08-27</gml:timePosition>
</lfSpanFr>
<devDate gml:id="K11_4695612123_6-2">
<gml:timePosition>2021-06-03</gml:timePosition>
</devDate>
<orgGILvl>2500</orgGILvl>
<vis>表示</vis>
<pos>
<gml:Point gml:id="K11_4695612123_6-g" srsName="fguuid:jgd2011.bl">
<gml:pos>33.676449000 130.434438000</gml:pos>
</gml:Point>
</pos>
<sbaNo>5</sbaNo>
</SBAPt>
<SBAPt gml:id="K11_4695612123_7">
<fid>46956-12123-i-5020</fid>
<lfSpanFr gml:id="K11_4695612123_7-1">
<gml:timePosition>2020-08-27</gml:timePosition>
</lfSpanFr>
<devDate gml:id="K11_4695612123_7-2">
<gml:timePosition>2021-06-03</gml:timePosition>
</devDate>
<orgGILvl>2500</orgGILvl>
<vis>表示</vis>
<pos>
<gml:Point gml:id="K11_4695612123_7-g" srsName="fguuid:jgd2011.bl">
<gml:pos>33.677169000 130.433456000</gml:pos>
</gml:Point>
</pos>
<sbaNo>9</sbaNo>
</SBAPt>
<SBAPt gml:id="K11_4695612123_8">
<fid>46956-12123-i-5021</fid>
<lfSpanFr gml:id="K11_4695612123_8-1">
<gml:timePosition>2020-08-27</gml:timePosition>
</lfSpanFr>
<devDate gml:id="K11_4695612123_8-2">
<gml:timePosition>2021-06-03</gml:timePosition>
</devDate>
<orgGILvl>2500</orgGILvl>
<vis>表示</vis>
<pos>
<gml:Point gml:id="K11_4695612123_8-g" srsName="fguuid:jgd2011.bl">
<gml:pos>33.676990000 130.433702000</gml:pos>
</gml:Point>
</pos>
<sbaNo>8</sbaNo>
</SBAPt>
<SBAPt gml:id="K11_4695612123_9">
<fid>46956-12123-i-5022</fid>
<lfSpanFr gml:id="K11_4695612123_9-1">
<gml:timePosition>2020-08-27</gml:timePosition>
</lfSpanFr>
<devDate gml:id="K11_4695612123_9-2">
<gml:timePosition>2021-06-03</gml:timePosition>
</devDate>
<orgGILvl>2500</orgGILvl>
<vis>表示</vis>
<pos>
<gml:Point gml:id="K11_4695612123_9-g" srsName="fguuid:jgd2011.bl">
<gml:pos>33.677324000 130.435472000</gml:pos>
</gml:Point>
</pos>
<sbaNo>10</sbaNo>
</SBAPt>
<SBAPt gml:id="K11_4695612123_10">
<fid>46956-12123-i-5023</fid>
<lfSpanFr gml:id="K11_4695612123_10-1">
<gml:timePosition>2020-08-27</gml:timePosition>
</lfSpanFr>
<devDate gml:id="K11_4695612123_10-2">
<gml:timePosition>2021-06-03</gml:timePosition>
</devDate>
<orgGILvl>2500</orgGILvl>
<vis>表示</vis>
<pos>
<gml:Point gml:id="K11_4695612123_10-g" srsName="fguuid:jgd2011.bl">
<gml:pos>33.677300000 130.435822000</gml:pos>
</gml:Point>
</pos>
<sbaNo>9</sbaNo>
</SBAPt>
<SBAPt gml:id="K11_4695612123_11">
<fid>46956-12123-i-5024</fid>
<lfSpanFr gml:id="K11_4695612123_11-1">
<gml:timePosition>2020-08-27</gml:timePosition>
</lfSpanFr>
<devDate gml:id="K11_4695612123_11-2">
<gml:timePosition>2021-06-03</gml:timePosition>
</devDate>
<orgGILvl>2500</orgGILvl>
<vis>表示</vis>
<pos>
<gml:Point gml:id="K11_4695612123_11-g" srsName="fguuid:jgd2011.bl">
<gml:pos>33.677241000 130.436267000</gml:pos>
</gml:Point>
</pos>
<sbaNo>8</sbaNo>
</SBAPt>
<SBAPt gml:id="K11_4695612123_12">
<fid>46956-12123-i-5025</fid>
<lfSpanFr gml:id="K11_4695612123_12-1">
<gml:timePosition>2020-08-27</gml:timePosition>
</lfSpanFr>
<devDate gml:id="K11_4695612123_12-2">
<gml:timePosition>2021-06-03</gml:timePosition>
</devDate>
<orgGILvl>2500</orgGILvl>
<vis>表示</vis>
<pos>
<gml:Point gml:id="K11_4695612123_12-g" srsName="fguuid:jgd2011.bl">
<gml:pos>33.677087000 130.434936000</gml:pos>
</gml:Point>
</pos>
<sbaNo>4</sbaNo>
</SBAPt>
<SBAPt gml:id="K11_4695612123_13">
<fid>46956-12123-i-5026</fid>
<lfSpanFr gml:id="K11_4695612123_13-1">
<gml:timePosition>2020-08-27</gml:timePosition>
</lfSpanFr>
<devDate gml:id="K11_4695612123_13-2">
<gml:timePosition>2021-06-03</gml:timePosition>
</devDate>
<orgGILvl>2500</orgGILvl>
<vis>表示</vis>
<pos>
<gml:Point gml:id="K11_4695612123_13-g" srsName="fguuid:jgd2011.bl">
<gml:pos>33.676238000 130.434917000</gml:pos>
</gml:Point>
</pos>
<sbaNo>3</sbaNo>
</SBAPt>
<SBAPt gml:id="K11_4695612123_14">
<fid>46956-12123-i-5027</fid>
<lfSpanFr gml:id="K11_4695612123_14-1">
<gml:timePosition>2020-08-27</gml:timePosition>
</lfSpanFr>
<devDate gml:id="K11_4695612123_14-2">
<gml:timePosition>2021-06-03</gml:timePosition>
</devDate>
<orgGILvl>2500</orgGILvl>
<vis>表示</vis>
<pos>
<gml:Point gml:id="K11_4695612123_14-g" srsName="fguuid:jgd2011.bl">
<gml:pos>33.675760000 130.434840000</gml:pos>
</gml:Point>
</pos>
<sbaNo>2</sbaNo>
</SBAPt>
<SBAPt gml:id="K11_4695612123_15">
<fid>46956-12123-i-5028</fid>
<lfSpanFr gml:id="K11_4695612123_15-1">
<gml:timePosition>2020-08-27</gml:timePosition>
</lfSpanFr>
<devDate gml:id="K11_4695612123_15-2">
<gml:timePosition>2021-06-03</gml:timePosition>
</devDate>
<orgGILvl>2500</orgGILvl>
<vis>表示</vis>
<pos>
<gml:Point gml:id="K11_4695612123_15-g" srsName="fguuid:jgd2011.bl">
<gml:pos>33.677664000 130.434291000</gml:pos>
</gml:Point>
</pos>
<sbaNo>20</sbaNo>
</SBAPt>
<SBAPt gml:id="K11_4695612123_16">
<fid>46956-12123-i-5029</fid>
<lfSpanFr gml:id="K11_4695612123_16-1">
<gml:timePosition>2020-08-27</gml:timePosition>
</lfSpanFr>
<devDate gml:id="K11_4695612123_16-2">
<gml:timePosition>2021-06-03</gml:timePosition>
</devDate>
<orgGILvl>2500</orgGILvl>
<vis>表示</vis>
<pos>
<gml:Point gml:id="K11_4695612123_16-g" srsName="fguuid:jgd2011.bl">
<gml:pos>33.677720000 130.433911000</gml:pos>
</gml:Point>
</pos>
<sbaNo>19</sbaNo>
</SBAPt>
<SBAPt gml:id="K11_4695612123_17">
<fid>46956-12123-i-5030</fid>
<lfSpanFr gml:id="K11_4695612123_17-1">
<gml:timePosition>2020-08-27</gml:timePosition>
</lfSpanFr>
<devDate gml:id="K11_4695612123_17-2">
<gml:timePosition>2021-06-03</gml:timePosition>
</devDate>
<orgGILvl>2500</orgGILvl>
<vis>表示</vis>
<pos>
<gml:Point gml:id="K11_4695612123_17-g" srsName="fguuid:jgd2011.bl">
<gml:pos>33.677814000 130.433586000</gml:pos>
</gml:Point>
</pos>
<sbaNo>18</sbaNo>
</SBAPt>
<SBAPt gml:id="K11_4695612123_18">
<fid>46956-12123-i-5031</fid>
<lfSpanFr gml:id="K11_4695612123_18-1">
<gml:timePosition>2020-08-27</gml:timePosition>
</lfSpanFr>
<devDate gml:id="K11_4695612123_18-2">
<gml:timePosition>2021-06-03</gml:timePosition>
</devDate>
<orgGILvl>2500</orgGILvl>
<vis>表示</vis>
<pos>
<gml:Point gml:id="K11_4695612123_18-g" srsName="fguuid:jgd2011.bl">
<gml:pos>33.677932000 130.433346000</gml:pos>
</gml:Point>
</pos>
<sbaNo>17</sbaNo>
</SBAPt>
<SBAPt gml:id="K11_4695612123_19">
<fid>46956-12123-i-5032</fid>
<lfSpanFr gml:id="K11_4695612123_19-1">
<gml:timePosition>2020-08-27</gml:timePosition>
</lfSpanFr>
<devDate gml:id="K11_4695612123_19-2">
<gml:timePosition>2021-06-03</gml:timePosition>
</devDate>
<orgGILvl>2500</orgGILvl>
<vis>表示</vis>
<pos>
<gml:Point gml:id="K11_4695612123_19-g" srsName="fguuid:jgd2011.bl">
<gml:pos>33.675534000 130.435892000</gml:pos>
</gml:Point>
</pos>
<sbaNo>21</sbaNo>
</SBAPt>
<SBAPt gml:id="K11_4695612123_20">
<fid>46956-12123-i-5033</fid>
<lfSpanFr gml:id="K11_4695612123_20-1">
<gml:timePosition>2020-08-27</gml:timePosition>
</lfSpanFr>
<devDate gml:id="K11_4695612123_20-2">
<gml:timePosition>2021-06-03</gml:timePosition>
</devDate>
<orgGILvl>2500</orgGILvl>
<vis>表示</vis>
<pos>
<gml:Point gml:id="K11_4695612123_20-g" srsName="fguuid:jgd2011.bl">
<gml:pos>33.676006098 130.435426094</gml:pos>
</gml:Point>
</pos>
<sbaNo>24</sbaNo>
</SBAPt>
<SBAPt gml:id="K11_4695612123_21">
<fid>46956-12123-i-5034</fid>
<lfSpanFr gml:id="K11_4695612123_21-1">
<gml:timePosition>2020-08-27</gml:timePosition>
</lfSpanFr>
<devDate gml:id="K11_4695612123_21-2">
<gml:timePosition>2021-06-03</gml:timePosition>
</devDate>
<orgGILvl>2500</orgGILvl>
<vis>表示</vis>
<pos>
<gml:Point gml:id="K11_4695612123_21-g" srsName="fguuid:jgd2011.bl">
<gml:pos>33.675454045 130.434859646</gml:pos>
</gml:Point>
</pos>
<sbaNo>1</sbaNo>
</SBAPt>
<SBAPt gml:id="K11_4695612123_22">
<fid>46956-12123-i-5035</fid>
<lfSpanFr gml:id="K11_4695612123_22-1">
<gml:timePosition>2020-08-27</gml:timePosition>
</lfSpanFr>
<devDate gml:id="K11_4695612123_22-2">
<gml:timePosition>2021-06-03</gml:timePosition>
</devDate>
<orgGILvl>2500</orgGILvl>
<vis>表示</vis>
<pos>
<gml:Point gml:id="K11_4695612123_22-g" srsName="fguuid:jgd2011.bl">
<gml:pos>33.675836765 130.436135802</gml:pos>
</gml:Point>
</pos>
<sbaNo>22</sbaNo>
</SBAPt>
<SBAPt gml:id="K11_4695612123_23">
<fid>46956-12123-i-5036</fid>
<lfSpanFr gml:id="K11_4695612123_23-1">
<gml:timePosition>2020-08-27</gml:timePosition>
</lfSpanFr>
<devDate gml:id="K11_4695612123_23-2">
<gml:timePosition>2021-06-03</gml:timePosition>
</devDate>
<orgGILvl>2500</orgGILvl>
<vis>表示</vis>
<pos>
<gml:Point gml:id="K11_4695612123_23-g" srsName="fguuid:jgd2011.bl">
<gml:pos>33.676351647 130.436277413</gml:pos>
</gml:Point>
</pos>
<sbaNo>23</sbaNo>
</SBAPt>
<SBAPt gml:id="K11_4695612123_24">
<fid>46956-12123-i-5037</fid>
<lfSpanFr gml:id="K11_4695612123_24-1">
<gml:timePosition>2020-08-27</gml:timePosition>
</lfSpanFr>
<devDate gml:id="K11_4695612123_24-2">
<gml:timePosition>2021-06-03</gml:timePosition>
</devDate>
<orgGILvl>2500</orgGILvl>
<vis>表示</vis>
<pos>
<gml:Point gml:id="K11_4695612123_24-g" srsName="fguuid:jgd2011.bl">
<gml:pos>33.677526652 130.434559132</gml:pos>
</gml:Point>
</pos>
<sbaNo>21</sbaNo>
</SBAPt>
</Dataset>
