<?xml version="1.0" encoding="utf-8"?>
<Dataset xsi:schemaLocation="http://fgd.gsi.go.jp/spec/2008/FGD_GMLSchema FGD_GMLSchema.xsd"
	xmlns:gml="http://www.opengis.net/gml/3.2"
	xmlns:xsi="http://www.w3.org/2001/XMLSchema-instance"
	xmlns:xlink="http://www.w3.org/1999/xlink"
	xmlns="http://fgd.gsi.go.jp/spec/2008/FGD_GMLSchema"
	gml:id="Dataset1">
  <gml:description>基盤地図情報メタデータ ID=fmdid:21-0701</gml:description>
  <gml:name>基盤地図情報ダウンロードデータ（GML版）</gml:name>
<AdmPt gml:id="K6_4695312126_1">
<fid>46953-12126-i-2725</fid>
<lfSpanFr gml:id="K6_4695312126_1-1">
<gml:timePosition>2020-08-27</gml:timePosition>
</lfSpanFr>
<devDate gml:id="K6_4695312126_1-2">
<gml:timePosition>2021-06-03</gml:timePosition>
</devDate>
<orgGILvl>25000</orgGILvl>
<vis>非表示</vis>
<pos>
<gml:Point gml:id="K6_4695312126_1-g" srsName="fguuid:jgd2011.bl">
<gml:pos>33.689797339 130.426363157</gml:pos>
</gml:Point>
</pos>
<type>町村・指定都市の区</type>
<name>福岡市東区</name>
<admCode>40131</admCode>
</AdmPt>
<AdmPt gml:id="K6_4695912135_1">
<fid>46959-12135-i-1998</fid>
<lfSpanFr gml:id="K6_4695912135_1-1">
<gml:timePosition>2020-08-27</gml:timePosition>
</lfSpanFr>
<devDate gml:id="K6_4695912135_1-2">
<gml:timePosition>2021-06-03</gml:timePosition>
</devDate>
<orgGILvl>2500</orgGILvl>
<vis>表示</vis>
<pos>
<gml:Point gml:id="K6_4695912135_1-g" srsName="fguuid:jgd2011.bl">
<gml:pos>33.715258772 130.446588902</gml:pos>
</gml:Point>
</pos>
<type>町村・指定都市の区</type>
<name>新宮町</name>
<admCode>40345</admCode>
</AdmPt>
<AdmPt gml:id="K6_4696212129_1">
<fid>46962-12129-i-3228</fid>
<lfSpanFr gml:id="K6_4696212129_1-1">
<gml:timePosition>2020-08-27</gml:timePosition>
</lfSpanFr>
<devDate gml:id="K6_4696212129_1-2">
<gml:timePosition>2021-06-03</gml:timePosition>
</devDate>
<orgGILvl>25000</orgGILvl>
<vis>非表示</vis>
<pos>
<gml:Point gml:id="K6_4696212129_1-g" srsName="fguuid:jgd2011.bl">
<gml:pos>33.699385704 130.455531712</gml:pos>
</gml:Point>
</pos>
<type>町村・指定都市の区</type>
<name>新宮町</name>
<admCode>40345</admCode>
</AdmPt>
<AdmPt gml:id="K6_4697112120_1">
<fid>46971-12120-i-1039</fid>
<lfSpanFr gml:id="K6_4697112120_1-1">
<gml:timePosition>2018-08-06</gml:timePosition>
</lfSpanFr>
<devDate gml:id="K6_4697112120_1-2">
<gml:timePosition>2021-06-03</gml:timePosition>
</devDate>
<orgGILvl>25000</orgGILvl>
<vis>非表示</vis>
<pos>
<gml:Point gml:id="K6_4697112120_1-g" srsName="fguuid:jgd2011.bl">
<gml:pos>33.674661543 130.476142207</gml:pos>
</gml:Point>
</pos>
<type>町村・指定都市の区</type>
<name>久山町</name>
<admCode>40348</admCode>
</AdmPt>
<AdmPt gml:id="K6_4697112138_1">
<fid>46971-12138-i-1345</fid>
<lfSpanFr gml:id="K6_4697112138_1-1">
<gml:timePosition>2020-08-27</gml:timePosition>
</lfSpanFr>
<devDate gml:id="K6_4697112138_1-2">
<gml:timePosition>2021-06-03</gml:timePosition>
</devDate>
<orgGILvl>25000</orgGILvl>
<vis>非表示</vis>
<pos>
<gml:Point gml:id="K6_4697112138_1-g" srsName="fguuid:jgd2011.bl">
<gml:pos>33.721082489 130.477649586</gml:pos>
</gml:Point>
</pos>
<type>郡市・東京都の区</type>
<name>古賀市</name>
<admCode>40223</admCode>
</AdmPt>
<AdmPt gml:id="K6_4697712147_1">
<fid>46977-12147-i-1936</fid>
<lfSpanFr gml:id="K6_4697712147_1-1">
<gml:timePosition>2020-08-27</gml:timePosition>
</lfSpanFr>
<devDate gml:id="K6_4697712147_1-2">
<gml:timePosition>2021-06-03</gml:timePosition>
</devDate>
<orgGILvl>25000</orgGILvl>
<vis>非表示</vis>
<pos>
<gml:Point gml:id="K6_4697712147_1-g" srsName="fguuid:jgd2011.bl">
<gml:pos>33.747315681 130.496546810</gml:pos>
</gml:Point>
</pos>
<type>郡市・東京都の区</type>
<name>福津市</name>
<admCode>40224</admCode>
</AdmPt>
</Dataset>
