<?xml version="1.0" encoding="utf-8"?>
<Dataset xsi:schemaLocation="http://fgd.gsi.go.jp/spec/2008/FGD_GMLSchema FGD_GMLSchema.xsd"
	xmlns:gml="http://www.opengis.net/gml/3.2"
	xmlns:xsi="http://www.w3.org/2001/XMLSchema-instance"
	xmlns:xlink="http://www.w3.org/1999/xlink"
	xmlns="http://fgd.gsi.go.jp/spec/2008/FGD_GMLSchema"
	gml:id="Dataset1">
  <gml:description>基盤地図情報メタデータ ID=fmdid:21-0701</gml:description>
  <gml:name>基盤地図情報ダウンロードデータ（GML版）</gml:name>
<AdmPt gml:id="K6_4689312054_1">
<fid>46893-12054-i-136</fid>
<lfSpanFr gml:id="K6_4689312054_1-1">
<gml:timePosition>2021-02-26</gml:timePosition>
</lfSpanFr>
<devDate gml:id="K6_4689312054_1-2">
<gml:timePosition>2021-07-01</gml:timePosition>
</devDate>
<orgGILvl>25000</orgGILvl>
<vis>非表示</vis>
<pos>
<gml:Point gml:id="K6_4689312054_1-g" srsName="fguuid:jgd2011.bl">
<gml:pos>33.485223404 130.261457488</gml:pos>
</gml:Point>
</pos>
<type>郡市・東京都の区</type>
<name>糸島市</name>
<admCode>40230</admCode>
</AdmPt>
<AdmPt gml:id="K6_4690512039_1">
<fid>46905-12039-i-354</fid>
<lfSpanFr gml:id="K6_4690512039_1-1">
<gml:timePosition>2021-02-26</gml:timePosition>
</lfSpanFr>
<devDate gml:id="K6_4690512039_1-2">
<gml:timePosition>2021-07-01</gml:timePosition>
</devDate>
<orgGILvl>25000</orgGILvl>
<vis>非表示</vis>
<pos>
<gml:Point gml:id="K6_4690512039_1-g" srsName="fguuid:jgd2011.bl">
<gml:pos>33.448763753 130.292776790</gml:pos>
</gml:Point>
</pos>
<type>郡市・東京都の区</type>
<name>佐賀市</name>
<admCode>41201</admCode>
</AdmPt>
<AdmPt gml:id="K6_4692012045_1">
<fid>46920-12045-i-63</fid>
<lfSpanFr gml:id="K6_4692012045_1-1">
<gml:timePosition>2018-08-06</gml:timePosition>
</lfSpanFr>
<devDate gml:id="K6_4692012045_1-2">
<gml:timePosition>2021-07-01</gml:timePosition>
</devDate>
<orgGILvl>25000</orgGILvl>
<vis>非表示</vis>
<pos>
<gml:Point gml:id="K6_4692012045_1-g" srsName="fguuid:jgd2011.bl">
<gml:pos>33.465433910 130.335024025</gml:pos>
</gml:Point>
</pos>
<type>町村・指定都市の区</type>
<name>福岡市早良区</name>
<admCode>40137</admCode>
</AdmPt>
<AdmPt gml:id="K6_4692612033_1">
<fid>46926-12033-i-95</fid>
<lfSpanFr gml:id="K6_4692612033_1-1">
<gml:timePosition>2014-12-25</gml:timePosition>
</lfSpanFr>
<devDate gml:id="K6_4692612033_1-2">
<gml:timePosition>2021-07-01</gml:timePosition>
</devDate>
<orgGILvl>25000</orgGILvl>
<vis>非表示</vis>
<pos>
<gml:Point gml:id="K6_4692612033_1-g" srsName="fguuid:jgd2011.bl">
<gml:pos>33.431209107 130.351132311</gml:pos>
</gml:Point>
</pos>
<type>郡市・東京都の区</type>
<name>神埼市</name>
<admCode>41210</admCode>
</AdmPt>
</Dataset>
