<?xml version="1.0" encoding="utf-8"?>
<Dataset xsi:schemaLocation="http://fgd.gsi.go.jp/spec/2008/FGD_GMLSchema FGD_GMLSchema.xsd"
	xmlns:gml="http://www.opengis.net/gml/3.2"
	xmlns:xsi="http://www.w3.org/2001/XMLSchema-instance"
	xmlns:xlink="http://www.w3.org/1999/xlink"
	xmlns="http://fgd.gsi.go.jp/spec/2008/FGD_GMLSchema"
	gml:id="Dataset1">
  <gml:description>基盤地図情報メタデータ ID=fmdid:21-0701</gml:description>
  <gml:name>基盤地図情報ダウンロードデータ（GML版）</gml:name>
<GCP gml:id="K1_503012_1">
<fid>10-00100-0-2106-151475</fid>
<lfSpanFr gml:id="K1_503012_1-1">
<gml:timePosition>2021-06-08</gml:timePosition>
</lfSpanFr>
<devDate gml:id="K1_503012_1-2">
<gml:timePosition>2021-07-01</gml:timePosition>
</devDate>
<orgGILvl>KJ11</orgGILvl>
<vis>表示</vis>
<pos>
<gml:Point gml:id="K1_503012_1-g" srsName="fguuid:jgd2011.bl">
<gml:pos>33.463537083 130.305863139</gml:pos>
</gml:Point>
</pos>
<orgName>国土地理院</orgName>
<type>三角点</type>
<gcpClass>一等三角点</gcpClass>
<gcpCode>TR15030125401</gcpCode>
<name>三瀬山</name>
<B>120468.7335</B>
<L>469101.1073</L>
<alti>967.1</alti>
<altiAcc>2</altiAcc>
</GCP>
<GCP gml:id="K1_503012_2">
<fid>10-00100-0-2106-152867</fid>
<lfSpanFr gml:id="K1_503012_2-1">
<gml:timePosition>2021-06-08</gml:timePosition>
</lfSpanFr>
<devDate gml:id="K1_503012_2-2">
<gml:timePosition>2021-07-01</gml:timePosition>
</devDate>
<orgGILvl>KJ12</orgGILvl>
<vis>表示</vis>
<pos>
<gml:Point gml:id="K1_503012_2-g" srsName="fguuid:jgd2011.bl">
<gml:pos>33.436440028 130.368622917</gml:pos>
</gml:Point>
</pos>
<orgName>国土地理院</orgName>
<type>三角点</type>
<gcpClass>二等三角点</gcpClass>
<gcpCode>TR25030122901</gcpCode>
<name>背振山</name>
<B>120371.1841</B>
<L>469327.0425</L>
<alti>1054.55</alti>
<altiAcc>2</altiAcc>
</GCP>
<GCP gml:id="K1_503012_3">
<fid>10-00100-0-2106-160970</fid>
<lfSpanFr gml:id="K1_503012_3-1">
<gml:timePosition>2021-06-08</gml:timePosition>
</lfSpanFr>
<devDate gml:id="K1_503012_3-2">
<gml:timePosition>2021-07-01</gml:timePosition>
</devDate>
<orgGILvl>KJ13</orgGILvl>
<vis>表示</vis>
<pos>
<gml:Point gml:id="K1_503012_3-g" srsName="fguuid:jgd2011.bl">
<gml:pos>33.431327361 130.267256333</gml:pos>
</gml:Point>
</pos>
<orgName>国土地理院</orgName>
<type>三角点</type>
<gcpClass>三等三角点</gcpClass>
<gcpCode>TR35030121101</gcpCode>
<name>堂ノ木</name>
<B>120352.7785</B>
<L>468962.1228</L>
<alti>454.2</alti>
<altiAcc>2</altiAcc>
</GCP>
<GCP gml:id="K1_503012_4">
<fid>10-00100-0-2106-160972</fid>
<lfSpanFr gml:id="K1_503012_4-1">
<gml:timePosition>2021-06-08</gml:timePosition>
</lfSpanFr>
<devDate gml:id="K1_503012_4-2">
<gml:timePosition>2021-07-01</gml:timePosition>
</devDate>
<orgGILvl>KJ13</orgGILvl>
<vis>表示</vis>
<pos>
<gml:Point gml:id="K1_503012_4-g" srsName="fguuid:jgd2011.bl">
<gml:pos>33.440250222 130.330042722</gml:pos>
</gml:Point>
</pos>
<orgName>国土地理院</orgName>
<type>三角点</type>
<gcpClass>三等三角点</gcpClass>
<gcpCode>TR35030122601</gcpCode>
<name>高山</name>
<B>120384.9008</B>
<L>469188.1538</L>
<alti>727.58</alti>
<altiAcc>2</altiAcc>
</GCP>
<GCP gml:id="K1_503012_5">
<fid>10-00100-0-2106-160973</fid>
<lfSpanFr gml:id="K1_503012_5-1">
<gml:timePosition>2021-06-08</gml:timePosition>
</lfSpanFr>
<devDate gml:id="K1_503012_5-2">
<gml:timePosition>2021-07-01</gml:timePosition>
</devDate>
<orgGILvl>KJ13</orgGILvl>
<vis>表示</vis>
<pos>
<gml:Point gml:id="K1_503012_5-g" srsName="fguuid:jgd2011.bl">
<gml:pos>33.456122083 130.283305917</gml:pos>
</gml:Point>
</pos>
<orgName>国土地理院</orgName>
<type>三角点</type>
<gcpClass>三等三角点</gcpClass>
<gcpCode>TR35030124201</gcpCode>
<name>宿</name>
<B>120442.0395</B>
<L>469019.9013</L>
<alti>560.61</alti>
<altiAcc>2</altiAcc>
</GCP>
<GCP gml:id="K1_503012_6">
<fid>10-00100-0-2106-160974</fid>
<lfSpanFr gml:id="K1_503012_6-1">
<gml:timePosition>2021-06-08</gml:timePosition>
</lfSpanFr>
<devDate gml:id="K1_503012_6-2">
<gml:timePosition>2021-07-01</gml:timePosition>
</devDate>
<orgGILvl>KJ13</orgGILvl>
<vis>表示</vis>
<pos>
<gml:Point gml:id="K1_503012_6-g" srsName="fguuid:jgd2011.bl">
<gml:pos>33.453631333 130.328220083</gml:pos>
</gml:Point>
</pos>
<orgName>国土地理院</orgName>
<type>三角点</type>
<gcpClass>三等三角点</gcpClass>
<gcpCode>TR35030124601</gcpCode>
<name>吉ノ山</name>
<B>120433.0728</B>
<L>469181.5923</L>
<alti>893.33</alti>
<altiAcc>2</altiAcc>
</GCP>
<GCP gml:id="K1_503012_7">
<fid>10-00100-0-2106-160975</fid>
<lfSpanFr gml:id="K1_503012_7-1">
<gml:timePosition>2021-06-08</gml:timePosition>
</lfSpanFr>
<devDate gml:id="K1_503012_7-2">
<gml:timePosition>2021-07-01</gml:timePosition>
</devDate>
<orgGILvl>KJ13</orgGILvl>
<vis>表示</vis>
<pos>
<gml:Point gml:id="K1_503012_7-g" srsName="fguuid:jgd2011.bl">
<gml:pos>33.479767889 130.274851417</gml:pos>
</gml:Point>
</pos>
<orgName>国土地理院</orgName>
<type>三角点</type>
<gcpClass>三等三角点</gcpClass>
<gcpCode>TR35030127101</gcpCode>
<name>往還</name>
<B>120527.1644</B>
<L>468989.4651</L>
<alti>693.61</alti>
<altiAcc>2</altiAcc>
</GCP>
<GCP gml:id="K1_503012_8">
<fid>10-00100-0-2106-160976</fid>
<lfSpanFr gml:id="K1_503012_8-1">
<gml:timePosition>2021-06-08</gml:timePosition>
</lfSpanFr>
<devDate gml:id="K1_503012_8-2">
<gml:timePosition>2021-07-01</gml:timePosition>
</devDate>
<orgGILvl>KJ13</orgGILvl>
<vis>表示</vis>
<pos>
<gml:Point gml:id="K1_503012_8-g" srsName="fguuid:jgd2011.bl">
<gml:pos>33.480833028 130.304704417</gml:pos>
</gml:Point>
</pos>
<orgName>国土地理院</orgName>
<type>三角点</type>
<gcpClass>三等三角点</gcpClass>
<gcpCode>TR35030127401</gcpCode>
<name>石釜</name>
<B>120530.9989</B>
<L>469096.9359</L>
<alti>479.02</alti>
<altiAcc>2</altiAcc>
</GCP>
<GCP gml:id="K1_503012_9">
<fid>10-00100-0-2106-160977</fid>
<lfSpanFr gml:id="K1_503012_9-1">
<gml:timePosition>2021-06-08</gml:timePosition>
</lfSpanFr>
<devDate gml:id="K1_503012_9-2">
<gml:timePosition>2021-07-01</gml:timePosition>
</devDate>
<orgGILvl>KJ13</orgGILvl>
<vis>表示</vis>
<pos>
<gml:Point gml:id="K1_503012_9-g" srsName="fguuid:jgd2011.bl">
<gml:pos>33.476673028 130.361199972</gml:pos>
</gml:Point>
</pos>
<orgName>国土地理院</orgName>
<type>三角点</type>
<gcpClass>三等三角点</gcpClass>
<gcpCode>TR35030127801</gcpCode>
<name>今畑</name>
<B>120516.0229</B>
<L>469300.3199</L>
<alti>377.92</alti>
<altiAcc>2</altiAcc>
</GCP>
<GCP gml:id="K1_503012_10">
<fid>10-00100-0-2106-160978</fid>
<lfSpanFr gml:id="K1_503012_10-1">
<gml:timePosition>2021-06-08</gml:timePosition>
</lfSpanFr>
<devDate gml:id="K1_503012_10-2">
<gml:timePosition>2021-07-01</gml:timePosition>
</devDate>
<orgGILvl>KJ13</orgGILvl>
<vis>表示</vis>
<pos>
<gml:Point gml:id="K1_503012_10-g" srsName="fguuid:jgd2011.bl">
<gml:pos>33.495949611 130.262443806</gml:pos>
</gml:Point>
</pos>
<orgName>国土地理院</orgName>
<type>三角点</type>
<gcpClass>三等三角点</gcpClass>
<gcpCode>TR35030129001</gcpCode>
<name>水無</name>
<B>120585.4186</B>
<L>468944.7977</L>
<alti>700.5</alti>
<altiAcc>2</altiAcc>
</GCP>
<GCP gml:id="K1_503012_11">
<fid>10-00100-0-2106-200419</fid>
<lfSpanFr gml:id="K1_503012_11-1">
<gml:timePosition>2021-06-08</gml:timePosition>
</lfSpanFr>
<devDate gml:id="K1_503012_11-2">
<gml:timePosition>2021-07-01</gml:timePosition>
</devDate>
<orgGILvl>KJ14</orgGILvl>
<vis>表示</vis>
<pos>
<gml:Point gml:id="K1_503012_11-g" srsName="fguuid:jgd2011.bl">
<gml:pos>33.422091028 130.327279528</gml:pos>
</gml:Point>
</pos>
<orgName>国土地理院</orgName>
<type>三角点</type>
<gcpClass>四等三角点</gcpClass>
<gcpCode>TR45030120601</gcpCode>
<name>小ヶ倉</name>
<B>120319.5277</B>
<L>469178.2063</L>
<alti>634.71</alti>
<altiAcc>2</altiAcc>
</GCP>
<GCP gml:id="K1_503012_12">
<fid>10-00100-0-2106-200420</fid>
<lfSpanFr gml:id="K1_503012_12-1">
<gml:timePosition>2021-06-08</gml:timePosition>
</lfSpanFr>
<devDate gml:id="K1_503012_12-2">
<gml:timePosition>2021-07-01</gml:timePosition>
</devDate>
<orgGILvl>KJ14</orgGILvl>
<vis>表示</vis>
<pos>
<gml:Point gml:id="K1_503012_12-g" srsName="fguuid:jgd2011.bl">
<gml:pos>33.417422583 130.339545972</gml:pos>
</gml:Point>
</pos>
<orgName>国土地理院</orgName>
<type>三角点</type>
<gcpClass>四等三角点</gcpClass>
<gcpCode>TR45030120701</gcpCode>
<name>伊福山</name>
<B>120302.7213</B>
<L>469222.3655</L>
<alti>643.39</alti>
<altiAcc>2</altiAcc>
</GCP>
<GCP gml:id="K1_503012_13">
<fid>10-00100-0-2106-200421</fid>
<lfSpanFr gml:id="K1_503012_13-1">
<gml:timePosition>2021-06-08</gml:timePosition>
</lfSpanFr>
<devDate gml:id="K1_503012_13-2">
<gml:timePosition>2021-07-01</gml:timePosition>
</devDate>
<orgGILvl>KJ14</orgGILvl>
<vis>表示</vis>
<pos>
<gml:Point gml:id="K1_503012_13-g" srsName="fguuid:jgd2011.bl">
<gml:pos>33.421616528 130.356510667</gml:pos>
</gml:Point>
</pos>
<orgName>国土地理院</orgName>
<type>三角点</type>
<gcpClass>四等三角点</gcpClass>
<gcpCode>TR45030120801</gcpCode>
<name>二重</name>
<B>120317.8195</B>
<L>469283.4384</L>
<alti>679.15</alti>
<altiAcc>2</altiAcc>
</GCP>
<GCP gml:id="K1_503012_14">
<fid>10-00100-0-2106-200422</fid>
<lfSpanFr gml:id="K1_503012_14-1">
<gml:timePosition>2021-06-08</gml:timePosition>
</lfSpanFr>
<devDate gml:id="K1_503012_14-2">
<gml:timePosition>2021-07-01</gml:timePosition>
</devDate>
<orgGILvl>KJ14</orgGILvl>
<vis>表示</vis>
<pos>
<gml:Point gml:id="K1_503012_14-g" srsName="fguuid:jgd2011.bl">
<gml:pos>33.428721500 130.293776250</gml:pos>
</gml:Point>
</pos>
<orgName>国土地理院</orgName>
<type>三角点</type>
<gcpClass>四等三角点</gcpClass>
<gcpCode>TR45030121301</gcpCode>
<name>白木谷</name>
<B>120343.3974</B>
<L>469057.5945</L>
<alti>541.08</alti>
<altiAcc>2</altiAcc>
</GCP>
<GCP gml:id="K1_503012_15">
<fid>10-00100-0-2106-200423</fid>
<lfSpanFr gml:id="K1_503012_15-1">
<gml:timePosition>2021-06-08</gml:timePosition>
</lfSpanFr>
<devDate gml:id="K1_503012_15-2">
<gml:timePosition>2021-07-01</gml:timePosition>
</devDate>
<orgGILvl>KJ14</orgGILvl>
<vis>表示</vis>
<pos>
<gml:Point gml:id="K1_503012_15-g" srsName="fguuid:jgd2011.bl">
<gml:pos>33.426631278 130.311418444</gml:pos>
</gml:Point>
</pos>
<orgName>国土地理院</orgName>
<type>三角点</type>
<gcpClass>四等三角点</gcpClass>
<gcpCode>TR45030121401</gcpCode>
<name>太郎浦</name>
<B>120335.8726</B>
<L>469121.1064</L>
<alti>574.93</alti>
<altiAcc>2</altiAcc>
</GCP>
<GCP gml:id="K1_503012_16">
<fid>10-00100-0-2106-200424</fid>
<lfSpanFr gml:id="K1_503012_16-1">
<gml:timePosition>2021-06-08</gml:timePosition>
</lfSpanFr>
<devDate gml:id="K1_503012_16-2">
<gml:timePosition>2021-07-01</gml:timePosition>
</devDate>
<orgGILvl>KJ14</orgGILvl>
<vis>表示</vis>
<pos>
<gml:Point gml:id="K1_503012_16-g" srsName="fguuid:jgd2011.bl">
<gml:pos>33.431597139 130.342346167</gml:pos>
</gml:Point>
</pos>
<orgName>国土地理院</orgName>
<type>三角点</type>
<gcpClass>四等三角点</gcpClass>
<gcpCode>TR45030121701</gcpCode>
<name>一谷</name>
<B>120353.7497</B>
<L>469232.4462</L>
<alti>677.51</alti>
<altiAcc>2</altiAcc>
</GCP>
<GCP gml:id="K1_503012_17">
<fid>10-00100-0-2106-200425</fid>
<lfSpanFr gml:id="K1_503012_17-1">
<gml:timePosition>2021-06-08</gml:timePosition>
</lfSpanFr>
<devDate gml:id="K1_503012_17-2">
<gml:timePosition>2021-07-01</gml:timePosition>
</devDate>
<orgGILvl>KJ14</orgGILvl>
<vis>表示</vis>
<pos>
<gml:Point gml:id="K1_503012_17-g" srsName="fguuid:jgd2011.bl">
<gml:pos>33.440869889 130.276863639</gml:pos>
</gml:Point>
</pos>
<orgName>国土地理院</orgName>
<type>三角点</type>
<gcpClass>四等三角点</gcpClass>
<gcpCode>TR45030122201</gcpCode>
<name>釜頭</name>
<B>120387.1316</B>
<L>468996.7091</L>
<alti>460.66</alti>
<altiAcc>2</altiAcc>
</GCP>
<GCP gml:id="K1_503012_18">
<fid>10-00100-0-2106-200426</fid>
<lfSpanFr gml:id="K1_503012_18-1">
<gml:timePosition>2021-06-08</gml:timePosition>
</lfSpanFr>
<devDate gml:id="K1_503012_18-2">
<gml:timePosition>2021-07-01</gml:timePosition>
</devDate>
<orgGILvl>KJ14</orgGILvl>
<vis>表示</vis>
<pos>
<gml:Point gml:id="K1_503012_18-g" srsName="fguuid:jgd2011.bl">
<gml:pos>33.438361028 130.313536778</gml:pos>
</gml:Point>
</pos>
<orgName>国土地理院</orgName>
<type>三角点</type>
<gcpClass>四等三角点</gcpClass>
<gcpCode>TR45030122501</gcpCode>
<name>井手野</name>
<B>120378.0997</B>
<L>469128.7324</L>
<alti>482.08</alti>
<altiAcc>2</altiAcc>
</GCP>
<GCP gml:id="K1_503012_19">
<fid>10-00100-0-2106-200427</fid>
<lfSpanFr gml:id="K1_503012_19-1">
<gml:timePosition>2021-06-08</gml:timePosition>
</lfSpanFr>
<devDate gml:id="K1_503012_19-2">
<gml:timePosition>2021-07-01</gml:timePosition>
</devDate>
<orgGILvl>KJ14</orgGILvl>
<vis>表示</vis>
<pos>
<gml:Point gml:id="K1_503012_19-g" srsName="fguuid:jgd2011.bl">
<gml:pos>33.439332722 130.350006806</gml:pos>
</gml:Point>
</pos>
<orgName>国土地理院</orgName>
<type>三角点</type>
<gcpClass>四等三角点</gcpClass>
<gcpCode>TR45030122801</gcpCode>
<name>唐人舞</name>
<B>120381.5978</B>
<L>469260.0245</L>
<alti>910.98</alti>
<altiAcc>2</altiAcc>
</GCP>
<GCP gml:id="K1_503012_20">
<fid>10-00100-0-2106-200428</fid>
<lfSpanFr gml:id="K1_503012_20-1">
<gml:timePosition>2021-06-08</gml:timePosition>
</lfSpanFr>
<devDate gml:id="K1_503012_20-2">
<gml:timePosition>2021-07-01</gml:timePosition>
</devDate>
<orgGILvl>KJ14</orgGILvl>
<vis>表示</vis>
<pos>
<gml:Point gml:id="K1_503012_20-g" srsName="fguuid:jgd2011.bl">
<gml:pos>33.449838611 130.305048556</gml:pos>
</gml:Point>
</pos>
<orgName>国土地理院</orgName>
<type>三角点</type>
<gcpClass>四等三角点</gcpClass>
<gcpCode>TR45030123401</gcpCode>
<name>栗原</name>
<B>120419.419</B>
<L>469098.1748</L>
<alti>618.4</alti>
<altiAcc>2</altiAcc>
</GCP>
<GCP gml:id="K1_503012_21">
<fid>10-00100-0-2106-200429</fid>
<lfSpanFr gml:id="K1_503012_21-1">
<gml:timePosition>2021-06-08</gml:timePosition>
</lfSpanFr>
<devDate gml:id="K1_503012_21-2">
<gml:timePosition>2021-07-01</gml:timePosition>
</devDate>
<orgGILvl>KJ14</orgGILvl>
<vis>表示</vis>
<pos>
<gml:Point gml:id="K1_503012_21-g" srsName="fguuid:jgd2011.bl">
<gml:pos>33.451124833 130.256661167</gml:pos>
</gml:Point>
</pos>
<orgName>国土地理院</orgName>
<type>三角点</type>
<gcpClass>四等三角点</gcpClass>
<gcpCode>TR45030124001</gcpCode>
<name>布巻</name>
<B>120424.0494</B>
<L>468923.9802</L>
<alti>623.76</alti>
<altiAcc>2</altiAcc>
</GCP>
<GCP gml:id="K1_503012_22">
<fid>10-00100-0-2106-200430</fid>
<lfSpanFr gml:id="K1_503012_22-1">
<gml:timePosition>2021-06-08</gml:timePosition>
</lfSpanFr>
<devDate gml:id="K1_503012_22-2">
<gml:timePosition>2021-07-01</gml:timePosition>
</devDate>
<orgGILvl>KJ14</orgGILvl>
<vis>表示</vis>
<pos>
<gml:Point gml:id="K1_503012_22-g" srsName="fguuid:jgd2011.bl">
<gml:pos>33.454545778 130.344904222</gml:pos>
</gml:Point>
</pos>
<orgName>国土地理院</orgName>
<type>三角点</type>
<gcpClass>四等三角点</gcpClass>
<gcpCode>TR45030124701</gcpCode>
<name>椎原山</name>
<B>120436.3648</B>
<L>469241.6552</L>
<alti>512.32</alti>
<altiAcc>2</altiAcc>
</GCP>
<GCP gml:id="K1_503012_23">
<fid>10-00100-0-2106-200431</fid>
<lfSpanFr gml:id="K1_503012_23-1">
<gml:timePosition>2021-06-08</gml:timePosition>
</lfSpanFr>
<devDate gml:id="K1_503012_23-2">
<gml:timePosition>2021-07-01</gml:timePosition>
</devDate>
<orgGILvl>KJ14</orgGILvl>
<vis>表示</vis>
<pos>
<gml:Point gml:id="K1_503012_23-g" srsName="fguuid:jgd2011.bl">
<gml:pos>33.457221778 130.359937472</gml:pos>
</gml:Point>
</pos>
<orgName>国土地理院</orgName>
<type>三角点</type>
<gcpClass>四等三角点</gcpClass>
<gcpCode>TR45030124801</gcpCode>
<name>長畑</name>
<B>120445.9984</B>
<L>469295.7749</L>
<alti>502.14</alti>
<altiAcc>2</altiAcc>
</GCP>
<GCP gml:id="K1_503012_24">
<fid>10-00100-0-2106-200432</fid>
<lfSpanFr gml:id="K1_503012_24-1">
<gml:timePosition>2021-06-08</gml:timePosition>
</lfSpanFr>
<devDate gml:id="K1_503012_24-2">
<gml:timePosition>2021-07-01</gml:timePosition>
</devDate>
<orgGILvl>KJ14</orgGILvl>
<vis>表示</vis>
<pos>
<gml:Point gml:id="K1_503012_24-g" srsName="fguuid:jgd2011.bl">
<gml:pos>33.463112111 130.266890917</gml:pos>
</gml:Point>
</pos>
<orgName>国土地理院</orgName>
<type>三角点</type>
<gcpClass>四等三角点</gcpClass>
<gcpCode>TR45030125101</gcpCode>
<name>上合瀬</name>
<B>120467.2036</B>
<L>468960.8073</L>
<alti>592.23</alti>
<altiAcc>2</altiAcc>
</GCP>
<GCP gml:id="K1_503012_25">
<fid>10-00100-0-2106-200433</fid>
<lfSpanFr gml:id="K1_503012_25-1">
<gml:timePosition>2021-06-08</gml:timePosition>
</lfSpanFr>
<devDate gml:id="K1_503012_25-2">
<gml:timePosition>2021-07-01</gml:timePosition>
</devDate>
<orgGILvl>KJ14</orgGILvl>
<vis>表示</vis>
<pos>
<gml:Point gml:id="K1_503012_25-g" srsName="fguuid:jgd2011.bl">
<gml:pos>33.465220028 130.323276583</gml:pos>
</gml:Point>
</pos>
<orgName>国土地理院</orgName>
<type>三角点</type>
<gcpClass>四等三角点</gcpClass>
<gcpCode>TR45030125501</gcpCode>
<name>西</name>
<B>120474.7921</B>
<L>469163.7957</L>
<alti>816.29</alti>
<altiAcc>2</altiAcc>
</GCP>
<GCP gml:id="K1_503012_26">
<fid>10-00100-0-2106-200434</fid>
<lfSpanFr gml:id="K1_503012_26-1">
<gml:timePosition>2021-06-08</gml:timePosition>
</lfSpanFr>
<devDate gml:id="K1_503012_26-2">
<gml:timePosition>2021-07-01</gml:timePosition>
</devDate>
<orgGILvl>KJ14</orgGILvl>
<vis>表示</vis>
<pos>
<gml:Point gml:id="K1_503012_26-g" srsName="fguuid:jgd2011.bl">
<gml:pos>33.466117361 130.339832722</gml:pos>
</gml:Point>
</pos>
<orgName>国土地理院</orgName>
<type>三角点</type>
<gcpClass>四等三角点</gcpClass>
<gcpCode>TR45030125701</gcpCode>
<name>小爪</name>
<B>120478.0225</B>
<L>469223.3978</L>
<alti>464.3</alti>
<altiAcc>2</altiAcc>
</GCP>
<GCP gml:id="K1_503012_27">
<fid>10-00100-0-2106-200435</fid>
<lfSpanFr gml:id="K1_503012_27-1">
<gml:timePosition>2021-06-08</gml:timePosition>
</lfSpanFr>
<devDate gml:id="K1_503012_27-2">
<gml:timePosition>2021-07-01</gml:timePosition>
</devDate>
<orgGILvl>KJ14</orgGILvl>
<vis>表示</vis>
<pos>
<gml:Point gml:id="K1_503012_27-g" srsName="fguuid:jgd2011.bl">
<gml:pos>33.465192972 130.372222528</gml:pos>
</gml:Point>
</pos>
<orgName>国土地理院</orgName>
<type>三角点</type>
<gcpClass>四等三角点</gcpClass>
<gcpCode>TR45030125901</gcpCode>
<name>辻</name>
<B>120474.6947</B>
<L>469340.0011</L>
<alti>517.11</alti>
<altiAcc>2</altiAcc>
</GCP>
<GCP gml:id="K1_503012_28">
<fid>10-00100-0-2106-200436</fid>
<lfSpanFr gml:id="K1_503012_28-1">
<gml:timePosition>2021-06-08</gml:timePosition>
</lfSpanFr>
<devDate gml:id="K1_503012_28-2">
<gml:timePosition>2021-07-01</gml:timePosition>
</devDate>
<orgGILvl>KJ14</orgGILvl>
<vis>表示</vis>
<pos>
<gml:Point gml:id="K1_503012_28-g" srsName="fguuid:jgd2011.bl">
<gml:pos>33.467444917 130.292204472</gml:pos>
</gml:Point>
</pos>
<orgName>国土地理院</orgName>
<type>三角点</type>
<gcpClass>四等三角点</gcpClass>
<gcpCode>TR45030126301</gcpCode>
<name>城ノ山</name>
<B>120482.8017</B>
<L>469051.9361</L>
<alti>845.92</alti>
<altiAcc>2</altiAcc>
</GCP>
<GCP gml:id="K1_503012_29">
<fid>10-00100-0-2106-200437</fid>
<lfSpanFr gml:id="K1_503012_29-1">
<gml:timePosition>2021-06-08</gml:timePosition>
</lfSpanFr>
<devDate gml:id="K1_503012_29-2">
<gml:timePosition>2021-07-01</gml:timePosition>
</devDate>
<orgGILvl>KJ14</orgGILvl>
<vis>表示</vis>
<pos>
<gml:Point gml:id="K1_503012_29-g" srsName="fguuid:jgd2011.bl">
<gml:pos>33.475768556 130.327083583</gml:pos>
</gml:Point>
</pos>
<orgName>国土地理院</orgName>
<type>三角点</type>
<gcpClass>四等三角点</gcpClass>
<gcpCode>TR45030127601</gcpCode>
<name>前峰尾</name>
<B>120512.7668</B>
<L>469177.5009</L>
<alti>339.05</alti>
<altiAcc>2</altiAcc>
</GCP>
<GCP gml:id="K1_503012_30">
<fid>10-00100-0-2106-200438</fid>
<lfSpanFr gml:id="K1_503012_30-1">
<gml:timePosition>2021-06-08</gml:timePosition>
</lfSpanFr>
<devDate gml:id="K1_503012_30-2">
<gml:timePosition>2021-07-01</gml:timePosition>
</devDate>
<orgGILvl>KJ14</orgGILvl>
<vis>表示</vis>
<pos>
<gml:Point gml:id="K1_503012_30-g" srsName="fguuid:jgd2011.bl">
<gml:pos>33.479664194 130.339856694</gml:pos>
</gml:Point>
</pos>
<orgName>国土地理院</orgName>
<type>三角点</type>
<gcpClass>四等三角点</gcpClass>
<gcpCode>TR45030127701</gcpCode>
<name>下山田</name>
<B>120526.7911</B>
<L>469223.4841</L>
<alti>198.34</alti>
<altiAcc>2</altiAcc>
</GCP>
<GCP gml:id="K1_503012_31">
<fid>10-00100-0-2106-200439</fid>
<lfSpanFr gml:id="K1_503012_31-1">
<gml:timePosition>2021-06-08</gml:timePosition>
</lfSpanFr>
<devDate gml:id="K1_503012_31-2">
<gml:timePosition>2021-07-01</gml:timePosition>
</devDate>
<orgGILvl>KJ14</orgGILvl>
<vis>表示</vis>
<pos>
<gml:Point gml:id="K1_503012_31-g" srsName="fguuid:jgd2011.bl">
<gml:pos>33.486936583 130.254804167</gml:pos>
</gml:Point>
</pos>
<orgName>国土地理院</orgName>
<type>三角点</type>
<gcpClass>四等三角点</gcpClass>
<gcpCode>TR45030128001</gcpCode>
<name>藤</name>
<B>120552.9717</B>
<L>468917.295</L>
<alti>514.95</alti>
<altiAcc>2</altiAcc>
</GCP>
<GCP gml:id="K1_503012_32">
<fid>10-00100-0-2106-200440</fid>
<lfSpanFr gml:id="K1_503012_32-1">
<gml:timePosition>2021-06-08</gml:timePosition>
</lfSpanFr>
<devDate gml:id="K1_503012_32-2">
<gml:timePosition>2021-07-01</gml:timePosition>
</devDate>
<orgGILvl>KJ14</orgGILvl>
<vis>表示</vis>
<pos>
<gml:Point gml:id="K1_503012_32-g" srsName="fguuid:jgd2011.bl">
<gml:pos>33.485429056 130.321836083</gml:pos>
</gml:Point>
</pos>
<orgName>国土地理院</orgName>
<type>三角点</type>
<gcpClass>四等三角点</gcpClass>
<gcpCode>TR45030128501</gcpCode>
<name>宝山</name>
<B>120547.5446</B>
<L>469158.6099</L>
<alti>215.94</alti>
<altiAcc>2</altiAcc>
</GCP>
<GCP gml:id="K1_503012_33">
<fid>10-00100-0-2106-200441</fid>
<lfSpanFr gml:id="K1_503012_33-1">
<gml:timePosition>2021-06-08</gml:timePosition>
</lfSpanFr>
<devDate gml:id="K1_503012_33-2">
<gml:timePosition>2021-07-01</gml:timePosition>
</devDate>
<orgGILvl>KJ14</orgGILvl>
<vis>表示</vis>
<pos>
<gml:Point gml:id="K1_503012_33-g" srsName="fguuid:jgd2011.bl">
<gml:pos>33.495701833 130.278565472</gml:pos>
</gml:Point>
</pos>
<orgName>国土地理院</orgName>
<type>三角点</type>
<gcpClass>四等三角点</gcpClass>
<gcpCode>TR45030129201</gcpCode>
<name>八丁</name>
<B>120584.5266</B>
<L>469002.8357</L>
<alti>630.93</alti>
<altiAcc>2</altiAcc>
</GCP>
<GCP gml:id="K1_503012_34">
<fid>10-00100-0-2106-200442</fid>
<lfSpanFr gml:id="K1_503012_34-1">
<gml:timePosition>2021-06-08</gml:timePosition>
</lfSpanFr>
<devDate gml:id="K1_503012_34-2">
<gml:timePosition>2021-07-01</gml:timePosition>
</devDate>
<orgGILvl>KJ14</orgGILvl>
<vis>表示</vis>
<pos>
<gml:Point gml:id="K1_503012_34-g" srsName="fguuid:jgd2011.bl">
<gml:pos>33.496975167 130.294566111</gml:pos>
</gml:Point>
</pos>
<orgName>国土地理院</orgName>
<type>三角点</type>
<gcpClass>四等三角点</gcpClass>
<gcpCode>TR45030129301</gcpCode>
<name>余河内</name>
<B>120589.1106</B>
<L>469060.438</L>
<alti>365.67</alti>
<altiAcc>2</altiAcc>
</GCP>
<GCP gml:id="K1_503012_35">
<fid>10-00100-0-2106-200443</fid>
<lfSpanFr gml:id="K1_503012_35-1">
<gml:timePosition>2021-06-08</gml:timePosition>
</lfSpanFr>
<devDate gml:id="K1_503012_35-2">
<gml:timePosition>2021-07-01</gml:timePosition>
</devDate>
<orgGILvl>KJ14</orgGILvl>
<vis>表示</vis>
<pos>
<gml:Point gml:id="K1_503012_35-g" srsName="fguuid:jgd2011.bl">
<gml:pos>33.496504222 130.309332889</gml:pos>
</gml:Point>
</pos>
<orgName>国土地理院</orgName>
<type>三角点</type>
<gcpClass>四等三角点</gcpClass>
<gcpCode>TR45030129401</gcpCode>
<name>京ケ坊</name>
<B>120587.4152</B>
<L>469113.5984</L>
<alti>276.79</alti>
<altiAcc>2</altiAcc>
</GCP>
<GCP gml:id="K1_503012_36">
<fid>10-00100-0-2106-200444</fid>
<lfSpanFr gml:id="K1_503012_36-1">
<gml:timePosition>2021-06-08</gml:timePosition>
</lfSpanFr>
<devDate gml:id="K1_503012_36-2">
<gml:timePosition>2021-07-01</gml:timePosition>
</devDate>
<orgGILvl>KJ14</orgGILvl>
<vis>表示</vis>
<pos>
<gml:Point gml:id="K1_503012_36-g" srsName="fguuid:jgd2011.bl">
<gml:pos>33.495787639 130.327991417</gml:pos>
</gml:Point>
</pos>
<orgName>国土地理院</orgName>
<type>三角点</type>
<gcpClass>四等三角点</gcpClass>
<gcpCode>TR45030129601</gcpCode>
<name>谷口</name>
<B>120584.8355</B>
<L>469180.7691</L>
<alti>222.9</alti>
<altiAcc>2</altiAcc>
</GCP>
<GCP gml:id="K1_503012_37">
<fid>10-00100-0-2106-200445</fid>
<lfSpanFr gml:id="K1_503012_37-1">
<gml:timePosition>2021-06-08</gml:timePosition>
</lfSpanFr>
<devDate gml:id="K1_503012_37-2">
<gml:timePosition>2021-07-01</gml:timePosition>
</devDate>
<orgGILvl>KJ14</orgGILvl>
<vis>表示</vis>
<pos>
<gml:Point gml:id="K1_503012_37-g" srsName="fguuid:jgd2011.bl">
<gml:pos>33.498282444 130.359742806</gml:pos>
</gml:Point>
</pos>
<orgName>国土地理院</orgName>
<type>三角点</type>
<gcpClass>四等三角点</gcpClass>
<gcpCode>TR45030129801</gcpCode>
<name>大門</name>
<B>120593.8168</B>
<L>469295.0741</L>
<alti>175.05</alti>
<altiAcc>2</altiAcc>
</GCP>
</Dataset>
