<?xml version="1.0" encoding="utf-8"?>
<Dataset xsi:schemaLocation="http://fgd.gsi.go.jp/spec/2008/FGD_GMLSchema FGD_GMLSchema.xsd"
	xmlns:gml="http://www.opengis.net/gml/3.2"
	xmlns:xsi="http://www.w3.org/2001/XMLSchema-instance"
	xmlns:xlink="http://www.w3.org/1999/xlink"
	xmlns="http://fgd.gsi.go.jp/spec/2008/FGD_GMLSchema"
	gml:id="Dataset1">
  <gml:description>基盤地図情報メタデータ ID=fmdid:21-0701</gml:description>
  <gml:name>基盤地図情報ダウンロードデータ（GML版）</gml:name>
<ElevPt gml:id="K2_4689012030_1">
<fid>46890-12030-i-34</fid>
<lfSpanFr gml:id="K2_4689012030_1-1">
<gml:timePosition>2014-12-25</gml:timePosition>
</lfSpanFr>
<devDate gml:id="K2_4689012030_1-2">
<gml:timePosition>2021-07-01</gml:timePosition>
</devDate>
<orgGILvl>25000</orgGILvl>
<vis>表示</vis>
<pos>
<gml:Point gml:id="K2_4689012030_1-g" srsName="fguuid:jgd2011.bl">
<gml:pos>33.423077778 130.254799722</gml:pos>
</gml:Point>
</pos>
<type>標高点（測点）</type>
<alti>451</alti>
</ElevPt>
<ElevPt gml:id="K2_4689012030_2">
<fid>46890-12030-i-35</fid>
<lfSpanFr gml:id="K2_4689012030_2-1">
<gml:timePosition>2014-12-25</gml:timePosition>
</lfSpanFr>
<devDate gml:id="K2_4689012030_2-2">
<gml:timePosition>2021-07-01</gml:timePosition>
</devDate>
<orgGILvl>25000</orgGILvl>
<vis>表示</vis>
<pos>
<gml:Point gml:id="K2_4689012030_2-g" srsName="fguuid:jgd2011.bl">
<gml:pos>33.419635278 130.255134444</gml:pos>
</gml:Point>
</pos>
<type>標高点（測点）</type>
<alti>426</alti>
</ElevPt>
<ElevPt gml:id="K2_4689012036_1">
<fid>46890-12036-i-37</fid>
<lfSpanFr gml:id="K2_4689012036_1-1">
<gml:timePosition>2014-12-25</gml:timePosition>
</lfSpanFr>
<devDate gml:id="K2_4689012036_1-2">
<gml:timePosition>2021-07-01</gml:timePosition>
</devDate>
<orgGILvl>25000</orgGILvl>
<vis>表示</vis>
<pos>
<gml:Point gml:id="K2_4689012036_1-g" srsName="fguuid:jgd2011.bl">
<gml:pos>33.434542222 130.251731389</gml:pos>
</gml:Point>
</pos>
<type>標高点（測点）</type>
<alti>429</alti>
</ElevPt>
<ElevPt gml:id="K2_4689012039_1">
<fid>46890-12039-i-68</fid>
<lfSpanFr gml:id="K2_4689012039_1-1">
<gml:timePosition>2014-12-25</gml:timePosition>
</lfSpanFr>
<devDate gml:id="K2_4689012039_1-2">
<gml:timePosition>2021-07-01</gml:timePosition>
</devDate>
<orgGILvl>25000</orgGILvl>
<vis>表示</vis>
<pos>
<gml:Point gml:id="K2_4689012039_1-g" srsName="fguuid:jgd2011.bl">
<gml:pos>33.441853056 130.256363333</gml:pos>
</gml:Point>
</pos>
<type>標高点（測点）</type>
<alti>461</alti>
</ElevPt>
<ElevPt gml:id="K2_4689012048_1">
<fid>46890-12048-i-66</fid>
<lfSpanFr gml:id="K2_4689012048_1-1">
<gml:timePosition>2021-02-26</gml:timePosition>
</lfSpanFr>
<devDate gml:id="K2_4689012048_1-2">
<gml:timePosition>2021-07-01</gml:timePosition>
</devDate>
<orgGILvl>25000</orgGILvl>
<vis>表示</vis>
<pos>
<gml:Point gml:id="K2_4689012048_1-g" srsName="fguuid:jgd2011.bl">
<gml:pos>33.468506944 130.256500000</gml:pos>
</gml:Point>
</pos>
<type>標高点（測点）</type>
<alti>877</alti>
</ElevPt>
<ElevPt gml:id="K2_4689012051_1">
<fid>46890-12051-i-57</fid>
<lfSpanFr gml:id="K2_4689012051_1-1">
<gml:timePosition>2021-02-26</gml:timePosition>
</lfSpanFr>
<devDate gml:id="K2_4689012051_1-2">
<gml:timePosition>2021-07-01</gml:timePosition>
</devDate>
<orgGILvl>25000</orgGILvl>
<vis>表示</vis>
<pos>
<gml:Point gml:id="K2_4689012051_1-g" srsName="fguuid:jgd2011.bl">
<gml:pos>33.475525556 130.257243056</gml:pos>
</gml:Point>
</pos>
<type>標高点（測点）</type>
<alti>820</alti>
</ElevPt>
<ElevPt gml:id="K2_4689012057_1">
<fid>46890-12057-i-121</fid>
<lfSpanFr gml:id="K2_4689012057_1-1">
<gml:timePosition>2021-02-26</gml:timePosition>
</lfSpanFr>
<devDate gml:id="K2_4689012057_1-2">
<gml:timePosition>2021-07-01</gml:timePosition>
</devDate>
<orgGILvl>25000</orgGILvl>
<vis>表示</vis>
<pos>
<gml:Point gml:id="K2_4689012057_1-g" srsName="fguuid:jgd2011.bl">
<gml:pos>33.492830278 130.257522222</gml:pos>
</gml:Point>
</pos>
<type>標高点（測点）</type>
<alti>499</alti>
</ElevPt>
<ElevPt gml:id="K2_4689312030_1">
<fid>46893-12030-i-483</fid>
<lfSpanFr gml:id="K2_4689312030_1-1">
<gml:timePosition>2021-06-15</gml:timePosition>
</lfSpanFr>
<devDate gml:id="K2_4689312030_1-2">
<gml:timePosition>2021-07-01</gml:timePosition>
</devDate>
<orgGILvl>25000</orgGILvl>
<vis>表示</vis>
<pos>
<gml:Point gml:id="K2_4689312030_1-g" srsName="fguuid:jgd2011.bl">
<gml:pos>33.418951944 130.265602222</gml:pos>
</gml:Point>
</pos>
<type>標高点（測点）</type>
<alti>439</alti>
</ElevPt>
<ElevPt gml:id="K2_4689312033_1">
<fid>46893-12033-i-476</fid>
<lfSpanFr gml:id="K2_4689312033_1-1">
<gml:timePosition>2021-06-15</gml:timePosition>
</lfSpanFr>
<devDate gml:id="K2_4689312033_1-2">
<gml:timePosition>2021-07-01</gml:timePosition>
</devDate>
<orgGILvl>25000</orgGILvl>
<vis>表示</vis>
<pos>
<gml:Point gml:id="K2_4689312033_1-g" srsName="fguuid:jgd2011.bl">
<gml:pos>33.426372500 130.258468056</gml:pos>
</gml:Point>
</pos>
<type>標高点（測点）</type>
<alti>454</alti>
</ElevPt>
<ElevPt gml:id="K2_4689312036_1">
<fid>46893-12036-i-215</fid>
<lfSpanFr gml:id="K2_4689312036_1-1">
<gml:timePosition>2021-06-15</gml:timePosition>
</lfSpanFr>
<devDate gml:id="K2_4689312036_1-2">
<gml:timePosition>2021-07-01</gml:timePosition>
</devDate>
<orgGILvl>25000</orgGILvl>
<vis>表示</vis>
<pos>
<gml:Point gml:id="K2_4689312036_1-g" srsName="fguuid:jgd2011.bl">
<gml:pos>33.435254444 130.258454444</gml:pos>
</gml:Point>
</pos>
<type>標高点（測点）</type>
<alti>430</alti>
</ElevPt>
<ElevPt gml:id="K2_4689312036_2">
<fid>46893-12036-i-216</fid>
<lfSpanFr gml:id="K2_4689312036_2-1">
<gml:timePosition>2021-06-15</gml:timePosition>
</lfSpanFr>
<devDate gml:id="K2_4689312036_2-2">
<gml:timePosition>2021-07-01</gml:timePosition>
</devDate>
<orgGILvl>25000</orgGILvl>
<vis>表示</vis>
<pos>
<gml:Point gml:id="K2_4689312036_2-g" srsName="fguuid:jgd2011.bl">
<gml:pos>33.438423361 130.264391361</gml:pos>
</gml:Point>
</pos>
<type>標高点（測点）</type>
<alti>391</alti>
</ElevPt>
<ElevPt gml:id="K2_4689312042_1">
<fid>46893-12042-i-122</fid>
<lfSpanFr gml:id="K2_4689312042_1-1">
<gml:timePosition>2014-12-25</gml:timePosition>
</lfSpanFr>
<devDate gml:id="K2_4689312042_1-2">
<gml:timePosition>2021-07-01</gml:timePosition>
</devDate>
<orgGILvl>25000</orgGILvl>
<vis>表示</vis>
<pos>
<gml:Point gml:id="K2_4689312042_1-g" srsName="fguuid:jgd2011.bl">
<gml:pos>33.450309722 130.266431111</gml:pos>
</gml:Point>
</pos>
<type>標高点（測点）</type>
<alti>473</alti>
</ElevPt>
<ElevPt gml:id="K2_4689312042_2">
<fid>46893-12042-i-123</fid>
<lfSpanFr gml:id="K2_4689312042_2-1">
<gml:timePosition>2014-12-25</gml:timePosition>
</lfSpanFr>
<devDate gml:id="K2_4689312042_2-2">
<gml:timePosition>2021-07-01</gml:timePosition>
</devDate>
<orgGILvl>25000</orgGILvl>
<vis>表示</vis>
<pos>
<gml:Point gml:id="K2_4689312042_2-g" srsName="fguuid:jgd2011.bl">
<gml:pos>33.455522222 130.266488333</gml:pos>
</gml:Point>
</pos>
<type>標高点（測点）</type>
<alti>549</alti>
</ElevPt>
<ElevPt gml:id="K2_4689312045_1">
<fid>46893-12045-i-36</fid>
<lfSpanFr gml:id="K2_4689312045_1-1">
<gml:timePosition>2014-12-25</gml:timePosition>
</lfSpanFr>
<devDate gml:id="K2_4689312045_1-2">
<gml:timePosition>2021-07-01</gml:timePosition>
</devDate>
<orgGILvl>25000</orgGILvl>
<vis>表示</vis>
<pos>
<gml:Point gml:id="K2_4689312045_1-g" srsName="fguuid:jgd2011.bl">
<gml:pos>33.460366111 130.260741667</gml:pos>
</gml:Point>
</pos>
<type>標高点（測点）</type>
<alti>545</alti>
</ElevPt>
<ElevPt gml:id="K2_4689312051_1">
<fid>46893-12051-i-118</fid>
<lfSpanFr gml:id="K2_4689312051_1-1">
<gml:timePosition>2021-02-26</gml:timePosition>
</lfSpanFr>
<devDate gml:id="K2_4689312051_1-2">
<gml:timePosition>2021-07-01</gml:timePosition>
</devDate>
<orgGILvl>25000</orgGILvl>
<vis>表示</vis>
<pos>
<gml:Point gml:id="K2_4689312051_1-g" srsName="fguuid:jgd2011.bl">
<gml:pos>33.482580833 130.260993889</gml:pos>
</gml:Point>
</pos>
<type>標高点（測点）</type>
<alti>678</alti>
</ElevPt>
<ElevPt gml:id="K2_4689312054_1">
<fid>46893-12054-i-122</fid>
<lfSpanFr gml:id="K2_4689312054_1-1">
<gml:timePosition>2021-02-26</gml:timePosition>
</lfSpanFr>
<devDate gml:id="K2_4689312054_1-2">
<gml:timePosition>2021-07-01</gml:timePosition>
</devDate>
<orgGILvl>25000</orgGILvl>
<vis>表示</vis>
<pos>
<gml:Point gml:id="K2_4689312054_1-g" srsName="fguuid:jgd2011.bl">
<gml:pos>33.487697222 130.265603056</gml:pos>
</gml:Point>
</pos>
<type>標高点（測点）</type>
<alti>539</alti>
</ElevPt>
<ElevPt gml:id="K2_4689612030_1">
<fid>46896-12030-i-260</fid>
<lfSpanFr gml:id="K2_4689612030_1-1">
<gml:timePosition>2021-06-15</gml:timePosition>
</lfSpanFr>
<devDate gml:id="K2_4689612030_1-2">
<gml:timePosition>2021-07-01</gml:timePosition>
</devDate>
<orgGILvl>25000</orgGILvl>
<vis>表示</vis>
<pos>
<gml:Point gml:id="K2_4689612030_1-g" srsName="fguuid:jgd2011.bl">
<gml:pos>33.421210833 130.269742778</gml:pos>
</gml:Point>
</pos>
<type>標高点（測点）</type>
<alti>473</alti>
</ElevPt>
<ElevPt gml:id="K2_4689612033_1">
<fid>46896-12033-i-400</fid>
<lfSpanFr gml:id="K2_4689612033_1-1">
<gml:timePosition>2021-06-15</gml:timePosition>
</lfSpanFr>
<devDate gml:id="K2_4689612033_1-2">
<gml:timePosition>2021-07-01</gml:timePosition>
</devDate>
<orgGILvl>25000</orgGILvl>
<vis>表示</vis>
<pos>
<gml:Point gml:id="K2_4689612033_1-g" srsName="fguuid:jgd2011.bl">
<gml:pos>33.433013556 130.273328000</gml:pos>
</gml:Point>
</pos>
<type>標高点（測点）</type>
<alti>404</alti>
</ElevPt>
<ElevPt gml:id="K2_4689612039_1">
<fid>46896-12039-i-517</fid>
<lfSpanFr gml:id="K2_4689612039_1-1">
<gml:timePosition>2021-06-15</gml:timePosition>
</lfSpanFr>
<devDate gml:id="K2_4689612039_1-2">
<gml:timePosition>2021-07-01</gml:timePosition>
</devDate>
<orgGILvl>25000</orgGILvl>
<vis>非表示</vis>
<pos>
<gml:Point gml:id="K2_4689612039_1-g" srsName="fguuid:jgd2011.bl">
<gml:pos>33.442139389 130.268713111</gml:pos>
</gml:Point>
</pos>
<type>標高点（測点）</type>
<alti>394</alti>
</ElevPt>
<ElevPt gml:id="K2_4689612042_1">
<fid>46896-12042-i-415</fid>
<lfSpanFr gml:id="K2_4689612042_1-1">
<gml:timePosition>2021-06-15</gml:timePosition>
</lfSpanFr>
<devDate gml:id="K2_4689612042_1-2">
<gml:timePosition>2021-07-01</gml:timePosition>
</devDate>
<orgGILvl>25000</orgGILvl>
<vis>表示</vis>
<pos>
<gml:Point gml:id="K2_4689612042_1-g" srsName="fguuid:jgd2011.bl">
<gml:pos>33.456507000 130.274442833</gml:pos>
</gml:Point>
</pos>
<type>標高点（測点）</type>
<alti>416</alti>
</ElevPt>
<ElevPt gml:id="K2_4689612045_1">
<fid>46896-12045-i-164</fid>
<lfSpanFr gml:id="K2_4689612045_1-1">
<gml:timePosition>2021-02-26</gml:timePosition>
</lfSpanFr>
<devDate gml:id="K2_4689612045_1-2">
<gml:timePosition>2021-07-01</gml:timePosition>
</devDate>
<orgGILvl>25000</orgGILvl>
<vis>表示</vis>
<pos>
<gml:Point gml:id="K2_4689612045_1-g" srsName="fguuid:jgd2011.bl">
<gml:pos>33.465401389 130.274086389</gml:pos>
</gml:Point>
</pos>
<type>標高点（測点）</type>
<alti>453</alti>
</ElevPt>
<ElevPt gml:id="K2_4689612048_1">
<fid>46896-12048-i-97</fid>
<lfSpanFr gml:id="K2_4689612048_1-1">
<gml:timePosition>2021-02-26</gml:timePosition>
</lfSpanFr>
<devDate gml:id="K2_4689612048_1-2">
<gml:timePosition>2021-07-01</gml:timePosition>
</devDate>
<orgGILvl>25000</orgGILvl>
<vis>表示</vis>
<pos>
<gml:Point gml:id="K2_4689612048_1-g" srsName="fguuid:jgd2011.bl">
<gml:pos>33.466887778 130.267970278</gml:pos>
</gml:Point>
</pos>
<type>標高点（測点）</type>
<alti>559</alti>
</ElevPt>
<ElevPt gml:id="K2_4689612048_2">
<fid>46896-12048-i-98</fid>
<lfSpanFr gml:id="K2_4689612048_2-1">
<gml:timePosition>2021-02-26</gml:timePosition>
</lfSpanFr>
<devDate gml:id="K2_4689612048_2-2">
<gml:timePosition>2021-07-01</gml:timePosition>
</devDate>
<orgGILvl>25000</orgGILvl>
<vis>表示</vis>
<pos>
<gml:Point gml:id="K2_4689612048_2-g" srsName="fguuid:jgd2011.bl">
<gml:pos>33.472292778 130.270373333</gml:pos>
</gml:Point>
</pos>
<type>標高点（測点）</type>
<alti>535</alti>
</ElevPt>
<ElevPt gml:id="K2_4689612051_1">
<fid>46896-12051-i-149</fid>
<lfSpanFr gml:id="K2_4689612051_1-1">
<gml:timePosition>2021-02-26</gml:timePosition>
</lfSpanFr>
<devDate gml:id="K2_4689612051_1-2">
<gml:timePosition>2021-07-01</gml:timePosition>
</devDate>
<orgGILvl>25000</orgGILvl>
<vis>表示</vis>
<pos>
<gml:Point gml:id="K2_4689612051_1-g" srsName="fguuid:jgd2011.bl">
<gml:pos>33.479295833 130.269316111</gml:pos>
</gml:Point>
</pos>
<type>標高点（測点）</type>
<alti>714</alti>
</ElevPt>
<ElevPt gml:id="K2_4689612054_1">
<fid>46896-12054-i-203</fid>
<lfSpanFr gml:id="K2_4689612054_1-1">
<gml:timePosition>2021-02-26</gml:timePosition>
</lfSpanFr>
<devDate gml:id="K2_4689612054_1-2">
<gml:timePosition>2021-07-01</gml:timePosition>
</devDate>
<orgGILvl>25000</orgGILvl>
<vis>表示</vis>
<pos>
<gml:Point gml:id="K2_4689612054_1-g" srsName="fguuid:jgd2011.bl">
<gml:pos>33.485837222 130.274740556</gml:pos>
</gml:Point>
</pos>
<type>標高点（測点）</type>
<alti>588</alti>
</ElevPt>
<ElevPt gml:id="K2_4689612057_1">
<fid>46896-12057-i-122</fid>
<lfSpanFr gml:id="K2_4689612057_1-1">
<gml:timePosition>2021-02-26</gml:timePosition>
</lfSpanFr>
<devDate gml:id="K2_4689612057_1-2">
<gml:timePosition>2021-07-01</gml:timePosition>
</devDate>
<orgGILvl>25000</orgGILvl>
<vis>表示</vis>
<pos>
<gml:Point gml:id="K2_4689612057_1-g" srsName="fguuid:jgd2011.bl">
<gml:pos>33.498928333 130.274831944</gml:pos>
</gml:Point>
</pos>
<type>標高点（測点）</type>
<alti>662</alti>
</ElevPt>
<ElevPt gml:id="K2_4689612057_2">
<fid>46896-12057-i-128</fid>
<lfSpanFr gml:id="K2_4689612057_2-1">
<gml:timePosition>2021-02-26</gml:timePosition>
</lfSpanFr>
<devDate gml:id="K2_4689612057_2-2">
<gml:timePosition>2021-07-01</gml:timePosition>
</devDate>
<orgGILvl>25000</orgGILvl>
<vis>非表示</vis>
<pos>
<gml:Point gml:id="K2_4689612057_2-g" srsName="fguuid:jgd2011.bl">
<gml:pos>33.495393056 130.271911944</gml:pos>
</gml:Point>
</pos>
<type>標高点（測点）</type>
<alti>735</alti>
</ElevPt>
<ElevPt gml:id="K2_4689912030_1">
<fid>46899-12030-i-310</fid>
<lfSpanFr gml:id="K2_4689912030_1-1">
<gml:timePosition>2021-06-15</gml:timePosition>
</lfSpanFr>
<devDate gml:id="K2_4689912030_1-2">
<gml:timePosition>2021-07-01</gml:timePosition>
</devDate>
<orgGILvl>25000</orgGILvl>
<vis>表示</vis>
<pos>
<gml:Point gml:id="K2_4689912030_1-g" srsName="fguuid:jgd2011.bl">
<gml:pos>33.418490278 130.281969444</gml:pos>
</gml:Point>
</pos>
<type>標高点（測点）</type>
<alti>456</alti>
</ElevPt>
<ElevPt gml:id="K2_4689912033_1">
<fid>46899-12033-i-374</fid>
<lfSpanFr gml:id="K2_4689912033_1-1">
<gml:timePosition>2021-06-15</gml:timePosition>
</lfSpanFr>
<devDate gml:id="K2_4689912033_1-2">
<gml:timePosition>2021-07-01</gml:timePosition>
</devDate>
<orgGILvl>25000</orgGILvl>
<vis>表示</vis>
<pos>
<gml:Point gml:id="K2_4689912033_1-g" srsName="fguuid:jgd2011.bl">
<gml:pos>33.426392222 130.276465556</gml:pos>
</gml:Point>
</pos>
<type>標高点（測点）</type>
<alti>468</alti>
</ElevPt>
<ElevPt gml:id="K2_4689912036_1">
<fid>46899-12036-i-249</fid>
<lfSpanFr gml:id="K2_4689912036_1-1">
<gml:timePosition>2021-06-15</gml:timePosition>
</lfSpanFr>
<devDate gml:id="K2_4689912036_1-2">
<gml:timePosition>2021-07-01</gml:timePosition>
</devDate>
<orgGILvl>25000</orgGILvl>
<vis>表示</vis>
<pos>
<gml:Point gml:id="K2_4689912036_1-g" srsName="fguuid:jgd2011.bl">
<gml:pos>33.438337778 130.279808611</gml:pos>
</gml:Point>
</pos>
<type>標高点（測点）</type>
<alti>491</alti>
</ElevPt>
<ElevPt gml:id="K2_4689912036_2">
<fid>46899-12036-i-250</fid>
<lfSpanFr gml:id="K2_4689912036_2-1">
<gml:timePosition>2021-06-15</gml:timePosition>
</lfSpanFr>
<devDate gml:id="K2_4689912036_2-2">
<gml:timePosition>2021-07-01</gml:timePosition>
</devDate>
<orgGILvl>25000</orgGILvl>
<vis>表示</vis>
<pos>
<gml:Point gml:id="K2_4689912036_2-g" srsName="fguuid:jgd2011.bl">
<gml:pos>33.434157500 130.283176667</gml:pos>
</gml:Point>
</pos>
<type>標高点（測点）</type>
<alti>536</alti>
</ElevPt>
<ElevPt gml:id="K2_4689912039_1">
<fid>46899-12039-i-232</fid>
<lfSpanFr gml:id="K2_4689912039_1-1">
<gml:timePosition>2021-06-15</gml:timePosition>
</lfSpanFr>
<devDate gml:id="K2_4689912039_1-2">
<gml:timePosition>2021-07-01</gml:timePosition>
</devDate>
<orgGILvl>25000</orgGILvl>
<vis>表示</vis>
<pos>
<gml:Point gml:id="K2_4689912039_1-g" srsName="fguuid:jgd2011.bl">
<gml:pos>33.447566667 130.279281389</gml:pos>
</gml:Point>
</pos>
<type>標高点（測点）</type>
<alti>472</alti>
</ElevPt>
<ElevPt gml:id="K2_4689912042_1">
<fid>46899-12042-i-265</fid>
<lfSpanFr gml:id="K2_4689912042_1-1">
<gml:timePosition>2021-06-15</gml:timePosition>
</lfSpanFr>
<devDate gml:id="K2_4689912042_1-2">
<gml:timePosition>2021-07-01</gml:timePosition>
</devDate>
<orgGILvl>25000</orgGILvl>
<vis>表示</vis>
<pos>
<gml:Point gml:id="K2_4689912042_1-g" srsName="fguuid:jgd2011.bl">
<gml:pos>33.452188833 130.276000306</gml:pos>
</gml:Point>
</pos>
<type>標高点（測点）</type>
<alti>407</alti>
</ElevPt>
<ElevPt gml:id="K2_4689912048_1">
<fid>46899-12048-i-227</fid>
<lfSpanFr gml:id="K2_4689912048_1-1">
<gml:timePosition>2021-02-26</gml:timePosition>
</lfSpanFr>
<devDate gml:id="K2_4689912048_1-2">
<gml:timePosition>2021-07-01</gml:timePosition>
</devDate>
<orgGILvl>25000</orgGILvl>
<vis>表示</vis>
<pos>
<gml:Point gml:id="K2_4689912048_1-g" srsName="fguuid:jgd2011.bl">
<gml:pos>33.467960750 130.278928056</gml:pos>
</gml:Point>
</pos>
<type>標高点（測点）</type>
<alti>517</alti>
</ElevPt>
<ElevPt gml:id="K2_4689912051_1">
<fid>46899-12051-i-179</fid>
<lfSpanFr gml:id="K2_4689912051_1-1">
<gml:timePosition>2018-08-06</gml:timePosition>
</lfSpanFr>
<devDate gml:id="K2_4689912051_1-2">
<gml:timePosition>2021-07-01</gml:timePosition>
</devDate>
<orgGILvl>25000</orgGILvl>
<vis>表示</vis>
<pos>
<gml:Point gml:id="K2_4689912051_1-g" srsName="fguuid:jgd2011.bl">
<gml:pos>33.475038889 130.277178333</gml:pos>
</gml:Point>
</pos>
<type>標高点（測点）</type>
<alti>669</alti>
</ElevPt>
<ElevPt gml:id="K2_4689912054_1">
<fid>46899-12054-i-51</fid>
<lfSpanFr gml:id="K2_4689912054_1-1">
<gml:timePosition>2021-02-26</gml:timePosition>
</lfSpanFr>
<devDate gml:id="K2_4689912054_1-2">
<gml:timePosition>2021-07-01</gml:timePosition>
</devDate>
<orgGILvl>25000</orgGILvl>
<vis>表示</vis>
<pos>
<gml:Point gml:id="K2_4689912054_1-g" srsName="fguuid:jgd2011.bl">
<gml:pos>33.484354444 130.282947778</gml:pos>
</gml:Point>
</pos>
<type>標高点（測点）</type>
<alti>649</alti>
</ElevPt>
<ElevPt gml:id="K2_4690212030_1">
<fid>46902-12030-i-302</fid>
<lfSpanFr gml:id="K2_4690212030_1-1">
<gml:timePosition>2021-06-15</gml:timePosition>
</lfSpanFr>
<devDate gml:id="K2_4690212030_1-2">
<gml:timePosition>2021-07-01</gml:timePosition>
</devDate>
<orgGILvl>25000</orgGILvl>
<vis>表示</vis>
<pos>
<gml:Point gml:id="K2_4690212030_1-g" srsName="fguuid:jgd2011.bl">
<gml:pos>33.424591944 130.286039722</gml:pos>
</gml:Point>
</pos>
<type>標高点（測点）</type>
<alti>518</alti>
</ElevPt>
<ElevPt gml:id="K2_4690212036_1">
<fid>46902-12036-i-403</fid>
<lfSpanFr gml:id="K2_4690212036_1-1">
<gml:timePosition>2021-06-15</gml:timePosition>
</lfSpanFr>
<devDate gml:id="K2_4690212036_1-2">
<gml:timePosition>2021-07-01</gml:timePosition>
</devDate>
<orgGILvl>25000</orgGILvl>
<vis>表示</vis>
<pos>
<gml:Point gml:id="K2_4690212036_1-g" srsName="fguuid:jgd2011.bl">
<gml:pos>33.441362500 130.289922500</gml:pos>
</gml:Point>
</pos>
<type>標高点（測点）</type>
<alti>504</alti>
</ElevPt>
<ElevPt gml:id="K2_4690212036_2">
<fid>46902-12036-i-467</fid>
<lfSpanFr gml:id="K2_4690212036_2-1">
<gml:timePosition>2021-06-15</gml:timePosition>
</lfSpanFr>
<devDate gml:id="K2_4690212036_2-2">
<gml:timePosition>2021-07-01</gml:timePosition>
</devDate>
<orgGILvl>25000</orgGILvl>
<vis>非表示</vis>
<pos>
<gml:Point gml:id="K2_4690212036_2-g" srsName="fguuid:jgd2011.bl">
<gml:pos>33.436847250 130.290183389</gml:pos>
</gml:Point>
</pos>
<type>標高点（測点）</type>
<alti>424</alti>
</ElevPt>
<ElevPt gml:id="K2_4690212039_1">
<fid>46902-12039-i-160</fid>
<lfSpanFr gml:id="K2_4690212039_1-1">
<gml:timePosition>2014-12-25</gml:timePosition>
</lfSpanFr>
<devDate gml:id="K2_4690212039_1-2">
<gml:timePosition>2021-07-01</gml:timePosition>
</devDate>
<orgGILvl>25000</orgGILvl>
<vis>表示</vis>
<pos>
<gml:Point gml:id="K2_4690212039_1-g" srsName="fguuid:jgd2011.bl">
<gml:pos>33.449578778 130.286246000</gml:pos>
</gml:Point>
</pos>
<type>標高点（測点）</type>
<alti>433</alti>
</ElevPt>
<ElevPt gml:id="K2_4690212045_1">
<fid>46902-12045-i-32</fid>
<lfSpanFr gml:id="K2_4690212045_1-1">
<gml:timePosition>2018-08-06</gml:timePosition>
</lfSpanFr>
<devDate gml:id="K2_4690212045_1-2">
<gml:timePosition>2021-07-01</gml:timePosition>
</devDate>
<orgGILvl>25000</orgGILvl>
<vis>表示</vis>
<pos>
<gml:Point gml:id="K2_4690212045_1-g" srsName="fguuid:jgd2011.bl">
<gml:pos>33.462660000 130.285475833</gml:pos>
</gml:Point>
</pos>
<type>標高点（測点）</type>
<alti>671</alti>
</ElevPt>
<ElevPt gml:id="K2_4690212048_1">
<fid>46902-12048-i-241</fid>
<lfSpanFr gml:id="K2_4690212048_1-1">
<gml:timePosition>2018-08-06</gml:timePosition>
</lfSpanFr>
<devDate gml:id="K2_4690212048_1-2">
<gml:timePosition>2021-07-01</gml:timePosition>
</devDate>
<orgGILvl>25000</orgGILvl>
<vis>表示</vis>
<pos>
<gml:Point gml:id="K2_4690212048_1-g" srsName="fguuid:jgd2011.bl">
<gml:pos>33.473159444 130.286670556</gml:pos>
</gml:Point>
</pos>
<type>標高点（測点）</type>
<alti>683</alti>
</ElevPt>
<ElevPt gml:id="K2_4690212051_1">
<fid>46902-12051-i-126</fid>
<lfSpanFr gml:id="K2_4690212051_1-1">
<gml:timePosition>2018-08-06</gml:timePosition>
</lfSpanFr>
<devDate gml:id="K2_4690212051_1-2">
<gml:timePosition>2021-07-01</gml:timePosition>
</devDate>
<orgGILvl>25000</orgGILvl>
<vis>表示</vis>
<pos>
<gml:Point gml:id="K2_4690212051_1-g" srsName="fguuid:jgd2011.bl">
<gml:pos>33.479073091 130.285924173</gml:pos>
</gml:Point>
</pos>
<type>標高点（測点）</type>
<alti>488</alti>
</ElevPt>
<ElevPt gml:id="K2_4690212051_2">
<fid>46902-12051-i-127</fid>
<lfSpanFr gml:id="K2_4690212051_2-1">
<gml:timePosition>2018-08-06</gml:timePosition>
</lfSpanFr>
<devDate gml:id="K2_4690212051_2-2">
<gml:timePosition>2021-07-01</gml:timePosition>
</devDate>
<orgGILvl>25000</orgGILvl>
<vis>表示</vis>
<pos>
<gml:Point gml:id="K2_4690212051_2-g" srsName="fguuid:jgd2011.bl">
<gml:pos>33.479758333 130.291509167</gml:pos>
</gml:Point>
</pos>
<type>標高点（測点）</type>
<alti>578</alti>
</ElevPt>
<ElevPt gml:id="K2_4690212057_1">
<fid>46902-12057-i-171</fid>
<lfSpanFr gml:id="K2_4690212057_1-1">
<gml:timePosition>2021-02-26</gml:timePosition>
</lfSpanFr>
<devDate gml:id="K2_4690212057_1-2">
<gml:timePosition>2021-07-01</gml:timePosition>
</devDate>
<orgGILvl>25000</orgGILvl>
<vis>表示</vis>
<pos>
<gml:Point gml:id="K2_4690212057_1-g" srsName="fguuid:jgd2011.bl">
<gml:pos>33.493821944 130.283544722</gml:pos>
</gml:Point>
</pos>
<type>標高点（測点）</type>
<alti>561</alti>
</ElevPt>
<ElevPt gml:id="K2_4690212057_2">
<fid>46902-12057-i-172</fid>
<lfSpanFr gml:id="K2_4690212057_2-1">
<gml:timePosition>2021-02-26</gml:timePosition>
</lfSpanFr>
<devDate gml:id="K2_4690212057_2-2">
<gml:timePosition>2021-07-01</gml:timePosition>
</devDate>
<orgGILvl>25000</orgGILvl>
<vis>表示</vis>
<pos>
<gml:Point gml:id="K2_4690212057_2-g" srsName="fguuid:jgd2011.bl">
<gml:pos>33.498832222 130.285187500</gml:pos>
</gml:Point>
</pos>
<type>標高点（測点）</type>
<alti>453</alti>
</ElevPt>
<ElevPt gml:id="K2_4690512030_1">
<fid>46905-12030-i-173</fid>
<lfSpanFr gml:id="K2_4690512030_1-1">
<gml:timePosition>2021-02-26</gml:timePosition>
</lfSpanFr>
<devDate gml:id="K2_4690512030_1-2">
<gml:timePosition>2021-07-01</gml:timePosition>
</devDate>
<orgGILvl>25000</orgGILvl>
<vis>表示</vis>
<pos>
<gml:Point gml:id="K2_4690512030_1-g" srsName="fguuid:jgd2011.bl">
<gml:pos>33.418082917 130.292816333</gml:pos>
</gml:Point>
</pos>
<type>標高点（測点）</type>
<alti>424</alti>
</ElevPt>
<ElevPt gml:id="K2_4690512033_1">
<fid>46905-12033-i-59</fid>
<lfSpanFr gml:id="K2_4690512033_1-1">
<gml:timePosition>2014-12-25</gml:timePosition>
</lfSpanFr>
<devDate gml:id="K2_4690512033_1-2">
<gml:timePosition>2021-07-01</gml:timePosition>
</devDate>
<orgGILvl>25000</orgGILvl>
<vis>表示</vis>
<pos>
<gml:Point gml:id="K2_4690512033_1-g" srsName="fguuid:jgd2011.bl">
<gml:pos>33.425477778 130.297107500</gml:pos>
</gml:Point>
</pos>
<type>標高点（測点）</type>
<alti>589</alti>
</ElevPt>
<ElevPt gml:id="K2_4690512039_1">
<fid>46905-12039-i-288</fid>
<lfSpanFr gml:id="K2_4690512039_1-1">
<gml:timePosition>2021-02-26</gml:timePosition>
</lfSpanFr>
<devDate gml:id="K2_4690512039_1-2">
<gml:timePosition>2021-07-01</gml:timePosition>
</devDate>
<orgGILvl>25000</orgGILvl>
<vis>表示</vis>
<pos>
<gml:Point gml:id="K2_4690512039_1-g" srsName="fguuid:jgd2011.bl">
<gml:pos>33.445764167 130.295280000</gml:pos>
</gml:Point>
</pos>
<type>標高点（測点）</type>
<alti>551</alti>
</ElevPt>
<ElevPt gml:id="K2_4690512042_1">
<fid>46905-12042-i-77</fid>
<lfSpanFr gml:id="K2_4690512042_1-1">
<gml:timePosition>2014-12-25</gml:timePosition>
</lfSpanFr>
<devDate gml:id="K2_4690512042_1-2">
<gml:timePosition>2021-07-01</gml:timePosition>
</devDate>
<orgGILvl>25000</orgGILvl>
<vis>表示</vis>
<pos>
<gml:Point gml:id="K2_4690512042_1-g" srsName="fguuid:jgd2011.bl">
<gml:pos>33.455127778 130.291831111</gml:pos>
</gml:Point>
</pos>
<type>標高点（測点）</type>
<alti>569</alti>
</ElevPt>
<ElevPt gml:id="K2_4690512042_2">
<fid>46905-12042-i-78</fid>
<lfSpanFr gml:id="K2_4690512042_2-1">
<gml:timePosition>2014-12-25</gml:timePosition>
</lfSpanFr>
<devDate gml:id="K2_4690512042_2-2">
<gml:timePosition>2021-07-01</gml:timePosition>
</devDate>
<orgGILvl>25000</orgGILvl>
<vis>表示</vis>
<pos>
<gml:Point gml:id="K2_4690512042_2-g" srsName="fguuid:jgd2011.bl">
<gml:pos>33.453344722 130.298670833</gml:pos>
</gml:Point>
</pos>
<type>標高点（測点）</type>
<alti>625</alti>
</ElevPt>
<ElevPt gml:id="K2_4690512045_1">
<fid>46905-12045-i-165</fid>
<lfSpanFr gml:id="K2_4690512045_1-1">
<gml:timePosition>2018-08-06</gml:timePosition>
</lfSpanFr>
<devDate gml:id="K2_4690512045_1-2">
<gml:timePosition>2021-07-01</gml:timePosition>
</devDate>
<orgGILvl>25000</orgGILvl>
<vis>表示</vis>
<pos>
<gml:Point gml:id="K2_4690512045_1-g" srsName="fguuid:jgd2011.bl">
<gml:pos>33.461591389 130.297278611</gml:pos>
</gml:Point>
</pos>
<type>標高点（測点）</type>
<alti>820</alti>
</ElevPt>
<ElevPt gml:id="K2_4690512054_1">
<fid>46905-12054-i-198</fid>
<lfSpanFr gml:id="K2_4690512054_1-1">
<gml:timePosition>2018-08-06</gml:timePosition>
</lfSpanFr>
<devDate gml:id="K2_4690512054_1-2">
<gml:timePosition>2021-07-01</gml:timePosition>
</devDate>
<orgGILvl>25000</orgGILvl>
<vis>表示</vis>
<pos>
<gml:Point gml:id="K2_4690512054_1-g" srsName="fguuid:jgd2011.bl">
<gml:pos>33.487231714 130.292025183</gml:pos>
</gml:Point>
</pos>
<type>標高点（測点）</type>
<alti>341</alti>
</ElevPt>
<ElevPt gml:id="K2_4690512054_2">
<fid>46905-12054-i-199</fid>
<lfSpanFr gml:id="K2_4690512054_2-1">
<gml:timePosition>2018-08-06</gml:timePosition>
</lfSpanFr>
<devDate gml:id="K2_4690512054_2-2">
<gml:timePosition>2021-07-01</gml:timePosition>
</devDate>
<orgGILvl>25000</orgGILvl>
<vis>表示</vis>
<pos>
<gml:Point gml:id="K2_4690512054_2-g" srsName="fguuid:jgd2011.bl">
<gml:pos>33.486010278 130.298428889</gml:pos>
</gml:Point>
</pos>
<type>標高点（測点）</type>
<alti>486</alti>
</ElevPt>
<ElevPt gml:id="K2_4690512054_3">
<fid>46905-12054-i-200</fid>
<lfSpanFr gml:id="K2_4690512054_3-1">
<gml:timePosition>2018-08-06</gml:timePosition>
</lfSpanFr>
<devDate gml:id="K2_4690512054_3-2">
<gml:timePosition>2021-07-01</gml:timePosition>
</devDate>
<orgGILvl>25000</orgGILvl>
<vis>表示</vis>
<pos>
<gml:Point gml:id="K2_4690512054_3-g" srsName="fguuid:jgd2011.bl">
<gml:pos>33.491208122 130.293984412</gml:pos>
</gml:Point>
</pos>
<type>標高点（測点）</type>
<alti>297</alti>
</ElevPt>
<ElevPt gml:id="K2_4690812030_1">
<fid>46908-12030-i-218</fid>
<lfSpanFr gml:id="K2_4690812030_1-1">
<gml:timePosition>2021-02-26</gml:timePosition>
</lfSpanFr>
<devDate gml:id="K2_4690812030_1-2">
<gml:timePosition>2021-07-01</gml:timePosition>
</devDate>
<orgGILvl>25000</orgGILvl>
<vis>表示</vis>
<pos>
<gml:Point gml:id="K2_4690812030_1-g" srsName="fguuid:jgd2011.bl">
<gml:pos>33.422712500 130.305865833</gml:pos>
</gml:Point>
</pos>
<type>標高点（測点）</type>
<alti>545</alti>
</ElevPt>
<ElevPt gml:id="K2_4690812030_2">
<fid>46908-12030-i-282</fid>
<lfSpanFr gml:id="K2_4690812030_2-1">
<gml:timePosition>2021-02-26</gml:timePosition>
</lfSpanFr>
<devDate gml:id="K2_4690812030_2-2">
<gml:timePosition>2021-07-01</gml:timePosition>
</devDate>
<orgGILvl>25000</orgGILvl>
<pos>
<gml:Point gml:id="K2_4690812030_2-g" srsName="fguuid:jgd2011.bl">
<gml:pos>33.419809167 130.307404167</gml:pos>
</gml:Point>
</pos>
<type>標高点（測点）</type>
<alti>479</alti>
</ElevPt>
<ElevPt gml:id="K2_4690812033_1">
<fid>46908-12033-i-141</fid>
<lfSpanFr gml:id="K2_4690812033_1-1">
<gml:timePosition>2016-02-24</gml:timePosition>
</lfSpanFr>
<devDate gml:id="K2_4690812033_1-2">
<gml:timePosition>2021-07-01</gml:timePosition>
</devDate>
<orgGILvl>25000</orgGILvl>
<vis>表示</vis>
<pos>
<gml:Point gml:id="K2_4690812033_1-g" srsName="fguuid:jgd2011.bl">
<gml:pos>33.431238889 130.307636667</gml:pos>
</gml:Point>
</pos>
<type>標高点（測点）</type>
<alti>453</alti>
</ElevPt>
<ElevPt gml:id="K2_4690812036_1">
<fid>46908-12036-i-166</fid>
<lfSpanFr gml:id="K2_4690812036_1-1">
<gml:timePosition>2021-02-26</gml:timePosition>
</lfSpanFr>
<devDate gml:id="K2_4690812036_1-2">
<gml:timePosition>2021-07-01</gml:timePosition>
</devDate>
<orgGILvl>25000</orgGILvl>
<vis>表示</vis>
<pos>
<gml:Point gml:id="K2_4690812036_1-g" srsName="fguuid:jgd2011.bl">
<gml:pos>33.433731111 130.301191889</gml:pos>
</gml:Point>
</pos>
<type>標高点（測点）</type>
<alti>432</alti>
</ElevPt>
<ElevPt gml:id="K2_4690812036_2">
<fid>46908-12036-i-211</fid>
<lfSpanFr gml:id="K2_4690812036_2-1">
<gml:timePosition>2021-02-26</gml:timePosition>
</lfSpanFr>
<devDate gml:id="K2_4690812036_2-2">
<gml:timePosition>2021-07-01</gml:timePosition>
</devDate>
<orgGILvl>25000</orgGILvl>
<vis>表示</vis>
<pos>
<gml:Point gml:id="K2_4690812036_2-g" srsName="fguuid:jgd2011.bl">
<gml:pos>33.440388990 130.302127951</gml:pos>
</gml:Point>
</pos>
<type>標高点（測点）</type>
<alti>590</alti>
</ElevPt>
<ElevPt gml:id="K2_4690812048_1">
<fid>46908-12048-i-28</fid>
<lfSpanFr gml:id="K2_4690812048_1-1">
<gml:timePosition>2018-08-06</gml:timePosition>
</lfSpanFr>
<devDate gml:id="K2_4690812048_1-2">
<gml:timePosition>2021-07-01</gml:timePosition>
</devDate>
<orgGILvl>25000</orgGILvl>
<vis>表示</vis>
<pos>
<gml:Point gml:id="K2_4690812048_1-g" srsName="fguuid:jgd2011.bl">
<gml:pos>33.472871111 130.303335000</gml:pos>
</gml:Point>
</pos>
<type>標高点（測点）</type>
<alti>658</alti>
</ElevPt>
<ElevPt gml:id="K2_4690812057_1">
<fid>46908-12057-i-429</fid>
<lfSpanFr gml:id="K2_4690812057_1-1">
<gml:timePosition>2021-02-26</gml:timePosition>
</lfSpanFr>
<devDate gml:id="K2_4690812057_1-2">
<gml:timePosition>2021-07-01</gml:timePosition>
</devDate>
<orgGILvl>25000</orgGILvl>
<vis>表示</vis>
<pos>
<gml:Point gml:id="K2_4690812057_1-g" srsName="fguuid:jgd2011.bl">
<gml:pos>33.492391278 130.306574702</gml:pos>
</gml:Point>
</pos>
<type>標高点（測点）</type>
<alti>188</alti>
</ElevPt>
<ElevPt gml:id="K2_4691112036_1">
<fid>46911-12036-i-244</fid>
<lfSpanFr gml:id="K2_4691112036_1-1">
<gml:timePosition>2021-02-26</gml:timePosition>
</lfSpanFr>
<devDate gml:id="K2_4691112036_1-2">
<gml:timePosition>2021-07-01</gml:timePosition>
</devDate>
<orgGILvl>25000</orgGILvl>
<vis>表示</vis>
<pos>
<gml:Point gml:id="K2_4691112036_1-g" srsName="fguuid:jgd2011.bl">
<gml:pos>33.434552222 130.313679722</gml:pos>
</gml:Point>
</pos>
<type>標高点（測点）</type>
<alti>570</alti>
</ElevPt>
<ElevPt gml:id="K2_4691112042_1">
<fid>46911-12042-i-43</fid>
<lfSpanFr gml:id="K2_4691112042_1-1">
<gml:timePosition>2018-08-06</gml:timePosition>
</lfSpanFr>
<devDate gml:id="K2_4691112042_1-2">
<gml:timePosition>2021-07-01</gml:timePosition>
</devDate>
<orgGILvl>25000</orgGILvl>
<vis>表示</vis>
<pos>
<gml:Point gml:id="K2_4691112042_1-g" srsName="fguuid:jgd2011.bl">
<gml:pos>33.457905417 130.314173500</gml:pos>
</gml:Point>
</pos>
<type>標高点（測点）</type>
<alti>942</alti>
</ElevPt>
<ElevPt gml:id="K2_4691112042_2">
<fid>46911-12042-i-52</fid>
<lfSpanFr gml:id="K2_4691112042_2-1">
<gml:timePosition>2018-08-06</gml:timePosition>
</lfSpanFr>
<devDate gml:id="K2_4691112042_2-2">
<gml:timePosition>2021-07-01</gml:timePosition>
</devDate>
<orgGILvl>25000</orgGILvl>
<vis>非表示</vis>
<pos>
<gml:Point gml:id="K2_4691112042_2-g" srsName="fguuid:jgd2011.bl">
<gml:pos>33.450521944 130.314761111</gml:pos>
</gml:Point>
</pos>
<type>標高点（測点）</type>
<alti>671</alti>
</ElevPt>
<ElevPt gml:id="K2_4691112048_1">
<fid>46911-12048-i-131</fid>
<lfSpanFr gml:id="K2_4691112048_1-1">
<gml:timePosition>2018-08-06</gml:timePosition>
</lfSpanFr>
<devDate gml:id="K2_4691112048_1-2">
<gml:timePosition>2021-07-01</gml:timePosition>
</devDate>
<orgGILvl>25000</orgGILvl>
<vis>表示</vis>
<pos>
<gml:Point gml:id="K2_4691112048_1-g" srsName="fguuid:jgd2011.bl">
<gml:pos>33.466753611 130.316047778</gml:pos>
</gml:Point>
</pos>
<type>標高点（測点）</type>
<alti>678</alti>
</ElevPt>
<ElevPt gml:id="K2_4691112048_2">
<fid>46911-12048-i-132</fid>
<lfSpanFr gml:id="K2_4691112048_2-1">
<gml:timePosition>2018-08-06</gml:timePosition>
</lfSpanFr>
<devDate gml:id="K2_4691112048_2-2">
<gml:timePosition>2021-07-01</gml:timePosition>
</devDate>
<orgGILvl>25000</orgGILvl>
<vis>表示</vis>
<pos>
<gml:Point gml:id="K2_4691112048_2-g" srsName="fguuid:jgd2011.bl">
<gml:pos>33.471359444 130.312047500</gml:pos>
</gml:Point>
</pos>
<type>標高点（測点）</type>
<alti>771</alti>
</ElevPt>
<ElevPt gml:id="K2_4691112051_1">
<fid>46911-12051-i-76</fid>
<lfSpanFr gml:id="K2_4691112051_1-1">
<gml:timePosition>2018-08-06</gml:timePosition>
</lfSpanFr>
<devDate gml:id="K2_4691112051_1-2">
<gml:timePosition>2021-07-01</gml:timePosition>
</devDate>
<orgGILvl>25000</orgGILvl>
<vis>表示</vis>
<pos>
<gml:Point gml:id="K2_4691112051_1-g" srsName="fguuid:jgd2011.bl">
<gml:pos>33.480749722 130.311601111</gml:pos>
</gml:Point>
</pos>
<type>標高点（測点）</type>
<alti>455</alti>
</ElevPt>
<ElevPt gml:id="K2_4691112054_1">
<fid>46911-12054-i-176</fid>
<lfSpanFr gml:id="K2_4691112054_1-1">
<gml:timePosition>2018-08-06</gml:timePosition>
</lfSpanFr>
<devDate gml:id="K2_4691112054_1-2">
<gml:timePosition>2021-07-01</gml:timePosition>
</devDate>
<orgGILvl>25000</orgGILvl>
<vis>表示</vis>
<pos>
<gml:Point gml:id="K2_4691112054_1-g" srsName="fguuid:jgd2011.bl">
<gml:pos>33.487296816 130.313397784</gml:pos>
</gml:Point>
</pos>
<type>標高点（測点）</type>
<alti>225</alti>
</ElevPt>
<ElevPt gml:id="K2_4691412030_1">
<fid>46914-12030-i-117</fid>
<lfSpanFr gml:id="K2_4691412030_1-1">
<gml:timePosition>2014-12-25</gml:timePosition>
</lfSpanFr>
<devDate gml:id="K2_4691412030_1-2">
<gml:timePosition>2021-07-01</gml:timePosition>
</devDate>
<orgGILvl>25000</orgGILvl>
<vis>表示</vis>
<pos>
<gml:Point gml:id="K2_4691412030_1-g" srsName="fguuid:jgd2011.bl">
<gml:pos>33.424168611 130.317358611</gml:pos>
</gml:Point>
</pos>
<type>標高点（測点）</type>
<alti>591</alti>
</ElevPt>
<ElevPt gml:id="K2_4691412033_1">
<fid>46914-12033-i-46</fid>
<lfSpanFr gml:id="K2_4691412033_1-1">
<gml:timePosition>2014-12-25</gml:timePosition>
</lfSpanFr>
<devDate gml:id="K2_4691412033_1-2">
<gml:timePosition>2021-07-01</gml:timePosition>
</devDate>
<orgGILvl>25000</orgGILvl>
<vis>表示</vis>
<pos>
<gml:Point gml:id="K2_4691412033_1-g" srsName="fguuid:jgd2011.bl">
<gml:pos>33.432028056 130.321565000</gml:pos>
</gml:Point>
</pos>
<type>標高点（測点）</type>
<alti>625</alti>
</ElevPt>
<ElevPt gml:id="K2_4691412036_1">
<fid>46914-12036-i-153</fid>
<lfSpanFr gml:id="K2_4691412036_1-1">
<gml:timePosition>2016-02-24</gml:timePosition>
</lfSpanFr>
<devDate gml:id="K2_4691412036_1-2">
<gml:timePosition>2021-07-01</gml:timePosition>
</devDate>
<orgGILvl>25000</orgGILvl>
<vis>表示</vis>
<pos>
<gml:Point gml:id="K2_4691412036_1-g" srsName="fguuid:jgd2011.bl">
<gml:pos>33.438395556 130.323633056</gml:pos>
</gml:Point>
</pos>
<type>標高点（測点）</type>
<alti>546</alti>
</ElevPt>
<ElevPt gml:id="K2_4691412039_1">
<fid>46914-12039-i-74</fid>
<lfSpanFr gml:id="K2_4691412039_1-1">
<gml:timePosition>2014-12-25</gml:timePosition>
</lfSpanFr>
<devDate gml:id="K2_4691412039_1-2">
<gml:timePosition>2021-07-01</gml:timePosition>
</devDate>
<orgGILvl>25000</orgGILvl>
<vis>表示</vis>
<pos>
<gml:Point gml:id="K2_4691412039_1-g" srsName="fguuid:jgd2011.bl">
<gml:pos>33.444743889 130.317541667</gml:pos>
</gml:Point>
</pos>
<type>標高点（測点）</type>
<alti>593</alti>
</ElevPt>
<ElevPt gml:id="K2_4691412039_2">
<fid>46914-12039-i-75</fid>
<lfSpanFr gml:id="K2_4691412039_2-1">
<gml:timePosition>2014-12-25</gml:timePosition>
</lfSpanFr>
<devDate gml:id="K2_4691412039_2-2">
<gml:timePosition>2021-07-01</gml:timePosition>
</devDate>
<orgGILvl>25000</orgGILvl>
<vis>表示</vis>
<pos>
<gml:Point gml:id="K2_4691412039_2-g" srsName="fguuid:jgd2011.bl">
<gml:pos>33.449405000 130.323600000</gml:pos>
</gml:Point>
</pos>
<type>標高点（測点）</type>
<alti>688</alti>
</ElevPt>
<ElevPt gml:id="K2_4691412045_1">
<fid>46914-12045-i-103</fid>
<lfSpanFr gml:id="K2_4691412045_1-1">
<gml:timePosition>2018-08-06</gml:timePosition>
</lfSpanFr>
<devDate gml:id="K2_4691412045_1-2">
<gml:timePosition>2021-07-01</gml:timePosition>
</devDate>
<orgGILvl>25000</orgGILvl>
<vis>表示</vis>
<pos>
<gml:Point gml:id="K2_4691412045_1-g" srsName="fguuid:jgd2011.bl">
<gml:pos>33.459096111 130.322322778</gml:pos>
</gml:Point>
</pos>
<type>標高点（測点）</type>
<alti>906</alti>
</ElevPt>
<ElevPt gml:id="K2_4691412048_1">
<fid>46914-12048-i-256</fid>
<lfSpanFr gml:id="K2_4691412048_1-1">
<gml:timePosition>2021-02-26</gml:timePosition>
</lfSpanFr>
<devDate gml:id="K2_4691412048_1-2">
<gml:timePosition>2021-07-01</gml:timePosition>
</devDate>
<orgGILvl>25000</orgGILvl>
<vis>表示</vis>
<pos>
<gml:Point gml:id="K2_4691412048_1-g" srsName="fguuid:jgd2011.bl">
<gml:pos>33.474297778 130.320369444</gml:pos>
</gml:Point>
</pos>
<type>標高点（測点）</type>
<alti>509</alti>
</ElevPt>
<ElevPt gml:id="K2_4691412051_1">
<fid>46914-12051-i-287</fid>
<lfSpanFr gml:id="K2_4691412051_1-1">
<gml:timePosition>2018-08-06</gml:timePosition>
</lfSpanFr>
<devDate gml:id="K2_4691412051_1-2">
<gml:timePosition>2021-07-01</gml:timePosition>
</devDate>
<orgGILvl>25000</orgGILvl>
<vis>表示</vis>
<pos>
<gml:Point gml:id="K2_4691412051_1-g" srsName="fguuid:jgd2011.bl">
<gml:pos>33.479026944 130.322781944</gml:pos>
</gml:Point>
</pos>
<type>標高点（測点）</type>
<alti>291</alti>
</ElevPt>
<ElevPt gml:id="K2_4691412057_1">
<fid>46914-12057-i-316</fid>
<lfSpanFr gml:id="K2_4691412057_1-1">
<gml:timePosition>2021-02-26</gml:timePosition>
</lfSpanFr>
<devDate gml:id="K2_4691412057_1-2">
<gml:timePosition>2021-07-01</gml:timePosition>
</devDate>
<orgGILvl>25000</orgGILvl>
<vis>表示</vis>
<pos>
<gml:Point gml:id="K2_4691412057_1-g" srsName="fguuid:jgd2011.bl">
<gml:pos>33.498620833 130.320150833</gml:pos>
</gml:Point>
</pos>
<type>標高点（測点）</type>
<alti>297</alti>
</ElevPt>
<ElevPt gml:id="K2_4691412057_2">
<fid>46914-12057-i-405</fid>
<lfSpanFr gml:id="K2_4691412057_2-1">
<gml:timePosition>2021-02-26</gml:timePosition>
</lfSpanFr>
<devDate gml:id="K2_4691412057_2-2">
<gml:timePosition>2021-07-01</gml:timePosition>
</devDate>
<orgGILvl>25000</orgGILvl>
<vis>表示</vis>
<pos>
<gml:Point gml:id="K2_4691412057_2-g" srsName="fguuid:jgd2011.bl">
<gml:pos>33.492512944 130.320533889</gml:pos>
</gml:Point>
</pos>
<type>標高点（測点）</type>
<alti>131</alti>
</ElevPt>
<ElevPt gml:id="K2_4691712030_1">
<fid>46917-12030-i-104</fid>
<lfSpanFr gml:id="K2_4691712030_1-1">
<gml:timePosition>2021-02-26</gml:timePosition>
</lfSpanFr>
<devDate gml:id="K2_4691712030_1-2">
<gml:timePosition>2021-07-01</gml:timePosition>
</devDate>
<orgGILvl>25000</orgGILvl>
<vis>表示</vis>
<pos>
<gml:Point gml:id="K2_4691712030_1-g" srsName="fguuid:jgd2011.bl">
<gml:pos>33.417220000 130.327283889</gml:pos>
</gml:Point>
</pos>
<type>標高点（測点）</type>
<alti>582</alti>
</ElevPt>
<ElevPt gml:id="K2_4691712033_1">
<fid>46917-12033-i-172</fid>
<lfSpanFr gml:id="K2_4691712033_1-1">
<gml:timePosition>2021-02-26</gml:timePosition>
</lfSpanFr>
<devDate gml:id="K2_4691712033_1-2">
<gml:timePosition>2021-07-01</gml:timePosition>
</devDate>
<orgGILvl>25000</orgGILvl>
<vis>表示</vis>
<pos>
<gml:Point gml:id="K2_4691712033_1-g" srsName="fguuid:jgd2011.bl">
<gml:pos>33.433327500 130.328678611</gml:pos>
</gml:Point>
</pos>
<type>標高点（測点）</type>
<alti>594</alti>
</ElevPt>
<ElevPt gml:id="K2_4691712045_1">
<fid>46917-12045-i-65</fid>
<lfSpanFr gml:id="K2_4691712045_1-1">
<gml:timePosition>2018-08-06</gml:timePosition>
</lfSpanFr>
<devDate gml:id="K2_4691712045_1-2">
<gml:timePosition>2021-07-01</gml:timePosition>
</devDate>
<orgGILvl>25000</orgGILvl>
<vis>表示</vis>
<pos>
<gml:Point gml:id="K2_4691712045_1-g" srsName="fguuid:jgd2011.bl">
<gml:pos>33.462159722 130.329518611</gml:pos>
</gml:Point>
</pos>
<type>標高点（測点）</type>
<alti>698</alti>
</ElevPt>
<ElevPt gml:id="K2_4691712048_1">
<fid>46917-12048-i-100</fid>
<lfSpanFr gml:id="K2_4691712048_1-1">
<gml:timePosition>2018-08-06</gml:timePosition>
</lfSpanFr>
<devDate gml:id="K2_4691712048_1-2">
<gml:timePosition>2021-07-01</gml:timePosition>
</devDate>
<orgGILvl>25000</orgGILvl>
<vis>表示</vis>
<pos>
<gml:Point gml:id="K2_4691712048_1-g" srsName="fguuid:jgd2011.bl">
<gml:pos>33.471292500 130.331988611</gml:pos>
</gml:Point>
</pos>
<type>標高点（測点）</type>
<alti>382</alti>
</ElevPt>
<ElevPt gml:id="K2_4691712054_1">
<fid>46917-12054-i-999</fid>
<lfSpanFr gml:id="K2_4691712054_1-1">
<gml:timePosition>2021-02-26</gml:timePosition>
</lfSpanFr>
<devDate gml:id="K2_4691712054_1-2">
<gml:timePosition>2021-07-01</gml:timePosition>
</devDate>
<orgGILvl>25000</orgGILvl>
<vis>表示</vis>
<pos>
<gml:Point gml:id="K2_4691712054_1-g" srsName="fguuid:jgd2011.bl">
<gml:pos>33.490720278 130.330345278</gml:pos>
</gml:Point>
</pos>
<type>標高点（測点）</type>
<alti>143</alti>
</ElevPt>
<ElevPt gml:id="K2_4692012030_1">
<fid>46920-12030-i-75</fid>
<lfSpanFr gml:id="K2_4692012030_1-1">
<gml:timePosition>2014-12-25</gml:timePosition>
</lfSpanFr>
<devDate gml:id="K2_4692012030_1-2">
<gml:timePosition>2021-07-01</gml:timePosition>
</devDate>
<orgGILvl>25000</orgGILvl>
<vis>表示</vis>
<pos>
<gml:Point gml:id="K2_4692012030_1-g" srsName="fguuid:jgd2011.bl">
<gml:pos>33.423367500 130.341448889</gml:pos>
</gml:Point>
</pos>
<type>標高点（測点）</type>
<alti>645</alti>
</ElevPt>
<ElevPt gml:id="K2_4692012033_1">
<fid>46920-12033-i-99</fid>
<lfSpanFr gml:id="K2_4692012033_1-1">
<gml:timePosition>2014-12-25</gml:timePosition>
</lfSpanFr>
<devDate gml:id="K2_4692012033_1-2">
<gml:timePosition>2021-07-01</gml:timePosition>
</devDate>
<orgGILvl>25000</orgGILvl>
<vis>表示</vis>
<pos>
<gml:Point gml:id="K2_4692012033_1-g" srsName="fguuid:jgd2011.bl">
<gml:pos>33.426286389 130.335851667</gml:pos>
</gml:Point>
</pos>
<type>標高点（測点）</type>
<alti>623</alti>
</ElevPt>
<ElevPt gml:id="K2_4692012036_1">
<fid>46920-12036-i-61</fid>
<lfSpanFr gml:id="K2_4692012036_1-1">
<gml:timePosition>2014-12-25</gml:timePosition>
</lfSpanFr>
<devDate gml:id="K2_4692012036_1-2">
<gml:timePosition>2021-07-01</gml:timePosition>
</devDate>
<orgGILvl>25000</orgGILvl>
<vis>表示</vis>
<pos>
<gml:Point gml:id="K2_4692012036_1-g" srsName="fguuid:jgd2011.bl">
<gml:pos>33.437856111 130.337126667</gml:pos>
</gml:Point>
</pos>
<type>標高点（測点）</type>
<alti>737</alti>
</ElevPt>
<ElevPt gml:id="K2_4692012039_1">
<fid>46920-12039-i-248</fid>
<lfSpanFr gml:id="K2_4692012039_1-1">
<gml:timePosition>2021-02-26</gml:timePosition>
</lfSpanFr>
<devDate gml:id="K2_4692012039_1-2">
<gml:timePosition>2021-07-01</gml:timePosition>
</devDate>
<orgGILvl>25000</orgGILvl>
<vis>表示</vis>
<pos>
<gml:Point gml:id="K2_4692012039_1-g" srsName="fguuid:jgd2011.bl">
<gml:pos>33.447121389 130.335793889</gml:pos>
</gml:Point>
</pos>
<type>標高点（測点）</type>
<alti>802</alti>
</ElevPt>
<ElevPt gml:id="K2_4692012042_1">
<fid>46920-12042-i-78</fid>
<lfSpanFr gml:id="K2_4692012042_1-1">
<gml:timePosition>2021-02-26</gml:timePosition>
</lfSpanFr>
<devDate gml:id="K2_4692012042_1-2">
<gml:timePosition>2021-07-01</gml:timePosition>
</devDate>
<orgGILvl>25000</orgGILvl>
<vis>表示</vis>
<pos>
<gml:Point gml:id="K2_4692012042_1-g" srsName="fguuid:jgd2011.bl">
<gml:pos>33.456956944 130.334621667</gml:pos>
</gml:Point>
</pos>
<type>標高点（測点）</type>
<alti>617</alti>
</ElevPt>
<ElevPt gml:id="K2_4692012045_1">
<fid>46920-12045-i-62</fid>
<lfSpanFr gml:id="K2_4692012045_1-1">
<gml:timePosition>2018-08-06</gml:timePosition>
</lfSpanFr>
<devDate gml:id="K2_4692012045_1-2">
<gml:timePosition>2021-07-01</gml:timePosition>
</devDate>
<orgGILvl>25000</orgGILvl>
<vis>表示</vis>
<pos>
<gml:Point gml:id="K2_4692012045_1-g" srsName="fguuid:jgd2011.bl">
<gml:pos>33.460261111 130.341022778</gml:pos>
</gml:Point>
</pos>
<type>標高点（測点）</type>
<alti>528</alti>
</ElevPt>
<ElevPt gml:id="K2_4692012048_1">
<fid>46920-12048-i-111</fid>
<lfSpanFr gml:id="K2_4692012048_1-1">
<gml:timePosition>2018-08-06</gml:timePosition>
</lfSpanFr>
<devDate gml:id="K2_4692012048_1-2">
<gml:timePosition>2021-07-01</gml:timePosition>
</devDate>
<orgGILvl>25000</orgGILvl>
<vis>表示</vis>
<pos>
<gml:Point gml:id="K2_4692012048_1-g" srsName="fguuid:jgd2011.bl">
<gml:pos>33.474741111 130.341185278</gml:pos>
</gml:Point>
</pos>
<type>標高点（測点）</type>
<alti>241</alti>
</ElevPt>
<ElevPt gml:id="K2_4692012054_1">
<fid>46920-12054-i-823</fid>
<lfSpanFr gml:id="K2_4692012054_1-1">
<gml:timePosition>2021-02-26</gml:timePosition>
</lfSpanFr>
<devDate gml:id="K2_4692012054_1-2">
<gml:timePosition>2021-07-01</gml:timePosition>
</devDate>
<orgGILvl>25000</orgGILvl>
<vis>表示</vis>
<pos>
<gml:Point gml:id="K2_4692012054_1-g" srsName="fguuid:jgd2011.bl">
<gml:pos>33.485144444 130.335827500</gml:pos>
</gml:Point>
</pos>
<type>標高点（測点）</type>
<alti>158</alti>
</ElevPt>
<ElevPt gml:id="K2_4692312033_1">
<fid>46923-12033-i-38</fid>
<lfSpanFr gml:id="K2_4692312033_1-1">
<gml:timePosition>2014-12-25</gml:timePosition>
</lfSpanFr>
<devDate gml:id="K2_4692312033_1-2">
<gml:timePosition>2021-07-01</gml:timePosition>
</devDate>
<orgGILvl>25000</orgGILvl>
<vis>表示</vis>
<pos>
<gml:Point gml:id="K2_4692312033_1-g" srsName="fguuid:jgd2011.bl">
<gml:pos>33.430988611 130.345332778</gml:pos>
</gml:Point>
</pos>
<type>標高点（測点）</type>
<alti>668</alti>
</ElevPt>
<ElevPt gml:id="K2_4692312039_1">
<fid>46923-12039-i-122</fid>
<lfSpanFr gml:id="K2_4692312039_1-1">
<gml:timePosition>2018-08-06</gml:timePosition>
</lfSpanFr>
<devDate gml:id="K2_4692312039_1-2">
<gml:timePosition>2021-07-01</gml:timePosition>
</devDate>
<orgGILvl>25000</orgGILvl>
<vis>表示</vis>
<pos>
<gml:Point gml:id="K2_4692312039_1-g" srsName="fguuid:jgd2011.bl">
<gml:pos>33.445032500 130.345402500</gml:pos>
</gml:Point>
</pos>
<type>標高点（測点）</type>
<alti>833</alti>
</ElevPt>
<ElevPt gml:id="K2_4692312039_2">
<fid>46923-12039-i-123</fid>
<lfSpanFr gml:id="K2_4692312039_2-1">
<gml:timePosition>2018-08-06</gml:timePosition>
</lfSpanFr>
<devDate gml:id="K2_4692312039_2-2">
<gml:timePosition>2021-07-01</gml:timePosition>
</devDate>
<orgGILvl>25000</orgGILvl>
<vis>表示</vis>
<pos>
<gml:Point gml:id="K2_4692312039_2-g" srsName="fguuid:jgd2011.bl">
<gml:pos>33.449145556 130.348920000</gml:pos>
</gml:Point>
</pos>
<type>標高点（測点）</type>
<alti>563</alti>
</ElevPt>
<ElevPt gml:id="K2_4692312045_1">
<fid>46923-12045-i-99</fid>
<lfSpanFr gml:id="K2_4692312045_1-1">
<gml:timePosition>2018-08-06</gml:timePosition>
</lfSpanFr>
<devDate gml:id="K2_4692312045_1-2">
<gml:timePosition>2021-07-01</gml:timePosition>
</devDate>
<orgGILvl>25000</orgGILvl>
<vis>表示</vis>
<pos>
<gml:Point gml:id="K2_4692312045_1-g" srsName="fguuid:jgd2011.bl">
<gml:pos>33.465810556 130.347793333</gml:pos>
</gml:Point>
</pos>
<type>標高点（測点）</type>
<alti>328</alti>
</ElevPt>
<ElevPt gml:id="K2_4692312051_1">
<fid>46923-12051-i-451</fid>
<lfSpanFr gml:id="K2_4692312051_1-1">
<gml:timePosition>2021-02-26</gml:timePosition>
</lfSpanFr>
<devDate gml:id="K2_4692312051_1-2">
<gml:timePosition>2021-07-01</gml:timePosition>
</devDate>
<orgGILvl>25000</orgGILvl>
<vis>表示</vis>
<pos>
<gml:Point gml:id="K2_4692312051_1-g" srsName="fguuid:jgd2011.bl">
<gml:pos>33.481707253 130.347379349</gml:pos>
</gml:Point>
</pos>
<type>標高点（測点）</type>
<alti>116</alti>
</ElevPt>
<ElevPt gml:id="K2_4692312054_1">
<fid>46923-12054-i-735</fid>
<lfSpanFr gml:id="K2_4692312054_1-1">
<gml:timePosition>2021-02-26</gml:timePosition>
</lfSpanFr>
<devDate gml:id="K2_4692312054_1-2">
<gml:timePosition>2021-07-01</gml:timePosition>
</devDate>
<orgGILvl>25000</orgGILvl>
<vis>表示</vis>
<pos>
<gml:Point gml:id="K2_4692312054_1-g" srsName="fguuid:jgd2011.bl">
<gml:pos>33.488092500 130.344459444</gml:pos>
</gml:Point>
</pos>
<type>標高点（測点）</type>
<alti>117</alti>
</ElevPt>
<ElevPt gml:id="K2_4692312057_1">
<fid>46923-12057-i-1528</fid>
<lfSpanFr gml:id="K2_4692312057_1-1">
<gml:timePosition>2021-02-26</gml:timePosition>
</lfSpanFr>
<devDate gml:id="K2_4692312057_1-2">
<gml:timePosition>2021-07-01</gml:timePosition>
</devDate>
<orgGILvl>25000</orgGILvl>
<vis>表示</vis>
<pos>
<gml:Point gml:id="K2_4692312057_1-g" srsName="fguuid:jgd2011.bl">
<gml:pos>33.494460171 130.345371503</gml:pos>
</gml:Point>
</pos>
<type>標高点（測点）</type>
<alti>95</alti>
</ElevPt>
<ElevPt gml:id="K2_4692312057_2">
<fid>46923-12057-i-1529</fid>
<lfSpanFr gml:id="K2_4692312057_2-1">
<gml:timePosition>2021-02-26</gml:timePosition>
</lfSpanFr>
<devDate gml:id="K2_4692312057_2-2">
<gml:timePosition>2021-07-01</gml:timePosition>
</devDate>
<orgGILvl>25000</orgGILvl>
<vis>表示</vis>
<pos>
<gml:Point gml:id="K2_4692312057_2-g" srsName="fguuid:jgd2011.bl">
<gml:pos>33.498890928 130.347794241</gml:pos>
</gml:Point>
</pos>
<type>標高点（測点）</type>
<alti>61</alti>
</ElevPt>
<ElevPt gml:id="K2_4692612030_1">
<fid>46926-12030-i-83</fid>
<lfSpanFr gml:id="K2_4692612030_1-1">
<gml:timePosition>2014-12-25</gml:timePosition>
</lfSpanFr>
<devDate gml:id="K2_4692612030_1-2">
<gml:timePosition>2021-07-01</gml:timePosition>
</devDate>
<orgGILvl>25000</orgGILvl>
<vis>表示</vis>
<pos>
<gml:Point gml:id="K2_4692612030_1-g" srsName="fguuid:jgd2011.bl">
<gml:pos>33.424708056 130.350333611</gml:pos>
</gml:Point>
</pos>
<type>標高点（測点）</type>
<alti>674</alti>
</ElevPt>
<ElevPt gml:id="K2_4692612033_1">
<fid>46926-12033-i-71</fid>
<lfSpanFr gml:id="K2_4692612033_1-1">
<gml:timePosition>2014-12-25</gml:timePosition>
</lfSpanFr>
<devDate gml:id="K2_4692612033_1-2">
<gml:timePosition>2021-07-01</gml:timePosition>
</devDate>
<orgGILvl>25000</orgGILvl>
<vis>表示</vis>
<pos>
<gml:Point gml:id="K2_4692612033_1-g" srsName="fguuid:jgd2011.bl">
<gml:pos>33.429552222 130.356114444</gml:pos>
</gml:Point>
</pos>
<type>標高点（測点）</type>
<alti>883</alti>
</ElevPt>
<ElevPt gml:id="K2_4692612036_1">
<fid>46926-12036-i-337</fid>
<lfSpanFr gml:id="K2_4692612036_1-1">
<gml:timePosition>2018-08-06</gml:timePosition>
</lfSpanFr>
<devDate gml:id="K2_4692612036_1-2">
<gml:timePosition>2021-07-01</gml:timePosition>
</devDate>
<orgGILvl>25000</orgGILvl>
<vis>表示</vis>
<pos>
<gml:Point gml:id="K2_4692612036_1-g" srsName="fguuid:jgd2011.bl">
<gml:pos>33.434417778 130.356838056</gml:pos>
</gml:Point>
</pos>
<type>標高点（測点）</type>
<alti>969</alti>
</ElevPt>
<ElevPt gml:id="K2_4692612045_1">
<fid>46926-12045-i-135</fid>
<lfSpanFr gml:id="K2_4692612045_1-1">
<gml:timePosition>2018-08-06</gml:timePosition>
</lfSpanFr>
<devDate gml:id="K2_4692612045_1-2">
<gml:timePosition>2021-07-01</gml:timePosition>
</devDate>
<orgGILvl>25000</orgGILvl>
<vis>表示</vis>
<pos>
<gml:Point gml:id="K2_4692612045_1-g" srsName="fguuid:jgd2011.bl">
<gml:pos>33.461416123 130.352779764</gml:pos>
</gml:Point>
</pos>
<type>標高点（測点）</type>
<alti>279</alti>
</ElevPt>
<ElevPt gml:id="K2_4692612051_1">
<fid>46926-12051-i-48</fid>
<lfSpanFr gml:id="K2_4692612051_1-1">
<gml:timePosition>2018-08-06</gml:timePosition>
</lfSpanFr>
<devDate gml:id="K2_4692612051_1-2">
<gml:timePosition>2021-07-01</gml:timePosition>
</devDate>
<orgGILvl>25000</orgGILvl>
<vis>表示</vis>
<pos>
<gml:Point gml:id="K2_4692612051_1-g" srsName="fguuid:jgd2011.bl">
<gml:pos>33.481522500 130.357250556</gml:pos>
</gml:Point>
</pos>
<type>標高点（測点）</type>
<alti>241</alti>
</ElevPt>
<ElevPt gml:id="K2_4692612051_2">
<fid>46926-12051-i-49</fid>
<lfSpanFr gml:id="K2_4692612051_2-1">
<gml:timePosition>2018-08-06</gml:timePosition>
</lfSpanFr>
<devDate gml:id="K2_4692612051_2-2">
<gml:timePosition>2021-07-01</gml:timePosition>
</devDate>
<orgGILvl>25000</orgGILvl>
<vis>表示</vis>
<pos>
<gml:Point gml:id="K2_4692612051_2-g" srsName="fguuid:jgd2011.bl">
<gml:pos>33.475337778 130.351171111</gml:pos>
</gml:Point>
</pos>
<type>標高点（測点）</type>
<alti>301</alti>
</ElevPt>
<ElevPt gml:id="K2_4692612054_1">
<fid>46926-12054-i-649</fid>
<lfSpanFr gml:id="K2_4692612054_1-1">
<gml:timePosition>2021-02-26</gml:timePosition>
</lfSpanFr>
<devDate gml:id="K2_4692612054_1-2">
<gml:timePosition>2021-07-01</gml:timePosition>
</devDate>
<orgGILvl>25000</orgGILvl>
<vis>表示</vis>
<pos>
<gml:Point gml:id="K2_4692612054_1-g" srsName="fguuid:jgd2011.bl">
<gml:pos>33.485839806 130.351306891</gml:pos>
</gml:Point>
</pos>
<type>標高点（測点）</type>
<alti>96</alti>
</ElevPt>
<ElevPt gml:id="K2_4692612054_2">
<fid>46926-12054-i-687</fid>
<lfSpanFr gml:id="K2_4692612054_2-1">
<gml:timePosition>2021-02-26</gml:timePosition>
</lfSpanFr>
<devDate gml:id="K2_4692612054_2-2">
<gml:timePosition>2021-07-01</gml:timePosition>
</devDate>
<orgGILvl>25000</orgGILvl>
<vis>非表示</vis>
<pos>
<gml:Point gml:id="K2_4692612054_2-g" srsName="fguuid:jgd2011.bl">
<gml:pos>33.490002500 130.354385278</gml:pos>
</gml:Point>
</pos>
<type>標高点（測点）</type>
<alti>82</alti>
</ElevPt>
<ElevPt gml:id="K2_4692612057_1">
<fid>46926-12057-i-882</fid>
<lfSpanFr gml:id="K2_4692612057_1-1">
<gml:timePosition>2021-02-26</gml:timePosition>
</lfSpanFr>
<devDate gml:id="K2_4692612057_1-2">
<gml:timePosition>2021-07-01</gml:timePosition>
</devDate>
<orgGILvl>25000</orgGILvl>
<vis>表示</vis>
<pos>
<gml:Point gml:id="K2_4692612057_1-g" srsName="fguuid:jgd2011.bl">
<gml:pos>33.497947500 130.354158056</gml:pos>
</gml:Point>
</pos>
<type>標高点（測点）</type>
<alti>115</alti>
</ElevPt>
<ElevPt gml:id="K2_4692612057_2">
<fid>46926-12057-i-883</fid>
<lfSpanFr gml:id="K2_4692612057_2-1">
<gml:timePosition>2021-02-26</gml:timePosition>
</lfSpanFr>
<devDate gml:id="K2_4692612057_2-2">
<gml:timePosition>2021-07-01</gml:timePosition>
</devDate>
<orgGILvl>25000</orgGILvl>
<vis>表示</vis>
<pos>
<gml:Point gml:id="K2_4692612057_2-g" srsName="fguuid:jgd2011.bl">
<gml:pos>33.493469472 130.357897308</gml:pos>
</gml:Point>
</pos>
<type>標高点（測点）</type>
<alti>74</alti>
</ElevPt>
<ElevPt gml:id="K2_4692912033_1">
<fid>46929-12033-i-49</fid>
<lfSpanFr gml:id="K2_4692912033_1-1">
<gml:timePosition>2018-08-06</gml:timePosition>
</lfSpanFr>
<devDate gml:id="K2_4692912033_1-2">
<gml:timePosition>2021-07-01</gml:timePosition>
</devDate>
<orgGILvl>25000</orgGILvl>
<vis>表示</vis>
<pos>
<gml:Point gml:id="K2_4692912033_1-g" srsName="fguuid:jgd2011.bl">
<gml:pos>33.425122778 130.364677500</gml:pos>
</gml:Point>
</pos>
<type>標高点（測点）</type>
<alti>709</alti>
</ElevPt>
<ElevPt gml:id="K2_4692912039_1">
<fid>46929-12039-i-14</fid>
<lfSpanFr gml:id="K2_4692912039_1-1">
<gml:timePosition>2018-08-06</gml:timePosition>
</lfSpanFr>
<devDate gml:id="K2_4692912039_1-2">
<gml:timePosition>2021-07-01</gml:timePosition>
</devDate>
<orgGILvl>25000</orgGILvl>
<vis>表示</vis>
<pos>
<gml:Point gml:id="K2_4692912039_1-g" srsName="fguuid:jgd2011.bl">
<gml:pos>33.447720833 130.361355000</gml:pos>
</gml:Point>
</pos>
<type>標高点（測点）</type>
<alti>754</alti>
</ElevPt>
<ElevPt gml:id="K2_4692912045_1">
<fid>46929-12045-i-176</fid>
<lfSpanFr gml:id="K2_4692912045_1-1">
<gml:timePosition>2018-08-06</gml:timePosition>
</lfSpanFr>
<devDate gml:id="K2_4692912045_1-2">
<gml:timePosition>2021-07-01</gml:timePosition>
</devDate>
<orgGILvl>25000</orgGILvl>
<vis>表示</vis>
<pos>
<gml:Point gml:id="K2_4692912045_1-g" srsName="fguuid:jgd2011.bl">
<gml:pos>33.464645833 130.360136389</gml:pos>
</gml:Point>
</pos>
<type>標高点（測点）</type>
<alti>309</alti>
</ElevPt>
<ElevPt gml:id="K2_4692912048_1">
<fid>46929-12048-i-181</fid>
<lfSpanFr gml:id="K2_4692912048_1-1">
<gml:timePosition>2018-08-06</gml:timePosition>
</lfSpanFr>
<devDate gml:id="K2_4692912048_1-2">
<gml:timePosition>2021-07-01</gml:timePosition>
</devDate>
<orgGILvl>25000</orgGILvl>
<vis>表示</vis>
<pos>
<gml:Point gml:id="K2_4692912048_1-g" srsName="fguuid:jgd2011.bl">
<gml:pos>33.472081944 130.363824444</gml:pos>
</gml:Point>
</pos>
<type>標高点（測点）</type>
<alti>353</alti>
</ElevPt>
<ElevPt gml:id="K2_4692912054_1">
<fid>46929-12054-i-524</fid>
<lfSpanFr gml:id="K2_4692912054_1-1">
<gml:timePosition>2021-02-26</gml:timePosition>
</lfSpanFr>
<devDate gml:id="K2_4692912054_1-2">
<gml:timePosition>2021-07-01</gml:timePosition>
</devDate>
<orgGILvl>25000</orgGILvl>
<vis>表示</vis>
<pos>
<gml:Point gml:id="K2_4692912054_1-g" srsName="fguuid:jgd2011.bl">
<gml:pos>33.487175833 130.359504167</gml:pos>
</gml:Point>
</pos>
<type>標高点（測点）</type>
<alti>131</alti>
</ElevPt>
<ElevPt gml:id="K2_4692912054_2">
<fid>46929-12054-i-525</fid>
<lfSpanFr gml:id="K2_4692912054_2-1">
<gml:timePosition>2021-02-26</gml:timePosition>
</lfSpanFr>
<devDate gml:id="K2_4692912054_2-2">
<gml:timePosition>2021-07-01</gml:timePosition>
</devDate>
<orgGILvl>25000</orgGILvl>
<vis>表示</vis>
<pos>
<gml:Point gml:id="K2_4692912054_2-g" srsName="fguuid:jgd2011.bl">
<gml:pos>33.490931108 130.363647635</gml:pos>
</gml:Point>
</pos>
<type>標高点（測点）</type>
<alti>89</alti>
</ElevPt>
<ElevPt gml:id="K2_4693212036_1">
<fid>46932-12036-i-275</fid>
<lfSpanFr gml:id="K2_4693212036_1-1">
<gml:timePosition>2021-02-26</gml:timePosition>
</lfSpanFr>
<devDate gml:id="K2_4693212036_1-2">
<gml:timePosition>2021-07-01</gml:timePosition>
</devDate>
<orgGILvl>25000</orgGILvl>
<vis>表示</vis>
<pos>
<gml:Point gml:id="K2_4693212036_1-g" srsName="fguuid:jgd2011.bl">
<gml:pos>33.440342444 130.370512750</gml:pos>
</gml:Point>
</pos>
<type>標高点（測点）</type>
<alti>907</alti>
</ElevPt>
<ElevPt gml:id="K2_4693212042_1">
<fid>46932-12042-i-70</fid>
<lfSpanFr gml:id="K2_4693212042_1-1">
<gml:timePosition>2018-08-06</gml:timePosition>
</lfSpanFr>
<devDate gml:id="K2_4693212042_1-2">
<gml:timePosition>2021-07-01</gml:timePosition>
</devDate>
<orgGILvl>25000</orgGILvl>
<vis>表示</vis>
<pos>
<gml:Point gml:id="K2_4693212042_1-g" srsName="fguuid:jgd2011.bl">
<gml:pos>33.452238056 130.369458333</gml:pos>
</gml:Point>
</pos>
<type>標高点（測点）</type>
<alti>591</alti>
</ElevPt>
<ElevPt gml:id="K2_4693212045_1">
<fid>46932-12045-i-224</fid>
<lfSpanFr gml:id="K2_4693212045_1-1">
<gml:timePosition>2021-02-26</gml:timePosition>
</lfSpanFr>
<devDate gml:id="K2_4693212045_1-2">
<gml:timePosition>2021-07-01</gml:timePosition>
</devDate>
<orgGILvl>25000</orgGILvl>
<pos>
<gml:Point gml:id="K2_4693212045_1-g" srsName="fguuid:jgd2011.bl">
<gml:pos>33.458814444 130.367358889</gml:pos>
</gml:Point>
</pos>
<type>標高点（測点）</type>
<alti>374</alti>
</ElevPt>
<ElevPt gml:id="K2_4693212051_1">
<fid>46932-12051-i-29</fid>
<lfSpanFr gml:id="K2_4693212051_1-1">
<gml:timePosition>2018-08-06</gml:timePosition>
</lfSpanFr>
<devDate gml:id="K2_4693212051_1-2">
<gml:timePosition>2021-07-01</gml:timePosition>
</devDate>
<orgGILvl>25000</orgGILvl>
<vis>表示</vis>
<pos>
<gml:Point gml:id="K2_4693212051_1-g" srsName="fguuid:jgd2011.bl">
<gml:pos>33.476339167 130.369239444</gml:pos>
</gml:Point>
</pos>
<type>標高点（測点）</type>
<alti>354</alti>
</ElevPt>
<ElevPt gml:id="K2_4693212054_1">
<fid>46932-12054-i-435</fid>
<lfSpanFr gml:id="K2_4693212054_1-1">
<gml:timePosition>2021-02-26</gml:timePosition>
</lfSpanFr>
<devDate gml:id="K2_4693212054_1-2">
<gml:timePosition>2021-07-01</gml:timePosition>
</devDate>
<orgGILvl>25000</orgGILvl>
<vis>表示</vis>
<pos>
<gml:Point gml:id="K2_4693212054_1-g" srsName="fguuid:jgd2011.bl">
<gml:pos>33.484923333 130.369341111</gml:pos>
</gml:Point>
</pos>
<type>標高点（測点）</type>
<alti>217</alti>
</ElevPt>
<ElevPt gml:id="K2_4693212057_1">
<fid>46932-12057-i-31</fid>
<lfSpanFr gml:id="K2_4693212057_1-1">
<gml:timePosition>2018-08-06</gml:timePosition>
</lfSpanFr>
<devDate gml:id="K2_4693212057_1-2">
<gml:timePosition>2021-07-01</gml:timePosition>
</devDate>
<orgGILvl>25000</orgGILvl>
<vis>表示</vis>
<pos>
<gml:Point gml:id="K2_4693212057_1-g" srsName="fguuid:jgd2011.bl">
<gml:pos>33.494104167 130.368421667</gml:pos>
</gml:Point>
</pos>
<type>標高点（測点）</type>
<alti>229</alti>
</ElevPt>
<ElevPt gml:id="K2_4693212057_2">
<fid>46932-12057-i-32</fid>
<lfSpanFr gml:id="K2_4693212057_2-1">
<gml:timePosition>2018-08-06</gml:timePosition>
</lfSpanFr>
<devDate gml:id="K2_4693212057_2-2">
<gml:timePosition>2021-07-01</gml:timePosition>
</devDate>
<orgGILvl>25000</orgGILvl>
<vis>表示</vis>
<pos>
<gml:Point gml:id="K2_4693212057_2-g" srsName="fguuid:jgd2011.bl">
<gml:pos>33.499179722 130.368421667</gml:pos>
</gml:Point>
</pos>
<type>標高点（測点）</type>
<alti>295</alti>
</ElevPt>
</Dataset>
