<?xml version="1.0" encoding="utf-8"?>
<Dataset xsi:schemaLocation="http://fgd.gsi.go.jp/spec/2008/FGD_GMLSchema FGD_GMLSchema.xsd"
	xmlns:gml="http://www.opengis.net/gml/3.2"
	xmlns:xsi="http://www.w3.org/2001/XMLSchema-instance"
	xmlns:xlink="http://www.w3.org/1999/xlink"
	xmlns="http://fgd.gsi.go.jp/spec/2008/FGD_GMLSchema"
	gml:id="Dataset1">
  <gml:description>基盤地図情報メタデータ ID=fmdid:21-0101</gml:description>
  <gml:name>基盤地図情報ダウンロードデータ（GML版）</gml:name>
<AdmBdry gml:id="K5_4738511796_1">
<fid>47385-11796-i-1</fid>
<lfSpanFr gml:id="K5_4738511796_1-1">
<gml:timePosition>2013-12-10</gml:timePosition>
</lfSpanFr>
<devDate gml:id="K5_4738511796_1-2">
<gml:timePosition>2020-12-23</gml:timePosition>
</devDate>
<orgGILvl>25000</orgGILvl>
<vis>表示</vis>
<loc>
<gml:Curve gml:id="K5_4738511796_1-g" srsName="fguuid:jgd2011.bl">
<gml:segments>
<gml:LineStringSegment>
<gml:posList>
32.773865833 131.626816389
32.774079444 131.626442500
32.774202500 131.626271389
32.774389722 131.625790833
32.774518611 131.625331944
32.774552222 131.625127222
32.774568444 131.625000000
</gml:posList>
</gml:LineStringSegment>
</gml:segments>
</gml:Curve>
</loc>
<type>都道府県界</type>
</AdmBdry>
<AdmBdry gml:id="K5_4738511796_2">
<fid>47385-11796-i-2</fid>
<lfSpanFr gml:id="K5_4738511796_2-1">
<gml:timePosition>2013-12-10</gml:timePosition>
</lfSpanFr>
<devDate gml:id="K5_4738511796_2-2">
<gml:timePosition>2020-12-23</gml:timePosition>
</devDate>
<orgGILvl>25000</orgGILvl>
<vis>表示</vis>
<loc>
<gml:Curve gml:id="K5_4738511796_2-g" srsName="fguuid:jgd2011.bl">
<gml:segments>
<gml:LineStringSegment>
<gml:posList>
32.773772778 131.626947778
32.773865833 131.626816389
</gml:posList>
</gml:LineStringSegment>
</gml:segments>
</gml:Curve>
</loc>
<type>都道府県界</type>
</AdmBdry>
<AdmBdry gml:id="K5_4738511796_3">
<fid>47385-11796-i-3</fid>
<lfSpanFr gml:id="K5_4738511796_3-1">
<gml:timePosition>2013-12-10</gml:timePosition>
</lfSpanFr>
<devDate gml:id="K5_4738511796_3-2">
<gml:timePosition>2020-12-23</gml:timePosition>
</devDate>
<orgGILvl>25000</orgGILvl>
<vis>表示</vis>
<loc>
<gml:Curve gml:id="K5_4738511796_3-g" srsName="fguuid:jgd2011.bl">
<gml:segments>
<gml:LineStringSegment>
<gml:posList>
32.772396000 131.628856028
32.772446389 131.628798611
32.772810000 131.628254722
32.773096333 131.627865056
32.773610556 131.627159722
32.773772778 131.626947778
</gml:posList>
</gml:LineStringSegment>
</gml:segments>
</gml:Curve>
</loc>
<type>都道府県界</type>
</AdmBdry>
<AdmBdry gml:id="K5_4738511796_4">
<fid>47385-11796-i-4</fid>
<lfSpanFr gml:id="K5_4738511796_4-1">
<gml:timePosition>2013-12-10</gml:timePosition>
</lfSpanFr>
<devDate gml:id="K5_4738511796_4-2">
<gml:timePosition>2020-12-23</gml:timePosition>
</devDate>
<orgGILvl>25000</orgGILvl>
<vis>表示</vis>
<loc>
<gml:Curve gml:id="K5_4738511796_4-g" srsName="fguuid:jgd2011.bl">
<gml:segments>
<gml:LineStringSegment>
<gml:posList>
32.771992306 131.633333333
32.772023611 131.633131111
32.772029167 131.632643611
32.771900556 131.632452778
32.771676389 131.631951111
32.771592500 131.631371944
32.771648611 131.631040000
32.771726944 131.630171389
32.771802500 131.629752222
32.772099167 131.629194167
32.772396000 131.628856028
</gml:posList>
</gml:LineStringSegment>
</gml:segments>
</gml:Curve>
</loc>
<type>都道府県界</type>
</AdmBdry>
<AdmBdry gml:id="K5_4738811796_1">
<fid>47388-11796-i-1</fid>
<lfSpanFr gml:id="K5_4738811796_1-1">
<gml:timePosition>2013-12-10</gml:timePosition>
</lfSpanFr>
<devDate gml:id="K5_4738811796_1-2">
<gml:timePosition>2020-12-23</gml:timePosition>
</devDate>
<orgGILvl>25000</orgGILvl>
<vis>表示</vis>
<loc>
<gml:Curve gml:id="K5_4738811796_1-g" srsName="fguuid:jgd2011.bl">
<gml:segments>
<gml:LineStringSegment>
<gml:posList>
32.771839722 131.634815472
32.771850000 131.634769722
32.771883611 131.634035278
32.771992306 131.633333333
</gml:posList>
</gml:LineStringSegment>
</gml:segments>
</gml:Curve>
</loc>
<type>都道府県界</type>
</AdmBdry>
<AdmBdry gml:id="K5_4738811796_2">
<fid>47388-11796-i-2</fid>
<lfSpanFr gml:id="K5_4738811796_2-1">
<gml:timePosition>2013-12-10</gml:timePosition>
</lfSpanFr>
<devDate gml:id="K5_4738811796_2-2">
<gml:timePosition>2020-12-23</gml:timePosition>
</devDate>
<orgGILvl>25000</orgGILvl>
<vis>表示</vis>
<loc>
<gml:Curve gml:id="K5_4738811796_2-g" srsName="fguuid:jgd2011.bl">
<gml:segments>
<gml:LineStringSegment>
<gml:posList>
32.771498056 131.636475000
32.771671389 131.635563889
32.771839722 131.634815472
</gml:posList>
</gml:LineStringSegment>
</gml:segments>
</gml:Curve>
</loc>
<type>都道府県界</type>
</AdmBdry>
<AdmBdry gml:id="K5_4738811796_3">
<fid>47388-11796-i-3</fid>
<lfSpanFr gml:id="K5_4738811796_3-1">
<gml:timePosition>2013-12-10</gml:timePosition>
</lfSpanFr>
<devDate gml:id="K5_4738811796_3-2">
<gml:timePosition>2020-12-23</gml:timePosition>
</devDate>
<orgGILvl>25000</orgGILvl>
<vis>表示</vis>
<loc>
<gml:Curve gml:id="K5_4738811796_3-g" srsName="fguuid:jgd2011.bl">
<gml:segments>
<gml:LineStringSegment>
<gml:posList>
32.770769417 131.641666667
32.770513056 131.641167500
32.770390000 131.640833333
32.770339444 131.640678056
32.770557500 131.639745556
32.770641667 131.639215833
32.770686389 131.638940278
32.771034083 131.637937556
32.771156667 131.637584167
32.771498056 131.636475000
</gml:posList>
</gml:LineStringSegment>
</gml:segments>
</gml:Curve>
</loc>
<type>都道府県界</type>
</AdmBdry>
<AdmBdry gml:id="K5_4739111796_1">
<fid>47391-11796-i-1</fid>
<lfSpanFr gml:id="K5_4739111796_1-1">
<gml:timePosition>2013-12-10</gml:timePosition>
</lfSpanFr>
<devDate gml:id="K5_4739111796_1-2">
<gml:timePosition>2020-12-23</gml:timePosition>
</devDate>
<orgGILvl>25000</orgGILvl>
<vis>表示</vis>
<loc>
<gml:Curve gml:id="K5_4739111796_1-g" srsName="fguuid:jgd2011.bl">
<gml:segments>
<gml:LineStringSegment>
<gml:posList>
32.771363667 131.645389722
32.771240833 131.644685000
32.771061667 131.643519722
32.770843333 131.642368333
32.770770556 131.641668889
32.770769417 131.641666667
</gml:posList>
</gml:LineStringSegment>
</gml:segments>
</gml:Curve>
</loc>
<type>都道府県界</type>
</AdmBdry>
<AdmBdry gml:id="K5_4739111796_2">
<fid>47391-11796-i-2</fid>
<lfSpanFr gml:id="K5_4739111796_2-1">
<gml:timePosition>2013-12-10</gml:timePosition>
</lfSpanFr>
<devDate gml:id="K5_4739111796_2-2">
<gml:timePosition>2020-12-23</gml:timePosition>
</devDate>
<orgGILvl>25000</orgGILvl>
<vis>表示</vis>
<loc>
<gml:Curve gml:id="K5_4739111796_2-g" srsName="fguuid:jgd2011.bl">
<gml:segments>
<gml:LineStringSegment>
<gml:posList>
32.771560000 131.647115278
32.771436667 131.645808333
32.771363667 131.645389722
</gml:posList>
</gml:LineStringSegment>
</gml:segments>
</gml:Curve>
</loc>
<type>都道府県界</type>
</AdmBdry>
<AdmBdry gml:id="K5_4739111796_3">
<fid>47391-11796-i-3</fid>
<lfSpanFr gml:id="K5_4739111796_3-1">
<gml:timePosition>2013-12-10</gml:timePosition>
</lfSpanFr>
<devDate gml:id="K5_4739111796_3-2">
<gml:timePosition>2020-12-23</gml:timePosition>
</devDate>
<orgGILvl>25000</orgGILvl>
<vis>表示</vis>
<loc>
<gml:Curve gml:id="K5_4739111796_3-g" srsName="fguuid:jgd2011.bl">
<gml:segments>
<gml:LineStringSegment>
<gml:posList>
32.771185556 131.650000000
32.771200833 131.649589444
32.771430556 131.649292778
32.771592778 131.648975000
32.771693611 131.648642778
32.771749444 131.648289722
32.771560000 131.647115278
</gml:posList>
</gml:LineStringSegment>
</gml:segments>
</gml:Curve>
</loc>
<type>都道府県界</type>
</AdmBdry>
<AdmBdry gml:id="K5_4739411796_1">
<fid>47394-11796-i-1</fid>
<lfSpanFr gml:id="K5_4739411796_1-1">
<gml:timePosition>2013-12-10</gml:timePosition>
</lfSpanFr>
<devDate gml:id="K5_4739411796_1-2">
<gml:timePosition>2020-12-23</gml:timePosition>
</devDate>
<orgGILvl>25000</orgGILvl>
<vis>表示</vis>
<loc>
<gml:Curve gml:id="K5_4739411796_1-g" srsName="fguuid:jgd2011.bl">
<gml:segments>
<gml:LineStringSegment>
<gml:posList>
32.770140611 131.655831111
32.770279722 131.655101389
32.770391667 131.654267778
32.770380556 131.653964167
32.770475556 131.653505000
32.770792500 131.652895278
32.771106111 131.652499722
32.771212500 131.652316111
32.771296389 131.652090000
32.771307222 131.651927500
32.771279167 131.651390556
32.771156111 131.650790000
32.771185556 131.650000000
</gml:posList>
</gml:LineStringSegment>
</gml:segments>
</gml:Curve>
</loc>
<type>都道府県界</type>
</AdmBdry>
<AdmBdry gml:id="K5_4739411796_2">
<fid>47394-11796-i-2</fid>
<lfSpanFr gml:id="K5_4739411796_2-1">
<gml:timePosition>2013-12-10</gml:timePosition>
</lfSpanFr>
<devDate gml:id="K5_4739411796_2-2">
<gml:timePosition>2020-12-23</gml:timePosition>
</devDate>
<orgGILvl>25000</orgGILvl>
<vis>表示</vis>
<loc>
<gml:Curve gml:id="K5_4739411796_2-g" srsName="fguuid:jgd2011.bl">
<gml:segments>
<gml:LineStringSegment>
<gml:posList>
32.769468500 131.658333333
32.769574444 131.657630278
32.769686667 131.657270000
32.769988611 131.656697778
32.770033333 131.656393889
32.770140611 131.655831111
</gml:posList>
</gml:LineStringSegment>
</gml:segments>
</gml:Curve>
</loc>
<type>都道府県界</type>
</AdmBdry>
<AdmBdry gml:id="K5_4739711796_1">
<fid>47397-11796-i-1</fid>
<lfSpanFr gml:id="K5_4739711796_1-1">
<gml:timePosition>2013-12-10</gml:timePosition>
</lfSpanFr>
<devDate gml:id="K5_4739711796_1-2">
<gml:timePosition>2020-12-23</gml:timePosition>
</devDate>
<orgGILvl>25000</orgGILvl>
<vis>表示</vis>
<loc>
<gml:Curve gml:id="K5_4739711796_1-g" srsName="fguuid:jgd2011.bl">
<gml:segments>
<gml:LineStringSegment>
<gml:posList>
32.769233333 131.659829167
32.769244444 131.659193333
32.769440278 131.658741667
32.769451667 131.658445000
32.769468500 131.658333333
</gml:posList>
</gml:LineStringSegment>
</gml:segments>
</gml:Curve>
</loc>
<type>都道府県界</type>
</AdmBdry>
<AdmBdry gml:id="K5_4739711796_2">
<fid>47397-11796-i-2</fid>
<lfSpanFr gml:id="K5_4739711796_2-1">
<gml:timePosition>2013-12-10</gml:timePosition>
</lfSpanFr>
<devDate gml:id="K5_4739711796_2-2">
<gml:timePosition>2020-12-23</gml:timePosition>
</devDate>
<orgGILvl>25000</orgGILvl>
<vis>表示</vis>
<loc>
<gml:Curve gml:id="K5_4739711796_2-g" srsName="fguuid:jgd2011.bl">
<gml:segments>
<gml:LineStringSegment>
<gml:posList>
32.767268278 131.665706833
32.767298611 131.665651667
32.767477778 131.665588056
32.767746389 131.665446667
32.767906667 131.665310556
32.768024167 131.665162222
32.768057778 131.664957222
32.768113889 131.664773611
32.768236944 131.664363889
32.768365833 131.663785000
32.768393889 131.663558889
32.768416111 131.663177500
32.768332222 131.662421667
32.768561667 131.662089444
32.768824444 131.661806944
32.768936667 131.661609167
32.769037222 131.661340833
32.769149167 131.660881667
32.769205278 131.660253056
32.769233333 131.659829167
</gml:posList>
</gml:LineStringSegment>
</gml:segments>
</gml:Curve>
</loc>
<type>都道府県界</type>
</AdmBdry>
<AdmBdry gml:id="K5_4739711796_3">
<fid>47397-11796-i-3</fid>
<lfSpanFr gml:id="K5_4739711796_3-1">
<gml:timePosition>2013-12-10</gml:timePosition>
</lfSpanFr>
<devDate gml:id="K5_4739711796_3-2">
<gml:timePosition>2020-12-23</gml:timePosition>
</devDate>
<orgGILvl>25000</orgGILvl>
<vis>表示</vis>
<loc>
<gml:Curve gml:id="K5_4739711796_3-g" srsName="fguuid:jgd2011.bl">
<gml:segments>
<gml:LineStringSegment>
<gml:posList>
32.766981972 131.666666667
32.767002222 131.666548889
32.767108333 131.665997778
32.767268278 131.665706833
</gml:posList>
</gml:LineStringSegment>
</gml:segments>
</gml:Curve>
</loc>
<type>都道府県界</type>
</AdmBdry>
<AdmBdry gml:id="K5_4740011793_1">
<fid>47400-11793-i-1</fid>
<lfSpanFr gml:id="K5_4740011793_1-1">
<gml:timePosition>2013-12-10</gml:timePosition>
</lfSpanFr>
<devDate gml:id="K5_4740011793_1-2">
<gml:timePosition>2020-12-23</gml:timePosition>
</devDate>
<orgGILvl>25000</orgGILvl>
<vis>表示</vis>
<loc>
<gml:Curve gml:id="K5_4740011793_1-g" srsName="fguuid:jgd2011.bl">
<gml:segments>
<gml:LineStringSegment>
<gml:posList>
32.766666667 131.668883333
32.766593333 131.668858611
32.766666667 131.668476306
</gml:posList>
</gml:LineStringSegment>
</gml:segments>
</gml:Curve>
</loc>
<type>都道府県界</type>
</AdmBdry>
<AdmBdry gml:id="K5_4740011796_1">
<fid>47400-11796-i-1</fid>
<lfSpanFr gml:id="K5_4740011796_1-1">
<gml:timePosition>2013-12-10</gml:timePosition>
</lfSpanFr>
<devDate gml:id="K5_4740011796_1-2">
<gml:timePosition>2020-12-23</gml:timePosition>
</devDate>
<orgGILvl>25000</orgGILvl>
<vis>表示</vis>
<loc>
<gml:Curve gml:id="K5_4740011796_1-g" srsName="fguuid:jgd2011.bl">
<gml:segments>
<gml:LineStringSegment>
<gml:posList>
32.766778056 131.667636389
32.766884444 131.667233889
32.766981972 131.666666667
</gml:posList>
</gml:LineStringSegment>
</gml:segments>
</gml:Curve>
</loc>
<type>都道府県界</type>
</AdmBdry>
<AdmBdry gml:id="K5_4740011796_2">
<fid>47400-11796-i-2</fid>
<lfSpanFr gml:id="K5_4740011796_2-1">
<gml:timePosition>2013-12-10</gml:timePosition>
</lfSpanFr>
<devDate gml:id="K5_4740011796_2-2">
<gml:timePosition>2020-12-23</gml:timePosition>
</devDate>
<orgGILvl>25000</orgGILvl>
<vis>表示</vis>
<loc>
<gml:Curve gml:id="K5_4740011796_2-g" srsName="fguuid:jgd2011.bl">
<gml:segments>
<gml:LineStringSegment>
<gml:posList>
32.768295722 131.674786222
32.768272500 131.674526667
32.768199722 131.674314722
32.768115833 131.673912222
32.768166111 131.673297500
32.768233333 131.673008056
32.768194167 131.672513333
32.768199722 131.671920000
32.768148750 131.671476194
32.768104722 131.671093889
32.768345000 131.670493333
32.768378611 131.670062500
32.768423333 131.669688056
32.768401389 131.669451667
32.768328611 131.669345833
32.767936667 131.669260833
32.767158889 131.669049167
32.766666667 131.668883333
</gml:posList>
</gml:LineStringSegment>
</gml:segments>
</gml:Curve>
</loc>
<type>都道府県界</type>
</AdmBdry>
<AdmBdry gml:id="K5_4740011796_3">
<fid>47400-11796-i-3</fid>
<lfSpanFr gml:id="K5_4740011796_3-1">
<gml:timePosition>2013-12-10</gml:timePosition>
</lfSpanFr>
<devDate gml:id="K5_4740011796_3-2">
<gml:timePosition>2020-12-23</gml:timePosition>
</devDate>
<orgGILvl>25000</orgGILvl>
<vis>表示</vis>
<loc>
<gml:Curve gml:id="K5_4740011796_3-g" srsName="fguuid:jgd2011.bl">
<gml:segments>
<gml:LineStringSegment>
<gml:posList>
32.766666667 131.668476306
32.766761389 131.667982500
32.766778056 131.667636389
</gml:posList>
</gml:LineStringSegment>
</gml:segments>
</gml:Curve>
</loc>
<type>都道府県界</type>
</AdmBdry>
<AdmBdry gml:id="K5_4740011796_4">
<fid>47400-11796-i-4</fid>
<lfSpanFr gml:id="K5_4740011796_4-1">
<gml:timePosition>2013-12-10</gml:timePosition>
</lfSpanFr>
<devDate gml:id="K5_4740011796_4-2">
<gml:timePosition>2020-12-23</gml:timePosition>
</devDate>
<orgGILvl>25000</orgGILvl>
<vis>表示</vis>
<loc>
<gml:Curve gml:id="K5_4740011796_4-g" srsName="fguuid:jgd2011.bl">
<gml:segments>
<gml:LineStringSegment>
<gml:posList>
32.768314861 131.675000000
32.768295722 131.674786222
</gml:posList>
</gml:LineStringSegment>
</gml:segments>
</gml:Curve>
</loc>
<type>都道府県界</type>
</AdmBdry>
<AdmBdry gml:id="K5_4740311796_1">
<fid>47403-11796-i-1</fid>
<lfSpanFr gml:id="K5_4740311796_1-1">
<gml:timePosition>2013-12-10</gml:timePosition>
</lfSpanFr>
<devDate gml:id="K5_4740311796_1-2">
<gml:timePosition>2020-12-23</gml:timePosition>
</devDate>
<orgGILvl>25000</orgGILvl>
<vis>表示</vis>
<loc>
<gml:Curve gml:id="K5_4740311796_1-g" srsName="fguuid:jgd2011.bl">
<gml:segments>
<gml:LineStringSegment>
<gml:posList>
32.768952222 131.677390278
32.768633333 131.676895833
32.768504444 131.676641389
32.768375556 131.676302500
32.768311667 131.675762778
32.768323056 131.675091667
32.768314861 131.675000000
</gml:posList>
</gml:LineStringSegment>
</gml:segments>
</gml:Curve>
</loc>
<type>都道府県界</type>
</AdmBdry>
<AdmBdry gml:id="K5_4740311796_2">
<fid>47403-11796-i-2</fid>
<lfSpanFr gml:id="K5_4740311796_2-1">
<gml:timePosition>2013-12-10</gml:timePosition>
</lfSpanFr>
<devDate gml:id="K5_4740311796_2-2">
<gml:timePosition>2020-12-23</gml:timePosition>
</devDate>
<orgGILvl>25000</orgGILvl>
<vis>表示</vis>
<loc>
<gml:Curve gml:id="K5_4740311796_2-g" srsName="fguuid:jgd2011.bl">
<gml:segments>
<gml:LineStringSegment>
<gml:posList>
32.770403111 131.683333333
32.770267222 131.683036389
32.770177500 131.682640833
32.770177500 131.682146389
32.770250278 131.681666111
32.770351111 131.681136389
32.770334167 131.680853889
32.770340833 131.680568889
32.770245556 131.680102778
32.770116944 131.679707222
32.769988056 131.679269167
32.769741667 131.678859444
32.769551389 131.678640556
32.769215556 131.678174167
32.769047500 131.677701111
32.768952222 131.677390278
</gml:posList>
</gml:LineStringSegment>
</gml:segments>
</gml:Curve>
</loc>
<type>都道府県界</type>
</AdmBdry>
<AdmBdry gml:id="K5_4740611796_1">
<fid>47406-11796-i-1</fid>
<lfSpanFr gml:id="K5_4740611796_1-1">
<gml:timePosition>2013-12-10</gml:timePosition>
</lfSpanFr>
<devDate gml:id="K5_4740611796_1-2">
<gml:timePosition>2020-12-23</gml:timePosition>
</devDate>
<orgGILvl>25000</orgGILvl>
<vis>表示</vis>
<loc>
<gml:Curve gml:id="K5_4740611796_1-g" srsName="fguuid:jgd2011.bl">
<gml:segments>
<gml:LineStringSegment>
<gml:posList>
32.770954833 131.684920694
32.770838056 131.684562500
32.770541389 131.683566389
32.770412778 131.683354444
32.770403111 131.683333333
</gml:posList>
</gml:LineStringSegment>
</gml:segments>
</gml:Curve>
</loc>
<type>都道府県界</type>
</AdmBdry>
<AdmBdry gml:id="K5_4740611796_2">
<fid>47406-11796-i-2</fid>
<lfSpanFr gml:id="K5_4740611796_2-1">
<gml:timePosition>2013-12-10</gml:timePosition>
</lfSpanFr>
<devDate gml:id="K5_4740611796_2-2">
<gml:timePosition>2020-12-23</gml:timePosition>
</devDate>
<orgGILvl>25000</orgGILvl>
<vis>表示</vis>
<loc>
<gml:Curve gml:id="K5_4740611796_2-g" srsName="fguuid:jgd2011.bl">
<gml:segments>
<gml:LineStringSegment>
<gml:posList>
32.771196389 131.685826667
32.771134972 131.685473222
32.770954833 131.684920694
</gml:posList>
</gml:LineStringSegment>
</gml:segments>
</gml:Curve>
</loc>
<type>都道府県界</type>
</AdmBdry>
<AdmBdry gml:id="K5_4740611796_3">
<fid>47406-11796-i-3</fid>
<lfSpanFr gml:id="K5_4740611796_3-1">
<gml:timePosition>2013-12-10</gml:timePosition>
</lfSpanFr>
<devDate gml:id="K5_4740611796_3-2">
<gml:timePosition>2020-12-23</gml:timePosition>
</devDate>
<orgGILvl>25000</orgGILvl>
<vis>表示</vis>
<loc>
<gml:Curve gml:id="K5_4740611796_3-g" srsName="fguuid:jgd2011.bl">
<gml:segments>
<gml:LineStringSegment>
<gml:posList>
32.771839722 131.691013611
32.771671667 131.690194167
32.771666111 131.689480556
32.771593333 131.688929722
32.771464722 131.688258611
32.771498056 131.687898611
32.771335833 131.687121389
32.771229167 131.686224167
32.771196389 131.685826667
</gml:posList>
</gml:LineStringSegment>
</gml:segments>
</gml:Curve>
</loc>
<type>都道府県界</type>
</AdmBdry>
<AdmBdry gml:id="K5_4740611796_4">
<fid>47406-11796-i-4</fid>
<lfSpanFr gml:id="K5_4740611796_4-1">
<gml:timePosition>2013-12-10</gml:timePosition>
</lfSpanFr>
<devDate gml:id="K5_4740611796_4-2">
<gml:timePosition>2020-12-23</gml:timePosition>
</devDate>
<orgGILvl>25000</orgGILvl>
<vis>表示</vis>
<loc>
<gml:Curve gml:id="K5_4740611796_4-g" srsName="fguuid:jgd2011.bl">
<gml:segments>
<gml:LineStringSegment>
<gml:posList>
32.772098861 131.691666667
32.772030000 131.691564444
32.771839722 131.691013611
</gml:posList>
</gml:LineStringSegment>
</gml:segments>
</gml:Curve>
</loc>
<type>都道府県界</type>
</AdmBdry>
<AdmBdry gml:id="K5_4740911796_1">
<fid>47409-11796-i-1</fid>
<lfSpanFr gml:id="K5_4740911796_1-1">
<gml:timePosition>2013-12-10</gml:timePosition>
</lfSpanFr>
<devDate gml:id="K5_4740911796_1-2">
<gml:timePosition>2020-12-23</gml:timePosition>
</devDate>
<orgGILvl>25000</orgGILvl>
<vis>表示</vis>
<loc>
<gml:Curve gml:id="K5_4740911796_1-g" srsName="fguuid:jgd2011.bl">
<gml:segments>
<gml:LineStringSegment>
<gml:posList>
32.774390000 131.694643056
32.774285000 131.694434444
32.774207500 131.694262222
32.774092500 131.694062778
32.773940556 131.693870833
32.773733333 131.693688889
32.772948333 131.692751111
32.772220278 131.691846944
32.772098861 131.691666667
</gml:posList>
</gml:LineStringSegment>
</gml:segments>
</gml:Curve>
</loc>
<type>都道府県界</type>
</AdmBdry>
<AdmBdry gml:id="K5_4740911796_2">
<fid>47409-11796-i-2</fid>
<lfSpanFr gml:id="K5_4740911796_2-1">
<gml:timePosition>2013-12-10</gml:timePosition>
</lfSpanFr>
<devDate gml:id="K5_4740911796_2-2">
<gml:timePosition>2020-12-23</gml:timePosition>
</devDate>
<orgGILvl>25000</orgGILvl>
<vis>表示</vis>
<loc>
<gml:Curve gml:id="K5_4740911796_2-g" srsName="fguuid:jgd2011.bl">
<gml:segments>
<gml:LineStringSegment>
<gml:posList>
32.774415000 131.694730278
32.774414167 131.694727500
32.774390000 131.694643056
</gml:posList>
</gml:LineStringSegment>
</gml:segments>
</gml:Curve>
</loc>
<type>都道府県界</type>
</AdmBdry>
<AdmBdry gml:id="K5_4740911796_3">
<fid>47409-11796-i-3</fid>
<lfSpanFr gml:id="K5_4740911796_3-1">
<gml:timePosition>2013-12-10</gml:timePosition>
</lfSpanFr>
<devDate gml:id="K5_4740911796_3-2">
<gml:timePosition>2020-12-23</gml:timePosition>
</devDate>
<orgGILvl>25000</orgGILvl>
<vis>表示</vis>
<loc>
<gml:Curve gml:id="K5_4740911796_3-g" srsName="fguuid:jgd2011.bl">
<gml:segments>
<gml:LineStringSegment>
<gml:posList>
32.774434444 131.694786389
32.774415000 131.694730278
</gml:posList>
</gml:LineStringSegment>
</gml:segments>
</gml:Curve>
</loc>
<type>都道府県界</type>
</AdmBdry>
<AdmBdry gml:id="K5_4740911796_4">
<fid>47409-11796-i-4</fid>
<lfSpanFr gml:id="K5_4740911796_4-1">
<gml:timePosition>2013-12-10</gml:timePosition>
</lfSpanFr>
<devDate gml:id="K5_4740911796_4-2">
<gml:timePosition>2020-12-23</gml:timePosition>
</devDate>
<orgGILvl>25000</orgGILvl>
<vis>表示</vis>
<loc>
<gml:Curve gml:id="K5_4740911796_4-g" srsName="fguuid:jgd2011.bl">
<gml:segments>
<gml:LineStringSegment>
<gml:posList>
32.774459444 131.694830278
32.774448611 131.694811111
32.774434444 131.694786389
</gml:posList>
</gml:LineStringSegment>
</gml:segments>
</gml:Curve>
</loc>
<type>都道府県界</type>
</AdmBdry>
<AdmBdry gml:id="K5_4740911796_5">
<fid>47409-11796-i-5</fid>
<lfSpanFr gml:id="K5_4740911796_5-1">
<gml:timePosition>2013-12-10</gml:timePosition>
</lfSpanFr>
<devDate gml:id="K5_4740911796_5-2">
<gml:timePosition>2020-12-23</gml:timePosition>
</devDate>
<orgGILvl>25000</orgGILvl>
<vis>表示</vis>
<loc>
<gml:Curve gml:id="K5_4740911796_5-g" srsName="fguuid:jgd2011.bl">
<gml:segments>
<gml:LineStringSegment>
<gml:posList>
32.774532667 131.695016028
32.774459444 131.694830278
</gml:posList>
</gml:LineStringSegment>
</gml:segments>
</gml:Curve>
</loc>
<type>都道府県界</type>
</AdmBdry>
<AdmBdry gml:id="K5_4740911796_6">
<fid>47409-11796-i-6</fid>
<lfSpanFr gml:id="K5_4740911796_6-1">
<gml:timePosition>2013-12-10</gml:timePosition>
</lfSpanFr>
<devDate gml:id="K5_4740911796_6-2">
<gml:timePosition>2020-12-23</gml:timePosition>
</devDate>
<orgGILvl>25000</orgGILvl>
<vis>表示</vis>
<loc>
<gml:Curve gml:id="K5_4740911796_6-g" srsName="fguuid:jgd2011.bl">
<gml:segments>
<gml:LineStringSegment>
<gml:posList>
32.774551111 131.695062778
32.774532667 131.695016028
</gml:posList>
</gml:LineStringSegment>
</gml:segments>
</gml:Curve>
</loc>
<type>都道府県界</type>
</AdmBdry>
<AdmBdry gml:id="K5_4740911796_7">
<fid>47409-11796-i-7</fid>
<lfSpanFr gml:id="K5_4740911796_7-1">
<gml:timePosition>2013-12-10</gml:timePosition>
</lfSpanFr>
<devDate gml:id="K5_4740911796_7-2">
<gml:timePosition>2020-12-23</gml:timePosition>
</devDate>
<orgGILvl>25000</orgGILvl>
<vis>表示</vis>
<loc>
<gml:Curve gml:id="K5_4740911796_7-g" srsName="fguuid:jgd2011.bl">
<gml:segments>
<gml:LineStringSegment>
<gml:posList>
32.773267556 131.699127972
32.773335833 131.698985000
32.773604167 131.698462500
32.773973611 131.697678611
32.774325556 131.696941111
32.774650278 131.696263056
32.774751111 131.695839167
32.774762222 131.695598889
32.774551111 131.695062778
</gml:posList>
</gml:LineStringSegment>
</gml:segments>
</gml:Curve>
</loc>
<type>都道府県界</type>
</AdmBdry>
<AdmBdry gml:id="K5_4740911796_8">
<fid>47409-11796-i-8</fid>
<lfSpanFr gml:id="K5_4740911796_8-1">
<gml:timePosition>2013-12-10</gml:timePosition>
</lfSpanFr>
<devDate gml:id="K5_4740911796_8-2">
<gml:timePosition>2020-12-23</gml:timePosition>
</devDate>
<orgGILvl>25000</orgGILvl>
<vis>表示</vis>
<loc>
<gml:Curve gml:id="K5_4740911796_8-g" srsName="fguuid:jgd2011.bl">
<gml:segments>
<gml:LineStringSegment>
<gml:posList>
32.772976750 131.700000000
32.772999722 131.699776389
32.773089444 131.699500833
32.773267556 131.699127972
</gml:posList>
</gml:LineStringSegment>
</gml:segments>
</gml:Curve>
</loc>
<type>都道府県界</type>
</AdmBdry>
<AdmBdry gml:id="K5_4741211796_1">
<fid>47412-11796-i-1</fid>
<lfSpanFr gml:id="K5_4741211796_1-1">
<gml:timePosition>2013-12-10</gml:timePosition>
</lfSpanFr>
<devDate gml:id="K5_4741211796_1-2">
<gml:timePosition>2020-12-23</gml:timePosition>
</devDate>
<orgGILvl>25000</orgGILvl>
<vis>表示</vis>
<loc>
<gml:Curve gml:id="K5_4741211796_1-g" srsName="fguuid:jgd2011.bl">
<gml:segments>
<gml:LineStringSegment>
<gml:posList>
32.772422722 131.705126222
32.772630833 131.704943333
32.772821111 131.704653889
32.772776389 131.704307778
32.772602778 131.703608333
32.772731667 131.703050278
32.772871111 131.702379167
32.773033333 131.701874444
32.773061389 131.701132778
32.773005556 131.700673611
32.772960556 131.700157778
32.772976750 131.700000000
</gml:posList>
</gml:LineStringSegment>
</gml:segments>
</gml:Curve>
</loc>
<type>都道府県界</type>
</AdmBdry>
<AdmBdry gml:id="K5_4741211796_2">
<fid>47412-11796-i-2</fid>
<lfSpanFr gml:id="K5_4741211796_2-1">
<gml:timePosition>2013-12-10</gml:timePosition>
</lfSpanFr>
<devDate gml:id="K5_4741211796_2-2">
<gml:timePosition>2020-12-23</gml:timePosition>
</devDate>
<orgGILvl>25000</orgGILvl>
<vis>表示</vis>
<loc>
<gml:Curve gml:id="K5_4741211796_2-g" srsName="fguuid:jgd2011.bl">
<gml:segments>
<gml:LineStringSegment>
<gml:posList>
32.771621361 131.706788194
32.771640000 131.706603333
32.771706944 131.706348889
32.771869444 131.705925000
32.772143611 131.705444722
32.772317222 131.705218889
32.772422722 131.705126222
</gml:posList>
</gml:LineStringSegment>
</gml:segments>
</gml:Curve>
</loc>
<type>都道府県界</type>
</AdmBdry>
<AdmBdry gml:id="K5_4741211796_3">
<fid>47412-11796-i-3</fid>
<lfSpanFr gml:id="K5_4741211796_3-1">
<gml:timePosition>2013-12-10</gml:timePosition>
</lfSpanFr>
<devDate gml:id="K5_4741211796_3-2">
<gml:timePosition>2020-12-23</gml:timePosition>
</devDate>
<orgGILvl>25000</orgGILvl>
<vis>表示</vis>
<loc>
<gml:Curve gml:id="K5_4741211796_3-g" srsName="fguuid:jgd2011.bl">
<gml:segments>
<gml:LineStringSegment>
<gml:posList>
32.771780167 131.708333333
32.771690556 131.707606389
32.771612222 131.706878889
32.771621361 131.706788194
</gml:posList>
</gml:LineStringSegment>
</gml:segments>
</gml:Curve>
</loc>
<type>都道府県界</type>
</AdmBdry>
<AdmBdry gml:id="K5_4741511796_1">
<fid>47415-11796-i-9</fid>
<lfSpanFr gml:id="K5_4741511796_1-1">
<gml:timePosition>2020-11-25</gml:timePosition>
</lfSpanFr>
<devDate gml:id="K5_4741511796_1-2">
<gml:timePosition>2020-12-23</gml:timePosition>
</devDate>
<orgGILvl>25000</orgGILvl>
<vis>表示</vis>
<loc>
<gml:Curve gml:id="K5_4741511796_1-g" srsName="fguuid:jgd2011.bl">
<gml:segments>
<gml:LineStringSegment>
<gml:posList>
32.775000000 131.713021806
32.774888333 131.712970556
32.774426944 131.712787778
32.773542778 131.712469722
32.773072500 131.712088333
32.772663611 131.711558889
32.772378333 131.711141944
</gml:posList>
</gml:LineStringSegment>
</gml:segments>
</gml:Curve>
</loc>
<type>都道府県界</type>
</AdmBdry>
<AdmBdry gml:id="K5_4741511796_2">
<fid>47415-11796-i-10</fid>
<lfSpanFr gml:id="K5_4741511796_2-1">
<gml:timePosition>2020-11-25</gml:timePosition>
</lfSpanFr>
<devDate gml:id="K5_4741511796_2-2">
<gml:timePosition>2020-12-23</gml:timePosition>
</devDate>
<orgGILvl>25000</orgGILvl>
<vis>表示</vis>
<loc>
<gml:Curve gml:id="K5_4741511796_2-g" srsName="fguuid:jgd2011.bl">
<gml:segments>
<gml:LineStringSegment>
<gml:posList>
32.772378333 131.711141944
32.772238333 131.710781667
32.771868611 131.709050833
32.771780167 131.708333333
</gml:posList>
</gml:LineStringSegment>
</gml:segments>
</gml:Curve>
</loc>
<type>都道府県界</type>
</AdmBdry>
<AdmBdry gml:id="K5_4741511799_1">
<fid>47415-11799-i-1</fid>
<lfSpanFr gml:id="K5_4741511799_1-1">
<gml:timePosition>2013-12-10</gml:timePosition>
</lfSpanFr>
<devDate gml:id="K5_4741511799_1-2">
<gml:timePosition>2020-12-23</gml:timePosition>
</devDate>
<orgGILvl>25000</orgGILvl>
<vis>表示</vis>
<loc>
<gml:Curve gml:id="K5_4741511799_1-g" srsName="fguuid:jgd2011.bl">
<gml:segments>
<gml:LineStringSegment>
<gml:posList>
32.775600444 131.713297361
32.775000000 131.713021806
</gml:posList>
</gml:LineStringSegment>
</gml:segments>
</gml:Curve>
</loc>
<type>都道府県界</type>
</AdmBdry>
<AdmBdry gml:id="K5_4741511799_2">
<fid>47415-11799-i-2</fid>
<lfSpanFr gml:id="K5_4741511799_2-1">
<gml:timePosition>2013-12-10</gml:timePosition>
</lfSpanFr>
<devDate gml:id="K5_4741511799_2-2">
<gml:timePosition>2020-12-23</gml:timePosition>
</devDate>
<orgGILvl>25000</orgGILvl>
<vis>表示</vis>
<loc>
<gml:Curve gml:id="K5_4741511799_2-g" srsName="fguuid:jgd2011.bl">
<gml:segments>
<gml:LineStringSegment>
<gml:posList>
32.779224389 131.714853222
32.778646667 131.714649722
32.777695000 131.714296389
32.776304722 131.713620556
32.775600444 131.713297361
</gml:posList>
</gml:LineStringSegment>
</gml:segments>
</gml:Curve>
</loc>
<type>都道府県界</type>
</AdmBdry>
<AdmBdry gml:id="K5_4741511799_3">
<fid>47415-11799-i-3</fid>
<lfSpanFr gml:id="K5_4741511799_3-1">
<gml:timePosition>2013-12-10</gml:timePosition>
</lfSpanFr>
<devDate gml:id="K5_4741511799_3-2">
<gml:timePosition>2020-12-23</gml:timePosition>
</devDate>
<orgGILvl>25000</orgGILvl>
<vis>表示</vis>
<loc>
<gml:Curve gml:id="K5_4741511799_3-g" srsName="fguuid:jgd2011.bl">
<gml:segments>
<gml:LineStringSegment>
<gml:posList>
32.783333333 131.715799778
32.782577222 131.715687500
32.781855278 131.715532222
32.781592222 131.715525000
32.781312222 131.715461389
32.780779444 131.715433889
32.780544167 131.715426944
32.780169167 131.715398611
32.779940000 131.715349167
32.779727222 131.715257222
32.779508889 131.715123056
32.779268056 131.714868611
32.779224389 131.714853222
</gml:posList>
</gml:LineStringSegment>
</gml:segments>
</gml:Curve>
</loc>
<type>都道府県界</type>
</AdmBdry>
<AdmBdry gml:id="K5_4741511802_1">
<fid>47415-11802-i-1</fid>
<lfSpanFr gml:id="K5_4741511802_1-1">
<gml:timePosition>2013-12-10</gml:timePosition>
</lfSpanFr>
<devDate gml:id="K5_4741511802_1-2">
<gml:timePosition>2020-12-23</gml:timePosition>
</devDate>
<orgGILvl>25000</orgGILvl>
<vis>表示</vis>
<loc>
<gml:Curve gml:id="K5_4741511802_1-g" srsName="fguuid:jgd2011.bl">
<gml:segments>
<gml:LineStringSegment>
<gml:posList>
32.786100167 131.715281583
32.786025556 131.715262778
32.785919167 131.715156667
32.785829444 131.715080000
32.785336944 131.715129444
32.784615000 131.715518056
32.784391111 131.715602778
32.784239694 131.715644472
</gml:posList>
</gml:LineStringSegment>
</gml:segments>
</gml:Curve>
</loc>
<type>都道府県界</type>
</AdmBdry>
<AdmBdry gml:id="K5_4741511802_2">
<fid>47415-11802-i-2</fid>
<lfSpanFr gml:id="K5_4741511802_2-1">
<gml:timePosition>2013-12-10</gml:timePosition>
</lfSpanFr>
<devDate gml:id="K5_4741511802_2-2">
<gml:timePosition>2020-12-23</gml:timePosition>
</devDate>
<orgGILvl>25000</orgGILvl>
<vis>表示</vis>
<loc>
<gml:Curve gml:id="K5_4741511802_2-g" srsName="fguuid:jgd2011.bl">
<gml:segments>
<gml:LineStringSegment>
<gml:posList>
32.784239694 131.715644472
32.783596111 131.715821667
32.783529444 131.715816111
32.783338611 131.715800556
32.783333333 131.715799778
</gml:posList>
</gml:LineStringSegment>
</gml:segments>
</gml:Curve>
</loc>
<type>都道府県界</type>
</AdmBdry>
<AdmBdry gml:id="K5_4741511802_3">
<fid>47415-11802-i-3</fid>
<lfSpanFr gml:id="K5_4741511802_3-1">
<gml:timePosition>2013-12-10</gml:timePosition>
</lfSpanFr>
<devDate gml:id="K5_4741511802_3-2">
<gml:timePosition>2020-12-23</gml:timePosition>
</devDate>
<orgGILvl>25000</orgGILvl>
<vis>表示</vis>
<loc>
<gml:Curve gml:id="K5_4741511802_3-g" srsName="fguuid:jgd2011.bl">
<gml:segments>
<gml:LineStringSegment>
<gml:posList>
32.788633167 131.716666667
32.788595000 131.716625833
32.788281389 131.716308056
32.788063056 131.715891111
32.787565000 131.715573333
32.786926944 131.715213333
32.786646944 131.715192222
32.786383889 131.715255556
32.786165556 131.715298056
32.786100167 131.715281583
</gml:posList>
</gml:LineStringSegment>
</gml:segments>
</gml:Curve>
</loc>
<type>都道府県界</type>
</AdmBdry>
<AdmBdry gml:id="K5_4741811802_1">
<fid>47418-11802-i-1</fid>
<lfSpanFr gml:id="K5_4741811802_1-1">
<gml:timePosition>2013-12-10</gml:timePosition>
</lfSpanFr>
<devDate gml:id="K5_4741811802_1-2">
<gml:timePosition>2020-12-23</gml:timePosition>
</devDate>
<orgGILvl>25000</orgGILvl>
<vis>表示</vis>
<loc>
<gml:Curve gml:id="K5_4741811802_1-g" srsName="fguuid:jgd2011.bl">
<gml:segments>
<gml:LineStringSegment>
<gml:posList>
32.791560000 131.719744722
32.791425556 131.719271667
32.791246389 131.718890000
32.790865556 131.718303611
32.790468056 131.717950833
32.790020556 131.717710556
32.789281667 131.717498611
32.789018333 131.717237222
32.788852500 131.716901389
32.788633167 131.716666667
</gml:posList>
</gml:LineStringSegment>
</gml:segments>
</gml:Curve>
</loc>
<type>都道府県界</type>
</AdmBdry>
<AdmBdry gml:id="K5_4741811802_2">
<fid>47418-11802-i-2</fid>
<lfSpanFr gml:id="K5_4741811802_2-1">
<gml:timePosition>2013-12-10</gml:timePosition>
</lfSpanFr>
<devDate gml:id="K5_4741811802_2-2">
<gml:timePosition>2020-12-23</gml:timePosition>
</devDate>
<orgGILvl>25000</orgGILvl>
<vis>表示</vis>
<loc>
<gml:Curve gml:id="K5_4741811802_2-g" srsName="fguuid:jgd2011.bl">
<gml:segments>
<gml:LineStringSegment>
<gml:posList>
32.791666667 131.719994833
32.791560000 131.719744722
</gml:posList>
</gml:LineStringSegment>
</gml:segments>
</gml:Curve>
</loc>
<type>都道府県界</type>
</AdmBdry>
<AdmBdry gml:id="K5_4741811805_1">
<fid>47418-11805-i-1</fid>
<lfSpanFr gml:id="K5_4741811805_1-1">
<gml:timePosition>2013-12-10</gml:timePosition>
</lfSpanFr>
<devDate gml:id="K5_4741811805_1-2">
<gml:timePosition>2020-12-23</gml:timePosition>
</devDate>
<orgGILvl>25000</orgGILvl>
<vis>表示</vis>
<loc>
<gml:Curve gml:id="K5_4741811805_1-g" srsName="fguuid:jgd2011.bl">
<gml:segments>
<gml:LineStringSegment>
<gml:posList>
32.794079806 131.723401972
32.793922778 131.723047500
32.793810833 131.722800278
32.793446944 131.722058611
32.793318056 131.721846667
32.793032778 131.721316944
32.792702500 131.720956667
32.792456111 131.720787222
32.791862222 131.720408889
32.791755833 131.720203889
32.791666667 131.719994833
</gml:posList>
</gml:LineStringSegment>
</gml:segments>
</gml:Curve>
</loc>
<type>都道府県界</type>
</AdmBdry>
<AdmBdry gml:id="K5_4741811805_2">
<fid>47418-11805-i-2</fid>
<lfSpanFr gml:id="K5_4741811805_2-1">
<gml:timePosition>2013-12-10</gml:timePosition>
</lfSpanFr>
<devDate gml:id="K5_4741811805_2-2">
<gml:timePosition>2020-12-23</gml:timePosition>
</devDate>
<orgGILvl>25000</orgGILvl>
<vis>表示</vis>
<loc>
<gml:Curve gml:id="K5_4741811805_2-g" srsName="fguuid:jgd2011.bl">
<gml:segments>
<gml:LineStringSegment>
<gml:posList>
32.795623778 131.725000000
32.795666111 131.724741111
32.795727500 131.724550556
32.795184444 131.724388056
32.794714167 131.724155000
32.794331389 131.723831667
32.794135556 131.723527778
32.794079806 131.723401972
</gml:posList>
</gml:LineStringSegment>
</gml:segments>
</gml:Curve>
</loc>
<type>都道府県界</type>
</AdmBdry>
<AdmBdry gml:id="K5_4742111805_1">
<fid>47421-11805-i-1</fid>
<lfSpanFr gml:id="K5_4742111805_1-1">
<gml:timePosition>2013-12-10</gml:timePosition>
</lfSpanFr>
<devDate gml:id="K5_4742111805_1-2">
<gml:timePosition>2020-12-23</gml:timePosition>
</devDate>
<orgGILvl>25000</orgGILvl>
<vis>表示</vis>
<loc>
<gml:Curve gml:id="K5_4742111805_1-g" srsName="fguuid:jgd2011.bl">
<gml:segments>
<gml:LineStringSegment>
<gml:posList>
32.795646472 131.725237111
32.795638056 131.725207222
32.795621111 131.725016389
32.795623778 131.725000000
</gml:posList>
</gml:LineStringSegment>
</gml:segments>
</gml:Curve>
</loc>
<type>都道府県界</type>
</AdmBdry>
<AdmBdry gml:id="K5_4742111805_2">
<fid>47421-11805-i-2</fid>
<lfSpanFr gml:id="K5_4742111805_2-1">
<gml:timePosition>2013-12-10</gml:timePosition>
</lfSpanFr>
<devDate gml:id="K5_4742111805_2-2">
<gml:timePosition>2020-12-23</gml:timePosition>
</devDate>
<orgGILvl>25000</orgGILvl>
<vis>表示</vis>
<loc>
<gml:Curve gml:id="K5_4742111805_2-g" srsName="fguuid:jgd2011.bl">
<gml:segments>
<gml:LineStringSegment>
<gml:posList>
32.800000000 131.729546444
32.799736944 131.729478611
32.799261111 131.729167778
32.799054167 131.729111389
32.798690278 131.728976944
32.798550278 131.728885278
32.798303889 131.728553056
32.798094444 131.728354444
32.797741667 131.728135556
32.797556944 131.728050833
32.797372222 131.727944722
32.797165000 131.727556389
32.796851667 131.726871389
32.796627778 131.726511111
32.796308889 131.726115278
32.796124167 131.725960000
32.795844167 131.725811667
32.795754444 131.725620833
32.795646472 131.725237111
</gml:posList>
</gml:LineStringSegment>
</gml:segments>
</gml:Curve>
</loc>
<type>都道府県界</type>
</AdmBdry>
<AdmBdry gml:id="K5_4742111808_1">
<fid>47421-11808-i-1</fid>
<lfSpanFr gml:id="K5_4742111808_1-1">
<gml:timePosition>2013-12-10</gml:timePosition>
</lfSpanFr>
<devDate gml:id="K5_4742111808_1-2">
<gml:timePosition>2020-12-23</gml:timePosition>
</devDate>
<orgGILvl>25000</orgGILvl>
<vis>表示</vis>
<loc>
<gml:Curve gml:id="K5_4742111808_1-g" srsName="fguuid:jgd2011.bl">
<gml:segments>
<gml:LineStringSegment>
<gml:posList>
32.800604194 131.729667389
32.800503889 131.729676389
32.800000000 131.729546444
</gml:posList>
</gml:LineStringSegment>
</gml:segments>
</gml:Curve>
</loc>
<type>都道府県界</type>
</AdmBdry>
<AdmBdry gml:id="K5_4742111808_2">
<fid>47421-11808-i-2</fid>
<lfSpanFr gml:id="K5_4742111808_2-1">
<gml:timePosition>2013-12-10</gml:timePosition>
</lfSpanFr>
<devDate gml:id="K5_4742111808_2-2">
<gml:timePosition>2020-12-23</gml:timePosition>
</devDate>
<orgGILvl>25000</orgGILvl>
<vis>表示</vis>
<loc>
<gml:Curve gml:id="K5_4742111808_2-g" srsName="fguuid:jgd2011.bl">
<gml:segments>
<gml:LineStringSegment>
<gml:posList>
32.801457222 131.729711389
32.800739167 131.729655278
32.800604194 131.729667389
</gml:posList>
</gml:LineStringSegment>
</gml:segments>
</gml:Curve>
</loc>
<type>都道府県界</type>
</AdmBdry>
<AdmBdry gml:id="K5_4742111808_3">
<fid>47421-11808-i-3</fid>
<lfSpanFr gml:id="K5_4742111808_3-1">
<gml:timePosition>2013-12-10</gml:timePosition>
</lfSpanFr>
<devDate gml:id="K5_4742111808_3-2">
<gml:timePosition>2020-12-23</gml:timePosition>
</devDate>
<orgGILvl>25000</orgGILvl>
<vis>表示</vis>
<loc>
<gml:Curve gml:id="K5_4742111808_3-g" srsName="fguuid:jgd2011.bl">
<gml:segments>
<gml:LineStringSegment>
<gml:posList>
32.808333333 131.730009111
32.808202778 131.729985556
32.807827500 131.729801944
32.807547778 131.729639444
32.807312500 131.729441667
32.806892778 131.729335833
32.806534722 131.729321667
32.806243611 131.729286389
32.805801111 131.729223056
32.805258056 131.729216944
32.804955833 131.729209722
32.804771111 131.729231111
32.804535833 131.729400556
32.804205556 131.729541944
32.803853056 131.729803333
32.803651389 131.729979722
32.803349444 131.730149444
32.802929444 131.730213056
32.802767222 131.730213056
32.802515278 131.730163611
32.802106389 131.729958611
32.801770556 131.729775000
32.801457222 131.729711389
</gml:posList>
</gml:LineStringSegment>
</gml:segments>
</gml:Curve>
</loc>
<type>都道府県界</type>
</AdmBdry>
<AdmBdry gml:id="K5_4742111811_1">
<fid>47421-11811-i-1</fid>
<lfSpanFr gml:id="K5_4742111811_1-1">
<gml:timePosition>2013-12-10</gml:timePosition>
</lfSpanFr>
<devDate gml:id="K5_4742111811_1-2">
<gml:timePosition>2020-12-23</gml:timePosition>
</devDate>
<orgGILvl>25000</orgGILvl>
<vis>表示</vis>
<loc>
<gml:Curve gml:id="K5_4742111811_1-g" srsName="fguuid:jgd2011.bl">
<gml:segments>
<gml:LineStringSegment>
<gml:posList>
32.809214972 131.730149250
32.809070556 131.730084444
32.808846389 131.730049167
32.808555278 131.730049167
32.808333333 131.730009111
</gml:posList>
</gml:LineStringSegment>
</gml:segments>
</gml:Curve>
</loc>
<type>都道府県界</type>
</AdmBdry>
<AdmBdry gml:id="K5_4742111811_2">
<fid>47421-11811-i-2</fid>
<lfSpanFr gml:id="K5_4742111811_2-1">
<gml:timePosition>2013-12-10</gml:timePosition>
</lfSpanFr>
<devDate gml:id="K5_4742111811_2-2">
<gml:timePosition>2020-12-23</gml:timePosition>
</devDate>
<orgGILvl>25000</orgGILvl>
<vis>表示</vis>
<loc>
<gml:Curve gml:id="K5_4742111811_2-g" srsName="fguuid:jgd2011.bl">
<gml:segments>
<gml:LineStringSegment>
<gml:posList>
32.811768056 131.730610556
32.811577778 131.730441111
32.811314722 131.730250833
32.811113056 131.730173056
32.810883611 131.730158889
32.810341389 131.730028056
32.810117222 131.730035000
32.809815000 131.730084444
32.809591111 131.730162222
32.809243889 131.730162222
32.809214972 131.730149250
</gml:posList>
</gml:LineStringSegment>
</gml:segments>
</gml:Curve>
</loc>
<type>都道府県界</type>
</AdmBdry>
<AdmBdry gml:id="K5_4742111811_3">
<fid>47421-11811-i-3</fid>
<lfSpanFr gml:id="K5_4742111811_3-1">
<gml:timePosition>2013-12-10</gml:timePosition>
</lfSpanFr>
<devDate gml:id="K5_4742111811_3-2">
<gml:timePosition>2020-12-23</gml:timePosition>
</devDate>
<orgGILvl>25000</orgGILvl>
<vis>表示</vis>
<loc>
<gml:Curve gml:id="K5_4742111811_3-g" srsName="fguuid:jgd2011.bl">
<gml:segments>
<gml:LineStringSegment>
<gml:posList>
32.816666667 131.732334056
32.816634444 131.732284444
32.816449722 131.731755000
32.816265000 131.731472222
32.816125000 131.731274444
32.815934722 131.731090833
32.815632500 131.731055556
32.815352500 131.731090833
32.814568611 131.731394722
32.814322500 131.731458333
32.814092778 131.731436944
32.813655000 131.731239444
32.812938333 131.730836667
32.812686389 131.730745000
32.812406389 131.730674167
32.811964167 131.730653056
32.811768056 131.730610556
</gml:posList>
</gml:LineStringSegment>
</gml:segments>
</gml:Curve>
</loc>
<type>都道府県界</type>
</AdmBdry>
<AdmBdry gml:id="K5_4742111814_1">
<fid>47421-11814-i-1</fid>
<lfSpanFr gml:id="K5_4742111814_1-1">
<gml:timePosition>2013-12-10</gml:timePosition>
</lfSpanFr>
<devDate gml:id="K5_4742111814_1-2">
<gml:timePosition>2020-12-23</gml:timePosition>
</devDate>
<orgGILvl>25000</orgGILvl>
<vis>表示</vis>
<loc>
<gml:Curve gml:id="K5_4742111814_1-g" srsName="fguuid:jgd2011.bl">
<gml:segments>
<gml:LineStringSegment>
<gml:posList>
32.817079694 131.733055111
32.817004167 131.732750833
32.816785833 131.732517500
32.816666667 131.732334056
</gml:posList>
</gml:LineStringSegment>
</gml:segments>
</gml:Curve>
</loc>
<type>都道府県界</type>
</AdmBdry>
<AdmBdry gml:id="K5_4742111814_2">
<fid>47421-11814-i-2</fid>
<lfSpanFr gml:id="K5_4742111814_2-1">
<gml:timePosition>2013-12-10</gml:timePosition>
</lfSpanFr>
<devDate gml:id="K5_4742111814_2-2">
<gml:timePosition>2020-12-23</gml:timePosition>
</devDate>
<orgGILvl>25000</orgGILvl>
<vis>表示</vis>
<loc>
<gml:Curve gml:id="K5_4742111814_2-g" srsName="fguuid:jgd2011.bl">
<gml:segments>
<gml:LineStringSegment>
<gml:posList>
32.817148778 131.733333333
32.817079694 131.733055111
</gml:posList>
</gml:LineStringSegment>
</gml:segments>
</gml:Curve>
</loc>
<type>都道府県界</type>
</AdmBdry>
<AdmBdry gml:id="K5_4742411814_1">
<fid>47424-11814-i-9</fid>
<lfSpanFr gml:id="K5_4742411814_1-1">
<gml:timePosition>2016-08-23</gml:timePosition>
</lfSpanFr>
<devDate gml:id="K5_4742411814_1-2">
<gml:timePosition>2020-12-23</gml:timePosition>
</devDate>
<orgGILvl>25000</orgGILvl>
<vis>表示</vis>
<loc>
<gml:Curve gml:id="K5_4742411814_1-g" srsName="fguuid:jgd2011.bl">
<gml:segments>
<gml:LineStringSegment>
<gml:posList>
32.818440056 131.734689639
32.818286389 131.734661944
32.818039444 131.734665000
32.817753889 131.734516667
32.817541111 131.734333056
32.817362222 131.734022222
32.817283611 131.733866944
32.817183056 131.733471389
32.817148778 131.733333333
</gml:posList>
</gml:LineStringSegment>
</gml:segments>
</gml:Curve>
</loc>
<type>都道府県界</type>
</AdmBdry>
<AdmBdry gml:id="K5_4742411814_2">
<fid>47424-11814-i-10</fid>
<lfSpanFr gml:id="K5_4742411814_2-1">
<gml:timePosition>2016-08-23</gml:timePosition>
</lfSpanFr>
<devDate gml:id="K5_4742411814_2-2">
<gml:timePosition>2020-12-23</gml:timePosition>
</devDate>
<orgGILvl>25000</orgGILvl>
<vis>表示</vis>
<loc>
<gml:Curve gml:id="K5_4742411814_2-g" srsName="fguuid:jgd2011.bl">
<gml:segments>
<gml:LineStringSegment>
<gml:posList>
32.824998639 131.736193028
32.824965000 131.736173333
32.824791389 131.736067500
32.824522778 131.736018056
32.824310000 131.735954444
32.824035556 131.735926111
32.823308056 131.735841389
32.822988889 131.735876667
32.822406667 131.736010833
32.822171389 131.736095556
32.821902778 131.736131111
32.821600556 131.736095556
32.821359722 131.735982778
32.821270278 131.735905000
32.820956667 131.735586944
32.820654444 131.735452778
32.820050000 131.735078333
32.819736389 131.734944444
32.819635833 131.734909167
32.819277500 131.734923333
32.819109444 131.734810278
32.818440056 131.734689639
</gml:posList>
</gml:LineStringSegment>
</gml:segments>
</gml:Curve>
</loc>
<type>都道府県界</type>
</AdmBdry>
<AdmBdry gml:id="K5_4742411814_3">
<fid>47424-11814-i-11</fid>
<lfSpanFr gml:id="K5_4742411814_3-1">
<gml:timePosition>2016-08-23</gml:timePosition>
</lfSpanFr>
<devDate gml:id="K5_4742411814_3-2">
<gml:timePosition>2020-12-23</gml:timePosition>
</devDate>
<orgGILvl>25000</orgGILvl>
<vis>表示</vis>
<loc>
<gml:Curve gml:id="K5_4742411814_3-g" srsName="fguuid:jgd2011.bl">
<gml:segments>
<gml:LineStringSegment>
<gml:posList>
32.825000000 131.736193833
32.824998639 131.736193028
</gml:posList>
</gml:LineStringSegment>
</gml:segments>
</gml:Curve>
</loc>
<type>都道府県界</type>
</AdmBdry>
<AdmBdry gml:id="K5_4742411817_1">
<fid>47424-11817-i-16</fid>
<lfSpanFr gml:id="K5_4742411817_1-1">
<gml:timePosition>2016-08-23</gml:timePosition>
</lfSpanFr>
<devDate gml:id="K5_4742411817_1-2">
<gml:timePosition>2020-12-23</gml:timePosition>
</devDate>
<orgGILvl>25000</orgGILvl>
<vis>表示</vis>
<loc>
<gml:Curve gml:id="K5_4742411817_1-g" srsName="fguuid:jgd2011.bl">
<gml:segments>
<gml:LineStringSegment>
<gml:posList>
32.825278333 131.736356667
32.825000000 131.736193833
</gml:posList>
</gml:LineStringSegment>
</gml:segments>
</gml:Curve>
</loc>
<type>都道府県界</type>
</AdmBdry>
<AdmBdry gml:id="K5_4742411817_2">
<fid>47424-11817-i-17</fid>
<lfSpanFr gml:id="K5_4742411817_2-1">
<gml:timePosition>2016-08-23</gml:timePosition>
</lfSpanFr>
<devDate gml:id="K5_4742411817_2-2">
<gml:timePosition>2020-12-23</gml:timePosition>
</devDate>
<orgGILvl>25000</orgGILvl>
<vis>表示</vis>
<loc>
<gml:Curve gml:id="K5_4742411817_2-g" srsName="fguuid:jgd2011.bl">
<gml:segments>
<gml:LineStringSegment>
<gml:posList>
32.832979722 131.737592222
32.832910000 131.737437222
32.832741944 131.737303056
32.832450833 131.737140556
32.832182222 131.737027500
32.832031111 131.736844167
32.831622222 131.736286111
32.831437500 131.736045833
32.831101667 131.735728056
32.830698056 131.735686389
32.830373333 131.735573333
32.830054167 131.735403889
32.829735278 131.735375556
32.829552222 131.735371389
32.829421944 131.735368611
32.829276389 131.735538056
32.828940278 131.736089167
32.828693889 131.736251667
32.828318889 131.736322222
32.827535000 131.736308056
32.827042778 131.736371667
32.826409444 131.736519167
32.826045556 131.736547500
32.825508056 131.736540556
32.825278333 131.736356667
</gml:posList>
</gml:LineStringSegment>
</gml:segments>
</gml:Curve>
</loc>
<type>都道府県界</type>
</AdmBdry>
<AdmBdry gml:id="K5_4742411817_3">
<fid>47424-11817-i-18</fid>
<lfSpanFr gml:id="K5_4742411817_3-1">
<gml:timePosition>2016-08-23</gml:timePosition>
</lfSpanFr>
<devDate gml:id="K5_4742411817_3-2">
<gml:timePosition>2020-12-23</gml:timePosition>
</devDate>
<orgGILvl>25000</orgGILvl>
<vis>表示</vis>
<loc>
<gml:Curve gml:id="K5_4742411817_3-g" srsName="fguuid:jgd2011.bl">
<gml:segments>
<gml:LineStringSegment>
<gml:posList>
32.832963083 131.738295556
32.832965556 131.738288889
32.833004722 131.737900278
32.832979722 131.737592222
</gml:posList>
</gml:LineStringSegment>
</gml:segments>
</gml:Curve>
</loc>
<type>都道府県界</type>
</AdmBdry>
<AdmBdry gml:id="K5_4742411817_4">
<fid>47424-11817-i-19</fid>
<lfSpanFr gml:id="K5_4742411817_4-1">
<gml:timePosition>2016-08-23</gml:timePosition>
</lfSpanFr>
<devDate gml:id="K5_4742411817_4-2">
<gml:timePosition>2020-12-23</gml:timePosition>
</devDate>
<orgGILvl>25000</orgGILvl>
<vis>表示</vis>
<loc>
<gml:Curve gml:id="K5_4742411817_4-g" srsName="fguuid:jgd2011.bl">
<gml:segments>
<gml:LineStringSegment>
<gml:posList>
32.833333333 131.740639139
32.833010278 131.740443333
32.832825556 131.740273889
32.832674444 131.739899444
32.832707778 131.739355556
32.832752778 131.738861111
32.832963083 131.738295556
</gml:posList>
</gml:LineStringSegment>
</gml:segments>
</gml:Curve>
</loc>
<type>都道府県界</type>
</AdmBdry>
<AdmBdry gml:id="K5_4742711817_1">
<fid>47427-11817-i-1</fid>
<lfSpanFr gml:id="K5_4742711817_1-1">
<gml:timePosition>2013-12-10</gml:timePosition>
</lfSpanFr>
<devDate gml:id="K5_4742711817_1-2">
<gml:timePosition>2020-12-23</gml:timePosition>
</devDate>
<orgGILvl>25000</orgGILvl>
<vis>表示</vis>
<loc>
<gml:Curve gml:id="K5_4742711817_1-g" srsName="fguuid:jgd2011.bl">
<gml:segments>
<gml:LineStringSegment>
<gml:posList>
32.833254722 131.747577778
32.833100278 131.747361389
32.833035833 131.747001111
32.833002222 131.746612500
32.833002222 131.746340556
32.833063889 131.745906111
32.833111389 131.745503611
32.833105833 131.745199722
32.833066667 131.744571389
32.833333333 131.744202472
</gml:posList>
</gml:LineStringSegment>
</gml:segments>
</gml:Curve>
</loc>
<type>都道府県界</type>
</AdmBdry>
<AdmBdry gml:id="K5_4742711817_2">
<fid>47427-11817-i-2</fid>
<lfSpanFr gml:id="K5_4742711817_2-1">
<gml:timePosition>2013-12-10</gml:timePosition>
</lfSpanFr>
<devDate gml:id="K5_4742711817_2-2">
<gml:timePosition>2020-12-23</gml:timePosition>
</devDate>
<orgGILvl>25000</orgGILvl>
<vis>表示</vis>
<loc>
<gml:Curve gml:id="K5_4742711817_2-g" srsName="fguuid:jgd2011.bl">
<gml:segments>
<gml:LineStringSegment>
<gml:posList>
32.833333333 131.747741861
32.833254722 131.747577778
</gml:posList>
</gml:LineStringSegment>
</gml:segments>
</gml:Curve>
</loc>
<type>都道府県界</type>
</AdmBdry>
</Dataset>
