<?xml version="1.0" encoding="utf-8"?>
<Dataset xsi:schemaLocation="http://fgd.gsi.go.jp/spec/2008/FGD_GMLSchema FGD_GMLSchema.xsd"
	xmlns:gml="http://www.opengis.net/gml/3.2"
	xmlns:xsi="http://www.w3.org/2001/XMLSchema-instance"
	xmlns:xlink="http://www.w3.org/1999/xlink"
	xmlns="http://fgd.gsi.go.jp/spec/2008/FGD_GMLSchema"
	gml:id="Dataset1">
  <gml:description>基盤地図情報メタデータ ID=fmdid:21-0101</gml:description>
  <gml:name>基盤地図情報ダウンロードデータ（GML版）</gml:name>
<AdmPt gml:id="K6_4740311805_1">
<fid>47403-11805-i-11</fid>
<lfSpanFr gml:id="K6_4740311805_1-1">
<gml:timePosition>2016-08-23</gml:timePosition>
</lfSpanFr>
<devDate gml:id="K6_4740311805_1-2">
<gml:timePosition>2020-12-23</gml:timePosition>
</devDate>
<orgGILvl>25000</orgGILvl>
<vis>非表示</vis>
<pos>
<gml:Point gml:id="K6_4740311805_1-g" srsName="fguuid:jgd2011.bl">
<gml:pos>32.799937227 131.677264183</gml:pos>
</gml:Point>
</pos>
<type>郡市・東京都の区</type>
<name>佐伯市</name>
<admCode>44205</admCode>
</AdmPt>
<AdmPt gml:id="K6_4742411805_1">
<fid>47424-11805-i-46</fid>
<lfSpanFr gml:id="K6_4742411805_1-1">
<gml:timePosition>2020-11-25</gml:timePosition>
</lfSpanFr>
<devDate gml:id="K6_4742411805_1-2">
<gml:timePosition>2020-12-23</gml:timePosition>
</devDate>
<orgGILvl>25000</orgGILvl>
<vis>非表示</vis>
<pos>
<gml:Point gml:id="K6_4742411805_1-g" srsName="fguuid:jgd2011.bl">
<gml:pos>32.799995966 131.739776611</gml:pos>
</gml:Point>
</pos>
<type>郡市・東京都の区</type>
<name>延岡市</name>
<admCode>45203</admCode>
</AdmPt>
<AdmPt gml:id="K6_4742711817_1">
<fid>47427-11817-i-10</fid>
<lfSpanFr gml:id="K6_4742711817_1-1">
<gml:timePosition>2016-08-23</gml:timePosition>
</lfSpanFr>
<devDate gml:id="K6_4742711817_1-2">
<gml:timePosition>2020-12-23</gml:timePosition>
</devDate>
<orgGILvl>25000</orgGILvl>
<vis>非表示</vis>
<pos>
<gml:Point gml:id="K6_4742711817_1-g" srsName="fguuid:jgd2011.bl">
<gml:pos>32.833165951 131.745943751</gml:pos>
</gml:Point>
</pos>
<type>郡市・東京都の区</type>
<name>佐伯市</name>
<admCode>44205</admCode>
</AdmPt>
</Dataset>
