<?xml version="1.0" encoding="utf-8"?>
<Dataset xsi:schemaLocation="http://fgd.gsi.go.jp/spec/2008/FGD_GMLSchema FGD_GMLSchema.xsd"
	xmlns:gml="http://www.opengis.net/gml/3.2"
	xmlns:xsi="http://www.w3.org/2001/XMLSchema-instance"
	xmlns:xlink="http://www.w3.org/1999/xlink"
	xmlns="http://fgd.gsi.go.jp/spec/2008/FGD_GMLSchema"
	gml:id="Dataset1">
  <gml:description>基盤地図情報メタデータ ID=fmdid:21-0101</gml:description>
  <gml:name>基盤地図情報ダウンロードデータ（GML版）</gml:name>
<RailCL gml:id="K21_4740911793_1">
<fid>47409-11793-s-502</fid>
<lfSpanFr gml:id="K21_4740911793_1-1">
<gml:timePosition>2019-06-04</gml:timePosition>
</lfSpanFr>
<devDate gml:id="K21_4740911793_1-2">
<gml:timePosition>2020-12-23</gml:timePosition>
</devDate>
<orgGILvl>25000</orgGILvl>
<vis>非表示</vis>
<loc>
<gml:Curve gml:id="K21_4740911793_1-g" srsName="fguuid:jgd2011.bl">
<gml:segments>
<gml:LineStringSegment>
<gml:posList>
32.764722500 131.697156667
32.766666667 131.696806444
</gml:posList>
</gml:LineStringSegment>
</gml:segments>
</gml:Curve>
</loc>
<type>トンネル内の鉄道</type>
</RailCL>
<RailCL gml:id="K21_4740911793_2">
<fid>47409-11793-s-503</fid>
<lfSpanFr gml:id="K21_4740911793_2-1">
<gml:timePosition>2019-06-04</gml:timePosition>
</lfSpanFr>
<devDate gml:id="K21_4740911793_2-2">
<gml:timePosition>2020-12-23</gml:timePosition>
</devDate>
<orgGILvl>25000</orgGILvl>
<vis>非表示</vis>
<loc>
<gml:Curve gml:id="K21_4740911793_2-g" srsName="fguuid:jgd2011.bl">
<gml:segments>
<gml:LineStringSegment>
<gml:posList>
32.762195278 131.699364444
32.762752222 131.698460833
</gml:posList>
</gml:LineStringSegment>
</gml:segments>
</gml:Curve>
</loc>
<type>トンネル内の鉄道</type>
</RailCL>
<RailCL gml:id="K21_4740911793_3">
<fid>47409-11793-s-507</fid>
<lfSpanFr gml:id="K21_4740911793_3-1">
<gml:timePosition>2020-01-16</gml:timePosition>
</lfSpanFr>
<devDate gml:id="K21_4740911793_3-2">
<gml:timePosition>2020-12-23</gml:timePosition>
</devDate>
<orgGILvl>25000</orgGILvl>
<vis>表示</vis>
<loc>
<gml:Curve gml:id="K21_4740911793_3-g" srsName="fguuid:jgd2011.bl">
<gml:segments>
<gml:LineStringSegment>
<gml:posList>
32.762752222 131.698460833
32.762987269 131.698119588
32.763268034 131.697835699
32.763484236 131.697660143
32.763695256 131.697517491
32.764185216 131.697288757
32.764722500 131.697156667
</gml:posList>
</gml:LineStringSegment>
</gml:segments>
</gml:Curve>
</loc>
<type>普通鉄道</type>
</RailCL>
<RailCL gml:id="K21_4740911793_4">
<fid>47409-11793-s-508</fid>
<lfSpanFr gml:id="K21_4740911793_4-1">
<gml:timePosition>2020-01-16</gml:timePosition>
</lfSpanFr>
<devDate gml:id="K21_4740911793_4-2">
<gml:timePosition>2020-12-23</gml:timePosition>
</devDate>
<orgGILvl>25000</orgGILvl>
<vis>表示</vis>
<loc>
<gml:Curve gml:id="K21_4740911793_4-g" srsName="fguuid:jgd2011.bl">
<gml:segments>
<gml:LineStringSegment>
<gml:posList>
32.761446379 131.700000000
32.761628465 131.699888705
32.761829444 131.699731667
32.762020278 131.699552778
32.762195278 131.699364444
</gml:posList>
</gml:LineStringSegment>
</gml:segments>
</gml:Curve>
</loc>
<type>普通鉄道</type>
</RailCL>
<RailCL gml:id="K21_4740911796_1">
<fid>47409-11796-s-739</fid>
<lfSpanFr gml:id="K21_4740911796_1-1">
<gml:timePosition>2019-06-04</gml:timePosition>
</lfSpanFr>
<devDate gml:id="K21_4740911796_1-2">
<gml:timePosition>2020-12-23</gml:timePosition>
</devDate>
<orgGILvl>25000</orgGILvl>
<vis>表示</vis>
<loc>
<gml:Curve gml:id="K21_4740911796_1-g" srsName="fguuid:jgd2011.bl">
<gml:segments>
<gml:LineStringSegment>
<gml:posList>
32.774630833 131.695353333
32.774680833 131.695392222
32.774932778 131.695588611
32.775000000 131.695666528
</gml:posList>
</gml:LineStringSegment>
</gml:segments>
</gml:Curve>
</loc>
<type>普通鉄道</type>
</RailCL>
<RailCL gml:id="K21_4740911796_2">
<fid>47409-11796-s-744</fid>
<lfSpanFr gml:id="K21_4740911796_2-1">
<gml:timePosition>2020-01-16</gml:timePosition>
</lfSpanFr>
<devDate gml:id="K21_4740911796_2-2">
<gml:timePosition>2020-12-23</gml:timePosition>
</devDate>
<orgGILvl>25000</orgGILvl>
<vis>非表示</vis>
<loc>
<gml:Curve gml:id="K21_4740911796_2-g" srsName="fguuid:jgd2011.bl">
<gml:segments>
<gml:LineStringSegment>
<gml:posList>
32.768779917 131.696148131
32.769345181 131.695726587
32.769517096 131.695569600
32.769797544 131.695247140
32.770090012 131.694967359
</gml:posList>
</gml:LineStringSegment>
</gml:segments>
</gml:Curve>
</loc>
<type>トンネル内の鉄道</type>
</RailCL>
<RailCL gml:id="K21_4740911796_3">
<fid>47409-11796-s-745</fid>
<lfSpanFr gml:id="K21_4740911796_3-1">
<gml:timePosition>2020-01-16</gml:timePosition>
</lfSpanFr>
<devDate gml:id="K21_4740911796_3-2">
<gml:timePosition>2020-12-23</gml:timePosition>
</devDate>
<orgGILvl>25000</orgGILvl>
<vis>非表示</vis>
<loc>
<gml:Curve gml:id="K21_4740911796_3-g" srsName="fguuid:jgd2011.bl">
<gml:segments>
<gml:LineStringSegment>
<gml:posList>
32.766666667 131.696806444
32.766839420 131.696788222
</gml:posList>
</gml:LineStringSegment>
</gml:segments>
</gml:Curve>
</loc>
<type>トンネル内の鉄道</type>
</RailCL>
<RailCL gml:id="K21_4740911796_4">
<fid>47409-11796-s-746</fid>
<lfSpanFr gml:id="K21_4740911796_4-1">
<gml:timePosition>2020-01-16</gml:timePosition>
</lfSpanFr>
<devDate gml:id="K21_4740911796_4-2">
<gml:timePosition>2020-12-23</gml:timePosition>
</devDate>
<orgGILvl>25000</orgGILvl>
<vis>表示</vis>
<loc>
<gml:Curve gml:id="K21_4740911796_4-g" srsName="fguuid:jgd2011.bl">
<gml:segments>
<gml:LineStringSegment>
<gml:posList>
32.770090012 131.694967359
32.770302222 131.694779167
32.770504146 131.694676036
32.770695245 131.694591213
32.770993837 131.694506389
32.771264959 131.694445123
32.771940972 131.694412144
32.772581950 131.694445131
32.772984452 131.694468689
32.773408055 131.694581774
</gml:posList>
</gml:LineStringSegment>
</gml:segments>
</gml:Curve>
</loc>
<type>普通鉄道</type>
</RailCL>
<RailCL gml:id="K21_4740911796_5">
<fid>47409-11796-s-747</fid>
<lfSpanFr gml:id="K21_4740911796_5-1">
<gml:timePosition>2020-01-16</gml:timePosition>
</lfSpanFr>
<devDate gml:id="K21_4740911796_5-2">
<gml:timePosition>2020-12-23</gml:timePosition>
</devDate>
<orgGILvl>25000</orgGILvl>
<vis>表示</vis>
<loc>
<gml:Curve gml:id="K21_4740911796_5-g" srsName="fguuid:jgd2011.bl">
<gml:segments>
<gml:LineStringSegment>
<gml:posList>
32.766839420 131.696788222
32.767501944 131.696681111
32.767971636 131.696568889
32.768416347 131.696388691
32.768779917 131.696148131
</gml:posList>
</gml:LineStringSegment>
</gml:segments>
</gml:Curve>
</loc>
<type>普通鉄道</type>
</RailCL>
<RailCL gml:id="K21_4740911796_6">
<fid>47409-11796-s-748</fid>
<lfSpanFr gml:id="K21_4740911796_6-1">
<gml:timePosition>2020-01-16</gml:timePosition>
</lfSpanFr>
<devDate gml:id="K21_4740911796_6-2">
<gml:timePosition>2020-12-23</gml:timePosition>
</devDate>
<orgGILvl>25000</orgGILvl>
<vis>表示</vis>
<loc>
<gml:Curve gml:id="K21_4740911796_6-g" srsName="fguuid:jgd2011.bl">
<gml:segments>
<gml:LineStringSegment>
<gml:posList>
32.773408055 131.694581774
32.774057778 131.694938889
32.774630833 131.695353333
</gml:posList>
</gml:LineStringSegment>
</gml:segments>
</gml:Curve>
</loc>
<type>普通鉄道</type>
</RailCL>
<RailCL gml:id="K21_4740911799_1">
<fid>47409-11799-s-629</fid>
<lfSpanFr gml:id="K21_4740911799_1-1">
<gml:timePosition>2019-06-04</gml:timePosition>
</lfSpanFr>
<devDate gml:id="K21_4740911799_1-2">
<gml:timePosition>2020-12-23</gml:timePosition>
</devDate>
<orgGILvl>25000</orgGILvl>
<vis>表示</vis>
<loc>
<gml:Curve gml:id="K21_4740911799_1-g" srsName="fguuid:jgd2011.bl">
<gml:segments>
<gml:LineStringSegment>
<gml:posList>
32.775000000 131.695666528
32.775330833 131.696050000
32.775808056 131.696605556
32.776301389 131.697001111
32.777208611 131.697632222
32.777550833 131.697961667
32.777789167 131.698263056
32.777996111 131.698630000
32.778354167 131.699326667
32.778664472 131.700000000
</gml:posList>
</gml:LineStringSegment>
</gml:segments>
</gml:Curve>
</loc>
<type>普通鉄道</type>
</RailCL>
<RailCL gml:id="K21_4741211790_1">
<fid>47412-11790-s-634</fid>
<lfSpanFr gml:id="K21_4741211790_1-1">
<gml:timePosition>2020-01-16</gml:timePosition>
</lfSpanFr>
<devDate gml:id="K21_4741211790_1-2">
<gml:timePosition>2020-12-23</gml:timePosition>
</devDate>
<orgGILvl>25000</orgGILvl>
<vis>表示</vis>
<loc>
<gml:Curve gml:id="K21_4741211790_1-g" srsName="fguuid:jgd2011.bl">
<gml:segments>
<gml:LineStringSegment>
<gml:posList>
32.750000000 131.705542638
32.750067781 131.705534858
</gml:posList>
</gml:LineStringSegment>
</gml:segments>
</gml:Curve>
</loc>
<type>普通鉄道</type>
</RailCL>
<RailCL gml:id="K21_4741211790_2">
<fid>47412-11790-s-635</fid>
<lfSpanFr gml:id="K21_4741211790_2-1">
<gml:timePosition>2020-01-16</gml:timePosition>
</lfSpanFr>
<devDate gml:id="K21_4741211790_2-2">
<gml:timePosition>2020-12-23</gml:timePosition>
</devDate>
<orgGILvl>25000</orgGILvl>
<vis>表示</vis>
<loc>
<gml:Curve gml:id="K21_4741211790_2-g" srsName="fguuid:jgd2011.bl">
<gml:segments>
<gml:LineStringSegment>
<gml:posList>
32.750067781 131.705534858
32.750287021 131.705477908
32.752924722 131.704615278
32.753402222 131.704436111
32.753768896 131.704205610
32.754302341 131.703872690
32.754748611 131.703639444
32.755265556 131.703460278
32.755575833 131.703347500
32.756123229 131.703003468
32.756610278 131.702726111
32.757759138 131.702221327
</gml:posList>
</gml:LineStringSegment>
</gml:segments>
</gml:Curve>
</loc>
<type>普通鉄道</type>
</RailCL>
<RailCL gml:id="K21_4741211790_3">
<fid>47412-11790-s-636</fid>
<lfSpanFr gml:id="K21_4741211790_3-1">
<gml:timePosition>2020-01-16</gml:timePosition>
</lfSpanFr>
<devDate gml:id="K21_4741211790_3-2">
<gml:timePosition>2020-12-23</gml:timePosition>
</devDate>
<orgGILvl>25000</orgGILvl>
<vis>表示</vis>
<loc>
<gml:Curve gml:id="K21_4741211790_3-g" srsName="fguuid:jgd2011.bl">
<gml:segments>
<gml:LineStringSegment>
<gml:posList>
32.757866065 131.702174346
32.758333333 131.701979250
</gml:posList>
</gml:LineStringSegment>
</gml:segments>
</gml:Curve>
</loc>
<type>普通鉄道</type>
</RailCL>
<RailCL gml:id="K21_4741211790_4">
<fid>47412-11790-s-637</fid>
<lfSpanFr gml:id="K21_4741211790_4-1">
<gml:timePosition>2020-01-16</gml:timePosition>
</lfSpanFr>
<devDate gml:id="K21_4741211790_4-2">
<gml:timePosition>2020-12-23</gml:timePosition>
</devDate>
<orgGILvl>25000</orgGILvl>
<vis>表示</vis>
<loc>
<gml:Curve gml:id="K21_4741211790_4-g" srsName="fguuid:jgd2011.bl">
<gml:segments>
<gml:LineStringSegment>
<gml:posList>
32.757759138 131.702221327
32.757866065 131.702174346
</gml:posList>
</gml:LineStringSegment>
</gml:segments>
</gml:Curve>
</loc>
<type>普通鉄道</type>
</RailCL>
<RailCL gml:id="K21_4741211793_1">
<fid>47412-11793-s-461</fid>
<lfSpanFr gml:id="K21_4741211793_1-1">
<gml:timePosition>2020-01-16</gml:timePosition>
</lfSpanFr>
<devDate gml:id="K21_4741211793_1-2">
<gml:timePosition>2020-12-23</gml:timePosition>
</devDate>
<orgGILvl>25000</orgGILvl>
<vis>表示</vis>
<loc>
<gml:Curve gml:id="K21_4741211793_1-g" srsName="fguuid:jgd2011.bl">
<gml:segments>
<gml:LineStringSegment>
<gml:posList>
32.758333333 131.701979250
32.758392857 131.701954398
</gml:posList>
</gml:LineStringSegment>
</gml:segments>
</gml:Curve>
</loc>
<type>普通鉄道</type>
</RailCL>
<RailCL gml:id="K21_4741211793_2">
<fid>47412-11793-s-462</fid>
<lfSpanFr gml:id="K21_4741211793_2-1">
<gml:timePosition>2020-01-16</gml:timePosition>
</lfSpanFr>
<devDate gml:id="K21_4741211793_2-2">
<gml:timePosition>2020-12-23</gml:timePosition>
</devDate>
<orgGILvl>25000</orgGILvl>
<vis>表示</vis>
<loc>
<gml:Curve gml:id="K21_4741211793_2-g" srsName="fguuid:jgd2011.bl">
<gml:segments>
<gml:LineStringSegment>
<gml:posList>
32.761275689 131.700104329
32.761446379 131.700000000
</gml:posList>
</gml:LineStringSegment>
</gml:segments>
</gml:Curve>
</loc>
<type>普通鉄道</type>
</RailCL>
<RailCL gml:id="K21_4741211793_3">
<fid>47412-11793-s-463</fid>
<lfSpanFr gml:id="K21_4741211793_3-1">
<gml:timePosition>2020-01-16</gml:timePosition>
</lfSpanFr>
<devDate gml:id="K21_4741211793_3-2">
<gml:timePosition>2020-12-23</gml:timePosition>
</devDate>
<orgGILvl>25000</orgGILvl>
<vis>非表示</vis>
<loc>
<gml:Curve gml:id="K21_4741211793_3-g" srsName="fguuid:jgd2011.bl">
<gml:segments>
<gml:LineStringSegment>
<gml:posList>
32.758646480 131.701847287
32.759062423 131.701647593
32.759355053 131.701465940
32.759694096 131.701200563
32.760064089 131.700859914
</gml:posList>
</gml:LineStringSegment>
</gml:segments>
</gml:Curve>
</loc>
<type>トンネル内の鉄道</type>
</RailCL>
<RailCL gml:id="K21_4741211793_4">
<fid>47412-11793-s-464</fid>
<lfSpanFr gml:id="K21_4741211793_4-1">
<gml:timePosition>2020-01-16</gml:timePosition>
</lfSpanFr>
<devDate gml:id="K21_4741211793_4-2">
<gml:timePosition>2020-12-23</gml:timePosition>
</devDate>
<orgGILvl>25000</orgGILvl>
<vis>表示</vis>
<loc>
<gml:Curve gml:id="K21_4741211793_4-g" srsName="fguuid:jgd2011.bl">
<gml:segments>
<gml:LineStringSegment>
<gml:posList>
32.760064089 131.700859914
32.760346203 131.700621967
32.760769584 131.700358548
32.761275689 131.700104329
</gml:posList>
</gml:LineStringSegment>
</gml:segments>
</gml:Curve>
</loc>
<type>普通鉄道</type>
</RailCL>
<RailCL gml:id="K21_4741211793_5">
<fid>47412-11793-s-465</fid>
<lfSpanFr gml:id="K21_4741211793_5-1">
<gml:timePosition>2020-01-16</gml:timePosition>
</lfSpanFr>
<devDate gml:id="K21_4741211793_5-2">
<gml:timePosition>2020-12-23</gml:timePosition>
</devDate>
<orgGILvl>25000</orgGILvl>
<vis>表示</vis>
<loc>
<gml:Curve gml:id="K21_4741211793_5-g" srsName="fguuid:jgd2011.bl">
<gml:segments>
<gml:LineStringSegment>
<gml:posList>
32.758532551 131.701896071
32.758646480 131.701847287
</gml:posList>
</gml:LineStringSegment>
</gml:segments>
</gml:Curve>
</loc>
<type>普通鉄道</type>
</RailCL>
<RailCL gml:id="K21_4741211793_6">
<fid>47412-11793-s-466</fid>
<lfSpanFr gml:id="K21_4741211793_6-1">
<gml:timePosition>2020-01-16</gml:timePosition>
</lfSpanFr>
<devDate gml:id="K21_4741211793_6-2">
<gml:timePosition>2020-12-23</gml:timePosition>
</devDate>
<orgGILvl>25000</orgGILvl>
<vis>表示</vis>
<loc>
<gml:Curve gml:id="K21_4741211793_6-g" srsName="fguuid:jgd2011.bl">
<gml:segments>
<gml:LineStringSegment>
<gml:posList>
32.758392857 131.701954398
32.758532551 131.701896071
</gml:posList>
</gml:LineStringSegment>
</gml:segments>
</gml:Curve>
</loc>
<type>普通鉄道</type>
</RailCL>
<RailCL gml:id="K21_4741211799_1">
<fid>47412-11799-s-548</fid>
<lfSpanFr gml:id="K21_4741211799_1-1">
<gml:timePosition>2020-01-16</gml:timePosition>
</lfSpanFr>
<devDate gml:id="K21_4741211799_1-2">
<gml:timePosition>2020-12-23</gml:timePosition>
</devDate>
<orgGILvl>25000</orgGILvl>
<vis>非表示</vis>
<loc>
<gml:Curve gml:id="K21_4741211799_1-g" srsName="fguuid:jgd2011.bl">
<gml:segments>
<gml:LineStringSegment>
<gml:posList>
32.780843700 131.704110337
32.781409722 131.704844444
32.781662884 131.705195615
32.781974478 131.705525220
</gml:posList>
</gml:LineStringSegment>
</gml:segments>
</gml:Curve>
</loc>
<type>トンネル内の鉄道</type>
</RailCL>
<RailCL gml:id="K21_4741211799_2">
<fid>47412-11799-s-549</fid>
<lfSpanFr gml:id="K21_4741211799_2-1">
<gml:timePosition>2020-01-16</gml:timePosition>
</lfSpanFr>
<devDate gml:id="K21_4741211799_2-2">
<gml:timePosition>2020-12-23</gml:timePosition>
</devDate>
<orgGILvl>25000</orgGILvl>
<vis>非表示</vis>
<loc>
<gml:Curve gml:id="K21_4741211799_2-g" srsName="fguuid:jgd2011.bl">
<gml:segments>
<gml:LineStringSegment>
<gml:posList>
32.779374948 131.701854536
32.779769796 131.702528868
32.780135722 131.703124659
</gml:posList>
</gml:LineStringSegment>
</gml:segments>
</gml:Curve>
</loc>
<type>トンネル内の鉄道</type>
</RailCL>
<RailCL gml:id="K21_4741211799_3">
<fid>47412-11799-s-550</fid>
<lfSpanFr gml:id="K21_4741211799_3-1">
<gml:timePosition>2020-01-16</gml:timePosition>
</lfSpanFr>
<devDate gml:id="K21_4741211799_3-2">
<gml:timePosition>2020-12-23</gml:timePosition>
</devDate>
<orgGILvl>25000</orgGILvl>
<vis>非表示</vis>
<loc>
<gml:Curve gml:id="K21_4741211799_3-g" srsName="fguuid:jgd2011.bl">
<gml:segments>
<gml:LineStringSegment>
<gml:posList>
32.778891195 131.700569603
32.779070354 131.701140960
32.779203025 131.701478779
</gml:posList>
</gml:LineStringSegment>
</gml:segments>
</gml:Curve>
</loc>
<type>トンネル内の鉄道</type>
</RailCL>
<RailCL gml:id="K21_4741211799_4">
<fid>47412-11799-s-551</fid>
<lfSpanFr gml:id="K21_4741211799_4-1">
<gml:timePosition>2020-01-16</gml:timePosition>
</lfSpanFr>
<devDate gml:id="K21_4741211799_4-2">
<gml:timePosition>2020-12-23</gml:timePosition>
</devDate>
<orgGILvl>25000</orgGILvl>
<vis>表示</vis>
<loc>
<gml:Curve gml:id="K21_4741211799_4-g" srsName="fguuid:jgd2011.bl">
<gml:segments>
<gml:LineStringSegment>
<gml:posList>
32.781974478 131.705525220
32.782512209 131.706014863
32.782852081 131.706261938
32.783128714 131.706429643
32.783333333 131.706536267
</gml:posList>
</gml:LineStringSegment>
</gml:segments>
</gml:Curve>
</loc>
<type>普通鉄道</type>
</RailCL>
<RailCL gml:id="K21_4741211799_5">
<fid>47412-11799-s-552</fid>
<lfSpanFr gml:id="K21_4741211799_5-1">
<gml:timePosition>2020-01-16</gml:timePosition>
</lfSpanFr>
<devDate gml:id="K21_4741211799_5-2">
<gml:timePosition>2020-12-23</gml:timePosition>
</devDate>
<orgGILvl>25000</orgGILvl>
<vis>表示</vis>
<loc>
<gml:Curve gml:id="K21_4741211799_5-g" srsName="fguuid:jgd2011.bl">
<gml:segments>
<gml:LineStringSegment>
<gml:posList>
32.779203025 131.701478779
32.779374948 131.701854536
</gml:posList>
</gml:LineStringSegment>
</gml:segments>
</gml:Curve>
</loc>
<type>普通鉄道</type>
</RailCL>
<RailCL gml:id="K21_4741211799_6">
<fid>47412-11799-s-553</fid>
<lfSpanFr gml:id="K21_4741211799_6-1">
<gml:timePosition>2020-01-16</gml:timePosition>
</lfSpanFr>
<devDate gml:id="K21_4741211799_6-2">
<gml:timePosition>2020-12-23</gml:timePosition>
</devDate>
<orgGILvl>25000</orgGILvl>
<vis>表示</vis>
<loc>
<gml:Curve gml:id="K21_4741211799_6-g" srsName="fguuid:jgd2011.bl">
<gml:segments>
<gml:LineStringSegment>
<gml:posList>
32.780135722 131.703124659
32.780403401 131.703539151
32.780843700 131.704110337
</gml:posList>
</gml:LineStringSegment>
</gml:segments>
</gml:Curve>
</loc>
<type>普通鉄道</type>
</RailCL>
<RailCL gml:id="K21_4741211799_7">
<fid>47412-11799-s-554</fid>
<lfSpanFr gml:id="K21_4741211799_7-1">
<gml:timePosition>2020-01-16</gml:timePosition>
</lfSpanFr>
<devDate gml:id="K21_4741211799_7-2">
<gml:timePosition>2020-12-23</gml:timePosition>
</devDate>
<orgGILvl>25000</orgGILvl>
<vis>表示</vis>
<loc>
<gml:Curve gml:id="K21_4741211799_7-g" srsName="fguuid:jgd2011.bl">
<gml:segments>
<gml:LineStringSegment>
<gml:posList>
32.778664472 131.700000000
32.778891195 131.700569603
</gml:posList>
</gml:LineStringSegment>
</gml:segments>
</gml:Curve>
</loc>
<type>普通鉄道</type>
</RailCL>
<RailCL gml:id="K21_4741211802_1">
<fid>47412-11802-s-628</fid>
<lfSpanFr gml:id="K21_4741211802_1-1">
<gml:timePosition>2020-01-16</gml:timePosition>
</lfSpanFr>
<devDate gml:id="K21_4741211802_1-2">
<gml:timePosition>2020-12-23</gml:timePosition>
</devDate>
<orgGILvl>25000</orgGILvl>
<vis>表示</vis>
<loc>
<gml:Curve gml:id="K21_4741211802_1-g" srsName="fguuid:jgd2011.bl">
<gml:segments>
<gml:LineStringSegment>
<gml:posList>
32.783333333 131.706536267
32.783408468 131.706575419
</gml:posList>
</gml:LineStringSegment>
</gml:segments>
</gml:Curve>
</loc>
<type>普通鉄道</type>
</RailCL>
<RailCL gml:id="K21_4741211802_2">
<fid>47412-11802-s-629</fid>
<lfSpanFr gml:id="K21_4741211802_2-1">
<gml:timePosition>2020-01-16</gml:timePosition>
</lfSpanFr>
<devDate gml:id="K21_4741211802_2-2">
<gml:timePosition>2020-12-23</gml:timePosition>
</devDate>
<orgGILvl>25000</orgGILvl>
<vis>非表示</vis>
<loc>
<gml:Curve gml:id="K21_4741211802_2-g" srsName="fguuid:jgd2011.bl">
<gml:segments>
<gml:LineStringSegment>
<gml:posList>
32.789825173 131.707324385
32.790275176 131.707531848
32.790663647 131.707745059
</gml:posList>
</gml:LineStringSegment>
</gml:segments>
</gml:Curve>
</loc>
<type>トンネル内の鉄道</type>
</RailCL>
<RailCL gml:id="K21_4741211802_3">
<fid>47412-11802-s-630</fid>
<lfSpanFr gml:id="K21_4741211802_3-1">
<gml:timePosition>2020-01-16</gml:timePosition>
</lfSpanFr>
<devDate gml:id="K21_4741211802_3-2">
<gml:timePosition>2020-12-23</gml:timePosition>
</devDate>
<orgGILvl>25000</orgGILvl>
<vis>非表示</vis>
<loc>
<gml:Curve gml:id="K21_4741211802_3-g" srsName="fguuid:jgd2011.bl">
<gml:segments>
<gml:LineStringSegment>
<gml:posList>
32.783408468 131.706575419
32.783724524 131.706712104
32.783936196 131.706775811
</gml:posList>
</gml:LineStringSegment>
</gml:segments>
</gml:Curve>
</loc>
<type>トンネル内の鉄道</type>
</RailCL>
<RailCL gml:id="K21_4741211802_4">
<fid>47412-11802-s-631</fid>
<lfSpanFr gml:id="K21_4741211802_4-1">
<gml:timePosition>2020-01-16</gml:timePosition>
</lfSpanFr>
<devDate gml:id="K21_4741211802_4-2">
<gml:timePosition>2020-12-23</gml:timePosition>
</devDate>
<orgGILvl>25000</orgGILvl>
<vis>表示</vis>
<loc>
<gml:Curve gml:id="K21_4741211802_4-g" srsName="fguuid:jgd2011.bl">
<gml:segments>
<gml:LineStringSegment>
<gml:posList>
32.790663647 131.707745059
32.790991168 131.707978166
32.791272926 131.708198651
32.791418559 131.708332186
32.791419604 131.708333333
</gml:posList>
</gml:LineStringSegment>
</gml:segments>
</gml:Curve>
</loc>
<type>普通鉄道</type>
</RailCL>
<RailCL gml:id="K21_4741211802_5">
<fid>47412-11802-s-632</fid>
<lfSpanFr gml:id="K21_4741211802_5-1">
<gml:timePosition>2020-01-16</gml:timePosition>
</lfSpanFr>
<devDate gml:id="K21_4741211802_5-2">
<gml:timePosition>2020-12-23</gml:timePosition>
</devDate>
<orgGILvl>25000</orgGILvl>
<vis>表示</vis>
<loc>
<gml:Curve gml:id="K21_4741211802_5-g" srsName="fguuid:jgd2011.bl">
<gml:segments>
<gml:LineStringSegment>
<gml:posList>
32.786693345 131.706784712
32.787598001 131.706743874
32.788086052 131.706755538
32.788372100 131.706803487
32.788573004 131.706877107
</gml:posList>
</gml:LineStringSegment>
</gml:segments>
</gml:Curve>
</loc>
<type>普通鉄道</type>
</RailCL>
<RailCL gml:id="K21_4741211802_6">
<fid>47412-11802-s-633</fid>
<lfSpanFr gml:id="K21_4741211802_6-1">
<gml:timePosition>2020-01-16</gml:timePosition>
</lfSpanFr>
<devDate gml:id="K21_4741211802_6-2">
<gml:timePosition>2020-12-23</gml:timePosition>
</devDate>
<orgGILvl>25000</orgGILvl>
<vis>表示</vis>
<loc>
<gml:Curve gml:id="K21_4741211802_6-g" srsName="fguuid:jgd2011.bl">
<gml:segments>
<gml:LineStringSegment>
<gml:posList>
32.783936196 131.706775811
32.784510494 131.706908705
32.785193802 131.706984633
32.785551880 131.706969077
32.785985408 131.706889640
</gml:posList>
</gml:LineStringSegment>
</gml:segments>
</gml:Curve>
</loc>
<type>普通鉄道</type>
</RailCL>
<RailCL gml:id="K21_4741211802_7">
<fid>47412-11802-s-634</fid>
<lfSpanFr gml:id="K21_4741211802_7-1">
<gml:timePosition>2020-01-16</gml:timePosition>
</lfSpanFr>
<devDate gml:id="K21_4741211802_7-2">
<gml:timePosition>2020-12-23</gml:timePosition>
</devDate>
<orgGILvl>25000</orgGILvl>
<vis>表示</vis>
<loc>
<gml:Curve gml:id="K21_4741211802_7-g" srsName="fguuid:jgd2011.bl">
<gml:segments>
<gml:LineStringSegment>
<gml:posList>
32.785985408 131.706889640
32.786693345 131.706784712
</gml:posList>
</gml:LineStringSegment>
</gml:segments>
</gml:Curve>
</loc>
<type>普通鉄道</type>
</RailCL>
<RailCL gml:id="K21_4741211802_8">
<fid>47412-11802-s-635</fid>
<lfSpanFr gml:id="K21_4741211802_8-1">
<gml:timePosition>2020-01-16</gml:timePosition>
</lfSpanFr>
<devDate gml:id="K21_4741211802_8-2">
<gml:timePosition>2020-12-23</gml:timePosition>
</devDate>
<orgGILvl>25000</orgGILvl>
<vis>表示</vis>
<loc>
<gml:Curve gml:id="K21_4741211802_8-g" srsName="fguuid:jgd2011.bl">
<gml:segments>
<gml:LineStringSegment>
<gml:posList>
32.789324190 131.707138937
32.789825173 131.707324385
</gml:posList>
</gml:LineStringSegment>
</gml:segments>
</gml:Curve>
</loc>
<type>普通鉄道</type>
</RailCL>
<RailCL gml:id="K21_4741211802_9">
<fid>47412-11802-s-636</fid>
<lfSpanFr gml:id="K21_4741211802_9-1">
<gml:timePosition>2020-01-16</gml:timePosition>
</lfSpanFr>
<devDate gml:id="K21_4741211802_9-2">
<gml:timePosition>2020-12-23</gml:timePosition>
</devDate>
<orgGILvl>25000</orgGILvl>
<vis>表示</vis>
<loc>
<gml:Curve gml:id="K21_4741211802_9-g" srsName="fguuid:jgd2011.bl">
<gml:segments>
<gml:LineStringSegment>
<gml:posList>
32.788573004 131.706877107
32.788884849 131.706981751
32.789324190 131.707138937
</gml:posList>
</gml:LineStringSegment>
</gml:segments>
</gml:Curve>
</loc>
<type>普通鉄道</type>
</RailCL>
<RailCL gml:id="K21_4741511802_1">
<fid>47415-11802-s-463</fid>
<lfSpanFr gml:id="K21_4741511802_1-1">
<gml:timePosition>2020-01-16</gml:timePosition>
</lfSpanFr>
<devDate gml:id="K21_4741511802_1-2">
<gml:timePosition>2020-12-23</gml:timePosition>
</devDate>
<orgGILvl>25000</orgGILvl>
<vis>表示</vis>
<loc>
<gml:Curve gml:id="K21_4741511802_1-g" srsName="fguuid:jgd2011.bl">
<gml:segments>
<gml:LineStringSegment>
<gml:posList>
32.791419604 131.708333333
32.791666667 131.708615056
</gml:posList>
</gml:LineStringSegment>
</gml:segments>
</gml:Curve>
</loc>
<type>普通鉄道</type>
</RailCL>
<RailCL gml:id="K21_4741511805_1">
<fid>47415-11805-s-645</fid>
<lfSpanFr gml:id="K21_4741511805_1-1">
<gml:timePosition>2020-01-16</gml:timePosition>
</lfSpanFr>
<devDate gml:id="K21_4741511805_1-2">
<gml:timePosition>2020-12-23</gml:timePosition>
</devDate>
<orgGILvl>25000</orgGILvl>
<vis>非表示</vis>
<loc>
<gml:Curve gml:id="K21_4741511805_1-g" srsName="fguuid:jgd2011.bl">
<gml:segments>
<gml:LineStringSegment>
<gml:posList>
32.794028593 131.714231861
32.794300291 131.714683186
32.794574367 131.715080230
32.794959266 131.715543032
</gml:posList>
</gml:LineStringSegment>
</gml:segments>
</gml:Curve>
</loc>
<type>トンネル内の鉄道</type>
</RailCL>
<RailCL gml:id="K21_4741511805_2">
<fid>47415-11805-s-646</fid>
<lfSpanFr gml:id="K21_4741511805_2-1">
<gml:timePosition>2020-01-16</gml:timePosition>
</lfSpanFr>
<devDate gml:id="K21_4741511805_2-2">
<gml:timePosition>2020-12-23</gml:timePosition>
</devDate>
<orgGILvl>25000</orgGILvl>
<vis>非表示</vis>
<loc>
<gml:Curve gml:id="K21_4741511805_2-g" srsName="fguuid:jgd2011.bl">
<gml:segments>
<gml:LineStringSegment>
<gml:posList>
32.793325983 131.712013807
32.793740332 131.713549782
32.793785229 131.713693917
</gml:posList>
</gml:LineStringSegment>
</gml:segments>
</gml:Curve>
</loc>
<type>トンネル内の鉄道</type>
</RailCL>
<RailCL gml:id="K21_4741511805_3">
<fid>47415-11805-s-647</fid>
<lfSpanFr gml:id="K21_4741511805_3-1">
<gml:timePosition>2020-01-16</gml:timePosition>
</lfSpanFr>
<devDate gml:id="K21_4741511805_3-2">
<gml:timePosition>2020-12-23</gml:timePosition>
</devDate>
<orgGILvl>25000</orgGILvl>
<vis>非表示</vis>
<loc>
<gml:Curve gml:id="K21_4741511805_3-g" srsName="fguuid:jgd2011.bl">
<gml:segments>
<gml:LineStringSegment>
<gml:posList>
32.791995136 131.709119751
32.792551563 131.710140350
</gml:posList>
</gml:LineStringSegment>
</gml:segments>
</gml:Curve>
</loc>
<type>トンネル内の鉄道</type>
</RailCL>
<RailCL gml:id="K21_4741511805_4">
<fid>47415-11805-s-648</fid>
<lfSpanFr gml:id="K21_4741511805_4-1">
<gml:timePosition>2020-01-16</gml:timePosition>
</lfSpanFr>
<devDate gml:id="K21_4741511805_4-2">
<gml:timePosition>2020-12-23</gml:timePosition>
</devDate>
<orgGILvl>25000</orgGILvl>
<vis>表示</vis>
<loc>
<gml:Curve gml:id="K21_4741511805_4-g" srsName="fguuid:jgd2011.bl">
<gml:segments>
<gml:LineStringSegment>
<gml:posList>
32.794959266 131.715543032
32.795210131 131.715791874
32.795508611 131.716030000
32.796010000 131.716369167
32.796432406 131.716650273
</gml:posList>
</gml:LineStringSegment>
</gml:segments>
</gml:Curve>
</loc>
<type>普通鉄道</type>
</RailCL>
<RailCL gml:id="K21_4741511805_5">
<fid>47415-11805-s-649</fid>
<lfSpanFr gml:id="K21_4741511805_5-1">
<gml:timePosition>2020-01-16</gml:timePosition>
</lfSpanFr>
<devDate gml:id="K21_4741511805_5-2">
<gml:timePosition>2020-12-23</gml:timePosition>
</devDate>
<orgGILvl>25000</orgGILvl>
<vis>表示</vis>
<loc>
<gml:Curve gml:id="K21_4741511805_5-g" srsName="fguuid:jgd2011.bl">
<gml:segments>
<gml:LineStringSegment>
<gml:posList>
32.792551563 131.710140350
32.792769837 131.710552690
32.793037853 131.711084062
32.793144159 131.711368279
32.793325983 131.712013807
</gml:posList>
</gml:LineStringSegment>
</gml:segments>
</gml:Curve>
</loc>
<type>普通鉄道</type>
</RailCL>
<RailCL gml:id="K21_4741511805_6">
<fid>47415-11805-s-650</fid>
<lfSpanFr gml:id="K21_4741511805_6-1">
<gml:timePosition>2020-01-16</gml:timePosition>
</lfSpanFr>
<devDate gml:id="K21_4741511805_6-2">
<gml:timePosition>2020-12-23</gml:timePosition>
</devDate>
<orgGILvl>25000</orgGILvl>
<vis>表示</vis>
<loc>
<gml:Curve gml:id="K21_4741511805_6-g" srsName="fguuid:jgd2011.bl">
<gml:segments>
<gml:LineStringSegment>
<gml:posList>
32.791666667 131.708615056
32.791739873 131.708708192
32.791995136 131.709119751
</gml:posList>
</gml:LineStringSegment>
</gml:segments>
</gml:Curve>
</loc>
<type>普通鉄道</type>
</RailCL>
<RailCL gml:id="K21_4741511805_7">
<fid>47415-11805-s-651</fid>
<lfSpanFr gml:id="K21_4741511805_7-1">
<gml:timePosition>2020-01-16</gml:timePosition>
</lfSpanFr>
<devDate gml:id="K21_4741511805_7-2">
<gml:timePosition>2020-12-23</gml:timePosition>
</devDate>
<orgGILvl>25000</orgGILvl>
<vis>非表示</vis>
<loc>
<gml:Curve gml:id="K21_4741511805_7-g" srsName="fguuid:jgd2011.bl">
<gml:segments>
<gml:LineStringSegment>
<gml:posList>
32.796432406 131.716650273
32.796463699 131.716666667
</gml:posList>
</gml:LineStringSegment>
</gml:segments>
</gml:Curve>
</loc>
<type>トンネル内の鉄道</type>
</RailCL>
<RailCL gml:id="K21_4741511805_8">
<fid>47415-11805-s-652</fid>
<lfSpanFr gml:id="K21_4741511805_8-1">
<gml:timePosition>2020-01-16</gml:timePosition>
</lfSpanFr>
<devDate gml:id="K21_4741511805_8-2">
<gml:timePosition>2020-12-23</gml:timePosition>
</devDate>
<orgGILvl>25000</orgGILvl>
<vis>表示</vis>
<loc>
<gml:Curve gml:id="K21_4741511805_8-g" srsName="fguuid:jgd2011.bl">
<gml:segments>
<gml:LineStringSegment>
<gml:posList>
32.793785229 131.713693917
32.794028593 131.714231861
</gml:posList>
</gml:LineStringSegment>
</gml:segments>
</gml:Curve>
</loc>
<type>普通鉄道</type>
</RailCL>
<RailCL gml:id="K21_4741511811_1">
<fid>47415-11811-s-667</fid>
<lfSpanFr gml:id="K21_4741511811_1-1">
<gml:timePosition>2020-01-16</gml:timePosition>
</lfSpanFr>
<devDate gml:id="K21_4741511811_1-2">
<gml:timePosition>2020-12-23</gml:timePosition>
</devDate>
<orgGILvl>25000</orgGILvl>
<vis>非表示</vis>
<loc>
<gml:Curve gml:id="K21_4741511811_1-g" srsName="fguuid:jgd2011.bl">
<gml:segments>
<gml:LineStringSegment>
<gml:posList>
32.812358028 131.716331996
32.813360061 131.716028050
</gml:posList>
</gml:LineStringSegment>
</gml:segments>
</gml:Curve>
</loc>
<type>トンネル内の鉄道</type>
</RailCL>
<RailCL gml:id="K21_4741511811_2">
<fid>47415-11811-s-668</fid>
<lfSpanFr gml:id="K21_4741511811_2-1">
<gml:timePosition>2020-01-16</gml:timePosition>
</lfSpanFr>
<devDate gml:id="K21_4741511811_2-2">
<gml:timePosition>2020-12-23</gml:timePosition>
</devDate>
<orgGILvl>25000</orgGILvl>
<vis>非表示</vis>
<loc>
<gml:Curve gml:id="K21_4741511811_2-g" srsName="fguuid:jgd2011.bl">
<gml:segments>
<gml:LineStringSegment>
<gml:posList>
32.814205829 131.716010034
32.814539023 131.716076971
32.814949120 131.716200477
32.815280625 131.716322768
32.815753233 131.716559408
</gml:posList>
</gml:LineStringSegment>
</gml:segments>
</gml:Curve>
</loc>
<type>トンネル内の鉄道</type>
</RailCL>
<RailCL gml:id="K21_4741511811_3">
<fid>47415-11811-s-669</fid>
<lfSpanFr gml:id="K21_4741511811_3-1">
<gml:timePosition>2020-01-16</gml:timePosition>
</lfSpanFr>
<devDate gml:id="K21_4741511811_3-2">
<gml:timePosition>2020-12-23</gml:timePosition>
</devDate>
<orgGILvl>25000</orgGILvl>
<vis>表示</vis>
<loc>
<gml:Curve gml:id="K21_4741511811_3-g" srsName="fguuid:jgd2011.bl">
<gml:segments>
<gml:LineStringSegment>
<gml:posList>
32.813360061 131.716028050
32.813597240 131.715992035
32.813908491 131.715987121
32.814205829 131.716010034
</gml:posList>
</gml:LineStringSegment>
</gml:segments>
</gml:Curve>
</loc>
<type>普通鉄道</type>
</RailCL>
<RailCL gml:id="K21_4741511811_4">
<fid>47415-11811-s-670</fid>
<lfSpanFr gml:id="K21_4741511811_4-1">
<gml:timePosition>2020-01-16</gml:timePosition>
</lfSpanFr>
<devDate gml:id="K21_4741511811_4-2">
<gml:timePosition>2020-12-23</gml:timePosition>
</devDate>
<orgGILvl>25000</orgGILvl>
<vis>表示</vis>
<loc>
<gml:Curve gml:id="K21_4741511811_4-g" srsName="fguuid:jgd2011.bl">
<gml:segments>
<gml:LineStringSegment>
<gml:posList>
32.809581722 131.716666667
32.809679167 131.716641667
32.810355556 131.716566389
32.810825000 131.716547500
32.811526885 131.716530043
32.811784394 131.716493646
32.811989814 131.716445898
32.812358028 131.716331996
</gml:posList>
</gml:LineStringSegment>
</gml:segments>
</gml:Curve>
</loc>
<type>普通鉄道</type>
</RailCL>
<RailCL gml:id="K21_4741511811_5">
<fid>47415-11811-s-671</fid>
<lfSpanFr gml:id="K21_4741511811_5-1">
<gml:timePosition>2020-01-16</gml:timePosition>
</lfSpanFr>
<devDate gml:id="K21_4741511811_5-2">
<gml:timePosition>2020-12-23</gml:timePosition>
</devDate>
<orgGILvl>25000</orgGILvl>
<vis>非表示</vis>
<loc>
<gml:Curve gml:id="K21_4741511811_5-g" srsName="fguuid:jgd2011.bl">
<gml:segments>
<gml:LineStringSegment>
<gml:posList>
32.815753233 131.716559408
32.815913570 131.716666667
</gml:posList>
</gml:LineStringSegment>
</gml:segments>
</gml:Curve>
</loc>
<type>トンネル内の鉄道</type>
</RailCL>
<RailCL gml:id="K21_4741511814_1">
<fid>47415-11814-s-1046</fid>
<lfSpanFr gml:id="K21_4741511814_1-1">
<gml:timePosition>2020-06-30</gml:timePosition>
</lfSpanFr>
<devDate gml:id="K21_4741511814_1-2">
<gml:timePosition>2020-12-23</gml:timePosition>
</devDate>
<orgGILvl>25000</orgGILvl>
<vis>非表示</vis>
<loc>
<gml:Curve gml:id="K21_4741511814_1-g" srsName="fguuid:jgd2011.bl">
<gml:segments>
<gml:LineStringSegment>
<gml:posList>
32.820482600 131.716232091
32.821318701 131.715541828
32.821761971 131.715272799
32.822008226 131.715171575
</gml:posList>
</gml:LineStringSegment>
</gml:segments>
</gml:Curve>
</loc>
<type>トンネル内の鉄道</type>
</RailCL>
<RailCL gml:id="K21_4741511814_2">
<fid>47415-11814-s-1047</fid>
<lfSpanFr gml:id="K21_4741511814_2-1">
<gml:timePosition>2020-06-30</gml:timePosition>
</lfSpanFr>
<devDate gml:id="K21_4741511814_2-2">
<gml:timePosition>2020-12-23</gml:timePosition>
</devDate>
<orgGILvl>25000</orgGILvl>
<vis>表示</vis>
<loc>
<gml:Curve gml:id="K21_4741511814_2-g" srsName="fguuid:jgd2011.bl">
<gml:segments>
<gml:LineStringSegment>
<gml:posList>
32.822008226 131.715171575
32.822845476 131.714838588
32.823546766 131.714587775
32.823858317 131.714530953
32.824214117 131.714521618
32.824656541 131.714585809
32.824967124 131.714668711
</gml:posList>
</gml:LineStringSegment>
</gml:segments>
</gml:Curve>
</loc>
<type>普通鉄道</type>
</RailCL>
<RailCL gml:id="K21_4741511814_3">
<fid>47415-11814-s-1048</fid>
<lfSpanFr gml:id="K21_4741511814_3-1">
<gml:timePosition>2020-06-30</gml:timePosition>
</lfSpanFr>
<devDate gml:id="K21_4741511814_3-2">
<gml:timePosition>2020-12-23</gml:timePosition>
</devDate>
<orgGILvl>25000</orgGILvl>
<vis>表示</vis>
<loc>
<gml:Curve gml:id="K21_4741511814_3-g" srsName="fguuid:jgd2011.bl">
<gml:segments>
<gml:LineStringSegment>
<gml:posList>
32.819984482 131.716666667
32.820482600 131.716232091
</gml:posList>
</gml:LineStringSegment>
</gml:segments>
</gml:Curve>
</loc>
<type>普通鉄道</type>
</RailCL>
<RailCL gml:id="K21_4741511814_4">
<fid>47415-11814-s-1049</fid>
<lfSpanFr gml:id="K21_4741511814_4-1">
<gml:timePosition>2020-06-30</gml:timePosition>
</lfSpanFr>
<devDate gml:id="K21_4741511814_4-2">
<gml:timePosition>2020-12-23</gml:timePosition>
</devDate>
<orgGILvl>25000</orgGILvl>
<vis>非表示</vis>
<loc>
<gml:Curve gml:id="K21_4741511814_4-g" srsName="fguuid:jgd2011.bl">
<gml:segments>
<gml:LineStringSegment>
<gml:posList>
32.824967124 131.714668711
32.825000000 131.714676993
</gml:posList>
</gml:LineStringSegment>
</gml:segments>
</gml:Curve>
</loc>
<type>トンネル内の鉄道</type>
</RailCL>
<RailCL gml:id="K21_4741511817_1">
<fid>47415-11817-s-551</fid>
<lfSpanFr gml:id="K21_4741511817_1-1">
<gml:timePosition>2020-01-16</gml:timePosition>
</lfSpanFr>
<devDate gml:id="K21_4741511817_1-2">
<gml:timePosition>2020-12-23</gml:timePosition>
</devDate>
<orgGILvl>25000</orgGILvl>
<vis>非表示</vis>
<loc>
<gml:Curve gml:id="K21_4741511817_1-g" srsName="fguuid:jgd2011.bl">
<gml:segments>
<gml:LineStringSegment>
<gml:posList>
32.832068352 131.715242936
32.833048258 131.715421694
</gml:posList>
</gml:LineStringSegment>
</gml:segments>
</gml:Curve>
</loc>
<type>トンネル内の鉄道</type>
</RailCL>
<RailCL gml:id="K21_4741511817_2">
<fid>47415-11817-s-552</fid>
<lfSpanFr gml:id="K21_4741511817_2-1">
<gml:timePosition>2020-01-16</gml:timePosition>
</lfSpanFr>
<devDate gml:id="K21_4741511817_2-2">
<gml:timePosition>2020-12-23</gml:timePosition>
</devDate>
<orgGILvl>25000</orgGILvl>
<vis>非表示</vis>
<loc>
<gml:Curve gml:id="K21_4741511817_2-g" srsName="fguuid:jgd2011.bl">
<gml:segments>
<gml:LineStringSegment>
<gml:posList>
32.829622399 131.715208279
32.830531708 131.715074698
</gml:posList>
</gml:LineStringSegment>
</gml:segments>
</gml:Curve>
</loc>
<type>トンネル内の鉄道</type>
</RailCL>
<RailCL gml:id="K21_4741511817_3">
<fid>47415-11817-s-553</fid>
<lfSpanFr gml:id="K21_4741511817_3-1">
<gml:timePosition>2020-01-16</gml:timePosition>
</lfSpanFr>
<devDate gml:id="K21_4741511817_3-2">
<gml:timePosition>2020-12-23</gml:timePosition>
</devDate>
<orgGILvl>25000</orgGILvl>
<vis>非表示</vis>
<loc>
<gml:Curve gml:id="K21_4741511817_3-g" srsName="fguuid:jgd2011.bl">
<gml:segments>
<gml:LineStringSegment>
<gml:posList>
32.825000000 131.714676993
32.825430971 131.714785562
32.825879923 131.714943409
32.826329296 131.715130959
32.826698416 131.715243974
32.827089384 131.715330749
32.827304708 131.715352780
</gml:posList>
</gml:LineStringSegment>
</gml:segments>
</gml:Curve>
</loc>
<type>トンネル内の鉄道</type>
</RailCL>
<RailCL gml:id="K21_4741511817_4">
<fid>47415-11817-s-554</fid>
<lfSpanFr gml:id="K21_4741511817_4-1">
<gml:timePosition>2020-01-16</gml:timePosition>
</lfSpanFr>
<devDate gml:id="K21_4741511817_4-2">
<gml:timePosition>2020-12-23</gml:timePosition>
</devDate>
<orgGILvl>25000</orgGILvl>
<vis>表示</vis>
<loc>
<gml:Curve gml:id="K21_4741511817_4-g" srsName="fguuid:jgd2011.bl">
<gml:segments>
<gml:LineStringSegment>
<gml:posList>
32.833048258 131.715421694
32.833333154 131.715472060
</gml:posList>
</gml:LineStringSegment>
</gml:segments>
</gml:Curve>
</loc>
<type>普通鉄道</type>
</RailCL>
<RailCL gml:id="K21_4741511817_5">
<fid>47415-11817-s-555</fid>
<lfSpanFr gml:id="K21_4741511817_5-1">
<gml:timePosition>2020-01-16</gml:timePosition>
</lfSpanFr>
<devDate gml:id="K21_4741511817_5-2">
<gml:timePosition>2020-12-23</gml:timePosition>
</devDate>
<orgGILvl>25000</orgGILvl>
<vis>表示</vis>
<loc>
<gml:Curve gml:id="K21_4741511817_5-g" srsName="fguuid:jgd2011.bl">
<gml:segments>
<gml:LineStringSegment>
<gml:posList>
32.830531708 131.715074698
32.830937196 131.715068599
32.831397630 131.715129304
32.832068352 131.715242936
</gml:posList>
</gml:LineStringSegment>
</gml:segments>
</gml:Curve>
</loc>
<type>普通鉄道</type>
</RailCL>
<RailCL gml:id="K21_4741511817_6">
<fid>47415-11817-s-556</fid>
<lfSpanFr gml:id="K21_4741511817_6-1">
<gml:timePosition>2020-01-16</gml:timePosition>
</lfSpanFr>
<devDate gml:id="K21_4741511817_6-2">
<gml:timePosition>2020-12-23</gml:timePosition>
</devDate>
<orgGILvl>25000</orgGILvl>
<vis>表示</vis>
<loc>
<gml:Curve gml:id="K21_4741511817_6-g" srsName="fguuid:jgd2011.bl">
<gml:segments>
<gml:LineStringSegment>
<gml:posList>
32.827885691 131.715403055
32.828320623 131.715392504
32.828809643 131.715335602
32.829622399 131.715208279
</gml:posList>
</gml:LineStringSegment>
</gml:segments>
</gml:Curve>
</loc>
<type>普通鉄道</type>
</RailCL>
<RailCL gml:id="K21_4741511817_7">
<fid>47415-11817-s-557</fid>
<lfSpanFr gml:id="K21_4741511817_7-1">
<gml:timePosition>2020-01-16</gml:timePosition>
</lfSpanFr>
<devDate gml:id="K21_4741511817_7-2">
<gml:timePosition>2020-12-23</gml:timePosition>
</devDate>
<orgGILvl>25000</orgGILvl>
<vis>表示</vis>
<loc>
<gml:Curve gml:id="K21_4741511817_7-g" srsName="fguuid:jgd2011.bl">
<gml:segments>
<gml:LineStringSegment>
<gml:posList>
32.827304708 131.715352780
32.827573053 131.715385695
32.827885691 131.715403055
</gml:posList>
</gml:LineStringSegment>
</gml:segments>
</gml:Curve>
</loc>
<type>普通鉄道</type>
</RailCL>
<RailCL gml:id="K21_4741511817_8">
<fid>47415-11817-s-558</fid>
<lfSpanFr gml:id="K21_4741511817_8-1">
<gml:timePosition>2020-01-16</gml:timePosition>
</lfSpanFr>
<devDate gml:id="K21_4741511817_8-2">
<gml:timePosition>2020-12-23</gml:timePosition>
</devDate>
<orgGILvl>25000</orgGILvl>
<vis>表示</vis>
<loc>
<gml:Curve gml:id="K21_4741511817_8-g" srsName="fguuid:jgd2011.bl">
<gml:segments>
<gml:LineStringSegment>
<gml:posList>
32.833333154 131.715472060
32.833333333 131.715472092
</gml:posList>
</gml:LineStringSegment>
</gml:segments>
</gml:Curve>
</loc>
<type>普通鉄道</type>
</RailCL>
<RailCL gml:id="K21_4741811805_1">
<fid>47418-11805-s-369</fid>
<lfSpanFr gml:id="K21_4741811805_1-1">
<gml:timePosition>2020-01-16</gml:timePosition>
</lfSpanFr>
<devDate gml:id="K21_4741811805_1-2">
<gml:timePosition>2020-12-23</gml:timePosition>
</devDate>
<orgGILvl>25000</orgGILvl>
<vis>非表示</vis>
<loc>
<gml:Curve gml:id="K21_4741811805_1-g" srsName="fguuid:jgd2011.bl">
<gml:segments>
<gml:LineStringSegment>
<gml:posList>
32.796463699 131.716666667
32.796904650 131.716897671
</gml:posList>
</gml:LineStringSegment>
</gml:segments>
</gml:Curve>
</loc>
<type>トンネル内の鉄道</type>
</RailCL>
<RailCL gml:id="K21_4741811805_2">
<fid>47418-11805-s-370</fid>
<lfSpanFr gml:id="K21_4741811805_2-1">
<gml:timePosition>2020-01-16</gml:timePosition>
</lfSpanFr>
<devDate gml:id="K21_4741811805_2-2">
<gml:timePosition>2020-12-23</gml:timePosition>
</devDate>
<orgGILvl>25000</orgGILvl>
<vis>表示</vis>
<loc>
<gml:Curve gml:id="K21_4741811805_2-g" srsName="fguuid:jgd2011.bl">
<gml:segments>
<gml:LineStringSegment>
<gml:posList>
32.796904650 131.716897671
32.797152351 131.717016853
32.797409000 131.717087971
32.797871667 131.717159722
32.798585181 131.717206040
32.798933297 131.717230285
32.799216389 131.717301111
32.799503056 131.717404722
32.799942743 131.717687664
</gml:posList>
</gml:LineStringSegment>
</gml:segments>
</gml:Curve>
</loc>
<type>普通鉄道</type>
</RailCL>
<RailCL gml:id="K21_4741811805_3">
<fid>47418-11805-s-371</fid>
<lfSpanFr gml:id="K21_4741811805_3-1">
<gml:timePosition>2020-01-16</gml:timePosition>
</lfSpanFr>
<devDate gml:id="K21_4741811805_3-2">
<gml:timePosition>2020-12-23</gml:timePosition>
</devDate>
<orgGILvl>25000</orgGILvl>
<vis>表示</vis>
<loc>
<gml:Curve gml:id="K21_4741811805_3-g" srsName="fguuid:jgd2011.bl">
<gml:segments>
<gml:LineStringSegment>
<gml:posList>
32.799942743 131.717687664
32.800000000 131.717733963
</gml:posList>
</gml:LineStringSegment>
</gml:segments>
</gml:Curve>
</loc>
<type>普通鉄道</type>
</RailCL>
<RailCL gml:id="K21_4741811808_1">
<fid>47418-11808-s-509</fid>
<lfSpanFr gml:id="K21_4741811808_1-1">
<gml:timePosition>2020-01-16</gml:timePosition>
</lfSpanFr>
<devDate gml:id="K21_4741811808_1-2">
<gml:timePosition>2020-12-23</gml:timePosition>
</devDate>
<orgGILvl>25000</orgGILvl>
<vis>非表示</vis>
<loc>
<gml:Curve gml:id="K21_4741811808_1-g" srsName="fguuid:jgd2011.bl">
<gml:segments>
<gml:LineStringSegment>
<gml:posList>
32.803548074 131.718171157
32.804326777 131.717720690
32.804641463 131.717570676
</gml:posList>
</gml:LineStringSegment>
</gml:segments>
</gml:Curve>
</loc>
<type>トンネル内の鉄道</type>
</RailCL>
<RailCL gml:id="K21_4741811808_2">
<fid>47418-11808-s-510</fid>
<lfSpanFr gml:id="K21_4741811808_2-1">
<gml:timePosition>2020-01-16</gml:timePosition>
</lfSpanFr>
<devDate gml:id="K21_4741811808_2-2">
<gml:timePosition>2020-12-23</gml:timePosition>
</devDate>
<orgGILvl>25000</orgGILvl>
<vis>非表示</vis>
<loc>
<gml:Curve gml:id="K21_4741811808_2-g" srsName="fguuid:jgd2011.bl">
<gml:segments>
<gml:LineStringSegment>
<gml:posList>
32.802512031 131.718660615
32.802807197 131.718575928
</gml:posList>
</gml:LineStringSegment>
</gml:segments>
</gml:Curve>
</loc>
<type>トンネル内の鉄道</type>
</RailCL>
<RailCL gml:id="K21_4741811808_3">
<fid>47418-11808-s-511</fid>
<lfSpanFr gml:id="K21_4741811808_3-1">
<gml:timePosition>2020-01-16</gml:timePosition>
</lfSpanFr>
<devDate gml:id="K21_4741811808_3-2">
<gml:timePosition>2020-12-23</gml:timePosition>
</devDate>
<orgGILvl>25000</orgGILvl>
<vis>非表示</vis>
<loc>
<gml:Curve gml:id="K21_4741811808_3-g" srsName="fguuid:jgd2011.bl">
<gml:segments>
<gml:LineStringSegment>
<gml:posList>
32.806399072 131.717646244
32.806819729 131.717665803
32.807087781 131.717648304
32.807422761 131.717588581
32.807690087 131.717504903
32.807903355 131.717417816
32.808181303 131.717263557
</gml:posList>
</gml:LineStringSegment>
</gml:segments>
</gml:Curve>
</loc>
<type>トンネル内の鉄道</type>
</RailCL>
<RailCL gml:id="K21_4741811808_4">
<fid>47418-11808-s-512</fid>
<lfSpanFr gml:id="K21_4741811808_4-1">
<gml:timePosition>2020-01-16</gml:timePosition>
</lfSpanFr>
<devDate gml:id="K21_4741811808_4-2">
<gml:timePosition>2020-12-23</gml:timePosition>
</devDate>
<orgGILvl>25000</orgGILvl>
<vis>表示</vis>
<loc>
<gml:Curve gml:id="K21_4741811808_4-g" srsName="fguuid:jgd2011.bl">
<gml:segments>
<gml:LineStringSegment>
<gml:posList>
32.808181303 131.717263557
32.808333333 131.717188137
</gml:posList>
</gml:LineStringSegment>
</gml:segments>
</gml:Curve>
</loc>
<type>普通鉄道</type>
</RailCL>
<RailCL gml:id="K21_4741811808_5">
<fid>47418-11808-s-513</fid>
<lfSpanFr gml:id="K21_4741811808_5-1">
<gml:timePosition>2020-01-16</gml:timePosition>
</lfSpanFr>
<devDate gml:id="K21_4741811808_5-2">
<gml:timePosition>2020-12-23</gml:timePosition>
</devDate>
<orgGILvl>25000</orgGILvl>
<vis>表示</vis>
<loc>
<gml:Curve gml:id="K21_4741811808_5-g" srsName="fguuid:jgd2011.bl">
<gml:segments>
<gml:LineStringSegment>
<gml:posList>
32.804641463 131.717570676
32.805079710 131.717499772
32.805441235 131.717494503
32.805762034 131.717534138
32.806399072 131.717646244
</gml:posList>
</gml:LineStringSegment>
</gml:segments>
</gml:Curve>
</loc>
<type>普通鉄道</type>
</RailCL>
<RailCL gml:id="K21_4741811808_6">
<fid>47418-11808-s-514</fid>
<lfSpanFr gml:id="K21_4741811808_6-1">
<gml:timePosition>2020-01-16</gml:timePosition>
</lfSpanFr>
<devDate gml:id="K21_4741811808_6-2">
<gml:timePosition>2020-12-23</gml:timePosition>
</devDate>
<orgGILvl>25000</orgGILvl>
<vis>表示</vis>
<loc>
<gml:Curve gml:id="K21_4741811808_6-g" srsName="fguuid:jgd2011.bl">
<gml:segments>
<gml:LineStringSegment>
<gml:posList>
32.802807197 131.718575928
32.803035517 131.718474954
32.803192315 131.718400037
32.803548074 131.718171157
</gml:posList>
</gml:LineStringSegment>
</gml:segments>
</gml:Curve>
</loc>
<type>普通鉄道</type>
</RailCL>
<RailCL gml:id="K21_4741811808_7">
<fid>47418-11808-s-515</fid>
<lfSpanFr gml:id="K21_4741811808_7-1">
<gml:timePosition>2020-01-16</gml:timePosition>
</lfSpanFr>
<devDate gml:id="K21_4741811808_7-2">
<gml:timePosition>2020-12-23</gml:timePosition>
</devDate>
<orgGILvl>25000</orgGILvl>
<vis>表示</vis>
<loc>
<gml:Curve gml:id="K21_4741811808_7-g" srsName="fguuid:jgd2011.bl">
<gml:segments>
<gml:LineStringSegment>
<gml:posList>
32.800000000 131.717733963
32.800619454 131.718234862
32.801069123 131.718510645
32.801454605 131.718654100
32.801876585 131.718709473
32.802203936 131.718706216
32.802512031 131.718660615
</gml:posList>
</gml:LineStringSegment>
</gml:segments>
</gml:Curve>
</loc>
<type>普通鉄道</type>
</RailCL>
<RailCL gml:id="K21_4741811811_1">
<fid>47418-11811-s-313</fid>
<lfSpanFr gml:id="K21_4741811811_1-1">
<gml:timePosition>2020-01-16</gml:timePosition>
</lfSpanFr>
<devDate gml:id="K21_4741811811_1-2">
<gml:timePosition>2020-12-23</gml:timePosition>
</devDate>
<orgGILvl>25000</orgGILvl>
<vis>表示</vis>
<loc>
<gml:Curve gml:id="K21_4741811811_1-g" srsName="fguuid:jgd2011.bl">
<gml:segments>
<gml:LineStringSegment>
<gml:posList>
32.808333333 131.717188137
32.808350233 131.717179754
</gml:posList>
</gml:LineStringSegment>
</gml:segments>
</gml:Curve>
</loc>
<type>普通鉄道</type>
</RailCL>
<RailCL gml:id="K21_4741811811_2">
<fid>47418-11811-s-314</fid>
<lfSpanFr gml:id="K21_4741811811_2-1">
<gml:timePosition>2020-01-16</gml:timePosition>
</lfSpanFr>
<devDate gml:id="K21_4741811811_2-2">
<gml:timePosition>2020-12-23</gml:timePosition>
</devDate>
<orgGILvl>25000</orgGILvl>
<vis>非表示</vis>
<loc>
<gml:Curve gml:id="K21_4741811811_2-g" srsName="fguuid:jgd2011.bl">
<gml:segments>
<gml:LineStringSegment>
<gml:posList>
32.815913570 131.716666667
32.816199350 131.716857841
32.816638569 131.717193989
</gml:posList>
</gml:LineStringSegment>
</gml:segments>
</gml:Curve>
</loc>
<type>トンネル内の鉄道</type>
</RailCL>
<RailCL gml:id="K21_4741811811_3">
<fid>47418-11811-s-315</fid>
<lfSpanFr gml:id="K21_4741811811_3-1">
<gml:timePosition>2020-01-16</gml:timePosition>
</lfSpanFr>
<devDate gml:id="K21_4741811811_3-2">
<gml:timePosition>2020-12-23</gml:timePosition>
</devDate>
<orgGILvl>25000</orgGILvl>
<vis>表示</vis>
<loc>
<gml:Curve gml:id="K21_4741811811_3-g" srsName="fguuid:jgd2011.bl">
<gml:segments>
<gml:LineStringSegment>
<gml:posList>
32.808350233 131.717179754
32.809201667 131.716764167
32.809581722 131.716666667
</gml:posList>
</gml:LineStringSegment>
</gml:segments>
</gml:Curve>
</loc>
<type>普通鉄道</type>
</RailCL>
<RailCL gml:id="K21_4741811811_4">
<fid>47418-11811-s-316</fid>
<lfSpanFr gml:id="K21_4741811811_4-1">
<gml:timePosition>2020-01-16</gml:timePosition>
</lfSpanFr>
<devDate gml:id="K21_4741811811_4-2">
<gml:timePosition>2020-12-23</gml:timePosition>
</devDate>
<orgGILvl>25000</orgGILvl>
<vis>非表示</vis>
<loc>
<gml:Curve gml:id="K21_4741811811_4-g" srsName="fguuid:jgd2011.bl">
<gml:segments>
<gml:LineStringSegment>
<gml:posList>
32.816638569 131.717193989
32.816666667 131.717209203
</gml:posList>
</gml:LineStringSegment>
</gml:segments>
</gml:Curve>
</loc>
<type>トンネル内の鉄道</type>
</RailCL>
<RailCL gml:id="K21_4741811814_1">
<fid>47418-11814-s-303</fid>
<lfSpanFr gml:id="K21_4741811814_1-1">
<gml:timePosition>2020-01-16</gml:timePosition>
</lfSpanFr>
<devDate gml:id="K21_4741811814_1-2">
<gml:timePosition>2020-12-23</gml:timePosition>
</devDate>
<orgGILvl>25000</orgGILvl>
<vis>表示</vis>
<loc>
<gml:Curve gml:id="K21_4741811814_1-g" srsName="fguuid:jgd2011.bl">
<gml:segments>
<gml:LineStringSegment>
<gml:posList>
32.819802290 131.716825617
32.819984482 131.716666667
</gml:posList>
</gml:LineStringSegment>
</gml:segments>
</gml:Curve>
</loc>
<type>普通鉄道</type>
</RailCL>
<RailCL gml:id="K21_4741811814_2">
<fid>47418-11814-s-304</fid>
<lfSpanFr gml:id="K21_4741811814_2-1">
<gml:timePosition>2020-01-16</gml:timePosition>
</lfSpanFr>
<devDate gml:id="K21_4741811814_2-2">
<gml:timePosition>2020-12-23</gml:timePosition>
</devDate>
<orgGILvl>25000</orgGILvl>
<vis>非表示</vis>
<loc>
<gml:Curve gml:id="K21_4741811814_2-g" srsName="fguuid:jgd2011.bl">
<gml:segments>
<gml:LineStringSegment>
<gml:posList>
32.816666667 131.717209203
32.816936486 131.717355303
</gml:posList>
</gml:LineStringSegment>
</gml:segments>
</gml:Curve>
</loc>
<type>トンネル内の鉄道</type>
</RailCL>
<RailCL gml:id="K21_4741811814_3">
<fid>47418-11814-s-305</fid>
<lfSpanFr gml:id="K21_4741811814_3-1">
<gml:timePosition>2020-01-16</gml:timePosition>
</lfSpanFr>
<devDate gml:id="K21_4741811814_3-2">
<gml:timePosition>2020-12-23</gml:timePosition>
</devDate>
<orgGILvl>25000</orgGILvl>
<vis>表示</vis>
<loc>
<gml:Curve gml:id="K21_4741811814_3-g" srsName="fguuid:jgd2011.bl">
<gml:segments>
<gml:LineStringSegment>
<gml:posList>
32.816936486 131.717355303
32.817456902 131.717525629
32.817778594 131.717582365
32.818122102 131.717594483
32.818555289 131.717535090
32.818949288 131.717406263
32.819192151 131.717288111
32.819511067 131.717068049
32.819802290 131.716825617
</gml:posList>
</gml:LineStringSegment>
</gml:segments>
</gml:Curve>
</loc>
<type>普通鉄道</type>
</RailCL>
</Dataset>
