<?xml version="1.0" encoding="utf-8"?>
<Dataset xsi:schemaLocation="http://fgd.gsi.go.jp/spec/2008/FGD_GMLSchema FGD_GMLSchema.xsd"
	xmlns:gml="http://www.opengis.net/gml/3.2"
	xmlns:xsi="http://www.w3.org/2001/XMLSchema-instance"
	xmlns:xlink="http://www.w3.org/1999/xlink"
	xmlns="http://fgd.gsi.go.jp/spec/2008/FGD_GMLSchema"
	gml:id="Dataset1">
  <gml:description>基盤地図情報メタデータ ID=fmdid:21-0101</gml:description>
  <gml:name>基盤地図情報ダウンロードデータ（GML版）</gml:name>
<ElevPt gml:id="K2_4738511790_1">
<fid>47385-11790-i-91</fid>
<lfSpanFr gml:id="K2_4738511790_1-1">
<gml:timePosition>2020-11-25</gml:timePosition>
</lfSpanFr>
<devDate gml:id="K2_4738511790_1-2">
<gml:timePosition>2020-12-23</gml:timePosition>
</devDate>
<orgGILvl>25000</orgGILvl>
<vis>表示</vis>
<pos>
<gml:Point gml:id="K2_4738511790_1-g" srsName="fguuid:jgd2011.bl">
<gml:pos>32.757254167 131.628686944</gml:pos>
</gml:Point>
</pos>
<type>標高点（測点）</type>
<alti>54</alti>
</ElevPt>
<ElevPt gml:id="K2_4738511796_1">
<fid>47385-11796-i-8</fid>
<lfSpanFr gml:id="K2_4738511796_1-1">
<gml:timePosition>2013-12-10</gml:timePosition>
</lfSpanFr>
<devDate gml:id="K2_4738511796_1-2">
<gml:timePosition>2020-12-23</gml:timePosition>
</devDate>
<orgGILvl>25000</orgGILvl>
<vis>表示</vis>
<pos>
<gml:Point gml:id="K2_4738511796_1-g" srsName="fguuid:jgd2011.bl">
<gml:pos>32.773000556 131.628140278</gml:pos>
</gml:Point>
</pos>
<type>標高点（測点）</type>
<alti>365</alti>
</ElevPt>
<ElevPt gml:id="K2_4738511805_1">
<fid>47385-11805-i-2</fid>
<lfSpanFr gml:id="K2_4738511805_1-1">
<gml:timePosition>2013-12-10</gml:timePosition>
</lfSpanFr>
<devDate gml:id="K2_4738511805_1-2">
<gml:timePosition>2020-12-23</gml:timePosition>
</devDate>
<orgGILvl>25000</orgGILvl>
<vis>表示</vis>
<pos>
<gml:Point gml:id="K2_4738511805_1-g" srsName="fguuid:jgd2011.bl">
<gml:pos>32.797758333 131.629766111</gml:pos>
</gml:Point>
</pos>
<type>標高点（測点）</type>
<alti>425</alti>
</ElevPt>
<ElevPt gml:id="K2_4738511808_1">
<fid>47385-11808-i-2</fid>
<lfSpanFr gml:id="K2_4738511808_1-1">
<gml:timePosition>2013-12-10</gml:timePosition>
</lfSpanFr>
<devDate gml:id="K2_4738511808_1-2">
<gml:timePosition>2020-12-23</gml:timePosition>
</devDate>
<orgGILvl>25000</orgGILvl>
<vis>表示</vis>
<pos>
<gml:Point gml:id="K2_4738511808_1-g" srsName="fguuid:jgd2011.bl">
<gml:pos>32.806293056 131.625875833</gml:pos>
</gml:Point>
</pos>
<type>標高点（測点）</type>
<alti>381</alti>
</ElevPt>
<ElevPt gml:id="K2_4738511811_1">
<fid>47385-11811-i-5</fid>
<lfSpanFr gml:id="K2_4738511811_1-1">
<gml:timePosition>2013-12-10</gml:timePosition>
</lfSpanFr>
<devDate gml:id="K2_4738511811_1-2">
<gml:timePosition>2020-12-23</gml:timePosition>
</devDate>
<orgGILvl>25000</orgGILvl>
<vis>表示</vis>
<pos>
<gml:Point gml:id="K2_4738511811_1-g" srsName="fguuid:jgd2011.bl">
<gml:pos>32.813296667 131.627175833</gml:pos>
</gml:Point>
</pos>
<type>標高点（測点）</type>
<alti>203</alti>
</ElevPt>
<ElevPt gml:id="K2_4738511817_1">
<fid>47385-11817-i-163</fid>
<lfSpanFr gml:id="K2_4738511817_1-1">
<gml:timePosition>2020-11-25</gml:timePosition>
</lfSpanFr>
<devDate gml:id="K2_4738511817_1-2">
<gml:timePosition>2020-12-23</gml:timePosition>
</devDate>
<orgGILvl>25000</orgGILvl>
<vis>表示</vis>
<pos>
<gml:Point gml:id="K2_4738511817_1-g" srsName="fguuid:jgd2011.bl">
<gml:pos>32.828913333 131.625854167</gml:pos>
</gml:Point>
</pos>
<type>標高点（測点）</type>
<alti>211</alti>
</ElevPt>
<ElevPt gml:id="K2_4738811790_1">
<fid>47388-11790-i-10</fid>
<lfSpanFr gml:id="K2_4738811790_1-1">
<gml:timePosition>2013-12-10</gml:timePosition>
</lfSpanFr>
<devDate gml:id="K2_4738811790_1-2">
<gml:timePosition>2020-12-23</gml:timePosition>
</devDate>
<orgGILvl>25000</orgGILvl>
<vis>表示</vis>
<pos>
<gml:Point gml:id="K2_4738811790_1-g" srsName="fguuid:jgd2011.bl">
<gml:pos>32.750956389 131.638008889</gml:pos>
</gml:Point>
</pos>
<type>標高点（測点）</type>
<alti>296</alti>
</ElevPt>
<ElevPt gml:id="K2_4738811793_1">
<fid>47388-11793-i-49</fid>
<lfSpanFr gml:id="K2_4738811793_1-1">
<gml:timePosition>2020-11-25</gml:timePosition>
</lfSpanFr>
<devDate gml:id="K2_4738811793_1-2">
<gml:timePosition>2020-12-23</gml:timePosition>
</devDate>
<orgGILvl>25000</orgGILvl>
<vis>表示</vis>
<pos>
<gml:Point gml:id="K2_4738811793_1-g" srsName="fguuid:jgd2011.bl">
<gml:pos>32.759779444 131.638173889</gml:pos>
</gml:Point>
</pos>
<type>標高点（測点）</type>
<alti>409</alti>
</ElevPt>
<ElevPt gml:id="K2_4738811796_1">
<fid>47388-11796-i-9</fid>
<lfSpanFr gml:id="K2_4738811796_1-1">
<gml:timePosition>2013-12-10</gml:timePosition>
</lfSpanFr>
<devDate gml:id="K2_4738811796_1-2">
<gml:timePosition>2020-12-23</gml:timePosition>
</devDate>
<orgGILvl>25000</orgGILvl>
<vis>表示</vis>
<pos>
<gml:Point gml:id="K2_4738811796_1-g" srsName="fguuid:jgd2011.bl">
<gml:pos>32.766926667 131.637615000</gml:pos>
</gml:Point>
</pos>
<type>標高点（測点）</type>
<alti>542</alti>
</ElevPt>
<ElevPt gml:id="K2_4738811799_1">
<fid>47388-11799-i-79</fid>
<lfSpanFr gml:id="K2_4738811799_1-1">
<gml:timePosition>2020-11-25</gml:timePosition>
</lfSpanFr>
<devDate gml:id="K2_4738811799_1-2">
<gml:timePosition>2020-12-23</gml:timePosition>
</devDate>
<orgGILvl>25000</orgGILvl>
<vis>表示</vis>
<pos>
<gml:Point gml:id="K2_4738811799_1-g" srsName="fguuid:jgd2011.bl">
<gml:pos>32.776142778 131.634653333</gml:pos>
</gml:Point>
</pos>
<type>標高点（測点）</type>
<alti>462</alti>
</ElevPt>
<ElevPt gml:id="K2_4738811802_1">
<fid>47388-11802-i-3</fid>
<lfSpanFr gml:id="K2_4738811802_1-1">
<gml:timePosition>2013-12-10</gml:timePosition>
</lfSpanFr>
<devDate gml:id="K2_4738811802_1-2">
<gml:timePosition>2020-12-23</gml:timePosition>
</devDate>
<orgGILvl>25000</orgGILvl>
<vis>表示</vis>
<pos>
<gml:Point gml:id="K2_4738811802_1-g" srsName="fguuid:jgd2011.bl">
<gml:pos>32.787777222 131.640930278</gml:pos>
</gml:Point>
</pos>
<type>標高点（測点）</type>
<alti>553</alti>
</ElevPt>
<ElevPt gml:id="K2_4738811805_1">
<fid>47388-11805-i-7</fid>
<lfSpanFr gml:id="K2_4738811805_1-1">
<gml:timePosition>2013-12-10</gml:timePosition>
</lfSpanFr>
<devDate gml:id="K2_4738811805_1-2">
<gml:timePosition>2020-12-23</gml:timePosition>
</devDate>
<orgGILvl>25000</orgGILvl>
<vis>表示</vis>
<pos>
<gml:Point gml:id="K2_4738811805_1-g" srsName="fguuid:jgd2011.bl">
<gml:pos>32.793127778 131.633614444</gml:pos>
</gml:Point>
</pos>
<type>標高点（測点）</type>
<alti>425</alti>
</ElevPt>
<ElevPt gml:id="K2_4738811805_2">
<fid>47388-11805-i-8</fid>
<lfSpanFr gml:id="K2_4738811805_2-1">
<gml:timePosition>2013-12-10</gml:timePosition>
</lfSpanFr>
<devDate gml:id="K2_4738811805_2-2">
<gml:timePosition>2020-12-23</gml:timePosition>
</devDate>
<orgGILvl>25000</orgGILvl>
<vis>表示</vis>
<pos>
<gml:Point gml:id="K2_4738811805_2-g" srsName="fguuid:jgd2011.bl">
<gml:pos>32.797273056 131.639967222</gml:pos>
</gml:Point>
</pos>
<type>標高点（測点）</type>
<alti>406</alti>
</ElevPt>
<ElevPt gml:id="K2_4738811808_1">
<fid>47388-11808-i-6</fid>
<lfSpanFr gml:id="K2_4738811808_1-1">
<gml:timePosition>2013-12-10</gml:timePosition>
</lfSpanFr>
<devDate gml:id="K2_4738811808_1-2">
<gml:timePosition>2020-12-23</gml:timePosition>
</devDate>
<orgGILvl>25000</orgGILvl>
<vis>表示</vis>
<pos>
<gml:Point gml:id="K2_4738811808_1-g" srsName="fguuid:jgd2011.bl">
<gml:pos>32.807479167 131.638730833</gml:pos>
</gml:Point>
</pos>
<type>標高点（測点）</type>
<alti>343</alti>
</ElevPt>
<ElevPt gml:id="K2_4738811811_1">
<fid>47388-11811-i-4</fid>
<lfSpanFr gml:id="K2_4738811811_1-1">
<gml:timePosition>2013-12-10</gml:timePosition>
</lfSpanFr>
<devDate gml:id="K2_4738811811_1-2">
<gml:timePosition>2020-12-23</gml:timePosition>
</devDate>
<orgGILvl>25000</orgGILvl>
<vis>表示</vis>
<pos>
<gml:Point gml:id="K2_4738811811_1-g" srsName="fguuid:jgd2011.bl">
<gml:pos>32.815423611 131.636119722</gml:pos>
</gml:Point>
</pos>
<type>標高点（測点）</type>
<alti>318</alti>
</ElevPt>
<ElevPt gml:id="K2_4738811817_1">
<fid>47388-11817-i-7</fid>
<lfSpanFr gml:id="K2_4738811817_1-1">
<gml:timePosition>2013-12-10</gml:timePosition>
</lfSpanFr>
<devDate gml:id="K2_4738811817_1-2">
<gml:timePosition>2020-12-23</gml:timePosition>
</devDate>
<orgGILvl>25000</orgGILvl>
<vis>表示</vis>
<pos>
<gml:Point gml:id="K2_4738811817_1-g" srsName="fguuid:jgd2011.bl">
<gml:pos>32.832845833 131.635158889</gml:pos>
</gml:Point>
</pos>
<type>標高点（測点）</type>
<alti>358</alti>
</ElevPt>
<ElevPt gml:id="K2_4738811817_2">
<fid>47388-11817-i-8</fid>
<lfSpanFr gml:id="K2_4738811817_2-1">
<gml:timePosition>2013-12-10</gml:timePosition>
</lfSpanFr>
<devDate gml:id="K2_4738811817_2-2">
<gml:timePosition>2020-12-23</gml:timePosition>
</devDate>
<orgGILvl>25000</orgGILvl>
<vis>表示</vis>
<pos>
<gml:Point gml:id="K2_4738811817_2-g" srsName="fguuid:jgd2011.bl">
<gml:pos>32.826238056 131.635881389</gml:pos>
</gml:Point>
</pos>
<type>標高点（測点）</type>
<alti>229</alti>
</ElevPt>
<ElevPt gml:id="K2_4739111790_1">
<fid>47391-11790-i-2</fid>
<lfSpanFr gml:id="K2_4739111790_1-1">
<gml:timePosition>2013-12-10</gml:timePosition>
</lfSpanFr>
<devDate gml:id="K2_4739111790_1-2">
<gml:timePosition>2020-12-23</gml:timePosition>
</devDate>
<orgGILvl>25000</orgGILvl>
<vis>表示</vis>
<pos>
<gml:Point gml:id="K2_4739111790_1-g" srsName="fguuid:jgd2011.bl">
<gml:pos>32.751570833 131.648373333</gml:pos>
</gml:Point>
</pos>
<type>標高点（測点）</type>
<alti>492</alti>
</ElevPt>
<ElevPt gml:id="K2_4739111793_1">
<fid>47391-11793-i-4</fid>
<lfSpanFr gml:id="K2_4739111793_1-1">
<gml:timePosition>2013-12-10</gml:timePosition>
</lfSpanFr>
<devDate gml:id="K2_4739111793_1-2">
<gml:timePosition>2020-12-23</gml:timePosition>
</devDate>
<orgGILvl>25000</orgGILvl>
<vis>表示</vis>
<pos>
<gml:Point gml:id="K2_4739111793_1-g" srsName="fguuid:jgd2011.bl">
<gml:pos>32.760113889 131.649351111</gml:pos>
</gml:Point>
</pos>
<type>標高点（測点）</type>
<alti>536</alti>
</ElevPt>
<ElevPt gml:id="K2_4739111799_1">
<fid>47391-11799-i-4</fid>
<lfSpanFr gml:id="K2_4739111799_1-1">
<gml:timePosition>2013-12-10</gml:timePosition>
</lfSpanFr>
<devDate gml:id="K2_4739111799_1-2">
<gml:timePosition>2020-12-23</gml:timePosition>
</devDate>
<orgGILvl>25000</orgGILvl>
<vis>表示</vis>
<pos>
<gml:Point gml:id="K2_4739111799_1-g" srsName="fguuid:jgd2011.bl">
<gml:pos>32.779480556 131.642302778</gml:pos>
</gml:Point>
</pos>
<type>標高点（測点）</type>
<alti>512</alti>
</ElevPt>
<ElevPt gml:id="K2_4739111802_1">
<fid>47391-11802-i-2</fid>
<lfSpanFr gml:id="K2_4739111802_1-1">
<gml:timePosition>2013-12-10</gml:timePosition>
</lfSpanFr>
<devDate gml:id="K2_4739111802_1-2">
<gml:timePosition>2020-12-23</gml:timePosition>
</devDate>
<orgGILvl>25000</orgGILvl>
<vis>表示</vis>
<pos>
<gml:Point gml:id="K2_4739111802_1-g" srsName="fguuid:jgd2011.bl">
<gml:pos>32.786121944 131.648365833</gml:pos>
</gml:Point>
</pos>
<type>標高点（測点）</type>
<alti>476</alti>
</ElevPt>
<ElevPt gml:id="K2_4739111805_1">
<fid>47391-11805-i-24</fid>
<lfSpanFr gml:id="K2_4739111805_1-1">
<gml:timePosition>2020-11-25</gml:timePosition>
</lfSpanFr>
<devDate gml:id="K2_4739111805_1-2">
<gml:timePosition>2020-12-23</gml:timePosition>
</devDate>
<orgGILvl>25000</orgGILvl>
<vis>表示</vis>
<pos>
<gml:Point gml:id="K2_4739111805_1-g" srsName="fguuid:jgd2011.bl">
<gml:pos>32.793036389 131.648231944</gml:pos>
</gml:Point>
</pos>
<type>標高点（測点）</type>
<alti>551</alti>
</ElevPt>
<ElevPt gml:id="K2_4739111811_1">
<fid>47391-11811-i-5</fid>
<lfSpanFr gml:id="K2_4739111811_1-1">
<gml:timePosition>2013-12-10</gml:timePosition>
</lfSpanFr>
<devDate gml:id="K2_4739111811_1-2">
<gml:timePosition>2020-12-23</gml:timePosition>
</devDate>
<orgGILvl>25000</orgGILvl>
<vis>表示</vis>
<pos>
<gml:Point gml:id="K2_4739111811_1-g" srsName="fguuid:jgd2011.bl">
<gml:pos>32.813383333 131.646614722</gml:pos>
</gml:Point>
</pos>
<type>標高点（測点）</type>
<alti>411</alti>
</ElevPt>
<ElevPt gml:id="K2_4739111814_1">
<fid>47391-11814-i-5</fid>
<lfSpanFr gml:id="K2_4739111814_1-1">
<gml:timePosition>2013-12-10</gml:timePosition>
</lfSpanFr>
<devDate gml:id="K2_4739111814_1-2">
<gml:timePosition>2020-12-23</gml:timePosition>
</devDate>
<orgGILvl>25000</orgGILvl>
<vis>表示</vis>
<pos>
<gml:Point gml:id="K2_4739111814_1-g" srsName="fguuid:jgd2011.bl">
<gml:pos>32.818460278 131.649327222</gml:pos>
</gml:Point>
</pos>
<type>標高点（測点）</type>
<alti>342</alti>
</ElevPt>
<ElevPt gml:id="K2_4739111817_1">
<fid>47391-11817-i-105</fid>
<lfSpanFr gml:id="K2_4739111817_1-1">
<gml:timePosition>2020-11-25</gml:timePosition>
</lfSpanFr>
<devDate gml:id="K2_4739111817_1-2">
<gml:timePosition>2020-12-23</gml:timePosition>
</devDate>
<orgGILvl>25000</orgGILvl>
<vis>表示</vis>
<pos>
<gml:Point gml:id="K2_4739111817_1-g" srsName="fguuid:jgd2011.bl">
<gml:pos>32.825907500 131.648566944</gml:pos>
</gml:Point>
</pos>
<type>標高点（測点）</type>
<alti>257</alti>
</ElevPt>
<ElevPt gml:id="K2_4739111817_2">
<fid>47391-11817-i-106</fid>
<lfSpanFr gml:id="K2_4739111817_2-1">
<gml:timePosition>2020-11-25</gml:timePosition>
</lfSpanFr>
<devDate gml:id="K2_4739111817_2-2">
<gml:timePosition>2020-12-23</gml:timePosition>
</devDate>
<orgGILvl>25000</orgGILvl>
<vis>表示</vis>
<pos>
<gml:Point gml:id="K2_4739111817_2-g" srsName="fguuid:jgd2011.bl">
<gml:pos>32.831741667 131.646363056</gml:pos>
</gml:Point>
</pos>
<type>標高点（測点）</type>
<alti>201</alti>
</ElevPt>
<ElevPt gml:id="K2_4739411793_1">
<fid>47394-11793-i-3</fid>
<lfSpanFr gml:id="K2_4739411793_1-1">
<gml:timePosition>2013-12-10</gml:timePosition>
</lfSpanFr>
<devDate gml:id="K2_4739411793_1-2">
<gml:timePosition>2020-12-23</gml:timePosition>
</devDate>
<orgGILvl>25000</orgGILvl>
<vis>表示</vis>
<pos>
<gml:Point gml:id="K2_4739411793_1-g" srsName="fguuid:jgd2011.bl">
<gml:pos>32.764595556 131.652337222</gml:pos>
</gml:Point>
</pos>
<type>標高点（測点）</type>
<alti>594</alti>
</ElevPt>
<ElevPt gml:id="K2_4739411793_2">
<fid>47394-11793-i-4</fid>
<lfSpanFr gml:id="K2_4739411793_2-1">
<gml:timePosition>2013-12-10</gml:timePosition>
</lfSpanFr>
<devDate gml:id="K2_4739411793_2-2">
<gml:timePosition>2020-12-23</gml:timePosition>
</devDate>
<orgGILvl>25000</orgGILvl>
<vis>表示</vis>
<pos>
<gml:Point gml:id="K2_4739411793_2-g" srsName="fguuid:jgd2011.bl">
<gml:pos>32.764284722 131.657516667</gml:pos>
</gml:Point>
</pos>
<type>標高点（測点）</type>
<alti>604</alti>
</ElevPt>
<ElevPt gml:id="K2_4739411799_1">
<fid>47394-11799-i-1</fid>
<lfSpanFr gml:id="K2_4739411799_1-1">
<gml:timePosition>2013-12-10</gml:timePosition>
</lfSpanFr>
<devDate gml:id="K2_4739411799_1-2">
<gml:timePosition>2020-12-23</gml:timePosition>
</devDate>
<orgGILvl>25000</orgGILvl>
<vis>表示</vis>
<pos>
<gml:Point gml:id="K2_4739411799_1-g" srsName="fguuid:jgd2011.bl">
<gml:pos>32.775771389 131.651456111</gml:pos>
</gml:Point>
</pos>
<type>標高点（測点）</type>
<alti>598</alti>
</ElevPt>
<ElevPt gml:id="K2_4739411799_2">
<fid>47394-11799-i-2</fid>
<lfSpanFr gml:id="K2_4739411799_2-1">
<gml:timePosition>2013-12-10</gml:timePosition>
</lfSpanFr>
<devDate gml:id="K2_4739411799_2-2">
<gml:timePosition>2020-12-23</gml:timePosition>
</devDate>
<orgGILvl>25000</orgGILvl>
<vis>表示</vis>
<pos>
<gml:Point gml:id="K2_4739411799_2-g" srsName="fguuid:jgd2011.bl">
<gml:pos>32.782864722 131.656493333</gml:pos>
</gml:Point>
</pos>
<type>標高点（測点）</type>
<alti>460</alti>
</ElevPt>
<ElevPt gml:id="K2_4739411799_3">
<fid>47394-11799-i-3</fid>
<lfSpanFr gml:id="K2_4739411799_3-1">
<gml:timePosition>2013-12-10</gml:timePosition>
</lfSpanFr>
<devDate gml:id="K2_4739411799_3-2">
<gml:timePosition>2020-12-23</gml:timePosition>
</devDate>
<orgGILvl>25000</orgGILvl>
<vis>表示</vis>
<pos>
<gml:Point gml:id="K2_4739411799_3-g" srsName="fguuid:jgd2011.bl">
<gml:pos>32.781789444 131.650952778</gml:pos>
</gml:Point>
</pos>
<type>標高点（測点）</type>
<alti>598</alti>
</ElevPt>
<ElevPt gml:id="K2_4739411805_1">
<fid>47394-11805-i-6</fid>
<lfSpanFr gml:id="K2_4739411805_1-1">
<gml:timePosition>2013-12-10</gml:timePosition>
</lfSpanFr>
<devDate gml:id="K2_4739411805_1-2">
<gml:timePosition>2020-12-23</gml:timePosition>
</devDate>
<orgGILvl>25000</orgGILvl>
<vis>表示</vis>
<pos>
<gml:Point gml:id="K2_4739411805_1-g" srsName="fguuid:jgd2011.bl">
<gml:pos>32.792140278 131.655356667</gml:pos>
</gml:Point>
</pos>
<type>標高点（測点）</type>
<alti>526</alti>
</ElevPt>
<ElevPt gml:id="K2_4739411808_1">
<fid>47394-11808-i-2</fid>
<lfSpanFr gml:id="K2_4739411808_1-1">
<gml:timePosition>2013-12-10</gml:timePosition>
</lfSpanFr>
<devDate gml:id="K2_4739411808_1-2">
<gml:timePosition>2020-12-23</gml:timePosition>
</devDate>
<orgGILvl>25000</orgGILvl>
<vis>表示</vis>
<pos>
<gml:Point gml:id="K2_4739411808_1-g" srsName="fguuid:jgd2011.bl">
<gml:pos>32.802843333 131.651319444</gml:pos>
</gml:Point>
</pos>
<type>標高点（測点）</type>
<alti>494</alti>
</ElevPt>
<ElevPt gml:id="K2_4739411814_1">
<fid>47394-11814-i-2</fid>
<lfSpanFr gml:id="K2_4739411814_1-1">
<gml:timePosition>2013-12-10</gml:timePosition>
</lfSpanFr>
<devDate gml:id="K2_4739411814_1-2">
<gml:timePosition>2020-12-23</gml:timePosition>
</devDate>
<orgGILvl>25000</orgGILvl>
<vis>表示</vis>
<pos>
<gml:Point gml:id="K2_4739411814_1-g" srsName="fguuid:jgd2011.bl">
<gml:pos>32.824097778 131.654925833</gml:pos>
</gml:Point>
</pos>
<type>標高点（測点）</type>
<alti>253</alti>
</ElevPt>
<ElevPt gml:id="K2_4739411814_2">
<fid>47394-11814-i-3</fid>
<lfSpanFr gml:id="K2_4739411814_2-1">
<gml:timePosition>2013-12-10</gml:timePosition>
</lfSpanFr>
<devDate gml:id="K2_4739411814_2-2">
<gml:timePosition>2020-12-23</gml:timePosition>
</devDate>
<orgGILvl>25000</orgGILvl>
<vis>表示</vis>
<pos>
<gml:Point gml:id="K2_4739411814_2-g" srsName="fguuid:jgd2011.bl">
<gml:pos>32.817398611 131.655132778</gml:pos>
</gml:Point>
</pos>
<type>標高点（測点）</type>
<alti>325</alti>
</ElevPt>
<ElevPt gml:id="K2_4739411817_1">
<fid>47394-11817-i-93</fid>
<lfSpanFr gml:id="K2_4739411817_1-1">
<gml:timePosition>2020-11-25</gml:timePosition>
</lfSpanFr>
<devDate gml:id="K2_4739411817_1-2">
<gml:timePosition>2020-12-23</gml:timePosition>
</devDate>
<orgGILvl>25000</orgGILvl>
<vis>表示</vis>
<pos>
<gml:Point gml:id="K2_4739411817_1-g" srsName="fguuid:jgd2011.bl">
<gml:pos>32.830436944 131.655138056</gml:pos>
</gml:Point>
</pos>
<type>標高点（測点）</type>
<alti>253</alti>
</ElevPt>
<ElevPt gml:id="K2_4739711790_1">
<fid>47397-11790-i-2</fid>
<lfSpanFr gml:id="K2_4739711790_1-1">
<gml:timePosition>2013-12-10</gml:timePosition>
</lfSpanFr>
<devDate gml:id="K2_4739711790_1-2">
<gml:timePosition>2020-12-23</gml:timePosition>
</devDate>
<orgGILvl>25000</orgGILvl>
<vis>表示</vis>
<pos>
<gml:Point gml:id="K2_4739711790_1-g" srsName="fguuid:jgd2011.bl">
<gml:pos>32.757466667 131.660513611</gml:pos>
</gml:Point>
</pos>
<type>標高点（測点）</type>
<alti>511</alti>
</ElevPt>
<ElevPt gml:id="K2_4739711790_2">
<fid>47397-11790-i-3</fid>
<lfSpanFr gml:id="K2_4739711790_2-1">
<gml:timePosition>2013-12-10</gml:timePosition>
</lfSpanFr>
<devDate gml:id="K2_4739711790_2-2">
<gml:timePosition>2020-12-23</gml:timePosition>
</devDate>
<orgGILvl>25000</orgGILvl>
<vis>表示</vis>
<pos>
<gml:Point gml:id="K2_4739711790_2-g" srsName="fguuid:jgd2011.bl">
<gml:pos>32.754263333 131.661755278</gml:pos>
</gml:Point>
</pos>
<type>標高点（測点）</type>
<alti>490</alti>
</ElevPt>
<ElevPt gml:id="K2_4739711793_1">
<fid>47397-11793-i-1</fid>
<lfSpanFr gml:id="K2_4739711793_1-1">
<gml:timePosition>2013-12-10</gml:timePosition>
</lfSpanFr>
<devDate gml:id="K2_4739711793_1-2">
<gml:timePosition>2020-12-23</gml:timePosition>
</devDate>
<orgGILvl>25000</orgGILvl>
<vis>表示</vis>
<pos>
<gml:Point gml:id="K2_4739711793_1-g" srsName="fguuid:jgd2011.bl">
<gml:pos>32.761665556 131.664086111</gml:pos>
</gml:Point>
</pos>
<type>標高点（測点）</type>
<alti>632</alti>
</ElevPt>
<ElevPt gml:id="K2_4739711796_1">
<fid>47397-11796-i-4</fid>
<lfSpanFr gml:id="K2_4739711796_1-1">
<gml:timePosition>2013-12-10</gml:timePosition>
</lfSpanFr>
<devDate gml:id="K2_4739711796_1-2">
<gml:timePosition>2020-12-23</gml:timePosition>
</devDate>
<orgGILvl>25000</orgGILvl>
<vis>表示</vis>
<pos>
<gml:Point gml:id="K2_4739711796_1-g" srsName="fguuid:jgd2011.bl">
<gml:pos>32.769464444 131.658737500</gml:pos>
</gml:Point>
</pos>
<type>標高点（測点）</type>
<alti>721</alti>
</ElevPt>
<ElevPt gml:id="K2_4739711799_1">
<fid>47397-11799-i-1</fid>
<lfSpanFr gml:id="K2_4739711799_1-1">
<gml:timePosition>2013-12-10</gml:timePosition>
</lfSpanFr>
<devDate gml:id="K2_4739711799_1-2">
<gml:timePosition>2020-12-23</gml:timePosition>
</devDate>
<orgGILvl>25000</orgGILvl>
<vis>表示</vis>
<pos>
<gml:Point gml:id="K2_4739711799_1-g" srsName="fguuid:jgd2011.bl">
<gml:pos>32.778091944 131.662238611</gml:pos>
</gml:Point>
</pos>
<type>標高点（測点）</type>
<alti>524</alti>
</ElevPt>
<ElevPt gml:id="K2_4739711802_1">
<fid>47397-11802-i-1</fid>
<lfSpanFr gml:id="K2_4739711802_1-1">
<gml:timePosition>2013-12-10</gml:timePosition>
</lfSpanFr>
<devDate gml:id="K2_4739711802_1-2">
<gml:timePosition>2020-12-23</gml:timePosition>
</devDate>
<orgGILvl>25000</orgGILvl>
<vis>表示</vis>
<pos>
<gml:Point gml:id="K2_4739711802_1-g" srsName="fguuid:jgd2011.bl">
<gml:pos>32.787328333 131.664805833</gml:pos>
</gml:Point>
</pos>
<type>標高点（測点）</type>
<alti>197</alti>
</ElevPt>
<ElevPt gml:id="K2_4739711805_1">
<fid>47397-11805-i-7</fid>
<lfSpanFr gml:id="K2_4739711805_1-1">
<gml:timePosition>2013-12-10</gml:timePosition>
</lfSpanFr>
<devDate gml:id="K2_4739711805_1-2">
<gml:timePosition>2020-12-23</gml:timePosition>
</devDate>
<orgGILvl>25000</orgGILvl>
<vis>表示</vis>
<pos>
<gml:Point gml:id="K2_4739711805_1-g" srsName="fguuid:jgd2011.bl">
<gml:pos>32.799761389 131.663021667</gml:pos>
</gml:Point>
</pos>
<type>標高点（測点）</type>
<alti>275</alti>
</ElevPt>
<ElevPt gml:id="K2_4739711805_2">
<fid>47397-11805-i-8</fid>
<lfSpanFr gml:id="K2_4739711805_2-1">
<gml:timePosition>2013-12-10</gml:timePosition>
</lfSpanFr>
<devDate gml:id="K2_4739711805_2-2">
<gml:timePosition>2020-12-23</gml:timePosition>
</devDate>
<orgGILvl>25000</orgGILvl>
<vis>表示</vis>
<pos>
<gml:Point gml:id="K2_4739711805_2-g" srsName="fguuid:jgd2011.bl">
<gml:pos>32.792863333 131.663207222</gml:pos>
</gml:Point>
</pos>
<type>標高点（測点）</type>
<alti>482</alti>
</ElevPt>
<ElevPt gml:id="K2_4739711808_1">
<fid>47397-11808-i-3</fid>
<lfSpanFr gml:id="K2_4739711808_1-1">
<gml:timePosition>2013-12-10</gml:timePosition>
</lfSpanFr>
<devDate gml:id="K2_4739711808_1-2">
<gml:timePosition>2020-12-23</gml:timePosition>
</devDate>
<orgGILvl>25000</orgGILvl>
<vis>表示</vis>
<pos>
<gml:Point gml:id="K2_4739711808_1-g" srsName="fguuid:jgd2011.bl">
<gml:pos>32.806099444 131.658591667</gml:pos>
</gml:Point>
</pos>
<type>標高点（測点）</type>
<alti>439</alti>
</ElevPt>
<ElevPt gml:id="K2_4739711811_1">
<fid>47397-11811-i-1</fid>
<lfSpanFr gml:id="K2_4739711811_1-1">
<gml:timePosition>2013-12-10</gml:timePosition>
</lfSpanFr>
<devDate gml:id="K2_4739711811_1-2">
<gml:timePosition>2020-12-23</gml:timePosition>
</devDate>
<orgGILvl>25000</orgGILvl>
<vis>表示</vis>
<pos>
<gml:Point gml:id="K2_4739711811_1-g" srsName="fguuid:jgd2011.bl">
<gml:pos>32.811081944 131.662578889</gml:pos>
</gml:Point>
</pos>
<type>標高点（測点）</type>
<alti>374</alti>
</ElevPt>
<ElevPt gml:id="K2_4739711814_1">
<fid>47397-11814-i-46</fid>
<lfSpanFr gml:id="K2_4739711814_1-1">
<gml:timePosition>2020-11-25</gml:timePosition>
</lfSpanFr>
<devDate gml:id="K2_4739711814_1-2">
<gml:timePosition>2020-12-23</gml:timePosition>
</devDate>
<orgGILvl>25000</orgGILvl>
<vis>表示</vis>
<pos>
<gml:Point gml:id="K2_4739711814_1-g" srsName="fguuid:jgd2011.bl">
<gml:pos>32.816992500 131.664521389</gml:pos>
</gml:Point>
</pos>
<type>標高点（測点）</type>
<alti>358</alti>
</ElevPt>
<ElevPt gml:id="K2_4739711817_1">
<fid>47397-11817-i-137</fid>
<lfSpanFr gml:id="K2_4739711817_1-1">
<gml:timePosition>2020-11-25</gml:timePosition>
</lfSpanFr>
<devDate gml:id="K2_4739711817_1-2">
<gml:timePosition>2020-12-23</gml:timePosition>
</devDate>
<orgGILvl>25000</orgGILvl>
<vis>表示</vis>
<pos>
<gml:Point gml:id="K2_4739711817_1-g" srsName="fguuid:jgd2011.bl">
<gml:pos>32.832661667 131.665747222</gml:pos>
</gml:Point>
</pos>
<type>標高点（測点）</type>
<alti>236</alti>
</ElevPt>
<ElevPt gml:id="K2_4739711817_2">
<fid>47397-11817-i-138</fid>
<lfSpanFr gml:id="K2_4739711817_2-1">
<gml:timePosition>2020-11-25</gml:timePosition>
</lfSpanFr>
<devDate gml:id="K2_4739711817_2-2">
<gml:timePosition>2020-12-23</gml:timePosition>
</devDate>
<orgGILvl>25000</orgGILvl>
<vis>表示</vis>
<pos>
<gml:Point gml:id="K2_4739711817_2-g" srsName="fguuid:jgd2011.bl">
<gml:pos>32.827898889 131.666412778</gml:pos>
</gml:Point>
</pos>
<type>標高点（測点）</type>
<alti>179</alti>
</ElevPt>
<ElevPt gml:id="K2_4740011790_1">
<fid>47400-11790-i-1</fid>
<lfSpanFr gml:id="K2_4740011790_1-1">
<gml:timePosition>2013-12-10</gml:timePosition>
</lfSpanFr>
<devDate gml:id="K2_4740011790_1-2">
<gml:timePosition>2020-12-23</gml:timePosition>
</devDate>
<orgGILvl>25000</orgGILvl>
<vis>表示</vis>
<pos>
<gml:Point gml:id="K2_4740011790_1-g" srsName="fguuid:jgd2011.bl">
<gml:pos>32.751813333 131.672401111</gml:pos>
</gml:Point>
</pos>
<type>標高点（測点）</type>
<alti>642</alti>
</ElevPt>
<ElevPt gml:id="K2_4740011790_2">
<fid>47400-11790-i-2</fid>
<lfSpanFr gml:id="K2_4740011790_2-1">
<gml:timePosition>2013-12-10</gml:timePosition>
</lfSpanFr>
<devDate gml:id="K2_4740011790_2-2">
<gml:timePosition>2020-12-23</gml:timePosition>
</devDate>
<orgGILvl>25000</orgGILvl>
<vis>表示</vis>
<pos>
<gml:Point gml:id="K2_4740011790_2-g" srsName="fguuid:jgd2011.bl">
<gml:pos>32.757746111 131.668815000</gml:pos>
</gml:Point>
</pos>
<type>標高点（測点）</type>
<alti>593</alti>
</ElevPt>
<ElevPt gml:id="K2_4740011793_1">
<fid>47400-11793-i-2</fid>
<lfSpanFr gml:id="K2_4740011793_1-1">
<gml:timePosition>2013-12-10</gml:timePosition>
</lfSpanFr>
<devDate gml:id="K2_4740011793_1-2">
<gml:timePosition>2020-12-23</gml:timePosition>
</devDate>
<orgGILvl>25000</orgGILvl>
<vis>表示</vis>
<pos>
<gml:Point gml:id="K2_4740011793_1-g" srsName="fguuid:jgd2011.bl">
<gml:pos>32.761510000 131.672061944</gml:pos>
</gml:Point>
</pos>
<type>標高点（測点）</type>
<alti>619</alti>
</ElevPt>
<ElevPt gml:id="K2_4740011796_1">
<fid>47400-11796-i-5</fid>
<lfSpanFr gml:id="K2_4740011796_1-1">
<gml:timePosition>2013-12-10</gml:timePosition>
</lfSpanFr>
<devDate gml:id="K2_4740011796_1-2">
<gml:timePosition>2020-12-23</gml:timePosition>
</devDate>
<orgGILvl>25000</orgGILvl>
<vis>表示</vis>
<pos>
<gml:Point gml:id="K2_4740011796_1-g" srsName="fguuid:jgd2011.bl">
<gml:pos>32.766871667 131.668979722</gml:pos>
</gml:Point>
</pos>
<type>標高点（測点）</type>
<alti>730</alti>
</ElevPt>
<ElevPt gml:id="K2_4740011808_1">
<fid>47400-11808-i-3</fid>
<lfSpanFr gml:id="K2_4740011808_1-1">
<gml:timePosition>2013-12-10</gml:timePosition>
</lfSpanFr>
<devDate gml:id="K2_4740011808_1-2">
<gml:timePosition>2020-12-23</gml:timePosition>
</devDate>
<orgGILvl>25000</orgGILvl>
<vis>表示</vis>
<pos>
<gml:Point gml:id="K2_4740011808_1-g" srsName="fguuid:jgd2011.bl">
<gml:pos>32.801886111 131.670405556</gml:pos>
</gml:Point>
</pos>
<type>標高点（測点）</type>
<alti>385</alti>
</ElevPt>
<ElevPt gml:id="K2_4740011811_1">
<fid>47400-11811-i-7</fid>
<lfSpanFr gml:id="K2_4740011811_1-1">
<gml:timePosition>2013-12-10</gml:timePosition>
</lfSpanFr>
<devDate gml:id="K2_4740011811_1-2">
<gml:timePosition>2020-12-23</gml:timePosition>
</devDate>
<orgGILvl>25000</orgGILvl>
<vis>表示</vis>
<pos>
<gml:Point gml:id="K2_4740011811_1-g" srsName="fguuid:jgd2011.bl">
<gml:pos>32.815165278 131.672029722</gml:pos>
</gml:Point>
</pos>
<type>標高点（測点）</type>
<alti>383</alti>
</ElevPt>
<ElevPt gml:id="K2_4740011817_1">
<fid>47400-11817-i-4</fid>
<lfSpanFr gml:id="K2_4740011817_1-1">
<gml:timePosition>2013-12-10</gml:timePosition>
</lfSpanFr>
<devDate gml:id="K2_4740011817_1-2">
<gml:timePosition>2020-12-23</gml:timePosition>
</devDate>
<orgGILvl>25000</orgGILvl>
<vis>表示</vis>
<pos>
<gml:Point gml:id="K2_4740011817_1-g" srsName="fguuid:jgd2011.bl">
<gml:pos>32.829890278 131.673583056</gml:pos>
</gml:Point>
</pos>
<type>標高点（測点）</type>
<alti>251</alti>
</ElevPt>
<ElevPt gml:id="K2_4740311790_1">
<fid>47403-11790-i-1</fid>
<lfSpanFr gml:id="K2_4740311790_1-1">
<gml:timePosition>2013-12-10</gml:timePosition>
</lfSpanFr>
<devDate gml:id="K2_4740311790_1-2">
<gml:timePosition>2020-12-23</gml:timePosition>
</devDate>
<orgGILvl>25000</orgGILvl>
<vis>表示</vis>
<pos>
<gml:Point gml:id="K2_4740311790_1-g" srsName="fguuid:jgd2011.bl">
<gml:pos>32.750211389 131.680998889</gml:pos>
</gml:Point>
</pos>
<type>標高点（測点）</type>
<alti>373</alti>
</ElevPt>
<ElevPt gml:id="K2_4740311790_2">
<fid>47403-11790-i-2</fid>
<lfSpanFr gml:id="K2_4740311790_2-1">
<gml:timePosition>2013-12-10</gml:timePosition>
</lfSpanFr>
<devDate gml:id="K2_4740311790_2-2">
<gml:timePosition>2020-12-23</gml:timePosition>
</devDate>
<orgGILvl>25000</orgGILvl>
<vis>表示</vis>
<pos>
<gml:Point gml:id="K2_4740311790_2-g" srsName="fguuid:jgd2011.bl">
<gml:pos>32.754961667 131.682154444</gml:pos>
</gml:Point>
</pos>
<type>標高点（測点）</type>
<alti>569</alti>
</ElevPt>
<ElevPt gml:id="K2_4740311793_1">
<fid>47403-11793-i-1</fid>
<lfSpanFr gml:id="K2_4740311793_1-1">
<gml:timePosition>2013-12-10</gml:timePosition>
</lfSpanFr>
<devDate gml:id="K2_4740311793_1-2">
<gml:timePosition>2020-12-23</gml:timePosition>
</devDate>
<orgGILvl>25000</orgGILvl>
<vis>表示</vis>
<pos>
<gml:Point gml:id="K2_4740311793_1-g" srsName="fguuid:jgd2011.bl">
<gml:pos>32.761184444 131.675386389</gml:pos>
</gml:Point>
</pos>
<type>標高点（測点）</type>
<alti>568</alti>
</ElevPt>
<ElevPt gml:id="K2_4740311799_1">
<fid>47403-11799-i-5</fid>
<lfSpanFr gml:id="K2_4740311799_1-1">
<gml:timePosition>2013-12-10</gml:timePosition>
</lfSpanFr>
<devDate gml:id="K2_4740311799_1-2">
<gml:timePosition>2020-12-23</gml:timePosition>
</devDate>
<orgGILvl>25000</orgGILvl>
<vis>表示</vis>
<pos>
<gml:Point gml:id="K2_4740311799_1-g" srsName="fguuid:jgd2011.bl">
<gml:pos>32.777257222 131.675768056</gml:pos>
</gml:Point>
</pos>
<type>標高点（測点）</type>
<alti>476</alti>
</ElevPt>
<ElevPt gml:id="K2_4740311805_1">
<fid>47403-11805-i-6</fid>
<lfSpanFr gml:id="K2_4740311805_1-1">
<gml:timePosition>2013-12-10</gml:timePosition>
</lfSpanFr>
<devDate gml:id="K2_4740311805_1-2">
<gml:timePosition>2020-12-23</gml:timePosition>
</devDate>
<orgGILvl>25000</orgGILvl>
<vis>表示</vis>
<pos>
<gml:Point gml:id="K2_4740311805_1-g" srsName="fguuid:jgd2011.bl">
<gml:pos>32.798784722 131.682424444</gml:pos>
</gml:Point>
</pos>
<type>標高点（測点）</type>
<alti>513</alti>
</ElevPt>
<ElevPt gml:id="K2_4740311805_2">
<fid>47403-11805-i-7</fid>
<lfSpanFr gml:id="K2_4740311805_2-1">
<gml:timePosition>2013-12-10</gml:timePosition>
</lfSpanFr>
<devDate gml:id="K2_4740311805_2-2">
<gml:timePosition>2020-12-23</gml:timePosition>
</devDate>
<orgGILvl>25000</orgGILvl>
<vis>表示</vis>
<pos>
<gml:Point gml:id="K2_4740311805_2-g" srsName="fguuid:jgd2011.bl">
<gml:pos>32.791898611 131.676435278</gml:pos>
</gml:Point>
</pos>
<type>標高点（測点）</type>
<alti>382</alti>
</ElevPt>
<ElevPt gml:id="K2_4740311811_1">
<fid>47403-11811-i-27</fid>
<lfSpanFr gml:id="K2_4740311811_1-1">
<gml:timePosition>2020-11-25</gml:timePosition>
</lfSpanFr>
<devDate gml:id="K2_4740311811_1-2">
<gml:timePosition>2020-12-23</gml:timePosition>
</devDate>
<orgGILvl>25000</orgGILvl>
<vis>表示</vis>
<pos>
<gml:Point gml:id="K2_4740311811_1-g" srsName="fguuid:jgd2011.bl">
<gml:pos>32.812266944 131.678683889</gml:pos>
</gml:Point>
</pos>
<type>標高点（測点）</type>
<alti>481</alti>
</ElevPt>
<ElevPt gml:id="K2_4740311814_1">
<fid>47403-11814-i-4</fid>
<lfSpanFr gml:id="K2_4740311814_1-1">
<gml:timePosition>2013-12-10</gml:timePosition>
</lfSpanFr>
<devDate gml:id="K2_4740311814_1-2">
<gml:timePosition>2020-12-23</gml:timePosition>
</devDate>
<orgGILvl>25000</orgGILvl>
<vis>表示</vis>
<pos>
<gml:Point gml:id="K2_4740311814_1-g" srsName="fguuid:jgd2011.bl">
<gml:pos>32.818451667 131.675897778</gml:pos>
</gml:Point>
</pos>
<type>標高点（測点）</type>
<alti>366</alti>
</ElevPt>
<ElevPt gml:id="K2_4740311817_1">
<fid>47403-11817-i-3</fid>
<lfSpanFr gml:id="K2_4740311817_1-1">
<gml:timePosition>2013-12-10</gml:timePosition>
</lfSpanFr>
<devDate gml:id="K2_4740311817_1-2">
<gml:timePosition>2020-12-23</gml:timePosition>
</devDate>
<orgGILvl>25000</orgGILvl>
<vis>表示</vis>
<pos>
<gml:Point gml:id="K2_4740311817_1-g" srsName="fguuid:jgd2011.bl">
<gml:pos>32.829685278 131.680273333</gml:pos>
</gml:Point>
</pos>
<type>標高点（測点）</type>
<alti>263</alti>
</ElevPt>
<ElevPt gml:id="K2_4740311817_2">
<fid>47403-11817-i-4</fid>
<lfSpanFr gml:id="K2_4740311817_2-1">
<gml:timePosition>2013-12-10</gml:timePosition>
</lfSpanFr>
<devDate gml:id="K2_4740311817_2-2">
<gml:timePosition>2020-12-23</gml:timePosition>
</devDate>
<orgGILvl>25000</orgGILvl>
<vis>表示</vis>
<pos>
<gml:Point gml:id="K2_4740311817_2-g" srsName="fguuid:jgd2011.bl">
<gml:pos>32.825245000 131.677133056</gml:pos>
</gml:Point>
</pos>
<type>標高点（測点）</type>
<alti>347</alti>
</ElevPt>
<ElevPt gml:id="K2_4740611796_1">
<fid>47406-11796-i-5</fid>
<lfSpanFr gml:id="K2_4740611796_1-1">
<gml:timePosition>2013-12-10</gml:timePosition>
</lfSpanFr>
<devDate gml:id="K2_4740611796_1-2">
<gml:timePosition>2020-12-23</gml:timePosition>
</devDate>
<orgGILvl>25000</orgGILvl>
<vis>表示</vis>
<pos>
<gml:Point gml:id="K2_4740611796_1-g" srsName="fguuid:jgd2011.bl">
<gml:pos>32.770728333 131.683988333</gml:pos>
</gml:Point>
</pos>
<type>標高点（測点）</type>
<alti>536</alti>
</ElevPt>
<ElevPt gml:id="K2_4740611799_1">
<fid>47406-11799-i-2</fid>
<lfSpanFr gml:id="K2_4740611799_1-1">
<gml:timePosition>2013-12-10</gml:timePosition>
</lfSpanFr>
<devDate gml:id="K2_4740611799_1-2">
<gml:timePosition>2020-12-23</gml:timePosition>
</devDate>
<orgGILvl>25000</orgGILvl>
<vis>表示</vis>
<pos>
<gml:Point gml:id="K2_4740611799_1-g" srsName="fguuid:jgd2011.bl">
<gml:pos>32.779541944 131.685140000</gml:pos>
</gml:Point>
</pos>
<type>標高点（測点）</type>
<alti>118</alti>
</ElevPt>
<ElevPt gml:id="K2_4740611802_1">
<fid>47406-11802-i-3</fid>
<lfSpanFr gml:id="K2_4740611802_1-1">
<gml:timePosition>2013-12-10</gml:timePosition>
</lfSpanFr>
<devDate gml:id="K2_4740611802_1-2">
<gml:timePosition>2020-12-23</gml:timePosition>
</devDate>
<orgGILvl>25000</orgGILvl>
<vis>表示</vis>
<pos>
<gml:Point gml:id="K2_4740611802_1-g" srsName="fguuid:jgd2011.bl">
<gml:pos>32.787255278 131.688729167</gml:pos>
</gml:Point>
</pos>
<type>標高点（測点）</type>
<alti>412</alti>
</ElevPt>
<ElevPt gml:id="K2_4740611805_1">
<fid>47406-11805-i-2</fid>
<lfSpanFr gml:id="K2_4740611805_1-1">
<gml:timePosition>2013-12-10</gml:timePosition>
</lfSpanFr>
<devDate gml:id="K2_4740611805_1-2">
<gml:timePosition>2020-12-23</gml:timePosition>
</devDate>
<orgGILvl>25000</orgGILvl>
<vis>表示</vis>
<pos>
<gml:Point gml:id="K2_4740611805_1-g" srsName="fguuid:jgd2011.bl">
<gml:pos>32.795841389 131.690607222</gml:pos>
</gml:Point>
</pos>
<type>標高点（測点）</type>
<alti>242</alti>
</ElevPt>
<ElevPt gml:id="K2_4740611805_2">
<fid>47406-11805-i-3</fid>
<lfSpanFr gml:id="K2_4740611805_2-1">
<gml:timePosition>2013-12-10</gml:timePosition>
</lfSpanFr>
<devDate gml:id="K2_4740611805_2-2">
<gml:timePosition>2020-12-23</gml:timePosition>
</devDate>
<orgGILvl>25000</orgGILvl>
<vis>表示</vis>
<pos>
<gml:Point gml:id="K2_4740611805_2-g" srsName="fguuid:jgd2011.bl">
<gml:pos>32.791746389 131.684763889</gml:pos>
</gml:Point>
</pos>
<type>標高点（測点）</type>
<alti>476</alti>
</ElevPt>
<ElevPt gml:id="K2_4740611808_1">
<fid>47406-11808-i-4</fid>
<lfSpanFr gml:id="K2_4740611808_1-1">
<gml:timePosition>2013-12-10</gml:timePosition>
</lfSpanFr>
<devDate gml:id="K2_4740611808_1-2">
<gml:timePosition>2020-12-23</gml:timePosition>
</devDate>
<orgGILvl>25000</orgGILvl>
<vis>表示</vis>
<pos>
<gml:Point gml:id="K2_4740611808_1-g" srsName="fguuid:jgd2011.bl">
<gml:pos>32.803927222 131.685560278</gml:pos>
</gml:Point>
</pos>
<type>標高点（測点）</type>
<alti>401</alti>
</ElevPt>
<ElevPt gml:id="K2_4740611814_1">
<fid>47406-11814-i-5</fid>
<lfSpanFr gml:id="K2_4740611814_1-1">
<gml:timePosition>2013-12-10</gml:timePosition>
</lfSpanFr>
<devDate gml:id="K2_4740611814_1-2">
<gml:timePosition>2020-12-23</gml:timePosition>
</devDate>
<orgGILvl>25000</orgGILvl>
<vis>表示</vis>
<pos>
<gml:Point gml:id="K2_4740611814_1-g" srsName="fguuid:jgd2011.bl">
<gml:pos>32.817248333 131.686120833</gml:pos>
</gml:Point>
</pos>
<type>標高点（測点）</type>
<alti>424</alti>
</ElevPt>
<ElevPt gml:id="K2_4740611817_1">
<fid>47406-11817-i-7</fid>
<lfSpanFr gml:id="K2_4740611817_1-1">
<gml:timePosition>2013-12-10</gml:timePosition>
</lfSpanFr>
<devDate gml:id="K2_4740611817_1-2">
<gml:timePosition>2020-12-23</gml:timePosition>
</devDate>
<orgGILvl>25000</orgGILvl>
<vis>表示</vis>
<pos>
<gml:Point gml:id="K2_4740611817_1-g" srsName="fguuid:jgd2011.bl">
<gml:pos>32.828306944 131.691469444</gml:pos>
</gml:Point>
</pos>
<type>標高点（測点）</type>
<alti>334</alti>
</ElevPt>
<ElevPt gml:id="K2_4740911790_1">
<fid>47409-11790-i-9</fid>
<lfSpanFr gml:id="K2_4740911790_1-1">
<gml:timePosition>2020-11-25</gml:timePosition>
</lfSpanFr>
<devDate gml:id="K2_4740911790_1-2">
<gml:timePosition>2020-12-23</gml:timePosition>
</devDate>
<orgGILvl>25000</orgGILvl>
<vis>表示</vis>
<pos>
<gml:Point gml:id="K2_4740911790_1-g" srsName="fguuid:jgd2011.bl">
<gml:pos>32.754552778 131.698104167</gml:pos>
</gml:Point>
</pos>
<type>標高点（測点）</type>
<alti>289</alti>
</ElevPt>
<ElevPt gml:id="K2_4740911793_1">
<fid>47409-11793-i-86</fid>
<lfSpanFr gml:id="K2_4740911793_1-1">
<gml:timePosition>2020-11-25</gml:timePosition>
</lfSpanFr>
<devDate gml:id="K2_4740911793_1-2">
<gml:timePosition>2020-12-23</gml:timePosition>
</devDate>
<orgGILvl>25000</orgGILvl>
<vis>表示</vis>
<pos>
<gml:Point gml:id="K2_4740911793_1-g" srsName="fguuid:jgd2011.bl">
<gml:pos>32.764747778 131.694616944</gml:pos>
</gml:Point>
</pos>
<type>標高点（測点）</type>
<alti>199</alti>
</ElevPt>
<ElevPt gml:id="K2_4740911811_1">
<fid>47409-11811-i-8</fid>
<lfSpanFr gml:id="K2_4740911811_1-1">
<gml:timePosition>2013-12-10</gml:timePosition>
</lfSpanFr>
<devDate gml:id="K2_4740911811_1-2">
<gml:timePosition>2020-12-23</gml:timePosition>
</devDate>
<orgGILvl>25000</orgGILvl>
<vis>表示</vis>
<pos>
<gml:Point gml:id="K2_4740911811_1-g" srsName="fguuid:jgd2011.bl">
<gml:pos>32.814419167 131.698331389</gml:pos>
</gml:Point>
</pos>
<type>標高点（測点）</type>
<alti>486</alti>
</ElevPt>
<ElevPt gml:id="K2_4740911811_2">
<fid>47409-11811-i-9</fid>
<lfSpanFr gml:id="K2_4740911811_2-1">
<gml:timePosition>2013-12-10</gml:timePosition>
</lfSpanFr>
<devDate gml:id="K2_4740911811_2-2">
<gml:timePosition>2020-12-23</gml:timePosition>
</devDate>
<orgGILvl>25000</orgGILvl>
<vis>表示</vis>
<pos>
<gml:Point gml:id="K2_4740911811_2-g" srsName="fguuid:jgd2011.bl">
<gml:pos>32.811193611 131.691830000</gml:pos>
</gml:Point>
</pos>
<type>標高点（測点）</type>
<alti>445</alti>
</ElevPt>
<ElevPt gml:id="K2_4740911814_1">
<fid>47409-11814-i-5</fid>
<lfSpanFr gml:id="K2_4740911814_1-1">
<gml:timePosition>2013-12-10</gml:timePosition>
</lfSpanFr>
<devDate gml:id="K2_4740911814_1-2">
<gml:timePosition>2020-12-23</gml:timePosition>
</devDate>
<orgGILvl>25000</orgGILvl>
<vis>表示</vis>
<pos>
<gml:Point gml:id="K2_4740911814_1-g" srsName="fguuid:jgd2011.bl">
<gml:pos>32.822451111 131.695163333</gml:pos>
</gml:Point>
</pos>
<type>標高点（測点）</type>
<alti>444</alti>
</ElevPt>
<ElevPt gml:id="K2_4741211790_1">
<fid>47412-11790-i-64</fid>
<lfSpanFr gml:id="K2_4741211790_1-1">
<gml:timePosition>2020-11-25</gml:timePosition>
</lfSpanFr>
<devDate gml:id="K2_4741211790_1-2">
<gml:timePosition>2020-12-23</gml:timePosition>
</devDate>
<orgGILvl>25000</orgGILvl>
<vis>表示</vis>
<pos>
<gml:Point gml:id="K2_4741211790_1-g" srsName="fguuid:jgd2011.bl">
<gml:pos>32.750884722 131.701583056</gml:pos>
</gml:Point>
</pos>
<type>標高点（測点）</type>
<alti>145</alti>
</ElevPt>
<ElevPt gml:id="K2_4741211796_1">
<fid>47412-11796-i-4</fid>
<lfSpanFr gml:id="K2_4741211796_1-1">
<gml:timePosition>2013-12-10</gml:timePosition>
</lfSpanFr>
<devDate gml:id="K2_4741211796_1-2">
<gml:timePosition>2020-12-23</gml:timePosition>
</devDate>
<orgGILvl>25000</orgGILvl>
<vis>表示</vis>
<pos>
<gml:Point gml:id="K2_4741211796_1-g" srsName="fguuid:jgd2011.bl">
<gml:pos>32.772684444 131.703101389</gml:pos>
</gml:Point>
</pos>
<type>標高点（測点）</type>
<alti>394</alti>
</ElevPt>
<ElevPt gml:id="K2_4741211799_1">
<fid>47412-11799-i-7</fid>
<lfSpanFr gml:id="K2_4741211799_1-1">
<gml:timePosition>2013-12-10</gml:timePosition>
</lfSpanFr>
<devDate gml:id="K2_4741211799_1-2">
<gml:timePosition>2020-12-23</gml:timePosition>
</devDate>
<orgGILvl>25000</orgGILvl>
<vis>表示</vis>
<pos>
<gml:Point gml:id="K2_4741211799_1-g" srsName="fguuid:jgd2011.bl">
<gml:pos>32.781826667 131.701764167</gml:pos>
</gml:Point>
</pos>
<type>標高点（測点）</type>
<alti>199</alti>
</ElevPt>
<ElevPt gml:id="K2_4741211802_1">
<fid>47412-11802-i-85</fid>
<lfSpanFr gml:id="K2_4741211802_1-1">
<gml:timePosition>2020-11-25</gml:timePosition>
</lfSpanFr>
<devDate gml:id="K2_4741211802_1-2">
<gml:timePosition>2020-12-23</gml:timePosition>
</devDate>
<orgGILvl>25000</orgGILvl>
<vis>表示</vis>
<pos>
<gml:Point gml:id="K2_4741211802_1-g" srsName="fguuid:jgd2011.bl">
<gml:pos>32.789884167 131.701189167</gml:pos>
</gml:Point>
</pos>
<type>標高点（測点）</type>
<alti>378</alti>
</ElevPt>
<ElevPt gml:id="K2_4741211808_1">
<fid>47412-11808-i-3</fid>
<lfSpanFr gml:id="K2_4741211808_1-1">
<gml:timePosition>2013-12-10</gml:timePosition>
</lfSpanFr>
<devDate gml:id="K2_4741211808_1-2">
<gml:timePosition>2020-12-23</gml:timePosition>
</devDate>
<orgGILvl>25000</orgGILvl>
<vis>表示</vis>
<pos>
<gml:Point gml:id="K2_4741211808_1-g" srsName="fguuid:jgd2011.bl">
<gml:pos>32.808267222 131.701445278</gml:pos>
</gml:Point>
</pos>
<type>標高点（測点）</type>
<alti>484</alti>
</ElevPt>
<ElevPt gml:id="K2_4741211808_2">
<fid>47412-11808-i-4</fid>
<lfSpanFr gml:id="K2_4741211808_2-1">
<gml:timePosition>2013-12-10</gml:timePosition>
</lfSpanFr>
<devDate gml:id="K2_4741211808_2-2">
<gml:timePosition>2020-12-23</gml:timePosition>
</devDate>
<orgGILvl>25000</orgGILvl>
<vis>表示</vis>
<pos>
<gml:Point gml:id="K2_4741211808_2-g" srsName="fguuid:jgd2011.bl">
<gml:pos>32.802360000 131.700456389</gml:pos>
</gml:Point>
</pos>
<type>標高点（測点）</type>
<alti>462</alti>
</ElevPt>
<ElevPt gml:id="K2_4741211814_1">
<fid>47412-11814-i-7</fid>
<lfSpanFr gml:id="K2_4741211814_1-1">
<gml:timePosition>2013-12-10</gml:timePosition>
</lfSpanFr>
<devDate gml:id="K2_4741211814_1-2">
<gml:timePosition>2020-12-23</gml:timePosition>
</devDate>
<orgGILvl>25000</orgGILvl>
<vis>表示</vis>
<pos>
<gml:Point gml:id="K2_4741211814_1-g" srsName="fguuid:jgd2011.bl">
<gml:pos>32.821452500 131.705995000</gml:pos>
</gml:Point>
</pos>
<type>標高点（測点）</type>
<alti>382</alti>
</ElevPt>
<ElevPt gml:id="K2_4741211817_1">
<fid>47412-11817-i-16</fid>
<lfSpanFr gml:id="K2_4741211817_1-1">
<gml:timePosition>2013-12-10</gml:timePosition>
</lfSpanFr>
<devDate gml:id="K2_4741211817_1-2">
<gml:timePosition>2020-12-23</gml:timePosition>
</devDate>
<orgGILvl>25000</orgGILvl>
<vis>表示</vis>
<pos>
<gml:Point gml:id="K2_4741211817_1-g" srsName="fguuid:jgd2011.bl">
<gml:pos>32.829326111 131.700605556</gml:pos>
</gml:Point>
</pos>
<type>標高点（測点）</type>
<alti>382</alti>
</ElevPt>
<ElevPt gml:id="K2_4741211817_2">
<fid>47412-11817-i-31</fid>
<lfSpanFr gml:id="K2_4741211817_2-1">
<gml:timePosition>2019-06-04</gml:timePosition>
</lfSpanFr>
<devDate gml:id="K2_4741211817_2-2">
<gml:timePosition>2020-12-23</gml:timePosition>
</devDate>
<orgGILvl>25000</orgGILvl>
<vis>表示</vis>
<pos>
<gml:Point gml:id="K2_4741211817_2-g" srsName="fguuid:jgd2011.bl">
<gml:pos>32.828947292 131.707414875</gml:pos>
</gml:Point>
</pos>
<type>標高点（測点）</type>
<alti>387</alti>
</ElevPt>
<ElevPt gml:id="K2_4741511793_1">
<fid>47415-11793-i-3</fid>
<lfSpanFr gml:id="K2_4741511793_1-1">
<gml:timePosition>2013-12-10</gml:timePosition>
</lfSpanFr>
<devDate gml:id="K2_4741511793_1-2">
<gml:timePosition>2020-12-23</gml:timePosition>
</devDate>
<orgGILvl>25000</orgGILvl>
<vis>表示</vis>
<pos>
<gml:Point gml:id="K2_4741511793_1-g" srsName="fguuid:jgd2011.bl">
<gml:pos>32.760167778 131.711411667</gml:pos>
</gml:Point>
</pos>
<type>標高点（測点）</type>
<alti>460</alti>
</ElevPt>
<ElevPt gml:id="K2_4741511793_2">
<fid>47415-11793-i-10</fid>
<lfSpanFr gml:id="K2_4741511793_2-1">
<gml:timePosition>2019-06-04</gml:timePosition>
</lfSpanFr>
<devDate gml:id="K2_4741511793_2-2">
<gml:timePosition>2020-12-23</gml:timePosition>
</devDate>
<orgGILvl>25000</orgGILvl>
<vis>非表示</vis>
<pos>
<gml:Point gml:id="K2_4741511793_2-g" srsName="fguuid:jgd2011.bl">
<gml:pos>32.766531389 131.711593056</gml:pos>
</gml:Point>
</pos>
<type>標高点（測点）</type>
<alti>548</alti>
</ElevPt>
<ElevPt gml:id="K2_4741511796_1">
<fid>47415-11796-i-11</fid>
<lfSpanFr gml:id="K2_4741511796_1-1">
<gml:timePosition>2020-11-25</gml:timePosition>
</lfSpanFr>
<devDate gml:id="K2_4741511796_1-2">
<gml:timePosition>2020-12-23</gml:timePosition>
</devDate>
<orgGILvl>25000</orgGILvl>
<vis>表示</vis>
<pos>
<gml:Point gml:id="K2_4741511796_1-g" srsName="fguuid:jgd2011.bl">
<gml:pos>32.773544722 131.712467222</gml:pos>
</gml:Point>
</pos>
<type>標高点（測点）</type>
<alti>533</alti>
</ElevPt>
<ElevPt gml:id="K2_4741511799_1">
<fid>47415-11799-i-6</fid>
<lfSpanFr gml:id="K2_4741511799_1-1">
<gml:timePosition>2013-12-10</gml:timePosition>
</lfSpanFr>
<devDate gml:id="K2_4741511799_1-2">
<gml:timePosition>2020-12-23</gml:timePosition>
</devDate>
<orgGILvl>25000</orgGILvl>
<vis>表示</vis>
<pos>
<gml:Point gml:id="K2_4741511799_1-g" srsName="fguuid:jgd2011.bl">
<gml:pos>32.777508611 131.714253611</gml:pos>
</gml:Point>
</pos>
<type>標高点（測点）</type>
<alti>444</alti>
</ElevPt>
<ElevPt gml:id="K2_4741511805_1">
<fid>47415-11805-i-64</fid>
<lfSpanFr gml:id="K2_4741511805_1-1">
<gml:timePosition>2020-11-25</gml:timePosition>
</lfSpanFr>
<devDate gml:id="K2_4741511805_1-2">
<gml:timePosition>2020-12-23</gml:timePosition>
</devDate>
<orgGILvl>25000</orgGILvl>
<vis>表示</vis>
<pos>
<gml:Point gml:id="K2_4741511805_1-g" srsName="fguuid:jgd2011.bl">
<gml:pos>32.797448333 131.716317778</gml:pos>
</gml:Point>
</pos>
<type>標高点（測点）</type>
<alti>118</alti>
</ElevPt>
<ElevPt gml:id="K2_4741511805_2">
<fid>47415-11805-i-65</fid>
<lfSpanFr gml:id="K2_4741511805_2-1">
<gml:timePosition>2020-11-25</gml:timePosition>
</lfSpanFr>
<devDate gml:id="K2_4741511805_2-2">
<gml:timePosition>2020-12-23</gml:timePosition>
</devDate>
<orgGILvl>25000</orgGILvl>
<vis>表示</vis>
<pos>
<gml:Point gml:id="K2_4741511805_2-g" srsName="fguuid:jgd2011.bl">
<gml:pos>32.798653333 131.708854722</gml:pos>
</gml:Point>
</pos>
<type>標高点（測点）</type>
<alti>314</alti>
</ElevPt>
<ElevPt gml:id="K2_4741511808_1">
<fid>47415-11808-i-3</fid>
<lfSpanFr gml:id="K2_4741511808_1-1">
<gml:timePosition>2013-12-10</gml:timePosition>
</lfSpanFr>
<devDate gml:id="K2_4741511808_1-2">
<gml:timePosition>2020-12-23</gml:timePosition>
</devDate>
<orgGILvl>25000</orgGILvl>
<vis>表示</vis>
<pos>
<gml:Point gml:id="K2_4741511808_1-g" srsName="fguuid:jgd2011.bl">
<gml:pos>32.803915556 131.709380556</gml:pos>
</gml:Point>
</pos>
<type>標高点（測点）</type>
<alti>401</alti>
</ElevPt>
<ElevPt gml:id="K2_4741511811_1">
<fid>47415-11811-i-6</fid>
<lfSpanFr gml:id="K2_4741511811_1-1">
<gml:timePosition>2013-12-10</gml:timePosition>
</lfSpanFr>
<devDate gml:id="K2_4741511811_1-2">
<gml:timePosition>2020-12-23</gml:timePosition>
</devDate>
<orgGILvl>25000</orgGILvl>
<vis>表示</vis>
<pos>
<gml:Point gml:id="K2_4741511811_1-g" srsName="fguuid:jgd2011.bl">
<gml:pos>32.811837500 131.710786944</gml:pos>
</gml:Point>
</pos>
<type>標高点（測点）</type>
<alti>301</alti>
</ElevPt>
<ElevPt gml:id="K2_4741811799_1">
<fid>47418-11799-i-39</fid>
<lfSpanFr gml:id="K2_4741811799_1-1">
<gml:timePosition>2020-11-25</gml:timePosition>
</lfSpanFr>
<devDate gml:id="K2_4741811799_1-2">
<gml:timePosition>2020-12-23</gml:timePosition>
</devDate>
<orgGILvl>25000</orgGILvl>
<vis>表示</vis>
<pos>
<gml:Point gml:id="K2_4741811799_1-g" srsName="fguuid:jgd2011.bl">
<gml:pos>32.779316667 131.723832222</gml:pos>
</gml:Point>
</pos>
<type>標高点（測点）</type>
<alti>48</alti>
</ElevPt>
<ElevPt gml:id="K2_4741811802_1">
<fid>47418-11802-i-5</fid>
<lfSpanFr gml:id="K2_4741811802_1-1">
<gml:timePosition>2013-12-10</gml:timePosition>
</lfSpanFr>
<devDate gml:id="K2_4741811802_1-2">
<gml:timePosition>2020-12-23</gml:timePosition>
</devDate>
<orgGILvl>25000</orgGILvl>
<vis>表示</vis>
<pos>
<gml:Point gml:id="K2_4741811802_1-g" srsName="fguuid:jgd2011.bl">
<gml:pos>32.791543889 131.719762778</gml:pos>
</gml:Point>
</pos>
<type>標高点（測点）</type>
<alti>384</alti>
</ElevPt>
<ElevPt gml:id="K2_4741811808_1">
<fid>47418-11808-i-3</fid>
<lfSpanFr gml:id="K2_4741811808_1-1">
<gml:timePosition>2013-12-10</gml:timePosition>
</lfSpanFr>
<devDate gml:id="K2_4741811808_1-2">
<gml:timePosition>2020-12-23</gml:timePosition>
</devDate>
<orgGILvl>25000</orgGILvl>
<vis>表示</vis>
<pos>
<gml:Point gml:id="K2_4741811808_1-g" srsName="fguuid:jgd2011.bl">
<gml:pos>32.807859722 131.722976389</gml:pos>
</gml:Point>
</pos>
<type>標高点（測点）</type>
<alti>365</alti>
</ElevPt>
<ElevPt gml:id="K2_4741811811_1">
<fid>47418-11811-i-4</fid>
<lfSpanFr gml:id="K2_4741811811_1-1">
<gml:timePosition>2013-12-10</gml:timePosition>
</lfSpanFr>
<devDate gml:id="K2_4741811811_1-2">
<gml:timePosition>2020-12-23</gml:timePosition>
</devDate>
<orgGILvl>25000</orgGILvl>
<vis>表示</vis>
<pos>
<gml:Point gml:id="K2_4741811811_1-g" srsName="fguuid:jgd2011.bl">
<gml:pos>32.814853611 131.719490833</gml:pos>
</gml:Point>
</pos>
<type>標高点（測点）</type>
<alti>301</alti>
</ElevPt>
<ElevPt gml:id="K2_4741811814_1">
<fid>47418-11814-i-2</fid>
<lfSpanFr gml:id="K2_4741811814_1-1">
<gml:timePosition>2013-12-10</gml:timePosition>
</lfSpanFr>
<devDate gml:id="K2_4741811814_1-2">
<gml:timePosition>2020-12-23</gml:timePosition>
</devDate>
<orgGILvl>25000</orgGILvl>
<vis>表示</vis>
<pos>
<gml:Point gml:id="K2_4741811814_1-g" srsName="fguuid:jgd2011.bl">
<gml:pos>32.821394444 131.723887778</gml:pos>
</gml:Point>
</pos>
<type>標高点（測点）</type>
<alti>197</alti>
</ElevPt>
<ElevPt gml:id="K2_4741811817_1">
<fid>47418-11817-i-4</fid>
<lfSpanFr gml:id="K2_4741811817_1-1">
<gml:timePosition>2013-12-10</gml:timePosition>
</lfSpanFr>
<devDate gml:id="K2_4741811817_1-2">
<gml:timePosition>2020-12-23</gml:timePosition>
</devDate>
<orgGILvl>25000</orgGILvl>
<vis>表示</vis>
<pos>
<gml:Point gml:id="K2_4741811817_1-g" srsName="fguuid:jgd2011.bl">
<gml:pos>32.833055833 131.720160833</gml:pos>
</gml:Point>
</pos>
<type>標高点（測点）</type>
<alti>314</alti>
</ElevPt>
<ElevPt gml:id="K2_4741811817_2">
<fid>47418-11817-i-5</fid>
<lfSpanFr gml:id="K2_4741811817_2-1">
<gml:timePosition>2013-12-10</gml:timePosition>
</lfSpanFr>
<devDate gml:id="K2_4741811817_2-2">
<gml:timePosition>2020-12-23</gml:timePosition>
</devDate>
<orgGILvl>25000</orgGILvl>
<vis>表示</vis>
<pos>
<gml:Point gml:id="K2_4741811817_2-g" srsName="fguuid:jgd2011.bl">
<gml:pos>32.826104722 131.719877500</gml:pos>
</gml:Point>
</pos>
<type>標高点（測点）</type>
<alti>384</alti>
</ElevPt>
<ElevPt gml:id="K2_4742111796_1">
<fid>47421-11796-i-100</fid>
<lfSpanFr gml:id="K2_4742111796_1-1">
<gml:timePosition>2020-11-25</gml:timePosition>
</lfSpanFr>
<devDate gml:id="K2_4742111796_1-2">
<gml:timePosition>2020-12-23</gml:timePosition>
</devDate>
<orgGILvl>25000</orgGILvl>
<vis>表示</vis>
<pos>
<gml:Point gml:id="K2_4742111796_1-g" srsName="fguuid:jgd2011.bl">
<gml:pos>32.771268056 131.726547222</gml:pos>
</gml:Point>
</pos>
<type>標高点（測点）</type>
<alti>46</alti>
</ElevPt>
<ElevPt gml:id="K2_4742111799_1">
<fid>47421-11799-i-2</fid>
<lfSpanFr gml:id="K2_4742111799_1-1">
<gml:timePosition>2013-12-10</gml:timePosition>
</lfSpanFr>
<devDate gml:id="K2_4742111799_1-2">
<gml:timePosition>2020-12-23</gml:timePosition>
</devDate>
<orgGILvl>25000</orgGILvl>
<vis>表示</vis>
<pos>
<gml:Point gml:id="K2_4742111799_1-g" srsName="fguuid:jgd2011.bl">
<gml:pos>32.783100556 131.726374167</gml:pos>
</gml:Point>
</pos>
<type>標高点（測点）</type>
<alti>56</alti>
</ElevPt>
<ElevPt gml:id="K2_4742111805_1">
<fid>47421-11805-i-3</fid>
<lfSpanFr gml:id="K2_4742111805_1-1">
<gml:timePosition>2013-12-10</gml:timePosition>
</lfSpanFr>
<devDate gml:id="K2_4742111805_1-2">
<gml:timePosition>2020-12-23</gml:timePosition>
</devDate>
<orgGILvl>25000</orgGILvl>
<vis>表示</vis>
<pos>
<gml:Point gml:id="K2_4742111805_1-g" srsName="fguuid:jgd2011.bl">
<gml:pos>32.795966389 131.726010833</gml:pos>
</gml:Point>
</pos>
<type>標高点（測点）</type>
<alti>425</alti>
</ElevPt>
<ElevPt gml:id="K2_4742111811_1">
<fid>47421-11811-i-5</fid>
<lfSpanFr gml:id="K2_4742111811_1-1">
<gml:timePosition>2013-12-10</gml:timePosition>
</lfSpanFr>
<devDate gml:id="K2_4742111811_1-2">
<gml:timePosition>2020-12-23</gml:timePosition>
</devDate>
<orgGILvl>25000</orgGILvl>
<vis>表示</vis>
<pos>
<gml:Point gml:id="K2_4742111811_1-g" srsName="fguuid:jgd2011.bl">
<gml:pos>32.810793611 131.730107222</gml:pos>
</gml:Point>
</pos>
<type>標高点（測点）</type>
<alti>458</alti>
</ElevPt>
<ElevPt gml:id="K2_4742111814_1">
<fid>47421-11814-i-6</fid>
<lfSpanFr gml:id="K2_4742111814_1-1">
<gml:timePosition>2013-12-10</gml:timePosition>
</lfSpanFr>
<devDate gml:id="K2_4742111814_1-2">
<gml:timePosition>2020-12-23</gml:timePosition>
</devDate>
<orgGILvl>25000</orgGILvl>
<vis>表示</vis>
<pos>
<gml:Point gml:id="K2_4742111814_1-g" srsName="fguuid:jgd2011.bl">
<gml:pos>32.816955556 131.727663056</gml:pos>
</gml:Point>
</pos>
<type>標高点（測点）</type>
<alti>412</alti>
</ElevPt>
<ElevPt gml:id="K2_4742111817_1">
<fid>47421-11817-i-3</fid>
<lfSpanFr gml:id="K2_4742111817_1-1">
<gml:timePosition>2013-12-10</gml:timePosition>
</lfSpanFr>
<devDate gml:id="K2_4742111817_1-2">
<gml:timePosition>2020-12-23</gml:timePosition>
</devDate>
<orgGILvl>25000</orgGILvl>
<vis>表示</vis>
<pos>
<gml:Point gml:id="K2_4742111817_1-g" srsName="fguuid:jgd2011.bl">
<gml:pos>32.827636111 131.729260278</gml:pos>
</gml:Point>
</pos>
<type>標高点（測点）</type>
<alti>444</alti>
</ElevPt>
<ElevPt gml:id="K2_4742411790_1">
<fid>47424-11790-i-3</fid>
<lfSpanFr gml:id="K2_4742411790_1-1">
<gml:timePosition>2013-12-10</gml:timePosition>
</lfSpanFr>
<devDate gml:id="K2_4742411790_1-2">
<gml:timePosition>2020-12-23</gml:timePosition>
</devDate>
<orgGILvl>25000</orgGILvl>
<vis>表示</vis>
<pos>
<gml:Point gml:id="K2_4742411790_1-g" srsName="fguuid:jgd2011.bl">
<gml:pos>32.758111389 131.740293889</gml:pos>
</gml:Point>
</pos>
<type>標高点（測点）</type>
<alti>488</alti>
</ElevPt>
<ElevPt gml:id="K2_4742411793_1">
<fid>47424-11793-i-1</fid>
<lfSpanFr gml:id="K2_4742411793_1-1">
<gml:timePosition>2013-12-10</gml:timePosition>
</lfSpanFr>
<devDate gml:id="K2_4742411793_1-2">
<gml:timePosition>2020-12-23</gml:timePosition>
</devDate>
<orgGILvl>25000</orgGILvl>
<vis>表示</vis>
<pos>
<gml:Point gml:id="K2_4742411793_1-g" srsName="fguuid:jgd2011.bl">
<gml:pos>32.763367222 131.736704167</gml:pos>
</gml:Point>
</pos>
<type>標高点（測点）</type>
<alti>381</alti>
</ElevPt>
<ElevPt gml:id="K2_4742411796_1">
<fid>47424-11796-i-32</fid>
<lfSpanFr gml:id="K2_4742411796_1-1">
<gml:timePosition>2020-11-25</gml:timePosition>
</lfSpanFr>
<devDate gml:id="K2_4742411796_1-2">
<gml:timePosition>2020-12-23</gml:timePosition>
</devDate>
<orgGILvl>25000</orgGILvl>
<vis>表示</vis>
<pos>
<gml:Point gml:id="K2_4742411796_1-g" srsName="fguuid:jgd2011.bl">
<gml:pos>32.774559722 131.735497778</gml:pos>
</gml:Point>
</pos>
<type>標高点（測点）</type>
<alti>48</alti>
</ElevPt>
<ElevPt gml:id="K2_4742411799_1">
<fid>47424-11799-i-1</fid>
<lfSpanFr gml:id="K2_4742411799_1-1">
<gml:timePosition>2013-12-10</gml:timePosition>
</lfSpanFr>
<devDate gml:id="K2_4742411799_1-2">
<gml:timePosition>2020-12-23</gml:timePosition>
</devDate>
<orgGILvl>25000</orgGILvl>
<vis>表示</vis>
<pos>
<gml:Point gml:id="K2_4742411799_1-g" srsName="fguuid:jgd2011.bl">
<gml:pos>32.779273056 131.741361944</gml:pos>
</gml:Point>
</pos>
<type>標高点（測点）</type>
<alti>349</alti>
</ElevPt>
<ElevPt gml:id="K2_4742411802_1">
<fid>47424-11802-i-2</fid>
<lfSpanFr gml:id="K2_4742411802_1-1">
<gml:timePosition>2013-12-10</gml:timePosition>
</lfSpanFr>
<devDate gml:id="K2_4742411802_1-2">
<gml:timePosition>2020-12-23</gml:timePosition>
</devDate>
<orgGILvl>25000</orgGILvl>
<vis>表示</vis>
<pos>
<gml:Point gml:id="K2_4742411802_1-g" srsName="fguuid:jgd2011.bl">
<gml:pos>32.787923056 131.734333333</gml:pos>
</gml:Point>
</pos>
<type>標高点（測点）</type>
<alti>125</alti>
</ElevPt>
<ElevPt gml:id="K2_4742411805_1">
<fid>47424-11805-i-27</fid>
<lfSpanFr gml:id="K2_4742411805_1-1">
<gml:timePosition>2020-11-25</gml:timePosition>
</lfSpanFr>
<devDate gml:id="K2_4742411805_1-2">
<gml:timePosition>2020-12-23</gml:timePosition>
</devDate>
<orgGILvl>25000</orgGILvl>
<vis>表示</vis>
<pos>
<gml:Point gml:id="K2_4742411805_1-g" srsName="fguuid:jgd2011.bl">
<gml:pos>32.799030278 131.739645556</gml:pos>
</gml:Point>
</pos>
<type>標高点（測点）</type>
<alti>128</alti>
</ElevPt>
<ElevPt gml:id="K2_4742411805_2">
<fid>47424-11805-i-28</fid>
<lfSpanFr gml:id="K2_4742411805_2-1">
<gml:timePosition>2020-11-25</gml:timePosition>
</lfSpanFr>
<devDate gml:id="K2_4742411805_2-2">
<gml:timePosition>2020-12-23</gml:timePosition>
</devDate>
<orgGILvl>25000</orgGILvl>
<vis>表示</vis>
<pos>
<gml:Point gml:id="K2_4742411805_2-g" srsName="fguuid:jgd2011.bl">
<gml:pos>32.792486972 131.738121667</gml:pos>
</gml:Point>
</pos>
<type>標高点（測点）</type>
<alti>78</alti>
</ElevPt>
<ElevPt gml:id="K2_4742411808_1">
<fid>47424-11808-i-1</fid>
<lfSpanFr gml:id="K2_4742411808_1-1">
<gml:timePosition>2013-12-10</gml:timePosition>
</lfSpanFr>
<devDate gml:id="K2_4742411808_1-2">
<gml:timePosition>2020-12-23</gml:timePosition>
</devDate>
<orgGILvl>25000</orgGILvl>
<vis>表示</vis>
<pos>
<gml:Point gml:id="K2_4742411808_1-g" srsName="fguuid:jgd2011.bl">
<gml:pos>32.803103056 131.735686667</gml:pos>
</gml:Point>
</pos>
<type>標高点（測点）</type>
<alti>356</alti>
</ElevPt>
<ElevPt gml:id="K2_4742411811_1">
<fid>47424-11811-i-3</fid>
<lfSpanFr gml:id="K2_4742411811_1-1">
<gml:timePosition>2013-12-10</gml:timePosition>
</lfSpanFr>
<devDate gml:id="K2_4742411811_1-2">
<gml:timePosition>2020-12-23</gml:timePosition>
</devDate>
<orgGILvl>25000</orgGILvl>
<vis>表示</vis>
<pos>
<gml:Point gml:id="K2_4742411811_1-g" srsName="fguuid:jgd2011.bl">
<gml:pos>32.815083056 131.739467778</gml:pos>
</gml:Point>
</pos>
<type>標高点（測点）</type>
<alti>408</alti>
</ElevPt>
<ElevPt gml:id="K2_4742411817_1">
<fid>47424-11817-i-23</fid>
<lfSpanFr gml:id="K2_4742411817_1-1">
<gml:timePosition>2016-08-23</gml:timePosition>
</lfSpanFr>
<devDate gml:id="K2_4742411817_1-2">
<gml:timePosition>2020-12-23</gml:timePosition>
</devDate>
<orgGILvl>25000</orgGILvl>
<vis>表示</vis>
<pos>
<gml:Point gml:id="K2_4742411817_1-g" srsName="fguuid:jgd2011.bl">
<gml:pos>32.832713889 131.739350278</gml:pos>
</gml:Point>
</pos>
<type>標高点（測点）</type>
<alti>492</alti>
</ElevPt>
<ElevPt gml:id="K2_4742711790_1">
<fid>47427-11790-i-7</fid>
<lfSpanFr gml:id="K2_4742711790_1-1">
<gml:timePosition>2013-12-10</gml:timePosition>
</lfSpanFr>
<devDate gml:id="K2_4742711790_1-2">
<gml:timePosition>2020-12-23</gml:timePosition>
</devDate>
<orgGILvl>25000</orgGILvl>
<vis>表示</vis>
<pos>
<gml:Point gml:id="K2_4742711790_1-g" srsName="fguuid:jgd2011.bl">
<gml:pos>32.756338889 131.749163611</gml:pos>
</gml:Point>
</pos>
<type>標高点（測点）</type>
<alti>434</alti>
</ElevPt>
<ElevPt gml:id="K2_4742711790_2">
<fid>47427-11790-i-8</fid>
<lfSpanFr gml:id="K2_4742711790_2-1">
<gml:timePosition>2013-12-10</gml:timePosition>
</lfSpanFr>
<devDate gml:id="K2_4742711790_2-2">
<gml:timePosition>2020-12-23</gml:timePosition>
</devDate>
<orgGILvl>25000</orgGILvl>
<vis>表示</vis>
<pos>
<gml:Point gml:id="K2_4742711790_2-g" srsName="fguuid:jgd2011.bl">
<gml:pos>32.752778889 131.747066667</gml:pos>
</gml:Point>
</pos>
<type>標高点（測点）</type>
<alti>528</alti>
</ElevPt>
<ElevPt gml:id="K2_4742711796_1">
<fid>47427-11796-i-11</fid>
<lfSpanFr gml:id="K2_4742711796_1-1">
<gml:timePosition>2013-12-10</gml:timePosition>
</lfSpanFr>
<devDate gml:id="K2_4742711796_1-2">
<gml:timePosition>2020-12-23</gml:timePosition>
</devDate>
<orgGILvl>25000</orgGILvl>
<vis>表示</vis>
<pos>
<gml:Point gml:id="K2_4742711796_1-g" srsName="fguuid:jgd2011.bl">
<gml:pos>32.770739722 131.741841944</gml:pos>
</gml:Point>
</pos>
<type>標高点（測点）</type>
<alti>49</alti>
</ElevPt>
<ElevPt gml:id="K2_4742711802_1">
<fid>47427-11802-i-1</fid>
<lfSpanFr gml:id="K2_4742711802_1-1">
<gml:timePosition>2013-12-10</gml:timePosition>
</lfSpanFr>
<devDate gml:id="K2_4742711802_1-2">
<gml:timePosition>2020-12-23</gml:timePosition>
</devDate>
<orgGILvl>25000</orgGILvl>
<vis>表示</vis>
<pos>
<gml:Point gml:id="K2_4742711802_1-g" srsName="fguuid:jgd2011.bl">
<gml:pos>32.788751944 131.746195278</gml:pos>
</gml:Point>
</pos>
<type>標高点（測点）</type>
<alti>379</alti>
</ElevPt>
<ElevPt gml:id="K2_4742711805_1">
<fid>47427-11805-i-1</fid>
<lfSpanFr gml:id="K2_4742711805_1-1">
<gml:timePosition>2013-12-10</gml:timePosition>
</lfSpanFr>
<devDate gml:id="K2_4742711805_1-2">
<gml:timePosition>2020-12-23</gml:timePosition>
</devDate>
<orgGILvl>25000</orgGILvl>
<vis>表示</vis>
<pos>
<gml:Point gml:id="K2_4742711805_1-g" srsName="fguuid:jgd2011.bl">
<gml:pos>32.795131111 131.746248333</gml:pos>
</gml:Point>
</pos>
<type>標高点（測点）</type>
<alti>334</alti>
</ElevPt>
<ElevPt gml:id="K2_4742711805_2">
<fid>47427-11805-i-2</fid>
<lfSpanFr gml:id="K2_4742711805_2-1">
<gml:timePosition>2013-12-10</gml:timePosition>
</lfSpanFr>
<devDate gml:id="K2_4742711805_2-2">
<gml:timePosition>2020-12-23</gml:timePosition>
</devDate>
<orgGILvl>25000</orgGILvl>
<vis>表示</vis>
<pos>
<gml:Point gml:id="K2_4742711805_2-g" srsName="fguuid:jgd2011.bl">
<gml:pos>32.797072500 131.749358889</gml:pos>
</gml:Point>
</pos>
<type>標高点（測点）</type>
<alti>314</alti>
</ElevPt>
<ElevPt gml:id="K2_4742711811_1">
<fid>47427-11811-i-45</fid>
<lfSpanFr gml:id="K2_4742711811_1-1">
<gml:timePosition>2020-11-25</gml:timePosition>
</lfSpanFr>
<devDate gml:id="K2_4742711811_1-2">
<gml:timePosition>2020-12-23</gml:timePosition>
</devDate>
<orgGILvl>25000</orgGILvl>
<vis>表示</vis>
<pos>
<gml:Point gml:id="K2_4742711811_1-g" srsName="fguuid:jgd2011.bl">
<gml:pos>32.816135278 131.746241667</gml:pos>
</gml:Point>
</pos>
<type>標高点（測点）</type>
<alti>181</alti>
</ElevPt>
<ElevPt gml:id="K2_4742711811_2">
<fid>47427-11811-i-46</fid>
<lfSpanFr gml:id="K2_4742711811_2-1">
<gml:timePosition>2020-11-25</gml:timePosition>
</lfSpanFr>
<devDate gml:id="K2_4742711811_2-2">
<gml:timePosition>2020-12-23</gml:timePosition>
</devDate>
<orgGILvl>25000</orgGILvl>
<vis>表示</vis>
<pos>
<gml:Point gml:id="K2_4742711811_2-g" srsName="fguuid:jgd2011.bl">
<gml:pos>32.808749444 131.742765000</gml:pos>
</gml:Point>
</pos>
<type>標高点（測点）</type>
<alti>191</alti>
</ElevPt>
<ElevPt gml:id="K2_4742711814_1">
<fid>47427-11814-i-3</fid>
<lfSpanFr gml:id="K2_4742711814_1-1">
<gml:timePosition>2013-12-10</gml:timePosition>
</lfSpanFr>
<devDate gml:id="K2_4742711814_1-2">
<gml:timePosition>2020-12-23</gml:timePosition>
</devDate>
<orgGILvl>25000</orgGILvl>
<vis>表示</vis>
<pos>
<gml:Point gml:id="K2_4742711814_1-g" srsName="fguuid:jgd2011.bl">
<gml:pos>32.823152222 131.745408889</gml:pos>
</gml:Point>
</pos>
<type>標高点（測点）</type>
<alti>391</alti>
</ElevPt>
<ElevPt gml:id="K2_4742711817_1">
<fid>47427-11817-i-4</fid>
<lfSpanFr gml:id="K2_4742711817_1-1">
<gml:timePosition>2013-12-10</gml:timePosition>
</lfSpanFr>
<devDate gml:id="K2_4742711817_1-2">
<gml:timePosition>2020-12-23</gml:timePosition>
</devDate>
<orgGILvl>25000</orgGILvl>
<vis>表示</vis>
<pos>
<gml:Point gml:id="K2_4742711817_1-g" srsName="fguuid:jgd2011.bl">
<gml:pos>32.831690833 131.749237778</gml:pos>
</gml:Point>
</pos>
<type>標高点（測点）</type>
<alti>511</alti>
</ElevPt>
</Dataset>
