<?xml version="1.0" encoding="utf-8"?>
<Dataset xsi:schemaLocation="http://fgd.gsi.go.jp/spec/2008/FGD_GMLSchema FGD_GMLSchema.xsd"
	xmlns:gml="http://www.opengis.net/gml/3.2"
	xmlns:xsi="http://www.w3.org/2001/XMLSchema-instance"
	xmlns:xlink="http://www.w3.org/1999/xlink"
	xmlns="http://fgd.gsi.go.jp/spec/2008/FGD_GMLSchema"
	gml:id="Dataset1">
  <gml:description>基盤地図情報メタデータ ID=fmdid:21-0101</gml:description>
  <gml:name>基盤地図情報ダウンロードデータ（GML版）</gml:name>
<GCP gml:id="K1_493115_1">
<fid>10-00100-0-2012-5153</fid>
<lfSpanFr gml:id="K1_493115_1-1">
<gml:timePosition>2020-12-21</gml:timePosition>
</lfSpanFr>
<devDate gml:id="K1_493115_1-2">
<gml:timePosition>2020-12-23</gml:timePosition>
</devDate>
<orgGILvl>SJ11</orgGILvl>
<vis>表示</vis>
<pos>
<gml:Point gml:id="K1_493115_1-g" srsName="fguuid:jgd2011.bl">
<gml:pos>32.757052944 131.701661861</gml:pos>
</gml:Point>
</pos>
<orgName>国土地理院</orgName>
<type>水準点</type>
<gcpClass>一等水準点</gcpClass>
<gcpCode>L010000002593</gcpCode>
<name>２５９３</name>
<B>117925.3906</B>
<L>474125.9827</L>
<alti>41.9692</alti>
<altiAcc>4</altiAcc>
</GCP>
<GCP gml:id="K1_493115_2">
<fid>10-00100-0-2012-5154</fid>
<lfSpanFr gml:id="K1_493115_2-1">
<gml:timePosition>2020-12-21</gml:timePosition>
</lfSpanFr>
<devDate gml:id="K1_493115_2-2">
<gml:timePosition>2020-12-23</gml:timePosition>
</devDate>
<orgGILvl>SJ11</orgGILvl>
<vis>表示</vis>
<pos>
<gml:Point gml:id="K1_493115_2-g" srsName="fguuid:jgd2011.bl">
<gml:pos>32.772341917 131.695459611</gml:pos>
</gml:Point>
</pos>
<orgName>国土地理院</orgName>
<type>水準点</type>
<gcpClass>一等水準点</gcpClass>
<gcpCode>L010000002594</gcpCode>
<name>２５９４</name>
<B>117980.4309</B>
<L>474103.6546</L>
<alti>76.7584</alti>
<altiAcc>4</altiAcc>
</GCP>
<GCP gml:id="K1_493115_3">
<fid>10-00100-0-2012-5155</fid>
<lfSpanFr gml:id="K1_493115_3-1">
<gml:timePosition>2020-12-21</gml:timePosition>
</lfSpanFr>
<devDate gml:id="K1_493115_3-2">
<gml:timePosition>2020-12-23</gml:timePosition>
</devDate>
<orgGILvl>SJ11</orgGILvl>
<vis>表示</vis>
<pos>
<gml:Point gml:id="K1_493115_3-g" srsName="fguuid:jgd2011.bl">
<gml:pos>32.782906944 131.705360111</gml:pos>
</gml:Point>
</pos>
<orgName>国土地理院</orgName>
<type>水準点</type>
<gcpClass>一等水準点</gcpClass>
<gcpCode>L010000002595</gcpCode>
<name>２５９５</name>
<B>118018.465</B>
<L>474139.2964</L>
<alti>94.0389</alti>
<altiAcc>4</altiAcc>
</GCP>
<GCP gml:id="K1_493115_4">
<fid>10-00100-0-2012-5156</fid>
<lfSpanFr gml:id="K1_493115_4-1">
<gml:timePosition>2020-12-21</gml:timePosition>
</lfSpanFr>
<devDate gml:id="K1_493115_4-2">
<gml:timePosition>2020-12-23</gml:timePosition>
</devDate>
<orgGILvl>SJ11</orgGILvl>
<vis>表示</vis>
<pos>
<gml:Point gml:id="K1_493115_4-g" srsName="fguuid:jgd2011.bl">
<gml:pos>32.792462667 131.713520722</gml:pos>
</gml:Point>
</pos>
<orgName>国土地理院</orgName>
<type>水準点</type>
<gcpClass>一等水準点</gcpClass>
<gcpCode>L010000002596</gcpCode>
<name>２５９６</name>
<B>118052.8656</B>
<L>474168.6746</L>
<alti>128.737</alti>
<altiAcc>4</altiAcc>
</GCP>
<GCP gml:id="K1_493115_5">
<fid>10-00100-0-2012-5157</fid>
<lfSpanFr gml:id="K1_493115_5-1">
<gml:timePosition>2020-12-21</gml:timePosition>
</lfSpanFr>
<devDate gml:id="K1_493115_5-2">
<gml:timePosition>2020-12-23</gml:timePosition>
</devDate>
<orgGILvl>SJ11</orgGILvl>
<vis>表示</vis>
<pos>
<gml:Point gml:id="K1_493115_5-g" srsName="fguuid:jgd2011.bl">
<gml:pos>32.804254472 131.716651278</gml:pos>
</gml:Point>
</pos>
<orgName>国土地理院</orgName>
<type>水準点</type>
<gcpClass>一等水準点</gcpClass>
<gcpCode>L010000002597</gcpCode>
<name>２５９７</name>
<B>118095.3161</B>
<L>474179.9446</L>
<alti>132.4062</alti>
<altiAcc>4</altiAcc>
</GCP>
<GCP gml:id="K1_493115_6">
<fid>10-00100-0-2012-5158</fid>
<lfSpanFr gml:id="K1_493115_6-1">
<gml:timePosition>2020-12-21</gml:timePosition>
</lfSpanFr>
<devDate gml:id="K1_493115_6-2">
<gml:timePosition>2020-12-23</gml:timePosition>
</devDate>
<orgGILvl>SJ11</orgGILvl>
<vis>表示</vis>
<pos>
<gml:Point gml:id="K1_493115_6-g" srsName="fguuid:jgd2011.bl">
<gml:pos>32.818374750 131.716342944</gml:pos>
</gml:Point>
</pos>
<orgName>国土地理院</orgName>
<type>水準点</type>
<gcpClass>一等水準点</gcpClass>
<gcpCode>L010000002598</gcpCode>
<name>２５９８</name>
<B>118146.1491</B>
<L>474178.8346</L>
<alti>169.2169</alti>
<altiAcc>4</altiAcc>
</GCP>
<GCP gml:id="K1_493115_7">
<fid>10-00100-0-2012-5159</fid>
<lfSpanFr gml:id="K1_493115_7-1">
<gml:timePosition>2020-12-21</gml:timePosition>
</lfSpanFr>
<devDate gml:id="K1_493115_7-2">
<gml:timePosition>2020-12-23</gml:timePosition>
</devDate>
<orgGILvl>SJ11</orgGILvl>
<vis>表示</vis>
<pos>
<gml:Point gml:id="K1_493115_7-g" srsName="fguuid:jgd2011.bl">
<gml:pos>32.828380278 131.715990861</gml:pos>
</gml:Point>
</pos>
<orgName>国土地理院</orgName>
<type>水準点</type>
<gcpClass>一等水準点</gcpClass>
<gcpCode>L010000002599</gcpCode>
<name>２５９９</name>
<B>118182.169</B>
<L>474177.5671</L>
<alti>190.2647</alti>
<altiAcc>4</altiAcc>
</GCP>
<GCP gml:id="K1_493115_8">
<fid>10-00100-0-2012-17264</fid>
<lfSpanFr gml:id="K1_493115_8-1">
<gml:timePosition>2020-12-21</gml:timePosition>
</lfSpanFr>
<devDate gml:id="K1_493115_8-2">
<gml:timePosition>2020-12-23</gml:timePosition>
</devDate>
<orgGILvl>SJ11</orgGILvl>
<vis>表示</vis>
<pos>
<gml:Point gml:id="K1_493115_8-g" srsName="fguuid:jgd2011.bl">
<gml:pos>32.830972389 131.715686444</gml:pos>
</gml:Point>
</pos>
<orgName>国土地理院</orgName>
<type>水準点</type>
<gcpClass>一等水準点</gcpClass>
<gcpCode>L04000010-213</gcpCode>
<name>０１０－２１３</name>
<B>118191.5006</B>
<L>474176.4712</L>
<alti>198.787</alti>
<altiAcc>4</altiAcc>
</GCP>
<GCP gml:id="K1_493115_9">
<fid>10-00100-0-2012-17265</fid>
<lfSpanFr gml:id="K1_493115_9-1">
<gml:timePosition>2020-12-21</gml:timePosition>
</lfSpanFr>
<devDate gml:id="K1_493115_9-2">
<gml:timePosition>2020-12-23</gml:timePosition>
</devDate>
<orgGILvl>SJ11</orgGILvl>
<vis>表示</vis>
<pos>
<gml:Point gml:id="K1_493115_9-g" srsName="fguuid:jgd2011.bl">
<gml:pos>32.824718611 131.713915056</gml:pos>
</gml:Point>
</pos>
<orgName>国土地理院</orgName>
<type>水準点</type>
<gcpClass>一等水準点</gcpClass>
<gcpCode>L04000010-214</gcpCode>
<name>０１０－２１４</name>
<B>118168.987</B>
<L>474170.0942</L>
<alti>180.5047</alti>
<altiAcc>4</altiAcc>
</GCP>
<GCP gml:id="K1_493115_10">
<fid>10-00100-0-2012-17266</fid>
<lfSpanFr gml:id="K1_493115_10-1">
<gml:timePosition>2020-12-21</gml:timePosition>
</lfSpanFr>
<devDate gml:id="K1_493115_10-2">
<gml:timePosition>2020-12-23</gml:timePosition>
</devDate>
<orgGILvl>SJ11</orgGILvl>
<vis>表示</vis>
<pos>
<gml:Point gml:id="K1_493115_10-g" srsName="fguuid:jgd2011.bl">
<gml:pos>32.782654306 131.704273833</gml:pos>
</gml:Point>
</pos>
<orgName>国土地理院</orgName>
<type>水準点</type>
<gcpClass>一等水準点</gcpClass>
<gcpCode>L04000010-220</gcpCode>
<name>０１０－２２０</name>
<B>118017.5555</B>
<L>474135.3858</L>
<alti>95.4482</alti>
<altiAcc>4</altiAcc>
</GCP>
<GCP gml:id="K1_493115_11">
<fid>10-00100-0-2012-17267</fid>
<lfSpanFr gml:id="K1_493115_11-1">
<gml:timePosition>2020-12-21</gml:timePosition>
</lfSpanFr>
<devDate gml:id="K1_493115_11-2">
<gml:timePosition>2020-12-23</gml:timePosition>
</devDate>
<orgGILvl>SJ11</orgGILvl>
<vis>表示</vis>
<pos>
<gml:Point gml:id="K1_493115_11-g" srsName="fguuid:jgd2011.bl">
<gml:pos>32.762831889 131.699673583</gml:pos>
</gml:Point>
</pos>
<orgName>国土地理院</orgName>
<type>水準点</type>
<gcpClass>一等水準点</gcpClass>
<gcpCode>L04000010-223</gcpCode>
<name>０１０－２２３</name>
<B>117946.1948</B>
<L>474118.8249</L>
<alti>47.8696</alti>
<altiAcc>4</altiAcc>
</GCP>
<GCP gml:id="K1_493115_12">
<fid>10-00100-0-2012-21809</fid>
<lfSpanFr gml:id="K1_493115_12-1">
<gml:timePosition>2020-12-21</gml:timePosition>
</lfSpanFr>
<devDate gml:id="K1_493115_12-2">
<gml:timePosition>2020-12-23</gml:timePosition>
</devDate>
<orgGILvl>KJ12</orgGILvl>
<vis>表示</vis>
<pos>
<gml:Point gml:id="K1_493115_12-g" srsName="fguuid:jgd2011.bl">
<gml:pos>32.753660778 131.741419028</gml:pos>
</gml:Point>
</pos>
<orgName>国土地理院</orgName>
<type>三角点</type>
<gcpClass>二等三角点</gcpClass>
<gcpCode>TR24931150901</gcpCode>
<name>寺尾山</name>
<B>117913.1788</B>
<L>474269.1085</L>
<alti>510.19</alti>
<altiAcc>2</altiAcc>
</GCP>
<GCP gml:id="K1_493115_13">
<fid>10-00100-0-2012-21810</fid>
<lfSpanFr gml:id="K1_493115_13-1">
<gml:timePosition>2020-12-21</gml:timePosition>
</lfSpanFr>
<devDate gml:id="K1_493115_13-2">
<gml:timePosition>2020-12-23</gml:timePosition>
</devDate>
<orgGILvl>KJ12</orgGILvl>
<vis>表示</vis>
<pos>
<gml:Point gml:id="K1_493115_13-g" srsName="fguuid:jgd2011.bl">
<gml:pos>32.785699111 131.629827306</gml:pos>
</gml:Point>
</pos>
<orgName>国土地理院</orgName>
<type>三角点</type>
<gcpClass>二等三角点</gcpClass>
<gcpCode>TR24931154001</gcpCode>
<name>扇山</name>
<B>118028.5168</B>
<L>473867.3783</L>
<alti>746.53</alti>
<altiAcc>2</altiAcc>
</GCP>
<GCP gml:id="K1_493115_14">
<fid>10-00100-0-2012-21811</fid>
<lfSpanFr gml:id="K1_493115_14-1">
<gml:timePosition>2020-12-21</gml:timePosition>
</lfSpanFr>
<devDate gml:id="K1_493115_14-2">
<gml:timePosition>2020-12-23</gml:timePosition>
</devDate>
<orgGILvl>KJ12</orgGILvl>
<vis>表示</vis>
<pos>
<gml:Point gml:id="K1_493115_14-g" srsName="fguuid:jgd2011.bl">
<gml:pos>32.833081444 131.744512306</gml:pos>
</gml:Point>
</pos>
<orgName>国土地理院</orgName>
<type>三角点</type>
<gcpClass>二等三角点</gcpClass>
<gcpCode>TR24931159901</gcpCode>
<name>中之嶺</name>
<B>118199.0932</B>
<L>474280.2443</L>
<alti>548.59</alti>
<altiAcc>2</altiAcc>
</GCP>
<GCP gml:id="K1_493115_15">
<fid>10-00100-0-2012-29073</fid>
<lfSpanFr gml:id="K1_493115_15-1">
<gml:timePosition>2020-12-21</gml:timePosition>
</lfSpanFr>
<devDate gml:id="K1_493115_15-2">
<gml:timePosition>2020-12-23</gml:timePosition>
</devDate>
<orgGILvl>KJ13</orgGILvl>
<vis>表示</vis>
<pos>
<gml:Point gml:id="K1_493115_15-g" srsName="fguuid:jgd2011.bl">
<gml:pos>32.756853361 131.711518806</gml:pos>
</gml:Point>
</pos>
<orgName>国土地理院</orgName>
<type>三角点</type>
<gcpClass>三等三角点</gcpClass>
<gcpCode>TR34931150601</gcpCode>
<name>岩窓山</name>
<B>117924.6721</B>
<L>474161.4677</L>
<alti>446.81</alti>
<altiAcc>2</altiAcc>
</GCP>
<GCP gml:id="K1_493115_16">
<fid>10-00100-0-2012-29074</fid>
<lfSpanFr gml:id="K1_493115_16-1">
<gml:timePosition>2020-12-21</gml:timePosition>
</lfSpanFr>
<devDate gml:id="K1_493115_16-2">
<gml:timePosition>2020-12-23</gml:timePosition>
</devDate>
<orgGILvl>KJ13</orgGILvl>
<vis>表示</vis>
<pos>
<gml:Point gml:id="K1_493115_16-g" srsName="fguuid:jgd2011.bl">
<gml:pos>32.761965917 131.652411833</gml:pos>
</gml:Point>
</pos>
<orgName>国土地理院</orgName>
<type>三角点</type>
<gcpClass>三等三角点</gcpClass>
<gcpCode>TR34931151201</gcpCode>
<name>堀切山</name>
<B>117943.0773</B>
<L>473948.6826</L>
<alti>591.25</alti>
<altiAcc>2</altiAcc>
</GCP>
<GCP gml:id="K1_493115_17">
<fid>10-00100-0-2012-29075</fid>
<lfSpanFr gml:id="K1_493115_17-1">
<gml:timePosition>2020-12-21</gml:timePosition>
</lfSpanFr>
<devDate gml:id="K1_493115_17-2">
<gml:timePosition>2020-12-23</gml:timePosition>
</devDate>
<orgGILvl>KJ13</orgGILvl>
<vis>表示</vis>
<pos>
<gml:Point gml:id="K1_493115_17-g" srsName="fguuid:jgd2011.bl">
<gml:pos>32.768190889 131.670718250</gml:pos>
</gml:Point>
</pos>
<orgName>国土地理院</orgName>
<type>三角点</type>
<gcpClass>三等三角点</gcpClass>
<gcpCode>TR34931152301</gcpCode>
<name>切込山</name>
<B>117965.4872</B>
<L>474014.5857</L>
<alti>736.15</alti>
<altiAcc>2</altiAcc>
</GCP>
<GCP gml:id="K1_493115_18">
<fid>10-00100-0-2012-29076</fid>
<lfSpanFr gml:id="K1_493115_18-1">
<gml:timePosition>2020-12-21</gml:timePosition>
</lfSpanFr>
<devDate gml:id="K1_493115_18-2">
<gml:timePosition>2020-12-23</gml:timePosition>
</devDate>
<orgGILvl>KJ13</orgGILvl>
<vis>表示</vis>
<pos>
<gml:Point gml:id="K1_493115_18-g" srsName="fguuid:jgd2011.bl">
<gml:pos>32.780173194 131.693538139</gml:pos>
</gml:Point>
</pos>
<orgName>国土地理院</orgName>
<type>三角点</type>
<gcpClass>三等三角点</gcpClass>
<gcpCode>TR34931153501</gcpCode>
<name>西栂目</name>
<B>118008.6235</B>
<L>474096.7373</L>
<alti>398.53</alti>
<altiAcc>2</altiAcc>
</GCP>
<GCP gml:id="K1_493115_19">
<fid>10-00100-0-2012-29077</fid>
<lfSpanFr gml:id="K1_493115_19-1">
<gml:timePosition>2020-12-21</gml:timePosition>
</lfSpanFr>
<devDate gml:id="K1_493115_19-2">
<gml:timePosition>2020-12-23</gml:timePosition>
</devDate>
<orgGILvl>KJ13</orgGILvl>
<vis>表示</vis>
<pos>
<gml:Point gml:id="K1_493115_19-g" srsName="fguuid:jgd2011.bl">
<gml:pos>32.806563528 131.648197306</gml:pos>
</gml:Point>
</pos>
<orgName>国土地理院</orgName>
<type>三角点</type>
<gcpClass>三等三角点</gcpClass>
<gcpCode>TR34931156101</gcpCode>
<name>長峰</name>
<B>118103.6287</B>
<L>473933.5103</L>
<alti>501.55</alti>
<altiAcc>2</altiAcc>
</GCP>
<GCP gml:id="K1_493115_20">
<fid>10-00100-0-2012-29078</fid>
<lfSpanFr gml:id="K1_493115_20-1">
<gml:timePosition>2020-12-21</gml:timePosition>
</lfSpanFr>
<devDate gml:id="K1_493115_20-2">
<gml:timePosition>2020-12-23</gml:timePosition>
</devDate>
<orgGILvl>KJ13</orgGILvl>
<vis>表示</vis>
<pos>
<gml:Point gml:id="K1_493115_20-g" srsName="fguuid:jgd2011.bl">
<gml:pos>32.807139250 131.681055111</gml:pos>
</gml:Point>
</pos>
<orgName>国土地理院</orgName>
<type>三角点</type>
<gcpClass>三等三角点</gcpClass>
<gcpCode>TR34931156401</gcpCode>
<name>赤松</name>
<B>118105.7013</B>
<L>474051.7984</L>
<alti>501.12</alti>
<altiAcc>2</altiAcc>
</GCP>
<GCP gml:id="K1_493115_21">
<fid>10-00100-0-2012-29079</fid>
<lfSpanFr gml:id="K1_493115_21-1">
<gml:timePosition>2020-12-21</gml:timePosition>
</lfSpanFr>
<devDate gml:id="K1_493115_21-2">
<gml:timePosition>2020-12-23</gml:timePosition>
</devDate>
<orgGILvl>KJ13</orgGILvl>
<vis>表示</vis>
<pos>
<gml:Point gml:id="K1_493115_21-g" srsName="fguuid:jgd2011.bl">
<gml:pos>32.800135611 131.729774361</gml:pos>
</gml:Point>
</pos>
<orgName>国土地理院</orgName>
<type>三角点</type>
<gcpClass>三等三角点</gcpClass>
<gcpCode>TR34931156801</gcpCode>
<name>椎葉山</name>
<B>118080.4882</B>
<L>474227.1877</L>
<alti>459.8</alti>
<altiAcc>2</altiAcc>
</GCP>
<GCP gml:id="K1_493115_22">
<fid>10-00100-0-2012-29080</fid>
<lfSpanFr gml:id="K1_493115_22-1">
<gml:timePosition>2020-12-21</gml:timePosition>
</lfSpanFr>
<devDate gml:id="K1_493115_22-2">
<gml:timePosition>2020-12-23</gml:timePosition>
</devDate>
<orgGILvl>KJ13</orgGILvl>
<vis>表示</vis>
<pos>
<gml:Point gml:id="K1_493115_22-g" srsName="fguuid:jgd2011.bl">
<gml:pos>32.820333917 131.626509000</gml:pos>
</gml:Point>
</pos>
<orgName>国土地理院</orgName>
<type>三角点</type>
<gcpClass>三等三角点</gcpClass>
<gcpCode>TR34931158001</gcpCode>
<name>池ノ先</name>
<B>118153.2021</B>
<L>473855.4324</L>
<alti>243.9</alti>
<altiAcc>2</altiAcc>
</GCP>
<GCP gml:id="K1_493115_23">
<fid>10-00100-0-2012-66801</fid>
<lfSpanFr gml:id="K1_493115_23-1">
<gml:timePosition>2020-12-21</gml:timePosition>
</lfSpanFr>
<devDate gml:id="K1_493115_23-2">
<gml:timePosition>2020-12-23</gml:timePosition>
</devDate>
<orgGILvl>KJ14</orgGILvl>
<vis>表示</vis>
<pos>
<gml:Point gml:id="K1_493115_23-g" srsName="fguuid:jgd2011.bl">
<gml:pos>32.757985278 131.635246278</gml:pos>
</gml:Point>
</pos>
<orgName>国土地理院</orgName>
<type>三角点</type>
<gcpClass>四等三角点</gcpClass>
<gcpCode>TR44931150001</gcpCode>
<name>躑躅谷山</name>
<B>117928.747</B>
<L>473886.8866</L>
<alti>373.22</alti>
<altiAcc>2</altiAcc>
</GCP>
<GCP gml:id="K1_493115_24">
<fid>10-00100-0-2012-66802</fid>
<lfSpanFr gml:id="K1_493115_24-1">
<gml:timePosition>2020-12-21</gml:timePosition>
</lfSpanFr>
<devDate gml:id="K1_493115_24-2">
<gml:timePosition>2020-12-23</gml:timePosition>
</devDate>
<orgGILvl>KJ14</orgGILvl>
<vis>表示</vis>
<pos>
<gml:Point gml:id="K1_493115_24-g" srsName="fguuid:jgd2011.bl">
<gml:pos>32.752432389 131.671752000</gml:pos>
</gml:Point>
</pos>
<orgName>国土地理院</orgName>
<type>三角点</type>
<gcpClass>四等三角点</gcpClass>
<gcpCode>TR44931150301</gcpCode>
<name>畑葉山</name>
<B>117908.7566</B>
<L>474018.3072</L>
<alti>639.48</alti>
<altiAcc>2</altiAcc>
</GCP>
<GCP gml:id="K1_493115_25">
<fid>10-00100-0-2012-66803</fid>
<lfSpanFr gml:id="K1_493115_25-1">
<gml:timePosition>2020-12-21</gml:timePosition>
</lfSpanFr>
<devDate gml:id="K1_493115_25-2">
<gml:timePosition>2020-12-23</gml:timePosition>
</devDate>
<orgGILvl>KJ14</orgGILvl>
<vis>表示</vis>
<pos>
<gml:Point gml:id="K1_493115_25-g" srsName="fguuid:jgd2011.bl">
<gml:pos>32.755320639 131.687584083</gml:pos>
</gml:Point>
</pos>
<orgName>国土地理院</orgName>
<type>三角点</type>
<gcpClass>四等三角点</gcpClass>
<gcpCode>TR44931150501</gcpCode>
<name>十亀山</name>
<B>117919.1543</B>
<L>474075.3027</L>
<alti>560.9</alti>
<altiAcc>2</altiAcc>
</GCP>
<GCP gml:id="K1_493115_26">
<fid>10-00100-0-2012-66804</fid>
<lfSpanFr gml:id="K1_493115_26-1">
<gml:timePosition>2020-12-21</gml:timePosition>
</lfSpanFr>
<devDate gml:id="K1_493115_26-2">
<gml:timePosition>2020-12-23</gml:timePosition>
</devDate>
<orgGILvl>KJ14</orgGILvl>
<vis>表示</vis>
<pos>
<gml:Point gml:id="K1_493115_26-g" srsName="fguuid:jgd2011.bl">
<gml:pos>32.757476361 131.726354667</gml:pos>
</gml:Point>
</pos>
<orgName>国土地理院</orgName>
<type>三角点</type>
<gcpClass>四等三角点</gcpClass>
<gcpCode>TR44931150801</gcpCode>
<name>松瀬</name>
<B>117926.9149</B>
<L>474214.8768</L>
<alti>222.17</alti>
<altiAcc>2</altiAcc>
</GCP>
<GCP gml:id="K1_493115_27">
<fid>10-00100-0-2012-66805</fid>
<lfSpanFr gml:id="K1_493115_27-1">
<gml:timePosition>2020-12-21</gml:timePosition>
</lfSpanFr>
<devDate gml:id="K1_493115_27-2">
<gml:timePosition>2020-12-23</gml:timePosition>
</devDate>
<orgGILvl>KJ14</orgGILvl>
<vis>表示</vis>
<pos>
<gml:Point gml:id="K1_493115_27-g" srsName="fguuid:jgd2011.bl">
<gml:pos>32.771310167 131.635668389</gml:pos>
</gml:Point>
</pos>
<orgName>国土地理院</orgName>
<type>三角点</type>
<gcpClass>四等三角点</gcpClass>
<gcpCode>TR44931152001</gcpCode>
<name>仮野</name>
<B>117976.7166</B>
<L>473888.4062</L>
<alti>580.25</alti>
<altiAcc>2</altiAcc>
</GCP>
<GCP gml:id="K1_493115_28">
<fid>10-00100-0-2012-66806</fid>
<lfSpanFr gml:id="K1_493115_28-1">
<gml:timePosition>2020-12-21</gml:timePosition>
</lfSpanFr>
<devDate gml:id="K1_493115_28-2">
<gml:timePosition>2020-12-23</gml:timePosition>
</devDate>
<orgGILvl>KJ14</orgGILvl>
<vis>表示</vis>
<pos>
<gml:Point gml:id="K1_493115_28-g" srsName="fguuid:jgd2011.bl">
<gml:pos>32.771157306 131.649555222</gml:pos>
</gml:Point>
</pos>
<orgName>国土地理院</orgName>
<type>三角点</type>
<gcpClass>四等三角点</gcpClass>
<gcpCode>TR44931152101</gcpCode>
<name>梓峠</name>
<B>117976.1663</B>
<L>473938.3988</L>
<alti>725.13</alti>
<altiAcc>2</altiAcc>
</GCP>
<GCP gml:id="K1_493115_29">
<fid>10-00100-0-2012-66807</fid>
<lfSpanFr gml:id="K1_493115_29-1">
<gml:timePosition>2020-12-21</gml:timePosition>
</lfSpanFr>
<devDate gml:id="K1_493115_29-2">
<gml:timePosition>2020-12-23</gml:timePosition>
</devDate>
<orgGILvl>KJ14</orgGILvl>
<vis>表示</vis>
<pos>
<gml:Point gml:id="K1_493115_29-g" srsName="fguuid:jgd2011.bl">
<gml:pos>32.768050889 131.699885583</gml:pos>
</gml:Point>
</pos>
<orgName>国土地理院</orgName>
<type>三角点</type>
<gcpClass>四等三角点</gcpClass>
<gcpCode>TR44931152501</gcpCode>
<name>鐙</name>
<B>117964.9832</B>
<L>474119.5881</L>
<alti>179.33</alti>
<altiAcc>2</altiAcc>
</GCP>
<GCP gml:id="K1_493115_30">
<fid>10-00100-0-2012-66808</fid>
<lfSpanFr gml:id="K1_493115_30-1">
<gml:timePosition>2020-12-21</gml:timePosition>
</lfSpanFr>
<devDate gml:id="K1_493115_30-2">
<gml:timePosition>2020-12-23</gml:timePosition>
</devDate>
<orgGILvl>KJ14</orgGILvl>
<vis>表示</vis>
<pos>
<gml:Point gml:id="K1_493115_30-g" srsName="fguuid:jgd2011.bl">
<gml:pos>32.771007167 131.717730972</gml:pos>
</gml:Point>
</pos>
<orgName>国土地理院</orgName>
<type>三角点</type>
<gcpClass>四等三角点</gcpClass>
<gcpCode>TR44931152701</gcpCode>
<name>池ノ原</name>
<B>117975.6258</B>
<L>474183.8315</L>
<alti>415.26</alti>
<altiAcc>2</altiAcc>
</GCP>
<GCP gml:id="K1_493115_31">
<fid>10-00100-0-2012-66809</fid>
<lfSpanFr gml:id="K1_493115_31-1">
<gml:timePosition>2020-12-21</gml:timePosition>
</lfSpanFr>
<devDate gml:id="K1_493115_31-2">
<gml:timePosition>2020-12-23</gml:timePosition>
</devDate>
<orgGILvl>KJ14</orgGILvl>
<vis>表示</vis>
<pos>
<gml:Point gml:id="K1_493115_31-g" srsName="fguuid:jgd2011.bl">
<gml:pos>32.768156417 131.741023528</gml:pos>
</gml:Point>
</pos>
<orgName>国土地理院</orgName>
<type>三角点</type>
<gcpClass>四等三角点</gcpClass>
<gcpCode>TR44931152901</gcpCode>
<name>抱石</name>
<B>117965.3631</B>
<L>474267.6847</L>
<alti>192.06</alti>
<altiAcc>2</altiAcc>
</GCP>
<GCP gml:id="K1_493115_32">
<fid>10-00100-0-2012-66810</fid>
<lfSpanFr gml:id="K1_493115_32-1">
<gml:timePosition>2020-12-21</gml:timePosition>
</lfSpanFr>
<devDate gml:id="K1_493115_32-2">
<gml:timePosition>2020-12-23</gml:timePosition>
</devDate>
<orgGILvl>KJ14</orgGILvl>
<vis>表示</vis>
<pos>
<gml:Point gml:id="K1_493115_32-g" srsName="fguuid:jgd2011.bl">
<gml:pos>32.779197139 131.733137556</gml:pos>
</gml:Point>
</pos>
<orgName>国土地理院</orgName>
<type>三角点</type>
<gcpClass>四等三角点</gcpClass>
<gcpCode>TR44931153801</gcpCode>
<name>下塚</name>
<B>118005.1097</B>
<L>474239.2952</L>
<alti>325.88</alti>
<altiAcc>2</altiAcc>
</GCP>
<GCP gml:id="K1_493115_33">
<fid>10-00100-0-2012-66811</fid>
<lfSpanFr gml:id="K1_493115_33-1">
<gml:timePosition>2020-12-21</gml:timePosition>
</lfSpanFr>
<devDate gml:id="K1_493115_33-2">
<gml:timePosition>2020-12-23</gml:timePosition>
</devDate>
<orgGILvl>KJ14</orgGILvl>
<vis>表示</vis>
<pos>
<gml:Point gml:id="K1_493115_33-g" srsName="fguuid:jgd2011.bl">
<gml:pos>32.788633028 131.650023361</gml:pos>
</gml:Point>
</pos>
<orgName>国土地理院</orgName>
<type>三角点</type>
<gcpClass>四等三角点</gcpClass>
<gcpCode>TR44931154201</gcpCode>
<name>割子谷</name>
<B>118039.0789</B>
<L>473940.0841</L>
<alti>580.98</alti>
<altiAcc>2</altiAcc>
</GCP>
<GCP gml:id="K1_493115_34">
<fid>10-00100-0-2012-66812</fid>
<lfSpanFr gml:id="K1_493115_34-1">
<gml:timePosition>2020-12-21</gml:timePosition>
</lfSpanFr>
<devDate gml:id="K1_493115_34-2">
<gml:timePosition>2020-12-23</gml:timePosition>
</devDate>
<orgGILvl>KJ14</orgGILvl>
<vis>表示</vis>
<pos>
<gml:Point gml:id="K1_493115_34-g" srsName="fguuid:jgd2011.bl">
<gml:pos>32.785555306 131.715074917</gml:pos>
</gml:Point>
</pos>
<orgName>国土地理院</orgName>
<type>三角点</type>
<gcpClass>四等三角点</gcpClass>
<gcpCode>TR44931154701</gcpCode>
<name>松葉</name>
<B>118027.9991</B>
<L>474174.2697</L>
<alti>361.26</alti>
<altiAcc>2</altiAcc>
</GCP>
<GCP gml:id="K1_493115_35">
<fid>10-00100-0-2012-66813</fid>
<lfSpanFr gml:id="K1_493115_35-1">
<gml:timePosition>2020-12-21</gml:timePosition>
</lfSpanFr>
<devDate gml:id="K1_493115_35-2">
<gml:timePosition>2020-12-23</gml:timePosition>
</devDate>
<orgGILvl>KJ14</orgGILvl>
<vis>表示</vis>
<pos>
<gml:Point gml:id="K1_493115_35-g" srsName="fguuid:jgd2011.bl">
<gml:pos>32.788835111 131.730386222</gml:pos>
</gml:Point>
</pos>
<orgName>国土地理院</orgName>
<type>三角点</type>
<gcpClass>四等三角点</gcpClass>
<gcpCode>TR44931154801</gcpCode>
<name>船ケ内山</name>
<B>118039.8064</B>
<L>474229.3904</L>
<alti>207.05</alti>
<altiAcc>2</altiAcc>
</GCP>
<GCP gml:id="K1_493115_36">
<fid>10-00100-0-2012-66814</fid>
<lfSpanFr gml:id="K1_493115_36-1">
<gml:timePosition>2020-12-21</gml:timePosition>
</lfSpanFr>
<devDate gml:id="K1_493115_36-2">
<gml:timePosition>2020-12-23</gml:timePosition>
</devDate>
<orgGILvl>KJ14</orgGILvl>
<vis>表示</vis>
<pos>
<gml:Point gml:id="K1_493115_36-g" srsName="fguuid:jgd2011.bl">
<gml:pos>32.795720028 131.701171167</gml:pos>
</gml:Point>
</pos>
<orgName>国土地理院</orgName>
<type>三角点</type>
<gcpClass>四等三角点</gcpClass>
<gcpCode>TR44931155601</gcpCode>
<name>宗太郎</name>
<B>118064.5921</B>
<L>474124.2162</L>
<alti>435.96</alti>
<altiAcc>2</altiAcc>
</GCP>
<GCP gml:id="K1_493115_37">
<fid>10-00100-0-2012-66815</fid>
<lfSpanFr gml:id="K1_493115_37-1">
<gml:timePosition>2020-12-21</gml:timePosition>
</lfSpanFr>
<devDate gml:id="K1_493115_37-2">
<gml:timePosition>2020-12-23</gml:timePosition>
</devDate>
<orgGILvl>KJ14</orgGILvl>
<vis>表示</vis>
<pos>
<gml:Point gml:id="K1_493115_37-g" srsName="fguuid:jgd2011.bl">
<gml:pos>32.803468639 131.629635972</gml:pos>
</gml:Point>
</pos>
<orgName>国土地理院</orgName>
<type>三角点</type>
<gcpClass>四等三角点</gcpClass>
<gcpCode>TR44931156001</gcpCode>
<name>切畑</name>
<B>118092.4871</B>
<L>473866.6895</L>
<alti>406.17</alti>
<altiAcc>2</altiAcc>
</GCP>
<GCP gml:id="K1_493115_38">
<fid>10-00100-0-2012-66816</fid>
<lfSpanFr gml:id="K1_493115_38-1">
<gml:timePosition>2020-12-21</gml:timePosition>
</lfSpanFr>
<devDate gml:id="K1_493115_38-2">
<gml:timePosition>2020-12-23</gml:timePosition>
</devDate>
<orgGILvl>KJ14</orgGILvl>
<vis>表示</vis>
<pos>
<gml:Point gml:id="K1_493115_38-g" srsName="fguuid:jgd2011.bl">
<gml:pos>32.808582917 131.670119944</gml:pos>
</gml:Point>
</pos>
<orgName>国土地理院</orgName>
<type>三角点</type>
<gcpClass>四等三角点</gcpClass>
<gcpCode>TR44931157301</gcpCode>
<name>大河内</name>
<B>118110.8985</B>
<L>474012.4318</L>
<alti>440.8</alti>
<altiAcc>2</altiAcc>
</GCP>
<GCP gml:id="K1_493115_39">
<fid>10-00100-0-2012-66817</fid>
<lfSpanFr gml:id="K1_493115_39-1">
<gml:timePosition>2020-12-21</gml:timePosition>
</lfSpanFr>
<devDate gml:id="K1_493115_39-2">
<gml:timePosition>2020-12-23</gml:timePosition>
</devDate>
<orgGILvl>KJ14</orgGILvl>
<vis>表示</vis>
<pos>
<gml:Point gml:id="K1_493115_39-g" srsName="fguuid:jgd2011.bl">
<gml:pos>32.821995500 131.643582333</gml:pos>
</gml:Point>
</pos>
<orgName>国土地理院</orgName>
<type>三角点</type>
<gcpClass>四等三角点</gcpClass>
<gcpCode>TR44931158101</gcpCode>
<name>十六谷</name>
<B>118159.1838</B>
<L>473916.8964</L>
<alti>273.89</alti>
<altiAcc>2</altiAcc>
</GCP>
<GCP gml:id="K1_493115_40">
<fid>10-00100-0-2012-66818</fid>
<lfSpanFr gml:id="K1_493115_40-1">
<gml:timePosition>2020-12-21</gml:timePosition>
</lfSpanFr>
<devDate gml:id="K1_493115_40-2">
<gml:timePosition>2020-12-23</gml:timePosition>
</devDate>
<orgGILvl>KJ14</orgGILvl>
<vis>表示</vis>
<pos>
<gml:Point gml:id="K1_493115_40-g" srsName="fguuid:jgd2011.bl">
<gml:pos>32.822472528 131.667763528</gml:pos>
</gml:Point>
</pos>
<orgName>国土地理院</orgName>
<type>三角点</type>
<gcpClass>四等三角点</gcpClass>
<gcpCode>TR44931158301</gcpCode>
<name>登力</name>
<B>118160.9011</B>
<L>474003.9487</L>
<alti>313.39</alti>
<altiAcc>2</altiAcc>
</GCP>
<GCP gml:id="K1_493115_41">
<fid>10-00100-0-2012-66819</fid>
<lfSpanFr gml:id="K1_493115_41-1">
<gml:timePosition>2020-12-21</gml:timePosition>
</lfSpanFr>
<devDate gml:id="K1_493115_41-2">
<gml:timePosition>2020-12-23</gml:timePosition>
</devDate>
<orgGILvl>KJ14</orgGILvl>
<vis>表示</vis>
<pos>
<gml:Point gml:id="K1_493115_41-g" srsName="fguuid:jgd2011.bl">
<gml:pos>32.818302667 131.696675500</gml:pos>
</gml:Point>
</pos>
<orgName>国土地理院</orgName>
<type>三角点</type>
<gcpClass>四等三角点</gcpClass>
<gcpCode>TR44931158501</gcpCode>
<name>上仲江</name>
<B>118145.8896</B>
<L>474108.0318</L>
<alti>477.15</alti>
<altiAcc>2</altiAcc>
</GCP>
<GCP gml:id="K1_493115_42">
<fid>10-00100-0-2012-66820</fid>
<lfSpanFr gml:id="K1_493115_42-1">
<gml:timePosition>2020-12-21</gml:timePosition>
</lfSpanFr>
<devDate gml:id="K1_493115_42-2">
<gml:timePosition>2020-12-23</gml:timePosition>
</devDate>
<orgGILvl>KJ14</orgGILvl>
<vis>表示</vis>
<pos>
<gml:Point gml:id="K1_493115_42-g" srsName="fguuid:jgd2011.bl">
<gml:pos>32.826959278 131.683369056</gml:pos>
</gml:Point>
</pos>
<orgName>国土地理院</orgName>
<type>三角点</type>
<gcpClass>四等三角点</gcpClass>
<gcpCode>TR44931159401</gcpCode>
<name>伏部野</name>
<B>118177.0534</B>
<L>474060.1286</L>
<alti>349.27</alti>
<altiAcc>2</altiAcc>
</GCP>
</Dataset>
