<?xml version="1.0" encoding="utf-8"?>
<Dataset xsi:schemaLocation="http://fgd.gsi.go.jp/spec/2008/FGD_GMLSchema FGD_GMLSchema.xsd"
	xmlns:gml="http://www.opengis.net/gml/3.2"
	xmlns:xsi="http://www.w3.org/2001/XMLSchema-instance"
	xmlns:xlink="http://www.w3.org/1999/xlink"
	xmlns="http://fgd.gsi.go.jp/spec/2008/FGD_GMLSchema"
	gml:id="Dataset1">
  <gml:description>基盤地図情報メタデータ ID=fmdid:21-0701</gml:description>
  <gml:name>基盤地図情報ダウンロードデータ（GML版）</gml:name>
<ElevPt gml:id="K2_4738511760_1">
<fid>47385-11760-i-4</fid>
<lfSpanFr gml:id="K2_4738511760_1-1">
<gml:timePosition>2014-12-25</gml:timePosition>
</lfSpanFr>
<devDate gml:id="K2_4738511760_1-2">
<gml:timePosition>2021-07-01</gml:timePosition>
</devDate>
<orgGILvl>25000</orgGILvl>
<vis>表示</vis>
<pos>
<gml:Point gml:id="K2_4738511760_1-g" srsName="fguuid:jgd2011.bl">
<gml:pos>32.667509722 131.625998056</gml:pos>
</gml:Point>
</pos>
<type>標高点（測点）</type>
<alti>247</alti>
</ElevPt>
<ElevPt gml:id="K2_4738511766_1">
<fid>47385-11766-i-9</fid>
<lfSpanFr gml:id="K2_4738511766_1-1">
<gml:timePosition>2014-12-25</gml:timePosition>
</lfSpanFr>
<devDate gml:id="K2_4738511766_1-2">
<gml:timePosition>2021-07-01</gml:timePosition>
</devDate>
<orgGILvl>25000</orgGILvl>
<vis>表示</vis>
<pos>
<gml:Point gml:id="K2_4738511766_1-g" srsName="fguuid:jgd2011.bl">
<gml:pos>32.685787778 131.631813333</gml:pos>
</gml:Point>
</pos>
<type>標高点（測点）</type>
<alti>582</alti>
</ElevPt>
<ElevPt gml:id="K2_4738511769_1">
<fid>47385-11769-i-16</fid>
<lfSpanFr gml:id="K2_4738511769_1-1">
<gml:timePosition>2020-11-25</gml:timePosition>
</lfSpanFr>
<devDate gml:id="K2_4738511769_1-2">
<gml:timePosition>2021-07-01</gml:timePosition>
</devDate>
<orgGILvl>25000</orgGILvl>
<vis>表示</vis>
<pos>
<gml:Point gml:id="K2_4738511769_1-g" srsName="fguuid:jgd2011.bl">
<gml:pos>32.696728889 131.629561389</gml:pos>
</gml:Point>
</pos>
<type>標高点（測点）</type>
<alti>591</alti>
</ElevPt>
<ElevPt gml:id="K2_4738511775_1">
<fid>47385-11775-i-22</fid>
<lfSpanFr gml:id="K2_4738511775_1-1">
<gml:timePosition>2013-12-10</gml:timePosition>
</lfSpanFr>
<devDate gml:id="K2_4738511775_1-2">
<gml:timePosition>2021-07-01</gml:timePosition>
</devDate>
<orgGILvl>25000</orgGILvl>
<vis>表示</vis>
<pos>
<gml:Point gml:id="K2_4738511775_1-g" srsName="fguuid:jgd2011.bl">
<gml:pos>32.715889722 131.625053889</gml:pos>
</gml:Point>
</pos>
<type>標高点（測点）</type>
<alti>569</alti>
</ElevPt>
<ElevPt gml:id="K2_4738511778_1">
<fid>47385-11778-i-1</fid>
<lfSpanFr gml:id="K2_4738511778_1-1">
<gml:timePosition>2013-12-10</gml:timePosition>
</lfSpanFr>
<devDate gml:id="K2_4738511778_1-2">
<gml:timePosition>2021-07-01</gml:timePosition>
</devDate>
<orgGILvl>25000</orgGILvl>
<vis>表示</vis>
<pos>
<gml:Point gml:id="K2_4738511778_1-g" srsName="fguuid:jgd2011.bl">
<gml:pos>32.723095278 131.627443056</gml:pos>
</gml:Point>
</pos>
<type>標高点（測点）</type>
<alti>506</alti>
</ElevPt>
<ElevPt gml:id="K2_4738511784_1">
<fid>47385-11784-i-4</fid>
<lfSpanFr gml:id="K2_4738511784_1-1">
<gml:timePosition>2013-12-10</gml:timePosition>
</lfSpanFr>
<devDate gml:id="K2_4738511784_1-2">
<gml:timePosition>2021-07-01</gml:timePosition>
</devDate>
<orgGILvl>25000</orgGILvl>
<vis>表示</vis>
<pos>
<gml:Point gml:id="K2_4738511784_1-g" srsName="fguuid:jgd2011.bl">
<gml:pos>32.733778056 131.629626667</gml:pos>
</gml:Point>
</pos>
<type>標高点（測点）</type>
<alti>372</alti>
</ElevPt>
<ElevPt gml:id="K2_4738511784_2">
<fid>47385-11784-i-5</fid>
<lfSpanFr gml:id="K2_4738511784_2-1">
<gml:timePosition>2013-12-10</gml:timePosition>
</lfSpanFr>
<devDate gml:id="K2_4738511784_2-2">
<gml:timePosition>2021-07-01</gml:timePosition>
</devDate>
<orgGILvl>25000</orgGILvl>
<vis>表示</vis>
<pos>
<gml:Point gml:id="K2_4738511784_2-g" srsName="fguuid:jgd2011.bl">
<gml:pos>32.739947778 131.630848056</gml:pos>
</gml:Point>
</pos>
<type>標高点（測点）</type>
<alti>282</alti>
</ElevPt>
<ElevPt gml:id="K2_4738511787_1">
<fid>47385-11787-i-261</fid>
<lfSpanFr gml:id="K2_4738511787_1-1">
<gml:timePosition>2020-11-25</gml:timePosition>
</lfSpanFr>
<devDate gml:id="K2_4738511787_1-2">
<gml:timePosition>2021-07-01</gml:timePosition>
</devDate>
<orgGILvl>25000</orgGILvl>
<vis>表示</vis>
<pos>
<gml:Point gml:id="K2_4738511787_1-g" srsName="fguuid:jgd2011.bl">
<gml:pos>32.747604711 131.630851807</gml:pos>
</gml:Point>
</pos>
<type>標高点（測点）</type>
<alti>36</alti>
</ElevPt>
<ElevPt gml:id="K2_4738811763_1">
<fid>47388-11763-i-19</fid>
<lfSpanFr gml:id="K2_4738811763_1-1">
<gml:timePosition>2020-11-25</gml:timePosition>
</lfSpanFr>
<devDate gml:id="K2_4738811763_1-2">
<gml:timePosition>2021-07-01</gml:timePosition>
</devDate>
<orgGILvl>25000</orgGILvl>
<vis>表示</vis>
<pos>
<gml:Point gml:id="K2_4738811763_1-g" srsName="fguuid:jgd2011.bl">
<gml:pos>32.675045556 131.637238611</gml:pos>
</gml:Point>
</pos>
<type>標高点（測点）</type>
<alti>324</alti>
</ElevPt>
<ElevPt gml:id="K2_4738811772_1">
<fid>47388-11772-i-17</fid>
<lfSpanFr gml:id="K2_4738811772_1-1">
<gml:timePosition>2014-12-25</gml:timePosition>
</lfSpanFr>
<devDate gml:id="K2_4738811772_1-2">
<gml:timePosition>2021-07-01</gml:timePosition>
</devDate>
<orgGILvl>25000</orgGILvl>
<vis>表示</vis>
<pos>
<gml:Point gml:id="K2_4738811772_1-g" srsName="fguuid:jgd2011.bl">
<gml:pos>32.702150000 131.636879444</gml:pos>
</gml:Point>
</pos>
<type>標高点（測点）</type>
<alti>504</alti>
</ElevPt>
<ElevPt gml:id="K2_4738811775_1">
<fid>47388-11775-i-1</fid>
<lfSpanFr gml:id="K2_4738811775_1-1">
<gml:timePosition>2013-12-10</gml:timePosition>
</lfSpanFr>
<devDate gml:id="K2_4738811775_1-2">
<gml:timePosition>2021-07-01</gml:timePosition>
</devDate>
<orgGILvl>25000</orgGILvl>
<vis>表示</vis>
<pos>
<gml:Point gml:id="K2_4738811775_1-g" srsName="fguuid:jgd2011.bl">
<gml:pos>32.709238056 131.639069167</gml:pos>
</gml:Point>
</pos>
<type>標高点（測点）</type>
<alti>353</alti>
</ElevPt>
<ElevPt gml:id="K2_4738811775_2">
<fid>47388-11775-i-2</fid>
<lfSpanFr gml:id="K2_4738811775_2-1">
<gml:timePosition>2013-12-10</gml:timePosition>
</lfSpanFr>
<devDate gml:id="K2_4738811775_2-2">
<gml:timePosition>2021-07-01</gml:timePosition>
</devDate>
<orgGILvl>25000</orgGILvl>
<vis>表示</vis>
<pos>
<gml:Point gml:id="K2_4738811775_2-g" srsName="fguuid:jgd2011.bl">
<gml:pos>32.714636111 131.637333333</gml:pos>
</gml:Point>
</pos>
<type>標高点（測点）</type>
<alti>406</alti>
</ElevPt>
<ElevPt gml:id="K2_4738811778_1">
<fid>47388-11778-i-1</fid>
<lfSpanFr gml:id="K2_4738811778_1-1">
<gml:timePosition>2013-12-10</gml:timePosition>
</lfSpanFr>
<devDate gml:id="K2_4738811778_1-2">
<gml:timePosition>2021-07-01</gml:timePosition>
</devDate>
<orgGILvl>25000</orgGILvl>
<vis>表示</vis>
<pos>
<gml:Point gml:id="K2_4738811778_1-g" srsName="fguuid:jgd2011.bl">
<gml:pos>32.724208056 131.637326667</gml:pos>
</gml:Point>
</pos>
<type>標高点（測点）</type>
<alti>353</alti>
</ElevPt>
<ElevPt gml:id="K2_4738811781_1">
<fid>47388-11781-i-3</fid>
<lfSpanFr gml:id="K2_4738811781_1-1">
<gml:timePosition>2013-12-10</gml:timePosition>
</lfSpanFr>
<devDate gml:id="K2_4738811781_1-2">
<gml:timePosition>2021-07-01</gml:timePosition>
</devDate>
<orgGILvl>25000</orgGILvl>
<vis>表示</vis>
<pos>
<gml:Point gml:id="K2_4738811781_1-g" srsName="fguuid:jgd2011.bl">
<gml:pos>32.729349167 131.637003889</gml:pos>
</gml:Point>
</pos>
<type>標高点（測点）</type>
<alti>388</alti>
</ElevPt>
<ElevPt gml:id="K2_4738811784_1">
<fid>47388-11784-i-66</fid>
<lfSpanFr gml:id="K2_4738811784_1-1">
<gml:timePosition>2013-12-10</gml:timePosition>
</lfSpanFr>
<devDate gml:id="K2_4738811784_1-2">
<gml:timePosition>2021-07-01</gml:timePosition>
</devDate>
<orgGILvl>25000</orgGILvl>
<vis>表示</vis>
<pos>
<gml:Point gml:id="K2_4738811784_1-g" srsName="fguuid:jgd2011.bl">
<gml:pos>32.735049722 131.641631944</gml:pos>
</gml:Point>
</pos>
<type>標高点（測点）</type>
<alti>204</alti>
</ElevPt>
<ElevPt gml:id="K2_4738811784_2">
<fid>47388-11784-i-67</fid>
<lfSpanFr gml:id="K2_4738811784_2-1">
<gml:timePosition>2013-12-10</gml:timePosition>
</lfSpanFr>
<devDate gml:id="K2_4738811784_2-2">
<gml:timePosition>2021-07-01</gml:timePosition>
</devDate>
<orgGILvl>25000</orgGILvl>
<vis>表示</vis>
<pos>
<gml:Point gml:id="K2_4738811784_2-g" srsName="fguuid:jgd2011.bl">
<gml:pos>32.741346111 131.637223611</gml:pos>
</gml:Point>
</pos>
<type>標高点（測点）</type>
<alti>134</alti>
</ElevPt>
<ElevPt gml:id="K2_4739111760_1">
<fid>47391-11760-i-11</fid>
<lfSpanFr gml:id="K2_4739111760_1-1">
<gml:timePosition>2014-12-25</gml:timePosition>
</lfSpanFr>
<devDate gml:id="K2_4739111760_1-2">
<gml:timePosition>2021-07-01</gml:timePosition>
</devDate>
<orgGILvl>25000</orgGILvl>
<vis>表示</vis>
<pos>
<gml:Point gml:id="K2_4739111760_1-g" srsName="fguuid:jgd2011.bl">
<gml:pos>32.666672500 131.645324167</gml:pos>
</gml:Point>
</pos>
<type>標高点（測点）</type>
<alti>518</alti>
</ElevPt>
<ElevPt gml:id="K2_4739111763_1">
<fid>47391-11763-i-8</fid>
<lfSpanFr gml:id="K2_4739111763_1-1">
<gml:timePosition>2014-12-25</gml:timePosition>
</lfSpanFr>
<devDate gml:id="K2_4739111763_1-2">
<gml:timePosition>2021-07-01</gml:timePosition>
</devDate>
<orgGILvl>25000</orgGILvl>
<vis>表示</vis>
<pos>
<gml:Point gml:id="K2_4739111763_1-g" srsName="fguuid:jgd2011.bl">
<gml:pos>32.679909722 131.642976111</gml:pos>
</gml:Point>
</pos>
<type>標高点（測点）</type>
<alti>502</alti>
</ElevPt>
<ElevPt gml:id="K2_4739111766_1">
<fid>47391-11766-i-42</fid>
<lfSpanFr gml:id="K2_4739111766_1-1">
<gml:timePosition>2014-12-25</gml:timePosition>
</lfSpanFr>
<devDate gml:id="K2_4739111766_1-2">
<gml:timePosition>2021-07-01</gml:timePosition>
</devDate>
<orgGILvl>25000</orgGILvl>
<vis>表示</vis>
<pos>
<gml:Point gml:id="K2_4739111766_1-g" srsName="fguuid:jgd2011.bl">
<gml:pos>32.689491389 131.644781389</gml:pos>
</gml:Point>
</pos>
<type>標高点（測点）</type>
<alti>504</alti>
</ElevPt>
<ElevPt gml:id="K2_4739111769_1">
<fid>47391-11769-i-27</fid>
<lfSpanFr gml:id="K2_4739111769_1-1">
<gml:timePosition>2014-12-25</gml:timePosition>
</lfSpanFr>
<devDate gml:id="K2_4739111769_1-2">
<gml:timePosition>2021-07-01</gml:timePosition>
</devDate>
<orgGILvl>25000</orgGILvl>
<vis>表示</vis>
<pos>
<gml:Point gml:id="K2_4739111769_1-g" srsName="fguuid:jgd2011.bl">
<gml:pos>32.695342500 131.642837500</gml:pos>
</gml:Point>
</pos>
<type>標高点（測点）</type>
<alti>481</alti>
</ElevPt>
<ElevPt gml:id="K2_4739111769_2">
<fid>47391-11769-i-28</fid>
<lfSpanFr gml:id="K2_4739111769_2-1">
<gml:timePosition>2014-12-25</gml:timePosition>
</lfSpanFr>
<devDate gml:id="K2_4739111769_2-2">
<gml:timePosition>2021-07-01</gml:timePosition>
</devDate>
<orgGILvl>25000</orgGILvl>
<vis>表示</vis>
<pos>
<gml:Point gml:id="K2_4739111769_2-g" srsName="fguuid:jgd2011.bl">
<gml:pos>32.698175000 131.648645278</gml:pos>
</gml:Point>
</pos>
<type>標高点（測点）</type>
<alti>377</alti>
</ElevPt>
<ElevPt gml:id="K2_4739111775_1">
<fid>47391-11775-i-53</fid>
<lfSpanFr gml:id="K2_4739111775_1-1">
<gml:timePosition>2020-11-25</gml:timePosition>
</lfSpanFr>
<devDate gml:id="K2_4739111775_1-2">
<gml:timePosition>2021-07-01</gml:timePosition>
</devDate>
<orgGILvl>25000</orgGILvl>
<vis>表示</vis>
<pos>
<gml:Point gml:id="K2_4739111775_1-g" srsName="fguuid:jgd2011.bl">
<gml:pos>32.712601944 131.645480556</gml:pos>
</gml:Point>
</pos>
<type>標高点（測点）</type>
<alti>278</alti>
</ElevPt>
<ElevPt gml:id="K2_4739111778_1">
<fid>47391-11778-i-95</fid>
<lfSpanFr gml:id="K2_4739111778_1-1">
<gml:timePosition>2020-11-25</gml:timePosition>
</lfSpanFr>
<devDate gml:id="K2_4739111778_1-2">
<gml:timePosition>2021-07-01</gml:timePosition>
</devDate>
<orgGILvl>25000</orgGILvl>
<vis>表示</vis>
<pos>
<gml:Point gml:id="K2_4739111778_1-g" srsName="fguuid:jgd2011.bl">
<gml:pos>32.719077222 131.644145000</gml:pos>
</gml:Point>
</pos>
<type>標高点（測点）</type>
<alti>346</alti>
</ElevPt>
<ElevPt gml:id="K2_4739111781_1">
<fid>47391-11781-i-62</fid>
<lfSpanFr gml:id="K2_4739111781_1-1">
<gml:timePosition>2013-12-10</gml:timePosition>
</lfSpanFr>
<devDate gml:id="K2_4739111781_1-2">
<gml:timePosition>2021-07-01</gml:timePosition>
</devDate>
<orgGILvl>25000</orgGILvl>
<vis>表示</vis>
<pos>
<gml:Point gml:id="K2_4739111781_1-g" srsName="fguuid:jgd2011.bl">
<gml:pos>32.731208889 131.646414722</gml:pos>
</gml:Point>
</pos>
<type>標高点（測点）</type>
<alti>22</alti>
</ElevPt>
<ElevPt gml:id="K2_4739111784_1">
<fid>47391-11784-i-63</fid>
<lfSpanFr gml:id="K2_4739111784_1-1">
<gml:timePosition>2013-12-10</gml:timePosition>
</lfSpanFr>
<devDate gml:id="K2_4739111784_1-2">
<gml:timePosition>2021-07-01</gml:timePosition>
</devDate>
<orgGILvl>25000</orgGILvl>
<vis>表示</vis>
<pos>
<gml:Point gml:id="K2_4739111784_1-g" srsName="fguuid:jgd2011.bl">
<gml:pos>32.737722500 131.646323611</gml:pos>
</gml:Point>
</pos>
<type>標高点（測点）</type>
<alti>34</alti>
</ElevPt>
<ElevPt gml:id="K2_4739111787_1">
<fid>47391-11787-i-1</fid>
<lfSpanFr gml:id="K2_4739111787_1-1">
<gml:timePosition>2013-12-10</gml:timePosition>
</lfSpanFr>
<devDate gml:id="K2_4739111787_1-2">
<gml:timePosition>2021-07-01</gml:timePosition>
</devDate>
<orgGILvl>25000</orgGILvl>
<vis>表示</vis>
<pos>
<gml:Point gml:id="K2_4739111787_1-g" srsName="fguuid:jgd2011.bl">
<gml:pos>32.745302778 131.644197222</gml:pos>
</gml:Point>
</pos>
<type>標高点（測点）</type>
<alti>444</alti>
</ElevPt>
<ElevPt gml:id="K2_4739411763_1">
<fid>47394-11763-i-7</fid>
<lfSpanFr gml:id="K2_4739411763_1-1">
<gml:timePosition>2013-12-10</gml:timePosition>
</lfSpanFr>
<devDate gml:id="K2_4739411763_1-2">
<gml:timePosition>2021-07-01</gml:timePosition>
</devDate>
<orgGILvl>25000</orgGILvl>
<vis>表示</vis>
<pos>
<gml:Point gml:id="K2_4739411763_1-g" srsName="fguuid:jgd2011.bl">
<gml:pos>32.678765556 131.650998333</gml:pos>
</gml:Point>
</pos>
<type>標高点（測点）</type>
<alti>542</alti>
</ElevPt>
<ElevPt gml:id="K2_4739411766_1">
<fid>47394-11766-i-33</fid>
<lfSpanFr gml:id="K2_4739411766_1-1">
<gml:timePosition>2013-12-10</gml:timePosition>
</lfSpanFr>
<devDate gml:id="K2_4739411766_1-2">
<gml:timePosition>2021-07-01</gml:timePosition>
</devDate>
<orgGILvl>25000</orgGILvl>
<vis>表示</vis>
<pos>
<gml:Point gml:id="K2_4739411766_1-g" srsName="fguuid:jgd2011.bl">
<gml:pos>32.683879167 131.658259444</gml:pos>
</gml:Point>
</pos>
<type>標高点（測点）</type>
<alti>471</alti>
</ElevPt>
<ElevPt gml:id="K2_4739411769_1">
<fid>47394-11769-i-19</fid>
<lfSpanFr gml:id="K2_4739411769_1-1">
<gml:timePosition>2014-12-25</gml:timePosition>
</lfSpanFr>
<devDate gml:id="K2_4739411769_1-2">
<gml:timePosition>2021-07-01</gml:timePosition>
</devDate>
<orgGILvl>25000</orgGILvl>
<vis>表示</vis>
<pos>
<gml:Point gml:id="K2_4739411769_1-g" srsName="fguuid:jgd2011.bl">
<gml:pos>32.692575556 131.657683333</gml:pos>
</gml:Point>
</pos>
<type>標高点（測点）</type>
<alti>436</alti>
</ElevPt>
<ElevPt gml:id="K2_4739411769_2">
<fid>47394-11769-i-20</fid>
<lfSpanFr gml:id="K2_4739411769_2-1">
<gml:timePosition>2014-12-25</gml:timePosition>
</lfSpanFr>
<devDate gml:id="K2_4739411769_2-2">
<gml:timePosition>2021-07-01</gml:timePosition>
</devDate>
<orgGILvl>25000</orgGILvl>
<vis>表示</vis>
<pos>
<gml:Point gml:id="K2_4739411769_2-g" srsName="fguuid:jgd2011.bl">
<gml:pos>32.695974444 131.651155556</gml:pos>
</gml:Point>
</pos>
<type>標高点（測点）</type>
<alti>294</alti>
</ElevPt>
<ElevPt gml:id="K2_4739411775_1">
<fid>47394-11775-i-9</fid>
<lfSpanFr gml:id="K2_4739411775_1-1">
<gml:timePosition>2013-12-10</gml:timePosition>
</lfSpanFr>
<devDate gml:id="K2_4739411775_1-2">
<gml:timePosition>2021-07-01</gml:timePosition>
</devDate>
<orgGILvl>25000</orgGILvl>
<vis>表示</vis>
<pos>
<gml:Point gml:id="K2_4739411775_1-g" srsName="fguuid:jgd2011.bl">
<gml:pos>32.712518333 131.656758611</gml:pos>
</gml:Point>
</pos>
<type>標高点（測点）</type>
<alti>272</alti>
</ElevPt>
<ElevPt gml:id="K2_4739411778_1">
<fid>47394-11778-i-18</fid>
<lfSpanFr gml:id="K2_4739411778_1-1">
<gml:timePosition>2013-12-10</gml:timePosition>
</lfSpanFr>
<devDate gml:id="K2_4739411778_1-2">
<gml:timePosition>2021-07-01</gml:timePosition>
</devDate>
<orgGILvl>25000</orgGILvl>
<vis>表示</vis>
<pos>
<gml:Point gml:id="K2_4739411778_1-g" srsName="fguuid:jgd2011.bl">
<gml:pos>32.718564722 131.652327500</gml:pos>
</gml:Point>
</pos>
<type>標高点（測点）</type>
<alti>261</alti>
</ElevPt>
<ElevPt gml:id="K2_4739411781_1">
<fid>47394-11781-i-91</fid>
<lfSpanFr gml:id="K2_4739411781_1-1">
<gml:timePosition>2020-11-25</gml:timePosition>
</lfSpanFr>
<devDate gml:id="K2_4739411781_1-2">
<gml:timePosition>2021-07-01</gml:timePosition>
</devDate>
<orgGILvl>25000</orgGILvl>
<vis>表示</vis>
<pos>
<gml:Point gml:id="K2_4739411781_1-g" srsName="fguuid:jgd2011.bl">
<gml:pos>32.725633056 131.652795833</gml:pos>
</gml:Point>
</pos>
<type>標高点（測点）</type>
<alti>228</alti>
</ElevPt>
<ElevPt gml:id="K2_4739411781_2">
<fid>47394-11781-i-92</fid>
<lfSpanFr gml:id="K2_4739411781_2-1">
<gml:timePosition>2020-11-25</gml:timePosition>
</lfSpanFr>
<devDate gml:id="K2_4739411781_2-2">
<gml:timePosition>2021-07-01</gml:timePosition>
</devDate>
<orgGILvl>25000</orgGILvl>
<vis>表示</vis>
<pos>
<gml:Point gml:id="K2_4739411781_2-g" srsName="fguuid:jgd2011.bl">
<gml:pos>32.730909167 131.655143611</gml:pos>
</gml:Point>
</pos>
<type>標高点（測点）</type>
<alti>22</alti>
</ElevPt>
<ElevPt gml:id="K2_4739411784_1">
<fid>47394-11784-i-7</fid>
<lfSpanFr gml:id="K2_4739411784_1-1">
<gml:timePosition>2013-12-10</gml:timePosition>
</lfSpanFr>
<devDate gml:id="K2_4739411784_1-2">
<gml:timePosition>2021-07-01</gml:timePosition>
</devDate>
<orgGILvl>25000</orgGILvl>
<vis>表示</vis>
<pos>
<gml:Point gml:id="K2_4739411784_1-g" srsName="fguuid:jgd2011.bl">
<gml:pos>32.740420833 131.657085556</gml:pos>
</gml:Point>
</pos>
<type>標高点（測点）</type>
<alti>454</alti>
</ElevPt>
<ElevPt gml:id="K2_4739411787_1">
<fid>47394-11787-i-4</fid>
<lfSpanFr gml:id="K2_4739411787_1-1">
<gml:timePosition>2013-12-10</gml:timePosition>
</lfSpanFr>
<devDate gml:id="K2_4739411787_1-2">
<gml:timePosition>2021-07-01</gml:timePosition>
</devDate>
<orgGILvl>25000</orgGILvl>
<vis>表示</vis>
<pos>
<gml:Point gml:id="K2_4739411787_1-g" srsName="fguuid:jgd2011.bl">
<gml:pos>32.748531389 131.652818056</gml:pos>
</gml:Point>
</pos>
<type>標高点（測点）</type>
<alti>199</alti>
</ElevPt>
<ElevPt gml:id="K2_4739711760_1">
<fid>47397-11760-i-15</fid>
<lfSpanFr gml:id="K2_4739711760_1-1">
<gml:timePosition>2014-12-25</gml:timePosition>
</lfSpanFr>
<devDate gml:id="K2_4739711760_1-2">
<gml:timePosition>2021-07-01</gml:timePosition>
</devDate>
<orgGILvl>25000</orgGILvl>
<vis>表示</vis>
<pos>
<gml:Point gml:id="K2_4739711760_1-g" srsName="fguuid:jgd2011.bl">
<gml:pos>32.673768611 131.660711111</gml:pos>
</gml:Point>
</pos>
<type>標高点（測点）</type>
<alti>442</alti>
</ElevPt>
<ElevPt gml:id="K2_4739711763_1">
<fid>47397-11763-i-20</fid>
<lfSpanFr gml:id="K2_4739711763_1-1">
<gml:timePosition>2014-12-25</gml:timePosition>
</lfSpanFr>
<devDate gml:id="K2_4739711763_1-2">
<gml:timePosition>2021-07-01</gml:timePosition>
</devDate>
<orgGILvl>25000</orgGILvl>
<vis>表示</vis>
<pos>
<gml:Point gml:id="K2_4739711763_1-g" srsName="fguuid:jgd2011.bl">
<gml:pos>32.679192778 131.663261667</gml:pos>
</gml:Point>
</pos>
<type>標高点（測点）</type>
<alti>182</alti>
</ElevPt>
<ElevPt gml:id="K2_4739711769_1">
<fid>47397-11769-i-14</fid>
<lfSpanFr gml:id="K2_4739711769_1-1">
<gml:timePosition>2014-12-25</gml:timePosition>
</lfSpanFr>
<devDate gml:id="K2_4739711769_1-2">
<gml:timePosition>2021-07-01</gml:timePosition>
</devDate>
<orgGILvl>25000</orgGILvl>
<vis>表示</vis>
<pos>
<gml:Point gml:id="K2_4739711769_1-g" srsName="fguuid:jgd2011.bl">
<gml:pos>32.696693889 131.659401111</gml:pos>
</gml:Point>
</pos>
<type>標高点（測点）</type>
<alti>371</alti>
</ElevPt>
<ElevPt gml:id="K2_4739711778_1">
<fid>47397-11778-i-454</fid>
<lfSpanFr gml:id="K2_4739711778_1-1">
<gml:timePosition>2020-11-25</gml:timePosition>
</lfSpanFr>
<devDate gml:id="K2_4739711778_1-2">
<gml:timePosition>2021-07-01</gml:timePosition>
</devDate>
<orgGILvl>25000</orgGILvl>
<vis>表示</vis>
<pos>
<gml:Point gml:id="K2_4739711778_1-g" srsName="fguuid:jgd2011.bl">
<gml:pos>32.723376111 131.659833611</gml:pos>
</gml:Point>
</pos>
<type>標高点（測点）</type>
<alti>21</alti>
</ElevPt>
<ElevPt gml:id="K2_4739711778_2">
<fid>47397-11778-i-455</fid>
<lfSpanFr gml:id="K2_4739711778_2-1">
<gml:timePosition>2020-11-25</gml:timePosition>
</lfSpanFr>
<devDate gml:id="K2_4739711778_2-2">
<gml:timePosition>2021-07-01</gml:timePosition>
</devDate>
<orgGILvl>25000</orgGILvl>
<vis>表示</vis>
<pos>
<gml:Point gml:id="K2_4739711778_2-g" srsName="fguuid:jgd2011.bl">
<gml:pos>32.723656667 131.664933056</gml:pos>
</gml:Point>
</pos>
<type>標高点（測点）</type>
<alti>208</alti>
</ElevPt>
<ElevPt gml:id="K2_4739711778_3">
<fid>47397-11778-i-456</fid>
<lfSpanFr gml:id="K2_4739711778_3-1">
<gml:timePosition>2020-11-25</gml:timePosition>
</lfSpanFr>
<devDate gml:id="K2_4739711778_3-2">
<gml:timePosition>2021-07-01</gml:timePosition>
</devDate>
<orgGILvl>25000</orgGILvl>
<vis>表示</vis>
<pos>
<gml:Point gml:id="K2_4739711778_3-g" srsName="fguuid:jgd2011.bl">
<gml:pos>32.717381389 131.659616944</gml:pos>
</gml:Point>
</pos>
<type>標高点（測点）</type>
<alti>21</alti>
</ElevPt>
<ElevPt gml:id="K2_4739711781_1">
<fid>47397-11781-i-1</fid>
<lfSpanFr gml:id="K2_4739711781_1-1">
<gml:timePosition>2013-12-10</gml:timePosition>
</lfSpanFr>
<devDate gml:id="K2_4739711781_1-2">
<gml:timePosition>2021-07-01</gml:timePosition>
</devDate>
<orgGILvl>25000</orgGILvl>
<vis>表示</vis>
<pos>
<gml:Point gml:id="K2_4739711781_1-g" srsName="fguuid:jgd2011.bl">
<gml:pos>32.728926111 131.664745278</gml:pos>
</gml:Point>
</pos>
<type>標高点（測点）</type>
<alti>277</alti>
</ElevPt>
<ElevPt gml:id="K2_4739711784_1">
<fid>47397-11784-i-6</fid>
<lfSpanFr gml:id="K2_4739711784_1-1">
<gml:timePosition>2013-12-10</gml:timePosition>
</lfSpanFr>
<devDate gml:id="K2_4739711784_1-2">
<gml:timePosition>2021-07-01</gml:timePosition>
</devDate>
<orgGILvl>25000</orgGILvl>
<vis>表示</vis>
<pos>
<gml:Point gml:id="K2_4739711784_1-g" srsName="fguuid:jgd2011.bl">
<gml:pos>32.733376944 131.660861667</gml:pos>
</gml:Point>
</pos>
<type>標高点（測点）</type>
<alti>292</alti>
</ElevPt>
<ElevPt gml:id="K2_4739711784_2">
<fid>47397-11784-i-7</fid>
<lfSpanFr gml:id="K2_4739711784_2-1">
<gml:timePosition>2013-12-10</gml:timePosition>
</lfSpanFr>
<devDate gml:id="K2_4739711784_2-2">
<gml:timePosition>2021-07-01</gml:timePosition>
</devDate>
<orgGILvl>25000</orgGILvl>
<vis>表示</vis>
<pos>
<gml:Point gml:id="K2_4739711784_2-g" srsName="fguuid:jgd2011.bl">
<gml:pos>32.739520278 131.666379167</gml:pos>
</gml:Point>
</pos>
<type>標高点（測点）</type>
<alti>494</alti>
</ElevPt>
<ElevPt gml:id="K2_4739711787_1">
<fid>47397-11787-i-3</fid>
<lfSpanFr gml:id="K2_4739711787_1-1">
<gml:timePosition>2013-12-10</gml:timePosition>
</lfSpanFr>
<devDate gml:id="K2_4739711787_1-2">
<gml:timePosition>2021-07-01</gml:timePosition>
</devDate>
<orgGILvl>25000</orgGILvl>
<vis>表示</vis>
<pos>
<gml:Point gml:id="K2_4739711787_1-g" srsName="fguuid:jgd2011.bl">
<gml:pos>32.744774444 131.660106389</gml:pos>
</gml:Point>
</pos>
<type>標高点（測点）</type>
<alti>512</alti>
</ElevPt>
<ElevPt gml:id="K2_4739711787_2">
<fid>47397-11787-i-4</fid>
<lfSpanFr gml:id="K2_4739711787_2-1">
<gml:timePosition>2013-12-10</gml:timePosition>
</lfSpanFr>
<devDate gml:id="K2_4739711787_2-2">
<gml:timePosition>2021-07-01</gml:timePosition>
</devDate>
<orgGILvl>25000</orgGILvl>
<vis>表示</vis>
<pos>
<gml:Point gml:id="K2_4739711787_2-g" srsName="fguuid:jgd2011.bl">
<gml:pos>32.747342500 131.666024167</gml:pos>
</gml:Point>
</pos>
<type>標高点（測点）</type>
<alti>553</alti>
</ElevPt>
<ElevPt gml:id="K2_4740011760_1">
<fid>47400-11760-i-16</fid>
<lfSpanFr gml:id="K2_4740011760_1-1">
<gml:timePosition>2020-11-25</gml:timePosition>
</lfSpanFr>
<devDate gml:id="K2_4740011760_1-2">
<gml:timePosition>2021-07-01</gml:timePosition>
</devDate>
<orgGILvl>25000</orgGILvl>
<vis>表示</vis>
<pos>
<gml:Point gml:id="K2_4740011760_1-g" srsName="fguuid:jgd2011.bl">
<gml:pos>32.667790000 131.668605000</gml:pos>
</gml:Point>
</pos>
<type>標高点（測点）</type>
<alti>348</alti>
</ElevPt>
<ElevPt gml:id="K2_4740011763_1">
<fid>47400-11763-i-74</fid>
<lfSpanFr gml:id="K2_4740011763_1-1">
<gml:timePosition>2020-11-25</gml:timePosition>
</lfSpanFr>
<devDate gml:id="K2_4740011763_1-2">
<gml:timePosition>2021-07-01</gml:timePosition>
</devDate>
<orgGILvl>25000</orgGILvl>
<vis>表示</vis>
<pos>
<gml:Point gml:id="K2_4740011763_1-g" srsName="fguuid:jgd2011.bl">
<gml:pos>32.677092778 131.673906667</gml:pos>
</gml:Point>
</pos>
<type>標高点（測点）</type>
<alti>246</alti>
</ElevPt>
<ElevPt gml:id="K2_4740011766_1">
<fid>47400-11766-i-27</fid>
<lfSpanFr gml:id="K2_4740011766_1-1">
<gml:timePosition>2020-11-25</gml:timePosition>
</lfSpanFr>
<devDate gml:id="K2_4740011766_1-2">
<gml:timePosition>2021-07-01</gml:timePosition>
</devDate>
<orgGILvl>25000</orgGILvl>
<vis>表示</vis>
<pos>
<gml:Point gml:id="K2_4740011766_1-g" srsName="fguuid:jgd2011.bl">
<gml:pos>32.684547500 131.667545833</gml:pos>
</gml:Point>
</pos>
<type>標高点（測点）</type>
<alti>358</alti>
</ElevPt>
<ElevPt gml:id="K2_4740011766_2">
<fid>47400-11766-i-28</fid>
<lfSpanFr gml:id="K2_4740011766_2-1">
<gml:timePosition>2020-11-25</gml:timePosition>
</lfSpanFr>
<devDate gml:id="K2_4740011766_2-2">
<gml:timePosition>2021-07-01</gml:timePosition>
</devDate>
<orgGILvl>25000</orgGILvl>
<vis>表示</vis>
<pos>
<gml:Point gml:id="K2_4740011766_2-g" srsName="fguuid:jgd2011.bl">
<gml:pos>32.691110278 131.670637222</gml:pos>
</gml:Point>
</pos>
<type>標高点（測点）</type>
<alti>389</alti>
</ElevPt>
<ElevPt gml:id="K2_4740011769_1">
<fid>47400-11769-i-24</fid>
<lfSpanFr gml:id="K2_4740011769_1-1">
<gml:timePosition>2020-11-25</gml:timePosition>
</lfSpanFr>
<devDate gml:id="K2_4740011769_1-2">
<gml:timePosition>2021-07-01</gml:timePosition>
</devDate>
<orgGILvl>25000</orgGILvl>
<vis>表示</vis>
<pos>
<gml:Point gml:id="K2_4740011769_1-g" srsName="fguuid:jgd2011.bl">
<gml:pos>32.697598056 131.670795833</gml:pos>
</gml:Point>
</pos>
<type>標高点（測点）</type>
<alti>149</alti>
</ElevPt>
<ElevPt gml:id="K2_4740011772_1">
<fid>47400-11772-i-51</fid>
<lfSpanFr gml:id="K2_4740011772_1-1">
<gml:timePosition>2020-11-25</gml:timePosition>
</lfSpanFr>
<devDate gml:id="K2_4740011772_1-2">
<gml:timePosition>2021-07-01</gml:timePosition>
</devDate>
<orgGILvl>25000</orgGILvl>
<vis>表示</vis>
<pos>
<gml:Point gml:id="K2_4740011772_1-g" srsName="fguuid:jgd2011.bl">
<gml:pos>32.702845833 131.669052778</gml:pos>
</gml:Point>
</pos>
<type>標高点（測点）</type>
<alti>316</alti>
</ElevPt>
<ElevPt gml:id="K2_4740011775_1">
<fid>47400-11775-i-390</fid>
<lfSpanFr gml:id="K2_4740011775_1-1">
<gml:timePosition>2020-11-25</gml:timePosition>
</lfSpanFr>
<devDate gml:id="K2_4740011775_1-2">
<gml:timePosition>2021-07-01</gml:timePosition>
</devDate>
<orgGILvl>25000</orgGILvl>
<vis>表示</vis>
<pos>
<gml:Point gml:id="K2_4740011775_1-g" srsName="fguuid:jgd2011.bl">
<gml:pos>32.716227113 131.668498475</gml:pos>
</gml:Point>
</pos>
<type>標高点（測点）</type>
<alti>17</alti>
</ElevPt>
<ElevPt gml:id="K2_4740011781_1">
<fid>47400-11781-i-1</fid>
<lfSpanFr gml:id="K2_4740011781_1-1">
<gml:timePosition>2013-12-10</gml:timePosition>
</lfSpanFr>
<devDate gml:id="K2_4740011781_1-2">
<gml:timePosition>2021-07-01</gml:timePosition>
</devDate>
<orgGILvl>25000</orgGILvl>
<vis>表示</vis>
<pos>
<gml:Point gml:id="K2_4740011781_1-g" srsName="fguuid:jgd2011.bl">
<gml:pos>32.732291111 131.673705833</gml:pos>
</gml:Point>
</pos>
<type>標高点（測点）</type>
<alti>479</alti>
</ElevPt>
<ElevPt gml:id="K2_4740011787_1">
<fid>47400-11787-i-1</fid>
<lfSpanFr gml:id="K2_4740011787_1-1">
<gml:timePosition>2013-12-10</gml:timePosition>
</lfSpanFr>
<devDate gml:id="K2_4740011787_1-2">
<gml:timePosition>2021-07-01</gml:timePosition>
</devDate>
<orgGILvl>25000</orgGILvl>
<vis>表示</vis>
<pos>
<gml:Point gml:id="K2_4740011787_1-g" srsName="fguuid:jgd2011.bl">
<gml:pos>32.745451944 131.672396111</gml:pos>
</gml:Point>
</pos>
<type>標高点（測点）</type>
<alti>605</alti>
</ElevPt>
<ElevPt gml:id="K2_4740311763_1">
<fid>47403-11763-i-6</fid>
<lfSpanFr gml:id="K2_4740311763_1-1">
<gml:timePosition>2013-12-10</gml:timePosition>
</lfSpanFr>
<devDate gml:id="K2_4740311763_1-2">
<gml:timePosition>2021-07-01</gml:timePosition>
</devDate>
<orgGILvl>25000</orgGILvl>
<vis>表示</vis>
<pos>
<gml:Point gml:id="K2_4740311763_1-g" srsName="fguuid:jgd2011.bl">
<gml:pos>32.681381944 131.677748056</gml:pos>
</gml:Point>
</pos>
<type>標高点（測点）</type>
<alti>348</alti>
</ElevPt>
<ElevPt gml:id="K2_4740311766_1">
<fid>47403-11766-i-1</fid>
<lfSpanFr gml:id="K2_4740311766_1-1">
<gml:timePosition>2013-12-10</gml:timePosition>
</lfSpanFr>
<devDate gml:id="K2_4740311766_1-2">
<gml:timePosition>2021-07-01</gml:timePosition>
</devDate>
<orgGILvl>25000</orgGILvl>
<vis>表示</vis>
<pos>
<gml:Point gml:id="K2_4740311766_1-g" srsName="fguuid:jgd2011.bl">
<gml:pos>32.687878333 131.677955556</gml:pos>
</gml:Point>
</pos>
<type>標高点（測点）</type>
<alti>372</alti>
</ElevPt>
<ElevPt gml:id="K2_4740311769_1">
<fid>47403-11769-i-32</fid>
<lfSpanFr gml:id="K2_4740311769_1-1">
<gml:timePosition>2020-11-25</gml:timePosition>
</lfSpanFr>
<devDate gml:id="K2_4740311769_1-2">
<gml:timePosition>2021-07-01</gml:timePosition>
</devDate>
<orgGILvl>25000</orgGILvl>
<vis>表示</vis>
<pos>
<gml:Point gml:id="K2_4740311769_1-g" srsName="fguuid:jgd2011.bl">
<gml:pos>32.694798333 131.678998889</gml:pos>
</gml:Point>
</pos>
<type>標高点（測点）</type>
<alti>222</alti>
</ElevPt>
<ElevPt gml:id="K2_4740311775_1">
<fid>47403-11775-i-127</fid>
<lfSpanFr gml:id="K2_4740311775_1-1">
<gml:timePosition>2020-11-25</gml:timePosition>
</lfSpanFr>
<devDate gml:id="K2_4740311775_1-2">
<gml:timePosition>2021-07-01</gml:timePosition>
</devDate>
<orgGILvl>25000</orgGILvl>
<vis>表示</vis>
<pos>
<gml:Point gml:id="K2_4740311775_1-g" srsName="fguuid:jgd2011.bl">
<gml:pos>32.710645833 131.683217778</gml:pos>
</gml:Point>
</pos>
<type>標高点（測点）</type>
<alti>250</alti>
</ElevPt>
<ElevPt gml:id="K2_4740311775_2">
<fid>47403-11775-i-128</fid>
<lfSpanFr gml:id="K2_4740311775_2-1">
<gml:timePosition>2020-11-25</gml:timePosition>
</lfSpanFr>
<devDate gml:id="K2_4740311775_2-2">
<gml:timePosition>2021-07-01</gml:timePosition>
</devDate>
<orgGILvl>25000</orgGILvl>
<vis>表示</vis>
<pos>
<gml:Point gml:id="K2_4740311775_2-g" srsName="fguuid:jgd2011.bl">
<gml:pos>32.716480000 131.678551944</gml:pos>
</gml:Point>
</pos>
<type>標高点（測点）</type>
<alti>132</alti>
</ElevPt>
<ElevPt gml:id="K2_4740311781_1">
<fid>47403-11781-i-1</fid>
<lfSpanFr gml:id="K2_4740311781_1-1">
<gml:timePosition>2013-12-10</gml:timePosition>
</lfSpanFr>
<devDate gml:id="K2_4740311781_1-2">
<gml:timePosition>2021-07-01</gml:timePosition>
</devDate>
<orgGILvl>25000</orgGILvl>
<vis>表示</vis>
<pos>
<gml:Point gml:id="K2_4740311781_1-g" srsName="fguuid:jgd2011.bl">
<gml:pos>32.728381111 131.678901389</gml:pos>
</gml:Point>
</pos>
<type>標高点（測点）</type>
<alti>340</alti>
</ElevPt>
<ElevPt gml:id="K2_4740311787_1">
<fid>47403-11787-i-1</fid>
<lfSpanFr gml:id="K2_4740311787_1-1">
<gml:timePosition>2013-12-10</gml:timePosition>
</lfSpanFr>
<devDate gml:id="K2_4740311787_1-2">
<gml:timePosition>2021-07-01</gml:timePosition>
</devDate>
<orgGILvl>25000</orgGILvl>
<vis>表示</vis>
<pos>
<gml:Point gml:id="K2_4740311787_1-g" srsName="fguuid:jgd2011.bl">
<gml:pos>32.742506667 131.678998056</gml:pos>
</gml:Point>
</pos>
<type>標高点（測点）</type>
<alti>553</alti>
</ElevPt>
<ElevPt gml:id="K2_4740611775_1">
<fid>47406-11775-i-31</fid>
<lfSpanFr gml:id="K2_4740611775_1-1">
<gml:timePosition>2020-11-25</gml:timePosition>
</lfSpanFr>
<devDate gml:id="K2_4740611775_1-2">
<gml:timePosition>2021-07-01</gml:timePosition>
</devDate>
<orgGILvl>25000</orgGILvl>
<vis>表示</vis>
<pos>
<gml:Point gml:id="K2_4740611775_1-g" srsName="fguuid:jgd2011.bl">
<gml:pos>32.715740278 131.690967778</gml:pos>
</gml:Point>
</pos>
<type>標高点（測点）</type>
<alti>349</alti>
</ElevPt>
<ElevPt gml:id="K2_4740611778_1">
<fid>47406-11778-i-13</fid>
<lfSpanFr gml:id="K2_4740611778_1-1">
<gml:timePosition>2020-11-25</gml:timePosition>
</lfSpanFr>
<devDate gml:id="K2_4740611778_1-2">
<gml:timePosition>2021-07-01</gml:timePosition>
</devDate>
<orgGILvl>25000</orgGILvl>
<vis>表示</vis>
<pos>
<gml:Point gml:id="K2_4740611778_1-g" srsName="fguuid:jgd2011.bl">
<gml:pos>32.720951389 131.685669722</gml:pos>
</gml:Point>
</pos>
<type>標高点（測点）</type>
<alti>329</alti>
</ElevPt>
<ElevPt gml:id="K2_4740611784_1">
<fid>47406-11784-i-1</fid>
<lfSpanFr gml:id="K2_4740611784_1-1">
<gml:timePosition>2013-12-10</gml:timePosition>
</lfSpanFr>
<devDate gml:id="K2_4740611784_1-2">
<gml:timePosition>2021-07-01</gml:timePosition>
</devDate>
<orgGILvl>25000</orgGILvl>
<vis>表示</vis>
<pos>
<gml:Point gml:id="K2_4740611784_1-g" srsName="fguuid:jgd2011.bl">
<gml:pos>32.739985278 131.687161944</gml:pos>
</gml:Point>
</pos>
<type>標高点（測点）</type>
<alti>528</alti>
</ElevPt>
<ElevPt gml:id="K2_4740911760_1">
<fid>47409-11760-i-79</fid>
<lfSpanFr gml:id="K2_4740911760_1-1">
<gml:timePosition>2020-06-30</gml:timePosition>
</lfSpanFr>
<devDate gml:id="K2_4740911760_1-2">
<gml:timePosition>2021-07-01</gml:timePosition>
</devDate>
<orgGILvl>25000</orgGILvl>
<vis>表示</vis>
<pos>
<gml:Point gml:id="K2_4740911760_1-g" srsName="fguuid:jgd2011.bl">
<gml:pos>32.674012500 131.698524167</gml:pos>
</gml:Point>
</pos>
<type>標高点（測点）</type>
<alti>54</alti>
</ElevPt>
<ElevPt gml:id="K2_4740911763_1">
<fid>47409-11763-i-229</fid>
<lfSpanFr gml:id="K2_4740911763_1-1">
<gml:timePosition>2020-06-30</gml:timePosition>
</lfSpanFr>
<devDate gml:id="K2_4740911763_1-2">
<gml:timePosition>2021-07-01</gml:timePosition>
</devDate>
<orgGILvl>25000</orgGILvl>
<vis>表示</vis>
<pos>
<gml:Point gml:id="K2_4740911763_1-g" srsName="fguuid:jgd2011.bl">
<gml:pos>32.678403056 131.692319722</gml:pos>
</gml:Point>
</pos>
<type>標高点（測点）</type>
<alti>205</alti>
</ElevPt>
<ElevPt gml:id="K2_4740911766_1">
<fid>47409-11766-i-554</fid>
<lfSpanFr gml:id="K2_4740911766_1-1">
<gml:timePosition>2020-06-30</gml:timePosition>
</lfSpanFr>
<devDate gml:id="K2_4740911766_1-2">
<gml:timePosition>2021-07-01</gml:timePosition>
</devDate>
<orgGILvl>25000</orgGILvl>
<vis>非表示</vis>
<pos>
<gml:Point gml:id="K2_4740911766_1-g" srsName="fguuid:jgd2011.bl">
<gml:pos>32.685705356 131.693054167</gml:pos>
</gml:Point>
</pos>
<type>標高点（測点）</type>
<alti>12</alti>
</ElevPt>
<ElevPt gml:id="K2_4740911772_1">
<fid>47409-11772-i-207</fid>
<lfSpanFr gml:id="K2_4740911772_1-1">
<gml:timePosition>2020-06-30</gml:timePosition>
</lfSpanFr>
<devDate gml:id="K2_4740911772_1-2">
<gml:timePosition>2021-07-01</gml:timePosition>
</devDate>
<orgGILvl>25000</orgGILvl>
<vis>表示</vis>
<pos>
<gml:Point gml:id="K2_4740911772_1-g" srsName="fguuid:jgd2011.bl">
<gml:pos>32.701666667 131.692148889</gml:pos>
</gml:Point>
</pos>
<type>標高点（測点）</type>
<alti>306</alti>
</ElevPt>
<ElevPt gml:id="K2_4740911781_1">
<fid>47409-11781-i-2</fid>
<lfSpanFr gml:id="K2_4740911781_1-1">
<gml:timePosition>2013-12-10</gml:timePosition>
</lfSpanFr>
<devDate gml:id="K2_4740911781_1-2">
<gml:timePosition>2021-07-01</gml:timePosition>
</devDate>
<orgGILvl>25000</orgGILvl>
<vis>表示</vis>
<pos>
<gml:Point gml:id="K2_4740911781_1-g" srsName="fguuid:jgd2011.bl">
<gml:pos>32.727000000 131.694396944</gml:pos>
</gml:Point>
</pos>
<type>標高点（測点）</type>
<alti>456</alti>
</ElevPt>
<ElevPt gml:id="K2_4740911784_1">
<fid>47409-11784-i-1</fid>
<lfSpanFr gml:id="K2_4740911784_1-1">
<gml:timePosition>2013-12-10</gml:timePosition>
</lfSpanFr>
<devDate gml:id="K2_4740911784_1-2">
<gml:timePosition>2021-07-01</gml:timePosition>
</devDate>
<orgGILvl>25000</orgGILvl>
<vis>表示</vis>
<pos>
<gml:Point gml:id="K2_4740911784_1-g" srsName="fguuid:jgd2011.bl">
<gml:pos>32.738426389 131.696265000</gml:pos>
</gml:Point>
</pos>
<type>標高点（測点）</type>
<alti>479</alti>
</ElevPt>
<ElevPt gml:id="K2_4741211760_1">
<fid>47412-11760-i-339</fid>
<lfSpanFr gml:id="K2_4741211760_1-1">
<gml:timePosition>2020-06-30</gml:timePosition>
</lfSpanFr>
<devDate gml:id="K2_4741211760_1-2">
<gml:timePosition>2021-07-01</gml:timePosition>
</devDate>
<orgGILvl>25000</orgGILvl>
<vis>表示</vis>
<pos>
<gml:Point gml:id="K2_4741211760_1-g" srsName="fguuid:jgd2011.bl">
<gml:pos>32.674238889 131.706637222</gml:pos>
</gml:Point>
</pos>
<type>標高点（測点）</type>
<alti>26</alti>
</ElevPt>
<ElevPt gml:id="K2_4741211766_1">
<fid>47412-11766-i-13</fid>
<lfSpanFr gml:id="K2_4741211766_1-1">
<gml:timePosition>2020-06-30</gml:timePosition>
</lfSpanFr>
<devDate gml:id="K2_4741211766_1-2">
<gml:timePosition>2021-07-01</gml:timePosition>
</devDate>
<orgGILvl>25000</orgGILvl>
<vis>表示</vis>
<pos>
<gml:Point gml:id="K2_4741211766_1-g" srsName="fguuid:jgd2011.bl">
<gml:pos>32.690379722 131.706204444</gml:pos>
</gml:Point>
</pos>
<type>標高点（測点）</type>
<alti>310</alti>
</ElevPt>
<ElevPt gml:id="K2_4741211772_1">
<fid>47412-11772-i-144</fid>
<lfSpanFr gml:id="K2_4741211772_1-1">
<gml:timePosition>2020-06-30</gml:timePosition>
</lfSpanFr>
<devDate gml:id="K2_4741211772_1-2">
<gml:timePosition>2021-07-01</gml:timePosition>
</devDate>
<orgGILvl>25000</orgGILvl>
<vis>表示</vis>
<pos>
<gml:Point gml:id="K2_4741211772_1-g" srsName="fguuid:jgd2011.bl">
<gml:pos>32.706351179 131.701812081</gml:pos>
</gml:Point>
</pos>
<type>標高点（測点）</type>
<alti>18</alti>
</ElevPt>
<ElevPt gml:id="K2_4741211778_1">
<fid>47412-11778-i-59</fid>
<lfSpanFr gml:id="K2_4741211778_1-1">
<gml:timePosition>2020-11-25</gml:timePosition>
</lfSpanFr>
<devDate gml:id="K2_4741211778_1-2">
<gml:timePosition>2021-07-01</gml:timePosition>
</devDate>
<orgGILvl>25000</orgGILvl>
<vis>表示</vis>
<pos>
<gml:Point gml:id="K2_4741211778_1-g" srsName="fguuid:jgd2011.bl">
<gml:pos>32.720511111 131.703165000</gml:pos>
</gml:Point>
</pos>
<type>標高点（測点）</type>
<alti>203</alti>
</ElevPt>
<ElevPt gml:id="K2_4741211781_1">
<fid>47412-11781-i-14</fid>
<lfSpanFr gml:id="K2_4741211781_1-1">
<gml:timePosition>2020-11-25</gml:timePosition>
</lfSpanFr>
<devDate gml:id="K2_4741211781_1-2">
<gml:timePosition>2021-07-01</gml:timePosition>
</devDate>
<orgGILvl>25000</orgGILvl>
<vis>表示</vis>
<pos>
<gml:Point gml:id="K2_4741211781_1-g" srsName="fguuid:jgd2011.bl">
<gml:pos>32.727625000 131.705844167</gml:pos>
</gml:Point>
</pos>
<type>標高点（測点）</type>
<alti>276</alti>
</ElevPt>
<ElevPt gml:id="K2_4741211784_1">
<fid>47412-11784-i-1</fid>
<lfSpanFr gml:id="K2_4741211784_1-1">
<gml:timePosition>2013-12-10</gml:timePosition>
</lfSpanFr>
<devDate gml:id="K2_4741211784_1-2">
<gml:timePosition>2021-07-01</gml:timePosition>
</devDate>
<orgGILvl>25000</orgGILvl>
<vis>表示</vis>
<pos>
<gml:Point gml:id="K2_4741211784_1-g" srsName="fguuid:jgd2011.bl">
<gml:pos>32.735438056 131.700783611</gml:pos>
</gml:Point>
</pos>
<type>標高点（測点）</type>
<alti>454</alti>
</ElevPt>
<ElevPt gml:id="K2_4741211787_1">
<fid>47412-11787-i-148</fid>
<lfSpanFr gml:id="K2_4741211787_1-1">
<gml:timePosition>2013-12-10</gml:timePosition>
</lfSpanFr>
<devDate gml:id="K2_4741211787_1-2">
<gml:timePosition>2021-07-01</gml:timePosition>
</devDate>
<orgGILvl>25000</orgGILvl>
<vis>表示</vis>
<pos>
<gml:Point gml:id="K2_4741211787_1-g" srsName="fguuid:jgd2011.bl">
<gml:pos>32.746352500 131.707606389</gml:pos>
</gml:Point>
</pos>
<type>標高点（測点）</type>
<alti>92</alti>
</ElevPt>
<ElevPt gml:id="K2_4741511763_1">
<fid>47415-11763-i-105</fid>
<lfSpanFr gml:id="K2_4741511763_1-1">
<gml:timePosition>2020-06-30</gml:timePosition>
</lfSpanFr>
<devDate gml:id="K2_4741511763_1-2">
<gml:timePosition>2021-07-01</gml:timePosition>
</devDate>
<orgGILvl>25000</orgGILvl>
<vis>表示</vis>
<pos>
<gml:Point gml:id="K2_4741511763_1-g" srsName="fguuid:jgd2011.bl">
<gml:pos>32.681081111 131.714162222</gml:pos>
</gml:Point>
</pos>
<type>標高点（測点）</type>
<alti>64</alti>
</ElevPt>
<ElevPt gml:id="K2_4741511766_1">
<fid>47415-11766-i-29</fid>
<lfSpanFr gml:id="K2_4741511766_1-1">
<gml:timePosition>2020-06-30</gml:timePosition>
</lfSpanFr>
<devDate gml:id="K2_4741511766_1-2">
<gml:timePosition>2021-07-01</gml:timePosition>
</devDate>
<orgGILvl>25000</orgGILvl>
<vis>表示</vis>
<pos>
<gml:Point gml:id="K2_4741511766_1-g" srsName="fguuid:jgd2011.bl">
<gml:pos>32.686205556 131.715993611</gml:pos>
</gml:Point>
</pos>
<type>標高点（測点）</type>
<alti>174</alti>
</ElevPt>
<ElevPt gml:id="K2_4741511769_1">
<fid>47415-11769-i-24</fid>
<lfSpanFr gml:id="K2_4741511769_1-1">
<gml:timePosition>2020-06-30</gml:timePosition>
</lfSpanFr>
<devDate gml:id="K2_4741511769_1-2">
<gml:timePosition>2021-07-01</gml:timePosition>
</devDate>
<orgGILvl>25000</orgGILvl>
<vis>表示</vis>
<pos>
<gml:Point gml:id="K2_4741511769_1-g" srsName="fguuid:jgd2011.bl">
<gml:pos>32.694578333 131.708842222</gml:pos>
</gml:Point>
</pos>
<type>標高点（測点）</type>
<alti>324</alti>
</ElevPt>
<ElevPt gml:id="K2_4741511772_1">
<fid>47415-11772-i-21</fid>
<lfSpanFr gml:id="K2_4741511772_1-1">
<gml:timePosition>2020-06-30</gml:timePosition>
</lfSpanFr>
<devDate gml:id="K2_4741511772_1-2">
<gml:timePosition>2021-07-01</gml:timePosition>
</devDate>
<orgGILvl>25000</orgGILvl>
<vis>表示</vis>
<pos>
<gml:Point gml:id="K2_4741511772_1-g" srsName="fguuid:jgd2011.bl">
<gml:pos>32.705374444 131.710784167</gml:pos>
</gml:Point>
</pos>
<type>標高点（測点）</type>
<alti>226</alti>
</ElevPt>
<ElevPt gml:id="K2_4741511778_1">
<fid>47415-11778-i-232</fid>
<lfSpanFr gml:id="K2_4741511778_1-1">
<gml:timePosition>2020-11-25</gml:timePosition>
</lfSpanFr>
<devDate gml:id="K2_4741511778_1-2">
<gml:timePosition>2021-07-01</gml:timePosition>
</devDate>
<orgGILvl>25000</orgGILvl>
<vis>表示</vis>
<pos>
<gml:Point gml:id="K2_4741511778_1-g" srsName="fguuid:jgd2011.bl">
<gml:pos>32.723526389 131.713851111</gml:pos>
</gml:Point>
</pos>
<type>標高点（測点）</type>
<alti>131</alti>
</ElevPt>
<ElevPt gml:id="K2_4741511784_1">
<fid>47415-11784-i-251</fid>
<lfSpanFr gml:id="K2_4741511784_1-1">
<gml:timePosition>2020-11-25</gml:timePosition>
</lfSpanFr>
<devDate gml:id="K2_4741511784_1-2">
<gml:timePosition>2021-07-01</gml:timePosition>
</devDate>
<orgGILvl>25000</orgGILvl>
<vis>表示</vis>
<pos>
<gml:Point gml:id="K2_4741511784_1-g" srsName="fguuid:jgd2011.bl">
<gml:pos>32.735615833 131.712303611</gml:pos>
</gml:Point>
</pos>
<type>標高点（測点）</type>
<alti>104</alti>
</ElevPt>
<ElevPt gml:id="K2_4741811763_1">
<fid>47418-11763-i-19</fid>
<lfSpanFr gml:id="K2_4741811763_1-1">
<gml:timePosition>2020-06-30</gml:timePosition>
</lfSpanFr>
<devDate gml:id="K2_4741811763_1-2">
<gml:timePosition>2021-07-01</gml:timePosition>
</devDate>
<orgGILvl>25000</orgGILvl>
<vis>表示</vis>
<pos>
<gml:Point gml:id="K2_4741811763_1-g" srsName="fguuid:jgd2011.bl">
<gml:pos>32.679620278 131.720904167</gml:pos>
</gml:Point>
</pos>
<type>標高点（測点）</type>
<alti>179</alti>
</ElevPt>
<ElevPt gml:id="K2_4741811772_1">
<fid>47418-11772-i-33</fid>
<lfSpanFr gml:id="K2_4741811772_1-1">
<gml:timePosition>2020-06-30</gml:timePosition>
</lfSpanFr>
<devDate gml:id="K2_4741811772_1-2">
<gml:timePosition>2021-07-01</gml:timePosition>
</devDate>
<orgGILvl>25000</orgGILvl>
<vis>表示</vis>
<pos>
<gml:Point gml:id="K2_4741811772_1-g" srsName="fguuid:jgd2011.bl">
<gml:pos>32.704206667 131.720637778</gml:pos>
</gml:Point>
</pos>
<type>標高点（測点）</type>
<alti>109</alti>
</ElevPt>
<ElevPt gml:id="K2_4741811775_1">
<fid>47418-11775-i-3</fid>
<lfSpanFr gml:id="K2_4741811775_1-1">
<gml:timePosition>2013-12-10</gml:timePosition>
</lfSpanFr>
<devDate gml:id="K2_4741811775_1-2">
<gml:timePosition>2021-07-01</gml:timePosition>
</devDate>
<orgGILvl>25000</orgGILvl>
<vis>表示</vis>
<pos>
<gml:Point gml:id="K2_4741811775_1-g" srsName="fguuid:jgd2011.bl">
<gml:pos>32.712172222 131.719951667</gml:pos>
</gml:Point>
</pos>
<type>標高点（測点）</type>
<alti>241</alti>
</ElevPt>
<ElevPt gml:id="K2_4741811778_1">
<fid>47418-11778-i-333</fid>
<lfSpanFr gml:id="K2_4741811778_1-1">
<gml:timePosition>2020-11-25</gml:timePosition>
</lfSpanFr>
<devDate gml:id="K2_4741811778_1-2">
<gml:timePosition>2021-07-01</gml:timePosition>
</devDate>
<orgGILvl>25000</orgGILvl>
<vis>表示</vis>
<pos>
<gml:Point gml:id="K2_4741811778_1-g" srsName="fguuid:jgd2011.bl">
<gml:pos>32.720354167 131.722146944</gml:pos>
</gml:Point>
</pos>
<type>標高点（測点）</type>
<alti>26</alti>
</ElevPt>
<ElevPt gml:id="K2_4741811784_1">
<fid>47418-11784-i-6</fid>
<lfSpanFr gml:id="K2_4741811784_1-1">
<gml:timePosition>2013-12-10</gml:timePosition>
</lfSpanFr>
<devDate gml:id="K2_4741811784_1-2">
<gml:timePosition>2021-07-01</gml:timePosition>
</devDate>
<orgGILvl>25000</orgGILvl>
<vis>表示</vis>
<pos>
<gml:Point gml:id="K2_4741811784_1-g" srsName="fguuid:jgd2011.bl">
<gml:pos>32.735136111 131.721555556</gml:pos>
</gml:Point>
</pos>
<type>標高点（測点）</type>
<alti>276</alti>
</ElevPt>
<ElevPt gml:id="K2_4741811787_1">
<fid>47418-11787-i-170</fid>
<lfSpanFr gml:id="K2_4741811787_1-1">
<gml:timePosition>2020-11-25</gml:timePosition>
</lfSpanFr>
<devDate gml:id="K2_4741811787_1-2">
<gml:timePosition>2021-07-01</gml:timePosition>
</devDate>
<orgGILvl>25000</orgGILvl>
<vis>表示</vis>
<pos>
<gml:Point gml:id="K2_4741811787_1-g" srsName="fguuid:jgd2011.bl">
<gml:pos>32.749250861 131.719836694</gml:pos>
</gml:Point>
</pos>
<type>標高点（測点）</type>
<alti>36</alti>
</ElevPt>
<ElevPt gml:id="K2_4742111760_1">
<fid>47421-11760-i-77</fid>
<lfSpanFr gml:id="K2_4742111760_1-1">
<gml:timePosition>2020-06-30</gml:timePosition>
</lfSpanFr>
<devDate gml:id="K2_4742111760_1-2">
<gml:timePosition>2021-07-01</gml:timePosition>
</devDate>
<orgGILvl>25000</orgGILvl>
<vis>表示</vis>
<pos>
<gml:Point gml:id="K2_4742111760_1-g" srsName="fguuid:jgd2011.bl">
<gml:pos>32.674000861 131.726412222</gml:pos>
</gml:Point>
</pos>
<type>標高点（測点）</type>
<alti>8</alti>
</ElevPt>
<ElevPt gml:id="K2_4742111763_1">
<fid>47421-11763-i-84</fid>
<lfSpanFr gml:id="K2_4742111763_1-1">
<gml:timePosition>2020-06-30</gml:timePosition>
</lfSpanFr>
<devDate gml:id="K2_4742111763_1-2">
<gml:timePosition>2021-07-01</gml:timePosition>
</devDate>
<orgGILvl>25000</orgGILvl>
<vis>表示</vis>
<pos>
<gml:Point gml:id="K2_4742111763_1-g" srsName="fguuid:jgd2011.bl">
<gml:pos>32.680625556 131.728038056</gml:pos>
</gml:Point>
</pos>
<type>標高点（測点）</type>
<alti>66</alti>
</ElevPt>
<ElevPt gml:id="K2_4742111766_1">
<fid>47421-11766-i-25</fid>
<lfSpanFr gml:id="K2_4742111766_1-1">
<gml:timePosition>2020-06-30</gml:timePosition>
</lfSpanFr>
<devDate gml:id="K2_4742111766_1-2">
<gml:timePosition>2021-07-01</gml:timePosition>
</devDate>
<orgGILvl>25000</orgGILvl>
<vis>表示</vis>
<pos>
<gml:Point gml:id="K2_4742111766_1-g" srsName="fguuid:jgd2011.bl">
<gml:pos>32.686556111 131.732030278</gml:pos>
</gml:Point>
</pos>
<type>標高点（測点）</type>
<alti>268</alti>
</ElevPt>
<ElevPt gml:id="K2_4742111766_2">
<fid>47421-11766-i-26</fid>
<lfSpanFr gml:id="K2_4742111766_2-1">
<gml:timePosition>2020-06-30</gml:timePosition>
</lfSpanFr>
<devDate gml:id="K2_4742111766_2-2">
<gml:timePosition>2021-07-01</gml:timePosition>
</devDate>
<orgGILvl>25000</orgGILvl>
<vis>表示</vis>
<pos>
<gml:Point gml:id="K2_4742111766_2-g" srsName="fguuid:jgd2011.bl">
<gml:pos>32.689435556 131.728418889</gml:pos>
</gml:Point>
</pos>
<type>標高点（測点）</type>
<alti>265</alti>
</ElevPt>
<ElevPt gml:id="K2_4742111769_1">
<fid>47421-11769-i-31</fid>
<lfSpanFr gml:id="K2_4742111769_1-1">
<gml:timePosition>2020-06-30</gml:timePosition>
</lfSpanFr>
<devDate gml:id="K2_4742111769_1-2">
<gml:timePosition>2021-07-01</gml:timePosition>
</devDate>
<orgGILvl>25000</orgGILvl>
<vis>表示</vis>
<pos>
<gml:Point gml:id="K2_4742111769_1-g" srsName="fguuid:jgd2011.bl">
<gml:pos>32.698330278 131.725095833</gml:pos>
</gml:Point>
</pos>
<type>標高点（測点）</type>
<alti>158</alti>
</ElevPt>
<ElevPt gml:id="K2_4742111772_1">
<fid>47421-11772-i-14</fid>
<lfSpanFr gml:id="K2_4742111772_1-1">
<gml:timePosition>2020-06-30</gml:timePosition>
</lfSpanFr>
<devDate gml:id="K2_4742111772_1-2">
<gml:timePosition>2021-07-01</gml:timePosition>
</devDate>
<orgGILvl>25000</orgGILvl>
<vis>表示</vis>
<pos>
<gml:Point gml:id="K2_4742111772_1-g" srsName="fguuid:jgd2011.bl">
<gml:pos>32.706439444 131.729910833</gml:pos>
</gml:Point>
</pos>
<type>標高点（測点）</type>
<alti>337</alti>
</ElevPt>
<ElevPt gml:id="K2_4742111775_1">
<fid>47421-11775-i-6</fid>
<lfSpanFr gml:id="K2_4742111775_1-1">
<gml:timePosition>2013-12-10</gml:timePosition>
</lfSpanFr>
<devDate gml:id="K2_4742111775_1-2">
<gml:timePosition>2021-07-01</gml:timePosition>
</devDate>
<orgGILvl>25000</orgGILvl>
<vis>表示</vis>
<pos>
<gml:Point gml:id="K2_4742111775_1-g" srsName="fguuid:jgd2011.bl">
<gml:pos>32.713931111 131.733165556</gml:pos>
</gml:Point>
</pos>
<type>標高点（測点）</type>
<alti>366</alti>
</ElevPt>
<ElevPt gml:id="K2_4742111781_1">
<fid>47421-11781-i-54</fid>
<lfSpanFr gml:id="K2_4742111781_1-1">
<gml:timePosition>2020-11-25</gml:timePosition>
</lfSpanFr>
<devDate gml:id="K2_4742111781_1-2">
<gml:timePosition>2021-07-01</gml:timePosition>
</devDate>
<orgGILvl>25000</orgGILvl>
<vis>表示</vis>
<pos>
<gml:Point gml:id="K2_4742111781_1-g" srsName="fguuid:jgd2011.bl">
<gml:pos>32.729558611 131.731096111</gml:pos>
</gml:Point>
</pos>
<type>標高点（測点）</type>
<alti>174</alti>
</ElevPt>
<ElevPt gml:id="K2_4742111784_1">
<fid>47421-11784-i-58</fid>
<lfSpanFr gml:id="K2_4742111784_1-1">
<gml:timePosition>2020-11-25</gml:timePosition>
</lfSpanFr>
<devDate gml:id="K2_4742111784_1-2">
<gml:timePosition>2021-07-01</gml:timePosition>
</devDate>
<orgGILvl>25000</orgGILvl>
<vis>表示</vis>
<pos>
<gml:Point gml:id="K2_4742111784_1-g" srsName="fguuid:jgd2011.bl">
<gml:pos>32.738414167 131.729122500</gml:pos>
</gml:Point>
</pos>
<type>標高点（測点）</type>
<alti>245</alti>
</ElevPt>
<ElevPt gml:id="K2_4742111787_1">
<fid>47421-11787-i-3</fid>
<lfSpanFr gml:id="K2_4742111787_1-1">
<gml:timePosition>2013-12-10</gml:timePosition>
</lfSpanFr>
<devDate gml:id="K2_4742111787_1-2">
<gml:timePosition>2021-07-01</gml:timePosition>
</devDate>
<orgGILvl>25000</orgGILvl>
<vis>表示</vis>
<pos>
<gml:Point gml:id="K2_4742111787_1-g" srsName="fguuid:jgd2011.bl">
<gml:pos>32.749766389 131.731460000</gml:pos>
</gml:Point>
</pos>
<type>標高点（測点）</type>
<alti>342</alti>
</ElevPt>
<ElevPt gml:id="K2_4742411760_1">
<fid>47424-11760-i-31</fid>
<lfSpanFr gml:id="K2_4742411760_1-1">
<gml:timePosition>2020-06-30</gml:timePosition>
</lfSpanFr>
<devDate gml:id="K2_4742411760_1-2">
<gml:timePosition>2021-07-01</gml:timePosition>
</devDate>
<orgGILvl>25000</orgGILvl>
<vis>表示</vis>
<pos>
<gml:Point gml:id="K2_4742411760_1-g" srsName="fguuid:jgd2011.bl">
<gml:pos>32.668055556 131.736721944</gml:pos>
</gml:Point>
</pos>
<type>標高点（測点）</type>
<alti>213</alti>
</ElevPt>
<ElevPt gml:id="K2_4742411760_2">
<fid>47424-11760-i-32</fid>
<lfSpanFr gml:id="K2_4742411760_2-1">
<gml:timePosition>2020-06-30</gml:timePosition>
</lfSpanFr>
<devDate gml:id="K2_4742411760_2-2">
<gml:timePosition>2021-07-01</gml:timePosition>
</devDate>
<orgGILvl>25000</orgGILvl>
<vis>表示</vis>
<pos>
<gml:Point gml:id="K2_4742411760_2-g" srsName="fguuid:jgd2011.bl">
<gml:pos>32.674545833 131.735655833</gml:pos>
</gml:Point>
</pos>
<type>標高点（測点）</type>
<alti>17</alti>
</ElevPt>
<ElevPt gml:id="K2_4742411766_1">
<fid>47424-11766-i-24</fid>
<lfSpanFr gml:id="K2_4742411766_1-1">
<gml:timePosition>2020-06-30</gml:timePosition>
</lfSpanFr>
<devDate gml:id="K2_4742411766_1-2">
<gml:timePosition>2021-07-01</gml:timePosition>
</devDate>
<orgGILvl>25000</orgGILvl>
<vis>表示</vis>
<pos>
<gml:Point gml:id="K2_4742411766_1-g" srsName="fguuid:jgd2011.bl">
<gml:pos>32.687595000 131.740223611</gml:pos>
</gml:Point>
</pos>
<type>標高点（測点）</type>
<alti>284</alti>
</ElevPt>
<ElevPt gml:id="K2_4742411775_1">
<fid>47424-11775-i-1</fid>
<lfSpanFr gml:id="K2_4742411775_1-1">
<gml:timePosition>2013-12-10</gml:timePosition>
</lfSpanFr>
<devDate gml:id="K2_4742411775_1-2">
<gml:timePosition>2021-07-01</gml:timePosition>
</devDate>
<orgGILvl>25000</orgGILvl>
<vis>表示</vis>
<pos>
<gml:Point gml:id="K2_4742411775_1-g" srsName="fguuid:jgd2011.bl">
<gml:pos>32.709136389 131.739295556</gml:pos>
</gml:Point>
</pos>
<type>標高点（測点）</type>
<alti>403</alti>
</ElevPt>
<ElevPt gml:id="K2_4742411784_1">
<fid>47424-11784-i-4</fid>
<lfSpanFr gml:id="K2_4742411784_1-1">
<gml:timePosition>2013-12-10</gml:timePosition>
</lfSpanFr>
<devDate gml:id="K2_4742411784_1-2">
<gml:timePosition>2021-07-01</gml:timePosition>
</devDate>
<orgGILvl>25000</orgGILvl>
<vis>表示</vis>
<pos>
<gml:Point gml:id="K2_4742411784_1-g" srsName="fguuid:jgd2011.bl">
<gml:pos>32.735337778 131.735396667</gml:pos>
</gml:Point>
</pos>
<type>標高点（測点）</type>
<alti>122</alti>
</ElevPt>
<ElevPt gml:id="K2_4742411787_1">
<fid>47424-11787-i-3</fid>
<lfSpanFr gml:id="K2_4742411787_1-1">
<gml:timePosition>2013-12-10</gml:timePosition>
</lfSpanFr>
<devDate gml:id="K2_4742411787_1-2">
<gml:timePosition>2021-07-01</gml:timePosition>
</devDate>
<orgGILvl>25000</orgGILvl>
<vis>表示</vis>
<pos>
<gml:Point gml:id="K2_4742411787_1-g" srsName="fguuid:jgd2011.bl">
<gml:pos>32.742236389 131.733784444</gml:pos>
</gml:Point>
</pos>
<type>標高点（測点）</type>
<alti>293</alti>
</ElevPt>
<ElevPt gml:id="K2_4742711760_1">
<fid>47427-11760-i-27</fid>
<lfSpanFr gml:id="K2_4742711760_1-1">
<gml:timePosition>2020-06-30</gml:timePosition>
</lfSpanFr>
<devDate gml:id="K2_4742711760_1-2">
<gml:timePosition>2021-07-01</gml:timePosition>
</devDate>
<orgGILvl>25000</orgGILvl>
<vis>表示</vis>
<pos>
<gml:Point gml:id="K2_4742711760_1-g" srsName="fguuid:jgd2011.bl">
<gml:pos>32.671282500 131.744786389</gml:pos>
</gml:Point>
</pos>
<type>標高点（測点）</type>
<alti>234</alti>
</ElevPt>
<ElevPt gml:id="K2_4742711766_1">
<fid>47427-11766-i-18</fid>
<lfSpanFr gml:id="K2_4742711766_1-1">
<gml:timePosition>2020-06-30</gml:timePosition>
</lfSpanFr>
<devDate gml:id="K2_4742711766_1-2">
<gml:timePosition>2021-07-01</gml:timePosition>
</devDate>
<orgGILvl>25000</orgGILvl>
<vis>表示</vis>
<pos>
<gml:Point gml:id="K2_4742711766_1-g" srsName="fguuid:jgd2011.bl">
<gml:pos>32.684823611 131.746925556</gml:pos>
</gml:Point>
</pos>
<type>標高点（測点）</type>
<alti>294</alti>
</ElevPt>
<ElevPt gml:id="K2_4742711769_1">
<fid>47427-11769-i-37</fid>
<lfSpanFr gml:id="K2_4742711769_1-1">
<gml:timePosition>2020-06-30</gml:timePosition>
</lfSpanFr>
<devDate gml:id="K2_4742711769_1-2">
<gml:timePosition>2021-07-01</gml:timePosition>
</devDate>
<orgGILvl>25000</orgGILvl>
<vis>表示</vis>
<pos>
<gml:Point gml:id="K2_4742711769_1-g" srsName="fguuid:jgd2011.bl">
<gml:pos>32.696875556 131.748961111</gml:pos>
</gml:Point>
</pos>
<type>標高点（測点）</type>
<alti>474</alti>
</ElevPt>
<ElevPt gml:id="K2_4742711769_2">
<fid>47427-11769-i-38</fid>
<lfSpanFr gml:id="K2_4742711769_2-1">
<gml:timePosition>2020-06-30</gml:timePosition>
</lfSpanFr>
<devDate gml:id="K2_4742711769_2-2">
<gml:timePosition>2021-07-01</gml:timePosition>
</devDate>
<orgGILvl>25000</orgGILvl>
<vis>表示</vis>
<pos>
<gml:Point gml:id="K2_4742711769_2-g" srsName="fguuid:jgd2011.bl">
<gml:pos>32.696282222 131.744099722</gml:pos>
</gml:Point>
</pos>
<type>標高点（測点）</type>
<alti>376</alti>
</ElevPt>
<ElevPt gml:id="K2_4742711772_1">
<fid>47427-11772-i-79</fid>
<lfSpanFr gml:id="K2_4742711772_1-1">
<gml:timePosition>2020-06-30</gml:timePosition>
</lfSpanFr>
<devDate gml:id="K2_4742711772_1-2">
<gml:timePosition>2021-07-01</gml:timePosition>
</devDate>
<orgGILvl>25000</orgGILvl>
<vis>表示</vis>
<pos>
<gml:Point gml:id="K2_4742711772_1-g" srsName="fguuid:jgd2011.bl">
<gml:pos>32.702116389 131.745357778</gml:pos>
</gml:Point>
</pos>
<type>標高点（測点）</type>
<alti>508</alti>
</ElevPt>
<ElevPt gml:id="K2_4742711772_2">
<fid>47427-11772-i-80</fid>
<lfSpanFr gml:id="K2_4742711772_2-1">
<gml:timePosition>2020-06-30</gml:timePosition>
</lfSpanFr>
<devDate gml:id="K2_4742711772_2-2">
<gml:timePosition>2021-07-01</gml:timePosition>
</devDate>
<orgGILvl>25000</orgGILvl>
<vis>表示</vis>
<pos>
<gml:Point gml:id="K2_4742711772_2-g" srsName="fguuid:jgd2011.bl">
<gml:pos>32.706691111 131.749001111</gml:pos>
</gml:Point>
</pos>
<type>標高点（測点）</type>
<alti>557</alti>
</ElevPt>
<ElevPt gml:id="K2_4742711778_1">
<fid>47427-11778-i-19</fid>
<lfSpanFr gml:id="K2_4742711778_1-1">
<gml:timePosition>2013-12-10</gml:timePosition>
</lfSpanFr>
<devDate gml:id="K2_4742711778_1-2">
<gml:timePosition>2021-07-01</gml:timePosition>
</devDate>
<orgGILvl>25000</orgGILvl>
<vis>表示</vis>
<pos>
<gml:Point gml:id="K2_4742711778_1-g" srsName="fguuid:jgd2011.bl">
<gml:pos>32.724642778 131.749866944</gml:pos>
</gml:Point>
</pos>
<type>標高点（測点）</type>
<alti>191</alti>
</ElevPt>
<ElevPt gml:id="K2_4742711781_1">
<fid>47427-11781-i-73</fid>
<lfSpanFr gml:id="K2_4742711781_1-1">
<gml:timePosition>2020-11-25</gml:timePosition>
</lfSpanFr>
<devDate gml:id="K2_4742711781_1-2">
<gml:timePosition>2021-07-01</gml:timePosition>
</devDate>
<orgGILvl>25000</orgGILvl>
<vis>表示</vis>
<pos>
<gml:Point gml:id="K2_4742711781_1-g" srsName="fguuid:jgd2011.bl">
<gml:pos>32.729137500 131.744966944</gml:pos>
</gml:Point>
</pos>
<type>標高点（測点）</type>
<alti>77</alti>
</ElevPt>
<ElevPt gml:id="K2_4742711787_1">
<fid>47427-11787-i-1</fid>
<lfSpanFr gml:id="K2_4742711787_1-1">
<gml:timePosition>2013-12-10</gml:timePosition>
</lfSpanFr>
<devDate gml:id="K2_4742711787_1-2">
<gml:timePosition>2021-07-01</gml:timePosition>
</devDate>
<orgGILvl>25000</orgGILvl>
<vis>表示</vis>
<pos>
<gml:Point gml:id="K2_4742711787_1-g" srsName="fguuid:jgd2011.bl">
<gml:pos>32.744380833 131.745397500</gml:pos>
</gml:Point>
</pos>
<type>標高点（測点）</type>
<alti>286</alti>
</ElevPt>
</Dataset>
