<?xml version="1.0" encoding="utf-8"?>
<Dataset xsi:schemaLocation="http://fgd.gsi.go.jp/spec/2008/FGD_GMLSchema FGD_GMLSchema.xsd"
	xmlns:gml="http://www.opengis.net/gml/3.2"
	xmlns:xsi="http://www.w3.org/2001/XMLSchema-instance"
	xmlns:xlink="http://www.w3.org/1999/xlink"
	xmlns="http://fgd.gsi.go.jp/spec/2008/FGD_GMLSchema"
	gml:id="Dataset1">
  <gml:description>基盤地図情報メタデータ ID=fmdid:21-0701</gml:description>
  <gml:name>基盤地図情報ダウンロードデータ（GML版）</gml:name>
<GCP gml:id="K1_493105_1">
<fid>10-00100-0-2106-136064</fid>
<lfSpanFr gml:id="K1_493105_1-1">
<gml:timePosition>2021-06-08</gml:timePosition>
</lfSpanFr>
<devDate gml:id="K1_493105_1-2">
<gml:timePosition>2021-07-01</gml:timePosition>
</devDate>
<orgGILvl>SJ11</orgGILvl>
<vis>表示</vis>
<pos>
<gml:Point gml:id="K1_493105_1-g" srsName="fguuid:jgd2011.bl">
<gml:pos>32.669159917 131.702838250</gml:pos>
</gml:Point>
</pos>
<orgName>国土地理院</orgName>
<type>水準点</type>
<gcpClass>一等水準点</gcpClass>
<gcpCode>L010000002586</gcpCode>
<name>２５８６</name>
<B>117608.9757</B>
<L>474130.2177</L>
<alti>36.6447</alti>
<altiAcc>4</altiAcc>
</GCP>
<GCP gml:id="K1_493105_2">
<fid>10-00100-0-2106-136065</fid>
<lfSpanFr gml:id="K1_493105_2-1">
<gml:timePosition>2021-06-08</gml:timePosition>
</lfSpanFr>
<devDate gml:id="K1_493105_2-2">
<gml:timePosition>2021-07-01</gml:timePosition>
</devDate>
<orgGILvl>SJ11</orgGILvl>
<vis>表示</vis>
<pos>
<gml:Point gml:id="K1_493105_2-g" srsName="fguuid:jgd2011.bl">
<gml:pos>32.683319361 131.696339056</gml:pos>
</gml:Point>
</pos>
<orgName>国土地理院</orgName>
<type>水準点</type>
<gcpClass>一等水準点</gcpClass>
<gcpCode>L010000002587</gcpCode>
<name>２５８７</name>
<B>117659.9497</B>
<L>474106.8206</L>
<alti>15.976</alti>
<altiAcc>4</altiAcc>
</GCP>
<GCP gml:id="K1_493105_3">
<fid>10-00100-0-2106-136066</fid>
<lfSpanFr gml:id="K1_493105_3-1">
<gml:timePosition>2021-06-08</gml:timePosition>
</lfSpanFr>
<devDate gml:id="K1_493105_3-2">
<gml:timePosition>2021-07-01</gml:timePosition>
</devDate>
<orgGILvl>SJ11</orgGILvl>
<vis>表示</vis>
<pos>
<gml:Point gml:id="K1_493105_3-g" srsName="fguuid:jgd2011.bl">
<gml:pos>32.697966139 131.697755000</gml:pos>
</gml:Point>
</pos>
<orgName>国土地理院</orgName>
<type>水準点</type>
<gcpClass>一等水準点</gcpClass>
<gcpCode>L010000002588</gcpCode>
<name>２５８８</name>
<B>117712.6781</B>
<L>474111.918</L>
<alti>18.6207</alti>
<altiAcc>4</altiAcc>
</GCP>
<GCP gml:id="K1_493105_4">
<fid>10-00100-0-2106-136067</fid>
<lfSpanFr gml:id="K1_493105_4-1">
<gml:timePosition>2021-06-08</gml:timePosition>
</lfSpanFr>
<devDate gml:id="K1_493105_4-2">
<gml:timePosition>2021-07-01</gml:timePosition>
</devDate>
<orgGILvl>SJ11</orgGILvl>
<vis>表示</vis>
<pos>
<gml:Point gml:id="K1_493105_4-g" srsName="fguuid:jgd2011.bl">
<gml:pos>32.709574806 131.701434139</gml:pos>
</gml:Point>
</pos>
<orgName>国土地理院</orgName>
<type>水準点</type>
<gcpClass>一等水準点</gcpClass>
<gcpCode>L010000002589</gcpCode>
<name>２５８９</name>
<B>117754.4693</B>
<L>474125.1629</L>
<alti>20.2251</alti>
<altiAcc>4</altiAcc>
</GCP>
<GCP gml:id="K1_493105_5">
<fid>10-00100-0-2106-136068</fid>
<lfSpanFr gml:id="K1_493105_5-1">
<gml:timePosition>2021-06-08</gml:timePosition>
</lfSpanFr>
<devDate gml:id="K1_493105_5-2">
<gml:timePosition>2021-07-01</gml:timePosition>
</devDate>
<orgGILvl>SJ11</orgGILvl>
<vis>表示</vis>
<pos>
<gml:Point gml:id="K1_493105_5-g" srsName="fguuid:jgd2011.bl">
<gml:pos>32.721710667 131.708067139</gml:pos>
</gml:Point>
</pos>
<orgName>国土地理院</orgName>
<type>水準点</type>
<gcpClass>一等水準点</gcpClass>
<gcpCode>L010000002590</gcpCode>
<name>２５９０</name>
<B>117798.1584</B>
<L>474149.0417</L>
<alti>29.1139</alti>
<altiAcc>4</altiAcc>
</GCP>
<GCP gml:id="K1_493105_6">
<fid>10-00100-0-2106-136069</fid>
<lfSpanFr gml:id="K1_493105_6-1">
<gml:timePosition>2021-06-08</gml:timePosition>
</lfSpanFr>
<devDate gml:id="K1_493105_6-2">
<gml:timePosition>2021-07-01</gml:timePosition>
</devDate>
<orgGILvl>SJ11</orgGILvl>
<vis>表示</vis>
<pos>
<gml:Point gml:id="K1_493105_6-g" srsName="fguuid:jgd2011.bl">
<gml:pos>32.730943083 131.710952472</gml:pos>
</gml:Point>
</pos>
<orgName>国土地理院</orgName>
<type>水準点</type>
<gcpClass>一等水準点</gcpClass>
<gcpCode>L010000002591</gcpCode>
<name>２５９１</name>
<B>117831.3951</B>
<L>474159.4289</L>
<alti>30.9163</alti>
<altiAcc>4</altiAcc>
</GCP>
<GCP gml:id="K1_493105_7">
<fid>10-00100-0-2106-136070</fid>
<lfSpanFr gml:id="K1_493105_7-1">
<gml:timePosition>2021-06-08</gml:timePosition>
</lfSpanFr>
<devDate gml:id="K1_493105_7-2">
<gml:timePosition>2021-07-01</gml:timePosition>
</devDate>
<orgGILvl>SJ11</orgGILvl>
<vis>表示</vis>
<pos>
<gml:Point gml:id="K1_493105_7-g" srsName="fguuid:jgd2011.bl">
<gml:pos>32.743384472 131.709582750</gml:pos>
</gml:Point>
</pos>
<orgName>国土地理院</orgName>
<type>水準点</type>
<gcpClass>一等水準点</gcpClass>
<gcpCode>L010000002592</gcpCode>
<name>２５９２</name>
<B>117876.1841</B>
<L>474154.4979</L>
<alti>35.0482</alti>
<altiAcc>4</altiAcc>
</GCP>
<GCP gml:id="K1_493105_8">
<fid>10-00100-0-2106-148184</fid>
<lfSpanFr gml:id="K1_493105_8-1">
<gml:timePosition>2021-06-08</gml:timePosition>
</lfSpanFr>
<devDate gml:id="K1_493105_8-2">
<gml:timePosition>2021-07-01</gml:timePosition>
</devDate>
<orgGILvl>SJ11</orgGILvl>
<vis>表示</vis>
<pos>
<gml:Point gml:id="K1_493105_8-g" srsName="fguuid:jgd2011.bl">
<gml:pos>32.743640306 131.708622944</gml:pos>
</gml:Point>
</pos>
<orgName>国土地理院</orgName>
<type>水準点</type>
<gcpClass>一等水準点</gcpClass>
<gcpCode>L04000010-226</gcpCode>
<name>０１０－２２６</name>
<B>117877.1051</B>
<L>474151.0426</L>
<alti>36.0404</alti>
<altiAcc>4</altiAcc>
</GCP>
<GCP gml:id="K1_493105_9">
<fid>10-00100-0-2106-148185</fid>
<lfSpanFr gml:id="K1_493105_9-1">
<gml:timePosition>2021-06-08</gml:timePosition>
</lfSpanFr>
<devDate gml:id="K1_493105_9-2">
<gml:timePosition>2021-07-01</gml:timePosition>
</devDate>
<orgGILvl>SJ11</orgGILvl>
<vis>表示</vis>
<pos>
<gml:Point gml:id="K1_493105_9-g" srsName="fguuid:jgd2011.bl">
<gml:pos>32.717402583 131.702789722</gml:pos>
</gml:Point>
</pos>
<orgName>国土地理院</orgName>
<type>水準点</type>
<gcpClass>一等水準点</gcpClass>
<gcpCode>L04000010-230</gcpCode>
<name>０１０－２３０</name>
<B>117782.6493</B>
<L>474130.043</L>
<alti>20.3027</alti>
<altiAcc>4</altiAcc>
</GCP>
<GCP gml:id="K1_493105_10">
<fid>10-00100-0-2106-152709</fid>
<lfSpanFr gml:id="K1_493105_10-1">
<gml:timePosition>2021-06-08</gml:timePosition>
</lfSpanFr>
<devDate gml:id="K1_493105_10-2">
<gml:timePosition>2021-07-01</gml:timePosition>
</devDate>
<orgGILvl>KJ12</orgGILvl>
<vis>表示</vis>
<pos>
<gml:Point gml:id="K1_493105_10-g" srsName="fguuid:jgd2011.bl">
<gml:pos>32.708206444 131.690836472</gml:pos>
</gml:Point>
</pos>
<orgName>国土地理院</orgName>
<type>三角点</type>
<gcpClass>二等三角点</gcpClass>
<gcpCode>TR24931054501</gcpCode>
<name>伊良原</name>
<B>117749.5432</B>
<L>474087.0113</L>
<alti>429.49</alti>
<altiAcc>2</altiAcc>
</GCP>
<GCP gml:id="K1_493105_11">
<fid>10-00100-0-2106-159906</fid>
<lfSpanFr gml:id="K1_493105_11-1">
<gml:timePosition>2021-06-08</gml:timePosition>
</lfSpanFr>
<devDate gml:id="K1_493105_11-2">
<gml:timePosition>2021-07-01</gml:timePosition>
</devDate>
<orgGILvl>KJ13</orgGILvl>
<vis>表示</vis>
<pos>
<gml:Point gml:id="K1_493105_11-g" srsName="fguuid:jgd2011.bl">
<gml:pos>32.678939861 131.629047472</gml:pos>
</gml:Point>
</pos>
<orgName>国土地理院</orgName>
<type>三角点</type>
<gcpClass>三等三角点</gcpClass>
<gcpCode>TR34931051001</gcpCode>
<name>和久塚</name>
<B>117644.1835</B>
<L>473864.5709</L>
<alti>583.94</alti>
<altiAcc>2</altiAcc>
</GCP>
<GCP gml:id="K1_493105_12">
<fid>10-00100-0-2106-159907</fid>
<lfSpanFr gml:id="K1_493105_12-1">
<gml:timePosition>2021-06-08</gml:timePosition>
</lfSpanFr>
<devDate gml:id="K1_493105_12-2">
<gml:timePosition>2021-07-01</gml:timePosition>
</devDate>
<orgGILvl>KJ13</orgGILvl>
<vis>表示</vis>
<pos>
<gml:Point gml:id="K1_493105_12-g" srsName="fguuid:jgd2011.bl">
<gml:pos>32.676950833 131.749892389</gml:pos>
</gml:Point>
</pos>
<orgName>国土地理院</orgName>
<type>三角点</type>
<gcpClass>三等三角点</gcpClass>
<gcpCode>TR34931051902</gcpCode>
<name>松内</name>
<B>117637.023</B>
<L>474299.6126</L>
<alti>266.29</alti>
<altiAcc>2</altiAcc>
</GCP>
<GCP gml:id="K1_493105_13">
<fid>10-00100-0-2106-159908</fid>
<lfSpanFr gml:id="K1_493105_13-1">
<gml:timePosition>2021-06-08</gml:timePosition>
</lfSpanFr>
<devDate gml:id="K1_493105_13-2">
<gml:timePosition>2021-07-01</gml:timePosition>
</devDate>
<orgGILvl>KJ13</orgGILvl>
<vis>表示</vis>
<pos>
<gml:Point gml:id="K1_493105_13-g" srsName="fguuid:jgd2011.bl">
<gml:pos>32.686726111 131.650677556</gml:pos>
</gml:Point>
</pos>
<orgName>国土地理院</orgName>
<type>三角点</type>
<gcpClass>三等三角点</gcpClass>
<gcpCode>TR34931052201</gcpCode>
<name>青須田</name>
<B>117672.214</B>
<L>473942.4392</L>
<alti>578.51</alti>
<altiAcc>2</altiAcc>
</GCP>
<GCP gml:id="K1_493105_14">
<fid>10-00100-0-2106-159909</fid>
<lfSpanFr gml:id="K1_493105_14-1">
<gml:timePosition>2021-06-08</gml:timePosition>
</lfSpanFr>
<devDate gml:id="K1_493105_14-2">
<gml:timePosition>2021-07-01</gml:timePosition>
</devDate>
<orgGILvl>KJ13</orgGILvl>
<vis>表示</vis>
<pos>
<gml:Point gml:id="K1_493105_14-g" srsName="fguuid:jgd2011.bl">
<gml:pos>32.685346194 131.683604444</gml:pos>
</gml:Point>
</pos>
<orgName>国土地理院</orgName>
<type>三角点</type>
<gcpClass>三等三角点</gcpClass>
<gcpCode>TR34931052401</gcpCode>
<name>曾立山</name>
<B>117667.2463</B>
<L>474060.976</L>
<alti>399.72</alti>
<altiAcc>2</altiAcc>
</GCP>
<GCP gml:id="K1_493105_15">
<fid>10-00100-0-2106-159910</fid>
<lfSpanFr gml:id="K1_493105_15-1">
<gml:timePosition>2021-06-08</gml:timePosition>
</lfSpanFr>
<devDate gml:id="K1_493105_15-2">
<gml:timePosition>2021-07-01</gml:timePosition>
</devDate>
<orgGILvl>KJ13</orgGILvl>
<vis>表示</vis>
<pos>
<gml:Point gml:id="K1_493105_15-g" srsName="fguuid:jgd2011.bl">
<gml:pos>32.690345500 131.721237028</gml:pos>
</gml:Point>
</pos>
<orgName>国土地理院</orgName>
<type>三角点</type>
<gcpClass>三等三角点</gcpClass>
<gcpCode>TR34931052701</gcpCode>
<name>西ノ内</name>
<B>117685.2438</B>
<L>474196.4533</L>
<alti>323.51</alti>
<altiAcc>2</altiAcc>
</GCP>
<GCP gml:id="K1_493105_16">
<fid>10-00100-0-2106-159911</fid>
<lfSpanFr gml:id="K1_493105_16-1">
<gml:timePosition>2021-06-08</gml:timePosition>
</lfSpanFr>
<devDate gml:id="K1_493105_16-2">
<gml:timePosition>2021-07-01</gml:timePosition>
</devDate>
<orgGILvl>KJ13</orgGILvl>
<vis>表示</vis>
<pos>
<gml:Point gml:id="K1_493105_16-g" srsName="fguuid:jgd2011.bl">
<gml:pos>32.707194222 131.626224694</gml:pos>
</gml:Point>
</pos>
<orgName>国土地理院</orgName>
<type>三角点</type>
<gcpClass>三等三角点</gcpClass>
<gcpCode>TR34931054001</gcpCode>
<name>椎葉</name>
<B>117745.8992</B>
<L>473854.4089</L>
<alti>570.37</alti>
<altiAcc>2</altiAcc>
</GCP>
<GCP gml:id="K1_493105_17">
<fid>10-00100-0-2106-159912</fid>
<lfSpanFr gml:id="K1_493105_17-1">
<gml:timePosition>2021-06-08</gml:timePosition>
</lfSpanFr>
<devDate gml:id="K1_493105_17-2">
<gml:timePosition>2021-07-01</gml:timePosition>
</devDate>
<orgGILvl>KJ13</orgGILvl>
<vis>表示</vis>
<pos>
<gml:Point gml:id="K1_493105_17-g" srsName="fguuid:jgd2011.bl">
<gml:pos>32.722718750 131.647601306</gml:pos>
</gml:Point>
</pos>
<orgName>国土地理院</orgName>
<type>三角点</type>
<gcpClass>三等三角点</gcpClass>
<gcpCode>TR34931056101</gcpCode>
<name>八戸</name>
<B>117801.7875</B>
<L>473931.3647</L>
<alti>372.93</alti>
<altiAcc>2</altiAcc>
</GCP>
<GCP gml:id="K1_493105_18">
<fid>10-00100-0-2106-159913</fid>
<lfSpanFr gml:id="K1_493105_18-1">
<gml:timePosition>2021-06-08</gml:timePosition>
</lfSpanFr>
<devDate gml:id="K1_493105_18-2">
<gml:timePosition>2021-07-01</gml:timePosition>
</devDate>
<orgGILvl>KJ13</orgGILvl>
<vis>表示</vis>
<pos>
<gml:Point gml:id="K1_493105_18-g" srsName="fguuid:jgd2011.bl">
<gml:pos>32.719989833 131.739275167</gml:pos>
</gml:Point>
</pos>
<orgName>国土地理院</orgName>
<type>三角点</type>
<gcpClass>三等三角点</gcpClass>
<gcpCode>TR34931056901</gcpCode>
<name>多良田</name>
<B>117791.9634</B>
<L>474261.3906</L>
<alti>425.89</alti>
<altiAcc>2</altiAcc>
</GCP>
<GCP gml:id="K1_493105_19">
<fid>10-00100-0-2106-159914</fid>
<lfSpanFr gml:id="K1_493105_19-1">
<gml:timePosition>2021-06-08</gml:timePosition>
</lfSpanFr>
<devDate gml:id="K1_493105_19-2">
<gml:timePosition>2021-07-01</gml:timePosition>
</devDate>
<orgGILvl>KJ13</orgGILvl>
<vis>表示</vis>
<pos>
<gml:Point gml:id="K1_493105_19-g" srsName="fguuid:jgd2011.bl">
<gml:pos>32.737772028 131.678847944</gml:pos>
</gml:Point>
</pos>
<orgName>国土地理院</orgName>
<type>三角点</type>
<gcpClass>三等三角点</gcpClass>
<gcpCode>TR34931058401</gcpCode>
<name>玄在</name>
<B>117855.9793</B>
<L>474043.8526</L>
<alti>520.26</alti>
<altiAcc>2</altiAcc>
</GCP>
<GCP gml:id="K1_493105_20">
<fid>10-00100-0-2106-159915</fid>
<lfSpanFr gml:id="K1_493105_20-1">
<gml:timePosition>2021-06-08</gml:timePosition>
</lfSpanFr>
<devDate gml:id="K1_493105_20-2">
<gml:timePosition>2021-07-01</gml:timePosition>
</devDate>
<orgGILvl>KJ13</orgGILvl>
<vis>表示</vis>
<pos>
<gml:Point gml:id="K1_493105_20-g" srsName="fguuid:jgd2011.bl">
<gml:pos>32.733967194 131.702768361</gml:pos>
</gml:Point>
</pos>
<orgName>国土地理院</orgName>
<type>三角点</type>
<gcpClass>三等三角点</gcpClass>
<gcpCode>TR34931058601</gcpCode>
<name>葛葉</name>
<B>117842.2819</B>
<L>474129.9661</L>
<alti>446.26</alti>
<altiAcc>2</altiAcc>
</GCP>
<GCP gml:id="K1_493105_21">
<fid>10-00100-0-2106-197499</fid>
<lfSpanFr gml:id="K1_493105_21-1">
<gml:timePosition>2021-06-08</gml:timePosition>
</lfSpanFr>
<devDate gml:id="K1_493105_21-2">
<gml:timePosition>2021-07-01</gml:timePosition>
</devDate>
<orgGILvl>KJ14</orgGILvl>
<vis>表示</vis>
<pos>
<gml:Point gml:id="K1_493105_21-g" srsName="fguuid:jgd2011.bl">
<gml:pos>32.673289889 131.651384583</gml:pos>
</gml:Point>
</pos>
<orgName>国土地理院</orgName>
<type>三角点</type>
<gcpClass>四等三角点</gcpClass>
<gcpCode>TR44931050201</gcpCode>
<name>仲ノ内</name>
<B>117623.8436</B>
<L>473944.9845</L>
<alti>543.27</alti>
<altiAcc>2</altiAcc>
</GCP>
<GCP gml:id="K1_493105_22">
<fid>10-00100-0-2106-197500</fid>
<lfSpanFr gml:id="K1_493105_22-1">
<gml:timePosition>2021-06-08</gml:timePosition>
</lfSpanFr>
<devDate gml:id="K1_493105_22-2">
<gml:timePosition>2021-07-01</gml:timePosition>
</devDate>
<orgGILvl>KJ14</orgGILvl>
<vis>表示</vis>
<pos>
<gml:Point gml:id="K1_493105_22-g" srsName="fguuid:jgd2011.bl">
<gml:pos>32.671993306 131.669351333</gml:pos>
</gml:Point>
</pos>
<orgName>国土地理院</orgName>
<type>三角点</type>
<gcpClass>四等三角点</gcpClass>
<gcpCode>TR44931050301</gcpCode>
<name>板ケ内</name>
<B>117619.1759</B>
<L>474009.6648</L>
<alti>410.18</alti>
<altiAcc>2</altiAcc>
</GCP>
<GCP gml:id="K1_493105_23">
<fid>10-00100-0-2106-197501</fid>
<lfSpanFr gml:id="K1_493105_23-1">
<gml:timePosition>2021-06-08</gml:timePosition>
</lfSpanFr>
<devDate gml:id="K1_493105_23-2">
<gml:timePosition>2021-07-01</gml:timePosition>
</devDate>
<orgGILvl>KJ14</orgGILvl>
<vis>表示</vis>
<pos>
<gml:Point gml:id="K1_493105_23-g" srsName="fguuid:jgd2011.bl">
<gml:pos>32.673795222 131.691487389</gml:pos>
</gml:Point>
</pos>
<orgName>国土地理院</orgName>
<type>三角点</type>
<gcpClass>四等三角点</gcpClass>
<gcpCode>TR44931050501</gcpCode>
<name>日の谷</name>
<B>117625.6628</B>
<L>474089.3546</L>
<alti>120.63</alti>
<altiAcc>2</altiAcc>
</GCP>
<GCP gml:id="K1_493105_24">
<fid>10-00100-0-2106-197502</fid>
<lfSpanFr gml:id="K1_493105_24-1">
<gml:timePosition>2021-06-08</gml:timePosition>
</lfSpanFr>
<devDate gml:id="K1_493105_24-2">
<gml:timePosition>2021-07-01</gml:timePosition>
</devDate>
<orgGILvl>KJ14</orgGILvl>
<vis>表示</vis>
<pos>
<gml:Point gml:id="K1_493105_24-g" srsName="fguuid:jgd2011.bl">
<gml:pos>32.669245306 131.741380722</gml:pos>
</gml:Point>
</pos>
<orgName>国土地理院</orgName>
<type>三角点</type>
<gcpClass>四等三角点</gcpClass>
<gcpCode>TR44931050901</gcpCode>
<name>浦尻</name>
<B>117609.2831</B>
<L>474268.9706</L>
<alti>197.95</alti>
<altiAcc>2</altiAcc>
</GCP>
<GCP gml:id="K1_493105_25">
<fid>10-00100-0-2106-197503</fid>
<lfSpanFr gml:id="K1_493105_25-1">
<gml:timePosition>2021-06-08</gml:timePosition>
</lfSpanFr>
<devDate gml:id="K1_493105_25-2">
<gml:timePosition>2021-07-01</gml:timePosition>
</devDate>
<orgGILvl>KJ14</orgGILvl>
<vis>表示</vis>
<pos>
<gml:Point gml:id="K1_493105_25-g" srsName="fguuid:jgd2011.bl">
<gml:pos>32.675413639 131.714480222</gml:pos>
</gml:Point>
</pos>
<orgName>国土地理院</orgName>
<type>三角点</type>
<gcpClass>四等三角点</gcpClass>
<gcpCode>TR44931051701</gcpCode>
<name>大内門</name>
<B>117631.4891</B>
<L>474172.1288</L>
<alti>126.02</alti>
<altiAcc>2</altiAcc>
</GCP>
<GCP gml:id="K1_493105_26">
<fid>10-00100-0-2106-197504</fid>
<lfSpanFr gml:id="K1_493105_26-1">
<gml:timePosition>2021-06-08</gml:timePosition>
</lfSpanFr>
<devDate gml:id="K1_493105_26-2">
<gml:timePosition>2021-07-01</gml:timePosition>
</devDate>
<orgGILvl>KJ14</orgGILvl>
<vis>表示</vis>
<pos>
<gml:Point gml:id="K1_493105_26-g" srsName="fguuid:jgd2011.bl">
<gml:pos>32.677718139 131.733541722</gml:pos>
</gml:Point>
</pos>
<orgName>国土地理院</orgName>
<type>三角点</type>
<gcpClass>四等三角点</gcpClass>
<gcpCode>TR44931051801</gcpCode>
<name>伊勢戸</name>
<B>117639.7853</B>
<L>474240.7502</L>
<alti>187.79</alti>
<altiAcc>2</altiAcc>
</GCP>
<GCP gml:id="K1_493105_27">
<fid>10-00100-0-2106-197505</fid>
<lfSpanFr gml:id="K1_493105_27-1">
<gml:timePosition>2021-06-08</gml:timePosition>
</lfSpanFr>
<devDate gml:id="K1_493105_27-2">
<gml:timePosition>2021-07-01</gml:timePosition>
</devDate>
<orgGILvl>KJ14</orgGILvl>
<vis>表示</vis>
<pos>
<gml:Point gml:id="K1_493105_27-g" srsName="fguuid:jgd2011.bl">
<gml:pos>32.683109028 131.738847417</gml:pos>
</gml:Point>
</pos>
<orgName>国土地理院</orgName>
<type>三角点</type>
<gcpClass>四等三角点</gcpClass>
<gcpCode>TR44931051901</gcpCode>
<name>家田</name>
<B>117659.1925</B>
<L>474259.8507</L>
<alti>286.62</alti>
<altiAcc>2</altiAcc>
</GCP>
<GCP gml:id="K1_493105_28">
<fid>10-00100-0-2106-197506</fid>
<lfSpanFr gml:id="K1_493105_28-1">
<gml:timePosition>2021-06-08</gml:timePosition>
</lfSpanFr>
<devDate gml:id="K1_493105_28-2">
<gml:timePosition>2021-07-01</gml:timePosition>
</devDate>
<orgGILvl>KJ14</orgGILvl>
<vis>表示</vis>
<pos>
<gml:Point gml:id="K1_493105_28-g" srsName="fguuid:jgd2011.bl">
<gml:pos>32.691547917 131.635544389</gml:pos>
</gml:Point>
</pos>
<orgName>国土地理院</orgName>
<type>三角点</type>
<gcpClass>四等三角点</gcpClass>
<gcpCode>TR44931052001</gcpCode>
<name>長谷ケ内</name>
<B>117689.5725</B>
<L>473887.9598</L>
<alti>617.49</alti>
<altiAcc>2</altiAcc>
</GCP>
<GCP gml:id="K1_493105_29">
<fid>10-00100-0-2106-197507</fid>
<lfSpanFr gml:id="K1_493105_29-1">
<gml:timePosition>2021-06-08</gml:timePosition>
</lfSpanFr>
<devDate gml:id="K1_493105_29-2">
<gml:timePosition>2021-07-01</gml:timePosition>
</devDate>
<orgGILvl>KJ14</orgGILvl>
<vis>表示</vis>
<pos>
<gml:Point gml:id="K1_493105_29-g" srsName="fguuid:jgd2011.bl">
<gml:pos>32.683913806 131.663257833</gml:pos>
</gml:Point>
</pos>
<orgName>国土地理院</orgName>
<type>三角点</type>
<gcpClass>四等三角点</gcpClass>
<gcpCode>TR44931052301</gcpCode>
<name>森谷</name>
<B>117662.0897</B>
<L>473987.7282</L>
<alti>458.45</alti>
<altiAcc>2</altiAcc>
</GCP>
<GCP gml:id="K1_493105_30">
<fid>10-00100-0-2106-197508</fid>
<lfSpanFr gml:id="K1_493105_30-1">
<gml:timePosition>2021-06-08</gml:timePosition>
</lfSpanFr>
<devDate gml:id="K1_493105_30-2">
<gml:timePosition>2021-07-01</gml:timePosition>
</devDate>
<orgGILvl>KJ14</orgGILvl>
<vis>表示</vis>
<pos>
<gml:Point gml:id="K1_493105_30-g" srsName="fguuid:jgd2011.bl">
<gml:pos>32.683929000 131.705703778</gml:pos>
</gml:Point>
</pos>
<orgName>国土地理院</orgName>
<type>三角点</type>
<gcpClass>四等三角点</gcpClass>
<gcpCode>TR44931052601</gcpCode>
<name>川坂</name>
<B>117662.1444</B>
<L>474140.5336</L>
<alti>251.4</alti>
<altiAcc>2</altiAcc>
</GCP>
<GCP gml:id="K1_493105_31">
<fid>10-00100-0-2106-197509</fid>
<lfSpanFr gml:id="K1_493105_31-1">
<gml:timePosition>2021-06-08</gml:timePosition>
</lfSpanFr>
<devDate gml:id="K1_493105_31-2">
<gml:timePosition>2021-07-01</gml:timePosition>
</devDate>
<orgGILvl>KJ14</orgGILvl>
<vis>表示</vis>
<pos>
<gml:Point gml:id="K1_493105_31-g" srsName="fguuid:jgd2011.bl">
<gml:pos>32.699367639 131.677788944</gml:pos>
</gml:Point>
</pos>
<orgName>国土地理院</orgName>
<type>三角点</type>
<gcpClass>四等三角点</gcpClass>
<gcpCode>TR44931053401</gcpCode>
<name>小木口</name>
<B>117717.7235</B>
<L>474040.0402</L>
<alti>237.8</alti>
<altiAcc>2</altiAcc>
</GCP>
<GCP gml:id="K1_493105_32">
<fid>10-00100-0-2106-197510</fid>
<lfSpanFr gml:id="K1_493105_32-1">
<gml:timePosition>2021-06-08</gml:timePosition>
</lfSpanFr>
<devDate gml:id="K1_493105_32-2">
<gml:timePosition>2021-07-01</gml:timePosition>
</devDate>
<orgGILvl>KJ14</orgGILvl>
<vis>表示</vis>
<pos>
<gml:Point gml:id="K1_493105_32-g" srsName="fguuid:jgd2011.bl">
<gml:pos>32.691980806 131.694174556</gml:pos>
</gml:Point>
</pos>
<orgName>国土地理院</orgName>
<type>三角点</type>
<gcpClass>四等三角点</gcpClass>
<gcpCode>TR44931053501</gcpCode>
<name>サイレン山</name>
<B>117691.1309</B>
<L>474099.0284</L>
<alti>108.23</alti>
<altiAcc>2</altiAcc>
</GCP>
<GCP gml:id="K1_493105_33">
<fid>10-00100-0-2106-197511</fid>
<lfSpanFr gml:id="K1_493105_33-1">
<gml:timePosition>2021-06-08</gml:timePosition>
</lfSpanFr>
<devDate gml:id="K1_493105_33-2">
<gml:timePosition>2021-07-01</gml:timePosition>
</devDate>
<orgGILvl>KJ14</orgGILvl>
<vis>表示</vis>
<pos>
<gml:Point gml:id="K1_493105_33-g" srsName="fguuid:jgd2011.bl">
<gml:pos>32.699903500 131.711203778</gml:pos>
</gml:Point>
</pos>
<orgName>国土地理院</orgName>
<type>三角点</type>
<gcpClass>四等三角点</gcpClass>
<gcpCode>TR44931053601</gcpCode>
<name>市ヶ迫</name>
<B>117719.6526</B>
<L>474160.3336</L>
<alti>342.22</alti>
<altiAcc>2</altiAcc>
</GCP>
<GCP gml:id="K1_493105_34">
<fid>10-00100-0-2106-197512</fid>
<lfSpanFr gml:id="K1_493105_34-1">
<gml:timePosition>2021-06-08</gml:timePosition>
</lfSpanFr>
<devDate gml:id="K1_493105_34-2">
<gml:timePosition>2021-07-01</gml:timePosition>
</devDate>
<orgGILvl>KJ14</orgGILvl>
<vis>表示</vis>
<pos>
<gml:Point gml:id="K1_493105_34-g" srsName="fguuid:jgd2011.bl">
<gml:pos>32.697221778 131.735209250</gml:pos>
</gml:Point>
</pos>
<orgName>国土地理院</orgName>
<type>三角点</type>
<gcpClass>四等三角点</gcpClass>
<gcpCode>TR44931053801</gcpCode>
<name>水無山</name>
<B>117709.9984</B>
<L>474246.7533</L>
<alti>310.94</alti>
<altiAcc>2</altiAcc>
</GCP>
<GCP gml:id="K1_493105_35">
<fid>10-00100-0-2106-197513</fid>
<lfSpanFr gml:id="K1_493105_35-1">
<gml:timePosition>2021-06-08</gml:timePosition>
</lfSpanFr>
<devDate gml:id="K1_493105_35-2">
<gml:timePosition>2021-07-01</gml:timePosition>
</devDate>
<orgGILvl>KJ14</orgGILvl>
<vis>表示</vis>
<pos>
<gml:Point gml:id="K1_493105_35-g" srsName="fguuid:jgd2011.bl">
<gml:pos>32.691921278 131.746982139</gml:pos>
</gml:Point>
</pos>
<orgName>国土地理院</orgName>
<type>三角点</type>
<gcpClass>四等三角点</gcpClass>
<gcpCode>TR44931053901</gcpCode>
<name>風呂ヶ迫</name>
<B>117690.9166</B>
<L>474289.1357</L>
<alti>326.43</alti>
<altiAcc>2</altiAcc>
</GCP>
<GCP gml:id="K1_493105_36">
<fid>10-00100-0-2106-197514</fid>
<lfSpanFr gml:id="K1_493105_36-1">
<gml:timePosition>2021-06-08</gml:timePosition>
</lfSpanFr>
<devDate gml:id="K1_493105_36-2">
<gml:timePosition>2021-07-01</gml:timePosition>
</devDate>
<orgGILvl>KJ14</orgGILvl>
<vis>表示</vis>
<pos>
<gml:Point gml:id="K1_493105_36-g" srsName="fguuid:jgd2011.bl">
<gml:pos>32.704661833 131.648279972</gml:pos>
</gml:Point>
</pos>
<orgName>国土地理院</orgName>
<type>三角点</type>
<gcpClass>四等三角点</gcpClass>
<gcpCode>TR44931054101</gcpCode>
<name>滝下山</name>
<B>117736.7826</B>
<L>473933.8079</L>
<alti>335.32</alti>
<altiAcc>2</altiAcc>
</GCP>
<GCP gml:id="K1_493105_37">
<fid>10-00100-0-2106-197515</fid>
<lfSpanFr gml:id="K1_493105_37-1">
<gml:timePosition>2021-06-08</gml:timePosition>
</lfSpanFr>
<devDate gml:id="K1_493105_37-2">
<gml:timePosition>2021-07-01</gml:timePosition>
</devDate>
<orgGILvl>KJ14</orgGILvl>
<vis>表示</vis>
<pos>
<gml:Point gml:id="K1_493105_37-g" srsName="fguuid:jgd2011.bl">
<gml:pos>32.703135139 131.662067750</gml:pos>
</gml:Point>
</pos>
<orgName>国土地理院</orgName>
<type>三角点</type>
<gcpClass>四等三角点</gcpClass>
<gcpCode>TR44931054201</gcpCode>
<name>木口山</name>
<B>117731.2865</B>
<L>473983.4439</L>
<alti>426.31</alti>
<altiAcc>2</altiAcc>
</GCP>
<GCP gml:id="K1_493105_38">
<fid>10-00100-0-2106-197516</fid>
<lfSpanFr gml:id="K1_493105_38-1">
<gml:timePosition>2021-06-08</gml:timePosition>
</lfSpanFr>
<devDate gml:id="K1_493105_38-2">
<gml:timePosition>2021-07-01</gml:timePosition>
</devDate>
<orgGILvl>KJ14</orgGILvl>
<vis>表示</vis>
<pos>
<gml:Point gml:id="K1_493105_38-g" srsName="fguuid:jgd2011.bl">
<gml:pos>32.712288861 131.664248083</gml:pos>
</gml:Point>
</pos>
<orgName>国土地理院</orgName>
<type>三角点</type>
<gcpClass>四等三角点</gcpClass>
<gcpCode>TR44931055301</gcpCode>
<name>長原山</name>
<B>117764.2399</B>
<L>473991.2931</L>
<alti>218.57</alti>
<altiAcc>2</altiAcc>
</GCP>
<GCP gml:id="K1_493105_39">
<fid>10-00100-0-2106-197517</fid>
<lfSpanFr gml:id="K1_493105_39-1">
<gml:timePosition>2021-06-08</gml:timePosition>
</lfSpanFr>
<devDate gml:id="K1_493105_39-2">
<gml:timePosition>2021-07-01</gml:timePosition>
</devDate>
<orgGILvl>KJ14</orgGILvl>
<vis>表示</vis>
<pos>
<gml:Point gml:id="K1_493105_39-g" srsName="fguuid:jgd2011.bl">
<gml:pos>32.709243917 131.677524417</gml:pos>
</gml:Point>
</pos>
<orgName>国土地理院</orgName>
<type>三角点</type>
<gcpClass>四等三角点</gcpClass>
<gcpCode>TR44931055401</gcpCode>
<name>屋形原</name>
<B>117753.2781</B>
<L>474039.0879</L>
<alti>175.17</alti>
<altiAcc>2</altiAcc>
</GCP>
<GCP gml:id="K1_493105_40">
<fid>10-00100-0-2106-197518</fid>
<lfSpanFr gml:id="K1_493105_40-1">
<gml:timePosition>2021-06-08</gml:timePosition>
</lfSpanFr>
<devDate gml:id="K1_493105_40-2">
<gml:timePosition>2021-07-01</gml:timePosition>
</devDate>
<orgGILvl>KJ14</orgGILvl>
<vis>表示</vis>
<pos>
<gml:Point gml:id="K1_493105_40-g" srsName="fguuid:jgd2011.bl">
<gml:pos>32.713974778 131.710265278</gml:pos>
</gml:Point>
</pos>
<orgName>国土地理院</orgName>
<type>三角点</type>
<gcpClass>四等三角点</gcpClass>
<gcpCode>TR44931055601</gcpCode>
<name>足久</name>
<B>117770.3092</B>
<L>474156.955</L>
<alti>241.64</alti>
<altiAcc>2</altiAcc>
</GCP>
<GCP gml:id="K1_493105_41">
<fid>10-00100-0-2106-197519</fid>
<lfSpanFr gml:id="K1_493105_41-1">
<gml:timePosition>2021-06-08</gml:timePosition>
</lfSpanFr>
<devDate gml:id="K1_493105_41-2">
<gml:timePosition>2021-07-01</gml:timePosition>
</devDate>
<orgGILvl>KJ14</orgGILvl>
<vis>表示</vis>
<pos>
<gml:Point gml:id="K1_493105_41-g" srsName="fguuid:jgd2011.bl">
<gml:pos>32.709065694 131.729231139</gml:pos>
</gml:Point>
</pos>
<orgName>国土地理院</orgName>
<type>三角点</type>
<gcpClass>四等三角点</gcpClass>
<gcpCode>TR44931055801</gcpCode>
<name>田ノ原</name>
<B>117752.6365</B>
<L>474225.2321</L>
<alti>381.08</alti>
<altiAcc>2</altiAcc>
</GCP>
<GCP gml:id="K1_493105_42">
<fid>10-00100-0-2106-197520</fid>
<lfSpanFr gml:id="K1_493105_42-1">
<gml:timePosition>2021-06-08</gml:timePosition>
</lfSpanFr>
<devDate gml:id="K1_493105_42-2">
<gml:timePosition>2021-07-01</gml:timePosition>
</devDate>
<orgGILvl>KJ14</orgGILvl>
<vis>表示</vis>
<pos>
<gml:Point gml:id="K1_493105_42-g" srsName="fguuid:jgd2011.bl">
<gml:pos>32.709689694 131.745529139</gml:pos>
</gml:Point>
</pos>
<orgName>国土地理院</orgName>
<type>三角点</type>
<gcpClass>四等三角点</gcpClass>
<gcpCode>TR44931055901</gcpCode>
<name>黒猪</name>
<B>117754.8829</B>
<L>474283.9049</L>
<alti>512.31</alti>
<altiAcc>2</altiAcc>
</GCP>
<GCP gml:id="K1_493105_43">
<fid>10-00100-0-2106-197521</fid>
<lfSpanFr gml:id="K1_493105_43-1">
<gml:timePosition>2021-06-08</gml:timePosition>
</lfSpanFr>
<devDate gml:id="K1_493105_43-2">
<gml:timePosition>2021-07-01</gml:timePosition>
</devDate>
<orgGILvl>KJ14</orgGILvl>
<vis>表示</vis>
<pos>
<gml:Point gml:id="K1_493105_43-g" srsName="fguuid:jgd2011.bl">
<gml:pos>32.723912111 131.628292278</gml:pos>
</gml:Point>
</pos>
<orgName>国土地理院</orgName>
<type>三角点</type>
<gcpClass>四等三角点</gcpClass>
<gcpCode>TR44931056001</gcpCode>
<name>椎葉谷山</name>
<B>117806.0836</B>
<L>473861.8522</L>
<alti>487.33</alti>
<altiAcc>2</altiAcc>
</GCP>
<GCP gml:id="K1_493105_44">
<fid>10-00100-0-2106-197522</fid>
<lfSpanFr gml:id="K1_493105_44-1">
<gml:timePosition>2021-06-08</gml:timePosition>
</lfSpanFr>
<devDate gml:id="K1_493105_44-2">
<gml:timePosition>2021-07-01</gml:timePosition>
</devDate>
<orgGILvl>KJ14</orgGILvl>
<vis>表示</vis>
<pos>
<gml:Point gml:id="K1_493105_44-g" srsName="fguuid:jgd2011.bl">
<gml:pos>32.721270194 131.691741167</gml:pos>
</gml:Point>
</pos>
<orgName>国土地理院</orgName>
<type>三角点</type>
<gcpClass>四等三角点</gcpClass>
<gcpCode>TR44931056501</gcpCode>
<name>深瀬</name>
<B>117796.5727</B>
<L>474090.2682</L>
<alti>427.58</alti>
<altiAcc>2</altiAcc>
</GCP>
<GCP gml:id="K1_493105_45">
<fid>10-00100-0-2106-197523</fid>
<lfSpanFr gml:id="K1_493105_45-1">
<gml:timePosition>2021-06-08</gml:timePosition>
</lfSpanFr>
<devDate gml:id="K1_493105_45-2">
<gml:timePosition>2021-07-01</gml:timePosition>
</devDate>
<orgGILvl>KJ14</orgGILvl>
<vis>表示</vis>
<pos>
<gml:Point gml:id="K1_493105_45-g" srsName="fguuid:jgd2011.bl">
<gml:pos>32.732248444 131.658260861</gml:pos>
</gml:Point>
</pos>
<orgName>国土地理院</orgName>
<type>三角点</type>
<gcpClass>四等三角点</gcpClass>
<gcpCode>TR44931057201</gcpCode>
<name>河原ヶ内山</name>
<B>117836.0944</B>
<L>473969.7391</L>
<alti>234.09</alti>
<altiAcc>2</altiAcc>
</GCP>
<GCP gml:id="K1_493105_46">
<fid>10-00100-0-2106-197524</fid>
<lfSpanFr gml:id="K1_493105_46-1">
<gml:timePosition>2021-06-08</gml:timePosition>
</lfSpanFr>
<devDate gml:id="K1_493105_46-2">
<gml:timePosition>2021-07-01</gml:timePosition>
</devDate>
<orgGILvl>KJ14</orgGILvl>
<vis>表示</vis>
<pos>
<gml:Point gml:id="K1_493105_46-g" srsName="fguuid:jgd2011.bl">
<gml:pos>32.725676056 131.673884778</gml:pos>
</gml:Point>
</pos>
<orgName>国土地理院</orgName>
<type>三角点</type>
<gcpClass>四等三角点</gcpClass>
<gcpCode>TR44931057301</gcpCode>
<name>木和田山</name>
<B>117812.4338</B>
<L>474025.9852</L>
<alti>332.74</alti>
<altiAcc>2</altiAcc>
</GCP>
<GCP gml:id="K1_493105_47">
<fid>10-00100-0-2106-197525</fid>
<lfSpanFr gml:id="K1_493105_47-1">
<gml:timePosition>2021-06-08</gml:timePosition>
</lfSpanFr>
<devDate gml:id="K1_493105_47-2">
<gml:timePosition>2021-07-01</gml:timePosition>
</devDate>
<orgGILvl>KJ14</orgGILvl>
<vis>表示</vis>
<pos>
<gml:Point gml:id="K1_493105_47-g" srsName="fguuid:jgd2011.bl">
<gml:pos>32.730124833 131.717041861</gml:pos>
</gml:Point>
</pos>
<orgName>国土地理院</orgName>
<type>三角点</type>
<gcpClass>四等三角点</gcpClass>
<gcpCode>TR44931057701</gcpCode>
<name>石原山</name>
<B>117828.4494</B>
<L>474181.3507</L>
<alti>186.67</alti>
<altiAcc>2</altiAcc>
</GCP>
<GCP gml:id="K1_493105_48">
<fid>10-00100-0-2106-197526</fid>
<lfSpanFr gml:id="K1_493105_48-1">
<gml:timePosition>2021-06-08</gml:timePosition>
</lfSpanFr>
<devDate gml:id="K1_493105_48-2">
<gml:timePosition>2021-07-01</gml:timePosition>
</devDate>
<orgGILvl>KJ14</orgGILvl>
<vis>表示</vis>
<pos>
<gml:Point gml:id="K1_493105_48-g" srsName="fguuid:jgd2011.bl">
<gml:pos>32.725269111 131.728492444</gml:pos>
</gml:Point>
</pos>
<orgName>国土地理院</orgName>
<type>三角点</type>
<gcpClass>四等三角点</gcpClass>
<gcpCode>TR44931057801</gcpCode>
<name>西ノ脇</name>
<B>117810.9688</B>
<L>474222.5728</L>
<alti>218.08</alti>
<altiAcc>2</altiAcc>
</GCP>
<GCP gml:id="K1_493105_49">
<fid>10-00100-0-2106-197527</fid>
<lfSpanFr gml:id="K1_493105_49-1">
<gml:timePosition>2021-06-08</gml:timePosition>
</lfSpanFr>
<devDate gml:id="K1_493105_49-2">
<gml:timePosition>2021-07-01</gml:timePosition>
</devDate>
<orgGILvl>KJ14</orgGILvl>
<vis>表示</vis>
<pos>
<gml:Point gml:id="K1_493105_49-g" srsName="fguuid:jgd2011.bl">
<gml:pos>32.734384611 131.640939083</gml:pos>
</gml:Point>
</pos>
<orgName>国土地理院</orgName>
<type>三角点</type>
<gcpClass>四等三角点</gcpClass>
<gcpCode>TR44931058101</gcpCode>
<name>杖突山</name>
<B>117843.7846</B>
<L>473907.3807</L>
<alti>196.88</alti>
<altiAcc>2</altiAcc>
</GCP>
<GCP gml:id="K1_493105_50">
<fid>10-00100-0-2106-197528</fid>
<lfSpanFr gml:id="K1_493105_50-1">
<gml:timePosition>2021-06-08</gml:timePosition>
</lfSpanFr>
<devDate gml:id="K1_493105_50-2">
<gml:timePosition>2021-07-01</gml:timePosition>
</devDate>
<orgGILvl>KJ14</orgGILvl>
<vis>表示</vis>
<pos>
<gml:Point gml:id="K1_493105_50-g" srsName="fguuid:jgd2011.bl">
<gml:pos>32.733845056 131.689500806</gml:pos>
</gml:Point>
</pos>
<orgName>国土地理院</orgName>
<type>三角点</type>
<gcpClass>四等三角点</gcpClass>
<gcpCode>TR44931058501</gcpCode>
<name>惣下</name>
<B>117841.8422</B>
<L>474082.2029</L>
<alti>442.63</alti>
<altiAcc>2</altiAcc>
</GCP>
<GCP gml:id="K1_493105_51">
<fid>10-00100-0-2106-197529</fid>
<lfSpanFr gml:id="K1_493105_51-1">
<gml:timePosition>2021-06-08</gml:timePosition>
</lfSpanFr>
<devDate gml:id="K1_493105_51-2">
<gml:timePosition>2021-07-01</gml:timePosition>
</devDate>
<orgGILvl>KJ14</orgGILvl>
<vis>表示</vis>
<pos>
<gml:Point gml:id="K1_493105_51-g" srsName="fguuid:jgd2011.bl">
<gml:pos>32.741024333 131.721274583</gml:pos>
</gml:Point>
</pos>
<orgName>国土地理院</orgName>
<type>三角点</type>
<gcpClass>四等三角点</gcpClass>
<gcpCode>TR44931058701</gcpCode>
<name>尾平</name>
<B>117867.6876</B>
<L>474196.5885</L>
<alti>328.98</alti>
<altiAcc>2</altiAcc>
</GCP>
<GCP gml:id="K1_493105_52">
<fid>10-00100-0-2106-197530</fid>
<lfSpanFr gml:id="K1_493105_52-1">
<gml:timePosition>2021-06-08</gml:timePosition>
</lfSpanFr>
<devDate gml:id="K1_493105_52-2">
<gml:timePosition>2021-07-01</gml:timePosition>
</devDate>
<orgGILvl>KJ14</orgGILvl>
<vis>表示</vis>
<pos>
<gml:Point gml:id="K1_493105_52-g" srsName="fguuid:jgd2011.bl">
<gml:pos>32.737296528 131.744872139</gml:pos>
</gml:Point>
</pos>
<orgName>国土地理院</orgName>
<type>三角点</type>
<gcpClass>四等三角点</gcpClass>
<gcpCode>TR44931058901</gcpCode>
<name>小橋</name>
<B>117854.2675</B>
<L>474281.5397</L>
<alti>373.6</alti>
<altiAcc>2</altiAcc>
</GCP>
<GCP gml:id="K1_493105_53">
<fid>10-00100-0-2106-197531</fid>
<lfSpanFr gml:id="K1_493105_53-1">
<gml:timePosition>2021-06-08</gml:timePosition>
</lfSpanFr>
<devDate gml:id="K1_493105_53-2">
<gml:timePosition>2021-07-01</gml:timePosition>
</devDate>
<orgGILvl>KJ14</orgGILvl>
<vis>表示</vis>
<pos>
<gml:Point gml:id="K1_493105_53-g" srsName="fguuid:jgd2011.bl">
<gml:pos>32.744020444 131.644878889</gml:pos>
</gml:Point>
</pos>
<orgName>国土地理院</orgName>
<type>三角点</type>
<gcpClass>四等三角点</gcpClass>
<gcpCode>TR44931059101</gcpCode>
<name>清蔵ヶ内山</name>
<B>117878.4736</B>
<L>473921.564</L>
<alti>425.65</alti>
<altiAcc>2</altiAcc>
</GCP>
<GCP gml:id="K1_493105_54">
<fid>10-00100-0-2106-197532</fid>
<lfSpanFr gml:id="K1_493105_54-1">
<gml:timePosition>2021-06-08</gml:timePosition>
</lfSpanFr>
<devDate gml:id="K1_493105_54-2">
<gml:timePosition>2021-07-01</gml:timePosition>
</devDate>
<orgGILvl>KJ14</orgGILvl>
<vis>表示</vis>
<pos>
<gml:Point gml:id="K1_493105_54-g" srsName="fguuid:jgd2011.bl">
<gml:pos>32.744275972 131.694235889</gml:pos>
</gml:Point>
</pos>
<orgName>国土地理院</orgName>
<type>三角点</type>
<gcpClass>四等三角点</gcpClass>
<gcpCode>TR44931059501</gcpCode>
<name>桑ヶ内</name>
<B>117879.3935</B>
<L>474099.2492</L>
<alti>446.19</alti>
<altiAcc>2</altiAcc>
</GCP>
</Dataset>
