<?xml version="1.0" encoding="utf-8"?>
<Dataset xsi:schemaLocation="http://fgd.gsi.go.jp/spec/2008/FGD_GMLSchema FGD_GMLSchema.xsd"
	xmlns:gml="http://www.opengis.net/gml/3.2"
	xmlns:xsi="http://www.w3.org/2001/XMLSchema-instance"
	xmlns:xlink="http://www.w3.org/1999/xlink"
	xmlns="http://fgd.gsi.go.jp/spec/2008/FGD_GMLSchema"
	gml:id="Dataset1">
  <gml:description>基盤地図情報メタデータ ID=fmdid:21-0701</gml:description>
  <gml:name>基盤地図情報ダウンロードデータ（GML版）</gml:name>
<GCP gml:id="K1_503042_1">
<fid>10-00100-0-2105-131133</fid>
<lfSpanFr gml:id="K1_503042_1-1">
<gml:timePosition>2021-05-19</gml:timePosition>
</lfSpanFr>
<devDate gml:id="K1_503042_1-2">
<gml:timePosition>2021-06-03</gml:timePosition>
</devDate>
<orgGILvl>KJ10</orgGILvl>
<vis>表示</vis>
<pos>
<gml:Point gml:id="K1_503042_1-g" srsName="fguuid:jgd2011.bl">
<gml:pos>33.683071444 130.296902056</gml:pos>
</gml:Point>
</pos>
<orgName>国土地理院</orgName>
<type>電子基準点</type>
<gcpClass>電子基準点</gcpClass>
<gcpCode>EL05030421301</gcpCode>
<name>福岡</name>
<B>121259.0572</B>
<L>469068.8474</L>
<alti>20.927</alti>
<altiAcc>3</altiAcc>
</GCP>
<GCP gml:id="K1_503042_2">
<fid>10-00100-0-2105-132444</fid>
<lfSpanFr gml:id="K1_503042_2-1">
<gml:timePosition>2021-05-19</gml:timePosition>
</lfSpanFr>
<devDate gml:id="K1_503042_2-2">
<gml:timePosition>2021-06-03</gml:timePosition>
</devDate>
<orgGILvl>KJ10</orgGILvl>
<vis>表示</vis>
<pos>
<gml:Point gml:id="K1_503042_2-g" srsName="fguuid:jgd2011.bl">
<gml:pos>33.683066250 130.296905778</gml:pos>
</gml:Point>
</pos>
<orgName>国土地理院</orgName>
<type>電子基準点</type>
<gcpClass>電子基準点</gcpClass>
<gcpCode>EL15030421302</gcpCode>
<name>福岡（付）</name>
<B>121259.0385</B>
<L>469068.8608</L>
<alti>16.405</alti>
<altiAcc>3</altiAcc>
</GCP>
<GCP gml:id="K1_503042_3">
<fid>10-00100-0-2105-150089</fid>
<lfSpanFr gml:id="K1_503042_3-1">
<gml:timePosition>2021-05-19</gml:timePosition>
</lfSpanFr>
<devDate gml:id="K1_503042_3-2">
<gml:timePosition>2021-06-03</gml:timePosition>
</devDate>
<orgGILvl>SJ12</orgGILvl>
<vis>表示</vis>
<pos>
<gml:Point gml:id="K1_503042_3-g" srsName="fguuid:jgd2011.bl">
<gml:pos>33.683066250 130.296905778</gml:pos>
</gml:Point>
</pos>
<orgName>国土地理院</orgName>
<type>水準点</type>
<gcpClass>二等水準点</gcpClass>
<gcpCode>L0E000021062A</gcpCode>
<name>０２１０６２Ａ</name>
<B>121259.0385</B>
<L>469068.8608</L>
<alti>16.405</alti>
<altiAcc>3</altiAcc>
</GCP>
<GCP gml:id="K1_503042_4">
<fid>10-00100-0-2105-152894</fid>
<lfSpanFr gml:id="K1_503042_4-1">
<gml:timePosition>2021-05-19</gml:timePosition>
</lfSpanFr>
<devDate gml:id="K1_503042_4-2">
<gml:timePosition>2021-06-03</gml:timePosition>
</devDate>
<orgGILvl>KJ12</orgGILvl>
<vis>表示</vis>
<pos>
<gml:Point gml:id="K1_503042_4-g" srsName="fguuid:jgd2011.bl">
<gml:pos>33.677919028 130.306596083</gml:pos>
</gml:Point>
</pos>
<orgName>国土地理院</orgName>
<type>三角点</type>
<gcpClass>二等三角点</gcpClass>
<gcpCode>TR25030421401</gcpCode>
<name>志賀島</name>
<B>121240.5085</B>
<L>469103.7459</L>
<alti>168.85</alti>
<altiAcc>2</altiAcc>
</GCP>
</Dataset>
