<?xml version="1.0" encoding="utf-8"?>
<Dataset xsi:schemaLocation="http://fgd.gsi.go.jp/spec/2008/FGD_GMLSchema FGD_GMLSchema.xsd"
	xmlns:gml="http://www.opengis.net/gml/3.2"
	xmlns:xsi="http://www.w3.org/2001/XMLSchema-instance"
	xmlns:xlink="http://www.w3.org/1999/xlink"
	xmlns="http://fgd.gsi.go.jp/spec/2008/FGD_GMLSchema"
	gml:id="Dataset1">
  <gml:description>基盤地図情報メタデータ ID=fmdid:21-0701</gml:description>
  <gml:name>基盤地図情報ダウンロードデータ（GML版）</gml:name>
<AdmPt gml:id="K6_4690512123_1">
<fid>46905-12123-i-657</fid>
<lfSpanFr gml:id="K6_4690512123_1-1">
<gml:timePosition>2018-08-06</gml:timePosition>
</lfSpanFr>
<devDate gml:id="K6_4690512123_1-2">
<gml:timePosition>2021-06-03</gml:timePosition>
</devDate>
<orgGILvl>25000</orgGILvl>
<vis>非表示</vis>
<pos>
<gml:Point gml:id="K6_4690512123_1-g" srsName="fguuid:jgd2011.bl">
<gml:pos>33.678185435 130.298792210</gml:pos>
</gml:Point>
</pos>
<type>町村・指定都市の区</type>
<name>福岡市東区</name>
<admCode>40131</admCode>
</AdmPt>
<AdmPt gml:id="K6_4693212120_1">
<fid>46932-12120-i-739</fid>
<lfSpanFr gml:id="K6_4693212120_1-1">
<gml:timePosition>2018-08-06</gml:timePosition>
</lfSpanFr>
<devDate gml:id="K6_4693212120_1-2">
<gml:timePosition>2021-06-03</gml:timePosition>
</devDate>
<orgGILvl>25000</orgGILvl>
<vis>非表示</vis>
<pos>
<gml:Point gml:id="K6_4693212120_1-g" srsName="fguuid:jgd2011.bl">
<gml:pos>33.669505406 130.371571970</gml:pos>
</gml:Point>
</pos>
<type>町村・指定都市の区</type>
<name>福岡市東区</name>
<admCode>40131</admCode>
</AdmPt>
</Dataset>
