<?xml version="1.0" encoding="utf-8"?>
<Dataset xsi:schemaLocation="http://fgd.gsi.go.jp/spec/2008/FGD_GMLSchema FGD_GMLSchema.xsd"
	xmlns:gml="http://www.opengis.net/gml/3.2"
	xmlns:xsi="http://www.w3.org/2001/XMLSchema-instance"
	xmlns:xlink="http://www.w3.org/1999/xlink"
	xmlns="http://fgd.gsi.go.jp/spec/2008/FGD_GMLSchema"
	gml:id="Dataset1">
  <gml:description>基盤地図情報メタデータ ID=fmdid:21-0701</gml:description>
  <gml:name>基盤地図情報ダウンロードデータ（GML版）</gml:name>
<ElevPt gml:id="K2_4690212123_1">
<fid>46902-12123-i-989</fid>
<lfSpanFr gml:id="K2_4690212123_1-1">
<gml:timePosition>2021-05-31</gml:timePosition>
</lfSpanFr>
<devDate gml:id="K2_4690212123_1-2">
<gml:timePosition>2021-06-03</gml:timePosition>
</devDate>
<orgGILvl>25000</orgGILvl>
<vis>表示</vis>
<pos>
<gml:Point gml:id="K2_4690212123_1-g" srsName="fguuid:jgd2011.bl">
<gml:pos>33.678989444 130.288317500</gml:pos>
</gml:Point>
</pos>
<type>標高点（測点）</type>
<alti>55</alti>
</ElevPt>
<ElevPt gml:id="K2_4690212126_1">
<fid>46902-12126-i-858</fid>
<lfSpanFr gml:id="K2_4690212126_1-1">
<gml:timePosition>2021-05-31</gml:timePosition>
</lfSpanFr>
<devDate gml:id="K2_4690212126_1-2">
<gml:timePosition>2021-06-03</gml:timePosition>
</devDate>
<orgGILvl>25000</orgGILvl>
<vis>表示</vis>
<pos>
<gml:Point gml:id="K2_4690212126_1-g" srsName="fguuid:jgd2011.bl">
<gml:pos>33.688746944 130.290270556</gml:pos>
</gml:Point>
</pos>
<type>標高点（測点）</type>
<alti>14</alti>
</ElevPt>
<ElevPt gml:id="K2_4690512120_1">
<fid>46905-12120-i-1031</fid>
<lfSpanFr gml:id="K2_4690512120_1-1">
<gml:timePosition>2021-05-31</gml:timePosition>
</lfSpanFr>
<devDate gml:id="K2_4690512120_1-2">
<gml:timePosition>2021-06-03</gml:timePosition>
</devDate>
<orgGILvl>25000</orgGILvl>
<vis>表示</vis>
<pos>
<gml:Point gml:id="K2_4690512120_1-g" srsName="fguuid:jgd2011.bl">
<gml:pos>33.673808889 130.292463889</gml:pos>
</gml:Point>
</pos>
<type>標高点（測点）</type>
<alti>78</alti>
</ElevPt>
<ElevPt gml:id="K2_4690512126_1">
<fid>46905-12126-i-1437</fid>
<lfSpanFr gml:id="K2_4690512126_1-1">
<gml:timePosition>2021-05-31</gml:timePosition>
</lfSpanFr>
<devDate gml:id="K2_4690512126_1-2">
<gml:timePosition>2021-06-03</gml:timePosition>
</devDate>
<orgGILvl>25000</orgGILvl>
<vis>表示</vis>
<pos>
<gml:Point gml:id="K2_4690512126_1-g" srsName="fguuid:jgd2011.bl">
<gml:pos>33.686827500 130.299155833</gml:pos>
</gml:Point>
</pos>
<type>標高点（測点）</type>
<alti>70</alti>
</ElevPt>
<ElevPt gml:id="K2_4690812120_1">
<fid>46908-12120-i-406</fid>
<lfSpanFr gml:id="K2_4690812120_1-1">
<gml:timePosition>2018-08-06</gml:timePosition>
</lfSpanFr>
<devDate gml:id="K2_4690812120_1-2">
<gml:timePosition>2021-06-03</gml:timePosition>
</devDate>
<orgGILvl>25000</orgGILvl>
<vis>表示</vis>
<pos>
<gml:Point gml:id="K2_4690812120_1-g" srsName="fguuid:jgd2011.bl">
<gml:pos>33.668542222 130.304322500</gml:pos>
</gml:Point>
</pos>
<type>標高点（測点）</type>
<alti>140</alti>
</ElevPt>
<ElevPt gml:id="K2_4690812120_2">
<fid>46908-12120-i-407</fid>
<lfSpanFr gml:id="K2_4690812120_2-1">
<gml:timePosition>2018-08-06</gml:timePosition>
</lfSpanFr>
<devDate gml:id="K2_4690812120_2-2">
<gml:timePosition>2021-06-03</gml:timePosition>
</devDate>
<orgGILvl>25000</orgGILvl>
<vis>表示</vis>
<pos>
<gml:Point gml:id="K2_4690812120_2-g" srsName="fguuid:jgd2011.bl">
<gml:pos>33.671558222 130.307630667</gml:pos>
</gml:Point>
</pos>
<type>標高点（測点）</type>
<alti>127</alti>
</ElevPt>
</Dataset>
