<?xml version="1.0" encoding="utf-8"?>
<Dataset xsi:schemaLocation="http://fgd.gsi.go.jp/spec/2008/FGD_GMLSchema FGD_GMLSchema.xsd"
	xmlns:gml="http://www.opengis.net/gml/3.2"
	xmlns:xsi="http://www.w3.org/2001/XMLSchema-instance"
	xmlns:xlink="http://www.w3.org/1999/xlink"
	xmlns="http://fgd.gsi.go.jp/spec/2008/FGD_GMLSchema"
	gml:id="Dataset1">
  <gml:description>基盤地図情報メタデータ ID=fmdid:21-0701</gml:description>
  <gml:name>基盤地図情報ダウンロードデータ（GML版）</gml:name>
<CommPt gml:id="K8_4695012057_1">
<fid>46950-12057-i-1064</fid>
<lfSpanFr gml:id="K8_4695012057_1-1">
<gml:timePosition>2020-10-29</gml:timePosition>
</lfSpanFr>
<devDate gml:id="K8_4695012057_1-2">
<gml:timePosition>2021-06-03</gml:timePosition>
</devDate>
<orgGILvl>2500</orgGILvl>
<vis>表示</vis>
<pos>
<gml:Point gml:id="K8_4695012057_1-g" srsName="fguuid:jgd2011.bl">
<gml:pos>33.497885049 130.416784736</gml:pos>
</gml:Point>
</pos>
<type>大字・町・丁目</type>
<name>西隈</name>
<admCode>40231</admCode>
</CommPt>
<CommPt gml:id="K8_4695012057_2">
<fid>46950-12057-i-1065</fid>
<lfSpanFr gml:id="K8_4695012057_2-1">
<gml:timePosition>2020-10-29</gml:timePosition>
</lfSpanFr>
<devDate gml:id="K8_4695012057_2-2">
<gml:timePosition>2021-06-03</gml:timePosition>
</devDate>
<orgGILvl>2500</orgGILvl>
<vis>表示</vis>
<pos>
<gml:Point gml:id="K8_4695012057_2-g" srsName="fguuid:jgd2011.bl">
<gml:pos>33.495090221 130.417753254</gml:pos>
</gml:Point>
</pos>
<type>大字・町・丁目</type>
<name>西隈四丁目</name>
<admCode>40231</admCode>
</CommPt>
<CommPt gml:id="K8_4695012057_3">
<fid>46950-12057-i-1066</fid>
<lfSpanFr gml:id="K8_4695012057_3-1">
<gml:timePosition>2020-10-29</gml:timePosition>
</lfSpanFr>
<devDate gml:id="K8_4695012057_3-2">
<gml:timePosition>2021-06-03</gml:timePosition>
</devDate>
<orgGILvl>2500</orgGILvl>
<vis>表示</vis>
<pos>
<gml:Point gml:id="K8_4695012057_3-g" srsName="fguuid:jgd2011.bl">
<gml:pos>33.496935190 130.420285008</gml:pos>
</gml:Point>
</pos>
<type>大字・町・丁目</type>
<name>西隈二丁目</name>
<admCode>40231</admCode>
</CommPt>
<CommPt gml:id="K8_4695612057_1">
<fid>46956-12057-i-1402</fid>
<lfSpanFr gml:id="K8_4695612057_1-1">
<gml:timePosition>2020-10-29</gml:timePosition>
</lfSpanFr>
<devDate gml:id="K8_4695612057_1-2">
<gml:timePosition>2021-06-03</gml:timePosition>
</devDate>
<orgGILvl>2500</orgGILvl>
<vis>表示</vis>
<pos>
<gml:Point gml:id="K8_4695612057_1-g" srsName="fguuid:jgd2011.bl">
<gml:pos>33.497726538 130.437829981</gml:pos>
</gml:Point>
</pos>
<type>大字・町・丁目</type>
<name>下梶原</name>
<admCode>40231</admCode>
</CommPt>
<CommPt gml:id="K8_4696212057_1">
<fid>46962-12057-i-772</fid>
<lfSpanFr gml:id="K8_4696212057_1-1">
<gml:timePosition>2020-10-29</gml:timePosition>
</lfSpanFr>
<devDate gml:id="K8_4696212057_1-2">
<gml:timePosition>2021-06-03</gml:timePosition>
</devDate>
<orgGILvl>2500</orgGILvl>
<vis>表示</vis>
<pos>
<gml:Point gml:id="K8_4696212057_1-g" srsName="fguuid:jgd2011.bl">
<gml:pos>33.497760972 130.455300811</gml:pos>
</gml:Point>
</pos>
<type>大字・町・丁目</type>
<name>月の浦四丁目</name>
<admCode>40219</admCode>
</CommPt>
<CommPt gml:id="K8_4696212057_2">
<fid>46962-12057-i-1143</fid>
<lfSpanFr gml:id="K8_4696212057_2-1">
<gml:timePosition>2020-10-29</gml:timePosition>
</lfSpanFr>
<devDate gml:id="K8_4696212057_2-2">
<gml:timePosition>2021-06-03</gml:timePosition>
</devDate>
<orgGILvl>2500</orgGILvl>
<vis>表示</vis>
<pos>
<gml:Point gml:id="K8_4696212057_2-g" srsName="fguuid:jgd2011.bl">
<gml:pos>33.498792496 130.451679347</gml:pos>
</gml:Point>
</pos>
<type>大字・町・丁目</type>
<name>月の浦五丁目</name>
<admCode>00000</admCode>
</CommPt>
<CommPt gml:id="K8_4696512057_1">
<fid>46965-12057-i-3077</fid>
<lfSpanFr gml:id="K8_4696512057_1-1">
<gml:timePosition>2020-10-29</gml:timePosition>
</lfSpanFr>
<devDate gml:id="K8_4696512057_1-2">
<gml:timePosition>2021-06-03</gml:timePosition>
</devDate>
<orgGILvl>2500</orgGILvl>
<vis>表示</vis>
<pos>
<gml:Point gml:id="K8_4696512057_1-g" srsName="fguuid:jgd2011.bl">
<gml:pos>33.497106937 130.463196987</gml:pos>
</gml:Point>
</pos>
<type>大字・町・丁目</type>
<name>牛頸一丁目</name>
<admCode>40219</admCode>
</CommPt>
<CommPt gml:id="K8_4696512057_2">
<fid>46965-12057-i-3078</fid>
<lfSpanFr gml:id="K8_4696512057_2-1">
<gml:timePosition>2020-10-29</gml:timePosition>
</lfSpanFr>
<devDate gml:id="K8_4696512057_2-2">
<gml:timePosition>2021-06-03</gml:timePosition>
</devDate>
<orgGILvl>2500</orgGILvl>
<vis>表示</vis>
<pos>
<gml:Point gml:id="K8_4696512057_2-g" srsName="fguuid:jgd2011.bl">
<gml:pos>33.495398291 130.464977445</gml:pos>
</gml:Point>
</pos>
<type>大字・町・丁目</type>
<name>平野台三丁目</name>
<admCode>40219</admCode>
</CommPt>
<CommPt gml:id="K8_4696512057_3">
<fid>46965-12057-i-3079</fid>
<lfSpanFr gml:id="K8_4696512057_3-1">
<gml:timePosition>2020-10-29</gml:timePosition>
</lfSpanFr>
<devDate gml:id="K8_4696512057_3-2">
<gml:timePosition>2021-06-03</gml:timePosition>
</devDate>
<orgGILvl>2500</orgGILvl>
<vis>表示</vis>
<pos>
<gml:Point gml:id="K8_4696512057_3-g" srsName="fguuid:jgd2011.bl">
<gml:pos>33.493454912 130.465607122</gml:pos>
</gml:Point>
</pos>
<type>大字・町・丁目</type>
<name>平野台四丁目</name>
<admCode>40219</admCode>
</CommPt>
<CommPt gml:id="K8_4696812051_1">
<fid>46968-12051-i-147</fid>
<lfSpanFr gml:id="K8_4696812051_1-1">
<gml:timePosition>2020-10-29</gml:timePosition>
</lfSpanFr>
<devDate gml:id="K8_4696812051_1-2">
<gml:timePosition>2021-06-03</gml:timePosition>
</devDate>
<orgGILvl>2500</orgGILvl>
<vis>表示</vis>
<pos>
<gml:Point gml:id="K8_4696812051_1-g" srsName="fguuid:jgd2011.bl">
<gml:pos>33.478927695 130.472160044</gml:pos>
</gml:Point>
</pos>
<type>大字・町・丁目</type>
<name>牛頸</name>
<admCode>40219</admCode>
</CommPt>
<CommPt gml:id="K8_4696812057_1">
<fid>46968-12057-i-3797</fid>
<lfSpanFr gml:id="K8_4696812057_1-1">
<gml:timePosition>2020-10-29</gml:timePosition>
</lfSpanFr>
<devDate gml:id="K8_4696812057_1-2">
<gml:timePosition>2021-06-03</gml:timePosition>
</devDate>
<orgGILvl>2500</orgGILvl>
<vis>表示</vis>
<pos>
<gml:Point gml:id="K8_4696812057_1-g" srsName="fguuid:jgd2011.bl">
<gml:pos>33.496990809 130.468869152</gml:pos>
</gml:Point>
</pos>
<type>大字・町・丁目</type>
<name>平野台一丁目</name>
<admCode>40219</admCode>
</CommPt>
<CommPt gml:id="K8_4696812057_2">
<fid>46968-12057-i-3798</fid>
<lfSpanFr gml:id="K8_4696812057_2-1">
<gml:timePosition>2020-10-29</gml:timePosition>
</lfSpanFr>
<devDate gml:id="K8_4696812057_2-2">
<gml:timePosition>2021-06-03</gml:timePosition>
</devDate>
<orgGILvl>2500</orgGILvl>
<vis>表示</vis>
<pos>
<gml:Point gml:id="K8_4696812057_2-g" srsName="fguuid:jgd2011.bl">
<gml:pos>33.494724035 130.468647319</gml:pos>
</gml:Point>
</pos>
<type>大字・町・丁目</type>
<name>平野台二丁目</name>
<admCode>40219</admCode>
</CommPt>
<CommPt gml:id="K8_4697112054_1">
<fid>46971-12054-i-2852</fid>
<lfSpanFr gml:id="K8_4697112054_1-1">
<gml:timePosition>2020-10-29</gml:timePosition>
</lfSpanFr>
<devDate gml:id="K8_4697112054_1-2">
<gml:timePosition>2021-06-03</gml:timePosition>
</devDate>
<orgGILvl>2500</orgGILvl>
<vis>表示</vis>
<pos>
<gml:Point gml:id="K8_4697112054_1-g" srsName="fguuid:jgd2011.bl">
<gml:pos>33.490622666 130.481658237</gml:pos>
</gml:Point>
</pos>
<type>大字・町・丁目</type>
<name>つつじケ丘六丁目</name>
<admCode>00000</admCode>
</CommPt>
<CommPt gml:id="K8_4697112054_2">
<fid>46971-12054-i-2853</fid>
<lfSpanFr gml:id="K8_4697112054_2-1">
<gml:timePosition>2020-10-29</gml:timePosition>
</lfSpanFr>
<devDate gml:id="K8_4697112054_2-2">
<gml:timePosition>2021-06-03</gml:timePosition>
</devDate>
<orgGILvl>2500</orgGILvl>
<vis>表示</vis>
<pos>
<gml:Point gml:id="K8_4697112054_2-g" srsName="fguuid:jgd2011.bl">
<gml:pos>33.490444725 130.479308115</gml:pos>
</gml:Point>
</pos>
<type>大字・町・丁目</type>
<name>つつじケ丘五丁目</name>
<admCode>00000</admCode>
</CommPt>
<CommPt gml:id="K8_4697112057_1">
<fid>46971-12057-i-4631</fid>
<lfSpanFr gml:id="K8_4697112057_1-1">
<gml:timePosition>2020-10-29</gml:timePosition>
</lfSpanFr>
<devDate gml:id="K8_4697112057_1-2">
<gml:timePosition>2021-06-03</gml:timePosition>
</devDate>
<orgGILvl>2500</orgGILvl>
<vis>表示</vis>
<pos>
<gml:Point gml:id="K8_4697112057_1-g" srsName="fguuid:jgd2011.bl">
<gml:pos>33.495300969 130.481428679</gml:pos>
</gml:Point>
</pos>
<type>大字・町・丁目</type>
<name>つつじヶ丘三丁目</name>
<admCode>40219</admCode>
</CommPt>
<CommPt gml:id="K8_4697112057_2">
<fid>46971-12057-i-4632</fid>
<lfSpanFr gml:id="K8_4697112057_2-1">
<gml:timePosition>2020-10-29</gml:timePosition>
</lfSpanFr>
<devDate gml:id="K8_4697112057_2-2">
<gml:timePosition>2021-06-03</gml:timePosition>
</devDate>
<orgGILvl>2500</orgGILvl>
<vis>表示</vis>
<pos>
<gml:Point gml:id="K8_4697112057_2-g" srsName="fguuid:jgd2011.bl">
<gml:pos>33.493982639 130.478065176</gml:pos>
</gml:Point>
</pos>
<type>大字・町・丁目</type>
<name>つつじヶ丘四丁目</name>
<admCode>40219</admCode>
</CommPt>
<CommPt gml:id="K8_4697112057_3">
<fid>46971-12057-i-4633</fid>
<lfSpanFr gml:id="K8_4697112057_3-1">
<gml:timePosition>2020-10-29</gml:timePosition>
</lfSpanFr>
<devDate gml:id="K8_4697112057_3-2">
<gml:timePosition>2021-06-03</gml:timePosition>
</devDate>
<orgGILvl>2500</orgGILvl>
<vis>表示</vis>
<pos>
<gml:Point gml:id="K8_4697112057_3-g" srsName="fguuid:jgd2011.bl">
<gml:pos>33.498551115 130.481459453</gml:pos>
</gml:Point>
</pos>
<type>大字・町・丁目</type>
<name>つつじヶ丘二丁目</name>
<admCode>40219</admCode>
</CommPt>
<CommPt gml:id="K8_4697112057_4">
<fid>46971-12057-i-4634</fid>
<lfSpanFr gml:id="K8_4697112057_4-1">
<gml:timePosition>2020-10-29</gml:timePosition>
</lfSpanFr>
<devDate gml:id="K8_4697112057_4-2">
<gml:timePosition>2021-06-03</gml:timePosition>
</devDate>
<orgGILvl>2500</orgGILvl>
<vis>表示</vis>
<pos>
<gml:Point gml:id="K8_4697112057_4-g" srsName="fguuid:jgd2011.bl">
<gml:pos>33.498036777 130.475712111</gml:pos>
</gml:Point>
</pos>
<type>大字・町・丁目</type>
<name>宮野台</name>
<admCode>40219</admCode>
</CommPt>
<CommPt gml:id="K8_4697112057_5">
<fid>46971-12057-i-4635</fid>
<lfSpanFr gml:id="K8_4697112057_5-1">
<gml:timePosition>2020-10-29</gml:timePosition>
</lfSpanFr>
<devDate gml:id="K8_4697112057_5-2">
<gml:timePosition>2021-06-03</gml:timePosition>
</devDate>
<orgGILvl>2500</orgGILvl>
<vis>表示</vis>
<pos>
<gml:Point gml:id="K8_4697112057_5-g" srsName="fguuid:jgd2011.bl">
<gml:pos>33.497677563 130.478802217</gml:pos>
</gml:Point>
</pos>
<type>大字・町・丁目</type>
<name>南ヶ丘七丁目</name>
<admCode>40219</admCode>
</CommPt>
<CommPt gml:id="K8_4697112057_6">
<fid>46971-12057-i-4636</fid>
<lfSpanFr gml:id="K8_4697112057_6-1">
<gml:timePosition>2020-10-29</gml:timePosition>
</lfSpanFr>
<devDate gml:id="K8_4697112057_6-2">
<gml:timePosition>2021-06-03</gml:timePosition>
</devDate>
<orgGILvl>2500</orgGILvl>
<vis>表示</vis>
<pos>
<gml:Point gml:id="K8_4697112057_6-g" srsName="fguuid:jgd2011.bl">
<gml:pos>33.498480018 130.477589171</gml:pos>
</gml:Point>
</pos>
<type>大字・町・丁目</type>
<name>南ヶ丘六丁目</name>
<admCode>40219</admCode>
</CommPt>
</Dataset>
