<?xml version="1.0" encoding="utf-8"?>
<Dataset xsi:schemaLocation="http://fgd.gsi.go.jp/spec/2008/FGD_GMLSchema FGD_GMLSchema.xsd"
	xmlns:gml="http://www.opengis.net/gml/3.2"
	xmlns:xsi="http://www.w3.org/2001/XMLSchema-instance"
	xmlns:xlink="http://www.w3.org/1999/xlink"
	xmlns="http://fgd.gsi.go.jp/spec/2008/FGD_GMLSchema"
	gml:id="Dataset1">
  <gml:description>基盤地図情報メタデータ ID=fmdid:21-0701</gml:description>
  <gml:name>基盤地図情報ダウンロードデータ（GML版）</gml:name>
<ElevPt gml:id="K2_4693512030_1">
<fid>46935-12030-i-41</fid>
<lfSpanFr gml:id="K2_4693512030_1-1">
<gml:timePosition>2014-12-25</gml:timePosition>
</lfSpanFr>
<devDate gml:id="K2_4693512030_1-2">
<gml:timePosition>2021-06-03</gml:timePosition>
</devDate>
<orgGILvl>25000</orgGILvl>
<vis>表示</vis>
<pos>
<gml:Point gml:id="K2_4693512030_1-g" srsName="fguuid:jgd2011.bl">
<gml:pos>33.417223611 130.378541111</gml:pos>
</gml:Point>
</pos>
<type>標高点（測点）</type>
<alti>850</alti>
</ElevPt>
<ElevPt gml:id="K2_4693512033_1">
<fid>46935-12033-i-198</fid>
<lfSpanFr gml:id="K2_4693512033_1-1">
<gml:timePosition>2018-08-06</gml:timePosition>
</lfSpanFr>
<devDate gml:id="K2_4693512033_1-2">
<gml:timePosition>2021-06-03</gml:timePosition>
</devDate>
<orgGILvl>25000</orgGILvl>
<vis>表示</vis>
<pos>
<gml:Point gml:id="K2_4693512033_1-g" srsName="fguuid:jgd2011.bl">
<gml:pos>33.427880556 130.376818889</gml:pos>
</gml:Point>
</pos>
<type>標高点（測点）</type>
<alti>1018</alti>
</ElevPt>
<ElevPt gml:id="K2_4693512033_2">
<fid>46935-12033-i-199</fid>
<lfSpanFr gml:id="K2_4693512033_2-1">
<gml:timePosition>2018-08-06</gml:timePosition>
</lfSpanFr>
<devDate gml:id="K2_4693512033_2-2">
<gml:timePosition>2021-06-03</gml:timePosition>
</devDate>
<orgGILvl>25000</orgGILvl>
<vis>表示</vis>
<pos>
<gml:Point gml:id="K2_4693512033_2-g" srsName="fguuid:jgd2011.bl">
<gml:pos>33.426010000 130.383083611</gml:pos>
</gml:Point>
</pos>
<type>標高点（測点）</type>
<alti>796</alti>
</ElevPt>
<ElevPt gml:id="K2_4693512036_1">
<fid>46935-12036-i-77</fid>
<lfSpanFr gml:id="K2_4693512036_1-1">
<gml:timePosition>2018-08-06</gml:timePosition>
</lfSpanFr>
<devDate gml:id="K2_4693512036_1-2">
<gml:timePosition>2021-06-03</gml:timePosition>
</devDate>
<orgGILvl>25000</orgGILvl>
<vis>表示</vis>
<pos>
<gml:Point gml:id="K2_4693512036_1-g" srsName="fguuid:jgd2011.bl">
<gml:pos>33.437614297 130.378901827</gml:pos>
</gml:Point>
</pos>
<type>標高点（測点）</type>
<alti>729</alti>
</ElevPt>
<ElevPt gml:id="K2_4693512039_1">
<fid>46935-12039-i-132</fid>
<lfSpanFr gml:id="K2_4693512039_1-1">
<gml:timePosition>2020-10-29</gml:timePosition>
</lfSpanFr>
<devDate gml:id="K2_4693512039_1-2">
<gml:timePosition>2021-06-03</gml:timePosition>
</devDate>
<orgGILvl>25000</orgGILvl>
<vis>表示</vis>
<pos>
<gml:Point gml:id="K2_4693512039_1-g" srsName="fguuid:jgd2011.bl">
<gml:pos>33.447584638 130.378718699</gml:pos>
</gml:Point>
</pos>
<type>標高点（測点）</type>
<alti>653</alti>
</ElevPt>
<ElevPt gml:id="K2_4693512039_2">
<fid>46935-12039-i-133</fid>
<lfSpanFr gml:id="K2_4693512039_2-1">
<gml:timePosition>2020-10-29</gml:timePosition>
</lfSpanFr>
<devDate gml:id="K2_4693512039_2-2">
<gml:timePosition>2021-06-03</gml:timePosition>
</devDate>
<orgGILvl>25000</orgGILvl>
<vis>表示</vis>
<pos>
<gml:Point gml:id="K2_4693512039_2-g" srsName="fguuid:jgd2011.bl">
<gml:pos>33.441668611 130.376486944</gml:pos>
</gml:Point>
</pos>
<type>標高点（測点）</type>
<alti>797</alti>
</ElevPt>
<ElevPt gml:id="K2_4693512045_1">
<fid>46935-12045-i-33</fid>
<lfSpanFr gml:id="K2_4693512045_1-1">
<gml:timePosition>2018-08-06</gml:timePosition>
</lfSpanFr>
<devDate gml:id="K2_4693512045_1-2">
<gml:timePosition>2021-06-03</gml:timePosition>
</devDate>
<orgGILvl>25000</orgGILvl>
<vis>表示</vis>
<pos>
<gml:Point gml:id="K2_4693512045_1-g" srsName="fguuid:jgd2011.bl">
<gml:pos>33.462655833 130.376397778</gml:pos>
</gml:Point>
</pos>
<type>標高点（測点）</type>
<alti>586</alti>
</ElevPt>
<ElevPt gml:id="K2_4693512048_1">
<fid>46935-12048-i-42</fid>
<lfSpanFr gml:id="K2_4693512048_1-1">
<gml:timePosition>2018-08-06</gml:timePosition>
</lfSpanFr>
<devDate gml:id="K2_4693512048_1-2">
<gml:timePosition>2021-06-03</gml:timePosition>
</devDate>
<orgGILvl>25000</orgGILvl>
<vis>非表示</vis>
<pos>
<gml:Point gml:id="K2_4693512048_1-g" srsName="fguuid:jgd2011.bl">
<gml:pos>33.472271944 130.378324167</gml:pos>
</gml:Point>
</pos>
<type>標高点（測点）</type>
<alti>330</alti>
</ElevPt>
<ElevPt gml:id="K2_4693512051_1">
<fid>46935-12051-i-548</fid>
<lfSpanFr gml:id="K2_4693512051_1-1">
<gml:timePosition>2021-04-02</gml:timePosition>
</lfSpanFr>
<devDate gml:id="K2_4693512051_1-2">
<gml:timePosition>2021-06-03</gml:timePosition>
</devDate>
<orgGILvl>25000</orgGILvl>
<vis>表示</vis>
<pos>
<gml:Point gml:id="K2_4693512051_1-g" srsName="fguuid:jgd2011.bl">
<gml:pos>33.477953056 130.382892222</gml:pos>
</gml:Point>
</pos>
<type>標高点（測点）</type>
<alti>332</alti>
</ElevPt>
<ElevPt gml:id="K2_4693512054_1">
<fid>46935-12054-i-568</fid>
<lfSpanFr gml:id="K2_4693512054_1-1">
<gml:timePosition>2021-04-02</gml:timePosition>
</lfSpanFr>
<devDate gml:id="K2_4693512054_1-2">
<gml:timePosition>2021-06-03</gml:timePosition>
</devDate>
<orgGILvl>25000</orgGILvl>
<vis>表示</vis>
<pos>
<gml:Point gml:id="K2_4693512054_1-g" srsName="fguuid:jgd2011.bl">
<gml:pos>33.489908056 130.380232500</gml:pos>
</gml:Point>
</pos>
<type>標高点（測点）</type>
<alti>310</alti>
</ElevPt>
<ElevPt gml:id="K2_4693512057_1">
<fid>46935-12057-i-104</fid>
<lfSpanFr gml:id="K2_4693512057_1-1">
<gml:timePosition>2021-04-02</gml:timePosition>
</lfSpanFr>
<devDate gml:id="K2_4693512057_1-2">
<gml:timePosition>2021-06-03</gml:timePosition>
</devDate>
<orgGILvl>25000</orgGILvl>
<vis>表示</vis>
<pos>
<gml:Point gml:id="K2_4693512057_1-g" srsName="fguuid:jgd2011.bl">
<gml:pos>33.496916667 130.382721389</gml:pos>
</gml:Point>
</pos>
<type>標高点（測点）</type>
<alti>338</alti>
</ElevPt>
<ElevPt gml:id="K2_4693812036_1">
<fid>46938-12036-i-692</fid>
<lfSpanFr gml:id="K2_4693812036_1-1">
<gml:timePosition>2020-10-29</gml:timePosition>
</lfSpanFr>
<devDate gml:id="K2_4693812036_1-2">
<gml:timePosition>2021-06-03</gml:timePosition>
</devDate>
<orgGILvl>25000</orgGILvl>
<vis>表示</vis>
<pos>
<gml:Point gml:id="K2_4693812036_1-g" srsName="fguuid:jgd2011.bl">
<gml:pos>33.436447778 130.384887778</gml:pos>
</gml:Point>
</pos>
<type>標高点（測点）</type>
<alti>645</alti>
</ElevPt>
<ElevPt gml:id="K2_4693812042_1">
<fid>46938-12042-i-294</fid>
<lfSpanFr gml:id="K2_4693812042_1-1">
<gml:timePosition>2021-04-02</gml:timePosition>
</lfSpanFr>
<devDate gml:id="K2_4693812042_1-2">
<gml:timePosition>2021-06-03</gml:timePosition>
</devDate>
<orgGILvl>25000</orgGILvl>
<vis>表示</vis>
<pos>
<gml:Point gml:id="K2_4693812042_1-g" srsName="fguuid:jgd2011.bl">
<gml:pos>33.450213611 130.387037778</gml:pos>
</gml:Point>
</pos>
<type>標高点（測点）</type>
<alti>659</alti>
</ElevPt>
<ElevPt gml:id="K2_4693812042_2">
<fid>46938-12042-i-295</fid>
<lfSpanFr gml:id="K2_4693812042_2-1">
<gml:timePosition>2021-04-02</gml:timePosition>
</lfSpanFr>
<devDate gml:id="K2_4693812042_2-2">
<gml:timePosition>2021-06-03</gml:timePosition>
</devDate>
<orgGILvl>25000</orgGILvl>
<vis>表示</vis>
<pos>
<gml:Point gml:id="K2_4693812042_2-g" srsName="fguuid:jgd2011.bl">
<gml:pos>33.457764167 130.387042500</gml:pos>
</gml:Point>
</pos>
<type>標高点（測点）</type>
<alti>680</alti>
</ElevPt>
<ElevPt gml:id="K2_4693812045_1">
<fid>46938-12045-i-79</fid>
<lfSpanFr gml:id="K2_4693812045_1-1">
<gml:timePosition>2021-04-02</gml:timePosition>
</lfSpanFr>
<devDate gml:id="K2_4693812045_1-2">
<gml:timePosition>2021-06-03</gml:timePosition>
</devDate>
<orgGILvl>25000</orgGILvl>
<vis>表示</vis>
<pos>
<gml:Point gml:id="K2_4693812045_1-g" srsName="fguuid:jgd2011.bl">
<gml:pos>33.462601111 130.385944444</gml:pos>
</gml:Point>
</pos>
<type>標高点（測点）</type>
<alti>617</alti>
</ElevPt>
<ElevPt gml:id="K2_4693812051_1">
<fid>46938-12051-i-69</fid>
<lfSpanFr gml:id="K2_4693812051_1-1">
<gml:timePosition>2021-04-02</gml:timePosition>
</lfSpanFr>
<devDate gml:id="K2_4693812051_1-2">
<gml:timePosition>2021-06-03</gml:timePosition>
</devDate>
<orgGILvl>25000</orgGILvl>
<vis>表示</vis>
<pos>
<gml:Point gml:id="K2_4693812051_1-g" srsName="fguuid:jgd2011.bl">
<gml:pos>33.479547222 130.391164167</gml:pos>
</gml:Point>
</pos>
<type>標高点（測点）</type>
<alti>255</alti>
</ElevPt>
<ElevPt gml:id="K2_4693812054_1">
<fid>46938-12054-i-143</fid>
<lfSpanFr gml:id="K2_4693812054_1-1">
<gml:timePosition>2021-04-02</gml:timePosition>
</lfSpanFr>
<devDate gml:id="K2_4693812054_1-2">
<gml:timePosition>2021-06-03</gml:timePosition>
</devDate>
<orgGILvl>25000</orgGILvl>
<vis>表示</vis>
<pos>
<gml:Point gml:id="K2_4693812054_1-g" srsName="fguuid:jgd2011.bl">
<gml:pos>33.490066667 130.387478611</gml:pos>
</gml:Point>
</pos>
<type>標高点（測点）</type>
<alti>280</alti>
</ElevPt>
<ElevPt gml:id="K2_4694112030_1">
<fid>46941-12030-i-83</fid>
<lfSpanFr gml:id="K2_4694112030_1-1">
<gml:timePosition>2020-10-29</gml:timePosition>
</lfSpanFr>
<devDate gml:id="K2_4694112030_1-2">
<gml:timePosition>2021-06-03</gml:timePosition>
</devDate>
<orgGILvl>25000</orgGILvl>
<vis>表示</vis>
<pos>
<gml:Point gml:id="K2_4694112030_1-g" srsName="fguuid:jgd2011.bl">
<gml:pos>33.423442778 130.393526389</gml:pos>
</gml:Point>
</pos>
<type>標高点（測点）</type>
<alti>538</alti>
</ElevPt>
<ElevPt gml:id="K2_4694112033_1">
<fid>46941-12033-i-237</fid>
<lfSpanFr gml:id="K2_4694112033_1-1">
<gml:timePosition>2018-08-06</gml:timePosition>
</lfSpanFr>
<devDate gml:id="K2_4694112033_1-2">
<gml:timePosition>2021-06-03</gml:timePosition>
</devDate>
<orgGILvl>25000</orgGILvl>
<vis>表示</vis>
<pos>
<gml:Point gml:id="K2_4694112033_1-g" srsName="fguuid:jgd2011.bl">
<gml:pos>33.431150278 130.394598333</gml:pos>
</gml:Point>
</pos>
<type>標高点（測点）</type>
<alti>534</alti>
</ElevPt>
<ElevPt gml:id="K2_4694112036_1">
<fid>46941-12036-i-281</fid>
<lfSpanFr gml:id="K2_4694112036_1-1">
<gml:timePosition>2021-04-02</gml:timePosition>
</lfSpanFr>
<devDate gml:id="K2_4694112036_1-2">
<gml:timePosition>2021-06-03</gml:timePosition>
</devDate>
<orgGILvl>25000</orgGILvl>
<vis>表示</vis>
<pos>
<gml:Point gml:id="K2_4694112036_1-g" srsName="fguuid:jgd2011.bl">
<gml:pos>33.439990050 130.397003681</gml:pos>
</gml:Point>
</pos>
<type>標高点（測点）</type>
<alti>552</alti>
</ElevPt>
<ElevPt gml:id="K2_4694112039_1">
<fid>46941-12039-i-343</fid>
<lfSpanFr gml:id="K2_4694112039_1-1">
<gml:timePosition>2021-04-02</gml:timePosition>
</lfSpanFr>
<devDate gml:id="K2_4694112039_1-2">
<gml:timePosition>2021-06-03</gml:timePosition>
</devDate>
<orgGILvl>25000</orgGILvl>
<vis>表示</vis>
<pos>
<gml:Point gml:id="K2_4694112039_1-g" srsName="fguuid:jgd2011.bl">
<gml:pos>33.447487500 130.399329444</gml:pos>
</gml:Point>
</pos>
<type>標高点（測点）</type>
<alti>688</alti>
</ElevPt>
<ElevPt gml:id="K2_4694112042_1">
<fid>46941-12042-i-165</fid>
<lfSpanFr gml:id="K2_4694112042_1-1">
<gml:timePosition>2021-04-02</gml:timePosition>
</lfSpanFr>
<devDate gml:id="K2_4694112042_1-2">
<gml:timePosition>2021-06-03</gml:timePosition>
</devDate>
<orgGILvl>25000</orgGILvl>
<vis>表示</vis>
<pos>
<gml:Point gml:id="K2_4694112042_1-g" srsName="fguuid:jgd2011.bl">
<gml:pos>33.457777222 130.396085278</gml:pos>
</gml:Point>
</pos>
<type>標高点（測点）</type>
<alti>617</alti>
</ElevPt>
<ElevPt gml:id="K2_4694112048_1">
<fid>46941-12048-i-115</fid>
<lfSpanFr gml:id="K2_4694112048_1-1">
<gml:timePosition>2021-04-02</gml:timePosition>
</lfSpanFr>
<devDate gml:id="K2_4694112048_1-2">
<gml:timePosition>2021-06-03</gml:timePosition>
</devDate>
<orgGILvl>25000</orgGILvl>
<vis>表示</vis>
<pos>
<gml:Point gml:id="K2_4694112048_1-g" srsName="fguuid:jgd2011.bl">
<gml:pos>33.468603056 130.393067778</gml:pos>
</gml:Point>
</pos>
<type>標高点（測点）</type>
<alti>423</alti>
</ElevPt>
<ElevPt gml:id="K2_4694112054_1">
<fid>46941-12054-i-546</fid>
<lfSpanFr gml:id="K2_4694112054_1-1">
<gml:timePosition>2021-04-02</gml:timePosition>
</lfSpanFr>
<devDate gml:id="K2_4694112054_1-2">
<gml:timePosition>2021-06-03</gml:timePosition>
</devDate>
<orgGILvl>25000</orgGILvl>
<vis>表示</vis>
<pos>
<gml:Point gml:id="K2_4694112054_1-g" srsName="fguuid:jgd2011.bl">
<gml:pos>33.485290833 130.393336944</gml:pos>
</gml:Point>
</pos>
<type>標高点（測点）</type>
<alti>132</alti>
</ElevPt>
<ElevPt gml:id="K2_4694112057_1">
<fid>46941-12057-i-211</fid>
<lfSpanFr gml:id="K2_4694112057_1-1">
<gml:timePosition>2021-04-02</gml:timePosition>
</lfSpanFr>
<devDate gml:id="K2_4694112057_1-2">
<gml:timePosition>2021-06-03</gml:timePosition>
</devDate>
<orgGILvl>25000</orgGILvl>
<vis>表示</vis>
<pos>
<gml:Point gml:id="K2_4694112057_1-g" srsName="fguuid:jgd2011.bl">
<gml:pos>33.498970833 130.393170833</gml:pos>
</gml:Point>
</pos>
<type>標高点（測点）</type>
<alti>236</alti>
</ElevPt>
<ElevPt gml:id="K2_4694112057_2">
<fid>46941-12057-i-212</fid>
<lfSpanFr gml:id="K2_4694112057_2-1">
<gml:timePosition>2021-04-02</gml:timePosition>
</lfSpanFr>
<devDate gml:id="K2_4694112057_2-2">
<gml:timePosition>2021-06-03</gml:timePosition>
</devDate>
<orgGILvl>25000</orgGILvl>
<vis>表示</vis>
<pos>
<gml:Point gml:id="K2_4694112057_2-g" srsName="fguuid:jgd2011.bl">
<gml:pos>33.493431944 130.394038333</gml:pos>
</gml:Point>
</pos>
<type>標高点（測点）</type>
<alti>230</alti>
</ElevPt>
<ElevPt gml:id="K2_4694412033_1">
<fid>46944-12033-i-12</fid>
<lfSpanFr gml:id="K2_4694412033_1-1">
<gml:timePosition>2018-08-06</gml:timePosition>
</lfSpanFr>
<devDate gml:id="K2_4694412033_1-2">
<gml:timePosition>2021-06-03</gml:timePosition>
</devDate>
<orgGILvl>25000</orgGILvl>
<vis>表示</vis>
<pos>
<gml:Point gml:id="K2_4694412033_1-g" srsName="fguuid:jgd2011.bl">
<gml:pos>33.429564167 130.405067778</gml:pos>
</gml:Point>
</pos>
<type>標高点（測点）</type>
<alti>723</alti>
</ElevPt>
<ElevPt gml:id="K2_4694412036_1">
<fid>46944-12036-i-317</fid>
<lfSpanFr gml:id="K2_4694412036_1-1">
<gml:timePosition>2021-04-02</gml:timePosition>
</lfSpanFr>
<devDate gml:id="K2_4694412036_1-2">
<gml:timePosition>2021-06-03</gml:timePosition>
</devDate>
<orgGILvl>25000</orgGILvl>
<vis>表示</vis>
<pos>
<gml:Point gml:id="K2_4694412036_1-g" srsName="fguuid:jgd2011.bl">
<gml:pos>33.435490556 130.401847500</gml:pos>
</gml:Point>
</pos>
<type>標高点（測点）</type>
<alti>642</alti>
</ElevPt>
<ElevPt gml:id="K2_4694412039_1">
<fid>46944-12039-i-107</fid>
<lfSpanFr gml:id="K2_4694412039_1-1">
<gml:timePosition>2021-04-02</gml:timePosition>
</lfSpanFr>
<devDate gml:id="K2_4694412039_1-2">
<gml:timePosition>2021-06-03</gml:timePosition>
</devDate>
<orgGILvl>25000</orgGILvl>
<vis>表示</vis>
<pos>
<gml:Point gml:id="K2_4694412039_1-g" srsName="fguuid:jgd2011.bl">
<gml:pos>33.443038889 130.404650278</gml:pos>
</gml:Point>
</pos>
<type>標高点（測点）</type>
<alti>664</alti>
</ElevPt>
<ElevPt gml:id="K2_4694412039_2">
<fid>46944-12039-i-108</fid>
<lfSpanFr gml:id="K2_4694412039_2-1">
<gml:timePosition>2021-04-02</gml:timePosition>
</lfSpanFr>
<devDate gml:id="K2_4694412039_2-2">
<gml:timePosition>2021-06-03</gml:timePosition>
</devDate>
<orgGILvl>25000</orgGILvl>
<vis>表示</vis>
<pos>
<gml:Point gml:id="K2_4694412039_2-g" srsName="fguuid:jgd2011.bl">
<gml:pos>33.448855000 130.405284167</gml:pos>
</gml:Point>
</pos>
<type>標高点（測点）</type>
<alti>605</alti>
</ElevPt>
<ElevPt gml:id="K2_4694412045_1">
<fid>46944-12045-i-15</fid>
<lfSpanFr gml:id="K2_4694412045_1-1">
<gml:timePosition>2021-04-02</gml:timePosition>
</lfSpanFr>
<devDate gml:id="K2_4694412045_1-2">
<gml:timePosition>2021-06-03</gml:timePosition>
</devDate>
<orgGILvl>25000</orgGILvl>
<vis>表示</vis>
<pos>
<gml:Point gml:id="K2_4694412045_1-g" srsName="fguuid:jgd2011.bl">
<gml:pos>33.460385833 130.405475556</gml:pos>
</gml:Point>
</pos>
<type>標高点（測点）</type>
<alti>410</alti>
</ElevPt>
<ElevPt gml:id="K2_4694412048_1">
<fid>46944-12048-i-107</fid>
<lfSpanFr gml:id="K2_4694412048_1-1">
<gml:timePosition>2021-04-02</gml:timePosition>
</lfSpanFr>
<devDate gml:id="K2_4694412048_1-2">
<gml:timePosition>2021-06-03</gml:timePosition>
</devDate>
<orgGILvl>25000</orgGILvl>
<vis>表示</vis>
<pos>
<gml:Point gml:id="K2_4694412048_1-g" srsName="fguuid:jgd2011.bl">
<gml:pos>33.471210000 130.408118889</gml:pos>
</gml:Point>
</pos>
<type>標高点（測点）</type>
<alti>176</alti>
</ElevPt>
<ElevPt gml:id="K2_4694412051_1">
<fid>46944-12051-i-379</fid>
<lfSpanFr gml:id="K2_4694412051_1-1">
<gml:timePosition>2021-04-02</gml:timePosition>
</lfSpanFr>
<devDate gml:id="K2_4694412051_1-2">
<gml:timePosition>2021-06-03</gml:timePosition>
</devDate>
<orgGILvl>25000</orgGILvl>
<vis>表示</vis>
<pos>
<gml:Point gml:id="K2_4694412051_1-g" srsName="fguuid:jgd2011.bl">
<gml:pos>33.482560833 130.401628889</gml:pos>
</gml:Point>
</pos>
<type>標高点（測点）</type>
<alti>193</alti>
</ElevPt>
<ElevPt gml:id="K2_4694412051_2">
<fid>46944-12051-i-380</fid>
<lfSpanFr gml:id="K2_4694412051_2-1">
<gml:timePosition>2021-04-02</gml:timePosition>
</lfSpanFr>
<devDate gml:id="K2_4694412051_2-2">
<gml:timePosition>2021-06-03</gml:timePosition>
</devDate>
<orgGILvl>25000</orgGILvl>
<vis>表示</vis>
<pos>
<gml:Point gml:id="K2_4694412051_2-g" srsName="fguuid:jgd2011.bl">
<gml:pos>33.478168333 130.404523056</gml:pos>
</gml:Point>
</pos>
<type>標高点（測点）</type>
<alti>143</alti>
</ElevPt>
<ElevPt gml:id="K2_4694412054_1">
<fid>46944-12054-i-9</fid>
<lfSpanFr gml:id="K2_4694412054_1-1">
<gml:timePosition>2013-12-10</gml:timePosition>
</lfSpanFr>
<devDate gml:id="K2_4694412054_1-2">
<gml:timePosition>2021-06-03</gml:timePosition>
</devDate>
<orgGILvl>25000</orgGILvl>
<vis>表示</vis>
<pos>
<gml:Point gml:id="K2_4694412054_1-g" srsName="fguuid:jgd2011.bl">
<gml:pos>33.489016944 130.400542778</gml:pos>
</gml:Point>
</pos>
<type>標高点（測点）</type>
<alti>172</alti>
</ElevPt>
<ElevPt gml:id="K2_4694412054_2">
<fid>46944-12054-i-10</fid>
<lfSpanFr gml:id="K2_4694412054_2-1">
<gml:timePosition>2013-12-10</gml:timePosition>
</lfSpanFr>
<devDate gml:id="K2_4694412054_2-2">
<gml:timePosition>2021-06-03</gml:timePosition>
</devDate>
<orgGILvl>25000</orgGILvl>
<vis>表示</vis>
<pos>
<gml:Point gml:id="K2_4694412054_2-g" srsName="fguuid:jgd2011.bl">
<gml:pos>33.490221111 130.407599722</gml:pos>
</gml:Point>
</pos>
<type>標高点（測点）</type>
<alti>137</alti>
</ElevPt>
<ElevPt gml:id="K2_4694412057_1">
<fid>46944-12057-i-237</fid>
<lfSpanFr gml:id="K2_4694412057_1-1">
<gml:timePosition>2020-10-29</gml:timePosition>
</lfSpanFr>
<devDate gml:id="K2_4694412057_1-2">
<gml:timePosition>2021-06-03</gml:timePosition>
</devDate>
<orgGILvl>25000</orgGILvl>
<vis>表示</vis>
<pos>
<gml:Point gml:id="K2_4694412057_1-g" srsName="fguuid:jgd2011.bl">
<gml:pos>33.496293333 130.408156389</gml:pos>
</gml:Point>
</pos>
<type>標高点（測点）</type>
<alti>213</alti>
</ElevPt>
<ElevPt gml:id="K2_4694412057_2">
<fid>46944-12057-i-238</fid>
<lfSpanFr gml:id="K2_4694412057_2-1">
<gml:timePosition>2020-10-29</gml:timePosition>
</lfSpanFr>
<devDate gml:id="K2_4694412057_2-2">
<gml:timePosition>2021-06-03</gml:timePosition>
</devDate>
<orgGILvl>25000</orgGILvl>
<vis>表示</vis>
<pos>
<gml:Point gml:id="K2_4694412057_2-g" srsName="fguuid:jgd2011.bl">
<gml:pos>33.499823333 130.402606389</gml:pos>
</gml:Point>
</pos>
<type>標高点（測点）</type>
<alti>222</alti>
</ElevPt>
<ElevPt gml:id="K2_4694712033_1">
<fid>46947-12033-i-12</fid>
<lfSpanFr gml:id="K2_4694712033_1-1">
<gml:timePosition>2014-12-25</gml:timePosition>
</lfSpanFr>
<devDate gml:id="K2_4694712033_1-2">
<gml:timePosition>2021-06-03</gml:timePosition>
</devDate>
<orgGILvl>25000</orgGILvl>
<vis>表示</vis>
<pos>
<gml:Point gml:id="K2_4694712033_1-g" srsName="fguuid:jgd2011.bl">
<gml:pos>33.426866111 130.414477500</gml:pos>
</gml:Point>
</pos>
<type>標高点（測点）</type>
<alti>485</alti>
</ElevPt>
<ElevPt gml:id="K2_4694712036_1">
<fid>46947-12036-i-29</fid>
<lfSpanFr gml:id="K2_4694712036_1-1">
<gml:timePosition>2021-04-02</gml:timePosition>
</lfSpanFr>
<devDate gml:id="K2_4694712036_1-2">
<gml:timePosition>2021-06-03</gml:timePosition>
</devDate>
<orgGILvl>25000</orgGILvl>
<vis>表示</vis>
<pos>
<gml:Point gml:id="K2_4694712036_1-g" srsName="fguuid:jgd2011.bl">
<gml:pos>33.434847778 130.411541111</gml:pos>
</gml:Point>
</pos>
<type>標高点（測点）</type>
<alti>542</alti>
</ElevPt>
<ElevPt gml:id="K2_4694712036_2">
<fid>46947-12036-i-30</fid>
<lfSpanFr gml:id="K2_4694712036_2-1">
<gml:timePosition>2021-04-02</gml:timePosition>
</lfSpanFr>
<devDate gml:id="K2_4694712036_2-2">
<gml:timePosition>2021-06-03</gml:timePosition>
</devDate>
<orgGILvl>25000</orgGILvl>
<vis>表示</vis>
<pos>
<gml:Point gml:id="K2_4694712036_2-g" srsName="fguuid:jgd2011.bl">
<gml:pos>33.440082500 130.412366944</gml:pos>
</gml:Point>
</pos>
<type>標高点（測点）</type>
<alti>648</alti>
</ElevPt>
<ElevPt gml:id="K2_4694712039_1">
<fid>46947-12039-i-4</fid>
<lfSpanFr gml:id="K2_4694712039_1-1">
<gml:timePosition>2021-04-02</gml:timePosition>
</lfSpanFr>
<devDate gml:id="K2_4694712039_1-2">
<gml:timePosition>2021-06-03</gml:timePosition>
</devDate>
<orgGILvl>25000</orgGILvl>
<vis>表示</vis>
<pos>
<gml:Point gml:id="K2_4694712039_1-g" srsName="fguuid:jgd2011.bl">
<gml:pos>33.444082500 130.416380000</gml:pos>
</gml:Point>
</pos>
<type>標高点（測点）</type>
<alti>440</alti>
</ElevPt>
<ElevPt gml:id="K2_4694712045_1">
<fid>46947-12045-i-43</fid>
<lfSpanFr gml:id="K2_4694712045_1-1">
<gml:timePosition>2021-04-02</gml:timePosition>
</lfSpanFr>
<devDate gml:id="K2_4694712045_1-2">
<gml:timePosition>2021-06-03</gml:timePosition>
</devDate>
<orgGILvl>25000</orgGILvl>
<vis>表示</vis>
<pos>
<gml:Point gml:id="K2_4694712045_1-g" srsName="fguuid:jgd2011.bl">
<gml:pos>33.460516944 130.415374167</gml:pos>
</gml:Point>
</pos>
<type>標高点（測点）</type>
<alti>262</alti>
</ElevPt>
<ElevPt gml:id="K2_4694712045_2">
<fid>46947-12045-i-44</fid>
<lfSpanFr gml:id="K2_4694712045_2-1">
<gml:timePosition>2021-04-02</gml:timePosition>
</lfSpanFr>
<devDate gml:id="K2_4694712045_2-2">
<gml:timePosition>2021-06-03</gml:timePosition>
</devDate>
<orgGILvl>25000</orgGILvl>
<vis>表示</vis>
<pos>
<gml:Point gml:id="K2_4694712045_2-g" srsName="fguuid:jgd2011.bl">
<gml:pos>33.465885278 130.410618611</gml:pos>
</gml:Point>
</pos>
<type>標高点（測点）</type>
<alti>196</alti>
</ElevPt>
<ElevPt gml:id="K2_4694712048_1">
<fid>46947-12048-i-269</fid>
<lfSpanFr gml:id="K2_4694712048_1-1">
<gml:timePosition>2021-04-02</gml:timePosition>
</lfSpanFr>
<devDate gml:id="K2_4694712048_1-2">
<gml:timePosition>2021-06-03</gml:timePosition>
</devDate>
<orgGILvl>25000</orgGILvl>
<vis>表示</vis>
<pos>
<gml:Point gml:id="K2_4694712048_1-g" srsName="fguuid:jgd2011.bl">
<gml:pos>33.471282612 130.415803474</gml:pos>
</gml:Point>
</pos>
<type>標高点（測点）</type>
<alti>65</alti>
</ElevPt>
<ElevPt gml:id="K2_4694712051_1">
<fid>46947-12051-i-1068</fid>
<lfSpanFr gml:id="K2_4694712051_1-1">
<gml:timePosition>2021-04-02</gml:timePosition>
</lfSpanFr>
<devDate gml:id="K2_4694712051_1-2">
<gml:timePosition>2021-06-03</gml:timePosition>
</devDate>
<orgGILvl>25000</orgGILvl>
<vis>表示</vis>
<pos>
<gml:Point gml:id="K2_4694712051_1-g" srsName="fguuid:jgd2011.bl">
<gml:pos>33.479118611 130.412727222</gml:pos>
</gml:Point>
</pos>
<type>標高点（測点）</type>
<alti>79</alti>
</ElevPt>
<ElevPt gml:id="K2_4694712057_1">
<fid>46947-12057-i-291</fid>
<lfSpanFr gml:id="K2_4694712057_1-1">
<gml:timePosition>2020-10-29</gml:timePosition>
</lfSpanFr>
<devDate gml:id="K2_4694712057_1-2">
<gml:timePosition>2021-06-03</gml:timePosition>
</devDate>
<orgGILvl>25000</orgGILvl>
<vis>表示</vis>
<pos>
<gml:Point gml:id="K2_4694712057_1-g" srsName="fguuid:jgd2011.bl">
<gml:pos>33.493285278 130.415750000</gml:pos>
</gml:Point>
</pos>
<type>標高点（測点）</type>
<alti>138</alti>
</ElevPt>
<ElevPt gml:id="K2_4695012030_1">
<fid>46950-12030-i-292</fid>
<lfSpanFr gml:id="K2_4695012030_1-1">
<gml:timePosition>2021-04-02</gml:timePosition>
</lfSpanFr>
<devDate gml:id="K2_4695012030_1-2">
<gml:timePosition>2021-06-03</gml:timePosition>
</devDate>
<orgGILvl>25000</orgGILvl>
<vis>表示</vis>
<pos>
<gml:Point gml:id="K2_4695012030_1-g" srsName="fguuid:jgd2011.bl">
<gml:pos>33.422502778 130.418598611</gml:pos>
</gml:Point>
</pos>
<type>標高点（測点）</type>
<alti>353</alti>
</ElevPt>
<ElevPt gml:id="K2_4695012033_1">
<fid>46950-12033-i-71</fid>
<lfSpanFr gml:id="K2_4695012033_1-1">
<gml:timePosition>2021-04-02</gml:timePosition>
</lfSpanFr>
<devDate gml:id="K2_4695012033_1-2">
<gml:timePosition>2021-06-03</gml:timePosition>
</devDate>
<orgGILvl>25000</orgGILvl>
<vis>表示</vis>
<pos>
<gml:Point gml:id="K2_4695012033_1-g" srsName="fguuid:jgd2011.bl">
<gml:pos>33.432206111 130.418481667</gml:pos>
</gml:Point>
</pos>
<type>標高点（測点）</type>
<alti>349</alti>
</ElevPt>
<ElevPt gml:id="K2_4695012042_1">
<fid>46950-12042-i-90</fid>
<lfSpanFr gml:id="K2_4695012042_1-1">
<gml:timePosition>2021-04-02</gml:timePosition>
</lfSpanFr>
<devDate gml:id="K2_4695012042_1-2">
<gml:timePosition>2021-06-03</gml:timePosition>
</devDate>
<orgGILvl>25000</orgGILvl>
<vis>表示</vis>
<pos>
<gml:Point gml:id="K2_4695012042_1-g" srsName="fguuid:jgd2011.bl">
<gml:pos>33.454375833 130.420718889</gml:pos>
</gml:Point>
</pos>
<type>標高点（測点）</type>
<alti>229</alti>
</ElevPt>
<ElevPt gml:id="K2_4695012048_1">
<fid>46950-12048-i-226</fid>
<lfSpanFr gml:id="K2_4695012048_1-1">
<gml:timePosition>2021-04-02</gml:timePosition>
</lfSpanFr>
<devDate gml:id="K2_4695012048_1-2">
<gml:timePosition>2021-06-03</gml:timePosition>
</devDate>
<orgGILvl>25000</orgGILvl>
<vis>表示</vis>
<pos>
<gml:Point gml:id="K2_4695012048_1-g" srsName="fguuid:jgd2011.bl">
<gml:pos>33.469245833 130.424569722</gml:pos>
</gml:Point>
</pos>
<type>標高点（測点）</type>
<alti>119</alti>
</ElevPt>
<ElevPt gml:id="K2_4695012054_1">
<fid>46950-12054-i-1175</fid>
<lfSpanFr gml:id="K2_4695012054_1-1">
<gml:timePosition>2020-10-29</gml:timePosition>
</lfSpanFr>
<devDate gml:id="K2_4695012054_1-2">
<gml:timePosition>2021-06-03</gml:timePosition>
</devDate>
<orgGILvl>25000</orgGILvl>
<vis>表示</vis>
<pos>
<gml:Point gml:id="K2_4695012054_1-g" srsName="fguuid:jgd2011.bl">
<gml:pos>33.486436944 130.419093611</gml:pos>
</gml:Point>
</pos>
<type>標高点（測点）</type>
<alti>35</alti>
</ElevPt>
<ElevPt gml:id="K2_4695012057_1">
<fid>46950-12057-i-919</fid>
<lfSpanFr gml:id="K2_4695012057_1-1">
<gml:timePosition>2020-10-29</gml:timePosition>
</lfSpanFr>
<devDate gml:id="K2_4695012057_1-2">
<gml:timePosition>2021-06-03</gml:timePosition>
</devDate>
<orgGILvl>25000</orgGILvl>
<vis>表示</vis>
<pos>
<gml:Point gml:id="K2_4695012057_1-g" srsName="fguuid:jgd2011.bl">
<gml:pos>33.493750278 130.424248611</gml:pos>
</gml:Point>
</pos>
<type>標高点（測点）</type>
<alti>61</alti>
</ElevPt>
<ElevPt gml:id="K2_4695312033_1">
<fid>46953-12033-i-40</fid>
<lfSpanFr gml:id="K2_4695312033_1-1">
<gml:timePosition>2021-04-02</gml:timePosition>
</lfSpanFr>
<devDate gml:id="K2_4695312033_1-2">
<gml:timePosition>2021-06-03</gml:timePosition>
</devDate>
<orgGILvl>25000</orgGILvl>
<vis>表示</vis>
<pos>
<gml:Point gml:id="K2_4695312033_1-g" srsName="fguuid:jgd2011.bl">
<gml:pos>33.425503611 130.431637500</gml:pos>
</gml:Point>
</pos>
<type>標高点（測点）</type>
<alti>565</alti>
</ElevPt>
<ElevPt gml:id="K2_4695312033_2">
<fid>46953-12033-i-41</fid>
<lfSpanFr gml:id="K2_4695312033_2-1">
<gml:timePosition>2021-04-02</gml:timePosition>
</lfSpanFr>
<devDate gml:id="K2_4695312033_2-2">
<gml:timePosition>2021-06-03</gml:timePosition>
</devDate>
<orgGILvl>25000</orgGILvl>
<vis>表示</vis>
<pos>
<gml:Point gml:id="K2_4695312033_2-g" srsName="fguuid:jgd2011.bl">
<gml:pos>33.431073889 130.425338889</gml:pos>
</gml:Point>
</pos>
<type>標高点（測点）</type>
<alti>395</alti>
</ElevPt>
<ElevPt gml:id="K2_4695312036_1">
<fid>46953-12036-i-133</fid>
<lfSpanFr gml:id="K2_4695312036_1-1">
<gml:timePosition>2021-04-02</gml:timePosition>
</lfSpanFr>
<devDate gml:id="K2_4695312036_1-2">
<gml:timePosition>2021-06-03</gml:timePosition>
</devDate>
<orgGILvl>25000</orgGILvl>
<vis>表示</vis>
<pos>
<gml:Point gml:id="K2_4695312036_1-g" srsName="fguuid:jgd2011.bl">
<gml:pos>33.439383056 130.430490000</gml:pos>
</gml:Point>
</pos>
<type>標高点（測点）</type>
<alti>293</alti>
</ElevPt>
<ElevPt gml:id="K2_4695312039_1">
<fid>46953-12039-i-152</fid>
<lfSpanFr gml:id="K2_4695312039_1-1">
<gml:timePosition>2021-04-02</gml:timePosition>
</lfSpanFr>
<devDate gml:id="K2_4695312039_1-2">
<gml:timePosition>2021-06-03</gml:timePosition>
</devDate>
<orgGILvl>25000</orgGILvl>
<vis>表示</vis>
<pos>
<gml:Point gml:id="K2_4695312039_1-g" srsName="fguuid:jgd2011.bl">
<gml:pos>33.449564167 130.425202778</gml:pos>
</gml:Point>
</pos>
<type>標高点（測点）</type>
<alti>174</alti>
</ElevPt>
<ElevPt gml:id="K2_4695312039_2">
<fid>46953-12039-i-153</fid>
<lfSpanFr gml:id="K2_4695312039_2-1">
<gml:timePosition>2021-04-02</gml:timePosition>
</lfSpanFr>
<devDate gml:id="K2_4695312039_2-2">
<gml:timePosition>2021-06-03</gml:timePosition>
</devDate>
<orgGILvl>25000</orgGILvl>
<vis>表示</vis>
<pos>
<gml:Point gml:id="K2_4695312039_2-g" srsName="fguuid:jgd2011.bl">
<gml:pos>33.449522500 130.433127778</gml:pos>
</gml:Point>
</pos>
<type>標高点（測点）</type>
<alti>226</alti>
</ElevPt>
<ElevPt gml:id="K2_4695312042_1">
<fid>46953-12042-i-213</fid>
<lfSpanFr gml:id="K2_4695312042_1-1">
<gml:timePosition>2021-04-02</gml:timePosition>
</lfSpanFr>
<devDate gml:id="K2_4695312042_1-2">
<gml:timePosition>2021-06-03</gml:timePosition>
</devDate>
<orgGILvl>25000</orgGILvl>
<vis>表示</vis>
<pos>
<gml:Point gml:id="K2_4695312042_1-g" srsName="fguuid:jgd2011.bl">
<gml:pos>33.458139666 130.427791095</gml:pos>
</gml:Point>
</pos>
<type>標高点（測点）</type>
<alti>87</alti>
</ElevPt>
<ElevPt gml:id="K2_4695312048_1">
<fid>46953-12048-i-171</fid>
<lfSpanFr gml:id="K2_4695312048_1-1">
<gml:timePosition>2021-04-02</gml:timePosition>
</lfSpanFr>
<devDate gml:id="K2_4695312048_1-2">
<gml:timePosition>2021-06-03</gml:timePosition>
</devDate>
<orgGILvl>25000</orgGILvl>
<vis>表示</vis>
<pos>
<gml:Point gml:id="K2_4695312048_1-g" srsName="fguuid:jgd2011.bl">
<gml:pos>33.474738611 130.430899167</gml:pos>
</gml:Point>
</pos>
<type>標高点（測点）</type>
<alti>224</alti>
</ElevPt>
<ElevPt gml:id="K2_4695312051_1">
<fid>46953-12051-i-158</fid>
<lfSpanFr gml:id="K2_4695312051_1-1">
<gml:timePosition>2021-04-02</gml:timePosition>
</lfSpanFr>
<devDate gml:id="K2_4695312051_1-2">
<gml:timePosition>2021-06-03</gml:timePosition>
</devDate>
<orgGILvl>25000</orgGILvl>
<vis>表示</vis>
<pos>
<gml:Point gml:id="K2_4695312051_1-g" srsName="fguuid:jgd2011.bl">
<gml:pos>33.479593611 130.432131111</gml:pos>
</gml:Point>
</pos>
<type>標高点（測点）</type>
<alti>270</alti>
</ElevPt>
<ElevPt gml:id="K2_4695312054_1">
<fid>46953-12054-i-282</fid>
<lfSpanFr gml:id="K2_4695312054_1-1">
<gml:timePosition>2020-10-29</gml:timePosition>
</lfSpanFr>
<devDate gml:id="K2_4695312054_1-2">
<gml:timePosition>2021-06-03</gml:timePosition>
</devDate>
<orgGILvl>25000</orgGILvl>
<vis>表示</vis>
<pos>
<gml:Point gml:id="K2_4695312054_1-g" srsName="fguuid:jgd2011.bl">
<gml:pos>33.483850000 130.427590556</gml:pos>
</gml:Point>
</pos>
<type>標高点（測点）</type>
<alti>120</alti>
</ElevPt>
<ElevPt gml:id="K2_4695312057_1">
<fid>46953-12057-i-761</fid>
<lfSpanFr gml:id="K2_4695312057_1-1">
<gml:timePosition>2020-10-29</gml:timePosition>
</lfSpanFr>
<devDate gml:id="K2_4695312057_1-2">
<gml:timePosition>2021-06-03</gml:timePosition>
</devDate>
<orgGILvl>25000</orgGILvl>
<vis>表示</vis>
<pos>
<gml:Point gml:id="K2_4695312057_1-g" srsName="fguuid:jgd2011.bl">
<gml:pos>33.499826111 130.425793056</gml:pos>
</gml:Point>
</pos>
<type>標高点（測点）</type>
<alti>28</alti>
</ElevPt>
<ElevPt gml:id="K2_4695612030_1">
<fid>46956-12030-i-39</fid>
<lfSpanFr gml:id="K2_4695612030_1-1">
<gml:timePosition>2021-04-02</gml:timePosition>
</lfSpanFr>
<devDate gml:id="K2_4695612030_1-2">
<gml:timePosition>2021-06-03</gml:timePosition>
</devDate>
<orgGILvl>25000</orgGILvl>
<vis>表示</vis>
<pos>
<gml:Point gml:id="K2_4695612030_1-g" srsName="fguuid:jgd2011.bl">
<gml:pos>33.423350833 130.441514444</gml:pos>
</gml:Point>
</pos>
<type>標高点（測点）</type>
<alti>728</alti>
</ElevPt>
<ElevPt gml:id="K2_4695612033_1">
<fid>46956-12033-i-17</fid>
<lfSpanFr gml:id="K2_4695612033_1-1">
<gml:timePosition>2021-04-02</gml:timePosition>
</lfSpanFr>
<devDate gml:id="K2_4695612033_1-2">
<gml:timePosition>2021-06-03</gml:timePosition>
</devDate>
<orgGILvl>25000</orgGILvl>
<vis>表示</vis>
<pos>
<gml:Point gml:id="K2_4695612033_1-g" srsName="fguuid:jgd2011.bl">
<gml:pos>33.430228056 130.441230556</gml:pos>
</gml:Point>
</pos>
<type>標高点（測点）</type>
<alti>463</alti>
</ElevPt>
<ElevPt gml:id="K2_4695612036_1">
<fid>46956-12036-i-63</fid>
<lfSpanFr gml:id="K2_4695612036_1-1">
<gml:timePosition>2021-04-02</gml:timePosition>
</lfSpanFr>
<devDate gml:id="K2_4695612036_1-2">
<gml:timePosition>2021-06-03</gml:timePosition>
</devDate>
<orgGILvl>25000</orgGILvl>
<vis>表示</vis>
<pos>
<gml:Point gml:id="K2_4695612036_1-g" srsName="fguuid:jgd2011.bl">
<gml:pos>33.437299444 130.439775278</gml:pos>
</gml:Point>
</pos>
<type>標高点（測点）</type>
<alti>360</alti>
</ElevPt>
<ElevPt gml:id="K2_4695612039_1">
<fid>46956-12039-i-58</fid>
<lfSpanFr gml:id="K2_4695612039_1-1">
<gml:timePosition>2021-04-02</gml:timePosition>
</lfSpanFr>
<devDate gml:id="K2_4695612039_1-2">
<gml:timePosition>2021-06-03</gml:timePosition>
</devDate>
<orgGILvl>25000</orgGILvl>
<vis>表示</vis>
<pos>
<gml:Point gml:id="K2_4695612039_1-g" srsName="fguuid:jgd2011.bl">
<gml:pos>33.445631389 130.436748333</gml:pos>
</gml:Point>
</pos>
<type>標高点（測点）</type>
<alti>297</alti>
</ElevPt>
<ElevPt gml:id="K2_4695612042_1">
<fid>46956-12042-i-66</fid>
<lfSpanFr gml:id="K2_4695612042_1-1">
<gml:timePosition>2021-04-02</gml:timePosition>
</lfSpanFr>
<devDate gml:id="K2_4695612042_1-2">
<gml:timePosition>2021-06-03</gml:timePosition>
</devDate>
<orgGILvl>25000</orgGILvl>
<vis>表示</vis>
<pos>
<gml:Point gml:id="K2_4695612042_1-g" srsName="fguuid:jgd2011.bl">
<gml:pos>33.456144052 130.437338439</gml:pos>
</gml:Point>
</pos>
<type>標高点（測点）</type>
<alti>313</alti>
</ElevPt>
<ElevPt gml:id="K2_4695612045_1">
<fid>46956-12045-i-52</fid>
<lfSpanFr gml:id="K2_4695612045_1-1">
<gml:timePosition>2021-04-02</gml:timePosition>
</lfSpanFr>
<devDate gml:id="K2_4695612045_1-2">
<gml:timePosition>2021-06-03</gml:timePosition>
</devDate>
<orgGILvl>25000</orgGILvl>
<vis>表示</vis>
<pos>
<gml:Point gml:id="K2_4695612045_1-g" srsName="fguuid:jgd2011.bl">
<gml:pos>33.465829722 130.435596389</gml:pos>
</gml:Point>
</pos>
<type>標高点（測点）</type>
<alti>212</alti>
</ElevPt>
<ElevPt gml:id="K2_4695612048_1">
<fid>46956-12048-i-17</fid>
<lfSpanFr gml:id="K2_4695612048_1-1">
<gml:timePosition>2021-04-02</gml:timePosition>
</lfSpanFr>
<devDate gml:id="K2_4695612048_1-2">
<gml:timePosition>2021-06-03</gml:timePosition>
</devDate>
<orgGILvl>25000</orgGILvl>
<vis>表示</vis>
<pos>
<gml:Point gml:id="K2_4695612048_1-g" srsName="fguuid:jgd2011.bl">
<gml:pos>33.474499722 130.438021944</gml:pos>
</gml:Point>
</pos>
<type>標高点（測点）</type>
<alti>295</alti>
</ElevPt>
<ElevPt gml:id="K2_4695612054_1">
<fid>46956-12054-i-6</fid>
<lfSpanFr gml:id="K2_4695612054_1-1">
<gml:timePosition>2013-12-10</gml:timePosition>
</lfSpanFr>
<devDate gml:id="K2_4695612054_1-2">
<gml:timePosition>2021-06-03</gml:timePosition>
</devDate>
<orgGILvl>25000</orgGILvl>
<vis>表示</vis>
<pos>
<gml:Point gml:id="K2_4695612054_1-g" srsName="fguuid:jgd2011.bl">
<gml:pos>33.485081111 130.439844167</gml:pos>
</gml:Point>
</pos>
<type>標高点（測点）</type>
<alti>169</alti>
</ElevPt>
<ElevPt gml:id="K2_4695612057_1">
<fid>46956-12057-i-1192</fid>
<lfSpanFr gml:id="K2_4695612057_1-1">
<gml:timePosition>2020-10-29</gml:timePosition>
</lfSpanFr>
<devDate gml:id="K2_4695612057_1-2">
<gml:timePosition>2021-06-03</gml:timePosition>
</devDate>
<orgGILvl>25000</orgGILvl>
<vis>表示</vis>
<pos>
<gml:Point gml:id="K2_4695612057_1-g" srsName="fguuid:jgd2011.bl">
<gml:pos>33.493055556 130.437493611</gml:pos>
</gml:Point>
</pos>
<type>標高点（測点）</type>
<alti>52</alti>
</ElevPt>
<ElevPt gml:id="K2_4695912033_1">
<fid>46959-12033-i-102</fid>
<lfSpanFr gml:id="K2_4695912033_1-1">
<gml:timePosition>2021-04-02</gml:timePosition>
</lfSpanFr>
<devDate gml:id="K2_4695912033_1-2">
<gml:timePosition>2021-06-03</gml:timePosition>
</devDate>
<orgGILvl>25000</orgGILvl>
<vis>表示</vis>
<pos>
<gml:Point gml:id="K2_4695912033_1-g" srsName="fguuid:jgd2011.bl">
<gml:pos>33.425161111 130.448647222</gml:pos>
</gml:Point>
</pos>
<type>標高点（測点）</type>
<alti>623</alti>
</ElevPt>
<ElevPt gml:id="K2_4695912039_1">
<fid>46959-12039-i-44</fid>
<lfSpanFr gml:id="K2_4695912039_1-1">
<gml:timePosition>2021-04-02</gml:timePosition>
</lfSpanFr>
<devDate gml:id="K2_4695912039_1-2">
<gml:timePosition>2021-06-03</gml:timePosition>
</devDate>
<orgGILvl>25000</orgGILvl>
<vis>表示</vis>
<pos>
<gml:Point gml:id="K2_4695912039_1-g" srsName="fguuid:jgd2011.bl">
<gml:pos>33.449554167 130.447558333</gml:pos>
</gml:Point>
</pos>
<type>標高点（測点）</type>
<alti>376</alti>
</ElevPt>
<ElevPt gml:id="K2_4695912042_1">
<fid>46959-12042-i-39</fid>
<lfSpanFr gml:id="K2_4695912042_1-1">
<gml:timePosition>2021-04-02</gml:timePosition>
</lfSpanFr>
<devDate gml:id="K2_4695912042_1-2">
<gml:timePosition>2021-06-03</gml:timePosition>
</devDate>
<orgGILvl>25000</orgGILvl>
<vis>表示</vis>
<pos>
<gml:Point gml:id="K2_4695912042_1-g" srsName="fguuid:jgd2011.bl">
<gml:pos>33.452768333 130.443090556</gml:pos>
</gml:Point>
</pos>
<type>標高点（測点）</type>
<alti>405</alti>
</ElevPt>
<ElevPt gml:id="K2_4695912045_1">
<fid>46959-12045-i-57</fid>
<lfSpanFr gml:id="K2_4695912045_1-1">
<gml:timePosition>2021-04-02</gml:timePosition>
</lfSpanFr>
<devDate gml:id="K2_4695912045_1-2">
<gml:timePosition>2021-06-03</gml:timePosition>
</devDate>
<orgGILvl>25000</orgGILvl>
<vis>表示</vis>
<pos>
<gml:Point gml:id="K2_4695912045_1-g" srsName="fguuid:jgd2011.bl">
<gml:pos>33.459779167 130.444999722</gml:pos>
</gml:Point>
</pos>
<type>標高点（測点）</type>
<alti>317</alti>
</ElevPt>
<ElevPt gml:id="K2_4695912048_1">
<fid>46959-12048-i-50</fid>
<lfSpanFr gml:id="K2_4695912048_1-1">
<gml:timePosition>2021-04-02</gml:timePosition>
</lfSpanFr>
<devDate gml:id="K2_4695912048_1-2">
<gml:timePosition>2021-06-03</gml:timePosition>
</devDate>
<orgGILvl>25000</orgGILvl>
<vis>表示</vis>
<pos>
<gml:Point gml:id="K2_4695912048_1-g" srsName="fguuid:jgd2011.bl">
<gml:pos>33.472542222 130.448443056</gml:pos>
</gml:Point>
</pos>
<type>標高点（測点）</type>
<alti>296</alti>
</ElevPt>
<ElevPt gml:id="K2_4695912057_1">
<fid>46959-12057-i-427</fid>
<lfSpanFr gml:id="K2_4695912057_1-1">
<gml:timePosition>2020-10-29</gml:timePosition>
</lfSpanFr>
<devDate gml:id="K2_4695912057_1-2">
<gml:timePosition>2021-06-03</gml:timePosition>
</devDate>
<orgGILvl>25000</orgGILvl>
<vis>表示</vis>
<pos>
<gml:Point gml:id="K2_4695912057_1-g" srsName="fguuid:jgd2011.bl">
<gml:pos>33.496258889 130.444787500</gml:pos>
</gml:Point>
</pos>
<type>標高点（測点）</type>
<alti>122</alti>
</ElevPt>
<ElevPt gml:id="K2_4696212033_1">
<fid>46962-12033-i-106</fid>
<lfSpanFr gml:id="K2_4696212033_1-1">
<gml:timePosition>2021-04-02</gml:timePosition>
</lfSpanFr>
<devDate gml:id="K2_4696212033_1-2">
<gml:timePosition>2021-06-03</gml:timePosition>
</devDate>
<orgGILvl>25000</orgGILvl>
<vis>表示</vis>
<pos>
<gml:Point gml:id="K2_4696212033_1-g" srsName="fguuid:jgd2011.bl">
<gml:pos>33.429431667 130.451208056</gml:pos>
</gml:Point>
</pos>
<type>標高点（測点）</type>
<alti>510</alti>
</ElevPt>
<ElevPt gml:id="K2_4696212036_1">
<fid>46962-12036-i-44</fid>
<lfSpanFr gml:id="K2_4696212036_1-1">
<gml:timePosition>2021-04-02</gml:timePosition>
</lfSpanFr>
<devDate gml:id="K2_4696212036_1-2">
<gml:timePosition>2021-06-03</gml:timePosition>
</devDate>
<orgGILvl>25000</orgGILvl>
<vis>表示</vis>
<pos>
<gml:Point gml:id="K2_4696212036_1-g" srsName="fguuid:jgd2011.bl">
<gml:pos>33.436055000 130.456088056</gml:pos>
</gml:Point>
</pos>
<type>標高点（測点）</type>
<alti>568</alti>
</ElevPt>
<ElevPt gml:id="K2_4696212039_1">
<fid>46962-12039-i-59</fid>
<lfSpanFr gml:id="K2_4696212039_1-1">
<gml:timePosition>2021-04-02</gml:timePosition>
</lfSpanFr>
<devDate gml:id="K2_4696212039_1-2">
<gml:timePosition>2021-06-03</gml:timePosition>
</devDate>
<orgGILvl>25000</orgGILvl>
<vis>表示</vis>
<pos>
<gml:Point gml:id="K2_4696212039_1-g" srsName="fguuid:jgd2011.bl">
<gml:pos>33.442728056 130.453604167</gml:pos>
</gml:Point>
</pos>
<type>標高点（測点）</type>
<alti>405</alti>
</ElevPt>
<ElevPt gml:id="K2_4696212042_1">
<fid>46962-12042-i-152</fid>
<lfSpanFr gml:id="K2_4696212042_1-1">
<gml:timePosition>2021-04-02</gml:timePosition>
</lfSpanFr>
<devDate gml:id="K2_4696212042_1-2">
<gml:timePosition>2021-06-03</gml:timePosition>
</devDate>
<orgGILvl>25000</orgGILvl>
<vis>表示</vis>
<pos>
<gml:Point gml:id="K2_4696212042_1-g" srsName="fguuid:jgd2011.bl">
<gml:pos>33.456196111 130.455462778</gml:pos>
</gml:Point>
</pos>
<type>標高点（測点）</type>
<alti>416</alti>
</ElevPt>
<ElevPt gml:id="K2_4696212045_1">
<fid>46962-12045-i-45</fid>
<lfSpanFr gml:id="K2_4696212045_1-1">
<gml:timePosition>2021-04-02</gml:timePosition>
</lfSpanFr>
<devDate gml:id="K2_4696212045_1-2">
<gml:timePosition>2021-06-03</gml:timePosition>
</devDate>
<orgGILvl>25000</orgGILvl>
<vis>表示</vis>
<pos>
<gml:Point gml:id="K2_4696212045_1-g" srsName="fguuid:jgd2011.bl">
<gml:pos>33.461185556 130.457764167</gml:pos>
</gml:Point>
</pos>
<type>標高点（測点）</type>
<alti>408</alti>
</ElevPt>
<ElevPt gml:id="K2_4696212048_1">
<fid>46962-12048-i-72</fid>
<lfSpanFr gml:id="K2_4696212048_1-1">
<gml:timePosition>2021-04-02</gml:timePosition>
</lfSpanFr>
<devDate gml:id="K2_4696212048_1-2">
<gml:timePosition>2021-06-03</gml:timePosition>
</devDate>
<orgGILvl>25000</orgGILvl>
<vis>表示</vis>
<pos>
<gml:Point gml:id="K2_4696212048_1-g" srsName="fguuid:jgd2011.bl">
<gml:pos>33.466823056 130.451427778</gml:pos>
</gml:Point>
</pos>
<type>標高点（測点）</type>
<alti>345</alti>
</ElevPt>
<ElevPt gml:id="K2_4696212048_2">
<fid>46962-12048-i-73</fid>
<lfSpanFr gml:id="K2_4696212048_2-1">
<gml:timePosition>2021-04-02</gml:timePosition>
</lfSpanFr>
<devDate gml:id="K2_4696212048_2-2">
<gml:timePosition>2021-06-03</gml:timePosition>
</devDate>
<orgGILvl>25000</orgGILvl>
<vis>表示</vis>
<pos>
<gml:Point gml:id="K2_4696212048_2-g" srsName="fguuid:jgd2011.bl">
<gml:pos>33.470414444 130.458143889</gml:pos>
</gml:Point>
</pos>
<type>標高点（測点）</type>
<alti>418</alti>
</ElevPt>
<ElevPt gml:id="K2_4696212054_1">
<fid>46962-12054-i-141</fid>
<lfSpanFr gml:id="K2_4696212054_1-1">
<gml:timePosition>2020-10-29</gml:timePosition>
</lfSpanFr>
<devDate gml:id="K2_4696212054_1-2">
<gml:timePosition>2021-06-03</gml:timePosition>
</devDate>
<orgGILvl>25000</orgGILvl>
<vis>表示</vis>
<pos>
<gml:Point gml:id="K2_4696212054_1-g" srsName="fguuid:jgd2011.bl">
<gml:pos>33.484495556 130.453012500</gml:pos>
</gml:Point>
</pos>
<type>標高点（測点）</type>
<alti>250</alti>
</ElevPt>
<ElevPt gml:id="K2_4696212057_1">
<fid>46962-12057-i-741</fid>
<lfSpanFr gml:id="K2_4696212057_1-1">
<gml:timePosition>2020-10-29</gml:timePosition>
</lfSpanFr>
<devDate gml:id="K2_4696212057_1-2">
<gml:timePosition>2021-06-03</gml:timePosition>
</devDate>
<orgGILvl>25000</orgGILvl>
<vis>表示</vis>
<pos>
<gml:Point gml:id="K2_4696212057_1-g" srsName="fguuid:jgd2011.bl">
<gml:pos>33.498309722 130.450808611</gml:pos>
</gml:Point>
</pos>
<type>標高点（測点）</type>
<alti>152</alti>
</ElevPt>
<ElevPt gml:id="K2_4696512030_1">
<fid>46965-12030-i-230</fid>
<lfSpanFr gml:id="K2_4696512030_1-1">
<gml:timePosition>2021-04-02</gml:timePosition>
</lfSpanFr>
<devDate gml:id="K2_4696512030_1-2">
<gml:timePosition>2021-06-03</gml:timePosition>
</devDate>
<orgGILvl>25000</orgGILvl>
<vis>表示</vis>
<pos>
<gml:Point gml:id="K2_4696512030_1-g" srsName="fguuid:jgd2011.bl">
<gml:pos>33.422379722 130.458425000</gml:pos>
</gml:Point>
</pos>
<type>標高点（測点）</type>
<alti>600</alti>
</ElevPt>
<ElevPt gml:id="K2_4696512036_1">
<fid>46965-12036-i-120</fid>
<lfSpanFr gml:id="K2_4696512036_1-1">
<gml:timePosition>2021-04-02</gml:timePosition>
</lfSpanFr>
<devDate gml:id="K2_4696512036_1-2">
<gml:timePosition>2021-06-03</gml:timePosition>
</devDate>
<orgGILvl>25000</orgGILvl>
<vis>表示</vis>
<pos>
<gml:Point gml:id="K2_4696512036_1-g" srsName="fguuid:jgd2011.bl">
<gml:pos>33.436574444 130.462199167</gml:pos>
</gml:Point>
</pos>
<type>標高点（測点）</type>
<alti>418</alti>
</ElevPt>
<ElevPt gml:id="K2_4696512039_1">
<fid>46965-12039-i-51</fid>
<lfSpanFr gml:id="K2_4696512039_1-1">
<gml:timePosition>2021-04-02</gml:timePosition>
</lfSpanFr>
<devDate gml:id="K2_4696512039_1-2">
<gml:timePosition>2021-06-03</gml:timePosition>
</devDate>
<orgGILvl>25000</orgGILvl>
<vis>表示</vis>
<pos>
<gml:Point gml:id="K2_4696512039_1-g" srsName="fguuid:jgd2011.bl">
<gml:pos>33.443931389 130.462263889</gml:pos>
</gml:Point>
</pos>
<type>標高点（測点）</type>
<alti>441</alti>
</ElevPt>
<ElevPt gml:id="K2_4696512042_1">
<fid>46965-12042-i-47</fid>
<lfSpanFr gml:id="K2_4696512042_1-1">
<gml:timePosition>2021-04-02</gml:timePosition>
</lfSpanFr>
<devDate gml:id="K2_4696512042_1-2">
<gml:timePosition>2021-06-03</gml:timePosition>
</devDate>
<orgGILvl>25000</orgGILvl>
<vis>表示</vis>
<pos>
<gml:Point gml:id="K2_4696512042_1-g" srsName="fguuid:jgd2011.bl">
<gml:pos>33.450150278 130.465603056</gml:pos>
</gml:Point>
</pos>
<type>標高点（測点）</type>
<alti>423</alti>
</ElevPt>
<ElevPt gml:id="K2_4696512045_1">
<fid>46965-12045-i-109</fid>
<lfSpanFr gml:id="K2_4696512045_1-1">
<gml:timePosition>2021-04-02</gml:timePosition>
</lfSpanFr>
<devDate gml:id="K2_4696512045_1-2">
<gml:timePosition>2021-06-03</gml:timePosition>
</devDate>
<orgGILvl>25000</orgGILvl>
<vis>表示</vis>
<pos>
<gml:Point gml:id="K2_4696512045_1-g" srsName="fguuid:jgd2011.bl">
<gml:pos>33.464810556 130.464265833</gml:pos>
</gml:Point>
</pos>
<type>標高点（測点）</type>
<alti>452</alti>
</ElevPt>
<ElevPt gml:id="K2_4696512054_1">
<fid>46965-12054-i-372</fid>
<lfSpanFr gml:id="K2_4696512054_1-1">
<gml:timePosition>2020-10-29</gml:timePosition>
</lfSpanFr>
<devDate gml:id="K2_4696512054_1-2">
<gml:timePosition>2021-06-03</gml:timePosition>
</devDate>
<orgGILvl>25000</orgGILvl>
<vis>表示</vis>
<pos>
<gml:Point gml:id="K2_4696512054_1-g" srsName="fguuid:jgd2011.bl">
<gml:pos>33.487575556 130.461576944</gml:pos>
</gml:Point>
</pos>
<type>標高点（測点）</type>
<alti>279</alti>
</ElevPt>
<ElevPt gml:id="K2_4696512057_1">
<fid>46965-12057-i-3048</fid>
<lfSpanFr gml:id="K2_4696512057_1-1">
<gml:timePosition>2020-10-29</gml:timePosition>
</lfSpanFr>
<devDate gml:id="K2_4696512057_1-2">
<gml:timePosition>2021-06-03</gml:timePosition>
</devDate>
<orgGILvl>25000</orgGILvl>
<vis>表示</vis>
<pos>
<gml:Point gml:id="K2_4696512057_1-g" srsName="fguuid:jgd2011.bl">
<gml:pos>33.493038056 130.458908889</gml:pos>
</gml:Point>
</pos>
<type>標高点（測点）</type>
<alti>181</alti>
</ElevPt>
<ElevPt gml:id="K2_4696512057_2">
<fid>46965-12057-i-3049</fid>
<lfSpanFr gml:id="K2_4696512057_2-1">
<gml:timePosition>2020-10-29</gml:timePosition>
</lfSpanFr>
<devDate gml:id="K2_4696512057_2-2">
<gml:timePosition>2021-06-03</gml:timePosition>
</devDate>
<orgGILvl>25000</orgGILvl>
<vis>表示</vis>
<pos>
<gml:Point gml:id="K2_4696512057_2-g" srsName="fguuid:jgd2011.bl">
<gml:pos>33.499962561 130.461332213</gml:pos>
</gml:Point>
</pos>
<type>標高点（測点）</type>
<alti>70</alti>
</ElevPt>
<ElevPt gml:id="K2_4696812030_1">
<fid>46968-12030-i-343</fid>
<lfSpanFr gml:id="K2_4696812030_1-1">
<gml:timePosition>2017-03-16</gml:timePosition>
</lfSpanFr>
<devDate gml:id="K2_4696812030_1-2">
<gml:timePosition>2021-06-03</gml:timePosition>
</devDate>
<orgGILvl>25000</orgGILvl>
<vis>表示</vis>
<pos>
<gml:Point gml:id="K2_4696812030_1-g" srsName="fguuid:jgd2011.bl">
<gml:pos>33.421667500 130.467151944</gml:pos>
</gml:Point>
</pos>
<type>標高点（測点）</type>
<alti>445</alti>
</ElevPt>
<ElevPt gml:id="K2_4696812033_1">
<fid>46968-12033-i-127</fid>
<lfSpanFr gml:id="K2_4696812033_1-1">
<gml:timePosition>2020-10-29</gml:timePosition>
</lfSpanFr>
<devDate gml:id="K2_4696812033_1-2">
<gml:timePosition>2021-06-03</gml:timePosition>
</devDate>
<orgGILvl>25000</orgGILvl>
<vis>表示</vis>
<pos>
<gml:Point gml:id="K2_4696812033_1-g" srsName="fguuid:jgd2011.bl">
<gml:pos>33.429642222 130.470813611</gml:pos>
</gml:Point>
</pos>
<type>標高点（測点）</type>
<alti>506</alti>
</ElevPt>
<ElevPt gml:id="K2_4696812042_1">
<fid>46968-12042-i-4</fid>
<lfSpanFr gml:id="K2_4696812042_1-1">
<gml:timePosition>2013-12-10</gml:timePosition>
</lfSpanFr>
<devDate gml:id="K2_4696812042_1-2">
<gml:timePosition>2021-06-03</gml:timePosition>
</devDate>
<orgGILvl>25000</orgGILvl>
<vis>表示</vis>
<pos>
<gml:Point gml:id="K2_4696812042_1-g" srsName="fguuid:jgd2011.bl">
<gml:pos>33.455167222 130.468883611</gml:pos>
</gml:Point>
</pos>
<type>標高点（測点）</type>
<alti>343</alti>
</ElevPt>
<ElevPt gml:id="K2_4696812048_1">
<fid>46968-12048-i-355</fid>
<lfSpanFr gml:id="K2_4696812048_1-1">
<gml:timePosition>2020-10-29</gml:timePosition>
</lfSpanFr>
<devDate gml:id="K2_4696812048_1-2">
<gml:timePosition>2021-06-03</gml:timePosition>
</devDate>
<orgGILvl>25000</orgGILvl>
<vis>表示</vis>
<pos>
<gml:Point gml:id="K2_4696812048_1-g" srsName="fguuid:jgd2011.bl">
<gml:pos>33.466909722 130.472251111</gml:pos>
</gml:Point>
</pos>
<type>標高点（測点）</type>
<alti>390</alti>
</ElevPt>
<ElevPt gml:id="K2_4696812051_1">
<fid>46968-12051-i-146</fid>
<lfSpanFr gml:id="K2_4696812051_1-1">
<gml:timePosition>2020-10-29</gml:timePosition>
</lfSpanFr>
<devDate gml:id="K2_4696812051_1-2">
<gml:timePosition>2021-06-03</gml:timePosition>
</devDate>
<orgGILvl>25000</orgGILvl>
<vis>表示</vis>
<pos>
<gml:Point gml:id="K2_4696812051_1-g" srsName="fguuid:jgd2011.bl">
<gml:pos>33.480658889 130.473327500</gml:pos>
</gml:Point>
</pos>
<type>標高点（測点）</type>
<alti>193</alti>
</ElevPt>
<ElevPt gml:id="K2_4696812054_1">
<fid>46968-12054-i-218</fid>
<lfSpanFr gml:id="K2_4696812054_1-1">
<gml:timePosition>2020-10-29</gml:timePosition>
</lfSpanFr>
<devDate gml:id="K2_4696812054_1-2">
<gml:timePosition>2021-06-03</gml:timePosition>
</devDate>
<orgGILvl>25000</orgGILvl>
<vis>表示</vis>
<pos>
<gml:Point gml:id="K2_4696812054_1-g" srsName="fguuid:jgd2011.bl">
<gml:pos>33.487016667 130.468611667</gml:pos>
</gml:Point>
</pos>
<type>標高点（測点）</type>
<alti>215</alti>
</ElevPt>
<ElevPt gml:id="K2_4696812057_1">
<fid>46968-12057-i-3744</fid>
<lfSpanFr gml:id="K2_4696812057_1-1">
<gml:timePosition>2020-10-29</gml:timePosition>
</lfSpanFr>
<devDate gml:id="K2_4696812057_1-2">
<gml:timePosition>2021-06-03</gml:timePosition>
</devDate>
<orgGILvl>25000</orgGILvl>
<vis>表示</vis>
<pos>
<gml:Point gml:id="K2_4696812057_1-g" srsName="fguuid:jgd2011.bl">
<gml:pos>33.492265833 130.471302500</gml:pos>
</gml:Point>
</pos>
<type>標高点（測点）</type>
<alti>128</alti>
</ElevPt>
<ElevPt gml:id="K2_4697112033_1">
<fid>46971-12033-i-99</fid>
<lfSpanFr gml:id="K2_4697112033_1-1">
<gml:timePosition>2014-06-04</gml:timePosition>
</lfSpanFr>
<devDate gml:id="K2_4697112033_1-2">
<gml:timePosition>2021-06-03</gml:timePosition>
</devDate>
<orgGILvl>25000</orgGILvl>
<vis>表示</vis>
<pos>
<gml:Point gml:id="K2_4697112033_1-g" srsName="fguuid:jgd2011.bl">
<gml:pos>33.427287500 130.478765000</gml:pos>
</gml:Point>
</pos>
<type>標高点（測点）</type>
<alti>355</alti>
</ElevPt>
<ElevPt gml:id="K2_4697112036_1">
<fid>46971-12036-i-58</fid>
<lfSpanFr gml:id="K2_4697112036_1-1">
<gml:timePosition>2014-06-04</gml:timePosition>
</lfSpanFr>
<devDate gml:id="K2_4697112036_1-2">
<gml:timePosition>2021-06-03</gml:timePosition>
</devDate>
<orgGILvl>25000</orgGILvl>
<vis>表示</vis>
<pos>
<gml:Point gml:id="K2_4697112036_1-g" srsName="fguuid:jgd2011.bl">
<gml:pos>33.441116944 130.478713333</gml:pos>
</gml:Point>
</pos>
<type>標高点（測点）</type>
<alti>355</alti>
</ElevPt>
<ElevPt gml:id="K2_4697112036_2">
<fid>46971-12036-i-59</fid>
<lfSpanFr gml:id="K2_4697112036_2-1">
<gml:timePosition>2014-06-04</gml:timePosition>
</lfSpanFr>
<devDate gml:id="K2_4697112036_2-2">
<gml:timePosition>2021-06-03</gml:timePosition>
</devDate>
<orgGILvl>25000</orgGILvl>
<vis>表示</vis>
<pos>
<gml:Point gml:id="K2_4697112036_2-g" srsName="fguuid:jgd2011.bl">
<gml:pos>33.436039722 130.480209722</gml:pos>
</gml:Point>
</pos>
<type>標高点（測点）</type>
<alti>390</alti>
</ElevPt>
<ElevPt gml:id="K2_4697112039_1">
<fid>46971-12039-i-120</fid>
<lfSpanFr gml:id="K2_4697112039_1-1">
<gml:timePosition>2020-10-29</gml:timePosition>
</lfSpanFr>
<devDate gml:id="K2_4697112039_1-2">
<gml:timePosition>2021-06-03</gml:timePosition>
</devDate>
<orgGILvl>25000</orgGILvl>
<vis>表示</vis>
<pos>
<gml:Point gml:id="K2_4697112039_1-g" srsName="fguuid:jgd2011.bl">
<gml:pos>33.448250833 130.480857222</gml:pos>
</gml:Point>
</pos>
<type>標高点（測点）</type>
<alti>304</alti>
</ElevPt>
<ElevPt gml:id="K2_4697112042_1">
<fid>46971-12042-i-1</fid>
<lfSpanFr gml:id="K2_4697112042_1-1">
<gml:timePosition>2013-12-10</gml:timePosition>
</lfSpanFr>
<devDate gml:id="K2_4697112042_1-2">
<gml:timePosition>2021-06-03</gml:timePosition>
</devDate>
<orgGILvl>25000</orgGILvl>
<vis>表示</vis>
<pos>
<gml:Point gml:id="K2_4697112042_1-g" srsName="fguuid:jgd2011.bl">
<gml:pos>33.453213333 130.475911389</gml:pos>
</gml:Point>
</pos>
<type>標高点（測点）</type>
<alti>373</alti>
</ElevPt>
<ElevPt gml:id="K2_4697112045_1">
<fid>46971-12045-i-123</fid>
<lfSpanFr gml:id="K2_4697112045_1-1">
<gml:timePosition>2020-10-29</gml:timePosition>
</lfSpanFr>
<devDate gml:id="K2_4697112045_1-2">
<gml:timePosition>2021-06-03</gml:timePosition>
</devDate>
<orgGILvl>25000</orgGILvl>
<vis>表示</vis>
<pos>
<gml:Point gml:id="K2_4697112045_1-g" srsName="fguuid:jgd2011.bl">
<gml:pos>33.458708889 130.475276667</gml:pos>
</gml:Point>
</pos>
<type>標高点（測点）</type>
<alti>322</alti>
</ElevPt>
<ElevPt gml:id="K2_4697112045_2">
<fid>46971-12045-i-124</fid>
<lfSpanFr gml:id="K2_4697112045_2-1">
<gml:timePosition>2020-10-29</gml:timePosition>
</lfSpanFr>
<devDate gml:id="K2_4697112045_2-2">
<gml:timePosition>2021-06-03</gml:timePosition>
</devDate>
<orgGILvl>25000</orgGILvl>
<vis>表示</vis>
<pos>
<gml:Point gml:id="K2_4697112045_2-g" srsName="fguuid:jgd2011.bl">
<gml:pos>33.465840833 130.476321389</gml:pos>
</gml:Point>
</pos>
<type>標高点（測点）</type>
<alti>405</alti>
</ElevPt>
<ElevPt gml:id="K2_4697112048_1">
<fid>46971-12048-i-481</fid>
<lfSpanFr gml:id="K2_4697112048_1-1">
<gml:timePosition>2020-10-29</gml:timePosition>
</lfSpanFr>
<devDate gml:id="K2_4697112048_1-2">
<gml:timePosition>2021-06-03</gml:timePosition>
</devDate>
<orgGILvl>25000</orgGILvl>
<vis>表示</vis>
<pos>
<gml:Point gml:id="K2_4697112048_1-g" srsName="fguuid:jgd2011.bl">
<gml:pos>33.472998056 130.477596389</gml:pos>
</gml:Point>
</pos>
<type>標高点（測点）</type>
<alti>281</alti>
</ElevPt>
<ElevPt gml:id="K2_4697412033_1">
<fid>46974-12033-i-70</fid>
<lfSpanFr gml:id="K2_4697412033_1-1">
<gml:timePosition>2014-06-04</gml:timePosition>
</lfSpanFr>
<devDate gml:id="K2_4697412033_1-2">
<gml:timePosition>2021-06-03</gml:timePosition>
</devDate>
<orgGILvl>25000</orgGILvl>
<vis>表示</vis>
<pos>
<gml:Point gml:id="K2_4697412033_1-g" srsName="fguuid:jgd2011.bl">
<gml:pos>33.429741389 130.489818889</gml:pos>
</gml:Point>
</pos>
<type>標高点（測点）</type>
<alti>262</alti>
</ElevPt>
<ElevPt gml:id="K2_4697412042_1">
<fid>46974-12042-i-96</fid>
<lfSpanFr gml:id="K2_4697412042_1-1">
<gml:timePosition>2020-10-29</gml:timePosition>
</lfSpanFr>
<devDate gml:id="K2_4697412042_1-2">
<gml:timePosition>2021-06-03</gml:timePosition>
</devDate>
<orgGILvl>25000</orgGILvl>
<vis>表示</vis>
<pos>
<gml:Point gml:id="K2_4697412042_1-g" srsName="fguuid:jgd2011.bl">
<gml:pos>33.452426111 130.485603333</gml:pos>
</gml:Point>
</pos>
<type>標高点（測点）</type>
<alti>233</alti>
</ElevPt>
<ElevPt gml:id="K2_4697412051_1">
<fid>46974-12051-i-89</fid>
<lfSpanFr gml:id="K2_4697412051_1-1">
<gml:timePosition>2020-10-29</gml:timePosition>
</lfSpanFr>
<devDate gml:id="K2_4697412051_1-2">
<gml:timePosition>2021-06-03</gml:timePosition>
</devDate>
<orgGILvl>25000</orgGILvl>
<vis>表示</vis>
<pos>
<gml:Point gml:id="K2_4697412051_1-g" srsName="fguuid:jgd2011.bl">
<gml:pos>33.477640556 130.484662500</gml:pos>
</gml:Point>
</pos>
<type>標高点（測点）</type>
<alti>215</alti>
</ElevPt>
<ElevPt gml:id="K2_4697412057_1">
<fid>46974-12057-i-1985</fid>
<lfSpanFr gml:id="K2_4697412057_1-1">
<gml:timePosition>2020-10-29</gml:timePosition>
</lfSpanFr>
<devDate gml:id="K2_4697412057_1-2">
<gml:timePosition>2021-06-03</gml:timePosition>
</devDate>
<orgGILvl>25000</orgGILvl>
<vis>表示</vis>
<pos>
<gml:Point gml:id="K2_4697412057_1-g" srsName="fguuid:jgd2011.bl">
<gml:pos>33.499825056 130.490085944</gml:pos>
</gml:Point>
</pos>
<type>標高点（測点）</type>
<alti>43</alti>
</ElevPt>
<ElevPt gml:id="K2_4697712039_1">
<fid>46977-12039-i-18</fid>
<lfSpanFr gml:id="K2_4697712039_1-1">
<gml:timePosition>2014-06-04</gml:timePosition>
</lfSpanFr>
<devDate gml:id="K2_4697712039_1-2">
<gml:timePosition>2021-06-03</gml:timePosition>
</devDate>
<orgGILvl>25000</orgGILvl>
<vis>表示</vis>
<pos>
<gml:Point gml:id="K2_4697712039_1-g" srsName="fguuid:jgd2011.bl">
<gml:pos>33.448449444 130.494516111</gml:pos>
</gml:Point>
</pos>
<type>標高点（測点）</type>
<alti>298</alti>
</ElevPt>
<ElevPt gml:id="K2_4697712039_2">
<fid>46977-12039-i-19</fid>
<lfSpanFr gml:id="K2_4697712039_2-1">
<gml:timePosition>2014-06-04</gml:timePosition>
</lfSpanFr>
<devDate gml:id="K2_4697712039_2-2">
<gml:timePosition>2021-06-03</gml:timePosition>
</devDate>
<orgGILvl>25000</orgGILvl>
<vis>表示</vis>
<pos>
<gml:Point gml:id="K2_4697712039_2-g" srsName="fguuid:jgd2011.bl">
<gml:pos>33.443514444 130.494361111</gml:pos>
</gml:Point>
</pos>
<type>標高点（測点）</type>
<alti>383</alti>
</ElevPt>
<ElevPt gml:id="K2_4697712042_1">
<fid>46977-12042-i-69</fid>
<lfSpanFr gml:id="K2_4697712042_1-1">
<gml:timePosition>2020-10-29</gml:timePosition>
</lfSpanFr>
<devDate gml:id="K2_4697712042_1-2">
<gml:timePosition>2021-06-03</gml:timePosition>
</devDate>
<orgGILvl>25000</orgGILvl>
<vis>表示</vis>
<pos>
<gml:Point gml:id="K2_4697712042_1-g" srsName="fguuid:jgd2011.bl">
<gml:pos>33.454978056 130.491851667</gml:pos>
</gml:Point>
</pos>
<type>標高点（測点）</type>
<alti>254</alti>
</ElevPt>
<ElevPt gml:id="K2_4697712045_1">
<fid>46977-12045-i-128</fid>
<lfSpanFr gml:id="K2_4697712045_1-1">
<gml:timePosition>2020-10-29</gml:timePosition>
</lfSpanFr>
<devDate gml:id="K2_4697712045_1-2">
<gml:timePosition>2021-06-03</gml:timePosition>
</devDate>
<orgGILvl>25000</orgGILvl>
<vis>表示</vis>
<pos>
<gml:Point gml:id="K2_4697712045_1-g" srsName="fguuid:jgd2011.bl">
<gml:pos>33.464540278 130.494951667</gml:pos>
</gml:Point>
</pos>
<type>標高点（測点）</type>
<alti>193</alti>
</ElevPt>
<ElevPt gml:id="K2_4697712051_1">
<fid>46977-12051-i-115</fid>
<lfSpanFr gml:id="K2_4697712051_1-1">
<gml:timePosition>2020-10-29</gml:timePosition>
</lfSpanFr>
<devDate gml:id="K2_4697712051_1-2">
<gml:timePosition>2021-06-03</gml:timePosition>
</devDate>
<orgGILvl>25000</orgGILvl>
<vis>表示</vis>
<pos>
<gml:Point gml:id="K2_4697712051_1-g" srsName="fguuid:jgd2011.bl">
<gml:pos>33.482004722 130.493487778</gml:pos>
</gml:Point>
</pos>
<type>標高点（測点）</type>
<alti>244</alti>
</ElevPt>
<ElevPt gml:id="K2_4697712057_1">
<fid>46977-12057-i-1141</fid>
<lfSpanFr gml:id="K2_4697712057_1-1">
<gml:timePosition>2020-10-29</gml:timePosition>
</lfSpanFr>
<devDate gml:id="K2_4697712057_1-2">
<gml:timePosition>2021-06-03</gml:timePosition>
</devDate>
<orgGILvl>25000</orgGILvl>
<vis>表示</vis>
<pos>
<gml:Point gml:id="K2_4697712057_1-g" srsName="fguuid:jgd2011.bl">
<gml:pos>33.499882500 130.495059722</gml:pos>
</gml:Point>
</pos>
<type>標高点（測点）</type>
<alti>59</alti>
</ElevPt>
</Dataset>
