<?xml version="1.0" encoding="utf-8"?>
<Dataset xsi:schemaLocation="http://fgd.gsi.go.jp/spec/2008/FGD_GMLSchema FGD_GMLSchema.xsd"
	xmlns:gml="http://www.opengis.net/gml/3.2"
	xmlns:xsi="http://www.w3.org/2001/XMLSchema-instance"
	xmlns:xlink="http://www.w3.org/1999/xlink"
	xmlns="http://fgd.gsi.go.jp/spec/2008/FGD_GMLSchema"
	gml:id="Dataset1">
  <gml:description>基盤地図情報メタデータ ID=fmdid:21-0701</gml:description>
  <gml:name>基盤地図情報ダウンロードデータ（GML版）</gml:name>
<GCP gml:id="K1_503013_1">
<fid>10-00100-0-2105-152869</fid>
<lfSpanFr gml:id="K1_503013_1-1">
<gml:timePosition>2021-05-19</gml:timePosition>
</lfSpanFr>
<devDate gml:id="K1_503013_1-2">
<gml:timePosition>2021-06-03</gml:timePosition>
</devDate>
<orgGILvl>KJ12</orgGILvl>
<vis>表示</vis>
<pos>
<gml:Point gml:id="K1_503013_1-g" srsName="fguuid:jgd2011.bl">
<gml:pos>33.416706194 130.446055889</gml:pos>
</gml:Point>
</pos>
<orgName>国土地理院</orgName>
<type>三角点</type>
<gcpClass>二等三角点</gcpClass>
<gcpCode>TR25030130501</gcpCode>
<name>田代山</name>
<B>120300.1423</B>
<L>469605.8012</L>
<alti>847.49</alti>
<altiAcc>2</altiAcc>
</GCP>
<GCP gml:id="K1_503013_2">
<fid>10-00100-0-2105-152870</fid>
<lfSpanFr gml:id="K1_503013_2-1">
<gml:timePosition>2021-05-19</gml:timePosition>
</lfSpanFr>
<devDate gml:id="K1_503013_2-2">
<gml:timePosition>2021-06-03</gml:timePosition>
</devDate>
<orgGILvl>KJ12</orgGILvl>
<vis>表示</vis>
<pos>
<gml:Point gml:id="K1_503013_2-g" srsName="fguuid:jgd2011.bl">
<gml:pos>33.490889000 130.450844000</gml:pos>
</gml:Point>
</pos>
<orgName>国土地理院</orgName>
<type>三角点</type>
<gcpClass>二等三角点</gcpClass>
<gcpCode>TR25030138601</gcpCode>
<name>上梶原</name>
<B>120567.2004</B>
<L>469623.0384</L>
<alti>250.23</alti>
<altiAcc>2</altiAcc>
</GCP>
<GCP gml:id="K1_503013_3">
<fid>10-00100-0-2105-160980</fid>
<lfSpanFr gml:id="K1_503013_3-1">
<gml:timePosition>2021-05-19</gml:timePosition>
</lfSpanFr>
<devDate gml:id="K1_503013_3-2">
<gml:timePosition>2021-06-03</gml:timePosition>
</devDate>
<orgGILvl>KJ13</orgGILvl>
<vis>表示</vis>
<pos>
<gml:Point gml:id="K1_503013_3-g" srsName="fguuid:jgd2011.bl">
<gml:pos>33.424357972 130.407677889</gml:pos>
</gml:Point>
</pos>
<orgName>国土地理院</orgName>
<type>三角点</type>
<gcpClass>三等三角点</gcpClass>
<gcpCode>TR35030130201</gcpCode>
<name>亀尾</name>
<B>120327.6887</B>
<L>469467.6404</L>
<alti>705.09</alti>
<altiAcc>2</altiAcc>
</GCP>
<GCP gml:id="K1_503013_4">
<fid>10-00100-0-2105-160981</fid>
<lfSpanFr gml:id="K1_503013_4-1">
<gml:timePosition>2021-05-19</gml:timePosition>
</lfSpanFr>
<devDate gml:id="K1_503013_4-2">
<gml:timePosition>2021-06-03</gml:timePosition>
</devDate>
<orgGILvl>KJ13</orgGILvl>
<vis>表示</vis>
<pos>
<gml:Point gml:id="K1_503013_4-g" srsName="fguuid:jgd2011.bl">
<gml:pos>33.429458611 130.460705722</gml:pos>
</gml:Point>
</pos>
<orgName>国土地理院</orgName>
<type>三角点</type>
<gcpClass>三等三角点</gcpClass>
<gcpCode>TR35030131601</gcpCode>
<name>権現</name>
<B>120346.051</B>
<L>469658.5406</L>
<alti>626.27</alti>
<altiAcc>2</altiAcc>
</GCP>
<GCP gml:id="K1_503013_5">
<fid>10-00100-0-2105-160982</fid>
<lfSpanFr gml:id="K1_503013_5-1">
<gml:timePosition>2021-05-19</gml:timePosition>
</lfSpanFr>
<devDate gml:id="K1_503013_5-2">
<gml:timePosition>2021-06-03</gml:timePosition>
</devDate>
<orgGILvl>KJ13</orgGILvl>
<vis>表示</vis>
<pos>
<gml:Point gml:id="K1_503013_5-g" srsName="fguuid:jgd2011.bl">
<gml:pos>33.446219556 130.487669500</gml:pos>
</gml:Point>
</pos>
<orgName>国土地理院</orgName>
<type>三角点</type>
<gcpClass>三等三角点</gcpClass>
<gcpCode>TR35030133902</gcpCode>
<name>大峠</name>
<B>120406.3904</B>
<L>469755.6102</L>
<alti>406.69</alti>
<altiAcc>2</altiAcc>
</GCP>
<GCP gml:id="K1_503013_6">
<fid>10-00100-0-2105-160983</fid>
<lfSpanFr gml:id="K1_503013_6-1">
<gml:timePosition>2021-05-19</gml:timePosition>
</lfSpanFr>
<devDate gml:id="K1_503013_6-2">
<gml:timePosition>2021-06-03</gml:timePosition>
</devDate>
<orgGILvl>KJ13</orgGILvl>
<vis>表示</vis>
<pos>
<gml:Point gml:id="K1_503013_6-g" srsName="fguuid:jgd2011.bl">
<gml:pos>33.453768111 130.410499972</gml:pos>
</gml:Point>
</pos>
<orgName>国土地理院</orgName>
<type>三角点</type>
<gcpClass>三等三角点</gcpClass>
<gcpCode>TR35030134201</gcpCode>
<name>成竹</name>
<B>120433.5652</B>
<L>469477.7999</L>
<alti>580.1</alti>
<altiAcc>2</altiAcc>
</GCP>
<GCP gml:id="K1_503013_7">
<fid>10-00100-0-2105-160984</fid>
<lfSpanFr gml:id="K1_503013_7-1">
<gml:timePosition>2021-05-19</gml:timePosition>
</lfSpanFr>
<devDate gml:id="K1_503013_7-2">
<gml:timePosition>2021-06-03</gml:timePosition>
</devDate>
<orgGILvl>KJ13</orgGILvl>
<vis>表示</vis>
<pos>
<gml:Point gml:id="K1_503013_7-g" srsName="fguuid:jgd2011.bl">
<gml:pos>33.450095278 130.453958833</gml:pos>
</gml:Point>
</pos>
<orgName>国土地理院</orgName>
<type>三角点</type>
<gcpClass>三等三角点</gcpClass>
<gcpCode>TR35030134601</gcpCode>
<name>船石</name>
<B>120420.343</B>
<L>469634.2518</L>
<alti>430.26</alti>
<altiAcc>2</altiAcc>
</GCP>
<GCP gml:id="K1_503013_8">
<fid>10-00100-0-2105-160985</fid>
<lfSpanFr gml:id="K1_503013_8-1">
<gml:timePosition>2021-05-19</gml:timePosition>
</lfSpanFr>
<devDate gml:id="K1_503013_8-2">
<gml:timePosition>2021-06-03</gml:timePosition>
</devDate>
<orgGILvl>KJ13</orgGILvl>
<vis>表示</vis>
<pos>
<gml:Point gml:id="K1_503013_8-g" srsName="fguuid:jgd2011.bl">
<gml:pos>33.468979611 130.385883472</gml:pos>
</gml:Point>
</pos>
<orgName>国土地理院</orgName>
<type>三角点</type>
<gcpClass>三等三角点</gcpClass>
<gcpCode>TR35030136001</gcpCode>
<name>小笠木</name>
<B>120488.3266</B>
<L>469389.1805</L>
<alti>519.5</alti>
<altiAcc>2</altiAcc>
</GCP>
<GCP gml:id="K1_503013_9">
<fid>10-00100-0-2105-160986</fid>
<lfSpanFr gml:id="K1_503013_9-1">
<gml:timePosition>2021-05-19</gml:timePosition>
</lfSpanFr>
<devDate gml:id="K1_503013_9-2">
<gml:timePosition>2021-06-03</gml:timePosition>
</devDate>
<orgGILvl>KJ13</orgGILvl>
<vis>表示</vis>
<pos>
<gml:Point gml:id="K1_503013_9-g" srsName="fguuid:jgd2011.bl">
<gml:pos>33.469317694 130.443051611</gml:pos>
</gml:Point>
</pos>
<orgName>国土地理院</orgName>
<type>三角点</type>
<gcpClass>三等三角点</gcpClass>
<gcpCode>TR35030136501</gcpCode>
<name>上矢岳</name>
<B>120489.5437</B>
<L>469594.9858</L>
<alti>385.66</alti>
<altiAcc>2</altiAcc>
</GCP>
<GCP gml:id="K1_503013_10">
<fid>10-00100-0-2105-160987</fid>
<lfSpanFr gml:id="K1_503013_10-1">
<gml:timePosition>2021-05-19</gml:timePosition>
</lfSpanFr>
<devDate gml:id="K1_503013_10-2">
<gml:timePosition>2021-06-03</gml:timePosition>
</devDate>
<orgGILvl>KJ13</orgGILvl>
<vis>表示</vis>
<pos>
<gml:Point gml:id="K1_503013_10-g" srsName="fguuid:jgd2011.bl">
<gml:pos>33.471555917 130.468439861</gml:pos>
</gml:Point>
</pos>
<orgName>国土地理院</orgName>
<type>三角点</type>
<gcpClass>三等三角点</gcpClass>
<gcpCode>TR35030136701</gcpCode>
<name>牛頚山</name>
<B>120497.6013</B>
<L>469686.3835</L>
<alti>447.88</alti>
<altiAcc>2</altiAcc>
</GCP>
<GCP gml:id="K1_503013_11">
<fid>10-00100-0-2105-160988</fid>
<lfSpanFr gml:id="K1_503013_11-1">
<gml:timePosition>2021-05-19</gml:timePosition>
</lfSpanFr>
<devDate gml:id="K1_503013_11-2">
<gml:timePosition>2021-06-03</gml:timePosition>
</devDate>
<orgGILvl>KJ13</orgGILvl>
<vis>表示</vis>
<pos>
<gml:Point gml:id="K1_503013_11-g" srsName="fguuid:jgd2011.bl">
<gml:pos>33.499374639 130.376563389</gml:pos>
</gml:Point>
</pos>
<orgName>国土地理院</orgName>
<type>三角点</type>
<gcpClass>三等三角点</gcpClass>
<gcpCode>TR35030139001</gcpCode>
<name>峠脇</name>
<B>120597.7487</B>
<L>469355.6282</L>
<alti>500.0</alti>
<altiAcc>2</altiAcc>
</GCP>
<GCP gml:id="K1_503013_12">
<fid>10-00100-0-2105-160989</fid>
<lfSpanFr gml:id="K1_503013_12-1">
<gml:timePosition>2021-05-19</gml:timePosition>
</lfSpanFr>
<devDate gml:id="K1_503013_12-2">
<gml:timePosition>2021-06-03</gml:timePosition>
</devDate>
<orgGILvl>KJ13</orgGILvl>
<vis>表示</vis>
<pos>
<gml:Point gml:id="K1_503013_12-g" srsName="fguuid:jgd2011.bl">
<gml:pos>33.494290917 130.400776611</gml:pos>
</gml:Point>
</pos>
<orgName>国土地理院</orgName>
<type>三角点</type>
<gcpClass>三等三角点</gcpClass>
<gcpCode>TR35030139201</gcpCode>
<name>黒岩山</name>
<B>120579.4473</B>
<L>469442.7958</L>
<alti>287.63</alti>
<altiAcc>2</altiAcc>
</GCP>
<GCP gml:id="K1_503013_13">
<fid>10-00100-0-2105-200447</fid>
<lfSpanFr gml:id="K1_503013_13-1">
<gml:timePosition>2021-05-19</gml:timePosition>
</lfSpanFr>
<devDate gml:id="K1_503013_13-2">
<gml:timePosition>2021-06-03</gml:timePosition>
</devDate>
<orgGILvl>KJ14</orgGILvl>
<vis>表示</vis>
<pos>
<gml:Point gml:id="K1_503013_13-g" srsName="fguuid:jgd2011.bl">
<gml:pos>33.420507611 130.394807972</gml:pos>
</gml:Point>
</pos>
<orgName>国土地理院</orgName>
<type>三角点</type>
<gcpClass>四等三角点</gcpClass>
<gcpCode>TR45030130101</gcpCode>
<name>豆野</name>
<B>120313.8274</B>
<L>469421.3087</L>
<alti>573.06</alti>
<altiAcc>2</altiAcc>
</GCP>
<GCP gml:id="K1_503013_14">
<fid>10-00100-0-2105-200448</fid>
<lfSpanFr gml:id="K1_503013_14-1">
<gml:timePosition>2021-05-19</gml:timePosition>
</lfSpanFr>
<devDate gml:id="K1_503013_14-2">
<gml:timePosition>2021-06-03</gml:timePosition>
</devDate>
<orgGILvl>KJ14</orgGILvl>
<vis>表示</vis>
<pos>
<gml:Point gml:id="K1_503013_14-g" srsName="fguuid:jgd2011.bl">
<gml:pos>33.419204917 130.432921417</gml:pos>
</gml:Point>
</pos>
<orgName>国土地理院</orgName>
<type>三角点</type>
<gcpClass>四等三角点</gcpClass>
<gcpCode>TR45030130401</gcpCode>
<name>五ケ山</name>
<B>120309.1377</B>
<L>469558.5171</L>
<alti>628.23</alti>
<altiAcc>2</altiAcc>
</GCP>
<GCP gml:id="K1_503013_15">
<fid>10-00100-0-2105-200449</fid>
<lfSpanFr gml:id="K1_503013_15-1">
<gml:timePosition>2021-05-19</gml:timePosition>
</lfSpanFr>
<devDate gml:id="K1_503013_15-2">
<gml:timePosition>2021-06-03</gml:timePosition>
</devDate>
<orgGILvl>KJ14</orgGILvl>
<vis>表示</vis>
<pos>
<gml:Point gml:id="K1_503013_15-g" srsName="fguuid:jgd2011.bl">
<gml:pos>33.420949444 130.480023778</gml:pos>
</gml:Point>
</pos>
<orgName>国土地理院</orgName>
<type>三角点</type>
<gcpClass>四等三角点</gcpClass>
<gcpCode>TR45030130801</gcpCode>
<name>石坂</name>
<B>120315.418</B>
<L>469728.0856</L>
<alti>410.68</alti>
<altiAcc>2</altiAcc>
</GCP>
<GCP gml:id="K1_503013_16">
<fid>10-00100-0-2105-200450</fid>
<lfSpanFr gml:id="K1_503013_16-1">
<gml:timePosition>2021-05-19</gml:timePosition>
</lfSpanFr>
<devDate gml:id="K1_503013_16-2">
<gml:timePosition>2021-06-03</gml:timePosition>
</devDate>
<orgGILvl>KJ14</orgGILvl>
<vis>表示</vis>
<pos>
<gml:Point gml:id="K1_503013_16-g" srsName="fguuid:jgd2011.bl">
<gml:pos>33.420953444 130.493690444</gml:pos>
</gml:Point>
</pos>
<orgName>国土地理院</orgName>
<type>三角点</type>
<gcpClass>四等三角点</gcpClass>
<gcpCode>TR45030130901</gcpCode>
<name>開田</name>
<B>120315.4324</B>
<L>469777.2856</L>
<alti>167.9</alti>
<altiAcc>2</altiAcc>
</GCP>
<GCP gml:id="K1_503013_17">
<fid>10-00100-0-2105-200451</fid>
<lfSpanFr gml:id="K1_503013_17-1">
<gml:timePosition>2021-05-19</gml:timePosition>
</lfSpanFr>
<devDate gml:id="K1_503013_17-2">
<gml:timePosition>2021-06-03</gml:timePosition>
</devDate>
<orgGILvl>KJ14</orgGILvl>
<vis>表示</vis>
<pos>
<gml:Point gml:id="K1_503013_17-g" srsName="fguuid:jgd2011.bl">
<gml:pos>33.430080278 130.387477972</gml:pos>
</gml:Point>
</pos>
<orgName>国土地理院</orgName>
<type>三角点</type>
<gcpClass>四等三角点</gcpClass>
<gcpCode>TR45030131001</gcpCode>
<name>板屋</name>
<B>120348.289</B>
<L>469394.9207</L>
<alti>655.6</alti>
<altiAcc>2</altiAcc>
</GCP>
<GCP gml:id="K1_503013_18">
<fid>10-00100-0-2105-200452</fid>
<lfSpanFr gml:id="K1_503013_18-1">
<gml:timePosition>2021-05-19</gml:timePosition>
</lfSpanFr>
<devDate gml:id="K1_503013_18-2">
<gml:timePosition>2021-06-03</gml:timePosition>
</devDate>
<orgGILvl>KJ14</orgGILvl>
<vis>表示</vis>
<pos>
<gml:Point gml:id="K1_503013_18-g" srsName="fguuid:jgd2011.bl">
<gml:pos>33.431077833 130.433531111</gml:pos>
</gml:Point>
</pos>
<orgName>国土地理院</orgName>
<type>三角点</type>
<gcpClass>四等三角点</gcpClass>
<gcpCode>TR45030131401</gcpCode>
<name>道十里</name>
<B>120351.8802</B>
<L>469560.712</L>
<alti>514.86</alti>
<altiAcc>2</altiAcc>
</GCP>
<GCP gml:id="K1_503013_19">
<fid>10-00100-0-2105-200453</fid>
<lfSpanFr gml:id="K1_503013_19-1">
<gml:timePosition>2021-05-19</gml:timePosition>
</lfSpanFr>
<devDate gml:id="K1_503013_19-2">
<gml:timePosition>2021-06-03</gml:timePosition>
</devDate>
<orgGILvl>KJ14</orgGILvl>
<vis>表示</vis>
<pos>
<gml:Point gml:id="K1_503013_19-g" srsName="fguuid:jgd2011.bl">
<gml:pos>33.429736583 130.479033500</gml:pos>
</gml:Point>
</pos>
<orgName>国土地理院</orgName>
<type>三角点</type>
<gcpClass>四等三角点</gcpClass>
<gcpCode>TR45030131801</gcpCode>
<name>向江</name>
<B>120347.0517</B>
<L>469724.5206</L>
<alti>271.98</alti>
<altiAcc>2</altiAcc>
</GCP>
<GCP gml:id="K1_503013_20">
<fid>10-00100-0-2105-200454</fid>
<lfSpanFr gml:id="K1_503013_20-1">
<gml:timePosition>2021-05-19</gml:timePosition>
</lfSpanFr>
<devDate gml:id="K1_503013_20-2">
<gml:timePosition>2021-06-03</gml:timePosition>
</devDate>
<orgGILvl>KJ14</orgGILvl>
<vis>表示</vis>
<pos>
<gml:Point gml:id="K1_503013_20-g" srsName="fguuid:jgd2011.bl">
<gml:pos>33.439568361 130.389969806</gml:pos>
</gml:Point>
</pos>
<orgName>国土地理院</orgName>
<type>三角点</type>
<gcpClass>四等三角点</gcpClass>
<gcpCode>TR45030132101</gcpCode>
<name>前熊山</name>
<B>120382.4461</B>
<L>469403.8913</L>
<alti>621.07</alti>
<altiAcc>2</altiAcc>
</GCP>
<GCP gml:id="K1_503013_21">
<fid>10-00100-0-2105-200455</fid>
<lfSpanFr gml:id="K1_503013_21-1">
<gml:timePosition>2021-05-19</gml:timePosition>
</lfSpanFr>
<devDate gml:id="K1_503013_21-2">
<gml:timePosition>2021-06-03</gml:timePosition>
</devDate>
<orgGILvl>KJ14</orgGILvl>
<vis>表示</vis>
<pos>
<gml:Point gml:id="K1_503013_21-g" srsName="fguuid:jgd2011.bl">
<gml:pos>33.438040917 130.406624917</gml:pos>
</gml:Point>
</pos>
<orgName>国土地理院</orgName>
<type>三角点</type>
<gcpClass>四等三角点</gcpClass>
<gcpCode>TR45030132201</gcpCode>
<name>一ノ岳</name>
<B>120376.9473</B>
<L>469463.8497</L>
<alti>695.68</alti>
<altiAcc>2</altiAcc>
</GCP>
<GCP gml:id="K1_503013_22">
<fid>10-00100-0-2105-200456</fid>
<lfSpanFr gml:id="K1_503013_22-1">
<gml:timePosition>2021-05-19</gml:timePosition>
</lfSpanFr>
<devDate gml:id="K1_503013_22-2">
<gml:timePosition>2021-06-03</gml:timePosition>
</devDate>
<orgGILvl>KJ14</orgGILvl>
<vis>表示</vis>
<pos>
<gml:Point gml:id="K1_503013_22-g" srsName="fguuid:jgd2011.bl">
<gml:pos>33.437898472 130.422031889</gml:pos>
</gml:Point>
</pos>
<orgName>国土地理院</orgName>
<type>三角点</type>
<gcpClass>四等三角点</gcpClass>
<gcpCode>TR45030132301</gcpCode>
<name>笠城</name>
<B>120376.4345</B>
<L>469519.3148</L>
<alti>421.91</alti>
<altiAcc>2</altiAcc>
</GCP>
<GCP gml:id="K1_503013_23">
<fid>10-00100-0-2105-200457</fid>
<lfSpanFr gml:id="K1_503013_23-1">
<gml:timePosition>2021-05-19</gml:timePosition>
</lfSpanFr>
<devDate gml:id="K1_503013_23-2">
<gml:timePosition>2021-06-03</gml:timePosition>
</devDate>
<orgGILvl>KJ14</orgGILvl>
<vis>表示</vis>
<pos>
<gml:Point gml:id="K1_503013_23-g" srsName="fguuid:jgd2011.bl">
<gml:pos>33.438604833 130.445978361</gml:pos>
</gml:Point>
</pos>
<orgName>国土地理院</orgName>
<type>三角点</type>
<gcpClass>四等三角点</gcpClass>
<gcpCode>TR45030132501</gcpCode>
<name>大谷</name>
<B>120378.9774</B>
<L>469605.5221</L>
<alti>543.03</alti>
<altiAcc>2</altiAcc>
</GCP>
<GCP gml:id="K1_503013_24">
<fid>10-00100-0-2105-200458</fid>
<lfSpanFr gml:id="K1_503013_24-1">
<gml:timePosition>2021-05-19</gml:timePosition>
</lfSpanFr>
<devDate gml:id="K1_503013_24-2">
<gml:timePosition>2021-06-03</gml:timePosition>
</devDate>
<orgGILvl>KJ14</orgGILvl>
<vis>表示</vis>
<pos>
<gml:Point gml:id="K1_503013_24-g" srsName="fguuid:jgd2011.bl">
<gml:pos>33.440555333 130.471254444</gml:pos>
</gml:Point>
</pos>
<orgName>国土地理院</orgName>
<type>三角点</type>
<gcpClass>四等三角点</gcpClass>
<gcpCode>TR45030132701</gcpCode>
<name>平等寺</name>
<B>120385.9992</B>
<L>469696.516</L>
<alti>311.11</alti>
<altiAcc>2</altiAcc>
</GCP>
<GCP gml:id="K1_503013_25">
<fid>10-00100-0-2105-200459</fid>
<lfSpanFr gml:id="K1_503013_25-1">
<gml:timePosition>2021-05-19</gml:timePosition>
</lfSpanFr>
<devDate gml:id="K1_503013_25-2">
<gml:timePosition>2021-06-03</gml:timePosition>
</devDate>
<orgGILvl>KJ14</orgGILvl>
<vis>表示</vis>
<pos>
<gml:Point gml:id="K1_503013_25-g" srsName="fguuid:jgd2011.bl">
<gml:pos>33.435868694 130.490512889</gml:pos>
</gml:Point>
</pos>
<orgName>国土地理院</orgName>
<type>三角点</type>
<gcpClass>四等三角点</gcpClass>
<gcpCode>TR45030132901</gcpCode>
<name>契山</name>
<B>120369.1273</B>
<L>469765.8464</L>
<alti>402.88</alti>
<altiAcc>2</altiAcc>
</GCP>
<GCP gml:id="K1_503013_26">
<fid>10-00100-0-2105-200460</fid>
<lfSpanFr gml:id="K1_503013_26-1">
<gml:timePosition>2021-05-19</gml:timePosition>
</lfSpanFr>
<devDate gml:id="K1_503013_26-2">
<gml:timePosition>2021-06-03</gml:timePosition>
</devDate>
<orgGILvl>KJ14</orgGILvl>
<vis>表示</vis>
<pos>
<gml:Point gml:id="K1_503013_26-g" srsName="fguuid:jgd2011.bl">
<gml:pos>33.447885667 130.472986972</gml:pos>
</gml:Point>
</pos>
<orgName>国土地理院</orgName>
<type>三角点</type>
<gcpClass>四等三角点</gcpClass>
<gcpCode>TR45030133701</gcpCode>
<name>深掘</name>
<B>120412.3884</B>
<L>469702.7531</L>
<alti>373.02</alti>
<altiAcc>2</altiAcc>
</GCP>
<GCP gml:id="K1_503013_27">
<fid>10-00100-0-2105-200461</fid>
<lfSpanFr gml:id="K1_503013_27-1">
<gml:timePosition>2021-05-19</gml:timePosition>
</lfSpanFr>
<devDate gml:id="K1_503013_27-2">
<gml:timePosition>2021-06-03</gml:timePosition>
</devDate>
<orgGILvl>KJ14</orgGILvl>
<vis>表示</vis>
<pos>
<gml:Point gml:id="K1_503013_27-g" srsName="fguuid:jgd2011.bl">
<gml:pos>33.448616056 130.499667583</gml:pos>
</gml:Point>
</pos>
<orgName>国土地理院</orgName>
<type>三角点</type>
<gcpClass>四等三角点</gcpClass>
<gcpCode>TR45030133901</gcpCode>
<name>岩野</name>
<B>120415.0178</B>
<L>469798.8033</L>
<alti>360.17</alti>
<altiAcc>2</altiAcc>
</GCP>
<GCP gml:id="K1_503013_28">
<fid>10-00100-0-2105-200462</fid>
<lfSpanFr gml:id="K1_503013_28-1">
<gml:timePosition>2021-05-19</gml:timePosition>
</lfSpanFr>
<devDate gml:id="K1_503013_28-2">
<gml:timePosition>2021-06-03</gml:timePosition>
</devDate>
<orgGILvl>KJ14</orgGILvl>
<vis>表示</vis>
<pos>
<gml:Point gml:id="K1_503013_28-g" srsName="fguuid:jgd2011.bl">
<gml:pos>33.455310778 130.376222139</gml:pos>
</gml:Point>
</pos>
<orgName>国土地理院</orgName>
<type>三角点</type>
<gcpClass>四等三角点</gcpClass>
<gcpCode>TR45030134001</gcpCode>
<name>荒谷</name>
<B>120439.1188</B>
<L>469354.3997</L>
<alti>722.8</alti>
<altiAcc>2</altiAcc>
</GCP>
<GCP gml:id="K1_503013_29">
<fid>10-00100-0-2105-200463</fid>
<lfSpanFr gml:id="K1_503013_29-1">
<gml:timePosition>2021-05-19</gml:timePosition>
</lfSpanFr>
<devDate gml:id="K1_503013_29-2">
<gml:timePosition>2021-06-03</gml:timePosition>
</devDate>
<orgGILvl>KJ14</orgGILvl>
<vis>表示</vis>
<pos>
<gml:Point gml:id="K1_503013_29-g" srsName="fguuid:jgd2011.bl">
<gml:pos>33.451224056 130.393589861</gml:pos>
</gml:Point>
</pos>
<orgName>国土地理院</orgName>
<type>三角点</type>
<gcpClass>四等三角点</gcpClass>
<gcpCode>TR45030134101</gcpCode>
<name>樫木畑</name>
<B>120424.4066</B>
<L>469416.9235</L>
<alti>747.88</alti>
<altiAcc>2</altiAcc>
</GCP>
<GCP gml:id="K1_503013_30">
<fid>10-00100-0-2105-200465</fid>
<lfSpanFr gml:id="K1_503013_30-1">
<gml:timePosition>2021-05-19</gml:timePosition>
</lfSpanFr>
<devDate gml:id="K1_503013_30-2">
<gml:timePosition>2021-06-03</gml:timePosition>
</devDate>
<orgGILvl>KJ14</orgGILvl>
<vis>表示</vis>
<pos>
<gml:Point gml:id="K1_503013_30-g" srsName="fguuid:jgd2011.bl">
<gml:pos>33.464262444 130.398981111</gml:pos>
</gml:Point>
</pos>
<orgName>国土地理院</orgName>
<type>三角点</type>
<gcpClass>四等三角点</gcpClass>
<gcpCode>TR45030135101</gcpCode>
<name>城</name>
<B>120471.3448</B>
<L>469436.332</L>
<alti>454.34</alti>
<altiAcc>2</altiAcc>
</GCP>
<GCP gml:id="K1_503013_31">
<fid>10-00100-0-2105-200466</fid>
<lfSpanFr gml:id="K1_503013_31-1">
<gml:timePosition>2021-05-19</gml:timePosition>
</lfSpanFr>
<devDate gml:id="K1_503013_31-2">
<gml:timePosition>2021-06-03</gml:timePosition>
</devDate>
<orgGILvl>KJ14</orgGILvl>
<vis>表示</vis>
<pos>
<gml:Point gml:id="K1_503013_31-g" srsName="fguuid:jgd2011.bl">
<gml:pos>33.466053944 130.428743694</gml:pos>
</gml:Point>
</pos>
<orgName>国土地理院</orgName>
<type>三角点</type>
<gcpClass>四等三角点</gcpClass>
<gcpCode>TR45030135401</gcpCode>
<name>水ケ谷</name>
<B>120477.7942</B>
<L>469543.4773</L>
<alti>124.45</alti>
<altiAcc>2</altiAcc>
</GCP>
<GCP gml:id="K1_503013_32">
<fid>10-00100-0-2105-200467</fid>
<lfSpanFr gml:id="K1_503013_32-1">
<gml:timePosition>2021-05-19</gml:timePosition>
</lfSpanFr>
<devDate gml:id="K1_503013_32-2">
<gml:timePosition>2021-06-03</gml:timePosition>
</devDate>
<orgGILvl>KJ14</orgGILvl>
<vis>表示</vis>
<pos>
<gml:Point gml:id="K1_503013_32-g" srsName="fguuid:jgd2011.bl">
<gml:pos>33.460652139 130.468420417</gml:pos>
</gml:Point>
</pos>
<orgName>国土地理院</orgName>
<type>三角点</type>
<gcpClass>四等三角点</gcpClass>
<gcpCode>TR45030135701</gcpCode>
<name>三角山</name>
<B>120458.3477</B>
<L>469686.3135</L>
<alti>453.48</alti>
<altiAcc>2</altiAcc>
</GCP>
<GCP gml:id="K1_503013_33">
<fid>10-00100-0-2105-200468</fid>
<lfSpanFr gml:id="K1_503013_33-1">
<gml:timePosition>2021-05-19</gml:timePosition>
</lfSpanFr>
<devDate gml:id="K1_503013_33-2">
<gml:timePosition>2021-06-03</gml:timePosition>
</devDate>
<orgGILvl>KJ14</orgGILvl>
<vis>表示</vis>
<pos>
<gml:Point gml:id="K1_503013_33-g" srsName="fguuid:jgd2011.bl">
<gml:pos>33.464515333 130.481951667</gml:pos>
</gml:Point>
</pos>
<orgName>国土地理院</orgName>
<type>三角点</type>
<gcpClass>四等三角点</gcpClass>
<gcpCode>TR45030135801</gcpCode>
<name>黒金山</name>
<B>120472.2552</B>
<L>469735.026</L>
<alti>396.06</alti>
<altiAcc>2</altiAcc>
</GCP>
<GCP gml:id="K1_503013_34">
<fid>10-00100-0-2105-200469</fid>
<lfSpanFr gml:id="K1_503013_34-1">
<gml:timePosition>2021-05-19</gml:timePosition>
</lfSpanFr>
<devDate gml:id="K1_503013_34-2">
<gml:timePosition>2021-06-03</gml:timePosition>
</devDate>
<orgGILvl>KJ14</orgGILvl>
<vis>表示</vis>
<pos>
<gml:Point gml:id="K1_503013_34-g" srsName="fguuid:jgd2011.bl">
<gml:pos>33.459658694 130.484787139</gml:pos>
</gml:Point>
</pos>
<orgName>国土地理院</orgName>
<type>三角点</type>
<gcpClass>四等三角点</gcpClass>
<gcpCode>TR45030135802</gcpCode>
<name>大野山</name>
<B>120454.7713</B>
<L>469745.2337</L>
<alti>356.11</alti>
<altiAcc>2</altiAcc>
</GCP>
<GCP gml:id="K1_503013_35">
<fid>10-00100-0-2105-200470</fid>
<lfSpanFr gml:id="K1_503013_35-1">
<gml:timePosition>2021-05-19</gml:timePosition>
</lfSpanFr>
<devDate gml:id="K1_503013_35-2">
<gml:timePosition>2021-06-03</gml:timePosition>
</devDate>
<orgGILvl>KJ14</orgGILvl>
<vis>表示</vis>
<pos>
<gml:Point gml:id="K1_503013_35-g" srsName="fguuid:jgd2011.bl">
<gml:pos>33.470499528 130.490035111</gml:pos>
</gml:Point>
</pos>
<orgName>国土地理院</orgName>
<type>三角点</type>
<gcpClass>四等三角点</gcpClass>
<gcpCode>TR45030136901</gcpCode>
<name>下野口</name>
<B>120493.7983</B>
<L>469764.1264</L>
<alti>333.03</alti>
<altiAcc>2</altiAcc>
</GCP>
<GCP gml:id="K1_503013_36">
<fid>10-00100-0-2105-200471</fid>
<lfSpanFr gml:id="K1_503013_36-1">
<gml:timePosition>2021-05-19</gml:timePosition>
</lfSpanFr>
<devDate gml:id="K1_503013_36-2">
<gml:timePosition>2021-06-03</gml:timePosition>
</devDate>
<orgGILvl>KJ14</orgGILvl>
<vis>表示</vis>
<pos>
<gml:Point gml:id="K1_503013_36-g" srsName="fguuid:jgd2011.bl">
<gml:pos>33.482797139 130.378934806</gml:pos>
</gml:Point>
</pos>
<orgName>国土地理院</orgName>
<type>三角点</type>
<gcpClass>四等三角点</gcpClass>
<gcpCode>TR45030137001</gcpCode>
<name>山添</name>
<B>120538.0697</B>
<L>469364.1653</L>
<alti>258.27</alti>
<altiAcc>2</altiAcc>
</GCP>
<GCP gml:id="K1_503013_37">
<fid>10-00100-0-2105-200472</fid>
<lfSpanFr gml:id="K1_503013_37-1">
<gml:timePosition>2021-05-19</gml:timePosition>
</lfSpanFr>
<devDate gml:id="K1_503013_37-2">
<gml:timePosition>2021-06-03</gml:timePosition>
</devDate>
<orgGILvl>KJ14</orgGILvl>
<vis>表示</vis>
<pos>
<gml:Point gml:id="K1_503013_37-g" srsName="fguuid:jgd2011.bl">
<gml:pos>33.476433861 130.397904361</gml:pos>
</gml:Point>
</pos>
<orgName>国土地理院</orgName>
<type>三角点</type>
<gcpClass>四等三角点</gcpClass>
<gcpCode>TR45030137101</gcpCode>
<name>芋生</name>
<B>120515.1619</B>
<L>469432.4557</L>
<alti>241.28</alti>
<altiAcc>2</altiAcc>
</GCP>
<GCP gml:id="K1_503013_38">
<fid>10-00100-0-2105-200473</fid>
<lfSpanFr gml:id="K1_503013_38-1">
<gml:timePosition>2021-05-19</gml:timePosition>
</lfSpanFr>
<devDate gml:id="K1_503013_38-2">
<gml:timePosition>2021-06-03</gml:timePosition>
</devDate>
<orgGILvl>KJ14</orgGILvl>
<vis>表示</vis>
<pos>
<gml:Point gml:id="K1_503013_38-g" srsName="fguuid:jgd2011.bl">
<gml:pos>33.483140361 130.410775028</gml:pos>
</gml:Point>
</pos>
<orgName>国土地理院</orgName>
<type>三角点</type>
<gcpClass>四等三角点</gcpClass>
<gcpCode>TR45030137201</gcpCode>
<name>別所</name>
<B>120539.3053</B>
<L>469478.7901</L>
<alti>98.72</alti>
<altiAcc>2</altiAcc>
</GCP>
<GCP gml:id="K1_503013_39">
<fid>10-00100-0-2105-200474</fid>
<lfSpanFr gml:id="K1_503013_39-1">
<gml:timePosition>2021-05-19</gml:timePosition>
</lfSpanFr>
<devDate gml:id="K1_503013_39-2">
<gml:timePosition>2021-06-03</gml:timePosition>
</devDate>
<orgGILvl>KJ14</orgGILvl>
<vis>表示</vis>
<pos>
<gml:Point gml:id="K1_503013_39-g" srsName="fguuid:jgd2011.bl">
<gml:pos>33.476748611 130.421981917</gml:pos>
</gml:Point>
</pos>
<orgName>国土地理院</orgName>
<type>三角点</type>
<gcpClass>四等三角点</gcpClass>
<gcpCode>TR45030137301</gcpCode>
<name>長谷</name>
<B>120516.295</B>
<L>469519.1349</L>
<alti>173.43</alti>
<altiAcc>2</altiAcc>
</GCP>
<GCP gml:id="K1_503013_40">
<fid>10-00100-0-2105-200475</fid>
<lfSpanFr gml:id="K1_503013_40-1">
<gml:timePosition>2021-05-19</gml:timePosition>
</lfSpanFr>
<devDate gml:id="K1_503013_40-2">
<gml:timePosition>2021-06-03</gml:timePosition>
</devDate>
<orgGILvl>KJ14</orgGILvl>
<vis>表示</vis>
<pos>
<gml:Point gml:id="K1_503013_40-g" srsName="fguuid:jgd2011.bl">
<gml:pos>33.479767778 130.439906167</gml:pos>
</gml:Point>
</pos>
<orgName>国土地理院</orgName>
<type>三角点</type>
<gcpClass>四等三角点</gcpClass>
<gcpCode>TR45030137501</gcpCode>
<name>江ノ木谷</name>
<B>120527.164</B>
<L>469583.6622</L>
<alti>280.12</alti>
<altiAcc>2</altiAcc>
</GCP>
<GCP gml:id="K1_503013_41">
<fid>10-00100-0-2105-200476</fid>
<lfSpanFr gml:id="K1_503013_41-1">
<gml:timePosition>2021-05-19</gml:timePosition>
</lfSpanFr>
<devDate gml:id="K1_503013_41-2">
<gml:timePosition>2021-06-03</gml:timePosition>
</devDate>
<orgGILvl>KJ14</orgGILvl>
<vis>表示</vis>
<pos>
<gml:Point gml:id="K1_503013_41-g" srsName="fguuid:jgd2011.bl">
<gml:pos>33.477392306 130.456129139</gml:pos>
</gml:Point>
</pos>
<orgName>国土地理院</orgName>
<type>三角点</type>
<gcpClass>四等三角点</gcpClass>
<gcpCode>TR45030137601</gcpCode>
<name>上石坂</name>
<B>120518.6123</B>
<L>469642.0649</L>
<alti>362.86</alti>
<altiAcc>2</altiAcc>
</GCP>
<GCP gml:id="K1_503013_42">
<fid>10-00100-0-2105-200477</fid>
<lfSpanFr gml:id="K1_503013_42-1">
<gml:timePosition>2021-05-19</gml:timePosition>
</lfSpanFr>
<devDate gml:id="K1_503013_42-2">
<gml:timePosition>2021-06-03</gml:timePosition>
</devDate>
<orgGILvl>KJ14</orgGILvl>
<vis>表示</vis>
<pos>
<gml:Point gml:id="K1_503013_42-g" srsName="fguuid:jgd2011.bl">
<gml:pos>33.481609778 130.464269250</gml:pos>
</gml:Point>
</pos>
<orgName>国土地理院</orgName>
<type>三角点</type>
<gcpClass>四等三角点</gcpClass>
<gcpCode>TR45030137701</gcpCode>
<name>石坂</name>
<B>120533.7952</B>
<L>469671.3693</L>
<alti>344.74</alti>
<altiAcc>2</altiAcc>
</GCP>
<GCP gml:id="K1_503013_43">
<fid>10-00100-0-2105-200478</fid>
<lfSpanFr gml:id="K1_503013_43-1">
<gml:timePosition>2021-05-19</gml:timePosition>
</lfSpanFr>
<devDate gml:id="K1_503013_43-2">
<gml:timePosition>2021-06-03</gml:timePosition>
</devDate>
<orgGILvl>KJ14</orgGILvl>
<vis>表示</vis>
<pos>
<gml:Point gml:id="K1_503013_43-g" srsName="fguuid:jgd2011.bl">
<gml:pos>33.488559500 130.429434222</gml:pos>
</gml:Point>
</pos>
<orgName>国土地理院</orgName>
<type>三角点</type>
<gcpClass>四等三角点</gcpClass>
<gcpCode>TR45030138401</gcpCode>
<name>城ノ越</name>
<B>120558.8142</B>
<L>469545.9632</L>
<alti>195.24</alti>
<altiAcc>2</altiAcc>
</GCP>
<GCP gml:id="K1_503013_44">
<fid>10-00100-0-2105-200479</fid>
<lfSpanFr gml:id="K1_503013_44-1">
<gml:timePosition>2021-05-19</gml:timePosition>
</lfSpanFr>
<devDate gml:id="K1_503013_44-2">
<gml:timePosition>2021-06-03</gml:timePosition>
</devDate>
<orgGILvl>KJ14</orgGILvl>
<vis>表示</vis>
<pos>
<gml:Point gml:id="K1_503013_44-g" srsName="fguuid:jgd2011.bl">
<gml:pos>33.485037833 130.486484056</gml:pos>
</gml:Point>
</pos>
<orgName>国土地理院</orgName>
<type>三角点</type>
<gcpClass>四等三角点</gcpClass>
<gcpCode>TR45030138801</gcpCode>
<name>野口</name>
<B>120546.1362</B>
<L>469751.3426</L>
<alti>195.32</alti>
<altiAcc>2</altiAcc>
</GCP>
<GCP gml:id="K1_503013_45">
<fid>10-00100-0-2105-200480</fid>
<lfSpanFr gml:id="K1_503013_45-1">
<gml:timePosition>2021-05-19</gml:timePosition>
</lfSpanFr>
<devDate gml:id="K1_503013_45-2">
<gml:timePosition>2021-06-03</gml:timePosition>
</devDate>
<orgGILvl>KJ14</orgGILvl>
<vis>表示</vis>
<pos>
<gml:Point gml:id="K1_503013_45-g" srsName="fguuid:jgd2011.bl">
<gml:pos>33.489321861 130.494219278</gml:pos>
</gml:Point>
</pos>
<orgName>国土地理院</orgName>
<type>三角点</type>
<gcpClass>四等三角点</gcpClass>
<gcpCode>TR45030138901</gcpCode>
<name>佐ノ浦</name>
<B>120561.5587</B>
<L>469779.1894</L>
<alti>190.05</alti>
<altiAcc>2</altiAcc>
</GCP>
<GCP gml:id="K1_503013_46">
<fid>10-00100-0-2105-200481</fid>
<lfSpanFr gml:id="K1_503013_46-1">
<gml:timePosition>2021-05-19</gml:timePosition>
</lfSpanFr>
<devDate gml:id="K1_503013_46-2">
<gml:timePosition>2021-06-03</gml:timePosition>
</devDate>
<orgGILvl>KJ14</orgGILvl>
<vis>表示</vis>
<pos>
<gml:Point gml:id="K1_503013_46-g" srsName="fguuid:jgd2011.bl">
<gml:pos>33.497205250 130.417226667</gml:pos>
</gml:Point>
</pos>
<orgName>国土地理院</orgName>
<type>三角点</type>
<gcpClass>四等三角点</gcpClass>
<gcpCode>TR45030139301</gcpCode>
<name>鳥越</name>
<B>120589.9389</B>
<L>469502.016</L>
<alti>86.76</alti>
<altiAcc>2</altiAcc>
</GCP>
<GCP gml:id="K1_503013_47">
<fid>10-00100-0-2105-200482</fid>
<lfSpanFr gml:id="K1_503013_47-1">
<gml:timePosition>2021-05-19</gml:timePosition>
</lfSpanFr>
<devDate gml:id="K1_503013_47-2">
<gml:timePosition>2021-06-03</gml:timePosition>
</devDate>
<orgGILvl>KJ14</orgGILvl>
<vis>表示</vis>
<pos>
<gml:Point gml:id="K1_503013_47-g" srsName="fguuid:jgd2011.bl">
<gml:pos>33.499779361 130.466434917</gml:pos>
</gml:Point>
</pos>
<orgName>国土地理院</orgName>
<type>三角点</type>
<gcpClass>四等三角点</gcpClass>
<gcpCode>TR45030139701</gcpCode>
<name>下ノ原</name>
<B>120599.2057</B>
<L>469679.1657</L>
<alti>73.58</alti>
<altiAcc>2</altiAcc>
</GCP>
<GCP gml:id="K1_503013_48">
<fid>10-00100-0-2105-200483</fid>
<lfSpanFr gml:id="K1_503013_48-1">
<gml:timePosition>2021-05-19</gml:timePosition>
</lfSpanFr>
<devDate gml:id="K1_503013_48-2">
<gml:timePosition>2021-06-03</gml:timePosition>
</devDate>
<orgGILvl>KJ14</orgGILvl>
<vis>表示</vis>
<pos>
<gml:Point gml:id="K1_503013_48-g" srsName="fguuid:jgd2011.bl">
<gml:pos>33.497695944 130.471206389</gml:pos>
</gml:Point>
</pos>
<orgName>国土地理院</orgName>
<type>三角点</type>
<gcpClass>四等三角点</gcpClass>
<gcpCode>TR45030139702</gcpCode>
<name>城ノ下</name>
<B>120591.7054</B>
<L>469696.343</L>
<alti>93.29</alti>
<altiAcc>2</altiAcc>
</GCP>
</Dataset>
