<?xml version="1.0" encoding="utf-8"?>
<Dataset xsi:schemaLocation="http://fgd.gsi.go.jp/spec/2008/FGD_GMLSchema FGD_GMLSchema.xsd"
	xmlns:gml="http://www.opengis.net/gml/3.2"
	xmlns:xsi="http://www.w3.org/2001/XMLSchema-instance"
	xmlns:xlink="http://www.w3.org/1999/xlink"
	xmlns="http://fgd.gsi.go.jp/spec/2008/FGD_GMLSchema"
	gml:id="Dataset1">
  <gml:description>基盤地図情報メタデータ ID=fmdid:21-0701</gml:description>
  <gml:name>基盤地図情報ダウンロードデータ（GML版）</gml:name>
<RailCL gml:id="K21_4695912030_1">
<fid>46959-12030-s-909</fid>
<lfSpanFr gml:id="K21_4695912030_1-1">
<gml:timePosition>2021-04-02</gml:timePosition>
</lfSpanFr>
<devDate gml:id="K21_4695912030_1-2">
<gml:timePosition>2021-06-03</gml:timePosition>
</devDate>
<orgGILvl>25000</orgGILvl>
<vis>非表示</vis>
<loc>
<gml:Curve gml:id="K21_4695912030_1-g" srsName="fguuid:jgd2011.bl">
<gml:segments>
<gml:LineStringSegment>
<gml:posList>
33.424454581 130.450000000
33.425000000 130.449712316
</gml:posList>
</gml:LineStringSegment>
</gml:segments>
</gml:Curve>
</loc>
<type>トンネル内の鉄道</type>
</RailCL>
<RailCL gml:id="K21_4695912030_2">
<fid>46959-12030-s-918</fid>
<lfSpanFr gml:id="K21_4695912030_2-1">
<gml:timePosition>2021-04-02</gml:timePosition>
</lfSpanFr>
<devDate gml:id="K21_4695912030_2-2">
<gml:timePosition>2021-06-03</gml:timePosition>
</devDate>
<orgGILvl>25000</orgGILvl>
<vis>非表示</vis>
<loc>
<gml:Curve gml:id="K21_4695912030_2-g" srsName="fguuid:jgd2011.bl">
<gml:segments>
<gml:LineStringSegment>
<gml:posList>
33.424353557 130.450000000
33.424363670 130.449994413
33.425000000 130.449660093
</gml:posList>
</gml:LineStringSegment>
</gml:segments>
</gml:Curve>
</loc>
<type>トンネル内の鉄道</type>
</RailCL>
<RailCL gml:id="K21_4695912033_1">
<fid>46959-12033-s-886</fid>
<lfSpanFr gml:id="K21_4695912033_1-1">
<gml:timePosition>2021-04-02</gml:timePosition>
</lfSpanFr>
<devDate gml:id="K21_4695912033_1-2">
<gml:timePosition>2021-06-03</gml:timePosition>
</devDate>
<orgGILvl>25000</orgGILvl>
<vis>非表示</vis>
<loc>
<gml:Curve gml:id="K21_4695912033_1-g" srsName="fguuid:jgd2011.bl">
<gml:segments>
<gml:LineStringSegment>
<gml:posList>
33.425000000 130.449660093
33.425015676 130.449651857
33.426146559 130.449083349
33.426809453 130.448777145
33.427727356 130.448356924
33.428716471 130.447941635
33.429434025 130.447651006
33.430203408 130.447352322
33.431143306 130.447009738
33.432100843 130.446685325
33.432865218 130.446443775
33.433333333 130.446296699
</gml:posList>
</gml:LineStringSegment>
</gml:segments>
</gml:Curve>
</loc>
<type>トンネル内の鉄道</type>
</RailCL>
<RailCL gml:id="K21_4695912033_2">
<fid>46959-12033-s-887</fid>
<lfSpanFr gml:id="K21_4695912033_2-1">
<gml:timePosition>2021-04-02</gml:timePosition>
</lfSpanFr>
<devDate gml:id="K21_4695912033_2-2">
<gml:timePosition>2021-06-03</gml:timePosition>
</devDate>
<orgGILvl>25000</orgGILvl>
<vis>非表示</vis>
<loc>
<gml:Curve gml:id="K21_4695912033_2-g" srsName="fguuid:jgd2011.bl">
<gml:segments>
<gml:LineStringSegment>
<gml:posList>
33.425000000 130.449712316
33.425030920 130.449696008
33.426174869 130.449122306
33.426822519 130.448816102
33.427770911 130.448390688
33.428746959 130.447977995
33.429457980 130.447689964
33.430233896 130.447393878
33.431182505 130.447051294
33.432122620 130.446724285
33.432886994 130.446480137
33.433333333 130.446344369
</gml:posList>
</gml:LineStringSegment>
</gml:segments>
</gml:Curve>
</loc>
<type>トンネル内の鉄道</type>
</RailCL>
<RailCL gml:id="K21_4695912036_1">
<fid>46959-12036-s-637</fid>
<lfSpanFr gml:id="K21_4695912036_1-1">
<gml:timePosition>2021-04-02</gml:timePosition>
</lfSpanFr>
<devDate gml:id="K21_4695912036_1-2">
<gml:timePosition>2021-06-03</gml:timePosition>
</devDate>
<orgGILvl>25000</orgGILvl>
<vis>非表示</vis>
<loc>
<gml:Curve gml:id="K21_4695912036_1-g" srsName="fguuid:jgd2011.bl">
<gml:segments>
<gml:LineStringSegment>
<gml:posList>
33.433333333 130.446296699
33.433384382 130.446280659
33.433974976 130.446114427
33.434702982 130.445909231
33.435492618 130.445712080
33.436651809 130.445439346
33.437704729 130.445226605
33.438653336 130.445049963
33.439706038 130.444881377
33.440455820 130.444774871
33.441666667 130.444631112
</gml:posList>
</gml:LineStringSegment>
</gml:segments>
</gml:Curve>
</loc>
<type>トンネル内の鉄道</type>
</RailCL>
<RailCL gml:id="K21_4695912036_2">
<fid>46959-12036-s-638</fid>
<lfSpanFr gml:id="K21_4695912036_2-1">
<gml:timePosition>2021-04-02</gml:timePosition>
</lfSpanFr>
<devDate gml:id="K21_4695912036_2-2">
<gml:timePosition>2021-06-03</gml:timePosition>
</devDate>
<orgGILvl>25000</orgGILvl>
<vis>非表示</vis>
<loc>
<gml:Curve gml:id="K21_4695912036_2-g" srsName="fguuid:jgd2011.bl">
<gml:segments>
<gml:LineStringSegment>
<gml:posList>
33.433333333 130.446344369
33.433406159 130.446322217
33.433988042 130.446155985
33.434740003 130.445953386
33.435527461 130.445756236
33.436695363 130.445478307
33.437709084 130.445268164
33.438681646 130.445088925
33.439725637 130.444925535
33.440468887 130.444819030
33.441666667 130.444677804
</gml:posList>
</gml:LineStringSegment>
</gml:segments>
</gml:Curve>
</loc>
<type>トンネル内の鉄道</type>
</RailCL>
<RailCL gml:id="K21_4695912039_1">
<fid>46959-12039-s-549</fid>
<lfSpanFr gml:id="K21_4695912039_1-1">
<gml:timePosition>2021-04-02</gml:timePosition>
</lfSpanFr>
<devDate gml:id="K21_4695912039_1-2">
<gml:timePosition>2021-06-03</gml:timePosition>
</devDate>
<orgGILvl>25000</orgGILvl>
<vis>非表示</vis>
<loc>
<gml:Curve gml:id="K21_4695912039_1-g" srsName="fguuid:jgd2011.bl">
<gml:segments>
<gml:LineStringSegment>
<gml:posList>
33.441666667 130.444631112
33.441744584 130.444621861
33.442873505 130.444520283
33.443845413 130.444450400
33.444440578 130.444421819
33.445329951 130.444388039
33.446215186 130.444375038
33.447292277 130.444369828
33.448400073 130.444375005
33.449990664 130.444390582
33.450000000 130.444390722
</gml:posList>
</gml:LineStringSegment>
</gml:segments>
</gml:Curve>
</loc>
<type>トンネル内の鉄道</type>
</RailCL>
<RailCL gml:id="K21_4695912039_2">
<fid>46959-12039-s-550</fid>
<lfSpanFr gml:id="K21_4695912039_2-1">
<gml:timePosition>2021-04-02</gml:timePosition>
</lfSpanFr>
<devDate gml:id="K21_4695912039_2-2">
<gml:timePosition>2021-06-03</gml:timePosition>
</devDate>
<orgGILvl>25000</orgGILvl>
<vis>非表示</vis>
<loc>
<gml:Curve gml:id="K21_4695912039_2-g" srsName="fguuid:jgd2011.bl">
<gml:segments>
<gml:LineStringSegment>
<gml:posList>
33.441666667 130.444677804
33.441744584 130.444668618
33.442882216 130.444564443
33.443854124 130.444499755
33.444436223 130.444468577
33.445358261 130.444429602
33.446215186 130.444421797
33.447307521 130.444416587
33.448371762 130.444421766
33.449988486 130.444439941
33.450000000 130.444440114
</gml:posList>
</gml:LineStringSegment>
</gml:segments>
</gml:Curve>
</loc>
<type>トンネル内の鉄道</type>
</RailCL>
<RailCL gml:id="K21_4695912042_1">
<fid>46959-12042-s-568</fid>
<lfSpanFr gml:id="K21_4695912042_1-1">
<gml:timePosition>2021-04-02</gml:timePosition>
</lfSpanFr>
<devDate gml:id="K21_4695912042_1-2">
<gml:timePosition>2021-06-03</gml:timePosition>
</devDate>
<orgGILvl>25000</orgGILvl>
<vis>非表示</vis>
<loc>
<gml:Curve gml:id="K21_4695912042_1-g" srsName="fguuid:jgd2011.bl">
<gml:segments>
<gml:LineStringSegment>
<gml:posList>
33.450000000 130.444440114
33.450849984 130.444452916
33.452667926 130.444468484
33.454804247 130.444494441
33.457036386 130.444522996
33.458333333 130.444548875
</gml:posList>
</gml:LineStringSegment>
</gml:segments>
</gml:Curve>
</loc>
<type>トンネル内の鉄道</type>
</RailCL>
<RailCL gml:id="K21_4695912042_2">
<fid>46959-12042-s-575</fid>
<lfSpanFr gml:id="K21_4695912042_2-1">
<gml:timePosition>2021-04-02</gml:timePosition>
</lfSpanFr>
<devDate gml:id="K21_4695912042_2-2">
<gml:timePosition>2021-06-03</gml:timePosition>
</devDate>
<orgGILvl>25000</orgGILvl>
<vis>非表示</vis>
<loc>
<gml:Curve gml:id="K21_4695912042_2-g" srsName="fguuid:jgd2011.bl">
<gml:segments>
<gml:LineStringSegment>
<gml:posList>
33.450000000 130.444390722
33.450856517 130.444403556
33.452661393 130.444424320
33.454802069 130.444447677
33.457029853 130.444473634
33.458318178 130.444507395
33.458333333 130.444508038
</gml:posList>
</gml:LineStringSegment>
</gml:segments>
</gml:Curve>
</loc>
<type>トンネル内の鉄道</type>
</RailCL>
<RailCL gml:id="K21_4695912045_1">
<fid>46959-12045-s-877</fid>
<lfSpanFr gml:id="K21_4695912045_1-1">
<gml:timePosition>2021-04-02</gml:timePosition>
</lfSpanFr>
<devDate gml:id="K21_4695912045_1-2">
<gml:timePosition>2021-06-03</gml:timePosition>
</devDate>
<orgGILvl>25000</orgGILvl>
<vis>非表示</vis>
<loc>
<gml:Curve gml:id="K21_4695912045_1-g" srsName="fguuid:jgd2011.bl">
<gml:segments>
<gml:LineStringSegment>
<gml:posList>
33.458333333 130.444508038
33.459358245 130.444551549
33.459922486 130.444585323
33.460478670 130.444618828
33.461110637 130.444670786
33.461703623 130.444727938
33.462159414 130.444777558
33.462512419 130.444816529
33.463066206 130.444888751
33.463511109 130.444948501
33.463896561 130.445005662
33.464395906 130.445086201
33.465198168 130.445221302
33.465841241 130.445340817
33.466666667 130.445501361
</gml:posList>
</gml:LineStringSegment>
</gml:segments>
</gml:Curve>
</loc>
<type>トンネル内の鉄道</type>
</RailCL>
<RailCL gml:id="K21_4695912045_2">
<fid>46959-12045-s-880</fid>
<lfSpanFr gml:id="K21_4695912045_2-1">
<gml:timePosition>2021-04-02</gml:timePosition>
</lfSpanFr>
<devDate gml:id="K21_4695912045_2-2">
<gml:timePosition>2021-06-03</gml:timePosition>
</devDate>
<orgGILvl>25000</orgGILvl>
<vis>非表示</vis>
<loc>
<gml:Curve gml:id="K21_4695912045_2-g" srsName="fguuid:jgd2011.bl">
<gml:segments>
<gml:LineStringSegment>
<gml:posList>
33.458333333 130.444548875
33.458337777 130.444548964
33.459382200 130.444603511
33.459966040 130.444632089
33.460483025 130.444673389
33.461108459 130.444717553
33.461716689 130.444777303
33.462152881 130.444821727
33.462512419 130.444865895
33.463057496 130.444938117
33.463498043 130.444997868
33.463890028 130.445049832
33.464393728 130.445135567
33.465193813 130.445268071
33.465847774 130.445392783
33.466666667 130.445548278
</gml:posList>
</gml:LineStringSegment>
</gml:segments>
</gml:Curve>
</loc>
<type>トンネル内の鉄道</type>
</RailCL>
<RailCL gml:id="K21_4695912048_1">
<fid>46959-12048-s-627</fid>
<lfSpanFr gml:id="K21_4695912048_1-1">
<gml:timePosition>2021-04-02</gml:timePosition>
</lfSpanFr>
<devDate gml:id="K21_4695912048_1-2">
<gml:timePosition>2021-06-03</gml:timePosition>
</devDate>
<orgGILvl>25000</orgGILvl>
<vis>非表示</vis>
<loc>
<gml:Curve gml:id="K21_4695912048_1-g" srsName="fguuid:jgd2011.bl">
<gml:segments>
<gml:LineStringSegment>
<gml:posList>
33.466666667 130.445501361
33.467464333 130.445666111
33.471398417 130.446553000
33.473910861 130.447113472
33.474994732 130.447342280
33.475000000 130.447343283
</gml:posList>
</gml:LineStringSegment>
</gml:segments>
</gml:Curve>
</loc>
<type>トンネル内の鉄道</type>
</RailCL>
<RailCL gml:id="K21_4695912048_2">
<fid>46959-12048-s-628</fid>
<lfSpanFr gml:id="K21_4695912048_2-1">
<gml:timePosition>2021-04-02</gml:timePosition>
</lfSpanFr>
<devDate gml:id="K21_4695912048_2-2">
<gml:timePosition>2021-06-03</gml:timePosition>
</devDate>
<orgGILvl>25000</orgGILvl>
<vis>非表示</vis>
<loc>
<gml:Curve gml:id="K21_4695912048_2-g" srsName="fguuid:jgd2011.bl">
<gml:segments>
<gml:LineStringSegment>
<gml:posList>
33.466666667 130.445548278
33.467457667 130.445711639
33.471391500 130.446598472
33.473904222 130.447159000
33.474999087 130.447389054
33.475000000 130.447389223
</gml:posList>
</gml:LineStringSegment>
</gml:segments>
</gml:Curve>
</loc>
<type>トンネル内の鉄道</type>
</RailCL>
<RailCL gml:id="K21_4695912051_1">
<fid>46959-12051-s-1244</fid>
<lfSpanFr gml:id="K21_4695912051_1-1">
<gml:timePosition>2021-04-02</gml:timePosition>
</lfSpanFr>
<devDate gml:id="K21_4695912051_1-2">
<gml:timePosition>2021-06-03</gml:timePosition>
</devDate>
<orgGILvl>25000</orgGILvl>
<vis>非表示</vis>
<loc>
<gml:Curve gml:id="K21_4695912051_1-g" srsName="fguuid:jgd2011.bl">
<gml:segments>
<gml:LineStringSegment>
<gml:posList>
33.475000000 130.447343283
33.475731662 130.447482595
33.476490151 130.447599526
33.477351210 130.447719056
33.478072896 130.447794412
33.478533825 130.447827234
33.479092778 130.447869937
</gml:posList>
</gml:LineStringSegment>
</gml:segments>
</gml:Curve>
</loc>
<type>トンネル内の鉄道</type>
</RailCL>
<RailCL gml:id="K21_4695912051_2">
<fid>46959-12051-s-1245</fid>
<lfSpanFr gml:id="K21_4695912051_2-1">
<gml:timePosition>2021-04-02</gml:timePosition>
</lfSpanFr>
<devDate gml:id="K21_4695912051_2-2">
<gml:timePosition>2021-06-03</gml:timePosition>
</devDate>
<orgGILvl>25000</orgGILvl>
<vis>非表示</vis>
<loc>
<gml:Curve gml:id="K21_4695912051_2-g" srsName="fguuid:jgd2011.bl">
<gml:segments>
<gml:LineStringSegment>
<gml:posList>
33.479809808 130.447967369
33.480402319 130.447977993
33.481132594 130.447980587
33.481725263 130.447975388
33.482196219 130.447957195
33.482680021 130.447933807
33.483333333 130.447892809
</gml:posList>
</gml:LineStringSegment>
</gml:segments>
</gml:Curve>
</loc>
<type>トンネル内の鉄道</type>
</RailCL>
<RailCL gml:id="K21_4695912051_3">
<fid>46959-12051-s-1246</fid>
<lfSpanFr gml:id="K21_4695912051_3-1">
<gml:timePosition>2021-04-02</gml:timePosition>
</lfSpanFr>
<devDate gml:id="K21_4695912051_3-2">
<gml:timePosition>2021-06-03</gml:timePosition>
</devDate>
<orgGILvl>25000</orgGILvl>
<vis>非表示</vis>
<loc>
<gml:Curve gml:id="K21_4695912051_3-g" srsName="fguuid:jgd2011.bl">
<gml:segments>
<gml:LineStringSegment>
<gml:posList>
33.475000000 130.447389223
33.475742551 130.447526771
33.476433531 130.447638505
33.476518461 130.447654097
33.477231437 130.447747641
33.477464449 130.447776226
33.478077251 130.447843786
33.478536695 130.447876973
33.479087879 130.447924499
</gml:posList>
</gml:LineStringSegment>
</gml:segments>
</gml:Curve>
</loc>
<type>トンネル内の鉄道</type>
</RailCL>
<RailCL gml:id="K21_4695912051_4">
<fid>46959-12051-s-1247</fid>
<lfSpanFr gml:id="K21_4695912051_4-1">
<gml:timePosition>2021-04-02</gml:timePosition>
</lfSpanFr>
<devDate gml:id="K21_4695912051_4-2">
<gml:timePosition>2021-06-03</gml:timePosition>
</devDate>
<orgGILvl>25000</orgGILvl>
<vis>非表示</vis>
<loc>
<gml:Curve gml:id="K21_4695912051_4-g" srsName="fguuid:jgd2011.bl">
<gml:segments>
<gml:LineStringSegment>
<gml:posList>
33.479811114 130.447912420
33.480400141 130.447931224
33.481132594 130.447928620
33.481723086 130.447926019
33.482196219 130.447910425
33.482677844 130.447889635
33.483331695 130.447842860
33.483333333 130.447842739
</gml:posList>
</gml:LineStringSegment>
</gml:segments>
</gml:Curve>
</loc>
<type>トンネル内の鉄道</type>
</RailCL>
<RailCL gml:id="K21_4695912051_5">
<fid>46959-12051-s-1293</fid>
<lfSpanFr gml:id="K21_4695912051_5-1">
<gml:timePosition>2021-04-02</gml:timePosition>
</lfSpanFr>
<devDate gml:id="K21_4695912051_5-2">
<gml:timePosition>2021-06-03</gml:timePosition>
</devDate>
<orgGILvl>2500</orgGILvl>
<vis>表示</vis>
<loc>
<gml:Curve gml:id="K21_4695912051_5-g" srsName="fguuid:jgd2011.bl">
<gml:segments>
<gml:LineStringSegment>
<gml:posList>
33.479811114 130.447912420
33.479734170 130.447907869
</gml:posList>
</gml:LineStringSegment>
</gml:segments>
</gml:Curve>
</loc>
<type>普通鉄道</type>
</RailCL>
<RailCL gml:id="K21_4695912051_6">
<fid>46959-12051-s-1294</fid>
<lfSpanFr gml:id="K21_4695912051_6-1">
<gml:timePosition>2021-04-02</gml:timePosition>
</lfSpanFr>
<devDate gml:id="K21_4695912051_6-2">
<gml:timePosition>2021-06-03</gml:timePosition>
</devDate>
<orgGILvl>2500</orgGILvl>
<vis>表示</vis>
<loc>
<gml:Curve gml:id="K21_4695912051_6-g" srsName="fguuid:jgd2011.bl">
<gml:segments>
<gml:LineStringSegment>
<gml:posList>
33.479809808 130.447967369
33.479737659 130.447963084
</gml:posList>
</gml:LineStringSegment>
</gml:segments>
</gml:Curve>
</loc>
<type>普通鉄道</type>
</RailCL>
<RailCL gml:id="K21_4695912051_7">
<fid>46959-12051-s-1295</fid>
<lfSpanFr gml:id="K21_4695912051_7-1">
<gml:timePosition>2021-04-02</gml:timePosition>
</lfSpanFr>
<devDate gml:id="K21_4695912051_7-2">
<gml:timePosition>2021-06-03</gml:timePosition>
</devDate>
<orgGILvl>2500</orgGILvl>
<vis>表示</vis>
<loc>
<gml:Curve gml:id="K21_4695912051_7-g" srsName="fguuid:jgd2011.bl">
<gml:segments>
<gml:LineStringSegment>
<gml:posList>
33.479737659 130.447963084
33.479398713 130.447942957
</gml:posList>
</gml:LineStringSegment>
</gml:segments>
</gml:Curve>
</loc>
<type>普通鉄道</type>
</RailCL>
<RailCL gml:id="K21_4695912051_8">
<fid>46959-12051-s-1296</fid>
<lfSpanFr gml:id="K21_4695912051_8-1">
<gml:timePosition>2021-04-02</gml:timePosition>
</lfSpanFr>
<devDate gml:id="K21_4695912051_8-2">
<gml:timePosition>2021-06-03</gml:timePosition>
</devDate>
<orgGILvl>2500</orgGILvl>
<vis>表示</vis>
<loc>
<gml:Curve gml:id="K21_4695912051_8-g" srsName="fguuid:jgd2011.bl">
<gml:segments>
<gml:LineStringSegment>
<gml:posList>
33.479398713 130.447942957
33.479087879 130.447924499
</gml:posList>
</gml:LineStringSegment>
</gml:segments>
</gml:Curve>
</loc>
<type>普通鉄道</type>
</RailCL>
<RailCL gml:id="K21_4695912051_9">
<fid>46959-12051-s-1297</fid>
<lfSpanFr gml:id="K21_4695912051_9-1">
<gml:timePosition>2021-04-02</gml:timePosition>
</lfSpanFr>
<devDate gml:id="K21_4695912051_9-2">
<gml:timePosition>2021-06-03</gml:timePosition>
</devDate>
<orgGILvl>2500</orgGILvl>
<vis>表示</vis>
<loc>
<gml:Curve gml:id="K21_4695912051_9-g" srsName="fguuid:jgd2011.bl">
<gml:segments>
<gml:LineStringSegment>
<gml:posList>
33.479395771 130.447887856
33.479092778 130.447869937
</gml:posList>
</gml:LineStringSegment>
</gml:segments>
</gml:Curve>
</loc>
<type>普通鉄道</type>
</RailCL>
<RailCL gml:id="K21_4695912051_10">
<fid>46959-12051-s-1298</fid>
<lfSpanFr gml:id="K21_4695912051_10-1">
<gml:timePosition>2021-04-02</gml:timePosition>
</lfSpanFr>
<devDate gml:id="K21_4695912051_10-2">
<gml:timePosition>2021-06-03</gml:timePosition>
</devDate>
<orgGILvl>2500</orgGILvl>
<vis>表示</vis>
<loc>
<gml:Curve gml:id="K21_4695912051_10-g" srsName="fguuid:jgd2011.bl">
<gml:segments>
<gml:LineStringSegment>
<gml:posList>
33.479734170 130.447907869
33.479395771 130.447887856
</gml:posList>
</gml:LineStringSegment>
</gml:segments>
</gml:Curve>
</loc>
<type>普通鉄道</type>
</RailCL>
<RailCL gml:id="K21_4695912054_1">
<fid>46959-12054-s-1371</fid>
<lfSpanFr gml:id="K21_4695912054_1-1">
<gml:timePosition>2021-02-26</gml:timePosition>
</lfSpanFr>
<devDate gml:id="K21_4695912054_1-2">
<gml:timePosition>2021-06-03</gml:timePosition>
</devDate>
<orgGILvl>2500</orgGILvl>
<vis>表示</vis>
<loc>
<gml:Curve gml:id="K21_4695912054_1-g" srsName="fguuid:jgd2011.bl">
<gml:segments>
<gml:LineStringSegment>
<gml:posList>
33.491666667 130.445979417
33.491354947 130.446092712
33.491022661 130.446209226
33.490689436 130.446321977
33.489649854 130.446670102
</gml:posList>
</gml:LineStringSegment>
</gml:segments>
</gml:Curve>
</loc>
<type>普通鉄道</type>
</RailCL>
<RailCL gml:id="K21_4695912054_2">
<fid>46959-12054-s-1372</fid>
<lfSpanFr gml:id="K21_4695912054_2-1">
<gml:timePosition>2021-02-26</gml:timePosition>
</lfSpanFr>
<devDate gml:id="K21_4695912054_2-2">
<gml:timePosition>2021-06-03</gml:timePosition>
</devDate>
<orgGILvl>2500</orgGILvl>
<vis>表示</vis>
<loc>
<gml:Curve gml:id="K21_4695912054_2-g" srsName="fguuid:jgd2011.bl">
<gml:segments>
<gml:LineStringSegment>
<gml:posList>
33.491666667 130.446021028
33.491364503 130.446130853
33.491031952 130.446247515
33.490698360 130.446360247
33.489656387 130.446709085
</gml:posList>
</gml:LineStringSegment>
</gml:segments>
</gml:Curve>
</loc>
<type>普通鉄道</type>
</RailCL>
<RailCL gml:id="K21_4695912054_3">
<fid>46959-12054-s-1373</fid>
<lfSpanFr gml:id="K21_4695912054_3-1">
<gml:timePosition>2021-02-26</gml:timePosition>
</lfSpanFr>
<devDate gml:id="K21_4695912054_3-2">
<gml:timePosition>2021-06-03</gml:timePosition>
</devDate>
<orgGILvl>2500</orgGILvl>
<vis>表示</vis>
<loc>
<gml:Curve gml:id="K21_4695912054_3-g" srsName="fguuid:jgd2011.bl">
<gml:segments>
<gml:LineStringSegment>
<gml:posList>
33.489649854 130.446670102
33.489289845 130.446773363
</gml:posList>
</gml:LineStringSegment>
</gml:segments>
</gml:Curve>
</loc>
<type>普通鉄道</type>
</RailCL>
<RailCL gml:id="K21_4695912054_4">
<fid>46959-12054-s-1374</fid>
<lfSpanFr gml:id="K21_4695912054_4-1">
<gml:timePosition>2021-02-26</gml:timePosition>
</lfSpanFr>
<devDate gml:id="K21_4695912054_4-2">
<gml:timePosition>2021-06-03</gml:timePosition>
</devDate>
<orgGILvl>2500</orgGILvl>
<vis>表示</vis>
<loc>
<gml:Curve gml:id="K21_4695912054_4-g" srsName="fguuid:jgd2011.bl">
<gml:segments>
<gml:LineStringSegment>
<gml:posList>
33.489656387 130.446709085
33.489295652 130.446823607
</gml:posList>
</gml:LineStringSegment>
</gml:segments>
</gml:Curve>
</loc>
<type>普通鉄道</type>
</RailCL>
<RailCL gml:id="K21_4695912054_5">
<fid>46959-12054-s-1393</fid>
<lfSpanFr gml:id="K21_4695912054_5-1">
<gml:timePosition>2021-02-26</gml:timePosition>
</lfSpanFr>
<devDate gml:id="K21_4695912054_5-2">
<gml:timePosition>2021-06-03</gml:timePosition>
</devDate>
<orgGILvl>25000</orgGILvl>
<vis>非表示</vis>
<loc>
<gml:Curve gml:id="K21_4695912054_5-g" srsName="fguuid:jgd2011.bl">
<gml:segments>
<gml:LineStringSegment>
<gml:posList>
33.483333333 130.447842739
33.483754532 130.447811676
33.484369191 130.447744112
33.484914944 130.447673972
33.485448861 130.447600944
33.485826278 130.447548556
33.486346591 130.447455297
33.487015767 130.447327951
33.487469362 130.447234389
33.488337947 130.447030082
33.489289845 130.446773363
</gml:posList>
</gml:LineStringSegment>
</gml:segments>
</gml:Curve>
</loc>
<type>トンネル内の鉄道</type>
</RailCL>
<RailCL gml:id="K21_4695912054_6">
<fid>46959-12054-s-1394</fid>
<lfSpanFr gml:id="K21_4695912054_6-1">
<gml:timePosition>2021-02-26</gml:timePosition>
</lfSpanFr>
<devDate gml:id="K21_4695912054_6-2">
<gml:timePosition>2021-06-03</gml:timePosition>
</devDate>
<orgGILvl>25000</orgGILvl>
<vis>非表示</vis>
<loc>
<gml:Curve gml:id="K21_4695912054_6-g" srsName="fguuid:jgd2011.bl">
<gml:segments>
<gml:LineStringSegment>
<gml:posList>
33.483333333 130.447892809
33.483342581 130.447892229
33.483780660 130.447853250
33.484386610 130.447790883
33.484918778 130.447720000
33.485453167 130.447646944
33.485682056 130.447615167
33.485830917 130.447594500
33.486350946 130.447507273
33.487020123 130.447377329
33.487467184 130.447281169
33.488349331 130.447075858
33.489295652 130.446823607
</gml:posList>
</gml:LineStringSegment>
</gml:segments>
</gml:Curve>
</loc>
<type>トンネル内の鉄道</type>
</RailCL>
<RailCL gml:id="K21_4695912057_1">
<fid>46959-12057-s-1220</fid>
<lfSpanFr gml:id="K21_4695912057_1-1">
<gml:timePosition>2021-02-26</gml:timePosition>
</lfSpanFr>
<devDate gml:id="K21_4695912057_1-2">
<gml:timePosition>2021-06-03</gml:timePosition>
</devDate>
<orgGILvl>2500</orgGILvl>
<vis>非表示</vis>
<loc>
<gml:Curve gml:id="K21_4695912057_1-g" srsName="fguuid:jgd2011.bl">
<gml:segments>
<gml:LineStringSegment>
<gml:posList>
33.500000000 130.442191778
33.499374000 130.442487250
33.498399528 130.442938806
</gml:posList>
</gml:LineStringSegment>
</gml:segments>
</gml:Curve>
</loc>
<type>トンネル内の鉄道</type>
</RailCL>
<RailCL gml:id="K21_4695912057_2">
<fid>46959-12057-s-1221</fid>
<lfSpanFr gml:id="K21_4695912057_2-1">
<gml:timePosition>2021-02-26</gml:timePosition>
</lfSpanFr>
<devDate gml:id="K21_4695912057_2-2">
<gml:timePosition>2021-06-03</gml:timePosition>
</devDate>
<orgGILvl>2500</orgGILvl>
<vis>非表示</vis>
<loc>
<gml:Curve gml:id="K21_4695912057_2-g" srsName="fguuid:jgd2011.bl">
<gml:segments>
<gml:LineStringSegment>
<gml:posList>
33.500000000 130.442241472
33.499388056 130.442530306
33.498411861 130.442975861
</gml:posList>
</gml:LineStringSegment>
</gml:segments>
</gml:Curve>
</loc>
<type>トンネル内の鉄道</type>
</RailCL>
<RailCL gml:id="K21_4695912057_3">
<fid>46959-12057-s-1222</fid>
<lfSpanFr gml:id="K21_4695912057_3-1">
<gml:timePosition>2021-02-26</gml:timePosition>
</lfSpanFr>
<devDate gml:id="K21_4695912057_3-2">
<gml:timePosition>2021-06-03</gml:timePosition>
</devDate>
<orgGILvl>2500</orgGILvl>
<vis>表示</vis>
<loc>
<gml:Curve gml:id="K21_4695912057_3-g" srsName="fguuid:jgd2011.bl">
<gml:segments>
<gml:LineStringSegment>
<gml:posList>
33.498399528 130.442938806
33.498388889 130.442943944
33.498380528 130.442947861
33.498372167 130.442951889
33.498363806 130.442955833
33.498355444 130.442959861
33.498347056 130.442963889
33.498338694 130.442967833
33.498330333 130.442971861
33.498321972 130.442975889
33.498313583 130.442979833
33.498305222 130.442983861
33.498296861 130.442987889
33.498288500 130.442991833
33.498280111 130.442995861
33.498271750 130.442999889
33.498263389 130.443003833
33.498255028 130.443007861
33.498246639 130.443011889
</gml:posList>
</gml:LineStringSegment>
</gml:segments>
</gml:Curve>
</loc>
<type>普通鉄道</type>
</RailCL>
<RailCL gml:id="K21_4695912057_4">
<fid>46959-12057-s-1223</fid>
<lfSpanFr gml:id="K21_4695912057_4-1">
<gml:timePosition>2021-02-26</gml:timePosition>
</lfSpanFr>
<devDate gml:id="K21_4695912057_4-2">
<gml:timePosition>2021-06-03</gml:timePosition>
</devDate>
<orgGILvl>2500</orgGILvl>
<vis>表示</vis>
<loc>
<gml:Curve gml:id="K21_4695912057_4-g" srsName="fguuid:jgd2011.bl">
<gml:segments>
<gml:LineStringSegment>
<gml:posList>
33.498411861 130.442975861
33.498401333 130.442980889
33.498392972 130.442984806
33.498384583 130.442988833
33.498376222 130.442992889
33.498367861 130.442996806
33.498359500 130.443000833
33.498351139 130.443004889
33.498342750 130.443008806
33.498334389 130.443012833
33.498326028 130.443016889
33.498317667 130.443020806
33.498309278 130.443024833
33.498300833 130.443028889
33.498292472 130.443032806
33.498284083 130.443036833
33.498275722 130.443040889
33.498267361 130.443044806
33.498259000 130.443048833
</gml:posList>
</gml:LineStringSegment>
</gml:segments>
</gml:Curve>
</loc>
<type>普通鉄道</type>
</RailCL>
<RailCL gml:id="K21_4695912057_5">
<fid>46959-12057-s-1249</fid>
<lfSpanFr gml:id="K21_4695912057_5-1">
<gml:timePosition>2021-02-26</gml:timePosition>
</lfSpanFr>
<devDate gml:id="K21_4695912057_5-2">
<gml:timePosition>2021-06-03</gml:timePosition>
</devDate>
<orgGILvl>2500</orgGILvl>
<vis>表示</vis>
<loc>
<gml:Curve gml:id="K21_4695912057_5-g" srsName="fguuid:jgd2011.bl">
<gml:segments>
<gml:LineStringSegment>
<gml:posList>
33.498246639 130.443011889
33.498238278 130.443015833
33.498229917 130.443019861
33.498221556 130.443023889
33.498213194 130.443027833
33.498204806 130.443031861
33.498196444 130.443035889
33.498188083 130.443039833
33.498179722 130.443043861
33.498171333 130.443047889
33.498162889 130.443051833
33.498154611 130.443055861
33.498146250 130.443059889
33.498137778 130.443063833
33.498129500 130.443067861
33.498121056 130.443071889
33.498112667 130.443075833
33.498104306 130.443079861
33.498095944 130.443083889
33.498087667 130.443087833
33.498079222 130.443091861
33.498070833 130.443095889
33.498062472 130.443099833
33.498054111 130.443103861
33.498045750 130.443107889
33.498037361 130.443111833
33.498029000 130.443115861
33.498020639 130.443119889
33.498012278 130.443123917
33.498003889 130.443127861
33.497995528 130.443131889
33.497987167 130.443135833
33.497978806 130.443139861
33.497970444 130.443143889
33.497962056 130.443147806
33.497953694 130.443151861
33.497945333 130.443155889
33.497936972 130.443159917
33.497928583 130.443163861
33.497920222 130.443167889
33.497911861 130.443171917
33.497903500 130.443175861
33.497895111 130.443179889
33.497886750 130.443183917
33.497878389 130.443187861
33.497870028 130.443191889
33.497861639 130.443195917
33.497853278 130.443199861
33.497844917 130.443203889
33.497836556 130.443207917
33.497828194 130.443211861
33.496912250 130.443649694
33.496903861 130.443653750
33.496895500 130.443657667
33.496887139 130.443661694
33.496878778 130.443665750
33.496870389 130.443669667
33.496862028 130.443673694
33.496853667 130.443677750
33.496845306 130.443681667
33.496836917 130.443685694
33.496828556 130.443689750
33.496820194 130.443693667
33.496811833 130.443697694
33.496803556 130.443701750
33.496795194 130.443705667
33.496786722 130.443709694
33.496778361 130.443713750
33.496770000 130.443717667
33.496761722 130.443721694
33.496753333 130.443725722
33.496744972 130.443729667
33.496736611 130.443733694
33.496728250 130.443737722
33.496719861 130.443741667
33.496711500 130.443745694
33.496703139 130.443749722
33.496694778 130.443753667
33.496686389 130.443757694
33.496678028 130.443761722
33.496669667 130.443765667
33.496661306 130.443769694
33.496652944 130.443773722
33.496644556 130.443777667
33.496636194 130.443781694
33.496627833 130.443785722
33.496619472 130.443789667
33.496611083 130.443793694
33.496602722 130.443797722
33.496594361 130.443801667
33.496586000 130.443805694
33.496577611 130.443809722
33.496569250 130.443813667
33.496560889 130.443817694
33.496552528 130.443821722
33.496544139 130.443825667
33.496535778 130.443829694
33.496527417 130.443833611
33.496519056 130.443837667
33.496510694 130.443841694
33.496502306 130.443845722
33.496493944 130.443849639
33.496485583 130.443853694
33.496477222 130.443857611
33.496468833 130.443861639
33.496460472 130.443865694
33.496452111 130.443869611
33.496443750 130.443873639
33.496435361 130.443877694
33.496427000 130.443881611
33.496418639 130.443885639
33.496410278 130.443889694
33.496401889 130.443893611
33.496393528 130.443897639
33.496385167 130.443901694
33.496376806 130.443905611
33.496368444 130.443909639
33.496360056 130.443913694
33.496351694 130.443917611
33.496343333 130.443921639
33.496334972 130.443925667
33.496326583 130.443929611
33.496318222 130.443933639
33.496309861 130.443937583
33.496301500 130.443941611
33.496293111 130.443945639
33.496284750 130.443949583
33.496276389 130.443953611
33.496268028 130.443957639
33.496259639 130.443961556
33.496251361 130.443965611
33.496242917 130.443969639
33.496234556 130.443973556
33.496226194 130.443977611
33.496217806 130.443981528
33.496209444 130.443985556
33.496201083 130.443989611
33.496192722 130.443993528
33.496184333 130.443997556
33.496175972 130.444001611
33.496167694 130.444005528
33.496159250 130.444009556
33.496150861 130.444013500
33.496142500 130.444017528
33.496134139 130.444021556
33.496125861 130.444025500
33.496117500 130.444029528
33.496109028 130.444033556
33.496100667 130.444037500
33.496092306 130.444041528
33.496083917 130.444045444
33.496075556 130.444049500
33.496067194 130.444053528
33.496058833 130.444057444
33.496050472 130.444061500
33.496042083 130.444065417
33.496033722 130.444069444
33.496025361 130.444073472
33.496017000 130.444077417
33.496008611 130.444081444
33.496000250 130.444085389
33.495991889 130.444089417
33.495983528 130.444093444
33.495975139 130.444097361
33.495966778 130.444101417
33.495958417 130.444105333
33.495950056 130.444109361
33.495941667 130.444113417
33.495933306 130.444117333
33.495924944 130.444121361
33.495916583 130.444125306
33.495908222 130.444129333
33.495899833 130.444133250
33.495891472 130.444137306
33.495883111 130.444141222
33.495874750 130.444145250
33.495866361 130.444149306
33.495858000 130.444153222
33.495849639 130.444157250
33.495841278 130.444161194
33.495832889 130.444165222
33.495824528 130.444169139
33.495816167 130.444173194
33.495807806 130.444177111
33.495799417 130.444181139
33.495791056 130.444185194
33.495782694 130.444189111
33.495774333 130.444193139
33.495765944 130.444197083
33.495757583 130.444201111
33.495749222 130.444205028
33.495740861 130.444209083
33.495732500 130.444213000
33.495724111 130.444217028
33.495715667 130.444220972
33.495707306 130.444225000
33.495699028 130.444228917
33.495690639 130.444232972
33.495682278 130.444236889
33.495673833 130.444240917
33.495665444 130.444244861
33.495657083 130.444248889
33.495648722 130.444252806
33.495640361 130.444256750
33.495631972 130.444260778
33.495623611 130.444264806
33.495615250 130.444268750
33.495606889 130.444272667
33.495598500 130.444276722
33.495590139 130.444280639
33.495581778 130.444284667
33.495573417 130.444288611
33.495565028 130.444292639
33.495556667 130.444296556
33.495548306 130.444300611
33.495539944 130.444304528
33.495531472 130.444308444
33.495523111 130.444312500
33.495514750 130.444316417
33.495506389 130.444320444
33.495498000 130.444324389
33.495489639 130.444328306
33.495481278 130.444332333
33.495472917 130.444336278
33.495464528 130.444340306
33.495456167 130.444344222
33.495447806 130.444348167
33.495439444 130.444352194
33.495430972 130.444356139
33.495422611 130.444360056
33.495414333 130.444364083
33.495405861 130.444368028
33.495397500 130.444372056
33.495389139 130.444375972
33.495380778 130.444379917
33.495372389 130.444383944
33.495364028 130.444387861
33.495355667 130.444391806
33.495347306 130.444395833
33.495338833 130.444399750
33.495330472 130.444403694
33.495322111 130.444407611
33.495313722 130.444411667
33.495305361 130.444415583
33.495297000 130.444419500
33.495288639 130.444423556
33.495280278 130.444427472
33.495271806 130.444431389
33.495263444 130.444435333
33.495255083 130.444439361
33.495246694 130.444443278
33.495238333 130.444447222
33.495229972 130.444451139
33.495221611 130.444455194
33.495213139 130.444459111
33.495204778 130.444463028
33.495196417 130.444466972
33.495188028 130.444471000
33.495179667 130.444474917
33.495171306 130.444478861
33.495162944 130.444482778
33.495154472 130.444486722
33.495146111 130.444490750
33.495137750 130.444494667
33.495129361 130.444498611
33.495121000 130.444502528
33.495112639 130.444506472
33.495104167 130.444510389
33.495095806 130.444514306
33.495087444 130.444518361
33.495079083 130.444522278
33.495070694 130.444526194
33.495062333 130.444530139
33.495053889 130.444534056
33.495045500 130.444538000
33.495037139 130.444541917
33.495028778 130.444545833
33.495020417 130.444549778
33.495011944 130.444553694
33.495003583 130.444557750
33.494995222 130.444561667
33.494986833 130.444565583
33.494978472 130.444569528
33.494970028 130.444573444
33.494961639 130.444577389
33.494953278 130.444581306
33.494944917 130.444585222
33.494936444 130.444589167
33.494928083 130.444593083
33.494919722 130.444597028
33.494911361 130.444600944
33.494902972 130.444604861
33.494894528 130.444608806
33.494886167 130.444612722
33.494877778 130.444616556
33.494869333 130.444620472
33.494860972 130.444624389
33.494852583 130.444628333
33.494844222 130.444632250
33.494835778 130.444636194
33.494827417 130.444640111
33.494819028 130.444644028
33.494810667 130.444647972
33.494802194 130.444651778
33.494793833 130.444655722
33.494785472 130.444659639
33.494777028 130.444663583
33.494768639 130.444667500
33.494760278 130.444671417
33.494751806 130.444675250
33.494743444 130.444679167
33.494735083 130.444683111
33.494726722 130.444687028
33.494718250 130.444690861
33.494709889 130.444694778
33.494701417 130.444698722
33.494693056 130.444702639
33.494684694 130.444706444
33.494676333 130.444710389
33.494667861 130.444714306
33.494659500 130.444718250
33.494651139 130.444722056
33.494642667 130.444726000
33.494634306 130.444729917
33.494625944 130.444733750
33.494617472 130.444737667
33.494609111 130.444741583
33.494600639 130.444745417
33.494592278 130.444749333
33.494583917 130.444753167
33.494575444 130.444757083
33.494567083 130.444761028
33.494558639 130.444764833
33.494550250 130.444768778
33.494541889 130.444772583
33.494533444 130.444776500
33.494525056 130.444780333
33.494516611 130.444784250
33.494508250 130.444788083
33.494499861 130.444792000
33.494491417 130.444795833
33.494483056 130.444799750
33.494474583 130.444803583
33.494466222 130.444807500
33.494457750 130.444811333
33.494449389 130.444815250
33.494441028 130.444819083
33.494432556 130.444822889
33.494424194 130.444826833
33.494415750 130.444830639
33.494407361 130.444834583
33.494398917 130.444838389
33.494390556 130.444842222
33.494382083 130.444846139
33.494373722 130.444849972
33.494365250 130.444853778
33.494356889 130.444857722
33.494348444 130.444861528
33.494340056 130.444865361
33.494331611 130.444869167
33.494323250 130.444873111
33.494314778 130.444876917
33.494306417 130.444880750
33.494297944 130.444884556
33.494289583 130.444888500
33.494281111 130.444892306
33.494272750 130.444896139
33.494264306 130.444899944
33.494255917 130.444903778
33.494247472 130.444907583
33.494239000 130.444911417
33.494230639 130.444915333
33.494222194 130.444919167
33.494213806 130.444922972
33.494205361 130.444926806
33.494196889 130.444930611
33.494188528 130.444934444
33.494180083 130.444938250
33.494171694 130.444942083
33.494163250 130.444945889
33.494154778 130.444949722
33.494146417 130.444953528
33.494137944 130.444957361
33.494129500 130.444961194
33.494121139 130.444965000
33.494112667 130.444968833
33.494104306 130.444972528
33.494095833 130.444976361
33.494087389 130.444980167
33.494079028 130.444984000
33.494070556 130.444987806
33.494062111 130.444991639
33.494053722 130.444995361
33.494045278 130.444999167
33.494036806 130.445003000
33.494028361 130.445006806
33.494020000 130.445010639
33.494011528 130.445014333
33.494003056 130.445018167
33.493994694 130.445021972
33.493986250 130.445025806
33.493977778 130.445029528
33.493969417 130.445033333
33.493960944 130.445037167
33.493952500 130.445040861
33.493944028 130.445044694
33.493935667 130.445048417
33.493927222 130.445052222
33.493918750 130.445056056
33.493910306 130.445059750
33.493901833 130.445063583
33.493893472 130.445067306
33.493885000 130.445071111
33.493876556 130.445074833
33.493868083 130.445078639
33.493859639 130.445082361
33.493851250 130.445086167
33.493842806 130.445089889
33.493834333 130.445093722
33.493825889 130.445097417
33.493817417 130.445101139
33.493808972 130.445104972
33.493800500 130.445108667
33.493792139 130.445112389
33.493783667 130.445116194
33.493775222 130.445119917
33.493766750 130.445123639
33.493758306 130.445127444
33.493749833 130.445131167
33.493741389 130.445134889
33.493732917 130.445138583
33.493724472 130.445142306
33.493716000 130.445146111
33.493707639 130.445149833
33.493699167 130.445153556
33.493690722 130.445157250
33.493682250 130.445160972
33.493673806 130.445164694
33.493665333 130.445168389
33.493656889 130.445172222
33.493648417 130.445175944
33.493639972 130.445179639
33.493631500 130.445183361
33.493623056 130.445187083
33.493614583 130.445190778
33.493606139 130.445194500
33.493597667 130.445198222
33.493589222 130.445201917
33.493580750 130.445205528
33.493572278 130.445209250
33.493563833 130.445212944
33.493555361 130.445216667
33.493546833 130.445220389
33.493538444 130.445224083
33.493530000 130.445227694
33.493521444 130.445231417
33.493512972 130.445235139
33.493504528 130.445238833
33.493496056 130.445242556
33.493487611 130.445246167
33.493479139 130.445249861
33.493470694 130.445253583
33.493462222 130.445257194
33.493453694 130.445260917
33.493445222 130.445264611
33.493436750 130.445268222
33.493428306 130.445271944
33.493419833 130.445275528
33.493411389 130.445279250
33.493402917 130.445282861
33.493394361 130.445286583
33.493385917 130.445290167
33.493377444 130.445293889
33.493369000 130.445297500
33.493360528 130.445301194
33.493352000 130.445304806
33.493343528 130.445308528
33.493335056 130.445312139
33.493326611 130.445315750
33.493318056 130.445319444
33.493309611 130.445323056
33.493301139 130.445326667
33.493292694 130.445330361
33.493284139 130.445333972
33.493275667 130.445337583
33.493267222 130.445341194
33.493258667 130.445344917
33.493250194 130.445348500
33.493241750 130.445352111
33.493233194 130.445355722
33.493224722 130.445359333
33.493216278 130.445362944
33.493207806 130.445366528
33.493199278 130.445370250
33.493190806 130.445373861
33.493182250 130.445377472
33.493173806 130.445381056
33.493165333 130.445384667
33.493156778 130.445388278
33.493148333 130.445391889
33.493139778 130.445395389
33.493131306 130.445399000
33.493122861 130.445402583
33.493114306 130.445406194
33.493105861 130.445409806
33.493097306 130.445413417
33.493088833 130.445417028
33.493080278 130.445420500
33.493071833 130.445424111
33.493063278 130.445427722
33.493054833 130.445431333
33.493046278 130.445434833
33.493037806 130.445438444
33.493029250 130.445442028
33.493020806 130.445445528
33.493012250 130.445449139
33.493003778 130.445452750
33.492995250 130.445456250
33.492986694 130.445459861
33.492978222 130.445463361
33.492969667 130.445466944
33.492961222 130.445470444
33.492952667 130.445474056
33.492944222 130.445477556
33.492935667 130.445481167
33.492927194 130.445484667
33.492918639 130.445488278
33.492910111 130.445491750
33.492901639 130.445495250
33.492893083 130.445498861
33.492884528 130.445502361
33.492876083 130.445505861
33.492867528 130.445509472
33.492858972 130.445512972
33.492850528 130.445516472
33.492841972 130.445519972
33.492833417 130.445523472
33.492824861 130.445527056
33.492816417 130.445530556
33.492807861 130.445534056
33.492799306 130.445537556
33.492790750 130.445541056
33.492782306 130.445544556
33.492773750 130.445548056
33.492765194 130.445551556
33.492756639 130.445555056
33.492748194 130.445558556
33.492739639 130.445562056
33.492731083 130.445565556
33.492722528 130.445569056
33.492714083 130.445572528
33.492705528 130.445575944
33.492696972 130.445579417
33.492688417 130.445582917
33.492679861 130.445586417
33.492671333 130.445589917
33.492662861 130.445593306
33.492654306 130.445596806
33.492645667 130.445600306
33.492637222 130.445603806
33.492628667 130.445607194
33.492620111 130.445610694
33.492611556 130.445614083
33.492603000 130.445617583
33.492594472 130.445621083
33.492585917 130.445624472
33.492577361 130.445627972
33.492568806 130.445631361
33.492560250 130.445634861
33.492551694 130.445638250
33.492543167 130.445641750
33.492534611 130.445645139
33.492526056 130.445648528
33.492517500 130.445652028
33.492508944 130.445655417
33.492500417 130.445658806
33.492491861 130.445662306
33.492483306 130.445665694
33.492474750 130.445669083
33.492466194 130.445672583
33.492457639 130.445675972
33.492449056 130.445679361
33.492440556 130.445682750
33.492432000 130.445686139
33.492423361 130.445689556
33.492414806 130.445693028
33.492406250 130.445696444
33.492397694 130.445699833
33.492389167 130.445703222
33.492380611 130.445706611
33.492371972 130.445710000
33.492363417 130.445713389
33.492354861 130.445716667
33.492346306 130.445720056
33.492337750 130.445723444
33.492329111 130.445726833
33.492320556 130.445730222
33.492312028 130.445733611
33.492303472 130.445737000
33.492294833 130.445740306
33.492286278 130.445743694
33.492277722 130.445747083
33.492269167 130.445750472
33.492260528 130.445753750
33.492251972 130.445757139
33.492243417 130.445760528
33.492234778 130.445763806
33.492226250 130.445767194
33.492217694 130.445770500
33.492209056 130.445773889
33.492200500 130.445777167
33.492191944 130.445780556
33.492183306 130.445783944
33.492174750 130.445787222
33.492166111 130.445790500
33.492157556 130.445793889
33.492149000 130.445797194
33.492140361 130.445800472
33.492131806 130.445803861
33.492123167 130.445807139
33.492114611 130.445810417
33.492106083 130.445813806
33.492097417 130.445817111
33.492088889 130.445820389
33.492080250 130.445823667
33.492071583 130.445826944
33.492063056 130.445830333
33.492054500 130.445833611
33.492045861 130.445836917
33.492037306 130.445840194
33.492028667 130.445843472
33.492020028 130.445846750
33.492011472 130.445850028
33.492002833 130.445853333
33.491994278 130.445856611
33.491985639 130.445859889
33.491977083 130.445863167
33.491968444 130.445866444
33.491959806 130.445869750
33.491951250 130.445873028
33.491942611 130.445876306
33.491933972 130.445879472
33.491851500 130.445910667
33.491768861 130.445941556
33.491686222 130.445972222
33.491666667 130.445979417
</gml:posList>
</gml:LineStringSegment>
</gml:segments>
</gml:Curve>
</loc>
<type>普通鉄道</type>
</RailCL>
<RailCL gml:id="K21_4695912057_6">
<fid>46959-12057-s-1250</fid>
<lfSpanFr gml:id="K21_4695912057_6-1">
<gml:timePosition>2021-02-26</gml:timePosition>
</lfSpanFr>
<devDate gml:id="K21_4695912057_6-2">
<gml:timePosition>2021-06-03</gml:timePosition>
</devDate>
<orgGILvl>2500</orgGILvl>
<vis>表示</vis>
<loc>
<gml:Curve gml:id="K21_4695912057_6-g" srsName="fguuid:jgd2011.bl">
<gml:segments>
<gml:LineStringSegment>
<gml:posList>
33.498259000 130.443048833
33.498250722 130.443052889
33.498242250 130.443056806
33.498233889 130.443060833
33.498225528 130.443064889
33.498217167 130.443068806
33.498208778 130.443072833
33.498200417 130.443076889
33.498192056 130.443080806
33.498183694 130.443084833
33.498175306 130.443088889
33.498166944 130.443092806
33.498158583 130.443096833
33.498150222 130.443100861
33.498141833 130.443104806
33.498133472 130.443108833
33.498125111 130.443112861
33.498116750 130.443116806
33.498108361 130.443120833
33.498100000 130.443124861
33.498091639 130.443128806
33.498083278 130.443132833
33.498074917 130.443136861
33.498066528 130.443140806
33.498058167 130.443144833
33.498049806 130.443148861
33.498041444 130.443152806
33.498033056 130.443156833
33.498024694 130.443160861
33.498016333 130.443164806
33.498007972 130.443168833
33.497999583 130.443172861
33.497991222 130.443176806
33.497982861 130.443180833
33.497974500 130.443184861
33.497966111 130.443188806
33.497957750 130.443192833
33.497949389 130.443196861
33.497941028 130.443200806
33.497932667 130.443204833
33.497924278 130.443208861
33.497915917 130.443212806
33.497907556 130.443216833
33.497899194 130.443220861
33.497890806 130.443224806
33.497882444 130.443228833
33.497874083 130.443232861
33.497865722 130.443236889
33.497857333 130.443240833
33.497848972 130.443244861
33.497840528 130.443248889
33.496924667 130.443686639
33.496916306 130.443690694
33.496907944 130.443694722
33.496899556 130.443698639
33.496891194 130.443702694
33.496882833 130.443706722
33.496874472 130.443710639
33.496866083 130.443714694
33.496857722 130.443718722
33.496849361 130.443722639
33.496841000 130.443726694
33.496832611 130.443730722
33.496824250 130.443734639
33.496815889 130.443738667
33.496807528 130.443742722
33.496799167 130.443746639
33.496790778 130.443750667
33.496782417 130.443754722
33.496774056 130.443758639
33.496765694 130.443762667
33.496757306 130.443766611
33.496748944 130.443770639
33.496740583 130.443774667
33.496732222 130.443778611
33.496723833 130.443782639
33.496715472 130.443786667
33.496707111 130.443790722
33.496698750 130.443794639
33.496690361 130.443798667
33.496682000 130.443802722
33.496673639 130.443806639
33.496665278 130.443810667
33.496657000 130.443814611
33.496648528 130.443818639
33.496640167 130.443822667
33.496631889 130.443826611
33.496623528 130.443830639
33.496615056 130.443834667
33.496606778 130.443838611
33.496598417 130.443842639
33.496590056 130.443846667
33.496581694 130.443850611
33.496573306 130.443854639
33.496564944 130.443858667
33.496556583 130.443862583
33.496548222 130.443866639
33.496539833 130.443870667
33.496531472 130.443874583
33.496523111 130.443878639
33.496514750 130.443882667
33.496506389 130.443886583
33.496498000 130.443890639
33.496489639 130.443894667
33.496481278 130.443898583
33.496472917 130.443902639
33.496464528 130.443906667
33.496456167 130.443910583
33.496447806 130.443914639
33.496439444 130.443918667
33.496431056 130.443922583
33.496422694 130.443926639
33.496414333 130.443930667
33.496405972 130.443934583
33.496397583 130.443938611
33.496389222 130.443942556
33.496380861 130.443946583
33.496372500 130.443950611
33.496364111 130.443954556
33.496355750 130.443958583
33.496347389 130.443962611
33.496339028 130.443966556
33.496330667 130.443970583
33.496322278 130.443974611
33.496313917 130.443978556
33.496305556 130.443982583
33.496297194 130.443986611
33.496288806 130.443990556
33.496280444 130.443994583
33.496272083 130.443998500
33.496263722 130.444002556
33.496255333 130.444006583
33.496246972 130.444010500
33.496238611 130.444014556
33.496230250 130.444018583
33.496221861 130.444022500
33.496213500 130.444026556
33.496205139 130.444030583
33.496196778 130.444034500
33.496188417 130.444038556
33.496180028 130.444042472
33.496171667 130.444046500
33.496163306 130.444050528
33.496154944 130.444054472
33.496146556 130.444058500
33.496138194 130.444062444
33.496129833 130.444066472
33.496121472 130.444070500
33.496113083 130.444074444
33.496104722 130.444078472
33.496096361 130.444082500
33.496088000 130.444086417
33.496079611 130.444090472
33.496071250 130.444094389
33.496062889 130.444098417
33.496054528 130.444102472
33.496046167 130.444106389
33.496037778 130.444110417
33.496029417 130.444114472
33.496021056 130.444118389
33.496012694 130.444122417
33.496004306 130.444126361
33.495995944 130.444130389
33.495987583 130.444134306
33.495979222 130.444138361
33.495970833 130.444142389
33.495962472 130.444146306
33.495954111 130.444150361
33.495945750 130.444154278
33.495937361 130.444158306
33.495929000 130.444162250
33.495920639 130.444166278
33.495912167 130.444170306
33.495903889 130.444174250
33.495895528 130.444178278
33.495887083 130.444182194
33.495878806 130.444186250
33.495870444 130.444190167
33.495861972 130.444194194
33.495853694 130.444198250
33.495845250 130.444202167
33.495836861 130.444206194
33.495828500 130.444210139
33.495820139 130.444214167
33.495811778 130.444218083
33.495803389 130.444222139
33.495795028 130.444226056
33.495786667 130.444230083
33.495778306 130.444234028
33.495769917 130.444238056
33.495761556 130.444241972
33.495753194 130.444246028
33.495744833 130.444249944
33.495736444 130.444253972
33.495728083 130.444258028
33.495719722 130.444261944
33.495711361 130.444265972
33.495702972 130.444269917
33.495694611 130.444273833
33.495686167 130.444277861
33.495677889 130.444281917
33.495669417 130.444285833
33.495661056 130.444289861
33.495652694 130.444293806
33.495644333 130.444297833
33.495635944 130.444301750
33.495627583 130.444305694
33.495619222 130.444309722
33.495610861 130.444313639
33.495602472 130.444317694
33.495594111 130.444321611
33.495585750 130.444325639
33.495577389 130.444329583
33.495568917 130.444333611
33.495560556 130.444337528
33.495552194 130.444341583
33.495543806 130.444345500
33.495535444 130.444349444
33.495527083 130.444353472
33.495518722 130.444357389
33.495510333 130.444361444
33.495501972 130.444365361
33.495493611 130.444369278
33.495485167 130.444373333
33.495476889 130.444377250
33.495468500 130.444381278
33.495460056 130.444385222
33.495451694 130.444389139
33.495443306 130.444393167
33.495434944 130.444397111
33.495426583 130.444401139
33.495418222 130.444405056
33.495409833 130.444409000
33.495401472 130.444413028
33.495393111 130.444416944
33.495384639 130.444420889
33.495376278 130.444424917
33.495367917 130.444428861
33.495359556 130.444432778
33.495351167 130.444436806
33.495342806 130.444440750
33.495334444 130.444444667
33.495325972 130.444448694
33.495317611 130.444452639
33.495309250 130.444456556
33.495300889 130.444460500
33.495292500 130.444464528
33.495284139 130.444468444
33.495275778 130.444472389
33.495267306 130.444476417
33.495258944 130.444480333
33.495250583 130.444484278
33.495242222 130.444488194
33.495233861 130.444492111
33.495225472 130.444496167
33.495217028 130.444500083
33.495208667 130.444504028
33.495200278 130.444507944
33.495191917 130.444511972
33.495183556 130.444515917
33.495175194 130.444519833
33.495166722 130.444523750
33.495158361 130.444527694
33.495150000 130.444531722
33.495141611 130.444535667
33.495133250 130.444539583
33.495124889 130.444543500
33.495116417 130.444547444
33.495108056 130.444551361
33.495099694 130.444555306
33.495091333 130.444559333
33.495082861 130.444563250
33.495074500 130.444567194
33.495066139 130.444571111
33.495057750 130.444575028
33.495049389 130.444578972
33.495040944 130.444582889
33.495032556 130.444586833
33.495024194 130.444590750
33.495015833 130.444594778
33.495007361 130.444598722
33.494999000 130.444602639
33.494990639 130.444606583
33.494982278 130.444610500
33.494973806 130.444614417
33.494965444 130.444618361
33.494957083 130.444622278
33.494948694 130.444626222
33.494940250 130.444630139
33.494931889 130.444634056
33.494923500 130.444638000
33.494915139 130.444641917
33.494906694 130.444645861
33.494898306 130.444649778
33.494889944 130.444653694
33.494881500 130.444657639
33.494873111 130.444661556
33.494864750 130.444665500
33.494856389 130.444669306
33.494847917 130.444673250
33.494839556 130.444677167
33.494831194 130.444681083
33.494822722 130.444685028
33.494814361 130.444688944
33.494806000 130.444692889
33.494797528 130.444696806
33.494789167 130.444700611
33.494780806 130.444704556
33.494772333 130.444708472
33.494763972 130.444712417
33.494755611 130.444716333
33.494747139 130.444720167
33.494738778 130.444724083
33.494730417 130.444728000
33.494721944 130.444731944
33.494713583 130.444735861
33.494705222 130.444739694
33.494696750 130.444743611
33.494688389 130.444747556
33.494679944 130.444751361
33.494671556 130.444755306
33.494663194 130.444759222
33.494654750 130.444763139
33.494646361 130.444766972
33.494638000 130.444770889
33.494629556 130.444774833
33.494621167 130.444778639
33.494612722 130.444782583
33.494604361 130.444786500
33.494595972 130.444790333
33.494587528 130.444794250
33.494579056 130.444798056
33.494570694 130.444802000
33.494562333 130.444805806
33.494553861 130.444809750
33.494545500 130.444813667
33.494537139 130.444817500
33.494528667 130.444821417
33.494520306 130.444825250
33.494511861 130.444829167
33.494503472 130.444833000
33.494495028 130.444836917
33.494486667 130.444840750
33.494478194 130.444844667
33.494469833 130.444848472
33.494461361 130.444852417
33.494453000 130.444856222
33.494444556 130.444860056
33.494436167 130.444863972
33.494427722 130.444867806
33.494419361 130.444871722
33.494410889 130.444875556
33.494402528 130.444879361
33.494394056 130.444883306
33.494385694 130.444887111
33.494377250 130.444890944
33.494368861 130.444894861
33.494360417 130.444898694
33.494351944 130.444902500
33.494343583 130.444906444
33.494335111 130.444910250
33.494326750 130.444914083
33.494318306 130.444917889
33.494309917 130.444921833
33.494301472 130.444925639
33.494293000 130.444929472
33.494284639 130.444933278
33.494276194 130.444937111
33.494267806 130.444940917
33.494259361 130.444944861
33.494250889 130.444948667
33.494242528 130.444952500
33.494234083 130.444956306
33.494225694 130.444960139
33.494217250 130.444963944
33.494208778 130.444967778
33.494200417 130.444971611
33.494191972 130.444975417
33.494183500 130.444979250
33.494175139 130.444983056
33.494166667 130.444986889
33.494158222 130.444990694
33.494149833 130.444994528
33.494141389 130.444998333
33.494132917 130.445002167
33.494124556 130.445005972
33.494116111 130.445009806
33.494107639 130.445013611
33.494099194 130.445017444
33.494090806 130.445021278
33.494082361 130.445025083
33.494073889 130.445028917
33.494065528 130.445032611
33.494057083 130.445036444
33.494048611 130.445040250
33.494040167 130.445044083
33.494031694 130.445047889
33.494023333 130.445051611
33.494014861 130.445055444
33.494006417 130.445059250
33.493997944 130.445063083
33.493989583 130.445066778
33.493981111 130.445070611
33.493972667 130.445074417
33.493964194 130.445078139
33.493955750 130.445081972
33.493947389 130.445085778
33.493938917 130.445089500
33.493930472 130.445093306
33.493922000 130.445097028
33.493913528 130.445100861
33.493905167 130.445104556
33.493896722 130.445108389
33.493888250 130.445112083
33.493879806 130.445115917
33.493871333 130.445119639
33.493862889 130.445123444
33.493854417 130.445127167
33.493845972 130.445130972
33.493837500 130.445134694
33.493829056 130.445138528
33.493820667 130.445142222
33.493812222 130.445145944
33.493803750 130.445149750
33.493795306 130.445153472
33.493786833 130.445157306
33.493778389 130.445161000
33.493769917 130.445164722
33.493761472 130.445168444
33.493753000 130.445172250
33.493744556 130.445175972
33.493736083 130.445179667
33.493727611 130.445183389
33.493719167 130.445187222
33.493710694 130.445190917
33.493702250 130.445194639
33.493693778 130.445198361
33.493685333 130.445202056
33.493676861 130.445205778
33.493668417 130.445209500
33.493659944 130.445213194
33.493651500 130.445216917
33.493643028 130.445220750
33.493634583 130.445224333
33.493626111 130.445228167
33.493617667 130.445231889
33.493609194 130.445235472
33.493600750 130.445239194
33.493592194 130.445242917
33.493583722 130.445246611
33.493575278 130.445250333
33.493566806 130.445254056
33.493558361 130.445257750
33.493549889 130.445261472
33.493541444 130.445265194
33.493532972 130.445268778
33.493524417 130.445272500
33.493515972 130.445276222
33.493507500 130.445279944
33.493499056 130.445283639
33.493490583 130.445287250
33.493482028 130.445290972
33.493473583 130.445294667
33.493465111 130.445298278
33.493456667 130.445302000
33.493448194 130.445305694
33.493439750 130.445309306
33.493431194 130.445313028
33.493422722 130.445316639
33.493414278 130.445320333
33.493405806 130.445324056
33.493397278 130.445327667
33.493388806 130.445331389
33.493380333 130.445334972
33.493371806 130.445338583
33.493363333 130.445342306
33.493354889 130.445345917
33.493346333 130.445349611
33.493337861 130.445353222
33.493329417 130.445356944
33.493320944 130.445360556
33.493312389 130.445364139
33.493303944 130.445367750
33.493295389 130.445371472
33.493286917 130.445375083
33.493278472 130.445378667
33.493269917 130.445382389
33.493261472 130.445386000
33.493253000 130.445389611
33.493244444 130.445393194
33.493236000 130.445396806
33.493227528 130.445400528
33.493218972 130.445404139
33.493210528 130.445407750
33.493201972 130.445411333
33.493193528 130.445414944
33.493184972 130.445418556
33.493176500 130.445422167
33.493167944 130.445425778
33.493159500 130.445429361
33.493150944 130.445432972
33.493142500 130.445436583
33.493133944 130.445440194
33.493125472 130.445443806
33.493116917 130.445447278
33.493108472 130.445450889
33.493099917 130.445454500
33.493091444 130.445458111
33.493082917 130.445461722
33.493074444 130.445465222
33.493065889 130.445468806
33.493057361 130.445472417
33.493048889 130.445476028
33.493040333 130.445479528
33.493031889 130.445483139
33.493023333 130.445486750
33.493014778 130.445490333
33.493006306 130.445493833
33.492997778 130.445497444
33.492989222 130.445500944
33.492980750 130.445504556
33.492972194 130.445508056
33.492963750 130.445511667
33.492955194 130.445515139
33.492946639 130.445518750
33.492938111 130.445522250
33.492929639 130.445525861
33.492921083 130.445529361
33.492912528 130.445532861
33.492904083 130.445536472
33.492895528 130.445539972
33.492886972 130.445543472
33.492878417 130.445547056
33.492869972 130.445550556
33.492861417 130.445554056
33.492852861 130.445557556
33.492844306 130.445561167
33.492835778 130.445564667
33.492827306 130.445568167
33.492818750 130.445571667
33.492810194 130.445575167
33.492801667 130.445578667
33.492793111 130.445582167
33.492784556 130.445585750
33.492776083 130.445589250
33.492767556 130.445592750
33.492759000 130.445596250
33.492750444 130.445599750
33.492741889 130.445603139
33.492733333 130.445606639
33.492724806 130.445610139
33.492716250 130.445613639
33.492707778 130.445617139
33.492699222 130.445620639
33.492690694 130.445624139
33.492682139 130.445627639
33.492673583 130.445631028
33.492665028 130.445634528
33.492656472 130.445638028
33.492647917 130.445641417
33.492639389 130.445644917
33.492630833 130.445648417
33.492622278 130.445651806
33.492613722 130.445655306
33.492605167 130.445658778
33.492596639 130.445662167
33.492588083 130.445665667
33.492579528 130.445669056
33.492570972 130.445672556
33.492562417 130.445675944
33.492553861 130.445679444
33.492545222 130.445682861
33.492536694 130.445686333
33.492528139 130.445689750
33.492519583 130.445693139
33.492511028 130.445696611
33.492502472 130.445700028
33.492493917 130.445703417
33.492485278 130.445706917
33.492476750 130.445710306
33.492468194 130.445713694
33.492459639 130.445717083
33.492451083 130.445720583
33.492442528 130.445723972
33.492433889 130.445727361
33.492425333 130.445730750
33.492416806 130.445734139
33.492408250 130.445737528
33.492399694 130.445740917
33.492391056 130.445744306
33.492382500 130.445747694
33.492373944 130.445751083
33.492365389 130.445754472
33.492356750 130.445757861
33.492348194 130.445761250
33.492339667 130.445764667
33.492331028 130.445768056
33.492322472 130.445771444
33.492313917 130.445774833
33.492305278 130.445778222
33.492296722 130.445781500
33.492288167 130.445784889
33.492279528 130.445788278
33.492270972 130.445791667
33.492262333 130.445794944
33.492253778 130.445798333
33.492245222 130.445801639
33.492236583 130.445805028
33.492228056 130.445808417
33.492219389 130.445811694
33.492210861 130.445815083
33.492202222 130.445818361
33.492193667 130.445821750
33.492185111 130.445825056
33.492176472 130.445828444
33.492167917 130.445831722
33.492159278 130.445835111
33.492150639 130.445838389
33.492142083 130.445841667
33.492133528 130.445845056
33.492124889 130.445848361
33.492116250 130.445851639
33.492107694 130.445855028
33.492099056 130.445858306
33.492090500 130.445861583
33.492081861 130.445864861
33.492073306 130.445868250
33.492064667 130.445871556
33.492056028 130.445874833
33.492047472 130.445878111
33.492038833 130.445881389
33.492030194 130.445884667
33.492021639 130.445887972
33.492013000 130.445891250
33.492004444 130.445894528
33.491995806 130.445897806
33.491987167 130.445901083
33.491978528 130.445904389
33.491969972 130.445907667
33.491961333 130.445910944
33.491952694 130.445914222
33.491944139 130.445917417
33.491861500 130.445948611
33.491778778 130.445979583
33.491696056 130.446010250
33.491666667 130.446021028
</gml:posList>
</gml:LineStringSegment>
</gml:segments>
</gml:Curve>
</loc>
<type>普通鉄道</type>
</RailCL>
<RailCL gml:id="K21_4696212030_1">
<fid>46962-12030-s-903</fid>
<lfSpanFr gml:id="K21_4696212030_1-1">
<gml:timePosition>2021-04-02</gml:timePosition>
</lfSpanFr>
<devDate gml:id="K21_4696212030_1-2">
<gml:timePosition>2021-06-03</gml:timePosition>
</devDate>
<orgGILvl>25000</orgGILvl>
<vis>非表示</vis>
<loc>
<gml:Curve gml:id="K21_4696212030_1-g" srsName="fguuid:jgd2011.bl">
<gml:segments>
<gml:LineStringSegment>
<gml:posList>
33.416666667 130.455027704
33.417040906 130.454737756
33.417817042 130.454148788
33.418400668 130.453715111
33.418838667 130.453413167
33.419356028 130.453047000
33.420145889 130.452510500
33.421558129 130.451608210
33.422325335 130.451141269
33.423199250 130.450637705
33.424353557 130.450000000
</gml:posList>
</gml:LineStringSegment>
</gml:segments>
</gml:Curve>
</loc>
<type>トンネル内の鉄道</type>
</RailCL>
<RailCL gml:id="K21_4696212030_2">
<fid>46962-12030-s-912</fid>
<lfSpanFr gml:id="K21_4696212030_2-1">
<gml:timePosition>2021-04-02</gml:timePosition>
</lfSpanFr>
<devDate gml:id="K21_4696212030_2-2">
<gml:timePosition>2021-06-03</gml:timePosition>
</devDate>
<orgGILvl>25000</orgGILvl>
<vis>非表示</vis>
<loc>
<gml:Curve gml:id="K21_4696212030_2-g" srsName="fguuid:jgd2011.bl">
<gml:segments>
<gml:LineStringSegment>
<gml:posList>
33.416666667 130.455083134
33.417058328 130.454779306
33.417834028 130.454190079
33.418422445 130.453759258
33.418858500 130.453452722
33.419375250 130.453087000
33.420164639 130.452550806
33.421610394 130.451628986
33.422349290 130.451182822
33.423227560 130.450671466
33.424415935 130.450020384
33.424454581 130.450000000
</gml:posList>
</gml:LineStringSegment>
</gml:segments>
</gml:Curve>
</loc>
<type>トンネル内の鉄道</type>
</RailCL>
<RailCL gml:id="K21_4697112054_1">
<fid>46971-12054-s-5205</fid>
<lfSpanFr gml:id="K21_4697112054_1-1">
<gml:timePosition>2021-02-26</gml:timePosition>
</lfSpanFr>
<devDate gml:id="K21_4697112054_1-2">
<gml:timePosition>2021-06-03</gml:timePosition>
</devDate>
<orgGILvl>2500</orgGILvl>
<vis>表示</vis>
<loc>
<gml:Curve gml:id="K21_4697112054_1-g" srsName="fguuid:jgd2011.bl">
<gml:segments>
<gml:LineStringSegment>
<gml:posList>
33.485825306 130.475942167
33.485827194 130.475942917
</gml:posList>
</gml:LineStringSegment>
</gml:segments>
</gml:Curve>
</loc>
<type>索道</type>
</RailCL>
<RailCL gml:id="K21_4697112054_2">
<fid>46971-12054-s-5206</fid>
<lfSpanFr gml:id="K21_4697112054_2-1">
<gml:timePosition>2021-02-26</gml:timePosition>
</lfSpanFr>
<devDate gml:id="K21_4697112054_2-2">
<gml:timePosition>2021-06-03</gml:timePosition>
</devDate>
<orgGILvl>2500</orgGILvl>
<vis>表示</vis>
<loc>
<gml:Curve gml:id="K21_4697112054_2-g" srsName="fguuid:jgd2011.bl">
<gml:segments>
<gml:LineStringSegment>
<gml:posList>
33.485827194 130.475942917
33.485839028 130.475947472
33.486012917 130.475896056
33.486048833 130.475884417
</gml:posList>
</gml:LineStringSegment>
</gml:segments>
</gml:Curve>
</loc>
<type>索道</type>
</RailCL>
<RailCL gml:id="K21_4697112054_3">
<fid>46971-12054-s-5252</fid>
<lfSpanFr gml:id="K21_4697112054_3-1">
<gml:timePosition>2021-02-26</gml:timePosition>
</lfSpanFr>
<devDate gml:id="K21_4697112054_3-2">
<gml:timePosition>2021-06-03</gml:timePosition>
</devDate>
<orgGILvl>2500</orgGILvl>
<vis>表示</vis>
<loc>
<gml:Curve gml:id="K21_4697112054_3-g" srsName="fguuid:jgd2011.bl">
<gml:segments>
<gml:LineStringSegment>
<gml:posList>
33.485562111 130.475628250
33.485580333 130.475631778
33.485595528 130.475638472
33.485610167 130.475648278
33.485618417 130.475657806
33.485626500 130.475670583
33.485631778 130.475683333
33.485634639 130.475697111
33.485636250 130.475715611
33.485638833 130.475733667
33.485643583 130.475745472
33.485650694 130.475760917
33.485660194 130.475772056
33.485671139 130.475782333
33.485682889 130.475788611
33.485696806 130.475792722
33.485710250 130.475792861
33.485725028 130.475791028
33.485739333 130.475783194
33.485752806 130.475773972
33.485772583 130.475758889
33.485808972 130.475729639
33.485822000 130.475719333
33.485826222 130.475716083
33.485854278 130.475694389
33.485945417 130.475624639
33.485966611 130.475608694
33.485983556 130.475602778
33.485999778 130.475603111
33.486018917 130.475605806
33.486035722 130.475614833
33.486047194 130.475625000
33.486057917 130.475641611
33.486065833 130.475659639
33.486069806 130.475683722
33.486072333 130.475745472
33.486075444 130.475842194
</gml:posList>
</gml:LineStringSegment>
</gml:segments>
</gml:Curve>
</loc>
<type>索道</type>
</RailCL>
</Dataset>
