<?xml version="1.0" encoding="utf-8"?>
<Dataset xsi:schemaLocation="http://fgd.gsi.go.jp/spec/2008/FGD_GMLSchema FGD_GMLSchema.xsd"
	xmlns:gml="http://www.opengis.net/gml/3.2"
	xmlns:xsi="http://www.w3.org/2001/XMLSchema-instance"
	xmlns:xlink="http://www.w3.org/1999/xlink"
	xmlns="http://fgd.gsi.go.jp/spec/2008/FGD_GMLSchema"
	gml:id="Dataset1">
  <gml:description>基盤地図情報メタデータ ID=fmdid:21-0701</gml:description>
  <gml:name>基盤地図情報ダウンロードデータ（GML版）</gml:name>
<AdmPt gml:id="K6_4693512030_1">
<fid>46935-12030-i-57</fid>
<lfSpanFr gml:id="K6_4693512030_1-1">
<gml:timePosition>2014-12-25</gml:timePosition>
</lfSpanFr>
<devDate gml:id="K6_4693512030_1-2">
<gml:timePosition>2021-06-03</gml:timePosition>
</devDate>
<orgGILvl>25000</orgGILvl>
<vis>非表示</vis>
<pos>
<gml:Point gml:id="K6_4693512030_1-g" srsName="fguuid:jgd2011.bl">
<gml:pos>33.423496736 130.376549014</gml:pos>
</gml:Point>
</pos>
<type>郡市・東京都の区</type>
<name>神埼市</name>
<admCode>41210</admCode>
</AdmPt>
<AdmPt gml:id="K6_4693512045_1">
<fid>46935-12045-i-42</fid>
<lfSpanFr gml:id="K6_4693512045_1-1">
<gml:timePosition>2018-08-06</gml:timePosition>
</lfSpanFr>
<devDate gml:id="K6_4693512045_1-2">
<gml:timePosition>2021-06-03</gml:timePosition>
</devDate>
<orgGILvl>25000</orgGILvl>
<vis>非表示</vis>
<pos>
<gml:Point gml:id="K6_4693512045_1-g" srsName="fguuid:jgd2011.bl">
<gml:pos>33.461829205 130.380406758</gml:pos>
</gml:Point>
</pos>
<type>町村・指定都市の区</type>
<name>福岡市早良区</name>
<admCode>40137</admCode>
</AdmPt>
<AdmPt gml:id="K6_4693812030_1">
<fid>46938-12030-i-32</fid>
<lfSpanFr gml:id="K6_4693812030_1-1">
<gml:timePosition>2014-12-25</gml:timePosition>
</lfSpanFr>
<devDate gml:id="K6_4693812030_1-2">
<gml:timePosition>2021-06-03</gml:timePosition>
</devDate>
<orgGILvl>25000</orgGILvl>
<vis>非表示</vis>
<pos>
<gml:Point gml:id="K6_4693812030_1-g" srsName="fguuid:jgd2011.bl">
<gml:pos>33.422453056 130.387994115</gml:pos>
</gml:Point>
</pos>
<type>町村・指定都市の区</type>
<name>吉野ヶ里町</name>
<admCode>41327</admCode>
</AdmPt>
<AdmPt gml:id="K6_4695012045_1">
<fid>46950-12045-i-237</fid>
<lfSpanFr gml:id="K6_4695012045_1-1">
<gml:timePosition>2021-04-02</gml:timePosition>
</lfSpanFr>
<devDate gml:id="K6_4695012045_1-2">
<gml:timePosition>2021-06-03</gml:timePosition>
</devDate>
<orgGILvl>25000</orgGILvl>
<vis>非表示</vis>
<pos>
<gml:Point gml:id="K6_4695012045_1-g" srsName="fguuid:jgd2011.bl">
<gml:pos>33.458457065 130.422734473</gml:pos>
</gml:Point>
</pos>
<type>郡市・東京都の区</type>
<name>那珂川市</name>
<admCode>40231</admCode>
</AdmPt>
<AdmPt gml:id="K6_4695912057_1">
<fid>46959-12057-i-574</fid>
<lfSpanFr gml:id="K6_4695912057_1-1">
<gml:timePosition>2020-10-29</gml:timePosition>
</lfSpanFr>
<devDate gml:id="K6_4695912057_1-2">
<gml:timePosition>2021-06-03</gml:timePosition>
</devDate>
<orgGILvl>25000</orgGILvl>
<vis>非表示</vis>
<pos>
<gml:Point gml:id="K6_4695912057_1-g" srsName="fguuid:jgd2011.bl">
<gml:pos>33.499347063 130.449486697</gml:pos>
</gml:Point>
</pos>
<type>郡市・東京都の区</type>
<name>春日市</name>
<admCode>40218</admCode>
</AdmPt>
<AdmPt gml:id="K6_4696812030_1">
<fid>46968-12030-i-380</fid>
<lfSpanFr gml:id="K6_4696812030_1-1">
<gml:timePosition>2017-03-16</gml:timePosition>
</lfSpanFr>
<devDate gml:id="K6_4696812030_1-2">
<gml:timePosition>2021-06-03</gml:timePosition>
</devDate>
<orgGILvl>25000</orgGILvl>
<vis>非表示</vis>
<pos>
<gml:Point gml:id="K6_4696812030_1-g" srsName="fguuid:jgd2011.bl">
<gml:pos>33.422475278 130.468446439</gml:pos>
</gml:Point>
</pos>
<type>郡市・東京都の区</type>
<name>鳥栖市</name>
<admCode>41203</admCode>
</AdmPt>
<AdmPt gml:id="K6_4696812051_1">
<fid>46968-12051-i-205</fid>
<lfSpanFr gml:id="K6_4696812051_1-1">
<gml:timePosition>2020-10-29</gml:timePosition>
</lfSpanFr>
<devDate gml:id="K6_4696812051_1-2">
<gml:timePosition>2021-06-03</gml:timePosition>
</devDate>
<orgGILvl>25000</orgGILvl>
<vis>非表示</vis>
<pos>
<gml:Point gml:id="K6_4696812051_1-g" srsName="fguuid:jgd2011.bl">
<gml:pos>33.481737756 130.469399724</gml:pos>
</gml:Point>
</pos>
<type>郡市・東京都の区</type>
<name>大野城市</name>
<admCode>40219</admCode>
</AdmPt>
<AdmPt gml:id="K6_4697112045_1">
<fid>46971-12045-i-135</fid>
<lfSpanFr gml:id="K6_4697112045_1-1">
<gml:timePosition>2020-10-29</gml:timePosition>
</lfSpanFr>
<devDate gml:id="K6_4697112045_1-2">
<gml:timePosition>2021-06-03</gml:timePosition>
</devDate>
<orgGILvl>25000</orgGILvl>
<vis>非表示</vis>
<pos>
<gml:Point gml:id="K6_4697112045_1-g" srsName="fguuid:jgd2011.bl">
<gml:pos>33.463759861 130.482245369</gml:pos>
</gml:Point>
</pos>
<type>郡市・東京都の区</type>
<name>筑紫野市</name>
<admCode>40217</admCode>
</AdmPt>
<AdmPt gml:id="K6_4697412033_1">
<fid>46974-12033-i-172</fid>
<lfSpanFr gml:id="K6_4697412033_1-1">
<gml:timePosition>2014-12-25</gml:timePosition>
</lfSpanFr>
<devDate gml:id="K6_4697412033_1-2">
<gml:timePosition>2021-06-03</gml:timePosition>
</devDate>
<orgGILvl>25000</orgGILvl>
<vis>非表示</vis>
<pos>
<gml:Point gml:id="K6_4697412033_1-g" srsName="fguuid:jgd2011.bl">
<gml:pos>33.431315765 130.483627294</gml:pos>
</gml:Point>
</pos>
<type>町村・指定都市の区</type>
<name>基山町</name>
<admCode>41341</admCode>
</AdmPt>
<AdmPt gml:id="K6_4697412054_1">
<fid>46974-12054-i-618</fid>
<lfSpanFr gml:id="K6_4697412054_1-1">
<gml:timePosition>2020-10-29</gml:timePosition>
</lfSpanFr>
<devDate gml:id="K6_4697412054_1-2">
<gml:timePosition>2021-06-03</gml:timePosition>
</devDate>
<orgGILvl>25000</orgGILvl>
<vis>非表示</vis>
<pos>
<gml:Point gml:id="K6_4697412054_1-g" srsName="fguuid:jgd2011.bl">
<gml:pos>33.485428559 130.490101644</gml:pos>
</gml:Point>
</pos>
<type>郡市・東京都の区</type>
<name>太宰府市</name>
<admCode>40221</admCode>
</AdmPt>
</Dataset>
